outer_fold,role,record_id,sequence_group,assay_id
0,train,cmAPP:1585,17103b04fab21cdc,US20220002724A1|Table17|Be(2)C cell line|10.0nM|24h
0,train,cmAPP:1588,17103b04fab21cdc,US20220002724A1|Table17|Be(2)C cell line|10.0nM|24h
0,train,cmAPP:1590,151435cc8a45853a,US20220002724A1|Table17|Be(2)C cell line|10.0nM|24h
0,train,cmAPP:1591,1212da56aac7a198,US20220002724A1|Table17|Be(2)C cell line|10.0nM|24h
0,train,cmAPP:1593,151435cc8a45853a,US20220002724A1|Table17|Be(2)C cell line|10.0nM|24h
0,train,cmAPP:1595,2c34ab854a6ad95b,US20220002724A1|Table17|Be(2)C cell line|10.0nM|24h
0,train,cmAPP:1596,2c34ab854a6ad95b,US20220002724A1|Table17|Be(2)C cell line|10.0nM|24h
0,train,cmAPP:1597,9fea29da568e9bc1,US20220002724A1|Table17|Be(2)C cell line|10.0nM|24h
0,train,cmAPP:1601,1212da56aac7a198,US20220002724A1|Table17|Be(2)C cell line|10.0nM|24h
0,train,cmAPP:1607,2c34ab854a6ad95b,US20220002724A1|Table17|Be(2)C cell line|10.0nM|24h
0,train,cmAPP:1611,28639edc531a2e1a,US20220002724A1|Table17|Be(2)C cell line|10.0nM|24h
0,train,cmAPP:1612,2c34ab854a6ad95b,US20220002724A1|Table17|Be(2)C cell line|10.0nM|24h
0,train,cmAPP:1615,28639edc531a2e1a,US20220002724A1|Table17|Be(2)C cell line|10.0nM|24h
0,train,cmAPP:1617,8a110cbb1ec4bb37,US20220002724A1|Table17|Be(2)C cell line|10.0nM|24h
0,train,cmAPP:1624,28639edc531a2e1a,US20220002724A1|Table17|Be(2)C cell line|10.0nM|24h
0,train,cmAPP:1625,28639edc531a2e1a,US20220002724A1|Table17|Be(2)C cell line|10.0nM|24h
0,train,cmAPP:1626,28639edc531a2e1a,US20220002724A1|Table17|Be(2)C cell line|10.0nM|24h
0,train,cmAPP:1627,2c34ab854a6ad95b,US20220002724A1|Table17|Be(2)C cell line|10.0nM|24h
0,train,cmAPP:1630,17103b04fab21cdc,US20220002724A1|Table17|Be(2)C cell line|10.0nM|24h
0,train,cmAPP:1633,17103b04fab21cdc,US20220002724A1|Table17|Be(2)C cell line|10.0nM|24h
0,train,cmAPP:1635,151435cc8a45853a,US20220002724A1|Table17|Be(2)C cell line|10.0nM|24h
0,train,cmAPP:1636,1212da56aac7a198,US20220002724A1|Table17|Be(2)C cell line|10.0nM|24h
0,train,cmAPP:1638,151435cc8a45853a,US20220002724A1|Table17|Be(2)C cell line|10.0nM|24h
0,train,cmAPP:1640,9fea29da568e9bc1,US20220002724A1|Table17|Be(2)C cell line|10.0nM|24h
0,train,cmAPP:1641,2c34ab854a6ad95b,US20220002724A1|Table17|Be(2)C cell line|10.0nM|24h
0,train,cmAPP:1642,2c34ab854a6ad95b,US20220002724A1|Table17|Be(2)C cell line|10.0nM|24h
0,train,cmAPP:1646,1212da56aac7a198,US20220002724A1|Table17|Be(2)C cell line|10.0nM|24h
0,train,cmAPP:1652,2c34ab854a6ad95b,US20220002724A1|Table17|Be(2)C cell line|10.0nM|24h
0,train,cmAPP:1656,28639edc531a2e1a,US20220002724A1|Table17|Be(2)C cell line|10.0nM|24h
0,train,cmAPP:1657,2c34ab854a6ad95b,US20220002724A1|Table17|Be(2)C cell line|10.0nM|24h
0,train,cmAPP:1664,28639edc531a2e1a,US20220002724A1|Table17|Be(2)C cell line|10.0nM|24h
0,train,cmAPP:1666,8a110cbb1ec4bb37,US20220002724A1|Table17|Be(2)C cell line|10.0nM|24h
0,train,cmAPP:1669,28639edc531a2e1a,US20220002724A1|Table17|Be(2)C cell line|10.0nM|24h
0,train,cmAPP:1670,28639edc531a2e1a,US20220002724A1|Table17|Be(2)C cell line|10.0nM|24h
0,train,cmAPP:1671,28639edc531a2e1a,US20220002724A1|Table17|Be(2)C cell line|10.0nM|24h
0,train,cmAPP:1672,2c34ab854a6ad95b,US20220002724A1|Table17|Be(2)C cell line|10.0nM|24h
0,train,cmAPP:1675,17103b04fab21cdc,US20220002724A1|Table17|Be(2)C cell line|1.0nM|24h
0,train,cmAPP:1678,17103b04fab21cdc,US20220002724A1|Table17|Be(2)C cell line|1.0nM|24h
0,train,cmAPP:1680,151435cc8a45853a,US20220002724A1|Table17|Be(2)C cell line|1.0nM|24h
0,train,cmAPP:1681,1212da56aac7a198,US20220002724A1|Table17|Be(2)C cell line|1.0nM|24h
0,train,cmAPP:1683,151435cc8a45853a,US20220002724A1|Table17|Be(2)C cell line|1.0nM|24h
0,train,cmAPP:1685,2c34ab854a6ad95b,US20220002724A1|Table17|Be(2)C cell line|1.0nM|24h
0,train,cmAPP:1686,2c34ab854a6ad95b,US20220002724A1|Table17|Be(2)C cell line|1.0nM|24h
0,train,cmAPP:1687,9fea29da568e9bc1,US20220002724A1|Table17|Be(2)C cell line|1.0nM|24h
0,train,cmAPP:1691,1212da56aac7a198,US20220002724A1|Table17|Be(2)C cell line|1.0nM|24h
0,train,cmAPP:1697,2c34ab854a6ad95b,US20220002724A1|Table17|Be(2)C cell line|1.0nM|24h
0,train,cmAPP:1701,28639edc531a2e1a,US20220002724A1|Table17|Be(2)C cell line|1.0nM|24h
0,train,cmAPP:1702,2c34ab854a6ad95b,US20220002724A1|Table17|Be(2)C cell line|1.0nM|24h
0,train,cmAPP:1705,28639edc531a2e1a,US20220002724A1|Table17|Be(2)C cell line|1.0nM|24h
0,train,cmAPP:1707,8a110cbb1ec4bb37,US20220002724A1|Table17|Be(2)C cell line|1.0nM|24h
0,train,cmAPP:1714,28639edc531a2e1a,US20220002724A1|Table17|Be(2)C cell line|1.0nM|24h
0,train,cmAPP:1715,28639edc531a2e1a,US20220002724A1|Table17|Be(2)C cell line|1.0nM|24h
0,train,cmAPP:1716,28639edc531a2e1a,US20220002724A1|Table17|Be(2)C cell line|1.0nM|24h
0,train,cmAPP:1717,2c34ab854a6ad95b,US20220002724A1|Table17|Be(2)C cell line|1.0nM|24h
0,train,cmAPP:1720,17103b04fab21cdc,US20220002724A1|Table17|Be(2)C cell line|1.0nM|24h
0,train,cmAPP:1723,17103b04fab21cdc,US20220002724A1|Table17|Be(2)C cell line|1.0nM|24h
0,train,cmAPP:1725,151435cc8a45853a,US20220002724A1|Table17|Be(2)C cell line|1.0nM|24h
0,train,cmAPP:1726,1212da56aac7a198,US20220002724A1|Table17|Be(2)C cell line|1.0nM|24h
0,train,cmAPP:1728,151435cc8a45853a,US20220002724A1|Table17|Be(2)C cell line|1.0nM|24h
0,train,cmAPP:1730,9fea29da568e9bc1,US20220002724A1|Table17|Be(2)C cell line|1.0nM|24h
0,train,cmAPP:1731,2c34ab854a6ad95b,US20220002724A1|Table17|Be(2)C cell line|1.0nM|24h
0,train,cmAPP:1732,2c34ab854a6ad95b,US20220002724A1|Table17|Be(2)C cell line|1.0nM|24h
0,train,cmAPP:1736,1212da56aac7a198,US20220002724A1|Table17|Be(2)C cell line|1.0nM|24h
0,train,cmAPP:1742,2c34ab854a6ad95b,US20220002724A1|Table17|Be(2)C cell line|1.0nM|24h
0,train,cmAPP:1746,28639edc531a2e1a,US20220002724A1|Table17|Be(2)C cell line|1.0nM|24h
0,train,cmAPP:1747,2c34ab854a6ad95b,US20220002724A1|Table17|Be(2)C cell line|1.0nM|24h
0,train,cmAPP:1754,28639edc531a2e1a,US20220002724A1|Table17|Be(2)C cell line|1.0nM|24h
0,train,cmAPP:1756,8a110cbb1ec4bb37,US20220002724A1|Table17|Be(2)C cell line|1.0nM|24h
0,train,cmAPP:1759,28639edc531a2e1a,US20220002724A1|Table17|Be(2)C cell line|1.0nM|24h
0,train,cmAPP:1760,28639edc531a2e1a,US20220002724A1|Table17|Be(2)C cell line|1.0nM|24h
0,train,cmAPP:1761,28639edc531a2e1a,US20220002724A1|Table17|Be(2)C cell line|1.0nM|24h
0,train,cmAPP:1762,2c34ab854a6ad95b,US20220002724A1|Table17|Be(2)C cell line|1.0nM|24h
0,train,cmAPP:1765,17103b04fab21cdc,US20220002724A1|Table17|Be(2)C cell line|0.1nM|24h
0,train,cmAPP:1768,17103b04fab21cdc,US20220002724A1|Table17|Be(2)C cell line|0.1nM|24h
0,train,cmAPP:1770,151435cc8a45853a,US20220002724A1|Table17|Be(2)C cell line|0.1nM|24h
0,train,cmAPP:1771,1212da56aac7a198,US20220002724A1|Table17|Be(2)C cell line|0.1nM|24h
0,train,cmAPP:1773,151435cc8a45853a,US20220002724A1|Table17|Be(2)C cell line|0.1nM|24h
0,train,cmAPP:1775,2c34ab854a6ad95b,US20220002724A1|Table17|Be(2)C cell line|0.1nM|24h
0,train,cmAPP:1776,2c34ab854a6ad95b,US20220002724A1|Table17|Be(2)C cell line|0.1nM|24h
0,train,cmAPP:1777,9fea29da568e9bc1,US20220002724A1|Table17|Be(2)C cell line|0.1nM|24h
0,train,cmAPP:1781,1212da56aac7a198,US20220002724A1|Table17|Be(2)C cell line|0.1nM|24h
0,train,cmAPP:1787,2c34ab854a6ad95b,US20220002724A1|Table17|Be(2)C cell line|0.1nM|24h
0,train,cmAPP:1791,28639edc531a2e1a,US20220002724A1|Table17|Be(2)C cell line|0.1nM|24h
0,train,cmAPP:1792,2c34ab854a6ad95b,US20220002724A1|Table17|Be(2)C cell line|0.1nM|24h
0,train,cmAPP:1795,28639edc531a2e1a,US20220002724A1|Table17|Be(2)C cell line|0.1nM|24h
0,train,cmAPP:1797,8a110cbb1ec4bb37,US20220002724A1|Table17|Be(2)C cell line|0.1nM|24h
0,train,cmAPP:1804,28639edc531a2e1a,US20220002724A1|Table17|Be(2)C cell line|0.1nM|24h
0,train,cmAPP:1805,28639edc531a2e1a,US20220002724A1|Table17|Be(2)C cell line|0.1nM|24h
0,train,cmAPP:1806,28639edc531a2e1a,US20220002724A1|Table17|Be(2)C cell line|0.1nM|24h
0,train,cmAPP:1807,2c34ab854a6ad95b,US20220002724A1|Table17|Be(2)C cell line|0.1nM|24h
0,train,cmAPP:1810,17103b04fab21cdc,US20220002724A1|Table17|Be(2)C cell line|0.1nM|24h
0,train,cmAPP:1813,17103b04fab21cdc,US20220002724A1|Table17|Be(2)C cell line|0.1nM|24h
0,train,cmAPP:1815,151435cc8a45853a,US20220002724A1|Table17|Be(2)C cell line|0.1nM|24h
0,train,cmAPP:1816,1212da56aac7a198,US20220002724A1|Table17|Be(2)C cell line|0.1nM|24h
0,train,cmAPP:1818,151435cc8a45853a,US20220002724A1|Table17|Be(2)C cell line|0.1nM|24h
0,train,cmAPP:1820,9fea29da568e9bc1,US20220002724A1|Table17|Be(2)C cell line|0.1nM|24h
0,train,cmAPP:1821,2c34ab854a6ad95b,US20220002724A1|Table17|Be(2)C cell line|0.1nM|24h
0,train,cmAPP:1822,2c34ab854a6ad95b,US20220002724A1|Table17|Be(2)C cell line|0.1nM|24h
0,train,cmAPP:1826,1212da56aac7a198,US20220002724A1|Table17|Be(2)C cell line|0.1nM|24h
0,train,cmAPP:1832,2c34ab854a6ad95b,US20220002724A1|Table17|Be(2)C cell line|0.1nM|24h
0,train,cmAPP:1836,28639edc531a2e1a,US20220002724A1|Table17|Be(2)C cell line|0.1nM|24h
0,train,cmAPP:1837,2c34ab854a6ad95b,US20220002724A1|Table17|Be(2)C cell line|0.1nM|24h
0,train,cmAPP:1844,28639edc531a2e1a,US20220002724A1|Table17|Be(2)C cell line|0.1nM|24h
0,train,cmAPP:1846,8a110cbb1ec4bb37,US20220002724A1|Table17|Be(2)C cell line|0.1nM|24h
0,train,cmAPP:1849,28639edc531a2e1a,US20220002724A1|Table17|Be(2)C cell line|0.1nM|24h
0,train,cmAPP:1850,28639edc531a2e1a,US20220002724A1|Table17|Be(2)C cell line|0.1nM|24h
0,train,cmAPP:1851,28639edc531a2e1a,US20220002724A1|Table17|Be(2)C cell line|0.1nM|24h
0,train,cmAPP:1852,2c34ab854a6ad95b,US20220002724A1|Table17|Be(2)C cell line|0.1nM|24h
0,train,cmAPP:1855,17103b04fab21cdc,US20220002724A1|Table18|Neuro2A cell line|10.0nM|24h
0,train,cmAPP:1858,17103b04fab21cdc,US20220002724A1|Table18|Neuro2A cell line|10.0nM|24h
0,train,cmAPP:1860,151435cc8a45853a,US20220002724A1|Table18|Neuro2A cell line|10.0nM|24h
0,train,cmAPP:1861,1212da56aac7a198,US20220002724A1|Table18|Neuro2A cell line|10.0nM|24h
0,train,cmAPP:1863,151435cc8a45853a,US20220002724A1|Table18|Neuro2A cell line|10.0nM|24h
0,train,cmAPP:1865,2c34ab854a6ad95b,US20220002724A1|Table18|Neuro2A cell line|10.0nM|24h
0,train,cmAPP:1866,2c34ab854a6ad95b,US20220002724A1|Table18|Neuro2A cell line|10.0nM|24h
0,train,cmAPP:1867,9fea29da568e9bc1,US20220002724A1|Table18|Neuro2A cell line|10.0nM|24h
0,train,cmAPP:1871,1212da56aac7a198,US20220002724A1|Table18|Neuro2A cell line|10.0nM|24h
0,train,cmAPP:1877,2c34ab854a6ad95b,US20220002724A1|Table18|Neuro2A cell line|10.0nM|24h
0,train,cmAPP:1881,28639edc531a2e1a,US20220002724A1|Table18|Neuro2A cell line|10.0nM|24h
0,train,cmAPP:1882,2c34ab854a6ad95b,US20220002724A1|Table18|Neuro2A cell line|10.0nM|24h
0,train,cmAPP:1885,28639edc531a2e1a,US20220002724A1|Table18|Neuro2A cell line|10.0nM|24h
0,train,cmAPP:1887,8a110cbb1ec4bb37,US20220002724A1|Table18|Neuro2A cell line|10.0nM|24h
0,train,cmAPP:1894,28639edc531a2e1a,US20220002724A1|Table18|Neuro2A cell line|10.0nM|24h
0,train,cmAPP:1895,28639edc531a2e1a,US20220002724A1|Table18|Neuro2A cell line|10.0nM|24h
0,train,cmAPP:1896,28639edc531a2e1a,US20220002724A1|Table18|Neuro2A cell line|10.0nM|24h
0,train,cmAPP:1897,2c34ab854a6ad95b,US20220002724A1|Table18|Neuro2A cell line|10.0nM|24h
0,train,cmAPP:1900,17103b04fab21cdc,US20220002724A1|Table18|Neuro2A cell line|10.0nM|24h
0,train,cmAPP:1903,17103b04fab21cdc,US20220002724A1|Table18|Neuro2A cell line|10.0nM|24h
0,train,cmAPP:1905,151435cc8a45853a,US20220002724A1|Table18|Neuro2A cell line|10.0nM|24h
0,train,cmAPP:1906,1212da56aac7a198,US20220002724A1|Table18|Neuro2A cell line|10.0nM|24h
0,train,cmAPP:1908,151435cc8a45853a,US20220002724A1|Table18|Neuro2A cell line|10.0nM|24h
0,train,cmAPP:1910,9fea29da568e9bc1,US20220002724A1|Table18|Neuro2A cell line|10.0nM|24h
0,train,cmAPP:1911,2c34ab854a6ad95b,US20220002724A1|Table18|Neuro2A cell line|10.0nM|24h
0,train,cmAPP:1912,2c34ab854a6ad95b,US20220002724A1|Table18|Neuro2A cell line|10.0nM|24h
0,train,cmAPP:1916,1212da56aac7a198,US20220002724A1|Table18|Neuro2A cell line|10.0nM|24h
0,train,cmAPP:1922,2c34ab854a6ad95b,US20220002724A1|Table18|Neuro2A cell line|10.0nM|24h
0,train,cmAPP:1926,28639edc531a2e1a,US20220002724A1|Table18|Neuro2A cell line|10.0nM|24h
0,train,cmAPP:1927,2c34ab854a6ad95b,US20220002724A1|Table18|Neuro2A cell line|10.0nM|24h
0,train,cmAPP:1934,28639edc531a2e1a,US20220002724A1|Table18|Neuro2A cell line|10.0nM|24h
0,train,cmAPP:1936,8a110cbb1ec4bb37,US20220002724A1|Table18|Neuro2A cell line|10.0nM|24h
0,train,cmAPP:1939,28639edc531a2e1a,US20220002724A1|Table18|Neuro2A cell line|10.0nM|24h
0,train,cmAPP:1940,28639edc531a2e1a,US20220002724A1|Table18|Neuro2A cell line|10.0nM|24h
0,train,cmAPP:1941,28639edc531a2e1a,US20220002724A1|Table18|Neuro2A cell line|10.0nM|24h
0,train,cmAPP:1942,2c34ab854a6ad95b,US20220002724A1|Table18|Neuro2A cell line|10.0nM|24h
0,train,cmAPP:1945,17103b04fab21cdc,US20220002724A1|Table18|Neuro2A cell line|1.0nM|24h
0,train,cmAPP:1948,17103b04fab21cdc,US20220002724A1|Table18|Neuro2A cell line|1.0nM|24h
0,train,cmAPP:1950,151435cc8a45853a,US20220002724A1|Table18|Neuro2A cell line|1.0nM|24h
0,train,cmAPP:1951,1212da56aac7a198,US20220002724A1|Table18|Neuro2A cell line|1.0nM|24h
0,train,cmAPP:1953,151435cc8a45853a,US20220002724A1|Table18|Neuro2A cell line|1.0nM|24h
0,train,cmAPP:1955,2c34ab854a6ad95b,US20220002724A1|Table18|Neuro2A cell line|1.0nM|24h
0,train,cmAPP:1956,2c34ab854a6ad95b,US20220002724A1|Table18|Neuro2A cell line|1.0nM|24h
0,train,cmAPP:1957,9fea29da568e9bc1,US20220002724A1|Table18|Neuro2A cell line|1.0nM|24h
0,train,cmAPP:1961,1212da56aac7a198,US20220002724A1|Table18|Neuro2A cell line|1.0nM|24h
0,train,cmAPP:1967,2c34ab854a6ad95b,US20220002724A1|Table18|Neuro2A cell line|1.0nM|24h
0,train,cmAPP:1971,28639edc531a2e1a,US20220002724A1|Table18|Neuro2A cell line|1.0nM|24h
0,train,cmAPP:1972,2c34ab854a6ad95b,US20220002724A1|Table18|Neuro2A cell line|1.0nM|24h
0,train,cmAPP:1975,28639edc531a2e1a,US20220002724A1|Table18|Neuro2A cell line|1.0nM|24h
0,train,cmAPP:1977,8a110cbb1ec4bb37,US20220002724A1|Table18|Neuro2A cell line|1.0nM|24h
0,train,cmAPP:1984,28639edc531a2e1a,US20220002724A1|Table18|Neuro2A cell line|1.0nM|24h
0,train,cmAPP:1985,28639edc531a2e1a,US20220002724A1|Table18|Neuro2A cell line|1.0nM|24h
0,train,cmAPP:1986,28639edc531a2e1a,US20220002724A1|Table18|Neuro2A cell line|1.0nM|24h
0,train,cmAPP:1987,2c34ab854a6ad95b,US20220002724A1|Table18|Neuro2A cell line|1.0nM|24h
0,train,cmAPP:1990,17103b04fab21cdc,US20220002724A1|Table18|Neuro2A cell line|1.0nM|24h
0,train,cmAPP:1993,17103b04fab21cdc,US20220002724A1|Table18|Neuro2A cell line|1.0nM|24h
0,train,cmAPP:1995,151435cc8a45853a,US20220002724A1|Table18|Neuro2A cell line|1.0nM|24h
0,train,cmAPP:1996,1212da56aac7a198,US20220002724A1|Table18|Neuro2A cell line|1.0nM|24h
0,train,cmAPP:1998,151435cc8a45853a,US20220002724A1|Table18|Neuro2A cell line|1.0nM|24h
0,train,cmAPP:2000,9fea29da568e9bc1,US20220002724A1|Table18|Neuro2A cell line|1.0nM|24h
0,train,cmAPP:2001,2c34ab854a6ad95b,US20220002724A1|Table18|Neuro2A cell line|1.0nM|24h
0,train,cmAPP:2002,2c34ab854a6ad95b,US20220002724A1|Table18|Neuro2A cell line|1.0nM|24h
0,train,cmAPP:2006,1212da56aac7a198,US20220002724A1|Table18|Neuro2A cell line|1.0nM|24h
0,train,cmAPP:2012,2c34ab854a6ad95b,US20220002724A1|Table18|Neuro2A cell line|1.0nM|24h
0,train,cmAPP:2016,28639edc531a2e1a,US20220002724A1|Table18|Neuro2A cell line|1.0nM|24h
0,train,cmAPP:2017,2c34ab854a6ad95b,US20220002724A1|Table18|Neuro2A cell line|1.0nM|24h
0,train,cmAPP:2024,28639edc531a2e1a,US20220002724A1|Table18|Neuro2A cell line|1.0nM|24h
0,train,cmAPP:2026,8a110cbb1ec4bb37,US20220002724A1|Table18|Neuro2A cell line|1.0nM|24h
0,train,cmAPP:2029,28639edc531a2e1a,US20220002724A1|Table18|Neuro2A cell line|1.0nM|24h
0,train,cmAPP:2030,28639edc531a2e1a,US20220002724A1|Table18|Neuro2A cell line|1.0nM|24h
0,train,cmAPP:2031,28639edc531a2e1a,US20220002724A1|Table18|Neuro2A cell line|1.0nM|24h
0,train,cmAPP:2032,2c34ab854a6ad95b,US20220002724A1|Table18|Neuro2A cell line|1.0nM|24h
0,train,cmAPP:2035,17103b04fab21cdc,US20220002724A1|Table18|Neuro2A cell line|0.1nM|24h
0,train,cmAPP:2038,17103b04fab21cdc,US20220002724A1|Table18|Neuro2A cell line|0.1nM|24h
0,train,cmAPP:2040,151435cc8a45853a,US20220002724A1|Table18|Neuro2A cell line|0.1nM|24h
0,train,cmAPP:2041,1212da56aac7a198,US20220002724A1|Table18|Neuro2A cell line|0.1nM|24h
0,train,cmAPP:2043,151435cc8a45853a,US20220002724A1|Table18|Neuro2A cell line|0.1nM|24h
0,train,cmAPP:2045,2c34ab854a6ad95b,US20220002724A1|Table18|Neuro2A cell line|0.1nM|24h
0,train,cmAPP:2046,2c34ab854a6ad95b,US20220002724A1|Table18|Neuro2A cell line|0.1nM|24h
0,train,cmAPP:2047,9fea29da568e9bc1,US20220002724A1|Table18|Neuro2A cell line|0.1nM|24h
0,train,cmAPP:2051,1212da56aac7a198,US20220002724A1|Table18|Neuro2A cell line|0.1nM|24h
0,train,cmAPP:2057,2c34ab854a6ad95b,US20220002724A1|Table18|Neuro2A cell line|0.1nM|24h
0,train,cmAPP:2061,28639edc531a2e1a,US20220002724A1|Table18|Neuro2A cell line|0.1nM|24h
0,train,cmAPP:2062,2c34ab854a6ad95b,US20220002724A1|Table18|Neuro2A cell line|0.1nM|24h
0,train,cmAPP:2065,28639edc531a2e1a,US20220002724A1|Table18|Neuro2A cell line|0.1nM|24h
0,train,cmAPP:2067,8a110cbb1ec4bb37,US20220002724A1|Table18|Neuro2A cell line|0.1nM|24h
0,train,cmAPP:2074,28639edc531a2e1a,US20220002724A1|Table18|Neuro2A cell line|0.1nM|24h
0,train,cmAPP:2075,28639edc531a2e1a,US20220002724A1|Table18|Neuro2A cell line|0.1nM|24h
0,train,cmAPP:2076,28639edc531a2e1a,US20220002724A1|Table18|Neuro2A cell line|0.1nM|24h
0,train,cmAPP:2077,2c34ab854a6ad95b,US20220002724A1|Table18|Neuro2A cell line|0.1nM|24h
0,train,cmAPP:2080,17103b04fab21cdc,US20220002724A1|Table18|Neuro2A cell line|0.1nM|24h
0,train,cmAPP:2083,17103b04fab21cdc,US20220002724A1|Table18|Neuro2A cell line|0.1nM|24h
0,train,cmAPP:2085,151435cc8a45853a,US20220002724A1|Table18|Neuro2A cell line|0.1nM|24h
0,train,cmAPP:2086,1212da56aac7a198,US20220002724A1|Table18|Neuro2A cell line|0.1nM|24h
0,train,cmAPP:2088,151435cc8a45853a,US20220002724A1|Table18|Neuro2A cell line|0.1nM|24h
0,train,cmAPP:2090,9fea29da568e9bc1,US20220002724A1|Table18|Neuro2A cell line|0.1nM|24h
0,train,cmAPP:2091,2c34ab854a6ad95b,US20220002724A1|Table18|Neuro2A cell line|0.1nM|24h
0,train,cmAPP:2092,2c34ab854a6ad95b,US20220002724A1|Table18|Neuro2A cell line|0.1nM|24h
0,train,cmAPP:2096,1212da56aac7a198,US20220002724A1|Table18|Neuro2A cell line|0.1nM|24h
0,train,cmAPP:2102,2c34ab854a6ad95b,US20220002724A1|Table18|Neuro2A cell line|0.1nM|24h
0,train,cmAPP:2106,28639edc531a2e1a,US20220002724A1|Table18|Neuro2A cell line|0.1nM|24h
0,train,cmAPP:2107,2c34ab854a6ad95b,US20220002724A1|Table18|Neuro2A cell line|0.1nM|24h
0,train,cmAPP:2114,28639edc531a2e1a,US20220002724A1|Table18|Neuro2A cell line|0.1nM|24h
0,train,cmAPP:2116,8a110cbb1ec4bb37,US20220002724A1|Table18|Neuro2A cell line|0.1nM|24h
0,train,cmAPP:2119,28639edc531a2e1a,US20220002724A1|Table18|Neuro2A cell line|0.1nM|24h
0,train,cmAPP:2120,28639edc531a2e1a,US20220002724A1|Table18|Neuro2A cell line|0.1nM|24h
0,train,cmAPP:2121,28639edc531a2e1a,US20220002724A1|Table18|Neuro2A cell line|0.1nM|24h
0,train,cmAPP:2122,2c34ab854a6ad95b,US20220002724A1|Table18|Neuro2A cell line|0.1nM|24h
0,validation,cmAPP:1604,9620aee947fd49ea,US20220002724A1|Table17|Be(2)C cell line|10.0nM|24h
0,validation,cmAPP:1620,5848c205ff64ecf8,US20220002724A1|Table17|Be(2)C cell line|10.0nM|24h
0,validation,cmAPP:1621,5848c205ff64ecf8,US20220002724A1|Table17|Be(2)C cell line|10.0nM|24h
0,validation,cmAPP:1628,5848c205ff64ecf8,US20220002724A1|Table17|Be(2)C cell line|10.0nM|24h
0,validation,cmAPP:1649,9620aee947fd49ea,US20220002724A1|Table17|Be(2)C cell line|10.0nM|24h
0,validation,cmAPP:1661,5848c205ff64ecf8,US20220002724A1|Table17|Be(2)C cell line|10.0nM|24h
0,validation,cmAPP:1662,5848c205ff64ecf8,US20220002724A1|Table17|Be(2)C cell line|10.0nM|24h
0,validation,cmAPP:1673,5848c205ff64ecf8,US20220002724A1|Table17|Be(2)C cell line|10.0nM|24h
0,validation,cmAPP:1694,9620aee947fd49ea,US20220002724A1|Table17|Be(2)C cell line|1.0nM|24h
0,validation,cmAPP:1710,5848c205ff64ecf8,US20220002724A1|Table17|Be(2)C cell line|1.0nM|24h
0,validation,cmAPP:1711,5848c205ff64ecf8,US20220002724A1|Table17|Be(2)C cell line|1.0nM|24h
0,validation,cmAPP:1718,5848c205ff64ecf8,US20220002724A1|Table17|Be(2)C cell line|1.0nM|24h
0,validation,cmAPP:1739,9620aee947fd49ea,US20220002724A1|Table17|Be(2)C cell line|1.0nM|24h
0,validation,cmAPP:1751,5848c205ff64ecf8,US20220002724A1|Table17|Be(2)C cell line|1.0nM|24h
0,validation,cmAPP:1752,5848c205ff64ecf8,US20220002724A1|Table17|Be(2)C cell line|1.0nM|24h
0,validation,cmAPP:1763,5848c205ff64ecf8,US20220002724A1|Table17|Be(2)C cell line|1.0nM|24h
0,validation,cmAPP:1784,9620aee947fd49ea,US20220002724A1|Table17|Be(2)C cell line|0.1nM|24h
0,validation,cmAPP:1800,5848c205ff64ecf8,US20220002724A1|Table17|Be(2)C cell line|0.1nM|24h
0,validation,cmAPP:1801,5848c205ff64ecf8,US20220002724A1|Table17|Be(2)C cell line|0.1nM|24h
0,validation,cmAPP:1808,5848c205ff64ecf8,US20220002724A1|Table17|Be(2)C cell line|0.1nM|24h
0,validation,cmAPP:1829,9620aee947fd49ea,US20220002724A1|Table17|Be(2)C cell line|0.1nM|24h
0,validation,cmAPP:1841,5848c205ff64ecf8,US20220002724A1|Table17|Be(2)C cell line|0.1nM|24h
0,validation,cmAPP:1842,5848c205ff64ecf8,US20220002724A1|Table17|Be(2)C cell line|0.1nM|24h
0,validation,cmAPP:1853,5848c205ff64ecf8,US20220002724A1|Table17|Be(2)C cell line|0.1nM|24h
0,validation,cmAPP:1874,9620aee947fd49ea,US20220002724A1|Table18|Neuro2A cell line|10.0nM|24h
0,validation,cmAPP:1890,5848c205ff64ecf8,US20220002724A1|Table18|Neuro2A cell line|10.0nM|24h
0,validation,cmAPP:1891,5848c205ff64ecf8,US20220002724A1|Table18|Neuro2A cell line|10.0nM|24h
0,validation,cmAPP:1898,5848c205ff64ecf8,US20220002724A1|Table18|Neuro2A cell line|10.0nM|24h
0,validation,cmAPP:1919,9620aee947fd49ea,US20220002724A1|Table18|Neuro2A cell line|10.0nM|24h
0,validation,cmAPP:1931,5848c205ff64ecf8,US20220002724A1|Table18|Neuro2A cell line|10.0nM|24h
0,validation,cmAPP:1932,5848c205ff64ecf8,US20220002724A1|Table18|Neuro2A cell line|10.0nM|24h
0,validation,cmAPP:1943,5848c205ff64ecf8,US20220002724A1|Table18|Neuro2A cell line|10.0nM|24h
0,validation,cmAPP:1964,9620aee947fd49ea,US20220002724A1|Table18|Neuro2A cell line|1.0nM|24h
0,validation,cmAPP:1980,5848c205ff64ecf8,US20220002724A1|Table18|Neuro2A cell line|1.0nM|24h
0,validation,cmAPP:1981,5848c205ff64ecf8,US20220002724A1|Table18|Neuro2A cell line|1.0nM|24h
0,validation,cmAPP:1988,5848c205ff64ecf8,US20220002724A1|Table18|Neuro2A cell line|1.0nM|24h
0,validation,cmAPP:2009,9620aee947fd49ea,US20220002724A1|Table18|Neuro2A cell line|1.0nM|24h
0,validation,cmAPP:2021,5848c205ff64ecf8,US20220002724A1|Table18|Neuro2A cell line|1.0nM|24h
0,validation,cmAPP:2022,5848c205ff64ecf8,US20220002724A1|Table18|Neuro2A cell line|1.0nM|24h
0,validation,cmAPP:2033,5848c205ff64ecf8,US20220002724A1|Table18|Neuro2A cell line|1.0nM|24h
0,validation,cmAPP:2054,9620aee947fd49ea,US20220002724A1|Table18|Neuro2A cell line|0.1nM|24h
0,validation,cmAPP:2070,5848c205ff64ecf8,US20220002724A1|Table18|Neuro2A cell line|0.1nM|24h
0,validation,cmAPP:2071,5848c205ff64ecf8,US20220002724A1|Table18|Neuro2A cell line|0.1nM|24h
0,validation,cmAPP:2078,5848c205ff64ecf8,US20220002724A1|Table18|Neuro2A cell line|0.1nM|24h
0,validation,cmAPP:2099,9620aee947fd49ea,US20220002724A1|Table18|Neuro2A cell line|0.1nM|24h
0,validation,cmAPP:2111,5848c205ff64ecf8,US20220002724A1|Table18|Neuro2A cell line|0.1nM|24h
0,validation,cmAPP:2112,5848c205ff64ecf8,US20220002724A1|Table18|Neuro2A cell line|0.1nM|24h
0,validation,cmAPP:2123,5848c205ff64ecf8,US20220002724A1|Table18|Neuro2A cell line|0.1nM|24h
0,test,cmAPP:1598,1c10d86ec1a802f4,US20220002724A1|Table17|Be(2)C cell line|10.0nM|24h
0,test,cmAPP:1619,1c10d86ec1a802f4,US20220002724A1|Table17|Be(2)C cell line|10.0nM|24h
0,test,cmAPP:1622,72478f51d38ee208,US20220002724A1|Table17|Be(2)C cell line|10.0nM|24h
0,test,cmAPP:1623,10c405d304cc4e37,US20220002724A1|Table17|Be(2)C cell line|10.0nM|24h
0,test,cmAPP:1643,1c10d86ec1a802f4,US20220002724A1|Table17|Be(2)C cell line|10.0nM|24h
0,test,cmAPP:1660,1c10d86ec1a802f4,US20220002724A1|Table17|Be(2)C cell line|10.0nM|24h
0,test,cmAPP:1667,72478f51d38ee208,US20220002724A1|Table17|Be(2)C cell line|10.0nM|24h
0,test,cmAPP:1668,10c405d304cc4e37,US20220002724A1|Table17|Be(2)C cell line|10.0nM|24h
0,test,cmAPP:1688,1c10d86ec1a802f4,US20220002724A1|Table17|Be(2)C cell line|1.0nM|24h
0,test,cmAPP:1709,1c10d86ec1a802f4,US20220002724A1|Table17|Be(2)C cell line|1.0nM|24h
0,test,cmAPP:1712,72478f51d38ee208,US20220002724A1|Table17|Be(2)C cell line|1.0nM|24h
0,test,cmAPP:1713,10c405d304cc4e37,US20220002724A1|Table17|Be(2)C cell line|1.0nM|24h
0,test,cmAPP:1733,1c10d86ec1a802f4,US20220002724A1|Table17|Be(2)C cell line|1.0nM|24h
0,test,cmAPP:1750,1c10d86ec1a802f4,US20220002724A1|Table17|Be(2)C cell line|1.0nM|24h
0,test,cmAPP:1757,72478f51d38ee208,US20220002724A1|Table17|Be(2)C cell line|1.0nM|24h
0,test,cmAPP:1758,10c405d304cc4e37,US20220002724A1|Table17|Be(2)C cell line|1.0nM|24h
0,test,cmAPP:1778,1c10d86ec1a802f4,US20220002724A1|Table17|Be(2)C cell line|0.1nM|24h
0,test,cmAPP:1799,1c10d86ec1a802f4,US20220002724A1|Table17|Be(2)C cell line|0.1nM|24h
0,test,cmAPP:1802,72478f51d38ee208,US20220002724A1|Table17|Be(2)C cell line|0.1nM|24h
0,test,cmAPP:1803,10c405d304cc4e37,US20220002724A1|Table17|Be(2)C cell line|0.1nM|24h
0,test,cmAPP:1823,1c10d86ec1a802f4,US20220002724A1|Table17|Be(2)C cell line|0.1nM|24h
0,test,cmAPP:1840,1c10d86ec1a802f4,US20220002724A1|Table17|Be(2)C cell line|0.1nM|24h
0,test,cmAPP:1847,72478f51d38ee208,US20220002724A1|Table17|Be(2)C cell line|0.1nM|24h
0,test,cmAPP:1848,10c405d304cc4e37,US20220002724A1|Table17|Be(2)C cell line|0.1nM|24h
0,test,cmAPP:1868,1c10d86ec1a802f4,US20220002724A1|Table18|Neuro2A cell line|10.0nM|24h
0,test,cmAPP:1889,1c10d86ec1a802f4,US20220002724A1|Table18|Neuro2A cell line|10.0nM|24h
0,test,cmAPP:1892,72478f51d38ee208,US20220002724A1|Table18|Neuro2A cell line|10.0nM|24h
0,test,cmAPP:1893,10c405d304cc4e37,US20220002724A1|Table18|Neuro2A cell line|10.0nM|24h
0,test,cmAPP:1913,1c10d86ec1a802f4,US20220002724A1|Table18|Neuro2A cell line|10.0nM|24h
0,test,cmAPP:1930,1c10d86ec1a802f4,US20220002724A1|Table18|Neuro2A cell line|10.0nM|24h
0,test,cmAPP:1937,72478f51d38ee208,US20220002724A1|Table18|Neuro2A cell line|10.0nM|24h
0,test,cmAPP:1938,10c405d304cc4e37,US20220002724A1|Table18|Neuro2A cell line|10.0nM|24h
0,test,cmAPP:1958,1c10d86ec1a802f4,US20220002724A1|Table18|Neuro2A cell line|1.0nM|24h
0,test,cmAPP:1979,1c10d86ec1a802f4,US20220002724A1|Table18|Neuro2A cell line|1.0nM|24h
0,test,cmAPP:1982,72478f51d38ee208,US20220002724A1|Table18|Neuro2A cell line|1.0nM|24h
0,test,cmAPP:1983,10c405d304cc4e37,US20220002724A1|Table18|Neuro2A cell line|1.0nM|24h
0,test,cmAPP:2003,1c10d86ec1a802f4,US20220002724A1|Table18|Neuro2A cell line|1.0nM|24h
0,test,cmAPP:2020,1c10d86ec1a802f4,US20220002724A1|Table18|Neuro2A cell line|1.0nM|24h
0,test,cmAPP:2027,72478f51d38ee208,US20220002724A1|Table18|Neuro2A cell line|1.0nM|24h
0,test,cmAPP:2028,10c405d304cc4e37,US20220002724A1|Table18|Neuro2A cell line|1.0nM|24h
0,test,cmAPP:2048,1c10d86ec1a802f4,US20220002724A1|Table18|Neuro2A cell line|0.1nM|24h
0,test,cmAPP:2069,1c10d86ec1a802f4,US20220002724A1|Table18|Neuro2A cell line|0.1nM|24h
0,test,cmAPP:2072,72478f51d38ee208,US20220002724A1|Table18|Neuro2A cell line|0.1nM|24h
0,test,cmAPP:2073,10c405d304cc4e37,US20220002724A1|Table18|Neuro2A cell line|0.1nM|24h
0,test,cmAPP:2093,1c10d86ec1a802f4,US20220002724A1|Table18|Neuro2A cell line|0.1nM|24h
0,test,cmAPP:2110,1c10d86ec1a802f4,US20220002724A1|Table18|Neuro2A cell line|0.1nM|24h
0,test,cmAPP:2117,72478f51d38ee208,US20220002724A1|Table18|Neuro2A cell line|0.1nM|24h
0,test,cmAPP:2118,10c405d304cc4e37,US20220002724A1|Table18|Neuro2A cell line|0.1nM|24h
1,train,cmAPP:1585,17103b04fab21cdc,US20220002724A1|Table17|Be(2)C cell line|10.0nM|24h
1,train,cmAPP:1588,17103b04fab21cdc,US20220002724A1|Table17|Be(2)C cell line|10.0nM|24h
1,train,cmAPP:1590,151435cc8a45853a,US20220002724A1|Table17|Be(2)C cell line|10.0nM|24h
1,train,cmAPP:1593,151435cc8a45853a,US20220002724A1|Table17|Be(2)C cell line|10.0nM|24h
1,train,cmAPP:1598,1c10d86ec1a802f4,US20220002724A1|Table17|Be(2)C cell line|10.0nM|24h
1,train,cmAPP:1604,9620aee947fd49ea,US20220002724A1|Table17|Be(2)C cell line|10.0nM|24h
1,train,cmAPP:1619,1c10d86ec1a802f4,US20220002724A1|Table17|Be(2)C cell line|10.0nM|24h
1,train,cmAPP:1620,5848c205ff64ecf8,US20220002724A1|Table17|Be(2)C cell line|10.0nM|24h
1,train,cmAPP:1621,5848c205ff64ecf8,US20220002724A1|Table17|Be(2)C cell line|10.0nM|24h
1,train,cmAPP:1622,72478f51d38ee208,US20220002724A1|Table17|Be(2)C cell line|10.0nM|24h
1,train,cmAPP:1623,10c405d304cc4e37,US20220002724A1|Table17|Be(2)C cell line|10.0nM|24h
1,train,cmAPP:1628,5848c205ff64ecf8,US20220002724A1|Table17|Be(2)C cell line|10.0nM|24h
1,train,cmAPP:1630,17103b04fab21cdc,US20220002724A1|Table17|Be(2)C cell line|10.0nM|24h
1,train,cmAPP:1633,17103b04fab21cdc,US20220002724A1|Table17|Be(2)C cell line|10.0nM|24h
1,train,cmAPP:1635,151435cc8a45853a,US20220002724A1|Table17|Be(2)C cell line|10.0nM|24h
1,train,cmAPP:1638,151435cc8a45853a,US20220002724A1|Table17|Be(2)C cell line|10.0nM|24h
1,train,cmAPP:1643,1c10d86ec1a802f4,US20220002724A1|Table17|Be(2)C cell line|10.0nM|24h
1,train,cmAPP:1649,9620aee947fd49ea,US20220002724A1|Table17|Be(2)C cell line|10.0nM|24h
1,train,cmAPP:1660,1c10d86ec1a802f4,US20220002724A1|Table17|Be(2)C cell line|10.0nM|24h
1,train,cmAPP:1661,5848c205ff64ecf8,US20220002724A1|Table17|Be(2)C cell line|10.0nM|24h
1,train,cmAPP:1662,5848c205ff64ecf8,US20220002724A1|Table17|Be(2)C cell line|10.0nM|24h
1,train,cmAPP:1667,72478f51d38ee208,US20220002724A1|Table17|Be(2)C cell line|10.0nM|24h
1,train,cmAPP:1668,10c405d304cc4e37,US20220002724A1|Table17|Be(2)C cell line|10.0nM|24h
1,train,cmAPP:1673,5848c205ff64ecf8,US20220002724A1|Table17|Be(2)C cell line|10.0nM|24h
1,train,cmAPP:1675,17103b04fab21cdc,US20220002724A1|Table17|Be(2)C cell line|1.0nM|24h
1,train,cmAPP:1678,17103b04fab21cdc,US20220002724A1|Table17|Be(2)C cell line|1.0nM|24h
1,train,cmAPP:1680,151435cc8a45853a,US20220002724A1|Table17|Be(2)C cell line|1.0nM|24h
1,train,cmAPP:1683,151435cc8a45853a,US20220002724A1|Table17|Be(2)C cell line|1.0nM|24h
1,train,cmAPP:1688,1c10d86ec1a802f4,US20220002724A1|Table17|Be(2)C cell line|1.0nM|24h
1,train,cmAPP:1694,9620aee947fd49ea,US20220002724A1|Table17|Be(2)C cell line|1.0nM|24h
1,train,cmAPP:1709,1c10d86ec1a802f4,US20220002724A1|Table17|Be(2)C cell line|1.0nM|24h
1,train,cmAPP:1710,5848c205ff64ecf8,US20220002724A1|Table17|Be(2)C cell line|1.0nM|24h
1,train,cmAPP:1711,5848c205ff64ecf8,US20220002724A1|Table17|Be(2)C cell line|1.0nM|24h
1,train,cmAPP:1712,72478f51d38ee208,US20220002724A1|Table17|Be(2)C cell line|1.0nM|24h
1,train,cmAPP:1713,10c405d304cc4e37,US20220002724A1|Table17|Be(2)C cell line|1.0nM|24h
1,train,cmAPP:1718,5848c205ff64ecf8,US20220002724A1|Table17|Be(2)C cell line|1.0nM|24h
1,train,cmAPP:1720,17103b04fab21cdc,US20220002724A1|Table17|Be(2)C cell line|1.0nM|24h
1,train,cmAPP:1723,17103b04fab21cdc,US20220002724A1|Table17|Be(2)C cell line|1.0nM|24h
1,train,cmAPP:1725,151435cc8a45853a,US20220002724A1|Table17|Be(2)C cell line|1.0nM|24h
1,train,cmAPP:1728,151435cc8a45853a,US20220002724A1|Table17|Be(2)C cell line|1.0nM|24h
1,train,cmAPP:1733,1c10d86ec1a802f4,US20220002724A1|Table17|Be(2)C cell line|1.0nM|24h
1,train,cmAPP:1739,9620aee947fd49ea,US20220002724A1|Table17|Be(2)C cell line|1.0nM|24h
1,train,cmAPP:1750,1c10d86ec1a802f4,US20220002724A1|Table17|Be(2)C cell line|1.0nM|24h
1,train,cmAPP:1751,5848c205ff64ecf8,US20220002724A1|Table17|Be(2)C cell line|1.0nM|24h
1,train,cmAPP:1752,5848c205ff64ecf8,US20220002724A1|Table17|Be(2)C cell line|1.0nM|24h
1,train,cmAPP:1757,72478f51d38ee208,US20220002724A1|Table17|Be(2)C cell line|1.0nM|24h
1,train,cmAPP:1758,10c405d304cc4e37,US20220002724A1|Table17|Be(2)C cell line|1.0nM|24h
1,train,cmAPP:1763,5848c205ff64ecf8,US20220002724A1|Table17|Be(2)C cell line|1.0nM|24h
1,train,cmAPP:1765,17103b04fab21cdc,US20220002724A1|Table17|Be(2)C cell line|0.1nM|24h
1,train,cmAPP:1768,17103b04fab21cdc,US20220002724A1|Table17|Be(2)C cell line|0.1nM|24h
1,train,cmAPP:1770,151435cc8a45853a,US20220002724A1|Table17|Be(2)C cell line|0.1nM|24h
1,train,cmAPP:1773,151435cc8a45853a,US20220002724A1|Table17|Be(2)C cell line|0.1nM|24h
1,train,cmAPP:1778,1c10d86ec1a802f4,US20220002724A1|Table17|Be(2)C cell line|0.1nM|24h
1,train,cmAPP:1784,9620aee947fd49ea,US20220002724A1|Table17|Be(2)C cell line|0.1nM|24h
1,train,cmAPP:1799,1c10d86ec1a802f4,US20220002724A1|Table17|Be(2)C cell line|0.1nM|24h
1,train,cmAPP:1800,5848c205ff64ecf8,US20220002724A1|Table17|Be(2)C cell line|0.1nM|24h
1,train,cmAPP:1801,5848c205ff64ecf8,US20220002724A1|Table17|Be(2)C cell line|0.1nM|24h
1,train,cmAPP:1802,72478f51d38ee208,US20220002724A1|Table17|Be(2)C cell line|0.1nM|24h
1,train,cmAPP:1803,10c405d304cc4e37,US20220002724A1|Table17|Be(2)C cell line|0.1nM|24h
1,train,cmAPP:1808,5848c205ff64ecf8,US20220002724A1|Table17|Be(2)C cell line|0.1nM|24h
1,train,cmAPP:1810,17103b04fab21cdc,US20220002724A1|Table17|Be(2)C cell line|0.1nM|24h
1,train,cmAPP:1813,17103b04fab21cdc,US20220002724A1|Table17|Be(2)C cell line|0.1nM|24h
1,train,cmAPP:1815,151435cc8a45853a,US20220002724A1|Table17|Be(2)C cell line|0.1nM|24h
1,train,cmAPP:1818,151435cc8a45853a,US20220002724A1|Table17|Be(2)C cell line|0.1nM|24h
1,train,cmAPP:1823,1c10d86ec1a802f4,US20220002724A1|Table17|Be(2)C cell line|0.1nM|24h
1,train,cmAPP:1829,9620aee947fd49ea,US20220002724A1|Table17|Be(2)C cell line|0.1nM|24h
1,train,cmAPP:1840,1c10d86ec1a802f4,US20220002724A1|Table17|Be(2)C cell line|0.1nM|24h
1,train,cmAPP:1841,5848c205ff64ecf8,US20220002724A1|Table17|Be(2)C cell line|0.1nM|24h
1,train,cmAPP:1842,5848c205ff64ecf8,US20220002724A1|Table17|Be(2)C cell line|0.1nM|24h
1,train,cmAPP:1847,72478f51d38ee208,US20220002724A1|Table17|Be(2)C cell line|0.1nM|24h
1,train,cmAPP:1848,10c405d304cc4e37,US20220002724A1|Table17|Be(2)C cell line|0.1nM|24h
1,train,cmAPP:1853,5848c205ff64ecf8,US20220002724A1|Table17|Be(2)C cell line|0.1nM|24h
1,train,cmAPP:1855,17103b04fab21cdc,US20220002724A1|Table18|Neuro2A cell line|10.0nM|24h
1,train,cmAPP:1858,17103b04fab21cdc,US20220002724A1|Table18|Neuro2A cell line|10.0nM|24h
1,train,cmAPP:1860,151435cc8a45853a,US20220002724A1|Table18|Neuro2A cell line|10.0nM|24h
1,train,cmAPP:1863,151435cc8a45853a,US20220002724A1|Table18|Neuro2A cell line|10.0nM|24h
1,train,cmAPP:1868,1c10d86ec1a802f4,US20220002724A1|Table18|Neuro2A cell line|10.0nM|24h
1,train,cmAPP:1874,9620aee947fd49ea,US20220002724A1|Table18|Neuro2A cell line|10.0nM|24h
1,train,cmAPP:1889,1c10d86ec1a802f4,US20220002724A1|Table18|Neuro2A cell line|10.0nM|24h
1,train,cmAPP:1890,5848c205ff64ecf8,US20220002724A1|Table18|Neuro2A cell line|10.0nM|24h
1,train,cmAPP:1891,5848c205ff64ecf8,US20220002724A1|Table18|Neuro2A cell line|10.0nM|24h
1,train,cmAPP:1892,72478f51d38ee208,US20220002724A1|Table18|Neuro2A cell line|10.0nM|24h
1,train,cmAPP:1893,10c405d304cc4e37,US20220002724A1|Table18|Neuro2A cell line|10.0nM|24h
1,train,cmAPP:1898,5848c205ff64ecf8,US20220002724A1|Table18|Neuro2A cell line|10.0nM|24h
1,train,cmAPP:1900,17103b04fab21cdc,US20220002724A1|Table18|Neuro2A cell line|10.0nM|24h
1,train,cmAPP:1903,17103b04fab21cdc,US20220002724A1|Table18|Neuro2A cell line|10.0nM|24h
1,train,cmAPP:1905,151435cc8a45853a,US20220002724A1|Table18|Neuro2A cell line|10.0nM|24h
1,train,cmAPP:1908,151435cc8a45853a,US20220002724A1|Table18|Neuro2A cell line|10.0nM|24h
1,train,cmAPP:1913,1c10d86ec1a802f4,US20220002724A1|Table18|Neuro2A cell line|10.0nM|24h
1,train,cmAPP:1919,9620aee947fd49ea,US20220002724A1|Table18|Neuro2A cell line|10.0nM|24h
1,train,cmAPP:1930,1c10d86ec1a802f4,US20220002724A1|Table18|Neuro2A cell line|10.0nM|24h
1,train,cmAPP:1931,5848c205ff64ecf8,US20220002724A1|Table18|Neuro2A cell line|10.0nM|24h
1,train,cmAPP:1932,5848c205ff64ecf8,US20220002724A1|Table18|Neuro2A cell line|10.0nM|24h
1,train,cmAPP:1937,72478f51d38ee208,US20220002724A1|Table18|Neuro2A cell line|10.0nM|24h
1,train,cmAPP:1938,10c405d304cc4e37,US20220002724A1|Table18|Neuro2A cell line|10.0nM|24h
1,train,cmAPP:1943,5848c205ff64ecf8,US20220002724A1|Table18|Neuro2A cell line|10.0nM|24h
1,train,cmAPP:1945,17103b04fab21cdc,US20220002724A1|Table18|Neuro2A cell line|1.0nM|24h
1,train,cmAPP:1948,17103b04fab21cdc,US20220002724A1|Table18|Neuro2A cell line|1.0nM|24h
1,train,cmAPP:1950,151435cc8a45853a,US20220002724A1|Table18|Neuro2A cell line|1.0nM|24h
1,train,cmAPP:1953,151435cc8a45853a,US20220002724A1|Table18|Neuro2A cell line|1.0nM|24h
1,train,cmAPP:1958,1c10d86ec1a802f4,US20220002724A1|Table18|Neuro2A cell line|1.0nM|24h
1,train,cmAPP:1964,9620aee947fd49ea,US20220002724A1|Table18|Neuro2A cell line|1.0nM|24h
1,train,cmAPP:1979,1c10d86ec1a802f4,US20220002724A1|Table18|Neuro2A cell line|1.0nM|24h
1,train,cmAPP:1980,5848c205ff64ecf8,US20220002724A1|Table18|Neuro2A cell line|1.0nM|24h
1,train,cmAPP:1981,5848c205ff64ecf8,US20220002724A1|Table18|Neuro2A cell line|1.0nM|24h
1,train,cmAPP:1982,72478f51d38ee208,US20220002724A1|Table18|Neuro2A cell line|1.0nM|24h
1,train,cmAPP:1983,10c405d304cc4e37,US20220002724A1|Table18|Neuro2A cell line|1.0nM|24h
1,train,cmAPP:1988,5848c205ff64ecf8,US20220002724A1|Table18|Neuro2A cell line|1.0nM|24h
1,train,cmAPP:1990,17103b04fab21cdc,US20220002724A1|Table18|Neuro2A cell line|1.0nM|24h
1,train,cmAPP:1993,17103b04fab21cdc,US20220002724A1|Table18|Neuro2A cell line|1.0nM|24h
1,train,cmAPP:1995,151435cc8a45853a,US20220002724A1|Table18|Neuro2A cell line|1.0nM|24h
1,train,cmAPP:1998,151435cc8a45853a,US20220002724A1|Table18|Neuro2A cell line|1.0nM|24h
1,train,cmAPP:2003,1c10d86ec1a802f4,US20220002724A1|Table18|Neuro2A cell line|1.0nM|24h
1,train,cmAPP:2009,9620aee947fd49ea,US20220002724A1|Table18|Neuro2A cell line|1.0nM|24h
1,train,cmAPP:2020,1c10d86ec1a802f4,US20220002724A1|Table18|Neuro2A cell line|1.0nM|24h
1,train,cmAPP:2021,5848c205ff64ecf8,US20220002724A1|Table18|Neuro2A cell line|1.0nM|24h
1,train,cmAPP:2022,5848c205ff64ecf8,US20220002724A1|Table18|Neuro2A cell line|1.0nM|24h
1,train,cmAPP:2027,72478f51d38ee208,US20220002724A1|Table18|Neuro2A cell line|1.0nM|24h
1,train,cmAPP:2028,10c405d304cc4e37,US20220002724A1|Table18|Neuro2A cell line|1.0nM|24h
1,train,cmAPP:2033,5848c205ff64ecf8,US20220002724A1|Table18|Neuro2A cell line|1.0nM|24h
1,train,cmAPP:2035,17103b04fab21cdc,US20220002724A1|Table18|Neuro2A cell line|0.1nM|24h
1,train,cmAPP:2038,17103b04fab21cdc,US20220002724A1|Table18|Neuro2A cell line|0.1nM|24h
1,train,cmAPP:2040,151435cc8a45853a,US20220002724A1|Table18|Neuro2A cell line|0.1nM|24h
1,train,cmAPP:2043,151435cc8a45853a,US20220002724A1|Table18|Neuro2A cell line|0.1nM|24h
1,train,cmAPP:2048,1c10d86ec1a802f4,US20220002724A1|Table18|Neuro2A cell line|0.1nM|24h
1,train,cmAPP:2054,9620aee947fd49ea,US20220002724A1|Table18|Neuro2A cell line|0.1nM|24h
1,train,cmAPP:2069,1c10d86ec1a802f4,US20220002724A1|Table18|Neuro2A cell line|0.1nM|24h
1,train,cmAPP:2070,5848c205ff64ecf8,US20220002724A1|Table18|Neuro2A cell line|0.1nM|24h
1,train,cmAPP:2071,5848c205ff64ecf8,US20220002724A1|Table18|Neuro2A cell line|0.1nM|24h
1,train,cmAPP:2072,72478f51d38ee208,US20220002724A1|Table18|Neuro2A cell line|0.1nM|24h
1,train,cmAPP:2073,10c405d304cc4e37,US20220002724A1|Table18|Neuro2A cell line|0.1nM|24h
1,train,cmAPP:2078,5848c205ff64ecf8,US20220002724A1|Table18|Neuro2A cell line|0.1nM|24h
1,train,cmAPP:2080,17103b04fab21cdc,US20220002724A1|Table18|Neuro2A cell line|0.1nM|24h
1,train,cmAPP:2083,17103b04fab21cdc,US20220002724A1|Table18|Neuro2A cell line|0.1nM|24h
1,train,cmAPP:2085,151435cc8a45853a,US20220002724A1|Table18|Neuro2A cell line|0.1nM|24h
1,train,cmAPP:2088,151435cc8a45853a,US20220002724A1|Table18|Neuro2A cell line|0.1nM|24h
1,train,cmAPP:2093,1c10d86ec1a802f4,US20220002724A1|Table18|Neuro2A cell line|0.1nM|24h
1,train,cmAPP:2099,9620aee947fd49ea,US20220002724A1|Table18|Neuro2A cell line|0.1nM|24h
1,train,cmAPP:2110,1c10d86ec1a802f4,US20220002724A1|Table18|Neuro2A cell line|0.1nM|24h
1,train,cmAPP:2111,5848c205ff64ecf8,US20220002724A1|Table18|Neuro2A cell line|0.1nM|24h
1,train,cmAPP:2112,5848c205ff64ecf8,US20220002724A1|Table18|Neuro2A cell line|0.1nM|24h
1,train,cmAPP:2117,72478f51d38ee208,US20220002724A1|Table18|Neuro2A cell line|0.1nM|24h
1,train,cmAPP:2118,10c405d304cc4e37,US20220002724A1|Table18|Neuro2A cell line|0.1nM|24h
1,train,cmAPP:2123,5848c205ff64ecf8,US20220002724A1|Table18|Neuro2A cell line|0.1nM|24h
1,validation,cmAPP:1595,2c34ab854a6ad95b,US20220002724A1|Table17|Be(2)C cell line|10.0nM|24h
1,validation,cmAPP:1596,2c34ab854a6ad95b,US20220002724A1|Table17|Be(2)C cell line|10.0nM|24h
1,validation,cmAPP:1597,9fea29da568e9bc1,US20220002724A1|Table17|Be(2)C cell line|10.0nM|24h
1,validation,cmAPP:1607,2c34ab854a6ad95b,US20220002724A1|Table17|Be(2)C cell line|10.0nM|24h
1,validation,cmAPP:1612,2c34ab854a6ad95b,US20220002724A1|Table17|Be(2)C cell line|10.0nM|24h
1,validation,cmAPP:1627,2c34ab854a6ad95b,US20220002724A1|Table17|Be(2)C cell line|10.0nM|24h
1,validation,cmAPP:1640,9fea29da568e9bc1,US20220002724A1|Table17|Be(2)C cell line|10.0nM|24h
1,validation,cmAPP:1641,2c34ab854a6ad95b,US20220002724A1|Table17|Be(2)C cell line|10.0nM|24h
1,validation,cmAPP:1642,2c34ab854a6ad95b,US20220002724A1|Table17|Be(2)C cell line|10.0nM|24h
1,validation,cmAPP:1652,2c34ab854a6ad95b,US20220002724A1|Table17|Be(2)C cell line|10.0nM|24h
1,validation,cmAPP:1657,2c34ab854a6ad95b,US20220002724A1|Table17|Be(2)C cell line|10.0nM|24h
1,validation,cmAPP:1672,2c34ab854a6ad95b,US20220002724A1|Table17|Be(2)C cell line|10.0nM|24h
1,validation,cmAPP:1685,2c34ab854a6ad95b,US20220002724A1|Table17|Be(2)C cell line|1.0nM|24h
1,validation,cmAPP:1686,2c34ab854a6ad95b,US20220002724A1|Table17|Be(2)C cell line|1.0nM|24h
1,validation,cmAPP:1687,9fea29da568e9bc1,US20220002724A1|Table17|Be(2)C cell line|1.0nM|24h
1,validation,cmAPP:1697,2c34ab854a6ad95b,US20220002724A1|Table17|Be(2)C cell line|1.0nM|24h
1,validation,cmAPP:1702,2c34ab854a6ad95b,US20220002724A1|Table17|Be(2)C cell line|1.0nM|24h
1,validation,cmAPP:1717,2c34ab854a6ad95b,US20220002724A1|Table17|Be(2)C cell line|1.0nM|24h
1,validation,cmAPP:1730,9fea29da568e9bc1,US20220002724A1|Table17|Be(2)C cell line|1.0nM|24h
1,validation,cmAPP:1731,2c34ab854a6ad95b,US20220002724A1|Table17|Be(2)C cell line|1.0nM|24h
1,validation,cmAPP:1732,2c34ab854a6ad95b,US20220002724A1|Table17|Be(2)C cell line|1.0nM|24h
1,validation,cmAPP:1742,2c34ab854a6ad95b,US20220002724A1|Table17|Be(2)C cell line|1.0nM|24h
1,validation,cmAPP:1747,2c34ab854a6ad95b,US20220002724A1|Table17|Be(2)C cell line|1.0nM|24h
1,validation,cmAPP:1762,2c34ab854a6ad95b,US20220002724A1|Table17|Be(2)C cell line|1.0nM|24h
1,validation,cmAPP:1775,2c34ab854a6ad95b,US20220002724A1|Table17|Be(2)C cell line|0.1nM|24h
1,validation,cmAPP:1776,2c34ab854a6ad95b,US20220002724A1|Table17|Be(2)C cell line|0.1nM|24h
1,validation,cmAPP:1777,9fea29da568e9bc1,US20220002724A1|Table17|Be(2)C cell line|0.1nM|24h
1,validation,cmAPP:1787,2c34ab854a6ad95b,US20220002724A1|Table17|Be(2)C cell line|0.1nM|24h
1,validation,cmAPP:1792,2c34ab854a6ad95b,US20220002724A1|Table17|Be(2)C cell line|0.1nM|24h
1,validation,cmAPP:1807,2c34ab854a6ad95b,US20220002724A1|Table17|Be(2)C cell line|0.1nM|24h
1,validation,cmAPP:1820,9fea29da568e9bc1,US20220002724A1|Table17|Be(2)C cell line|0.1nM|24h
1,validation,cmAPP:1821,2c34ab854a6ad95b,US20220002724A1|Table17|Be(2)C cell line|0.1nM|24h
1,validation,cmAPP:1822,2c34ab854a6ad95b,US20220002724A1|Table17|Be(2)C cell line|0.1nM|24h
1,validation,cmAPP:1832,2c34ab854a6ad95b,US20220002724A1|Table17|Be(2)C cell line|0.1nM|24h
1,validation,cmAPP:1837,2c34ab854a6ad95b,US20220002724A1|Table17|Be(2)C cell line|0.1nM|24h
1,validation,cmAPP:1852,2c34ab854a6ad95b,US20220002724A1|Table17|Be(2)C cell line|0.1nM|24h
1,validation,cmAPP:1865,2c34ab854a6ad95b,US20220002724A1|Table18|Neuro2A cell line|10.0nM|24h
1,validation,cmAPP:1866,2c34ab854a6ad95b,US20220002724A1|Table18|Neuro2A cell line|10.0nM|24h
1,validation,cmAPP:1867,9fea29da568e9bc1,US20220002724A1|Table18|Neuro2A cell line|10.0nM|24h
1,validation,cmAPP:1877,2c34ab854a6ad95b,US20220002724A1|Table18|Neuro2A cell line|10.0nM|24h
1,validation,cmAPP:1882,2c34ab854a6ad95b,US20220002724A1|Table18|Neuro2A cell line|10.0nM|24h
1,validation,cmAPP:1897,2c34ab854a6ad95b,US20220002724A1|Table18|Neuro2A cell line|10.0nM|24h
1,validation,cmAPP:1910,9fea29da568e9bc1,US20220002724A1|Table18|Neuro2A cell line|10.0nM|24h
1,validation,cmAPP:1911,2c34ab854a6ad95b,US20220002724A1|Table18|Neuro2A cell line|10.0nM|24h
1,validation,cmAPP:1912,2c34ab854a6ad95b,US20220002724A1|Table18|Neuro2A cell line|10.0nM|24h
1,validation,cmAPP:1922,2c34ab854a6ad95b,US20220002724A1|Table18|Neuro2A cell line|10.0nM|24h
1,validation,cmAPP:1927,2c34ab854a6ad95b,US20220002724A1|Table18|Neuro2A cell line|10.0nM|24h
1,validation,cmAPP:1942,2c34ab854a6ad95b,US20220002724A1|Table18|Neuro2A cell line|10.0nM|24h
1,validation,cmAPP:1955,2c34ab854a6ad95b,US20220002724A1|Table18|Neuro2A cell line|1.0nM|24h
1,validation,cmAPP:1956,2c34ab854a6ad95b,US20220002724A1|Table18|Neuro2A cell line|1.0nM|24h
1,validation,cmAPP:1957,9fea29da568e9bc1,US20220002724A1|Table18|Neuro2A cell line|1.0nM|24h
1,validation,cmAPP:1967,2c34ab854a6ad95b,US20220002724A1|Table18|Neuro2A cell line|1.0nM|24h
1,validation,cmAPP:1972,2c34ab854a6ad95b,US20220002724A1|Table18|Neuro2A cell line|1.0nM|24h
1,validation,cmAPP:1987,2c34ab854a6ad95b,US20220002724A1|Table18|Neuro2A cell line|1.0nM|24h
1,validation,cmAPP:2000,9fea29da568e9bc1,US20220002724A1|Table18|Neuro2A cell line|1.0nM|24h
1,validation,cmAPP:2001,2c34ab854a6ad95b,US20220002724A1|Table18|Neuro2A cell line|1.0nM|24h
1,validation,cmAPP:2002,2c34ab854a6ad95b,US20220002724A1|Table18|Neuro2A cell line|1.0nM|24h
1,validation,cmAPP:2012,2c34ab854a6ad95b,US20220002724A1|Table18|Neuro2A cell line|1.0nM|24h
1,validation,cmAPP:2017,2c34ab854a6ad95b,US20220002724A1|Table18|Neuro2A cell line|1.0nM|24h
1,validation,cmAPP:2032,2c34ab854a6ad95b,US20220002724A1|Table18|Neuro2A cell line|1.0nM|24h
1,validation,cmAPP:2045,2c34ab854a6ad95b,US20220002724A1|Table18|Neuro2A cell line|0.1nM|24h
1,validation,cmAPP:2046,2c34ab854a6ad95b,US20220002724A1|Table18|Neuro2A cell line|0.1nM|24h
1,validation,cmAPP:2047,9fea29da568e9bc1,US20220002724A1|Table18|Neuro2A cell line|0.1nM|24h
1,validation,cmAPP:2057,2c34ab854a6ad95b,US20220002724A1|Table18|Neuro2A cell line|0.1nM|24h
1,validation,cmAPP:2062,2c34ab854a6ad95b,US20220002724A1|Table18|Neuro2A cell line|0.1nM|24h
1,validation,cmAPP:2077,2c34ab854a6ad95b,US20220002724A1|Table18|Neuro2A cell line|0.1nM|24h
1,validation,cmAPP:2090,9fea29da568e9bc1,US20220002724A1|Table18|Neuro2A cell line|0.1nM|24h
1,validation,cmAPP:2091,2c34ab854a6ad95b,US20220002724A1|Table18|Neuro2A cell line|0.1nM|24h
1,validation,cmAPP:2092,2c34ab854a6ad95b,US20220002724A1|Table18|Neuro2A cell line|0.1nM|24h
1,validation,cmAPP:2102,2c34ab854a6ad95b,US20220002724A1|Table18|Neuro2A cell line|0.1nM|24h
1,validation,cmAPP:2107,2c34ab854a6ad95b,US20220002724A1|Table18|Neuro2A cell line|0.1nM|24h
1,validation,cmAPP:2122,2c34ab854a6ad95b,US20220002724A1|Table18|Neuro2A cell line|0.1nM|24h
1,test,cmAPP:1591,1212da56aac7a198,US20220002724A1|Table17|Be(2)C cell line|10.0nM|24h
1,test,cmAPP:1601,1212da56aac7a198,US20220002724A1|Table17|Be(2)C cell line|10.0nM|24h
1,test,cmAPP:1611,28639edc531a2e1a,US20220002724A1|Table17|Be(2)C cell line|10.0nM|24h
1,test,cmAPP:1615,28639edc531a2e1a,US20220002724A1|Table17|Be(2)C cell line|10.0nM|24h
1,test,cmAPP:1617,8a110cbb1ec4bb37,US20220002724A1|Table17|Be(2)C cell line|10.0nM|24h
1,test,cmAPP:1624,28639edc531a2e1a,US20220002724A1|Table17|Be(2)C cell line|10.0nM|24h
1,test,cmAPP:1625,28639edc531a2e1a,US20220002724A1|Table17|Be(2)C cell line|10.0nM|24h
1,test,cmAPP:1626,28639edc531a2e1a,US20220002724A1|Table17|Be(2)C cell line|10.0nM|24h
1,test,cmAPP:1636,1212da56aac7a198,US20220002724A1|Table17|Be(2)C cell line|10.0nM|24h
1,test,cmAPP:1646,1212da56aac7a198,US20220002724A1|Table17|Be(2)C cell line|10.0nM|24h
1,test,cmAPP:1656,28639edc531a2e1a,US20220002724A1|Table17|Be(2)C cell line|10.0nM|24h
1,test,cmAPP:1664,28639edc531a2e1a,US20220002724A1|Table17|Be(2)C cell line|10.0nM|24h
1,test,cmAPP:1666,8a110cbb1ec4bb37,US20220002724A1|Table17|Be(2)C cell line|10.0nM|24h
1,test,cmAPP:1669,28639edc531a2e1a,US20220002724A1|Table17|Be(2)C cell line|10.0nM|24h
1,test,cmAPP:1670,28639edc531a2e1a,US20220002724A1|Table17|Be(2)C cell line|10.0nM|24h
1,test,cmAPP:1671,28639edc531a2e1a,US20220002724A1|Table17|Be(2)C cell line|10.0nM|24h
1,test,cmAPP:1681,1212da56aac7a198,US20220002724A1|Table17|Be(2)C cell line|1.0nM|24h
1,test,cmAPP:1691,1212da56aac7a198,US20220002724A1|Table17|Be(2)C cell line|1.0nM|24h
1,test,cmAPP:1701,28639edc531a2e1a,US20220002724A1|Table17|Be(2)C cell line|1.0nM|24h
1,test,cmAPP:1705,28639edc531a2e1a,US20220002724A1|Table17|Be(2)C cell line|1.0nM|24h
1,test,cmAPP:1707,8a110cbb1ec4bb37,US20220002724A1|Table17|Be(2)C cell line|1.0nM|24h
1,test,cmAPP:1714,28639edc531a2e1a,US20220002724A1|Table17|Be(2)C cell line|1.0nM|24h
1,test,cmAPP:1715,28639edc531a2e1a,US20220002724A1|Table17|Be(2)C cell line|1.0nM|24h
1,test,cmAPP:1716,28639edc531a2e1a,US20220002724A1|Table17|Be(2)C cell line|1.0nM|24h
1,test,cmAPP:1726,1212da56aac7a198,US20220002724A1|Table17|Be(2)C cell line|1.0nM|24h
1,test,cmAPP:1736,1212da56aac7a198,US20220002724A1|Table17|Be(2)C cell line|1.0nM|24h
1,test,cmAPP:1746,28639edc531a2e1a,US20220002724A1|Table17|Be(2)C cell line|1.0nM|24h
1,test,cmAPP:1754,28639edc531a2e1a,US20220002724A1|Table17|Be(2)C cell line|1.0nM|24h
1,test,cmAPP:1756,8a110cbb1ec4bb37,US20220002724A1|Table17|Be(2)C cell line|1.0nM|24h
1,test,cmAPP:1759,28639edc531a2e1a,US20220002724A1|Table17|Be(2)C cell line|1.0nM|24h
1,test,cmAPP:1760,28639edc531a2e1a,US20220002724A1|Table17|Be(2)C cell line|1.0nM|24h
1,test,cmAPP:1761,28639edc531a2e1a,US20220002724A1|Table17|Be(2)C cell line|1.0nM|24h
1,test,cmAPP:1771,1212da56aac7a198,US20220002724A1|Table17|Be(2)C cell line|0.1nM|24h
1,test,cmAPP:1781,1212da56aac7a198,US20220002724A1|Table17|Be(2)C cell line|0.1nM|24h
1,test,cmAPP:1791,28639edc531a2e1a,US20220002724A1|Table17|Be(2)C cell line|0.1nM|24h
1,test,cmAPP:1795,28639edc531a2e1a,US20220002724A1|Table17|Be(2)C cell line|0.1nM|24h
1,test,cmAPP:1797,8a110cbb1ec4bb37,US20220002724A1|Table17|Be(2)C cell line|0.1nM|24h
1,test,cmAPP:1804,28639edc531a2e1a,US20220002724A1|Table17|Be(2)C cell line|0.1nM|24h
1,test,cmAPP:1805,28639edc531a2e1a,US20220002724A1|Table17|Be(2)C cell line|0.1nM|24h
1,test,cmAPP:1806,28639edc531a2e1a,US20220002724A1|Table17|Be(2)C cell line|0.1nM|24h
1,test,cmAPP:1816,1212da56aac7a198,US20220002724A1|Table17|Be(2)C cell line|0.1nM|24h
1,test,cmAPP:1826,1212da56aac7a198,US20220002724A1|Table17|Be(2)C cell line|0.1nM|24h
1,test,cmAPP:1836,28639edc531a2e1a,US20220002724A1|Table17|Be(2)C cell line|0.1nM|24h
1,test,cmAPP:1844,28639edc531a2e1a,US20220002724A1|Table17|Be(2)C cell line|0.1nM|24h
1,test,cmAPP:1846,8a110cbb1ec4bb37,US20220002724A1|Table17|Be(2)C cell line|0.1nM|24h
1,test,cmAPP:1849,28639edc531a2e1a,US20220002724A1|Table17|Be(2)C cell line|0.1nM|24h
1,test,cmAPP:1850,28639edc531a2e1a,US20220002724A1|Table17|Be(2)C cell line|0.1nM|24h
1,test,cmAPP:1851,28639edc531a2e1a,US20220002724A1|Table17|Be(2)C cell line|0.1nM|24h
1,test,cmAPP:1861,1212da56aac7a198,US20220002724A1|Table18|Neuro2A cell line|10.0nM|24h
1,test,cmAPP:1871,1212da56aac7a198,US20220002724A1|Table18|Neuro2A cell line|10.0nM|24h
1,test,cmAPP:1881,28639edc531a2e1a,US20220002724A1|Table18|Neuro2A cell line|10.0nM|24h
1,test,cmAPP:1885,28639edc531a2e1a,US20220002724A1|Table18|Neuro2A cell line|10.0nM|24h
1,test,cmAPP:1887,8a110cbb1ec4bb37,US20220002724A1|Table18|Neuro2A cell line|10.0nM|24h
1,test,cmAPP:1894,28639edc531a2e1a,US20220002724A1|Table18|Neuro2A cell line|10.0nM|24h
1,test,cmAPP:1895,28639edc531a2e1a,US20220002724A1|Table18|Neuro2A cell line|10.0nM|24h
1,test,cmAPP:1896,28639edc531a2e1a,US20220002724A1|Table18|Neuro2A cell line|10.0nM|24h
1,test,cmAPP:1906,1212da56aac7a198,US20220002724A1|Table18|Neuro2A cell line|10.0nM|24h
1,test,cmAPP:1916,1212da56aac7a198,US20220002724A1|Table18|Neuro2A cell line|10.0nM|24h
1,test,cmAPP:1926,28639edc531a2e1a,US20220002724A1|Table18|Neuro2A cell line|10.0nM|24h
1,test,cmAPP:1934,28639edc531a2e1a,US20220002724A1|Table18|Neuro2A cell line|10.0nM|24h
1,test,cmAPP:1936,8a110cbb1ec4bb37,US20220002724A1|Table18|Neuro2A cell line|10.0nM|24h
1,test,cmAPP:1939,28639edc531a2e1a,US20220002724A1|Table18|Neuro2A cell line|10.0nM|24h
1,test,cmAPP:1940,28639edc531a2e1a,US20220002724A1|Table18|Neuro2A cell line|10.0nM|24h
1,test,cmAPP:1941,28639edc531a2e1a,US20220002724A1|Table18|Neuro2A cell line|10.0nM|24h
1,test,cmAPP:1951,1212da56aac7a198,US20220002724A1|Table18|Neuro2A cell line|1.0nM|24h
1,test,cmAPP:1961,1212da56aac7a198,US20220002724A1|Table18|Neuro2A cell line|1.0nM|24h
1,test,cmAPP:1971,28639edc531a2e1a,US20220002724A1|Table18|Neuro2A cell line|1.0nM|24h
1,test,cmAPP:1975,28639edc531a2e1a,US20220002724A1|Table18|Neuro2A cell line|1.0nM|24h
1,test,cmAPP:1977,8a110cbb1ec4bb37,US20220002724A1|Table18|Neuro2A cell line|1.0nM|24h
1,test,cmAPP:1984,28639edc531a2e1a,US20220002724A1|Table18|Neuro2A cell line|1.0nM|24h
1,test,cmAPP:1985,28639edc531a2e1a,US20220002724A1|Table18|Neuro2A cell line|1.0nM|24h
1,test,cmAPP:1986,28639edc531a2e1a,US20220002724A1|Table18|Neuro2A cell line|1.0nM|24h
1,test,cmAPP:1996,1212da56aac7a198,US20220002724A1|Table18|Neuro2A cell line|1.0nM|24h
1,test,cmAPP:2006,1212da56aac7a198,US20220002724A1|Table18|Neuro2A cell line|1.0nM|24h
1,test,cmAPP:2016,28639edc531a2e1a,US20220002724A1|Table18|Neuro2A cell line|1.0nM|24h
1,test,cmAPP:2024,28639edc531a2e1a,US20220002724A1|Table18|Neuro2A cell line|1.0nM|24h
1,test,cmAPP:2026,8a110cbb1ec4bb37,US20220002724A1|Table18|Neuro2A cell line|1.0nM|24h
1,test,cmAPP:2029,28639edc531a2e1a,US20220002724A1|Table18|Neuro2A cell line|1.0nM|24h
1,test,cmAPP:2030,28639edc531a2e1a,US20220002724A1|Table18|Neuro2A cell line|1.0nM|24h
1,test,cmAPP:2031,28639edc531a2e1a,US20220002724A1|Table18|Neuro2A cell line|1.0nM|24h
1,test,cmAPP:2041,1212da56aac7a198,US20220002724A1|Table18|Neuro2A cell line|0.1nM|24h
1,test,cmAPP:2051,1212da56aac7a198,US20220002724A1|Table18|Neuro2A cell line|0.1nM|24h
1,test,cmAPP:2061,28639edc531a2e1a,US20220002724A1|Table18|Neuro2A cell line|0.1nM|24h
1,test,cmAPP:2065,28639edc531a2e1a,US20220002724A1|Table18|Neuro2A cell line|0.1nM|24h
1,test,cmAPP:2067,8a110cbb1ec4bb37,US20220002724A1|Table18|Neuro2A cell line|0.1nM|24h
1,test,cmAPP:2074,28639edc531a2e1a,US20220002724A1|Table18|Neuro2A cell line|0.1nM|24h
1,test,cmAPP:2075,28639edc531a2e1a,US20220002724A1|Table18|Neuro2A cell line|0.1nM|24h
1,test,cmAPP:2076,28639edc531a2e1a,US20220002724A1|Table18|Neuro2A cell line|0.1nM|24h
1,test,cmAPP:2086,1212da56aac7a198,US20220002724A1|Table18|Neuro2A cell line|0.1nM|24h
1,test,cmAPP:2096,1212da56aac7a198,US20220002724A1|Table18|Neuro2A cell line|0.1nM|24h
1,test,cmAPP:2106,28639edc531a2e1a,US20220002724A1|Table18|Neuro2A cell line|0.1nM|24h
1,test,cmAPP:2114,28639edc531a2e1a,US20220002724A1|Table18|Neuro2A cell line|0.1nM|24h
1,test,cmAPP:2116,8a110cbb1ec4bb37,US20220002724A1|Table18|Neuro2A cell line|0.1nM|24h
1,test,cmAPP:2119,28639edc531a2e1a,US20220002724A1|Table18|Neuro2A cell line|0.1nM|24h
1,test,cmAPP:2120,28639edc531a2e1a,US20220002724A1|Table18|Neuro2A cell line|0.1nM|24h
1,test,cmAPP:2121,28639edc531a2e1a,US20220002724A1|Table18|Neuro2A cell line|0.1nM|24h
2,train,cmAPP:1585,17103b04fab21cdc,US20220002724A1|Table17|Be(2)C cell line|10.0nM|24h
2,train,cmAPP:1588,17103b04fab21cdc,US20220002724A1|Table17|Be(2)C cell line|10.0nM|24h
2,train,cmAPP:1591,1212da56aac7a198,US20220002724A1|Table17|Be(2)C cell line|10.0nM|24h
2,train,cmAPP:1598,1c10d86ec1a802f4,US20220002724A1|Table17|Be(2)C cell line|10.0nM|24h
2,train,cmAPP:1601,1212da56aac7a198,US20220002724A1|Table17|Be(2)C cell line|10.0nM|24h
2,train,cmAPP:1611,28639edc531a2e1a,US20220002724A1|Table17|Be(2)C cell line|10.0nM|24h
2,train,cmAPP:1615,28639edc531a2e1a,US20220002724A1|Table17|Be(2)C cell line|10.0nM|24h
2,train,cmAPP:1617,8a110cbb1ec4bb37,US20220002724A1|Table17|Be(2)C cell line|10.0nM|24h
2,train,cmAPP:1619,1c10d86ec1a802f4,US20220002724A1|Table17|Be(2)C cell line|10.0nM|24h
2,train,cmAPP:1620,5848c205ff64ecf8,US20220002724A1|Table17|Be(2)C cell line|10.0nM|24h
2,train,cmAPP:1621,5848c205ff64ecf8,US20220002724A1|Table17|Be(2)C cell line|10.0nM|24h
2,train,cmAPP:1623,10c405d304cc4e37,US20220002724A1|Table17|Be(2)C cell line|10.0nM|24h
2,train,cmAPP:1624,28639edc531a2e1a,US20220002724A1|Table17|Be(2)C cell line|10.0nM|24h
2,train,cmAPP:1625,28639edc531a2e1a,US20220002724A1|Table17|Be(2)C cell line|10.0nM|24h
2,train,cmAPP:1626,28639edc531a2e1a,US20220002724A1|Table17|Be(2)C cell line|10.0nM|24h
2,train,cmAPP:1628,5848c205ff64ecf8,US20220002724A1|Table17|Be(2)C cell line|10.0nM|24h
2,train,cmAPP:1630,17103b04fab21cdc,US20220002724A1|Table17|Be(2)C cell line|10.0nM|24h
2,train,cmAPP:1633,17103b04fab21cdc,US20220002724A1|Table17|Be(2)C cell line|10.0nM|24h
2,train,cmAPP:1636,1212da56aac7a198,US20220002724A1|Table17|Be(2)C cell line|10.0nM|24h
2,train,cmAPP:1643,1c10d86ec1a802f4,US20220002724A1|Table17|Be(2)C cell line|10.0nM|24h
2,train,cmAPP:1646,1212da56aac7a198,US20220002724A1|Table17|Be(2)C cell line|10.0nM|24h
2,train,cmAPP:1656,28639edc531a2e1a,US20220002724A1|Table17|Be(2)C cell line|10.0nM|24h
2,train,cmAPP:1660,1c10d86ec1a802f4,US20220002724A1|Table17|Be(2)C cell line|10.0nM|24h
2,train,cmAPP:1661,5848c205ff64ecf8,US20220002724A1|Table17|Be(2)C cell line|10.0nM|24h
2,train,cmAPP:1662,5848c205ff64ecf8,US20220002724A1|Table17|Be(2)C cell line|10.0nM|24h
2,train,cmAPP:1664,28639edc531a2e1a,US20220002724A1|Table17|Be(2)C cell line|10.0nM|24h
2,train,cmAPP:1666,8a110cbb1ec4bb37,US20220002724A1|Table17|Be(2)C cell line|10.0nM|24h
2,train,cmAPP:1668,10c405d304cc4e37,US20220002724A1|Table17|Be(2)C cell line|10.0nM|24h
2,train,cmAPP:1669,28639edc531a2e1a,US20220002724A1|Table17|Be(2)C cell line|10.0nM|24h
2,train,cmAPP:1670,28639edc531a2e1a,US20220002724A1|Table17|Be(2)C cell line|10.0nM|24h
2,train,cmAPP:1671,28639edc531a2e1a,US20220002724A1|Table17|Be(2)C cell line|10.0nM|24h
2,train,cmAPP:1673,5848c205ff64ecf8,US20220002724A1|Table17|Be(2)C cell line|10.0nM|24h
2,train,cmAPP:1675,17103b04fab21cdc,US20220002724A1|Table17|Be(2)C cell line|1.0nM|24h
2,train,cmAPP:1678,17103b04fab21cdc,US20220002724A1|Table17|Be(2)C cell line|1.0nM|24h
2,train,cmAPP:1681,1212da56aac7a198,US20220002724A1|Table17|Be(2)C cell line|1.0nM|24h
2,train,cmAPP:1688,1c10d86ec1a802f4,US20220002724A1|Table17|Be(2)C cell line|1.0nM|24h
2,train,cmAPP:1691,1212da56aac7a198,US20220002724A1|Table17|Be(2)C cell line|1.0nM|24h
2,train,cmAPP:1701,28639edc531a2e1a,US20220002724A1|Table17|Be(2)C cell line|1.0nM|24h
2,train,cmAPP:1705,28639edc531a2e1a,US20220002724A1|Table17|Be(2)C cell line|1.0nM|24h
2,train,cmAPP:1707,8a110cbb1ec4bb37,US20220002724A1|Table17|Be(2)C cell line|1.0nM|24h
2,train,cmAPP:1709,1c10d86ec1a802f4,US20220002724A1|Table17|Be(2)C cell line|1.0nM|24h
2,train,cmAPP:1710,5848c205ff64ecf8,US20220002724A1|Table17|Be(2)C cell line|1.0nM|24h
2,train,cmAPP:1711,5848c205ff64ecf8,US20220002724A1|Table17|Be(2)C cell line|1.0nM|24h
2,train,cmAPP:1713,10c405d304cc4e37,US20220002724A1|Table17|Be(2)C cell line|1.0nM|24h
2,train,cmAPP:1714,28639edc531a2e1a,US20220002724A1|Table17|Be(2)C cell line|1.0nM|24h
2,train,cmAPP:1715,28639edc531a2e1a,US20220002724A1|Table17|Be(2)C cell line|1.0nM|24h
2,train,cmAPP:1716,28639edc531a2e1a,US20220002724A1|Table17|Be(2)C cell line|1.0nM|24h
2,train,cmAPP:1718,5848c205ff64ecf8,US20220002724A1|Table17|Be(2)C cell line|1.0nM|24h
2,train,cmAPP:1720,17103b04fab21cdc,US20220002724A1|Table17|Be(2)C cell line|1.0nM|24h
2,train,cmAPP:1723,17103b04fab21cdc,US20220002724A1|Table17|Be(2)C cell line|1.0nM|24h
2,train,cmAPP:1726,1212da56aac7a198,US20220002724A1|Table17|Be(2)C cell line|1.0nM|24h
2,train,cmAPP:1733,1c10d86ec1a802f4,US20220002724A1|Table17|Be(2)C cell line|1.0nM|24h
2,train,cmAPP:1736,1212da56aac7a198,US20220002724A1|Table17|Be(2)C cell line|1.0nM|24h
2,train,cmAPP:1746,28639edc531a2e1a,US20220002724A1|Table17|Be(2)C cell line|1.0nM|24h
2,train,cmAPP:1750,1c10d86ec1a802f4,US20220002724A1|Table17|Be(2)C cell line|1.0nM|24h
2,train,cmAPP:1751,5848c205ff64ecf8,US20220002724A1|Table17|Be(2)C cell line|1.0nM|24h
2,train,cmAPP:1752,5848c205ff64ecf8,US20220002724A1|Table17|Be(2)C cell line|1.0nM|24h
2,train,cmAPP:1754,28639edc531a2e1a,US20220002724A1|Table17|Be(2)C cell line|1.0nM|24h
2,train,cmAPP:1756,8a110cbb1ec4bb37,US20220002724A1|Table17|Be(2)C cell line|1.0nM|24h
2,train,cmAPP:1758,10c405d304cc4e37,US20220002724A1|Table17|Be(2)C cell line|1.0nM|24h
2,train,cmAPP:1759,28639edc531a2e1a,US20220002724A1|Table17|Be(2)C cell line|1.0nM|24h
2,train,cmAPP:1760,28639edc531a2e1a,US20220002724A1|Table17|Be(2)C cell line|1.0nM|24h
2,train,cmAPP:1761,28639edc531a2e1a,US20220002724A1|Table17|Be(2)C cell line|1.0nM|24h
2,train,cmAPP:1763,5848c205ff64ecf8,US20220002724A1|Table17|Be(2)C cell line|1.0nM|24h
2,train,cmAPP:1765,17103b04fab21cdc,US20220002724A1|Table17|Be(2)C cell line|0.1nM|24h
2,train,cmAPP:1768,17103b04fab21cdc,US20220002724A1|Table17|Be(2)C cell line|0.1nM|24h
2,train,cmAPP:1771,1212da56aac7a198,US20220002724A1|Table17|Be(2)C cell line|0.1nM|24h
2,train,cmAPP:1778,1c10d86ec1a802f4,US20220002724A1|Table17|Be(2)C cell line|0.1nM|24h
2,train,cmAPP:1781,1212da56aac7a198,US20220002724A1|Table17|Be(2)C cell line|0.1nM|24h
2,train,cmAPP:1791,28639edc531a2e1a,US20220002724A1|Table17|Be(2)C cell line|0.1nM|24h
2,train,cmAPP:1795,28639edc531a2e1a,US20220002724A1|Table17|Be(2)C cell line|0.1nM|24h
2,train,cmAPP:1797,8a110cbb1ec4bb37,US20220002724A1|Table17|Be(2)C cell line|0.1nM|24h
2,train,cmAPP:1799,1c10d86ec1a802f4,US20220002724A1|Table17|Be(2)C cell line|0.1nM|24h
2,train,cmAPP:1800,5848c205ff64ecf8,US20220002724A1|Table17|Be(2)C cell line|0.1nM|24h
2,train,cmAPP:1801,5848c205ff64ecf8,US20220002724A1|Table17|Be(2)C cell line|0.1nM|24h
2,train,cmAPP:1803,10c405d304cc4e37,US20220002724A1|Table17|Be(2)C cell line|0.1nM|24h
2,train,cmAPP:1804,28639edc531a2e1a,US20220002724A1|Table17|Be(2)C cell line|0.1nM|24h
2,train,cmAPP:1805,28639edc531a2e1a,US20220002724A1|Table17|Be(2)C cell line|0.1nM|24h
2,train,cmAPP:1806,28639edc531a2e1a,US20220002724A1|Table17|Be(2)C cell line|0.1nM|24h
2,train,cmAPP:1808,5848c205ff64ecf8,US20220002724A1|Table17|Be(2)C cell line|0.1nM|24h
2,train,cmAPP:1810,17103b04fab21cdc,US20220002724A1|Table17|Be(2)C cell line|0.1nM|24h
2,train,cmAPP:1813,17103b04fab21cdc,US20220002724A1|Table17|Be(2)C cell line|0.1nM|24h
2,train,cmAPP:1816,1212da56aac7a198,US20220002724A1|Table17|Be(2)C cell line|0.1nM|24h
2,train,cmAPP:1823,1c10d86ec1a802f4,US20220002724A1|Table17|Be(2)C cell line|0.1nM|24h
2,train,cmAPP:1826,1212da56aac7a198,US20220002724A1|Table17|Be(2)C cell line|0.1nM|24h
2,train,cmAPP:1836,28639edc531a2e1a,US20220002724A1|Table17|Be(2)C cell line|0.1nM|24h
2,train,cmAPP:1840,1c10d86ec1a802f4,US20220002724A1|Table17|Be(2)C cell line|0.1nM|24h
2,train,cmAPP:1841,5848c205ff64ecf8,US20220002724A1|Table17|Be(2)C cell line|0.1nM|24h
2,train,cmAPP:1842,5848c205ff64ecf8,US20220002724A1|Table17|Be(2)C cell line|0.1nM|24h
2,train,cmAPP:1844,28639edc531a2e1a,US20220002724A1|Table17|Be(2)C cell line|0.1nM|24h
2,train,cmAPP:1846,8a110cbb1ec4bb37,US20220002724A1|Table17|Be(2)C cell line|0.1nM|24h
2,train,cmAPP:1848,10c405d304cc4e37,US20220002724A1|Table17|Be(2)C cell line|0.1nM|24h
2,train,cmAPP:1849,28639edc531a2e1a,US20220002724A1|Table17|Be(2)C cell line|0.1nM|24h
2,train,cmAPP:1850,28639edc531a2e1a,US20220002724A1|Table17|Be(2)C cell line|0.1nM|24h
2,train,cmAPP:1851,28639edc531a2e1a,US20220002724A1|Table17|Be(2)C cell line|0.1nM|24h
2,train,cmAPP:1853,5848c205ff64ecf8,US20220002724A1|Table17|Be(2)C cell line|0.1nM|24h
2,train,cmAPP:1855,17103b04fab21cdc,US20220002724A1|Table18|Neuro2A cell line|10.0nM|24h
2,train,cmAPP:1858,17103b04fab21cdc,US20220002724A1|Table18|Neuro2A cell line|10.0nM|24h
2,train,cmAPP:1861,1212da56aac7a198,US20220002724A1|Table18|Neuro2A cell line|10.0nM|24h
2,train,cmAPP:1868,1c10d86ec1a802f4,US20220002724A1|Table18|Neuro2A cell line|10.0nM|24h
2,train,cmAPP:1871,1212da56aac7a198,US20220002724A1|Table18|Neuro2A cell line|10.0nM|24h
2,train,cmAPP:1881,28639edc531a2e1a,US20220002724A1|Table18|Neuro2A cell line|10.0nM|24h
2,train,cmAPP:1885,28639edc531a2e1a,US20220002724A1|Table18|Neuro2A cell line|10.0nM|24h
2,train,cmAPP:1887,8a110cbb1ec4bb37,US20220002724A1|Table18|Neuro2A cell line|10.0nM|24h
2,train,cmAPP:1889,1c10d86ec1a802f4,US20220002724A1|Table18|Neuro2A cell line|10.0nM|24h
2,train,cmAPP:1890,5848c205ff64ecf8,US20220002724A1|Table18|Neuro2A cell line|10.0nM|24h
2,train,cmAPP:1891,5848c205ff64ecf8,US20220002724A1|Table18|Neuro2A cell line|10.0nM|24h
2,train,cmAPP:1893,10c405d304cc4e37,US20220002724A1|Table18|Neuro2A cell line|10.0nM|24h
2,train,cmAPP:1894,28639edc531a2e1a,US20220002724A1|Table18|Neuro2A cell line|10.0nM|24h
2,train,cmAPP:1895,28639edc531a2e1a,US20220002724A1|Table18|Neuro2A cell line|10.0nM|24h
2,train,cmAPP:1896,28639edc531a2e1a,US20220002724A1|Table18|Neuro2A cell line|10.0nM|24h
2,train,cmAPP:1898,5848c205ff64ecf8,US20220002724A1|Table18|Neuro2A cell line|10.0nM|24h
2,train,cmAPP:1900,17103b04fab21cdc,US20220002724A1|Table18|Neuro2A cell line|10.0nM|24h
2,train,cmAPP:1903,17103b04fab21cdc,US20220002724A1|Table18|Neuro2A cell line|10.0nM|24h
2,train,cmAPP:1906,1212da56aac7a198,US20220002724A1|Table18|Neuro2A cell line|10.0nM|24h
2,train,cmAPP:1913,1c10d86ec1a802f4,US20220002724A1|Table18|Neuro2A cell line|10.0nM|24h
2,train,cmAPP:1916,1212da56aac7a198,US20220002724A1|Table18|Neuro2A cell line|10.0nM|24h
2,train,cmAPP:1926,28639edc531a2e1a,US20220002724A1|Table18|Neuro2A cell line|10.0nM|24h
2,train,cmAPP:1930,1c10d86ec1a802f4,US20220002724A1|Table18|Neuro2A cell line|10.0nM|24h
2,train,cmAPP:1931,5848c205ff64ecf8,US20220002724A1|Table18|Neuro2A cell line|10.0nM|24h
2,train,cmAPP:1932,5848c205ff64ecf8,US20220002724A1|Table18|Neuro2A cell line|10.0nM|24h
2,train,cmAPP:1934,28639edc531a2e1a,US20220002724A1|Table18|Neuro2A cell line|10.0nM|24h
2,train,cmAPP:1936,8a110cbb1ec4bb37,US20220002724A1|Table18|Neuro2A cell line|10.0nM|24h
2,train,cmAPP:1938,10c405d304cc4e37,US20220002724A1|Table18|Neuro2A cell line|10.0nM|24h
2,train,cmAPP:1939,28639edc531a2e1a,US20220002724A1|Table18|Neuro2A cell line|10.0nM|24h
2,train,cmAPP:1940,28639edc531a2e1a,US20220002724A1|Table18|Neuro2A cell line|10.0nM|24h
2,train,cmAPP:1941,28639edc531a2e1a,US20220002724A1|Table18|Neuro2A cell line|10.0nM|24h
2,train,cmAPP:1943,5848c205ff64ecf8,US20220002724A1|Table18|Neuro2A cell line|10.0nM|24h
2,train,cmAPP:1945,17103b04fab21cdc,US20220002724A1|Table18|Neuro2A cell line|1.0nM|24h
2,train,cmAPP:1948,17103b04fab21cdc,US20220002724A1|Table18|Neuro2A cell line|1.0nM|24h
2,train,cmAPP:1951,1212da56aac7a198,US20220002724A1|Table18|Neuro2A cell line|1.0nM|24h
2,train,cmAPP:1958,1c10d86ec1a802f4,US20220002724A1|Table18|Neuro2A cell line|1.0nM|24h
2,train,cmAPP:1961,1212da56aac7a198,US20220002724A1|Table18|Neuro2A cell line|1.0nM|24h
2,train,cmAPP:1971,28639edc531a2e1a,US20220002724A1|Table18|Neuro2A cell line|1.0nM|24h
2,train,cmAPP:1975,28639edc531a2e1a,US20220002724A1|Table18|Neuro2A cell line|1.0nM|24h
2,train,cmAPP:1977,8a110cbb1ec4bb37,US20220002724A1|Table18|Neuro2A cell line|1.0nM|24h
2,train,cmAPP:1979,1c10d86ec1a802f4,US20220002724A1|Table18|Neuro2A cell line|1.0nM|24h
2,train,cmAPP:1980,5848c205ff64ecf8,US20220002724A1|Table18|Neuro2A cell line|1.0nM|24h
2,train,cmAPP:1981,5848c205ff64ecf8,US20220002724A1|Table18|Neuro2A cell line|1.0nM|24h
2,train,cmAPP:1983,10c405d304cc4e37,US20220002724A1|Table18|Neuro2A cell line|1.0nM|24h
2,train,cmAPP:1984,28639edc531a2e1a,US20220002724A1|Table18|Neuro2A cell line|1.0nM|24h
2,train,cmAPP:1985,28639edc531a2e1a,US20220002724A1|Table18|Neuro2A cell line|1.0nM|24h
2,train,cmAPP:1986,28639edc531a2e1a,US20220002724A1|Table18|Neuro2A cell line|1.0nM|24h
2,train,cmAPP:1988,5848c205ff64ecf8,US20220002724A1|Table18|Neuro2A cell line|1.0nM|24h
2,train,cmAPP:1990,17103b04fab21cdc,US20220002724A1|Table18|Neuro2A cell line|1.0nM|24h
2,train,cmAPP:1993,17103b04fab21cdc,US20220002724A1|Table18|Neuro2A cell line|1.0nM|24h
2,train,cmAPP:1996,1212da56aac7a198,US20220002724A1|Table18|Neuro2A cell line|1.0nM|24h
2,train,cmAPP:2003,1c10d86ec1a802f4,US20220002724A1|Table18|Neuro2A cell line|1.0nM|24h
2,train,cmAPP:2006,1212da56aac7a198,US20220002724A1|Table18|Neuro2A cell line|1.0nM|24h
2,train,cmAPP:2016,28639edc531a2e1a,US20220002724A1|Table18|Neuro2A cell line|1.0nM|24h
2,train,cmAPP:2020,1c10d86ec1a802f4,US20220002724A1|Table18|Neuro2A cell line|1.0nM|24h
2,train,cmAPP:2021,5848c205ff64ecf8,US20220002724A1|Table18|Neuro2A cell line|1.0nM|24h
2,train,cmAPP:2022,5848c205ff64ecf8,US20220002724A1|Table18|Neuro2A cell line|1.0nM|24h
2,train,cmAPP:2024,28639edc531a2e1a,US20220002724A1|Table18|Neuro2A cell line|1.0nM|24h
2,train,cmAPP:2026,8a110cbb1ec4bb37,US20220002724A1|Table18|Neuro2A cell line|1.0nM|24h
2,train,cmAPP:2028,10c405d304cc4e37,US20220002724A1|Table18|Neuro2A cell line|1.0nM|24h
2,train,cmAPP:2029,28639edc531a2e1a,US20220002724A1|Table18|Neuro2A cell line|1.0nM|24h
2,train,cmAPP:2030,28639edc531a2e1a,US20220002724A1|Table18|Neuro2A cell line|1.0nM|24h
2,train,cmAPP:2031,28639edc531a2e1a,US20220002724A1|Table18|Neuro2A cell line|1.0nM|24h
2,train,cmAPP:2033,5848c205ff64ecf8,US20220002724A1|Table18|Neuro2A cell line|1.0nM|24h
2,train,cmAPP:2035,17103b04fab21cdc,US20220002724A1|Table18|Neuro2A cell line|0.1nM|24h
2,train,cmAPP:2038,17103b04fab21cdc,US20220002724A1|Table18|Neuro2A cell line|0.1nM|24h
2,train,cmAPP:2041,1212da56aac7a198,US20220002724A1|Table18|Neuro2A cell line|0.1nM|24h
2,train,cmAPP:2048,1c10d86ec1a802f4,US20220002724A1|Table18|Neuro2A cell line|0.1nM|24h
2,train,cmAPP:2051,1212da56aac7a198,US20220002724A1|Table18|Neuro2A cell line|0.1nM|24h
2,train,cmAPP:2061,28639edc531a2e1a,US20220002724A1|Table18|Neuro2A cell line|0.1nM|24h
2,train,cmAPP:2065,28639edc531a2e1a,US20220002724A1|Table18|Neuro2A cell line|0.1nM|24h
2,train,cmAPP:2067,8a110cbb1ec4bb37,US20220002724A1|Table18|Neuro2A cell line|0.1nM|24h
2,train,cmAPP:2069,1c10d86ec1a802f4,US20220002724A1|Table18|Neuro2A cell line|0.1nM|24h
2,train,cmAPP:2070,5848c205ff64ecf8,US20220002724A1|Table18|Neuro2A cell line|0.1nM|24h
2,train,cmAPP:2071,5848c205ff64ecf8,US20220002724A1|Table18|Neuro2A cell line|0.1nM|24h
2,train,cmAPP:2073,10c405d304cc4e37,US20220002724A1|Table18|Neuro2A cell line|0.1nM|24h
2,train,cmAPP:2074,28639edc531a2e1a,US20220002724A1|Table18|Neuro2A cell line|0.1nM|24h
2,train,cmAPP:2075,28639edc531a2e1a,US20220002724A1|Table18|Neuro2A cell line|0.1nM|24h
2,train,cmAPP:2076,28639edc531a2e1a,US20220002724A1|Table18|Neuro2A cell line|0.1nM|24h
2,train,cmAPP:2078,5848c205ff64ecf8,US20220002724A1|Table18|Neuro2A cell line|0.1nM|24h
2,train,cmAPP:2080,17103b04fab21cdc,US20220002724A1|Table18|Neuro2A cell line|0.1nM|24h
2,train,cmAPP:2083,17103b04fab21cdc,US20220002724A1|Table18|Neuro2A cell line|0.1nM|24h
2,train,cmAPP:2086,1212da56aac7a198,US20220002724A1|Table18|Neuro2A cell line|0.1nM|24h
2,train,cmAPP:2093,1c10d86ec1a802f4,US20220002724A1|Table18|Neuro2A cell line|0.1nM|24h
2,train,cmAPP:2096,1212da56aac7a198,US20220002724A1|Table18|Neuro2A cell line|0.1nM|24h
2,train,cmAPP:2106,28639edc531a2e1a,US20220002724A1|Table18|Neuro2A cell line|0.1nM|24h
2,train,cmAPP:2110,1c10d86ec1a802f4,US20220002724A1|Table18|Neuro2A cell line|0.1nM|24h
2,train,cmAPP:2111,5848c205ff64ecf8,US20220002724A1|Table18|Neuro2A cell line|0.1nM|24h
2,train,cmAPP:2112,5848c205ff64ecf8,US20220002724A1|Table18|Neuro2A cell line|0.1nM|24h
2,train,cmAPP:2114,28639edc531a2e1a,US20220002724A1|Table18|Neuro2A cell line|0.1nM|24h
2,train,cmAPP:2116,8a110cbb1ec4bb37,US20220002724A1|Table18|Neuro2A cell line|0.1nM|24h
2,train,cmAPP:2118,10c405d304cc4e37,US20220002724A1|Table18|Neuro2A cell line|0.1nM|24h
2,train,cmAPP:2119,28639edc531a2e1a,US20220002724A1|Table18|Neuro2A cell line|0.1nM|24h
2,train,cmAPP:2120,28639edc531a2e1a,US20220002724A1|Table18|Neuro2A cell line|0.1nM|24h
2,train,cmAPP:2121,28639edc531a2e1a,US20220002724A1|Table18|Neuro2A cell line|0.1nM|24h
2,train,cmAPP:2123,5848c205ff64ecf8,US20220002724A1|Table18|Neuro2A cell line|0.1nM|24h
2,validation,cmAPP:1597,9fea29da568e9bc1,US20220002724A1|Table17|Be(2)C cell line|10.0nM|24h
2,validation,cmAPP:1622,72478f51d38ee208,US20220002724A1|Table17|Be(2)C cell line|10.0nM|24h
2,validation,cmAPP:1640,9fea29da568e9bc1,US20220002724A1|Table17|Be(2)C cell line|10.0nM|24h
2,validation,cmAPP:1667,72478f51d38ee208,US20220002724A1|Table17|Be(2)C cell line|10.0nM|24h
2,validation,cmAPP:1687,9fea29da568e9bc1,US20220002724A1|Table17|Be(2)C cell line|1.0nM|24h
2,validation,cmAPP:1712,72478f51d38ee208,US20220002724A1|Table17|Be(2)C cell line|1.0nM|24h
2,validation,cmAPP:1730,9fea29da568e9bc1,US20220002724A1|Table17|Be(2)C cell line|1.0nM|24h
2,validation,cmAPP:1757,72478f51d38ee208,US20220002724A1|Table17|Be(2)C cell line|1.0nM|24h
2,validation,cmAPP:1777,9fea29da568e9bc1,US20220002724A1|Table17|Be(2)C cell line|0.1nM|24h
2,validation,cmAPP:1802,72478f51d38ee208,US20220002724A1|Table17|Be(2)C cell line|0.1nM|24h
2,validation,cmAPP:1820,9fea29da568e9bc1,US20220002724A1|Table17|Be(2)C cell line|0.1nM|24h
2,validation,cmAPP:1847,72478f51d38ee208,US20220002724A1|Table17|Be(2)C cell line|0.1nM|24h
2,validation,cmAPP:1867,9fea29da568e9bc1,US20220002724A1|Table18|Neuro2A cell line|10.0nM|24h
2,validation,cmAPP:1892,72478f51d38ee208,US20220002724A1|Table18|Neuro2A cell line|10.0nM|24h
2,validation,cmAPP:1910,9fea29da568e9bc1,US20220002724A1|Table18|Neuro2A cell line|10.0nM|24h
2,validation,cmAPP:1937,72478f51d38ee208,US20220002724A1|Table18|Neuro2A cell line|10.0nM|24h
2,validation,cmAPP:1957,9fea29da568e9bc1,US20220002724A1|Table18|Neuro2A cell line|1.0nM|24h
2,validation,cmAPP:1982,72478f51d38ee208,US20220002724A1|Table18|Neuro2A cell line|1.0nM|24h
2,validation,cmAPP:2000,9fea29da568e9bc1,US20220002724A1|Table18|Neuro2A cell line|1.0nM|24h
2,validation,cmAPP:2027,72478f51d38ee208,US20220002724A1|Table18|Neuro2A cell line|1.0nM|24h
2,validation,cmAPP:2047,9fea29da568e9bc1,US20220002724A1|Table18|Neuro2A cell line|0.1nM|24h
2,validation,cmAPP:2072,72478f51d38ee208,US20220002724A1|Table18|Neuro2A cell line|0.1nM|24h
2,validation,cmAPP:2090,9fea29da568e9bc1,US20220002724A1|Table18|Neuro2A cell line|0.1nM|24h
2,validation,cmAPP:2117,72478f51d38ee208,US20220002724A1|Table18|Neuro2A cell line|0.1nM|24h
2,test,cmAPP:1590,151435cc8a45853a,US20220002724A1|Table17|Be(2)C cell line|10.0nM|24h
2,test,cmAPP:1593,151435cc8a45853a,US20220002724A1|Table17|Be(2)C cell line|10.0nM|24h
2,test,cmAPP:1595,2c34ab854a6ad95b,US20220002724A1|Table17|Be(2)C cell line|10.0nM|24h
2,test,cmAPP:1596,2c34ab854a6ad95b,US20220002724A1|Table17|Be(2)C cell line|10.0nM|24h
2,test,cmAPP:1604,9620aee947fd49ea,US20220002724A1|Table17|Be(2)C cell line|10.0nM|24h
2,test,cmAPP:1607,2c34ab854a6ad95b,US20220002724A1|Table17|Be(2)C cell line|10.0nM|24h
2,test,cmAPP:1612,2c34ab854a6ad95b,US20220002724A1|Table17|Be(2)C cell line|10.0nM|24h
2,test,cmAPP:1627,2c34ab854a6ad95b,US20220002724A1|Table17|Be(2)C cell line|10.0nM|24h
2,test,cmAPP:1635,151435cc8a45853a,US20220002724A1|Table17|Be(2)C cell line|10.0nM|24h
2,test,cmAPP:1638,151435cc8a45853a,US20220002724A1|Table17|Be(2)C cell line|10.0nM|24h
2,test,cmAPP:1641,2c34ab854a6ad95b,US20220002724A1|Table17|Be(2)C cell line|10.0nM|24h
2,test,cmAPP:1642,2c34ab854a6ad95b,US20220002724A1|Table17|Be(2)C cell line|10.0nM|24h
2,test,cmAPP:1649,9620aee947fd49ea,US20220002724A1|Table17|Be(2)C cell line|10.0nM|24h
2,test,cmAPP:1652,2c34ab854a6ad95b,US20220002724A1|Table17|Be(2)C cell line|10.0nM|24h
2,test,cmAPP:1657,2c34ab854a6ad95b,US20220002724A1|Table17|Be(2)C cell line|10.0nM|24h
2,test,cmAPP:1672,2c34ab854a6ad95b,US20220002724A1|Table17|Be(2)C cell line|10.0nM|24h
2,test,cmAPP:1680,151435cc8a45853a,US20220002724A1|Table17|Be(2)C cell line|1.0nM|24h
2,test,cmAPP:1683,151435cc8a45853a,US20220002724A1|Table17|Be(2)C cell line|1.0nM|24h
2,test,cmAPP:1685,2c34ab854a6ad95b,US20220002724A1|Table17|Be(2)C cell line|1.0nM|24h
2,test,cmAPP:1686,2c34ab854a6ad95b,US20220002724A1|Table17|Be(2)C cell line|1.0nM|24h
2,test,cmAPP:1694,9620aee947fd49ea,US20220002724A1|Table17|Be(2)C cell line|1.0nM|24h
2,test,cmAPP:1697,2c34ab854a6ad95b,US20220002724A1|Table17|Be(2)C cell line|1.0nM|24h
2,test,cmAPP:1702,2c34ab854a6ad95b,US20220002724A1|Table17|Be(2)C cell line|1.0nM|24h
2,test,cmAPP:1717,2c34ab854a6ad95b,US20220002724A1|Table17|Be(2)C cell line|1.0nM|24h
2,test,cmAPP:1725,151435cc8a45853a,US20220002724A1|Table17|Be(2)C cell line|1.0nM|24h
2,test,cmAPP:1728,151435cc8a45853a,US20220002724A1|Table17|Be(2)C cell line|1.0nM|24h
2,test,cmAPP:1731,2c34ab854a6ad95b,US20220002724A1|Table17|Be(2)C cell line|1.0nM|24h
2,test,cmAPP:1732,2c34ab854a6ad95b,US20220002724A1|Table17|Be(2)C cell line|1.0nM|24h
2,test,cmAPP:1739,9620aee947fd49ea,US20220002724A1|Table17|Be(2)C cell line|1.0nM|24h
2,test,cmAPP:1742,2c34ab854a6ad95b,US20220002724A1|Table17|Be(2)C cell line|1.0nM|24h
2,test,cmAPP:1747,2c34ab854a6ad95b,US20220002724A1|Table17|Be(2)C cell line|1.0nM|24h
2,test,cmAPP:1762,2c34ab854a6ad95b,US20220002724A1|Table17|Be(2)C cell line|1.0nM|24h
2,test,cmAPP:1770,151435cc8a45853a,US20220002724A1|Table17|Be(2)C cell line|0.1nM|24h
2,test,cmAPP:1773,151435cc8a45853a,US20220002724A1|Table17|Be(2)C cell line|0.1nM|24h
2,test,cmAPP:1775,2c34ab854a6ad95b,US20220002724A1|Table17|Be(2)C cell line|0.1nM|24h
2,test,cmAPP:1776,2c34ab854a6ad95b,US20220002724A1|Table17|Be(2)C cell line|0.1nM|24h
2,test,cmAPP:1784,9620aee947fd49ea,US20220002724A1|Table17|Be(2)C cell line|0.1nM|24h
2,test,cmAPP:1787,2c34ab854a6ad95b,US20220002724A1|Table17|Be(2)C cell line|0.1nM|24h
2,test,cmAPP:1792,2c34ab854a6ad95b,US20220002724A1|Table17|Be(2)C cell line|0.1nM|24h
2,test,cmAPP:1807,2c34ab854a6ad95b,US20220002724A1|Table17|Be(2)C cell line|0.1nM|24h
2,test,cmAPP:1815,151435cc8a45853a,US20220002724A1|Table17|Be(2)C cell line|0.1nM|24h
2,test,cmAPP:1818,151435cc8a45853a,US20220002724A1|Table17|Be(2)C cell line|0.1nM|24h
2,test,cmAPP:1821,2c34ab854a6ad95b,US20220002724A1|Table17|Be(2)C cell line|0.1nM|24h
2,test,cmAPP:1822,2c34ab854a6ad95b,US20220002724A1|Table17|Be(2)C cell line|0.1nM|24h
2,test,cmAPP:1829,9620aee947fd49ea,US20220002724A1|Table17|Be(2)C cell line|0.1nM|24h
2,test,cmAPP:1832,2c34ab854a6ad95b,US20220002724A1|Table17|Be(2)C cell line|0.1nM|24h
2,test,cmAPP:1837,2c34ab854a6ad95b,US20220002724A1|Table17|Be(2)C cell line|0.1nM|24h
2,test,cmAPP:1852,2c34ab854a6ad95b,US20220002724A1|Table17|Be(2)C cell line|0.1nM|24h
2,test,cmAPP:1860,151435cc8a45853a,US20220002724A1|Table18|Neuro2A cell line|10.0nM|24h
2,test,cmAPP:1863,151435cc8a45853a,US20220002724A1|Table18|Neuro2A cell line|10.0nM|24h
2,test,cmAPP:1865,2c34ab854a6ad95b,US20220002724A1|Table18|Neuro2A cell line|10.0nM|24h
2,test,cmAPP:1866,2c34ab854a6ad95b,US20220002724A1|Table18|Neuro2A cell line|10.0nM|24h
2,test,cmAPP:1874,9620aee947fd49ea,US20220002724A1|Table18|Neuro2A cell line|10.0nM|24h
2,test,cmAPP:1877,2c34ab854a6ad95b,US20220002724A1|Table18|Neuro2A cell line|10.0nM|24h
2,test,cmAPP:1882,2c34ab854a6ad95b,US20220002724A1|Table18|Neuro2A cell line|10.0nM|24h
2,test,cmAPP:1897,2c34ab854a6ad95b,US20220002724A1|Table18|Neuro2A cell line|10.0nM|24h
2,test,cmAPP:1905,151435cc8a45853a,US20220002724A1|Table18|Neuro2A cell line|10.0nM|24h
2,test,cmAPP:1908,151435cc8a45853a,US20220002724A1|Table18|Neuro2A cell line|10.0nM|24h
2,test,cmAPP:1911,2c34ab854a6ad95b,US20220002724A1|Table18|Neuro2A cell line|10.0nM|24h
2,test,cmAPP:1912,2c34ab854a6ad95b,US20220002724A1|Table18|Neuro2A cell line|10.0nM|24h
2,test,cmAPP:1919,9620aee947fd49ea,US20220002724A1|Table18|Neuro2A cell line|10.0nM|24h
2,test,cmAPP:1922,2c34ab854a6ad95b,US20220002724A1|Table18|Neuro2A cell line|10.0nM|24h
2,test,cmAPP:1927,2c34ab854a6ad95b,US20220002724A1|Table18|Neuro2A cell line|10.0nM|24h
2,test,cmAPP:1942,2c34ab854a6ad95b,US20220002724A1|Table18|Neuro2A cell line|10.0nM|24h
2,test,cmAPP:1950,151435cc8a45853a,US20220002724A1|Table18|Neuro2A cell line|1.0nM|24h
2,test,cmAPP:1953,151435cc8a45853a,US20220002724A1|Table18|Neuro2A cell line|1.0nM|24h
2,test,cmAPP:1955,2c34ab854a6ad95b,US20220002724A1|Table18|Neuro2A cell line|1.0nM|24h
2,test,cmAPP:1956,2c34ab854a6ad95b,US20220002724A1|Table18|Neuro2A cell line|1.0nM|24h
2,test,cmAPP:1964,9620aee947fd49ea,US20220002724A1|Table18|Neuro2A cell line|1.0nM|24h
2,test,cmAPP:1967,2c34ab854a6ad95b,US20220002724A1|Table18|Neuro2A cell line|1.0nM|24h
2,test,cmAPP:1972,2c34ab854a6ad95b,US20220002724A1|Table18|Neuro2A cell line|1.0nM|24h
2,test,cmAPP:1987,2c34ab854a6ad95b,US20220002724A1|Table18|Neuro2A cell line|1.0nM|24h
2,test,cmAPP:1995,151435cc8a45853a,US20220002724A1|Table18|Neuro2A cell line|1.0nM|24h
2,test,cmAPP:1998,151435cc8a45853a,US20220002724A1|Table18|Neuro2A cell line|1.0nM|24h
2,test,cmAPP:2001,2c34ab854a6ad95b,US20220002724A1|Table18|Neuro2A cell line|1.0nM|24h
2,test,cmAPP:2002,2c34ab854a6ad95b,US20220002724A1|Table18|Neuro2A cell line|1.0nM|24h
2,test,cmAPP:2009,9620aee947fd49ea,US20220002724A1|Table18|Neuro2A cell line|1.0nM|24h
2,test,cmAPP:2012,2c34ab854a6ad95b,US20220002724A1|Table18|Neuro2A cell line|1.0nM|24h
2,test,cmAPP:2017,2c34ab854a6ad95b,US20220002724A1|Table18|Neuro2A cell line|1.0nM|24h
2,test,cmAPP:2032,2c34ab854a6ad95b,US20220002724A1|Table18|Neuro2A cell line|1.0nM|24h
2,test,cmAPP:2040,151435cc8a45853a,US20220002724A1|Table18|Neuro2A cell line|0.1nM|24h
2,test,cmAPP:2043,151435cc8a45853a,US20220002724A1|Table18|Neuro2A cell line|0.1nM|24h
2,test,cmAPP:2045,2c34ab854a6ad95b,US20220002724A1|Table18|Neuro2A cell line|0.1nM|24h
2,test,cmAPP:2046,2c34ab854a6ad95b,US20220002724A1|Table18|Neuro2A cell line|0.1nM|24h
2,test,cmAPP:2054,9620aee947fd49ea,US20220002724A1|Table18|Neuro2A cell line|0.1nM|24h
2,test,cmAPP:2057,2c34ab854a6ad95b,US20220002724A1|Table18|Neuro2A cell line|0.1nM|24h
2,test,cmAPP:2062,2c34ab854a6ad95b,US20220002724A1|Table18|Neuro2A cell line|0.1nM|24h
2,test,cmAPP:2077,2c34ab854a6ad95b,US20220002724A1|Table18|Neuro2A cell line|0.1nM|24h
2,test,cmAPP:2085,151435cc8a45853a,US20220002724A1|Table18|Neuro2A cell line|0.1nM|24h
2,test,cmAPP:2088,151435cc8a45853a,US20220002724A1|Table18|Neuro2A cell line|0.1nM|24h
2,test,cmAPP:2091,2c34ab854a6ad95b,US20220002724A1|Table18|Neuro2A cell line|0.1nM|24h
2,test,cmAPP:2092,2c34ab854a6ad95b,US20220002724A1|Table18|Neuro2A cell line|0.1nM|24h
2,test,cmAPP:2099,9620aee947fd49ea,US20220002724A1|Table18|Neuro2A cell line|0.1nM|24h
2,test,cmAPP:2102,2c34ab854a6ad95b,US20220002724A1|Table18|Neuro2A cell line|0.1nM|24h
2,test,cmAPP:2107,2c34ab854a6ad95b,US20220002724A1|Table18|Neuro2A cell line|0.1nM|24h
2,test,cmAPP:2122,2c34ab854a6ad95b,US20220002724A1|Table18|Neuro2A cell line|0.1nM|24h
3,train,cmAPP:1590,151435cc8a45853a,US20220002724A1|Table17|Be(2)C cell line|10.0nM|24h
3,train,cmAPP:1591,1212da56aac7a198,US20220002724A1|Table17|Be(2)C cell line|10.0nM|24h
3,train,cmAPP:1593,151435cc8a45853a,US20220002724A1|Table17|Be(2)C cell line|10.0nM|24h
3,train,cmAPP:1595,2c34ab854a6ad95b,US20220002724A1|Table17|Be(2)C cell line|10.0nM|24h
3,train,cmAPP:1596,2c34ab854a6ad95b,US20220002724A1|Table17|Be(2)C cell line|10.0nM|24h
3,train,cmAPP:1601,1212da56aac7a198,US20220002724A1|Table17|Be(2)C cell line|10.0nM|24h
3,train,cmAPP:1607,2c34ab854a6ad95b,US20220002724A1|Table17|Be(2)C cell line|10.0nM|24h
3,train,cmAPP:1611,28639edc531a2e1a,US20220002724A1|Table17|Be(2)C cell line|10.0nM|24h
3,train,cmAPP:1612,2c34ab854a6ad95b,US20220002724A1|Table17|Be(2)C cell line|10.0nM|24h
3,train,cmAPP:1615,28639edc531a2e1a,US20220002724A1|Table17|Be(2)C cell line|10.0nM|24h
3,train,cmAPP:1617,8a110cbb1ec4bb37,US20220002724A1|Table17|Be(2)C cell line|10.0nM|24h
3,train,cmAPP:1622,72478f51d38ee208,US20220002724A1|Table17|Be(2)C cell line|10.0nM|24h
3,train,cmAPP:1623,10c405d304cc4e37,US20220002724A1|Table17|Be(2)C cell line|10.0nM|24h
3,train,cmAPP:1624,28639edc531a2e1a,US20220002724A1|Table17|Be(2)C cell line|10.0nM|24h
3,train,cmAPP:1625,28639edc531a2e1a,US20220002724A1|Table17|Be(2)C cell line|10.0nM|24h
3,train,cmAPP:1626,28639edc531a2e1a,US20220002724A1|Table17|Be(2)C cell line|10.0nM|24h
3,train,cmAPP:1627,2c34ab854a6ad95b,US20220002724A1|Table17|Be(2)C cell line|10.0nM|24h
3,train,cmAPP:1635,151435cc8a45853a,US20220002724A1|Table17|Be(2)C cell line|10.0nM|24h
3,train,cmAPP:1636,1212da56aac7a198,US20220002724A1|Table17|Be(2)C cell line|10.0nM|24h
3,train,cmAPP:1638,151435cc8a45853a,US20220002724A1|Table17|Be(2)C cell line|10.0nM|24h
3,train,cmAPP:1641,2c34ab854a6ad95b,US20220002724A1|Table17|Be(2)C cell line|10.0nM|24h
3,train,cmAPP:1642,2c34ab854a6ad95b,US20220002724A1|Table17|Be(2)C cell line|10.0nM|24h
3,train,cmAPP:1646,1212da56aac7a198,US20220002724A1|Table17|Be(2)C cell line|10.0nM|24h
3,train,cmAPP:1652,2c34ab854a6ad95b,US20220002724A1|Table17|Be(2)C cell line|10.0nM|24h
3,train,cmAPP:1656,28639edc531a2e1a,US20220002724A1|Table17|Be(2)C cell line|10.0nM|24h
3,train,cmAPP:1657,2c34ab854a6ad95b,US20220002724A1|Table17|Be(2)C cell line|10.0nM|24h
3,train,cmAPP:1664,28639edc531a2e1a,US20220002724A1|Table17|Be(2)C cell line|10.0nM|24h
3,train,cmAPP:1666,8a110cbb1ec4bb37,US20220002724A1|Table17|Be(2)C cell line|10.0nM|24h
3,train,cmAPP:1667,72478f51d38ee208,US20220002724A1|Table17|Be(2)C cell line|10.0nM|24h
3,train,cmAPP:1668,10c405d304cc4e37,US20220002724A1|Table17|Be(2)C cell line|10.0nM|24h
3,train,cmAPP:1669,28639edc531a2e1a,US20220002724A1|Table17|Be(2)C cell line|10.0nM|24h
3,train,cmAPP:1670,28639edc531a2e1a,US20220002724A1|Table17|Be(2)C cell line|10.0nM|24h
3,train,cmAPP:1671,28639edc531a2e1a,US20220002724A1|Table17|Be(2)C cell line|10.0nM|24h
3,train,cmAPP:1672,2c34ab854a6ad95b,US20220002724A1|Table17|Be(2)C cell line|10.0nM|24h
3,train,cmAPP:1680,151435cc8a45853a,US20220002724A1|Table17|Be(2)C cell line|1.0nM|24h
3,train,cmAPP:1681,1212da56aac7a198,US20220002724A1|Table17|Be(2)C cell line|1.0nM|24h
3,train,cmAPP:1683,151435cc8a45853a,US20220002724A1|Table17|Be(2)C cell line|1.0nM|24h
3,train,cmAPP:1685,2c34ab854a6ad95b,US20220002724A1|Table17|Be(2)C cell line|1.0nM|24h
3,train,cmAPP:1686,2c34ab854a6ad95b,US20220002724A1|Table17|Be(2)C cell line|1.0nM|24h
3,train,cmAPP:1691,1212da56aac7a198,US20220002724A1|Table17|Be(2)C cell line|1.0nM|24h
3,train,cmAPP:1697,2c34ab854a6ad95b,US20220002724A1|Table17|Be(2)C cell line|1.0nM|24h
3,train,cmAPP:1701,28639edc531a2e1a,US20220002724A1|Table17|Be(2)C cell line|1.0nM|24h
3,train,cmAPP:1702,2c34ab854a6ad95b,US20220002724A1|Table17|Be(2)C cell line|1.0nM|24h
3,train,cmAPP:1705,28639edc531a2e1a,US20220002724A1|Table17|Be(2)C cell line|1.0nM|24h
3,train,cmAPP:1707,8a110cbb1ec4bb37,US20220002724A1|Table17|Be(2)C cell line|1.0nM|24h
3,train,cmAPP:1712,72478f51d38ee208,US20220002724A1|Table17|Be(2)C cell line|1.0nM|24h
3,train,cmAPP:1713,10c405d304cc4e37,US20220002724A1|Table17|Be(2)C cell line|1.0nM|24h
3,train,cmAPP:1714,28639edc531a2e1a,US20220002724A1|Table17|Be(2)C cell line|1.0nM|24h
3,train,cmAPP:1715,28639edc531a2e1a,US20220002724A1|Table17|Be(2)C cell line|1.0nM|24h
3,train,cmAPP:1716,28639edc531a2e1a,US20220002724A1|Table17|Be(2)C cell line|1.0nM|24h
3,train,cmAPP:1717,2c34ab854a6ad95b,US20220002724A1|Table17|Be(2)C cell line|1.0nM|24h
3,train,cmAPP:1725,151435cc8a45853a,US20220002724A1|Table17|Be(2)C cell line|1.0nM|24h
3,train,cmAPP:1726,1212da56aac7a198,US20220002724A1|Table17|Be(2)C cell line|1.0nM|24h
3,train,cmAPP:1728,151435cc8a45853a,US20220002724A1|Table17|Be(2)C cell line|1.0nM|24h
3,train,cmAPP:1731,2c34ab854a6ad95b,US20220002724A1|Table17|Be(2)C cell line|1.0nM|24h
3,train,cmAPP:1732,2c34ab854a6ad95b,US20220002724A1|Table17|Be(2)C cell line|1.0nM|24h
3,train,cmAPP:1736,1212da56aac7a198,US20220002724A1|Table17|Be(2)C cell line|1.0nM|24h
3,train,cmAPP:1742,2c34ab854a6ad95b,US20220002724A1|Table17|Be(2)C cell line|1.0nM|24h
3,train,cmAPP:1746,28639edc531a2e1a,US20220002724A1|Table17|Be(2)C cell line|1.0nM|24h
3,train,cmAPP:1747,2c34ab854a6ad95b,US20220002724A1|Table17|Be(2)C cell line|1.0nM|24h
3,train,cmAPP:1754,28639edc531a2e1a,US20220002724A1|Table17|Be(2)C cell line|1.0nM|24h
3,train,cmAPP:1756,8a110cbb1ec4bb37,US20220002724A1|Table17|Be(2)C cell line|1.0nM|24h
3,train,cmAPP:1757,72478f51d38ee208,US20220002724A1|Table17|Be(2)C cell line|1.0nM|24h
3,train,cmAPP:1758,10c405d304cc4e37,US20220002724A1|Table17|Be(2)C cell line|1.0nM|24h
3,train,cmAPP:1759,28639edc531a2e1a,US20220002724A1|Table17|Be(2)C cell line|1.0nM|24h
3,train,cmAPP:1760,28639edc531a2e1a,US20220002724A1|Table17|Be(2)C cell line|1.0nM|24h
3,train,cmAPP:1761,28639edc531a2e1a,US20220002724A1|Table17|Be(2)C cell line|1.0nM|24h
3,train,cmAPP:1762,2c34ab854a6ad95b,US20220002724A1|Table17|Be(2)C cell line|1.0nM|24h
3,train,cmAPP:1770,151435cc8a45853a,US20220002724A1|Table17|Be(2)C cell line|0.1nM|24h
3,train,cmAPP:1771,1212da56aac7a198,US20220002724A1|Table17|Be(2)C cell line|0.1nM|24h
3,train,cmAPP:1773,151435cc8a45853a,US20220002724A1|Table17|Be(2)C cell line|0.1nM|24h
3,train,cmAPP:1775,2c34ab854a6ad95b,US20220002724A1|Table17|Be(2)C cell line|0.1nM|24h
3,train,cmAPP:1776,2c34ab854a6ad95b,US20220002724A1|Table17|Be(2)C cell line|0.1nM|24h
3,train,cmAPP:1781,1212da56aac7a198,US20220002724A1|Table17|Be(2)C cell line|0.1nM|24h
3,train,cmAPP:1787,2c34ab854a6ad95b,US20220002724A1|Table17|Be(2)C cell line|0.1nM|24h
3,train,cmAPP:1791,28639edc531a2e1a,US20220002724A1|Table17|Be(2)C cell line|0.1nM|24h
3,train,cmAPP:1792,2c34ab854a6ad95b,US20220002724A1|Table17|Be(2)C cell line|0.1nM|24h
3,train,cmAPP:1795,28639edc531a2e1a,US20220002724A1|Table17|Be(2)C cell line|0.1nM|24h
3,train,cmAPP:1797,8a110cbb1ec4bb37,US20220002724A1|Table17|Be(2)C cell line|0.1nM|24h
3,train,cmAPP:1802,72478f51d38ee208,US20220002724A1|Table17|Be(2)C cell line|0.1nM|24h
3,train,cmAPP:1803,10c405d304cc4e37,US20220002724A1|Table17|Be(2)C cell line|0.1nM|24h
3,train,cmAPP:1804,28639edc531a2e1a,US20220002724A1|Table17|Be(2)C cell line|0.1nM|24h
3,train,cmAPP:1805,28639edc531a2e1a,US20220002724A1|Table17|Be(2)C cell line|0.1nM|24h
3,train,cmAPP:1806,28639edc531a2e1a,US20220002724A1|Table17|Be(2)C cell line|0.1nM|24h
3,train,cmAPP:1807,2c34ab854a6ad95b,US20220002724A1|Table17|Be(2)C cell line|0.1nM|24h
3,train,cmAPP:1815,151435cc8a45853a,US20220002724A1|Table17|Be(2)C cell line|0.1nM|24h
3,train,cmAPP:1816,1212da56aac7a198,US20220002724A1|Table17|Be(2)C cell line|0.1nM|24h
3,train,cmAPP:1818,151435cc8a45853a,US20220002724A1|Table17|Be(2)C cell line|0.1nM|24h
3,train,cmAPP:1821,2c34ab854a6ad95b,US20220002724A1|Table17|Be(2)C cell line|0.1nM|24h
3,train,cmAPP:1822,2c34ab854a6ad95b,US20220002724A1|Table17|Be(2)C cell line|0.1nM|24h
3,train,cmAPP:1826,1212da56aac7a198,US20220002724A1|Table17|Be(2)C cell line|0.1nM|24h
3,train,cmAPP:1832,2c34ab854a6ad95b,US20220002724A1|Table17|Be(2)C cell line|0.1nM|24h
3,train,cmAPP:1836,28639edc531a2e1a,US20220002724A1|Table17|Be(2)C cell line|0.1nM|24h
3,train,cmAPP:1837,2c34ab854a6ad95b,US20220002724A1|Table17|Be(2)C cell line|0.1nM|24h
3,train,cmAPP:1844,28639edc531a2e1a,US20220002724A1|Table17|Be(2)C cell line|0.1nM|24h
3,train,cmAPP:1846,8a110cbb1ec4bb37,US20220002724A1|Table17|Be(2)C cell line|0.1nM|24h
3,train,cmAPP:1847,72478f51d38ee208,US20220002724A1|Table17|Be(2)C cell line|0.1nM|24h
3,train,cmAPP:1848,10c405d304cc4e37,US20220002724A1|Table17|Be(2)C cell line|0.1nM|24h
3,train,cmAPP:1849,28639edc531a2e1a,US20220002724A1|Table17|Be(2)C cell line|0.1nM|24h
3,train,cmAPP:1850,28639edc531a2e1a,US20220002724A1|Table17|Be(2)C cell line|0.1nM|24h
3,train,cmAPP:1851,28639edc531a2e1a,US20220002724A1|Table17|Be(2)C cell line|0.1nM|24h
3,train,cmAPP:1852,2c34ab854a6ad95b,US20220002724A1|Table17|Be(2)C cell line|0.1nM|24h
3,train,cmAPP:1860,151435cc8a45853a,US20220002724A1|Table18|Neuro2A cell line|10.0nM|24h
3,train,cmAPP:1861,1212da56aac7a198,US20220002724A1|Table18|Neuro2A cell line|10.0nM|24h
3,train,cmAPP:1863,151435cc8a45853a,US20220002724A1|Table18|Neuro2A cell line|10.0nM|24h
3,train,cmAPP:1865,2c34ab854a6ad95b,US20220002724A1|Table18|Neuro2A cell line|10.0nM|24h
3,train,cmAPP:1866,2c34ab854a6ad95b,US20220002724A1|Table18|Neuro2A cell line|10.0nM|24h
3,train,cmAPP:1871,1212da56aac7a198,US20220002724A1|Table18|Neuro2A cell line|10.0nM|24h
3,train,cmAPP:1877,2c34ab854a6ad95b,US20220002724A1|Table18|Neuro2A cell line|10.0nM|24h
3,train,cmAPP:1881,28639edc531a2e1a,US20220002724A1|Table18|Neuro2A cell line|10.0nM|24h
3,train,cmAPP:1882,2c34ab854a6ad95b,US20220002724A1|Table18|Neuro2A cell line|10.0nM|24h
3,train,cmAPP:1885,28639edc531a2e1a,US20220002724A1|Table18|Neuro2A cell line|10.0nM|24h
3,train,cmAPP:1887,8a110cbb1ec4bb37,US20220002724A1|Table18|Neuro2A cell line|10.0nM|24h
3,train,cmAPP:1892,72478f51d38ee208,US20220002724A1|Table18|Neuro2A cell line|10.0nM|24h
3,train,cmAPP:1893,10c405d304cc4e37,US20220002724A1|Table18|Neuro2A cell line|10.0nM|24h
3,train,cmAPP:1894,28639edc531a2e1a,US20220002724A1|Table18|Neuro2A cell line|10.0nM|24h
3,train,cmAPP:1895,28639edc531a2e1a,US20220002724A1|Table18|Neuro2A cell line|10.0nM|24h
3,train,cmAPP:1896,28639edc531a2e1a,US20220002724A1|Table18|Neuro2A cell line|10.0nM|24h
3,train,cmAPP:1897,2c34ab854a6ad95b,US20220002724A1|Table18|Neuro2A cell line|10.0nM|24h
3,train,cmAPP:1905,151435cc8a45853a,US20220002724A1|Table18|Neuro2A cell line|10.0nM|24h
3,train,cmAPP:1906,1212da56aac7a198,US20220002724A1|Table18|Neuro2A cell line|10.0nM|24h
3,train,cmAPP:1908,151435cc8a45853a,US20220002724A1|Table18|Neuro2A cell line|10.0nM|24h
3,train,cmAPP:1911,2c34ab854a6ad95b,US20220002724A1|Table18|Neuro2A cell line|10.0nM|24h
3,train,cmAPP:1912,2c34ab854a6ad95b,US20220002724A1|Table18|Neuro2A cell line|10.0nM|24h
3,train,cmAPP:1916,1212da56aac7a198,US20220002724A1|Table18|Neuro2A cell line|10.0nM|24h
3,train,cmAPP:1922,2c34ab854a6ad95b,US20220002724A1|Table18|Neuro2A cell line|10.0nM|24h
3,train,cmAPP:1926,28639edc531a2e1a,US20220002724A1|Table18|Neuro2A cell line|10.0nM|24h
3,train,cmAPP:1927,2c34ab854a6ad95b,US20220002724A1|Table18|Neuro2A cell line|10.0nM|24h
3,train,cmAPP:1934,28639edc531a2e1a,US20220002724A1|Table18|Neuro2A cell line|10.0nM|24h
3,train,cmAPP:1936,8a110cbb1ec4bb37,US20220002724A1|Table18|Neuro2A cell line|10.0nM|24h
3,train,cmAPP:1937,72478f51d38ee208,US20220002724A1|Table18|Neuro2A cell line|10.0nM|24h
3,train,cmAPP:1938,10c405d304cc4e37,US20220002724A1|Table18|Neuro2A cell line|10.0nM|24h
3,train,cmAPP:1939,28639edc531a2e1a,US20220002724A1|Table18|Neuro2A cell line|10.0nM|24h
3,train,cmAPP:1940,28639edc531a2e1a,US20220002724A1|Table18|Neuro2A cell line|10.0nM|24h
3,train,cmAPP:1941,28639edc531a2e1a,US20220002724A1|Table18|Neuro2A cell line|10.0nM|24h
3,train,cmAPP:1942,2c34ab854a6ad95b,US20220002724A1|Table18|Neuro2A cell line|10.0nM|24h
3,train,cmAPP:1950,151435cc8a45853a,US20220002724A1|Table18|Neuro2A cell line|1.0nM|24h
3,train,cmAPP:1951,1212da56aac7a198,US20220002724A1|Table18|Neuro2A cell line|1.0nM|24h
3,train,cmAPP:1953,151435cc8a45853a,US20220002724A1|Table18|Neuro2A cell line|1.0nM|24h
3,train,cmAPP:1955,2c34ab854a6ad95b,US20220002724A1|Table18|Neuro2A cell line|1.0nM|24h
3,train,cmAPP:1956,2c34ab854a6ad95b,US20220002724A1|Table18|Neuro2A cell line|1.0nM|24h
3,train,cmAPP:1961,1212da56aac7a198,US20220002724A1|Table18|Neuro2A cell line|1.0nM|24h
3,train,cmAPP:1967,2c34ab854a6ad95b,US20220002724A1|Table18|Neuro2A cell line|1.0nM|24h
3,train,cmAPP:1971,28639edc531a2e1a,US20220002724A1|Table18|Neuro2A cell line|1.0nM|24h
3,train,cmAPP:1972,2c34ab854a6ad95b,US20220002724A1|Table18|Neuro2A cell line|1.0nM|24h
3,train,cmAPP:1975,28639edc531a2e1a,US20220002724A1|Table18|Neuro2A cell line|1.0nM|24h
3,train,cmAPP:1977,8a110cbb1ec4bb37,US20220002724A1|Table18|Neuro2A cell line|1.0nM|24h
3,train,cmAPP:1982,72478f51d38ee208,US20220002724A1|Table18|Neuro2A cell line|1.0nM|24h
3,train,cmAPP:1983,10c405d304cc4e37,US20220002724A1|Table18|Neuro2A cell line|1.0nM|24h
3,train,cmAPP:1984,28639edc531a2e1a,US20220002724A1|Table18|Neuro2A cell line|1.0nM|24h
3,train,cmAPP:1985,28639edc531a2e1a,US20220002724A1|Table18|Neuro2A cell line|1.0nM|24h
3,train,cmAPP:1986,28639edc531a2e1a,US20220002724A1|Table18|Neuro2A cell line|1.0nM|24h
3,train,cmAPP:1987,2c34ab854a6ad95b,US20220002724A1|Table18|Neuro2A cell line|1.0nM|24h
3,train,cmAPP:1995,151435cc8a45853a,US20220002724A1|Table18|Neuro2A cell line|1.0nM|24h
3,train,cmAPP:1996,1212da56aac7a198,US20220002724A1|Table18|Neuro2A cell line|1.0nM|24h
3,train,cmAPP:1998,151435cc8a45853a,US20220002724A1|Table18|Neuro2A cell line|1.0nM|24h
3,train,cmAPP:2001,2c34ab854a6ad95b,US20220002724A1|Table18|Neuro2A cell line|1.0nM|24h
3,train,cmAPP:2002,2c34ab854a6ad95b,US20220002724A1|Table18|Neuro2A cell line|1.0nM|24h
3,train,cmAPP:2006,1212da56aac7a198,US20220002724A1|Table18|Neuro2A cell line|1.0nM|24h
3,train,cmAPP:2012,2c34ab854a6ad95b,US20220002724A1|Table18|Neuro2A cell line|1.0nM|24h
3,train,cmAPP:2016,28639edc531a2e1a,US20220002724A1|Table18|Neuro2A cell line|1.0nM|24h
3,train,cmAPP:2017,2c34ab854a6ad95b,US20220002724A1|Table18|Neuro2A cell line|1.0nM|24h
3,train,cmAPP:2024,28639edc531a2e1a,US20220002724A1|Table18|Neuro2A cell line|1.0nM|24h
3,train,cmAPP:2026,8a110cbb1ec4bb37,US20220002724A1|Table18|Neuro2A cell line|1.0nM|24h
3,train,cmAPP:2027,72478f51d38ee208,US20220002724A1|Table18|Neuro2A cell line|1.0nM|24h
3,train,cmAPP:2028,10c405d304cc4e37,US20220002724A1|Table18|Neuro2A cell line|1.0nM|24h
3,train,cmAPP:2029,28639edc531a2e1a,US20220002724A1|Table18|Neuro2A cell line|1.0nM|24h
3,train,cmAPP:2030,28639edc531a2e1a,US20220002724A1|Table18|Neuro2A cell line|1.0nM|24h
3,train,cmAPP:2031,28639edc531a2e1a,US20220002724A1|Table18|Neuro2A cell line|1.0nM|24h
3,train,cmAPP:2032,2c34ab854a6ad95b,US20220002724A1|Table18|Neuro2A cell line|1.0nM|24h
3,train,cmAPP:2040,151435cc8a45853a,US20220002724A1|Table18|Neuro2A cell line|0.1nM|24h
3,train,cmAPP:2041,1212da56aac7a198,US20220002724A1|Table18|Neuro2A cell line|0.1nM|24h
3,train,cmAPP:2043,151435cc8a45853a,US20220002724A1|Table18|Neuro2A cell line|0.1nM|24h
3,train,cmAPP:2045,2c34ab854a6ad95b,US20220002724A1|Table18|Neuro2A cell line|0.1nM|24h
3,train,cmAPP:2046,2c34ab854a6ad95b,US20220002724A1|Table18|Neuro2A cell line|0.1nM|24h
3,train,cmAPP:2051,1212da56aac7a198,US20220002724A1|Table18|Neuro2A cell line|0.1nM|24h
3,train,cmAPP:2057,2c34ab854a6ad95b,US20220002724A1|Table18|Neuro2A cell line|0.1nM|24h
3,train,cmAPP:2061,28639edc531a2e1a,US20220002724A1|Table18|Neuro2A cell line|0.1nM|24h
3,train,cmAPP:2062,2c34ab854a6ad95b,US20220002724A1|Table18|Neuro2A cell line|0.1nM|24h
3,train,cmAPP:2065,28639edc531a2e1a,US20220002724A1|Table18|Neuro2A cell line|0.1nM|24h
3,train,cmAPP:2067,8a110cbb1ec4bb37,US20220002724A1|Table18|Neuro2A cell line|0.1nM|24h
3,train,cmAPP:2072,72478f51d38ee208,US20220002724A1|Table18|Neuro2A cell line|0.1nM|24h
3,train,cmAPP:2073,10c405d304cc4e37,US20220002724A1|Table18|Neuro2A cell line|0.1nM|24h
3,train,cmAPP:2074,28639edc531a2e1a,US20220002724A1|Table18|Neuro2A cell line|0.1nM|24h
3,train,cmAPP:2075,28639edc531a2e1a,US20220002724A1|Table18|Neuro2A cell line|0.1nM|24h
3,train,cmAPP:2076,28639edc531a2e1a,US20220002724A1|Table18|Neuro2A cell line|0.1nM|24h
3,train,cmAPP:2077,2c34ab854a6ad95b,US20220002724A1|Table18|Neuro2A cell line|0.1nM|24h
3,train,cmAPP:2085,151435cc8a45853a,US20220002724A1|Table18|Neuro2A cell line|0.1nM|24h
3,train,cmAPP:2086,1212da56aac7a198,US20220002724A1|Table18|Neuro2A cell line|0.1nM|24h
3,train,cmAPP:2088,151435cc8a45853a,US20220002724A1|Table18|Neuro2A cell line|0.1nM|24h
3,train,cmAPP:2091,2c34ab854a6ad95b,US20220002724A1|Table18|Neuro2A cell line|0.1nM|24h
3,train,cmAPP:2092,2c34ab854a6ad95b,US20220002724A1|Table18|Neuro2A cell line|0.1nM|24h
3,train,cmAPP:2096,1212da56aac7a198,US20220002724A1|Table18|Neuro2A cell line|0.1nM|24h
3,train,cmAPP:2102,2c34ab854a6ad95b,US20220002724A1|Table18|Neuro2A cell line|0.1nM|24h
3,train,cmAPP:2106,28639edc531a2e1a,US20220002724A1|Table18|Neuro2A cell line|0.1nM|24h
3,train,cmAPP:2107,2c34ab854a6ad95b,US20220002724A1|Table18|Neuro2A cell line|0.1nM|24h
3,train,cmAPP:2114,28639edc531a2e1a,US20220002724A1|Table18|Neuro2A cell line|0.1nM|24h
3,train,cmAPP:2116,8a110cbb1ec4bb37,US20220002724A1|Table18|Neuro2A cell line|0.1nM|24h
3,train,cmAPP:2117,72478f51d38ee208,US20220002724A1|Table18|Neuro2A cell line|0.1nM|24h
3,train,cmAPP:2118,10c405d304cc4e37,US20220002724A1|Table18|Neuro2A cell line|0.1nM|24h
3,train,cmAPP:2119,28639edc531a2e1a,US20220002724A1|Table18|Neuro2A cell line|0.1nM|24h
3,train,cmAPP:2120,28639edc531a2e1a,US20220002724A1|Table18|Neuro2A cell line|0.1nM|24h
3,train,cmAPP:2121,28639edc531a2e1a,US20220002724A1|Table18|Neuro2A cell line|0.1nM|24h
3,train,cmAPP:2122,2c34ab854a6ad95b,US20220002724A1|Table18|Neuro2A cell line|0.1nM|24h
3,validation,cmAPP:1598,1c10d86ec1a802f4,US20220002724A1|Table17|Be(2)C cell line|10.0nM|24h
3,validation,cmAPP:1604,9620aee947fd49ea,US20220002724A1|Table17|Be(2)C cell line|10.0nM|24h
3,validation,cmAPP:1619,1c10d86ec1a802f4,US20220002724A1|Table17|Be(2)C cell line|10.0nM|24h
3,validation,cmAPP:1643,1c10d86ec1a802f4,US20220002724A1|Table17|Be(2)C cell line|10.0nM|24h
3,validation,cmAPP:1649,9620aee947fd49ea,US20220002724A1|Table17|Be(2)C cell line|10.0nM|24h
3,validation,cmAPP:1660,1c10d86ec1a802f4,US20220002724A1|Table17|Be(2)C cell line|10.0nM|24h
3,validation,cmAPP:1688,1c10d86ec1a802f4,US20220002724A1|Table17|Be(2)C cell line|1.0nM|24h
3,validation,cmAPP:1694,9620aee947fd49ea,US20220002724A1|Table17|Be(2)C cell line|1.0nM|24h
3,validation,cmAPP:1709,1c10d86ec1a802f4,US20220002724A1|Table17|Be(2)C cell line|1.0nM|24h
3,validation,cmAPP:1733,1c10d86ec1a802f4,US20220002724A1|Table17|Be(2)C cell line|1.0nM|24h
3,validation,cmAPP:1739,9620aee947fd49ea,US20220002724A1|Table17|Be(2)C cell line|1.0nM|24h
3,validation,cmAPP:1750,1c10d86ec1a802f4,US20220002724A1|Table17|Be(2)C cell line|1.0nM|24h
3,validation,cmAPP:1778,1c10d86ec1a802f4,US20220002724A1|Table17|Be(2)C cell line|0.1nM|24h
3,validation,cmAPP:1784,9620aee947fd49ea,US20220002724A1|Table17|Be(2)C cell line|0.1nM|24h
3,validation,cmAPP:1799,1c10d86ec1a802f4,US20220002724A1|Table17|Be(2)C cell line|0.1nM|24h
3,validation,cmAPP:1823,1c10d86ec1a802f4,US20220002724A1|Table17|Be(2)C cell line|0.1nM|24h
3,validation,cmAPP:1829,9620aee947fd49ea,US20220002724A1|Table17|Be(2)C cell line|0.1nM|24h
3,validation,cmAPP:1840,1c10d86ec1a802f4,US20220002724A1|Table17|Be(2)C cell line|0.1nM|24h
3,validation,cmAPP:1868,1c10d86ec1a802f4,US20220002724A1|Table18|Neuro2A cell line|10.0nM|24h
3,validation,cmAPP:1874,9620aee947fd49ea,US20220002724A1|Table18|Neuro2A cell line|10.0nM|24h
3,validation,cmAPP:1889,1c10d86ec1a802f4,US20220002724A1|Table18|Neuro2A cell line|10.0nM|24h
3,validation,cmAPP:1913,1c10d86ec1a802f4,US20220002724A1|Table18|Neuro2A cell line|10.0nM|24h
3,validation,cmAPP:1919,9620aee947fd49ea,US20220002724A1|Table18|Neuro2A cell line|10.0nM|24h
3,validation,cmAPP:1930,1c10d86ec1a802f4,US20220002724A1|Table18|Neuro2A cell line|10.0nM|24h
3,validation,cmAPP:1958,1c10d86ec1a802f4,US20220002724A1|Table18|Neuro2A cell line|1.0nM|24h
3,validation,cmAPP:1964,9620aee947fd49ea,US20220002724A1|Table18|Neuro2A cell line|1.0nM|24h
3,validation,cmAPP:1979,1c10d86ec1a802f4,US20220002724A1|Table18|Neuro2A cell line|1.0nM|24h
3,validation,cmAPP:2003,1c10d86ec1a802f4,US20220002724A1|Table18|Neuro2A cell line|1.0nM|24h
3,validation,cmAPP:2009,9620aee947fd49ea,US20220002724A1|Table18|Neuro2A cell line|1.0nM|24h
3,validation,cmAPP:2020,1c10d86ec1a802f4,US20220002724A1|Table18|Neuro2A cell line|1.0nM|24h
3,validation,cmAPP:2048,1c10d86ec1a802f4,US20220002724A1|Table18|Neuro2A cell line|0.1nM|24h
3,validation,cmAPP:2054,9620aee947fd49ea,US20220002724A1|Table18|Neuro2A cell line|0.1nM|24h
3,validation,cmAPP:2069,1c10d86ec1a802f4,US20220002724A1|Table18|Neuro2A cell line|0.1nM|24h
3,validation,cmAPP:2093,1c10d86ec1a802f4,US20220002724A1|Table18|Neuro2A cell line|0.1nM|24h
3,validation,cmAPP:2099,9620aee947fd49ea,US20220002724A1|Table18|Neuro2A cell line|0.1nM|24h
3,validation,cmAPP:2110,1c10d86ec1a802f4,US20220002724A1|Table18|Neuro2A cell line|0.1nM|24h
3,test,cmAPP:1585,17103b04fab21cdc,US20220002724A1|Table17|Be(2)C cell line|10.0nM|24h
3,test,cmAPP:1588,17103b04fab21cdc,US20220002724A1|Table17|Be(2)C cell line|10.0nM|24h
3,test,cmAPP:1597,9fea29da568e9bc1,US20220002724A1|Table17|Be(2)C cell line|10.0nM|24h
3,test,cmAPP:1620,5848c205ff64ecf8,US20220002724A1|Table17|Be(2)C cell line|10.0nM|24h
3,test,cmAPP:1621,5848c205ff64ecf8,US20220002724A1|Table17|Be(2)C cell line|10.0nM|24h
3,test,cmAPP:1628,5848c205ff64ecf8,US20220002724A1|Table17|Be(2)C cell line|10.0nM|24h
3,test,cmAPP:1630,17103b04fab21cdc,US20220002724A1|Table17|Be(2)C cell line|10.0nM|24h
3,test,cmAPP:1633,17103b04fab21cdc,US20220002724A1|Table17|Be(2)C cell line|10.0nM|24h
3,test,cmAPP:1640,9fea29da568e9bc1,US20220002724A1|Table17|Be(2)C cell line|10.0nM|24h
3,test,cmAPP:1661,5848c205ff64ecf8,US20220002724A1|Table17|Be(2)C cell line|10.0nM|24h
3,test,cmAPP:1662,5848c205ff64ecf8,US20220002724A1|Table17|Be(2)C cell line|10.0nM|24h
3,test,cmAPP:1673,5848c205ff64ecf8,US20220002724A1|Table17|Be(2)C cell line|10.0nM|24h
3,test,cmAPP:1675,17103b04fab21cdc,US20220002724A1|Table17|Be(2)C cell line|1.0nM|24h
3,test,cmAPP:1678,17103b04fab21cdc,US20220002724A1|Table17|Be(2)C cell line|1.0nM|24h
3,test,cmAPP:1687,9fea29da568e9bc1,US20220002724A1|Table17|Be(2)C cell line|1.0nM|24h
3,test,cmAPP:1710,5848c205ff64ecf8,US20220002724A1|Table17|Be(2)C cell line|1.0nM|24h
3,test,cmAPP:1711,5848c205ff64ecf8,US20220002724A1|Table17|Be(2)C cell line|1.0nM|24h
3,test,cmAPP:1718,5848c205ff64ecf8,US20220002724A1|Table17|Be(2)C cell line|1.0nM|24h
3,test,cmAPP:1720,17103b04fab21cdc,US20220002724A1|Table17|Be(2)C cell line|1.0nM|24h
3,test,cmAPP:1723,17103b04fab21cdc,US20220002724A1|Table17|Be(2)C cell line|1.0nM|24h
3,test,cmAPP:1730,9fea29da568e9bc1,US20220002724A1|Table17|Be(2)C cell line|1.0nM|24h
3,test,cmAPP:1751,5848c205ff64ecf8,US20220002724A1|Table17|Be(2)C cell line|1.0nM|24h
3,test,cmAPP:1752,5848c205ff64ecf8,US20220002724A1|Table17|Be(2)C cell line|1.0nM|24h
3,test,cmAPP:1763,5848c205ff64ecf8,US20220002724A1|Table17|Be(2)C cell line|1.0nM|24h
3,test,cmAPP:1765,17103b04fab21cdc,US20220002724A1|Table17|Be(2)C cell line|0.1nM|24h
3,test,cmAPP:1768,17103b04fab21cdc,US20220002724A1|Table17|Be(2)C cell line|0.1nM|24h
3,test,cmAPP:1777,9fea29da568e9bc1,US20220002724A1|Table17|Be(2)C cell line|0.1nM|24h
3,test,cmAPP:1800,5848c205ff64ecf8,US20220002724A1|Table17|Be(2)C cell line|0.1nM|24h
3,test,cmAPP:1801,5848c205ff64ecf8,US20220002724A1|Table17|Be(2)C cell line|0.1nM|24h
3,test,cmAPP:1808,5848c205ff64ecf8,US20220002724A1|Table17|Be(2)C cell line|0.1nM|24h
3,test,cmAPP:1810,17103b04fab21cdc,US20220002724A1|Table17|Be(2)C cell line|0.1nM|24h
3,test,cmAPP:1813,17103b04fab21cdc,US20220002724A1|Table17|Be(2)C cell line|0.1nM|24h
3,test,cmAPP:1820,9fea29da568e9bc1,US20220002724A1|Table17|Be(2)C cell line|0.1nM|24h
3,test,cmAPP:1841,5848c205ff64ecf8,US20220002724A1|Table17|Be(2)C cell line|0.1nM|24h
3,test,cmAPP:1842,5848c205ff64ecf8,US20220002724A1|Table17|Be(2)C cell line|0.1nM|24h
3,test,cmAPP:1853,5848c205ff64ecf8,US20220002724A1|Table17|Be(2)C cell line|0.1nM|24h
3,test,cmAPP:1855,17103b04fab21cdc,US20220002724A1|Table18|Neuro2A cell line|10.0nM|24h
3,test,cmAPP:1858,17103b04fab21cdc,US20220002724A1|Table18|Neuro2A cell line|10.0nM|24h
3,test,cmAPP:1867,9fea29da568e9bc1,US20220002724A1|Table18|Neuro2A cell line|10.0nM|24h
3,test,cmAPP:1890,5848c205ff64ecf8,US20220002724A1|Table18|Neuro2A cell line|10.0nM|24h
3,test,cmAPP:1891,5848c205ff64ecf8,US20220002724A1|Table18|Neuro2A cell line|10.0nM|24h
3,test,cmAPP:1898,5848c205ff64ecf8,US20220002724A1|Table18|Neuro2A cell line|10.0nM|24h
3,test,cmAPP:1900,17103b04fab21cdc,US20220002724A1|Table18|Neuro2A cell line|10.0nM|24h
3,test,cmAPP:1903,17103b04fab21cdc,US20220002724A1|Table18|Neuro2A cell line|10.0nM|24h
3,test,cmAPP:1910,9fea29da568e9bc1,US20220002724A1|Table18|Neuro2A cell line|10.0nM|24h
3,test,cmAPP:1931,5848c205ff64ecf8,US20220002724A1|Table18|Neuro2A cell line|10.0nM|24h
3,test,cmAPP:1932,5848c205ff64ecf8,US20220002724A1|Table18|Neuro2A cell line|10.0nM|24h
3,test,cmAPP:1943,5848c205ff64ecf8,US20220002724A1|Table18|Neuro2A cell line|10.0nM|24h
3,test,cmAPP:1945,17103b04fab21cdc,US20220002724A1|Table18|Neuro2A cell line|1.0nM|24h
3,test,cmAPP:1948,17103b04fab21cdc,US20220002724A1|Table18|Neuro2A cell line|1.0nM|24h
3,test,cmAPP:1957,9fea29da568e9bc1,US20220002724A1|Table18|Neuro2A cell line|1.0nM|24h
3,test,cmAPP:1980,5848c205ff64ecf8,US20220002724A1|Table18|Neuro2A cell line|1.0nM|24h
3,test,cmAPP:1981,5848c205ff64ecf8,US20220002724A1|Table18|Neuro2A cell line|1.0nM|24h
3,test,cmAPP:1988,5848c205ff64ecf8,US20220002724A1|Table18|Neuro2A cell line|1.0nM|24h
3,test,cmAPP:1990,17103b04fab21cdc,US20220002724A1|Table18|Neuro2A cell line|1.0nM|24h
3,test,cmAPP:1993,17103b04fab21cdc,US20220002724A1|Table18|Neuro2A cell line|1.0nM|24h
3,test,cmAPP:2000,9fea29da568e9bc1,US20220002724A1|Table18|Neuro2A cell line|1.0nM|24h
3,test,cmAPP:2021,5848c205ff64ecf8,US20220002724A1|Table18|Neuro2A cell line|1.0nM|24h
3,test,cmAPP:2022,5848c205ff64ecf8,US20220002724A1|Table18|Neuro2A cell line|1.0nM|24h
3,test,cmAPP:2033,5848c205ff64ecf8,US20220002724A1|Table18|Neuro2A cell line|1.0nM|24h
3,test,cmAPP:2035,17103b04fab21cdc,US20220002724A1|Table18|Neuro2A cell line|0.1nM|24h
3,test,cmAPP:2038,17103b04fab21cdc,US20220002724A1|Table18|Neuro2A cell line|0.1nM|24h
3,test,cmAPP:2047,9fea29da568e9bc1,US20220002724A1|Table18|Neuro2A cell line|0.1nM|24h
3,test,cmAPP:2070,5848c205ff64ecf8,US20220002724A1|Table18|Neuro2A cell line|0.1nM|24h
3,test,cmAPP:2071,5848c205ff64ecf8,US20220002724A1|Table18|Neuro2A cell line|0.1nM|24h
3,test,cmAPP:2078,5848c205ff64ecf8,US20220002724A1|Table18|Neuro2A cell line|0.1nM|24h
3,test,cmAPP:2080,17103b04fab21cdc,US20220002724A1|Table18|Neuro2A cell line|0.1nM|24h
3,test,cmAPP:2083,17103b04fab21cdc,US20220002724A1|Table18|Neuro2A cell line|0.1nM|24h
3,test,cmAPP:2090,9fea29da568e9bc1,US20220002724A1|Table18|Neuro2A cell line|0.1nM|24h
3,test,cmAPP:2111,5848c205ff64ecf8,US20220002724A1|Table18|Neuro2A cell line|0.1nM|24h
3,test,cmAPP:2112,5848c205ff64ecf8,US20220002724A1|Table18|Neuro2A cell line|0.1nM|24h
3,test,cmAPP:2123,5848c205ff64ecf8,US20220002724A1|Table18|Neuro2A cell line|0.1nM|24h
