outer_fold,model,seed,pair_id,reference_id,changed_id,sequence_group,observed_difference,predicted_difference,measurement_sd_reference,measurement_sd_changed,mean_difference_se
0,zero,0,7145b489500dbd80,cmAPP:1803,cmAPP:1848,10c405d304cc4e37,-0.8083999999999999,0.0,0.061200000000000004,0.2516,
0,zero,0,05b4895f7bcd4c42,cmAPP:1799,cmAPP:1840,1c10d86ec1a802f4,0.3812,0.0,0.0344,0.2104,
0,zero,0,059e26913d78b631,cmAPP:1778,cmAPP:1823,1c10d86ec1a802f4,-1.8751,0.0,0.1424,0.1273,
0,zero,0,dbf5b6e05f2fd199,cmAPP:1802,cmAPP:1847,72478f51d38ee208,-0.8087999999999997,0.0,0.5171,0.0882,
0,zero,0,c6b1006bae31a2f4,cmAPP:1713,cmAPP:1758,10c405d304cc4e37,-0.21630000000000005,0.0,0.0141,0.059000000000000004,
0,zero,0,f98feef4cdda1f7a,cmAPP:1709,cmAPP:1750,1c10d86ec1a802f4,0.5236000000000001,0.0,0.2509,0.2433,
0,zero,0,eb09d956be8bc0bd,cmAPP:1688,cmAPP:1733,1c10d86ec1a802f4,0.14549999999999996,0.0,0.2898,0.028399999999999998,
0,zero,0,d26bc154c6f7f7ab,cmAPP:1712,cmAPP:1757,72478f51d38ee208,-0.36310000000000003,0.0,0.0767,0.16260000000000002,
0,zero,0,c465d631789b7798,cmAPP:1623,cmAPP:1668,10c405d304cc4e37,-0.05489999999999995,0.0,0.0616,0.0323,
0,zero,0,dd70d7ef8a4c9374,cmAPP:1619,cmAPP:1660,1c10d86ec1a802f4,2.0336,0.0,0.2964,0.10300000000000001,
0,zero,0,e9d357b8d3d85a4e,cmAPP:1598,cmAPP:1643,1c10d86ec1a802f4,-0.10759999999999997,0.0,0.0746,0.0934,
0,zero,0,2b34f2d44b307ee1,cmAPP:1622,cmAPP:1667,72478f51d38ee208,-0.012800000000000034,0.0,0.06,0.1607,
0,zero,0,676b84ca4669fe18,cmAPP:2073,cmAPP:2118,10c405d304cc4e37,-0.6031,0.0,0.086,0.0694,
0,zero,0,594ae7af3b916cd2,cmAPP:2069,cmAPP:2110,1c10d86ec1a802f4,-0.14290000000000003,0.0,0.1174,0.079,
0,zero,0,5b2264ddc1a7af6c,cmAPP:2048,cmAPP:2093,1c10d86ec1a802f4,-0.2509,0.0,0.1604,0.0731,
0,zero,0,fd35c25e6b032569,cmAPP:2072,cmAPP:2117,72478f51d38ee208,-0.12709999999999994,0.0,0.1127,0.10310000000000001,
0,zero,0,62524e0c73da8dd0,cmAPP:1983,cmAPP:2028,10c405d304cc4e37,-0.512,0.0,0.0333,0.0638,
0,zero,0,dbc2ab9cc107017b,cmAPP:1979,cmAPP:2020,1c10d86ec1a802f4,0.039799999999999836,0.0,0.1002,0.11699999999999999,
0,zero,0,ca0223cac79b16f0,cmAPP:1958,cmAPP:2003,1c10d86ec1a802f4,-0.010599999999999943,0.0,0.0891,0.08070000000000001,
0,zero,0,349eec1ddda15478,cmAPP:1982,cmAPP:2027,72478f51d38ee208,-0.36660000000000004,0.0,0.127,0.09949999999999999,
0,zero,0,bdc3962cc20e139b,cmAPP:1893,cmAPP:1938,10c405d304cc4e37,-0.2084999999999999,0.0,0.020499999999999997,0.0317,
0,zero,0,a40c86511b365ffd,cmAPP:1889,cmAPP:1930,1c10d86ec1a802f4,-0.26639999999999997,0.0,0.0363,0.12179999999999999,
0,zero,0,8462c3a551411df3,cmAPP:1868,cmAPP:1913,1c10d86ec1a802f4,-0.24370000000000014,0.0,0.0321,0.1251,
0,zero,0,78964639effd56c0,cmAPP:1892,cmAPP:1937,72478f51d38ee208,-0.33120000000000005,0.0,0.046799999999999994,0.11320000000000001,
0,training_mean,0,7145b489500dbd80,cmAPP:1803,cmAPP:1848,10c405d304cc4e37,-0.8083999999999999,-0.32631404397831554,0.061200000000000004,0.2516,
0,training_mean,0,05b4895f7bcd4c42,cmAPP:1799,cmAPP:1840,1c10d86ec1a802f4,0.3812,-0.32631404397831554,0.0344,0.2104,
0,training_mean,0,059e26913d78b631,cmAPP:1778,cmAPP:1823,1c10d86ec1a802f4,-1.8751,-0.32631404397831554,0.1424,0.1273,
0,training_mean,0,dbf5b6e05f2fd199,cmAPP:1802,cmAPP:1847,72478f51d38ee208,-0.8087999999999997,-0.32631404397831554,0.5171,0.0882,
0,training_mean,0,c6b1006bae31a2f4,cmAPP:1713,cmAPP:1758,10c405d304cc4e37,-0.21630000000000005,-0.32631404397831554,0.0141,0.059000000000000004,
0,training_mean,0,f98feef4cdda1f7a,cmAPP:1709,cmAPP:1750,1c10d86ec1a802f4,0.5236000000000001,-0.32631404397831554,0.2509,0.2433,
0,training_mean,0,eb09d956be8bc0bd,cmAPP:1688,cmAPP:1733,1c10d86ec1a802f4,0.14549999999999996,-0.32631404397831554,0.2898,0.028399999999999998,
0,training_mean,0,d26bc154c6f7f7ab,cmAPP:1712,cmAPP:1757,72478f51d38ee208,-0.36310000000000003,-0.32631404397831554,0.0767,0.16260000000000002,
0,training_mean,0,c465d631789b7798,cmAPP:1623,cmAPP:1668,10c405d304cc4e37,-0.05489999999999995,-0.32631404397831554,0.0616,0.0323,
0,training_mean,0,dd70d7ef8a4c9374,cmAPP:1619,cmAPP:1660,1c10d86ec1a802f4,2.0336,-0.32631404397831554,0.2964,0.10300000000000001,
0,training_mean,0,e9d357b8d3d85a4e,cmAPP:1598,cmAPP:1643,1c10d86ec1a802f4,-0.10759999999999997,-0.32631404397831554,0.0746,0.0934,
0,training_mean,0,2b34f2d44b307ee1,cmAPP:1622,cmAPP:1667,72478f51d38ee208,-0.012800000000000034,-0.32631404397831554,0.06,0.1607,
0,training_mean,0,676b84ca4669fe18,cmAPP:2073,cmAPP:2118,10c405d304cc4e37,-0.6031,-0.32631404397831554,0.086,0.0694,
0,training_mean,0,594ae7af3b916cd2,cmAPP:2069,cmAPP:2110,1c10d86ec1a802f4,-0.14290000000000003,-0.32631404397831554,0.1174,0.079,
0,training_mean,0,5b2264ddc1a7af6c,cmAPP:2048,cmAPP:2093,1c10d86ec1a802f4,-0.2509,-0.32631404397831554,0.1604,0.0731,
0,training_mean,0,fd35c25e6b032569,cmAPP:2072,cmAPP:2117,72478f51d38ee208,-0.12709999999999994,-0.32631404397831554,0.1127,0.10310000000000001,
0,training_mean,0,62524e0c73da8dd0,cmAPP:1983,cmAPP:2028,10c405d304cc4e37,-0.512,-0.32631404397831554,0.0333,0.0638,
0,training_mean,0,dbc2ab9cc107017b,cmAPP:1979,cmAPP:2020,1c10d86ec1a802f4,0.039799999999999836,-0.32631404397831554,0.1002,0.11699999999999999,
0,training_mean,0,ca0223cac79b16f0,cmAPP:1958,cmAPP:2003,1c10d86ec1a802f4,-0.010599999999999943,-0.32631404397831554,0.0891,0.08070000000000001,
0,training_mean,0,349eec1ddda15478,cmAPP:1982,cmAPP:2027,72478f51d38ee208,-0.36660000000000004,-0.32631404397831554,0.127,0.09949999999999999,
0,training_mean,0,bdc3962cc20e139b,cmAPP:1893,cmAPP:1938,10c405d304cc4e37,-0.2084999999999999,-0.32631404397831554,0.020499999999999997,0.0317,
0,training_mean,0,a40c86511b365ffd,cmAPP:1889,cmAPP:1930,1c10d86ec1a802f4,-0.26639999999999997,-0.32631404397831554,0.0363,0.12179999999999999,
0,training_mean,0,8462c3a551411df3,cmAPP:1868,cmAPP:1913,1c10d86ec1a802f4,-0.24370000000000014,-0.32631404397831554,0.0321,0.1251,
0,training_mean,0,78964639effd56c0,cmAPP:1892,cmAPP:1937,72478f51d38ee208,-0.33120000000000005,-0.32631404397831554,0.046799999999999994,0.11320000000000001,
0,training_majority,0,7145b489500dbd80,cmAPP:1803,cmAPP:1848,10c405d304cc4e37,-0.8083999999999999,-1.0,0.061200000000000004,0.2516,
0,training_majority,0,05b4895f7bcd4c42,cmAPP:1799,cmAPP:1840,1c10d86ec1a802f4,0.3812,-1.0,0.0344,0.2104,
0,training_majority,0,059e26913d78b631,cmAPP:1778,cmAPP:1823,1c10d86ec1a802f4,-1.8751,-1.0,0.1424,0.1273,
0,training_majority,0,dbf5b6e05f2fd199,cmAPP:1802,cmAPP:1847,72478f51d38ee208,-0.8087999999999997,-1.0,0.5171,0.0882,
0,training_majority,0,c6b1006bae31a2f4,cmAPP:1713,cmAPP:1758,10c405d304cc4e37,-0.21630000000000005,-1.0,0.0141,0.059000000000000004,
0,training_majority,0,f98feef4cdda1f7a,cmAPP:1709,cmAPP:1750,1c10d86ec1a802f4,0.5236000000000001,-1.0,0.2509,0.2433,
0,training_majority,0,eb09d956be8bc0bd,cmAPP:1688,cmAPP:1733,1c10d86ec1a802f4,0.14549999999999996,-1.0,0.2898,0.028399999999999998,
0,training_majority,0,d26bc154c6f7f7ab,cmAPP:1712,cmAPP:1757,72478f51d38ee208,-0.36310000000000003,-1.0,0.0767,0.16260000000000002,
0,training_majority,0,c465d631789b7798,cmAPP:1623,cmAPP:1668,10c405d304cc4e37,-0.05489999999999995,-1.0,0.0616,0.0323,
0,training_majority,0,dd70d7ef8a4c9374,cmAPP:1619,cmAPP:1660,1c10d86ec1a802f4,2.0336,-1.0,0.2964,0.10300000000000001,
0,training_majority,0,e9d357b8d3d85a4e,cmAPP:1598,cmAPP:1643,1c10d86ec1a802f4,-0.10759999999999997,-1.0,0.0746,0.0934,
0,training_majority,0,2b34f2d44b307ee1,cmAPP:1622,cmAPP:1667,72478f51d38ee208,-0.012800000000000034,-1.0,0.06,0.1607,
0,training_majority,0,676b84ca4669fe18,cmAPP:2073,cmAPP:2118,10c405d304cc4e37,-0.6031,-1.0,0.086,0.0694,
0,training_majority,0,594ae7af3b916cd2,cmAPP:2069,cmAPP:2110,1c10d86ec1a802f4,-0.14290000000000003,-1.0,0.1174,0.079,
0,training_majority,0,5b2264ddc1a7af6c,cmAPP:2048,cmAPP:2093,1c10d86ec1a802f4,-0.2509,-1.0,0.1604,0.0731,
0,training_majority,0,fd35c25e6b032569,cmAPP:2072,cmAPP:2117,72478f51d38ee208,-0.12709999999999994,-1.0,0.1127,0.10310000000000001,
0,training_majority,0,62524e0c73da8dd0,cmAPP:1983,cmAPP:2028,10c405d304cc4e37,-0.512,-1.0,0.0333,0.0638,
0,training_majority,0,dbc2ab9cc107017b,cmAPP:1979,cmAPP:2020,1c10d86ec1a802f4,0.039799999999999836,-1.0,0.1002,0.11699999999999999,
0,training_majority,0,ca0223cac79b16f0,cmAPP:1958,cmAPP:2003,1c10d86ec1a802f4,-0.010599999999999943,-1.0,0.0891,0.08070000000000001,
0,training_majority,0,349eec1ddda15478,cmAPP:1982,cmAPP:2027,72478f51d38ee208,-0.36660000000000004,-1.0,0.127,0.09949999999999999,
0,training_majority,0,bdc3962cc20e139b,cmAPP:1893,cmAPP:1938,10c405d304cc4e37,-0.2084999999999999,-1.0,0.020499999999999997,0.0317,
0,training_majority,0,a40c86511b365ffd,cmAPP:1889,cmAPP:1930,1c10d86ec1a802f4,-0.26639999999999997,-1.0,0.0363,0.12179999999999999,
0,training_majority,0,8462c3a551411df3,cmAPP:1868,cmAPP:1913,1c10d86ec1a802f4,-0.24370000000000014,-1.0,0.0321,0.1251,
0,training_majority,0,78964639effd56c0,cmAPP:1892,cmAPP:1937,72478f51d38ee208,-0.33120000000000005,-1.0,0.046799999999999994,0.11320000000000001,
0,pair_ridge,0,7145b489500dbd80,cmAPP:1803,cmAPP:1848,10c405d304cc4e37,-0.8083999999999999,-0.03234955668449402,0.061200000000000004,0.2516,
0,pair_ridge,0,05b4895f7bcd4c42,cmAPP:1799,cmAPP:1840,1c10d86ec1a802f4,0.3812,-0.3151046633720398,0.0344,0.2104,
0,pair_ridge,0,059e26913d78b631,cmAPP:1778,cmAPP:1823,1c10d86ec1a802f4,-1.8751,-0.08862997591495514,0.1424,0.1273,
0,pair_ridge,0,dbf5b6e05f2fd199,cmAPP:1802,cmAPP:1847,72478f51d38ee208,-0.8087999999999997,-0.47507143020629883,0.5171,0.0882,
0,pair_ridge,0,c6b1006bae31a2f4,cmAPP:1713,cmAPP:1758,10c405d304cc4e37,-0.21630000000000005,-0.03234955668449402,0.0141,0.059000000000000004,
0,pair_ridge,0,f98feef4cdda1f7a,cmAPP:1709,cmAPP:1750,1c10d86ec1a802f4,0.5236000000000001,-0.3151046633720398,0.2509,0.2433,
0,pair_ridge,0,eb09d956be8bc0bd,cmAPP:1688,cmAPP:1733,1c10d86ec1a802f4,0.14549999999999996,-0.08862997591495514,0.2898,0.028399999999999998,
0,pair_ridge,0,d26bc154c6f7f7ab,cmAPP:1712,cmAPP:1757,72478f51d38ee208,-0.36310000000000003,-0.47507143020629883,0.0767,0.16260000000000002,
0,pair_ridge,0,c465d631789b7798,cmAPP:1623,cmAPP:1668,10c405d304cc4e37,-0.05489999999999995,-0.03234955668449402,0.0616,0.0323,
0,pair_ridge,0,dd70d7ef8a4c9374,cmAPP:1619,cmAPP:1660,1c10d86ec1a802f4,2.0336,-0.3151046633720398,0.2964,0.10300000000000001,
0,pair_ridge,0,e9d357b8d3d85a4e,cmAPP:1598,cmAPP:1643,1c10d86ec1a802f4,-0.10759999999999997,-0.08862997591495514,0.0746,0.0934,
0,pair_ridge,0,2b34f2d44b307ee1,cmAPP:1622,cmAPP:1667,72478f51d38ee208,-0.012800000000000034,-0.47507143020629883,0.06,0.1607,
0,pair_ridge,0,676b84ca4669fe18,cmAPP:2073,cmAPP:2118,10c405d304cc4e37,-0.6031,-0.03234955668449402,0.086,0.0694,
0,pair_ridge,0,594ae7af3b916cd2,cmAPP:2069,cmAPP:2110,1c10d86ec1a802f4,-0.14290000000000003,-0.3151046633720398,0.1174,0.079,
0,pair_ridge,0,5b2264ddc1a7af6c,cmAPP:2048,cmAPP:2093,1c10d86ec1a802f4,-0.2509,-0.08862997591495514,0.1604,0.0731,
0,pair_ridge,0,fd35c25e6b032569,cmAPP:2072,cmAPP:2117,72478f51d38ee208,-0.12709999999999994,-0.47507143020629883,0.1127,0.10310000000000001,
0,pair_ridge,0,62524e0c73da8dd0,cmAPP:1983,cmAPP:2028,10c405d304cc4e37,-0.512,-0.03234955668449402,0.0333,0.0638,
0,pair_ridge,0,dbc2ab9cc107017b,cmAPP:1979,cmAPP:2020,1c10d86ec1a802f4,0.039799999999999836,-0.3151046633720398,0.1002,0.11699999999999999,
0,pair_ridge,0,ca0223cac79b16f0,cmAPP:1958,cmAPP:2003,1c10d86ec1a802f4,-0.010599999999999943,-0.08862997591495514,0.0891,0.08070000000000001,
0,pair_ridge,0,349eec1ddda15478,cmAPP:1982,cmAPP:2027,72478f51d38ee208,-0.36660000000000004,-0.47507143020629883,0.127,0.09949999999999999,
0,pair_ridge,0,bdc3962cc20e139b,cmAPP:1893,cmAPP:1938,10c405d304cc4e37,-0.2084999999999999,-0.03234955668449402,0.020499999999999997,0.0317,
0,pair_ridge,0,a40c86511b365ffd,cmAPP:1889,cmAPP:1930,1c10d86ec1a802f4,-0.26639999999999997,-0.3151046633720398,0.0363,0.12179999999999999,
0,pair_ridge,0,8462c3a551411df3,cmAPP:1868,cmAPP:1913,1c10d86ec1a802f4,-0.24370000000000014,-0.08862997591495514,0.0321,0.1251,
0,pair_ridge,0,78964639effd56c0,cmAPP:1892,cmAPP:1937,72478f51d38ee208,-0.33120000000000005,-0.47507143020629883,0.046799999999999994,0.11320000000000001,
0,gnn_activity,1103,7145b489500dbd80,cmAPP:1803,cmAPP:1848,10c405d304cc4e37,-0.8083999999999999,-0.14316731691360474,0.061200000000000004,0.2516,
0,gnn_activity,1103,05b4895f7bcd4c42,cmAPP:1799,cmAPP:1840,1c10d86ec1a802f4,0.3812,-0.39421892166137695,0.0344,0.2104,
0,gnn_activity,1103,059e26913d78b631,cmAPP:1778,cmAPP:1823,1c10d86ec1a802f4,-1.8751,-0.14370566606521606,0.1424,0.1273,
0,gnn_activity,1103,dbf5b6e05f2fd199,cmAPP:1802,cmAPP:1847,72478f51d38ee208,-0.8087999999999997,-0.5168900489807129,0.5171,0.0882,
0,gnn_activity,1103,c6b1006bae31a2f4,cmAPP:1713,cmAPP:1758,10c405d304cc4e37,-0.21630000000000005,-0.14307451248168945,0.0141,0.059000000000000004,
0,gnn_activity,1103,f98feef4cdda1f7a,cmAPP:1709,cmAPP:1750,1c10d86ec1a802f4,0.5236000000000001,-0.3929744064807892,0.2509,0.2433,
0,gnn_activity,1103,eb09d956be8bc0bd,cmAPP:1688,cmAPP:1733,1c10d86ec1a802f4,0.14549999999999996,-0.14322060346603394,0.2898,0.028399999999999998,
0,gnn_activity,1103,d26bc154c6f7f7ab,cmAPP:1712,cmAPP:1757,72478f51d38ee208,-0.36310000000000003,-0.5156455039978027,0.0767,0.16260000000000002,
0,gnn_activity,1103,c465d631789b7798,cmAPP:1623,cmAPP:1668,10c405d304cc4e37,-0.05489999999999995,-0.14321649074554443,0.0616,0.0323,
0,gnn_activity,1103,dd70d7ef8a4c9374,cmAPP:1619,cmAPP:1660,1c10d86ec1a802f4,2.0336,-0.3894256353378296,0.2964,0.10300000000000001,
0,gnn_activity,1103,e9d357b8d3d85a4e,cmAPP:1598,cmAPP:1643,1c10d86ec1a802f4,-0.10759999999999997,-0.141837477684021,0.0746,0.0934,
0,gnn_activity,1103,2b34f2d44b307ee1,cmAPP:1622,cmAPP:1667,72478f51d38ee208,-0.012800000000000034,-0.5120967626571655,0.06,0.1607,
0,gnn_activity,1103,676b84ca4669fe18,cmAPP:2073,cmAPP:2118,10c405d304cc4e37,-0.6031,-0.14316731691360474,0.086,0.0694,
0,gnn_activity,1103,594ae7af3b916cd2,cmAPP:2069,cmAPP:2110,1c10d86ec1a802f4,-0.14290000000000003,-0.39421892166137695,0.1174,0.079,
0,gnn_activity,1103,5b2264ddc1a7af6c,cmAPP:2048,cmAPP:2093,1c10d86ec1a802f4,-0.2509,-0.14370566606521606,0.1604,0.0731,
0,gnn_activity,1103,fd35c25e6b032569,cmAPP:2072,cmAPP:2117,72478f51d38ee208,-0.12709999999999994,-0.5168900489807129,0.1127,0.10310000000000001,
0,gnn_activity,1103,62524e0c73da8dd0,cmAPP:1983,cmAPP:2028,10c405d304cc4e37,-0.512,-0.14307451248168945,0.0333,0.0638,
0,gnn_activity,1103,dbc2ab9cc107017b,cmAPP:1979,cmAPP:2020,1c10d86ec1a802f4,0.039799999999999836,-0.3929744064807892,0.1002,0.11699999999999999,
0,gnn_activity,1103,ca0223cac79b16f0,cmAPP:1958,cmAPP:2003,1c10d86ec1a802f4,-0.010599999999999943,-0.14322060346603394,0.0891,0.08070000000000001,
0,gnn_activity,1103,349eec1ddda15478,cmAPP:1982,cmAPP:2027,72478f51d38ee208,-0.36660000000000004,-0.5156455039978027,0.127,0.09949999999999999,
0,gnn_activity,1103,bdc3962cc20e139b,cmAPP:1893,cmAPP:1938,10c405d304cc4e37,-0.2084999999999999,-0.14321649074554443,0.020499999999999997,0.0317,
0,gnn_activity,1103,a40c86511b365ffd,cmAPP:1889,cmAPP:1930,1c10d86ec1a802f4,-0.26639999999999997,-0.3894256353378296,0.0363,0.12179999999999999,
0,gnn_activity,1103,8462c3a551411df3,cmAPP:1868,cmAPP:1913,1c10d86ec1a802f4,-0.24370000000000014,-0.141837477684021,0.0321,0.1251,
0,gnn_activity,1103,78964639effd56c0,cmAPP:1892,cmAPP:1937,72478f51d38ee208,-0.33120000000000005,-0.5120967626571655,0.046799999999999994,0.11320000000000001,
0,gnn_activity,2207,7145b489500dbd80,cmAPP:1803,cmAPP:1848,10c405d304cc4e37,-0.8083999999999999,-0.20903438329696655,0.061200000000000004,0.2516,
0,gnn_activity,2207,05b4895f7bcd4c42,cmAPP:1799,cmAPP:1840,1c10d86ec1a802f4,0.3812,-0.26616770029067993,0.0344,0.2104,
0,gnn_activity,2207,059e26913d78b631,cmAPP:1778,cmAPP:1823,1c10d86ec1a802f4,-1.8751,-0.18605506420135498,0.1424,0.1273,
0,gnn_activity,2207,dbf5b6e05f2fd199,cmAPP:1802,cmAPP:1847,72478f51d38ee208,-0.8087999999999997,-0.5695829391479492,0.5171,0.0882,
0,gnn_activity,2207,c6b1006bae31a2f4,cmAPP:1713,cmAPP:1758,10c405d304cc4e37,-0.21630000000000005,-0.20793163776397705,0.0141,0.059000000000000004,
0,gnn_activity,2207,f98feef4cdda1f7a,cmAPP:1709,cmAPP:1750,1c10d86ec1a802f4,0.5236000000000001,-0.26478374004364014,0.2509,0.2433,
0,gnn_activity,2207,eb09d956be8bc0bd,cmAPP:1688,cmAPP:1733,1c10d86ec1a802f4,0.14549999999999996,-0.18518811464309692,0.2898,0.028399999999999998,
0,gnn_activity,2207,d26bc154c6f7f7ab,cmAPP:1712,cmAPP:1757,72478f51d38ee208,-0.36310000000000003,-0.5681116580963135,0.0767,0.16260000000000002,
0,gnn_activity,2207,c465d631789b7798,cmAPP:1623,cmAPP:1668,10c405d304cc4e37,-0.05489999999999995,-0.204787015914917,0.0616,0.0323,
0,gnn_activity,2207,dd70d7ef8a4c9374,cmAPP:1619,cmAPP:1660,1c10d86ec1a802f4,2.0336,-0.26083749532699585,0.2964,0.10300000000000001,
0,gnn_activity,2207,e9d357b8d3d85a4e,cmAPP:1598,cmAPP:1643,1c10d86ec1a802f4,-0.10759999999999997,-0.1835726499557495,0.0746,0.0934,
0,gnn_activity,2207,2b34f2d44b307ee1,cmAPP:1622,cmAPP:1667,72478f51d38ee208,-0.012800000000000034,-0.5639162063598633,0.06,0.1607,
0,gnn_activity,2207,676b84ca4669fe18,cmAPP:2073,cmAPP:2118,10c405d304cc4e37,-0.6031,-0.20903438329696655,0.086,0.0694,
0,gnn_activity,2207,594ae7af3b916cd2,cmAPP:2069,cmAPP:2110,1c10d86ec1a802f4,-0.14290000000000003,-0.26616770029067993,0.1174,0.079,
0,gnn_activity,2207,5b2264ddc1a7af6c,cmAPP:2048,cmAPP:2093,1c10d86ec1a802f4,-0.2509,-0.18605506420135498,0.1604,0.0731,
0,gnn_activity,2207,fd35c25e6b032569,cmAPP:2072,cmAPP:2117,72478f51d38ee208,-0.12709999999999994,-0.5695829391479492,0.1127,0.10310000000000001,
0,gnn_activity,2207,62524e0c73da8dd0,cmAPP:1983,cmAPP:2028,10c405d304cc4e37,-0.512,-0.20793163776397705,0.0333,0.0638,
0,gnn_activity,2207,dbc2ab9cc107017b,cmAPP:1979,cmAPP:2020,1c10d86ec1a802f4,0.039799999999999836,-0.26478374004364014,0.1002,0.11699999999999999,
0,gnn_activity,2207,ca0223cac79b16f0,cmAPP:1958,cmAPP:2003,1c10d86ec1a802f4,-0.010599999999999943,-0.18518811464309692,0.0891,0.08070000000000001,
0,gnn_activity,2207,349eec1ddda15478,cmAPP:1982,cmAPP:2027,72478f51d38ee208,-0.36660000000000004,-0.5681116580963135,0.127,0.09949999999999999,
0,gnn_activity,2207,bdc3962cc20e139b,cmAPP:1893,cmAPP:1938,10c405d304cc4e37,-0.2084999999999999,-0.204787015914917,0.020499999999999997,0.0317,
0,gnn_activity,2207,a40c86511b365ffd,cmAPP:1889,cmAPP:1930,1c10d86ec1a802f4,-0.26639999999999997,-0.26083749532699585,0.0363,0.12179999999999999,
0,gnn_activity,2207,8462c3a551411df3,cmAPP:1868,cmAPP:1913,1c10d86ec1a802f4,-0.24370000000000014,-0.1835726499557495,0.0321,0.1251,
0,gnn_activity,2207,78964639effd56c0,cmAPP:1892,cmAPP:1937,72478f51d38ee208,-0.33120000000000005,-0.5639162063598633,0.046799999999999994,0.11320000000000001,
0,gnn_activity,3301,7145b489500dbd80,cmAPP:1803,cmAPP:1848,10c405d304cc4e37,-0.8083999999999999,-0.2351623773574829,0.061200000000000004,0.2516,
0,gnn_activity,3301,05b4895f7bcd4c42,cmAPP:1799,cmAPP:1840,1c10d86ec1a802f4,0.3812,-0.4356258809566498,0.0344,0.2104,
0,gnn_activity,3301,059e26913d78b631,cmAPP:1778,cmAPP:1823,1c10d86ec1a802f4,-1.8751,-0.2615486979484558,0.1424,0.1273,
0,gnn_activity,3301,dbf5b6e05f2fd199,cmAPP:1802,cmAPP:1847,72478f51d38ee208,-0.8087999999999997,-0.4995991587638855,0.5171,0.0882,
0,gnn_activity,3301,c6b1006bae31a2f4,cmAPP:1713,cmAPP:1758,10c405d304cc4e37,-0.21630000000000005,-0.23488599061965942,0.0141,0.059000000000000004,
0,gnn_activity,3301,f98feef4cdda1f7a,cmAPP:1709,cmAPP:1750,1c10d86ec1a802f4,0.5236000000000001,-0.43518245220184326,0.2509,0.2433,
0,gnn_activity,3301,eb09d956be8bc0bd,cmAPP:1688,cmAPP:1733,1c10d86ec1a802f4,0.14549999999999996,-0.2608875036239624,0.2898,0.028399999999999998,
0,gnn_activity,3301,d26bc154c6f7f7ab,cmAPP:1712,cmAPP:1757,72478f51d38ee208,-0.36310000000000003,-0.4994973838329315,0.0767,0.16260000000000002,
0,gnn_activity,3301,c465d631789b7798,cmAPP:1623,cmAPP:1668,10c405d304cc4e37,-0.05489999999999995,-0.23368489742279053,0.0616,0.0323,
0,gnn_activity,3301,dd70d7ef8a4c9374,cmAPP:1619,cmAPP:1660,1c10d86ec1a802f4,2.0336,-0.43391790986061096,0.2964,0.10300000000000001,
0,gnn_activity,3301,e9d357b8d3d85a4e,cmAPP:1598,cmAPP:1643,1c10d86ec1a802f4,-0.10759999999999997,-0.2590023875236511,0.0746,0.0934,
0,gnn_activity,3301,2b34f2d44b307ee1,cmAPP:1622,cmAPP:1667,72478f51d38ee208,-0.012800000000000034,-0.49920693039894104,0.06,0.1607,
0,gnn_activity,3301,676b84ca4669fe18,cmAPP:2073,cmAPP:2118,10c405d304cc4e37,-0.6031,-0.2351623773574829,0.086,0.0694,
0,gnn_activity,3301,594ae7af3b916cd2,cmAPP:2069,cmAPP:2110,1c10d86ec1a802f4,-0.14290000000000003,-0.4356258809566498,0.1174,0.079,
0,gnn_activity,3301,5b2264ddc1a7af6c,cmAPP:2048,cmAPP:2093,1c10d86ec1a802f4,-0.2509,-0.2615486979484558,0.1604,0.0731,
0,gnn_activity,3301,fd35c25e6b032569,cmAPP:2072,cmAPP:2117,72478f51d38ee208,-0.12709999999999994,-0.4995991587638855,0.1127,0.10310000000000001,
0,gnn_activity,3301,62524e0c73da8dd0,cmAPP:1983,cmAPP:2028,10c405d304cc4e37,-0.512,-0.23488599061965942,0.0333,0.0638,
0,gnn_activity,3301,dbc2ab9cc107017b,cmAPP:1979,cmAPP:2020,1c10d86ec1a802f4,0.039799999999999836,-0.43518245220184326,0.1002,0.11699999999999999,
0,gnn_activity,3301,ca0223cac79b16f0,cmAPP:1958,cmAPP:2003,1c10d86ec1a802f4,-0.010599999999999943,-0.2608875036239624,0.0891,0.08070000000000001,
0,gnn_activity,3301,349eec1ddda15478,cmAPP:1982,cmAPP:2027,72478f51d38ee208,-0.36660000000000004,-0.4994973838329315,0.127,0.09949999999999999,
0,gnn_activity,3301,bdc3962cc20e139b,cmAPP:1893,cmAPP:1938,10c405d304cc4e37,-0.2084999999999999,-0.23368489742279053,0.020499999999999997,0.0317,
0,gnn_activity,3301,a40c86511b365ffd,cmAPP:1889,cmAPP:1930,1c10d86ec1a802f4,-0.26639999999999997,-0.43391790986061096,0.0363,0.12179999999999999,
0,gnn_activity,3301,8462c3a551411df3,cmAPP:1868,cmAPP:1913,1c10d86ec1a802f4,-0.24370000000000014,-0.2590023875236511,0.0321,0.1251,
0,gnn_activity,3301,78964639effd56c0,cmAPP:1892,cmAPP:1937,72478f51d38ee208,-0.33120000000000005,-0.49920693039894104,0.046799999999999994,0.11320000000000001,
0,gnn_pair,1103,7145b489500dbd80,cmAPP:1803,cmAPP:1848,10c405d304cc4e37,-0.8083999999999999,-0.16154754161834717,0.061200000000000004,0.2516,
0,gnn_pair,1103,05b4895f7bcd4c42,cmAPP:1799,cmAPP:1840,1c10d86ec1a802f4,0.3812,-0.3830844759941101,0.0344,0.2104,
0,gnn_pair,1103,059e26913d78b631,cmAPP:1778,cmAPP:1823,1c10d86ec1a802f4,-1.8751,-0.09669959545135498,0.1424,0.1273,
0,gnn_pair,1103,dbf5b6e05f2fd199,cmAPP:1802,cmAPP:1847,72478f51d38ee208,-0.8087999999999997,-0.5422430038452148,0.5171,0.0882,
0,gnn_pair,1103,c6b1006bae31a2f4,cmAPP:1713,cmAPP:1758,10c405d304cc4e37,-0.21630000000000005,-0.1611422300338745,0.0141,0.059000000000000004,
0,gnn_pair,1103,f98feef4cdda1f7a,cmAPP:1709,cmAPP:1750,1c10d86ec1a802f4,0.5236000000000001,-0.38305196166038513,0.2509,0.2433,
0,gnn_pair,1103,eb09d956be8bc0bd,cmAPP:1688,cmAPP:1733,1c10d86ec1a802f4,0.14549999999999996,-0.09599322080612183,0.2898,0.028399999999999998,
0,gnn_pair,1103,d26bc154c6f7f7ab,cmAPP:1712,cmAPP:1757,72478f51d38ee208,-0.36310000000000003,-0.5417438745498657,0.0767,0.16260000000000002,
0,gnn_pair,1103,c465d631789b7798,cmAPP:1623,cmAPP:1668,10c405d304cc4e37,-0.05489999999999995,-0.15998625755310059,0.0616,0.0323,
0,gnn_pair,1103,dd70d7ef8a4c9374,cmAPP:1619,cmAPP:1660,1c10d86ec1a802f4,2.0336,-0.3829592764377594,0.2964,0.10300000000000001,
0,gnn_pair,1103,e9d357b8d3d85a4e,cmAPP:1598,cmAPP:1643,1c10d86ec1a802f4,-0.10759999999999997,-0.09397900104522705,0.0746,0.0934,
0,gnn_pair,1103,2b34f2d44b307ee1,cmAPP:1622,cmAPP:1667,72478f51d38ee208,-0.012800000000000034,-0.5403203368186951,0.06,0.1607,
0,gnn_pair,1103,676b84ca4669fe18,cmAPP:2073,cmAPP:2118,10c405d304cc4e37,-0.6031,-0.16154754161834717,0.086,0.0694,
0,gnn_pair,1103,594ae7af3b916cd2,cmAPP:2069,cmAPP:2110,1c10d86ec1a802f4,-0.14290000000000003,-0.3830844759941101,0.1174,0.079,
0,gnn_pair,1103,5b2264ddc1a7af6c,cmAPP:2048,cmAPP:2093,1c10d86ec1a802f4,-0.2509,-0.09669959545135498,0.1604,0.0731,
0,gnn_pair,1103,fd35c25e6b032569,cmAPP:2072,cmAPP:2117,72478f51d38ee208,-0.12709999999999994,-0.5422430038452148,0.1127,0.10310000000000001,
0,gnn_pair,1103,62524e0c73da8dd0,cmAPP:1983,cmAPP:2028,10c405d304cc4e37,-0.512,-0.1611422300338745,0.0333,0.0638,
0,gnn_pair,1103,dbc2ab9cc107017b,cmAPP:1979,cmAPP:2020,1c10d86ec1a802f4,0.039799999999999836,-0.38305196166038513,0.1002,0.11699999999999999,
0,gnn_pair,1103,ca0223cac79b16f0,cmAPP:1958,cmAPP:2003,1c10d86ec1a802f4,-0.010599999999999943,-0.09599322080612183,0.0891,0.08070000000000001,
0,gnn_pair,1103,349eec1ddda15478,cmAPP:1982,cmAPP:2027,72478f51d38ee208,-0.36660000000000004,-0.5417438745498657,0.127,0.09949999999999999,
0,gnn_pair,1103,bdc3962cc20e139b,cmAPP:1893,cmAPP:1938,10c405d304cc4e37,-0.2084999999999999,-0.15998625755310059,0.020499999999999997,0.0317,
0,gnn_pair,1103,a40c86511b365ffd,cmAPP:1889,cmAPP:1930,1c10d86ec1a802f4,-0.26639999999999997,-0.3829592764377594,0.0363,0.12179999999999999,
0,gnn_pair,1103,8462c3a551411df3,cmAPP:1868,cmAPP:1913,1c10d86ec1a802f4,-0.24370000000000014,-0.09397900104522705,0.0321,0.1251,
0,gnn_pair,1103,78964639effd56c0,cmAPP:1892,cmAPP:1937,72478f51d38ee208,-0.33120000000000005,-0.5403203368186951,0.046799999999999994,0.11320000000000001,
0,gnn_pair,2207,7145b489500dbd80,cmAPP:1803,cmAPP:1848,10c405d304cc4e37,-0.8083999999999999,-0.24031269550323486,0.061200000000000004,0.2516,
0,gnn_pair,2207,05b4895f7bcd4c42,cmAPP:1799,cmAPP:1840,1c10d86ec1a802f4,0.3812,-0.31218600273132324,0.0344,0.2104,
0,gnn_pair,2207,059e26913d78b631,cmAPP:1778,cmAPP:1823,1c10d86ec1a802f4,-1.8751,-0.19069373607635498,0.1424,0.1273,
0,gnn_pair,2207,dbf5b6e05f2fd199,cmAPP:1802,cmAPP:1847,72478f51d38ee208,-0.8087999999999997,-0.482215940952301,0.5171,0.0882,
0,gnn_pair,2207,c6b1006bae31a2f4,cmAPP:1713,cmAPP:1758,10c405d304cc4e37,-0.21630000000000005,-0.24016475677490234,0.0141,0.059000000000000004,
0,gnn_pair,2207,f98feef4cdda1f7a,cmAPP:1709,cmAPP:1750,1c10d86ec1a802f4,0.5236000000000001,-0.3119155168533325,0.2509,0.2433,
0,gnn_pair,2207,eb09d956be8bc0bd,cmAPP:1688,cmAPP:1733,1c10d86ec1a802f4,0.14549999999999996,-0.1905253529548645,0.2898,0.028399999999999998,
0,gnn_pair,2207,d26bc154c6f7f7ab,cmAPP:1712,cmAPP:1757,72478f51d38ee208,-0.36310000000000003,-0.48209860920906067,0.0767,0.16260000000000002,
0,gnn_pair,2207,c465d631789b7798,cmAPP:1623,cmAPP:1668,10c405d304cc4e37,-0.05489999999999995,-0.23974305391311646,0.0616,0.0323,
0,gnn_pair,2207,dd70d7ef8a4c9374,cmAPP:1619,cmAPP:1660,1c10d86ec1a802f4,2.0336,-0.31114423274993896,0.2964,0.10300000000000001,
0,gnn_pair,2207,e9d357b8d3d85a4e,cmAPP:1598,cmAPP:1643,1c10d86ec1a802f4,-0.10759999999999997,-0.19004511833190918,0.0746,0.0934,
0,gnn_pair,2207,2b34f2d44b307ee1,cmAPP:1622,cmAPP:1667,72478f51d38ee208,-0.012800000000000034,-0.481764018535614,0.06,0.1607,
0,gnn_pair,2207,676b84ca4669fe18,cmAPP:2073,cmAPP:2118,10c405d304cc4e37,-0.6031,-0.24031269550323486,0.086,0.0694,
0,gnn_pair,2207,594ae7af3b916cd2,cmAPP:2069,cmAPP:2110,1c10d86ec1a802f4,-0.14290000000000003,-0.31218600273132324,0.1174,0.079,
0,gnn_pair,2207,5b2264ddc1a7af6c,cmAPP:2048,cmAPP:2093,1c10d86ec1a802f4,-0.2509,-0.19069373607635498,0.1604,0.0731,
0,gnn_pair,2207,fd35c25e6b032569,cmAPP:2072,cmAPP:2117,72478f51d38ee208,-0.12709999999999994,-0.482215940952301,0.1127,0.10310000000000001,
0,gnn_pair,2207,62524e0c73da8dd0,cmAPP:1983,cmAPP:2028,10c405d304cc4e37,-0.512,-0.24016475677490234,0.0333,0.0638,
0,gnn_pair,2207,dbc2ab9cc107017b,cmAPP:1979,cmAPP:2020,1c10d86ec1a802f4,0.039799999999999836,-0.3119155168533325,0.1002,0.11699999999999999,
0,gnn_pair,2207,ca0223cac79b16f0,cmAPP:1958,cmAPP:2003,1c10d86ec1a802f4,-0.010599999999999943,-0.1905253529548645,0.0891,0.08070000000000001,
0,gnn_pair,2207,349eec1ddda15478,cmAPP:1982,cmAPP:2027,72478f51d38ee208,-0.36660000000000004,-0.48209860920906067,0.127,0.09949999999999999,
0,gnn_pair,2207,bdc3962cc20e139b,cmAPP:1893,cmAPP:1938,10c405d304cc4e37,-0.2084999999999999,-0.23974305391311646,0.020499999999999997,0.0317,
0,gnn_pair,2207,a40c86511b365ffd,cmAPP:1889,cmAPP:1930,1c10d86ec1a802f4,-0.26639999999999997,-0.31114423274993896,0.0363,0.12179999999999999,
0,gnn_pair,2207,8462c3a551411df3,cmAPP:1868,cmAPP:1913,1c10d86ec1a802f4,-0.24370000000000014,-0.19004511833190918,0.0321,0.1251,
0,gnn_pair,2207,78964639effd56c0,cmAPP:1892,cmAPP:1937,72478f51d38ee208,-0.33120000000000005,-0.481764018535614,0.046799999999999994,0.11320000000000001,
0,gnn_pair,3301,7145b489500dbd80,cmAPP:1803,cmAPP:1848,10c405d304cc4e37,-0.8083999999999999,-0.24519085884094238,0.061200000000000004,0.2516,
0,gnn_pair,3301,05b4895f7bcd4c42,cmAPP:1799,cmAPP:1840,1c10d86ec1a802f4,0.3812,-0.4399903416633606,0.0344,0.2104,
0,gnn_pair,3301,059e26913d78b631,cmAPP:1778,cmAPP:1823,1c10d86ec1a802f4,-1.8751,-0.22943520545959473,0.1424,0.1273,
0,gnn_pair,3301,dbf5b6e05f2fd199,cmAPP:1802,cmAPP:1847,72478f51d38ee208,-0.8087999999999997,-0.5002533197402954,0.5171,0.0882,
0,gnn_pair,3301,c6b1006bae31a2f4,cmAPP:1713,cmAPP:1758,10c405d304cc4e37,-0.21630000000000005,-0.24481415748596191,0.0141,0.059000000000000004,
0,gnn_pair,3301,f98feef4cdda1f7a,cmAPP:1709,cmAPP:1750,1c10d86ec1a802f4,0.5236000000000001,-0.43968266248703003,0.2509,0.2433,
0,gnn_pair,3301,eb09d956be8bc0bd,cmAPP:1688,cmAPP:1733,1c10d86ec1a802f4,0.14549999999999996,-0.22894775867462158,0.2898,0.028399999999999998,
0,gnn_pair,3301,d26bc154c6f7f7ab,cmAPP:1712,cmAPP:1757,72478f51d38ee208,-0.36310000000000003,-0.4998055100440979,0.0767,0.16260000000000002,
0,gnn_pair,3301,c465d631789b7798,cmAPP:1623,cmAPP:1668,10c405d304cc4e37,-0.05489999999999995,-0.24374008178710938,0.0616,0.0323,
0,gnn_pair,3301,dd70d7ef8a4c9374,cmAPP:1619,cmAPP:1660,1c10d86ec1a802f4,2.0336,-0.4388054609298706,0.2964,0.10300000000000001,
0,gnn_pair,3301,e9d357b8d3d85a4e,cmAPP:1598,cmAPP:1643,1c10d86ec1a802f4,-0.10759999999999997,-0.22755789756774902,0.0746,0.0934,
0,gnn_pair,3301,2b34f2d44b307ee1,cmAPP:1622,cmAPP:1667,72478f51d38ee208,-0.012800000000000034,-0.49852845072746277,0.06,0.1607,
0,gnn_pair,3301,676b84ca4669fe18,cmAPP:2073,cmAPP:2118,10c405d304cc4e37,-0.6031,-0.24519085884094238,0.086,0.0694,
0,gnn_pair,3301,594ae7af3b916cd2,cmAPP:2069,cmAPP:2110,1c10d86ec1a802f4,-0.14290000000000003,-0.4399903416633606,0.1174,0.079,
0,gnn_pair,3301,5b2264ddc1a7af6c,cmAPP:2048,cmAPP:2093,1c10d86ec1a802f4,-0.2509,-0.22943520545959473,0.1604,0.0731,
0,gnn_pair,3301,fd35c25e6b032569,cmAPP:2072,cmAPP:2117,72478f51d38ee208,-0.12709999999999994,-0.5002533197402954,0.1127,0.10310000000000001,
0,gnn_pair,3301,62524e0c73da8dd0,cmAPP:1983,cmAPP:2028,10c405d304cc4e37,-0.512,-0.24481415748596191,0.0333,0.0638,
0,gnn_pair,3301,dbc2ab9cc107017b,cmAPP:1979,cmAPP:2020,1c10d86ec1a802f4,0.039799999999999836,-0.43968266248703003,0.1002,0.11699999999999999,
0,gnn_pair,3301,ca0223cac79b16f0,cmAPP:1958,cmAPP:2003,1c10d86ec1a802f4,-0.010599999999999943,-0.22894775867462158,0.0891,0.08070000000000001,
0,gnn_pair,3301,349eec1ddda15478,cmAPP:1982,cmAPP:2027,72478f51d38ee208,-0.36660000000000004,-0.4998055100440979,0.127,0.09949999999999999,
0,gnn_pair,3301,bdc3962cc20e139b,cmAPP:1893,cmAPP:1938,10c405d304cc4e37,-0.2084999999999999,-0.24374008178710938,0.020499999999999997,0.0317,
0,gnn_pair,3301,a40c86511b365ffd,cmAPP:1889,cmAPP:1930,1c10d86ec1a802f4,-0.26639999999999997,-0.4388054609298706,0.0363,0.12179999999999999,
0,gnn_pair,3301,8462c3a551411df3,cmAPP:1868,cmAPP:1913,1c10d86ec1a802f4,-0.24370000000000014,-0.22755789756774902,0.0321,0.1251,
0,gnn_pair,3301,78964639effd56c0,cmAPP:1892,cmAPP:1937,72478f51d38ee208,-0.33120000000000005,-0.49852845072746277,0.046799999999999994,0.11320000000000001,
0,nongraph_pair,1103,7145b489500dbd80,cmAPP:1803,cmAPP:1848,10c405d304cc4e37,-0.8083999999999999,-0.2279530167579651,0.061200000000000004,0.2516,
0,nongraph_pair,1103,05b4895f7bcd4c42,cmAPP:1799,cmAPP:1840,1c10d86ec1a802f4,0.3812,-0.4067954421043396,0.0344,0.2104,
0,nongraph_pair,1103,059e26913d78b631,cmAPP:1778,cmAPP:1823,1c10d86ec1a802f4,-1.8751,-0.16826575994491577,0.1424,0.1273,
0,nongraph_pair,1103,dbf5b6e05f2fd199,cmAPP:1802,cmAPP:1847,72478f51d38ee208,-0.8087999999999997,-0.46093571186065674,0.5171,0.0882,
0,nongraph_pair,1103,c6b1006bae31a2f4,cmAPP:1713,cmAPP:1758,10c405d304cc4e37,-0.21630000000000005,-0.22751736640930176,0.0141,0.059000000000000004,
0,nongraph_pair,1103,f98feef4cdda1f7a,cmAPP:1709,cmAPP:1750,1c10d86ec1a802f4,0.5236000000000001,-0.40636998414993286,0.2509,0.2433,
0,nongraph_pair,1103,eb09d956be8bc0bd,cmAPP:1688,cmAPP:1733,1c10d86ec1a802f4,0.14549999999999996,-0.16769206523895264,0.2898,0.028399999999999998,
0,nongraph_pair,1103,d26bc154c6f7f7ab,cmAPP:1712,cmAPP:1757,72478f51d38ee208,-0.36310000000000003,-0.4605015814304352,0.0767,0.16260000000000002,
0,nongraph_pair,1103,c465d631789b7798,cmAPP:1623,cmAPP:1668,10c405d304cc4e37,-0.05489999999999995,-0.2262750267982483,0.0616,0.0323,
0,nongraph_pair,1103,dd70d7ef8a4c9374,cmAPP:1619,cmAPP:1660,1c10d86ec1a802f4,2.0336,-0.4051569104194641,0.2964,0.10300000000000001,
0,nongraph_pair,1103,e9d357b8d3d85a4e,cmAPP:1598,cmAPP:1643,1c10d86ec1a802f4,-0.10759999999999997,-0.16605603694915771,0.0746,0.0934,
0,nongraph_pair,1103,2b34f2d44b307ee1,cmAPP:1622,cmAPP:1667,72478f51d38ee208,-0.012800000000000034,-0.4592639207839966,0.06,0.1607,
0,nongraph_pair,1103,676b84ca4669fe18,cmAPP:2073,cmAPP:2118,10c405d304cc4e37,-0.6031,-0.2279530167579651,0.086,0.0694,
0,nongraph_pair,1103,594ae7af3b916cd2,cmAPP:2069,cmAPP:2110,1c10d86ec1a802f4,-0.14290000000000003,-0.4067954421043396,0.1174,0.079,
0,nongraph_pair,1103,5b2264ddc1a7af6c,cmAPP:2048,cmAPP:2093,1c10d86ec1a802f4,-0.2509,-0.16826575994491577,0.1604,0.0731,
0,nongraph_pair,1103,fd35c25e6b032569,cmAPP:2072,cmAPP:2117,72478f51d38ee208,-0.12709999999999994,-0.46093571186065674,0.1127,0.10310000000000001,
0,nongraph_pair,1103,62524e0c73da8dd0,cmAPP:1983,cmAPP:2028,10c405d304cc4e37,-0.512,-0.22751736640930176,0.0333,0.0638,
0,nongraph_pair,1103,dbc2ab9cc107017b,cmAPP:1979,cmAPP:2020,1c10d86ec1a802f4,0.039799999999999836,-0.40636998414993286,0.1002,0.11699999999999999,
0,nongraph_pair,1103,ca0223cac79b16f0,cmAPP:1958,cmAPP:2003,1c10d86ec1a802f4,-0.010599999999999943,-0.16769206523895264,0.0891,0.08070000000000001,
0,nongraph_pair,1103,349eec1ddda15478,cmAPP:1982,cmAPP:2027,72478f51d38ee208,-0.36660000000000004,-0.4605015814304352,0.127,0.09949999999999999,
0,nongraph_pair,1103,bdc3962cc20e139b,cmAPP:1893,cmAPP:1938,10c405d304cc4e37,-0.2084999999999999,-0.2262750267982483,0.020499999999999997,0.0317,
0,nongraph_pair,1103,a40c86511b365ffd,cmAPP:1889,cmAPP:1930,1c10d86ec1a802f4,-0.26639999999999997,-0.4051569104194641,0.0363,0.12179999999999999,
0,nongraph_pair,1103,8462c3a551411df3,cmAPP:1868,cmAPP:1913,1c10d86ec1a802f4,-0.24370000000000014,-0.16605603694915771,0.0321,0.1251,
0,nongraph_pair,1103,78964639effd56c0,cmAPP:1892,cmAPP:1937,72478f51d38ee208,-0.33120000000000005,-0.4592639207839966,0.046799999999999994,0.11320000000000001,
0,nongraph_pair,2207,7145b489500dbd80,cmAPP:1803,cmAPP:1848,10c405d304cc4e37,-0.8083999999999999,-0.32653698325157166,0.061200000000000004,0.2516,
0,nongraph_pair,2207,05b4895f7bcd4c42,cmAPP:1799,cmAPP:1840,1c10d86ec1a802f4,0.3812,-0.3213035464286804,0.0344,0.2104,
0,nongraph_pair,2207,059e26913d78b631,cmAPP:1778,cmAPP:1823,1c10d86ec1a802f4,-1.8751,-0.169874370098114,0.1424,0.1273,
0,nongraph_pair,2207,dbf5b6e05f2fd199,cmAPP:1802,cmAPP:1847,72478f51d38ee208,-0.8087999999999997,-0.5112206935882568,0.5171,0.0882,
0,nongraph_pair,2207,c6b1006bae31a2f4,cmAPP:1713,cmAPP:1758,10c405d304cc4e37,-0.21630000000000005,-0.3263357877731323,0.0141,0.059000000000000004,
0,nongraph_pair,2207,f98feef4cdda1f7a,cmAPP:1709,cmAPP:1750,1c10d86ec1a802f4,0.5236000000000001,-0.3212122321128845,0.2509,0.2433,
0,nongraph_pair,2207,eb09d956be8bc0bd,cmAPP:1688,cmAPP:1733,1c10d86ec1a802f4,0.14549999999999996,-0.16958564519882202,0.2898,0.028399999999999998,
0,nongraph_pair,2207,d26bc154c6f7f7ab,cmAPP:1712,cmAPP:1757,72478f51d38ee208,-0.36310000000000003,-0.5110992193222046,0.0767,0.16260000000000002,
0,nongraph_pair,2207,c465d631789b7798,cmAPP:1623,cmAPP:1668,10c405d304cc4e37,-0.05489999999999995,-0.32576221227645874,0.0616,0.0323,
0,nongraph_pair,2207,dd70d7ef8a4c9374,cmAPP:1619,cmAPP:1660,1c10d86ec1a802f4,2.0336,-0.32089537382125854,0.2964,0.10300000000000001,
0,nongraph_pair,2207,e9d357b8d3d85a4e,cmAPP:1598,cmAPP:1643,1c10d86ec1a802f4,-0.10759999999999997,-0.16876232624053955,0.0746,0.0934,
0,nongraph_pair,2207,2b34f2d44b307ee1,cmAPP:1622,cmAPP:1667,72478f51d38ee208,-0.012800000000000034,-0.5107525587081909,0.06,0.1607,
0,nongraph_pair,2207,676b84ca4669fe18,cmAPP:2073,cmAPP:2118,10c405d304cc4e37,-0.6031,-0.32653698325157166,0.086,0.0694,
0,nongraph_pair,2207,594ae7af3b916cd2,cmAPP:2069,cmAPP:2110,1c10d86ec1a802f4,-0.14290000000000003,-0.3213035464286804,0.1174,0.079,
0,nongraph_pair,2207,5b2264ddc1a7af6c,cmAPP:2048,cmAPP:2093,1c10d86ec1a802f4,-0.2509,-0.169874370098114,0.1604,0.0731,
0,nongraph_pair,2207,fd35c25e6b032569,cmAPP:2072,cmAPP:2117,72478f51d38ee208,-0.12709999999999994,-0.5112206935882568,0.1127,0.10310000000000001,
0,nongraph_pair,2207,62524e0c73da8dd0,cmAPP:1983,cmAPP:2028,10c405d304cc4e37,-0.512,-0.3263357877731323,0.0333,0.0638,
0,nongraph_pair,2207,dbc2ab9cc107017b,cmAPP:1979,cmAPP:2020,1c10d86ec1a802f4,0.039799999999999836,-0.3212122321128845,0.1002,0.11699999999999999,
0,nongraph_pair,2207,ca0223cac79b16f0,cmAPP:1958,cmAPP:2003,1c10d86ec1a802f4,-0.010599999999999943,-0.16958564519882202,0.0891,0.08070000000000001,
0,nongraph_pair,2207,349eec1ddda15478,cmAPP:1982,cmAPP:2027,72478f51d38ee208,-0.36660000000000004,-0.5110992193222046,0.127,0.09949999999999999,
0,nongraph_pair,2207,bdc3962cc20e139b,cmAPP:1893,cmAPP:1938,10c405d304cc4e37,-0.2084999999999999,-0.32576221227645874,0.020499999999999997,0.0317,
0,nongraph_pair,2207,a40c86511b365ffd,cmAPP:1889,cmAPP:1930,1c10d86ec1a802f4,-0.26639999999999997,-0.32089537382125854,0.0363,0.12179999999999999,
0,nongraph_pair,2207,8462c3a551411df3,cmAPP:1868,cmAPP:1913,1c10d86ec1a802f4,-0.24370000000000014,-0.16876232624053955,0.0321,0.1251,
0,nongraph_pair,2207,78964639effd56c0,cmAPP:1892,cmAPP:1937,72478f51d38ee208,-0.33120000000000005,-0.5107525587081909,0.046799999999999994,0.11320000000000001,
0,nongraph_pair,3301,7145b489500dbd80,cmAPP:1803,cmAPP:1848,10c405d304cc4e37,-0.8083999999999999,-0.38133054971694946,0.061200000000000004,0.2516,
0,nongraph_pair,3301,05b4895f7bcd4c42,cmAPP:1799,cmAPP:1840,1c10d86ec1a802f4,0.3812,-0.40988895297050476,0.0344,0.2104,
0,nongraph_pair,3301,059e26913d78b631,cmAPP:1778,cmAPP:1823,1c10d86ec1a802f4,-1.8751,-0.4133976697921753,0.1424,0.1273,
0,nongraph_pair,3301,dbf5b6e05f2fd199,cmAPP:1802,cmAPP:1847,72478f51d38ee208,-0.8087999999999997,-0.41503390669822693,0.5171,0.0882,
0,nongraph_pair,3301,c6b1006bae31a2f4,cmAPP:1713,cmAPP:1758,10c405d304cc4e37,-0.21630000000000005,-0.3813905417919159,0.0141,0.059000000000000004,
0,nongraph_pair,3301,f98feef4cdda1f7a,cmAPP:1709,cmAPP:1750,1c10d86ec1a802f4,0.5236000000000001,-0.40986019372940063,0.2509,0.2433,
0,nongraph_pair,3301,eb09d956be8bc0bd,cmAPP:1688,cmAPP:1733,1c10d86ec1a802f4,0.14549999999999996,-0.4133431911468506,0.2898,0.028399999999999998,
0,nongraph_pair,3301,d26bc154c6f7f7ab,cmAPP:1712,cmAPP:1757,72478f51d38ee208,-0.36310000000000003,-0.4151039123535156,0.0767,0.16260000000000002,
0,nongraph_pair,3301,c465d631789b7798,cmAPP:1623,cmAPP:1668,10c405d304cc4e37,-0.05489999999999995,-0.3815617263317108,0.0616,0.0323,
0,nongraph_pair,3301,dd70d7ef8a4c9374,cmAPP:1619,cmAPP:1660,1c10d86ec1a802f4,2.0336,-0.4097782075405121,0.2964,0.10300000000000001,
0,nongraph_pair,3301,e9d357b8d3d85a4e,cmAPP:1598,cmAPP:1643,1c10d86ec1a802f4,-0.10759999999999997,-0.41318780183792114,0.0746,0.0934,
0,nongraph_pair,3301,2b34f2d44b307ee1,cmAPP:1622,cmAPP:1667,72478f51d38ee208,-0.012800000000000034,-0.41524410247802734,0.06,0.1607,
0,nongraph_pair,3301,676b84ca4669fe18,cmAPP:2073,cmAPP:2118,10c405d304cc4e37,-0.6031,-0.38133054971694946,0.086,0.0694,
0,nongraph_pair,3301,594ae7af3b916cd2,cmAPP:2069,cmAPP:2110,1c10d86ec1a802f4,-0.14290000000000003,-0.40988895297050476,0.1174,0.079,
0,nongraph_pair,3301,5b2264ddc1a7af6c,cmAPP:2048,cmAPP:2093,1c10d86ec1a802f4,-0.2509,-0.4133976697921753,0.1604,0.0731,
0,nongraph_pair,3301,fd35c25e6b032569,cmAPP:2072,cmAPP:2117,72478f51d38ee208,-0.12709999999999994,-0.41503390669822693,0.1127,0.10310000000000001,
0,nongraph_pair,3301,62524e0c73da8dd0,cmAPP:1983,cmAPP:2028,10c405d304cc4e37,-0.512,-0.3813905417919159,0.0333,0.0638,
0,nongraph_pair,3301,dbc2ab9cc107017b,cmAPP:1979,cmAPP:2020,1c10d86ec1a802f4,0.039799999999999836,-0.40986019372940063,0.1002,0.11699999999999999,
0,nongraph_pair,3301,ca0223cac79b16f0,cmAPP:1958,cmAPP:2003,1c10d86ec1a802f4,-0.010599999999999943,-0.4133431911468506,0.0891,0.08070000000000001,
0,nongraph_pair,3301,349eec1ddda15478,cmAPP:1982,cmAPP:2027,72478f51d38ee208,-0.36660000000000004,-0.4151039123535156,0.127,0.09949999999999999,
0,nongraph_pair,3301,bdc3962cc20e139b,cmAPP:1893,cmAPP:1938,10c405d304cc4e37,-0.2084999999999999,-0.3815617263317108,0.020499999999999997,0.0317,
0,nongraph_pair,3301,a40c86511b365ffd,cmAPP:1889,cmAPP:1930,1c10d86ec1a802f4,-0.26639999999999997,-0.4097782075405121,0.0363,0.12179999999999999,
0,nongraph_pair,3301,8462c3a551411df3,cmAPP:1868,cmAPP:1913,1c10d86ec1a802f4,-0.24370000000000014,-0.41318780183792114,0.0321,0.1251,
0,nongraph_pair,3301,78964639effd56c0,cmAPP:1892,cmAPP:1937,72478f51d38ee208,-0.33120000000000005,-0.41524410247802734,0.046799999999999994,0.11320000000000001,
1,zero,0,5b10002dc6e9b311,cmAPP:1805,cmAPP:1850,28639edc531a2e1a,0.3319,0.0,0.2754,0.0858,
1,zero,0,c8e8c0b442f5a1a1,cmAPP:1771,cmAPP:1816,1212da56aac7a198,-0.8776,0.0,0.047599999999999996,0.087,
1,zero,0,8aa63b5c3ecd924d,cmAPP:1795,cmAPP:1844,28639edc531a2e1a,-0.5152,0.0,0.2846,0.19870000000000002,
1,zero,0,d3de99befe559e4d,cmAPP:1781,cmAPP:1826,1212da56aac7a198,-0.22190000000000004,0.0,0.1041,0.2195,
1,zero,0,382a0a377b849c67,cmAPP:1806,cmAPP:1851,28639edc531a2e1a,0.2361,0.0,0.3618,0.3897,
1,zero,0,b5c2328a2c4ba021,cmAPP:1791,cmAPP:1836,28639edc531a2e1a,-1.0455,0.0,0.030600000000000002,0.2801,
1,zero,0,086646f70e89b7e8,cmAPP:1804,cmAPP:1849,28639edc531a2e1a,-0.6019,0.0,0.1164,0.5791,
1,zero,0,dff31405206d397b,cmAPP:1797,cmAPP:1846,8a110cbb1ec4bb37,-1.5217999999999998,0.0,0.1784,0.1663,
1,zero,0,0ee5a5f6520a7c7a,cmAPP:1715,cmAPP:1760,28639edc531a2e1a,-0.17490000000000006,0.0,0.0608,0.1155,
1,zero,0,5b8cb0fffb026635,cmAPP:1681,cmAPP:1726,1212da56aac7a198,0.011099999999999999,0.0,0.008,0.0649,
1,zero,0,97a210f808788925,cmAPP:1705,cmAPP:1754,28639edc531a2e1a,-0.03459999999999985,0.0,0.0934,0.13369999999999999,
1,zero,0,9f45bd9c2c0e94ba,cmAPP:1691,cmAPP:1736,1212da56aac7a198,-0.1439999999999999,0.0,0.10619999999999999,0.07780000000000001,
1,zero,0,b994b3eb1c0af55d,cmAPP:1716,cmAPP:1761,28639edc531a2e1a,-0.4706,0.0,0.0717,0.13419999999999999,
1,zero,0,45289904b26c1459,cmAPP:1701,cmAPP:1746,28639edc531a2e1a,-0.29069999999999996,0.0,0.01,0.1063,
1,zero,0,f762503ebcc65c82,cmAPP:1714,cmAPP:1759,28639edc531a2e1a,-0.08540000000000003,0.0,0.0706,0.081,
1,zero,0,e7cdd445b47734ce,cmAPP:1707,cmAPP:1756,8a110cbb1ec4bb37,-0.3610000000000001,0.0,0.0946,0.1015,
1,zero,0,e284e40848b79caf,cmAPP:1625,cmAPP:1670,28639edc531a2e1a,0.14149999999999996,0.0,0.0601,0.052000000000000005,
1,zero,0,421212f430fb6217,cmAPP:1591,cmAPP:1636,1212da56aac7a198,-0.04060000000000008,0.0,0.024,0.0765,
1,zero,0,600169b9f0f80551,cmAPP:1615,cmAPP:1664,28639edc531a2e1a,0.02199999999999991,0.0,0.07150000000000001,0.0554,
1,zero,0,409122d11d642bec,cmAPP:1601,cmAPP:1646,1212da56aac7a198,-0.45020000000000004,0.0,0.0212,0.3306,
1,zero,0,fca0701bd3bac2f3,cmAPP:1626,cmAPP:1671,28639edc531a2e1a,-0.2828999999999999,0.0,0.14429999999999998,0.0999,
1,zero,0,34038dbdd4553f7d,cmAPP:1611,cmAPP:1656,28639edc531a2e1a,-0.014200000000000101,0.0,0.0373,0.048,
1,zero,0,d17517694a996e9b,cmAPP:1624,cmAPP:1669,28639edc531a2e1a,-0.19910000000000005,0.0,0.008199999999999999,0.069,
1,zero,0,a5c36e48fb124d82,cmAPP:1617,cmAPP:1666,8a110cbb1ec4bb37,-0.45020000000000004,0.0,0.1369,0.18719999999999998,
1,zero,0,c805543d26a64bde,cmAPP:2075,cmAPP:2120,28639edc531a2e1a,-0.11869999999999992,0.0,0.09,0.1231,
1,zero,0,fd2a262963837b7f,cmAPP:2041,cmAPP:2086,1212da56aac7a198,-0.12370000000000003,0.0,0.059000000000000004,0.0151,
1,zero,0,396bdc7f9386d193,cmAPP:2065,cmAPP:2114,28639edc531a2e1a,-0.24690000000000012,0.0,0.0611,0.1293,
1,zero,0,fdbf57627003ba04,cmAPP:2051,cmAPP:2096,1212da56aac7a198,-0.23420000000000007,0.0,0.0968,0.0231,
1,zero,0,96c1bc434b0cc0dd,cmAPP:2076,cmAPP:2121,28639edc531a2e1a,-0.3479000000000001,0.0,0.0617,0.13119999999999998,
1,zero,0,849edfe135b4a285,cmAPP:2061,cmAPP:2106,28639edc531a2e1a,-0.3863000000000001,0.0,0.0817,0.08310000000000001,
1,zero,0,0f5070b79250194c,cmAPP:2074,cmAPP:2119,28639edc531a2e1a,-0.42489999999999994,0.0,0.0526,0.0729,
1,zero,0,473de2be4f7d6584,cmAPP:2067,cmAPP:2116,8a110cbb1ec4bb37,-0.6101000000000001,0.0,0.061500000000000006,0.3147,
1,zero,0,675d15d359e354d5,cmAPP:1985,cmAPP:2030,28639edc531a2e1a,-0.09120000000000006,0.0,0.0105,0.04769999999999999,
1,zero,0,7d9ac8b735ba4661,cmAPP:1951,cmAPP:1996,1212da56aac7a198,0.03709999999999991,0.0,0.0533,0.0337,
1,zero,0,a15df525a6a379e5,cmAPP:1975,cmAPP:2024,28639edc531a2e1a,0.030400000000000094,0.0,0.0661,0.0528,
1,zero,0,8ab99b4d0257f181,cmAPP:1961,cmAPP:2006,1212da56aac7a198,-0.07660000000000011,0.0,0.0401,0.09820000000000001,
1,zero,0,f77d454e0640bee9,cmAPP:1986,cmAPP:2031,28639edc531a2e1a,-0.25849999999999995,0.0,0.027200000000000002,0.0181,
1,zero,0,4c96170b7a5e6348,cmAPP:1971,cmAPP:2016,28639edc531a2e1a,-0.11339999999999983,0.0,0.0482,0.0404,
1,zero,0,0ef70c3bf1ed6748,cmAPP:1984,cmAPP:2029,28639edc531a2e1a,-0.07260000000000011,0.0,0.0481,0.08990000000000001,
1,zero,0,becdd89127e663db,cmAPP:1977,cmAPP:2026,8a110cbb1ec4bb37,-0.5430999999999999,0.0,0.047599999999999996,0.062400000000000004,
1,zero,0,aa3134d53203d34e,cmAPP:1895,cmAPP:1940,28639edc531a2e1a,-0.028799999999999937,0.0,0.0143,0.052199999999999996,
1,zero,0,dd6c1c7202e5a255,cmAPP:1861,cmAPP:1906,1212da56aac7a198,-0.012000000000000122,0.0,0.0007000000000000001,0.0051,
1,zero,0,fb01500214324543,cmAPP:1885,cmAPP:1934,28639edc531a2e1a,-0.0014000000000000679,0.0,0.0278,0.0077,
1,zero,0,edbdac59a2065c45,cmAPP:1871,cmAPP:1916,1212da56aac7a198,-0.011399999999999966,0.0,0.0015,0.012199999999999999,
1,zero,0,8cfd4f27b028eb77,cmAPP:1896,cmAPP:1941,28639edc531a2e1a,-0.242,0.0,0.0068000000000000005,0.0691,
1,zero,0,9b2d1052c5390363,cmAPP:1881,cmAPP:1926,28639edc531a2e1a,-0.018500000000000072,0.0,0.0043,0.0105,
1,zero,0,3cf75a1628ce2443,cmAPP:1894,cmAPP:1939,28639edc531a2e1a,-0.07340000000000002,0.0,0.0017000000000000001,0.0179,
1,zero,0,6e2a61766f596436,cmAPP:1887,cmAPP:1936,8a110cbb1ec4bb37,-0.4691000000000001,0.0,0.0074,0.055099999999999996,
1,training_mean,0,5b10002dc6e9b311,cmAPP:1805,cmAPP:1850,28639edc531a2e1a,0.3319,-0.32762539523172945,0.2754,0.0858,
1,training_mean,0,c8e8c0b442f5a1a1,cmAPP:1771,cmAPP:1816,1212da56aac7a198,-0.8776,-0.32762539523172945,0.047599999999999996,0.087,
1,training_mean,0,8aa63b5c3ecd924d,cmAPP:1795,cmAPP:1844,28639edc531a2e1a,-0.5152,-0.32762539523172945,0.2846,0.19870000000000002,
1,training_mean,0,d3de99befe559e4d,cmAPP:1781,cmAPP:1826,1212da56aac7a198,-0.22190000000000004,-0.32762539523172945,0.1041,0.2195,
1,training_mean,0,382a0a377b849c67,cmAPP:1806,cmAPP:1851,28639edc531a2e1a,0.2361,-0.32762539523172945,0.3618,0.3897,
1,training_mean,0,b5c2328a2c4ba021,cmAPP:1791,cmAPP:1836,28639edc531a2e1a,-1.0455,-0.32762539523172945,0.030600000000000002,0.2801,
1,training_mean,0,086646f70e89b7e8,cmAPP:1804,cmAPP:1849,28639edc531a2e1a,-0.6019,-0.32762539523172945,0.1164,0.5791,
1,training_mean,0,dff31405206d397b,cmAPP:1797,cmAPP:1846,8a110cbb1ec4bb37,-1.5217999999999998,-0.32762539523172945,0.1784,0.1663,
1,training_mean,0,0ee5a5f6520a7c7a,cmAPP:1715,cmAPP:1760,28639edc531a2e1a,-0.17490000000000006,-0.32762539523172945,0.0608,0.1155,
1,training_mean,0,5b8cb0fffb026635,cmAPP:1681,cmAPP:1726,1212da56aac7a198,0.011099999999999999,-0.32762539523172945,0.008,0.0649,
1,training_mean,0,97a210f808788925,cmAPP:1705,cmAPP:1754,28639edc531a2e1a,-0.03459999999999985,-0.32762539523172945,0.0934,0.13369999999999999,
1,training_mean,0,9f45bd9c2c0e94ba,cmAPP:1691,cmAPP:1736,1212da56aac7a198,-0.1439999999999999,-0.32762539523172945,0.10619999999999999,0.07780000000000001,
1,training_mean,0,b994b3eb1c0af55d,cmAPP:1716,cmAPP:1761,28639edc531a2e1a,-0.4706,-0.32762539523172945,0.0717,0.13419999999999999,
1,training_mean,0,45289904b26c1459,cmAPP:1701,cmAPP:1746,28639edc531a2e1a,-0.29069999999999996,-0.32762539523172945,0.01,0.1063,
1,training_mean,0,f762503ebcc65c82,cmAPP:1714,cmAPP:1759,28639edc531a2e1a,-0.08540000000000003,-0.32762539523172945,0.0706,0.081,
1,training_mean,0,e7cdd445b47734ce,cmAPP:1707,cmAPP:1756,8a110cbb1ec4bb37,-0.3610000000000001,-0.32762539523172945,0.0946,0.1015,
1,training_mean,0,e284e40848b79caf,cmAPP:1625,cmAPP:1670,28639edc531a2e1a,0.14149999999999996,-0.32762539523172945,0.0601,0.052000000000000005,
1,training_mean,0,421212f430fb6217,cmAPP:1591,cmAPP:1636,1212da56aac7a198,-0.04060000000000008,-0.32762539523172945,0.024,0.0765,
1,training_mean,0,600169b9f0f80551,cmAPP:1615,cmAPP:1664,28639edc531a2e1a,0.02199999999999991,-0.32762539523172945,0.07150000000000001,0.0554,
1,training_mean,0,409122d11d642bec,cmAPP:1601,cmAPP:1646,1212da56aac7a198,-0.45020000000000004,-0.32762539523172945,0.0212,0.3306,
1,training_mean,0,fca0701bd3bac2f3,cmAPP:1626,cmAPP:1671,28639edc531a2e1a,-0.2828999999999999,-0.32762539523172945,0.14429999999999998,0.0999,
1,training_mean,0,34038dbdd4553f7d,cmAPP:1611,cmAPP:1656,28639edc531a2e1a,-0.014200000000000101,-0.32762539523172945,0.0373,0.048,
1,training_mean,0,d17517694a996e9b,cmAPP:1624,cmAPP:1669,28639edc531a2e1a,-0.19910000000000005,-0.32762539523172945,0.008199999999999999,0.069,
1,training_mean,0,a5c36e48fb124d82,cmAPP:1617,cmAPP:1666,8a110cbb1ec4bb37,-0.45020000000000004,-0.32762539523172945,0.1369,0.18719999999999998,
1,training_mean,0,c805543d26a64bde,cmAPP:2075,cmAPP:2120,28639edc531a2e1a,-0.11869999999999992,-0.32762539523172945,0.09,0.1231,
1,training_mean,0,fd2a262963837b7f,cmAPP:2041,cmAPP:2086,1212da56aac7a198,-0.12370000000000003,-0.32762539523172945,0.059000000000000004,0.0151,
1,training_mean,0,396bdc7f9386d193,cmAPP:2065,cmAPP:2114,28639edc531a2e1a,-0.24690000000000012,-0.32762539523172945,0.0611,0.1293,
1,training_mean,0,fdbf57627003ba04,cmAPP:2051,cmAPP:2096,1212da56aac7a198,-0.23420000000000007,-0.32762539523172945,0.0968,0.0231,
1,training_mean,0,96c1bc434b0cc0dd,cmAPP:2076,cmAPP:2121,28639edc531a2e1a,-0.3479000000000001,-0.32762539523172945,0.0617,0.13119999999999998,
1,training_mean,0,849edfe135b4a285,cmAPP:2061,cmAPP:2106,28639edc531a2e1a,-0.3863000000000001,-0.32762539523172945,0.0817,0.08310000000000001,
1,training_mean,0,0f5070b79250194c,cmAPP:2074,cmAPP:2119,28639edc531a2e1a,-0.42489999999999994,-0.32762539523172945,0.0526,0.0729,
1,training_mean,0,473de2be4f7d6584,cmAPP:2067,cmAPP:2116,8a110cbb1ec4bb37,-0.6101000000000001,-0.32762539523172945,0.061500000000000006,0.3147,
1,training_mean,0,675d15d359e354d5,cmAPP:1985,cmAPP:2030,28639edc531a2e1a,-0.09120000000000006,-0.32762539523172945,0.0105,0.04769999999999999,
1,training_mean,0,7d9ac8b735ba4661,cmAPP:1951,cmAPP:1996,1212da56aac7a198,0.03709999999999991,-0.32762539523172945,0.0533,0.0337,
1,training_mean,0,a15df525a6a379e5,cmAPP:1975,cmAPP:2024,28639edc531a2e1a,0.030400000000000094,-0.32762539523172945,0.0661,0.0528,
1,training_mean,0,8ab99b4d0257f181,cmAPP:1961,cmAPP:2006,1212da56aac7a198,-0.07660000000000011,-0.32762539523172945,0.0401,0.09820000000000001,
1,training_mean,0,f77d454e0640bee9,cmAPP:1986,cmAPP:2031,28639edc531a2e1a,-0.25849999999999995,-0.32762539523172945,0.027200000000000002,0.0181,
1,training_mean,0,4c96170b7a5e6348,cmAPP:1971,cmAPP:2016,28639edc531a2e1a,-0.11339999999999983,-0.32762539523172945,0.0482,0.0404,
1,training_mean,0,0ef70c3bf1ed6748,cmAPP:1984,cmAPP:2029,28639edc531a2e1a,-0.07260000000000011,-0.32762539523172945,0.0481,0.08990000000000001,
1,training_mean,0,becdd89127e663db,cmAPP:1977,cmAPP:2026,8a110cbb1ec4bb37,-0.5430999999999999,-0.32762539523172945,0.047599999999999996,0.062400000000000004,
1,training_mean,0,aa3134d53203d34e,cmAPP:1895,cmAPP:1940,28639edc531a2e1a,-0.028799999999999937,-0.32762539523172945,0.0143,0.052199999999999996,
1,training_mean,0,dd6c1c7202e5a255,cmAPP:1861,cmAPP:1906,1212da56aac7a198,-0.012000000000000122,-0.32762539523172945,0.0007000000000000001,0.0051,
1,training_mean,0,fb01500214324543,cmAPP:1885,cmAPP:1934,28639edc531a2e1a,-0.0014000000000000679,-0.32762539523172945,0.0278,0.0077,
1,training_mean,0,edbdac59a2065c45,cmAPP:1871,cmAPP:1916,1212da56aac7a198,-0.011399999999999966,-0.32762539523172945,0.0015,0.012199999999999999,
1,training_mean,0,8cfd4f27b028eb77,cmAPP:1896,cmAPP:1941,28639edc531a2e1a,-0.242,-0.32762539523172945,0.0068000000000000005,0.0691,
1,training_mean,0,9b2d1052c5390363,cmAPP:1881,cmAPP:1926,28639edc531a2e1a,-0.018500000000000072,-0.32762539523172945,0.0043,0.0105,
1,training_mean,0,3cf75a1628ce2443,cmAPP:1894,cmAPP:1939,28639edc531a2e1a,-0.07340000000000002,-0.32762539523172945,0.0017000000000000001,0.0179,
1,training_mean,0,6e2a61766f596436,cmAPP:1887,cmAPP:1936,8a110cbb1ec4bb37,-0.4691000000000001,-0.32762539523172945,0.0074,0.055099999999999996,
1,training_majority,0,5b10002dc6e9b311,cmAPP:1805,cmAPP:1850,28639edc531a2e1a,0.3319,-1.0,0.2754,0.0858,
1,training_majority,0,c8e8c0b442f5a1a1,cmAPP:1771,cmAPP:1816,1212da56aac7a198,-0.8776,-1.0,0.047599999999999996,0.087,
1,training_majority,0,8aa63b5c3ecd924d,cmAPP:1795,cmAPP:1844,28639edc531a2e1a,-0.5152,-1.0,0.2846,0.19870000000000002,
1,training_majority,0,d3de99befe559e4d,cmAPP:1781,cmAPP:1826,1212da56aac7a198,-0.22190000000000004,-1.0,0.1041,0.2195,
1,training_majority,0,382a0a377b849c67,cmAPP:1806,cmAPP:1851,28639edc531a2e1a,0.2361,-1.0,0.3618,0.3897,
1,training_majority,0,b5c2328a2c4ba021,cmAPP:1791,cmAPP:1836,28639edc531a2e1a,-1.0455,-1.0,0.030600000000000002,0.2801,
1,training_majority,0,086646f70e89b7e8,cmAPP:1804,cmAPP:1849,28639edc531a2e1a,-0.6019,-1.0,0.1164,0.5791,
1,training_majority,0,dff31405206d397b,cmAPP:1797,cmAPP:1846,8a110cbb1ec4bb37,-1.5217999999999998,-1.0,0.1784,0.1663,
1,training_majority,0,0ee5a5f6520a7c7a,cmAPP:1715,cmAPP:1760,28639edc531a2e1a,-0.17490000000000006,-1.0,0.0608,0.1155,
1,training_majority,0,5b8cb0fffb026635,cmAPP:1681,cmAPP:1726,1212da56aac7a198,0.011099999999999999,-1.0,0.008,0.0649,
1,training_majority,0,97a210f808788925,cmAPP:1705,cmAPP:1754,28639edc531a2e1a,-0.03459999999999985,-1.0,0.0934,0.13369999999999999,
1,training_majority,0,9f45bd9c2c0e94ba,cmAPP:1691,cmAPP:1736,1212da56aac7a198,-0.1439999999999999,-1.0,0.10619999999999999,0.07780000000000001,
1,training_majority,0,b994b3eb1c0af55d,cmAPP:1716,cmAPP:1761,28639edc531a2e1a,-0.4706,-1.0,0.0717,0.13419999999999999,
1,training_majority,0,45289904b26c1459,cmAPP:1701,cmAPP:1746,28639edc531a2e1a,-0.29069999999999996,-1.0,0.01,0.1063,
1,training_majority,0,f762503ebcc65c82,cmAPP:1714,cmAPP:1759,28639edc531a2e1a,-0.08540000000000003,-1.0,0.0706,0.081,
1,training_majority,0,e7cdd445b47734ce,cmAPP:1707,cmAPP:1756,8a110cbb1ec4bb37,-0.3610000000000001,-1.0,0.0946,0.1015,
1,training_majority,0,e284e40848b79caf,cmAPP:1625,cmAPP:1670,28639edc531a2e1a,0.14149999999999996,-1.0,0.0601,0.052000000000000005,
1,training_majority,0,421212f430fb6217,cmAPP:1591,cmAPP:1636,1212da56aac7a198,-0.04060000000000008,-1.0,0.024,0.0765,
1,training_majority,0,600169b9f0f80551,cmAPP:1615,cmAPP:1664,28639edc531a2e1a,0.02199999999999991,-1.0,0.07150000000000001,0.0554,
1,training_majority,0,409122d11d642bec,cmAPP:1601,cmAPP:1646,1212da56aac7a198,-0.45020000000000004,-1.0,0.0212,0.3306,
1,training_majority,0,fca0701bd3bac2f3,cmAPP:1626,cmAPP:1671,28639edc531a2e1a,-0.2828999999999999,-1.0,0.14429999999999998,0.0999,
1,training_majority,0,34038dbdd4553f7d,cmAPP:1611,cmAPP:1656,28639edc531a2e1a,-0.014200000000000101,-1.0,0.0373,0.048,
1,training_majority,0,d17517694a996e9b,cmAPP:1624,cmAPP:1669,28639edc531a2e1a,-0.19910000000000005,-1.0,0.008199999999999999,0.069,
1,training_majority,0,a5c36e48fb124d82,cmAPP:1617,cmAPP:1666,8a110cbb1ec4bb37,-0.45020000000000004,-1.0,0.1369,0.18719999999999998,
1,training_majority,0,c805543d26a64bde,cmAPP:2075,cmAPP:2120,28639edc531a2e1a,-0.11869999999999992,-1.0,0.09,0.1231,
1,training_majority,0,fd2a262963837b7f,cmAPP:2041,cmAPP:2086,1212da56aac7a198,-0.12370000000000003,-1.0,0.059000000000000004,0.0151,
1,training_majority,0,396bdc7f9386d193,cmAPP:2065,cmAPP:2114,28639edc531a2e1a,-0.24690000000000012,-1.0,0.0611,0.1293,
1,training_majority,0,fdbf57627003ba04,cmAPP:2051,cmAPP:2096,1212da56aac7a198,-0.23420000000000007,-1.0,0.0968,0.0231,
1,training_majority,0,96c1bc434b0cc0dd,cmAPP:2076,cmAPP:2121,28639edc531a2e1a,-0.3479000000000001,-1.0,0.0617,0.13119999999999998,
1,training_majority,0,849edfe135b4a285,cmAPP:2061,cmAPP:2106,28639edc531a2e1a,-0.3863000000000001,-1.0,0.0817,0.08310000000000001,
1,training_majority,0,0f5070b79250194c,cmAPP:2074,cmAPP:2119,28639edc531a2e1a,-0.42489999999999994,-1.0,0.0526,0.0729,
1,training_majority,0,473de2be4f7d6584,cmAPP:2067,cmAPP:2116,8a110cbb1ec4bb37,-0.6101000000000001,-1.0,0.061500000000000006,0.3147,
1,training_majority,0,675d15d359e354d5,cmAPP:1985,cmAPP:2030,28639edc531a2e1a,-0.09120000000000006,-1.0,0.0105,0.04769999999999999,
1,training_majority,0,7d9ac8b735ba4661,cmAPP:1951,cmAPP:1996,1212da56aac7a198,0.03709999999999991,-1.0,0.0533,0.0337,
1,training_majority,0,a15df525a6a379e5,cmAPP:1975,cmAPP:2024,28639edc531a2e1a,0.030400000000000094,-1.0,0.0661,0.0528,
1,training_majority,0,8ab99b4d0257f181,cmAPP:1961,cmAPP:2006,1212da56aac7a198,-0.07660000000000011,-1.0,0.0401,0.09820000000000001,
1,training_majority,0,f77d454e0640bee9,cmAPP:1986,cmAPP:2031,28639edc531a2e1a,-0.25849999999999995,-1.0,0.027200000000000002,0.0181,
1,training_majority,0,4c96170b7a5e6348,cmAPP:1971,cmAPP:2016,28639edc531a2e1a,-0.11339999999999983,-1.0,0.0482,0.0404,
1,training_majority,0,0ef70c3bf1ed6748,cmAPP:1984,cmAPP:2029,28639edc531a2e1a,-0.07260000000000011,-1.0,0.0481,0.08990000000000001,
1,training_majority,0,becdd89127e663db,cmAPP:1977,cmAPP:2026,8a110cbb1ec4bb37,-0.5430999999999999,-1.0,0.047599999999999996,0.062400000000000004,
1,training_majority,0,aa3134d53203d34e,cmAPP:1895,cmAPP:1940,28639edc531a2e1a,-0.028799999999999937,-1.0,0.0143,0.052199999999999996,
1,training_majority,0,dd6c1c7202e5a255,cmAPP:1861,cmAPP:1906,1212da56aac7a198,-0.012000000000000122,-1.0,0.0007000000000000001,0.0051,
1,training_majority,0,fb01500214324543,cmAPP:1885,cmAPP:1934,28639edc531a2e1a,-0.0014000000000000679,-1.0,0.0278,0.0077,
1,training_majority,0,edbdac59a2065c45,cmAPP:1871,cmAPP:1916,1212da56aac7a198,-0.011399999999999966,-1.0,0.0015,0.012199999999999999,
1,training_majority,0,8cfd4f27b028eb77,cmAPP:1896,cmAPP:1941,28639edc531a2e1a,-0.242,-1.0,0.0068000000000000005,0.0691,
1,training_majority,0,9b2d1052c5390363,cmAPP:1881,cmAPP:1926,28639edc531a2e1a,-0.018500000000000072,-1.0,0.0043,0.0105,
1,training_majority,0,3cf75a1628ce2443,cmAPP:1894,cmAPP:1939,28639edc531a2e1a,-0.07340000000000002,-1.0,0.0017000000000000001,0.0179,
1,training_majority,0,6e2a61766f596436,cmAPP:1887,cmAPP:1936,8a110cbb1ec4bb37,-0.4691000000000001,-1.0,0.0074,0.055099999999999996,
1,pair_ridge,0,5b10002dc6e9b311,cmAPP:1805,cmAPP:1850,28639edc531a2e1a,0.3319,0.01190096139907837,0.2754,0.0858,
1,pair_ridge,0,c8e8c0b442f5a1a1,cmAPP:1771,cmAPP:1816,1212da56aac7a198,-0.8776,-0.25429150462150574,0.047599999999999996,0.087,
1,pair_ridge,0,8aa63b5c3ecd924d,cmAPP:1795,cmAPP:1844,28639edc531a2e1a,-0.5152,-0.49461546540260315,0.2846,0.19870000000000002,
1,pair_ridge,0,d3de99befe559e4d,cmAPP:1781,cmAPP:1826,1212da56aac7a198,-0.22190000000000004,-0.4641658365726471,0.1041,0.2195,
1,pair_ridge,0,382a0a377b849c67,cmAPP:1806,cmAPP:1851,28639edc531a2e1a,0.2361,-0.10898624360561371,0.3618,0.3897,
1,pair_ridge,0,b5c2328a2c4ba021,cmAPP:1791,cmAPP:1836,28639edc531a2e1a,-1.0455,0.04058924317359924,0.030600000000000002,0.2801,
1,pair_ridge,0,086646f70e89b7e8,cmAPP:1804,cmAPP:1849,28639edc531a2e1a,-0.6019,-0.307468444108963,0.1164,0.5791,
1,pair_ridge,0,dff31405206d397b,cmAPP:1797,cmAPP:1846,8a110cbb1ec4bb37,-1.5217999999999998,-0.4098517894744873,0.1784,0.1663,
1,pair_ridge,0,0ee5a5f6520a7c7a,cmAPP:1715,cmAPP:1760,28639edc531a2e1a,-0.17490000000000006,0.01190096139907837,0.0608,0.1155,
1,pair_ridge,0,5b8cb0fffb026635,cmAPP:1681,cmAPP:1726,1212da56aac7a198,0.011099999999999999,-0.25429150462150574,0.008,0.0649,
1,pair_ridge,0,97a210f808788925,cmAPP:1705,cmAPP:1754,28639edc531a2e1a,-0.03459999999999985,-0.49461546540260315,0.0934,0.13369999999999999,
1,pair_ridge,0,9f45bd9c2c0e94ba,cmAPP:1691,cmAPP:1736,1212da56aac7a198,-0.1439999999999999,-0.4641658365726471,0.10619999999999999,0.07780000000000001,
1,pair_ridge,0,b994b3eb1c0af55d,cmAPP:1716,cmAPP:1761,28639edc531a2e1a,-0.4706,-0.10898624360561371,0.0717,0.13419999999999999,
1,pair_ridge,0,45289904b26c1459,cmAPP:1701,cmAPP:1746,28639edc531a2e1a,-0.29069999999999996,0.04058924317359924,0.01,0.1063,
1,pair_ridge,0,f762503ebcc65c82,cmAPP:1714,cmAPP:1759,28639edc531a2e1a,-0.08540000000000003,-0.307468444108963,0.0706,0.081,
1,pair_ridge,0,e7cdd445b47734ce,cmAPP:1707,cmAPP:1756,8a110cbb1ec4bb37,-0.3610000000000001,-0.4098517894744873,0.0946,0.1015,
1,pair_ridge,0,e284e40848b79caf,cmAPP:1625,cmAPP:1670,28639edc531a2e1a,0.14149999999999996,0.01190096139907837,0.0601,0.052000000000000005,
1,pair_ridge,0,421212f430fb6217,cmAPP:1591,cmAPP:1636,1212da56aac7a198,-0.04060000000000008,-0.25429150462150574,0.024,0.0765,
1,pair_ridge,0,600169b9f0f80551,cmAPP:1615,cmAPP:1664,28639edc531a2e1a,0.02199999999999991,-0.49461546540260315,0.07150000000000001,0.0554,
1,pair_ridge,0,409122d11d642bec,cmAPP:1601,cmAPP:1646,1212da56aac7a198,-0.45020000000000004,-0.4641658365726471,0.0212,0.3306,
1,pair_ridge,0,fca0701bd3bac2f3,cmAPP:1626,cmAPP:1671,28639edc531a2e1a,-0.2828999999999999,-0.10898624360561371,0.14429999999999998,0.0999,
1,pair_ridge,0,34038dbdd4553f7d,cmAPP:1611,cmAPP:1656,28639edc531a2e1a,-0.014200000000000101,0.04058924317359924,0.0373,0.048,
1,pair_ridge,0,d17517694a996e9b,cmAPP:1624,cmAPP:1669,28639edc531a2e1a,-0.19910000000000005,-0.307468444108963,0.008199999999999999,0.069,
1,pair_ridge,0,a5c36e48fb124d82,cmAPP:1617,cmAPP:1666,8a110cbb1ec4bb37,-0.45020000000000004,-0.4098517894744873,0.1369,0.18719999999999998,
1,pair_ridge,0,c805543d26a64bde,cmAPP:2075,cmAPP:2120,28639edc531a2e1a,-0.11869999999999992,0.01190096139907837,0.09,0.1231,
1,pair_ridge,0,fd2a262963837b7f,cmAPP:2041,cmAPP:2086,1212da56aac7a198,-0.12370000000000003,-0.25429150462150574,0.059000000000000004,0.0151,
1,pair_ridge,0,396bdc7f9386d193,cmAPP:2065,cmAPP:2114,28639edc531a2e1a,-0.24690000000000012,-0.49461546540260315,0.0611,0.1293,
1,pair_ridge,0,fdbf57627003ba04,cmAPP:2051,cmAPP:2096,1212da56aac7a198,-0.23420000000000007,-0.4641658365726471,0.0968,0.0231,
1,pair_ridge,0,96c1bc434b0cc0dd,cmAPP:2076,cmAPP:2121,28639edc531a2e1a,-0.3479000000000001,-0.10898624360561371,0.0617,0.13119999999999998,
1,pair_ridge,0,849edfe135b4a285,cmAPP:2061,cmAPP:2106,28639edc531a2e1a,-0.3863000000000001,0.04058924317359924,0.0817,0.08310000000000001,
1,pair_ridge,0,0f5070b79250194c,cmAPP:2074,cmAPP:2119,28639edc531a2e1a,-0.42489999999999994,-0.307468444108963,0.0526,0.0729,
1,pair_ridge,0,473de2be4f7d6584,cmAPP:2067,cmAPP:2116,8a110cbb1ec4bb37,-0.6101000000000001,-0.4098517894744873,0.061500000000000006,0.3147,
1,pair_ridge,0,675d15d359e354d5,cmAPP:1985,cmAPP:2030,28639edc531a2e1a,-0.09120000000000006,0.01190096139907837,0.0105,0.04769999999999999,
1,pair_ridge,0,7d9ac8b735ba4661,cmAPP:1951,cmAPP:1996,1212da56aac7a198,0.03709999999999991,-0.25429150462150574,0.0533,0.0337,
1,pair_ridge,0,a15df525a6a379e5,cmAPP:1975,cmAPP:2024,28639edc531a2e1a,0.030400000000000094,-0.49461546540260315,0.0661,0.0528,
1,pair_ridge,0,8ab99b4d0257f181,cmAPP:1961,cmAPP:2006,1212da56aac7a198,-0.07660000000000011,-0.4641658365726471,0.0401,0.09820000000000001,
1,pair_ridge,0,f77d454e0640bee9,cmAPP:1986,cmAPP:2031,28639edc531a2e1a,-0.25849999999999995,-0.10898624360561371,0.027200000000000002,0.0181,
1,pair_ridge,0,4c96170b7a5e6348,cmAPP:1971,cmAPP:2016,28639edc531a2e1a,-0.11339999999999983,0.04058924317359924,0.0482,0.0404,
1,pair_ridge,0,0ef70c3bf1ed6748,cmAPP:1984,cmAPP:2029,28639edc531a2e1a,-0.07260000000000011,-0.307468444108963,0.0481,0.08990000000000001,
1,pair_ridge,0,becdd89127e663db,cmAPP:1977,cmAPP:2026,8a110cbb1ec4bb37,-0.5430999999999999,-0.4098517894744873,0.047599999999999996,0.062400000000000004,
1,pair_ridge,0,aa3134d53203d34e,cmAPP:1895,cmAPP:1940,28639edc531a2e1a,-0.028799999999999937,0.01190096139907837,0.0143,0.052199999999999996,
1,pair_ridge,0,dd6c1c7202e5a255,cmAPP:1861,cmAPP:1906,1212da56aac7a198,-0.012000000000000122,-0.25429150462150574,0.0007000000000000001,0.0051,
1,pair_ridge,0,fb01500214324543,cmAPP:1885,cmAPP:1934,28639edc531a2e1a,-0.0014000000000000679,-0.49461546540260315,0.0278,0.0077,
1,pair_ridge,0,edbdac59a2065c45,cmAPP:1871,cmAPP:1916,1212da56aac7a198,-0.011399999999999966,-0.4641658365726471,0.0015,0.012199999999999999,
1,pair_ridge,0,8cfd4f27b028eb77,cmAPP:1896,cmAPP:1941,28639edc531a2e1a,-0.242,-0.10898624360561371,0.0068000000000000005,0.0691,
1,pair_ridge,0,9b2d1052c5390363,cmAPP:1881,cmAPP:1926,28639edc531a2e1a,-0.018500000000000072,0.04058924317359924,0.0043,0.0105,
1,pair_ridge,0,3cf75a1628ce2443,cmAPP:1894,cmAPP:1939,28639edc531a2e1a,-0.07340000000000002,-0.307468444108963,0.0017000000000000001,0.0179,
1,pair_ridge,0,6e2a61766f596436,cmAPP:1887,cmAPP:1936,8a110cbb1ec4bb37,-0.4691000000000001,-0.4098517894744873,0.0074,0.055099999999999996,
1,gnn_activity,1103,5b10002dc6e9b311,cmAPP:1805,cmAPP:1850,28639edc531a2e1a,0.3319,-0.08405140042304993,0.2754,0.0858,
1,gnn_activity,1103,c8e8c0b442f5a1a1,cmAPP:1771,cmAPP:1816,1212da56aac7a198,-0.8776,-0.41309958696365356,0.047599999999999996,0.087,
1,gnn_activity,1103,8aa63b5c3ecd924d,cmAPP:1795,cmAPP:1844,28639edc531a2e1a,-0.5152,-0.3520459532737732,0.2846,0.19870000000000002,
1,gnn_activity,1103,d3de99befe559e4d,cmAPP:1781,cmAPP:1826,1212da56aac7a198,-0.22190000000000004,-0.38906627893447876,0.1041,0.2195,
1,gnn_activity,1103,382a0a377b849c67,cmAPP:1806,cmAPP:1851,28639edc531a2e1a,0.2361,-0.20403285324573517,0.3618,0.3897,
1,gnn_activity,1103,b5c2328a2c4ba021,cmAPP:1791,cmAPP:1836,28639edc531a2e1a,-1.0455,-0.054808348417282104,0.030600000000000002,0.2801,
1,gnn_activity,1103,086646f70e89b7e8,cmAPP:1804,cmAPP:1849,28639edc531a2e1a,-0.6019,-0.4884883165359497,0.1164,0.5791,
1,gnn_activity,1103,dff31405206d397b,cmAPP:1797,cmAPP:1846,8a110cbb1ec4bb37,-1.5217999999999998,-0.30185195803642273,0.1784,0.1663,
1,gnn_activity,1103,0ee5a5f6520a7c7a,cmAPP:1715,cmAPP:1760,28639edc531a2e1a,-0.17490000000000006,-0.0845550000667572,0.0608,0.1155,
1,gnn_activity,1103,5b8cb0fffb026635,cmAPP:1681,cmAPP:1726,1212da56aac7a198,0.011099999999999999,-0.4132676124572754,0.008,0.0649,
1,gnn_activity,1103,97a210f808788925,cmAPP:1705,cmAPP:1754,28639edc531a2e1a,-0.03459999999999985,-0.35259294509887695,0.0934,0.13369999999999999,
1,gnn_activity,1103,9f45bd9c2c0e94ba,cmAPP:1691,cmAPP:1736,1212da56aac7a198,-0.1439999999999999,-0.38922858238220215,0.10619999999999999,0.07780000000000001,
1,gnn_activity,1103,b994b3eb1c0af55d,cmAPP:1716,cmAPP:1761,28639edc531a2e1a,-0.4706,-0.20361201465129852,0.0717,0.13419999999999999,
1,gnn_activity,1103,45289904b26c1459,cmAPP:1701,cmAPP:1746,28639edc531a2e1a,-0.29069999999999996,-0.05506780743598938,0.01,0.1063,
1,gnn_activity,1103,f762503ebcc65c82,cmAPP:1714,cmAPP:1759,28639edc531a2e1a,-0.08540000000000003,-0.48849940299987793,0.0706,0.081,
1,gnn_activity,1103,e7cdd445b47734ce,cmAPP:1707,cmAPP:1756,8a110cbb1ec4bb37,-0.3610000000000001,-0.3026290535926819,0.0946,0.1015,
1,gnn_activity,1103,e284e40848b79caf,cmAPP:1625,cmAPP:1670,28639edc531a2e1a,0.14149999999999996,-0.08599099516868591,0.0601,0.052000000000000005,
1,gnn_activity,1103,421212f430fb6217,cmAPP:1591,cmAPP:1636,1212da56aac7a198,-0.04060000000000008,-0.4132157862186432,0.024,0.0765,
1,gnn_activity,1103,600169b9f0f80551,cmAPP:1615,cmAPP:1664,28639edc531a2e1a,0.02199999999999991,-0.3542986512184143,0.07150000000000001,0.0554,
1,gnn_activity,1103,409122d11d642bec,cmAPP:1601,cmAPP:1646,1212da56aac7a198,-0.45020000000000004,-0.38969147205352783,0.0212,0.3306,
1,gnn_activity,1103,fca0701bd3bac2f3,cmAPP:1626,cmAPP:1671,28639edc531a2e1a,-0.2828999999999999,-0.20241202414035797,0.14429999999999998,0.0999,
1,gnn_activity,1103,34038dbdd4553f7d,cmAPP:1611,cmAPP:1656,28639edc531a2e1a,-0.014200000000000101,-0.055807650089263916,0.0373,0.048,
1,gnn_activity,1103,d17517694a996e9b,cmAPP:1624,cmAPP:1669,28639edc531a2e1a,-0.19910000000000005,-0.4885310232639313,0.008199999999999999,0.069,
1,gnn_activity,1103,a5c36e48fb124d82,cmAPP:1617,cmAPP:1666,8a110cbb1ec4bb37,-0.45020000000000004,-0.30484500527381897,0.1369,0.18719999999999998,
1,gnn_activity,1103,c805543d26a64bde,cmAPP:2075,cmAPP:2120,28639edc531a2e1a,-0.11869999999999992,-0.08405140042304993,0.09,0.1231,
1,gnn_activity,1103,fd2a262963837b7f,cmAPP:2041,cmAPP:2086,1212da56aac7a198,-0.12370000000000003,-0.41309958696365356,0.059000000000000004,0.0151,
1,gnn_activity,1103,396bdc7f9386d193,cmAPP:2065,cmAPP:2114,28639edc531a2e1a,-0.24690000000000012,-0.3520459532737732,0.0611,0.1293,
1,gnn_activity,1103,fdbf57627003ba04,cmAPP:2051,cmAPP:2096,1212da56aac7a198,-0.23420000000000007,-0.38906627893447876,0.0968,0.0231,
1,gnn_activity,1103,96c1bc434b0cc0dd,cmAPP:2076,cmAPP:2121,28639edc531a2e1a,-0.3479000000000001,-0.20403285324573517,0.0617,0.13119999999999998,
1,gnn_activity,1103,849edfe135b4a285,cmAPP:2061,cmAPP:2106,28639edc531a2e1a,-0.3863000000000001,-0.054808348417282104,0.0817,0.08310000000000001,
1,gnn_activity,1103,0f5070b79250194c,cmAPP:2074,cmAPP:2119,28639edc531a2e1a,-0.42489999999999994,-0.4884883165359497,0.0526,0.0729,
1,gnn_activity,1103,473de2be4f7d6584,cmAPP:2067,cmAPP:2116,8a110cbb1ec4bb37,-0.6101000000000001,-0.30185195803642273,0.061500000000000006,0.3147,
1,gnn_activity,1103,675d15d359e354d5,cmAPP:1985,cmAPP:2030,28639edc531a2e1a,-0.09120000000000006,-0.0845550000667572,0.0105,0.04769999999999999,
1,gnn_activity,1103,7d9ac8b735ba4661,cmAPP:1951,cmAPP:1996,1212da56aac7a198,0.03709999999999991,-0.4132676124572754,0.0533,0.0337,
1,gnn_activity,1103,a15df525a6a379e5,cmAPP:1975,cmAPP:2024,28639edc531a2e1a,0.030400000000000094,-0.35259294509887695,0.0661,0.0528,
1,gnn_activity,1103,8ab99b4d0257f181,cmAPP:1961,cmAPP:2006,1212da56aac7a198,-0.07660000000000011,-0.38922858238220215,0.0401,0.09820000000000001,
1,gnn_activity,1103,f77d454e0640bee9,cmAPP:1986,cmAPP:2031,28639edc531a2e1a,-0.25849999999999995,-0.20361201465129852,0.027200000000000002,0.0181,
1,gnn_activity,1103,4c96170b7a5e6348,cmAPP:1971,cmAPP:2016,28639edc531a2e1a,-0.11339999999999983,-0.05506780743598938,0.0482,0.0404,
1,gnn_activity,1103,0ef70c3bf1ed6748,cmAPP:1984,cmAPP:2029,28639edc531a2e1a,-0.07260000000000011,-0.48849940299987793,0.0481,0.08990000000000001,
1,gnn_activity,1103,becdd89127e663db,cmAPP:1977,cmAPP:2026,8a110cbb1ec4bb37,-0.5430999999999999,-0.3026290535926819,0.047599999999999996,0.062400000000000004,
1,gnn_activity,1103,aa3134d53203d34e,cmAPP:1895,cmAPP:1940,28639edc531a2e1a,-0.028799999999999937,-0.08599099516868591,0.0143,0.052199999999999996,
1,gnn_activity,1103,dd6c1c7202e5a255,cmAPP:1861,cmAPP:1906,1212da56aac7a198,-0.012000000000000122,-0.4132157862186432,0.0007000000000000001,0.0051,
1,gnn_activity,1103,fb01500214324543,cmAPP:1885,cmAPP:1934,28639edc531a2e1a,-0.0014000000000000679,-0.3542986512184143,0.0278,0.0077,
1,gnn_activity,1103,edbdac59a2065c45,cmAPP:1871,cmAPP:1916,1212da56aac7a198,-0.011399999999999966,-0.38969147205352783,0.0015,0.012199999999999999,
1,gnn_activity,1103,8cfd4f27b028eb77,cmAPP:1896,cmAPP:1941,28639edc531a2e1a,-0.242,-0.20241202414035797,0.0068000000000000005,0.0691,
1,gnn_activity,1103,9b2d1052c5390363,cmAPP:1881,cmAPP:1926,28639edc531a2e1a,-0.018500000000000072,-0.055807650089263916,0.0043,0.0105,
1,gnn_activity,1103,3cf75a1628ce2443,cmAPP:1894,cmAPP:1939,28639edc531a2e1a,-0.07340000000000002,-0.4885310232639313,0.0017000000000000001,0.0179,
1,gnn_activity,1103,6e2a61766f596436,cmAPP:1887,cmAPP:1936,8a110cbb1ec4bb37,-0.4691000000000001,-0.30484500527381897,0.0074,0.055099999999999996,
1,gnn_activity,2207,5b10002dc6e9b311,cmAPP:1805,cmAPP:1850,28639edc531a2e1a,0.3319,-0.2630347013473511,0.2754,0.0858,
1,gnn_activity,2207,c8e8c0b442f5a1a1,cmAPP:1771,cmAPP:1816,1212da56aac7a198,-0.8776,-0.46139439940452576,0.047599999999999996,0.087,
1,gnn_activity,2207,8aa63b5c3ecd924d,cmAPP:1795,cmAPP:1844,28639edc531a2e1a,-0.5152,-0.3679708242416382,0.2846,0.19870000000000002,
1,gnn_activity,2207,d3de99befe559e4d,cmAPP:1781,cmAPP:1826,1212da56aac7a198,-0.22190000000000004,-0.34732499718666077,0.1041,0.2195,
1,gnn_activity,2207,382a0a377b849c67,cmAPP:1806,cmAPP:1851,28639edc531a2e1a,0.2361,-0.2572275400161743,0.3618,0.3897,
1,gnn_activity,2207,b5c2328a2c4ba021,cmAPP:1791,cmAPP:1836,28639edc531a2e1a,-1.0455,-0.15663102269172668,0.030600000000000002,0.2801,
1,gnn_activity,2207,086646f70e89b7e8,cmAPP:1804,cmAPP:1849,28639edc531a2e1a,-0.6019,-0.378479540348053,0.1164,0.5791,
1,gnn_activity,2207,dff31405206d397b,cmAPP:1797,cmAPP:1846,8a110cbb1ec4bb37,-1.5217999999999998,-0.4604250490665436,0.1784,0.1663,
1,gnn_activity,2207,0ee5a5f6520a7c7a,cmAPP:1715,cmAPP:1760,28639edc531a2e1a,-0.17490000000000006,-0.26260364055633545,0.0608,0.1155,
1,gnn_activity,2207,5b8cb0fffb026635,cmAPP:1681,cmAPP:1726,1212da56aac7a198,0.011099999999999999,-0.45992013812065125,0.008,0.0649,
1,gnn_activity,2207,97a210f808788925,cmAPP:1705,cmAPP:1754,28639edc531a2e1a,-0.03459999999999985,-0.3662271499633789,0.0934,0.13369999999999999,
1,gnn_activity,2207,9f45bd9c2c0e94ba,cmAPP:1691,cmAPP:1736,1212da56aac7a198,-0.1439999999999999,-0.34593233466148376,0.10619999999999999,0.07780000000000001,
1,gnn_activity,2207,b994b3eb1c0af55d,cmAPP:1716,cmAPP:1761,28639edc531a2e1a,-0.4706,-0.25628790259361267,0.0717,0.13419999999999999,
1,gnn_activity,2207,45289904b26c1459,cmAPP:1701,cmAPP:1746,28639edc531a2e1a,-0.29069999999999996,-0.15562546253204346,0.01,0.1063,
1,gnn_activity,2207,f762503ebcc65c82,cmAPP:1714,cmAPP:1759,28639edc531a2e1a,-0.08540000000000003,-0.3770142197608948,0.0706,0.081,
1,gnn_activity,2207,e7cdd445b47734ce,cmAPP:1707,cmAPP:1756,8a110cbb1ec4bb37,-0.3610000000000001,-0.45940345525741577,0.0946,0.1015,
1,gnn_activity,2207,e284e40848b79caf,cmAPP:1625,cmAPP:1670,28639edc531a2e1a,0.14149999999999996,-0.2613743543624878,0.0601,0.052000000000000005,
1,gnn_activity,2207,421212f430fb6217,cmAPP:1591,cmAPP:1636,1212da56aac7a198,-0.04060000000000008,-0.45571625232696533,0.024,0.0765,
1,gnn_activity,2207,600169b9f0f80551,cmAPP:1615,cmAPP:1664,28639edc531a2e1a,0.02199999999999991,-0.36125510931015015,0.07150000000000001,0.0554,
1,gnn_activity,2207,409122d11d642bec,cmAPP:1601,cmAPP:1646,1212da56aac7a198,-0.45020000000000004,-0.3419610559940338,0.0212,0.3306,
1,gnn_activity,2207,fca0701bd3bac2f3,cmAPP:1626,cmAPP:1671,28639edc531a2e1a,-0.2828999999999999,-0.253608375787735,0.14429999999999998,0.0999,
1,gnn_activity,2207,34038dbdd4553f7d,cmAPP:1611,cmAPP:1656,28639edc531a2e1a,-0.014200000000000101,-0.15232056379318237,0.0373,0.048,
1,gnn_activity,2207,d17517694a996e9b,cmAPP:1624,cmAPP:1669,28639edc531a2e1a,-0.19910000000000005,-0.3728361129760742,0.008199999999999999,0.069,
1,gnn_activity,2207,a5c36e48fb124d82,cmAPP:1617,cmAPP:1666,8a110cbb1ec4bb37,-0.45020000000000004,-0.4564904570579529,0.1369,0.18719999999999998,
1,gnn_activity,2207,c805543d26a64bde,cmAPP:2075,cmAPP:2120,28639edc531a2e1a,-0.11869999999999992,-0.2630347013473511,0.09,0.1231,
1,gnn_activity,2207,fd2a262963837b7f,cmAPP:2041,cmAPP:2086,1212da56aac7a198,-0.12370000000000003,-0.46139439940452576,0.059000000000000004,0.0151,
1,gnn_activity,2207,396bdc7f9386d193,cmAPP:2065,cmAPP:2114,28639edc531a2e1a,-0.24690000000000012,-0.3679708242416382,0.0611,0.1293,
1,gnn_activity,2207,fdbf57627003ba04,cmAPP:2051,cmAPP:2096,1212da56aac7a198,-0.23420000000000007,-0.34732499718666077,0.0968,0.0231,
1,gnn_activity,2207,96c1bc434b0cc0dd,cmAPP:2076,cmAPP:2121,28639edc531a2e1a,-0.3479000000000001,-0.2572275400161743,0.0617,0.13119999999999998,
1,gnn_activity,2207,849edfe135b4a285,cmAPP:2061,cmAPP:2106,28639edc531a2e1a,-0.3863000000000001,-0.15663102269172668,0.0817,0.08310000000000001,
1,gnn_activity,2207,0f5070b79250194c,cmAPP:2074,cmAPP:2119,28639edc531a2e1a,-0.42489999999999994,-0.378479540348053,0.0526,0.0729,
1,gnn_activity,2207,473de2be4f7d6584,cmAPP:2067,cmAPP:2116,8a110cbb1ec4bb37,-0.6101000000000001,-0.4604250490665436,0.061500000000000006,0.3147,
1,gnn_activity,2207,675d15d359e354d5,cmAPP:1985,cmAPP:2030,28639edc531a2e1a,-0.09120000000000006,-0.26260364055633545,0.0105,0.04769999999999999,
1,gnn_activity,2207,7d9ac8b735ba4661,cmAPP:1951,cmAPP:1996,1212da56aac7a198,0.03709999999999991,-0.45992013812065125,0.0533,0.0337,
1,gnn_activity,2207,a15df525a6a379e5,cmAPP:1975,cmAPP:2024,28639edc531a2e1a,0.030400000000000094,-0.3662271499633789,0.0661,0.0528,
1,gnn_activity,2207,8ab99b4d0257f181,cmAPP:1961,cmAPP:2006,1212da56aac7a198,-0.07660000000000011,-0.34593233466148376,0.0401,0.09820000000000001,
1,gnn_activity,2207,f77d454e0640bee9,cmAPP:1986,cmAPP:2031,28639edc531a2e1a,-0.25849999999999995,-0.25628790259361267,0.027200000000000002,0.0181,
1,gnn_activity,2207,4c96170b7a5e6348,cmAPP:1971,cmAPP:2016,28639edc531a2e1a,-0.11339999999999983,-0.15562546253204346,0.0482,0.0404,
1,gnn_activity,2207,0ef70c3bf1ed6748,cmAPP:1984,cmAPP:2029,28639edc531a2e1a,-0.07260000000000011,-0.3770142197608948,0.0481,0.08990000000000001,
1,gnn_activity,2207,becdd89127e663db,cmAPP:1977,cmAPP:2026,8a110cbb1ec4bb37,-0.5430999999999999,-0.45940345525741577,0.047599999999999996,0.062400000000000004,
1,gnn_activity,2207,aa3134d53203d34e,cmAPP:1895,cmAPP:1940,28639edc531a2e1a,-0.028799999999999937,-0.2613743543624878,0.0143,0.052199999999999996,
1,gnn_activity,2207,dd6c1c7202e5a255,cmAPP:1861,cmAPP:1906,1212da56aac7a198,-0.012000000000000122,-0.45571625232696533,0.0007000000000000001,0.0051,
1,gnn_activity,2207,fb01500214324543,cmAPP:1885,cmAPP:1934,28639edc531a2e1a,-0.0014000000000000679,-0.36125510931015015,0.0278,0.0077,
1,gnn_activity,2207,edbdac59a2065c45,cmAPP:1871,cmAPP:1916,1212da56aac7a198,-0.011399999999999966,-0.3419610559940338,0.0015,0.012199999999999999,
1,gnn_activity,2207,8cfd4f27b028eb77,cmAPP:1896,cmAPP:1941,28639edc531a2e1a,-0.242,-0.253608375787735,0.0068000000000000005,0.0691,
1,gnn_activity,2207,9b2d1052c5390363,cmAPP:1881,cmAPP:1926,28639edc531a2e1a,-0.018500000000000072,-0.15232056379318237,0.0043,0.0105,
1,gnn_activity,2207,3cf75a1628ce2443,cmAPP:1894,cmAPP:1939,28639edc531a2e1a,-0.07340000000000002,-0.3728361129760742,0.0017000000000000001,0.0179,
1,gnn_activity,2207,6e2a61766f596436,cmAPP:1887,cmAPP:1936,8a110cbb1ec4bb37,-0.4691000000000001,-0.4564904570579529,0.0074,0.055099999999999996,
1,gnn_activity,3301,5b10002dc6e9b311,cmAPP:1805,cmAPP:1850,28639edc531a2e1a,0.3319,-0.19655299186706543,0.2754,0.0858,
1,gnn_activity,3301,c8e8c0b442f5a1a1,cmAPP:1771,cmAPP:1816,1212da56aac7a198,-0.8776,-0.38911959528923035,0.047599999999999996,0.087,
1,gnn_activity,3301,8aa63b5c3ecd924d,cmAPP:1795,cmAPP:1844,28639edc531a2e1a,-0.5152,-0.2982998490333557,0.2846,0.19870000000000002,
1,gnn_activity,3301,d3de99befe559e4d,cmAPP:1781,cmAPP:1826,1212da56aac7a198,-0.22190000000000004,-0.4836682081222534,0.1041,0.2195,
1,gnn_activity,3301,382a0a377b849c67,cmAPP:1806,cmAPP:1851,28639edc531a2e1a,0.2361,-0.41787922382354736,0.3618,0.3897,
1,gnn_activity,3301,b5c2328a2c4ba021,cmAPP:1791,cmAPP:1836,28639edc531a2e1a,-1.0455,-0.1747962236404419,0.030600000000000002,0.2801,
1,gnn_activity,3301,086646f70e89b7e8,cmAPP:1804,cmAPP:1849,28639edc531a2e1a,-0.6019,-0.3908950686454773,0.1164,0.5791,
1,gnn_activity,3301,dff31405206d397b,cmAPP:1797,cmAPP:1846,8a110cbb1ec4bb37,-1.5217999999999998,-0.5178022980690002,0.1784,0.1663,
1,gnn_activity,3301,0ee5a5f6520a7c7a,cmAPP:1715,cmAPP:1760,28639edc531a2e1a,-0.17490000000000006,-0.1965217888355255,0.0608,0.1155,
1,gnn_activity,3301,5b8cb0fffb026635,cmAPP:1681,cmAPP:1726,1212da56aac7a198,0.011099999999999999,-0.38769203424453735,0.008,0.0649,
1,gnn_activity,3301,97a210f808788925,cmAPP:1705,cmAPP:1754,28639edc531a2e1a,-0.03459999999999985,-0.29812943935394287,0.0934,0.13369999999999999,
1,gnn_activity,3301,9f45bd9c2c0e94ba,cmAPP:1691,cmAPP:1736,1212da56aac7a198,-0.1439999999999999,-0.48270225524902344,0.10619999999999999,0.07780000000000001,
1,gnn_activity,3301,b994b3eb1c0af55d,cmAPP:1716,cmAPP:1761,28639edc531a2e1a,-0.4706,-0.4176085591316223,0.0717,0.13419999999999999,
1,gnn_activity,3301,45289904b26c1459,cmAPP:1701,cmAPP:1746,28639edc531a2e1a,-0.29069999999999996,-0.17452120780944824,0.01,0.1063,
1,gnn_activity,3301,f762503ebcc65c82,cmAPP:1714,cmAPP:1759,28639edc531a2e1a,-0.08540000000000003,-0.3897496461868286,0.0706,0.081,
1,gnn_activity,3301,e7cdd445b47734ce,cmAPP:1707,cmAPP:1756,8a110cbb1ec4bb37,-0.3610000000000001,-0.5170250535011292,0.0946,0.1015,
1,gnn_activity,3301,e284e40848b79caf,cmAPP:1625,cmAPP:1670,28639edc531a2e1a,0.14149999999999996,-0.19681206345558167,0.0601,0.052000000000000005,
1,gnn_activity,3301,421212f430fb6217,cmAPP:1591,cmAPP:1636,1212da56aac7a198,-0.04060000000000008,-0.3836212754249573,0.024,0.0765,
1,gnn_activity,3301,600169b9f0f80551,cmAPP:1615,cmAPP:1664,28639edc531a2e1a,0.02199999999999991,-0.297643780708313,0.07150000000000001,0.0554,
1,gnn_activity,3301,409122d11d642bec,cmAPP:1601,cmAPP:1646,1212da56aac7a198,-0.45020000000000004,-0.4799478054046631,0.0212,0.3306,
1,gnn_activity,3301,fca0701bd3bac2f3,cmAPP:1626,cmAPP:1671,28639edc531a2e1a,-0.2828999999999999,-0.416836678981781,0.14429999999999998,0.0999,
1,gnn_activity,3301,34038dbdd4553f7d,cmAPP:1611,cmAPP:1656,28639edc531a2e1a,-0.014200000000000101,-0.1737370491027832,0.0373,0.048,
1,gnn_activity,3301,d17517694a996e9b,cmAPP:1624,cmAPP:1669,28639edc531a2e1a,-0.19910000000000005,-0.38648319244384766,0.008199999999999999,0.069,
1,gnn_activity,3301,a5c36e48fb124d82,cmAPP:1617,cmAPP:1666,8a110cbb1ec4bb37,-0.45020000000000004,-0.5148087739944458,0.1369,0.18719999999999998,
1,gnn_activity,3301,c805543d26a64bde,cmAPP:2075,cmAPP:2120,28639edc531a2e1a,-0.11869999999999992,-0.19655299186706543,0.09,0.1231,
1,gnn_activity,3301,fd2a262963837b7f,cmAPP:2041,cmAPP:2086,1212da56aac7a198,-0.12370000000000003,-0.38911959528923035,0.059000000000000004,0.0151,
1,gnn_activity,3301,396bdc7f9386d193,cmAPP:2065,cmAPP:2114,28639edc531a2e1a,-0.24690000000000012,-0.2982998490333557,0.0611,0.1293,
1,gnn_activity,3301,fdbf57627003ba04,cmAPP:2051,cmAPP:2096,1212da56aac7a198,-0.23420000000000007,-0.4836682081222534,0.0968,0.0231,
1,gnn_activity,3301,96c1bc434b0cc0dd,cmAPP:2076,cmAPP:2121,28639edc531a2e1a,-0.3479000000000001,-0.41787922382354736,0.0617,0.13119999999999998,
1,gnn_activity,3301,849edfe135b4a285,cmAPP:2061,cmAPP:2106,28639edc531a2e1a,-0.3863000000000001,-0.1747962236404419,0.0817,0.08310000000000001,
1,gnn_activity,3301,0f5070b79250194c,cmAPP:2074,cmAPP:2119,28639edc531a2e1a,-0.42489999999999994,-0.3908950686454773,0.0526,0.0729,
1,gnn_activity,3301,473de2be4f7d6584,cmAPP:2067,cmAPP:2116,8a110cbb1ec4bb37,-0.6101000000000001,-0.5178022980690002,0.061500000000000006,0.3147,
1,gnn_activity,3301,675d15d359e354d5,cmAPP:1985,cmAPP:2030,28639edc531a2e1a,-0.09120000000000006,-0.1965217888355255,0.0105,0.04769999999999999,
1,gnn_activity,3301,7d9ac8b735ba4661,cmAPP:1951,cmAPP:1996,1212da56aac7a198,0.03709999999999991,-0.38769203424453735,0.0533,0.0337,
1,gnn_activity,3301,a15df525a6a379e5,cmAPP:1975,cmAPP:2024,28639edc531a2e1a,0.030400000000000094,-0.29812943935394287,0.0661,0.0528,
1,gnn_activity,3301,8ab99b4d0257f181,cmAPP:1961,cmAPP:2006,1212da56aac7a198,-0.07660000000000011,-0.48270225524902344,0.0401,0.09820000000000001,
1,gnn_activity,3301,f77d454e0640bee9,cmAPP:1986,cmAPP:2031,28639edc531a2e1a,-0.25849999999999995,-0.4176085591316223,0.027200000000000002,0.0181,
1,gnn_activity,3301,4c96170b7a5e6348,cmAPP:1971,cmAPP:2016,28639edc531a2e1a,-0.11339999999999983,-0.17452120780944824,0.0482,0.0404,
1,gnn_activity,3301,0ef70c3bf1ed6748,cmAPP:1984,cmAPP:2029,28639edc531a2e1a,-0.07260000000000011,-0.3897496461868286,0.0481,0.08990000000000001,
1,gnn_activity,3301,becdd89127e663db,cmAPP:1977,cmAPP:2026,8a110cbb1ec4bb37,-0.5430999999999999,-0.5170250535011292,0.047599999999999996,0.062400000000000004,
1,gnn_activity,3301,aa3134d53203d34e,cmAPP:1895,cmAPP:1940,28639edc531a2e1a,-0.028799999999999937,-0.19681206345558167,0.0143,0.052199999999999996,
1,gnn_activity,3301,dd6c1c7202e5a255,cmAPP:1861,cmAPP:1906,1212da56aac7a198,-0.012000000000000122,-0.3836212754249573,0.0007000000000000001,0.0051,
1,gnn_activity,3301,fb01500214324543,cmAPP:1885,cmAPP:1934,28639edc531a2e1a,-0.0014000000000000679,-0.297643780708313,0.0278,0.0077,
1,gnn_activity,3301,edbdac59a2065c45,cmAPP:1871,cmAPP:1916,1212da56aac7a198,-0.011399999999999966,-0.4799478054046631,0.0015,0.012199999999999999,
1,gnn_activity,3301,8cfd4f27b028eb77,cmAPP:1896,cmAPP:1941,28639edc531a2e1a,-0.242,-0.416836678981781,0.0068000000000000005,0.0691,
1,gnn_activity,3301,9b2d1052c5390363,cmAPP:1881,cmAPP:1926,28639edc531a2e1a,-0.018500000000000072,-0.1737370491027832,0.0043,0.0105,
1,gnn_activity,3301,3cf75a1628ce2443,cmAPP:1894,cmAPP:1939,28639edc531a2e1a,-0.07340000000000002,-0.38648319244384766,0.0017000000000000001,0.0179,
1,gnn_activity,3301,6e2a61766f596436,cmAPP:1887,cmAPP:1936,8a110cbb1ec4bb37,-0.4691000000000001,-0.5148087739944458,0.0074,0.055099999999999996,
1,gnn_pair,1103,5b10002dc6e9b311,cmAPP:1805,cmAPP:1850,28639edc531a2e1a,0.3319,-0.3125437796115875,0.2754,0.0858,
1,gnn_pair,1103,c8e8c0b442f5a1a1,cmAPP:1771,cmAPP:1816,1212da56aac7a198,-0.8776,-0.4125603437423706,0.047599999999999996,0.087,
1,gnn_pair,1103,8aa63b5c3ecd924d,cmAPP:1795,cmAPP:1844,28639edc531a2e1a,-0.5152,-0.3913000822067261,0.2846,0.19870000000000002,
1,gnn_pair,1103,d3de99befe559e4d,cmAPP:1781,cmAPP:1826,1212da56aac7a198,-0.22190000000000004,-0.3848193883895874,0.1041,0.2195,
1,gnn_pair,1103,382a0a377b849c67,cmAPP:1806,cmAPP:1851,28639edc531a2e1a,0.2361,-0.31188803911209106,0.3618,0.3897,
1,gnn_pair,1103,b5c2328a2c4ba021,cmAPP:1791,cmAPP:1836,28639edc531a2e1a,-1.0455,-0.28905248641967773,0.030600000000000002,0.2801,
1,gnn_pair,1103,086646f70e89b7e8,cmAPP:1804,cmAPP:1849,28639edc531a2e1a,-0.6019,-0.4051244258880615,0.1164,0.5791,
1,gnn_pair,1103,dff31405206d397b,cmAPP:1797,cmAPP:1846,8a110cbb1ec4bb37,-1.5217999999999998,-0.33005961775779724,0.1784,0.1663,
1,gnn_pair,1103,0ee5a5f6520a7c7a,cmAPP:1715,cmAPP:1760,28639edc531a2e1a,-0.17490000000000006,-0.31254374980926514,0.0608,0.1155,
1,gnn_pair,1103,5b8cb0fffb026635,cmAPP:1681,cmAPP:1726,1212da56aac7a198,0.011099999999999999,-0.4127001166343689,0.008,0.0649,
1,gnn_pair,1103,97a210f808788925,cmAPP:1705,cmAPP:1754,28639edc531a2e1a,-0.03459999999999985,-0.3912627398967743,0.0934,0.13369999999999999,
1,gnn_pair,1103,9f45bd9c2c0e94ba,cmAPP:1691,cmAPP:1736,1212da56aac7a198,-0.1439999999999999,-0.3848074972629547,0.10619999999999999,0.07780000000000001,
1,gnn_pair,1103,b994b3eb1c0af55d,cmAPP:1716,cmAPP:1761,28639edc531a2e1a,-0.4706,-0.31199127435684204,0.0717,0.13419999999999999,
1,gnn_pair,1103,45289904b26c1459,cmAPP:1701,cmAPP:1746,28639edc531a2e1a,-0.29069999999999996,-0.2890356481075287,0.01,0.1063,
1,gnn_pair,1103,f762503ebcc65c82,cmAPP:1714,cmAPP:1759,28639edc531a2e1a,-0.08540000000000003,-0.40526363253593445,0.0706,0.081,
1,gnn_pair,1103,e7cdd445b47734ce,cmAPP:1707,cmAPP:1756,8a110cbb1ec4bb37,-0.3610000000000001,-0.330135315656662,0.0946,0.1015,
1,gnn_pair,1103,e284e40848b79caf,cmAPP:1625,cmAPP:1670,28639edc531a2e1a,0.14149999999999996,-0.31254369020462036,0.0601,0.052000000000000005,
1,gnn_pair,1103,421212f430fb6217,cmAPP:1591,cmAPP:1636,1212da56aac7a198,-0.04060000000000008,-0.4130988121032715,0.024,0.0765,
1,gnn_pair,1103,600169b9f0f80551,cmAPP:1615,cmAPP:1664,28639edc531a2e1a,0.02199999999999991,-0.3911559283733368,0.07150000000000001,0.0554,
1,gnn_pair,1103,409122d11d642bec,cmAPP:1601,cmAPP:1646,1212da56aac7a198,-0.45020000000000004,-0.3847735822200775,0.0212,0.3306,
1,gnn_pair,1103,fca0701bd3bac2f3,cmAPP:1626,cmAPP:1671,28639edc531a2e1a,-0.2828999999999999,-0.3122856020927429,0.14429999999999998,0.0999,
1,gnn_pair,1103,34038dbdd4553f7d,cmAPP:1611,cmAPP:1656,28639edc531a2e1a,-0.014200000000000101,-0.28898757696151733,0.0373,0.048,
1,gnn_pair,1103,d17517694a996e9b,cmAPP:1624,cmAPP:1669,28639edc531a2e1a,-0.19910000000000005,-0.40566062927246094,0.008199999999999999,0.069,
1,gnn_pair,1103,a5c36e48fb124d82,cmAPP:1617,cmAPP:1666,8a110cbb1ec4bb37,-0.45020000000000004,-0.33035123348236084,0.1369,0.18719999999999998,
1,gnn_pair,1103,c805543d26a64bde,cmAPP:2075,cmAPP:2120,28639edc531a2e1a,-0.11869999999999992,-0.3125437796115875,0.09,0.1231,
1,gnn_pair,1103,fd2a262963837b7f,cmAPP:2041,cmAPP:2086,1212da56aac7a198,-0.12370000000000003,-0.4125603437423706,0.059000000000000004,0.0151,
1,gnn_pair,1103,396bdc7f9386d193,cmAPP:2065,cmAPP:2114,28639edc531a2e1a,-0.24690000000000012,-0.3913000822067261,0.0611,0.1293,
1,gnn_pair,1103,fdbf57627003ba04,cmAPP:2051,cmAPP:2096,1212da56aac7a198,-0.23420000000000007,-0.3848193883895874,0.0968,0.0231,
1,gnn_pair,1103,96c1bc434b0cc0dd,cmAPP:2076,cmAPP:2121,28639edc531a2e1a,-0.3479000000000001,-0.31188803911209106,0.0617,0.13119999999999998,
1,gnn_pair,1103,849edfe135b4a285,cmAPP:2061,cmAPP:2106,28639edc531a2e1a,-0.3863000000000001,-0.28905248641967773,0.0817,0.08310000000000001,
1,gnn_pair,1103,0f5070b79250194c,cmAPP:2074,cmAPP:2119,28639edc531a2e1a,-0.42489999999999994,-0.4051244258880615,0.0526,0.0729,
1,gnn_pair,1103,473de2be4f7d6584,cmAPP:2067,cmAPP:2116,8a110cbb1ec4bb37,-0.6101000000000001,-0.33005961775779724,0.061500000000000006,0.3147,
1,gnn_pair,1103,675d15d359e354d5,cmAPP:1985,cmAPP:2030,28639edc531a2e1a,-0.09120000000000006,-0.31254374980926514,0.0105,0.04769999999999999,
1,gnn_pair,1103,7d9ac8b735ba4661,cmAPP:1951,cmAPP:1996,1212da56aac7a198,0.03709999999999991,-0.4127001166343689,0.0533,0.0337,
1,gnn_pair,1103,a15df525a6a379e5,cmAPP:1975,cmAPP:2024,28639edc531a2e1a,0.030400000000000094,-0.3912627398967743,0.0661,0.0528,
1,gnn_pair,1103,8ab99b4d0257f181,cmAPP:1961,cmAPP:2006,1212da56aac7a198,-0.07660000000000011,-0.3848074972629547,0.0401,0.09820000000000001,
1,gnn_pair,1103,f77d454e0640bee9,cmAPP:1986,cmAPP:2031,28639edc531a2e1a,-0.25849999999999995,-0.31199127435684204,0.027200000000000002,0.0181,
1,gnn_pair,1103,4c96170b7a5e6348,cmAPP:1971,cmAPP:2016,28639edc531a2e1a,-0.11339999999999983,-0.2890356481075287,0.0482,0.0404,
1,gnn_pair,1103,0ef70c3bf1ed6748,cmAPP:1984,cmAPP:2029,28639edc531a2e1a,-0.07260000000000011,-0.40526363253593445,0.0481,0.08990000000000001,
1,gnn_pair,1103,becdd89127e663db,cmAPP:1977,cmAPP:2026,8a110cbb1ec4bb37,-0.5430999999999999,-0.330135315656662,0.047599999999999996,0.062400000000000004,
1,gnn_pair,1103,aa3134d53203d34e,cmAPP:1895,cmAPP:1940,28639edc531a2e1a,-0.028799999999999937,-0.31254369020462036,0.0143,0.052199999999999996,
1,gnn_pair,1103,dd6c1c7202e5a255,cmAPP:1861,cmAPP:1906,1212da56aac7a198,-0.012000000000000122,-0.4130988121032715,0.0007000000000000001,0.0051,
1,gnn_pair,1103,fb01500214324543,cmAPP:1885,cmAPP:1934,28639edc531a2e1a,-0.0014000000000000679,-0.3911559283733368,0.0278,0.0077,
1,gnn_pair,1103,edbdac59a2065c45,cmAPP:1871,cmAPP:1916,1212da56aac7a198,-0.011399999999999966,-0.3847735822200775,0.0015,0.012199999999999999,
1,gnn_pair,1103,8cfd4f27b028eb77,cmAPP:1896,cmAPP:1941,28639edc531a2e1a,-0.242,-0.3122856020927429,0.0068000000000000005,0.0691,
1,gnn_pair,1103,9b2d1052c5390363,cmAPP:1881,cmAPP:1926,28639edc531a2e1a,-0.018500000000000072,-0.28898757696151733,0.0043,0.0105,
1,gnn_pair,1103,3cf75a1628ce2443,cmAPP:1894,cmAPP:1939,28639edc531a2e1a,-0.07340000000000002,-0.40566062927246094,0.0017000000000000001,0.0179,
1,gnn_pair,1103,6e2a61766f596436,cmAPP:1887,cmAPP:1936,8a110cbb1ec4bb37,-0.4691000000000001,-0.33035123348236084,0.0074,0.055099999999999996,
1,gnn_pair,2207,5b10002dc6e9b311,cmAPP:1805,cmAPP:1850,28639edc531a2e1a,0.3319,-0.1527593731880188,0.2754,0.0858,
1,gnn_pair,2207,c8e8c0b442f5a1a1,cmAPP:1771,cmAPP:1816,1212da56aac7a198,-0.8776,-0.39006736874580383,0.047599999999999996,0.087,
1,gnn_pair,2207,8aa63b5c3ecd924d,cmAPP:1795,cmAPP:1844,28639edc531a2e1a,-0.5152,-0.525697648525238,0.2846,0.19870000000000002,
1,gnn_pair,2207,d3de99befe559e4d,cmAPP:1781,cmAPP:1826,1212da56aac7a198,-0.22190000000000004,-0.3364906907081604,0.1041,0.2195,
1,gnn_pair,2207,382a0a377b849c67,cmAPP:1806,cmAPP:1851,28639edc531a2e1a,0.2361,-0.0054138898849487305,0.3618,0.3897,
1,gnn_pair,2207,b5c2328a2c4ba021,cmAPP:1791,cmAPP:1836,28639edc531a2e1a,-1.0455,-0.0062808990478515625,0.030600000000000002,0.2801,
1,gnn_pair,2207,086646f70e89b7e8,cmAPP:1804,cmAPP:1849,28639edc531a2e1a,-0.6019,-0.4781012535095215,0.1164,0.5791,
1,gnn_pair,2207,dff31405206d397b,cmAPP:1797,cmAPP:1846,8a110cbb1ec4bb37,-1.5217999999999998,-0.4080226719379425,0.1784,0.1663,
1,gnn_pair,2207,0ee5a5f6520a7c7a,cmAPP:1715,cmAPP:1760,28639edc531a2e1a,-0.17490000000000006,-0.1528014838695526,0.0608,0.1155,
1,gnn_pair,2207,5b8cb0fffb026635,cmAPP:1681,cmAPP:1726,1212da56aac7a198,0.011099999999999999,-0.3887636661529541,0.008,0.0649,
1,gnn_pair,2207,97a210f808788925,cmAPP:1705,cmAPP:1754,28639edc531a2e1a,-0.03459999999999985,-0.524752676486969,0.0934,0.13369999999999999,
1,gnn_pair,2207,9f45bd9c2c0e94ba,cmAPP:1691,cmAPP:1736,1212da56aac7a198,-0.1439999999999999,-0.33544254302978516,0.10619999999999999,0.07780000000000001,
1,gnn_pair,2207,b994b3eb1c0af55d,cmAPP:1716,cmAPP:1761,28639edc531a2e1a,-0.4706,-0.005244821310043335,0.0717,0.13419999999999999,
1,gnn_pair,2207,45289904b26c1459,cmAPP:1701,cmAPP:1746,28639edc531a2e1a,-0.29069999999999996,-0.00620540976524353,0.01,0.1063,
1,gnn_pair,2207,f762503ebcc65c82,cmAPP:1714,cmAPP:1759,28639edc531a2e1a,-0.08540000000000003,-0.47652721405029297,0.0706,0.081,
1,gnn_pair,2207,e7cdd445b47734ce,cmAPP:1707,cmAPP:1756,8a110cbb1ec4bb37,-0.3610000000000001,-0.40665680170059204,0.0946,0.1015,
1,gnn_pair,2207,e284e40848b79caf,cmAPP:1625,cmAPP:1670,28639edc531a2e1a,0.14149999999999996,-0.15292152762413025,0.0601,0.052000000000000005,
1,gnn_pair,2207,421212f430fb6217,cmAPP:1591,cmAPP:1636,1212da56aac7a198,-0.04060000000000008,-0.38504618406295776,0.024,0.0765,
1,gnn_pair,2207,600169b9f0f80551,cmAPP:1615,cmAPP:1664,28639edc531a2e1a,0.02199999999999991,-0.5220580697059631,0.07150000000000001,0.0554,
1,gnn_pair,2207,409122d11d642bec,cmAPP:1601,cmAPP:1646,1212da56aac7a198,-0.45020000000000004,-0.3324536085128784,0.0212,0.3306,
1,gnn_pair,2207,fca0701bd3bac2f3,cmAPP:1626,cmAPP:1671,28639edc531a2e1a,-0.2828999999999999,-0.004885226488113403,0.14429999999999998,0.0999,
1,gnn_pair,2207,34038dbdd4553f7d,cmAPP:1611,cmAPP:1656,28639edc531a2e1a,-0.014200000000000101,-0.005990058183670044,0.0373,0.048,
1,gnn_pair,2207,d17517694a996e9b,cmAPP:1624,cmAPP:1669,28639edc531a2e1a,-0.19910000000000005,-0.4720389246940613,0.008199999999999999,0.069,
1,gnn_pair,2207,a5c36e48fb124d82,cmAPP:1617,cmAPP:1666,8a110cbb1ec4bb37,-0.45020000000000004,-0.40276217460632324,0.1369,0.18719999999999998,
1,gnn_pair,2207,c805543d26a64bde,cmAPP:2075,cmAPP:2120,28639edc531a2e1a,-0.11869999999999992,-0.1527593731880188,0.09,0.1231,
1,gnn_pair,2207,fd2a262963837b7f,cmAPP:2041,cmAPP:2086,1212da56aac7a198,-0.12370000000000003,-0.39006736874580383,0.059000000000000004,0.0151,
1,gnn_pair,2207,396bdc7f9386d193,cmAPP:2065,cmAPP:2114,28639edc531a2e1a,-0.24690000000000012,-0.525697648525238,0.0611,0.1293,
1,gnn_pair,2207,fdbf57627003ba04,cmAPP:2051,cmAPP:2096,1212da56aac7a198,-0.23420000000000007,-0.3364906907081604,0.0968,0.0231,
1,gnn_pair,2207,96c1bc434b0cc0dd,cmAPP:2076,cmAPP:2121,28639edc531a2e1a,-0.3479000000000001,-0.0054138898849487305,0.0617,0.13119999999999998,
1,gnn_pair,2207,849edfe135b4a285,cmAPP:2061,cmAPP:2106,28639edc531a2e1a,-0.3863000000000001,-0.0062808990478515625,0.0817,0.08310000000000001,
1,gnn_pair,2207,0f5070b79250194c,cmAPP:2074,cmAPP:2119,28639edc531a2e1a,-0.42489999999999994,-0.4781012535095215,0.0526,0.0729,
1,gnn_pair,2207,473de2be4f7d6584,cmAPP:2067,cmAPP:2116,8a110cbb1ec4bb37,-0.6101000000000001,-0.4080226719379425,0.061500000000000006,0.3147,
1,gnn_pair,2207,675d15d359e354d5,cmAPP:1985,cmAPP:2030,28639edc531a2e1a,-0.09120000000000006,-0.1528014838695526,0.0105,0.04769999999999999,
1,gnn_pair,2207,7d9ac8b735ba4661,cmAPP:1951,cmAPP:1996,1212da56aac7a198,0.03709999999999991,-0.3887636661529541,0.0533,0.0337,
1,gnn_pair,2207,a15df525a6a379e5,cmAPP:1975,cmAPP:2024,28639edc531a2e1a,0.030400000000000094,-0.524752676486969,0.0661,0.0528,
1,gnn_pair,2207,8ab99b4d0257f181,cmAPP:1961,cmAPP:2006,1212da56aac7a198,-0.07660000000000011,-0.33544254302978516,0.0401,0.09820000000000001,
1,gnn_pair,2207,f77d454e0640bee9,cmAPP:1986,cmAPP:2031,28639edc531a2e1a,-0.25849999999999995,-0.005244821310043335,0.027200000000000002,0.0181,
1,gnn_pair,2207,4c96170b7a5e6348,cmAPP:1971,cmAPP:2016,28639edc531a2e1a,-0.11339999999999983,-0.00620540976524353,0.0482,0.0404,
1,gnn_pair,2207,0ef70c3bf1ed6748,cmAPP:1984,cmAPP:2029,28639edc531a2e1a,-0.07260000000000011,-0.47652721405029297,0.0481,0.08990000000000001,
1,gnn_pair,2207,becdd89127e663db,cmAPP:1977,cmAPP:2026,8a110cbb1ec4bb37,-0.5430999999999999,-0.40665680170059204,0.047599999999999996,0.062400000000000004,
1,gnn_pair,2207,aa3134d53203d34e,cmAPP:1895,cmAPP:1940,28639edc531a2e1a,-0.028799999999999937,-0.15292152762413025,0.0143,0.052199999999999996,
1,gnn_pair,2207,dd6c1c7202e5a255,cmAPP:1861,cmAPP:1906,1212da56aac7a198,-0.012000000000000122,-0.38504618406295776,0.0007000000000000001,0.0051,
1,gnn_pair,2207,fb01500214324543,cmAPP:1885,cmAPP:1934,28639edc531a2e1a,-0.0014000000000000679,-0.5220580697059631,0.0278,0.0077,
1,gnn_pair,2207,edbdac59a2065c45,cmAPP:1871,cmAPP:1916,1212da56aac7a198,-0.011399999999999966,-0.3324536085128784,0.0015,0.012199999999999999,
1,gnn_pair,2207,8cfd4f27b028eb77,cmAPP:1896,cmAPP:1941,28639edc531a2e1a,-0.242,-0.004885226488113403,0.0068000000000000005,0.0691,
1,gnn_pair,2207,9b2d1052c5390363,cmAPP:1881,cmAPP:1926,28639edc531a2e1a,-0.018500000000000072,-0.005990058183670044,0.0043,0.0105,
1,gnn_pair,2207,3cf75a1628ce2443,cmAPP:1894,cmAPP:1939,28639edc531a2e1a,-0.07340000000000002,-0.4720389246940613,0.0017000000000000001,0.0179,
1,gnn_pair,2207,6e2a61766f596436,cmAPP:1887,cmAPP:1936,8a110cbb1ec4bb37,-0.4691000000000001,-0.40276217460632324,0.0074,0.055099999999999996,
1,gnn_pair,3301,5b10002dc6e9b311,cmAPP:1805,cmAPP:1850,28639edc531a2e1a,0.3319,-0.05809551477432251,0.2754,0.0858,
1,gnn_pair,3301,c8e8c0b442f5a1a1,cmAPP:1771,cmAPP:1816,1212da56aac7a198,-0.8776,-0.3231096863746643,0.047599999999999996,0.087,
1,gnn_pair,3301,8aa63b5c3ecd924d,cmAPP:1795,cmAPP:1844,28639edc531a2e1a,-0.5152,-0.5679851770401001,0.2846,0.19870000000000002,
1,gnn_pair,3301,d3de99befe559e4d,cmAPP:1781,cmAPP:1826,1212da56aac7a198,-0.22190000000000004,-0.3389078378677368,0.1041,0.2195,
1,gnn_pair,3301,382a0a377b849c67,cmAPP:1806,cmAPP:1851,28639edc531a2e1a,0.2361,-0.16426703333854675,0.3618,0.3897,
1,gnn_pair,3301,b5c2328a2c4ba021,cmAPP:1791,cmAPP:1836,28639edc531a2e1a,-1.0455,0.034512728452682495,0.030600000000000002,0.2801,
1,gnn_pair,3301,086646f70e89b7e8,cmAPP:1804,cmAPP:1849,28639edc531a2e1a,-0.6019,-0.2834562063217163,0.1164,0.5791,
1,gnn_pair,3301,dff31405206d397b,cmAPP:1797,cmAPP:1846,8a110cbb1ec4bb37,-1.5217999999999998,-0.36566638946533203,0.1784,0.1663,
1,gnn_pair,3301,0ee5a5f6520a7c7a,cmAPP:1715,cmAPP:1760,28639edc531a2e1a,-0.17490000000000006,-0.057175904512405396,0.0608,0.1155,
1,gnn_pair,3301,5b8cb0fffb026635,cmAPP:1681,cmAPP:1726,1212da56aac7a198,0.011099999999999999,-0.32178133726119995,0.008,0.0649,
1,gnn_pair,3301,97a210f808788925,cmAPP:1705,cmAPP:1754,28639edc531a2e1a,-0.03459999999999985,-0.5663797855377197,0.0934,0.13369999999999999,
1,gnn_pair,3301,9f45bd9c2c0e94ba,cmAPP:1691,cmAPP:1736,1212da56aac7a198,-0.1439999999999999,-0.33734577894210815,0.10619999999999999,0.07780000000000001,
1,gnn_pair,3301,b994b3eb1c0af55d,cmAPP:1716,cmAPP:1761,28639edc531a2e1a,-0.4706,-0.16278499364852905,0.0717,0.13419999999999999,
1,gnn_pair,3301,45289904b26c1459,cmAPP:1701,cmAPP:1746,28639edc531a2e1a,-0.29069999999999996,0.03478094935417175,0.01,0.1063,
1,gnn_pair,3301,f762503ebcc65c82,cmAPP:1714,cmAPP:1759,28639edc531a2e1a,-0.08540000000000003,-0.28249913454055786,0.0706,0.081,
1,gnn_pair,3301,e7cdd445b47734ce,cmAPP:1707,cmAPP:1756,8a110cbb1ec4bb37,-0.3610000000000001,-0.3642955422401428,0.0946,0.1015,
1,gnn_pair,3301,e284e40848b79caf,cmAPP:1625,cmAPP:1670,28639edc531a2e1a,0.14149999999999996,-0.05455374717712402,0.0601,0.052000000000000005,
1,gnn_pair,3301,421212f430fb6217,cmAPP:1591,cmAPP:1636,1212da56aac7a198,-0.04060000000000008,-0.3179933428764343,0.024,0.0765,
1,gnn_pair,3301,600169b9f0f80551,cmAPP:1615,cmAPP:1664,28639edc531a2e1a,0.02199999999999991,-0.5618022680282593,0.07150000000000001,0.0554,
1,gnn_pair,3301,409122d11d642bec,cmAPP:1601,cmAPP:1646,1212da56aac7a198,-0.45020000000000004,-0.33289140462875366,0.0212,0.3306,
1,gnn_pair,3301,fca0701bd3bac2f3,cmAPP:1626,cmAPP:1671,28639edc531a2e1a,-0.2828999999999999,-0.15855884552001953,0.14429999999999998,0.0999,
1,gnn_pair,3301,34038dbdd4553f7d,cmAPP:1611,cmAPP:1656,28639edc531a2e1a,-0.014200000000000101,0.03554576635360718,0.0373,0.048,
1,gnn_pair,3301,d17517694a996e9b,cmAPP:1624,cmAPP:1669,28639edc531a2e1a,-0.19910000000000005,-0.2797697186470032,0.008199999999999999,0.069,
1,gnn_pair,3301,a5c36e48fb124d82,cmAPP:1617,cmAPP:1666,8a110cbb1ec4bb37,-0.45020000000000004,-0.36038658022880554,0.1369,0.18719999999999998,
1,gnn_pair,3301,c805543d26a64bde,cmAPP:2075,cmAPP:2120,28639edc531a2e1a,-0.11869999999999992,-0.05809551477432251,0.09,0.1231,
1,gnn_pair,3301,fd2a262963837b7f,cmAPP:2041,cmAPP:2086,1212da56aac7a198,-0.12370000000000003,-0.3231096863746643,0.059000000000000004,0.0151,
1,gnn_pair,3301,396bdc7f9386d193,cmAPP:2065,cmAPP:2114,28639edc531a2e1a,-0.24690000000000012,-0.5679851770401001,0.0611,0.1293,
1,gnn_pair,3301,fdbf57627003ba04,cmAPP:2051,cmAPP:2096,1212da56aac7a198,-0.23420000000000007,-0.3389078378677368,0.0968,0.0231,
1,gnn_pair,3301,96c1bc434b0cc0dd,cmAPP:2076,cmAPP:2121,28639edc531a2e1a,-0.3479000000000001,-0.16426703333854675,0.0617,0.13119999999999998,
1,gnn_pair,3301,849edfe135b4a285,cmAPP:2061,cmAPP:2106,28639edc531a2e1a,-0.3863000000000001,0.034512728452682495,0.0817,0.08310000000000001,
1,gnn_pair,3301,0f5070b79250194c,cmAPP:2074,cmAPP:2119,28639edc531a2e1a,-0.42489999999999994,-0.2834562063217163,0.0526,0.0729,
1,gnn_pair,3301,473de2be4f7d6584,cmAPP:2067,cmAPP:2116,8a110cbb1ec4bb37,-0.6101000000000001,-0.36566638946533203,0.061500000000000006,0.3147,
1,gnn_pair,3301,675d15d359e354d5,cmAPP:1985,cmAPP:2030,28639edc531a2e1a,-0.09120000000000006,-0.057175904512405396,0.0105,0.04769999999999999,
1,gnn_pair,3301,7d9ac8b735ba4661,cmAPP:1951,cmAPP:1996,1212da56aac7a198,0.03709999999999991,-0.32178133726119995,0.0533,0.0337,
1,gnn_pair,3301,a15df525a6a379e5,cmAPP:1975,cmAPP:2024,28639edc531a2e1a,0.030400000000000094,-0.5663797855377197,0.0661,0.0528,
1,gnn_pair,3301,8ab99b4d0257f181,cmAPP:1961,cmAPP:2006,1212da56aac7a198,-0.07660000000000011,-0.33734577894210815,0.0401,0.09820000000000001,
1,gnn_pair,3301,f77d454e0640bee9,cmAPP:1986,cmAPP:2031,28639edc531a2e1a,-0.25849999999999995,-0.16278499364852905,0.027200000000000002,0.0181,
1,gnn_pair,3301,4c96170b7a5e6348,cmAPP:1971,cmAPP:2016,28639edc531a2e1a,-0.11339999999999983,0.03478094935417175,0.0482,0.0404,
1,gnn_pair,3301,0ef70c3bf1ed6748,cmAPP:1984,cmAPP:2029,28639edc531a2e1a,-0.07260000000000011,-0.28249913454055786,0.0481,0.08990000000000001,
1,gnn_pair,3301,becdd89127e663db,cmAPP:1977,cmAPP:2026,8a110cbb1ec4bb37,-0.5430999999999999,-0.3642955422401428,0.047599999999999996,0.062400000000000004,
1,gnn_pair,3301,aa3134d53203d34e,cmAPP:1895,cmAPP:1940,28639edc531a2e1a,-0.028799999999999937,-0.05455374717712402,0.0143,0.052199999999999996,
1,gnn_pair,3301,dd6c1c7202e5a255,cmAPP:1861,cmAPP:1906,1212da56aac7a198,-0.012000000000000122,-0.3179933428764343,0.0007000000000000001,0.0051,
1,gnn_pair,3301,fb01500214324543,cmAPP:1885,cmAPP:1934,28639edc531a2e1a,-0.0014000000000000679,-0.5618022680282593,0.0278,0.0077,
1,gnn_pair,3301,edbdac59a2065c45,cmAPP:1871,cmAPP:1916,1212da56aac7a198,-0.011399999999999966,-0.33289140462875366,0.0015,0.012199999999999999,
1,gnn_pair,3301,8cfd4f27b028eb77,cmAPP:1896,cmAPP:1941,28639edc531a2e1a,-0.242,-0.15855884552001953,0.0068000000000000005,0.0691,
1,gnn_pair,3301,9b2d1052c5390363,cmAPP:1881,cmAPP:1926,28639edc531a2e1a,-0.018500000000000072,0.03554576635360718,0.0043,0.0105,
1,gnn_pair,3301,3cf75a1628ce2443,cmAPP:1894,cmAPP:1939,28639edc531a2e1a,-0.07340000000000002,-0.2797697186470032,0.0017000000000000001,0.0179,
1,gnn_pair,3301,6e2a61766f596436,cmAPP:1887,cmAPP:1936,8a110cbb1ec4bb37,-0.4691000000000001,-0.36038658022880554,0.0074,0.055099999999999996,
1,nongraph_pair,1103,5b10002dc6e9b311,cmAPP:1805,cmAPP:1850,28639edc531a2e1a,0.3319,-0.3119138479232788,0.2754,0.0858,
1,nongraph_pair,1103,c8e8c0b442f5a1a1,cmAPP:1771,cmAPP:1816,1212da56aac7a198,-0.8776,-0.34285223484039307,0.047599999999999996,0.087,
1,nongraph_pair,1103,8aa63b5c3ecd924d,cmAPP:1795,cmAPP:1844,28639edc531a2e1a,-0.5152,-0.34620293974876404,0.2846,0.19870000000000002,
1,nongraph_pair,1103,d3de99befe559e4d,cmAPP:1781,cmAPP:1826,1212da56aac7a198,-0.22190000000000004,-0.3497130274772644,0.1041,0.2195,
1,nongraph_pair,1103,382a0a377b849c67,cmAPP:1806,cmAPP:1851,28639edc531a2e1a,0.2361,-0.2996220588684082,0.3618,0.3897,
1,nongraph_pair,1103,b5c2328a2c4ba021,cmAPP:1791,cmAPP:1836,28639edc531a2e1a,-1.0455,-0.2927402853965759,0.030600000000000002,0.2801,
1,nongraph_pair,1103,086646f70e89b7e8,cmAPP:1804,cmAPP:1849,28639edc531a2e1a,-0.6019,-0.3672219514846802,0.1164,0.5791,
1,nongraph_pair,1103,dff31405206d397b,cmAPP:1797,cmAPP:1846,8a110cbb1ec4bb37,-1.5217999999999998,-0.3149702548980713,0.1784,0.1663,
1,nongraph_pair,1103,0ee5a5f6520a7c7a,cmAPP:1715,cmAPP:1760,28639edc531a2e1a,-0.17490000000000006,-0.3119284510612488,0.0608,0.1155,
1,nongraph_pair,1103,5b8cb0fffb026635,cmAPP:1681,cmAPP:1726,1212da56aac7a198,0.011099999999999999,-0.34288889169692993,0.008,0.0649,
1,nongraph_pair,1103,97a210f808788925,cmAPP:1705,cmAPP:1754,28639edc531a2e1a,-0.03459999999999985,-0.3461701273918152,0.0934,0.13369999999999999,
1,nongraph_pair,1103,9f45bd9c2c0e94ba,cmAPP:1691,cmAPP:1736,1212da56aac7a198,-0.1439999999999999,-0.3495871424674988,0.10619999999999999,0.07780000000000001,
1,nongraph_pair,1103,b994b3eb1c0af55d,cmAPP:1716,cmAPP:1761,28639edc531a2e1a,-0.4706,-0.29962214827537537,0.0717,0.13419999999999999,
1,nongraph_pair,1103,45289904b26c1459,cmAPP:1701,cmAPP:1746,28639edc531a2e1a,-0.29069999999999996,-0.29277509450912476,0.01,0.1063,
1,nongraph_pair,1103,f762503ebcc65c82,cmAPP:1714,cmAPP:1759,28639edc531a2e1a,-0.08540000000000003,-0.3672422170639038,0.0706,0.081,
1,nongraph_pair,1103,e7cdd445b47734ce,cmAPP:1707,cmAPP:1756,8a110cbb1ec4bb37,-0.3610000000000001,-0.3148590326309204,0.0946,0.1015,
1,nongraph_pair,1103,e284e40848b79caf,cmAPP:1625,cmAPP:1670,28639edc531a2e1a,0.14149999999999996,-0.31197017431259155,0.0601,0.052000000000000005,
1,nongraph_pair,1103,421212f430fb6217,cmAPP:1591,cmAPP:1636,1212da56aac7a198,-0.04060000000000008,-0.34299328923225403,0.024,0.0765,
1,nongraph_pair,1103,600169b9f0f80551,cmAPP:1615,cmAPP:1664,28639edc531a2e1a,0.02199999999999991,-0.3460763692855835,0.07150000000000001,0.0554,
1,nongraph_pair,1103,409122d11d642bec,cmAPP:1601,cmAPP:1646,1212da56aac7a198,-0.45020000000000004,-0.34922826290130615,0.0212,0.3306,
1,nongraph_pair,1103,fca0701bd3bac2f3,cmAPP:1626,cmAPP:1671,28639edc531a2e1a,-0.2828999999999999,-0.299622118473053,0.14429999999999998,0.0999,
1,nongraph_pair,1103,34038dbdd4553f7d,cmAPP:1611,cmAPP:1656,28639edc531a2e1a,-0.014200000000000101,-0.29287460446357727,0.0373,0.048,
1,nongraph_pair,1103,d17517694a996e9b,cmAPP:1624,cmAPP:1669,28639edc531a2e1a,-0.19910000000000005,-0.36729997396469116,0.008199999999999999,0.069,
1,nongraph_pair,1103,a5c36e48fb124d82,cmAPP:1617,cmAPP:1666,8a110cbb1ec4bb37,-0.45020000000000004,-0.314541757106781,0.1369,0.18719999999999998,
1,nongraph_pair,1103,c805543d26a64bde,cmAPP:2075,cmAPP:2120,28639edc531a2e1a,-0.11869999999999992,-0.3119138479232788,0.09,0.1231,
1,nongraph_pair,1103,fd2a262963837b7f,cmAPP:2041,cmAPP:2086,1212da56aac7a198,-0.12370000000000003,-0.34285223484039307,0.059000000000000004,0.0151,
1,nongraph_pair,1103,396bdc7f9386d193,cmAPP:2065,cmAPP:2114,28639edc531a2e1a,-0.24690000000000012,-0.34620293974876404,0.0611,0.1293,
1,nongraph_pair,1103,fdbf57627003ba04,cmAPP:2051,cmAPP:2096,1212da56aac7a198,-0.23420000000000007,-0.3497130274772644,0.0968,0.0231,
1,nongraph_pair,1103,96c1bc434b0cc0dd,cmAPP:2076,cmAPP:2121,28639edc531a2e1a,-0.3479000000000001,-0.2996220588684082,0.0617,0.13119999999999998,
1,nongraph_pair,1103,849edfe135b4a285,cmAPP:2061,cmAPP:2106,28639edc531a2e1a,-0.3863000000000001,-0.2927402853965759,0.0817,0.08310000000000001,
1,nongraph_pair,1103,0f5070b79250194c,cmAPP:2074,cmAPP:2119,28639edc531a2e1a,-0.42489999999999994,-0.3672219514846802,0.0526,0.0729,
1,nongraph_pair,1103,473de2be4f7d6584,cmAPP:2067,cmAPP:2116,8a110cbb1ec4bb37,-0.6101000000000001,-0.3149702548980713,0.061500000000000006,0.3147,
1,nongraph_pair,1103,675d15d359e354d5,cmAPP:1985,cmAPP:2030,28639edc531a2e1a,-0.09120000000000006,-0.3119284510612488,0.0105,0.04769999999999999,
1,nongraph_pair,1103,7d9ac8b735ba4661,cmAPP:1951,cmAPP:1996,1212da56aac7a198,0.03709999999999991,-0.34288889169692993,0.0533,0.0337,
1,nongraph_pair,1103,a15df525a6a379e5,cmAPP:1975,cmAPP:2024,28639edc531a2e1a,0.030400000000000094,-0.3461701273918152,0.0661,0.0528,
1,nongraph_pair,1103,8ab99b4d0257f181,cmAPP:1961,cmAPP:2006,1212da56aac7a198,-0.07660000000000011,-0.3495871424674988,0.0401,0.09820000000000001,
1,nongraph_pair,1103,f77d454e0640bee9,cmAPP:1986,cmAPP:2031,28639edc531a2e1a,-0.25849999999999995,-0.29962214827537537,0.027200000000000002,0.0181,
1,nongraph_pair,1103,4c96170b7a5e6348,cmAPP:1971,cmAPP:2016,28639edc531a2e1a,-0.11339999999999983,-0.29277509450912476,0.0482,0.0404,
1,nongraph_pair,1103,0ef70c3bf1ed6748,cmAPP:1984,cmAPP:2029,28639edc531a2e1a,-0.07260000000000011,-0.3672422170639038,0.0481,0.08990000000000001,
1,nongraph_pair,1103,becdd89127e663db,cmAPP:1977,cmAPP:2026,8a110cbb1ec4bb37,-0.5430999999999999,-0.3148590326309204,0.047599999999999996,0.062400000000000004,
1,nongraph_pair,1103,aa3134d53203d34e,cmAPP:1895,cmAPP:1940,28639edc531a2e1a,-0.028799999999999937,-0.31197017431259155,0.0143,0.052199999999999996,
1,nongraph_pair,1103,dd6c1c7202e5a255,cmAPP:1861,cmAPP:1906,1212da56aac7a198,-0.012000000000000122,-0.34299328923225403,0.0007000000000000001,0.0051,
1,nongraph_pair,1103,fb01500214324543,cmAPP:1885,cmAPP:1934,28639edc531a2e1a,-0.0014000000000000679,-0.3460763692855835,0.0278,0.0077,
1,nongraph_pair,1103,edbdac59a2065c45,cmAPP:1871,cmAPP:1916,1212da56aac7a198,-0.011399999999999966,-0.34922826290130615,0.0015,0.012199999999999999,
1,nongraph_pair,1103,8cfd4f27b028eb77,cmAPP:1896,cmAPP:1941,28639edc531a2e1a,-0.242,-0.299622118473053,0.0068000000000000005,0.0691,
1,nongraph_pair,1103,9b2d1052c5390363,cmAPP:1881,cmAPP:1926,28639edc531a2e1a,-0.018500000000000072,-0.29287460446357727,0.0043,0.0105,
1,nongraph_pair,1103,3cf75a1628ce2443,cmAPP:1894,cmAPP:1939,28639edc531a2e1a,-0.07340000000000002,-0.36729997396469116,0.0017000000000000001,0.0179,
1,nongraph_pair,1103,6e2a61766f596436,cmAPP:1887,cmAPP:1936,8a110cbb1ec4bb37,-0.4691000000000001,-0.314541757106781,0.0074,0.055099999999999996,
1,nongraph_pair,2207,5b10002dc6e9b311,cmAPP:1805,cmAPP:1850,28639edc531a2e1a,0.3319,-0.1475987732410431,0.2754,0.0858,
1,nongraph_pair,2207,c8e8c0b442f5a1a1,cmAPP:1771,cmAPP:1816,1212da56aac7a198,-0.8776,-0.38143444061279297,0.047599999999999996,0.087,
1,nongraph_pair,2207,8aa63b5c3ecd924d,cmAPP:1795,cmAPP:1844,28639edc531a2e1a,-0.5152,-0.5084202289581299,0.2846,0.19870000000000002,
1,nongraph_pair,2207,d3de99befe559e4d,cmAPP:1781,cmAPP:1826,1212da56aac7a198,-0.22190000000000004,-0.2522309422492981,0.1041,0.2195,
1,nongraph_pair,2207,382a0a377b849c67,cmAPP:1806,cmAPP:1851,28639edc531a2e1a,0.2361,-0.07417234778404236,0.3618,0.3897,
1,nongraph_pair,2207,b5c2328a2c4ba021,cmAPP:1791,cmAPP:1836,28639edc531a2e1a,-1.0455,-0.08950501680374146,0.030600000000000002,0.2801,
1,nongraph_pair,2207,086646f70e89b7e8,cmAPP:1804,cmAPP:1849,28639edc531a2e1a,-0.6019,-0.3707824945449829,0.1164,0.5791,
1,nongraph_pair,2207,dff31405206d397b,cmAPP:1797,cmAPP:1846,8a110cbb1ec4bb37,-1.5217999999999998,-0.5555050373077393,0.1784,0.1663,
1,nongraph_pair,2207,0ee5a5f6520a7c7a,cmAPP:1715,cmAPP:1760,28639edc531a2e1a,-0.17490000000000006,-0.14694684743881226,0.0608,0.1155,
1,nongraph_pair,2207,5b8cb0fffb026635,cmAPP:1681,cmAPP:1726,1212da56aac7a198,0.011099999999999999,-0.3807872533798218,0.008,0.0649,
1,nongraph_pair,2207,97a210f808788925,cmAPP:1705,cmAPP:1754,28639edc531a2e1a,-0.03459999999999985,-0.5074601769447327,0.0934,0.13369999999999999,
1,nongraph_pair,2207,9f45bd9c2c0e94ba,cmAPP:1691,cmAPP:1736,1212da56aac7a198,-0.1439999999999999,-0.25155532360076904,0.10619999999999999,0.07780000000000001,
1,nongraph_pair,2207,b994b3eb1c0af55d,cmAPP:1716,cmAPP:1761,28639edc531a2e1a,-0.4706,-0.07361242175102234,0.0717,0.13419999999999999,
1,nongraph_pair,2207,45289904b26c1459,cmAPP:1701,cmAPP:1746,28639edc531a2e1a,-0.29069999999999996,-0.08890053629875183,0.01,0.1063,
1,nongraph_pair,2207,f762503ebcc65c82,cmAPP:1714,cmAPP:1759,28639edc531a2e1a,-0.08540000000000003,-0.370271772146225,0.0706,0.081,
1,nongraph_pair,2207,e7cdd445b47734ce,cmAPP:1707,cmAPP:1756,8a110cbb1ec4bb37,-0.3610000000000001,-0.5541701912879944,0.0946,0.1015,
1,nongraph_pair,2207,e284e40848b79caf,cmAPP:1625,cmAPP:1670,28639edc531a2e1a,0.14149999999999996,-0.14525160193443298,0.0601,0.052000000000000005,
1,nongraph_pair,2207,421212f430fb6217,cmAPP:1591,cmAPP:1636,1212da56aac7a198,-0.04060000000000008,-0.37894177436828613,0.024,0.0765,
1,nongraph_pair,2207,600169b9f0f80551,cmAPP:1615,cmAPP:1664,28639edc531a2e1a,0.02199999999999991,-0.5047223567962646,0.07150000000000001,0.0554,
1,nongraph_pair,2207,409122d11d642bec,cmAPP:1601,cmAPP:1646,1212da56aac7a198,-0.45020000000000004,-0.24962860345840454,0.0212,0.3306,
1,nongraph_pair,2207,fca0701bd3bac2f3,cmAPP:1626,cmAPP:1671,28639edc531a2e1a,-0.2828999999999999,-0.07201582193374634,0.14429999999999998,0.0999,
1,nongraph_pair,2207,34038dbdd4553f7d,cmAPP:1611,cmAPP:1656,28639edc531a2e1a,-0.014200000000000101,-0.08717694878578186,0.0373,0.048,
1,nongraph_pair,2207,d17517694a996e9b,cmAPP:1624,cmAPP:1669,28639edc531a2e1a,-0.19910000000000005,-0.368815541267395,0.008199999999999999,0.069,
1,nongraph_pair,2207,a5c36e48fb124d82,cmAPP:1617,cmAPP:1666,8a110cbb1ec4bb37,-0.45020000000000004,-0.5503637790679932,0.1369,0.18719999999999998,
1,nongraph_pair,2207,c805543d26a64bde,cmAPP:2075,cmAPP:2120,28639edc531a2e1a,-0.11869999999999992,-0.1475987732410431,0.09,0.1231,
1,nongraph_pair,2207,fd2a262963837b7f,cmAPP:2041,cmAPP:2086,1212da56aac7a198,-0.12370000000000003,-0.38143444061279297,0.059000000000000004,0.0151,
1,nongraph_pair,2207,396bdc7f9386d193,cmAPP:2065,cmAPP:2114,28639edc531a2e1a,-0.24690000000000012,-0.5084202289581299,0.0611,0.1293,
1,nongraph_pair,2207,fdbf57627003ba04,cmAPP:2051,cmAPP:2096,1212da56aac7a198,-0.23420000000000007,-0.2522309422492981,0.0968,0.0231,
1,nongraph_pair,2207,96c1bc434b0cc0dd,cmAPP:2076,cmAPP:2121,28639edc531a2e1a,-0.3479000000000001,-0.07417234778404236,0.0617,0.13119999999999998,
1,nongraph_pair,2207,849edfe135b4a285,cmAPP:2061,cmAPP:2106,28639edc531a2e1a,-0.3863000000000001,-0.08950501680374146,0.0817,0.08310000000000001,
1,nongraph_pair,2207,0f5070b79250194c,cmAPP:2074,cmAPP:2119,28639edc531a2e1a,-0.42489999999999994,-0.3707824945449829,0.0526,0.0729,
1,nongraph_pair,2207,473de2be4f7d6584,cmAPP:2067,cmAPP:2116,8a110cbb1ec4bb37,-0.6101000000000001,-0.5555050373077393,0.061500000000000006,0.3147,
1,nongraph_pair,2207,675d15d359e354d5,cmAPP:1985,cmAPP:2030,28639edc531a2e1a,-0.09120000000000006,-0.14694684743881226,0.0105,0.04769999999999999,
1,nongraph_pair,2207,7d9ac8b735ba4661,cmAPP:1951,cmAPP:1996,1212da56aac7a198,0.03709999999999991,-0.3807872533798218,0.0533,0.0337,
1,nongraph_pair,2207,a15df525a6a379e5,cmAPP:1975,cmAPP:2024,28639edc531a2e1a,0.030400000000000094,-0.5074601769447327,0.0661,0.0528,
1,nongraph_pair,2207,8ab99b4d0257f181,cmAPP:1961,cmAPP:2006,1212da56aac7a198,-0.07660000000000011,-0.25155532360076904,0.0401,0.09820000000000001,
1,nongraph_pair,2207,f77d454e0640bee9,cmAPP:1986,cmAPP:2031,28639edc531a2e1a,-0.25849999999999995,-0.07361242175102234,0.027200000000000002,0.0181,
1,nongraph_pair,2207,4c96170b7a5e6348,cmAPP:1971,cmAPP:2016,28639edc531a2e1a,-0.11339999999999983,-0.08890053629875183,0.0482,0.0404,
1,nongraph_pair,2207,0ef70c3bf1ed6748,cmAPP:1984,cmAPP:2029,28639edc531a2e1a,-0.07260000000000011,-0.370271772146225,0.0481,0.08990000000000001,
1,nongraph_pair,2207,becdd89127e663db,cmAPP:1977,cmAPP:2026,8a110cbb1ec4bb37,-0.5430999999999999,-0.5541701912879944,0.047599999999999996,0.062400000000000004,
1,nongraph_pair,2207,aa3134d53203d34e,cmAPP:1895,cmAPP:1940,28639edc531a2e1a,-0.028799999999999937,-0.14525160193443298,0.0143,0.052199999999999996,
1,nongraph_pair,2207,dd6c1c7202e5a255,cmAPP:1861,cmAPP:1906,1212da56aac7a198,-0.012000000000000122,-0.37894177436828613,0.0007000000000000001,0.0051,
1,nongraph_pair,2207,fb01500214324543,cmAPP:1885,cmAPP:1934,28639edc531a2e1a,-0.0014000000000000679,-0.5047223567962646,0.0278,0.0077,
1,nongraph_pair,2207,edbdac59a2065c45,cmAPP:1871,cmAPP:1916,1212da56aac7a198,-0.011399999999999966,-0.24962860345840454,0.0015,0.012199999999999999,
1,nongraph_pair,2207,8cfd4f27b028eb77,cmAPP:1896,cmAPP:1941,28639edc531a2e1a,-0.242,-0.07201582193374634,0.0068000000000000005,0.0691,
1,nongraph_pair,2207,9b2d1052c5390363,cmAPP:1881,cmAPP:1926,28639edc531a2e1a,-0.018500000000000072,-0.08717694878578186,0.0043,0.0105,
1,nongraph_pair,2207,3cf75a1628ce2443,cmAPP:1894,cmAPP:1939,28639edc531a2e1a,-0.07340000000000002,-0.368815541267395,0.0017000000000000001,0.0179,
1,nongraph_pair,2207,6e2a61766f596436,cmAPP:1887,cmAPP:1936,8a110cbb1ec4bb37,-0.4691000000000001,-0.5503637790679932,0.0074,0.055099999999999996,
1,nongraph_pair,3301,5b10002dc6e9b311,cmAPP:1805,cmAPP:1850,28639edc531a2e1a,0.3319,-0.11639174818992615,0.2754,0.0858,
1,nongraph_pair,3301,c8e8c0b442f5a1a1,cmAPP:1771,cmAPP:1816,1212da56aac7a198,-0.8776,-0.42903298139572144,0.047599999999999996,0.087,
1,nongraph_pair,3301,8aa63b5c3ecd924d,cmAPP:1795,cmAPP:1844,28639edc531a2e1a,-0.5152,-0.46869075298309326,0.2846,0.19870000000000002,
1,nongraph_pair,3301,d3de99befe559e4d,cmAPP:1781,cmAPP:1826,1212da56aac7a198,-0.22190000000000004,-0.357583224773407,0.1041,0.2195,
1,nongraph_pair,3301,382a0a377b849c67,cmAPP:1806,cmAPP:1851,28639edc531a2e1a,0.2361,-0.22851133346557617,0.3618,0.3897,
1,nongraph_pair,3301,b5c2328a2c4ba021,cmAPP:1791,cmAPP:1836,28639edc531a2e1a,-1.0455,-0.09473910927772522,0.030600000000000002,0.2801,
1,nongraph_pair,3301,086646f70e89b7e8,cmAPP:1804,cmAPP:1849,28639edc531a2e1a,-0.6019,-0.2904740869998932,0.1164,0.5791,
1,nongraph_pair,3301,dff31405206d397b,cmAPP:1797,cmAPP:1846,8a110cbb1ec4bb37,-1.5217999999999998,-0.4309358596801758,0.1784,0.1663,
1,nongraph_pair,3301,0ee5a5f6520a7c7a,cmAPP:1715,cmAPP:1760,28639edc531a2e1a,-0.17490000000000006,-0.11595475673675537,0.0608,0.1155,
1,nongraph_pair,3301,5b8cb0fffb026635,cmAPP:1681,cmAPP:1726,1212da56aac7a198,0.011099999999999999,-0.4278697073459625,0.008,0.0649,
1,nongraph_pair,3301,97a210f808788925,cmAPP:1705,cmAPP:1754,28639edc531a2e1a,-0.03459999999999985,-0.46745216846466064,0.0934,0.13369999999999999,
1,nongraph_pair,3301,9f45bd9c2c0e94ba,cmAPP:1691,cmAPP:1736,1212da56aac7a198,-0.1439999999999999,-0.3568033277988434,0.10619999999999999,0.07780000000000001,
1,nongraph_pair,3301,b994b3eb1c0af55d,cmAPP:1716,cmAPP:1761,28639edc531a2e1a,-0.4706,-0.22736403346061707,0.0717,0.13419999999999999,
1,nongraph_pair,3301,45289904b26c1459,cmAPP:1701,cmAPP:1746,28639edc531a2e1a,-0.29069999999999996,-0.09454166889190674,0.01,0.1063,
1,nongraph_pair,3301,f762503ebcc65c82,cmAPP:1714,cmAPP:1759,28639edc531a2e1a,-0.08540000000000003,-0.2898850739002228,0.0706,0.081,
1,nongraph_pair,3301,e7cdd445b47734ce,cmAPP:1707,cmAPP:1756,8a110cbb1ec4bb37,-0.3610000000000001,-0.42973005771636963,0.0946,0.1015,
1,nongraph_pair,3301,e284e40848b79caf,cmAPP:1625,cmAPP:1670,28639edc531a2e1a,0.14149999999999996,-0.11470860242843628,0.0601,0.052000000000000005,
1,nongraph_pair,3301,421212f430fb6217,cmAPP:1591,cmAPP:1636,1212da56aac7a198,-0.04060000000000008,-0.42455288767814636,0.024,0.0765,
1,nongraph_pair,3301,600169b9f0f80551,cmAPP:1615,cmAPP:1664,28639edc531a2e1a,0.02199999999999991,-0.46392032504081726,0.07150000000000001,0.0554,
1,nongraph_pair,3301,409122d11d642bec,cmAPP:1601,cmAPP:1646,1212da56aac7a198,-0.45020000000000004,-0.35457947850227356,0.0212,0.3306,
1,nongraph_pair,3301,fca0701bd3bac2f3,cmAPP:1626,cmAPP:1671,28639edc531a2e1a,-0.2828999999999999,-0.2240925133228302,0.14429999999999998,0.0999,
1,nongraph_pair,3301,34038dbdd4553f7d,cmAPP:1611,cmAPP:1656,28639edc531a2e1a,-0.014200000000000101,-0.09397867321968079,0.0373,0.048,
1,nongraph_pair,3301,d17517694a996e9b,cmAPP:1624,cmAPP:1669,28639edc531a2e1a,-0.19910000000000005,-0.2882053554058075,0.008199999999999999,0.069,
1,nongraph_pair,3301,a5c36e48fb124d82,cmAPP:1617,cmAPP:1666,8a110cbb1ec4bb37,-0.45020000000000004,-0.42607277631759644,0.1369,0.18719999999999998,
1,nongraph_pair,3301,c805543d26a64bde,cmAPP:2075,cmAPP:2120,28639edc531a2e1a,-0.11869999999999992,-0.11639174818992615,0.09,0.1231,
1,nongraph_pair,3301,fd2a262963837b7f,cmAPP:2041,cmAPP:2086,1212da56aac7a198,-0.12370000000000003,-0.42903298139572144,0.059000000000000004,0.0151,
1,nongraph_pair,3301,396bdc7f9386d193,cmAPP:2065,cmAPP:2114,28639edc531a2e1a,-0.24690000000000012,-0.46869075298309326,0.0611,0.1293,
1,nongraph_pair,3301,fdbf57627003ba04,cmAPP:2051,cmAPP:2096,1212da56aac7a198,-0.23420000000000007,-0.357583224773407,0.0968,0.0231,
1,nongraph_pair,3301,96c1bc434b0cc0dd,cmAPP:2076,cmAPP:2121,28639edc531a2e1a,-0.3479000000000001,-0.22851133346557617,0.0617,0.13119999999999998,
1,nongraph_pair,3301,849edfe135b4a285,cmAPP:2061,cmAPP:2106,28639edc531a2e1a,-0.3863000000000001,-0.09473910927772522,0.0817,0.08310000000000001,
1,nongraph_pair,3301,0f5070b79250194c,cmAPP:2074,cmAPP:2119,28639edc531a2e1a,-0.42489999999999994,-0.2904740869998932,0.0526,0.0729,
1,nongraph_pair,3301,473de2be4f7d6584,cmAPP:2067,cmAPP:2116,8a110cbb1ec4bb37,-0.6101000000000001,-0.4309358596801758,0.061500000000000006,0.3147,
1,nongraph_pair,3301,675d15d359e354d5,cmAPP:1985,cmAPP:2030,28639edc531a2e1a,-0.09120000000000006,-0.11595475673675537,0.0105,0.04769999999999999,
1,nongraph_pair,3301,7d9ac8b735ba4661,cmAPP:1951,cmAPP:1996,1212da56aac7a198,0.03709999999999991,-0.4278697073459625,0.0533,0.0337,
1,nongraph_pair,3301,a15df525a6a379e5,cmAPP:1975,cmAPP:2024,28639edc531a2e1a,0.030400000000000094,-0.46745216846466064,0.0661,0.0528,
1,nongraph_pair,3301,8ab99b4d0257f181,cmAPP:1961,cmAPP:2006,1212da56aac7a198,-0.07660000000000011,-0.3568033277988434,0.0401,0.09820000000000001,
1,nongraph_pair,3301,f77d454e0640bee9,cmAPP:1986,cmAPP:2031,28639edc531a2e1a,-0.25849999999999995,-0.22736403346061707,0.027200000000000002,0.0181,
1,nongraph_pair,3301,4c96170b7a5e6348,cmAPP:1971,cmAPP:2016,28639edc531a2e1a,-0.11339999999999983,-0.09454166889190674,0.0482,0.0404,
1,nongraph_pair,3301,0ef70c3bf1ed6748,cmAPP:1984,cmAPP:2029,28639edc531a2e1a,-0.07260000000000011,-0.2898850739002228,0.0481,0.08990000000000001,
1,nongraph_pair,3301,becdd89127e663db,cmAPP:1977,cmAPP:2026,8a110cbb1ec4bb37,-0.5430999999999999,-0.42973005771636963,0.047599999999999996,0.062400000000000004,
1,nongraph_pair,3301,aa3134d53203d34e,cmAPP:1895,cmAPP:1940,28639edc531a2e1a,-0.028799999999999937,-0.11470860242843628,0.0143,0.052199999999999996,
1,nongraph_pair,3301,dd6c1c7202e5a255,cmAPP:1861,cmAPP:1906,1212da56aac7a198,-0.012000000000000122,-0.42455288767814636,0.0007000000000000001,0.0051,
1,nongraph_pair,3301,fb01500214324543,cmAPP:1885,cmAPP:1934,28639edc531a2e1a,-0.0014000000000000679,-0.46392032504081726,0.0278,0.0077,
1,nongraph_pair,3301,edbdac59a2065c45,cmAPP:1871,cmAPP:1916,1212da56aac7a198,-0.011399999999999966,-0.35457947850227356,0.0015,0.012199999999999999,
1,nongraph_pair,3301,8cfd4f27b028eb77,cmAPP:1896,cmAPP:1941,28639edc531a2e1a,-0.242,-0.2240925133228302,0.0068000000000000005,0.0691,
1,nongraph_pair,3301,9b2d1052c5390363,cmAPP:1881,cmAPP:1926,28639edc531a2e1a,-0.018500000000000072,-0.09397867321968079,0.0043,0.0105,
1,nongraph_pair,3301,3cf75a1628ce2443,cmAPP:1894,cmAPP:1939,28639edc531a2e1a,-0.07340000000000002,-0.2882053554058075,0.0017000000000000001,0.0179,
1,nongraph_pair,3301,6e2a61766f596436,cmAPP:1887,cmAPP:1936,8a110cbb1ec4bb37,-0.4691000000000001,-0.42607277631759644,0.0074,0.055099999999999996,
2,zero,0,93389904f33e7718,cmAPP:1770,cmAPP:1815,151435cc8a45853a,-1.6145,0.0,0.0704,0.13849999999999998,
2,zero,0,e24b7d2aa22bb55c,cmAPP:1775,cmAPP:1821,2c34ab854a6ad95b,-0.9341,0.0,0.0596,0.3439,
2,zero,0,c5b8e137a303cb45,cmAPP:1773,cmAPP:1818,151435cc8a45853a,-0.021100000000000008,0.0,0.0848,0.1288,
2,zero,0,ac1b30806815ea4e,cmAPP:1787,cmAPP:1832,2c34ab854a6ad95b,-0.8095999999999999,0.0,0.1321,0.4403,
2,zero,0,b6967a59b842adff,cmAPP:1784,cmAPP:1829,9620aee947fd49ea,-2.8806,0.0,0.11789999999999999,0.5047999999999999,
2,zero,0,6ca5840cef4726ff,cmAPP:1807,cmAPP:1852,2c34ab854a6ad95b,0.17810000000000004,0.0,0.1475,0.1971,
2,zero,0,a1cbdd76747c5064,cmAPP:1776,cmAPP:1822,2c34ab854a6ad95b,-0.6519000000000001,0.0,0.0775,0.17120000000000002,
2,zero,0,50548dbd9fb26ec9,cmAPP:1792,cmAPP:1837,2c34ab854a6ad95b,-0.3258999999999999,0.0,0.3096,0.0693,
2,zero,0,66ba2338161aed27,cmAPP:1680,cmAPP:1725,151435cc8a45853a,-0.12819999999999987,0.0,0.026000000000000002,0.013500000000000002,
2,zero,0,a85eb0b11202f59e,cmAPP:1685,cmAPP:1731,2c34ab854a6ad95b,-0.07189999999999996,0.0,0.0286,0.0496,
2,zero,0,c09f8ea736c8479d,cmAPP:1683,cmAPP:1728,151435cc8a45853a,-0.014399999999999968,0.0,0.0364,0.0256,
2,zero,0,63008ff058569c96,cmAPP:1697,cmAPP:1742,2c34ab854a6ad95b,0.005700000000000149,0.0,0.06269999999999999,0.1005,
2,zero,0,7a921af808b2dfa6,cmAPP:1694,cmAPP:1739,9620aee947fd49ea,-0.5276000000000001,0.0,0.0654,0.09939999999999999,
2,zero,0,a15328e82188e58f,cmAPP:1717,cmAPP:1762,2c34ab854a6ad95b,-0.13879999999999992,0.0,0.0291,0.0843,
2,zero,0,70da5f6f47632dfe,cmAPP:1686,cmAPP:1732,2c34ab854a6ad95b,0.015100000000000113,0.0,0.049100000000000005,0.027000000000000003,
2,zero,0,fd3f38efafcec3ac,cmAPP:1702,cmAPP:1747,2c34ab854a6ad95b,-0.03489999999999993,0.0,0.0555,0.046,
2,zero,0,0eed2d75f2cde72d,cmAPP:1590,cmAPP:1635,151435cc8a45853a,-0.40340000000000004,0.0,0.0241,0.029500000000000002,
2,zero,0,1a6c9baac85f3629,cmAPP:1595,cmAPP:1641,2c34ab854a6ad95b,-0.20189999999999997,0.0,0.0129,0.0771,
2,zero,0,76e24e5164a31a01,cmAPP:1593,cmAPP:1638,151435cc8a45853a,-0.21689999999999998,0.0,0.028399999999999998,0.0443,
2,zero,0,7ad1ff1601478950,cmAPP:1607,cmAPP:1652,2c34ab854a6ad95b,0.0006999999999999229,0.0,0.0691,0.026099999999999998,
2,zero,0,d69a2449a6634854,cmAPP:1604,cmAPP:1649,9620aee947fd49ea,-1.4533999999999998,0.0,0.061399999999999996,0.5695,
2,zero,0,f3e88314b57e616d,cmAPP:1627,cmAPP:1672,2c34ab854a6ad95b,0.1450999999999999,0.0,0.075,0.0417,
2,zero,0,8ab257e2caab32a6,cmAPP:1596,cmAPP:1642,2c34ab854a6ad95b,-0.16900000000000015,0.0,0.0141,0.028399999999999998,
2,zero,0,134f453b89ce7319,cmAPP:1612,cmAPP:1657,2c34ab854a6ad95b,0.18099999999999994,0.0,0.0599,0.0075,
2,zero,0,6297178908babdb2,cmAPP:2040,cmAPP:2085,151435cc8a45853a,-0.28669999999999995,0.0,0.0592,0.0308,
2,zero,0,e07fbd2f23396c88,cmAPP:2045,cmAPP:2091,2c34ab854a6ad95b,-0.11920000000000008,0.0,0.0538,0.0915,
2,zero,0,ea69375d6e637f0b,cmAPP:2043,cmAPP:2088,151435cc8a45853a,-0.13270000000000004,0.0,0.0908,0.026699999999999998,
2,zero,0,51c13c0eaed60726,cmAPP:2057,cmAPP:2102,2c34ab854a6ad95b,0.14069999999999994,0.0,0.0353,0.0542,
2,zero,0,bfb561a0d6a8fc27,cmAPP:2054,cmAPP:2099,9620aee947fd49ea,-0.4963,0.0,0.0258,0.115,
2,zero,0,ff45b277fb60624e,cmAPP:2077,cmAPP:2122,2c34ab854a6ad95b,-0.1391,0.0,0.0673,0.1009,
2,zero,0,98341947aa56f870,cmAPP:2046,cmAPP:2092,2c34ab854a6ad95b,-0.10649999999999982,0.0,0.050499999999999996,0.0414,
2,zero,0,5fb5972af28fa281,cmAPP:2062,cmAPP:2107,2c34ab854a6ad95b,-0.118,0.0,0.1033,0.051100000000000007,
2,zero,0,8baebb96c0af3c90,cmAPP:1950,cmAPP:1995,151435cc8a45853a,-0.09720000000000006,0.0,0.024300000000000002,0.0365,
2,zero,0,c55d3bcca2d2a449,cmAPP:1955,cmAPP:2001,2c34ab854a6ad95b,0.023700000000000054,0.0,0.0421,0.0274,
2,zero,0,ef7b3a1b137a6db8,cmAPP:1953,cmAPP:1998,151435cc8a45853a,-0.022199999999999998,0.0,0.0733,0.0483,
2,zero,0,98f93e5fbbd41ec8,cmAPP:1967,cmAPP:2012,2c34ab854a6ad95b,0.10929999999999995,0.0,0.0698,0.0123,
2,zero,0,de9de367cfd0516a,cmAPP:1964,cmAPP:2009,9620aee947fd49ea,-0.6374,0.0,0.0904,0.1176,
2,zero,0,c78c802f0ed94739,cmAPP:1987,cmAPP:2032,2c34ab854a6ad95b,-0.0394000000000001,0.0,0.0444,0.031200000000000002,
2,zero,0,4aba9407294ef0a7,cmAPP:1956,cmAPP:2002,2c34ab854a6ad95b,0.011099999999999999,0.0,0.045,0.0151,
2,zero,0,29266f87dbea9446,cmAPP:1972,cmAPP:2017,2c34ab854a6ad95b,-0.011599999999999944,0.0,0.0276,0.037200000000000004,
2,zero,0,eb05d8fd23cb21a3,cmAPP:1860,cmAPP:1905,151435cc8a45853a,-0.10529999999999995,0.0,0.0024,0.021,
2,zero,0,db6359943b17ecc7,cmAPP:1865,cmAPP:1911,2c34ab854a6ad95b,-0.019300000000000095,0.0,0.0095,0.0076,
2,zero,0,4e91bc478f4a4aaa,cmAPP:1863,cmAPP:1908,151435cc8a45853a,-0.006599999999999939,0.0,0.0008,0.0070999999999999995,
2,zero,0,db76931262b18262,cmAPP:1877,cmAPP:1922,2c34ab854a6ad95b,-0.022599999999999842,0.0,0.0347,0.0526,
2,zero,0,c748ab46e40eb3c6,cmAPP:1874,cmAPP:1919,9620aee947fd49ea,-0.7228,0.0,0.0068000000000000005,0.22719999999999999,
2,zero,0,72fdff714d1fc08e,cmAPP:1897,cmAPP:1942,2c34ab854a6ad95b,-0.06989999999999996,0.0,0.019,0.037000000000000005,
2,zero,0,a4c4b94f50336897,cmAPP:1866,cmAPP:1912,2c34ab854a6ad95b,-0.0341999999999999,0.0,0.0053,0.011899999999999999,
2,zero,0,46898ba7d044be9b,cmAPP:1882,cmAPP:1927,2c34ab854a6ad95b,0.0007000000000000339,0.0,0.0242,0.0287,
2,training_mean,0,93389904f33e7718,cmAPP:1770,cmAPP:1815,151435cc8a45853a,-1.6145,-0.2288282550724779,0.0704,0.13849999999999998,
2,training_mean,0,e24b7d2aa22bb55c,cmAPP:1775,cmAPP:1821,2c34ab854a6ad95b,-0.9341,-0.2288282550724779,0.0596,0.3439,
2,training_mean,0,c5b8e137a303cb45,cmAPP:1773,cmAPP:1818,151435cc8a45853a,-0.021100000000000008,-0.2288282550724779,0.0848,0.1288,
2,training_mean,0,ac1b30806815ea4e,cmAPP:1787,cmAPP:1832,2c34ab854a6ad95b,-0.8095999999999999,-0.2288282550724779,0.1321,0.4403,
2,training_mean,0,b6967a59b842adff,cmAPP:1784,cmAPP:1829,9620aee947fd49ea,-2.8806,-0.2288282550724779,0.11789999999999999,0.5047999999999999,
2,training_mean,0,6ca5840cef4726ff,cmAPP:1807,cmAPP:1852,2c34ab854a6ad95b,0.17810000000000004,-0.2288282550724779,0.1475,0.1971,
2,training_mean,0,a1cbdd76747c5064,cmAPP:1776,cmAPP:1822,2c34ab854a6ad95b,-0.6519000000000001,-0.2288282550724779,0.0775,0.17120000000000002,
2,training_mean,0,50548dbd9fb26ec9,cmAPP:1792,cmAPP:1837,2c34ab854a6ad95b,-0.3258999999999999,-0.2288282550724779,0.3096,0.0693,
2,training_mean,0,66ba2338161aed27,cmAPP:1680,cmAPP:1725,151435cc8a45853a,-0.12819999999999987,-0.2288282550724779,0.026000000000000002,0.013500000000000002,
2,training_mean,0,a85eb0b11202f59e,cmAPP:1685,cmAPP:1731,2c34ab854a6ad95b,-0.07189999999999996,-0.2288282550724779,0.0286,0.0496,
2,training_mean,0,c09f8ea736c8479d,cmAPP:1683,cmAPP:1728,151435cc8a45853a,-0.014399999999999968,-0.2288282550724779,0.0364,0.0256,
2,training_mean,0,63008ff058569c96,cmAPP:1697,cmAPP:1742,2c34ab854a6ad95b,0.005700000000000149,-0.2288282550724779,0.06269999999999999,0.1005,
2,training_mean,0,7a921af808b2dfa6,cmAPP:1694,cmAPP:1739,9620aee947fd49ea,-0.5276000000000001,-0.2288282550724779,0.0654,0.09939999999999999,
2,training_mean,0,a15328e82188e58f,cmAPP:1717,cmAPP:1762,2c34ab854a6ad95b,-0.13879999999999992,-0.2288282550724779,0.0291,0.0843,
2,training_mean,0,70da5f6f47632dfe,cmAPP:1686,cmAPP:1732,2c34ab854a6ad95b,0.015100000000000113,-0.2288282550724779,0.049100000000000005,0.027000000000000003,
2,training_mean,0,fd3f38efafcec3ac,cmAPP:1702,cmAPP:1747,2c34ab854a6ad95b,-0.03489999999999993,-0.2288282550724779,0.0555,0.046,
2,training_mean,0,0eed2d75f2cde72d,cmAPP:1590,cmAPP:1635,151435cc8a45853a,-0.40340000000000004,-0.2288282550724779,0.0241,0.029500000000000002,
2,training_mean,0,1a6c9baac85f3629,cmAPP:1595,cmAPP:1641,2c34ab854a6ad95b,-0.20189999999999997,-0.2288282550724779,0.0129,0.0771,
2,training_mean,0,76e24e5164a31a01,cmAPP:1593,cmAPP:1638,151435cc8a45853a,-0.21689999999999998,-0.2288282550724779,0.028399999999999998,0.0443,
2,training_mean,0,7ad1ff1601478950,cmAPP:1607,cmAPP:1652,2c34ab854a6ad95b,0.0006999999999999229,-0.2288282550724779,0.0691,0.026099999999999998,
2,training_mean,0,d69a2449a6634854,cmAPP:1604,cmAPP:1649,9620aee947fd49ea,-1.4533999999999998,-0.2288282550724779,0.061399999999999996,0.5695,
2,training_mean,0,f3e88314b57e616d,cmAPP:1627,cmAPP:1672,2c34ab854a6ad95b,0.1450999999999999,-0.2288282550724779,0.075,0.0417,
2,training_mean,0,8ab257e2caab32a6,cmAPP:1596,cmAPP:1642,2c34ab854a6ad95b,-0.16900000000000015,-0.2288282550724779,0.0141,0.028399999999999998,
2,training_mean,0,134f453b89ce7319,cmAPP:1612,cmAPP:1657,2c34ab854a6ad95b,0.18099999999999994,-0.2288282550724779,0.0599,0.0075,
2,training_mean,0,6297178908babdb2,cmAPP:2040,cmAPP:2085,151435cc8a45853a,-0.28669999999999995,-0.2288282550724779,0.0592,0.0308,
2,training_mean,0,e07fbd2f23396c88,cmAPP:2045,cmAPP:2091,2c34ab854a6ad95b,-0.11920000000000008,-0.2288282550724779,0.0538,0.0915,
2,training_mean,0,ea69375d6e637f0b,cmAPP:2043,cmAPP:2088,151435cc8a45853a,-0.13270000000000004,-0.2288282550724779,0.0908,0.026699999999999998,
2,training_mean,0,51c13c0eaed60726,cmAPP:2057,cmAPP:2102,2c34ab854a6ad95b,0.14069999999999994,-0.2288282550724779,0.0353,0.0542,
2,training_mean,0,bfb561a0d6a8fc27,cmAPP:2054,cmAPP:2099,9620aee947fd49ea,-0.4963,-0.2288282550724779,0.0258,0.115,
2,training_mean,0,ff45b277fb60624e,cmAPP:2077,cmAPP:2122,2c34ab854a6ad95b,-0.1391,-0.2288282550724779,0.0673,0.1009,
2,training_mean,0,98341947aa56f870,cmAPP:2046,cmAPP:2092,2c34ab854a6ad95b,-0.10649999999999982,-0.2288282550724779,0.050499999999999996,0.0414,
2,training_mean,0,5fb5972af28fa281,cmAPP:2062,cmAPP:2107,2c34ab854a6ad95b,-0.118,-0.2288282550724779,0.1033,0.051100000000000007,
2,training_mean,0,8baebb96c0af3c90,cmAPP:1950,cmAPP:1995,151435cc8a45853a,-0.09720000000000006,-0.2288282550724779,0.024300000000000002,0.0365,
2,training_mean,0,c55d3bcca2d2a449,cmAPP:1955,cmAPP:2001,2c34ab854a6ad95b,0.023700000000000054,-0.2288282550724779,0.0421,0.0274,
2,training_mean,0,ef7b3a1b137a6db8,cmAPP:1953,cmAPP:1998,151435cc8a45853a,-0.022199999999999998,-0.2288282550724779,0.0733,0.0483,
2,training_mean,0,98f93e5fbbd41ec8,cmAPP:1967,cmAPP:2012,2c34ab854a6ad95b,0.10929999999999995,-0.2288282550724779,0.0698,0.0123,
2,training_mean,0,de9de367cfd0516a,cmAPP:1964,cmAPP:2009,9620aee947fd49ea,-0.6374,-0.2288282550724779,0.0904,0.1176,
2,training_mean,0,c78c802f0ed94739,cmAPP:1987,cmAPP:2032,2c34ab854a6ad95b,-0.0394000000000001,-0.2288282550724779,0.0444,0.031200000000000002,
2,training_mean,0,4aba9407294ef0a7,cmAPP:1956,cmAPP:2002,2c34ab854a6ad95b,0.011099999999999999,-0.2288282550724779,0.045,0.0151,
2,training_mean,0,29266f87dbea9446,cmAPP:1972,cmAPP:2017,2c34ab854a6ad95b,-0.011599999999999944,-0.2288282550724779,0.0276,0.037200000000000004,
2,training_mean,0,eb05d8fd23cb21a3,cmAPP:1860,cmAPP:1905,151435cc8a45853a,-0.10529999999999995,-0.2288282550724779,0.0024,0.021,
2,training_mean,0,db6359943b17ecc7,cmAPP:1865,cmAPP:1911,2c34ab854a6ad95b,-0.019300000000000095,-0.2288282550724779,0.0095,0.0076,
2,training_mean,0,4e91bc478f4a4aaa,cmAPP:1863,cmAPP:1908,151435cc8a45853a,-0.006599999999999939,-0.2288282550724779,0.0008,0.0070999999999999995,
2,training_mean,0,db76931262b18262,cmAPP:1877,cmAPP:1922,2c34ab854a6ad95b,-0.022599999999999842,-0.2288282550724779,0.0347,0.0526,
2,training_mean,0,c748ab46e40eb3c6,cmAPP:1874,cmAPP:1919,9620aee947fd49ea,-0.7228,-0.2288282550724779,0.0068000000000000005,0.22719999999999999,
2,training_mean,0,72fdff714d1fc08e,cmAPP:1897,cmAPP:1942,2c34ab854a6ad95b,-0.06989999999999996,-0.2288282550724779,0.019,0.037000000000000005,
2,training_mean,0,a4c4b94f50336897,cmAPP:1866,cmAPP:1912,2c34ab854a6ad95b,-0.0341999999999999,-0.2288282550724779,0.0053,0.011899999999999999,
2,training_mean,0,46898ba7d044be9b,cmAPP:1882,cmAPP:1927,2c34ab854a6ad95b,0.0007000000000000339,-0.2288282550724779,0.0242,0.0287,
2,training_majority,0,93389904f33e7718,cmAPP:1770,cmAPP:1815,151435cc8a45853a,-1.6145,-1.0,0.0704,0.13849999999999998,
2,training_majority,0,e24b7d2aa22bb55c,cmAPP:1775,cmAPP:1821,2c34ab854a6ad95b,-0.9341,-1.0,0.0596,0.3439,
2,training_majority,0,c5b8e137a303cb45,cmAPP:1773,cmAPP:1818,151435cc8a45853a,-0.021100000000000008,-1.0,0.0848,0.1288,
2,training_majority,0,ac1b30806815ea4e,cmAPP:1787,cmAPP:1832,2c34ab854a6ad95b,-0.8095999999999999,-1.0,0.1321,0.4403,
2,training_majority,0,b6967a59b842adff,cmAPP:1784,cmAPP:1829,9620aee947fd49ea,-2.8806,-1.0,0.11789999999999999,0.5047999999999999,
2,training_majority,0,6ca5840cef4726ff,cmAPP:1807,cmAPP:1852,2c34ab854a6ad95b,0.17810000000000004,-1.0,0.1475,0.1971,
2,training_majority,0,a1cbdd76747c5064,cmAPP:1776,cmAPP:1822,2c34ab854a6ad95b,-0.6519000000000001,-1.0,0.0775,0.17120000000000002,
2,training_majority,0,50548dbd9fb26ec9,cmAPP:1792,cmAPP:1837,2c34ab854a6ad95b,-0.3258999999999999,-1.0,0.3096,0.0693,
2,training_majority,0,66ba2338161aed27,cmAPP:1680,cmAPP:1725,151435cc8a45853a,-0.12819999999999987,-1.0,0.026000000000000002,0.013500000000000002,
2,training_majority,0,a85eb0b11202f59e,cmAPP:1685,cmAPP:1731,2c34ab854a6ad95b,-0.07189999999999996,-1.0,0.0286,0.0496,
2,training_majority,0,c09f8ea736c8479d,cmAPP:1683,cmAPP:1728,151435cc8a45853a,-0.014399999999999968,-1.0,0.0364,0.0256,
2,training_majority,0,63008ff058569c96,cmAPP:1697,cmAPP:1742,2c34ab854a6ad95b,0.005700000000000149,-1.0,0.06269999999999999,0.1005,
2,training_majority,0,7a921af808b2dfa6,cmAPP:1694,cmAPP:1739,9620aee947fd49ea,-0.5276000000000001,-1.0,0.0654,0.09939999999999999,
2,training_majority,0,a15328e82188e58f,cmAPP:1717,cmAPP:1762,2c34ab854a6ad95b,-0.13879999999999992,-1.0,0.0291,0.0843,
2,training_majority,0,70da5f6f47632dfe,cmAPP:1686,cmAPP:1732,2c34ab854a6ad95b,0.015100000000000113,-1.0,0.049100000000000005,0.027000000000000003,
2,training_majority,0,fd3f38efafcec3ac,cmAPP:1702,cmAPP:1747,2c34ab854a6ad95b,-0.03489999999999993,-1.0,0.0555,0.046,
2,training_majority,0,0eed2d75f2cde72d,cmAPP:1590,cmAPP:1635,151435cc8a45853a,-0.40340000000000004,-1.0,0.0241,0.029500000000000002,
2,training_majority,0,1a6c9baac85f3629,cmAPP:1595,cmAPP:1641,2c34ab854a6ad95b,-0.20189999999999997,-1.0,0.0129,0.0771,
2,training_majority,0,76e24e5164a31a01,cmAPP:1593,cmAPP:1638,151435cc8a45853a,-0.21689999999999998,-1.0,0.028399999999999998,0.0443,
2,training_majority,0,7ad1ff1601478950,cmAPP:1607,cmAPP:1652,2c34ab854a6ad95b,0.0006999999999999229,-1.0,0.0691,0.026099999999999998,
2,training_majority,0,d69a2449a6634854,cmAPP:1604,cmAPP:1649,9620aee947fd49ea,-1.4533999999999998,-1.0,0.061399999999999996,0.5695,
2,training_majority,0,f3e88314b57e616d,cmAPP:1627,cmAPP:1672,2c34ab854a6ad95b,0.1450999999999999,-1.0,0.075,0.0417,
2,training_majority,0,8ab257e2caab32a6,cmAPP:1596,cmAPP:1642,2c34ab854a6ad95b,-0.16900000000000015,-1.0,0.0141,0.028399999999999998,
2,training_majority,0,134f453b89ce7319,cmAPP:1612,cmAPP:1657,2c34ab854a6ad95b,0.18099999999999994,-1.0,0.0599,0.0075,
2,training_majority,0,6297178908babdb2,cmAPP:2040,cmAPP:2085,151435cc8a45853a,-0.28669999999999995,-1.0,0.0592,0.0308,
2,training_majority,0,e07fbd2f23396c88,cmAPP:2045,cmAPP:2091,2c34ab854a6ad95b,-0.11920000000000008,-1.0,0.0538,0.0915,
2,training_majority,0,ea69375d6e637f0b,cmAPP:2043,cmAPP:2088,151435cc8a45853a,-0.13270000000000004,-1.0,0.0908,0.026699999999999998,
2,training_majority,0,51c13c0eaed60726,cmAPP:2057,cmAPP:2102,2c34ab854a6ad95b,0.14069999999999994,-1.0,0.0353,0.0542,
2,training_majority,0,bfb561a0d6a8fc27,cmAPP:2054,cmAPP:2099,9620aee947fd49ea,-0.4963,-1.0,0.0258,0.115,
2,training_majority,0,ff45b277fb60624e,cmAPP:2077,cmAPP:2122,2c34ab854a6ad95b,-0.1391,-1.0,0.0673,0.1009,
2,training_majority,0,98341947aa56f870,cmAPP:2046,cmAPP:2092,2c34ab854a6ad95b,-0.10649999999999982,-1.0,0.050499999999999996,0.0414,
2,training_majority,0,5fb5972af28fa281,cmAPP:2062,cmAPP:2107,2c34ab854a6ad95b,-0.118,-1.0,0.1033,0.051100000000000007,
2,training_majority,0,8baebb96c0af3c90,cmAPP:1950,cmAPP:1995,151435cc8a45853a,-0.09720000000000006,-1.0,0.024300000000000002,0.0365,
2,training_majority,0,c55d3bcca2d2a449,cmAPP:1955,cmAPP:2001,2c34ab854a6ad95b,0.023700000000000054,-1.0,0.0421,0.0274,
2,training_majority,0,ef7b3a1b137a6db8,cmAPP:1953,cmAPP:1998,151435cc8a45853a,-0.022199999999999998,-1.0,0.0733,0.0483,
2,training_majority,0,98f93e5fbbd41ec8,cmAPP:1967,cmAPP:2012,2c34ab854a6ad95b,0.10929999999999995,-1.0,0.0698,0.0123,
2,training_majority,0,de9de367cfd0516a,cmAPP:1964,cmAPP:2009,9620aee947fd49ea,-0.6374,-1.0,0.0904,0.1176,
2,training_majority,0,c78c802f0ed94739,cmAPP:1987,cmAPP:2032,2c34ab854a6ad95b,-0.0394000000000001,-1.0,0.0444,0.031200000000000002,
2,training_majority,0,4aba9407294ef0a7,cmAPP:1956,cmAPP:2002,2c34ab854a6ad95b,0.011099999999999999,-1.0,0.045,0.0151,
2,training_majority,0,29266f87dbea9446,cmAPP:1972,cmAPP:2017,2c34ab854a6ad95b,-0.011599999999999944,-1.0,0.0276,0.037200000000000004,
2,training_majority,0,eb05d8fd23cb21a3,cmAPP:1860,cmAPP:1905,151435cc8a45853a,-0.10529999999999995,-1.0,0.0024,0.021,
2,training_majority,0,db6359943b17ecc7,cmAPP:1865,cmAPP:1911,2c34ab854a6ad95b,-0.019300000000000095,-1.0,0.0095,0.0076,
2,training_majority,0,4e91bc478f4a4aaa,cmAPP:1863,cmAPP:1908,151435cc8a45853a,-0.006599999999999939,-1.0,0.0008,0.0070999999999999995,
2,training_majority,0,db76931262b18262,cmAPP:1877,cmAPP:1922,2c34ab854a6ad95b,-0.022599999999999842,-1.0,0.0347,0.0526,
2,training_majority,0,c748ab46e40eb3c6,cmAPP:1874,cmAPP:1919,9620aee947fd49ea,-0.7228,-1.0,0.0068000000000000005,0.22719999999999999,
2,training_majority,0,72fdff714d1fc08e,cmAPP:1897,cmAPP:1942,2c34ab854a6ad95b,-0.06989999999999996,-1.0,0.019,0.037000000000000005,
2,training_majority,0,a4c4b94f50336897,cmAPP:1866,cmAPP:1912,2c34ab854a6ad95b,-0.0341999999999999,-1.0,0.0053,0.011899999999999999,
2,training_majority,0,46898ba7d044be9b,cmAPP:1882,cmAPP:1927,2c34ab854a6ad95b,0.0007000000000000339,-1.0,0.0242,0.0287,
2,pair_ridge,0,93389904f33e7718,cmAPP:1770,cmAPP:1815,151435cc8a45853a,-1.6145,0.017031818628311157,0.0704,0.13849999999999998,
2,pair_ridge,0,e24b7d2aa22bb55c,cmAPP:1775,cmAPP:1821,2c34ab854a6ad95b,-0.9341,-0.17238280177116394,0.0596,0.3439,
2,pair_ridge,0,c5b8e137a303cb45,cmAPP:1773,cmAPP:1818,151435cc8a45853a,-0.021100000000000008,-0.00739094614982605,0.0848,0.1288,
2,pair_ridge,0,ac1b30806815ea4e,cmAPP:1787,cmAPP:1832,2c34ab854a6ad95b,-0.8095999999999999,-0.18863308429718018,0.1321,0.4403,
2,pair_ridge,0,b6967a59b842adff,cmAPP:1784,cmAPP:1829,9620aee947fd49ea,-2.8806,-0.42591965198516846,0.11789999999999999,0.5047999999999999,
2,pair_ridge,0,6ca5840cef4726ff,cmAPP:1807,cmAPP:1852,2c34ab854a6ad95b,0.17810000000000004,-0.018781185150146484,0.1475,0.1971,
2,pair_ridge,0,a1cbdd76747c5064,cmAPP:1776,cmAPP:1822,2c34ab854a6ad95b,-0.6519000000000001,-0.2871488928794861,0.0775,0.17120000000000002,
2,pair_ridge,0,50548dbd9fb26ec9,cmAPP:1792,cmAPP:1837,2c34ab854a6ad95b,-0.3258999999999999,-0.2099188268184662,0.3096,0.0693,
2,pair_ridge,0,66ba2338161aed27,cmAPP:1680,cmAPP:1725,151435cc8a45853a,-0.12819999999999987,0.017031818628311157,0.026000000000000002,0.013500000000000002,
2,pair_ridge,0,a85eb0b11202f59e,cmAPP:1685,cmAPP:1731,2c34ab854a6ad95b,-0.07189999999999996,-0.17238280177116394,0.0286,0.0496,
2,pair_ridge,0,c09f8ea736c8479d,cmAPP:1683,cmAPP:1728,151435cc8a45853a,-0.014399999999999968,-0.00739094614982605,0.0364,0.0256,
2,pair_ridge,0,63008ff058569c96,cmAPP:1697,cmAPP:1742,2c34ab854a6ad95b,0.005700000000000149,-0.18863308429718018,0.06269999999999999,0.1005,
2,pair_ridge,0,7a921af808b2dfa6,cmAPP:1694,cmAPP:1739,9620aee947fd49ea,-0.5276000000000001,-0.42591965198516846,0.0654,0.09939999999999999,
2,pair_ridge,0,a15328e82188e58f,cmAPP:1717,cmAPP:1762,2c34ab854a6ad95b,-0.13879999999999992,-0.018781185150146484,0.0291,0.0843,
2,pair_ridge,0,70da5f6f47632dfe,cmAPP:1686,cmAPP:1732,2c34ab854a6ad95b,0.015100000000000113,-0.2871488928794861,0.049100000000000005,0.027000000000000003,
2,pair_ridge,0,fd3f38efafcec3ac,cmAPP:1702,cmAPP:1747,2c34ab854a6ad95b,-0.03489999999999993,-0.2099188268184662,0.0555,0.046,
2,pair_ridge,0,0eed2d75f2cde72d,cmAPP:1590,cmAPP:1635,151435cc8a45853a,-0.40340000000000004,0.017031818628311157,0.0241,0.029500000000000002,
2,pair_ridge,0,1a6c9baac85f3629,cmAPP:1595,cmAPP:1641,2c34ab854a6ad95b,-0.20189999999999997,-0.17238280177116394,0.0129,0.0771,
2,pair_ridge,0,76e24e5164a31a01,cmAPP:1593,cmAPP:1638,151435cc8a45853a,-0.21689999999999998,-0.00739094614982605,0.028399999999999998,0.0443,
2,pair_ridge,0,7ad1ff1601478950,cmAPP:1607,cmAPP:1652,2c34ab854a6ad95b,0.0006999999999999229,-0.18863308429718018,0.0691,0.026099999999999998,
2,pair_ridge,0,d69a2449a6634854,cmAPP:1604,cmAPP:1649,9620aee947fd49ea,-1.4533999999999998,-0.42591965198516846,0.061399999999999996,0.5695,
2,pair_ridge,0,f3e88314b57e616d,cmAPP:1627,cmAPP:1672,2c34ab854a6ad95b,0.1450999999999999,-0.018781185150146484,0.075,0.0417,
2,pair_ridge,0,8ab257e2caab32a6,cmAPP:1596,cmAPP:1642,2c34ab854a6ad95b,-0.16900000000000015,-0.2871488928794861,0.0141,0.028399999999999998,
2,pair_ridge,0,134f453b89ce7319,cmAPP:1612,cmAPP:1657,2c34ab854a6ad95b,0.18099999999999994,-0.2099188268184662,0.0599,0.0075,
2,pair_ridge,0,6297178908babdb2,cmAPP:2040,cmAPP:2085,151435cc8a45853a,-0.28669999999999995,0.017031818628311157,0.0592,0.0308,
2,pair_ridge,0,e07fbd2f23396c88,cmAPP:2045,cmAPP:2091,2c34ab854a6ad95b,-0.11920000000000008,-0.17238280177116394,0.0538,0.0915,
2,pair_ridge,0,ea69375d6e637f0b,cmAPP:2043,cmAPP:2088,151435cc8a45853a,-0.13270000000000004,-0.00739094614982605,0.0908,0.026699999999999998,
2,pair_ridge,0,51c13c0eaed60726,cmAPP:2057,cmAPP:2102,2c34ab854a6ad95b,0.14069999999999994,-0.18863308429718018,0.0353,0.0542,
2,pair_ridge,0,bfb561a0d6a8fc27,cmAPP:2054,cmAPP:2099,9620aee947fd49ea,-0.4963,-0.42591965198516846,0.0258,0.115,
2,pair_ridge,0,ff45b277fb60624e,cmAPP:2077,cmAPP:2122,2c34ab854a6ad95b,-0.1391,-0.018781185150146484,0.0673,0.1009,
2,pair_ridge,0,98341947aa56f870,cmAPP:2046,cmAPP:2092,2c34ab854a6ad95b,-0.10649999999999982,-0.2871488928794861,0.050499999999999996,0.0414,
2,pair_ridge,0,5fb5972af28fa281,cmAPP:2062,cmAPP:2107,2c34ab854a6ad95b,-0.118,-0.2099188268184662,0.1033,0.051100000000000007,
2,pair_ridge,0,8baebb96c0af3c90,cmAPP:1950,cmAPP:1995,151435cc8a45853a,-0.09720000000000006,0.017031818628311157,0.024300000000000002,0.0365,
2,pair_ridge,0,c55d3bcca2d2a449,cmAPP:1955,cmAPP:2001,2c34ab854a6ad95b,0.023700000000000054,-0.17238280177116394,0.0421,0.0274,
2,pair_ridge,0,ef7b3a1b137a6db8,cmAPP:1953,cmAPP:1998,151435cc8a45853a,-0.022199999999999998,-0.00739094614982605,0.0733,0.0483,
2,pair_ridge,0,98f93e5fbbd41ec8,cmAPP:1967,cmAPP:2012,2c34ab854a6ad95b,0.10929999999999995,-0.18863308429718018,0.0698,0.0123,
2,pair_ridge,0,de9de367cfd0516a,cmAPP:1964,cmAPP:2009,9620aee947fd49ea,-0.6374,-0.42591965198516846,0.0904,0.1176,
2,pair_ridge,0,c78c802f0ed94739,cmAPP:1987,cmAPP:2032,2c34ab854a6ad95b,-0.0394000000000001,-0.018781185150146484,0.0444,0.031200000000000002,
2,pair_ridge,0,4aba9407294ef0a7,cmAPP:1956,cmAPP:2002,2c34ab854a6ad95b,0.011099999999999999,-0.2871488928794861,0.045,0.0151,
2,pair_ridge,0,29266f87dbea9446,cmAPP:1972,cmAPP:2017,2c34ab854a6ad95b,-0.011599999999999944,-0.2099188268184662,0.0276,0.037200000000000004,
2,pair_ridge,0,eb05d8fd23cb21a3,cmAPP:1860,cmAPP:1905,151435cc8a45853a,-0.10529999999999995,0.017031818628311157,0.0024,0.021,
2,pair_ridge,0,db6359943b17ecc7,cmAPP:1865,cmAPP:1911,2c34ab854a6ad95b,-0.019300000000000095,-0.17238280177116394,0.0095,0.0076,
2,pair_ridge,0,4e91bc478f4a4aaa,cmAPP:1863,cmAPP:1908,151435cc8a45853a,-0.006599999999999939,-0.00739094614982605,0.0008,0.0070999999999999995,
2,pair_ridge,0,db76931262b18262,cmAPP:1877,cmAPP:1922,2c34ab854a6ad95b,-0.022599999999999842,-0.18863308429718018,0.0347,0.0526,
2,pair_ridge,0,c748ab46e40eb3c6,cmAPP:1874,cmAPP:1919,9620aee947fd49ea,-0.7228,-0.42591965198516846,0.0068000000000000005,0.22719999999999999,
2,pair_ridge,0,72fdff714d1fc08e,cmAPP:1897,cmAPP:1942,2c34ab854a6ad95b,-0.06989999999999996,-0.018781185150146484,0.019,0.037000000000000005,
2,pair_ridge,0,a4c4b94f50336897,cmAPP:1866,cmAPP:1912,2c34ab854a6ad95b,-0.0341999999999999,-0.2871488928794861,0.0053,0.011899999999999999,
2,pair_ridge,0,46898ba7d044be9b,cmAPP:1882,cmAPP:1927,2c34ab854a6ad95b,0.0007000000000000339,-0.2099188268184662,0.0242,0.0287,
2,gnn_activity,1103,93389904f33e7718,cmAPP:1770,cmAPP:1815,151435cc8a45853a,-1.6145,-0.16574668884277344,0.0704,0.13849999999999998,
2,gnn_activity,1103,e24b7d2aa22bb55c,cmAPP:1775,cmAPP:1821,2c34ab854a6ad95b,-0.9341,-0.3369065821170807,0.0596,0.3439,
2,gnn_activity,1103,c5b8e137a303cb45,cmAPP:1773,cmAPP:1818,151435cc8a45853a,-0.021100000000000008,-0.17472916841506958,0.0848,0.1288,
2,gnn_activity,1103,ac1b30806815ea4e,cmAPP:1787,cmAPP:1832,2c34ab854a6ad95b,-0.8095999999999999,-0.21797731518745422,0.1321,0.4403,
2,gnn_activity,1103,b6967a59b842adff,cmAPP:1784,cmAPP:1829,9620aee947fd49ea,-2.8806,-0.43445321917533875,0.11789999999999999,0.5047999999999999,
2,gnn_activity,1103,6ca5840cef4726ff,cmAPP:1807,cmAPP:1852,2c34ab854a6ad95b,0.17810000000000004,-0.19966644048690796,0.1475,0.1971,
2,gnn_activity,1103,a1cbdd76747c5064,cmAPP:1776,cmAPP:1822,2c34ab854a6ad95b,-0.6519000000000001,-0.29466554522514343,0.0775,0.17120000000000002,
2,gnn_activity,1103,50548dbd9fb26ec9,cmAPP:1792,cmAPP:1837,2c34ab854a6ad95b,-0.3258999999999999,-0.2824513912200928,0.3096,0.0693,
2,gnn_activity,1103,66ba2338161aed27,cmAPP:1680,cmAPP:1725,151435cc8a45853a,-0.12819999999999987,-0.16556000709533691,0.026000000000000002,0.013500000000000002,
2,gnn_activity,1103,a85eb0b11202f59e,cmAPP:1685,cmAPP:1731,2c34ab854a6ad95b,-0.07189999999999996,-0.3359575569629669,0.0286,0.0496,
2,gnn_activity,1103,c09f8ea736c8479d,cmAPP:1683,cmAPP:1728,151435cc8a45853a,-0.014399999999999968,-0.17448443174362183,0.0364,0.0256,
2,gnn_activity,1103,63008ff058569c96,cmAPP:1697,cmAPP:1742,2c34ab854a6ad95b,0.005700000000000149,-0.21767014265060425,0.06269999999999999,0.1005,
2,gnn_activity,1103,7a921af808b2dfa6,cmAPP:1694,cmAPP:1739,9620aee947fd49ea,-0.5276000000000001,-0.4341784417629242,0.0654,0.09939999999999999,
2,gnn_activity,1103,a15328e82188e58f,cmAPP:1717,cmAPP:1762,2c34ab854a6ad95b,-0.13879999999999992,-0.19947555661201477,0.0291,0.0843,
2,gnn_activity,1103,70da5f6f47632dfe,cmAPP:1686,cmAPP:1732,2c34ab854a6ad95b,0.015100000000000113,-0.2950130105018616,0.049100000000000005,0.027000000000000003,
2,gnn_activity,1103,fd3f38efafcec3ac,cmAPP:1702,cmAPP:1747,2c34ab854a6ad95b,-0.03489999999999993,-0.28119707107543945,0.0555,0.046,
2,gnn_activity,1103,0eed2d75f2cde72d,cmAPP:1590,cmAPP:1635,151435cc8a45853a,-0.40340000000000004,-0.165027916431427,0.0241,0.029500000000000002,
2,gnn_activity,1103,1a6c9baac85f3629,cmAPP:1595,cmAPP:1641,2c34ab854a6ad95b,-0.20189999999999997,-0.3324781656265259,0.0129,0.0771,
2,gnn_activity,1103,76e24e5164a31a01,cmAPP:1593,cmAPP:1638,151435cc8a45853a,-0.21689999999999998,-0.173786461353302,0.028399999999999998,0.0443,
2,gnn_activity,1103,7ad1ff1601478950,cmAPP:1607,cmAPP:1652,2c34ab854a6ad95b,0.0006999999999999229,-0.2167941927909851,0.0691,0.026099999999999998,
2,gnn_activity,1103,d69a2449a6634854,cmAPP:1604,cmAPP:1649,9620aee947fd49ea,-1.4533999999999998,-0.4333951473236084,0.061399999999999996,0.5695,
2,gnn_activity,1103,f3e88314b57e616d,cmAPP:1627,cmAPP:1672,2c34ab854a6ad95b,0.1450999999999999,-0.1989312469959259,0.075,0.0417,
2,gnn_activity,1103,8ab257e2caab32a6,cmAPP:1596,cmAPP:1642,2c34ab854a6ad95b,-0.16900000000000015,-0.2960037291049957,0.0141,0.028399999999999998,
2,gnn_activity,1103,134f453b89ce7319,cmAPP:1612,cmAPP:1657,2c34ab854a6ad95b,0.18099999999999994,-0.27762067317962646,0.0599,0.0075,
2,gnn_activity,1103,6297178908babdb2,cmAPP:2040,cmAPP:2085,151435cc8a45853a,-0.28669999999999995,-0.16574668884277344,0.0592,0.0308,
2,gnn_activity,1103,e07fbd2f23396c88,cmAPP:2045,cmAPP:2091,2c34ab854a6ad95b,-0.11920000000000008,-0.3369065821170807,0.0538,0.0915,
2,gnn_activity,1103,ea69375d6e637f0b,cmAPP:2043,cmAPP:2088,151435cc8a45853a,-0.13270000000000004,-0.17472916841506958,0.0908,0.026699999999999998,
2,gnn_activity,1103,51c13c0eaed60726,cmAPP:2057,cmAPP:2102,2c34ab854a6ad95b,0.14069999999999994,-0.21797731518745422,0.0353,0.0542,
2,gnn_activity,1103,bfb561a0d6a8fc27,cmAPP:2054,cmAPP:2099,9620aee947fd49ea,-0.4963,-0.43445321917533875,0.0258,0.115,
2,gnn_activity,1103,ff45b277fb60624e,cmAPP:2077,cmAPP:2122,2c34ab854a6ad95b,-0.1391,-0.19966644048690796,0.0673,0.1009,
2,gnn_activity,1103,98341947aa56f870,cmAPP:2046,cmAPP:2092,2c34ab854a6ad95b,-0.10649999999999982,-0.29466554522514343,0.050499999999999996,0.0414,
2,gnn_activity,1103,5fb5972af28fa281,cmAPP:2062,cmAPP:2107,2c34ab854a6ad95b,-0.118,-0.2824513912200928,0.1033,0.051100000000000007,
2,gnn_activity,1103,8baebb96c0af3c90,cmAPP:1950,cmAPP:1995,151435cc8a45853a,-0.09720000000000006,-0.16556000709533691,0.024300000000000002,0.0365,
2,gnn_activity,1103,c55d3bcca2d2a449,cmAPP:1955,cmAPP:2001,2c34ab854a6ad95b,0.023700000000000054,-0.3359575569629669,0.0421,0.0274,
2,gnn_activity,1103,ef7b3a1b137a6db8,cmAPP:1953,cmAPP:1998,151435cc8a45853a,-0.022199999999999998,-0.17448443174362183,0.0733,0.0483,
2,gnn_activity,1103,98f93e5fbbd41ec8,cmAPP:1967,cmAPP:2012,2c34ab854a6ad95b,0.10929999999999995,-0.21767014265060425,0.0698,0.0123,
2,gnn_activity,1103,de9de367cfd0516a,cmAPP:1964,cmAPP:2009,9620aee947fd49ea,-0.6374,-0.4341784417629242,0.0904,0.1176,
2,gnn_activity,1103,c78c802f0ed94739,cmAPP:1987,cmAPP:2032,2c34ab854a6ad95b,-0.0394000000000001,-0.19947555661201477,0.0444,0.031200000000000002,
2,gnn_activity,1103,4aba9407294ef0a7,cmAPP:1956,cmAPP:2002,2c34ab854a6ad95b,0.011099999999999999,-0.2950130105018616,0.045,0.0151,
2,gnn_activity,1103,29266f87dbea9446,cmAPP:1972,cmAPP:2017,2c34ab854a6ad95b,-0.011599999999999944,-0.28119707107543945,0.0276,0.037200000000000004,
2,gnn_activity,1103,eb05d8fd23cb21a3,cmAPP:1860,cmAPP:1905,151435cc8a45853a,-0.10529999999999995,-0.165027916431427,0.0024,0.021,
2,gnn_activity,1103,db6359943b17ecc7,cmAPP:1865,cmAPP:1911,2c34ab854a6ad95b,-0.019300000000000095,-0.3324781656265259,0.0095,0.0076,
2,gnn_activity,1103,4e91bc478f4a4aaa,cmAPP:1863,cmAPP:1908,151435cc8a45853a,-0.006599999999999939,-0.173786461353302,0.0008,0.0070999999999999995,
2,gnn_activity,1103,db76931262b18262,cmAPP:1877,cmAPP:1922,2c34ab854a6ad95b,-0.022599999999999842,-0.2167941927909851,0.0347,0.0526,
2,gnn_activity,1103,c748ab46e40eb3c6,cmAPP:1874,cmAPP:1919,9620aee947fd49ea,-0.7228,-0.4333951473236084,0.0068000000000000005,0.22719999999999999,
2,gnn_activity,1103,72fdff714d1fc08e,cmAPP:1897,cmAPP:1942,2c34ab854a6ad95b,-0.06989999999999996,-0.1989312469959259,0.019,0.037000000000000005,
2,gnn_activity,1103,a4c4b94f50336897,cmAPP:1866,cmAPP:1912,2c34ab854a6ad95b,-0.0341999999999999,-0.2960037291049957,0.0053,0.011899999999999999,
2,gnn_activity,1103,46898ba7d044be9b,cmAPP:1882,cmAPP:1927,2c34ab854a6ad95b,0.0007000000000000339,-0.27762067317962646,0.0242,0.0287,
2,gnn_activity,2207,93389904f33e7718,cmAPP:1770,cmAPP:1815,151435cc8a45853a,-1.6145,-0.20884191989898682,0.0704,0.13849999999999998,
2,gnn_activity,2207,e24b7d2aa22bb55c,cmAPP:1775,cmAPP:1821,2c34ab854a6ad95b,-0.9341,-0.27257782220840454,0.0596,0.3439,
2,gnn_activity,2207,c5b8e137a303cb45,cmAPP:1773,cmAPP:1818,151435cc8a45853a,-0.021100000000000008,-0.26686692237854004,0.0848,0.1288,
2,gnn_activity,2207,ac1b30806815ea4e,cmAPP:1787,cmAPP:1832,2c34ab854a6ad95b,-0.8095999999999999,-0.292021781206131,0.1321,0.4403,
2,gnn_activity,2207,b6967a59b842adff,cmAPP:1784,cmAPP:1829,9620aee947fd49ea,-2.8806,-0.3156174123287201,0.11789999999999999,0.5047999999999999,
2,gnn_activity,2207,6ca5840cef4726ff,cmAPP:1807,cmAPP:1852,2c34ab854a6ad95b,0.17810000000000004,-0.2719154357910156,0.1475,0.1971,
2,gnn_activity,2207,a1cbdd76747c5064,cmAPP:1776,cmAPP:1822,2c34ab854a6ad95b,-0.6519000000000001,-0.26213958859443665,0.0775,0.17120000000000002,
2,gnn_activity,2207,50548dbd9fb26ec9,cmAPP:1792,cmAPP:1837,2c34ab854a6ad95b,-0.3258999999999999,-0.341185986995697,0.3096,0.0693,
2,gnn_activity,2207,66ba2338161aed27,cmAPP:1680,cmAPP:1725,151435cc8a45853a,-0.12819999999999987,-0.20869797468185425,0.026000000000000002,0.013500000000000002,
2,gnn_activity,2207,a85eb0b11202f59e,cmAPP:1685,cmAPP:1731,2c34ab854a6ad95b,-0.07189999999999996,-0.27257776260375977,0.0286,0.0496,
2,gnn_activity,2207,c09f8ea736c8479d,cmAPP:1683,cmAPP:1728,151435cc8a45853a,-0.014399999999999968,-0.2665523290634155,0.0364,0.0256,
2,gnn_activity,2207,63008ff058569c96,cmAPP:1697,cmAPP:1742,2c34ab854a6ad95b,0.005700000000000149,-0.29199373722076416,0.06269999999999999,0.1005,
2,gnn_activity,2207,7a921af808b2dfa6,cmAPP:1694,cmAPP:1739,9620aee947fd49ea,-0.5276000000000001,-0.3155380189418793,0.0654,0.09939999999999999,
2,gnn_activity,2207,a15328e82188e58f,cmAPP:1717,cmAPP:1762,2c34ab854a6ad95b,-0.13879999999999992,-0.2718362808227539,0.0291,0.0843,
2,gnn_activity,2207,70da5f6f47632dfe,cmAPP:1686,cmAPP:1732,2c34ab854a6ad95b,0.015100000000000113,-0.26217713952064514,0.049100000000000005,0.027000000000000003,
2,gnn_activity,2207,fd3f38efafcec3ac,cmAPP:1702,cmAPP:1747,2c34ab854a6ad95b,-0.03489999999999993,-0.34075015783309937,0.0555,0.046,
2,gnn_activity,2207,0eed2d75f2cde72d,cmAPP:1590,cmAPP:1635,151435cc8a45853a,-0.40340000000000004,-0.2082872986793518,0.0241,0.029500000000000002,
2,gnn_activity,2207,1a6c9baac85f3629,cmAPP:1595,cmAPP:1641,2c34ab854a6ad95b,-0.20189999999999997,-0.27257782220840454,0.0129,0.0771,
2,gnn_activity,2207,76e24e5164a31a01,cmAPP:1593,cmAPP:1638,151435cc8a45853a,-0.21689999999999998,-0.2656552791595459,0.028399999999999998,0.0443,
2,gnn_activity,2207,7ad1ff1601478950,cmAPP:1607,cmAPP:1652,2c34ab854a6ad95b,0.0006999999999999229,-0.29191362857818604,0.0691,0.026099999999999998,
2,gnn_activity,2207,d69a2449a6634854,cmAPP:1604,cmAPP:1649,9620aee947fd49ea,-1.4533999999999998,-0.3153117001056671,0.061399999999999996,0.5695,
2,gnn_activity,2207,f3e88314b57e616d,cmAPP:1627,cmAPP:1672,2c34ab854a6ad95b,0.1450999999999999,-0.2716105580329895,0.075,0.0417,
2,gnn_activity,2207,8ab257e2caab32a6,cmAPP:1596,cmAPP:1642,2c34ab854a6ad95b,-0.16900000000000015,-0.2622845470905304,0.0141,0.028399999999999998,
2,gnn_activity,2207,134f453b89ce7319,cmAPP:1612,cmAPP:1657,2c34ab854a6ad95b,0.18099999999999994,-0.33950740098953247,0.0599,0.0075,
2,gnn_activity,2207,6297178908babdb2,cmAPP:2040,cmAPP:2085,151435cc8a45853a,-0.28669999999999995,-0.20884191989898682,0.0592,0.0308,
2,gnn_activity,2207,e07fbd2f23396c88,cmAPP:2045,cmAPP:2091,2c34ab854a6ad95b,-0.11920000000000008,-0.27257782220840454,0.0538,0.0915,
2,gnn_activity,2207,ea69375d6e637f0b,cmAPP:2043,cmAPP:2088,151435cc8a45853a,-0.13270000000000004,-0.26686692237854004,0.0908,0.026699999999999998,
2,gnn_activity,2207,51c13c0eaed60726,cmAPP:2057,cmAPP:2102,2c34ab854a6ad95b,0.14069999999999994,-0.292021781206131,0.0353,0.0542,
2,gnn_activity,2207,bfb561a0d6a8fc27,cmAPP:2054,cmAPP:2099,9620aee947fd49ea,-0.4963,-0.3156174123287201,0.0258,0.115,
2,gnn_activity,2207,ff45b277fb60624e,cmAPP:2077,cmAPP:2122,2c34ab854a6ad95b,-0.1391,-0.2719154357910156,0.0673,0.1009,
2,gnn_activity,2207,98341947aa56f870,cmAPP:2046,cmAPP:2092,2c34ab854a6ad95b,-0.10649999999999982,-0.26213958859443665,0.050499999999999996,0.0414,
2,gnn_activity,2207,5fb5972af28fa281,cmAPP:2062,cmAPP:2107,2c34ab854a6ad95b,-0.118,-0.341185986995697,0.1033,0.051100000000000007,
2,gnn_activity,2207,8baebb96c0af3c90,cmAPP:1950,cmAPP:1995,151435cc8a45853a,-0.09720000000000006,-0.20869797468185425,0.024300000000000002,0.0365,
2,gnn_activity,2207,c55d3bcca2d2a449,cmAPP:1955,cmAPP:2001,2c34ab854a6ad95b,0.023700000000000054,-0.27257776260375977,0.0421,0.0274,
2,gnn_activity,2207,ef7b3a1b137a6db8,cmAPP:1953,cmAPP:1998,151435cc8a45853a,-0.022199999999999998,-0.2665523290634155,0.0733,0.0483,
2,gnn_activity,2207,98f93e5fbbd41ec8,cmAPP:1967,cmAPP:2012,2c34ab854a6ad95b,0.10929999999999995,-0.29199373722076416,0.0698,0.0123,
2,gnn_activity,2207,de9de367cfd0516a,cmAPP:1964,cmAPP:2009,9620aee947fd49ea,-0.6374,-0.3155380189418793,0.0904,0.1176,
2,gnn_activity,2207,c78c802f0ed94739,cmAPP:1987,cmAPP:2032,2c34ab854a6ad95b,-0.0394000000000001,-0.2718362808227539,0.0444,0.031200000000000002,
2,gnn_activity,2207,4aba9407294ef0a7,cmAPP:1956,cmAPP:2002,2c34ab854a6ad95b,0.011099999999999999,-0.26217713952064514,0.045,0.0151,
2,gnn_activity,2207,29266f87dbea9446,cmAPP:1972,cmAPP:2017,2c34ab854a6ad95b,-0.011599999999999944,-0.34075015783309937,0.0276,0.037200000000000004,
2,gnn_activity,2207,eb05d8fd23cb21a3,cmAPP:1860,cmAPP:1905,151435cc8a45853a,-0.10529999999999995,-0.2082872986793518,0.0024,0.021,
2,gnn_activity,2207,db6359943b17ecc7,cmAPP:1865,cmAPP:1911,2c34ab854a6ad95b,-0.019300000000000095,-0.27257782220840454,0.0095,0.0076,
2,gnn_activity,2207,4e91bc478f4a4aaa,cmAPP:1863,cmAPP:1908,151435cc8a45853a,-0.006599999999999939,-0.2656552791595459,0.0008,0.0070999999999999995,
2,gnn_activity,2207,db76931262b18262,cmAPP:1877,cmAPP:1922,2c34ab854a6ad95b,-0.022599999999999842,-0.29191362857818604,0.0347,0.0526,
2,gnn_activity,2207,c748ab46e40eb3c6,cmAPP:1874,cmAPP:1919,9620aee947fd49ea,-0.7228,-0.3153117001056671,0.0068000000000000005,0.22719999999999999,
2,gnn_activity,2207,72fdff714d1fc08e,cmAPP:1897,cmAPP:1942,2c34ab854a6ad95b,-0.06989999999999996,-0.2716105580329895,0.019,0.037000000000000005,
2,gnn_activity,2207,a4c4b94f50336897,cmAPP:1866,cmAPP:1912,2c34ab854a6ad95b,-0.0341999999999999,-0.2622845470905304,0.0053,0.011899999999999999,
2,gnn_activity,2207,46898ba7d044be9b,cmAPP:1882,cmAPP:1927,2c34ab854a6ad95b,0.0007000000000000339,-0.33950740098953247,0.0242,0.0287,
2,gnn_activity,3301,93389904f33e7718,cmAPP:1770,cmAPP:1815,151435cc8a45853a,-1.6145,-0.14848750829696655,0.0704,0.13849999999999998,
2,gnn_activity,3301,e24b7d2aa22bb55c,cmAPP:1775,cmAPP:1821,2c34ab854a6ad95b,-0.9341,-0.2527701258659363,0.0596,0.3439,
2,gnn_activity,3301,c5b8e137a303cb45,cmAPP:1773,cmAPP:1818,151435cc8a45853a,-0.021100000000000008,-0.1314629316329956,0.0848,0.1288,
2,gnn_activity,3301,ac1b30806815ea4e,cmAPP:1787,cmAPP:1832,2c34ab854a6ad95b,-0.8095999999999999,-0.16291069984436035,0.1321,0.4403,
2,gnn_activity,3301,b6967a59b842adff,cmAPP:1784,cmAPP:1829,9620aee947fd49ea,-2.8806,-0.2749631106853485,0.11789999999999999,0.5047999999999999,
2,gnn_activity,3301,6ca5840cef4726ff,cmAPP:1807,cmAPP:1852,2c34ab854a6ad95b,0.17810000000000004,-0.185613214969635,0.1475,0.1971,
2,gnn_activity,3301,a1cbdd76747c5064,cmAPP:1776,cmAPP:1822,2c34ab854a6ad95b,-0.6519000000000001,-0.2799220085144043,0.0775,0.17120000000000002,
2,gnn_activity,3301,50548dbd9fb26ec9,cmAPP:1792,cmAPP:1837,2c34ab854a6ad95b,-0.3258999999999999,-0.24420404434204102,0.3096,0.0693,
2,gnn_activity,3301,66ba2338161aed27,cmAPP:1680,cmAPP:1725,151435cc8a45853a,-0.12819999999999987,-0.1477023959159851,0.026000000000000002,0.013500000000000002,
2,gnn_activity,3301,a85eb0b11202f59e,cmAPP:1685,cmAPP:1731,2c34ab854a6ad95b,-0.07189999999999996,-0.2526802718639374,0.0286,0.0496,
2,gnn_activity,3301,c09f8ea736c8479d,cmAPP:1683,cmAPP:1728,151435cc8a45853a,-0.014399999999999968,-0.13146287202835083,0.0364,0.0256,
2,gnn_activity,3301,63008ff058569c96,cmAPP:1697,cmAPP:1742,2c34ab854a6ad95b,0.005700000000000149,-0.1623004674911499,0.06269999999999999,0.1005,
2,gnn_activity,3301,7a921af808b2dfa6,cmAPP:1694,cmAPP:1739,9620aee947fd49ea,-0.5276000000000001,-0.2742263972759247,0.0654,0.09939999999999999,
2,gnn_activity,3301,a15328e82188e58f,cmAPP:1717,cmAPP:1762,2c34ab854a6ad95b,-0.13879999999999992,-0.18579769134521484,0.0291,0.0843,
2,gnn_activity,3301,70da5f6f47632dfe,cmAPP:1686,cmAPP:1732,2c34ab854a6ad95b,0.015100000000000113,-0.28004997968673706,0.049100000000000005,0.027000000000000003,
2,gnn_activity,3301,fd3f38efafcec3ac,cmAPP:1702,cmAPP:1747,2c34ab854a6ad95b,-0.03489999999999993,-0.24314308166503906,0.0555,0.046,
2,gnn_activity,3301,0eed2d75f2cde72d,cmAPP:1590,cmAPP:1635,151435cc8a45853a,-0.40340000000000004,-0.14563173055648804,0.0241,0.029500000000000002,
2,gnn_activity,3301,1a6c9baac85f3629,cmAPP:1595,cmAPP:1641,2c34ab854a6ad95b,-0.20189999999999997,-0.2524242401123047,0.0129,0.0771,
2,gnn_activity,3301,76e24e5164a31a01,cmAPP:1593,cmAPP:1638,151435cc8a45853a,-0.21689999999999998,-0.13146281242370605,0.028399999999999998,0.0443,
2,gnn_activity,3301,7ad1ff1601478950,cmAPP:1607,cmAPP:1652,2c34ab854a6ad95b,0.0006999999999999229,-0.16073358058929443,0.0691,0.026099999999999998,
2,gnn_activity,3301,d69a2449a6634854,cmAPP:1604,cmAPP:1649,9620aee947fd49ea,-1.4533999999999998,-0.27212563157081604,0.061399999999999996,0.5695,
2,gnn_activity,3301,f3e88314b57e616d,cmAPP:1627,cmAPP:1672,2c34ab854a6ad95b,0.1450999999999999,-0.18632382154464722,0.075,0.0417,
2,gnn_activity,3301,8ab257e2caab32a6,cmAPP:1596,cmAPP:1642,2c34ab854a6ad95b,-0.16900000000000015,-0.28041478991508484,0.0141,0.028399999999999998,
2,gnn_activity,3301,134f453b89ce7319,cmAPP:1612,cmAPP:1657,2c34ab854a6ad95b,0.18099999999999994,-0.24017083644866943,0.0599,0.0075,
2,gnn_activity,3301,6297178908babdb2,cmAPP:2040,cmAPP:2085,151435cc8a45853a,-0.28669999999999995,-0.14848750829696655,0.0592,0.0308,
2,gnn_activity,3301,e07fbd2f23396c88,cmAPP:2045,cmAPP:2091,2c34ab854a6ad95b,-0.11920000000000008,-0.2527701258659363,0.0538,0.0915,
2,gnn_activity,3301,ea69375d6e637f0b,cmAPP:2043,cmAPP:2088,151435cc8a45853a,-0.13270000000000004,-0.1314629316329956,0.0908,0.026699999999999998,
2,gnn_activity,3301,51c13c0eaed60726,cmAPP:2057,cmAPP:2102,2c34ab854a6ad95b,0.14069999999999994,-0.16291069984436035,0.0353,0.0542,
2,gnn_activity,3301,bfb561a0d6a8fc27,cmAPP:2054,cmAPP:2099,9620aee947fd49ea,-0.4963,-0.2749631106853485,0.0258,0.115,
2,gnn_activity,3301,ff45b277fb60624e,cmAPP:2077,cmAPP:2122,2c34ab854a6ad95b,-0.1391,-0.185613214969635,0.0673,0.1009,
2,gnn_activity,3301,98341947aa56f870,cmAPP:2046,cmAPP:2092,2c34ab854a6ad95b,-0.10649999999999982,-0.2799220085144043,0.050499999999999996,0.0414,
2,gnn_activity,3301,5fb5972af28fa281,cmAPP:2062,cmAPP:2107,2c34ab854a6ad95b,-0.118,-0.24420404434204102,0.1033,0.051100000000000007,
2,gnn_activity,3301,8baebb96c0af3c90,cmAPP:1950,cmAPP:1995,151435cc8a45853a,-0.09720000000000006,-0.1477023959159851,0.024300000000000002,0.0365,
2,gnn_activity,3301,c55d3bcca2d2a449,cmAPP:1955,cmAPP:2001,2c34ab854a6ad95b,0.023700000000000054,-0.2526802718639374,0.0421,0.0274,
2,gnn_activity,3301,ef7b3a1b137a6db8,cmAPP:1953,cmAPP:1998,151435cc8a45853a,-0.022199999999999998,-0.13146287202835083,0.0733,0.0483,
2,gnn_activity,3301,98f93e5fbbd41ec8,cmAPP:1967,cmAPP:2012,2c34ab854a6ad95b,0.10929999999999995,-0.1623004674911499,0.0698,0.0123,
2,gnn_activity,3301,de9de367cfd0516a,cmAPP:1964,cmAPP:2009,9620aee947fd49ea,-0.6374,-0.2742263972759247,0.0904,0.1176,
2,gnn_activity,3301,c78c802f0ed94739,cmAPP:1987,cmAPP:2032,2c34ab854a6ad95b,-0.0394000000000001,-0.18579769134521484,0.0444,0.031200000000000002,
2,gnn_activity,3301,4aba9407294ef0a7,cmAPP:1956,cmAPP:2002,2c34ab854a6ad95b,0.011099999999999999,-0.28004997968673706,0.045,0.0151,
2,gnn_activity,3301,29266f87dbea9446,cmAPP:1972,cmAPP:2017,2c34ab854a6ad95b,-0.011599999999999944,-0.24314308166503906,0.0276,0.037200000000000004,
2,gnn_activity,3301,eb05d8fd23cb21a3,cmAPP:1860,cmAPP:1905,151435cc8a45853a,-0.10529999999999995,-0.14563173055648804,0.0024,0.021,
2,gnn_activity,3301,db6359943b17ecc7,cmAPP:1865,cmAPP:1911,2c34ab854a6ad95b,-0.019300000000000095,-0.2524242401123047,0.0095,0.0076,
2,gnn_activity,3301,4e91bc478f4a4aaa,cmAPP:1863,cmAPP:1908,151435cc8a45853a,-0.006599999999999939,-0.13146281242370605,0.0008,0.0070999999999999995,
2,gnn_activity,3301,db76931262b18262,cmAPP:1877,cmAPP:1922,2c34ab854a6ad95b,-0.022599999999999842,-0.16073358058929443,0.0347,0.0526,
2,gnn_activity,3301,c748ab46e40eb3c6,cmAPP:1874,cmAPP:1919,9620aee947fd49ea,-0.7228,-0.27212563157081604,0.0068000000000000005,0.22719999999999999,
2,gnn_activity,3301,72fdff714d1fc08e,cmAPP:1897,cmAPP:1942,2c34ab854a6ad95b,-0.06989999999999996,-0.18632382154464722,0.019,0.037000000000000005,
2,gnn_activity,3301,a4c4b94f50336897,cmAPP:1866,cmAPP:1912,2c34ab854a6ad95b,-0.0341999999999999,-0.28041478991508484,0.0053,0.011899999999999999,
2,gnn_activity,3301,46898ba7d044be9b,cmAPP:1882,cmAPP:1927,2c34ab854a6ad95b,0.0007000000000000339,-0.24017083644866943,0.0242,0.0287,
2,gnn_pair,1103,93389904f33e7718,cmAPP:1770,cmAPP:1815,151435cc8a45853a,-1.6145,-0.24825960397720337,0.0704,0.13849999999999998,
2,gnn_pair,1103,e24b7d2aa22bb55c,cmAPP:1775,cmAPP:1821,2c34ab854a6ad95b,-0.9341,-0.2726176977157593,0.0596,0.3439,
2,gnn_pair,1103,c5b8e137a303cb45,cmAPP:1773,cmAPP:1818,151435cc8a45853a,-0.021100000000000008,-0.24811303615570068,0.0848,0.1288,
2,gnn_pair,1103,ac1b30806815ea4e,cmAPP:1787,cmAPP:1832,2c34ab854a6ad95b,-0.8095999999999999,-0.2714691162109375,0.1321,0.4403,
2,gnn_pair,1103,b6967a59b842adff,cmAPP:1784,cmAPP:1829,9620aee947fd49ea,-2.8806,-0.34882688522338867,0.11789999999999999,0.5047999999999999,
2,gnn_pair,1103,6ca5840cef4726ff,cmAPP:1807,cmAPP:1852,2c34ab854a6ad95b,0.17810000000000004,-0.2727065682411194,0.1475,0.1971,
2,gnn_pair,1103,a1cbdd76747c5064,cmAPP:1776,cmAPP:1822,2c34ab854a6ad95b,-0.6519000000000001,-0.2776024341583252,0.0775,0.17120000000000002,
2,gnn_pair,1103,50548dbd9fb26ec9,cmAPP:1792,cmAPP:1837,2c34ab854a6ad95b,-0.3258999999999999,-0.314098984003067,0.3096,0.0693,
2,gnn_pair,1103,66ba2338161aed27,cmAPP:1680,cmAPP:1725,151435cc8a45853a,-0.12819999999999987,-0.24823826551437378,0.026000000000000002,0.013500000000000002,
2,gnn_pair,1103,a85eb0b11202f59e,cmAPP:1685,cmAPP:1731,2c34ab854a6ad95b,-0.07189999999999996,-0.2726079523563385,0.0286,0.0496,
2,gnn_pair,1103,c09f8ea736c8479d,cmAPP:1683,cmAPP:1728,151435cc8a45853a,-0.014399999999999968,-0.2479691505432129,0.0364,0.0256,
2,gnn_pair,1103,63008ff058569c96,cmAPP:1697,cmAPP:1742,2c34ab854a6ad95b,0.005700000000000149,-0.27166131138801575,0.06269999999999999,0.1005,
2,gnn_pair,1103,7a921af808b2dfa6,cmAPP:1694,cmAPP:1739,9620aee947fd49ea,-0.5276000000000001,-0.34878861904144287,0.0654,0.09939999999999999,
2,gnn_pair,1103,a15328e82188e58f,cmAPP:1717,cmAPP:1762,2c34ab854a6ad95b,-0.13879999999999992,-0.272576242685318,0.0291,0.0843,
2,gnn_pair,1103,70da5f6f47632dfe,cmAPP:1686,cmAPP:1732,2c34ab854a6ad95b,0.015100000000000113,-0.2776961922645569,0.049100000000000005,0.027000000000000003,
2,gnn_pair,1103,fd3f38efafcec3ac,cmAPP:1702,cmAPP:1747,2c34ab854a6ad95b,-0.03489999999999993,-0.3139963150024414,0.0555,0.046,
2,gnn_pair,1103,0eed2d75f2cde72d,cmAPP:1590,cmAPP:1635,151435cc8a45853a,-0.40340000000000004,-0.24817770719528198,0.0241,0.029500000000000002,
2,gnn_pair,1103,1a6c9baac85f3629,cmAPP:1595,cmAPP:1641,2c34ab854a6ad95b,-0.20189999999999997,-0.2721138596534729,0.0129,0.0771,
2,gnn_pair,1103,76e24e5164a31a01,cmAPP:1593,cmAPP:1638,151435cc8a45853a,-0.21689999999999998,-0.24755859375,0.028399999999999998,0.0443,
2,gnn_pair,1103,7ad1ff1601478950,cmAPP:1607,cmAPP:1652,2c34ab854a6ad95b,0.0006999999999999229,-0.2722092866897583,0.0691,0.026099999999999998,
2,gnn_pair,1103,d69a2449a6634854,cmAPP:1604,cmAPP:1649,9620aee947fd49ea,-1.4533999999999998,-0.3486795723438263,0.061399999999999996,0.5695,
2,gnn_pair,1103,f3e88314b57e616d,cmAPP:1627,cmAPP:1672,2c34ab854a6ad95b,0.1450999999999999,-0.2722044885158539,0.075,0.0417,
2,gnn_pair,1103,8ab257e2caab32a6,cmAPP:1596,cmAPP:1642,2c34ab854a6ad95b,-0.16900000000000015,-0.2779635787010193,0.0141,0.028399999999999998,
2,gnn_pair,1103,134f453b89ce7319,cmAPP:1612,cmAPP:1657,2c34ab854a6ad95b,0.18099999999999994,-0.3137034475803375,0.0599,0.0075,
2,gnn_pair,1103,6297178908babdb2,cmAPP:2040,cmAPP:2085,151435cc8a45853a,-0.28669999999999995,-0.24825960397720337,0.0592,0.0308,
2,gnn_pair,1103,e07fbd2f23396c88,cmAPP:2045,cmAPP:2091,2c34ab854a6ad95b,-0.11920000000000008,-0.2726176977157593,0.0538,0.0915,
2,gnn_pair,1103,ea69375d6e637f0b,cmAPP:2043,cmAPP:2088,151435cc8a45853a,-0.13270000000000004,-0.24811303615570068,0.0908,0.026699999999999998,
2,gnn_pair,1103,51c13c0eaed60726,cmAPP:2057,cmAPP:2102,2c34ab854a6ad95b,0.14069999999999994,-0.2714691162109375,0.0353,0.0542,
2,gnn_pair,1103,bfb561a0d6a8fc27,cmAPP:2054,cmAPP:2099,9620aee947fd49ea,-0.4963,-0.34882688522338867,0.0258,0.115,
2,gnn_pair,1103,ff45b277fb60624e,cmAPP:2077,cmAPP:2122,2c34ab854a6ad95b,-0.1391,-0.2727065682411194,0.0673,0.1009,
2,gnn_pair,1103,98341947aa56f870,cmAPP:2046,cmAPP:2092,2c34ab854a6ad95b,-0.10649999999999982,-0.2776024341583252,0.050499999999999996,0.0414,
2,gnn_pair,1103,5fb5972af28fa281,cmAPP:2062,cmAPP:2107,2c34ab854a6ad95b,-0.118,-0.314098984003067,0.1033,0.051100000000000007,
2,gnn_pair,1103,8baebb96c0af3c90,cmAPP:1950,cmAPP:1995,151435cc8a45853a,-0.09720000000000006,-0.24823826551437378,0.024300000000000002,0.0365,
2,gnn_pair,1103,c55d3bcca2d2a449,cmAPP:1955,cmAPP:2001,2c34ab854a6ad95b,0.023700000000000054,-0.2726079523563385,0.0421,0.0274,
2,gnn_pair,1103,ef7b3a1b137a6db8,cmAPP:1953,cmAPP:1998,151435cc8a45853a,-0.022199999999999998,-0.2479691505432129,0.0733,0.0483,
2,gnn_pair,1103,98f93e5fbbd41ec8,cmAPP:1967,cmAPP:2012,2c34ab854a6ad95b,0.10929999999999995,-0.27166131138801575,0.0698,0.0123,
2,gnn_pair,1103,de9de367cfd0516a,cmAPP:1964,cmAPP:2009,9620aee947fd49ea,-0.6374,-0.34878861904144287,0.0904,0.1176,
2,gnn_pair,1103,c78c802f0ed94739,cmAPP:1987,cmAPP:2032,2c34ab854a6ad95b,-0.0394000000000001,-0.272576242685318,0.0444,0.031200000000000002,
2,gnn_pair,1103,4aba9407294ef0a7,cmAPP:1956,cmAPP:2002,2c34ab854a6ad95b,0.011099999999999999,-0.2776961922645569,0.045,0.0151,
2,gnn_pair,1103,29266f87dbea9446,cmAPP:1972,cmAPP:2017,2c34ab854a6ad95b,-0.011599999999999944,-0.3139963150024414,0.0276,0.037200000000000004,
2,gnn_pair,1103,eb05d8fd23cb21a3,cmAPP:1860,cmAPP:1905,151435cc8a45853a,-0.10529999999999995,-0.24817770719528198,0.0024,0.021,
2,gnn_pair,1103,db6359943b17ecc7,cmAPP:1865,cmAPP:1911,2c34ab854a6ad95b,-0.019300000000000095,-0.2721138596534729,0.0095,0.0076,
2,gnn_pair,1103,4e91bc478f4a4aaa,cmAPP:1863,cmAPP:1908,151435cc8a45853a,-0.006599999999999939,-0.24755859375,0.0008,0.0070999999999999995,
2,gnn_pair,1103,db76931262b18262,cmAPP:1877,cmAPP:1922,2c34ab854a6ad95b,-0.022599999999999842,-0.2722092866897583,0.0347,0.0526,
2,gnn_pair,1103,c748ab46e40eb3c6,cmAPP:1874,cmAPP:1919,9620aee947fd49ea,-0.7228,-0.3486795723438263,0.0068000000000000005,0.22719999999999999,
2,gnn_pair,1103,72fdff714d1fc08e,cmAPP:1897,cmAPP:1942,2c34ab854a6ad95b,-0.06989999999999996,-0.2722044885158539,0.019,0.037000000000000005,
2,gnn_pair,1103,a4c4b94f50336897,cmAPP:1866,cmAPP:1912,2c34ab854a6ad95b,-0.0341999999999999,-0.2779635787010193,0.0053,0.011899999999999999,
2,gnn_pair,1103,46898ba7d044be9b,cmAPP:1882,cmAPP:1927,2c34ab854a6ad95b,0.0007000000000000339,-0.3137034475803375,0.0242,0.0287,
2,gnn_pair,2207,93389904f33e7718,cmAPP:1770,cmAPP:1815,151435cc8a45853a,-1.6145,-0.19629508256912231,0.0704,0.13849999999999998,
2,gnn_pair,2207,e24b7d2aa22bb55c,cmAPP:1775,cmAPP:1821,2c34ab854a6ad95b,-0.9341,-0.24459394812583923,0.0596,0.3439,
2,gnn_pair,2207,c5b8e137a303cb45,cmAPP:1773,cmAPP:1818,151435cc8a45853a,-0.021100000000000008,-0.17596477270126343,0.0848,0.1288,
2,gnn_pair,2207,ac1b30806815ea4e,cmAPP:1787,cmAPP:1832,2c34ab854a6ad95b,-0.8095999999999999,-0.20899641513824463,0.1321,0.4403,
2,gnn_pair,2207,b6967a59b842adff,cmAPP:1784,cmAPP:1829,9620aee947fd49ea,-2.8806,-0.34681278467178345,0.11789999999999999,0.5047999999999999,
2,gnn_pair,2207,6ca5840cef4726ff,cmAPP:1807,cmAPP:1852,2c34ab854a6ad95b,0.17810000000000004,-0.17046505212783813,0.1475,0.1971,
2,gnn_pair,2207,a1cbdd76747c5064,cmAPP:1776,cmAPP:1822,2c34ab854a6ad95b,-0.6519000000000001,-0.2288621962070465,0.0775,0.17120000000000002,
2,gnn_pair,2207,50548dbd9fb26ec9,cmAPP:1792,cmAPP:1837,2c34ab854a6ad95b,-0.3258999999999999,-0.3550873398780823,0.3096,0.0693,
2,gnn_pair,2207,66ba2338161aed27,cmAPP:1680,cmAPP:1725,151435cc8a45853a,-0.12819999999999987,-0.1962311863899231,0.026000000000000002,0.013500000000000002,
2,gnn_pair,2207,a85eb0b11202f59e,cmAPP:1685,cmAPP:1731,2c34ab854a6ad95b,-0.07189999999999996,-0.24426931142807007,0.0286,0.0496,
2,gnn_pair,2207,c09f8ea736c8479d,cmAPP:1683,cmAPP:1728,151435cc8a45853a,-0.014399999999999968,-0.17583847045898438,0.0364,0.0256,
2,gnn_pair,2207,63008ff058569c96,cmAPP:1697,cmAPP:1742,2c34ab854a6ad95b,0.005700000000000149,-0.20881116390228271,0.06269999999999999,0.1005,
2,gnn_pair,2207,7a921af808b2dfa6,cmAPP:1694,cmAPP:1739,9620aee947fd49ea,-0.5276000000000001,-0.34669139981269836,0.0654,0.09939999999999999,
2,gnn_pair,2207,a15328e82188e58f,cmAPP:1717,cmAPP:1762,2c34ab854a6ad95b,-0.13879999999999992,-0.17035168409347534,0.0291,0.0843,
2,gnn_pair,2207,70da5f6f47632dfe,cmAPP:1686,cmAPP:1732,2c34ab854a6ad95b,0.015100000000000113,-0.22862771153450012,0.049100000000000005,0.027000000000000003,
2,gnn_pair,2207,fd3f38efafcec3ac,cmAPP:1702,cmAPP:1747,2c34ab854a6ad95b,-0.03489999999999993,-0.35462844371795654,0.0555,0.046,
2,gnn_pair,2207,0eed2d75f2cde72d,cmAPP:1590,cmAPP:1635,151435cc8a45853a,-0.40340000000000004,-0.19604909420013428,0.0241,0.029500000000000002,
2,gnn_pair,2207,1a6c9baac85f3629,cmAPP:1595,cmAPP:1641,2c34ab854a6ad95b,-0.20189999999999997,-0.24334368109703064,0.0129,0.0771,
2,gnn_pair,2207,76e24e5164a31a01,cmAPP:1593,cmAPP:1638,151435cc8a45853a,-0.21689999999999998,-0.17547839879989624,0.028399999999999998,0.0443,
2,gnn_pair,2207,7ad1ff1601478950,cmAPP:1607,cmAPP:1652,2c34ab854a6ad95b,0.0006999999999999229,-0.20828291773796082,0.0691,0.026099999999999998,
2,gnn_pair,2207,d69a2449a6634854,cmAPP:1604,cmAPP:1649,9620aee947fd49ea,-1.4533999999999998,-0.3463452458381653,0.061399999999999996,0.5695,
2,gnn_pair,2207,f3e88314b57e616d,cmAPP:1627,cmAPP:1672,2c34ab854a6ad95b,0.1450999999999999,-0.17002850770950317,0.075,0.0417,
2,gnn_pair,2207,8ab257e2caab32a6,cmAPP:1596,cmAPP:1642,2c34ab854a6ad95b,-0.16900000000000015,-0.22795900702476501,0.0141,0.028399999999999998,
2,gnn_pair,2207,134f453b89ce7319,cmAPP:1612,cmAPP:1657,2c34ab854a6ad95b,0.18099999999999994,-0.3533198833465576,0.0599,0.0075,
2,gnn_pair,2207,6297178908babdb2,cmAPP:2040,cmAPP:2085,151435cc8a45853a,-0.28669999999999995,-0.19629508256912231,0.0592,0.0308,
2,gnn_pair,2207,e07fbd2f23396c88,cmAPP:2045,cmAPP:2091,2c34ab854a6ad95b,-0.11920000000000008,-0.24459394812583923,0.0538,0.0915,
2,gnn_pair,2207,ea69375d6e637f0b,cmAPP:2043,cmAPP:2088,151435cc8a45853a,-0.13270000000000004,-0.17596477270126343,0.0908,0.026699999999999998,
2,gnn_pair,2207,51c13c0eaed60726,cmAPP:2057,cmAPP:2102,2c34ab854a6ad95b,0.14069999999999994,-0.20899641513824463,0.0353,0.0542,
2,gnn_pair,2207,bfb561a0d6a8fc27,cmAPP:2054,cmAPP:2099,9620aee947fd49ea,-0.4963,-0.34681278467178345,0.0258,0.115,
2,gnn_pair,2207,ff45b277fb60624e,cmAPP:2077,cmAPP:2122,2c34ab854a6ad95b,-0.1391,-0.17046505212783813,0.0673,0.1009,
2,gnn_pair,2207,98341947aa56f870,cmAPP:2046,cmAPP:2092,2c34ab854a6ad95b,-0.10649999999999982,-0.2288621962070465,0.050499999999999996,0.0414,
2,gnn_pair,2207,5fb5972af28fa281,cmAPP:2062,cmAPP:2107,2c34ab854a6ad95b,-0.118,-0.3550873398780823,0.1033,0.051100000000000007,
2,gnn_pair,2207,8baebb96c0af3c90,cmAPP:1950,cmAPP:1995,151435cc8a45853a,-0.09720000000000006,-0.1962311863899231,0.024300000000000002,0.0365,
2,gnn_pair,2207,c55d3bcca2d2a449,cmAPP:1955,cmAPP:2001,2c34ab854a6ad95b,0.023700000000000054,-0.24426931142807007,0.0421,0.0274,
2,gnn_pair,2207,ef7b3a1b137a6db8,cmAPP:1953,cmAPP:1998,151435cc8a45853a,-0.022199999999999998,-0.17583847045898438,0.0733,0.0483,
2,gnn_pair,2207,98f93e5fbbd41ec8,cmAPP:1967,cmAPP:2012,2c34ab854a6ad95b,0.10929999999999995,-0.20881116390228271,0.0698,0.0123,
2,gnn_pair,2207,de9de367cfd0516a,cmAPP:1964,cmAPP:2009,9620aee947fd49ea,-0.6374,-0.34669139981269836,0.0904,0.1176,
2,gnn_pair,2207,c78c802f0ed94739,cmAPP:1987,cmAPP:2032,2c34ab854a6ad95b,-0.0394000000000001,-0.17035168409347534,0.0444,0.031200000000000002,
2,gnn_pair,2207,4aba9407294ef0a7,cmAPP:1956,cmAPP:2002,2c34ab854a6ad95b,0.011099999999999999,-0.22862771153450012,0.045,0.0151,
2,gnn_pair,2207,29266f87dbea9446,cmAPP:1972,cmAPP:2017,2c34ab854a6ad95b,-0.011599999999999944,-0.35462844371795654,0.0276,0.037200000000000004,
2,gnn_pair,2207,eb05d8fd23cb21a3,cmAPP:1860,cmAPP:1905,151435cc8a45853a,-0.10529999999999995,-0.19604909420013428,0.0024,0.021,
2,gnn_pair,2207,db6359943b17ecc7,cmAPP:1865,cmAPP:1911,2c34ab854a6ad95b,-0.019300000000000095,-0.24334368109703064,0.0095,0.0076,
2,gnn_pair,2207,4e91bc478f4a4aaa,cmAPP:1863,cmAPP:1908,151435cc8a45853a,-0.006599999999999939,-0.17547839879989624,0.0008,0.0070999999999999995,
2,gnn_pair,2207,db76931262b18262,cmAPP:1877,cmAPP:1922,2c34ab854a6ad95b,-0.022599999999999842,-0.20828291773796082,0.0347,0.0526,
2,gnn_pair,2207,c748ab46e40eb3c6,cmAPP:1874,cmAPP:1919,9620aee947fd49ea,-0.7228,-0.3463452458381653,0.0068000000000000005,0.22719999999999999,
2,gnn_pair,2207,72fdff714d1fc08e,cmAPP:1897,cmAPP:1942,2c34ab854a6ad95b,-0.06989999999999996,-0.17002850770950317,0.019,0.037000000000000005,
2,gnn_pair,2207,a4c4b94f50336897,cmAPP:1866,cmAPP:1912,2c34ab854a6ad95b,-0.0341999999999999,-0.22795900702476501,0.0053,0.011899999999999999,
2,gnn_pair,2207,46898ba7d044be9b,cmAPP:1882,cmAPP:1927,2c34ab854a6ad95b,0.0007000000000000339,-0.3533198833465576,0.0242,0.0287,
2,gnn_pair,3301,93389904f33e7718,cmAPP:1770,cmAPP:1815,151435cc8a45853a,-1.6145,-0.13836067914962769,0.0704,0.13849999999999998,
2,gnn_pair,3301,e24b7d2aa22bb55c,cmAPP:1775,cmAPP:1821,2c34ab854a6ad95b,-0.9341,-0.32363736629486084,0.0596,0.3439,
2,gnn_pair,3301,c5b8e137a303cb45,cmAPP:1773,cmAPP:1818,151435cc8a45853a,-0.021100000000000008,-0.13663530349731445,0.0848,0.1288,
2,gnn_pair,3301,ac1b30806815ea4e,cmAPP:1787,cmAPP:1832,2c34ab854a6ad95b,-0.8095999999999999,-0.09713500738143921,0.1321,0.4403,
2,gnn_pair,3301,b6967a59b842adff,cmAPP:1784,cmAPP:1829,9620aee947fd49ea,-2.8806,-0.32332468032836914,0.11789999999999999,0.5047999999999999,
2,gnn_pair,3301,6ca5840cef4726ff,cmAPP:1807,cmAPP:1852,2c34ab854a6ad95b,0.17810000000000004,-0.1357375681400299,0.1475,0.1971,
2,gnn_pair,3301,a1cbdd76747c5064,cmAPP:1776,cmAPP:1822,2c34ab854a6ad95b,-0.6519000000000001,-0.21288597583770752,0.0775,0.17120000000000002,
2,gnn_pair,3301,50548dbd9fb26ec9,cmAPP:1792,cmAPP:1837,2c34ab854a6ad95b,-0.3258999999999999,-0.35799771547317505,0.3096,0.0693,
2,gnn_pair,3301,66ba2338161aed27,cmAPP:1680,cmAPP:1725,151435cc8a45853a,-0.12819999999999987,-0.13791674375534058,0.026000000000000002,0.013500000000000002,
2,gnn_pair,3301,a85eb0b11202f59e,cmAPP:1685,cmAPP:1731,2c34ab854a6ad95b,-0.07189999999999996,-0.32368671894073486,0.0286,0.0496,
2,gnn_pair,3301,c09f8ea736c8479d,cmAPP:1683,cmAPP:1728,151435cc8a45853a,-0.014399999999999968,-0.13672477006912231,0.0364,0.0256,
2,gnn_pair,3301,63008ff058569c96,cmAPP:1697,cmAPP:1742,2c34ab854a6ad95b,0.005700000000000149,-0.09707069396972656,0.06269999999999999,0.1005,
2,gnn_pair,3301,7a921af808b2dfa6,cmAPP:1694,cmAPP:1739,9620aee947fd49ea,-0.5276000000000001,-0.3227381706237793,0.0654,0.09939999999999999,
2,gnn_pair,3301,a15328e82188e58f,cmAPP:1717,cmAPP:1762,2c34ab854a6ad95b,-0.13879999999999992,-0.13565415143966675,0.0291,0.0843,
2,gnn_pair,3301,70da5f6f47632dfe,cmAPP:1686,cmAPP:1732,2c34ab854a6ad95b,0.015100000000000113,-0.21272790431976318,0.049100000000000005,0.027000000000000003,
2,gnn_pair,3301,fd3f38efafcec3ac,cmAPP:1702,cmAPP:1747,2c34ab854a6ad95b,-0.03489999999999993,-0.35732361674308777,0.0555,0.046,
2,gnn_pair,3301,0eed2d75f2cde72d,cmAPP:1590,cmAPP:1635,151435cc8a45853a,-0.40340000000000004,-0.1366509199142456,0.0241,0.029500000000000002,
2,gnn_pair,3301,1a6c9baac85f3629,cmAPP:1595,cmAPP:1641,2c34ab854a6ad95b,-0.20189999999999997,-0.32382750511169434,0.0129,0.0771,
2,gnn_pair,3301,76e24e5164a31a01,cmAPP:1593,cmAPP:1638,151435cc8a45853a,-0.21689999999999998,-0.1369800567626953,0.028399999999999998,0.0443,
2,gnn_pair,3301,7ad1ff1601478950,cmAPP:1607,cmAPP:1652,2c34ab854a6ad95b,0.0006999999999999229,-0.09688735008239746,0.0691,0.026099999999999998,
2,gnn_pair,3301,d69a2449a6634854,cmAPP:1604,cmAPP:1649,9620aee947fd49ea,-1.4533999999999998,-0.321073979139328,0.061399999999999996,0.5695,
2,gnn_pair,3301,f3e88314b57e616d,cmAPP:1627,cmAPP:1672,2c34ab854a6ad95b,0.1450999999999999,-0.13555750250816345,0.075,0.0417,
2,gnn_pair,3301,8ab257e2caab32a6,cmAPP:1596,cmAPP:1642,2c34ab854a6ad95b,-0.16900000000000015,-0.21227705478668213,0.0141,0.028399999999999998,
2,gnn_pair,3301,134f453b89ce7319,cmAPP:1612,cmAPP:1657,2c34ab854a6ad95b,0.18099999999999994,-0.3554014265537262,0.0599,0.0075,
2,gnn_pair,3301,6297178908babdb2,cmAPP:2040,cmAPP:2085,151435cc8a45853a,-0.28669999999999995,-0.13836067914962769,0.0592,0.0308,
2,gnn_pair,3301,e07fbd2f23396c88,cmAPP:2045,cmAPP:2091,2c34ab854a6ad95b,-0.11920000000000008,-0.32363736629486084,0.0538,0.0915,
2,gnn_pair,3301,ea69375d6e637f0b,cmAPP:2043,cmAPP:2088,151435cc8a45853a,-0.13270000000000004,-0.13663530349731445,0.0908,0.026699999999999998,
2,gnn_pair,3301,51c13c0eaed60726,cmAPP:2057,cmAPP:2102,2c34ab854a6ad95b,0.14069999999999994,-0.09713500738143921,0.0353,0.0542,
2,gnn_pair,3301,bfb561a0d6a8fc27,cmAPP:2054,cmAPP:2099,9620aee947fd49ea,-0.4963,-0.32332468032836914,0.0258,0.115,
2,gnn_pair,3301,ff45b277fb60624e,cmAPP:2077,cmAPP:2122,2c34ab854a6ad95b,-0.1391,-0.1357375681400299,0.0673,0.1009,
2,gnn_pair,3301,98341947aa56f870,cmAPP:2046,cmAPP:2092,2c34ab854a6ad95b,-0.10649999999999982,-0.21288597583770752,0.050499999999999996,0.0414,
2,gnn_pair,3301,5fb5972af28fa281,cmAPP:2062,cmAPP:2107,2c34ab854a6ad95b,-0.118,-0.35799771547317505,0.1033,0.051100000000000007,
2,gnn_pair,3301,8baebb96c0af3c90,cmAPP:1950,cmAPP:1995,151435cc8a45853a,-0.09720000000000006,-0.13791674375534058,0.024300000000000002,0.0365,
2,gnn_pair,3301,c55d3bcca2d2a449,cmAPP:1955,cmAPP:2001,2c34ab854a6ad95b,0.023700000000000054,-0.32368671894073486,0.0421,0.0274,
2,gnn_pair,3301,ef7b3a1b137a6db8,cmAPP:1953,cmAPP:1998,151435cc8a45853a,-0.022199999999999998,-0.13672477006912231,0.0733,0.0483,
2,gnn_pair,3301,98f93e5fbbd41ec8,cmAPP:1967,cmAPP:2012,2c34ab854a6ad95b,0.10929999999999995,-0.09707069396972656,0.0698,0.0123,
2,gnn_pair,3301,de9de367cfd0516a,cmAPP:1964,cmAPP:2009,9620aee947fd49ea,-0.6374,-0.3227381706237793,0.0904,0.1176,
2,gnn_pair,3301,c78c802f0ed94739,cmAPP:1987,cmAPP:2032,2c34ab854a6ad95b,-0.0394000000000001,-0.13565415143966675,0.0444,0.031200000000000002,
2,gnn_pair,3301,4aba9407294ef0a7,cmAPP:1956,cmAPP:2002,2c34ab854a6ad95b,0.011099999999999999,-0.21272790431976318,0.045,0.0151,
2,gnn_pair,3301,29266f87dbea9446,cmAPP:1972,cmAPP:2017,2c34ab854a6ad95b,-0.011599999999999944,-0.35732361674308777,0.0276,0.037200000000000004,
2,gnn_pair,3301,eb05d8fd23cb21a3,cmAPP:1860,cmAPP:1905,151435cc8a45853a,-0.10529999999999995,-0.1366509199142456,0.0024,0.021,
2,gnn_pair,3301,db6359943b17ecc7,cmAPP:1865,cmAPP:1911,2c34ab854a6ad95b,-0.019300000000000095,-0.32382750511169434,0.0095,0.0076,
2,gnn_pair,3301,4e91bc478f4a4aaa,cmAPP:1863,cmAPP:1908,151435cc8a45853a,-0.006599999999999939,-0.1369800567626953,0.0008,0.0070999999999999995,
2,gnn_pair,3301,db76931262b18262,cmAPP:1877,cmAPP:1922,2c34ab854a6ad95b,-0.022599999999999842,-0.09688735008239746,0.0347,0.0526,
2,gnn_pair,3301,c748ab46e40eb3c6,cmAPP:1874,cmAPP:1919,9620aee947fd49ea,-0.7228,-0.321073979139328,0.0068000000000000005,0.22719999999999999,
2,gnn_pair,3301,72fdff714d1fc08e,cmAPP:1897,cmAPP:1942,2c34ab854a6ad95b,-0.06989999999999996,-0.13555750250816345,0.019,0.037000000000000005,
2,gnn_pair,3301,a4c4b94f50336897,cmAPP:1866,cmAPP:1912,2c34ab854a6ad95b,-0.0341999999999999,-0.21227705478668213,0.0053,0.011899999999999999,
2,gnn_pair,3301,46898ba7d044be9b,cmAPP:1882,cmAPP:1927,2c34ab854a6ad95b,0.0007000000000000339,-0.3554014265537262,0.0242,0.0287,
2,nongraph_pair,1103,93389904f33e7718,cmAPP:1770,cmAPP:1815,151435cc8a45853a,-1.6145,-0.23513489961624146,0.0704,0.13849999999999998,
2,nongraph_pair,1103,e24b7d2aa22bb55c,cmAPP:1775,cmAPP:1821,2c34ab854a6ad95b,-0.9341,-0.25528669357299805,0.0596,0.3439,
2,nongraph_pair,1103,c5b8e137a303cb45,cmAPP:1773,cmAPP:1818,151435cc8a45853a,-0.021100000000000008,-0.22692865133285522,0.0848,0.1288,
2,nongraph_pair,1103,ac1b30806815ea4e,cmAPP:1787,cmAPP:1832,2c34ab854a6ad95b,-0.8095999999999999,-0.2272195816040039,0.1321,0.4403,
2,nongraph_pair,1103,b6967a59b842adff,cmAPP:1784,cmAPP:1829,9620aee947fd49ea,-2.8806,-0.27349668741226196,0.11789999999999999,0.5047999999999999,
2,nongraph_pair,1103,6ca5840cef4726ff,cmAPP:1807,cmAPP:1852,2c34ab854a6ad95b,0.17810000000000004,-0.2512900233268738,0.1475,0.1971,
2,nongraph_pair,1103,a1cbdd76747c5064,cmAPP:1776,cmAPP:1822,2c34ab854a6ad95b,-0.6519000000000001,-0.2450498342514038,0.0775,0.17120000000000002,
2,nongraph_pair,1103,50548dbd9fb26ec9,cmAPP:1792,cmAPP:1837,2c34ab854a6ad95b,-0.3258999999999999,-0.2812933921813965,0.3096,0.0693,
2,nongraph_pair,1103,66ba2338161aed27,cmAPP:1680,cmAPP:1725,151435cc8a45853a,-0.12819999999999987,-0.235090434551239,0.026000000000000002,0.013500000000000002,
2,nongraph_pair,1103,a85eb0b11202f59e,cmAPP:1685,cmAPP:1731,2c34ab854a6ad95b,-0.07189999999999996,-0.25542116165161133,0.0286,0.0496,
2,nongraph_pair,1103,c09f8ea736c8479d,cmAPP:1683,cmAPP:1728,151435cc8a45853a,-0.014399999999999968,-0.22675740718841553,0.0364,0.0256,
2,nongraph_pair,1103,63008ff058569c96,cmAPP:1697,cmAPP:1742,2c34ab854a6ad95b,0.005700000000000149,-0.22720342874526978,0.06269999999999999,0.1005,
2,nongraph_pair,1103,7a921af808b2dfa6,cmAPP:1694,cmAPP:1739,9620aee947fd49ea,-0.5276000000000001,-0.2733893394470215,0.0654,0.09939999999999999,
2,nongraph_pair,1103,a15328e82188e58f,cmAPP:1717,cmAPP:1762,2c34ab854a6ad95b,-0.13879999999999992,-0.25103890895843506,0.0291,0.0843,
2,nongraph_pair,1103,70da5f6f47632dfe,cmAPP:1686,cmAPP:1732,2c34ab854a6ad95b,0.015100000000000113,-0.24498271942138672,0.049100000000000005,0.027000000000000003,
2,nongraph_pair,1103,fd3f38efafcec3ac,cmAPP:1702,cmAPP:1747,2c34ab854a6ad95b,-0.03489999999999993,-0.2812861204147339,0.0555,0.046,
2,nongraph_pair,1103,0eed2d75f2cde72d,cmAPP:1590,cmAPP:1635,151435cc8a45853a,-0.40340000000000004,-0.2349637746810913,0.0241,0.029500000000000002,
2,nongraph_pair,1103,1a6c9baac85f3629,cmAPP:1595,cmAPP:1641,2c34ab854a6ad95b,-0.20189999999999997,-0.2558044493198395,0.0129,0.0771,
2,nongraph_pair,1103,76e24e5164a31a01,cmAPP:1593,cmAPP:1638,151435cc8a45853a,-0.21689999999999998,-0.22626906633377075,0.028399999999999998,0.0443,
2,nongraph_pair,1103,7ad1ff1601478950,cmAPP:1607,cmAPP:1652,2c34ab854a6ad95b,0.0006999999999999229,-0.22715717554092407,0.0691,0.026099999999999998,
2,nongraph_pair,1103,d69a2449a6634854,cmAPP:1604,cmAPP:1649,9620aee947fd49ea,-1.4533999999999998,-0.27308332920074463,0.061399999999999996,0.5695,
2,nongraph_pair,1103,f3e88314b57e616d,cmAPP:1627,cmAPP:1672,2c34ab854a6ad95b,0.1450999999999999,-0.25032272934913635,0.075,0.0417,
2,nongraph_pair,1103,8ab257e2caab32a6,cmAPP:1596,cmAPP:1642,2c34ab854a6ad95b,-0.16900000000000015,-0.24479138851165771,0.0141,0.028399999999999998,
2,nongraph_pair,1103,134f453b89ce7319,cmAPP:1612,cmAPP:1657,2c34ab854a6ad95b,0.18099999999999994,-0.2812652587890625,0.0599,0.0075,
2,nongraph_pair,1103,6297178908babdb2,cmAPP:2040,cmAPP:2085,151435cc8a45853a,-0.28669999999999995,-0.23513489961624146,0.0592,0.0308,
2,nongraph_pair,1103,e07fbd2f23396c88,cmAPP:2045,cmAPP:2091,2c34ab854a6ad95b,-0.11920000000000008,-0.25528669357299805,0.0538,0.0915,
2,nongraph_pair,1103,ea69375d6e637f0b,cmAPP:2043,cmAPP:2088,151435cc8a45853a,-0.13270000000000004,-0.22692865133285522,0.0908,0.026699999999999998,
2,nongraph_pair,1103,51c13c0eaed60726,cmAPP:2057,cmAPP:2102,2c34ab854a6ad95b,0.14069999999999994,-0.2272195816040039,0.0353,0.0542,
2,nongraph_pair,1103,bfb561a0d6a8fc27,cmAPP:2054,cmAPP:2099,9620aee947fd49ea,-0.4963,-0.27349668741226196,0.0258,0.115,
2,nongraph_pair,1103,ff45b277fb60624e,cmAPP:2077,cmAPP:2122,2c34ab854a6ad95b,-0.1391,-0.2512900233268738,0.0673,0.1009,
2,nongraph_pair,1103,98341947aa56f870,cmAPP:2046,cmAPP:2092,2c34ab854a6ad95b,-0.10649999999999982,-0.2450498342514038,0.050499999999999996,0.0414,
2,nongraph_pair,1103,5fb5972af28fa281,cmAPP:2062,cmAPP:2107,2c34ab854a6ad95b,-0.118,-0.2812933921813965,0.1033,0.051100000000000007,
2,nongraph_pair,1103,8baebb96c0af3c90,cmAPP:1950,cmAPP:1995,151435cc8a45853a,-0.09720000000000006,-0.235090434551239,0.024300000000000002,0.0365,
2,nongraph_pair,1103,c55d3bcca2d2a449,cmAPP:1955,cmAPP:2001,2c34ab854a6ad95b,0.023700000000000054,-0.25542116165161133,0.0421,0.0274,
2,nongraph_pair,1103,ef7b3a1b137a6db8,cmAPP:1953,cmAPP:1998,151435cc8a45853a,-0.022199999999999998,-0.22675740718841553,0.0733,0.0483,
2,nongraph_pair,1103,98f93e5fbbd41ec8,cmAPP:1967,cmAPP:2012,2c34ab854a6ad95b,0.10929999999999995,-0.22720342874526978,0.0698,0.0123,
2,nongraph_pair,1103,de9de367cfd0516a,cmAPP:1964,cmAPP:2009,9620aee947fd49ea,-0.6374,-0.2733893394470215,0.0904,0.1176,
2,nongraph_pair,1103,c78c802f0ed94739,cmAPP:1987,cmAPP:2032,2c34ab854a6ad95b,-0.0394000000000001,-0.25103890895843506,0.0444,0.031200000000000002,
2,nongraph_pair,1103,4aba9407294ef0a7,cmAPP:1956,cmAPP:2002,2c34ab854a6ad95b,0.011099999999999999,-0.24498271942138672,0.045,0.0151,
2,nongraph_pair,1103,29266f87dbea9446,cmAPP:1972,cmAPP:2017,2c34ab854a6ad95b,-0.011599999999999944,-0.2812861204147339,0.0276,0.037200000000000004,
2,nongraph_pair,1103,eb05d8fd23cb21a3,cmAPP:1860,cmAPP:1905,151435cc8a45853a,-0.10529999999999995,-0.2349637746810913,0.0024,0.021,
2,nongraph_pair,1103,db6359943b17ecc7,cmAPP:1865,cmAPP:1911,2c34ab854a6ad95b,-0.019300000000000095,-0.2558044493198395,0.0095,0.0076,
2,nongraph_pair,1103,4e91bc478f4a4aaa,cmAPP:1863,cmAPP:1908,151435cc8a45853a,-0.006599999999999939,-0.22626906633377075,0.0008,0.0070999999999999995,
2,nongraph_pair,1103,db76931262b18262,cmAPP:1877,cmAPP:1922,2c34ab854a6ad95b,-0.022599999999999842,-0.22715717554092407,0.0347,0.0526,
2,nongraph_pair,1103,c748ab46e40eb3c6,cmAPP:1874,cmAPP:1919,9620aee947fd49ea,-0.7228,-0.27308332920074463,0.0068000000000000005,0.22719999999999999,
2,nongraph_pair,1103,72fdff714d1fc08e,cmAPP:1897,cmAPP:1942,2c34ab854a6ad95b,-0.06989999999999996,-0.25032272934913635,0.019,0.037000000000000005,
2,nongraph_pair,1103,a4c4b94f50336897,cmAPP:1866,cmAPP:1912,2c34ab854a6ad95b,-0.0341999999999999,-0.24479138851165771,0.0053,0.011899999999999999,
2,nongraph_pair,1103,46898ba7d044be9b,cmAPP:1882,cmAPP:1927,2c34ab854a6ad95b,0.0007000000000000339,-0.2812652587890625,0.0242,0.0287,
2,nongraph_pair,2207,93389904f33e7718,cmAPP:1770,cmAPP:1815,151435cc8a45853a,-1.6145,-0.18692559003829956,0.0704,0.13849999999999998,
2,nongraph_pair,2207,e24b7d2aa22bb55c,cmAPP:1775,cmAPP:1821,2c34ab854a6ad95b,-0.9341,-0.24881678819656372,0.0596,0.3439,
2,nongraph_pair,2207,c5b8e137a303cb45,cmAPP:1773,cmAPP:1818,151435cc8a45853a,-0.021100000000000008,-0.1521720290184021,0.0848,0.1288,
2,nongraph_pair,2207,ac1b30806815ea4e,cmAPP:1787,cmAPP:1832,2c34ab854a6ad95b,-0.8095999999999999,-0.1291082203388214,0.1321,0.4403,
2,nongraph_pair,2207,b6967a59b842adff,cmAPP:1784,cmAPP:1829,9620aee947fd49ea,-2.8806,-0.4279278516769409,0.11789999999999999,0.5047999999999999,
2,nongraph_pair,2207,6ca5840cef4726ff,cmAPP:1807,cmAPP:1852,2c34ab854a6ad95b,0.17810000000000004,-0.10574451088905334,0.1475,0.1971,
2,nongraph_pair,2207,a1cbdd76747c5064,cmAPP:1776,cmAPP:1822,2c34ab854a6ad95b,-0.6519000000000001,-0.1861160397529602,0.0775,0.17120000000000002,
2,nongraph_pair,2207,50548dbd9fb26ec9,cmAPP:1792,cmAPP:1837,2c34ab854a6ad95b,-0.3258999999999999,-0.3476523756980896,0.3096,0.0693,
2,nongraph_pair,2207,66ba2338161aed27,cmAPP:1680,cmAPP:1725,151435cc8a45853a,-0.12819999999999987,-0.18675756454467773,0.026000000000000002,0.013500000000000002,
2,nongraph_pair,2207,a85eb0b11202f59e,cmAPP:1685,cmAPP:1731,2c34ab854a6ad95b,-0.07189999999999996,-0.2483729124069214,0.0286,0.0496,
2,nongraph_pair,2207,c09f8ea736c8479d,cmAPP:1683,cmAPP:1728,151435cc8a45853a,-0.014399999999999968,-0.15195804834365845,0.0364,0.0256,
2,nongraph_pair,2207,63008ff058569c96,cmAPP:1697,cmAPP:1742,2c34ab854a6ad95b,0.005700000000000149,-0.12931901216506958,0.06269999999999999,0.1005,
2,nongraph_pair,2207,7a921af808b2dfa6,cmAPP:1694,cmAPP:1739,9620aee947fd49ea,-0.5276000000000001,-0.4274470806121826,0.0654,0.09939999999999999,
2,nongraph_pair,2207,a15328e82188e58f,cmAPP:1717,cmAPP:1762,2c34ab854a6ad95b,-0.13879999999999992,-0.10549148917198181,0.0291,0.0843,
2,nongraph_pair,2207,70da5f6f47632dfe,cmAPP:1686,cmAPP:1732,2c34ab854a6ad95b,0.015100000000000113,-0.1860014796257019,0.049100000000000005,0.027000000000000003,
2,nongraph_pair,2207,fd3f38efafcec3ac,cmAPP:1702,cmAPP:1747,2c34ab854a6ad95b,-0.03489999999999993,-0.3477468192577362,0.0555,0.046,
2,nongraph_pair,2207,0eed2d75f2cde72d,cmAPP:1590,cmAPP:1635,151435cc8a45853a,-0.40340000000000004,-0.18627870082855225,0.0241,0.029500000000000002,
2,nongraph_pair,2207,1a6c9baac85f3629,cmAPP:1595,cmAPP:1641,2c34ab854a6ad95b,-0.20189999999999997,-0.2471071481704712,0.0129,0.0771,
2,nongraph_pair,2207,76e24e5164a31a01,cmAPP:1593,cmAPP:1638,151435cc8a45853a,-0.21689999999999998,-0.15134787559509277,0.028399999999999998,0.0443,
2,nongraph_pair,2207,7ad1ff1601478950,cmAPP:1607,cmAPP:1652,2c34ab854a6ad95b,0.0006999999999999229,-0.12990376353263855,0.0691,0.026099999999999998,
2,nongraph_pair,2207,d69a2449a6634854,cmAPP:1604,cmAPP:1649,9620aee947fd49ea,-1.4533999999999998,-0.4260760247707367,0.061399999999999996,0.5695,
2,nongraph_pair,2207,f3e88314b57e616d,cmAPP:1627,cmAPP:1672,2c34ab854a6ad95b,0.1450999999999999,-0.10477012395858765,0.075,0.0417,
2,nongraph_pair,2207,8ab257e2caab32a6,cmAPP:1596,cmAPP:1642,2c34ab854a6ad95b,-0.16900000000000015,-0.18566346168518066,0.0141,0.028399999999999998,
2,nongraph_pair,2207,134f453b89ce7319,cmAPP:1612,cmAPP:1657,2c34ab854a6ad95b,0.18099999999999994,-0.3480162024497986,0.0599,0.0075,
2,nongraph_pair,2207,6297178908babdb2,cmAPP:2040,cmAPP:2085,151435cc8a45853a,-0.28669999999999995,-0.18692559003829956,0.0592,0.0308,
2,nongraph_pair,2207,e07fbd2f23396c88,cmAPP:2045,cmAPP:2091,2c34ab854a6ad95b,-0.11920000000000008,-0.24881678819656372,0.0538,0.0915,
2,nongraph_pair,2207,ea69375d6e637f0b,cmAPP:2043,cmAPP:2088,151435cc8a45853a,-0.13270000000000004,-0.1521720290184021,0.0908,0.026699999999999998,
2,nongraph_pair,2207,51c13c0eaed60726,cmAPP:2057,cmAPP:2102,2c34ab854a6ad95b,0.14069999999999994,-0.1291082203388214,0.0353,0.0542,
2,nongraph_pair,2207,bfb561a0d6a8fc27,cmAPP:2054,cmAPP:2099,9620aee947fd49ea,-0.4963,-0.4279278516769409,0.0258,0.115,
2,nongraph_pair,2207,ff45b277fb60624e,cmAPP:2077,cmAPP:2122,2c34ab854a6ad95b,-0.1391,-0.10574451088905334,0.0673,0.1009,
2,nongraph_pair,2207,98341947aa56f870,cmAPP:2046,cmAPP:2092,2c34ab854a6ad95b,-0.10649999999999982,-0.1861160397529602,0.050499999999999996,0.0414,
2,nongraph_pair,2207,5fb5972af28fa281,cmAPP:2062,cmAPP:2107,2c34ab854a6ad95b,-0.118,-0.3476523756980896,0.1033,0.051100000000000007,
2,nongraph_pair,2207,8baebb96c0af3c90,cmAPP:1950,cmAPP:1995,151435cc8a45853a,-0.09720000000000006,-0.18675756454467773,0.024300000000000002,0.0365,
2,nongraph_pair,2207,c55d3bcca2d2a449,cmAPP:1955,cmAPP:2001,2c34ab854a6ad95b,0.023700000000000054,-0.2483729124069214,0.0421,0.0274,
2,nongraph_pair,2207,ef7b3a1b137a6db8,cmAPP:1953,cmAPP:1998,151435cc8a45853a,-0.022199999999999998,-0.15195804834365845,0.0733,0.0483,
2,nongraph_pair,2207,98f93e5fbbd41ec8,cmAPP:1967,cmAPP:2012,2c34ab854a6ad95b,0.10929999999999995,-0.12931901216506958,0.0698,0.0123,
2,nongraph_pair,2207,de9de367cfd0516a,cmAPP:1964,cmAPP:2009,9620aee947fd49ea,-0.6374,-0.4274470806121826,0.0904,0.1176,
2,nongraph_pair,2207,c78c802f0ed94739,cmAPP:1987,cmAPP:2032,2c34ab854a6ad95b,-0.0394000000000001,-0.10549148917198181,0.0444,0.031200000000000002,
2,nongraph_pair,2207,4aba9407294ef0a7,cmAPP:1956,cmAPP:2002,2c34ab854a6ad95b,0.011099999999999999,-0.1860014796257019,0.045,0.0151,
2,nongraph_pair,2207,29266f87dbea9446,cmAPP:1972,cmAPP:2017,2c34ab854a6ad95b,-0.011599999999999944,-0.3477468192577362,0.0276,0.037200000000000004,
2,nongraph_pair,2207,eb05d8fd23cb21a3,cmAPP:1860,cmAPP:1905,151435cc8a45853a,-0.10529999999999995,-0.18627870082855225,0.0024,0.021,
2,nongraph_pair,2207,db6359943b17ecc7,cmAPP:1865,cmAPP:1911,2c34ab854a6ad95b,-0.019300000000000095,-0.2471071481704712,0.0095,0.0076,
2,nongraph_pair,2207,4e91bc478f4a4aaa,cmAPP:1863,cmAPP:1908,151435cc8a45853a,-0.006599999999999939,-0.15134787559509277,0.0008,0.0070999999999999995,
2,nongraph_pair,2207,db76931262b18262,cmAPP:1877,cmAPP:1922,2c34ab854a6ad95b,-0.022599999999999842,-0.12990376353263855,0.0347,0.0526,
2,nongraph_pair,2207,c748ab46e40eb3c6,cmAPP:1874,cmAPP:1919,9620aee947fd49ea,-0.7228,-0.4260760247707367,0.0068000000000000005,0.22719999999999999,
2,nongraph_pair,2207,72fdff714d1fc08e,cmAPP:1897,cmAPP:1942,2c34ab854a6ad95b,-0.06989999999999996,-0.10477012395858765,0.019,0.037000000000000005,
2,nongraph_pair,2207,a4c4b94f50336897,cmAPP:1866,cmAPP:1912,2c34ab854a6ad95b,-0.0341999999999999,-0.18566346168518066,0.0053,0.011899999999999999,
2,nongraph_pair,2207,46898ba7d044be9b,cmAPP:1882,cmAPP:1927,2c34ab854a6ad95b,0.0007000000000000339,-0.3480162024497986,0.0242,0.0287,
2,nongraph_pair,3301,93389904f33e7718,cmAPP:1770,cmAPP:1815,151435cc8a45853a,-1.6145,-0.23638135194778442,0.0704,0.13849999999999998,
2,nongraph_pair,3301,e24b7d2aa22bb55c,cmAPP:1775,cmAPP:1821,2c34ab854a6ad95b,-0.9341,-0.257632851600647,0.0596,0.3439,
2,nongraph_pair,3301,c5b8e137a303cb45,cmAPP:1773,cmAPP:1818,151435cc8a45853a,-0.021100000000000008,-0.19445103406906128,0.0848,0.1288,
2,nongraph_pair,3301,ac1b30806815ea4e,cmAPP:1787,cmAPP:1832,2c34ab854a6ad95b,-0.8095999999999999,-0.22437813878059387,0.1321,0.4403,
2,nongraph_pair,3301,b6967a59b842adff,cmAPP:1784,cmAPP:1829,9620aee947fd49ea,-2.8806,-0.2743213176727295,0.11789999999999999,0.5047999999999999,
2,nongraph_pair,3301,6ca5840cef4726ff,cmAPP:1807,cmAPP:1852,2c34ab854a6ad95b,0.17810000000000004,-0.2552795112133026,0.1475,0.1971,
2,nongraph_pair,3301,a1cbdd76747c5064,cmAPP:1776,cmAPP:1822,2c34ab854a6ad95b,-0.6519000000000001,-0.27367693185806274,0.0775,0.17120000000000002,
2,nongraph_pair,3301,50548dbd9fb26ec9,cmAPP:1792,cmAPP:1837,2c34ab854a6ad95b,-0.3258999999999999,-0.28957298398017883,0.3096,0.0693,
2,nongraph_pair,3301,66ba2338161aed27,cmAPP:1680,cmAPP:1725,151435cc8a45853a,-0.12819999999999987,-0.236078679561615,0.026000000000000002,0.013500000000000002,
2,nongraph_pair,3301,a85eb0b11202f59e,cmAPP:1685,cmAPP:1731,2c34ab854a6ad95b,-0.07189999999999996,-0.2575226128101349,0.0286,0.0496,
2,nongraph_pair,3301,c09f8ea736c8479d,cmAPP:1683,cmAPP:1728,151435cc8a45853a,-0.014399999999999968,-0.194166898727417,0.0364,0.0256,
2,nongraph_pair,3301,63008ff058569c96,cmAPP:1697,cmAPP:1742,2c34ab854a6ad95b,0.005700000000000149,-0.22432774305343628,0.06269999999999999,0.1005,
2,nongraph_pair,3301,7a921af808b2dfa6,cmAPP:1694,cmAPP:1739,9620aee947fd49ea,-0.5276000000000001,-0.27420562505722046,0.0654,0.09939999999999999,
2,nongraph_pair,3301,a15328e82188e58f,cmAPP:1717,cmAPP:1762,2c34ab854a6ad95b,-0.13879999999999992,-0.2552236318588257,0.0291,0.0843,
2,nongraph_pair,3301,70da5f6f47632dfe,cmAPP:1686,cmAPP:1732,2c34ab854a6ad95b,0.015100000000000113,-0.27333682775497437,0.049100000000000005,0.027000000000000003,
2,nongraph_pair,3301,fd3f38efafcec3ac,cmAPP:1702,cmAPP:1747,2c34ab854a6ad95b,-0.03489999999999993,-0.2892835736274719,0.0555,0.046,
2,nongraph_pair,3301,0eed2d75f2cde72d,cmAPP:1590,cmAPP:1635,151435cc8a45853a,-0.40340000000000004,-0.23521548509597778,0.0241,0.029500000000000002,
2,nongraph_pair,3301,1a6c9baac85f3629,cmAPP:1595,cmAPP:1641,2c34ab854a6ad95b,-0.20189999999999997,-0.25720828771591187,0.0129,0.0771,
2,nongraph_pair,3301,76e24e5164a31a01,cmAPP:1593,cmAPP:1638,151435cc8a45853a,-0.21689999999999998,-0.19335663318634033,0.028399999999999998,0.0443,
2,nongraph_pair,3301,7ad1ff1601478950,cmAPP:1607,cmAPP:1652,2c34ab854a6ad95b,0.0006999999999999229,-0.22398436069488525,0.0691,0.026099999999999998,
2,nongraph_pair,3301,d69a2449a6634854,cmAPP:1604,cmAPP:1649,9620aee947fd49ea,-1.4533999999999998,-0.27387556433677673,0.061399999999999996,0.5695,
2,nongraph_pair,3301,f3e88314b57e616d,cmAPP:1627,cmAPP:1672,2c34ab854a6ad95b,0.1450999999999999,-0.2550642490386963,0.075,0.0417,
2,nongraph_pair,3301,8ab257e2caab32a6,cmAPP:1596,cmAPP:1642,2c34ab854a6ad95b,-0.16900000000000015,-0.27236708998680115,0.0141,0.028399999999999998,
2,nongraph_pair,3301,134f453b89ce7319,cmAPP:1612,cmAPP:1657,2c34ab854a6ad95b,0.18099999999999994,-0.28845834732055664,0.0599,0.0075,
2,nongraph_pair,3301,6297178908babdb2,cmAPP:2040,cmAPP:2085,151435cc8a45853a,-0.28669999999999995,-0.23638135194778442,0.0592,0.0308,
2,nongraph_pair,3301,e07fbd2f23396c88,cmAPP:2045,cmAPP:2091,2c34ab854a6ad95b,-0.11920000000000008,-0.257632851600647,0.0538,0.0915,
2,nongraph_pair,3301,ea69375d6e637f0b,cmAPP:2043,cmAPP:2088,151435cc8a45853a,-0.13270000000000004,-0.19445103406906128,0.0908,0.026699999999999998,
2,nongraph_pair,3301,51c13c0eaed60726,cmAPP:2057,cmAPP:2102,2c34ab854a6ad95b,0.14069999999999994,-0.22437813878059387,0.0353,0.0542,
2,nongraph_pair,3301,bfb561a0d6a8fc27,cmAPP:2054,cmAPP:2099,9620aee947fd49ea,-0.4963,-0.2743213176727295,0.0258,0.115,
2,nongraph_pair,3301,ff45b277fb60624e,cmAPP:2077,cmAPP:2122,2c34ab854a6ad95b,-0.1391,-0.2552795112133026,0.0673,0.1009,
2,nongraph_pair,3301,98341947aa56f870,cmAPP:2046,cmAPP:2092,2c34ab854a6ad95b,-0.10649999999999982,-0.27367693185806274,0.050499999999999996,0.0414,
2,nongraph_pair,3301,5fb5972af28fa281,cmAPP:2062,cmAPP:2107,2c34ab854a6ad95b,-0.118,-0.28957298398017883,0.1033,0.051100000000000007,
2,nongraph_pair,3301,8baebb96c0af3c90,cmAPP:1950,cmAPP:1995,151435cc8a45853a,-0.09720000000000006,-0.236078679561615,0.024300000000000002,0.0365,
2,nongraph_pair,3301,c55d3bcca2d2a449,cmAPP:1955,cmAPP:2001,2c34ab854a6ad95b,0.023700000000000054,-0.2575226128101349,0.0421,0.0274,
2,nongraph_pair,3301,ef7b3a1b137a6db8,cmAPP:1953,cmAPP:1998,151435cc8a45853a,-0.022199999999999998,-0.194166898727417,0.0733,0.0483,
2,nongraph_pair,3301,98f93e5fbbd41ec8,cmAPP:1967,cmAPP:2012,2c34ab854a6ad95b,0.10929999999999995,-0.22432774305343628,0.0698,0.0123,
2,nongraph_pair,3301,de9de367cfd0516a,cmAPP:1964,cmAPP:2009,9620aee947fd49ea,-0.6374,-0.27420562505722046,0.0904,0.1176,
2,nongraph_pair,3301,c78c802f0ed94739,cmAPP:1987,cmAPP:2032,2c34ab854a6ad95b,-0.0394000000000001,-0.2552236318588257,0.0444,0.031200000000000002,
2,nongraph_pair,3301,4aba9407294ef0a7,cmAPP:1956,cmAPP:2002,2c34ab854a6ad95b,0.011099999999999999,-0.27333682775497437,0.045,0.0151,
2,nongraph_pair,3301,29266f87dbea9446,cmAPP:1972,cmAPP:2017,2c34ab854a6ad95b,-0.011599999999999944,-0.2892835736274719,0.0276,0.037200000000000004,
2,nongraph_pair,3301,eb05d8fd23cb21a3,cmAPP:1860,cmAPP:1905,151435cc8a45853a,-0.10529999999999995,-0.23521548509597778,0.0024,0.021,
2,nongraph_pair,3301,db6359943b17ecc7,cmAPP:1865,cmAPP:1911,2c34ab854a6ad95b,-0.019300000000000095,-0.25720828771591187,0.0095,0.0076,
2,nongraph_pair,3301,4e91bc478f4a4aaa,cmAPP:1863,cmAPP:1908,151435cc8a45853a,-0.006599999999999939,-0.19335663318634033,0.0008,0.0070999999999999995,
2,nongraph_pair,3301,db76931262b18262,cmAPP:1877,cmAPP:1922,2c34ab854a6ad95b,-0.022599999999999842,-0.22398436069488525,0.0347,0.0526,
2,nongraph_pair,3301,c748ab46e40eb3c6,cmAPP:1874,cmAPP:1919,9620aee947fd49ea,-0.7228,-0.27387556433677673,0.0068000000000000005,0.22719999999999999,
2,nongraph_pair,3301,72fdff714d1fc08e,cmAPP:1897,cmAPP:1942,2c34ab854a6ad95b,-0.06989999999999996,-0.2550642490386963,0.019,0.037000000000000005,
2,nongraph_pair,3301,a4c4b94f50336897,cmAPP:1866,cmAPP:1912,2c34ab854a6ad95b,-0.0341999999999999,-0.27236708998680115,0.0053,0.011899999999999999,
2,nongraph_pair,3301,46898ba7d044be9b,cmAPP:1882,cmAPP:1927,2c34ab854a6ad95b,0.0007000000000000339,-0.28845834732055664,0.0242,0.0287,
3,zero,0,34a0cf77853c520f,cmAPP:1808,cmAPP:1853,5848c205ff64ecf8,0.5641999999999998,0.0,0.4637,0.4285,
3,zero,0,53bd4571937b65d8,cmAPP:1777,cmAPP:1820,9fea29da568e9bc1,-1.8657,0.0,0.1051,0.4839,
3,zero,0,327843b402480d74,cmAPP:1800,cmAPP:1841,5848c205ff64ecf8,0.5433,0.0,0.4465,0.1478,
3,zero,0,1d5a6a30d03d4ace,cmAPP:1765,cmAPP:1810,17103b04fab21cdc,-0.4945,0.0,0.12050000000000001,0.1419,
3,zero,0,4490c940bfdaa814,cmAPP:1768,cmAPP:1813,17103b04fab21cdc,-0.935,0.0,0.1338,0.09609999999999999,
3,zero,0,ae0b1f16d5b39dea,cmAPP:1801,cmAPP:1842,5848c205ff64ecf8,0.43200000000000005,0.0,0.13390000000000002,0.1041,
3,zero,0,e52464c3fde0c9de,cmAPP:1718,cmAPP:1763,5848c205ff64ecf8,-0.361,0.0,0.0562,0.1673,
3,zero,0,2f48d456f6284b36,cmAPP:1687,cmAPP:1730,9fea29da568e9bc1,-0.3121,0.0,0.0704,0.0848,
3,zero,0,c118eab8e379718c,cmAPP:1710,cmAPP:1751,5848c205ff64ecf8,0.2778999999999999,0.0,0.0418,0.0371,
3,zero,0,bb68ab734a60ad5c,cmAPP:1675,cmAPP:1720,17103b04fab21cdc,0.022400000000000087,0.0,0.0253,0.006999999999999999,
3,zero,0,0d965a5abd1a268c,cmAPP:1678,cmAPP:1723,17103b04fab21cdc,-0.05410000000000015,0.0,0.023799999999999998,0.057699999999999994,
3,zero,0,62cb9585f226cf4c,cmAPP:1711,cmAPP:1752,5848c205ff64ecf8,-0.5549,0.0,0.009399999999999999,0.0779,
3,zero,0,9bf5f3d125221e4c,cmAPP:1628,cmAPP:1673,5848c205ff64ecf8,0.1386,0.0,0.1333,0.0969,
3,zero,0,db264d54acc9cc94,cmAPP:1597,cmAPP:1640,9fea29da568e9bc1,-0.79,0.0,0.0475,0.1617,
3,zero,0,450bf38c165fbd1a,cmAPP:1620,cmAPP:1661,5848c205ff64ecf8,0.23629999999999995,0.0,0.0346,0.0215,
3,zero,0,d2d72d8278e8ff2f,cmAPP:1585,cmAPP:1630,17103b04fab21cdc,-0.16439999999999988,0.0,0.0392,0.0429,
3,zero,0,cf3a3e7485b31ba0,cmAPP:1588,cmAPP:1633,17103b04fab21cdc,-0.2547999999999999,0.0,0.03,0.09269999999999999,
3,zero,0,58b9f1849445a903,cmAPP:1621,cmAPP:1662,5848c205ff64ecf8,-0.10060000000000002,0.0,0.0401,0.1016,
3,zero,0,f56e1ddec22a1688,cmAPP:2078,cmAPP:2123,5848c205ff64ecf8,-0.21069999999999994,0.0,0.0633,0.09269999999999999,
3,zero,0,e4cc745fd18c9923,cmAPP:2047,cmAPP:2090,9fea29da568e9bc1,-0.6328999999999999,0.0,0.0196,0.1439,
3,zero,0,6a678b00b934044e,cmAPP:2070,cmAPP:2111,5848c205ff64ecf8,0.26859999999999995,0.0,0.067,0.06269999999999999,
3,zero,0,d52d528f0aa9bd30,cmAPP:2035,cmAPP:2080,17103b04fab21cdc,-0.22899999999999987,0.0,0.0641,0.0755,
3,zero,0,e6bc6fc3ddc258ff,cmAPP:2038,cmAPP:2083,17103b04fab21cdc,-0.1522,0.0,0.05,0.047400000000000005,
3,zero,0,0c7a97d50dabb197,cmAPP:2071,cmAPP:2112,5848c205ff64ecf8,-0.4119,0.0,0.0747,0.18719999999999998,
3,zero,0,5e97508244c8c76c,cmAPP:1988,cmAPP:2033,5848c205ff64ecf8,-0.16470000000000007,0.0,0.08710000000000001,0.025699999999999997,
3,zero,0,1711355de18f68c1,cmAPP:1957,cmAPP:2000,9fea29da568e9bc1,-0.3823999999999999,0.0,0.036000000000000004,0.054400000000000004,
3,zero,0,18c6d9223a20ba73,cmAPP:1980,cmAPP:2021,5848c205ff64ecf8,0.15689999999999993,0.0,0.0768,0.0052,
3,zero,0,61808a59ae1e72f6,cmAPP:1945,cmAPP:1990,17103b04fab21cdc,-0.022299999999999986,0.0,0.0379,0.0414,
3,zero,0,aae93bc901d599ee,cmAPP:1948,cmAPP:1993,17103b04fab21cdc,0.015799999999999925,0.0,0.0304,0.06,
3,zero,0,c516136711beb154,cmAPP:1981,cmAPP:2022,5848c205ff64ecf8,-0.43430000000000013,0.0,0.0325,0.1017,
3,zero,0,ffc888cf36b05bc2,cmAPP:1898,cmAPP:1943,5848c205ff64ecf8,-0.1835,0.0,0.0184,0.0542,
3,zero,0,5c37a4bb04018995,cmAPP:1867,cmAPP:1910,9fea29da568e9bc1,-0.276,0.0,0.0181,0.1264,
3,zero,0,5216d53e06ede17c,cmAPP:1890,cmAPP:1931,5848c205ff64ecf8,0.017800000000000038,0.0,0.0196,0.001,
3,zero,0,1b4f407ebbaeb5b2,cmAPP:1855,cmAPP:1900,17103b04fab21cdc,-0.04720000000000002,0.0,0.0007000000000000001,0.030699999999999998,
3,zero,0,790c224fb15729e8,cmAPP:1858,cmAPP:1903,17103b04fab21cdc,-0.03939999999999999,0.0,0.012,0.013999999999999999,
3,zero,0,d1d883357891e048,cmAPP:1891,cmAPP:1932,5848c205ff64ecf8,-0.3360000000000001,0.0,0.0024,0.1892,
3,training_mean,0,34a0cf77853c520f,cmAPP:1808,cmAPP:1853,5848c205ff64ecf8,0.5641999999999998,-0.30194142912845656,0.4637,0.4285,
3,training_mean,0,53bd4571937b65d8,cmAPP:1777,cmAPP:1820,9fea29da568e9bc1,-1.8657,-0.30194142912845656,0.1051,0.4839,
3,training_mean,0,327843b402480d74,cmAPP:1800,cmAPP:1841,5848c205ff64ecf8,0.5433,-0.30194142912845656,0.4465,0.1478,
3,training_mean,0,1d5a6a30d03d4ace,cmAPP:1765,cmAPP:1810,17103b04fab21cdc,-0.4945,-0.30194142912845656,0.12050000000000001,0.1419,
3,training_mean,0,4490c940bfdaa814,cmAPP:1768,cmAPP:1813,17103b04fab21cdc,-0.935,-0.30194142912845656,0.1338,0.09609999999999999,
3,training_mean,0,ae0b1f16d5b39dea,cmAPP:1801,cmAPP:1842,5848c205ff64ecf8,0.43200000000000005,-0.30194142912845656,0.13390000000000002,0.1041,
3,training_mean,0,e52464c3fde0c9de,cmAPP:1718,cmAPP:1763,5848c205ff64ecf8,-0.361,-0.30194142912845656,0.0562,0.1673,
3,training_mean,0,2f48d456f6284b36,cmAPP:1687,cmAPP:1730,9fea29da568e9bc1,-0.3121,-0.30194142912845656,0.0704,0.0848,
3,training_mean,0,c118eab8e379718c,cmAPP:1710,cmAPP:1751,5848c205ff64ecf8,0.2778999999999999,-0.30194142912845656,0.0418,0.0371,
3,training_mean,0,bb68ab734a60ad5c,cmAPP:1675,cmAPP:1720,17103b04fab21cdc,0.022400000000000087,-0.30194142912845656,0.0253,0.006999999999999999,
3,training_mean,0,0d965a5abd1a268c,cmAPP:1678,cmAPP:1723,17103b04fab21cdc,-0.05410000000000015,-0.30194142912845656,0.023799999999999998,0.057699999999999994,
3,training_mean,0,62cb9585f226cf4c,cmAPP:1711,cmAPP:1752,5848c205ff64ecf8,-0.5549,-0.30194142912845656,0.009399999999999999,0.0779,
3,training_mean,0,9bf5f3d125221e4c,cmAPP:1628,cmAPP:1673,5848c205ff64ecf8,0.1386,-0.30194142912845656,0.1333,0.0969,
3,training_mean,0,db264d54acc9cc94,cmAPP:1597,cmAPP:1640,9fea29da568e9bc1,-0.79,-0.30194142912845656,0.0475,0.1617,
3,training_mean,0,450bf38c165fbd1a,cmAPP:1620,cmAPP:1661,5848c205ff64ecf8,0.23629999999999995,-0.30194142912845656,0.0346,0.0215,
3,training_mean,0,d2d72d8278e8ff2f,cmAPP:1585,cmAPP:1630,17103b04fab21cdc,-0.16439999999999988,-0.30194142912845656,0.0392,0.0429,
3,training_mean,0,cf3a3e7485b31ba0,cmAPP:1588,cmAPP:1633,17103b04fab21cdc,-0.2547999999999999,-0.30194142912845656,0.03,0.09269999999999999,
3,training_mean,0,58b9f1849445a903,cmAPP:1621,cmAPP:1662,5848c205ff64ecf8,-0.10060000000000002,-0.30194142912845656,0.0401,0.1016,
3,training_mean,0,f56e1ddec22a1688,cmAPP:2078,cmAPP:2123,5848c205ff64ecf8,-0.21069999999999994,-0.30194142912845656,0.0633,0.09269999999999999,
3,training_mean,0,e4cc745fd18c9923,cmAPP:2047,cmAPP:2090,9fea29da568e9bc1,-0.6328999999999999,-0.30194142912845656,0.0196,0.1439,
3,training_mean,0,6a678b00b934044e,cmAPP:2070,cmAPP:2111,5848c205ff64ecf8,0.26859999999999995,-0.30194142912845656,0.067,0.06269999999999999,
3,training_mean,0,d52d528f0aa9bd30,cmAPP:2035,cmAPP:2080,17103b04fab21cdc,-0.22899999999999987,-0.30194142912845656,0.0641,0.0755,
3,training_mean,0,e6bc6fc3ddc258ff,cmAPP:2038,cmAPP:2083,17103b04fab21cdc,-0.1522,-0.30194142912845656,0.05,0.047400000000000005,
3,training_mean,0,0c7a97d50dabb197,cmAPP:2071,cmAPP:2112,5848c205ff64ecf8,-0.4119,-0.30194142912845656,0.0747,0.18719999999999998,
3,training_mean,0,5e97508244c8c76c,cmAPP:1988,cmAPP:2033,5848c205ff64ecf8,-0.16470000000000007,-0.30194142912845656,0.08710000000000001,0.025699999999999997,
3,training_mean,0,1711355de18f68c1,cmAPP:1957,cmAPP:2000,9fea29da568e9bc1,-0.3823999999999999,-0.30194142912845656,0.036000000000000004,0.054400000000000004,
3,training_mean,0,18c6d9223a20ba73,cmAPP:1980,cmAPP:2021,5848c205ff64ecf8,0.15689999999999993,-0.30194142912845656,0.0768,0.0052,
3,training_mean,0,61808a59ae1e72f6,cmAPP:1945,cmAPP:1990,17103b04fab21cdc,-0.022299999999999986,-0.30194142912845656,0.0379,0.0414,
3,training_mean,0,aae93bc901d599ee,cmAPP:1948,cmAPP:1993,17103b04fab21cdc,0.015799999999999925,-0.30194142912845656,0.0304,0.06,
3,training_mean,0,c516136711beb154,cmAPP:1981,cmAPP:2022,5848c205ff64ecf8,-0.43430000000000013,-0.30194142912845656,0.0325,0.1017,
3,training_mean,0,ffc888cf36b05bc2,cmAPP:1898,cmAPP:1943,5848c205ff64ecf8,-0.1835,-0.30194142912845656,0.0184,0.0542,
3,training_mean,0,5c37a4bb04018995,cmAPP:1867,cmAPP:1910,9fea29da568e9bc1,-0.276,-0.30194142912845656,0.0181,0.1264,
3,training_mean,0,5216d53e06ede17c,cmAPP:1890,cmAPP:1931,5848c205ff64ecf8,0.017800000000000038,-0.30194142912845656,0.0196,0.001,
3,training_mean,0,1b4f407ebbaeb5b2,cmAPP:1855,cmAPP:1900,17103b04fab21cdc,-0.04720000000000002,-0.30194142912845656,0.0007000000000000001,0.030699999999999998,
3,training_mean,0,790c224fb15729e8,cmAPP:1858,cmAPP:1903,17103b04fab21cdc,-0.03939999999999999,-0.30194142912845656,0.012,0.013999999999999999,
3,training_mean,0,d1d883357891e048,cmAPP:1891,cmAPP:1932,5848c205ff64ecf8,-0.3360000000000001,-0.30194142912845656,0.0024,0.1892,
3,training_majority,0,34a0cf77853c520f,cmAPP:1808,cmAPP:1853,5848c205ff64ecf8,0.5641999999999998,-1.0,0.4637,0.4285,
3,training_majority,0,53bd4571937b65d8,cmAPP:1777,cmAPP:1820,9fea29da568e9bc1,-1.8657,-1.0,0.1051,0.4839,
3,training_majority,0,327843b402480d74,cmAPP:1800,cmAPP:1841,5848c205ff64ecf8,0.5433,-1.0,0.4465,0.1478,
3,training_majority,0,1d5a6a30d03d4ace,cmAPP:1765,cmAPP:1810,17103b04fab21cdc,-0.4945,-1.0,0.12050000000000001,0.1419,
3,training_majority,0,4490c940bfdaa814,cmAPP:1768,cmAPP:1813,17103b04fab21cdc,-0.935,-1.0,0.1338,0.09609999999999999,
3,training_majority,0,ae0b1f16d5b39dea,cmAPP:1801,cmAPP:1842,5848c205ff64ecf8,0.43200000000000005,-1.0,0.13390000000000002,0.1041,
3,training_majority,0,e52464c3fde0c9de,cmAPP:1718,cmAPP:1763,5848c205ff64ecf8,-0.361,-1.0,0.0562,0.1673,
3,training_majority,0,2f48d456f6284b36,cmAPP:1687,cmAPP:1730,9fea29da568e9bc1,-0.3121,-1.0,0.0704,0.0848,
3,training_majority,0,c118eab8e379718c,cmAPP:1710,cmAPP:1751,5848c205ff64ecf8,0.2778999999999999,-1.0,0.0418,0.0371,
3,training_majority,0,bb68ab734a60ad5c,cmAPP:1675,cmAPP:1720,17103b04fab21cdc,0.022400000000000087,-1.0,0.0253,0.006999999999999999,
3,training_majority,0,0d965a5abd1a268c,cmAPP:1678,cmAPP:1723,17103b04fab21cdc,-0.05410000000000015,-1.0,0.023799999999999998,0.057699999999999994,
3,training_majority,0,62cb9585f226cf4c,cmAPP:1711,cmAPP:1752,5848c205ff64ecf8,-0.5549,-1.0,0.009399999999999999,0.0779,
3,training_majority,0,9bf5f3d125221e4c,cmAPP:1628,cmAPP:1673,5848c205ff64ecf8,0.1386,-1.0,0.1333,0.0969,
3,training_majority,0,db264d54acc9cc94,cmAPP:1597,cmAPP:1640,9fea29da568e9bc1,-0.79,-1.0,0.0475,0.1617,
3,training_majority,0,450bf38c165fbd1a,cmAPP:1620,cmAPP:1661,5848c205ff64ecf8,0.23629999999999995,-1.0,0.0346,0.0215,
3,training_majority,0,d2d72d8278e8ff2f,cmAPP:1585,cmAPP:1630,17103b04fab21cdc,-0.16439999999999988,-1.0,0.0392,0.0429,
3,training_majority,0,cf3a3e7485b31ba0,cmAPP:1588,cmAPP:1633,17103b04fab21cdc,-0.2547999999999999,-1.0,0.03,0.09269999999999999,
3,training_majority,0,58b9f1849445a903,cmAPP:1621,cmAPP:1662,5848c205ff64ecf8,-0.10060000000000002,-1.0,0.0401,0.1016,
3,training_majority,0,f56e1ddec22a1688,cmAPP:2078,cmAPP:2123,5848c205ff64ecf8,-0.21069999999999994,-1.0,0.0633,0.09269999999999999,
3,training_majority,0,e4cc745fd18c9923,cmAPP:2047,cmAPP:2090,9fea29da568e9bc1,-0.6328999999999999,-1.0,0.0196,0.1439,
3,training_majority,0,6a678b00b934044e,cmAPP:2070,cmAPP:2111,5848c205ff64ecf8,0.26859999999999995,-1.0,0.067,0.06269999999999999,
3,training_majority,0,d52d528f0aa9bd30,cmAPP:2035,cmAPP:2080,17103b04fab21cdc,-0.22899999999999987,-1.0,0.0641,0.0755,
3,training_majority,0,e6bc6fc3ddc258ff,cmAPP:2038,cmAPP:2083,17103b04fab21cdc,-0.1522,-1.0,0.05,0.047400000000000005,
3,training_majority,0,0c7a97d50dabb197,cmAPP:2071,cmAPP:2112,5848c205ff64ecf8,-0.4119,-1.0,0.0747,0.18719999999999998,
3,training_majority,0,5e97508244c8c76c,cmAPP:1988,cmAPP:2033,5848c205ff64ecf8,-0.16470000000000007,-1.0,0.08710000000000001,0.025699999999999997,
3,training_majority,0,1711355de18f68c1,cmAPP:1957,cmAPP:2000,9fea29da568e9bc1,-0.3823999999999999,-1.0,0.036000000000000004,0.054400000000000004,
3,training_majority,0,18c6d9223a20ba73,cmAPP:1980,cmAPP:2021,5848c205ff64ecf8,0.15689999999999993,-1.0,0.0768,0.0052,
3,training_majority,0,61808a59ae1e72f6,cmAPP:1945,cmAPP:1990,17103b04fab21cdc,-0.022299999999999986,-1.0,0.0379,0.0414,
3,training_majority,0,aae93bc901d599ee,cmAPP:1948,cmAPP:1993,17103b04fab21cdc,0.015799999999999925,-1.0,0.0304,0.06,
3,training_majority,0,c516136711beb154,cmAPP:1981,cmAPP:2022,5848c205ff64ecf8,-0.43430000000000013,-1.0,0.0325,0.1017,
3,training_majority,0,ffc888cf36b05bc2,cmAPP:1898,cmAPP:1943,5848c205ff64ecf8,-0.1835,-1.0,0.0184,0.0542,
3,training_majority,0,5c37a4bb04018995,cmAPP:1867,cmAPP:1910,9fea29da568e9bc1,-0.276,-1.0,0.0181,0.1264,
3,training_majority,0,5216d53e06ede17c,cmAPP:1890,cmAPP:1931,5848c205ff64ecf8,0.017800000000000038,-1.0,0.0196,0.001,
3,training_majority,0,1b4f407ebbaeb5b2,cmAPP:1855,cmAPP:1900,17103b04fab21cdc,-0.04720000000000002,-1.0,0.0007000000000000001,0.030699999999999998,
3,training_majority,0,790c224fb15729e8,cmAPP:1858,cmAPP:1903,17103b04fab21cdc,-0.03939999999999999,-1.0,0.012,0.013999999999999999,
3,training_majority,0,d1d883357891e048,cmAPP:1891,cmAPP:1932,5848c205ff64ecf8,-0.3360000000000001,-1.0,0.0024,0.1892,
3,pair_ridge,0,34a0cf77853c520f,cmAPP:1808,cmAPP:1853,5848c205ff64ecf8,0.5641999999999998,-0.23263779282569885,0.4637,0.4285,
3,pair_ridge,0,53bd4571937b65d8,cmAPP:1777,cmAPP:1820,9fea29da568e9bc1,-1.8657,-0.2081945836544037,0.1051,0.4839,
3,pair_ridge,0,327843b402480d74,cmAPP:1800,cmAPP:1841,5848c205ff64ecf8,0.5433,-0.1647634208202362,0.4465,0.1478,
3,pair_ridge,0,1d5a6a30d03d4ace,cmAPP:1765,cmAPP:1810,17103b04fab21cdc,-0.4945,-0.3049941062927246,0.12050000000000001,0.1419,
3,pair_ridge,0,4490c940bfdaa814,cmAPP:1768,cmAPP:1813,17103b04fab21cdc,-0.935,-0.13204434514045715,0.1338,0.09609999999999999,
3,pair_ridge,0,ae0b1f16d5b39dea,cmAPP:1801,cmAPP:1842,5848c205ff64ecf8,0.43200000000000005,-0.3097624182701111,0.13390000000000002,0.1041,
3,pair_ridge,0,e52464c3fde0c9de,cmAPP:1718,cmAPP:1763,5848c205ff64ecf8,-0.361,-0.23263779282569885,0.0562,0.1673,
3,pair_ridge,0,2f48d456f6284b36,cmAPP:1687,cmAPP:1730,9fea29da568e9bc1,-0.3121,-0.2081945836544037,0.0704,0.0848,
3,pair_ridge,0,c118eab8e379718c,cmAPP:1710,cmAPP:1751,5848c205ff64ecf8,0.2778999999999999,-0.1647634208202362,0.0418,0.0371,
3,pair_ridge,0,bb68ab734a60ad5c,cmAPP:1675,cmAPP:1720,17103b04fab21cdc,0.022400000000000087,-0.3049941062927246,0.0253,0.006999999999999999,
3,pair_ridge,0,0d965a5abd1a268c,cmAPP:1678,cmAPP:1723,17103b04fab21cdc,-0.05410000000000015,-0.13204434514045715,0.023799999999999998,0.057699999999999994,
3,pair_ridge,0,62cb9585f226cf4c,cmAPP:1711,cmAPP:1752,5848c205ff64ecf8,-0.5549,-0.3097624182701111,0.009399999999999999,0.0779,
3,pair_ridge,0,9bf5f3d125221e4c,cmAPP:1628,cmAPP:1673,5848c205ff64ecf8,0.1386,-0.23263779282569885,0.1333,0.0969,
3,pair_ridge,0,db264d54acc9cc94,cmAPP:1597,cmAPP:1640,9fea29da568e9bc1,-0.79,-0.2081945836544037,0.0475,0.1617,
3,pair_ridge,0,450bf38c165fbd1a,cmAPP:1620,cmAPP:1661,5848c205ff64ecf8,0.23629999999999995,-0.1647634208202362,0.0346,0.0215,
3,pair_ridge,0,d2d72d8278e8ff2f,cmAPP:1585,cmAPP:1630,17103b04fab21cdc,-0.16439999999999988,-0.3049941062927246,0.0392,0.0429,
3,pair_ridge,0,cf3a3e7485b31ba0,cmAPP:1588,cmAPP:1633,17103b04fab21cdc,-0.2547999999999999,-0.13204434514045715,0.03,0.09269999999999999,
3,pair_ridge,0,58b9f1849445a903,cmAPP:1621,cmAPP:1662,5848c205ff64ecf8,-0.10060000000000002,-0.3097624182701111,0.0401,0.1016,
3,pair_ridge,0,f56e1ddec22a1688,cmAPP:2078,cmAPP:2123,5848c205ff64ecf8,-0.21069999999999994,-0.23263779282569885,0.0633,0.09269999999999999,
3,pair_ridge,0,e4cc745fd18c9923,cmAPP:2047,cmAPP:2090,9fea29da568e9bc1,-0.6328999999999999,-0.2081945836544037,0.0196,0.1439,
3,pair_ridge,0,6a678b00b934044e,cmAPP:2070,cmAPP:2111,5848c205ff64ecf8,0.26859999999999995,-0.1647634208202362,0.067,0.06269999999999999,
3,pair_ridge,0,d52d528f0aa9bd30,cmAPP:2035,cmAPP:2080,17103b04fab21cdc,-0.22899999999999987,-0.3049941062927246,0.0641,0.0755,
3,pair_ridge,0,e6bc6fc3ddc258ff,cmAPP:2038,cmAPP:2083,17103b04fab21cdc,-0.1522,-0.13204434514045715,0.05,0.047400000000000005,
3,pair_ridge,0,0c7a97d50dabb197,cmAPP:2071,cmAPP:2112,5848c205ff64ecf8,-0.4119,-0.3097624182701111,0.0747,0.18719999999999998,
3,pair_ridge,0,5e97508244c8c76c,cmAPP:1988,cmAPP:2033,5848c205ff64ecf8,-0.16470000000000007,-0.23263779282569885,0.08710000000000001,0.025699999999999997,
3,pair_ridge,0,1711355de18f68c1,cmAPP:1957,cmAPP:2000,9fea29da568e9bc1,-0.3823999999999999,-0.2081945836544037,0.036000000000000004,0.054400000000000004,
3,pair_ridge,0,18c6d9223a20ba73,cmAPP:1980,cmAPP:2021,5848c205ff64ecf8,0.15689999999999993,-0.1647634208202362,0.0768,0.0052,
3,pair_ridge,0,61808a59ae1e72f6,cmAPP:1945,cmAPP:1990,17103b04fab21cdc,-0.022299999999999986,-0.3049941062927246,0.0379,0.0414,
3,pair_ridge,0,aae93bc901d599ee,cmAPP:1948,cmAPP:1993,17103b04fab21cdc,0.015799999999999925,-0.13204434514045715,0.0304,0.06,
3,pair_ridge,0,c516136711beb154,cmAPP:1981,cmAPP:2022,5848c205ff64ecf8,-0.43430000000000013,-0.3097624182701111,0.0325,0.1017,
3,pair_ridge,0,ffc888cf36b05bc2,cmAPP:1898,cmAPP:1943,5848c205ff64ecf8,-0.1835,-0.23263779282569885,0.0184,0.0542,
3,pair_ridge,0,5c37a4bb04018995,cmAPP:1867,cmAPP:1910,9fea29da568e9bc1,-0.276,-0.2081945836544037,0.0181,0.1264,
3,pair_ridge,0,5216d53e06ede17c,cmAPP:1890,cmAPP:1931,5848c205ff64ecf8,0.017800000000000038,-0.1647634208202362,0.0196,0.001,
3,pair_ridge,0,1b4f407ebbaeb5b2,cmAPP:1855,cmAPP:1900,17103b04fab21cdc,-0.04720000000000002,-0.3049941062927246,0.0007000000000000001,0.030699999999999998,
3,pair_ridge,0,790c224fb15729e8,cmAPP:1858,cmAPP:1903,17103b04fab21cdc,-0.03939999999999999,-0.13204434514045715,0.012,0.013999999999999999,
3,pair_ridge,0,d1d883357891e048,cmAPP:1891,cmAPP:1932,5848c205ff64ecf8,-0.3360000000000001,-0.3097624182701111,0.0024,0.1892,
3,gnn_activity,1103,34a0cf77853c520f,cmAPP:1808,cmAPP:1853,5848c205ff64ecf8,0.5641999999999998,-0.2787851095199585,0.4637,0.4285,
3,gnn_activity,1103,53bd4571937b65d8,cmAPP:1777,cmAPP:1820,9fea29da568e9bc1,-1.8657,-0.3033047318458557,0.1051,0.4839,
3,gnn_activity,1103,327843b402480d74,cmAPP:1800,cmAPP:1841,5848c205ff64ecf8,0.5433,-0.3872108459472656,0.4465,0.1478,
3,gnn_activity,1103,1d5a6a30d03d4ace,cmAPP:1765,cmAPP:1810,17103b04fab21cdc,-0.4945,-0.26051682233810425,0.12050000000000001,0.1419,
3,gnn_activity,1103,4490c940bfdaa814,cmAPP:1768,cmAPP:1813,17103b04fab21cdc,-0.935,-0.2319837212562561,0.1338,0.09609999999999999,
3,gnn_activity,1103,ae0b1f16d5b39dea,cmAPP:1801,cmAPP:1842,5848c205ff64ecf8,0.43200000000000005,-0.350821852684021,0.13390000000000002,0.1041,
3,gnn_activity,1103,e52464c3fde0c9de,cmAPP:1718,cmAPP:1763,5848c205ff64ecf8,-0.361,-0.2779371440410614,0.0562,0.1673,
3,gnn_activity,1103,2f48d456f6284b36,cmAPP:1687,cmAPP:1730,9fea29da568e9bc1,-0.3121,-0.3023838400840759,0.0704,0.0848,
3,gnn_activity,1103,c118eab8e379718c,cmAPP:1710,cmAPP:1751,5848c205ff64ecf8,0.2778999999999999,-0.38678795099258423,0.0418,0.0371,
3,gnn_activity,1103,bb68ab734a60ad5c,cmAPP:1675,cmAPP:1720,17103b04fab21cdc,0.022400000000000087,-0.2595667839050293,0.0253,0.006999999999999999,
3,gnn_activity,1103,0d965a5abd1a268c,cmAPP:1678,cmAPP:1723,17103b04fab21cdc,-0.05410000000000015,-0.23169982433319092,0.023799999999999998,0.057699999999999994,
3,gnn_activity,1103,62cb9585f226cf4c,cmAPP:1711,cmAPP:1752,5848c205ff64ecf8,-0.5549,-0.35029321908950806,0.009399999999999999,0.0779,
3,gnn_activity,1103,9bf5f3d125221e4c,cmAPP:1628,cmAPP:1673,5848c205ff64ecf8,0.1386,-0.2755191922187805,0.1333,0.0969,
3,gnn_activity,1103,db264d54acc9cc94,cmAPP:1597,cmAPP:1640,9fea29da568e9bc1,-0.79,-0.2997578978538513,0.0475,0.1617,
3,gnn_activity,1103,450bf38c165fbd1a,cmAPP:1620,cmAPP:1661,5848c205ff64ecf8,0.23629999999999995,-0.38534289598464966,0.0346,0.0215,
3,gnn_activity,1103,d2d72d8278e8ff2f,cmAPP:1585,cmAPP:1630,17103b04fab21cdc,-0.16439999999999988,-0.25685757398605347,0.0392,0.0429,
3,gnn_activity,1103,cf3a3e7485b31ba0,cmAPP:1588,cmAPP:1633,17103b04fab21cdc,-0.2547999999999999,-0.23003685474395752,0.03,0.09269999999999999,
3,gnn_activity,1103,58b9f1849445a903,cmAPP:1621,cmAPP:1662,5848c205ff64ecf8,-0.10060000000000002,-0.34878602623939514,0.0401,0.1016,
3,gnn_activity,1103,f56e1ddec22a1688,cmAPP:2078,cmAPP:2123,5848c205ff64ecf8,-0.21069999999999994,-0.2787851095199585,0.0633,0.09269999999999999,
3,gnn_activity,1103,e4cc745fd18c9923,cmAPP:2047,cmAPP:2090,9fea29da568e9bc1,-0.6328999999999999,-0.3033047318458557,0.0196,0.1439,
3,gnn_activity,1103,6a678b00b934044e,cmAPP:2070,cmAPP:2111,5848c205ff64ecf8,0.26859999999999995,-0.3872108459472656,0.067,0.06269999999999999,
3,gnn_activity,1103,d52d528f0aa9bd30,cmAPP:2035,cmAPP:2080,17103b04fab21cdc,-0.22899999999999987,-0.26051682233810425,0.0641,0.0755,
3,gnn_activity,1103,e6bc6fc3ddc258ff,cmAPP:2038,cmAPP:2083,17103b04fab21cdc,-0.1522,-0.2319837212562561,0.05,0.047400000000000005,
3,gnn_activity,1103,0c7a97d50dabb197,cmAPP:2071,cmAPP:2112,5848c205ff64ecf8,-0.4119,-0.350821852684021,0.0747,0.18719999999999998,
3,gnn_activity,1103,5e97508244c8c76c,cmAPP:1988,cmAPP:2033,5848c205ff64ecf8,-0.16470000000000007,-0.2779371440410614,0.08710000000000001,0.025699999999999997,
3,gnn_activity,1103,1711355de18f68c1,cmAPP:1957,cmAPP:2000,9fea29da568e9bc1,-0.3823999999999999,-0.3023838400840759,0.036000000000000004,0.054400000000000004,
3,gnn_activity,1103,18c6d9223a20ba73,cmAPP:1980,cmAPP:2021,5848c205ff64ecf8,0.15689999999999993,-0.38678795099258423,0.0768,0.0052,
3,gnn_activity,1103,61808a59ae1e72f6,cmAPP:1945,cmAPP:1990,17103b04fab21cdc,-0.022299999999999986,-0.2595667839050293,0.0379,0.0414,
3,gnn_activity,1103,aae93bc901d599ee,cmAPP:1948,cmAPP:1993,17103b04fab21cdc,0.015799999999999925,-0.23169982433319092,0.0304,0.06,
3,gnn_activity,1103,c516136711beb154,cmAPP:1981,cmAPP:2022,5848c205ff64ecf8,-0.43430000000000013,-0.35029321908950806,0.0325,0.1017,
3,gnn_activity,1103,ffc888cf36b05bc2,cmAPP:1898,cmAPP:1943,5848c205ff64ecf8,-0.1835,-0.2755191922187805,0.0184,0.0542,
3,gnn_activity,1103,5c37a4bb04018995,cmAPP:1867,cmAPP:1910,9fea29da568e9bc1,-0.276,-0.2997578978538513,0.0181,0.1264,
3,gnn_activity,1103,5216d53e06ede17c,cmAPP:1890,cmAPP:1931,5848c205ff64ecf8,0.017800000000000038,-0.38534289598464966,0.0196,0.001,
3,gnn_activity,1103,1b4f407ebbaeb5b2,cmAPP:1855,cmAPP:1900,17103b04fab21cdc,-0.04720000000000002,-0.25685757398605347,0.0007000000000000001,0.030699999999999998,
3,gnn_activity,1103,790c224fb15729e8,cmAPP:1858,cmAPP:1903,17103b04fab21cdc,-0.03939999999999999,-0.23003685474395752,0.012,0.013999999999999999,
3,gnn_activity,1103,d1d883357891e048,cmAPP:1891,cmAPP:1932,5848c205ff64ecf8,-0.3360000000000001,-0.34878602623939514,0.0024,0.1892,
3,gnn_activity,2207,34a0cf77853c520f,cmAPP:1808,cmAPP:1853,5848c205ff64ecf8,0.5641999999999998,-0.24652498960494995,0.4637,0.4285,
3,gnn_activity,2207,53bd4571937b65d8,cmAPP:1777,cmAPP:1820,9fea29da568e9bc1,-1.8657,-0.3712144196033478,0.1051,0.4839,
3,gnn_activity,2207,327843b402480d74,cmAPP:1800,cmAPP:1841,5848c205ff64ecf8,0.5433,-0.4105803668498993,0.4465,0.1478,
3,gnn_activity,2207,1d5a6a30d03d4ace,cmAPP:1765,cmAPP:1810,17103b04fab21cdc,-0.4945,-0.36667776107788086,0.12050000000000001,0.1419,
3,gnn_activity,2207,4490c940bfdaa814,cmAPP:1768,cmAPP:1813,17103b04fab21cdc,-0.935,-0.31593555212020874,0.1338,0.09609999999999999,
3,gnn_activity,2207,ae0b1f16d5b39dea,cmAPP:1801,cmAPP:1842,5848c205ff64ecf8,0.43200000000000005,-0.42936164140701294,0.13390000000000002,0.1041,
3,gnn_activity,2207,e52464c3fde0c9de,cmAPP:1718,cmAPP:1763,5848c205ff64ecf8,-0.361,-0.24593740701675415,0.0562,0.1673,
3,gnn_activity,2207,2f48d456f6284b36,cmAPP:1687,cmAPP:1730,9fea29da568e9bc1,-0.3121,-0.3704957962036133,0.0704,0.0848,
3,gnn_activity,2207,c118eab8e379718c,cmAPP:1710,cmAPP:1751,5848c205ff64ecf8,0.2778999999999999,-0.4100324511528015,0.0418,0.0371,
3,gnn_activity,2207,bb68ab734a60ad5c,cmAPP:1675,cmAPP:1720,17103b04fab21cdc,0.022400000000000087,-0.3659002184867859,0.0253,0.006999999999999999,
3,gnn_activity,2207,0d965a5abd1a268c,cmAPP:1678,cmAPP:1723,17103b04fab21cdc,-0.05410000000000015,-0.3154280185699463,0.023799999999999998,0.057699999999999994,
3,gnn_activity,2207,62cb9585f226cf4c,cmAPP:1711,cmAPP:1752,5848c205ff64ecf8,-0.5549,-0.4291846752166748,0.009399999999999999,0.0779,
3,gnn_activity,2207,9bf5f3d125221e4c,cmAPP:1628,cmAPP:1673,5848c205ff64ecf8,0.1386,-0.24426180124282837,0.1333,0.0969,
3,gnn_activity,2207,db264d54acc9cc94,cmAPP:1597,cmAPP:1640,9fea29da568e9bc1,-0.79,-0.3684467375278473,0.0475,0.1617,
3,gnn_activity,2207,450bf38c165fbd1a,cmAPP:1620,cmAPP:1661,5848c205ff64ecf8,0.23629999999999995,-0.4084699749946594,0.0346,0.0215,
3,gnn_activity,2207,d2d72d8278e8ff2f,cmAPP:1585,cmAPP:1630,17103b04fab21cdc,-0.16439999999999988,-0.36368316411972046,0.0392,0.0429,
3,gnn_activity,2207,cf3a3e7485b31ba0,cmAPP:1588,cmAPP:1633,17103b04fab21cdc,-0.2547999999999999,-0.31398099660873413,0.03,0.09269999999999999,
3,gnn_activity,2207,58b9f1849445a903,cmAPP:1621,cmAPP:1662,5848c205ff64ecf8,-0.10060000000000002,-0.4286801218986511,0.0401,0.1016,
3,gnn_activity,2207,f56e1ddec22a1688,cmAPP:2078,cmAPP:2123,5848c205ff64ecf8,-0.21069999999999994,-0.24652498960494995,0.0633,0.09269999999999999,
3,gnn_activity,2207,e4cc745fd18c9923,cmAPP:2047,cmAPP:2090,9fea29da568e9bc1,-0.6328999999999999,-0.3712144196033478,0.0196,0.1439,
3,gnn_activity,2207,6a678b00b934044e,cmAPP:2070,cmAPP:2111,5848c205ff64ecf8,0.26859999999999995,-0.4105803668498993,0.067,0.06269999999999999,
3,gnn_activity,2207,d52d528f0aa9bd30,cmAPP:2035,cmAPP:2080,17103b04fab21cdc,-0.22899999999999987,-0.36667776107788086,0.0641,0.0755,
3,gnn_activity,2207,e6bc6fc3ddc258ff,cmAPP:2038,cmAPP:2083,17103b04fab21cdc,-0.1522,-0.31593555212020874,0.05,0.047400000000000005,
3,gnn_activity,2207,0c7a97d50dabb197,cmAPP:2071,cmAPP:2112,5848c205ff64ecf8,-0.4119,-0.42936164140701294,0.0747,0.18719999999999998,
3,gnn_activity,2207,5e97508244c8c76c,cmAPP:1988,cmAPP:2033,5848c205ff64ecf8,-0.16470000000000007,-0.24593740701675415,0.08710000000000001,0.025699999999999997,
3,gnn_activity,2207,1711355de18f68c1,cmAPP:1957,cmAPP:2000,9fea29da568e9bc1,-0.3823999999999999,-0.3704957962036133,0.036000000000000004,0.054400000000000004,
3,gnn_activity,2207,18c6d9223a20ba73,cmAPP:1980,cmAPP:2021,5848c205ff64ecf8,0.15689999999999993,-0.4100324511528015,0.0768,0.0052,
3,gnn_activity,2207,61808a59ae1e72f6,cmAPP:1945,cmAPP:1990,17103b04fab21cdc,-0.022299999999999986,-0.3659002184867859,0.0379,0.0414,
3,gnn_activity,2207,aae93bc901d599ee,cmAPP:1948,cmAPP:1993,17103b04fab21cdc,0.015799999999999925,-0.3154280185699463,0.0304,0.06,
3,gnn_activity,2207,c516136711beb154,cmAPP:1981,cmAPP:2022,5848c205ff64ecf8,-0.43430000000000013,-0.4291846752166748,0.0325,0.1017,
3,gnn_activity,2207,ffc888cf36b05bc2,cmAPP:1898,cmAPP:1943,5848c205ff64ecf8,-0.1835,-0.24426180124282837,0.0184,0.0542,
3,gnn_activity,2207,5c37a4bb04018995,cmAPP:1867,cmAPP:1910,9fea29da568e9bc1,-0.276,-0.3684467375278473,0.0181,0.1264,
3,gnn_activity,2207,5216d53e06ede17c,cmAPP:1890,cmAPP:1931,5848c205ff64ecf8,0.017800000000000038,-0.4084699749946594,0.0196,0.001,
3,gnn_activity,2207,1b4f407ebbaeb5b2,cmAPP:1855,cmAPP:1900,17103b04fab21cdc,-0.04720000000000002,-0.36368316411972046,0.0007000000000000001,0.030699999999999998,
3,gnn_activity,2207,790c224fb15729e8,cmAPP:1858,cmAPP:1903,17103b04fab21cdc,-0.03939999999999999,-0.31398099660873413,0.012,0.013999999999999999,
3,gnn_activity,2207,d1d883357891e048,cmAPP:1891,cmAPP:1932,5848c205ff64ecf8,-0.3360000000000001,-0.4286801218986511,0.0024,0.1892,
3,gnn_activity,3301,34a0cf77853c520f,cmAPP:1808,cmAPP:1853,5848c205ff64ecf8,0.5641999999999998,-0.3159205913543701,0.4637,0.4285,
3,gnn_activity,3301,53bd4571937b65d8,cmAPP:1777,cmAPP:1820,9fea29da568e9bc1,-1.8657,-0.38963979482650757,0.1051,0.4839,
3,gnn_activity,3301,327843b402480d74,cmAPP:1800,cmAPP:1841,5848c205ff64ecf8,0.5433,-0.39353013038635254,0.4465,0.1478,
3,gnn_activity,3301,1d5a6a30d03d4ace,cmAPP:1765,cmAPP:1810,17103b04fab21cdc,-0.4945,-0.35506370663642883,0.12050000000000001,0.1419,
3,gnn_activity,3301,4490c940bfdaa814,cmAPP:1768,cmAPP:1813,17103b04fab21cdc,-0.935,-0.2972189784049988,0.1338,0.09609999999999999,
3,gnn_activity,3301,ae0b1f16d5b39dea,cmAPP:1801,cmAPP:1842,5848c205ff64ecf8,0.43200000000000005,-0.4267779588699341,0.13390000000000002,0.1041,
3,gnn_activity,3301,e52464c3fde0c9de,cmAPP:1718,cmAPP:1763,5848c205ff64ecf8,-0.361,-0.3149908185005188,0.0562,0.1673,
3,gnn_activity,3301,2f48d456f6284b36,cmAPP:1687,cmAPP:1730,9fea29da568e9bc1,-0.3121,-0.38904136419296265,0.0704,0.0848,
3,gnn_activity,3301,c118eab8e379718c,cmAPP:1710,cmAPP:1751,5848c205ff64ecf8,0.2778999999999999,-0.3931457996368408,0.0418,0.0371,
3,gnn_activity,3301,bb68ab734a60ad5c,cmAPP:1675,cmAPP:1720,17103b04fab21cdc,0.022400000000000087,-0.3540380895137787,0.0253,0.006999999999999999,
3,gnn_activity,3301,0d965a5abd1a268c,cmAPP:1678,cmAPP:1723,17103b04fab21cdc,-0.05410000000000015,-0.296406626701355,0.023799999999999998,0.057699999999999994,
3,gnn_activity,3301,62cb9585f226cf4c,cmAPP:1711,cmAPP:1752,5848c205ff64ecf8,-0.5549,-0.4265758991241455,0.009399999999999999,0.0779,
3,gnn_activity,3301,9bf5f3d125221e4c,cmAPP:1628,cmAPP:1673,5848c205ff64ecf8,0.1386,-0.3123394548892975,0.1333,0.0969,
3,gnn_activity,3301,db264d54acc9cc94,cmAPP:1597,cmAPP:1640,9fea29da568e9bc1,-0.79,-0.38677978515625,0.0475,0.1617,
3,gnn_activity,3301,450bf38c165fbd1a,cmAPP:1620,cmAPP:1661,5848c205ff64ecf8,0.23629999999999995,-0.3921087384223938,0.0346,0.0215,
3,gnn_activity,3301,d2d72d8278e8ff2f,cmAPP:1585,cmAPP:1630,17103b04fab21cdc,-0.16439999999999988,-0.3511137068271637,0.0392,0.0429,
3,gnn_activity,3301,cf3a3e7485b31ba0,cmAPP:1588,cmAPP:1633,17103b04fab21cdc,-0.2547999999999999,-0.2940901517868042,0.03,0.09269999999999999,
3,gnn_activity,3301,58b9f1849445a903,cmAPP:1621,cmAPP:1662,5848c205ff64ecf8,-0.10060000000000002,-0.42599979043006897,0.0401,0.1016,
3,gnn_activity,3301,f56e1ddec22a1688,cmAPP:2078,cmAPP:2123,5848c205ff64ecf8,-0.21069999999999994,-0.3159205913543701,0.0633,0.09269999999999999,
3,gnn_activity,3301,e4cc745fd18c9923,cmAPP:2047,cmAPP:2090,9fea29da568e9bc1,-0.6328999999999999,-0.38963979482650757,0.0196,0.1439,
3,gnn_activity,3301,6a678b00b934044e,cmAPP:2070,cmAPP:2111,5848c205ff64ecf8,0.26859999999999995,-0.39353013038635254,0.067,0.06269999999999999,
3,gnn_activity,3301,d52d528f0aa9bd30,cmAPP:2035,cmAPP:2080,17103b04fab21cdc,-0.22899999999999987,-0.35506370663642883,0.0641,0.0755,
3,gnn_activity,3301,e6bc6fc3ddc258ff,cmAPP:2038,cmAPP:2083,17103b04fab21cdc,-0.1522,-0.2972189784049988,0.05,0.047400000000000005,
3,gnn_activity,3301,0c7a97d50dabb197,cmAPP:2071,cmAPP:2112,5848c205ff64ecf8,-0.4119,-0.4267779588699341,0.0747,0.18719999999999998,
3,gnn_activity,3301,5e97508244c8c76c,cmAPP:1988,cmAPP:2033,5848c205ff64ecf8,-0.16470000000000007,-0.3149908185005188,0.08710000000000001,0.025699999999999997,
3,gnn_activity,3301,1711355de18f68c1,cmAPP:1957,cmAPP:2000,9fea29da568e9bc1,-0.3823999999999999,-0.38904136419296265,0.036000000000000004,0.054400000000000004,
3,gnn_activity,3301,18c6d9223a20ba73,cmAPP:1980,cmAPP:2021,5848c205ff64ecf8,0.15689999999999993,-0.3931457996368408,0.0768,0.0052,
3,gnn_activity,3301,61808a59ae1e72f6,cmAPP:1945,cmAPP:1990,17103b04fab21cdc,-0.022299999999999986,-0.3540380895137787,0.0379,0.0414,
3,gnn_activity,3301,aae93bc901d599ee,cmAPP:1948,cmAPP:1993,17103b04fab21cdc,0.015799999999999925,-0.296406626701355,0.0304,0.06,
3,gnn_activity,3301,c516136711beb154,cmAPP:1981,cmAPP:2022,5848c205ff64ecf8,-0.43430000000000013,-0.4265758991241455,0.0325,0.1017,
3,gnn_activity,3301,ffc888cf36b05bc2,cmAPP:1898,cmAPP:1943,5848c205ff64ecf8,-0.1835,-0.3123394548892975,0.0184,0.0542,
3,gnn_activity,3301,5c37a4bb04018995,cmAPP:1867,cmAPP:1910,9fea29da568e9bc1,-0.276,-0.38677978515625,0.0181,0.1264,
3,gnn_activity,3301,5216d53e06ede17c,cmAPP:1890,cmAPP:1931,5848c205ff64ecf8,0.017800000000000038,-0.3921087384223938,0.0196,0.001,
3,gnn_activity,3301,1b4f407ebbaeb5b2,cmAPP:1855,cmAPP:1900,17103b04fab21cdc,-0.04720000000000002,-0.3511137068271637,0.0007000000000000001,0.030699999999999998,
3,gnn_activity,3301,790c224fb15729e8,cmAPP:1858,cmAPP:1903,17103b04fab21cdc,-0.03939999999999999,-0.2940901517868042,0.012,0.013999999999999999,
3,gnn_activity,3301,d1d883357891e048,cmAPP:1891,cmAPP:1932,5848c205ff64ecf8,-0.3360000000000001,-0.42599979043006897,0.0024,0.1892,
3,gnn_pair,1103,34a0cf77853c520f,cmAPP:1808,cmAPP:1853,5848c205ff64ecf8,0.5641999999999998,-0.23594191670417786,0.4637,0.4285,
3,gnn_pair,1103,53bd4571937b65d8,cmAPP:1777,cmAPP:1820,9fea29da568e9bc1,-1.8657,-0.35271328687667847,0.1051,0.4839,
3,gnn_pair,1103,327843b402480d74,cmAPP:1800,cmAPP:1841,5848c205ff64ecf8,0.5433,-0.2829136252403259,0.4465,0.1478,
3,gnn_pair,1103,1d5a6a30d03d4ace,cmAPP:1765,cmAPP:1810,17103b04fab21cdc,-0.4945,-0.3078751564025879,0.12050000000000001,0.1419,
3,gnn_pair,1103,4490c940bfdaa814,cmAPP:1768,cmAPP:1813,17103b04fab21cdc,-0.935,-0.21294277906417847,0.1338,0.09609999999999999,
3,gnn_pair,1103,ae0b1f16d5b39dea,cmAPP:1801,cmAPP:1842,5848c205ff64ecf8,0.43200000000000005,-0.24949443340301514,0.13390000000000002,0.1041,
3,gnn_pair,1103,e52464c3fde0c9de,cmAPP:1718,cmAPP:1763,5848c205ff64ecf8,-0.361,-0.2358742356300354,0.0562,0.1673,
3,gnn_pair,1103,2f48d456f6284b36,cmAPP:1687,cmAPP:1730,9fea29da568e9bc1,-0.3121,-0.35245126485824585,0.0704,0.0848,
3,gnn_pair,1103,c118eab8e379718c,cmAPP:1710,cmAPP:1751,5848c205ff64ecf8,0.2778999999999999,-0.28277236223220825,0.0418,0.0371,
3,gnn_pair,1103,bb68ab734a60ad5c,cmAPP:1675,cmAPP:1720,17103b04fab21cdc,0.022400000000000087,-0.3076321482658386,0.0253,0.006999999999999999,
3,gnn_pair,1103,0d965a5abd1a268c,cmAPP:1678,cmAPP:1723,17103b04fab21cdc,-0.05410000000000015,-0.21280157566070557,0.023799999999999998,0.057699999999999994,
3,gnn_pair,1103,62cb9585f226cf4c,cmAPP:1711,cmAPP:1752,5848c205ff64ecf8,-0.5549,-0.24938654899597168,0.009399999999999999,0.0779,
3,gnn_pair,1103,9bf5f3d125221e4c,cmAPP:1628,cmAPP:1673,5848c205ff64ecf8,0.1386,-0.23568129539489746,0.1333,0.0969,
3,gnn_pair,1103,db264d54acc9cc94,cmAPP:1597,cmAPP:1640,9fea29da568e9bc1,-0.79,-0.351703941822052,0.0475,0.1617,
3,gnn_pair,1103,450bf38c165fbd1a,cmAPP:1620,cmAPP:1661,5848c205ff64ecf8,0.23629999999999995,-0.28236961364746094,0.0346,0.0215,
3,gnn_pair,1103,d2d72d8278e8ff2f,cmAPP:1585,cmAPP:1630,17103b04fab21cdc,-0.16439999999999988,-0.30693918466567993,0.0392,0.0429,
3,gnn_pair,1103,cf3a3e7485b31ba0,cmAPP:1588,cmAPP:1633,17103b04fab21cdc,-0.2547999999999999,-0.21239882707595825,0.03,0.09269999999999999,
3,gnn_pair,1103,58b9f1849445a903,cmAPP:1621,cmAPP:1662,5848c205ff64ecf8,-0.10060000000000002,-0.24907895922660828,0.0401,0.1016,
3,gnn_pair,1103,f56e1ddec22a1688,cmAPP:2078,cmAPP:2123,5848c205ff64ecf8,-0.21069999999999994,-0.23594191670417786,0.0633,0.09269999999999999,
3,gnn_pair,1103,e4cc745fd18c9923,cmAPP:2047,cmAPP:2090,9fea29da568e9bc1,-0.6328999999999999,-0.35271328687667847,0.0196,0.1439,
3,gnn_pair,1103,6a678b00b934044e,cmAPP:2070,cmAPP:2111,5848c205ff64ecf8,0.26859999999999995,-0.2829136252403259,0.067,0.06269999999999999,
3,gnn_pair,1103,d52d528f0aa9bd30,cmAPP:2035,cmAPP:2080,17103b04fab21cdc,-0.22899999999999987,-0.3078751564025879,0.0641,0.0755,
3,gnn_pair,1103,e6bc6fc3ddc258ff,cmAPP:2038,cmAPP:2083,17103b04fab21cdc,-0.1522,-0.21294277906417847,0.05,0.047400000000000005,
3,gnn_pair,1103,0c7a97d50dabb197,cmAPP:2071,cmAPP:2112,5848c205ff64ecf8,-0.4119,-0.24949443340301514,0.0747,0.18719999999999998,
3,gnn_pair,1103,5e97508244c8c76c,cmAPP:1988,cmAPP:2033,5848c205ff64ecf8,-0.16470000000000007,-0.2358742356300354,0.08710000000000001,0.025699999999999997,
3,gnn_pair,1103,1711355de18f68c1,cmAPP:1957,cmAPP:2000,9fea29da568e9bc1,-0.3823999999999999,-0.35245126485824585,0.036000000000000004,0.054400000000000004,
3,gnn_pair,1103,18c6d9223a20ba73,cmAPP:1980,cmAPP:2021,5848c205ff64ecf8,0.15689999999999993,-0.28277236223220825,0.0768,0.0052,
3,gnn_pair,1103,61808a59ae1e72f6,cmAPP:1945,cmAPP:1990,17103b04fab21cdc,-0.022299999999999986,-0.3076321482658386,0.0379,0.0414,
3,gnn_pair,1103,aae93bc901d599ee,cmAPP:1948,cmAPP:1993,17103b04fab21cdc,0.015799999999999925,-0.21280157566070557,0.0304,0.06,
3,gnn_pair,1103,c516136711beb154,cmAPP:1981,cmAPP:2022,5848c205ff64ecf8,-0.43430000000000013,-0.24938654899597168,0.0325,0.1017,
3,gnn_pair,1103,ffc888cf36b05bc2,cmAPP:1898,cmAPP:1943,5848c205ff64ecf8,-0.1835,-0.23568129539489746,0.0184,0.0542,
3,gnn_pair,1103,5c37a4bb04018995,cmAPP:1867,cmAPP:1910,9fea29da568e9bc1,-0.276,-0.351703941822052,0.0181,0.1264,
3,gnn_pair,1103,5216d53e06ede17c,cmAPP:1890,cmAPP:1931,5848c205ff64ecf8,0.017800000000000038,-0.28236961364746094,0.0196,0.001,
3,gnn_pair,1103,1b4f407ebbaeb5b2,cmAPP:1855,cmAPP:1900,17103b04fab21cdc,-0.04720000000000002,-0.30693918466567993,0.0007000000000000001,0.030699999999999998,
3,gnn_pair,1103,790c224fb15729e8,cmAPP:1858,cmAPP:1903,17103b04fab21cdc,-0.03939999999999999,-0.21239882707595825,0.012,0.013999999999999999,
3,gnn_pair,1103,d1d883357891e048,cmAPP:1891,cmAPP:1932,5848c205ff64ecf8,-0.3360000000000001,-0.24907895922660828,0.0024,0.1892,
3,gnn_pair,2207,34a0cf77853c520f,cmAPP:1808,cmAPP:1853,5848c205ff64ecf8,0.5641999999999998,-0.20859292149543762,0.4637,0.4285,
3,gnn_pair,2207,53bd4571937b65d8,cmAPP:1777,cmAPP:1820,9fea29da568e9bc1,-1.8657,-0.3760259747505188,0.1051,0.4839,
3,gnn_pair,2207,327843b402480d74,cmAPP:1800,cmAPP:1841,5848c205ff64ecf8,0.5433,-0.2878144383430481,0.4465,0.1478,
3,gnn_pair,2207,1d5a6a30d03d4ace,cmAPP:1765,cmAPP:1810,17103b04fab21cdc,-0.4945,-0.3478054404258728,0.12050000000000001,0.1419,
3,gnn_pair,2207,4490c940bfdaa814,cmAPP:1768,cmAPP:1813,17103b04fab21cdc,-0.935,-0.22958588600158691,0.1338,0.09609999999999999,
3,gnn_pair,2207,ae0b1f16d5b39dea,cmAPP:1801,cmAPP:1842,5848c205ff64ecf8,0.43200000000000005,-0.2621024250984192,0.13390000000000002,0.1041,
3,gnn_pair,2207,e52464c3fde0c9de,cmAPP:1718,cmAPP:1763,5848c205ff64ecf8,-0.361,-0.20798060297966003,0.0562,0.1673,
3,gnn_pair,2207,2f48d456f6284b36,cmAPP:1687,cmAPP:1730,9fea29da568e9bc1,-0.3121,-0.3753761947154999,0.0704,0.0848,
3,gnn_pair,2207,c118eab8e379718c,cmAPP:1710,cmAPP:1751,5848c205ff64ecf8,0.2778999999999999,-0.28738725185394287,0.0418,0.0371,
3,gnn_pair,2207,bb68ab734a60ad5c,cmAPP:1675,cmAPP:1720,17103b04fab21cdc,0.022400000000000087,-0.34705549478530884,0.0253,0.006999999999999999,
3,gnn_pair,2207,0d965a5abd1a268c,cmAPP:1678,cmAPP:1723,17103b04fab21cdc,-0.05410000000000015,-0.22898054122924805,0.023799999999999998,0.057699999999999994,
3,gnn_pair,2207,62cb9585f226cf4c,cmAPP:1711,cmAPP:1752,5848c205ff64ecf8,-0.5549,-0.2617846131324768,0.009399999999999999,0.0779,
3,gnn_pair,2207,9bf5f3d125221e4c,cmAPP:1628,cmAPP:1673,5848c205ff64ecf8,0.1386,-0.2062343955039978,0.1333,0.0969,
3,gnn_pair,2207,db264d54acc9cc94,cmAPP:1597,cmAPP:1640,9fea29da568e9bc1,-0.79,-0.37352338433265686,0.0475,0.1617,
3,gnn_pair,2207,450bf38c165fbd1a,cmAPP:1620,cmAPP:1661,5848c205ff64ecf8,0.23629999999999995,-0.28616905212402344,0.0346,0.0215,
3,gnn_pair,2207,d2d72d8278e8ff2f,cmAPP:1585,cmAPP:1630,17103b04fab21cdc,-0.16439999999999988,-0.3449169993400574,0.0392,0.0429,
3,gnn_pair,2207,cf3a3e7485b31ba0,cmAPP:1588,cmAPP:1633,17103b04fab21cdc,-0.2547999999999999,-0.22725433111190796,0.03,0.09269999999999999,
3,gnn_pair,2207,58b9f1849445a903,cmAPP:1621,cmAPP:1662,5848c205ff64ecf8,-0.10060000000000002,-0.2608782649040222,0.0401,0.1016,
3,gnn_pair,2207,f56e1ddec22a1688,cmAPP:2078,cmAPP:2123,5848c205ff64ecf8,-0.21069999999999994,-0.20859292149543762,0.0633,0.09269999999999999,
3,gnn_pair,2207,e4cc745fd18c9923,cmAPP:2047,cmAPP:2090,9fea29da568e9bc1,-0.6328999999999999,-0.3760259747505188,0.0196,0.1439,
3,gnn_pair,2207,6a678b00b934044e,cmAPP:2070,cmAPP:2111,5848c205ff64ecf8,0.26859999999999995,-0.2878144383430481,0.067,0.06269999999999999,
3,gnn_pair,2207,d52d528f0aa9bd30,cmAPP:2035,cmAPP:2080,17103b04fab21cdc,-0.22899999999999987,-0.3478054404258728,0.0641,0.0755,
3,gnn_pair,2207,e6bc6fc3ddc258ff,cmAPP:2038,cmAPP:2083,17103b04fab21cdc,-0.1522,-0.22958588600158691,0.05,0.047400000000000005,
3,gnn_pair,2207,0c7a97d50dabb197,cmAPP:2071,cmAPP:2112,5848c205ff64ecf8,-0.4119,-0.2621024250984192,0.0747,0.18719999999999998,
3,gnn_pair,2207,5e97508244c8c76c,cmAPP:1988,cmAPP:2033,5848c205ff64ecf8,-0.16470000000000007,-0.20798060297966003,0.08710000000000001,0.025699999999999997,
3,gnn_pair,2207,1711355de18f68c1,cmAPP:1957,cmAPP:2000,9fea29da568e9bc1,-0.3823999999999999,-0.3753761947154999,0.036000000000000004,0.054400000000000004,
3,gnn_pair,2207,18c6d9223a20ba73,cmAPP:1980,cmAPP:2021,5848c205ff64ecf8,0.15689999999999993,-0.28738725185394287,0.0768,0.0052,
3,gnn_pair,2207,61808a59ae1e72f6,cmAPP:1945,cmAPP:1990,17103b04fab21cdc,-0.022299999999999986,-0.34705549478530884,0.0379,0.0414,
3,gnn_pair,2207,aae93bc901d599ee,cmAPP:1948,cmAPP:1993,17103b04fab21cdc,0.015799999999999925,-0.22898054122924805,0.0304,0.06,
3,gnn_pair,2207,c516136711beb154,cmAPP:1981,cmAPP:2022,5848c205ff64ecf8,-0.43430000000000013,-0.2617846131324768,0.0325,0.1017,
3,gnn_pair,2207,ffc888cf36b05bc2,cmAPP:1898,cmAPP:1943,5848c205ff64ecf8,-0.1835,-0.2062343955039978,0.0184,0.0542,
3,gnn_pair,2207,5c37a4bb04018995,cmAPP:1867,cmAPP:1910,9fea29da568e9bc1,-0.276,-0.37352338433265686,0.0181,0.1264,
3,gnn_pair,2207,5216d53e06ede17c,cmAPP:1890,cmAPP:1931,5848c205ff64ecf8,0.017800000000000038,-0.28616905212402344,0.0196,0.001,
3,gnn_pair,2207,1b4f407ebbaeb5b2,cmAPP:1855,cmAPP:1900,17103b04fab21cdc,-0.04720000000000002,-0.3449169993400574,0.0007000000000000001,0.030699999999999998,
3,gnn_pair,2207,790c224fb15729e8,cmAPP:1858,cmAPP:1903,17103b04fab21cdc,-0.03939999999999999,-0.22725433111190796,0.012,0.013999999999999999,
3,gnn_pair,2207,d1d883357891e048,cmAPP:1891,cmAPP:1932,5848c205ff64ecf8,-0.3360000000000001,-0.2608782649040222,0.0024,0.1892,
3,gnn_pair,3301,34a0cf77853c520f,cmAPP:1808,cmAPP:1853,5848c205ff64ecf8,0.5641999999999998,-0.28821784257888794,0.4637,0.4285,
3,gnn_pair,3301,53bd4571937b65d8,cmAPP:1777,cmAPP:1820,9fea29da568e9bc1,-1.8657,-0.35153037309646606,0.1051,0.4839,
3,gnn_pair,3301,327843b402480d74,cmAPP:1800,cmAPP:1841,5848c205ff64ecf8,0.5433,-0.3577752113342285,0.4465,0.1478,
3,gnn_pair,3301,1d5a6a30d03d4ace,cmAPP:1765,cmAPP:1810,17103b04fab21cdc,-0.4945,-0.37610775232315063,0.12050000000000001,0.1419,
3,gnn_pair,3301,4490c940bfdaa814,cmAPP:1768,cmAPP:1813,17103b04fab21cdc,-0.935,-0.2677547335624695,0.1338,0.09609999999999999,
3,gnn_pair,3301,ae0b1f16d5b39dea,cmAPP:1801,cmAPP:1842,5848c205ff64ecf8,0.43200000000000005,-0.32612723112106323,0.13390000000000002,0.1041,
3,gnn_pair,3301,e52464c3fde0c9de,cmAPP:1718,cmAPP:1763,5848c205ff64ecf8,-0.361,-0.2883266806602478,0.0562,0.1673,
3,gnn_pair,3301,2f48d456f6284b36,cmAPP:1687,cmAPP:1730,9fea29da568e9bc1,-0.3121,-0.35146045684814453,0.0704,0.0848,
3,gnn_pair,3301,c118eab8e379718c,cmAPP:1710,cmAPP:1751,5848c205ff64ecf8,0.2778999999999999,-0.35770776867866516,0.0418,0.0371,
3,gnn_pair,3301,bb68ab734a60ad5c,cmAPP:1675,cmAPP:1720,17103b04fab21cdc,0.022400000000000087,-0.37579146027565,0.0253,0.006999999999999999,
3,gnn_pair,3301,0d965a5abd1a268c,cmAPP:1678,cmAPP:1723,17103b04fab21cdc,-0.05410000000000015,-0.2676188349723816,0.023799999999999998,0.057699999999999994,
3,gnn_pair,3301,62cb9585f226cf4c,cmAPP:1711,cmAPP:1752,5848c205ff64ecf8,-0.5549,-0.32595497369766235,0.009399999999999999,0.0779,
3,gnn_pair,3301,9bf5f3d125221e4c,cmAPP:1628,cmAPP:1673,5848c205ff64ecf8,0.1386,-0.28863686323165894,0.1333,0.0969,
3,gnn_pair,3301,db264d54acc9cc94,cmAPP:1597,cmAPP:1640,9fea29da568e9bc1,-0.79,-0.3512611985206604,0.0475,0.1617,
3,gnn_pair,3301,450bf38c165fbd1a,cmAPP:1620,cmAPP:1661,5848c205ff64ecf8,0.23629999999999995,-0.3575156033039093,0.0346,0.0215,
3,gnn_pair,3301,d2d72d8278e8ff2f,cmAPP:1585,cmAPP:1630,17103b04fab21cdc,-0.16439999999999988,-0.37482601404190063,0.0392,0.0429,
3,gnn_pair,3301,cf3a3e7485b31ba0,cmAPP:1588,cmAPP:1633,17103b04fab21cdc,-0.2547999999999999,-0.267231285572052,0.03,0.09269999999999999,
3,gnn_pair,3301,58b9f1849445a903,cmAPP:1621,cmAPP:1662,5848c205ff64ecf8,-0.10060000000000002,-0.3254637122154236,0.0401,0.1016,
3,gnn_pair,3301,f56e1ddec22a1688,cmAPP:2078,cmAPP:2123,5848c205ff64ecf8,-0.21069999999999994,-0.28821784257888794,0.0633,0.09269999999999999,
3,gnn_pair,3301,e4cc745fd18c9923,cmAPP:2047,cmAPP:2090,9fea29da568e9bc1,-0.6328999999999999,-0.35153037309646606,0.0196,0.1439,
3,gnn_pair,3301,6a678b00b934044e,cmAPP:2070,cmAPP:2111,5848c205ff64ecf8,0.26859999999999995,-0.3577752113342285,0.067,0.06269999999999999,
3,gnn_pair,3301,d52d528f0aa9bd30,cmAPP:2035,cmAPP:2080,17103b04fab21cdc,-0.22899999999999987,-0.37610775232315063,0.0641,0.0755,
3,gnn_pair,3301,e6bc6fc3ddc258ff,cmAPP:2038,cmAPP:2083,17103b04fab21cdc,-0.1522,-0.2677547335624695,0.05,0.047400000000000005,
3,gnn_pair,3301,0c7a97d50dabb197,cmAPP:2071,cmAPP:2112,5848c205ff64ecf8,-0.4119,-0.32612723112106323,0.0747,0.18719999999999998,
3,gnn_pair,3301,5e97508244c8c76c,cmAPP:1988,cmAPP:2033,5848c205ff64ecf8,-0.16470000000000007,-0.2883266806602478,0.08710000000000001,0.025699999999999997,
3,gnn_pair,3301,1711355de18f68c1,cmAPP:1957,cmAPP:2000,9fea29da568e9bc1,-0.3823999999999999,-0.35146045684814453,0.036000000000000004,0.054400000000000004,
3,gnn_pair,3301,18c6d9223a20ba73,cmAPP:1980,cmAPP:2021,5848c205ff64ecf8,0.15689999999999993,-0.35770776867866516,0.0768,0.0052,
3,gnn_pair,3301,61808a59ae1e72f6,cmAPP:1945,cmAPP:1990,17103b04fab21cdc,-0.022299999999999986,-0.37579146027565,0.0379,0.0414,
3,gnn_pair,3301,aae93bc901d599ee,cmAPP:1948,cmAPP:1993,17103b04fab21cdc,0.015799999999999925,-0.2676188349723816,0.0304,0.06,
3,gnn_pair,3301,c516136711beb154,cmAPP:1981,cmAPP:2022,5848c205ff64ecf8,-0.43430000000000013,-0.32595497369766235,0.0325,0.1017,
3,gnn_pair,3301,ffc888cf36b05bc2,cmAPP:1898,cmAPP:1943,5848c205ff64ecf8,-0.1835,-0.28863686323165894,0.0184,0.0542,
3,gnn_pair,3301,5c37a4bb04018995,cmAPP:1867,cmAPP:1910,9fea29da568e9bc1,-0.276,-0.3512611985206604,0.0181,0.1264,
3,gnn_pair,3301,5216d53e06ede17c,cmAPP:1890,cmAPP:1931,5848c205ff64ecf8,0.017800000000000038,-0.3575156033039093,0.0196,0.001,
3,gnn_pair,3301,1b4f407ebbaeb5b2,cmAPP:1855,cmAPP:1900,17103b04fab21cdc,-0.04720000000000002,-0.37482601404190063,0.0007000000000000001,0.030699999999999998,
3,gnn_pair,3301,790c224fb15729e8,cmAPP:1858,cmAPP:1903,17103b04fab21cdc,-0.03939999999999999,-0.267231285572052,0.012,0.013999999999999999,
3,gnn_pair,3301,d1d883357891e048,cmAPP:1891,cmAPP:1932,5848c205ff64ecf8,-0.3360000000000001,-0.3254637122154236,0.0024,0.1892,
3,nongraph_pair,1103,34a0cf77853c520f,cmAPP:1808,cmAPP:1853,5848c205ff64ecf8,0.5641999999999998,-0.2102280855178833,0.4637,0.4285,
3,nongraph_pair,1103,53bd4571937b65d8,cmAPP:1777,cmAPP:1820,9fea29da568e9bc1,-1.8657,-0.32263243198394775,0.1051,0.4839,
3,nongraph_pair,1103,327843b402480d74,cmAPP:1800,cmAPP:1841,5848c205ff64ecf8,0.5433,-0.21860963106155396,0.4465,0.1478,
3,nongraph_pair,1103,1d5a6a30d03d4ace,cmAPP:1765,cmAPP:1810,17103b04fab21cdc,-0.4945,-0.26676467061042786,0.12050000000000001,0.1419,
3,nongraph_pair,1103,4490c940bfdaa814,cmAPP:1768,cmAPP:1813,17103b04fab21cdc,-0.935,-0.09878838062286377,0.1338,0.09609999999999999,
3,nongraph_pair,1103,ae0b1f16d5b39dea,cmAPP:1801,cmAPP:1842,5848c205ff64ecf8,0.43200000000000005,-0.24797534942626953,0.13390000000000002,0.1041,
3,nongraph_pair,1103,e52464c3fde0c9de,cmAPP:1718,cmAPP:1763,5848c205ff64ecf8,-0.361,-0.20946675539016724,0.0562,0.1673,
3,nongraph_pair,1103,2f48d456f6284b36,cmAPP:1687,cmAPP:1730,9fea29da568e9bc1,-0.3121,-0.32235050201416016,0.0704,0.0848,
3,nongraph_pair,1103,c118eab8e379718c,cmAPP:1710,cmAPP:1751,5848c205ff64ecf8,0.2778999999999999,-0.2180348038673401,0.0418,0.0371,
3,nongraph_pair,1103,bb68ab734a60ad5c,cmAPP:1675,cmAPP:1720,17103b04fab21cdc,0.022400000000000087,-0.26614516973495483,0.0253,0.006999999999999999,
3,nongraph_pair,1103,0d965a5abd1a268c,cmAPP:1678,cmAPP:1723,17103b04fab21cdc,-0.05410000000000015,-0.09826231002807617,0.023799999999999998,0.057699999999999994,
3,nongraph_pair,1103,62cb9585f226cf4c,cmAPP:1711,cmAPP:1752,5848c205ff64ecf8,-0.5549,-0.24722474813461304,0.009399999999999999,0.0779,
3,nongraph_pair,1103,9bf5f3d125221e4c,cmAPP:1628,cmAPP:1673,5848c205ff64ecf8,0.1386,-0.2072957158088684,0.1333,0.0969,
3,nongraph_pair,1103,db264d54acc9cc94,cmAPP:1597,cmAPP:1640,9fea29da568e9bc1,-0.79,-0.32154667377471924,0.0475,0.1617,
3,nongraph_pair,1103,450bf38c165fbd1a,cmAPP:1620,cmAPP:1661,5848c205ff64ecf8,0.23629999999999995,-0.21639564633369446,0.0346,0.0215,
3,nongraph_pair,1103,d2d72d8278e8ff2f,cmAPP:1585,cmAPP:1630,17103b04fab21cdc,-0.16439999999999988,-0.26437845826148987,0.0392,0.0429,
3,nongraph_pair,1103,cf3a3e7485b31ba0,cmAPP:1588,cmAPP:1633,17103b04fab21cdc,-0.2547999999999999,-0.09676223993301392,0.03,0.09269999999999999,
3,nongraph_pair,1103,58b9f1849445a903,cmAPP:1621,cmAPP:1662,5848c205ff64ecf8,-0.10060000000000002,-0.24508434534072876,0.0401,0.1016,
3,nongraph_pair,1103,f56e1ddec22a1688,cmAPP:2078,cmAPP:2123,5848c205ff64ecf8,-0.21069999999999994,-0.2102280855178833,0.0633,0.09269999999999999,
3,nongraph_pair,1103,e4cc745fd18c9923,cmAPP:2047,cmAPP:2090,9fea29da568e9bc1,-0.6328999999999999,-0.32263243198394775,0.0196,0.1439,
3,nongraph_pair,1103,6a678b00b934044e,cmAPP:2070,cmAPP:2111,5848c205ff64ecf8,0.26859999999999995,-0.21860963106155396,0.067,0.06269999999999999,
3,nongraph_pair,1103,d52d528f0aa9bd30,cmAPP:2035,cmAPP:2080,17103b04fab21cdc,-0.22899999999999987,-0.26676467061042786,0.0641,0.0755,
3,nongraph_pair,1103,e6bc6fc3ddc258ff,cmAPP:2038,cmAPP:2083,17103b04fab21cdc,-0.1522,-0.09878838062286377,0.05,0.047400000000000005,
3,nongraph_pair,1103,0c7a97d50dabb197,cmAPP:2071,cmAPP:2112,5848c205ff64ecf8,-0.4119,-0.24797534942626953,0.0747,0.18719999999999998,
3,nongraph_pair,1103,5e97508244c8c76c,cmAPP:1988,cmAPP:2033,5848c205ff64ecf8,-0.16470000000000007,-0.20946675539016724,0.08710000000000001,0.025699999999999997,
3,nongraph_pair,1103,1711355de18f68c1,cmAPP:1957,cmAPP:2000,9fea29da568e9bc1,-0.3823999999999999,-0.32235050201416016,0.036000000000000004,0.054400000000000004,
3,nongraph_pair,1103,18c6d9223a20ba73,cmAPP:1980,cmAPP:2021,5848c205ff64ecf8,0.15689999999999993,-0.2180348038673401,0.0768,0.0052,
3,nongraph_pair,1103,61808a59ae1e72f6,cmAPP:1945,cmAPP:1990,17103b04fab21cdc,-0.022299999999999986,-0.26614516973495483,0.0379,0.0414,
3,nongraph_pair,1103,aae93bc901d599ee,cmAPP:1948,cmAPP:1993,17103b04fab21cdc,0.015799999999999925,-0.09826231002807617,0.0304,0.06,
3,nongraph_pair,1103,c516136711beb154,cmAPP:1981,cmAPP:2022,5848c205ff64ecf8,-0.43430000000000013,-0.24722474813461304,0.0325,0.1017,
3,nongraph_pair,1103,ffc888cf36b05bc2,cmAPP:1898,cmAPP:1943,5848c205ff64ecf8,-0.1835,-0.2072957158088684,0.0184,0.0542,
3,nongraph_pair,1103,5c37a4bb04018995,cmAPP:1867,cmAPP:1910,9fea29da568e9bc1,-0.276,-0.32154667377471924,0.0181,0.1264,
3,nongraph_pair,1103,5216d53e06ede17c,cmAPP:1890,cmAPP:1931,5848c205ff64ecf8,0.017800000000000038,-0.21639564633369446,0.0196,0.001,
3,nongraph_pair,1103,1b4f407ebbaeb5b2,cmAPP:1855,cmAPP:1900,17103b04fab21cdc,-0.04720000000000002,-0.26437845826148987,0.0007000000000000001,0.030699999999999998,
3,nongraph_pair,1103,790c224fb15729e8,cmAPP:1858,cmAPP:1903,17103b04fab21cdc,-0.03939999999999999,-0.09676223993301392,0.012,0.013999999999999999,
3,nongraph_pair,1103,d1d883357891e048,cmAPP:1891,cmAPP:1932,5848c205ff64ecf8,-0.3360000000000001,-0.24508434534072876,0.0024,0.1892,
3,nongraph_pair,2207,34a0cf77853c520f,cmAPP:1808,cmAPP:1853,5848c205ff64ecf8,0.5641999999999998,-0.34718987345695496,0.4637,0.4285,
3,nongraph_pair,2207,53bd4571937b65d8,cmAPP:1777,cmAPP:1820,9fea29da568e9bc1,-1.8657,-0.3976999521255493,0.1051,0.4839,
3,nongraph_pair,2207,327843b402480d74,cmAPP:1800,cmAPP:1841,5848c205ff64ecf8,0.5433,-0.35466301441192627,0.4465,0.1478,
3,nongraph_pair,2207,1d5a6a30d03d4ace,cmAPP:1765,cmAPP:1810,17103b04fab21cdc,-0.4945,-0.4016967713832855,0.12050000000000001,0.1419,
3,nongraph_pair,2207,4490c940bfdaa814,cmAPP:1768,cmAPP:1813,17103b04fab21cdc,-0.935,-0.35562872886657715,0.1338,0.09609999999999999,
3,nongraph_pair,2207,ae0b1f16d5b39dea,cmAPP:1801,cmAPP:1842,5848c205ff64ecf8,0.43200000000000005,-0.3508886694908142,0.13390000000000002,0.1041,
3,nongraph_pair,2207,e52464c3fde0c9de,cmAPP:1718,cmAPP:1763,5848c205ff64ecf8,-0.361,-0.3472803235054016,0.0562,0.1673,
3,nongraph_pair,2207,2f48d456f6284b36,cmAPP:1687,cmAPP:1730,9fea29da568e9bc1,-0.3121,-0.3977000117301941,0.0704,0.0848,
3,nongraph_pair,2207,c118eab8e379718c,cmAPP:1710,cmAPP:1751,5848c205ff64ecf8,0.2778999999999999,-0.3546750545501709,0.0418,0.0371,
3,nongraph_pair,2207,bb68ab734a60ad5c,cmAPP:1675,cmAPP:1720,17103b04fab21cdc,0.022400000000000087,-0.4018862545490265,0.0253,0.006999999999999999,
3,nongraph_pair,2207,0d965a5abd1a268c,cmAPP:1678,cmAPP:1723,17103b04fab21cdc,-0.05410000000000015,-0.35573944449424744,0.023799999999999998,0.057699999999999994,
3,nongraph_pair,2207,62cb9585f226cf4c,cmAPP:1711,cmAPP:1752,5848c205ff64ecf8,-0.5549,-0.3510112166404724,0.009399999999999999,0.0779,
3,nongraph_pair,2207,9bf5f3d125221e4c,cmAPP:1628,cmAPP:1673,5848c205ff64ecf8,0.1386,-0.3475383520126343,0.1333,0.0969,
3,nongraph_pair,2207,db264d54acc9cc94,cmAPP:1597,cmAPP:1640,9fea29da568e9bc1,-0.79,-0.39770007133483887,0.0475,0.1617,
3,nongraph_pair,2207,450bf38c165fbd1a,cmAPP:1620,cmAPP:1661,5848c205ff64ecf8,0.23629999999999995,-0.3547091782093048,0.0346,0.0215,
3,nongraph_pair,2207,d2d72d8278e8ff2f,cmAPP:1585,cmAPP:1630,17103b04fab21cdc,-0.16439999999999988,-0.40242671966552734,0.0392,0.0429,
3,nongraph_pair,2207,cf3a3e7485b31ba0,cmAPP:1588,cmAPP:1633,17103b04fab21cdc,-0.2547999999999999,-0.3560549318790436,0.03,0.09269999999999999,
3,nongraph_pair,2207,58b9f1849445a903,cmAPP:1621,cmAPP:1662,5848c205ff64ecf8,-0.10060000000000002,-0.35136085748672485,0.0401,0.1016,
3,nongraph_pair,2207,f56e1ddec22a1688,cmAPP:2078,cmAPP:2123,5848c205ff64ecf8,-0.21069999999999994,-0.34718987345695496,0.0633,0.09269999999999999,
3,nongraph_pair,2207,e4cc745fd18c9923,cmAPP:2047,cmAPP:2090,9fea29da568e9bc1,-0.6328999999999999,-0.3976999521255493,0.0196,0.1439,
3,nongraph_pair,2207,6a678b00b934044e,cmAPP:2070,cmAPP:2111,5848c205ff64ecf8,0.26859999999999995,-0.35466301441192627,0.067,0.06269999999999999,
3,nongraph_pair,2207,d52d528f0aa9bd30,cmAPP:2035,cmAPP:2080,17103b04fab21cdc,-0.22899999999999987,-0.4016967713832855,0.0641,0.0755,
3,nongraph_pair,2207,e6bc6fc3ddc258ff,cmAPP:2038,cmAPP:2083,17103b04fab21cdc,-0.1522,-0.35562872886657715,0.05,0.047400000000000005,
3,nongraph_pair,2207,0c7a97d50dabb197,cmAPP:2071,cmAPP:2112,5848c205ff64ecf8,-0.4119,-0.3508886694908142,0.0747,0.18719999999999998,
3,nongraph_pair,2207,5e97508244c8c76c,cmAPP:1988,cmAPP:2033,5848c205ff64ecf8,-0.16470000000000007,-0.3472803235054016,0.08710000000000001,0.025699999999999997,
3,nongraph_pair,2207,1711355de18f68c1,cmAPP:1957,cmAPP:2000,9fea29da568e9bc1,-0.3823999999999999,-0.3977000117301941,0.036000000000000004,0.054400000000000004,
3,nongraph_pair,2207,18c6d9223a20ba73,cmAPP:1980,cmAPP:2021,5848c205ff64ecf8,0.15689999999999993,-0.3546750545501709,0.0768,0.0052,
3,nongraph_pair,2207,61808a59ae1e72f6,cmAPP:1945,cmAPP:1990,17103b04fab21cdc,-0.022299999999999986,-0.4018862545490265,0.0379,0.0414,
3,nongraph_pair,2207,aae93bc901d599ee,cmAPP:1948,cmAPP:1993,17103b04fab21cdc,0.015799999999999925,-0.35573944449424744,0.0304,0.06,
3,nongraph_pair,2207,c516136711beb154,cmAPP:1981,cmAPP:2022,5848c205ff64ecf8,-0.43430000000000013,-0.3510112166404724,0.0325,0.1017,
3,nongraph_pair,2207,ffc888cf36b05bc2,cmAPP:1898,cmAPP:1943,5848c205ff64ecf8,-0.1835,-0.3475383520126343,0.0184,0.0542,
3,nongraph_pair,2207,5c37a4bb04018995,cmAPP:1867,cmAPP:1910,9fea29da568e9bc1,-0.276,-0.39770007133483887,0.0181,0.1264,
3,nongraph_pair,2207,5216d53e06ede17c,cmAPP:1890,cmAPP:1931,5848c205ff64ecf8,0.017800000000000038,-0.3547091782093048,0.0196,0.001,
3,nongraph_pair,2207,1b4f407ebbaeb5b2,cmAPP:1855,cmAPP:1900,17103b04fab21cdc,-0.04720000000000002,-0.40242671966552734,0.0007000000000000001,0.030699999999999998,
3,nongraph_pair,2207,790c224fb15729e8,cmAPP:1858,cmAPP:1903,17103b04fab21cdc,-0.03939999999999999,-0.3560549318790436,0.012,0.013999999999999999,
3,nongraph_pair,2207,d1d883357891e048,cmAPP:1891,cmAPP:1932,5848c205ff64ecf8,-0.3360000000000001,-0.35136085748672485,0.0024,0.1892,
3,nongraph_pair,3301,34a0cf77853c520f,cmAPP:1808,cmAPP:1853,5848c205ff64ecf8,0.5641999999999998,-0.33940666913986206,0.4637,0.4285,
3,nongraph_pair,3301,53bd4571937b65d8,cmAPP:1777,cmAPP:1820,9fea29da568e9bc1,-1.8657,-0.3392111659049988,0.1051,0.4839,
3,nongraph_pair,3301,327843b402480d74,cmAPP:1800,cmAPP:1841,5848c205ff64ecf8,0.5433,-0.3424226939678192,0.4465,0.1478,
3,nongraph_pair,3301,1d5a6a30d03d4ace,cmAPP:1765,cmAPP:1810,17103b04fab21cdc,-0.4945,-0.3934609889984131,0.12050000000000001,0.1419,
3,nongraph_pair,3301,4490c940bfdaa814,cmAPP:1768,cmAPP:1813,17103b04fab21cdc,-0.935,-0.32603442668914795,0.1338,0.09609999999999999,
3,nongraph_pair,3301,ae0b1f16d5b39dea,cmAPP:1801,cmAPP:1842,5848c205ff64ecf8,0.43200000000000005,-0.33870169520378113,0.13390000000000002,0.1041,
3,nongraph_pair,3301,e52464c3fde0c9de,cmAPP:1718,cmAPP:1763,5848c205ff64ecf8,-0.361,-0.3395545482635498,0.0562,0.1673,
3,nongraph_pair,3301,2f48d456f6284b36,cmAPP:1687,cmAPP:1730,9fea29da568e9bc1,-0.3121,-0.33936572074890137,0.0704,0.0848,
3,nongraph_pair,3301,c118eab8e379718c,cmAPP:1710,cmAPP:1751,5848c205ff64ecf8,0.2778999999999999,-0.3424689471721649,0.0418,0.0371,
3,nongraph_pair,3301,bb68ab734a60ad5c,cmAPP:1675,cmAPP:1720,17103b04fab21cdc,0.022400000000000087,-0.39333245158195496,0.0253,0.006999999999999999,
3,nongraph_pair,3301,0d965a5abd1a268c,cmAPP:1678,cmAPP:1723,17103b04fab21cdc,-0.05410000000000015,-0.3261701464653015,0.023799999999999998,0.057699999999999994,
3,nongraph_pair,3301,62cb9585f226cf4c,cmAPP:1711,cmAPP:1752,5848c205ff64ecf8,-0.5549,-0.33858516812324524,0.009399999999999999,0.0779,
3,nongraph_pair,3301,9bf5f3d125221e4c,cmAPP:1628,cmAPP:1673,5848c205ff64ecf8,0.1386,-0.33971351385116577,0.1333,0.0969,
3,nongraph_pair,3301,db264d54acc9cc94,cmAPP:1597,cmAPP:1640,9fea29da568e9bc1,-0.79,-0.3398062586784363,0.0475,0.1617,
3,nongraph_pair,3301,450bf38c165fbd1a,cmAPP:1620,cmAPP:1661,5848c205ff64ecf8,0.23629999999999995,-0.3426009714603424,0.0346,0.0215,
3,nongraph_pair,3301,d2d72d8278e8ff2f,cmAPP:1585,cmAPP:1630,17103b04fab21cdc,-0.16439999999999988,-0.3929659128189087,0.0392,0.0429,
3,nongraph_pair,3301,cf3a3e7485b31ba0,cmAPP:1588,cmAPP:1633,17103b04fab21cdc,-0.2547999999999999,-0.32655709981918335,0.03,0.09269999999999999,
3,nongraph_pair,3301,58b9f1849445a903,cmAPP:1621,cmAPP:1662,5848c205ff64ecf8,-0.10060000000000002,-0.33825287222862244,0.0401,0.1016,
3,nongraph_pair,3301,f56e1ddec22a1688,cmAPP:2078,cmAPP:2123,5848c205ff64ecf8,-0.21069999999999994,-0.33940666913986206,0.0633,0.09269999999999999,
3,nongraph_pair,3301,e4cc745fd18c9923,cmAPP:2047,cmAPP:2090,9fea29da568e9bc1,-0.6328999999999999,-0.3392111659049988,0.0196,0.1439,
3,nongraph_pair,3301,6a678b00b934044e,cmAPP:2070,cmAPP:2111,5848c205ff64ecf8,0.26859999999999995,-0.3424226939678192,0.067,0.06269999999999999,
3,nongraph_pair,3301,d52d528f0aa9bd30,cmAPP:2035,cmAPP:2080,17103b04fab21cdc,-0.22899999999999987,-0.3934609889984131,0.0641,0.0755,
3,nongraph_pair,3301,e6bc6fc3ddc258ff,cmAPP:2038,cmAPP:2083,17103b04fab21cdc,-0.1522,-0.32603442668914795,0.05,0.047400000000000005,
3,nongraph_pair,3301,0c7a97d50dabb197,cmAPP:2071,cmAPP:2112,5848c205ff64ecf8,-0.4119,-0.33870169520378113,0.0747,0.18719999999999998,
3,nongraph_pair,3301,5e97508244c8c76c,cmAPP:1988,cmAPP:2033,5848c205ff64ecf8,-0.16470000000000007,-0.3395545482635498,0.08710000000000001,0.025699999999999997,
3,nongraph_pair,3301,1711355de18f68c1,cmAPP:1957,cmAPP:2000,9fea29da568e9bc1,-0.3823999999999999,-0.33936572074890137,0.036000000000000004,0.054400000000000004,
3,nongraph_pair,3301,18c6d9223a20ba73,cmAPP:1980,cmAPP:2021,5848c205ff64ecf8,0.15689999999999993,-0.3424689471721649,0.0768,0.0052,
3,nongraph_pair,3301,61808a59ae1e72f6,cmAPP:1945,cmAPP:1990,17103b04fab21cdc,-0.022299999999999986,-0.39333245158195496,0.0379,0.0414,
3,nongraph_pair,3301,aae93bc901d599ee,cmAPP:1948,cmAPP:1993,17103b04fab21cdc,0.015799999999999925,-0.3261701464653015,0.0304,0.06,
3,nongraph_pair,3301,c516136711beb154,cmAPP:1981,cmAPP:2022,5848c205ff64ecf8,-0.43430000000000013,-0.33858516812324524,0.0325,0.1017,
3,nongraph_pair,3301,ffc888cf36b05bc2,cmAPP:1898,cmAPP:1943,5848c205ff64ecf8,-0.1835,-0.33971351385116577,0.0184,0.0542,
3,nongraph_pair,3301,5c37a4bb04018995,cmAPP:1867,cmAPP:1910,9fea29da568e9bc1,-0.276,-0.3398062586784363,0.0181,0.1264,
3,nongraph_pair,3301,5216d53e06ede17c,cmAPP:1890,cmAPP:1931,5848c205ff64ecf8,0.017800000000000038,-0.3426009714603424,0.0196,0.001,
3,nongraph_pair,3301,1b4f407ebbaeb5b2,cmAPP:1855,cmAPP:1900,17103b04fab21cdc,-0.04720000000000002,-0.3929659128189087,0.0007000000000000001,0.030699999999999998,
3,nongraph_pair,3301,790c224fb15729e8,cmAPP:1858,cmAPP:1903,17103b04fab21cdc,-0.03939999999999999,-0.32655709981918335,0.012,0.013999999999999999,
3,nongraph_pair,3301,d1d883357891e048,cmAPP:1891,cmAPP:1932,5848c205ff64ecf8,-0.3360000000000001,-0.33825287222862244,0.0024,0.1892,
