outer_fold,model,seed,pair_id,reference_id,changed_id,sequence_group,observed_difference,predicted_difference,measurement_sd_reference,measurement_sd_changed,mean_difference_se
0,zero,0,7145b489500dbd80,cmAPP:1803,cmAPP:1848,10c405d304cc4e37,-0.8083999999999999,0.0,0.0612,0.2516,
0,zero,0,05b4895f7bcd4c42,cmAPP:1799,cmAPP:1840,1c10d86ec1a802f4,0.3812,0.0,0.0344,0.2104,
0,zero,0,059e26913d78b631,cmAPP:1778,cmAPP:1823,1c10d86ec1a802f4,-1.8751,0.0,0.1424,0.1273,
0,zero,0,dbf5b6e05f2fd199,cmAPP:1802,cmAPP:1847,72478f51d38ee208,-0.8087999999999997,0.0,0.5171,0.0882,
0,zero,0,c6b1006bae31a2f4,cmAPP:1713,cmAPP:1758,10c405d304cc4e37,-0.2163,0.0,0.0141,0.059,
0,zero,0,f98feef4cdda1f7a,cmAPP:1709,cmAPP:1750,1c10d86ec1a802f4,0.5236000000000001,0.0,0.2509,0.2433,
0,zero,0,eb09d956be8bc0bd,cmAPP:1688,cmAPP:1733,1c10d86ec1a802f4,0.1454999999999999,0.0,0.2898,0.0283999999999999,
0,zero,0,d26bc154c6f7f7ab,cmAPP:1712,cmAPP:1757,72478f51d38ee208,-0.3631,0.0,0.0767,0.1626,
0,zero,0,c465d631789b7798,cmAPP:1623,cmAPP:1668,10c405d304cc4e37,-0.0548999999999999,0.0,0.0616,0.0323,
0,zero,0,dd70d7ef8a4c9374,cmAPP:1619,cmAPP:1660,1c10d86ec1a802f4,2.0336,0.0,0.2964,0.103,
0,zero,0,e9d357b8d3d85a4e,cmAPP:1598,cmAPP:1643,1c10d86ec1a802f4,-0.1075999999999999,0.0,0.0746,0.0934,
0,zero,0,2b34f2d44b307ee1,cmAPP:1622,cmAPP:1667,72478f51d38ee208,-0.0128,0.0,0.06,0.1607,
0,zero,0,676b84ca4669fe18,cmAPP:2073,cmAPP:2118,10c405d304cc4e37,-0.6031,0.0,0.086,0.0694,
0,zero,0,594ae7af3b916cd2,cmAPP:2069,cmAPP:2110,1c10d86ec1a802f4,-0.1429,0.0,0.1174,0.079,
0,zero,0,5b2264ddc1a7af6c,cmAPP:2048,cmAPP:2093,1c10d86ec1a802f4,-0.2509,0.0,0.1604,0.0731,
0,zero,0,fd35c25e6b032569,cmAPP:2072,cmAPP:2117,72478f51d38ee208,-0.1270999999999999,0.0,0.1127,0.1031,
0,zero,0,62524e0c73da8dd0,cmAPP:1983,cmAPP:2028,10c405d304cc4e37,-0.512,0.0,0.0333,0.0638,
0,zero,0,dbc2ab9cc107017b,cmAPP:1979,cmAPP:2020,1c10d86ec1a802f4,0.0397999999999998,0.0,0.1002,0.1169999999999999,
0,zero,0,ca0223cac79b16f0,cmAPP:1958,cmAPP:2003,1c10d86ec1a802f4,-0.0105999999999999,0.0,0.0891,0.0807,
0,zero,0,349eec1ddda15478,cmAPP:1982,cmAPP:2027,72478f51d38ee208,-0.3666,0.0,0.127,0.0994999999999999,
0,zero,0,bdc3962cc20e139b,cmAPP:1893,cmAPP:1938,10c405d304cc4e37,-0.2084999999999999,0.0,0.0204999999999999,0.0317,
0,zero,0,a40c86511b365ffd,cmAPP:1889,cmAPP:1930,1c10d86ec1a802f4,-0.2663999999999999,0.0,0.0363,0.1217999999999999,
0,zero,0,8462c3a551411df3,cmAPP:1868,cmAPP:1913,1c10d86ec1a802f4,-0.2437000000000001,0.0,0.0321,0.1251,
0,zero,0,78964639effd56c0,cmAPP:1892,cmAPP:1937,72478f51d38ee208,-0.3312,0.0,0.0467999999999999,0.1132,
0,training_mean,0,7145b489500dbd80,cmAPP:1803,cmAPP:1848,10c405d304cc4e37,-0.8083999999999999,-0.3263140439783155,0.0612,0.2516,
0,training_mean,0,05b4895f7bcd4c42,cmAPP:1799,cmAPP:1840,1c10d86ec1a802f4,0.3812,-0.3263140439783155,0.0344,0.2104,
0,training_mean,0,059e26913d78b631,cmAPP:1778,cmAPP:1823,1c10d86ec1a802f4,-1.8751,-0.3263140439783155,0.1424,0.1273,
0,training_mean,0,dbf5b6e05f2fd199,cmAPP:1802,cmAPP:1847,72478f51d38ee208,-0.8087999999999997,-0.3263140439783155,0.5171,0.0882,
0,training_mean,0,c6b1006bae31a2f4,cmAPP:1713,cmAPP:1758,10c405d304cc4e37,-0.2163,-0.3263140439783155,0.0141,0.059,
0,training_mean,0,f98feef4cdda1f7a,cmAPP:1709,cmAPP:1750,1c10d86ec1a802f4,0.5236000000000001,-0.3263140439783155,0.2509,0.2433,
0,training_mean,0,eb09d956be8bc0bd,cmAPP:1688,cmAPP:1733,1c10d86ec1a802f4,0.1454999999999999,-0.3263140439783155,0.2898,0.0283999999999999,
0,training_mean,0,d26bc154c6f7f7ab,cmAPP:1712,cmAPP:1757,72478f51d38ee208,-0.3631,-0.3263140439783155,0.0767,0.1626,
0,training_mean,0,c465d631789b7798,cmAPP:1623,cmAPP:1668,10c405d304cc4e37,-0.0548999999999999,-0.3263140439783155,0.0616,0.0323,
0,training_mean,0,dd70d7ef8a4c9374,cmAPP:1619,cmAPP:1660,1c10d86ec1a802f4,2.0336,-0.3263140439783155,0.2964,0.103,
0,training_mean,0,e9d357b8d3d85a4e,cmAPP:1598,cmAPP:1643,1c10d86ec1a802f4,-0.1075999999999999,-0.3263140439783155,0.0746,0.0934,
0,training_mean,0,2b34f2d44b307ee1,cmAPP:1622,cmAPP:1667,72478f51d38ee208,-0.0128,-0.3263140439783155,0.06,0.1607,
0,training_mean,0,676b84ca4669fe18,cmAPP:2073,cmAPP:2118,10c405d304cc4e37,-0.6031,-0.3263140439783155,0.086,0.0694,
0,training_mean,0,594ae7af3b916cd2,cmAPP:2069,cmAPP:2110,1c10d86ec1a802f4,-0.1429,-0.3263140439783155,0.1174,0.079,
0,training_mean,0,5b2264ddc1a7af6c,cmAPP:2048,cmAPP:2093,1c10d86ec1a802f4,-0.2509,-0.3263140439783155,0.1604,0.0731,
0,training_mean,0,fd35c25e6b032569,cmAPP:2072,cmAPP:2117,72478f51d38ee208,-0.1270999999999999,-0.3263140439783155,0.1127,0.1031,
0,training_mean,0,62524e0c73da8dd0,cmAPP:1983,cmAPP:2028,10c405d304cc4e37,-0.512,-0.3263140439783155,0.0333,0.0638,
0,training_mean,0,dbc2ab9cc107017b,cmAPP:1979,cmAPP:2020,1c10d86ec1a802f4,0.0397999999999998,-0.3263140439783155,0.1002,0.1169999999999999,
0,training_mean,0,ca0223cac79b16f0,cmAPP:1958,cmAPP:2003,1c10d86ec1a802f4,-0.0105999999999999,-0.3263140439783155,0.0891,0.0807,
0,training_mean,0,349eec1ddda15478,cmAPP:1982,cmAPP:2027,72478f51d38ee208,-0.3666,-0.3263140439783155,0.127,0.0994999999999999,
0,training_mean,0,bdc3962cc20e139b,cmAPP:1893,cmAPP:1938,10c405d304cc4e37,-0.2084999999999999,-0.3263140439783155,0.0204999999999999,0.0317,
0,training_mean,0,a40c86511b365ffd,cmAPP:1889,cmAPP:1930,1c10d86ec1a802f4,-0.2663999999999999,-0.3263140439783155,0.0363,0.1217999999999999,
0,training_mean,0,8462c3a551411df3,cmAPP:1868,cmAPP:1913,1c10d86ec1a802f4,-0.2437000000000001,-0.3263140439783155,0.0321,0.1251,
0,training_mean,0,78964639effd56c0,cmAPP:1892,cmAPP:1937,72478f51d38ee208,-0.3312,-0.3263140439783155,0.0467999999999999,0.1132,
0,training_majority,0,7145b489500dbd80,cmAPP:1803,cmAPP:1848,10c405d304cc4e37,-0.8083999999999999,-1.0,0.0612,0.2516,
0,training_majority,0,05b4895f7bcd4c42,cmAPP:1799,cmAPP:1840,1c10d86ec1a802f4,0.3812,-1.0,0.0344,0.2104,
0,training_majority,0,059e26913d78b631,cmAPP:1778,cmAPP:1823,1c10d86ec1a802f4,-1.8751,-1.0,0.1424,0.1273,
0,training_majority,0,dbf5b6e05f2fd199,cmAPP:1802,cmAPP:1847,72478f51d38ee208,-0.8087999999999997,-1.0,0.5171,0.0882,
0,training_majority,0,c6b1006bae31a2f4,cmAPP:1713,cmAPP:1758,10c405d304cc4e37,-0.2163,-1.0,0.0141,0.059,
0,training_majority,0,f98feef4cdda1f7a,cmAPP:1709,cmAPP:1750,1c10d86ec1a802f4,0.5236000000000001,-1.0,0.2509,0.2433,
0,training_majority,0,eb09d956be8bc0bd,cmAPP:1688,cmAPP:1733,1c10d86ec1a802f4,0.1454999999999999,-1.0,0.2898,0.0283999999999999,
0,training_majority,0,d26bc154c6f7f7ab,cmAPP:1712,cmAPP:1757,72478f51d38ee208,-0.3631,-1.0,0.0767,0.1626,
0,training_majority,0,c465d631789b7798,cmAPP:1623,cmAPP:1668,10c405d304cc4e37,-0.0548999999999999,-1.0,0.0616,0.0323,
0,training_majority,0,dd70d7ef8a4c9374,cmAPP:1619,cmAPP:1660,1c10d86ec1a802f4,2.0336,-1.0,0.2964,0.103,
0,training_majority,0,e9d357b8d3d85a4e,cmAPP:1598,cmAPP:1643,1c10d86ec1a802f4,-0.1075999999999999,-1.0,0.0746,0.0934,
0,training_majority,0,2b34f2d44b307ee1,cmAPP:1622,cmAPP:1667,72478f51d38ee208,-0.0128,-1.0,0.06,0.1607,
0,training_majority,0,676b84ca4669fe18,cmAPP:2073,cmAPP:2118,10c405d304cc4e37,-0.6031,-1.0,0.086,0.0694,
0,training_majority,0,594ae7af3b916cd2,cmAPP:2069,cmAPP:2110,1c10d86ec1a802f4,-0.1429,-1.0,0.1174,0.079,
0,training_majority,0,5b2264ddc1a7af6c,cmAPP:2048,cmAPP:2093,1c10d86ec1a802f4,-0.2509,-1.0,0.1604,0.0731,
0,training_majority,0,fd35c25e6b032569,cmAPP:2072,cmAPP:2117,72478f51d38ee208,-0.1270999999999999,-1.0,0.1127,0.1031,
0,training_majority,0,62524e0c73da8dd0,cmAPP:1983,cmAPP:2028,10c405d304cc4e37,-0.512,-1.0,0.0333,0.0638,
0,training_majority,0,dbc2ab9cc107017b,cmAPP:1979,cmAPP:2020,1c10d86ec1a802f4,0.0397999999999998,-1.0,0.1002,0.1169999999999999,
0,training_majority,0,ca0223cac79b16f0,cmAPP:1958,cmAPP:2003,1c10d86ec1a802f4,-0.0105999999999999,-1.0,0.0891,0.0807,
0,training_majority,0,349eec1ddda15478,cmAPP:1982,cmAPP:2027,72478f51d38ee208,-0.3666,-1.0,0.127,0.0994999999999999,
0,training_majority,0,bdc3962cc20e139b,cmAPP:1893,cmAPP:1938,10c405d304cc4e37,-0.2084999999999999,-1.0,0.0204999999999999,0.0317,
0,training_majority,0,a40c86511b365ffd,cmAPP:1889,cmAPP:1930,1c10d86ec1a802f4,-0.2663999999999999,-1.0,0.0363,0.1217999999999999,
0,training_majority,0,8462c3a551411df3,cmAPP:1868,cmAPP:1913,1c10d86ec1a802f4,-0.2437000000000001,-1.0,0.0321,0.1251,
0,training_majority,0,78964639effd56c0,cmAPP:1892,cmAPP:1937,72478f51d38ee208,-0.3312,-1.0,0.0467999999999999,0.1132,
0,pair_ridge,0,7145b489500dbd80,cmAPP:1803,cmAPP:1848,10c405d304cc4e37,-0.8083999999999999,-0.032349556684494,0.0612,0.2516,
0,pair_ridge,0,05b4895f7bcd4c42,cmAPP:1799,cmAPP:1840,1c10d86ec1a802f4,0.3812,-0.3151046633720398,0.0344,0.2104,
0,pair_ridge,0,059e26913d78b631,cmAPP:1778,cmAPP:1823,1c10d86ec1a802f4,-1.8751,-0.0886299759149551,0.1424,0.1273,
0,pair_ridge,0,dbf5b6e05f2fd199,cmAPP:1802,cmAPP:1847,72478f51d38ee208,-0.8087999999999997,-0.4750714302062988,0.5171,0.0882,
0,pair_ridge,0,c6b1006bae31a2f4,cmAPP:1713,cmAPP:1758,10c405d304cc4e37,-0.2163,-0.032349556684494,0.0141,0.059,
0,pair_ridge,0,f98feef4cdda1f7a,cmAPP:1709,cmAPP:1750,1c10d86ec1a802f4,0.5236000000000001,-0.3151046633720398,0.2509,0.2433,
0,pair_ridge,0,eb09d956be8bc0bd,cmAPP:1688,cmAPP:1733,1c10d86ec1a802f4,0.1454999999999999,-0.0886299759149551,0.2898,0.0283999999999999,
0,pair_ridge,0,d26bc154c6f7f7ab,cmAPP:1712,cmAPP:1757,72478f51d38ee208,-0.3631,-0.4750714302062988,0.0767,0.1626,
0,pair_ridge,0,c465d631789b7798,cmAPP:1623,cmAPP:1668,10c405d304cc4e37,-0.0548999999999999,-0.032349556684494,0.0616,0.0323,
0,pair_ridge,0,dd70d7ef8a4c9374,cmAPP:1619,cmAPP:1660,1c10d86ec1a802f4,2.0336,-0.3151046633720398,0.2964,0.103,
0,pair_ridge,0,e9d357b8d3d85a4e,cmAPP:1598,cmAPP:1643,1c10d86ec1a802f4,-0.1075999999999999,-0.0886299759149551,0.0746,0.0934,
0,pair_ridge,0,2b34f2d44b307ee1,cmAPP:1622,cmAPP:1667,72478f51d38ee208,-0.0128,-0.4750714302062988,0.06,0.1607,
0,pair_ridge,0,676b84ca4669fe18,cmAPP:2073,cmAPP:2118,10c405d304cc4e37,-0.6031,-0.032349556684494,0.086,0.0694,
0,pair_ridge,0,594ae7af3b916cd2,cmAPP:2069,cmAPP:2110,1c10d86ec1a802f4,-0.1429,-0.3151046633720398,0.1174,0.079,
0,pair_ridge,0,5b2264ddc1a7af6c,cmAPP:2048,cmAPP:2093,1c10d86ec1a802f4,-0.2509,-0.0886299759149551,0.1604,0.0731,
0,pair_ridge,0,fd35c25e6b032569,cmAPP:2072,cmAPP:2117,72478f51d38ee208,-0.1270999999999999,-0.4750714302062988,0.1127,0.1031,
0,pair_ridge,0,62524e0c73da8dd0,cmAPP:1983,cmAPP:2028,10c405d304cc4e37,-0.512,-0.032349556684494,0.0333,0.0638,
0,pair_ridge,0,dbc2ab9cc107017b,cmAPP:1979,cmAPP:2020,1c10d86ec1a802f4,0.0397999999999998,-0.3151046633720398,0.1002,0.1169999999999999,
0,pair_ridge,0,ca0223cac79b16f0,cmAPP:1958,cmAPP:2003,1c10d86ec1a802f4,-0.0105999999999999,-0.0886299759149551,0.0891,0.0807,
0,pair_ridge,0,349eec1ddda15478,cmAPP:1982,cmAPP:2027,72478f51d38ee208,-0.3666,-0.4750714302062988,0.127,0.0994999999999999,
0,pair_ridge,0,bdc3962cc20e139b,cmAPP:1893,cmAPP:1938,10c405d304cc4e37,-0.2084999999999999,-0.032349556684494,0.0204999999999999,0.0317,
0,pair_ridge,0,a40c86511b365ffd,cmAPP:1889,cmAPP:1930,1c10d86ec1a802f4,-0.2663999999999999,-0.3151046633720398,0.0363,0.1217999999999999,
0,pair_ridge,0,8462c3a551411df3,cmAPP:1868,cmAPP:1913,1c10d86ec1a802f4,-0.2437000000000001,-0.0886299759149551,0.0321,0.1251,
0,pair_ridge,0,78964639effd56c0,cmAPP:1892,cmAPP:1937,72478f51d38ee208,-0.3312,-0.4750714302062988,0.0467999999999999,0.1132,
0,gnn_activity,1103,7145b489500dbd80,cmAPP:1803,cmAPP:1848,10c405d304cc4e37,-0.8083999999999999,-0.1431673169136047,0.0612,0.2516,
0,gnn_activity,1103,05b4895f7bcd4c42,cmAPP:1799,cmAPP:1840,1c10d86ec1a802f4,0.3812,-0.3942189216613769,0.0344,0.2104,
0,gnn_activity,1103,059e26913d78b631,cmAPP:1778,cmAPP:1823,1c10d86ec1a802f4,-1.8751,-0.143705666065216,0.1424,0.1273,
0,gnn_activity,1103,dbf5b6e05f2fd199,cmAPP:1802,cmAPP:1847,72478f51d38ee208,-0.8087999999999997,-0.5168900489807129,0.5171,0.0882,
0,gnn_activity,1103,c6b1006bae31a2f4,cmAPP:1713,cmAPP:1758,10c405d304cc4e37,-0.2163,-0.1430745124816894,0.0141,0.059,
0,gnn_activity,1103,f98feef4cdda1f7a,cmAPP:1709,cmAPP:1750,1c10d86ec1a802f4,0.5236000000000001,-0.3929744064807892,0.2509,0.2433,
0,gnn_activity,1103,eb09d956be8bc0bd,cmAPP:1688,cmAPP:1733,1c10d86ec1a802f4,0.1454999999999999,-0.1432206034660339,0.2898,0.0283999999999999,
0,gnn_activity,1103,d26bc154c6f7f7ab,cmAPP:1712,cmAPP:1757,72478f51d38ee208,-0.3631,-0.5156455039978027,0.0767,0.1626,
0,gnn_activity,1103,c465d631789b7798,cmAPP:1623,cmAPP:1668,10c405d304cc4e37,-0.0548999999999999,-0.1432164907455444,0.0616,0.0323,
0,gnn_activity,1103,dd70d7ef8a4c9374,cmAPP:1619,cmAPP:1660,1c10d86ec1a802f4,2.0336,-0.3894256353378296,0.2964,0.103,
0,gnn_activity,1103,e9d357b8d3d85a4e,cmAPP:1598,cmAPP:1643,1c10d86ec1a802f4,-0.1075999999999999,-0.141837477684021,0.0746,0.0934,
0,gnn_activity,1103,2b34f2d44b307ee1,cmAPP:1622,cmAPP:1667,72478f51d38ee208,-0.0128,-0.5120967626571655,0.06,0.1607,
0,gnn_activity,1103,676b84ca4669fe18,cmAPP:2073,cmAPP:2118,10c405d304cc4e37,-0.6031,-0.1431673169136047,0.086,0.0694,
0,gnn_activity,1103,594ae7af3b916cd2,cmAPP:2069,cmAPP:2110,1c10d86ec1a802f4,-0.1429,-0.3942189216613769,0.1174,0.079,
0,gnn_activity,1103,5b2264ddc1a7af6c,cmAPP:2048,cmAPP:2093,1c10d86ec1a802f4,-0.2509,-0.143705666065216,0.1604,0.0731,
0,gnn_activity,1103,fd35c25e6b032569,cmAPP:2072,cmAPP:2117,72478f51d38ee208,-0.1270999999999999,-0.5168900489807129,0.1127,0.1031,
0,gnn_activity,1103,62524e0c73da8dd0,cmAPP:1983,cmAPP:2028,10c405d304cc4e37,-0.512,-0.1430745124816894,0.0333,0.0638,
0,gnn_activity,1103,dbc2ab9cc107017b,cmAPP:1979,cmAPP:2020,1c10d86ec1a802f4,0.0397999999999998,-0.3929744064807892,0.1002,0.1169999999999999,
0,gnn_activity,1103,ca0223cac79b16f0,cmAPP:1958,cmAPP:2003,1c10d86ec1a802f4,-0.0105999999999999,-0.1432206034660339,0.0891,0.0807,
0,gnn_activity,1103,349eec1ddda15478,cmAPP:1982,cmAPP:2027,72478f51d38ee208,-0.3666,-0.5156455039978027,0.127,0.0994999999999999,
0,gnn_activity,1103,bdc3962cc20e139b,cmAPP:1893,cmAPP:1938,10c405d304cc4e37,-0.2084999999999999,-0.1432164907455444,0.0204999999999999,0.0317,
0,gnn_activity,1103,a40c86511b365ffd,cmAPP:1889,cmAPP:1930,1c10d86ec1a802f4,-0.2663999999999999,-0.3894256353378296,0.0363,0.1217999999999999,
0,gnn_activity,1103,8462c3a551411df3,cmAPP:1868,cmAPP:1913,1c10d86ec1a802f4,-0.2437000000000001,-0.141837477684021,0.0321,0.1251,
0,gnn_activity,1103,78964639effd56c0,cmAPP:1892,cmAPP:1937,72478f51d38ee208,-0.3312,-0.5120967626571655,0.0467999999999999,0.1132,
0,gnn_activity,2207,7145b489500dbd80,cmAPP:1803,cmAPP:1848,10c405d304cc4e37,-0.8083999999999999,-0.2090343832969665,0.0612,0.2516,
0,gnn_activity,2207,05b4895f7bcd4c42,cmAPP:1799,cmAPP:1840,1c10d86ec1a802f4,0.3812,-0.2661677002906799,0.0344,0.2104,
0,gnn_activity,2207,059e26913d78b631,cmAPP:1778,cmAPP:1823,1c10d86ec1a802f4,-1.8751,-0.1860550642013549,0.1424,0.1273,
0,gnn_activity,2207,dbf5b6e05f2fd199,cmAPP:1802,cmAPP:1847,72478f51d38ee208,-0.8087999999999997,-0.5695829391479492,0.5171,0.0882,
0,gnn_activity,2207,c6b1006bae31a2f4,cmAPP:1713,cmAPP:1758,10c405d304cc4e37,-0.2163,-0.207931637763977,0.0141,0.059,
0,gnn_activity,2207,f98feef4cdda1f7a,cmAPP:1709,cmAPP:1750,1c10d86ec1a802f4,0.5236000000000001,-0.2647837400436401,0.2509,0.2433,
0,gnn_activity,2207,eb09d956be8bc0bd,cmAPP:1688,cmAPP:1733,1c10d86ec1a802f4,0.1454999999999999,-0.1851881146430969,0.2898,0.0283999999999999,
0,gnn_activity,2207,d26bc154c6f7f7ab,cmAPP:1712,cmAPP:1757,72478f51d38ee208,-0.3631,-0.5681116580963135,0.0767,0.1626,
0,gnn_activity,2207,c465d631789b7798,cmAPP:1623,cmAPP:1668,10c405d304cc4e37,-0.0548999999999999,-0.204787015914917,0.0616,0.0323,
0,gnn_activity,2207,dd70d7ef8a4c9374,cmAPP:1619,cmAPP:1660,1c10d86ec1a802f4,2.0336,-0.2608374953269958,0.2964,0.103,
0,gnn_activity,2207,e9d357b8d3d85a4e,cmAPP:1598,cmAPP:1643,1c10d86ec1a802f4,-0.1075999999999999,-0.1835726499557495,0.0746,0.0934,
0,gnn_activity,2207,2b34f2d44b307ee1,cmAPP:1622,cmAPP:1667,72478f51d38ee208,-0.0128,-0.5639162063598633,0.06,0.1607,
0,gnn_activity,2207,676b84ca4669fe18,cmAPP:2073,cmAPP:2118,10c405d304cc4e37,-0.6031,-0.2090343832969665,0.086,0.0694,
0,gnn_activity,2207,594ae7af3b916cd2,cmAPP:2069,cmAPP:2110,1c10d86ec1a802f4,-0.1429,-0.2661677002906799,0.1174,0.079,
0,gnn_activity,2207,5b2264ddc1a7af6c,cmAPP:2048,cmAPP:2093,1c10d86ec1a802f4,-0.2509,-0.1860550642013549,0.1604,0.0731,
0,gnn_activity,2207,fd35c25e6b032569,cmAPP:2072,cmAPP:2117,72478f51d38ee208,-0.1270999999999999,-0.5695829391479492,0.1127,0.1031,
0,gnn_activity,2207,62524e0c73da8dd0,cmAPP:1983,cmAPP:2028,10c405d304cc4e37,-0.512,-0.207931637763977,0.0333,0.0638,
0,gnn_activity,2207,dbc2ab9cc107017b,cmAPP:1979,cmAPP:2020,1c10d86ec1a802f4,0.0397999999999998,-0.2647837400436401,0.1002,0.1169999999999999,
0,gnn_activity,2207,ca0223cac79b16f0,cmAPP:1958,cmAPP:2003,1c10d86ec1a802f4,-0.0105999999999999,-0.1851881146430969,0.0891,0.0807,
0,gnn_activity,2207,349eec1ddda15478,cmAPP:1982,cmAPP:2027,72478f51d38ee208,-0.3666,-0.5681116580963135,0.127,0.0994999999999999,
0,gnn_activity,2207,bdc3962cc20e139b,cmAPP:1893,cmAPP:1938,10c405d304cc4e37,-0.2084999999999999,-0.204787015914917,0.0204999999999999,0.0317,
0,gnn_activity,2207,a40c86511b365ffd,cmAPP:1889,cmAPP:1930,1c10d86ec1a802f4,-0.2663999999999999,-0.2608374953269958,0.0363,0.1217999999999999,
0,gnn_activity,2207,8462c3a551411df3,cmAPP:1868,cmAPP:1913,1c10d86ec1a802f4,-0.2437000000000001,-0.1835726499557495,0.0321,0.1251,
0,gnn_activity,2207,78964639effd56c0,cmAPP:1892,cmAPP:1937,72478f51d38ee208,-0.3312,-0.5639162063598633,0.0467999999999999,0.1132,
0,gnn_activity,3301,7145b489500dbd80,cmAPP:1803,cmAPP:1848,10c405d304cc4e37,-0.8083999999999999,-0.2351623773574829,0.0612,0.2516,
0,gnn_activity,3301,05b4895f7bcd4c42,cmAPP:1799,cmAPP:1840,1c10d86ec1a802f4,0.3812,-0.4356258809566498,0.0344,0.2104,
0,gnn_activity,3301,059e26913d78b631,cmAPP:1778,cmAPP:1823,1c10d86ec1a802f4,-1.8751,-0.2615486979484558,0.1424,0.1273,
0,gnn_activity,3301,dbf5b6e05f2fd199,cmAPP:1802,cmAPP:1847,72478f51d38ee208,-0.8087999999999997,-0.4995991587638855,0.5171,0.0882,
0,gnn_activity,3301,c6b1006bae31a2f4,cmAPP:1713,cmAPP:1758,10c405d304cc4e37,-0.2163,-0.2348859906196594,0.0141,0.059,
0,gnn_activity,3301,f98feef4cdda1f7a,cmAPP:1709,cmAPP:1750,1c10d86ec1a802f4,0.5236000000000001,-0.4351824522018432,0.2509,0.2433,
0,gnn_activity,3301,eb09d956be8bc0bd,cmAPP:1688,cmAPP:1733,1c10d86ec1a802f4,0.1454999999999999,-0.2608875036239624,0.2898,0.0283999999999999,
0,gnn_activity,3301,d26bc154c6f7f7ab,cmAPP:1712,cmAPP:1757,72478f51d38ee208,-0.3631,-0.4994973838329315,0.0767,0.1626,
0,gnn_activity,3301,c465d631789b7798,cmAPP:1623,cmAPP:1668,10c405d304cc4e37,-0.0548999999999999,-0.2336848974227905,0.0616,0.0323,
0,gnn_activity,3301,dd70d7ef8a4c9374,cmAPP:1619,cmAPP:1660,1c10d86ec1a802f4,2.0336,-0.4339179098606109,0.2964,0.103,
0,gnn_activity,3301,e9d357b8d3d85a4e,cmAPP:1598,cmAPP:1643,1c10d86ec1a802f4,-0.1075999999999999,-0.2590023875236511,0.0746,0.0934,
0,gnn_activity,3301,2b34f2d44b307ee1,cmAPP:1622,cmAPP:1667,72478f51d38ee208,-0.0128,-0.499206930398941,0.06,0.1607,
0,gnn_activity,3301,676b84ca4669fe18,cmAPP:2073,cmAPP:2118,10c405d304cc4e37,-0.6031,-0.2351623773574829,0.086,0.0694,
0,gnn_activity,3301,594ae7af3b916cd2,cmAPP:2069,cmAPP:2110,1c10d86ec1a802f4,-0.1429,-0.4356258809566498,0.1174,0.079,
0,gnn_activity,3301,5b2264ddc1a7af6c,cmAPP:2048,cmAPP:2093,1c10d86ec1a802f4,-0.2509,-0.2615486979484558,0.1604,0.0731,
0,gnn_activity,3301,fd35c25e6b032569,cmAPP:2072,cmAPP:2117,72478f51d38ee208,-0.1270999999999999,-0.4995991587638855,0.1127,0.1031,
0,gnn_activity,3301,62524e0c73da8dd0,cmAPP:1983,cmAPP:2028,10c405d304cc4e37,-0.512,-0.2348859906196594,0.0333,0.0638,
0,gnn_activity,3301,dbc2ab9cc107017b,cmAPP:1979,cmAPP:2020,1c10d86ec1a802f4,0.0397999999999998,-0.4351824522018432,0.1002,0.1169999999999999,
0,gnn_activity,3301,ca0223cac79b16f0,cmAPP:1958,cmAPP:2003,1c10d86ec1a802f4,-0.0105999999999999,-0.2608875036239624,0.0891,0.0807,
0,gnn_activity,3301,349eec1ddda15478,cmAPP:1982,cmAPP:2027,72478f51d38ee208,-0.3666,-0.4994973838329315,0.127,0.0994999999999999,
0,gnn_activity,3301,bdc3962cc20e139b,cmAPP:1893,cmAPP:1938,10c405d304cc4e37,-0.2084999999999999,-0.2336848974227905,0.0204999999999999,0.0317,
0,gnn_activity,3301,a40c86511b365ffd,cmAPP:1889,cmAPP:1930,1c10d86ec1a802f4,-0.2663999999999999,-0.4339179098606109,0.0363,0.1217999999999999,
0,gnn_activity,3301,8462c3a551411df3,cmAPP:1868,cmAPP:1913,1c10d86ec1a802f4,-0.2437000000000001,-0.2590023875236511,0.0321,0.1251,
0,gnn_activity,3301,78964639effd56c0,cmAPP:1892,cmAPP:1937,72478f51d38ee208,-0.3312,-0.499206930398941,0.0467999999999999,0.1132,
0,gnn_pair,1103,7145b489500dbd80,cmAPP:1803,cmAPP:1848,10c405d304cc4e37,-0.8083999999999999,-0.1615475416183471,0.0612,0.2516,
0,gnn_pair,1103,05b4895f7bcd4c42,cmAPP:1799,cmAPP:1840,1c10d86ec1a802f4,0.3812,-0.3830844759941101,0.0344,0.2104,
0,gnn_pair,1103,059e26913d78b631,cmAPP:1778,cmAPP:1823,1c10d86ec1a802f4,-1.8751,-0.0966995954513549,0.1424,0.1273,
0,gnn_pair,1103,dbf5b6e05f2fd199,cmAPP:1802,cmAPP:1847,72478f51d38ee208,-0.8087999999999997,-0.5422430038452148,0.5171,0.0882,
0,gnn_pair,1103,c6b1006bae31a2f4,cmAPP:1713,cmAPP:1758,10c405d304cc4e37,-0.2163,-0.1611422300338745,0.0141,0.059,
0,gnn_pair,1103,f98feef4cdda1f7a,cmAPP:1709,cmAPP:1750,1c10d86ec1a802f4,0.5236000000000001,-0.3830519616603851,0.2509,0.2433,
0,gnn_pair,1103,eb09d956be8bc0bd,cmAPP:1688,cmAPP:1733,1c10d86ec1a802f4,0.1454999999999999,-0.0959932208061218,0.2898,0.0283999999999999,
0,gnn_pair,1103,d26bc154c6f7f7ab,cmAPP:1712,cmAPP:1757,72478f51d38ee208,-0.3631,-0.5417438745498657,0.0767,0.1626,
0,gnn_pair,1103,c465d631789b7798,cmAPP:1623,cmAPP:1668,10c405d304cc4e37,-0.0548999999999999,-0.1599862575531005,0.0616,0.0323,
0,gnn_pair,1103,dd70d7ef8a4c9374,cmAPP:1619,cmAPP:1660,1c10d86ec1a802f4,2.0336,-0.3829592764377594,0.2964,0.103,
0,gnn_pair,1103,e9d357b8d3d85a4e,cmAPP:1598,cmAPP:1643,1c10d86ec1a802f4,-0.1075999999999999,-0.093979001045227,0.0746,0.0934,
0,gnn_pair,1103,2b34f2d44b307ee1,cmAPP:1622,cmAPP:1667,72478f51d38ee208,-0.0128,-0.5403203368186951,0.06,0.1607,
0,gnn_pair,1103,676b84ca4669fe18,cmAPP:2073,cmAPP:2118,10c405d304cc4e37,-0.6031,-0.1615475416183471,0.086,0.0694,
0,gnn_pair,1103,594ae7af3b916cd2,cmAPP:2069,cmAPP:2110,1c10d86ec1a802f4,-0.1429,-0.3830844759941101,0.1174,0.079,
0,gnn_pair,1103,5b2264ddc1a7af6c,cmAPP:2048,cmAPP:2093,1c10d86ec1a802f4,-0.2509,-0.0966995954513549,0.1604,0.0731,
0,gnn_pair,1103,fd35c25e6b032569,cmAPP:2072,cmAPP:2117,72478f51d38ee208,-0.1270999999999999,-0.5422430038452148,0.1127,0.1031,
0,gnn_pair,1103,62524e0c73da8dd0,cmAPP:1983,cmAPP:2028,10c405d304cc4e37,-0.512,-0.1611422300338745,0.0333,0.0638,
0,gnn_pair,1103,dbc2ab9cc107017b,cmAPP:1979,cmAPP:2020,1c10d86ec1a802f4,0.0397999999999998,-0.3830519616603851,0.1002,0.1169999999999999,
0,gnn_pair,1103,ca0223cac79b16f0,cmAPP:1958,cmAPP:2003,1c10d86ec1a802f4,-0.0105999999999999,-0.0959932208061218,0.0891,0.0807,
0,gnn_pair,1103,349eec1ddda15478,cmAPP:1982,cmAPP:2027,72478f51d38ee208,-0.3666,-0.5417438745498657,0.127,0.0994999999999999,
0,gnn_pair,1103,bdc3962cc20e139b,cmAPP:1893,cmAPP:1938,10c405d304cc4e37,-0.2084999999999999,-0.1599862575531005,0.0204999999999999,0.0317,
0,gnn_pair,1103,a40c86511b365ffd,cmAPP:1889,cmAPP:1930,1c10d86ec1a802f4,-0.2663999999999999,-0.3829592764377594,0.0363,0.1217999999999999,
0,gnn_pair,1103,8462c3a551411df3,cmAPP:1868,cmAPP:1913,1c10d86ec1a802f4,-0.2437000000000001,-0.093979001045227,0.0321,0.1251,
0,gnn_pair,1103,78964639effd56c0,cmAPP:1892,cmAPP:1937,72478f51d38ee208,-0.3312,-0.5403203368186951,0.0467999999999999,0.1132,
0,gnn_pair,2207,7145b489500dbd80,cmAPP:1803,cmAPP:1848,10c405d304cc4e37,-0.8083999999999999,-0.2403126955032348,0.0612,0.2516,
0,gnn_pair,2207,05b4895f7bcd4c42,cmAPP:1799,cmAPP:1840,1c10d86ec1a802f4,0.3812,-0.3121860027313232,0.0344,0.2104,
0,gnn_pair,2207,059e26913d78b631,cmAPP:1778,cmAPP:1823,1c10d86ec1a802f4,-1.8751,-0.1906937360763549,0.1424,0.1273,
0,gnn_pair,2207,dbf5b6e05f2fd199,cmAPP:1802,cmAPP:1847,72478f51d38ee208,-0.8087999999999997,-0.482215940952301,0.5171,0.0882,
0,gnn_pair,2207,c6b1006bae31a2f4,cmAPP:1713,cmAPP:1758,10c405d304cc4e37,-0.2163,-0.2401647567749023,0.0141,0.059,
0,gnn_pair,2207,f98feef4cdda1f7a,cmAPP:1709,cmAPP:1750,1c10d86ec1a802f4,0.5236000000000001,-0.3119155168533325,0.2509,0.2433,
0,gnn_pair,2207,eb09d956be8bc0bd,cmAPP:1688,cmAPP:1733,1c10d86ec1a802f4,0.1454999999999999,-0.1905253529548645,0.2898,0.0283999999999999,
0,gnn_pair,2207,d26bc154c6f7f7ab,cmAPP:1712,cmAPP:1757,72478f51d38ee208,-0.3631,-0.4820986092090606,0.0767,0.1626,
0,gnn_pair,2207,c465d631789b7798,cmAPP:1623,cmAPP:1668,10c405d304cc4e37,-0.0548999999999999,-0.2397430539131164,0.0616,0.0323,
0,gnn_pair,2207,dd70d7ef8a4c9374,cmAPP:1619,cmAPP:1660,1c10d86ec1a802f4,2.0336,-0.3111442327499389,0.2964,0.103,
0,gnn_pair,2207,e9d357b8d3d85a4e,cmAPP:1598,cmAPP:1643,1c10d86ec1a802f4,-0.1075999999999999,-0.1900451183319091,0.0746,0.0934,
0,gnn_pair,2207,2b34f2d44b307ee1,cmAPP:1622,cmAPP:1667,72478f51d38ee208,-0.0128,-0.481764018535614,0.06,0.1607,
0,gnn_pair,2207,676b84ca4669fe18,cmAPP:2073,cmAPP:2118,10c405d304cc4e37,-0.6031,-0.2403126955032348,0.086,0.0694,
0,gnn_pair,2207,594ae7af3b916cd2,cmAPP:2069,cmAPP:2110,1c10d86ec1a802f4,-0.1429,-0.3121860027313232,0.1174,0.079,
0,gnn_pair,2207,5b2264ddc1a7af6c,cmAPP:2048,cmAPP:2093,1c10d86ec1a802f4,-0.2509,-0.1906937360763549,0.1604,0.0731,
0,gnn_pair,2207,fd35c25e6b032569,cmAPP:2072,cmAPP:2117,72478f51d38ee208,-0.1270999999999999,-0.482215940952301,0.1127,0.1031,
0,gnn_pair,2207,62524e0c73da8dd0,cmAPP:1983,cmAPP:2028,10c405d304cc4e37,-0.512,-0.2401647567749023,0.0333,0.0638,
0,gnn_pair,2207,dbc2ab9cc107017b,cmAPP:1979,cmAPP:2020,1c10d86ec1a802f4,0.0397999999999998,-0.3119155168533325,0.1002,0.1169999999999999,
0,gnn_pair,2207,ca0223cac79b16f0,cmAPP:1958,cmAPP:2003,1c10d86ec1a802f4,-0.0105999999999999,-0.1905253529548645,0.0891,0.0807,
0,gnn_pair,2207,349eec1ddda15478,cmAPP:1982,cmAPP:2027,72478f51d38ee208,-0.3666,-0.4820986092090606,0.127,0.0994999999999999,
0,gnn_pair,2207,bdc3962cc20e139b,cmAPP:1893,cmAPP:1938,10c405d304cc4e37,-0.2084999999999999,-0.2397430539131164,0.0204999999999999,0.0317,
0,gnn_pair,2207,a40c86511b365ffd,cmAPP:1889,cmAPP:1930,1c10d86ec1a802f4,-0.2663999999999999,-0.3111442327499389,0.0363,0.1217999999999999,
0,gnn_pair,2207,8462c3a551411df3,cmAPP:1868,cmAPP:1913,1c10d86ec1a802f4,-0.2437000000000001,-0.1900451183319091,0.0321,0.1251,
0,gnn_pair,2207,78964639effd56c0,cmAPP:1892,cmAPP:1937,72478f51d38ee208,-0.3312,-0.481764018535614,0.0467999999999999,0.1132,
0,gnn_pair,3301,7145b489500dbd80,cmAPP:1803,cmAPP:1848,10c405d304cc4e37,-0.8083999999999999,-0.2451908588409423,0.0612,0.2516,
0,gnn_pair,3301,05b4895f7bcd4c42,cmAPP:1799,cmAPP:1840,1c10d86ec1a802f4,0.3812,-0.4399903416633606,0.0344,0.2104,
0,gnn_pair,3301,059e26913d78b631,cmAPP:1778,cmAPP:1823,1c10d86ec1a802f4,-1.8751,-0.2294352054595947,0.1424,0.1273,
0,gnn_pair,3301,dbf5b6e05f2fd199,cmAPP:1802,cmAPP:1847,72478f51d38ee208,-0.8087999999999997,-0.5002533197402954,0.5171,0.0882,
0,gnn_pair,3301,c6b1006bae31a2f4,cmAPP:1713,cmAPP:1758,10c405d304cc4e37,-0.2163,-0.2448141574859619,0.0141,0.059,
0,gnn_pair,3301,f98feef4cdda1f7a,cmAPP:1709,cmAPP:1750,1c10d86ec1a802f4,0.5236000000000001,-0.43968266248703,0.2509,0.2433,
0,gnn_pair,3301,eb09d956be8bc0bd,cmAPP:1688,cmAPP:1733,1c10d86ec1a802f4,0.1454999999999999,-0.2289477586746215,0.2898,0.0283999999999999,
0,gnn_pair,3301,d26bc154c6f7f7ab,cmAPP:1712,cmAPP:1757,72478f51d38ee208,-0.3631,-0.4998055100440979,0.0767,0.1626,
0,gnn_pair,3301,c465d631789b7798,cmAPP:1623,cmAPP:1668,10c405d304cc4e37,-0.0548999999999999,-0.2437400817871093,0.0616,0.0323,
0,gnn_pair,3301,dd70d7ef8a4c9374,cmAPP:1619,cmAPP:1660,1c10d86ec1a802f4,2.0336,-0.4388054609298706,0.2964,0.103,
0,gnn_pair,3301,e9d357b8d3d85a4e,cmAPP:1598,cmAPP:1643,1c10d86ec1a802f4,-0.1075999999999999,-0.227557897567749,0.0746,0.0934,
0,gnn_pair,3301,2b34f2d44b307ee1,cmAPP:1622,cmAPP:1667,72478f51d38ee208,-0.0128,-0.4985284507274627,0.06,0.1607,
0,gnn_pair,3301,676b84ca4669fe18,cmAPP:2073,cmAPP:2118,10c405d304cc4e37,-0.6031,-0.2451908588409423,0.086,0.0694,
0,gnn_pair,3301,594ae7af3b916cd2,cmAPP:2069,cmAPP:2110,1c10d86ec1a802f4,-0.1429,-0.4399903416633606,0.1174,0.079,
0,gnn_pair,3301,5b2264ddc1a7af6c,cmAPP:2048,cmAPP:2093,1c10d86ec1a802f4,-0.2509,-0.2294352054595947,0.1604,0.0731,
0,gnn_pair,3301,fd35c25e6b032569,cmAPP:2072,cmAPP:2117,72478f51d38ee208,-0.1270999999999999,-0.5002533197402954,0.1127,0.1031,
0,gnn_pair,3301,62524e0c73da8dd0,cmAPP:1983,cmAPP:2028,10c405d304cc4e37,-0.512,-0.2448141574859619,0.0333,0.0638,
0,gnn_pair,3301,dbc2ab9cc107017b,cmAPP:1979,cmAPP:2020,1c10d86ec1a802f4,0.0397999999999998,-0.43968266248703,0.1002,0.1169999999999999,
0,gnn_pair,3301,ca0223cac79b16f0,cmAPP:1958,cmAPP:2003,1c10d86ec1a802f4,-0.0105999999999999,-0.2289477586746215,0.0891,0.0807,
0,gnn_pair,3301,349eec1ddda15478,cmAPP:1982,cmAPP:2027,72478f51d38ee208,-0.3666,-0.4998055100440979,0.127,0.0994999999999999,
0,gnn_pair,3301,bdc3962cc20e139b,cmAPP:1893,cmAPP:1938,10c405d304cc4e37,-0.2084999999999999,-0.2437400817871093,0.0204999999999999,0.0317,
0,gnn_pair,3301,a40c86511b365ffd,cmAPP:1889,cmAPP:1930,1c10d86ec1a802f4,-0.2663999999999999,-0.4388054609298706,0.0363,0.1217999999999999,
0,gnn_pair,3301,8462c3a551411df3,cmAPP:1868,cmAPP:1913,1c10d86ec1a802f4,-0.2437000000000001,-0.227557897567749,0.0321,0.1251,
0,gnn_pair,3301,78964639effd56c0,cmAPP:1892,cmAPP:1937,72478f51d38ee208,-0.3312,-0.4985284507274627,0.0467999999999999,0.1132,
0,nongraph_pair,1103,7145b489500dbd80,cmAPP:1803,cmAPP:1848,10c405d304cc4e37,-0.8083999999999999,-0.2279530167579651,0.0612,0.2516,
0,nongraph_pair,1103,05b4895f7bcd4c42,cmAPP:1799,cmAPP:1840,1c10d86ec1a802f4,0.3812,-0.4067954421043396,0.0344,0.2104,
0,nongraph_pair,1103,059e26913d78b631,cmAPP:1778,cmAPP:1823,1c10d86ec1a802f4,-1.8751,-0.1682657599449157,0.1424,0.1273,
0,nongraph_pair,1103,dbf5b6e05f2fd199,cmAPP:1802,cmAPP:1847,72478f51d38ee208,-0.8087999999999997,-0.4609357118606567,0.5171,0.0882,
0,nongraph_pair,1103,c6b1006bae31a2f4,cmAPP:1713,cmAPP:1758,10c405d304cc4e37,-0.2163,-0.2275173664093017,0.0141,0.059,
0,nongraph_pair,1103,f98feef4cdda1f7a,cmAPP:1709,cmAPP:1750,1c10d86ec1a802f4,0.5236000000000001,-0.4063699841499328,0.2509,0.2433,
0,nongraph_pair,1103,eb09d956be8bc0bd,cmAPP:1688,cmAPP:1733,1c10d86ec1a802f4,0.1454999999999999,-0.1676920652389526,0.2898,0.0283999999999999,
0,nongraph_pair,1103,d26bc154c6f7f7ab,cmAPP:1712,cmAPP:1757,72478f51d38ee208,-0.3631,-0.4605015814304352,0.0767,0.1626,
0,nongraph_pair,1103,c465d631789b7798,cmAPP:1623,cmAPP:1668,10c405d304cc4e37,-0.0548999999999999,-0.2262750267982483,0.0616,0.0323,
0,nongraph_pair,1103,dd70d7ef8a4c9374,cmAPP:1619,cmAPP:1660,1c10d86ec1a802f4,2.0336,-0.4051569104194641,0.2964,0.103,
0,nongraph_pair,1103,e9d357b8d3d85a4e,cmAPP:1598,cmAPP:1643,1c10d86ec1a802f4,-0.1075999999999999,-0.1660560369491577,0.0746,0.0934,
0,nongraph_pair,1103,2b34f2d44b307ee1,cmAPP:1622,cmAPP:1667,72478f51d38ee208,-0.0128,-0.4592639207839966,0.06,0.1607,
0,nongraph_pair,1103,676b84ca4669fe18,cmAPP:2073,cmAPP:2118,10c405d304cc4e37,-0.6031,-0.2279530167579651,0.086,0.0694,
0,nongraph_pair,1103,594ae7af3b916cd2,cmAPP:2069,cmAPP:2110,1c10d86ec1a802f4,-0.1429,-0.4067954421043396,0.1174,0.079,
0,nongraph_pair,1103,5b2264ddc1a7af6c,cmAPP:2048,cmAPP:2093,1c10d86ec1a802f4,-0.2509,-0.1682657599449157,0.1604,0.0731,
0,nongraph_pair,1103,fd35c25e6b032569,cmAPP:2072,cmAPP:2117,72478f51d38ee208,-0.1270999999999999,-0.4609357118606567,0.1127,0.1031,
0,nongraph_pair,1103,62524e0c73da8dd0,cmAPP:1983,cmAPP:2028,10c405d304cc4e37,-0.512,-0.2275173664093017,0.0333,0.0638,
0,nongraph_pair,1103,dbc2ab9cc107017b,cmAPP:1979,cmAPP:2020,1c10d86ec1a802f4,0.0397999999999998,-0.4063699841499328,0.1002,0.1169999999999999,
0,nongraph_pair,1103,ca0223cac79b16f0,cmAPP:1958,cmAPP:2003,1c10d86ec1a802f4,-0.0105999999999999,-0.1676920652389526,0.0891,0.0807,
0,nongraph_pair,1103,349eec1ddda15478,cmAPP:1982,cmAPP:2027,72478f51d38ee208,-0.3666,-0.4605015814304352,0.127,0.0994999999999999,
0,nongraph_pair,1103,bdc3962cc20e139b,cmAPP:1893,cmAPP:1938,10c405d304cc4e37,-0.2084999999999999,-0.2262750267982483,0.0204999999999999,0.0317,
0,nongraph_pair,1103,a40c86511b365ffd,cmAPP:1889,cmAPP:1930,1c10d86ec1a802f4,-0.2663999999999999,-0.4051569104194641,0.0363,0.1217999999999999,
0,nongraph_pair,1103,8462c3a551411df3,cmAPP:1868,cmAPP:1913,1c10d86ec1a802f4,-0.2437000000000001,-0.1660560369491577,0.0321,0.1251,
0,nongraph_pair,1103,78964639effd56c0,cmAPP:1892,cmAPP:1937,72478f51d38ee208,-0.3312,-0.4592639207839966,0.0467999999999999,0.1132,
0,nongraph_pair,2207,7145b489500dbd80,cmAPP:1803,cmAPP:1848,10c405d304cc4e37,-0.8083999999999999,-0.3265369832515716,0.0612,0.2516,
0,nongraph_pair,2207,05b4895f7bcd4c42,cmAPP:1799,cmAPP:1840,1c10d86ec1a802f4,0.3812,-0.3213035464286804,0.0344,0.2104,
0,nongraph_pair,2207,059e26913d78b631,cmAPP:1778,cmAPP:1823,1c10d86ec1a802f4,-1.8751,-0.169874370098114,0.1424,0.1273,
0,nongraph_pair,2207,dbf5b6e05f2fd199,cmAPP:1802,cmAPP:1847,72478f51d38ee208,-0.8087999999999997,-0.5112206935882568,0.5171,0.0882,
0,nongraph_pair,2207,c6b1006bae31a2f4,cmAPP:1713,cmAPP:1758,10c405d304cc4e37,-0.2163,-0.3263357877731323,0.0141,0.059,
0,nongraph_pair,2207,f98feef4cdda1f7a,cmAPP:1709,cmAPP:1750,1c10d86ec1a802f4,0.5236000000000001,-0.3212122321128845,0.2509,0.2433,
0,nongraph_pair,2207,eb09d956be8bc0bd,cmAPP:1688,cmAPP:1733,1c10d86ec1a802f4,0.1454999999999999,-0.169585645198822,0.2898,0.0283999999999999,
0,nongraph_pair,2207,d26bc154c6f7f7ab,cmAPP:1712,cmAPP:1757,72478f51d38ee208,-0.3631,-0.5110992193222046,0.0767,0.1626,
0,nongraph_pair,2207,c465d631789b7798,cmAPP:1623,cmAPP:1668,10c405d304cc4e37,-0.0548999999999999,-0.3257622122764587,0.0616,0.0323,
0,nongraph_pair,2207,dd70d7ef8a4c9374,cmAPP:1619,cmAPP:1660,1c10d86ec1a802f4,2.0336,-0.3208953738212585,0.2964,0.103,
0,nongraph_pair,2207,e9d357b8d3d85a4e,cmAPP:1598,cmAPP:1643,1c10d86ec1a802f4,-0.1075999999999999,-0.1687623262405395,0.0746,0.0934,
0,nongraph_pair,2207,2b34f2d44b307ee1,cmAPP:1622,cmAPP:1667,72478f51d38ee208,-0.0128,-0.5107525587081909,0.06,0.1607,
0,nongraph_pair,2207,676b84ca4669fe18,cmAPP:2073,cmAPP:2118,10c405d304cc4e37,-0.6031,-0.3265369832515716,0.086,0.0694,
0,nongraph_pair,2207,594ae7af3b916cd2,cmAPP:2069,cmAPP:2110,1c10d86ec1a802f4,-0.1429,-0.3213035464286804,0.1174,0.079,
0,nongraph_pair,2207,5b2264ddc1a7af6c,cmAPP:2048,cmAPP:2093,1c10d86ec1a802f4,-0.2509,-0.169874370098114,0.1604,0.0731,
0,nongraph_pair,2207,fd35c25e6b032569,cmAPP:2072,cmAPP:2117,72478f51d38ee208,-0.1270999999999999,-0.5112206935882568,0.1127,0.1031,
0,nongraph_pair,2207,62524e0c73da8dd0,cmAPP:1983,cmAPP:2028,10c405d304cc4e37,-0.512,-0.3263357877731323,0.0333,0.0638,
0,nongraph_pair,2207,dbc2ab9cc107017b,cmAPP:1979,cmAPP:2020,1c10d86ec1a802f4,0.0397999999999998,-0.3212122321128845,0.1002,0.1169999999999999,
0,nongraph_pair,2207,ca0223cac79b16f0,cmAPP:1958,cmAPP:2003,1c10d86ec1a802f4,-0.0105999999999999,-0.169585645198822,0.0891,0.0807,
0,nongraph_pair,2207,349eec1ddda15478,cmAPP:1982,cmAPP:2027,72478f51d38ee208,-0.3666,-0.5110992193222046,0.127,0.0994999999999999,
0,nongraph_pair,2207,bdc3962cc20e139b,cmAPP:1893,cmAPP:1938,10c405d304cc4e37,-0.2084999999999999,-0.3257622122764587,0.0204999999999999,0.0317,
0,nongraph_pair,2207,a40c86511b365ffd,cmAPP:1889,cmAPP:1930,1c10d86ec1a802f4,-0.2663999999999999,-0.3208953738212585,0.0363,0.1217999999999999,
0,nongraph_pair,2207,8462c3a551411df3,cmAPP:1868,cmAPP:1913,1c10d86ec1a802f4,-0.2437000000000001,-0.1687623262405395,0.0321,0.1251,
0,nongraph_pair,2207,78964639effd56c0,cmAPP:1892,cmAPP:1937,72478f51d38ee208,-0.3312,-0.5107525587081909,0.0467999999999999,0.1132,
0,nongraph_pair,3301,7145b489500dbd80,cmAPP:1803,cmAPP:1848,10c405d304cc4e37,-0.8083999999999999,-0.3813305497169494,0.0612,0.2516,
0,nongraph_pair,3301,05b4895f7bcd4c42,cmAPP:1799,cmAPP:1840,1c10d86ec1a802f4,0.3812,-0.4098889529705047,0.0344,0.2104,
0,nongraph_pair,3301,059e26913d78b631,cmAPP:1778,cmAPP:1823,1c10d86ec1a802f4,-1.8751,-0.4133976697921753,0.1424,0.1273,
0,nongraph_pair,3301,dbf5b6e05f2fd199,cmAPP:1802,cmAPP:1847,72478f51d38ee208,-0.8087999999999997,-0.4150339066982269,0.5171,0.0882,
0,nongraph_pair,3301,c6b1006bae31a2f4,cmAPP:1713,cmAPP:1758,10c405d304cc4e37,-0.2163,-0.3813905417919159,0.0141,0.059,
0,nongraph_pair,3301,f98feef4cdda1f7a,cmAPP:1709,cmAPP:1750,1c10d86ec1a802f4,0.5236000000000001,-0.4098601937294006,0.2509,0.2433,
0,nongraph_pair,3301,eb09d956be8bc0bd,cmAPP:1688,cmAPP:1733,1c10d86ec1a802f4,0.1454999999999999,-0.4133431911468506,0.2898,0.0283999999999999,
0,nongraph_pair,3301,d26bc154c6f7f7ab,cmAPP:1712,cmAPP:1757,72478f51d38ee208,-0.3631,-0.4151039123535156,0.0767,0.1626,
0,nongraph_pair,3301,c465d631789b7798,cmAPP:1623,cmAPP:1668,10c405d304cc4e37,-0.0548999999999999,-0.3815617263317108,0.0616,0.0323,
0,nongraph_pair,3301,dd70d7ef8a4c9374,cmAPP:1619,cmAPP:1660,1c10d86ec1a802f4,2.0336,-0.4097782075405121,0.2964,0.103,
0,nongraph_pair,3301,e9d357b8d3d85a4e,cmAPP:1598,cmAPP:1643,1c10d86ec1a802f4,-0.1075999999999999,-0.4131878018379211,0.0746,0.0934,
0,nongraph_pair,3301,2b34f2d44b307ee1,cmAPP:1622,cmAPP:1667,72478f51d38ee208,-0.0128,-0.4152441024780273,0.06,0.1607,
0,nongraph_pair,3301,676b84ca4669fe18,cmAPP:2073,cmAPP:2118,10c405d304cc4e37,-0.6031,-0.3813305497169494,0.086,0.0694,
0,nongraph_pair,3301,594ae7af3b916cd2,cmAPP:2069,cmAPP:2110,1c10d86ec1a802f4,-0.1429,-0.4098889529705047,0.1174,0.079,
0,nongraph_pair,3301,5b2264ddc1a7af6c,cmAPP:2048,cmAPP:2093,1c10d86ec1a802f4,-0.2509,-0.4133976697921753,0.1604,0.0731,
0,nongraph_pair,3301,fd35c25e6b032569,cmAPP:2072,cmAPP:2117,72478f51d38ee208,-0.1270999999999999,-0.4150339066982269,0.1127,0.1031,
0,nongraph_pair,3301,62524e0c73da8dd0,cmAPP:1983,cmAPP:2028,10c405d304cc4e37,-0.512,-0.3813905417919159,0.0333,0.0638,
0,nongraph_pair,3301,dbc2ab9cc107017b,cmAPP:1979,cmAPP:2020,1c10d86ec1a802f4,0.0397999999999998,-0.4098601937294006,0.1002,0.1169999999999999,
0,nongraph_pair,3301,ca0223cac79b16f0,cmAPP:1958,cmAPP:2003,1c10d86ec1a802f4,-0.0105999999999999,-0.4133431911468506,0.0891,0.0807,
0,nongraph_pair,3301,349eec1ddda15478,cmAPP:1982,cmAPP:2027,72478f51d38ee208,-0.3666,-0.4151039123535156,0.127,0.0994999999999999,
0,nongraph_pair,3301,bdc3962cc20e139b,cmAPP:1893,cmAPP:1938,10c405d304cc4e37,-0.2084999999999999,-0.3815617263317108,0.0204999999999999,0.0317,
0,nongraph_pair,3301,a40c86511b365ffd,cmAPP:1889,cmAPP:1930,1c10d86ec1a802f4,-0.2663999999999999,-0.4097782075405121,0.0363,0.1217999999999999,
0,nongraph_pair,3301,8462c3a551411df3,cmAPP:1868,cmAPP:1913,1c10d86ec1a802f4,-0.2437000000000001,-0.4131878018379211,0.0321,0.1251,
0,nongraph_pair,3301,78964639effd56c0,cmAPP:1892,cmAPP:1937,72478f51d38ee208,-0.3312,-0.4152441024780273,0.0467999999999999,0.1132,
1,zero,0,5b10002dc6e9b311,cmAPP:1805,cmAPP:1850,28639edc531a2e1a,0.3319,0.0,0.2754,0.0858,
1,zero,0,c8e8c0b442f5a1a1,cmAPP:1771,cmAPP:1816,1212da56aac7a198,-0.8776,0.0,0.0475999999999999,0.087,
1,zero,0,8aa63b5c3ecd924d,cmAPP:1795,cmAPP:1844,28639edc531a2e1a,-0.5152,0.0,0.2846,0.1987,
1,zero,0,d3de99befe559e4d,cmAPP:1781,cmAPP:1826,1212da56aac7a198,-0.2219,0.0,0.1041,0.2195,
1,zero,0,382a0a377b849c67,cmAPP:1806,cmAPP:1851,28639edc531a2e1a,0.2361,0.0,0.3618,0.3897,
1,zero,0,b5c2328a2c4ba021,cmAPP:1791,cmAPP:1836,28639edc531a2e1a,-1.0455,0.0,0.0306,0.2801,
1,zero,0,086646f70e89b7e8,cmAPP:1804,cmAPP:1849,28639edc531a2e1a,-0.6019,0.0,0.1164,0.5791,
1,zero,0,dff31405206d397b,cmAPP:1797,cmAPP:1846,8a110cbb1ec4bb37,-1.5217999999999998,0.0,0.1784,0.1663,
1,zero,0,0ee5a5f6520a7c7a,cmAPP:1715,cmAPP:1760,28639edc531a2e1a,-0.1749,0.0,0.0608,0.1155,
1,zero,0,5b8cb0fffb026635,cmAPP:1681,cmAPP:1726,1212da56aac7a198,0.0110999999999999,0.0,0.008,0.0649,
1,zero,0,97a210f808788925,cmAPP:1705,cmAPP:1754,28639edc531a2e1a,-0.0345999999999998,0.0,0.0934,0.1336999999999999,
1,zero,0,9f45bd9c2c0e94ba,cmAPP:1691,cmAPP:1736,1212da56aac7a198,-0.1439999999999999,0.0,0.1061999999999999,0.0778,
1,zero,0,b994b3eb1c0af55d,cmAPP:1716,cmAPP:1761,28639edc531a2e1a,-0.4706,0.0,0.0717,0.1341999999999999,
1,zero,0,45289904b26c1459,cmAPP:1701,cmAPP:1746,28639edc531a2e1a,-0.2906999999999999,0.0,0.01,0.1063,
1,zero,0,f762503ebcc65c82,cmAPP:1714,cmAPP:1759,28639edc531a2e1a,-0.0854,0.0,0.0706,0.081,
1,zero,0,e7cdd445b47734ce,cmAPP:1707,cmAPP:1756,8a110cbb1ec4bb37,-0.3610000000000001,0.0,0.0946,0.1015,
1,zero,0,e284e40848b79caf,cmAPP:1625,cmAPP:1670,28639edc531a2e1a,0.1414999999999999,0.0,0.0601,0.052,
1,zero,0,421212f430fb6217,cmAPP:1591,cmAPP:1636,1212da56aac7a198,-0.0406,0.0,0.024,0.0765,
1,zero,0,600169b9f0f80551,cmAPP:1615,cmAPP:1664,28639edc531a2e1a,0.0219999999999999,0.0,0.0715,0.0554,
1,zero,0,409122d11d642bec,cmAPP:1601,cmAPP:1646,1212da56aac7a198,-0.4502,0.0,0.0212,0.3306,
1,zero,0,fca0701bd3bac2f3,cmAPP:1626,cmAPP:1671,28639edc531a2e1a,-0.2828999999999999,0.0,0.1442999999999999,0.0999,
1,zero,0,34038dbdd4553f7d,cmAPP:1611,cmAPP:1656,28639edc531a2e1a,-0.0142000000000001,0.0,0.0373,0.048,
1,zero,0,d17517694a996e9b,cmAPP:1624,cmAPP:1669,28639edc531a2e1a,-0.1991,0.0,0.0081999999999999,0.069,
1,zero,0,a5c36e48fb124d82,cmAPP:1617,cmAPP:1666,8a110cbb1ec4bb37,-0.4502,0.0,0.1369,0.1871999999999999,
1,zero,0,c805543d26a64bde,cmAPP:2075,cmAPP:2120,28639edc531a2e1a,-0.1186999999999999,0.0,0.09,0.1231,
1,zero,0,fd2a262963837b7f,cmAPP:2041,cmAPP:2086,1212da56aac7a198,-0.1237,0.0,0.059,0.0151,
1,zero,0,396bdc7f9386d193,cmAPP:2065,cmAPP:2114,28639edc531a2e1a,-0.2469000000000001,0.0,0.0611,0.1293,
1,zero,0,fdbf57627003ba04,cmAPP:2051,cmAPP:2096,1212da56aac7a198,-0.2342,0.0,0.0968,0.0231,
1,zero,0,96c1bc434b0cc0dd,cmAPP:2076,cmAPP:2121,28639edc531a2e1a,-0.3479000000000001,0.0,0.0617,0.1311999999999999,
1,zero,0,849edfe135b4a285,cmAPP:2061,cmAPP:2106,28639edc531a2e1a,-0.3863000000000001,0.0,0.0817,0.0831,
1,zero,0,0f5070b79250194c,cmAPP:2074,cmAPP:2119,28639edc531a2e1a,-0.4248999999999999,0.0,0.0526,0.0729,
1,zero,0,473de2be4f7d6584,cmAPP:2067,cmAPP:2116,8a110cbb1ec4bb37,-0.6101000000000001,0.0,0.0615,0.3147,
1,zero,0,675d15d359e354d5,cmAPP:1985,cmAPP:2030,28639edc531a2e1a,-0.0912,0.0,0.0105,0.0476999999999999,
1,zero,0,7d9ac8b735ba4661,cmAPP:1951,cmAPP:1996,1212da56aac7a198,0.0370999999999999,0.0,0.0533,0.0337,
1,zero,0,a15df525a6a379e5,cmAPP:1975,cmAPP:2024,28639edc531a2e1a,0.0304,0.0,0.0661,0.0528,
1,zero,0,8ab99b4d0257f181,cmAPP:1961,cmAPP:2006,1212da56aac7a198,-0.0766000000000001,0.0,0.0401,0.0982,
1,zero,0,f77d454e0640bee9,cmAPP:1986,cmAPP:2031,28639edc531a2e1a,-0.2584999999999999,0.0,0.0272,0.0181,
1,zero,0,4c96170b7a5e6348,cmAPP:1971,cmAPP:2016,28639edc531a2e1a,-0.1133999999999998,0.0,0.0482,0.0404,
1,zero,0,0ef70c3bf1ed6748,cmAPP:1984,cmAPP:2029,28639edc531a2e1a,-0.0726000000000001,0.0,0.0481,0.0899,
1,zero,0,becdd89127e663db,cmAPP:1977,cmAPP:2026,8a110cbb1ec4bb37,-0.5430999999999999,0.0,0.0475999999999999,0.0624,
1,zero,0,aa3134d53203d34e,cmAPP:1895,cmAPP:1940,28639edc531a2e1a,-0.0287999999999999,0.0,0.0143,0.0521999999999999,
1,zero,0,dd6c1c7202e5a255,cmAPP:1861,cmAPP:1906,1212da56aac7a198,-0.0120000000000001,0.0,0.0007,0.0051,
1,zero,0,fb01500214324543,cmAPP:1885,cmAPP:1934,28639edc531a2e1a,-0.0014,0.0,0.0278,0.0077,
1,zero,0,edbdac59a2065c45,cmAPP:1871,cmAPP:1916,1212da56aac7a198,-0.0113999999999999,0.0,0.0015,0.0121999999999999,
1,zero,0,8cfd4f27b028eb77,cmAPP:1896,cmAPP:1941,28639edc531a2e1a,-0.242,0.0,0.0068,0.0691,
1,zero,0,9b2d1052c5390363,cmAPP:1881,cmAPP:1926,28639edc531a2e1a,-0.0185,0.0,0.0043,0.0105,
1,zero,0,3cf75a1628ce2443,cmAPP:1894,cmAPP:1939,28639edc531a2e1a,-0.0734,0.0,0.0017,0.0179,
1,zero,0,6e2a61766f596436,cmAPP:1887,cmAPP:1936,8a110cbb1ec4bb37,-0.4691000000000001,0.0,0.0074,0.0550999999999999,
1,training_mean,0,5b10002dc6e9b311,cmAPP:1805,cmAPP:1850,28639edc531a2e1a,0.3319,-0.3276253952317294,0.2754,0.0858,
1,training_mean,0,c8e8c0b442f5a1a1,cmAPP:1771,cmAPP:1816,1212da56aac7a198,-0.8776,-0.3276253952317294,0.0475999999999999,0.087,
1,training_mean,0,8aa63b5c3ecd924d,cmAPP:1795,cmAPP:1844,28639edc531a2e1a,-0.5152,-0.3276253952317294,0.2846,0.1987,
1,training_mean,0,d3de99befe559e4d,cmAPP:1781,cmAPP:1826,1212da56aac7a198,-0.2219,-0.3276253952317294,0.1041,0.2195,
1,training_mean,0,382a0a377b849c67,cmAPP:1806,cmAPP:1851,28639edc531a2e1a,0.2361,-0.3276253952317294,0.3618,0.3897,
1,training_mean,0,b5c2328a2c4ba021,cmAPP:1791,cmAPP:1836,28639edc531a2e1a,-1.0455,-0.3276253952317294,0.0306,0.2801,
1,training_mean,0,086646f70e89b7e8,cmAPP:1804,cmAPP:1849,28639edc531a2e1a,-0.6019,-0.3276253952317294,0.1164,0.5791,
1,training_mean,0,dff31405206d397b,cmAPP:1797,cmAPP:1846,8a110cbb1ec4bb37,-1.5217999999999998,-0.3276253952317294,0.1784,0.1663,
1,training_mean,0,0ee5a5f6520a7c7a,cmAPP:1715,cmAPP:1760,28639edc531a2e1a,-0.1749,-0.3276253952317294,0.0608,0.1155,
1,training_mean,0,5b8cb0fffb026635,cmAPP:1681,cmAPP:1726,1212da56aac7a198,0.0110999999999999,-0.3276253952317294,0.008,0.0649,
1,training_mean,0,97a210f808788925,cmAPP:1705,cmAPP:1754,28639edc531a2e1a,-0.0345999999999998,-0.3276253952317294,0.0934,0.1336999999999999,
1,training_mean,0,9f45bd9c2c0e94ba,cmAPP:1691,cmAPP:1736,1212da56aac7a198,-0.1439999999999999,-0.3276253952317294,0.1061999999999999,0.0778,
1,training_mean,0,b994b3eb1c0af55d,cmAPP:1716,cmAPP:1761,28639edc531a2e1a,-0.4706,-0.3276253952317294,0.0717,0.1341999999999999,
1,training_mean,0,45289904b26c1459,cmAPP:1701,cmAPP:1746,28639edc531a2e1a,-0.2906999999999999,-0.3276253952317294,0.01,0.1063,
1,training_mean,0,f762503ebcc65c82,cmAPP:1714,cmAPP:1759,28639edc531a2e1a,-0.0854,-0.3276253952317294,0.0706,0.081,
1,training_mean,0,e7cdd445b47734ce,cmAPP:1707,cmAPP:1756,8a110cbb1ec4bb37,-0.3610000000000001,-0.3276253952317294,0.0946,0.1015,
1,training_mean,0,e284e40848b79caf,cmAPP:1625,cmAPP:1670,28639edc531a2e1a,0.1414999999999999,-0.3276253952317294,0.0601,0.052,
1,training_mean,0,421212f430fb6217,cmAPP:1591,cmAPP:1636,1212da56aac7a198,-0.0406,-0.3276253952317294,0.024,0.0765,
1,training_mean,0,600169b9f0f80551,cmAPP:1615,cmAPP:1664,28639edc531a2e1a,0.0219999999999999,-0.3276253952317294,0.0715,0.0554,
1,training_mean,0,409122d11d642bec,cmAPP:1601,cmAPP:1646,1212da56aac7a198,-0.4502,-0.3276253952317294,0.0212,0.3306,
1,training_mean,0,fca0701bd3bac2f3,cmAPP:1626,cmAPP:1671,28639edc531a2e1a,-0.2828999999999999,-0.3276253952317294,0.1442999999999999,0.0999,
1,training_mean,0,34038dbdd4553f7d,cmAPP:1611,cmAPP:1656,28639edc531a2e1a,-0.0142000000000001,-0.3276253952317294,0.0373,0.048,
1,training_mean,0,d17517694a996e9b,cmAPP:1624,cmAPP:1669,28639edc531a2e1a,-0.1991,-0.3276253952317294,0.0081999999999999,0.069,
1,training_mean,0,a5c36e48fb124d82,cmAPP:1617,cmAPP:1666,8a110cbb1ec4bb37,-0.4502,-0.3276253952317294,0.1369,0.1871999999999999,
1,training_mean,0,c805543d26a64bde,cmAPP:2075,cmAPP:2120,28639edc531a2e1a,-0.1186999999999999,-0.3276253952317294,0.09,0.1231,
1,training_mean,0,fd2a262963837b7f,cmAPP:2041,cmAPP:2086,1212da56aac7a198,-0.1237,-0.3276253952317294,0.059,0.0151,
1,training_mean,0,396bdc7f9386d193,cmAPP:2065,cmAPP:2114,28639edc531a2e1a,-0.2469000000000001,-0.3276253952317294,0.0611,0.1293,
1,training_mean,0,fdbf57627003ba04,cmAPP:2051,cmAPP:2096,1212da56aac7a198,-0.2342,-0.3276253952317294,0.0968,0.0231,
1,training_mean,0,96c1bc434b0cc0dd,cmAPP:2076,cmAPP:2121,28639edc531a2e1a,-0.3479000000000001,-0.3276253952317294,0.0617,0.1311999999999999,
1,training_mean,0,849edfe135b4a285,cmAPP:2061,cmAPP:2106,28639edc531a2e1a,-0.3863000000000001,-0.3276253952317294,0.0817,0.0831,
1,training_mean,0,0f5070b79250194c,cmAPP:2074,cmAPP:2119,28639edc531a2e1a,-0.4248999999999999,-0.3276253952317294,0.0526,0.0729,
1,training_mean,0,473de2be4f7d6584,cmAPP:2067,cmAPP:2116,8a110cbb1ec4bb37,-0.6101000000000001,-0.3276253952317294,0.0615,0.3147,
1,training_mean,0,675d15d359e354d5,cmAPP:1985,cmAPP:2030,28639edc531a2e1a,-0.0912,-0.3276253952317294,0.0105,0.0476999999999999,
1,training_mean,0,7d9ac8b735ba4661,cmAPP:1951,cmAPP:1996,1212da56aac7a198,0.0370999999999999,-0.3276253952317294,0.0533,0.0337,
1,training_mean,0,a15df525a6a379e5,cmAPP:1975,cmAPP:2024,28639edc531a2e1a,0.0304,-0.3276253952317294,0.0661,0.0528,
1,training_mean,0,8ab99b4d0257f181,cmAPP:1961,cmAPP:2006,1212da56aac7a198,-0.0766000000000001,-0.3276253952317294,0.0401,0.0982,
1,training_mean,0,f77d454e0640bee9,cmAPP:1986,cmAPP:2031,28639edc531a2e1a,-0.2584999999999999,-0.3276253952317294,0.0272,0.0181,
1,training_mean,0,4c96170b7a5e6348,cmAPP:1971,cmAPP:2016,28639edc531a2e1a,-0.1133999999999998,-0.3276253952317294,0.0482,0.0404,
1,training_mean,0,0ef70c3bf1ed6748,cmAPP:1984,cmAPP:2029,28639edc531a2e1a,-0.0726000000000001,-0.3276253952317294,0.0481,0.0899,
1,training_mean,0,becdd89127e663db,cmAPP:1977,cmAPP:2026,8a110cbb1ec4bb37,-0.5430999999999999,-0.3276253952317294,0.0475999999999999,0.0624,
1,training_mean,0,aa3134d53203d34e,cmAPP:1895,cmAPP:1940,28639edc531a2e1a,-0.0287999999999999,-0.3276253952317294,0.0143,0.0521999999999999,
1,training_mean,0,dd6c1c7202e5a255,cmAPP:1861,cmAPP:1906,1212da56aac7a198,-0.0120000000000001,-0.3276253952317294,0.0007,0.0051,
1,training_mean,0,fb01500214324543,cmAPP:1885,cmAPP:1934,28639edc531a2e1a,-0.0014,-0.3276253952317294,0.0278,0.0077,
1,training_mean,0,edbdac59a2065c45,cmAPP:1871,cmAPP:1916,1212da56aac7a198,-0.0113999999999999,-0.3276253952317294,0.0015,0.0121999999999999,
1,training_mean,0,8cfd4f27b028eb77,cmAPP:1896,cmAPP:1941,28639edc531a2e1a,-0.242,-0.3276253952317294,0.0068,0.0691,
1,training_mean,0,9b2d1052c5390363,cmAPP:1881,cmAPP:1926,28639edc531a2e1a,-0.0185,-0.3276253952317294,0.0043,0.0105,
1,training_mean,0,3cf75a1628ce2443,cmAPP:1894,cmAPP:1939,28639edc531a2e1a,-0.0734,-0.3276253952317294,0.0017,0.0179,
1,training_mean,0,6e2a61766f596436,cmAPP:1887,cmAPP:1936,8a110cbb1ec4bb37,-0.4691000000000001,-0.3276253952317294,0.0074,0.0550999999999999,
1,training_majority,0,5b10002dc6e9b311,cmAPP:1805,cmAPP:1850,28639edc531a2e1a,0.3319,-1.0,0.2754,0.0858,
1,training_majority,0,c8e8c0b442f5a1a1,cmAPP:1771,cmAPP:1816,1212da56aac7a198,-0.8776,-1.0,0.0475999999999999,0.087,
1,training_majority,0,8aa63b5c3ecd924d,cmAPP:1795,cmAPP:1844,28639edc531a2e1a,-0.5152,-1.0,0.2846,0.1987,
1,training_majority,0,d3de99befe559e4d,cmAPP:1781,cmAPP:1826,1212da56aac7a198,-0.2219,-1.0,0.1041,0.2195,
1,training_majority,0,382a0a377b849c67,cmAPP:1806,cmAPP:1851,28639edc531a2e1a,0.2361,-1.0,0.3618,0.3897,
1,training_majority,0,b5c2328a2c4ba021,cmAPP:1791,cmAPP:1836,28639edc531a2e1a,-1.0455,-1.0,0.0306,0.2801,
1,training_majority,0,086646f70e89b7e8,cmAPP:1804,cmAPP:1849,28639edc531a2e1a,-0.6019,-1.0,0.1164,0.5791,
1,training_majority,0,dff31405206d397b,cmAPP:1797,cmAPP:1846,8a110cbb1ec4bb37,-1.5217999999999998,-1.0,0.1784,0.1663,
1,training_majority,0,0ee5a5f6520a7c7a,cmAPP:1715,cmAPP:1760,28639edc531a2e1a,-0.1749,-1.0,0.0608,0.1155,
1,training_majority,0,5b8cb0fffb026635,cmAPP:1681,cmAPP:1726,1212da56aac7a198,0.0110999999999999,-1.0,0.008,0.0649,
1,training_majority,0,97a210f808788925,cmAPP:1705,cmAPP:1754,28639edc531a2e1a,-0.0345999999999998,-1.0,0.0934,0.1336999999999999,
1,training_majority,0,9f45bd9c2c0e94ba,cmAPP:1691,cmAPP:1736,1212da56aac7a198,-0.1439999999999999,-1.0,0.1061999999999999,0.0778,
1,training_majority,0,b994b3eb1c0af55d,cmAPP:1716,cmAPP:1761,28639edc531a2e1a,-0.4706,-1.0,0.0717,0.1341999999999999,
1,training_majority,0,45289904b26c1459,cmAPP:1701,cmAPP:1746,28639edc531a2e1a,-0.2906999999999999,-1.0,0.01,0.1063,
1,training_majority,0,f762503ebcc65c82,cmAPP:1714,cmAPP:1759,28639edc531a2e1a,-0.0854,-1.0,0.0706,0.081,
1,training_majority,0,e7cdd445b47734ce,cmAPP:1707,cmAPP:1756,8a110cbb1ec4bb37,-0.3610000000000001,-1.0,0.0946,0.1015,
1,training_majority,0,e284e40848b79caf,cmAPP:1625,cmAPP:1670,28639edc531a2e1a,0.1414999999999999,-1.0,0.0601,0.052,
1,training_majority,0,421212f430fb6217,cmAPP:1591,cmAPP:1636,1212da56aac7a198,-0.0406,-1.0,0.024,0.0765,
1,training_majority,0,600169b9f0f80551,cmAPP:1615,cmAPP:1664,28639edc531a2e1a,0.0219999999999999,-1.0,0.0715,0.0554,
1,training_majority,0,409122d11d642bec,cmAPP:1601,cmAPP:1646,1212da56aac7a198,-0.4502,-1.0,0.0212,0.3306,
1,training_majority,0,fca0701bd3bac2f3,cmAPP:1626,cmAPP:1671,28639edc531a2e1a,-0.2828999999999999,-1.0,0.1442999999999999,0.0999,
1,training_majority,0,34038dbdd4553f7d,cmAPP:1611,cmAPP:1656,28639edc531a2e1a,-0.0142000000000001,-1.0,0.0373,0.048,
1,training_majority,0,d17517694a996e9b,cmAPP:1624,cmAPP:1669,28639edc531a2e1a,-0.1991,-1.0,0.0081999999999999,0.069,
1,training_majority,0,a5c36e48fb124d82,cmAPP:1617,cmAPP:1666,8a110cbb1ec4bb37,-0.4502,-1.0,0.1369,0.1871999999999999,
1,training_majority,0,c805543d26a64bde,cmAPP:2075,cmAPP:2120,28639edc531a2e1a,-0.1186999999999999,-1.0,0.09,0.1231,
1,training_majority,0,fd2a262963837b7f,cmAPP:2041,cmAPP:2086,1212da56aac7a198,-0.1237,-1.0,0.059,0.0151,
1,training_majority,0,396bdc7f9386d193,cmAPP:2065,cmAPP:2114,28639edc531a2e1a,-0.2469000000000001,-1.0,0.0611,0.1293,
1,training_majority,0,fdbf57627003ba04,cmAPP:2051,cmAPP:2096,1212da56aac7a198,-0.2342,-1.0,0.0968,0.0231,
1,training_majority,0,96c1bc434b0cc0dd,cmAPP:2076,cmAPP:2121,28639edc531a2e1a,-0.3479000000000001,-1.0,0.0617,0.1311999999999999,
1,training_majority,0,849edfe135b4a285,cmAPP:2061,cmAPP:2106,28639edc531a2e1a,-0.3863000000000001,-1.0,0.0817,0.0831,
1,training_majority,0,0f5070b79250194c,cmAPP:2074,cmAPP:2119,28639edc531a2e1a,-0.4248999999999999,-1.0,0.0526,0.0729,
1,training_majority,0,473de2be4f7d6584,cmAPP:2067,cmAPP:2116,8a110cbb1ec4bb37,-0.6101000000000001,-1.0,0.0615,0.3147,
1,training_majority,0,675d15d359e354d5,cmAPP:1985,cmAPP:2030,28639edc531a2e1a,-0.0912,-1.0,0.0105,0.0476999999999999,
1,training_majority,0,7d9ac8b735ba4661,cmAPP:1951,cmAPP:1996,1212da56aac7a198,0.0370999999999999,-1.0,0.0533,0.0337,
1,training_majority,0,a15df525a6a379e5,cmAPP:1975,cmAPP:2024,28639edc531a2e1a,0.0304,-1.0,0.0661,0.0528,
1,training_majority,0,8ab99b4d0257f181,cmAPP:1961,cmAPP:2006,1212da56aac7a198,-0.0766000000000001,-1.0,0.0401,0.0982,
1,training_majority,0,f77d454e0640bee9,cmAPP:1986,cmAPP:2031,28639edc531a2e1a,-0.2584999999999999,-1.0,0.0272,0.0181,
1,training_majority,0,4c96170b7a5e6348,cmAPP:1971,cmAPP:2016,28639edc531a2e1a,-0.1133999999999998,-1.0,0.0482,0.0404,
1,training_majority,0,0ef70c3bf1ed6748,cmAPP:1984,cmAPP:2029,28639edc531a2e1a,-0.0726000000000001,-1.0,0.0481,0.0899,
1,training_majority,0,becdd89127e663db,cmAPP:1977,cmAPP:2026,8a110cbb1ec4bb37,-0.5430999999999999,-1.0,0.0475999999999999,0.0624,
1,training_majority,0,aa3134d53203d34e,cmAPP:1895,cmAPP:1940,28639edc531a2e1a,-0.0287999999999999,-1.0,0.0143,0.0521999999999999,
1,training_majority,0,dd6c1c7202e5a255,cmAPP:1861,cmAPP:1906,1212da56aac7a198,-0.0120000000000001,-1.0,0.0007,0.0051,
1,training_majority,0,fb01500214324543,cmAPP:1885,cmAPP:1934,28639edc531a2e1a,-0.0014,-1.0,0.0278,0.0077,
1,training_majority,0,edbdac59a2065c45,cmAPP:1871,cmAPP:1916,1212da56aac7a198,-0.0113999999999999,-1.0,0.0015,0.0121999999999999,
1,training_majority,0,8cfd4f27b028eb77,cmAPP:1896,cmAPP:1941,28639edc531a2e1a,-0.242,-1.0,0.0068,0.0691,
1,training_majority,0,9b2d1052c5390363,cmAPP:1881,cmAPP:1926,28639edc531a2e1a,-0.0185,-1.0,0.0043,0.0105,
1,training_majority,0,3cf75a1628ce2443,cmAPP:1894,cmAPP:1939,28639edc531a2e1a,-0.0734,-1.0,0.0017,0.0179,
1,training_majority,0,6e2a61766f596436,cmAPP:1887,cmAPP:1936,8a110cbb1ec4bb37,-0.4691000000000001,-1.0,0.0074,0.0550999999999999,
1,pair_ridge,0,5b10002dc6e9b311,cmAPP:1805,cmAPP:1850,28639edc531a2e1a,0.3319,0.0119009613990783,0.2754,0.0858,
1,pair_ridge,0,c8e8c0b442f5a1a1,cmAPP:1771,cmAPP:1816,1212da56aac7a198,-0.8776,-0.2542915046215057,0.0475999999999999,0.087,
1,pair_ridge,0,8aa63b5c3ecd924d,cmAPP:1795,cmAPP:1844,28639edc531a2e1a,-0.5152,-0.4946154654026031,0.2846,0.1987,
1,pair_ridge,0,d3de99befe559e4d,cmAPP:1781,cmAPP:1826,1212da56aac7a198,-0.2219,-0.4641658365726471,0.1041,0.2195,
1,pair_ridge,0,382a0a377b849c67,cmAPP:1806,cmAPP:1851,28639edc531a2e1a,0.2361,-0.1089862436056137,0.3618,0.3897,
1,pair_ridge,0,b5c2328a2c4ba021,cmAPP:1791,cmAPP:1836,28639edc531a2e1a,-1.0455,0.0405892431735992,0.0306,0.2801,
1,pair_ridge,0,086646f70e89b7e8,cmAPP:1804,cmAPP:1849,28639edc531a2e1a,-0.6019,-0.307468444108963,0.1164,0.5791,
1,pair_ridge,0,dff31405206d397b,cmAPP:1797,cmAPP:1846,8a110cbb1ec4bb37,-1.5217999999999998,-0.4098517894744873,0.1784,0.1663,
1,pair_ridge,0,0ee5a5f6520a7c7a,cmAPP:1715,cmAPP:1760,28639edc531a2e1a,-0.1749,0.0119009613990783,0.0608,0.1155,
1,pair_ridge,0,5b8cb0fffb026635,cmAPP:1681,cmAPP:1726,1212da56aac7a198,0.0110999999999999,-0.2542915046215057,0.008,0.0649,
1,pair_ridge,0,97a210f808788925,cmAPP:1705,cmAPP:1754,28639edc531a2e1a,-0.0345999999999998,-0.4946154654026031,0.0934,0.1336999999999999,
1,pair_ridge,0,9f45bd9c2c0e94ba,cmAPP:1691,cmAPP:1736,1212da56aac7a198,-0.1439999999999999,-0.4641658365726471,0.1061999999999999,0.0778,
1,pair_ridge,0,b994b3eb1c0af55d,cmAPP:1716,cmAPP:1761,28639edc531a2e1a,-0.4706,-0.1089862436056137,0.0717,0.1341999999999999,
1,pair_ridge,0,45289904b26c1459,cmAPP:1701,cmAPP:1746,28639edc531a2e1a,-0.2906999999999999,0.0405892431735992,0.01,0.1063,
1,pair_ridge,0,f762503ebcc65c82,cmAPP:1714,cmAPP:1759,28639edc531a2e1a,-0.0854,-0.307468444108963,0.0706,0.081,
1,pair_ridge,0,e7cdd445b47734ce,cmAPP:1707,cmAPP:1756,8a110cbb1ec4bb37,-0.3610000000000001,-0.4098517894744873,0.0946,0.1015,
1,pair_ridge,0,e284e40848b79caf,cmAPP:1625,cmAPP:1670,28639edc531a2e1a,0.1414999999999999,0.0119009613990783,0.0601,0.052,
1,pair_ridge,0,421212f430fb6217,cmAPP:1591,cmAPP:1636,1212da56aac7a198,-0.0406,-0.2542915046215057,0.024,0.0765,
1,pair_ridge,0,600169b9f0f80551,cmAPP:1615,cmAPP:1664,28639edc531a2e1a,0.0219999999999999,-0.4946154654026031,0.0715,0.0554,
1,pair_ridge,0,409122d11d642bec,cmAPP:1601,cmAPP:1646,1212da56aac7a198,-0.4502,-0.4641658365726471,0.0212,0.3306,
1,pair_ridge,0,fca0701bd3bac2f3,cmAPP:1626,cmAPP:1671,28639edc531a2e1a,-0.2828999999999999,-0.1089862436056137,0.1442999999999999,0.0999,
1,pair_ridge,0,34038dbdd4553f7d,cmAPP:1611,cmAPP:1656,28639edc531a2e1a,-0.0142000000000001,0.0405892431735992,0.0373,0.048,
1,pair_ridge,0,d17517694a996e9b,cmAPP:1624,cmAPP:1669,28639edc531a2e1a,-0.1991,-0.307468444108963,0.0081999999999999,0.069,
1,pair_ridge,0,a5c36e48fb124d82,cmAPP:1617,cmAPP:1666,8a110cbb1ec4bb37,-0.4502,-0.4098517894744873,0.1369,0.1871999999999999,
1,pair_ridge,0,c805543d26a64bde,cmAPP:2075,cmAPP:2120,28639edc531a2e1a,-0.1186999999999999,0.0119009613990783,0.09,0.1231,
1,pair_ridge,0,fd2a262963837b7f,cmAPP:2041,cmAPP:2086,1212da56aac7a198,-0.1237,-0.2542915046215057,0.059,0.0151,
1,pair_ridge,0,396bdc7f9386d193,cmAPP:2065,cmAPP:2114,28639edc531a2e1a,-0.2469000000000001,-0.4946154654026031,0.0611,0.1293,
1,pair_ridge,0,fdbf57627003ba04,cmAPP:2051,cmAPP:2096,1212da56aac7a198,-0.2342,-0.4641658365726471,0.0968,0.0231,
1,pair_ridge,0,96c1bc434b0cc0dd,cmAPP:2076,cmAPP:2121,28639edc531a2e1a,-0.3479000000000001,-0.1089862436056137,0.0617,0.1311999999999999,
1,pair_ridge,0,849edfe135b4a285,cmAPP:2061,cmAPP:2106,28639edc531a2e1a,-0.3863000000000001,0.0405892431735992,0.0817,0.0831,
1,pair_ridge,0,0f5070b79250194c,cmAPP:2074,cmAPP:2119,28639edc531a2e1a,-0.4248999999999999,-0.307468444108963,0.0526,0.0729,
1,pair_ridge,0,473de2be4f7d6584,cmAPP:2067,cmAPP:2116,8a110cbb1ec4bb37,-0.6101000000000001,-0.4098517894744873,0.0615,0.3147,
1,pair_ridge,0,675d15d359e354d5,cmAPP:1985,cmAPP:2030,28639edc531a2e1a,-0.0912,0.0119009613990783,0.0105,0.0476999999999999,
1,pair_ridge,0,7d9ac8b735ba4661,cmAPP:1951,cmAPP:1996,1212da56aac7a198,0.0370999999999999,-0.2542915046215057,0.0533,0.0337,
1,pair_ridge,0,a15df525a6a379e5,cmAPP:1975,cmAPP:2024,28639edc531a2e1a,0.0304,-0.4946154654026031,0.0661,0.0528,
1,pair_ridge,0,8ab99b4d0257f181,cmAPP:1961,cmAPP:2006,1212da56aac7a198,-0.0766000000000001,-0.4641658365726471,0.0401,0.0982,
1,pair_ridge,0,f77d454e0640bee9,cmAPP:1986,cmAPP:2031,28639edc531a2e1a,-0.2584999999999999,-0.1089862436056137,0.0272,0.0181,
1,pair_ridge,0,4c96170b7a5e6348,cmAPP:1971,cmAPP:2016,28639edc531a2e1a,-0.1133999999999998,0.0405892431735992,0.0482,0.0404,
1,pair_ridge,0,0ef70c3bf1ed6748,cmAPP:1984,cmAPP:2029,28639edc531a2e1a,-0.0726000000000001,-0.307468444108963,0.0481,0.0899,
1,pair_ridge,0,becdd89127e663db,cmAPP:1977,cmAPP:2026,8a110cbb1ec4bb37,-0.5430999999999999,-0.4098517894744873,0.0475999999999999,0.0624,
1,pair_ridge,0,aa3134d53203d34e,cmAPP:1895,cmAPP:1940,28639edc531a2e1a,-0.0287999999999999,0.0119009613990783,0.0143,0.0521999999999999,
1,pair_ridge,0,dd6c1c7202e5a255,cmAPP:1861,cmAPP:1906,1212da56aac7a198,-0.0120000000000001,-0.2542915046215057,0.0007,0.0051,
1,pair_ridge,0,fb01500214324543,cmAPP:1885,cmAPP:1934,28639edc531a2e1a,-0.0014,-0.4946154654026031,0.0278,0.0077,
1,pair_ridge,0,edbdac59a2065c45,cmAPP:1871,cmAPP:1916,1212da56aac7a198,-0.0113999999999999,-0.4641658365726471,0.0015,0.0121999999999999,
1,pair_ridge,0,8cfd4f27b028eb77,cmAPP:1896,cmAPP:1941,28639edc531a2e1a,-0.242,-0.1089862436056137,0.0068,0.0691,
1,pair_ridge,0,9b2d1052c5390363,cmAPP:1881,cmAPP:1926,28639edc531a2e1a,-0.0185,0.0405892431735992,0.0043,0.0105,
1,pair_ridge,0,3cf75a1628ce2443,cmAPP:1894,cmAPP:1939,28639edc531a2e1a,-0.0734,-0.307468444108963,0.0017,0.0179,
1,pair_ridge,0,6e2a61766f596436,cmAPP:1887,cmAPP:1936,8a110cbb1ec4bb37,-0.4691000000000001,-0.4098517894744873,0.0074,0.0550999999999999,
1,gnn_activity,1103,5b10002dc6e9b311,cmAPP:1805,cmAPP:1850,28639edc531a2e1a,0.3319,-0.0840514004230499,0.2754,0.0858,
1,gnn_activity,1103,c8e8c0b442f5a1a1,cmAPP:1771,cmAPP:1816,1212da56aac7a198,-0.8776,-0.4130995869636535,0.0475999999999999,0.087,
1,gnn_activity,1103,8aa63b5c3ecd924d,cmAPP:1795,cmAPP:1844,28639edc531a2e1a,-0.5152,-0.3520459532737732,0.2846,0.1987,
1,gnn_activity,1103,d3de99befe559e4d,cmAPP:1781,cmAPP:1826,1212da56aac7a198,-0.2219,-0.3890662789344787,0.1041,0.2195,
1,gnn_activity,1103,382a0a377b849c67,cmAPP:1806,cmAPP:1851,28639edc531a2e1a,0.2361,-0.2040328532457351,0.3618,0.3897,
1,gnn_activity,1103,b5c2328a2c4ba021,cmAPP:1791,cmAPP:1836,28639edc531a2e1a,-1.0455,-0.0548083484172821,0.0306,0.2801,
1,gnn_activity,1103,086646f70e89b7e8,cmAPP:1804,cmAPP:1849,28639edc531a2e1a,-0.6019,-0.4884883165359497,0.1164,0.5791,
1,gnn_activity,1103,dff31405206d397b,cmAPP:1797,cmAPP:1846,8a110cbb1ec4bb37,-1.5217999999999998,-0.3018519580364227,0.1784,0.1663,
1,gnn_activity,1103,0ee5a5f6520a7c7a,cmAPP:1715,cmAPP:1760,28639edc531a2e1a,-0.1749,-0.0845550000667572,0.0608,0.1155,
1,gnn_activity,1103,5b8cb0fffb026635,cmAPP:1681,cmAPP:1726,1212da56aac7a198,0.0110999999999999,-0.4132676124572754,0.008,0.0649,
1,gnn_activity,1103,97a210f808788925,cmAPP:1705,cmAPP:1754,28639edc531a2e1a,-0.0345999999999998,-0.3525929450988769,0.0934,0.1336999999999999,
1,gnn_activity,1103,9f45bd9c2c0e94ba,cmAPP:1691,cmAPP:1736,1212da56aac7a198,-0.1439999999999999,-0.3892285823822021,0.1061999999999999,0.0778,
1,gnn_activity,1103,b994b3eb1c0af55d,cmAPP:1716,cmAPP:1761,28639edc531a2e1a,-0.4706,-0.2036120146512985,0.0717,0.1341999999999999,
1,gnn_activity,1103,45289904b26c1459,cmAPP:1701,cmAPP:1746,28639edc531a2e1a,-0.2906999999999999,-0.0550678074359893,0.01,0.1063,
1,gnn_activity,1103,f762503ebcc65c82,cmAPP:1714,cmAPP:1759,28639edc531a2e1a,-0.0854,-0.4884994029998779,0.0706,0.081,
1,gnn_activity,1103,e7cdd445b47734ce,cmAPP:1707,cmAPP:1756,8a110cbb1ec4bb37,-0.3610000000000001,-0.3026290535926819,0.0946,0.1015,
1,gnn_activity,1103,e284e40848b79caf,cmAPP:1625,cmAPP:1670,28639edc531a2e1a,0.1414999999999999,-0.0859909951686859,0.0601,0.052,
1,gnn_activity,1103,421212f430fb6217,cmAPP:1591,cmAPP:1636,1212da56aac7a198,-0.0406,-0.4132157862186432,0.024,0.0765,
1,gnn_activity,1103,600169b9f0f80551,cmAPP:1615,cmAPP:1664,28639edc531a2e1a,0.0219999999999999,-0.3542986512184143,0.0715,0.0554,
1,gnn_activity,1103,409122d11d642bec,cmAPP:1601,cmAPP:1646,1212da56aac7a198,-0.4502,-0.3896914720535278,0.0212,0.3306,
1,gnn_activity,1103,fca0701bd3bac2f3,cmAPP:1626,cmAPP:1671,28639edc531a2e1a,-0.2828999999999999,-0.2024120241403579,0.1442999999999999,0.0999,
1,gnn_activity,1103,34038dbdd4553f7d,cmAPP:1611,cmAPP:1656,28639edc531a2e1a,-0.0142000000000001,-0.0558076500892639,0.0373,0.048,
1,gnn_activity,1103,d17517694a996e9b,cmAPP:1624,cmAPP:1669,28639edc531a2e1a,-0.1991,-0.4885310232639313,0.0081999999999999,0.069,
1,gnn_activity,1103,a5c36e48fb124d82,cmAPP:1617,cmAPP:1666,8a110cbb1ec4bb37,-0.4502,-0.3048450052738189,0.1369,0.1871999999999999,
1,gnn_activity,1103,c805543d26a64bde,cmAPP:2075,cmAPP:2120,28639edc531a2e1a,-0.1186999999999999,-0.0840514004230499,0.09,0.1231,
1,gnn_activity,1103,fd2a262963837b7f,cmAPP:2041,cmAPP:2086,1212da56aac7a198,-0.1237,-0.4130995869636535,0.059,0.0151,
1,gnn_activity,1103,396bdc7f9386d193,cmAPP:2065,cmAPP:2114,28639edc531a2e1a,-0.2469000000000001,-0.3520459532737732,0.0611,0.1293,
1,gnn_activity,1103,fdbf57627003ba04,cmAPP:2051,cmAPP:2096,1212da56aac7a198,-0.2342,-0.3890662789344787,0.0968,0.0231,
1,gnn_activity,1103,96c1bc434b0cc0dd,cmAPP:2076,cmAPP:2121,28639edc531a2e1a,-0.3479000000000001,-0.2040328532457351,0.0617,0.1311999999999999,
1,gnn_activity,1103,849edfe135b4a285,cmAPP:2061,cmAPP:2106,28639edc531a2e1a,-0.3863000000000001,-0.0548083484172821,0.0817,0.0831,
1,gnn_activity,1103,0f5070b79250194c,cmAPP:2074,cmAPP:2119,28639edc531a2e1a,-0.4248999999999999,-0.4884883165359497,0.0526,0.0729,
1,gnn_activity,1103,473de2be4f7d6584,cmAPP:2067,cmAPP:2116,8a110cbb1ec4bb37,-0.6101000000000001,-0.3018519580364227,0.0615,0.3147,
1,gnn_activity,1103,675d15d359e354d5,cmAPP:1985,cmAPP:2030,28639edc531a2e1a,-0.0912,-0.0845550000667572,0.0105,0.0476999999999999,
1,gnn_activity,1103,7d9ac8b735ba4661,cmAPP:1951,cmAPP:1996,1212da56aac7a198,0.0370999999999999,-0.4132676124572754,0.0533,0.0337,
1,gnn_activity,1103,a15df525a6a379e5,cmAPP:1975,cmAPP:2024,28639edc531a2e1a,0.0304,-0.3525929450988769,0.0661,0.0528,
1,gnn_activity,1103,8ab99b4d0257f181,cmAPP:1961,cmAPP:2006,1212da56aac7a198,-0.0766000000000001,-0.3892285823822021,0.0401,0.0982,
1,gnn_activity,1103,f77d454e0640bee9,cmAPP:1986,cmAPP:2031,28639edc531a2e1a,-0.2584999999999999,-0.2036120146512985,0.0272,0.0181,
1,gnn_activity,1103,4c96170b7a5e6348,cmAPP:1971,cmAPP:2016,28639edc531a2e1a,-0.1133999999999998,-0.0550678074359893,0.0482,0.0404,
1,gnn_activity,1103,0ef70c3bf1ed6748,cmAPP:1984,cmAPP:2029,28639edc531a2e1a,-0.0726000000000001,-0.4884994029998779,0.0481,0.0899,
1,gnn_activity,1103,becdd89127e663db,cmAPP:1977,cmAPP:2026,8a110cbb1ec4bb37,-0.5430999999999999,-0.3026290535926819,0.0475999999999999,0.0624,
1,gnn_activity,1103,aa3134d53203d34e,cmAPP:1895,cmAPP:1940,28639edc531a2e1a,-0.0287999999999999,-0.0859909951686859,0.0143,0.0521999999999999,
1,gnn_activity,1103,dd6c1c7202e5a255,cmAPP:1861,cmAPP:1906,1212da56aac7a198,-0.0120000000000001,-0.4132157862186432,0.0007,0.0051,
1,gnn_activity,1103,fb01500214324543,cmAPP:1885,cmAPP:1934,28639edc531a2e1a,-0.0014,-0.3542986512184143,0.0278,0.0077,
1,gnn_activity,1103,edbdac59a2065c45,cmAPP:1871,cmAPP:1916,1212da56aac7a198,-0.0113999999999999,-0.3896914720535278,0.0015,0.0121999999999999,
1,gnn_activity,1103,8cfd4f27b028eb77,cmAPP:1896,cmAPP:1941,28639edc531a2e1a,-0.242,-0.2024120241403579,0.0068,0.0691,
1,gnn_activity,1103,9b2d1052c5390363,cmAPP:1881,cmAPP:1926,28639edc531a2e1a,-0.0185,-0.0558076500892639,0.0043,0.0105,
1,gnn_activity,1103,3cf75a1628ce2443,cmAPP:1894,cmAPP:1939,28639edc531a2e1a,-0.0734,-0.4885310232639313,0.0017,0.0179,
1,gnn_activity,1103,6e2a61766f596436,cmAPP:1887,cmAPP:1936,8a110cbb1ec4bb37,-0.4691000000000001,-0.3048450052738189,0.0074,0.0550999999999999,
1,gnn_activity,2207,5b10002dc6e9b311,cmAPP:1805,cmAPP:1850,28639edc531a2e1a,0.3319,-0.2630347013473511,0.2754,0.0858,
1,gnn_activity,2207,c8e8c0b442f5a1a1,cmAPP:1771,cmAPP:1816,1212da56aac7a198,-0.8776,-0.4613943994045257,0.0475999999999999,0.087,
1,gnn_activity,2207,8aa63b5c3ecd924d,cmAPP:1795,cmAPP:1844,28639edc531a2e1a,-0.5152,-0.3679708242416382,0.2846,0.1987,
1,gnn_activity,2207,d3de99befe559e4d,cmAPP:1781,cmAPP:1826,1212da56aac7a198,-0.2219,-0.3473249971866607,0.1041,0.2195,
1,gnn_activity,2207,382a0a377b849c67,cmAPP:1806,cmAPP:1851,28639edc531a2e1a,0.2361,-0.2572275400161743,0.3618,0.3897,
1,gnn_activity,2207,b5c2328a2c4ba021,cmAPP:1791,cmAPP:1836,28639edc531a2e1a,-1.0455,-0.1566310226917266,0.0306,0.2801,
1,gnn_activity,2207,086646f70e89b7e8,cmAPP:1804,cmAPP:1849,28639edc531a2e1a,-0.6019,-0.378479540348053,0.1164,0.5791,
1,gnn_activity,2207,dff31405206d397b,cmAPP:1797,cmAPP:1846,8a110cbb1ec4bb37,-1.5217999999999998,-0.4604250490665436,0.1784,0.1663,
1,gnn_activity,2207,0ee5a5f6520a7c7a,cmAPP:1715,cmAPP:1760,28639edc531a2e1a,-0.1749,-0.2626036405563354,0.0608,0.1155,
1,gnn_activity,2207,5b8cb0fffb026635,cmAPP:1681,cmAPP:1726,1212da56aac7a198,0.0110999999999999,-0.4599201381206512,0.008,0.0649,
1,gnn_activity,2207,97a210f808788925,cmAPP:1705,cmAPP:1754,28639edc531a2e1a,-0.0345999999999998,-0.3662271499633789,0.0934,0.1336999999999999,
1,gnn_activity,2207,9f45bd9c2c0e94ba,cmAPP:1691,cmAPP:1736,1212da56aac7a198,-0.1439999999999999,-0.3459323346614837,0.1061999999999999,0.0778,
1,gnn_activity,2207,b994b3eb1c0af55d,cmAPP:1716,cmAPP:1761,28639edc531a2e1a,-0.4706,-0.2562879025936126,0.0717,0.1341999999999999,
1,gnn_activity,2207,45289904b26c1459,cmAPP:1701,cmAPP:1746,28639edc531a2e1a,-0.2906999999999999,-0.1556254625320434,0.01,0.1063,
1,gnn_activity,2207,f762503ebcc65c82,cmAPP:1714,cmAPP:1759,28639edc531a2e1a,-0.0854,-0.3770142197608948,0.0706,0.081,
1,gnn_activity,2207,e7cdd445b47734ce,cmAPP:1707,cmAPP:1756,8a110cbb1ec4bb37,-0.3610000000000001,-0.4594034552574157,0.0946,0.1015,
1,gnn_activity,2207,e284e40848b79caf,cmAPP:1625,cmAPP:1670,28639edc531a2e1a,0.1414999999999999,-0.2613743543624878,0.0601,0.052,
1,gnn_activity,2207,421212f430fb6217,cmAPP:1591,cmAPP:1636,1212da56aac7a198,-0.0406,-0.4557162523269653,0.024,0.0765,
1,gnn_activity,2207,600169b9f0f80551,cmAPP:1615,cmAPP:1664,28639edc531a2e1a,0.0219999999999999,-0.3612551093101501,0.0715,0.0554,
1,gnn_activity,2207,409122d11d642bec,cmAPP:1601,cmAPP:1646,1212da56aac7a198,-0.4502,-0.3419610559940338,0.0212,0.3306,
1,gnn_activity,2207,fca0701bd3bac2f3,cmAPP:1626,cmAPP:1671,28639edc531a2e1a,-0.2828999999999999,-0.253608375787735,0.1442999999999999,0.0999,
1,gnn_activity,2207,34038dbdd4553f7d,cmAPP:1611,cmAPP:1656,28639edc531a2e1a,-0.0142000000000001,-0.1523205637931823,0.0373,0.048,
1,gnn_activity,2207,d17517694a996e9b,cmAPP:1624,cmAPP:1669,28639edc531a2e1a,-0.1991,-0.3728361129760742,0.0081999999999999,0.069,
1,gnn_activity,2207,a5c36e48fb124d82,cmAPP:1617,cmAPP:1666,8a110cbb1ec4bb37,-0.4502,-0.4564904570579529,0.1369,0.1871999999999999,
1,gnn_activity,2207,c805543d26a64bde,cmAPP:2075,cmAPP:2120,28639edc531a2e1a,-0.1186999999999999,-0.2630347013473511,0.09,0.1231,
1,gnn_activity,2207,fd2a262963837b7f,cmAPP:2041,cmAPP:2086,1212da56aac7a198,-0.1237,-0.4613943994045257,0.059,0.0151,
1,gnn_activity,2207,396bdc7f9386d193,cmAPP:2065,cmAPP:2114,28639edc531a2e1a,-0.2469000000000001,-0.3679708242416382,0.0611,0.1293,
1,gnn_activity,2207,fdbf57627003ba04,cmAPP:2051,cmAPP:2096,1212da56aac7a198,-0.2342,-0.3473249971866607,0.0968,0.0231,
1,gnn_activity,2207,96c1bc434b0cc0dd,cmAPP:2076,cmAPP:2121,28639edc531a2e1a,-0.3479000000000001,-0.2572275400161743,0.0617,0.1311999999999999,
1,gnn_activity,2207,849edfe135b4a285,cmAPP:2061,cmAPP:2106,28639edc531a2e1a,-0.3863000000000001,-0.1566310226917266,0.0817,0.0831,
1,gnn_activity,2207,0f5070b79250194c,cmAPP:2074,cmAPP:2119,28639edc531a2e1a,-0.4248999999999999,-0.378479540348053,0.0526,0.0729,
1,gnn_activity,2207,473de2be4f7d6584,cmAPP:2067,cmAPP:2116,8a110cbb1ec4bb37,-0.6101000000000001,-0.4604250490665436,0.0615,0.3147,
1,gnn_activity,2207,675d15d359e354d5,cmAPP:1985,cmAPP:2030,28639edc531a2e1a,-0.0912,-0.2626036405563354,0.0105,0.0476999999999999,
1,gnn_activity,2207,7d9ac8b735ba4661,cmAPP:1951,cmAPP:1996,1212da56aac7a198,0.0370999999999999,-0.4599201381206512,0.0533,0.0337,
1,gnn_activity,2207,a15df525a6a379e5,cmAPP:1975,cmAPP:2024,28639edc531a2e1a,0.0304,-0.3662271499633789,0.0661,0.0528,
1,gnn_activity,2207,8ab99b4d0257f181,cmAPP:1961,cmAPP:2006,1212da56aac7a198,-0.0766000000000001,-0.3459323346614837,0.0401,0.0982,
1,gnn_activity,2207,f77d454e0640bee9,cmAPP:1986,cmAPP:2031,28639edc531a2e1a,-0.2584999999999999,-0.2562879025936126,0.0272,0.0181,
1,gnn_activity,2207,4c96170b7a5e6348,cmAPP:1971,cmAPP:2016,28639edc531a2e1a,-0.1133999999999998,-0.1556254625320434,0.0482,0.0404,
1,gnn_activity,2207,0ef70c3bf1ed6748,cmAPP:1984,cmAPP:2029,28639edc531a2e1a,-0.0726000000000001,-0.3770142197608948,0.0481,0.0899,
1,gnn_activity,2207,becdd89127e663db,cmAPP:1977,cmAPP:2026,8a110cbb1ec4bb37,-0.5430999999999999,-0.4594034552574157,0.0475999999999999,0.0624,
1,gnn_activity,2207,aa3134d53203d34e,cmAPP:1895,cmAPP:1940,28639edc531a2e1a,-0.0287999999999999,-0.2613743543624878,0.0143,0.0521999999999999,
1,gnn_activity,2207,dd6c1c7202e5a255,cmAPP:1861,cmAPP:1906,1212da56aac7a198,-0.0120000000000001,-0.4557162523269653,0.0007,0.0051,
1,gnn_activity,2207,fb01500214324543,cmAPP:1885,cmAPP:1934,28639edc531a2e1a,-0.0014,-0.3612551093101501,0.0278,0.0077,
1,gnn_activity,2207,edbdac59a2065c45,cmAPP:1871,cmAPP:1916,1212da56aac7a198,-0.0113999999999999,-0.3419610559940338,0.0015,0.0121999999999999,
1,gnn_activity,2207,8cfd4f27b028eb77,cmAPP:1896,cmAPP:1941,28639edc531a2e1a,-0.242,-0.253608375787735,0.0068,0.0691,
1,gnn_activity,2207,9b2d1052c5390363,cmAPP:1881,cmAPP:1926,28639edc531a2e1a,-0.0185,-0.1523205637931823,0.0043,0.0105,
1,gnn_activity,2207,3cf75a1628ce2443,cmAPP:1894,cmAPP:1939,28639edc531a2e1a,-0.0734,-0.3728361129760742,0.0017,0.0179,
1,gnn_activity,2207,6e2a61766f596436,cmAPP:1887,cmAPP:1936,8a110cbb1ec4bb37,-0.4691000000000001,-0.4564904570579529,0.0074,0.0550999999999999,
1,gnn_activity,3301,5b10002dc6e9b311,cmAPP:1805,cmAPP:1850,28639edc531a2e1a,0.3319,-0.1965529918670654,0.2754,0.0858,
1,gnn_activity,3301,c8e8c0b442f5a1a1,cmAPP:1771,cmAPP:1816,1212da56aac7a198,-0.8776,-0.3891195952892303,0.0475999999999999,0.087,
1,gnn_activity,3301,8aa63b5c3ecd924d,cmAPP:1795,cmAPP:1844,28639edc531a2e1a,-0.5152,-0.2982998490333557,0.2846,0.1987,
1,gnn_activity,3301,d3de99befe559e4d,cmAPP:1781,cmAPP:1826,1212da56aac7a198,-0.2219,-0.4836682081222534,0.1041,0.2195,
1,gnn_activity,3301,382a0a377b849c67,cmAPP:1806,cmAPP:1851,28639edc531a2e1a,0.2361,-0.4178792238235473,0.3618,0.3897,
1,gnn_activity,3301,b5c2328a2c4ba021,cmAPP:1791,cmAPP:1836,28639edc531a2e1a,-1.0455,-0.1747962236404419,0.0306,0.2801,
1,gnn_activity,3301,086646f70e89b7e8,cmAPP:1804,cmAPP:1849,28639edc531a2e1a,-0.6019,-0.3908950686454773,0.1164,0.5791,
1,gnn_activity,3301,dff31405206d397b,cmAPP:1797,cmAPP:1846,8a110cbb1ec4bb37,-1.5217999999999998,-0.5178022980690002,0.1784,0.1663,
1,gnn_activity,3301,0ee5a5f6520a7c7a,cmAPP:1715,cmAPP:1760,28639edc531a2e1a,-0.1749,-0.1965217888355255,0.0608,0.1155,
1,gnn_activity,3301,5b8cb0fffb026635,cmAPP:1681,cmAPP:1726,1212da56aac7a198,0.0110999999999999,-0.3876920342445373,0.008,0.0649,
1,gnn_activity,3301,97a210f808788925,cmAPP:1705,cmAPP:1754,28639edc531a2e1a,-0.0345999999999998,-0.2981294393539428,0.0934,0.1336999999999999,
1,gnn_activity,3301,9f45bd9c2c0e94ba,cmAPP:1691,cmAPP:1736,1212da56aac7a198,-0.1439999999999999,-0.4827022552490234,0.1061999999999999,0.0778,
1,gnn_activity,3301,b994b3eb1c0af55d,cmAPP:1716,cmAPP:1761,28639edc531a2e1a,-0.4706,-0.4176085591316223,0.0717,0.1341999999999999,
1,gnn_activity,3301,45289904b26c1459,cmAPP:1701,cmAPP:1746,28639edc531a2e1a,-0.2906999999999999,-0.1745212078094482,0.01,0.1063,
1,gnn_activity,3301,f762503ebcc65c82,cmAPP:1714,cmAPP:1759,28639edc531a2e1a,-0.0854,-0.3897496461868286,0.0706,0.081,
1,gnn_activity,3301,e7cdd445b47734ce,cmAPP:1707,cmAPP:1756,8a110cbb1ec4bb37,-0.3610000000000001,-0.5170250535011292,0.0946,0.1015,
1,gnn_activity,3301,e284e40848b79caf,cmAPP:1625,cmAPP:1670,28639edc531a2e1a,0.1414999999999999,-0.1968120634555816,0.0601,0.052,
1,gnn_activity,3301,421212f430fb6217,cmAPP:1591,cmAPP:1636,1212da56aac7a198,-0.0406,-0.3836212754249573,0.024,0.0765,
1,gnn_activity,3301,600169b9f0f80551,cmAPP:1615,cmAPP:1664,28639edc531a2e1a,0.0219999999999999,-0.297643780708313,0.0715,0.0554,
1,gnn_activity,3301,409122d11d642bec,cmAPP:1601,cmAPP:1646,1212da56aac7a198,-0.4502,-0.4799478054046631,0.0212,0.3306,
1,gnn_activity,3301,fca0701bd3bac2f3,cmAPP:1626,cmAPP:1671,28639edc531a2e1a,-0.2828999999999999,-0.416836678981781,0.1442999999999999,0.0999,
1,gnn_activity,3301,34038dbdd4553f7d,cmAPP:1611,cmAPP:1656,28639edc531a2e1a,-0.0142000000000001,-0.1737370491027832,0.0373,0.048,
1,gnn_activity,3301,d17517694a996e9b,cmAPP:1624,cmAPP:1669,28639edc531a2e1a,-0.1991,-0.3864831924438476,0.0081999999999999,0.069,
1,gnn_activity,3301,a5c36e48fb124d82,cmAPP:1617,cmAPP:1666,8a110cbb1ec4bb37,-0.4502,-0.5148087739944458,0.1369,0.1871999999999999,
1,gnn_activity,3301,c805543d26a64bde,cmAPP:2075,cmAPP:2120,28639edc531a2e1a,-0.1186999999999999,-0.1965529918670654,0.09,0.1231,
1,gnn_activity,3301,fd2a262963837b7f,cmAPP:2041,cmAPP:2086,1212da56aac7a198,-0.1237,-0.3891195952892303,0.059,0.0151,
1,gnn_activity,3301,396bdc7f9386d193,cmAPP:2065,cmAPP:2114,28639edc531a2e1a,-0.2469000000000001,-0.2982998490333557,0.0611,0.1293,
1,gnn_activity,3301,fdbf57627003ba04,cmAPP:2051,cmAPP:2096,1212da56aac7a198,-0.2342,-0.4836682081222534,0.0968,0.0231,
1,gnn_activity,3301,96c1bc434b0cc0dd,cmAPP:2076,cmAPP:2121,28639edc531a2e1a,-0.3479000000000001,-0.4178792238235473,0.0617,0.1311999999999999,
1,gnn_activity,3301,849edfe135b4a285,cmAPP:2061,cmAPP:2106,28639edc531a2e1a,-0.3863000000000001,-0.1747962236404419,0.0817,0.0831,
1,gnn_activity,3301,0f5070b79250194c,cmAPP:2074,cmAPP:2119,28639edc531a2e1a,-0.4248999999999999,-0.3908950686454773,0.0526,0.0729,
1,gnn_activity,3301,473de2be4f7d6584,cmAPP:2067,cmAPP:2116,8a110cbb1ec4bb37,-0.6101000000000001,-0.5178022980690002,0.0615,0.3147,
1,gnn_activity,3301,675d15d359e354d5,cmAPP:1985,cmAPP:2030,28639edc531a2e1a,-0.0912,-0.1965217888355255,0.0105,0.0476999999999999,
1,gnn_activity,3301,7d9ac8b735ba4661,cmAPP:1951,cmAPP:1996,1212da56aac7a198,0.0370999999999999,-0.3876920342445373,0.0533,0.0337,
1,gnn_activity,3301,a15df525a6a379e5,cmAPP:1975,cmAPP:2024,28639edc531a2e1a,0.0304,-0.2981294393539428,0.0661,0.0528,
1,gnn_activity,3301,8ab99b4d0257f181,cmAPP:1961,cmAPP:2006,1212da56aac7a198,-0.0766000000000001,-0.4827022552490234,0.0401,0.0982,
1,gnn_activity,3301,f77d454e0640bee9,cmAPP:1986,cmAPP:2031,28639edc531a2e1a,-0.2584999999999999,-0.4176085591316223,0.0272,0.0181,
1,gnn_activity,3301,4c96170b7a5e6348,cmAPP:1971,cmAPP:2016,28639edc531a2e1a,-0.1133999999999998,-0.1745212078094482,0.0482,0.0404,
1,gnn_activity,3301,0ef70c3bf1ed6748,cmAPP:1984,cmAPP:2029,28639edc531a2e1a,-0.0726000000000001,-0.3897496461868286,0.0481,0.0899,
1,gnn_activity,3301,becdd89127e663db,cmAPP:1977,cmAPP:2026,8a110cbb1ec4bb37,-0.5430999999999999,-0.5170250535011292,0.0475999999999999,0.0624,
1,gnn_activity,3301,aa3134d53203d34e,cmAPP:1895,cmAPP:1940,28639edc531a2e1a,-0.0287999999999999,-0.1968120634555816,0.0143,0.0521999999999999,
1,gnn_activity,3301,dd6c1c7202e5a255,cmAPP:1861,cmAPP:1906,1212da56aac7a198,-0.0120000000000001,-0.3836212754249573,0.0007,0.0051,
1,gnn_activity,3301,fb01500214324543,cmAPP:1885,cmAPP:1934,28639edc531a2e1a,-0.0014,-0.297643780708313,0.0278,0.0077,
1,gnn_activity,3301,edbdac59a2065c45,cmAPP:1871,cmAPP:1916,1212da56aac7a198,-0.0113999999999999,-0.4799478054046631,0.0015,0.0121999999999999,
1,gnn_activity,3301,8cfd4f27b028eb77,cmAPP:1896,cmAPP:1941,28639edc531a2e1a,-0.242,-0.416836678981781,0.0068,0.0691,
1,gnn_activity,3301,9b2d1052c5390363,cmAPP:1881,cmAPP:1926,28639edc531a2e1a,-0.0185,-0.1737370491027832,0.0043,0.0105,
1,gnn_activity,3301,3cf75a1628ce2443,cmAPP:1894,cmAPP:1939,28639edc531a2e1a,-0.0734,-0.3864831924438476,0.0017,0.0179,
1,gnn_activity,3301,6e2a61766f596436,cmAPP:1887,cmAPP:1936,8a110cbb1ec4bb37,-0.4691000000000001,-0.5148087739944458,0.0074,0.0550999999999999,
1,gnn_pair,1103,5b10002dc6e9b311,cmAPP:1805,cmAPP:1850,28639edc531a2e1a,0.3319,-0.3125437796115875,0.2754,0.0858,
1,gnn_pair,1103,c8e8c0b442f5a1a1,cmAPP:1771,cmAPP:1816,1212da56aac7a198,-0.8776,-0.4125603437423706,0.0475999999999999,0.087,
1,gnn_pair,1103,8aa63b5c3ecd924d,cmAPP:1795,cmAPP:1844,28639edc531a2e1a,-0.5152,-0.3913000822067261,0.2846,0.1987,
1,gnn_pair,1103,d3de99befe559e4d,cmAPP:1781,cmAPP:1826,1212da56aac7a198,-0.2219,-0.3848193883895874,0.1041,0.2195,
1,gnn_pair,1103,382a0a377b849c67,cmAPP:1806,cmAPP:1851,28639edc531a2e1a,0.2361,-0.311888039112091,0.3618,0.3897,
1,gnn_pair,1103,b5c2328a2c4ba021,cmAPP:1791,cmAPP:1836,28639edc531a2e1a,-1.0455,-0.2890524864196777,0.0306,0.2801,
1,gnn_pair,1103,086646f70e89b7e8,cmAPP:1804,cmAPP:1849,28639edc531a2e1a,-0.6019,-0.4051244258880615,0.1164,0.5791,
1,gnn_pair,1103,dff31405206d397b,cmAPP:1797,cmAPP:1846,8a110cbb1ec4bb37,-1.5217999999999998,-0.3300596177577972,0.1784,0.1663,
1,gnn_pair,1103,0ee5a5f6520a7c7a,cmAPP:1715,cmAPP:1760,28639edc531a2e1a,-0.1749,-0.3125437498092651,0.0608,0.1155,
1,gnn_pair,1103,5b8cb0fffb026635,cmAPP:1681,cmAPP:1726,1212da56aac7a198,0.0110999999999999,-0.4127001166343689,0.008,0.0649,
1,gnn_pair,1103,97a210f808788925,cmAPP:1705,cmAPP:1754,28639edc531a2e1a,-0.0345999999999998,-0.3912627398967743,0.0934,0.1336999999999999,
1,gnn_pair,1103,9f45bd9c2c0e94ba,cmAPP:1691,cmAPP:1736,1212da56aac7a198,-0.1439999999999999,-0.3848074972629547,0.1061999999999999,0.0778,
1,gnn_pair,1103,b994b3eb1c0af55d,cmAPP:1716,cmAPP:1761,28639edc531a2e1a,-0.4706,-0.311991274356842,0.0717,0.1341999999999999,
1,gnn_pair,1103,45289904b26c1459,cmAPP:1701,cmAPP:1746,28639edc531a2e1a,-0.2906999999999999,-0.2890356481075287,0.01,0.1063,
1,gnn_pair,1103,f762503ebcc65c82,cmAPP:1714,cmAPP:1759,28639edc531a2e1a,-0.0854,-0.4052636325359344,0.0706,0.081,
1,gnn_pair,1103,e7cdd445b47734ce,cmAPP:1707,cmAPP:1756,8a110cbb1ec4bb37,-0.3610000000000001,-0.330135315656662,0.0946,0.1015,
1,gnn_pair,1103,e284e40848b79caf,cmAPP:1625,cmAPP:1670,28639edc531a2e1a,0.1414999999999999,-0.3125436902046203,0.0601,0.052,
1,gnn_pair,1103,421212f430fb6217,cmAPP:1591,cmAPP:1636,1212da56aac7a198,-0.0406,-0.4130988121032715,0.024,0.0765,
1,gnn_pair,1103,600169b9f0f80551,cmAPP:1615,cmAPP:1664,28639edc531a2e1a,0.0219999999999999,-0.3911559283733368,0.0715,0.0554,
1,gnn_pair,1103,409122d11d642bec,cmAPP:1601,cmAPP:1646,1212da56aac7a198,-0.4502,-0.3847735822200775,0.0212,0.3306,
1,gnn_pair,1103,fca0701bd3bac2f3,cmAPP:1626,cmAPP:1671,28639edc531a2e1a,-0.2828999999999999,-0.3122856020927429,0.1442999999999999,0.0999,
1,gnn_pair,1103,34038dbdd4553f7d,cmAPP:1611,cmAPP:1656,28639edc531a2e1a,-0.0142000000000001,-0.2889875769615173,0.0373,0.048,
1,gnn_pair,1103,d17517694a996e9b,cmAPP:1624,cmAPP:1669,28639edc531a2e1a,-0.1991,-0.4056606292724609,0.0081999999999999,0.069,
1,gnn_pair,1103,a5c36e48fb124d82,cmAPP:1617,cmAPP:1666,8a110cbb1ec4bb37,-0.4502,-0.3303512334823608,0.1369,0.1871999999999999,
1,gnn_pair,1103,c805543d26a64bde,cmAPP:2075,cmAPP:2120,28639edc531a2e1a,-0.1186999999999999,-0.3125437796115875,0.09,0.1231,
1,gnn_pair,1103,fd2a262963837b7f,cmAPP:2041,cmAPP:2086,1212da56aac7a198,-0.1237,-0.4125603437423706,0.059,0.0151,
1,gnn_pair,1103,396bdc7f9386d193,cmAPP:2065,cmAPP:2114,28639edc531a2e1a,-0.2469000000000001,-0.3913000822067261,0.0611,0.1293,
1,gnn_pair,1103,fdbf57627003ba04,cmAPP:2051,cmAPP:2096,1212da56aac7a198,-0.2342,-0.3848193883895874,0.0968,0.0231,
1,gnn_pair,1103,96c1bc434b0cc0dd,cmAPP:2076,cmAPP:2121,28639edc531a2e1a,-0.3479000000000001,-0.311888039112091,0.0617,0.1311999999999999,
1,gnn_pair,1103,849edfe135b4a285,cmAPP:2061,cmAPP:2106,28639edc531a2e1a,-0.3863000000000001,-0.2890524864196777,0.0817,0.0831,
1,gnn_pair,1103,0f5070b79250194c,cmAPP:2074,cmAPP:2119,28639edc531a2e1a,-0.4248999999999999,-0.4051244258880615,0.0526,0.0729,
1,gnn_pair,1103,473de2be4f7d6584,cmAPP:2067,cmAPP:2116,8a110cbb1ec4bb37,-0.6101000000000001,-0.3300596177577972,0.0615,0.3147,
1,gnn_pair,1103,675d15d359e354d5,cmAPP:1985,cmAPP:2030,28639edc531a2e1a,-0.0912,-0.3125437498092651,0.0105,0.0476999999999999,
1,gnn_pair,1103,7d9ac8b735ba4661,cmAPP:1951,cmAPP:1996,1212da56aac7a198,0.0370999999999999,-0.4127001166343689,0.0533,0.0337,
1,gnn_pair,1103,a15df525a6a379e5,cmAPP:1975,cmAPP:2024,28639edc531a2e1a,0.0304,-0.3912627398967743,0.0661,0.0528,
1,gnn_pair,1103,8ab99b4d0257f181,cmAPP:1961,cmAPP:2006,1212da56aac7a198,-0.0766000000000001,-0.3848074972629547,0.0401,0.0982,
1,gnn_pair,1103,f77d454e0640bee9,cmAPP:1986,cmAPP:2031,28639edc531a2e1a,-0.2584999999999999,-0.311991274356842,0.0272,0.0181,
1,gnn_pair,1103,4c96170b7a5e6348,cmAPP:1971,cmAPP:2016,28639edc531a2e1a,-0.1133999999999998,-0.2890356481075287,0.0482,0.0404,
1,gnn_pair,1103,0ef70c3bf1ed6748,cmAPP:1984,cmAPP:2029,28639edc531a2e1a,-0.0726000000000001,-0.4052636325359344,0.0481,0.0899,
1,gnn_pair,1103,becdd89127e663db,cmAPP:1977,cmAPP:2026,8a110cbb1ec4bb37,-0.5430999999999999,-0.330135315656662,0.0475999999999999,0.0624,
1,gnn_pair,1103,aa3134d53203d34e,cmAPP:1895,cmAPP:1940,28639edc531a2e1a,-0.0287999999999999,-0.3125436902046203,0.0143,0.0521999999999999,
1,gnn_pair,1103,dd6c1c7202e5a255,cmAPP:1861,cmAPP:1906,1212da56aac7a198,-0.0120000000000001,-0.4130988121032715,0.0007,0.0051,
1,gnn_pair,1103,fb01500214324543,cmAPP:1885,cmAPP:1934,28639edc531a2e1a,-0.0014,-0.3911559283733368,0.0278,0.0077,
1,gnn_pair,1103,edbdac59a2065c45,cmAPP:1871,cmAPP:1916,1212da56aac7a198,-0.0113999999999999,-0.3847735822200775,0.0015,0.0121999999999999,
1,gnn_pair,1103,8cfd4f27b028eb77,cmAPP:1896,cmAPP:1941,28639edc531a2e1a,-0.242,-0.3122856020927429,0.0068,0.0691,
1,gnn_pair,1103,9b2d1052c5390363,cmAPP:1881,cmAPP:1926,28639edc531a2e1a,-0.0185,-0.2889875769615173,0.0043,0.0105,
1,gnn_pair,1103,3cf75a1628ce2443,cmAPP:1894,cmAPP:1939,28639edc531a2e1a,-0.0734,-0.4056606292724609,0.0017,0.0179,
1,gnn_pair,1103,6e2a61766f596436,cmAPP:1887,cmAPP:1936,8a110cbb1ec4bb37,-0.4691000000000001,-0.3303512334823608,0.0074,0.0550999999999999,
1,gnn_pair,2207,5b10002dc6e9b311,cmAPP:1805,cmAPP:1850,28639edc531a2e1a,0.3319,-0.1527593731880188,0.2754,0.0858,
1,gnn_pair,2207,c8e8c0b442f5a1a1,cmAPP:1771,cmAPP:1816,1212da56aac7a198,-0.8776,-0.3900673687458038,0.0475999999999999,0.087,
1,gnn_pair,2207,8aa63b5c3ecd924d,cmAPP:1795,cmAPP:1844,28639edc531a2e1a,-0.5152,-0.525697648525238,0.2846,0.1987,
1,gnn_pair,2207,d3de99befe559e4d,cmAPP:1781,cmAPP:1826,1212da56aac7a198,-0.2219,-0.3364906907081604,0.1041,0.2195,
1,gnn_pair,2207,382a0a377b849c67,cmAPP:1806,cmAPP:1851,28639edc531a2e1a,0.2361,-0.0054138898849487,0.3618,0.3897,
1,gnn_pair,2207,b5c2328a2c4ba021,cmAPP:1791,cmAPP:1836,28639edc531a2e1a,-1.0455,-0.0062808990478515,0.0306,0.2801,
1,gnn_pair,2207,086646f70e89b7e8,cmAPP:1804,cmAPP:1849,28639edc531a2e1a,-0.6019,-0.4781012535095215,0.1164,0.5791,
1,gnn_pair,2207,dff31405206d397b,cmAPP:1797,cmAPP:1846,8a110cbb1ec4bb37,-1.5217999999999998,-0.4080226719379425,0.1784,0.1663,
1,gnn_pair,2207,0ee5a5f6520a7c7a,cmAPP:1715,cmAPP:1760,28639edc531a2e1a,-0.1749,-0.1528014838695526,0.0608,0.1155,
1,gnn_pair,2207,5b8cb0fffb026635,cmAPP:1681,cmAPP:1726,1212da56aac7a198,0.0110999999999999,-0.3887636661529541,0.008,0.0649,
1,gnn_pair,2207,97a210f808788925,cmAPP:1705,cmAPP:1754,28639edc531a2e1a,-0.0345999999999998,-0.524752676486969,0.0934,0.1336999999999999,
1,gnn_pair,2207,9f45bd9c2c0e94ba,cmAPP:1691,cmAPP:1736,1212da56aac7a198,-0.1439999999999999,-0.3354425430297851,0.1061999999999999,0.0778,
1,gnn_pair,2207,b994b3eb1c0af55d,cmAPP:1716,cmAPP:1761,28639edc531a2e1a,-0.4706,-0.0052448213100433,0.0717,0.1341999999999999,
1,gnn_pair,2207,45289904b26c1459,cmAPP:1701,cmAPP:1746,28639edc531a2e1a,-0.2906999999999999,-0.0062054097652435,0.01,0.1063,
1,gnn_pair,2207,f762503ebcc65c82,cmAPP:1714,cmAPP:1759,28639edc531a2e1a,-0.0854,-0.4765272140502929,0.0706,0.081,
1,gnn_pair,2207,e7cdd445b47734ce,cmAPP:1707,cmAPP:1756,8a110cbb1ec4bb37,-0.3610000000000001,-0.406656801700592,0.0946,0.1015,
1,gnn_pair,2207,e284e40848b79caf,cmAPP:1625,cmAPP:1670,28639edc531a2e1a,0.1414999999999999,-0.1529215276241302,0.0601,0.052,
1,gnn_pair,2207,421212f430fb6217,cmAPP:1591,cmAPP:1636,1212da56aac7a198,-0.0406,-0.3850461840629577,0.024,0.0765,
1,gnn_pair,2207,600169b9f0f80551,cmAPP:1615,cmAPP:1664,28639edc531a2e1a,0.0219999999999999,-0.5220580697059631,0.0715,0.0554,
1,gnn_pair,2207,409122d11d642bec,cmAPP:1601,cmAPP:1646,1212da56aac7a198,-0.4502,-0.3324536085128784,0.0212,0.3306,
1,gnn_pair,2207,fca0701bd3bac2f3,cmAPP:1626,cmAPP:1671,28639edc531a2e1a,-0.2828999999999999,-0.0048852264881134,0.1442999999999999,0.0999,
1,gnn_pair,2207,34038dbdd4553f7d,cmAPP:1611,cmAPP:1656,28639edc531a2e1a,-0.0142000000000001,-0.00599005818367,0.0373,0.048,
1,gnn_pair,2207,d17517694a996e9b,cmAPP:1624,cmAPP:1669,28639edc531a2e1a,-0.1991,-0.4720389246940613,0.0081999999999999,0.069,
1,gnn_pair,2207,a5c36e48fb124d82,cmAPP:1617,cmAPP:1666,8a110cbb1ec4bb37,-0.4502,-0.4027621746063232,0.1369,0.1871999999999999,
1,gnn_pair,2207,c805543d26a64bde,cmAPP:2075,cmAPP:2120,28639edc531a2e1a,-0.1186999999999999,-0.1527593731880188,0.09,0.1231,
1,gnn_pair,2207,fd2a262963837b7f,cmAPP:2041,cmAPP:2086,1212da56aac7a198,-0.1237,-0.3900673687458038,0.059,0.0151,
1,gnn_pair,2207,396bdc7f9386d193,cmAPP:2065,cmAPP:2114,28639edc531a2e1a,-0.2469000000000001,-0.525697648525238,0.0611,0.1293,
1,gnn_pair,2207,fdbf57627003ba04,cmAPP:2051,cmAPP:2096,1212da56aac7a198,-0.2342,-0.3364906907081604,0.0968,0.0231,
1,gnn_pair,2207,96c1bc434b0cc0dd,cmAPP:2076,cmAPP:2121,28639edc531a2e1a,-0.3479000000000001,-0.0054138898849487,0.0617,0.1311999999999999,
1,gnn_pair,2207,849edfe135b4a285,cmAPP:2061,cmAPP:2106,28639edc531a2e1a,-0.3863000000000001,-0.0062808990478515,0.0817,0.0831,
1,gnn_pair,2207,0f5070b79250194c,cmAPP:2074,cmAPP:2119,28639edc531a2e1a,-0.4248999999999999,-0.4781012535095215,0.0526,0.0729,
1,gnn_pair,2207,473de2be4f7d6584,cmAPP:2067,cmAPP:2116,8a110cbb1ec4bb37,-0.6101000000000001,-0.4080226719379425,0.0615,0.3147,
1,gnn_pair,2207,675d15d359e354d5,cmAPP:1985,cmAPP:2030,28639edc531a2e1a,-0.0912,-0.1528014838695526,0.0105,0.0476999999999999,
1,gnn_pair,2207,7d9ac8b735ba4661,cmAPP:1951,cmAPP:1996,1212da56aac7a198,0.0370999999999999,-0.3887636661529541,0.0533,0.0337,
1,gnn_pair,2207,a15df525a6a379e5,cmAPP:1975,cmAPP:2024,28639edc531a2e1a,0.0304,-0.524752676486969,0.0661,0.0528,
1,gnn_pair,2207,8ab99b4d0257f181,cmAPP:1961,cmAPP:2006,1212da56aac7a198,-0.0766000000000001,-0.3354425430297851,0.0401,0.0982,
1,gnn_pair,2207,f77d454e0640bee9,cmAPP:1986,cmAPP:2031,28639edc531a2e1a,-0.2584999999999999,-0.0052448213100433,0.0272,0.0181,
1,gnn_pair,2207,4c96170b7a5e6348,cmAPP:1971,cmAPP:2016,28639edc531a2e1a,-0.1133999999999998,-0.0062054097652435,0.0482,0.0404,
1,gnn_pair,2207,0ef70c3bf1ed6748,cmAPP:1984,cmAPP:2029,28639edc531a2e1a,-0.0726000000000001,-0.4765272140502929,0.0481,0.0899,
1,gnn_pair,2207,becdd89127e663db,cmAPP:1977,cmAPP:2026,8a110cbb1ec4bb37,-0.5430999999999999,-0.406656801700592,0.0475999999999999,0.0624,
1,gnn_pair,2207,aa3134d53203d34e,cmAPP:1895,cmAPP:1940,28639edc531a2e1a,-0.0287999999999999,-0.1529215276241302,0.0143,0.0521999999999999,
1,gnn_pair,2207,dd6c1c7202e5a255,cmAPP:1861,cmAPP:1906,1212da56aac7a198,-0.0120000000000001,-0.3850461840629577,0.0007,0.0051,
1,gnn_pair,2207,fb01500214324543,cmAPP:1885,cmAPP:1934,28639edc531a2e1a,-0.0014,-0.5220580697059631,0.0278,0.0077,
1,gnn_pair,2207,edbdac59a2065c45,cmAPP:1871,cmAPP:1916,1212da56aac7a198,-0.0113999999999999,-0.3324536085128784,0.0015,0.0121999999999999,
1,gnn_pair,2207,8cfd4f27b028eb77,cmAPP:1896,cmAPP:1941,28639edc531a2e1a,-0.242,-0.0048852264881134,0.0068,0.0691,
1,gnn_pair,2207,9b2d1052c5390363,cmAPP:1881,cmAPP:1926,28639edc531a2e1a,-0.0185,-0.00599005818367,0.0043,0.0105,
1,gnn_pair,2207,3cf75a1628ce2443,cmAPP:1894,cmAPP:1939,28639edc531a2e1a,-0.0734,-0.4720389246940613,0.0017,0.0179,
1,gnn_pair,2207,6e2a61766f596436,cmAPP:1887,cmAPP:1936,8a110cbb1ec4bb37,-0.4691000000000001,-0.4027621746063232,0.0074,0.0550999999999999,
1,gnn_pair,3301,5b10002dc6e9b311,cmAPP:1805,cmAPP:1850,28639edc531a2e1a,0.3319,-0.0580955147743225,0.2754,0.0858,
1,gnn_pair,3301,c8e8c0b442f5a1a1,cmAPP:1771,cmAPP:1816,1212da56aac7a198,-0.8776,-0.3231096863746643,0.0475999999999999,0.087,
1,gnn_pair,3301,8aa63b5c3ecd924d,cmAPP:1795,cmAPP:1844,28639edc531a2e1a,-0.5152,-0.5679851770401001,0.2846,0.1987,
1,gnn_pair,3301,d3de99befe559e4d,cmAPP:1781,cmAPP:1826,1212da56aac7a198,-0.2219,-0.3389078378677368,0.1041,0.2195,
1,gnn_pair,3301,382a0a377b849c67,cmAPP:1806,cmAPP:1851,28639edc531a2e1a,0.2361,-0.1642670333385467,0.3618,0.3897,
1,gnn_pair,3301,b5c2328a2c4ba021,cmAPP:1791,cmAPP:1836,28639edc531a2e1a,-1.0455,0.0345127284526824,0.0306,0.2801,
1,gnn_pair,3301,086646f70e89b7e8,cmAPP:1804,cmAPP:1849,28639edc531a2e1a,-0.6019,-0.2834562063217163,0.1164,0.5791,
1,gnn_pair,3301,dff31405206d397b,cmAPP:1797,cmAPP:1846,8a110cbb1ec4bb37,-1.5217999999999998,-0.365666389465332,0.1784,0.1663,
1,gnn_pair,3301,0ee5a5f6520a7c7a,cmAPP:1715,cmAPP:1760,28639edc531a2e1a,-0.1749,-0.0571759045124053,0.0608,0.1155,
1,gnn_pair,3301,5b8cb0fffb026635,cmAPP:1681,cmAPP:1726,1212da56aac7a198,0.0110999999999999,-0.3217813372611999,0.008,0.0649,
1,gnn_pair,3301,97a210f808788925,cmAPP:1705,cmAPP:1754,28639edc531a2e1a,-0.0345999999999998,-0.5663797855377197,0.0934,0.1336999999999999,
1,gnn_pair,3301,9f45bd9c2c0e94ba,cmAPP:1691,cmAPP:1736,1212da56aac7a198,-0.1439999999999999,-0.3373457789421081,0.1061999999999999,0.0778,
1,gnn_pair,3301,b994b3eb1c0af55d,cmAPP:1716,cmAPP:1761,28639edc531a2e1a,-0.4706,-0.162784993648529,0.0717,0.1341999999999999,
1,gnn_pair,3301,45289904b26c1459,cmAPP:1701,cmAPP:1746,28639edc531a2e1a,-0.2906999999999999,0.0347809493541717,0.01,0.1063,
1,gnn_pair,3301,f762503ebcc65c82,cmAPP:1714,cmAPP:1759,28639edc531a2e1a,-0.0854,-0.2824991345405578,0.0706,0.081,
1,gnn_pair,3301,e7cdd445b47734ce,cmAPP:1707,cmAPP:1756,8a110cbb1ec4bb37,-0.3610000000000001,-0.3642955422401428,0.0946,0.1015,
1,gnn_pair,3301,e284e40848b79caf,cmAPP:1625,cmAPP:1670,28639edc531a2e1a,0.1414999999999999,-0.054553747177124,0.0601,0.052,
1,gnn_pair,3301,421212f430fb6217,cmAPP:1591,cmAPP:1636,1212da56aac7a198,-0.0406,-0.3179933428764343,0.024,0.0765,
1,gnn_pair,3301,600169b9f0f80551,cmAPP:1615,cmAPP:1664,28639edc531a2e1a,0.0219999999999999,-0.5618022680282593,0.0715,0.0554,
1,gnn_pair,3301,409122d11d642bec,cmAPP:1601,cmAPP:1646,1212da56aac7a198,-0.4502,-0.3328914046287536,0.0212,0.3306,
1,gnn_pair,3301,fca0701bd3bac2f3,cmAPP:1626,cmAPP:1671,28639edc531a2e1a,-0.2828999999999999,-0.1585588455200195,0.1442999999999999,0.0999,
1,gnn_pair,3301,34038dbdd4553f7d,cmAPP:1611,cmAPP:1656,28639edc531a2e1a,-0.0142000000000001,0.0355457663536071,0.0373,0.048,
1,gnn_pair,3301,d17517694a996e9b,cmAPP:1624,cmAPP:1669,28639edc531a2e1a,-0.1991,-0.2797697186470032,0.0081999999999999,0.069,
1,gnn_pair,3301,a5c36e48fb124d82,cmAPP:1617,cmAPP:1666,8a110cbb1ec4bb37,-0.4502,-0.3603865802288055,0.1369,0.1871999999999999,
1,gnn_pair,3301,c805543d26a64bde,cmAPP:2075,cmAPP:2120,28639edc531a2e1a,-0.1186999999999999,-0.0580955147743225,0.09,0.1231,
1,gnn_pair,3301,fd2a262963837b7f,cmAPP:2041,cmAPP:2086,1212da56aac7a198,-0.1237,-0.3231096863746643,0.059,0.0151,
1,gnn_pair,3301,396bdc7f9386d193,cmAPP:2065,cmAPP:2114,28639edc531a2e1a,-0.2469000000000001,-0.5679851770401001,0.0611,0.1293,
1,gnn_pair,3301,fdbf57627003ba04,cmAPP:2051,cmAPP:2096,1212da56aac7a198,-0.2342,-0.3389078378677368,0.0968,0.0231,
1,gnn_pair,3301,96c1bc434b0cc0dd,cmAPP:2076,cmAPP:2121,28639edc531a2e1a,-0.3479000000000001,-0.1642670333385467,0.0617,0.1311999999999999,
1,gnn_pair,3301,849edfe135b4a285,cmAPP:2061,cmAPP:2106,28639edc531a2e1a,-0.3863000000000001,0.0345127284526824,0.0817,0.0831,
1,gnn_pair,3301,0f5070b79250194c,cmAPP:2074,cmAPP:2119,28639edc531a2e1a,-0.4248999999999999,-0.2834562063217163,0.0526,0.0729,
1,gnn_pair,3301,473de2be4f7d6584,cmAPP:2067,cmAPP:2116,8a110cbb1ec4bb37,-0.6101000000000001,-0.365666389465332,0.0615,0.3147,
1,gnn_pair,3301,675d15d359e354d5,cmAPP:1985,cmAPP:2030,28639edc531a2e1a,-0.0912,-0.0571759045124053,0.0105,0.0476999999999999,
1,gnn_pair,3301,7d9ac8b735ba4661,cmAPP:1951,cmAPP:1996,1212da56aac7a198,0.0370999999999999,-0.3217813372611999,0.0533,0.0337,
1,gnn_pair,3301,a15df525a6a379e5,cmAPP:1975,cmAPP:2024,28639edc531a2e1a,0.0304,-0.5663797855377197,0.0661,0.0528,
1,gnn_pair,3301,8ab99b4d0257f181,cmAPP:1961,cmAPP:2006,1212da56aac7a198,-0.0766000000000001,-0.3373457789421081,0.0401,0.0982,
1,gnn_pair,3301,f77d454e0640bee9,cmAPP:1986,cmAPP:2031,28639edc531a2e1a,-0.2584999999999999,-0.162784993648529,0.0272,0.0181,
1,gnn_pair,3301,4c96170b7a5e6348,cmAPP:1971,cmAPP:2016,28639edc531a2e1a,-0.1133999999999998,0.0347809493541717,0.0482,0.0404,
1,gnn_pair,3301,0ef70c3bf1ed6748,cmAPP:1984,cmAPP:2029,28639edc531a2e1a,-0.0726000000000001,-0.2824991345405578,0.0481,0.0899,
1,gnn_pair,3301,becdd89127e663db,cmAPP:1977,cmAPP:2026,8a110cbb1ec4bb37,-0.5430999999999999,-0.3642955422401428,0.0475999999999999,0.0624,
1,gnn_pair,3301,aa3134d53203d34e,cmAPP:1895,cmAPP:1940,28639edc531a2e1a,-0.0287999999999999,-0.054553747177124,0.0143,0.0521999999999999,
1,gnn_pair,3301,dd6c1c7202e5a255,cmAPP:1861,cmAPP:1906,1212da56aac7a198,-0.0120000000000001,-0.3179933428764343,0.0007,0.0051,
1,gnn_pair,3301,fb01500214324543,cmAPP:1885,cmAPP:1934,28639edc531a2e1a,-0.0014,-0.5618022680282593,0.0278,0.0077,
1,gnn_pair,3301,edbdac59a2065c45,cmAPP:1871,cmAPP:1916,1212da56aac7a198,-0.0113999999999999,-0.3328914046287536,0.0015,0.0121999999999999,
1,gnn_pair,3301,8cfd4f27b028eb77,cmAPP:1896,cmAPP:1941,28639edc531a2e1a,-0.242,-0.1585588455200195,0.0068,0.0691,
1,gnn_pair,3301,9b2d1052c5390363,cmAPP:1881,cmAPP:1926,28639edc531a2e1a,-0.0185,0.0355457663536071,0.0043,0.0105,
1,gnn_pair,3301,3cf75a1628ce2443,cmAPP:1894,cmAPP:1939,28639edc531a2e1a,-0.0734,-0.2797697186470032,0.0017,0.0179,
1,gnn_pair,3301,6e2a61766f596436,cmAPP:1887,cmAPP:1936,8a110cbb1ec4bb37,-0.4691000000000001,-0.3603865802288055,0.0074,0.0550999999999999,
1,nongraph_pair,1103,5b10002dc6e9b311,cmAPP:1805,cmAPP:1850,28639edc531a2e1a,0.3319,-0.3119138479232788,0.2754,0.0858,
1,nongraph_pair,1103,c8e8c0b442f5a1a1,cmAPP:1771,cmAPP:1816,1212da56aac7a198,-0.8776,-0.342852234840393,0.0475999999999999,0.087,
1,nongraph_pair,1103,8aa63b5c3ecd924d,cmAPP:1795,cmAPP:1844,28639edc531a2e1a,-0.5152,-0.346202939748764,0.2846,0.1987,
1,nongraph_pair,1103,d3de99befe559e4d,cmAPP:1781,cmAPP:1826,1212da56aac7a198,-0.2219,-0.3497130274772644,0.1041,0.2195,
1,nongraph_pair,1103,382a0a377b849c67,cmAPP:1806,cmAPP:1851,28639edc531a2e1a,0.2361,-0.2996220588684082,0.3618,0.3897,
1,nongraph_pair,1103,b5c2328a2c4ba021,cmAPP:1791,cmAPP:1836,28639edc531a2e1a,-1.0455,-0.2927402853965759,0.0306,0.2801,
1,nongraph_pair,1103,086646f70e89b7e8,cmAPP:1804,cmAPP:1849,28639edc531a2e1a,-0.6019,-0.3672219514846802,0.1164,0.5791,
1,nongraph_pair,1103,dff31405206d397b,cmAPP:1797,cmAPP:1846,8a110cbb1ec4bb37,-1.5217999999999998,-0.3149702548980713,0.1784,0.1663,
1,nongraph_pair,1103,0ee5a5f6520a7c7a,cmAPP:1715,cmAPP:1760,28639edc531a2e1a,-0.1749,-0.3119284510612488,0.0608,0.1155,
1,nongraph_pair,1103,5b8cb0fffb026635,cmAPP:1681,cmAPP:1726,1212da56aac7a198,0.0110999999999999,-0.3428888916969299,0.008,0.0649,
1,nongraph_pair,1103,97a210f808788925,cmAPP:1705,cmAPP:1754,28639edc531a2e1a,-0.0345999999999998,-0.3461701273918152,0.0934,0.1336999999999999,
1,nongraph_pair,1103,9f45bd9c2c0e94ba,cmAPP:1691,cmAPP:1736,1212da56aac7a198,-0.1439999999999999,-0.3495871424674988,0.1061999999999999,0.0778,
1,nongraph_pair,1103,b994b3eb1c0af55d,cmAPP:1716,cmAPP:1761,28639edc531a2e1a,-0.4706,-0.2996221482753753,0.0717,0.1341999999999999,
1,nongraph_pair,1103,45289904b26c1459,cmAPP:1701,cmAPP:1746,28639edc531a2e1a,-0.2906999999999999,-0.2927750945091247,0.01,0.1063,
1,nongraph_pair,1103,f762503ebcc65c82,cmAPP:1714,cmAPP:1759,28639edc531a2e1a,-0.0854,-0.3672422170639038,0.0706,0.081,
1,nongraph_pair,1103,e7cdd445b47734ce,cmAPP:1707,cmAPP:1756,8a110cbb1ec4bb37,-0.3610000000000001,-0.3148590326309204,0.0946,0.1015,
1,nongraph_pair,1103,e284e40848b79caf,cmAPP:1625,cmAPP:1670,28639edc531a2e1a,0.1414999999999999,-0.3119701743125915,0.0601,0.052,
1,nongraph_pair,1103,421212f430fb6217,cmAPP:1591,cmAPP:1636,1212da56aac7a198,-0.0406,-0.342993289232254,0.024,0.0765,
1,nongraph_pair,1103,600169b9f0f80551,cmAPP:1615,cmAPP:1664,28639edc531a2e1a,0.0219999999999999,-0.3460763692855835,0.0715,0.0554,
1,nongraph_pair,1103,409122d11d642bec,cmAPP:1601,cmAPP:1646,1212da56aac7a198,-0.4502,-0.3492282629013061,0.0212,0.3306,
1,nongraph_pair,1103,fca0701bd3bac2f3,cmAPP:1626,cmAPP:1671,28639edc531a2e1a,-0.2828999999999999,-0.299622118473053,0.1442999999999999,0.0999,
1,nongraph_pair,1103,34038dbdd4553f7d,cmAPP:1611,cmAPP:1656,28639edc531a2e1a,-0.0142000000000001,-0.2928746044635772,0.0373,0.048,
1,nongraph_pair,1103,d17517694a996e9b,cmAPP:1624,cmAPP:1669,28639edc531a2e1a,-0.1991,-0.3672999739646911,0.0081999999999999,0.069,
1,nongraph_pair,1103,a5c36e48fb124d82,cmAPP:1617,cmAPP:1666,8a110cbb1ec4bb37,-0.4502,-0.314541757106781,0.1369,0.1871999999999999,
1,nongraph_pair,1103,c805543d26a64bde,cmAPP:2075,cmAPP:2120,28639edc531a2e1a,-0.1186999999999999,-0.3119138479232788,0.09,0.1231,
1,nongraph_pair,1103,fd2a262963837b7f,cmAPP:2041,cmAPP:2086,1212da56aac7a198,-0.1237,-0.342852234840393,0.059,0.0151,
1,nongraph_pair,1103,396bdc7f9386d193,cmAPP:2065,cmAPP:2114,28639edc531a2e1a,-0.2469000000000001,-0.346202939748764,0.0611,0.1293,
1,nongraph_pair,1103,fdbf57627003ba04,cmAPP:2051,cmAPP:2096,1212da56aac7a198,-0.2342,-0.3497130274772644,0.0968,0.0231,
1,nongraph_pair,1103,96c1bc434b0cc0dd,cmAPP:2076,cmAPP:2121,28639edc531a2e1a,-0.3479000000000001,-0.2996220588684082,0.0617,0.1311999999999999,
1,nongraph_pair,1103,849edfe135b4a285,cmAPP:2061,cmAPP:2106,28639edc531a2e1a,-0.3863000000000001,-0.2927402853965759,0.0817,0.0831,
1,nongraph_pair,1103,0f5070b79250194c,cmAPP:2074,cmAPP:2119,28639edc531a2e1a,-0.4248999999999999,-0.3672219514846802,0.0526,0.0729,
1,nongraph_pair,1103,473de2be4f7d6584,cmAPP:2067,cmAPP:2116,8a110cbb1ec4bb37,-0.6101000000000001,-0.3149702548980713,0.0615,0.3147,
1,nongraph_pair,1103,675d15d359e354d5,cmAPP:1985,cmAPP:2030,28639edc531a2e1a,-0.0912,-0.3119284510612488,0.0105,0.0476999999999999,
1,nongraph_pair,1103,7d9ac8b735ba4661,cmAPP:1951,cmAPP:1996,1212da56aac7a198,0.0370999999999999,-0.3428888916969299,0.0533,0.0337,
1,nongraph_pair,1103,a15df525a6a379e5,cmAPP:1975,cmAPP:2024,28639edc531a2e1a,0.0304,-0.3461701273918152,0.0661,0.0528,
1,nongraph_pair,1103,8ab99b4d0257f181,cmAPP:1961,cmAPP:2006,1212da56aac7a198,-0.0766000000000001,-0.3495871424674988,0.0401,0.0982,
1,nongraph_pair,1103,f77d454e0640bee9,cmAPP:1986,cmAPP:2031,28639edc531a2e1a,-0.2584999999999999,-0.2996221482753753,0.0272,0.0181,
1,nongraph_pair,1103,4c96170b7a5e6348,cmAPP:1971,cmAPP:2016,28639edc531a2e1a,-0.1133999999999998,-0.2927750945091247,0.0482,0.0404,
1,nongraph_pair,1103,0ef70c3bf1ed6748,cmAPP:1984,cmAPP:2029,28639edc531a2e1a,-0.0726000000000001,-0.3672422170639038,0.0481,0.0899,
1,nongraph_pair,1103,becdd89127e663db,cmAPP:1977,cmAPP:2026,8a110cbb1ec4bb37,-0.5430999999999999,-0.3148590326309204,0.0475999999999999,0.0624,
1,nongraph_pair,1103,aa3134d53203d34e,cmAPP:1895,cmAPP:1940,28639edc531a2e1a,-0.0287999999999999,-0.3119701743125915,0.0143,0.0521999999999999,
1,nongraph_pair,1103,dd6c1c7202e5a255,cmAPP:1861,cmAPP:1906,1212da56aac7a198,-0.0120000000000001,-0.342993289232254,0.0007,0.0051,
1,nongraph_pair,1103,fb01500214324543,cmAPP:1885,cmAPP:1934,28639edc531a2e1a,-0.0014,-0.3460763692855835,0.0278,0.0077,
1,nongraph_pair,1103,edbdac59a2065c45,cmAPP:1871,cmAPP:1916,1212da56aac7a198,-0.0113999999999999,-0.3492282629013061,0.0015,0.0121999999999999,
1,nongraph_pair,1103,8cfd4f27b028eb77,cmAPP:1896,cmAPP:1941,28639edc531a2e1a,-0.242,-0.299622118473053,0.0068,0.0691,
1,nongraph_pair,1103,9b2d1052c5390363,cmAPP:1881,cmAPP:1926,28639edc531a2e1a,-0.0185,-0.2928746044635772,0.0043,0.0105,
1,nongraph_pair,1103,3cf75a1628ce2443,cmAPP:1894,cmAPP:1939,28639edc531a2e1a,-0.0734,-0.3672999739646911,0.0017,0.0179,
1,nongraph_pair,1103,6e2a61766f596436,cmAPP:1887,cmAPP:1936,8a110cbb1ec4bb37,-0.4691000000000001,-0.314541757106781,0.0074,0.0550999999999999,
1,nongraph_pair,2207,5b10002dc6e9b311,cmAPP:1805,cmAPP:1850,28639edc531a2e1a,0.3319,-0.1475987732410431,0.2754,0.0858,
1,nongraph_pair,2207,c8e8c0b442f5a1a1,cmAPP:1771,cmAPP:1816,1212da56aac7a198,-0.8776,-0.3814344406127929,0.0475999999999999,0.087,
1,nongraph_pair,2207,8aa63b5c3ecd924d,cmAPP:1795,cmAPP:1844,28639edc531a2e1a,-0.5152,-0.5084202289581299,0.2846,0.1987,
1,nongraph_pair,2207,d3de99befe559e4d,cmAPP:1781,cmAPP:1826,1212da56aac7a198,-0.2219,-0.2522309422492981,0.1041,0.2195,
1,nongraph_pair,2207,382a0a377b849c67,cmAPP:1806,cmAPP:1851,28639edc531a2e1a,0.2361,-0.0741723477840423,0.3618,0.3897,
1,nongraph_pair,2207,b5c2328a2c4ba021,cmAPP:1791,cmAPP:1836,28639edc531a2e1a,-1.0455,-0.0895050168037414,0.0306,0.2801,
1,nongraph_pair,2207,086646f70e89b7e8,cmAPP:1804,cmAPP:1849,28639edc531a2e1a,-0.6019,-0.3707824945449829,0.1164,0.5791,
1,nongraph_pair,2207,dff31405206d397b,cmAPP:1797,cmAPP:1846,8a110cbb1ec4bb37,-1.5217999999999998,-0.5555050373077393,0.1784,0.1663,
1,nongraph_pair,2207,0ee5a5f6520a7c7a,cmAPP:1715,cmAPP:1760,28639edc531a2e1a,-0.1749,-0.1469468474388122,0.0608,0.1155,
1,nongraph_pair,2207,5b8cb0fffb026635,cmAPP:1681,cmAPP:1726,1212da56aac7a198,0.0110999999999999,-0.3807872533798218,0.008,0.0649,
1,nongraph_pair,2207,97a210f808788925,cmAPP:1705,cmAPP:1754,28639edc531a2e1a,-0.0345999999999998,-0.5074601769447327,0.0934,0.1336999999999999,
1,nongraph_pair,2207,9f45bd9c2c0e94ba,cmAPP:1691,cmAPP:1736,1212da56aac7a198,-0.1439999999999999,-0.251555323600769,0.1061999999999999,0.0778,
1,nongraph_pair,2207,b994b3eb1c0af55d,cmAPP:1716,cmAPP:1761,28639edc531a2e1a,-0.4706,-0.0736124217510223,0.0717,0.1341999999999999,
1,nongraph_pair,2207,45289904b26c1459,cmAPP:1701,cmAPP:1746,28639edc531a2e1a,-0.2906999999999999,-0.0889005362987518,0.01,0.1063,
1,nongraph_pair,2207,f762503ebcc65c82,cmAPP:1714,cmAPP:1759,28639edc531a2e1a,-0.0854,-0.370271772146225,0.0706,0.081,
1,nongraph_pair,2207,e7cdd445b47734ce,cmAPP:1707,cmAPP:1756,8a110cbb1ec4bb37,-0.3610000000000001,-0.5541701912879944,0.0946,0.1015,
1,nongraph_pair,2207,e284e40848b79caf,cmAPP:1625,cmAPP:1670,28639edc531a2e1a,0.1414999999999999,-0.1452516019344329,0.0601,0.052,
1,nongraph_pair,2207,421212f430fb6217,cmAPP:1591,cmAPP:1636,1212da56aac7a198,-0.0406,-0.3789417743682861,0.024,0.0765,
1,nongraph_pair,2207,600169b9f0f80551,cmAPP:1615,cmAPP:1664,28639edc531a2e1a,0.0219999999999999,-0.5047223567962646,0.0715,0.0554,
1,nongraph_pair,2207,409122d11d642bec,cmAPP:1601,cmAPP:1646,1212da56aac7a198,-0.4502,-0.2496286034584045,0.0212,0.3306,
1,nongraph_pair,2207,fca0701bd3bac2f3,cmAPP:1626,cmAPP:1671,28639edc531a2e1a,-0.2828999999999999,-0.0720158219337463,0.1442999999999999,0.0999,
1,nongraph_pair,2207,34038dbdd4553f7d,cmAPP:1611,cmAPP:1656,28639edc531a2e1a,-0.0142000000000001,-0.0871769487857818,0.0373,0.048,
1,nongraph_pair,2207,d17517694a996e9b,cmAPP:1624,cmAPP:1669,28639edc531a2e1a,-0.1991,-0.368815541267395,0.0081999999999999,0.069,
1,nongraph_pair,2207,a5c36e48fb124d82,cmAPP:1617,cmAPP:1666,8a110cbb1ec4bb37,-0.4502,-0.5503637790679932,0.1369,0.1871999999999999,
1,nongraph_pair,2207,c805543d26a64bde,cmAPP:2075,cmAPP:2120,28639edc531a2e1a,-0.1186999999999999,-0.1475987732410431,0.09,0.1231,
1,nongraph_pair,2207,fd2a262963837b7f,cmAPP:2041,cmAPP:2086,1212da56aac7a198,-0.1237,-0.3814344406127929,0.059,0.0151,
1,nongraph_pair,2207,396bdc7f9386d193,cmAPP:2065,cmAPP:2114,28639edc531a2e1a,-0.2469000000000001,-0.5084202289581299,0.0611,0.1293,
1,nongraph_pair,2207,fdbf57627003ba04,cmAPP:2051,cmAPP:2096,1212da56aac7a198,-0.2342,-0.2522309422492981,0.0968,0.0231,
1,nongraph_pair,2207,96c1bc434b0cc0dd,cmAPP:2076,cmAPP:2121,28639edc531a2e1a,-0.3479000000000001,-0.0741723477840423,0.0617,0.1311999999999999,
1,nongraph_pair,2207,849edfe135b4a285,cmAPP:2061,cmAPP:2106,28639edc531a2e1a,-0.3863000000000001,-0.0895050168037414,0.0817,0.0831,
1,nongraph_pair,2207,0f5070b79250194c,cmAPP:2074,cmAPP:2119,28639edc531a2e1a,-0.4248999999999999,-0.3707824945449829,0.0526,0.0729,
1,nongraph_pair,2207,473de2be4f7d6584,cmAPP:2067,cmAPP:2116,8a110cbb1ec4bb37,-0.6101000000000001,-0.5555050373077393,0.0615,0.3147,
1,nongraph_pair,2207,675d15d359e354d5,cmAPP:1985,cmAPP:2030,28639edc531a2e1a,-0.0912,-0.1469468474388122,0.0105,0.0476999999999999,
1,nongraph_pair,2207,7d9ac8b735ba4661,cmAPP:1951,cmAPP:1996,1212da56aac7a198,0.0370999999999999,-0.3807872533798218,0.0533,0.0337,
1,nongraph_pair,2207,a15df525a6a379e5,cmAPP:1975,cmAPP:2024,28639edc531a2e1a,0.0304,-0.5074601769447327,0.0661,0.0528,
1,nongraph_pair,2207,8ab99b4d0257f181,cmAPP:1961,cmAPP:2006,1212da56aac7a198,-0.0766000000000001,-0.251555323600769,0.0401,0.0982,
1,nongraph_pair,2207,f77d454e0640bee9,cmAPP:1986,cmAPP:2031,28639edc531a2e1a,-0.2584999999999999,-0.0736124217510223,0.0272,0.0181,
1,nongraph_pair,2207,4c96170b7a5e6348,cmAPP:1971,cmAPP:2016,28639edc531a2e1a,-0.1133999999999998,-0.0889005362987518,0.0482,0.0404,
1,nongraph_pair,2207,0ef70c3bf1ed6748,cmAPP:1984,cmAPP:2029,28639edc531a2e1a,-0.0726000000000001,-0.370271772146225,0.0481,0.0899,
1,nongraph_pair,2207,becdd89127e663db,cmAPP:1977,cmAPP:2026,8a110cbb1ec4bb37,-0.5430999999999999,-0.5541701912879944,0.0475999999999999,0.0624,
1,nongraph_pair,2207,aa3134d53203d34e,cmAPP:1895,cmAPP:1940,28639edc531a2e1a,-0.0287999999999999,-0.1452516019344329,0.0143,0.0521999999999999,
1,nongraph_pair,2207,dd6c1c7202e5a255,cmAPP:1861,cmAPP:1906,1212da56aac7a198,-0.0120000000000001,-0.3789417743682861,0.0007,0.0051,
1,nongraph_pair,2207,fb01500214324543,cmAPP:1885,cmAPP:1934,28639edc531a2e1a,-0.0014,-0.5047223567962646,0.0278,0.0077,
1,nongraph_pair,2207,edbdac59a2065c45,cmAPP:1871,cmAPP:1916,1212da56aac7a198,-0.0113999999999999,-0.2496286034584045,0.0015,0.0121999999999999,
1,nongraph_pair,2207,8cfd4f27b028eb77,cmAPP:1896,cmAPP:1941,28639edc531a2e1a,-0.242,-0.0720158219337463,0.0068,0.0691,
1,nongraph_pair,2207,9b2d1052c5390363,cmAPP:1881,cmAPP:1926,28639edc531a2e1a,-0.0185,-0.0871769487857818,0.0043,0.0105,
1,nongraph_pair,2207,3cf75a1628ce2443,cmAPP:1894,cmAPP:1939,28639edc531a2e1a,-0.0734,-0.368815541267395,0.0017,0.0179,
1,nongraph_pair,2207,6e2a61766f596436,cmAPP:1887,cmAPP:1936,8a110cbb1ec4bb37,-0.4691000000000001,-0.5503637790679932,0.0074,0.0550999999999999,
1,nongraph_pair,3301,5b10002dc6e9b311,cmAPP:1805,cmAPP:1850,28639edc531a2e1a,0.3319,-0.1163917481899261,0.2754,0.0858,
1,nongraph_pair,3301,c8e8c0b442f5a1a1,cmAPP:1771,cmAPP:1816,1212da56aac7a198,-0.8776,-0.4290329813957214,0.0475999999999999,0.087,
1,nongraph_pair,3301,8aa63b5c3ecd924d,cmAPP:1795,cmAPP:1844,28639edc531a2e1a,-0.5152,-0.4686907529830932,0.2846,0.1987,
1,nongraph_pair,3301,d3de99befe559e4d,cmAPP:1781,cmAPP:1826,1212da56aac7a198,-0.2219,-0.357583224773407,0.1041,0.2195,
1,nongraph_pair,3301,382a0a377b849c67,cmAPP:1806,cmAPP:1851,28639edc531a2e1a,0.2361,-0.2285113334655761,0.3618,0.3897,
1,nongraph_pair,3301,b5c2328a2c4ba021,cmAPP:1791,cmAPP:1836,28639edc531a2e1a,-1.0455,-0.0947391092777252,0.0306,0.2801,
1,nongraph_pair,3301,086646f70e89b7e8,cmAPP:1804,cmAPP:1849,28639edc531a2e1a,-0.6019,-0.2904740869998932,0.1164,0.5791,
1,nongraph_pair,3301,dff31405206d397b,cmAPP:1797,cmAPP:1846,8a110cbb1ec4bb37,-1.5217999999999998,-0.4309358596801758,0.1784,0.1663,
1,nongraph_pair,3301,0ee5a5f6520a7c7a,cmAPP:1715,cmAPP:1760,28639edc531a2e1a,-0.1749,-0.1159547567367553,0.0608,0.1155,
1,nongraph_pair,3301,5b8cb0fffb026635,cmAPP:1681,cmAPP:1726,1212da56aac7a198,0.0110999999999999,-0.4278697073459625,0.008,0.0649,
1,nongraph_pair,3301,97a210f808788925,cmAPP:1705,cmAPP:1754,28639edc531a2e1a,-0.0345999999999998,-0.4674521684646606,0.0934,0.1336999999999999,
1,nongraph_pair,3301,9f45bd9c2c0e94ba,cmAPP:1691,cmAPP:1736,1212da56aac7a198,-0.1439999999999999,-0.3568033277988434,0.1061999999999999,0.0778,
1,nongraph_pair,3301,b994b3eb1c0af55d,cmAPP:1716,cmAPP:1761,28639edc531a2e1a,-0.4706,-0.227364033460617,0.0717,0.1341999999999999,
1,nongraph_pair,3301,45289904b26c1459,cmAPP:1701,cmAPP:1746,28639edc531a2e1a,-0.2906999999999999,-0.0945416688919067,0.01,0.1063,
1,nongraph_pair,3301,f762503ebcc65c82,cmAPP:1714,cmAPP:1759,28639edc531a2e1a,-0.0854,-0.2898850739002228,0.0706,0.081,
1,nongraph_pair,3301,e7cdd445b47734ce,cmAPP:1707,cmAPP:1756,8a110cbb1ec4bb37,-0.3610000000000001,-0.4297300577163696,0.0946,0.1015,
1,nongraph_pair,3301,e284e40848b79caf,cmAPP:1625,cmAPP:1670,28639edc531a2e1a,0.1414999999999999,-0.1147086024284362,0.0601,0.052,
1,nongraph_pair,3301,421212f430fb6217,cmAPP:1591,cmAPP:1636,1212da56aac7a198,-0.0406,-0.4245528876781463,0.024,0.0765,
1,nongraph_pair,3301,600169b9f0f80551,cmAPP:1615,cmAPP:1664,28639edc531a2e1a,0.0219999999999999,-0.4639203250408172,0.0715,0.0554,
1,nongraph_pair,3301,409122d11d642bec,cmAPP:1601,cmAPP:1646,1212da56aac7a198,-0.4502,-0.3545794785022735,0.0212,0.3306,
1,nongraph_pair,3301,fca0701bd3bac2f3,cmAPP:1626,cmAPP:1671,28639edc531a2e1a,-0.2828999999999999,-0.2240925133228302,0.1442999999999999,0.0999,
1,nongraph_pair,3301,34038dbdd4553f7d,cmAPP:1611,cmAPP:1656,28639edc531a2e1a,-0.0142000000000001,-0.0939786732196807,0.0373,0.048,
1,nongraph_pair,3301,d17517694a996e9b,cmAPP:1624,cmAPP:1669,28639edc531a2e1a,-0.1991,-0.2882053554058075,0.0081999999999999,0.069,
1,nongraph_pair,3301,a5c36e48fb124d82,cmAPP:1617,cmAPP:1666,8a110cbb1ec4bb37,-0.4502,-0.4260727763175964,0.1369,0.1871999999999999,
1,nongraph_pair,3301,c805543d26a64bde,cmAPP:2075,cmAPP:2120,28639edc531a2e1a,-0.1186999999999999,-0.1163917481899261,0.09,0.1231,
1,nongraph_pair,3301,fd2a262963837b7f,cmAPP:2041,cmAPP:2086,1212da56aac7a198,-0.1237,-0.4290329813957214,0.059,0.0151,
1,nongraph_pair,3301,396bdc7f9386d193,cmAPP:2065,cmAPP:2114,28639edc531a2e1a,-0.2469000000000001,-0.4686907529830932,0.0611,0.1293,
1,nongraph_pair,3301,fdbf57627003ba04,cmAPP:2051,cmAPP:2096,1212da56aac7a198,-0.2342,-0.357583224773407,0.0968,0.0231,
1,nongraph_pair,3301,96c1bc434b0cc0dd,cmAPP:2076,cmAPP:2121,28639edc531a2e1a,-0.3479000000000001,-0.2285113334655761,0.0617,0.1311999999999999,
1,nongraph_pair,3301,849edfe135b4a285,cmAPP:2061,cmAPP:2106,28639edc531a2e1a,-0.3863000000000001,-0.0947391092777252,0.0817,0.0831,
1,nongraph_pair,3301,0f5070b79250194c,cmAPP:2074,cmAPP:2119,28639edc531a2e1a,-0.4248999999999999,-0.2904740869998932,0.0526,0.0729,
1,nongraph_pair,3301,473de2be4f7d6584,cmAPP:2067,cmAPP:2116,8a110cbb1ec4bb37,-0.6101000000000001,-0.4309358596801758,0.0615,0.3147,
1,nongraph_pair,3301,675d15d359e354d5,cmAPP:1985,cmAPP:2030,28639edc531a2e1a,-0.0912,-0.1159547567367553,0.0105,0.0476999999999999,
1,nongraph_pair,3301,7d9ac8b735ba4661,cmAPP:1951,cmAPP:1996,1212da56aac7a198,0.0370999999999999,-0.4278697073459625,0.0533,0.0337,
1,nongraph_pair,3301,a15df525a6a379e5,cmAPP:1975,cmAPP:2024,28639edc531a2e1a,0.0304,-0.4674521684646606,0.0661,0.0528,
1,nongraph_pair,3301,8ab99b4d0257f181,cmAPP:1961,cmAPP:2006,1212da56aac7a198,-0.0766000000000001,-0.3568033277988434,0.0401,0.0982,
1,nongraph_pair,3301,f77d454e0640bee9,cmAPP:1986,cmAPP:2031,28639edc531a2e1a,-0.2584999999999999,-0.227364033460617,0.0272,0.0181,
1,nongraph_pair,3301,4c96170b7a5e6348,cmAPP:1971,cmAPP:2016,28639edc531a2e1a,-0.1133999999999998,-0.0945416688919067,0.0482,0.0404,
1,nongraph_pair,3301,0ef70c3bf1ed6748,cmAPP:1984,cmAPP:2029,28639edc531a2e1a,-0.0726000000000001,-0.2898850739002228,0.0481,0.0899,
1,nongraph_pair,3301,becdd89127e663db,cmAPP:1977,cmAPP:2026,8a110cbb1ec4bb37,-0.5430999999999999,-0.4297300577163696,0.0475999999999999,0.0624,
1,nongraph_pair,3301,aa3134d53203d34e,cmAPP:1895,cmAPP:1940,28639edc531a2e1a,-0.0287999999999999,-0.1147086024284362,0.0143,0.0521999999999999,
1,nongraph_pair,3301,dd6c1c7202e5a255,cmAPP:1861,cmAPP:1906,1212da56aac7a198,-0.0120000000000001,-0.4245528876781463,0.0007,0.0051,
1,nongraph_pair,3301,fb01500214324543,cmAPP:1885,cmAPP:1934,28639edc531a2e1a,-0.0014,-0.4639203250408172,0.0278,0.0077,
1,nongraph_pair,3301,edbdac59a2065c45,cmAPP:1871,cmAPP:1916,1212da56aac7a198,-0.0113999999999999,-0.3545794785022735,0.0015,0.0121999999999999,
1,nongraph_pair,3301,8cfd4f27b028eb77,cmAPP:1896,cmAPP:1941,28639edc531a2e1a,-0.242,-0.2240925133228302,0.0068,0.0691,
1,nongraph_pair,3301,9b2d1052c5390363,cmAPP:1881,cmAPP:1926,28639edc531a2e1a,-0.0185,-0.0939786732196807,0.0043,0.0105,
1,nongraph_pair,3301,3cf75a1628ce2443,cmAPP:1894,cmAPP:1939,28639edc531a2e1a,-0.0734,-0.2882053554058075,0.0017,0.0179,
1,nongraph_pair,3301,6e2a61766f596436,cmAPP:1887,cmAPP:1936,8a110cbb1ec4bb37,-0.4691000000000001,-0.4260727763175964,0.0074,0.0550999999999999,
2,zero,0,93389904f33e7718,cmAPP:1770,cmAPP:1815,151435cc8a45853a,-1.6145,0.0,0.0704,0.1384999999999999,
2,zero,0,e24b7d2aa22bb55c,cmAPP:1775,cmAPP:1821,2c34ab854a6ad95b,-0.9341,0.0,0.0596,0.3439,
2,zero,0,c5b8e137a303cb45,cmAPP:1773,cmAPP:1818,151435cc8a45853a,-0.0211,0.0,0.0848,0.1288,
2,zero,0,ac1b30806815ea4e,cmAPP:1787,cmAPP:1832,2c34ab854a6ad95b,-0.8095999999999999,0.0,0.1321,0.4403,
2,zero,0,b6967a59b842adff,cmAPP:1784,cmAPP:1829,9620aee947fd49ea,-2.8806,0.0,0.1178999999999999,0.5047999999999999,
2,zero,0,6ca5840cef4726ff,cmAPP:1807,cmAPP:1852,2c34ab854a6ad95b,0.1781,0.0,0.1475,0.1971,
2,zero,0,a1cbdd76747c5064,cmAPP:1776,cmAPP:1822,2c34ab854a6ad95b,-0.6519000000000001,0.0,0.0775,0.1712,
2,zero,0,50548dbd9fb26ec9,cmAPP:1792,cmAPP:1837,2c34ab854a6ad95b,-0.3258999999999999,0.0,0.3096,0.0693,
2,zero,0,66ba2338161aed27,cmAPP:1680,cmAPP:1725,151435cc8a45853a,-0.1281999999999998,0.0,0.026,0.0135,
2,zero,0,a85eb0b11202f59e,cmAPP:1685,cmAPP:1731,2c34ab854a6ad95b,-0.0718999999999999,0.0,0.0286,0.0496,
2,zero,0,c09f8ea736c8479d,cmAPP:1683,cmAPP:1728,151435cc8a45853a,-0.0143999999999999,0.0,0.0364,0.0256,
2,zero,0,63008ff058569c96,cmAPP:1697,cmAPP:1742,2c34ab854a6ad95b,0.0057000000000001,0.0,0.0626999999999999,0.1005,
2,zero,0,7a921af808b2dfa6,cmAPP:1694,cmAPP:1739,9620aee947fd49ea,-0.5276000000000001,0.0,0.0654,0.0993999999999999,
2,zero,0,a15328e82188e58f,cmAPP:1717,cmAPP:1762,2c34ab854a6ad95b,-0.1387999999999999,0.0,0.0291,0.0843,
2,zero,0,70da5f6f47632dfe,cmAPP:1686,cmAPP:1732,2c34ab854a6ad95b,0.0151000000000001,0.0,0.0491,0.027,
2,zero,0,fd3f38efafcec3ac,cmAPP:1702,cmAPP:1747,2c34ab854a6ad95b,-0.0348999999999999,0.0,0.0555,0.046,
2,zero,0,0eed2d75f2cde72d,cmAPP:1590,cmAPP:1635,151435cc8a45853a,-0.4034,0.0,0.0241,0.0295,
2,zero,0,1a6c9baac85f3629,cmAPP:1595,cmAPP:1641,2c34ab854a6ad95b,-0.2018999999999999,0.0,0.0129,0.0771,
2,zero,0,76e24e5164a31a01,cmAPP:1593,cmAPP:1638,151435cc8a45853a,-0.2168999999999999,0.0,0.0283999999999999,0.0443,
2,zero,0,7ad1ff1601478950,cmAPP:1607,cmAPP:1652,2c34ab854a6ad95b,0.0006999999999999,0.0,0.0691,0.0260999999999999,
2,zero,0,d69a2449a6634854,cmAPP:1604,cmAPP:1649,9620aee947fd49ea,-1.4533999999999998,0.0,0.0613999999999999,0.5695,
2,zero,0,f3e88314b57e616d,cmAPP:1627,cmAPP:1672,2c34ab854a6ad95b,0.1450999999999999,0.0,0.075,0.0417,
2,zero,0,8ab257e2caab32a6,cmAPP:1596,cmAPP:1642,2c34ab854a6ad95b,-0.1690000000000001,0.0,0.0141,0.0283999999999999,
2,zero,0,134f453b89ce7319,cmAPP:1612,cmAPP:1657,2c34ab854a6ad95b,0.1809999999999999,0.0,0.0599,0.0075,
2,zero,0,6297178908babdb2,cmAPP:2040,cmAPP:2085,151435cc8a45853a,-0.2866999999999999,0.0,0.0592,0.0308,
2,zero,0,e07fbd2f23396c88,cmAPP:2045,cmAPP:2091,2c34ab854a6ad95b,-0.1192,0.0,0.0538,0.0915,
2,zero,0,ea69375d6e637f0b,cmAPP:2043,cmAPP:2088,151435cc8a45853a,-0.1327,0.0,0.0908,0.0266999999999999,
2,zero,0,51c13c0eaed60726,cmAPP:2057,cmAPP:2102,2c34ab854a6ad95b,0.1406999999999999,0.0,0.0353,0.0542,
2,zero,0,bfb561a0d6a8fc27,cmAPP:2054,cmAPP:2099,9620aee947fd49ea,-0.4963,0.0,0.0258,0.115,
2,zero,0,ff45b277fb60624e,cmAPP:2077,cmAPP:2122,2c34ab854a6ad95b,-0.1391,0.0,0.0673,0.1009,
2,zero,0,98341947aa56f870,cmAPP:2046,cmAPP:2092,2c34ab854a6ad95b,-0.1064999999999998,0.0,0.0504999999999999,0.0414,
2,zero,0,5fb5972af28fa281,cmAPP:2062,cmAPP:2107,2c34ab854a6ad95b,-0.118,0.0,0.1033,0.0511,
2,zero,0,8baebb96c0af3c90,cmAPP:1950,cmAPP:1995,151435cc8a45853a,-0.0972,0.0,0.0243,0.0365,
2,zero,0,c55d3bcca2d2a449,cmAPP:1955,cmAPP:2001,2c34ab854a6ad95b,0.0237,0.0,0.0421,0.0274,
2,zero,0,ef7b3a1b137a6db8,cmAPP:1953,cmAPP:1998,151435cc8a45853a,-0.0221999999999999,0.0,0.0733,0.0483,
2,zero,0,98f93e5fbbd41ec8,cmAPP:1967,cmAPP:2012,2c34ab854a6ad95b,0.1092999999999999,0.0,0.0698,0.0123,
2,zero,0,de9de367cfd0516a,cmAPP:1964,cmAPP:2009,9620aee947fd49ea,-0.6374,0.0,0.0904,0.1176,
2,zero,0,c78c802f0ed94739,cmAPP:1987,cmAPP:2032,2c34ab854a6ad95b,-0.0394000000000001,0.0,0.0444,0.0312,
2,zero,0,4aba9407294ef0a7,cmAPP:1956,cmAPP:2002,2c34ab854a6ad95b,0.0110999999999999,0.0,0.045,0.0151,
2,zero,0,29266f87dbea9446,cmAPP:1972,cmAPP:2017,2c34ab854a6ad95b,-0.0115999999999999,0.0,0.0276,0.0372,
2,zero,0,eb05d8fd23cb21a3,cmAPP:1860,cmAPP:1905,151435cc8a45853a,-0.1052999999999999,0.0,0.0024,0.021,
2,zero,0,db6359943b17ecc7,cmAPP:1865,cmAPP:1911,2c34ab854a6ad95b,-0.0193,0.0,0.0095,0.0076,
2,zero,0,4e91bc478f4a4aaa,cmAPP:1863,cmAPP:1908,151435cc8a45853a,-0.0065999999999999,0.0,0.0008,0.0070999999999999,
2,zero,0,db76931262b18262,cmAPP:1877,cmAPP:1922,2c34ab854a6ad95b,-0.0225999999999998,0.0,0.0347,0.0526,
2,zero,0,c748ab46e40eb3c6,cmAPP:1874,cmAPP:1919,9620aee947fd49ea,-0.7228,0.0,0.0068,0.2271999999999999,
2,zero,0,72fdff714d1fc08e,cmAPP:1897,cmAPP:1942,2c34ab854a6ad95b,-0.0698999999999999,0.0,0.019,0.037,
2,zero,0,a4c4b94f50336897,cmAPP:1866,cmAPP:1912,2c34ab854a6ad95b,-0.0341999999999999,0.0,0.0053,0.0118999999999999,
2,zero,0,46898ba7d044be9b,cmAPP:1882,cmAPP:1927,2c34ab854a6ad95b,0.0007,0.0,0.0242,0.0287,
2,training_mean,0,93389904f33e7718,cmAPP:1770,cmAPP:1815,151435cc8a45853a,-1.6145,-0.2288282550724779,0.0704,0.1384999999999999,
2,training_mean,0,e24b7d2aa22bb55c,cmAPP:1775,cmAPP:1821,2c34ab854a6ad95b,-0.9341,-0.2288282550724779,0.0596,0.3439,
2,training_mean,0,c5b8e137a303cb45,cmAPP:1773,cmAPP:1818,151435cc8a45853a,-0.0211,-0.2288282550724779,0.0848,0.1288,
2,training_mean,0,ac1b30806815ea4e,cmAPP:1787,cmAPP:1832,2c34ab854a6ad95b,-0.8095999999999999,-0.2288282550724779,0.1321,0.4403,
2,training_mean,0,b6967a59b842adff,cmAPP:1784,cmAPP:1829,9620aee947fd49ea,-2.8806,-0.2288282550724779,0.1178999999999999,0.5047999999999999,
2,training_mean,0,6ca5840cef4726ff,cmAPP:1807,cmAPP:1852,2c34ab854a6ad95b,0.1781,-0.2288282550724779,0.1475,0.1971,
2,training_mean,0,a1cbdd76747c5064,cmAPP:1776,cmAPP:1822,2c34ab854a6ad95b,-0.6519000000000001,-0.2288282550724779,0.0775,0.1712,
2,training_mean,0,50548dbd9fb26ec9,cmAPP:1792,cmAPP:1837,2c34ab854a6ad95b,-0.3258999999999999,-0.2288282550724779,0.3096,0.0693,
2,training_mean,0,66ba2338161aed27,cmAPP:1680,cmAPP:1725,151435cc8a45853a,-0.1281999999999998,-0.2288282550724779,0.026,0.0135,
2,training_mean,0,a85eb0b11202f59e,cmAPP:1685,cmAPP:1731,2c34ab854a6ad95b,-0.0718999999999999,-0.2288282550724779,0.0286,0.0496,
2,training_mean,0,c09f8ea736c8479d,cmAPP:1683,cmAPP:1728,151435cc8a45853a,-0.0143999999999999,-0.2288282550724779,0.0364,0.0256,
2,training_mean,0,63008ff058569c96,cmAPP:1697,cmAPP:1742,2c34ab854a6ad95b,0.0057000000000001,-0.2288282550724779,0.0626999999999999,0.1005,
2,training_mean,0,7a921af808b2dfa6,cmAPP:1694,cmAPP:1739,9620aee947fd49ea,-0.5276000000000001,-0.2288282550724779,0.0654,0.0993999999999999,
2,training_mean,0,a15328e82188e58f,cmAPP:1717,cmAPP:1762,2c34ab854a6ad95b,-0.1387999999999999,-0.2288282550724779,0.0291,0.0843,
2,training_mean,0,70da5f6f47632dfe,cmAPP:1686,cmAPP:1732,2c34ab854a6ad95b,0.0151000000000001,-0.2288282550724779,0.0491,0.027,
2,training_mean,0,fd3f38efafcec3ac,cmAPP:1702,cmAPP:1747,2c34ab854a6ad95b,-0.0348999999999999,-0.2288282550724779,0.0555,0.046,
2,training_mean,0,0eed2d75f2cde72d,cmAPP:1590,cmAPP:1635,151435cc8a45853a,-0.4034,-0.2288282550724779,0.0241,0.0295,
2,training_mean,0,1a6c9baac85f3629,cmAPP:1595,cmAPP:1641,2c34ab854a6ad95b,-0.2018999999999999,-0.2288282550724779,0.0129,0.0771,
2,training_mean,0,76e24e5164a31a01,cmAPP:1593,cmAPP:1638,151435cc8a45853a,-0.2168999999999999,-0.2288282550724779,0.0283999999999999,0.0443,
2,training_mean,0,7ad1ff1601478950,cmAPP:1607,cmAPP:1652,2c34ab854a6ad95b,0.0006999999999999,-0.2288282550724779,0.0691,0.0260999999999999,
2,training_mean,0,d69a2449a6634854,cmAPP:1604,cmAPP:1649,9620aee947fd49ea,-1.4533999999999998,-0.2288282550724779,0.0613999999999999,0.5695,
2,training_mean,0,f3e88314b57e616d,cmAPP:1627,cmAPP:1672,2c34ab854a6ad95b,0.1450999999999999,-0.2288282550724779,0.075,0.0417,
2,training_mean,0,8ab257e2caab32a6,cmAPP:1596,cmAPP:1642,2c34ab854a6ad95b,-0.1690000000000001,-0.2288282550724779,0.0141,0.0283999999999999,
2,training_mean,0,134f453b89ce7319,cmAPP:1612,cmAPP:1657,2c34ab854a6ad95b,0.1809999999999999,-0.2288282550724779,0.0599,0.0075,
2,training_mean,0,6297178908babdb2,cmAPP:2040,cmAPP:2085,151435cc8a45853a,-0.2866999999999999,-0.2288282550724779,0.0592,0.0308,
2,training_mean,0,e07fbd2f23396c88,cmAPP:2045,cmAPP:2091,2c34ab854a6ad95b,-0.1192,-0.2288282550724779,0.0538,0.0915,
2,training_mean,0,ea69375d6e637f0b,cmAPP:2043,cmAPP:2088,151435cc8a45853a,-0.1327,-0.2288282550724779,0.0908,0.0266999999999999,
2,training_mean,0,51c13c0eaed60726,cmAPP:2057,cmAPP:2102,2c34ab854a6ad95b,0.1406999999999999,-0.2288282550724779,0.0353,0.0542,
2,training_mean,0,bfb561a0d6a8fc27,cmAPP:2054,cmAPP:2099,9620aee947fd49ea,-0.4963,-0.2288282550724779,0.0258,0.115,
2,training_mean,0,ff45b277fb60624e,cmAPP:2077,cmAPP:2122,2c34ab854a6ad95b,-0.1391,-0.2288282550724779,0.0673,0.1009,
2,training_mean,0,98341947aa56f870,cmAPP:2046,cmAPP:2092,2c34ab854a6ad95b,-0.1064999999999998,-0.2288282550724779,0.0504999999999999,0.0414,
2,training_mean,0,5fb5972af28fa281,cmAPP:2062,cmAPP:2107,2c34ab854a6ad95b,-0.118,-0.2288282550724779,0.1033,0.0511,
2,training_mean,0,8baebb96c0af3c90,cmAPP:1950,cmAPP:1995,151435cc8a45853a,-0.0972,-0.2288282550724779,0.0243,0.0365,
2,training_mean,0,c55d3bcca2d2a449,cmAPP:1955,cmAPP:2001,2c34ab854a6ad95b,0.0237,-0.2288282550724779,0.0421,0.0274,
2,training_mean,0,ef7b3a1b137a6db8,cmAPP:1953,cmAPP:1998,151435cc8a45853a,-0.0221999999999999,-0.2288282550724779,0.0733,0.0483,
2,training_mean,0,98f93e5fbbd41ec8,cmAPP:1967,cmAPP:2012,2c34ab854a6ad95b,0.1092999999999999,-0.2288282550724779,0.0698,0.0123,
2,training_mean,0,de9de367cfd0516a,cmAPP:1964,cmAPP:2009,9620aee947fd49ea,-0.6374,-0.2288282550724779,0.0904,0.1176,
2,training_mean,0,c78c802f0ed94739,cmAPP:1987,cmAPP:2032,2c34ab854a6ad95b,-0.0394000000000001,-0.2288282550724779,0.0444,0.0312,
2,training_mean,0,4aba9407294ef0a7,cmAPP:1956,cmAPP:2002,2c34ab854a6ad95b,0.0110999999999999,-0.2288282550724779,0.045,0.0151,
2,training_mean,0,29266f87dbea9446,cmAPP:1972,cmAPP:2017,2c34ab854a6ad95b,-0.0115999999999999,-0.2288282550724779,0.0276,0.0372,
2,training_mean,0,eb05d8fd23cb21a3,cmAPP:1860,cmAPP:1905,151435cc8a45853a,-0.1052999999999999,-0.2288282550724779,0.0024,0.021,
2,training_mean,0,db6359943b17ecc7,cmAPP:1865,cmAPP:1911,2c34ab854a6ad95b,-0.0193,-0.2288282550724779,0.0095,0.0076,
2,training_mean,0,4e91bc478f4a4aaa,cmAPP:1863,cmAPP:1908,151435cc8a45853a,-0.0065999999999999,-0.2288282550724779,0.0008,0.0070999999999999,
2,training_mean,0,db76931262b18262,cmAPP:1877,cmAPP:1922,2c34ab854a6ad95b,-0.0225999999999998,-0.2288282550724779,0.0347,0.0526,
2,training_mean,0,c748ab46e40eb3c6,cmAPP:1874,cmAPP:1919,9620aee947fd49ea,-0.7228,-0.2288282550724779,0.0068,0.2271999999999999,
2,training_mean,0,72fdff714d1fc08e,cmAPP:1897,cmAPP:1942,2c34ab854a6ad95b,-0.0698999999999999,-0.2288282550724779,0.019,0.037,
2,training_mean,0,a4c4b94f50336897,cmAPP:1866,cmAPP:1912,2c34ab854a6ad95b,-0.0341999999999999,-0.2288282550724779,0.0053,0.0118999999999999,
2,training_mean,0,46898ba7d044be9b,cmAPP:1882,cmAPP:1927,2c34ab854a6ad95b,0.0007,-0.2288282550724779,0.0242,0.0287,
2,training_majority,0,93389904f33e7718,cmAPP:1770,cmAPP:1815,151435cc8a45853a,-1.6145,-1.0,0.0704,0.1384999999999999,
2,training_majority,0,e24b7d2aa22bb55c,cmAPP:1775,cmAPP:1821,2c34ab854a6ad95b,-0.9341,-1.0,0.0596,0.3439,
2,training_majority,0,c5b8e137a303cb45,cmAPP:1773,cmAPP:1818,151435cc8a45853a,-0.0211,-1.0,0.0848,0.1288,
2,training_majority,0,ac1b30806815ea4e,cmAPP:1787,cmAPP:1832,2c34ab854a6ad95b,-0.8095999999999999,-1.0,0.1321,0.4403,
2,training_majority,0,b6967a59b842adff,cmAPP:1784,cmAPP:1829,9620aee947fd49ea,-2.8806,-1.0,0.1178999999999999,0.5047999999999999,
2,training_majority,0,6ca5840cef4726ff,cmAPP:1807,cmAPP:1852,2c34ab854a6ad95b,0.1781,-1.0,0.1475,0.1971,
2,training_majority,0,a1cbdd76747c5064,cmAPP:1776,cmAPP:1822,2c34ab854a6ad95b,-0.6519000000000001,-1.0,0.0775,0.1712,
2,training_majority,0,50548dbd9fb26ec9,cmAPP:1792,cmAPP:1837,2c34ab854a6ad95b,-0.3258999999999999,-1.0,0.3096,0.0693,
2,training_majority,0,66ba2338161aed27,cmAPP:1680,cmAPP:1725,151435cc8a45853a,-0.1281999999999998,-1.0,0.026,0.0135,
2,training_majority,0,a85eb0b11202f59e,cmAPP:1685,cmAPP:1731,2c34ab854a6ad95b,-0.0718999999999999,-1.0,0.0286,0.0496,
2,training_majority,0,c09f8ea736c8479d,cmAPP:1683,cmAPP:1728,151435cc8a45853a,-0.0143999999999999,-1.0,0.0364,0.0256,
2,training_majority,0,63008ff058569c96,cmAPP:1697,cmAPP:1742,2c34ab854a6ad95b,0.0057000000000001,-1.0,0.0626999999999999,0.1005,
2,training_majority,0,7a921af808b2dfa6,cmAPP:1694,cmAPP:1739,9620aee947fd49ea,-0.5276000000000001,-1.0,0.0654,0.0993999999999999,
2,training_majority,0,a15328e82188e58f,cmAPP:1717,cmAPP:1762,2c34ab854a6ad95b,-0.1387999999999999,-1.0,0.0291,0.0843,
2,training_majority,0,70da5f6f47632dfe,cmAPP:1686,cmAPP:1732,2c34ab854a6ad95b,0.0151000000000001,-1.0,0.0491,0.027,
2,training_majority,0,fd3f38efafcec3ac,cmAPP:1702,cmAPP:1747,2c34ab854a6ad95b,-0.0348999999999999,-1.0,0.0555,0.046,
2,training_majority,0,0eed2d75f2cde72d,cmAPP:1590,cmAPP:1635,151435cc8a45853a,-0.4034,-1.0,0.0241,0.0295,
2,training_majority,0,1a6c9baac85f3629,cmAPP:1595,cmAPP:1641,2c34ab854a6ad95b,-0.2018999999999999,-1.0,0.0129,0.0771,
2,training_majority,0,76e24e5164a31a01,cmAPP:1593,cmAPP:1638,151435cc8a45853a,-0.2168999999999999,-1.0,0.0283999999999999,0.0443,
2,training_majority,0,7ad1ff1601478950,cmAPP:1607,cmAPP:1652,2c34ab854a6ad95b,0.0006999999999999,-1.0,0.0691,0.0260999999999999,
2,training_majority,0,d69a2449a6634854,cmAPP:1604,cmAPP:1649,9620aee947fd49ea,-1.4533999999999998,-1.0,0.0613999999999999,0.5695,
2,training_majority,0,f3e88314b57e616d,cmAPP:1627,cmAPP:1672,2c34ab854a6ad95b,0.1450999999999999,-1.0,0.075,0.0417,
2,training_majority,0,8ab257e2caab32a6,cmAPP:1596,cmAPP:1642,2c34ab854a6ad95b,-0.1690000000000001,-1.0,0.0141,0.0283999999999999,
2,training_majority,0,134f453b89ce7319,cmAPP:1612,cmAPP:1657,2c34ab854a6ad95b,0.1809999999999999,-1.0,0.0599,0.0075,
2,training_majority,0,6297178908babdb2,cmAPP:2040,cmAPP:2085,151435cc8a45853a,-0.2866999999999999,-1.0,0.0592,0.0308,
2,training_majority,0,e07fbd2f23396c88,cmAPP:2045,cmAPP:2091,2c34ab854a6ad95b,-0.1192,-1.0,0.0538,0.0915,
2,training_majority,0,ea69375d6e637f0b,cmAPP:2043,cmAPP:2088,151435cc8a45853a,-0.1327,-1.0,0.0908,0.0266999999999999,
2,training_majority,0,51c13c0eaed60726,cmAPP:2057,cmAPP:2102,2c34ab854a6ad95b,0.1406999999999999,-1.0,0.0353,0.0542,
2,training_majority,0,bfb561a0d6a8fc27,cmAPP:2054,cmAPP:2099,9620aee947fd49ea,-0.4963,-1.0,0.0258,0.115,
2,training_majority,0,ff45b277fb60624e,cmAPP:2077,cmAPP:2122,2c34ab854a6ad95b,-0.1391,-1.0,0.0673,0.1009,
2,training_majority,0,98341947aa56f870,cmAPP:2046,cmAPP:2092,2c34ab854a6ad95b,-0.1064999999999998,-1.0,0.0504999999999999,0.0414,
2,training_majority,0,5fb5972af28fa281,cmAPP:2062,cmAPP:2107,2c34ab854a6ad95b,-0.118,-1.0,0.1033,0.0511,
2,training_majority,0,8baebb96c0af3c90,cmAPP:1950,cmAPP:1995,151435cc8a45853a,-0.0972,-1.0,0.0243,0.0365,
2,training_majority,0,c55d3bcca2d2a449,cmAPP:1955,cmAPP:2001,2c34ab854a6ad95b,0.0237,-1.0,0.0421,0.0274,
2,training_majority,0,ef7b3a1b137a6db8,cmAPP:1953,cmAPP:1998,151435cc8a45853a,-0.0221999999999999,-1.0,0.0733,0.0483,
2,training_majority,0,98f93e5fbbd41ec8,cmAPP:1967,cmAPP:2012,2c34ab854a6ad95b,0.1092999999999999,-1.0,0.0698,0.0123,
2,training_majority,0,de9de367cfd0516a,cmAPP:1964,cmAPP:2009,9620aee947fd49ea,-0.6374,-1.0,0.0904,0.1176,
2,training_majority,0,c78c802f0ed94739,cmAPP:1987,cmAPP:2032,2c34ab854a6ad95b,-0.0394000000000001,-1.0,0.0444,0.0312,
2,training_majority,0,4aba9407294ef0a7,cmAPP:1956,cmAPP:2002,2c34ab854a6ad95b,0.0110999999999999,-1.0,0.045,0.0151,
2,training_majority,0,29266f87dbea9446,cmAPP:1972,cmAPP:2017,2c34ab854a6ad95b,-0.0115999999999999,-1.0,0.0276,0.0372,
2,training_majority,0,eb05d8fd23cb21a3,cmAPP:1860,cmAPP:1905,151435cc8a45853a,-0.1052999999999999,-1.0,0.0024,0.021,
2,training_majority,0,db6359943b17ecc7,cmAPP:1865,cmAPP:1911,2c34ab854a6ad95b,-0.0193,-1.0,0.0095,0.0076,
2,training_majority,0,4e91bc478f4a4aaa,cmAPP:1863,cmAPP:1908,151435cc8a45853a,-0.0065999999999999,-1.0,0.0008,0.0070999999999999,
2,training_majority,0,db76931262b18262,cmAPP:1877,cmAPP:1922,2c34ab854a6ad95b,-0.0225999999999998,-1.0,0.0347,0.0526,
2,training_majority,0,c748ab46e40eb3c6,cmAPP:1874,cmAPP:1919,9620aee947fd49ea,-0.7228,-1.0,0.0068,0.2271999999999999,
2,training_majority,0,72fdff714d1fc08e,cmAPP:1897,cmAPP:1942,2c34ab854a6ad95b,-0.0698999999999999,-1.0,0.019,0.037,
2,training_majority,0,a4c4b94f50336897,cmAPP:1866,cmAPP:1912,2c34ab854a6ad95b,-0.0341999999999999,-1.0,0.0053,0.0118999999999999,
2,training_majority,0,46898ba7d044be9b,cmAPP:1882,cmAPP:1927,2c34ab854a6ad95b,0.0007,-1.0,0.0242,0.0287,
2,pair_ridge,0,93389904f33e7718,cmAPP:1770,cmAPP:1815,151435cc8a45853a,-1.6145,0.0170318186283111,0.0704,0.1384999999999999,
2,pair_ridge,0,e24b7d2aa22bb55c,cmAPP:1775,cmAPP:1821,2c34ab854a6ad95b,-0.9341,-0.1723828017711639,0.0596,0.3439,
2,pair_ridge,0,c5b8e137a303cb45,cmAPP:1773,cmAPP:1818,151435cc8a45853a,-0.0211,-0.007390946149826,0.0848,0.1288,
2,pair_ridge,0,ac1b30806815ea4e,cmAPP:1787,cmAPP:1832,2c34ab854a6ad95b,-0.8095999999999999,-0.1886330842971801,0.1321,0.4403,
2,pair_ridge,0,b6967a59b842adff,cmAPP:1784,cmAPP:1829,9620aee947fd49ea,-2.8806,-0.4259196519851684,0.1178999999999999,0.5047999999999999,
2,pair_ridge,0,6ca5840cef4726ff,cmAPP:1807,cmAPP:1852,2c34ab854a6ad95b,0.1781,-0.0187811851501464,0.1475,0.1971,
2,pair_ridge,0,a1cbdd76747c5064,cmAPP:1776,cmAPP:1822,2c34ab854a6ad95b,-0.6519000000000001,-0.2871488928794861,0.0775,0.1712,
2,pair_ridge,0,50548dbd9fb26ec9,cmAPP:1792,cmAPP:1837,2c34ab854a6ad95b,-0.3258999999999999,-0.2099188268184662,0.3096,0.0693,
2,pair_ridge,0,66ba2338161aed27,cmAPP:1680,cmAPP:1725,151435cc8a45853a,-0.1281999999999998,0.0170318186283111,0.026,0.0135,
2,pair_ridge,0,a85eb0b11202f59e,cmAPP:1685,cmAPP:1731,2c34ab854a6ad95b,-0.0718999999999999,-0.1723828017711639,0.0286,0.0496,
2,pair_ridge,0,c09f8ea736c8479d,cmAPP:1683,cmAPP:1728,151435cc8a45853a,-0.0143999999999999,-0.007390946149826,0.0364,0.0256,
2,pair_ridge,0,63008ff058569c96,cmAPP:1697,cmAPP:1742,2c34ab854a6ad95b,0.0057000000000001,-0.1886330842971801,0.0626999999999999,0.1005,
2,pair_ridge,0,7a921af808b2dfa6,cmAPP:1694,cmAPP:1739,9620aee947fd49ea,-0.5276000000000001,-0.4259196519851684,0.0654,0.0993999999999999,
2,pair_ridge,0,a15328e82188e58f,cmAPP:1717,cmAPP:1762,2c34ab854a6ad95b,-0.1387999999999999,-0.0187811851501464,0.0291,0.0843,
2,pair_ridge,0,70da5f6f47632dfe,cmAPP:1686,cmAPP:1732,2c34ab854a6ad95b,0.0151000000000001,-0.2871488928794861,0.0491,0.027,
2,pair_ridge,0,fd3f38efafcec3ac,cmAPP:1702,cmAPP:1747,2c34ab854a6ad95b,-0.0348999999999999,-0.2099188268184662,0.0555,0.046,
2,pair_ridge,0,0eed2d75f2cde72d,cmAPP:1590,cmAPP:1635,151435cc8a45853a,-0.4034,0.0170318186283111,0.0241,0.0295,
2,pair_ridge,0,1a6c9baac85f3629,cmAPP:1595,cmAPP:1641,2c34ab854a6ad95b,-0.2018999999999999,-0.1723828017711639,0.0129,0.0771,
2,pair_ridge,0,76e24e5164a31a01,cmAPP:1593,cmAPP:1638,151435cc8a45853a,-0.2168999999999999,-0.007390946149826,0.0283999999999999,0.0443,
2,pair_ridge,0,7ad1ff1601478950,cmAPP:1607,cmAPP:1652,2c34ab854a6ad95b,0.0006999999999999,-0.1886330842971801,0.0691,0.0260999999999999,
2,pair_ridge,0,d69a2449a6634854,cmAPP:1604,cmAPP:1649,9620aee947fd49ea,-1.4533999999999998,-0.4259196519851684,0.0613999999999999,0.5695,
2,pair_ridge,0,f3e88314b57e616d,cmAPP:1627,cmAPP:1672,2c34ab854a6ad95b,0.1450999999999999,-0.0187811851501464,0.075,0.0417,
2,pair_ridge,0,8ab257e2caab32a6,cmAPP:1596,cmAPP:1642,2c34ab854a6ad95b,-0.1690000000000001,-0.2871488928794861,0.0141,0.0283999999999999,
2,pair_ridge,0,134f453b89ce7319,cmAPP:1612,cmAPP:1657,2c34ab854a6ad95b,0.1809999999999999,-0.2099188268184662,0.0599,0.0075,
2,pair_ridge,0,6297178908babdb2,cmAPP:2040,cmAPP:2085,151435cc8a45853a,-0.2866999999999999,0.0170318186283111,0.0592,0.0308,
2,pair_ridge,0,e07fbd2f23396c88,cmAPP:2045,cmAPP:2091,2c34ab854a6ad95b,-0.1192,-0.1723828017711639,0.0538,0.0915,
2,pair_ridge,0,ea69375d6e637f0b,cmAPP:2043,cmAPP:2088,151435cc8a45853a,-0.1327,-0.007390946149826,0.0908,0.0266999999999999,
2,pair_ridge,0,51c13c0eaed60726,cmAPP:2057,cmAPP:2102,2c34ab854a6ad95b,0.1406999999999999,-0.1886330842971801,0.0353,0.0542,
2,pair_ridge,0,bfb561a0d6a8fc27,cmAPP:2054,cmAPP:2099,9620aee947fd49ea,-0.4963,-0.4259196519851684,0.0258,0.115,
2,pair_ridge,0,ff45b277fb60624e,cmAPP:2077,cmAPP:2122,2c34ab854a6ad95b,-0.1391,-0.0187811851501464,0.0673,0.1009,
2,pair_ridge,0,98341947aa56f870,cmAPP:2046,cmAPP:2092,2c34ab854a6ad95b,-0.1064999999999998,-0.2871488928794861,0.0504999999999999,0.0414,
2,pair_ridge,0,5fb5972af28fa281,cmAPP:2062,cmAPP:2107,2c34ab854a6ad95b,-0.118,-0.2099188268184662,0.1033,0.0511,
2,pair_ridge,0,8baebb96c0af3c90,cmAPP:1950,cmAPP:1995,151435cc8a45853a,-0.0972,0.0170318186283111,0.0243,0.0365,
2,pair_ridge,0,c55d3bcca2d2a449,cmAPP:1955,cmAPP:2001,2c34ab854a6ad95b,0.0237,-0.1723828017711639,0.0421,0.0274,
2,pair_ridge,0,ef7b3a1b137a6db8,cmAPP:1953,cmAPP:1998,151435cc8a45853a,-0.0221999999999999,-0.007390946149826,0.0733,0.0483,
2,pair_ridge,0,98f93e5fbbd41ec8,cmAPP:1967,cmAPP:2012,2c34ab854a6ad95b,0.1092999999999999,-0.1886330842971801,0.0698,0.0123,
2,pair_ridge,0,de9de367cfd0516a,cmAPP:1964,cmAPP:2009,9620aee947fd49ea,-0.6374,-0.4259196519851684,0.0904,0.1176,
2,pair_ridge,0,c78c802f0ed94739,cmAPP:1987,cmAPP:2032,2c34ab854a6ad95b,-0.0394000000000001,-0.0187811851501464,0.0444,0.0312,
2,pair_ridge,0,4aba9407294ef0a7,cmAPP:1956,cmAPP:2002,2c34ab854a6ad95b,0.0110999999999999,-0.2871488928794861,0.045,0.0151,
2,pair_ridge,0,29266f87dbea9446,cmAPP:1972,cmAPP:2017,2c34ab854a6ad95b,-0.0115999999999999,-0.2099188268184662,0.0276,0.0372,
2,pair_ridge,0,eb05d8fd23cb21a3,cmAPP:1860,cmAPP:1905,151435cc8a45853a,-0.1052999999999999,0.0170318186283111,0.0024,0.021,
2,pair_ridge,0,db6359943b17ecc7,cmAPP:1865,cmAPP:1911,2c34ab854a6ad95b,-0.0193,-0.1723828017711639,0.0095,0.0076,
2,pair_ridge,0,4e91bc478f4a4aaa,cmAPP:1863,cmAPP:1908,151435cc8a45853a,-0.0065999999999999,-0.007390946149826,0.0008,0.0070999999999999,
2,pair_ridge,0,db76931262b18262,cmAPP:1877,cmAPP:1922,2c34ab854a6ad95b,-0.0225999999999998,-0.1886330842971801,0.0347,0.0526,
2,pair_ridge,0,c748ab46e40eb3c6,cmAPP:1874,cmAPP:1919,9620aee947fd49ea,-0.7228,-0.4259196519851684,0.0068,0.2271999999999999,
2,pair_ridge,0,72fdff714d1fc08e,cmAPP:1897,cmAPP:1942,2c34ab854a6ad95b,-0.0698999999999999,-0.0187811851501464,0.019,0.037,
2,pair_ridge,0,a4c4b94f50336897,cmAPP:1866,cmAPP:1912,2c34ab854a6ad95b,-0.0341999999999999,-0.2871488928794861,0.0053,0.0118999999999999,
2,pair_ridge,0,46898ba7d044be9b,cmAPP:1882,cmAPP:1927,2c34ab854a6ad95b,0.0007,-0.2099188268184662,0.0242,0.0287,
2,gnn_activity,1103,93389904f33e7718,cmAPP:1770,cmAPP:1815,151435cc8a45853a,-1.6145,-0.1657466888427734,0.0704,0.1384999999999999,
2,gnn_activity,1103,e24b7d2aa22bb55c,cmAPP:1775,cmAPP:1821,2c34ab854a6ad95b,-0.9341,-0.3369065821170807,0.0596,0.3439,
2,gnn_activity,1103,c5b8e137a303cb45,cmAPP:1773,cmAPP:1818,151435cc8a45853a,-0.0211,-0.1747291684150695,0.0848,0.1288,
2,gnn_activity,1103,ac1b30806815ea4e,cmAPP:1787,cmAPP:1832,2c34ab854a6ad95b,-0.8095999999999999,-0.2179773151874542,0.1321,0.4403,
2,gnn_activity,1103,b6967a59b842adff,cmAPP:1784,cmAPP:1829,9620aee947fd49ea,-2.8806,-0.4344532191753387,0.1178999999999999,0.5047999999999999,
2,gnn_activity,1103,6ca5840cef4726ff,cmAPP:1807,cmAPP:1852,2c34ab854a6ad95b,0.1781,-0.1996664404869079,0.1475,0.1971,
2,gnn_activity,1103,a1cbdd76747c5064,cmAPP:1776,cmAPP:1822,2c34ab854a6ad95b,-0.6519000000000001,-0.2946655452251434,0.0775,0.1712,
2,gnn_activity,1103,50548dbd9fb26ec9,cmAPP:1792,cmAPP:1837,2c34ab854a6ad95b,-0.3258999999999999,-0.2824513912200928,0.3096,0.0693,
2,gnn_activity,1103,66ba2338161aed27,cmAPP:1680,cmAPP:1725,151435cc8a45853a,-0.1281999999999998,-0.1655600070953369,0.026,0.0135,
2,gnn_activity,1103,a85eb0b11202f59e,cmAPP:1685,cmAPP:1731,2c34ab854a6ad95b,-0.0718999999999999,-0.3359575569629669,0.0286,0.0496,
2,gnn_activity,1103,c09f8ea736c8479d,cmAPP:1683,cmAPP:1728,151435cc8a45853a,-0.0143999999999999,-0.1744844317436218,0.0364,0.0256,
2,gnn_activity,1103,63008ff058569c96,cmAPP:1697,cmAPP:1742,2c34ab854a6ad95b,0.0057000000000001,-0.2176701426506042,0.0626999999999999,0.1005,
2,gnn_activity,1103,7a921af808b2dfa6,cmAPP:1694,cmAPP:1739,9620aee947fd49ea,-0.5276000000000001,-0.4341784417629242,0.0654,0.0993999999999999,
2,gnn_activity,1103,a15328e82188e58f,cmAPP:1717,cmAPP:1762,2c34ab854a6ad95b,-0.1387999999999999,-0.1994755566120147,0.0291,0.0843,
2,gnn_activity,1103,70da5f6f47632dfe,cmAPP:1686,cmAPP:1732,2c34ab854a6ad95b,0.0151000000000001,-0.2950130105018616,0.0491,0.027,
2,gnn_activity,1103,fd3f38efafcec3ac,cmAPP:1702,cmAPP:1747,2c34ab854a6ad95b,-0.0348999999999999,-0.2811970710754394,0.0555,0.046,
2,gnn_activity,1103,0eed2d75f2cde72d,cmAPP:1590,cmAPP:1635,151435cc8a45853a,-0.4034,-0.165027916431427,0.0241,0.0295,
2,gnn_activity,1103,1a6c9baac85f3629,cmAPP:1595,cmAPP:1641,2c34ab854a6ad95b,-0.2018999999999999,-0.3324781656265259,0.0129,0.0771,
2,gnn_activity,1103,76e24e5164a31a01,cmAPP:1593,cmAPP:1638,151435cc8a45853a,-0.2168999999999999,-0.173786461353302,0.0283999999999999,0.0443,
2,gnn_activity,1103,7ad1ff1601478950,cmAPP:1607,cmAPP:1652,2c34ab854a6ad95b,0.0006999999999999,-0.2167941927909851,0.0691,0.0260999999999999,
2,gnn_activity,1103,d69a2449a6634854,cmAPP:1604,cmAPP:1649,9620aee947fd49ea,-1.4533999999999998,-0.4333951473236084,0.0613999999999999,0.5695,
2,gnn_activity,1103,f3e88314b57e616d,cmAPP:1627,cmAPP:1672,2c34ab854a6ad95b,0.1450999999999999,-0.1989312469959259,0.075,0.0417,
2,gnn_activity,1103,8ab257e2caab32a6,cmAPP:1596,cmAPP:1642,2c34ab854a6ad95b,-0.1690000000000001,-0.2960037291049957,0.0141,0.0283999999999999,
2,gnn_activity,1103,134f453b89ce7319,cmAPP:1612,cmAPP:1657,2c34ab854a6ad95b,0.1809999999999999,-0.2776206731796264,0.0599,0.0075,
2,gnn_activity,1103,6297178908babdb2,cmAPP:2040,cmAPP:2085,151435cc8a45853a,-0.2866999999999999,-0.1657466888427734,0.0592,0.0308,
2,gnn_activity,1103,e07fbd2f23396c88,cmAPP:2045,cmAPP:2091,2c34ab854a6ad95b,-0.1192,-0.3369065821170807,0.0538,0.0915,
2,gnn_activity,1103,ea69375d6e637f0b,cmAPP:2043,cmAPP:2088,151435cc8a45853a,-0.1327,-0.1747291684150695,0.0908,0.0266999999999999,
2,gnn_activity,1103,51c13c0eaed60726,cmAPP:2057,cmAPP:2102,2c34ab854a6ad95b,0.1406999999999999,-0.2179773151874542,0.0353,0.0542,
2,gnn_activity,1103,bfb561a0d6a8fc27,cmAPP:2054,cmAPP:2099,9620aee947fd49ea,-0.4963,-0.4344532191753387,0.0258,0.115,
2,gnn_activity,1103,ff45b277fb60624e,cmAPP:2077,cmAPP:2122,2c34ab854a6ad95b,-0.1391,-0.1996664404869079,0.0673,0.1009,
2,gnn_activity,1103,98341947aa56f870,cmAPP:2046,cmAPP:2092,2c34ab854a6ad95b,-0.1064999999999998,-0.2946655452251434,0.0504999999999999,0.0414,
2,gnn_activity,1103,5fb5972af28fa281,cmAPP:2062,cmAPP:2107,2c34ab854a6ad95b,-0.118,-0.2824513912200928,0.1033,0.0511,
2,gnn_activity,1103,8baebb96c0af3c90,cmAPP:1950,cmAPP:1995,151435cc8a45853a,-0.0972,-0.1655600070953369,0.0243,0.0365,
2,gnn_activity,1103,c55d3bcca2d2a449,cmAPP:1955,cmAPP:2001,2c34ab854a6ad95b,0.0237,-0.3359575569629669,0.0421,0.0274,
2,gnn_activity,1103,ef7b3a1b137a6db8,cmAPP:1953,cmAPP:1998,151435cc8a45853a,-0.0221999999999999,-0.1744844317436218,0.0733,0.0483,
2,gnn_activity,1103,98f93e5fbbd41ec8,cmAPP:1967,cmAPP:2012,2c34ab854a6ad95b,0.1092999999999999,-0.2176701426506042,0.0698,0.0123,
2,gnn_activity,1103,de9de367cfd0516a,cmAPP:1964,cmAPP:2009,9620aee947fd49ea,-0.6374,-0.4341784417629242,0.0904,0.1176,
2,gnn_activity,1103,c78c802f0ed94739,cmAPP:1987,cmAPP:2032,2c34ab854a6ad95b,-0.0394000000000001,-0.1994755566120147,0.0444,0.0312,
2,gnn_activity,1103,4aba9407294ef0a7,cmAPP:1956,cmAPP:2002,2c34ab854a6ad95b,0.0110999999999999,-0.2950130105018616,0.045,0.0151,
2,gnn_activity,1103,29266f87dbea9446,cmAPP:1972,cmAPP:2017,2c34ab854a6ad95b,-0.0115999999999999,-0.2811970710754394,0.0276,0.0372,
2,gnn_activity,1103,eb05d8fd23cb21a3,cmAPP:1860,cmAPP:1905,151435cc8a45853a,-0.1052999999999999,-0.165027916431427,0.0024,0.021,
2,gnn_activity,1103,db6359943b17ecc7,cmAPP:1865,cmAPP:1911,2c34ab854a6ad95b,-0.0193,-0.3324781656265259,0.0095,0.0076,
2,gnn_activity,1103,4e91bc478f4a4aaa,cmAPP:1863,cmAPP:1908,151435cc8a45853a,-0.0065999999999999,-0.173786461353302,0.0008,0.0070999999999999,
2,gnn_activity,1103,db76931262b18262,cmAPP:1877,cmAPP:1922,2c34ab854a6ad95b,-0.0225999999999998,-0.2167941927909851,0.0347,0.0526,
2,gnn_activity,1103,c748ab46e40eb3c6,cmAPP:1874,cmAPP:1919,9620aee947fd49ea,-0.7228,-0.4333951473236084,0.0068,0.2271999999999999,
2,gnn_activity,1103,72fdff714d1fc08e,cmAPP:1897,cmAPP:1942,2c34ab854a6ad95b,-0.0698999999999999,-0.1989312469959259,0.019,0.037,
2,gnn_activity,1103,a4c4b94f50336897,cmAPP:1866,cmAPP:1912,2c34ab854a6ad95b,-0.0341999999999999,-0.2960037291049957,0.0053,0.0118999999999999,
2,gnn_activity,1103,46898ba7d044be9b,cmAPP:1882,cmAPP:1927,2c34ab854a6ad95b,0.0007,-0.2776206731796264,0.0242,0.0287,
2,gnn_activity,2207,93389904f33e7718,cmAPP:1770,cmAPP:1815,151435cc8a45853a,-1.6145,-0.2088419198989868,0.0704,0.1384999999999999,
2,gnn_activity,2207,e24b7d2aa22bb55c,cmAPP:1775,cmAPP:1821,2c34ab854a6ad95b,-0.9341,-0.2725778222084045,0.0596,0.3439,
2,gnn_activity,2207,c5b8e137a303cb45,cmAPP:1773,cmAPP:1818,151435cc8a45853a,-0.0211,-0.26686692237854,0.0848,0.1288,
2,gnn_activity,2207,ac1b30806815ea4e,cmAPP:1787,cmAPP:1832,2c34ab854a6ad95b,-0.8095999999999999,-0.292021781206131,0.1321,0.4403,
2,gnn_activity,2207,b6967a59b842adff,cmAPP:1784,cmAPP:1829,9620aee947fd49ea,-2.8806,-0.3156174123287201,0.1178999999999999,0.5047999999999999,
2,gnn_activity,2207,6ca5840cef4726ff,cmAPP:1807,cmAPP:1852,2c34ab854a6ad95b,0.1781,-0.2719154357910156,0.1475,0.1971,
2,gnn_activity,2207,a1cbdd76747c5064,cmAPP:1776,cmAPP:1822,2c34ab854a6ad95b,-0.6519000000000001,-0.2621395885944366,0.0775,0.1712,
2,gnn_activity,2207,50548dbd9fb26ec9,cmAPP:1792,cmAPP:1837,2c34ab854a6ad95b,-0.3258999999999999,-0.341185986995697,0.3096,0.0693,
2,gnn_activity,2207,66ba2338161aed27,cmAPP:1680,cmAPP:1725,151435cc8a45853a,-0.1281999999999998,-0.2086979746818542,0.026,0.0135,
2,gnn_activity,2207,a85eb0b11202f59e,cmAPP:1685,cmAPP:1731,2c34ab854a6ad95b,-0.0718999999999999,-0.2725777626037597,0.0286,0.0496,
2,gnn_activity,2207,c09f8ea736c8479d,cmAPP:1683,cmAPP:1728,151435cc8a45853a,-0.0143999999999999,-0.2665523290634155,0.0364,0.0256,
2,gnn_activity,2207,63008ff058569c96,cmAPP:1697,cmAPP:1742,2c34ab854a6ad95b,0.0057000000000001,-0.2919937372207641,0.0626999999999999,0.1005,
2,gnn_activity,2207,7a921af808b2dfa6,cmAPP:1694,cmAPP:1739,9620aee947fd49ea,-0.5276000000000001,-0.3155380189418793,0.0654,0.0993999999999999,
2,gnn_activity,2207,a15328e82188e58f,cmAPP:1717,cmAPP:1762,2c34ab854a6ad95b,-0.1387999999999999,-0.2718362808227539,0.0291,0.0843,
2,gnn_activity,2207,70da5f6f47632dfe,cmAPP:1686,cmAPP:1732,2c34ab854a6ad95b,0.0151000000000001,-0.2621771395206451,0.0491,0.027,
2,gnn_activity,2207,fd3f38efafcec3ac,cmAPP:1702,cmAPP:1747,2c34ab854a6ad95b,-0.0348999999999999,-0.3407501578330993,0.0555,0.046,
2,gnn_activity,2207,0eed2d75f2cde72d,cmAPP:1590,cmAPP:1635,151435cc8a45853a,-0.4034,-0.2082872986793518,0.0241,0.0295,
2,gnn_activity,2207,1a6c9baac85f3629,cmAPP:1595,cmAPP:1641,2c34ab854a6ad95b,-0.2018999999999999,-0.2725778222084045,0.0129,0.0771,
2,gnn_activity,2207,76e24e5164a31a01,cmAPP:1593,cmAPP:1638,151435cc8a45853a,-0.2168999999999999,-0.2656552791595459,0.0283999999999999,0.0443,
2,gnn_activity,2207,7ad1ff1601478950,cmAPP:1607,cmAPP:1652,2c34ab854a6ad95b,0.0006999999999999,-0.291913628578186,0.0691,0.0260999999999999,
2,gnn_activity,2207,d69a2449a6634854,cmAPP:1604,cmAPP:1649,9620aee947fd49ea,-1.4533999999999998,-0.3153117001056671,0.0613999999999999,0.5695,
2,gnn_activity,2207,f3e88314b57e616d,cmAPP:1627,cmAPP:1672,2c34ab854a6ad95b,0.1450999999999999,-0.2716105580329895,0.075,0.0417,
2,gnn_activity,2207,8ab257e2caab32a6,cmAPP:1596,cmAPP:1642,2c34ab854a6ad95b,-0.1690000000000001,-0.2622845470905304,0.0141,0.0283999999999999,
2,gnn_activity,2207,134f453b89ce7319,cmAPP:1612,cmAPP:1657,2c34ab854a6ad95b,0.1809999999999999,-0.3395074009895324,0.0599,0.0075,
2,gnn_activity,2207,6297178908babdb2,cmAPP:2040,cmAPP:2085,151435cc8a45853a,-0.2866999999999999,-0.2088419198989868,0.0592,0.0308,
2,gnn_activity,2207,e07fbd2f23396c88,cmAPP:2045,cmAPP:2091,2c34ab854a6ad95b,-0.1192,-0.2725778222084045,0.0538,0.0915,
2,gnn_activity,2207,ea69375d6e637f0b,cmAPP:2043,cmAPP:2088,151435cc8a45853a,-0.1327,-0.26686692237854,0.0908,0.0266999999999999,
2,gnn_activity,2207,51c13c0eaed60726,cmAPP:2057,cmAPP:2102,2c34ab854a6ad95b,0.1406999999999999,-0.292021781206131,0.0353,0.0542,
2,gnn_activity,2207,bfb561a0d6a8fc27,cmAPP:2054,cmAPP:2099,9620aee947fd49ea,-0.4963,-0.3156174123287201,0.0258,0.115,
2,gnn_activity,2207,ff45b277fb60624e,cmAPP:2077,cmAPP:2122,2c34ab854a6ad95b,-0.1391,-0.2719154357910156,0.0673,0.1009,
2,gnn_activity,2207,98341947aa56f870,cmAPP:2046,cmAPP:2092,2c34ab854a6ad95b,-0.1064999999999998,-0.2621395885944366,0.0504999999999999,0.0414,
2,gnn_activity,2207,5fb5972af28fa281,cmAPP:2062,cmAPP:2107,2c34ab854a6ad95b,-0.118,-0.341185986995697,0.1033,0.0511,
2,gnn_activity,2207,8baebb96c0af3c90,cmAPP:1950,cmAPP:1995,151435cc8a45853a,-0.0972,-0.2086979746818542,0.0243,0.0365,
2,gnn_activity,2207,c55d3bcca2d2a449,cmAPP:1955,cmAPP:2001,2c34ab854a6ad95b,0.0237,-0.2725777626037597,0.0421,0.0274,
2,gnn_activity,2207,ef7b3a1b137a6db8,cmAPP:1953,cmAPP:1998,151435cc8a45853a,-0.0221999999999999,-0.2665523290634155,0.0733,0.0483,
2,gnn_activity,2207,98f93e5fbbd41ec8,cmAPP:1967,cmAPP:2012,2c34ab854a6ad95b,0.1092999999999999,-0.2919937372207641,0.0698,0.0123,
2,gnn_activity,2207,de9de367cfd0516a,cmAPP:1964,cmAPP:2009,9620aee947fd49ea,-0.6374,-0.3155380189418793,0.0904,0.1176,
2,gnn_activity,2207,c78c802f0ed94739,cmAPP:1987,cmAPP:2032,2c34ab854a6ad95b,-0.0394000000000001,-0.2718362808227539,0.0444,0.0312,
2,gnn_activity,2207,4aba9407294ef0a7,cmAPP:1956,cmAPP:2002,2c34ab854a6ad95b,0.0110999999999999,-0.2621771395206451,0.045,0.0151,
2,gnn_activity,2207,29266f87dbea9446,cmAPP:1972,cmAPP:2017,2c34ab854a6ad95b,-0.0115999999999999,-0.3407501578330993,0.0276,0.0372,
2,gnn_activity,2207,eb05d8fd23cb21a3,cmAPP:1860,cmAPP:1905,151435cc8a45853a,-0.1052999999999999,-0.2082872986793518,0.0024,0.021,
2,gnn_activity,2207,db6359943b17ecc7,cmAPP:1865,cmAPP:1911,2c34ab854a6ad95b,-0.0193,-0.2725778222084045,0.0095,0.0076,
2,gnn_activity,2207,4e91bc478f4a4aaa,cmAPP:1863,cmAPP:1908,151435cc8a45853a,-0.0065999999999999,-0.2656552791595459,0.0008,0.0070999999999999,
2,gnn_activity,2207,db76931262b18262,cmAPP:1877,cmAPP:1922,2c34ab854a6ad95b,-0.0225999999999998,-0.291913628578186,0.0347,0.0526,
2,gnn_activity,2207,c748ab46e40eb3c6,cmAPP:1874,cmAPP:1919,9620aee947fd49ea,-0.7228,-0.3153117001056671,0.0068,0.2271999999999999,
2,gnn_activity,2207,72fdff714d1fc08e,cmAPP:1897,cmAPP:1942,2c34ab854a6ad95b,-0.0698999999999999,-0.2716105580329895,0.019,0.037,
2,gnn_activity,2207,a4c4b94f50336897,cmAPP:1866,cmAPP:1912,2c34ab854a6ad95b,-0.0341999999999999,-0.2622845470905304,0.0053,0.0118999999999999,
2,gnn_activity,2207,46898ba7d044be9b,cmAPP:1882,cmAPP:1927,2c34ab854a6ad95b,0.0007,-0.3395074009895324,0.0242,0.0287,
2,gnn_activity,3301,93389904f33e7718,cmAPP:1770,cmAPP:1815,151435cc8a45853a,-1.6145,-0.1484875082969665,0.0704,0.1384999999999999,
2,gnn_activity,3301,e24b7d2aa22bb55c,cmAPP:1775,cmAPP:1821,2c34ab854a6ad95b,-0.9341,-0.2527701258659363,0.0596,0.3439,
2,gnn_activity,3301,c5b8e137a303cb45,cmAPP:1773,cmAPP:1818,151435cc8a45853a,-0.0211,-0.1314629316329956,0.0848,0.1288,
2,gnn_activity,3301,ac1b30806815ea4e,cmAPP:1787,cmAPP:1832,2c34ab854a6ad95b,-0.8095999999999999,-0.1629106998443603,0.1321,0.4403,
2,gnn_activity,3301,b6967a59b842adff,cmAPP:1784,cmAPP:1829,9620aee947fd49ea,-2.8806,-0.2749631106853485,0.1178999999999999,0.5047999999999999,
2,gnn_activity,3301,6ca5840cef4726ff,cmAPP:1807,cmAPP:1852,2c34ab854a6ad95b,0.1781,-0.185613214969635,0.1475,0.1971,
2,gnn_activity,3301,a1cbdd76747c5064,cmAPP:1776,cmAPP:1822,2c34ab854a6ad95b,-0.6519000000000001,-0.2799220085144043,0.0775,0.1712,
2,gnn_activity,3301,50548dbd9fb26ec9,cmAPP:1792,cmAPP:1837,2c34ab854a6ad95b,-0.3258999999999999,-0.244204044342041,0.3096,0.0693,
2,gnn_activity,3301,66ba2338161aed27,cmAPP:1680,cmAPP:1725,151435cc8a45853a,-0.1281999999999998,-0.1477023959159851,0.026,0.0135,
2,gnn_activity,3301,a85eb0b11202f59e,cmAPP:1685,cmAPP:1731,2c34ab854a6ad95b,-0.0718999999999999,-0.2526802718639374,0.0286,0.0496,
2,gnn_activity,3301,c09f8ea736c8479d,cmAPP:1683,cmAPP:1728,151435cc8a45853a,-0.0143999999999999,-0.1314628720283508,0.0364,0.0256,
2,gnn_activity,3301,63008ff058569c96,cmAPP:1697,cmAPP:1742,2c34ab854a6ad95b,0.0057000000000001,-0.1623004674911499,0.0626999999999999,0.1005,
2,gnn_activity,3301,7a921af808b2dfa6,cmAPP:1694,cmAPP:1739,9620aee947fd49ea,-0.5276000000000001,-0.2742263972759247,0.0654,0.0993999999999999,
2,gnn_activity,3301,a15328e82188e58f,cmAPP:1717,cmAPP:1762,2c34ab854a6ad95b,-0.1387999999999999,-0.1857976913452148,0.0291,0.0843,
2,gnn_activity,3301,70da5f6f47632dfe,cmAPP:1686,cmAPP:1732,2c34ab854a6ad95b,0.0151000000000001,-0.280049979686737,0.0491,0.027,
2,gnn_activity,3301,fd3f38efafcec3ac,cmAPP:1702,cmAPP:1747,2c34ab854a6ad95b,-0.0348999999999999,-0.243143081665039,0.0555,0.046,
2,gnn_activity,3301,0eed2d75f2cde72d,cmAPP:1590,cmAPP:1635,151435cc8a45853a,-0.4034,-0.145631730556488,0.0241,0.0295,
2,gnn_activity,3301,1a6c9baac85f3629,cmAPP:1595,cmAPP:1641,2c34ab854a6ad95b,-0.2018999999999999,-0.2524242401123047,0.0129,0.0771,
2,gnn_activity,3301,76e24e5164a31a01,cmAPP:1593,cmAPP:1638,151435cc8a45853a,-0.2168999999999999,-0.131462812423706,0.0283999999999999,0.0443,
2,gnn_activity,3301,7ad1ff1601478950,cmAPP:1607,cmAPP:1652,2c34ab854a6ad95b,0.0006999999999999,-0.1607335805892944,0.0691,0.0260999999999999,
2,gnn_activity,3301,d69a2449a6634854,cmAPP:1604,cmAPP:1649,9620aee947fd49ea,-1.4533999999999998,-0.272125631570816,0.0613999999999999,0.5695,
2,gnn_activity,3301,f3e88314b57e616d,cmAPP:1627,cmAPP:1672,2c34ab854a6ad95b,0.1450999999999999,-0.1863238215446472,0.075,0.0417,
2,gnn_activity,3301,8ab257e2caab32a6,cmAPP:1596,cmAPP:1642,2c34ab854a6ad95b,-0.1690000000000001,-0.2804147899150848,0.0141,0.0283999999999999,
2,gnn_activity,3301,134f453b89ce7319,cmAPP:1612,cmAPP:1657,2c34ab854a6ad95b,0.1809999999999999,-0.2401708364486694,0.0599,0.0075,
2,gnn_activity,3301,6297178908babdb2,cmAPP:2040,cmAPP:2085,151435cc8a45853a,-0.2866999999999999,-0.1484875082969665,0.0592,0.0308,
2,gnn_activity,3301,e07fbd2f23396c88,cmAPP:2045,cmAPP:2091,2c34ab854a6ad95b,-0.1192,-0.2527701258659363,0.0538,0.0915,
2,gnn_activity,3301,ea69375d6e637f0b,cmAPP:2043,cmAPP:2088,151435cc8a45853a,-0.1327,-0.1314629316329956,0.0908,0.0266999999999999,
2,gnn_activity,3301,51c13c0eaed60726,cmAPP:2057,cmAPP:2102,2c34ab854a6ad95b,0.1406999999999999,-0.1629106998443603,0.0353,0.0542,
2,gnn_activity,3301,bfb561a0d6a8fc27,cmAPP:2054,cmAPP:2099,9620aee947fd49ea,-0.4963,-0.2749631106853485,0.0258,0.115,
2,gnn_activity,3301,ff45b277fb60624e,cmAPP:2077,cmAPP:2122,2c34ab854a6ad95b,-0.1391,-0.185613214969635,0.0673,0.1009,
2,gnn_activity,3301,98341947aa56f870,cmAPP:2046,cmAPP:2092,2c34ab854a6ad95b,-0.1064999999999998,-0.2799220085144043,0.0504999999999999,0.0414,
2,gnn_activity,3301,5fb5972af28fa281,cmAPP:2062,cmAPP:2107,2c34ab854a6ad95b,-0.118,-0.244204044342041,0.1033,0.0511,
2,gnn_activity,3301,8baebb96c0af3c90,cmAPP:1950,cmAPP:1995,151435cc8a45853a,-0.0972,-0.1477023959159851,0.0243,0.0365,
2,gnn_activity,3301,c55d3bcca2d2a449,cmAPP:1955,cmAPP:2001,2c34ab854a6ad95b,0.0237,-0.2526802718639374,0.0421,0.0274,
2,gnn_activity,3301,ef7b3a1b137a6db8,cmAPP:1953,cmAPP:1998,151435cc8a45853a,-0.0221999999999999,-0.1314628720283508,0.0733,0.0483,
2,gnn_activity,3301,98f93e5fbbd41ec8,cmAPP:1967,cmAPP:2012,2c34ab854a6ad95b,0.1092999999999999,-0.1623004674911499,0.0698,0.0123,
2,gnn_activity,3301,de9de367cfd0516a,cmAPP:1964,cmAPP:2009,9620aee947fd49ea,-0.6374,-0.2742263972759247,0.0904,0.1176,
2,gnn_activity,3301,c78c802f0ed94739,cmAPP:1987,cmAPP:2032,2c34ab854a6ad95b,-0.0394000000000001,-0.1857976913452148,0.0444,0.0312,
2,gnn_activity,3301,4aba9407294ef0a7,cmAPP:1956,cmAPP:2002,2c34ab854a6ad95b,0.0110999999999999,-0.280049979686737,0.045,0.0151,
2,gnn_activity,3301,29266f87dbea9446,cmAPP:1972,cmAPP:2017,2c34ab854a6ad95b,-0.0115999999999999,-0.243143081665039,0.0276,0.0372,
2,gnn_activity,3301,eb05d8fd23cb21a3,cmAPP:1860,cmAPP:1905,151435cc8a45853a,-0.1052999999999999,-0.145631730556488,0.0024,0.021,
2,gnn_activity,3301,db6359943b17ecc7,cmAPP:1865,cmAPP:1911,2c34ab854a6ad95b,-0.0193,-0.2524242401123047,0.0095,0.0076,
2,gnn_activity,3301,4e91bc478f4a4aaa,cmAPP:1863,cmAPP:1908,151435cc8a45853a,-0.0065999999999999,-0.131462812423706,0.0008,0.0070999999999999,
2,gnn_activity,3301,db76931262b18262,cmAPP:1877,cmAPP:1922,2c34ab854a6ad95b,-0.0225999999999998,-0.1607335805892944,0.0347,0.0526,
2,gnn_activity,3301,c748ab46e40eb3c6,cmAPP:1874,cmAPP:1919,9620aee947fd49ea,-0.7228,-0.272125631570816,0.0068,0.2271999999999999,
2,gnn_activity,3301,72fdff714d1fc08e,cmAPP:1897,cmAPP:1942,2c34ab854a6ad95b,-0.0698999999999999,-0.1863238215446472,0.019,0.037,
2,gnn_activity,3301,a4c4b94f50336897,cmAPP:1866,cmAPP:1912,2c34ab854a6ad95b,-0.0341999999999999,-0.2804147899150848,0.0053,0.0118999999999999,
2,gnn_activity,3301,46898ba7d044be9b,cmAPP:1882,cmAPP:1927,2c34ab854a6ad95b,0.0007,-0.2401708364486694,0.0242,0.0287,
2,gnn_pair,1103,93389904f33e7718,cmAPP:1770,cmAPP:1815,151435cc8a45853a,-1.6145,-0.2482596039772033,0.0704,0.1384999999999999,
2,gnn_pair,1103,e24b7d2aa22bb55c,cmAPP:1775,cmAPP:1821,2c34ab854a6ad95b,-0.9341,-0.2726176977157593,0.0596,0.3439,
2,gnn_pair,1103,c5b8e137a303cb45,cmAPP:1773,cmAPP:1818,151435cc8a45853a,-0.0211,-0.2481130361557006,0.0848,0.1288,
2,gnn_pair,1103,ac1b30806815ea4e,cmAPP:1787,cmAPP:1832,2c34ab854a6ad95b,-0.8095999999999999,-0.2714691162109375,0.1321,0.4403,
2,gnn_pair,1103,b6967a59b842adff,cmAPP:1784,cmAPP:1829,9620aee947fd49ea,-2.8806,-0.3488268852233886,0.1178999999999999,0.5047999999999999,
2,gnn_pair,1103,6ca5840cef4726ff,cmAPP:1807,cmAPP:1852,2c34ab854a6ad95b,0.1781,-0.2727065682411194,0.1475,0.1971,
2,gnn_pair,1103,a1cbdd76747c5064,cmAPP:1776,cmAPP:1822,2c34ab854a6ad95b,-0.6519000000000001,-0.2776024341583252,0.0775,0.1712,
2,gnn_pair,1103,50548dbd9fb26ec9,cmAPP:1792,cmAPP:1837,2c34ab854a6ad95b,-0.3258999999999999,-0.314098984003067,0.3096,0.0693,
2,gnn_pair,1103,66ba2338161aed27,cmAPP:1680,cmAPP:1725,151435cc8a45853a,-0.1281999999999998,-0.2482382655143737,0.026,0.0135,
2,gnn_pair,1103,a85eb0b11202f59e,cmAPP:1685,cmAPP:1731,2c34ab854a6ad95b,-0.0718999999999999,-0.2726079523563385,0.0286,0.0496,
2,gnn_pair,1103,c09f8ea736c8479d,cmAPP:1683,cmAPP:1728,151435cc8a45853a,-0.0143999999999999,-0.2479691505432129,0.0364,0.0256,
2,gnn_pair,1103,63008ff058569c96,cmAPP:1697,cmAPP:1742,2c34ab854a6ad95b,0.0057000000000001,-0.2716613113880157,0.0626999999999999,0.1005,
2,gnn_pair,1103,7a921af808b2dfa6,cmAPP:1694,cmAPP:1739,9620aee947fd49ea,-0.5276000000000001,-0.3487886190414428,0.0654,0.0993999999999999,
2,gnn_pair,1103,a15328e82188e58f,cmAPP:1717,cmAPP:1762,2c34ab854a6ad95b,-0.1387999999999999,-0.272576242685318,0.0291,0.0843,
2,gnn_pair,1103,70da5f6f47632dfe,cmAPP:1686,cmAPP:1732,2c34ab854a6ad95b,0.0151000000000001,-0.2776961922645569,0.0491,0.027,
2,gnn_pair,1103,fd3f38efafcec3ac,cmAPP:1702,cmAPP:1747,2c34ab854a6ad95b,-0.0348999999999999,-0.3139963150024414,0.0555,0.046,
2,gnn_pair,1103,0eed2d75f2cde72d,cmAPP:1590,cmAPP:1635,151435cc8a45853a,-0.4034,-0.2481777071952819,0.0241,0.0295,
2,gnn_pair,1103,1a6c9baac85f3629,cmAPP:1595,cmAPP:1641,2c34ab854a6ad95b,-0.2018999999999999,-0.2721138596534729,0.0129,0.0771,
2,gnn_pair,1103,76e24e5164a31a01,cmAPP:1593,cmAPP:1638,151435cc8a45853a,-0.2168999999999999,-0.24755859375,0.0283999999999999,0.0443,
2,gnn_pair,1103,7ad1ff1601478950,cmAPP:1607,cmAPP:1652,2c34ab854a6ad95b,0.0006999999999999,-0.2722092866897583,0.0691,0.0260999999999999,
2,gnn_pair,1103,d69a2449a6634854,cmAPP:1604,cmAPP:1649,9620aee947fd49ea,-1.4533999999999998,-0.3486795723438263,0.0613999999999999,0.5695,
2,gnn_pair,1103,f3e88314b57e616d,cmAPP:1627,cmAPP:1672,2c34ab854a6ad95b,0.1450999999999999,-0.2722044885158539,0.075,0.0417,
2,gnn_pair,1103,8ab257e2caab32a6,cmAPP:1596,cmAPP:1642,2c34ab854a6ad95b,-0.1690000000000001,-0.2779635787010193,0.0141,0.0283999999999999,
2,gnn_pair,1103,134f453b89ce7319,cmAPP:1612,cmAPP:1657,2c34ab854a6ad95b,0.1809999999999999,-0.3137034475803375,0.0599,0.0075,
2,gnn_pair,1103,6297178908babdb2,cmAPP:2040,cmAPP:2085,151435cc8a45853a,-0.2866999999999999,-0.2482596039772033,0.0592,0.0308,
2,gnn_pair,1103,e07fbd2f23396c88,cmAPP:2045,cmAPP:2091,2c34ab854a6ad95b,-0.1192,-0.2726176977157593,0.0538,0.0915,
2,gnn_pair,1103,ea69375d6e637f0b,cmAPP:2043,cmAPP:2088,151435cc8a45853a,-0.1327,-0.2481130361557006,0.0908,0.0266999999999999,
2,gnn_pair,1103,51c13c0eaed60726,cmAPP:2057,cmAPP:2102,2c34ab854a6ad95b,0.1406999999999999,-0.2714691162109375,0.0353,0.0542,
2,gnn_pair,1103,bfb561a0d6a8fc27,cmAPP:2054,cmAPP:2099,9620aee947fd49ea,-0.4963,-0.3488268852233886,0.0258,0.115,
2,gnn_pair,1103,ff45b277fb60624e,cmAPP:2077,cmAPP:2122,2c34ab854a6ad95b,-0.1391,-0.2727065682411194,0.0673,0.1009,
2,gnn_pair,1103,98341947aa56f870,cmAPP:2046,cmAPP:2092,2c34ab854a6ad95b,-0.1064999999999998,-0.2776024341583252,0.0504999999999999,0.0414,
2,gnn_pair,1103,5fb5972af28fa281,cmAPP:2062,cmAPP:2107,2c34ab854a6ad95b,-0.118,-0.314098984003067,0.1033,0.0511,
2,gnn_pair,1103,8baebb96c0af3c90,cmAPP:1950,cmAPP:1995,151435cc8a45853a,-0.0972,-0.2482382655143737,0.0243,0.0365,
2,gnn_pair,1103,c55d3bcca2d2a449,cmAPP:1955,cmAPP:2001,2c34ab854a6ad95b,0.0237,-0.2726079523563385,0.0421,0.0274,
2,gnn_pair,1103,ef7b3a1b137a6db8,cmAPP:1953,cmAPP:1998,151435cc8a45853a,-0.0221999999999999,-0.2479691505432129,0.0733,0.0483,
2,gnn_pair,1103,98f93e5fbbd41ec8,cmAPP:1967,cmAPP:2012,2c34ab854a6ad95b,0.1092999999999999,-0.2716613113880157,0.0698,0.0123,
2,gnn_pair,1103,de9de367cfd0516a,cmAPP:1964,cmAPP:2009,9620aee947fd49ea,-0.6374,-0.3487886190414428,0.0904,0.1176,
2,gnn_pair,1103,c78c802f0ed94739,cmAPP:1987,cmAPP:2032,2c34ab854a6ad95b,-0.0394000000000001,-0.272576242685318,0.0444,0.0312,
2,gnn_pair,1103,4aba9407294ef0a7,cmAPP:1956,cmAPP:2002,2c34ab854a6ad95b,0.0110999999999999,-0.2776961922645569,0.045,0.0151,
2,gnn_pair,1103,29266f87dbea9446,cmAPP:1972,cmAPP:2017,2c34ab854a6ad95b,-0.0115999999999999,-0.3139963150024414,0.0276,0.0372,
2,gnn_pair,1103,eb05d8fd23cb21a3,cmAPP:1860,cmAPP:1905,151435cc8a45853a,-0.1052999999999999,-0.2481777071952819,0.0024,0.021,
2,gnn_pair,1103,db6359943b17ecc7,cmAPP:1865,cmAPP:1911,2c34ab854a6ad95b,-0.0193,-0.2721138596534729,0.0095,0.0076,
2,gnn_pair,1103,4e91bc478f4a4aaa,cmAPP:1863,cmAPP:1908,151435cc8a45853a,-0.0065999999999999,-0.24755859375,0.0008,0.0070999999999999,
2,gnn_pair,1103,db76931262b18262,cmAPP:1877,cmAPP:1922,2c34ab854a6ad95b,-0.0225999999999998,-0.2722092866897583,0.0347,0.0526,
2,gnn_pair,1103,c748ab46e40eb3c6,cmAPP:1874,cmAPP:1919,9620aee947fd49ea,-0.7228,-0.3486795723438263,0.0068,0.2271999999999999,
2,gnn_pair,1103,72fdff714d1fc08e,cmAPP:1897,cmAPP:1942,2c34ab854a6ad95b,-0.0698999999999999,-0.2722044885158539,0.019,0.037,
2,gnn_pair,1103,a4c4b94f50336897,cmAPP:1866,cmAPP:1912,2c34ab854a6ad95b,-0.0341999999999999,-0.2779635787010193,0.0053,0.0118999999999999,
2,gnn_pair,1103,46898ba7d044be9b,cmAPP:1882,cmAPP:1927,2c34ab854a6ad95b,0.0007,-0.3137034475803375,0.0242,0.0287,
2,gnn_pair,2207,93389904f33e7718,cmAPP:1770,cmAPP:1815,151435cc8a45853a,-1.6145,-0.1962950825691223,0.0704,0.1384999999999999,
2,gnn_pair,2207,e24b7d2aa22bb55c,cmAPP:1775,cmAPP:1821,2c34ab854a6ad95b,-0.9341,-0.2445939481258392,0.0596,0.3439,
2,gnn_pair,2207,c5b8e137a303cb45,cmAPP:1773,cmAPP:1818,151435cc8a45853a,-0.0211,-0.1759647727012634,0.0848,0.1288,
2,gnn_pair,2207,ac1b30806815ea4e,cmAPP:1787,cmAPP:1832,2c34ab854a6ad95b,-0.8095999999999999,-0.2089964151382446,0.1321,0.4403,
2,gnn_pair,2207,b6967a59b842adff,cmAPP:1784,cmAPP:1829,9620aee947fd49ea,-2.8806,-0.3468127846717834,0.1178999999999999,0.5047999999999999,
2,gnn_pair,2207,6ca5840cef4726ff,cmAPP:1807,cmAPP:1852,2c34ab854a6ad95b,0.1781,-0.1704650521278381,0.1475,0.1971,
2,gnn_pair,2207,a1cbdd76747c5064,cmAPP:1776,cmAPP:1822,2c34ab854a6ad95b,-0.6519000000000001,-0.2288621962070465,0.0775,0.1712,
2,gnn_pair,2207,50548dbd9fb26ec9,cmAPP:1792,cmAPP:1837,2c34ab854a6ad95b,-0.3258999999999999,-0.3550873398780823,0.3096,0.0693,
2,gnn_pair,2207,66ba2338161aed27,cmAPP:1680,cmAPP:1725,151435cc8a45853a,-0.1281999999999998,-0.1962311863899231,0.026,0.0135,
2,gnn_pair,2207,a85eb0b11202f59e,cmAPP:1685,cmAPP:1731,2c34ab854a6ad95b,-0.0718999999999999,-0.24426931142807,0.0286,0.0496,
2,gnn_pair,2207,c09f8ea736c8479d,cmAPP:1683,cmAPP:1728,151435cc8a45853a,-0.0143999999999999,-0.1758384704589843,0.0364,0.0256,
2,gnn_pair,2207,63008ff058569c96,cmAPP:1697,cmAPP:1742,2c34ab854a6ad95b,0.0057000000000001,-0.2088111639022827,0.0626999999999999,0.1005,
2,gnn_pair,2207,7a921af808b2dfa6,cmAPP:1694,cmAPP:1739,9620aee947fd49ea,-0.5276000000000001,-0.3466913998126983,0.0654,0.0993999999999999,
2,gnn_pair,2207,a15328e82188e58f,cmAPP:1717,cmAPP:1762,2c34ab854a6ad95b,-0.1387999999999999,-0.1703516840934753,0.0291,0.0843,
2,gnn_pair,2207,70da5f6f47632dfe,cmAPP:1686,cmAPP:1732,2c34ab854a6ad95b,0.0151000000000001,-0.2286277115345001,0.0491,0.027,
2,gnn_pair,2207,fd3f38efafcec3ac,cmAPP:1702,cmAPP:1747,2c34ab854a6ad95b,-0.0348999999999999,-0.3546284437179565,0.0555,0.046,
2,gnn_pair,2207,0eed2d75f2cde72d,cmAPP:1590,cmAPP:1635,151435cc8a45853a,-0.4034,-0.1960490942001342,0.0241,0.0295,
2,gnn_pair,2207,1a6c9baac85f3629,cmAPP:1595,cmAPP:1641,2c34ab854a6ad95b,-0.2018999999999999,-0.2433436810970306,0.0129,0.0771,
2,gnn_pair,2207,76e24e5164a31a01,cmAPP:1593,cmAPP:1638,151435cc8a45853a,-0.2168999999999999,-0.1754783987998962,0.0283999999999999,0.0443,
2,gnn_pair,2207,7ad1ff1601478950,cmAPP:1607,cmAPP:1652,2c34ab854a6ad95b,0.0006999999999999,-0.2082829177379608,0.0691,0.0260999999999999,
2,gnn_pair,2207,d69a2449a6634854,cmAPP:1604,cmAPP:1649,9620aee947fd49ea,-1.4533999999999998,-0.3463452458381653,0.0613999999999999,0.5695,
2,gnn_pair,2207,f3e88314b57e616d,cmAPP:1627,cmAPP:1672,2c34ab854a6ad95b,0.1450999999999999,-0.1700285077095031,0.075,0.0417,
2,gnn_pair,2207,8ab257e2caab32a6,cmAPP:1596,cmAPP:1642,2c34ab854a6ad95b,-0.1690000000000001,-0.227959007024765,0.0141,0.0283999999999999,
2,gnn_pair,2207,134f453b89ce7319,cmAPP:1612,cmAPP:1657,2c34ab854a6ad95b,0.1809999999999999,-0.3533198833465576,0.0599,0.0075,
2,gnn_pair,2207,6297178908babdb2,cmAPP:2040,cmAPP:2085,151435cc8a45853a,-0.2866999999999999,-0.1962950825691223,0.0592,0.0308,
2,gnn_pair,2207,e07fbd2f23396c88,cmAPP:2045,cmAPP:2091,2c34ab854a6ad95b,-0.1192,-0.2445939481258392,0.0538,0.0915,
2,gnn_pair,2207,ea69375d6e637f0b,cmAPP:2043,cmAPP:2088,151435cc8a45853a,-0.1327,-0.1759647727012634,0.0908,0.0266999999999999,
2,gnn_pair,2207,51c13c0eaed60726,cmAPP:2057,cmAPP:2102,2c34ab854a6ad95b,0.1406999999999999,-0.2089964151382446,0.0353,0.0542,
2,gnn_pair,2207,bfb561a0d6a8fc27,cmAPP:2054,cmAPP:2099,9620aee947fd49ea,-0.4963,-0.3468127846717834,0.0258,0.115,
2,gnn_pair,2207,ff45b277fb60624e,cmAPP:2077,cmAPP:2122,2c34ab854a6ad95b,-0.1391,-0.1704650521278381,0.0673,0.1009,
2,gnn_pair,2207,98341947aa56f870,cmAPP:2046,cmAPP:2092,2c34ab854a6ad95b,-0.1064999999999998,-0.2288621962070465,0.0504999999999999,0.0414,
2,gnn_pair,2207,5fb5972af28fa281,cmAPP:2062,cmAPP:2107,2c34ab854a6ad95b,-0.118,-0.3550873398780823,0.1033,0.0511,
2,gnn_pair,2207,8baebb96c0af3c90,cmAPP:1950,cmAPP:1995,151435cc8a45853a,-0.0972,-0.1962311863899231,0.0243,0.0365,
2,gnn_pair,2207,c55d3bcca2d2a449,cmAPP:1955,cmAPP:2001,2c34ab854a6ad95b,0.0237,-0.24426931142807,0.0421,0.0274,
2,gnn_pair,2207,ef7b3a1b137a6db8,cmAPP:1953,cmAPP:1998,151435cc8a45853a,-0.0221999999999999,-0.1758384704589843,0.0733,0.0483,
2,gnn_pair,2207,98f93e5fbbd41ec8,cmAPP:1967,cmAPP:2012,2c34ab854a6ad95b,0.1092999999999999,-0.2088111639022827,0.0698,0.0123,
2,gnn_pair,2207,de9de367cfd0516a,cmAPP:1964,cmAPP:2009,9620aee947fd49ea,-0.6374,-0.3466913998126983,0.0904,0.1176,
2,gnn_pair,2207,c78c802f0ed94739,cmAPP:1987,cmAPP:2032,2c34ab854a6ad95b,-0.0394000000000001,-0.1703516840934753,0.0444,0.0312,
2,gnn_pair,2207,4aba9407294ef0a7,cmAPP:1956,cmAPP:2002,2c34ab854a6ad95b,0.0110999999999999,-0.2286277115345001,0.045,0.0151,
2,gnn_pair,2207,29266f87dbea9446,cmAPP:1972,cmAPP:2017,2c34ab854a6ad95b,-0.0115999999999999,-0.3546284437179565,0.0276,0.0372,
2,gnn_pair,2207,eb05d8fd23cb21a3,cmAPP:1860,cmAPP:1905,151435cc8a45853a,-0.1052999999999999,-0.1960490942001342,0.0024,0.021,
2,gnn_pair,2207,db6359943b17ecc7,cmAPP:1865,cmAPP:1911,2c34ab854a6ad95b,-0.0193,-0.2433436810970306,0.0095,0.0076,
2,gnn_pair,2207,4e91bc478f4a4aaa,cmAPP:1863,cmAPP:1908,151435cc8a45853a,-0.0065999999999999,-0.1754783987998962,0.0008,0.0070999999999999,
2,gnn_pair,2207,db76931262b18262,cmAPP:1877,cmAPP:1922,2c34ab854a6ad95b,-0.0225999999999998,-0.2082829177379608,0.0347,0.0526,
2,gnn_pair,2207,c748ab46e40eb3c6,cmAPP:1874,cmAPP:1919,9620aee947fd49ea,-0.7228,-0.3463452458381653,0.0068,0.2271999999999999,
2,gnn_pair,2207,72fdff714d1fc08e,cmAPP:1897,cmAPP:1942,2c34ab854a6ad95b,-0.0698999999999999,-0.1700285077095031,0.019,0.037,
2,gnn_pair,2207,a4c4b94f50336897,cmAPP:1866,cmAPP:1912,2c34ab854a6ad95b,-0.0341999999999999,-0.227959007024765,0.0053,0.0118999999999999,
2,gnn_pair,2207,46898ba7d044be9b,cmAPP:1882,cmAPP:1927,2c34ab854a6ad95b,0.0007,-0.3533198833465576,0.0242,0.0287,
2,gnn_pair,3301,93389904f33e7718,cmAPP:1770,cmAPP:1815,151435cc8a45853a,-1.6145,-0.1383606791496276,0.0704,0.1384999999999999,
2,gnn_pair,3301,e24b7d2aa22bb55c,cmAPP:1775,cmAPP:1821,2c34ab854a6ad95b,-0.9341,-0.3236373662948608,0.0596,0.3439,
2,gnn_pair,3301,c5b8e137a303cb45,cmAPP:1773,cmAPP:1818,151435cc8a45853a,-0.0211,-0.1366353034973144,0.0848,0.1288,
2,gnn_pair,3301,ac1b30806815ea4e,cmAPP:1787,cmAPP:1832,2c34ab854a6ad95b,-0.8095999999999999,-0.0971350073814392,0.1321,0.4403,
2,gnn_pair,3301,b6967a59b842adff,cmAPP:1784,cmAPP:1829,9620aee947fd49ea,-2.8806,-0.3233246803283691,0.1178999999999999,0.5047999999999999,
2,gnn_pair,3301,6ca5840cef4726ff,cmAPP:1807,cmAPP:1852,2c34ab854a6ad95b,0.1781,-0.1357375681400299,0.1475,0.1971,
2,gnn_pair,3301,a1cbdd76747c5064,cmAPP:1776,cmAPP:1822,2c34ab854a6ad95b,-0.6519000000000001,-0.2128859758377075,0.0775,0.1712,
2,gnn_pair,3301,50548dbd9fb26ec9,cmAPP:1792,cmAPP:1837,2c34ab854a6ad95b,-0.3258999999999999,-0.357997715473175,0.3096,0.0693,
2,gnn_pair,3301,66ba2338161aed27,cmAPP:1680,cmAPP:1725,151435cc8a45853a,-0.1281999999999998,-0.1379167437553405,0.026,0.0135,
2,gnn_pair,3301,a85eb0b11202f59e,cmAPP:1685,cmAPP:1731,2c34ab854a6ad95b,-0.0718999999999999,-0.3236867189407348,0.0286,0.0496,
2,gnn_pair,3301,c09f8ea736c8479d,cmAPP:1683,cmAPP:1728,151435cc8a45853a,-0.0143999999999999,-0.1367247700691223,0.0364,0.0256,
2,gnn_pair,3301,63008ff058569c96,cmAPP:1697,cmAPP:1742,2c34ab854a6ad95b,0.0057000000000001,-0.0970706939697265,0.0626999999999999,0.1005,
2,gnn_pair,3301,7a921af808b2dfa6,cmAPP:1694,cmAPP:1739,9620aee947fd49ea,-0.5276000000000001,-0.3227381706237793,0.0654,0.0993999999999999,
2,gnn_pair,3301,a15328e82188e58f,cmAPP:1717,cmAPP:1762,2c34ab854a6ad95b,-0.1387999999999999,-0.1356541514396667,0.0291,0.0843,
2,gnn_pair,3301,70da5f6f47632dfe,cmAPP:1686,cmAPP:1732,2c34ab854a6ad95b,0.0151000000000001,-0.2127279043197631,0.0491,0.027,
2,gnn_pair,3301,fd3f38efafcec3ac,cmAPP:1702,cmAPP:1747,2c34ab854a6ad95b,-0.0348999999999999,-0.3573236167430877,0.0555,0.046,
2,gnn_pair,3301,0eed2d75f2cde72d,cmAPP:1590,cmAPP:1635,151435cc8a45853a,-0.4034,-0.1366509199142456,0.0241,0.0295,
2,gnn_pair,3301,1a6c9baac85f3629,cmAPP:1595,cmAPP:1641,2c34ab854a6ad95b,-0.2018999999999999,-0.3238275051116943,0.0129,0.0771,
2,gnn_pair,3301,76e24e5164a31a01,cmAPP:1593,cmAPP:1638,151435cc8a45853a,-0.2168999999999999,-0.1369800567626953,0.0283999999999999,0.0443,
2,gnn_pair,3301,7ad1ff1601478950,cmAPP:1607,cmAPP:1652,2c34ab854a6ad95b,0.0006999999999999,-0.0968873500823974,0.0691,0.0260999999999999,
2,gnn_pair,3301,d69a2449a6634854,cmAPP:1604,cmAPP:1649,9620aee947fd49ea,-1.4533999999999998,-0.321073979139328,0.0613999999999999,0.5695,
2,gnn_pair,3301,f3e88314b57e616d,cmAPP:1627,cmAPP:1672,2c34ab854a6ad95b,0.1450999999999999,-0.1355575025081634,0.075,0.0417,
2,gnn_pair,3301,8ab257e2caab32a6,cmAPP:1596,cmAPP:1642,2c34ab854a6ad95b,-0.1690000000000001,-0.2122770547866821,0.0141,0.0283999999999999,
2,gnn_pair,3301,134f453b89ce7319,cmAPP:1612,cmAPP:1657,2c34ab854a6ad95b,0.1809999999999999,-0.3554014265537262,0.0599,0.0075,
2,gnn_pair,3301,6297178908babdb2,cmAPP:2040,cmAPP:2085,151435cc8a45853a,-0.2866999999999999,-0.1383606791496276,0.0592,0.0308,
2,gnn_pair,3301,e07fbd2f23396c88,cmAPP:2045,cmAPP:2091,2c34ab854a6ad95b,-0.1192,-0.3236373662948608,0.0538,0.0915,
2,gnn_pair,3301,ea69375d6e637f0b,cmAPP:2043,cmAPP:2088,151435cc8a45853a,-0.1327,-0.1366353034973144,0.0908,0.0266999999999999,
2,gnn_pair,3301,51c13c0eaed60726,cmAPP:2057,cmAPP:2102,2c34ab854a6ad95b,0.1406999999999999,-0.0971350073814392,0.0353,0.0542,
2,gnn_pair,3301,bfb561a0d6a8fc27,cmAPP:2054,cmAPP:2099,9620aee947fd49ea,-0.4963,-0.3233246803283691,0.0258,0.115,
2,gnn_pair,3301,ff45b277fb60624e,cmAPP:2077,cmAPP:2122,2c34ab854a6ad95b,-0.1391,-0.1357375681400299,0.0673,0.1009,
2,gnn_pair,3301,98341947aa56f870,cmAPP:2046,cmAPP:2092,2c34ab854a6ad95b,-0.1064999999999998,-0.2128859758377075,0.0504999999999999,0.0414,
2,gnn_pair,3301,5fb5972af28fa281,cmAPP:2062,cmAPP:2107,2c34ab854a6ad95b,-0.118,-0.357997715473175,0.1033,0.0511,
2,gnn_pair,3301,8baebb96c0af3c90,cmAPP:1950,cmAPP:1995,151435cc8a45853a,-0.0972,-0.1379167437553405,0.0243,0.0365,
2,gnn_pair,3301,c55d3bcca2d2a449,cmAPP:1955,cmAPP:2001,2c34ab854a6ad95b,0.0237,-0.3236867189407348,0.0421,0.0274,
2,gnn_pair,3301,ef7b3a1b137a6db8,cmAPP:1953,cmAPP:1998,151435cc8a45853a,-0.0221999999999999,-0.1367247700691223,0.0733,0.0483,
2,gnn_pair,3301,98f93e5fbbd41ec8,cmAPP:1967,cmAPP:2012,2c34ab854a6ad95b,0.1092999999999999,-0.0970706939697265,0.0698,0.0123,
2,gnn_pair,3301,de9de367cfd0516a,cmAPP:1964,cmAPP:2009,9620aee947fd49ea,-0.6374,-0.3227381706237793,0.0904,0.1176,
2,gnn_pair,3301,c78c802f0ed94739,cmAPP:1987,cmAPP:2032,2c34ab854a6ad95b,-0.0394000000000001,-0.1356541514396667,0.0444,0.0312,
2,gnn_pair,3301,4aba9407294ef0a7,cmAPP:1956,cmAPP:2002,2c34ab854a6ad95b,0.0110999999999999,-0.2127279043197631,0.045,0.0151,
2,gnn_pair,3301,29266f87dbea9446,cmAPP:1972,cmAPP:2017,2c34ab854a6ad95b,-0.0115999999999999,-0.3573236167430877,0.0276,0.0372,
2,gnn_pair,3301,eb05d8fd23cb21a3,cmAPP:1860,cmAPP:1905,151435cc8a45853a,-0.1052999999999999,-0.1366509199142456,0.0024,0.021,
2,gnn_pair,3301,db6359943b17ecc7,cmAPP:1865,cmAPP:1911,2c34ab854a6ad95b,-0.0193,-0.3238275051116943,0.0095,0.0076,
2,gnn_pair,3301,4e91bc478f4a4aaa,cmAPP:1863,cmAPP:1908,151435cc8a45853a,-0.0065999999999999,-0.1369800567626953,0.0008,0.0070999999999999,
2,gnn_pair,3301,db76931262b18262,cmAPP:1877,cmAPP:1922,2c34ab854a6ad95b,-0.0225999999999998,-0.0968873500823974,0.0347,0.0526,
2,gnn_pair,3301,c748ab46e40eb3c6,cmAPP:1874,cmAPP:1919,9620aee947fd49ea,-0.7228,-0.321073979139328,0.0068,0.2271999999999999,
2,gnn_pair,3301,72fdff714d1fc08e,cmAPP:1897,cmAPP:1942,2c34ab854a6ad95b,-0.0698999999999999,-0.1355575025081634,0.019,0.037,
2,gnn_pair,3301,a4c4b94f50336897,cmAPP:1866,cmAPP:1912,2c34ab854a6ad95b,-0.0341999999999999,-0.2122770547866821,0.0053,0.0118999999999999,
2,gnn_pair,3301,46898ba7d044be9b,cmAPP:1882,cmAPP:1927,2c34ab854a6ad95b,0.0007,-0.3554014265537262,0.0242,0.0287,
2,nongraph_pair,1103,93389904f33e7718,cmAPP:1770,cmAPP:1815,151435cc8a45853a,-1.6145,-0.2351348996162414,0.0704,0.1384999999999999,
2,nongraph_pair,1103,e24b7d2aa22bb55c,cmAPP:1775,cmAPP:1821,2c34ab854a6ad95b,-0.9341,-0.255286693572998,0.0596,0.3439,
2,nongraph_pair,1103,c5b8e137a303cb45,cmAPP:1773,cmAPP:1818,151435cc8a45853a,-0.0211,-0.2269286513328552,0.0848,0.1288,
2,nongraph_pair,1103,ac1b30806815ea4e,cmAPP:1787,cmAPP:1832,2c34ab854a6ad95b,-0.8095999999999999,-0.2272195816040039,0.1321,0.4403,
2,nongraph_pair,1103,b6967a59b842adff,cmAPP:1784,cmAPP:1829,9620aee947fd49ea,-2.8806,-0.2734966874122619,0.1178999999999999,0.5047999999999999,
2,nongraph_pair,1103,6ca5840cef4726ff,cmAPP:1807,cmAPP:1852,2c34ab854a6ad95b,0.1781,-0.2512900233268738,0.1475,0.1971,
2,nongraph_pair,1103,a1cbdd76747c5064,cmAPP:1776,cmAPP:1822,2c34ab854a6ad95b,-0.6519000000000001,-0.2450498342514038,0.0775,0.1712,
2,nongraph_pair,1103,50548dbd9fb26ec9,cmAPP:1792,cmAPP:1837,2c34ab854a6ad95b,-0.3258999999999999,-0.2812933921813965,0.3096,0.0693,
2,nongraph_pair,1103,66ba2338161aed27,cmAPP:1680,cmAPP:1725,151435cc8a45853a,-0.1281999999999998,-0.235090434551239,0.026,0.0135,
2,nongraph_pair,1103,a85eb0b11202f59e,cmAPP:1685,cmAPP:1731,2c34ab854a6ad95b,-0.0718999999999999,-0.2554211616516113,0.0286,0.0496,
2,nongraph_pair,1103,c09f8ea736c8479d,cmAPP:1683,cmAPP:1728,151435cc8a45853a,-0.0143999999999999,-0.2267574071884155,0.0364,0.0256,
2,nongraph_pair,1103,63008ff058569c96,cmAPP:1697,cmAPP:1742,2c34ab854a6ad95b,0.0057000000000001,-0.2272034287452697,0.0626999999999999,0.1005,
2,nongraph_pair,1103,7a921af808b2dfa6,cmAPP:1694,cmAPP:1739,9620aee947fd49ea,-0.5276000000000001,-0.2733893394470215,0.0654,0.0993999999999999,
2,nongraph_pair,1103,a15328e82188e58f,cmAPP:1717,cmAPP:1762,2c34ab854a6ad95b,-0.1387999999999999,-0.251038908958435,0.0291,0.0843,
2,nongraph_pair,1103,70da5f6f47632dfe,cmAPP:1686,cmAPP:1732,2c34ab854a6ad95b,0.0151000000000001,-0.2449827194213867,0.0491,0.027,
2,nongraph_pair,1103,fd3f38efafcec3ac,cmAPP:1702,cmAPP:1747,2c34ab854a6ad95b,-0.0348999999999999,-0.2812861204147339,0.0555,0.046,
2,nongraph_pair,1103,0eed2d75f2cde72d,cmAPP:1590,cmAPP:1635,151435cc8a45853a,-0.4034,-0.2349637746810913,0.0241,0.0295,
2,nongraph_pair,1103,1a6c9baac85f3629,cmAPP:1595,cmAPP:1641,2c34ab854a6ad95b,-0.2018999999999999,-0.2558044493198395,0.0129,0.0771,
2,nongraph_pair,1103,76e24e5164a31a01,cmAPP:1593,cmAPP:1638,151435cc8a45853a,-0.2168999999999999,-0.2262690663337707,0.0283999999999999,0.0443,
2,nongraph_pair,1103,7ad1ff1601478950,cmAPP:1607,cmAPP:1652,2c34ab854a6ad95b,0.0006999999999999,-0.227157175540924,0.0691,0.0260999999999999,
2,nongraph_pair,1103,d69a2449a6634854,cmAPP:1604,cmAPP:1649,9620aee947fd49ea,-1.4533999999999998,-0.2730833292007446,0.0613999999999999,0.5695,
2,nongraph_pair,1103,f3e88314b57e616d,cmAPP:1627,cmAPP:1672,2c34ab854a6ad95b,0.1450999999999999,-0.2503227293491363,0.075,0.0417,
2,nongraph_pair,1103,8ab257e2caab32a6,cmAPP:1596,cmAPP:1642,2c34ab854a6ad95b,-0.1690000000000001,-0.2447913885116577,0.0141,0.0283999999999999,
2,nongraph_pair,1103,134f453b89ce7319,cmAPP:1612,cmAPP:1657,2c34ab854a6ad95b,0.1809999999999999,-0.2812652587890625,0.0599,0.0075,
2,nongraph_pair,1103,6297178908babdb2,cmAPP:2040,cmAPP:2085,151435cc8a45853a,-0.2866999999999999,-0.2351348996162414,0.0592,0.0308,
2,nongraph_pair,1103,e07fbd2f23396c88,cmAPP:2045,cmAPP:2091,2c34ab854a6ad95b,-0.1192,-0.255286693572998,0.0538,0.0915,
2,nongraph_pair,1103,ea69375d6e637f0b,cmAPP:2043,cmAPP:2088,151435cc8a45853a,-0.1327,-0.2269286513328552,0.0908,0.0266999999999999,
2,nongraph_pair,1103,51c13c0eaed60726,cmAPP:2057,cmAPP:2102,2c34ab854a6ad95b,0.1406999999999999,-0.2272195816040039,0.0353,0.0542,
2,nongraph_pair,1103,bfb561a0d6a8fc27,cmAPP:2054,cmAPP:2099,9620aee947fd49ea,-0.4963,-0.2734966874122619,0.0258,0.115,
2,nongraph_pair,1103,ff45b277fb60624e,cmAPP:2077,cmAPP:2122,2c34ab854a6ad95b,-0.1391,-0.2512900233268738,0.0673,0.1009,
2,nongraph_pair,1103,98341947aa56f870,cmAPP:2046,cmAPP:2092,2c34ab854a6ad95b,-0.1064999999999998,-0.2450498342514038,0.0504999999999999,0.0414,
2,nongraph_pair,1103,5fb5972af28fa281,cmAPP:2062,cmAPP:2107,2c34ab854a6ad95b,-0.118,-0.2812933921813965,0.1033,0.0511,
2,nongraph_pair,1103,8baebb96c0af3c90,cmAPP:1950,cmAPP:1995,151435cc8a45853a,-0.0972,-0.235090434551239,0.0243,0.0365,
2,nongraph_pair,1103,c55d3bcca2d2a449,cmAPP:1955,cmAPP:2001,2c34ab854a6ad95b,0.0237,-0.2554211616516113,0.0421,0.0274,
2,nongraph_pair,1103,ef7b3a1b137a6db8,cmAPP:1953,cmAPP:1998,151435cc8a45853a,-0.0221999999999999,-0.2267574071884155,0.0733,0.0483,
2,nongraph_pair,1103,98f93e5fbbd41ec8,cmAPP:1967,cmAPP:2012,2c34ab854a6ad95b,0.1092999999999999,-0.2272034287452697,0.0698,0.0123,
2,nongraph_pair,1103,de9de367cfd0516a,cmAPP:1964,cmAPP:2009,9620aee947fd49ea,-0.6374,-0.2733893394470215,0.0904,0.1176,
2,nongraph_pair,1103,c78c802f0ed94739,cmAPP:1987,cmAPP:2032,2c34ab854a6ad95b,-0.0394000000000001,-0.251038908958435,0.0444,0.0312,
2,nongraph_pair,1103,4aba9407294ef0a7,cmAPP:1956,cmAPP:2002,2c34ab854a6ad95b,0.0110999999999999,-0.2449827194213867,0.045,0.0151,
2,nongraph_pair,1103,29266f87dbea9446,cmAPP:1972,cmAPP:2017,2c34ab854a6ad95b,-0.0115999999999999,-0.2812861204147339,0.0276,0.0372,
2,nongraph_pair,1103,eb05d8fd23cb21a3,cmAPP:1860,cmAPP:1905,151435cc8a45853a,-0.1052999999999999,-0.2349637746810913,0.0024,0.021,
2,nongraph_pair,1103,db6359943b17ecc7,cmAPP:1865,cmAPP:1911,2c34ab854a6ad95b,-0.0193,-0.2558044493198395,0.0095,0.0076,
2,nongraph_pair,1103,4e91bc478f4a4aaa,cmAPP:1863,cmAPP:1908,151435cc8a45853a,-0.0065999999999999,-0.2262690663337707,0.0008,0.0070999999999999,
2,nongraph_pair,1103,db76931262b18262,cmAPP:1877,cmAPP:1922,2c34ab854a6ad95b,-0.0225999999999998,-0.227157175540924,0.0347,0.0526,
2,nongraph_pair,1103,c748ab46e40eb3c6,cmAPP:1874,cmAPP:1919,9620aee947fd49ea,-0.7228,-0.2730833292007446,0.0068,0.2271999999999999,
2,nongraph_pair,1103,72fdff714d1fc08e,cmAPP:1897,cmAPP:1942,2c34ab854a6ad95b,-0.0698999999999999,-0.2503227293491363,0.019,0.037,
2,nongraph_pair,1103,a4c4b94f50336897,cmAPP:1866,cmAPP:1912,2c34ab854a6ad95b,-0.0341999999999999,-0.2447913885116577,0.0053,0.0118999999999999,
2,nongraph_pair,1103,46898ba7d044be9b,cmAPP:1882,cmAPP:1927,2c34ab854a6ad95b,0.0007,-0.2812652587890625,0.0242,0.0287,
2,nongraph_pair,2207,93389904f33e7718,cmAPP:1770,cmAPP:1815,151435cc8a45853a,-1.6145,-0.1869255900382995,0.0704,0.1384999999999999,
2,nongraph_pair,2207,e24b7d2aa22bb55c,cmAPP:1775,cmAPP:1821,2c34ab854a6ad95b,-0.9341,-0.2488167881965637,0.0596,0.3439,
2,nongraph_pair,2207,c5b8e137a303cb45,cmAPP:1773,cmAPP:1818,151435cc8a45853a,-0.0211,-0.1521720290184021,0.0848,0.1288,
2,nongraph_pair,2207,ac1b30806815ea4e,cmAPP:1787,cmAPP:1832,2c34ab854a6ad95b,-0.8095999999999999,-0.1291082203388214,0.1321,0.4403,
2,nongraph_pair,2207,b6967a59b842adff,cmAPP:1784,cmAPP:1829,9620aee947fd49ea,-2.8806,-0.4279278516769409,0.1178999999999999,0.5047999999999999,
2,nongraph_pair,2207,6ca5840cef4726ff,cmAPP:1807,cmAPP:1852,2c34ab854a6ad95b,0.1781,-0.1057445108890533,0.1475,0.1971,
2,nongraph_pair,2207,a1cbdd76747c5064,cmAPP:1776,cmAPP:1822,2c34ab854a6ad95b,-0.6519000000000001,-0.1861160397529602,0.0775,0.1712,
2,nongraph_pair,2207,50548dbd9fb26ec9,cmAPP:1792,cmAPP:1837,2c34ab854a6ad95b,-0.3258999999999999,-0.3476523756980896,0.3096,0.0693,
2,nongraph_pair,2207,66ba2338161aed27,cmAPP:1680,cmAPP:1725,151435cc8a45853a,-0.1281999999999998,-0.1867575645446777,0.026,0.0135,
2,nongraph_pair,2207,a85eb0b11202f59e,cmAPP:1685,cmAPP:1731,2c34ab854a6ad95b,-0.0718999999999999,-0.2483729124069214,0.0286,0.0496,
2,nongraph_pair,2207,c09f8ea736c8479d,cmAPP:1683,cmAPP:1728,151435cc8a45853a,-0.0143999999999999,-0.1519580483436584,0.0364,0.0256,
2,nongraph_pair,2207,63008ff058569c96,cmAPP:1697,cmAPP:1742,2c34ab854a6ad95b,0.0057000000000001,-0.1293190121650695,0.0626999999999999,0.1005,
2,nongraph_pair,2207,7a921af808b2dfa6,cmAPP:1694,cmAPP:1739,9620aee947fd49ea,-0.5276000000000001,-0.4274470806121826,0.0654,0.0993999999999999,
2,nongraph_pair,2207,a15328e82188e58f,cmAPP:1717,cmAPP:1762,2c34ab854a6ad95b,-0.1387999999999999,-0.1054914891719818,0.0291,0.0843,
2,nongraph_pair,2207,70da5f6f47632dfe,cmAPP:1686,cmAPP:1732,2c34ab854a6ad95b,0.0151000000000001,-0.1860014796257019,0.0491,0.027,
2,nongraph_pair,2207,fd3f38efafcec3ac,cmAPP:1702,cmAPP:1747,2c34ab854a6ad95b,-0.0348999999999999,-0.3477468192577362,0.0555,0.046,
2,nongraph_pair,2207,0eed2d75f2cde72d,cmAPP:1590,cmAPP:1635,151435cc8a45853a,-0.4034,-0.1862787008285522,0.0241,0.0295,
2,nongraph_pair,2207,1a6c9baac85f3629,cmAPP:1595,cmAPP:1641,2c34ab854a6ad95b,-0.2018999999999999,-0.2471071481704712,0.0129,0.0771,
2,nongraph_pair,2207,76e24e5164a31a01,cmAPP:1593,cmAPP:1638,151435cc8a45853a,-0.2168999999999999,-0.1513478755950927,0.0283999999999999,0.0443,
2,nongraph_pair,2207,7ad1ff1601478950,cmAPP:1607,cmAPP:1652,2c34ab854a6ad95b,0.0006999999999999,-0.1299037635326385,0.0691,0.0260999999999999,
2,nongraph_pair,2207,d69a2449a6634854,cmAPP:1604,cmAPP:1649,9620aee947fd49ea,-1.4533999999999998,-0.4260760247707367,0.0613999999999999,0.5695,
2,nongraph_pair,2207,f3e88314b57e616d,cmAPP:1627,cmAPP:1672,2c34ab854a6ad95b,0.1450999999999999,-0.1047701239585876,0.075,0.0417,
2,nongraph_pair,2207,8ab257e2caab32a6,cmAPP:1596,cmAPP:1642,2c34ab854a6ad95b,-0.1690000000000001,-0.1856634616851806,0.0141,0.0283999999999999,
2,nongraph_pair,2207,134f453b89ce7319,cmAPP:1612,cmAPP:1657,2c34ab854a6ad95b,0.1809999999999999,-0.3480162024497986,0.0599,0.0075,
2,nongraph_pair,2207,6297178908babdb2,cmAPP:2040,cmAPP:2085,151435cc8a45853a,-0.2866999999999999,-0.1869255900382995,0.0592,0.0308,
2,nongraph_pair,2207,e07fbd2f23396c88,cmAPP:2045,cmAPP:2091,2c34ab854a6ad95b,-0.1192,-0.2488167881965637,0.0538,0.0915,
2,nongraph_pair,2207,ea69375d6e637f0b,cmAPP:2043,cmAPP:2088,151435cc8a45853a,-0.1327,-0.1521720290184021,0.0908,0.0266999999999999,
2,nongraph_pair,2207,51c13c0eaed60726,cmAPP:2057,cmAPP:2102,2c34ab854a6ad95b,0.1406999999999999,-0.1291082203388214,0.0353,0.0542,
2,nongraph_pair,2207,bfb561a0d6a8fc27,cmAPP:2054,cmAPP:2099,9620aee947fd49ea,-0.4963,-0.4279278516769409,0.0258,0.115,
2,nongraph_pair,2207,ff45b277fb60624e,cmAPP:2077,cmAPP:2122,2c34ab854a6ad95b,-0.1391,-0.1057445108890533,0.0673,0.1009,
2,nongraph_pair,2207,98341947aa56f870,cmAPP:2046,cmAPP:2092,2c34ab854a6ad95b,-0.1064999999999998,-0.1861160397529602,0.0504999999999999,0.0414,
2,nongraph_pair,2207,5fb5972af28fa281,cmAPP:2062,cmAPP:2107,2c34ab854a6ad95b,-0.118,-0.3476523756980896,0.1033,0.0511,
2,nongraph_pair,2207,8baebb96c0af3c90,cmAPP:1950,cmAPP:1995,151435cc8a45853a,-0.0972,-0.1867575645446777,0.0243,0.0365,
2,nongraph_pair,2207,c55d3bcca2d2a449,cmAPP:1955,cmAPP:2001,2c34ab854a6ad95b,0.0237,-0.2483729124069214,0.0421,0.0274,
2,nongraph_pair,2207,ef7b3a1b137a6db8,cmAPP:1953,cmAPP:1998,151435cc8a45853a,-0.0221999999999999,-0.1519580483436584,0.0733,0.0483,
2,nongraph_pair,2207,98f93e5fbbd41ec8,cmAPP:1967,cmAPP:2012,2c34ab854a6ad95b,0.1092999999999999,-0.1293190121650695,0.0698,0.0123,
2,nongraph_pair,2207,de9de367cfd0516a,cmAPP:1964,cmAPP:2009,9620aee947fd49ea,-0.6374,-0.4274470806121826,0.0904,0.1176,
2,nongraph_pair,2207,c78c802f0ed94739,cmAPP:1987,cmAPP:2032,2c34ab854a6ad95b,-0.0394000000000001,-0.1054914891719818,0.0444,0.0312,
2,nongraph_pair,2207,4aba9407294ef0a7,cmAPP:1956,cmAPP:2002,2c34ab854a6ad95b,0.0110999999999999,-0.1860014796257019,0.045,0.0151,
2,nongraph_pair,2207,29266f87dbea9446,cmAPP:1972,cmAPP:2017,2c34ab854a6ad95b,-0.0115999999999999,-0.3477468192577362,0.0276,0.0372,
2,nongraph_pair,2207,eb05d8fd23cb21a3,cmAPP:1860,cmAPP:1905,151435cc8a45853a,-0.1052999999999999,-0.1862787008285522,0.0024,0.021,
2,nongraph_pair,2207,db6359943b17ecc7,cmAPP:1865,cmAPP:1911,2c34ab854a6ad95b,-0.0193,-0.2471071481704712,0.0095,0.0076,
2,nongraph_pair,2207,4e91bc478f4a4aaa,cmAPP:1863,cmAPP:1908,151435cc8a45853a,-0.0065999999999999,-0.1513478755950927,0.0008,0.0070999999999999,
2,nongraph_pair,2207,db76931262b18262,cmAPP:1877,cmAPP:1922,2c34ab854a6ad95b,-0.0225999999999998,-0.1299037635326385,0.0347,0.0526,
2,nongraph_pair,2207,c748ab46e40eb3c6,cmAPP:1874,cmAPP:1919,9620aee947fd49ea,-0.7228,-0.4260760247707367,0.0068,0.2271999999999999,
2,nongraph_pair,2207,72fdff714d1fc08e,cmAPP:1897,cmAPP:1942,2c34ab854a6ad95b,-0.0698999999999999,-0.1047701239585876,0.019,0.037,
2,nongraph_pair,2207,a4c4b94f50336897,cmAPP:1866,cmAPP:1912,2c34ab854a6ad95b,-0.0341999999999999,-0.1856634616851806,0.0053,0.0118999999999999,
2,nongraph_pair,2207,46898ba7d044be9b,cmAPP:1882,cmAPP:1927,2c34ab854a6ad95b,0.0007,-0.3480162024497986,0.0242,0.0287,
2,nongraph_pair,3301,93389904f33e7718,cmAPP:1770,cmAPP:1815,151435cc8a45853a,-1.6145,-0.2363813519477844,0.0704,0.1384999999999999,
2,nongraph_pair,3301,e24b7d2aa22bb55c,cmAPP:1775,cmAPP:1821,2c34ab854a6ad95b,-0.9341,-0.257632851600647,0.0596,0.3439,
2,nongraph_pair,3301,c5b8e137a303cb45,cmAPP:1773,cmAPP:1818,151435cc8a45853a,-0.0211,-0.1944510340690612,0.0848,0.1288,
2,nongraph_pair,3301,ac1b30806815ea4e,cmAPP:1787,cmAPP:1832,2c34ab854a6ad95b,-0.8095999999999999,-0.2243781387805938,0.1321,0.4403,
2,nongraph_pair,3301,b6967a59b842adff,cmAPP:1784,cmAPP:1829,9620aee947fd49ea,-2.8806,-0.2743213176727295,0.1178999999999999,0.5047999999999999,
2,nongraph_pair,3301,6ca5840cef4726ff,cmAPP:1807,cmAPP:1852,2c34ab854a6ad95b,0.1781,-0.2552795112133026,0.1475,0.1971,
2,nongraph_pair,3301,a1cbdd76747c5064,cmAPP:1776,cmAPP:1822,2c34ab854a6ad95b,-0.6519000000000001,-0.2736769318580627,0.0775,0.1712,
2,nongraph_pair,3301,50548dbd9fb26ec9,cmAPP:1792,cmAPP:1837,2c34ab854a6ad95b,-0.3258999999999999,-0.2895729839801788,0.3096,0.0693,
2,nongraph_pair,3301,66ba2338161aed27,cmAPP:1680,cmAPP:1725,151435cc8a45853a,-0.1281999999999998,-0.236078679561615,0.026,0.0135,
2,nongraph_pair,3301,a85eb0b11202f59e,cmAPP:1685,cmAPP:1731,2c34ab854a6ad95b,-0.0718999999999999,-0.2575226128101349,0.0286,0.0496,
2,nongraph_pair,3301,c09f8ea736c8479d,cmAPP:1683,cmAPP:1728,151435cc8a45853a,-0.0143999999999999,-0.194166898727417,0.0364,0.0256,
2,nongraph_pair,3301,63008ff058569c96,cmAPP:1697,cmAPP:1742,2c34ab854a6ad95b,0.0057000000000001,-0.2243277430534362,0.0626999999999999,0.1005,
2,nongraph_pair,3301,7a921af808b2dfa6,cmAPP:1694,cmAPP:1739,9620aee947fd49ea,-0.5276000000000001,-0.2742056250572204,0.0654,0.0993999999999999,
2,nongraph_pair,3301,a15328e82188e58f,cmAPP:1717,cmAPP:1762,2c34ab854a6ad95b,-0.1387999999999999,-0.2552236318588257,0.0291,0.0843,
2,nongraph_pair,3301,70da5f6f47632dfe,cmAPP:1686,cmAPP:1732,2c34ab854a6ad95b,0.0151000000000001,-0.2733368277549743,0.0491,0.027,
2,nongraph_pair,3301,fd3f38efafcec3ac,cmAPP:1702,cmAPP:1747,2c34ab854a6ad95b,-0.0348999999999999,-0.2892835736274719,0.0555,0.046,
2,nongraph_pair,3301,0eed2d75f2cde72d,cmAPP:1590,cmAPP:1635,151435cc8a45853a,-0.4034,-0.2352154850959777,0.0241,0.0295,
2,nongraph_pair,3301,1a6c9baac85f3629,cmAPP:1595,cmAPP:1641,2c34ab854a6ad95b,-0.2018999999999999,-0.2572082877159118,0.0129,0.0771,
2,nongraph_pair,3301,76e24e5164a31a01,cmAPP:1593,cmAPP:1638,151435cc8a45853a,-0.2168999999999999,-0.1933566331863403,0.0283999999999999,0.0443,
2,nongraph_pair,3301,7ad1ff1601478950,cmAPP:1607,cmAPP:1652,2c34ab854a6ad95b,0.0006999999999999,-0.2239843606948852,0.0691,0.0260999999999999,
2,nongraph_pair,3301,d69a2449a6634854,cmAPP:1604,cmAPP:1649,9620aee947fd49ea,-1.4533999999999998,-0.2738755643367767,0.0613999999999999,0.5695,
2,nongraph_pair,3301,f3e88314b57e616d,cmAPP:1627,cmAPP:1672,2c34ab854a6ad95b,0.1450999999999999,-0.2550642490386963,0.075,0.0417,
2,nongraph_pair,3301,8ab257e2caab32a6,cmAPP:1596,cmAPP:1642,2c34ab854a6ad95b,-0.1690000000000001,-0.2723670899868011,0.0141,0.0283999999999999,
2,nongraph_pair,3301,134f453b89ce7319,cmAPP:1612,cmAPP:1657,2c34ab854a6ad95b,0.1809999999999999,-0.2884583473205566,0.0599,0.0075,
2,nongraph_pair,3301,6297178908babdb2,cmAPP:2040,cmAPP:2085,151435cc8a45853a,-0.2866999999999999,-0.2363813519477844,0.0592,0.0308,
2,nongraph_pair,3301,e07fbd2f23396c88,cmAPP:2045,cmAPP:2091,2c34ab854a6ad95b,-0.1192,-0.257632851600647,0.0538,0.0915,
2,nongraph_pair,3301,ea69375d6e637f0b,cmAPP:2043,cmAPP:2088,151435cc8a45853a,-0.1327,-0.1944510340690612,0.0908,0.0266999999999999,
2,nongraph_pair,3301,51c13c0eaed60726,cmAPP:2057,cmAPP:2102,2c34ab854a6ad95b,0.1406999999999999,-0.2243781387805938,0.0353,0.0542,
2,nongraph_pair,3301,bfb561a0d6a8fc27,cmAPP:2054,cmAPP:2099,9620aee947fd49ea,-0.4963,-0.2743213176727295,0.0258,0.115,
2,nongraph_pair,3301,ff45b277fb60624e,cmAPP:2077,cmAPP:2122,2c34ab854a6ad95b,-0.1391,-0.2552795112133026,0.0673,0.1009,
2,nongraph_pair,3301,98341947aa56f870,cmAPP:2046,cmAPP:2092,2c34ab854a6ad95b,-0.1064999999999998,-0.2736769318580627,0.0504999999999999,0.0414,
2,nongraph_pair,3301,5fb5972af28fa281,cmAPP:2062,cmAPP:2107,2c34ab854a6ad95b,-0.118,-0.2895729839801788,0.1033,0.0511,
2,nongraph_pair,3301,8baebb96c0af3c90,cmAPP:1950,cmAPP:1995,151435cc8a45853a,-0.0972,-0.236078679561615,0.0243,0.0365,
2,nongraph_pair,3301,c55d3bcca2d2a449,cmAPP:1955,cmAPP:2001,2c34ab854a6ad95b,0.0237,-0.2575226128101349,0.0421,0.0274,
2,nongraph_pair,3301,ef7b3a1b137a6db8,cmAPP:1953,cmAPP:1998,151435cc8a45853a,-0.0221999999999999,-0.194166898727417,0.0733,0.0483,
2,nongraph_pair,3301,98f93e5fbbd41ec8,cmAPP:1967,cmAPP:2012,2c34ab854a6ad95b,0.1092999999999999,-0.2243277430534362,0.0698,0.0123,
2,nongraph_pair,3301,de9de367cfd0516a,cmAPP:1964,cmAPP:2009,9620aee947fd49ea,-0.6374,-0.2742056250572204,0.0904,0.1176,
2,nongraph_pair,3301,c78c802f0ed94739,cmAPP:1987,cmAPP:2032,2c34ab854a6ad95b,-0.0394000000000001,-0.2552236318588257,0.0444,0.0312,
2,nongraph_pair,3301,4aba9407294ef0a7,cmAPP:1956,cmAPP:2002,2c34ab854a6ad95b,0.0110999999999999,-0.2733368277549743,0.045,0.0151,
2,nongraph_pair,3301,29266f87dbea9446,cmAPP:1972,cmAPP:2017,2c34ab854a6ad95b,-0.0115999999999999,-0.2892835736274719,0.0276,0.0372,
2,nongraph_pair,3301,eb05d8fd23cb21a3,cmAPP:1860,cmAPP:1905,151435cc8a45853a,-0.1052999999999999,-0.2352154850959777,0.0024,0.021,
2,nongraph_pair,3301,db6359943b17ecc7,cmAPP:1865,cmAPP:1911,2c34ab854a6ad95b,-0.0193,-0.2572082877159118,0.0095,0.0076,
2,nongraph_pair,3301,4e91bc478f4a4aaa,cmAPP:1863,cmAPP:1908,151435cc8a45853a,-0.0065999999999999,-0.1933566331863403,0.0008,0.0070999999999999,
2,nongraph_pair,3301,db76931262b18262,cmAPP:1877,cmAPP:1922,2c34ab854a6ad95b,-0.0225999999999998,-0.2239843606948852,0.0347,0.0526,
2,nongraph_pair,3301,c748ab46e40eb3c6,cmAPP:1874,cmAPP:1919,9620aee947fd49ea,-0.7228,-0.2738755643367767,0.0068,0.2271999999999999,
2,nongraph_pair,3301,72fdff714d1fc08e,cmAPP:1897,cmAPP:1942,2c34ab854a6ad95b,-0.0698999999999999,-0.2550642490386963,0.019,0.037,
2,nongraph_pair,3301,a4c4b94f50336897,cmAPP:1866,cmAPP:1912,2c34ab854a6ad95b,-0.0341999999999999,-0.2723670899868011,0.0053,0.0118999999999999,
2,nongraph_pair,3301,46898ba7d044be9b,cmAPP:1882,cmAPP:1927,2c34ab854a6ad95b,0.0007,-0.2884583473205566,0.0242,0.0287,
3,zero,0,34a0cf77853c520f,cmAPP:1808,cmAPP:1853,5848c205ff64ecf8,0.5641999999999998,0.0,0.4637,0.4285,
3,zero,0,53bd4571937b65d8,cmAPP:1777,cmAPP:1820,9fea29da568e9bc1,-1.8657,0.0,0.1051,0.4839,
3,zero,0,327843b402480d74,cmAPP:1800,cmAPP:1841,5848c205ff64ecf8,0.5433,0.0,0.4465,0.1478,
3,zero,0,1d5a6a30d03d4ace,cmAPP:1765,cmAPP:1810,17103b04fab21cdc,-0.4945,0.0,0.1205,0.1419,
3,zero,0,4490c940bfdaa814,cmAPP:1768,cmAPP:1813,17103b04fab21cdc,-0.935,0.0,0.1338,0.0960999999999999,
3,zero,0,ae0b1f16d5b39dea,cmAPP:1801,cmAPP:1842,5848c205ff64ecf8,0.432,0.0,0.1339,0.1041,
3,zero,0,e52464c3fde0c9de,cmAPP:1718,cmAPP:1763,5848c205ff64ecf8,-0.361,0.0,0.0562,0.1673,
3,zero,0,2f48d456f6284b36,cmAPP:1687,cmAPP:1730,9fea29da568e9bc1,-0.3121,0.0,0.0704,0.0848,
3,zero,0,c118eab8e379718c,cmAPP:1710,cmAPP:1751,5848c205ff64ecf8,0.2778999999999999,0.0,0.0418,0.0371,
3,zero,0,bb68ab734a60ad5c,cmAPP:1675,cmAPP:1720,17103b04fab21cdc,0.0224,0.0,0.0253,0.0069999999999999,
3,zero,0,0d965a5abd1a268c,cmAPP:1678,cmAPP:1723,17103b04fab21cdc,-0.0541000000000001,0.0,0.0237999999999999,0.0576999999999999,
3,zero,0,62cb9585f226cf4c,cmAPP:1711,cmAPP:1752,5848c205ff64ecf8,-0.5549,0.0,0.0093999999999999,0.0779,
3,zero,0,9bf5f3d125221e4c,cmAPP:1628,cmAPP:1673,5848c205ff64ecf8,0.1386,0.0,0.1333,0.0969,
3,zero,0,db264d54acc9cc94,cmAPP:1597,cmAPP:1640,9fea29da568e9bc1,-0.79,0.0,0.0475,0.1617,
3,zero,0,450bf38c165fbd1a,cmAPP:1620,cmAPP:1661,5848c205ff64ecf8,0.2362999999999999,0.0,0.0346,0.0215,
3,zero,0,d2d72d8278e8ff2f,cmAPP:1585,cmAPP:1630,17103b04fab21cdc,-0.1643999999999998,0.0,0.0392,0.0429,
3,zero,0,cf3a3e7485b31ba0,cmAPP:1588,cmAPP:1633,17103b04fab21cdc,-0.2547999999999999,0.0,0.03,0.0926999999999999,
3,zero,0,58b9f1849445a903,cmAPP:1621,cmAPP:1662,5848c205ff64ecf8,-0.1006,0.0,0.0401,0.1016,
3,zero,0,f56e1ddec22a1688,cmAPP:2078,cmAPP:2123,5848c205ff64ecf8,-0.2106999999999999,0.0,0.0633,0.0926999999999999,
3,zero,0,e4cc745fd18c9923,cmAPP:2047,cmAPP:2090,9fea29da568e9bc1,-0.6328999999999999,0.0,0.0196,0.1439,
3,zero,0,6a678b00b934044e,cmAPP:2070,cmAPP:2111,5848c205ff64ecf8,0.2685999999999999,0.0,0.067,0.0626999999999999,
3,zero,0,d52d528f0aa9bd30,cmAPP:2035,cmAPP:2080,17103b04fab21cdc,-0.2289999999999998,0.0,0.0641,0.0755,
3,zero,0,e6bc6fc3ddc258ff,cmAPP:2038,cmAPP:2083,17103b04fab21cdc,-0.1522,0.0,0.05,0.0474,
3,zero,0,0c7a97d50dabb197,cmAPP:2071,cmAPP:2112,5848c205ff64ecf8,-0.4119,0.0,0.0747,0.1871999999999999,
3,zero,0,5e97508244c8c76c,cmAPP:1988,cmAPP:2033,5848c205ff64ecf8,-0.1647,0.0,0.0871,0.0256999999999999,
3,zero,0,1711355de18f68c1,cmAPP:1957,cmAPP:2000,9fea29da568e9bc1,-0.3823999999999999,0.0,0.036,0.0544,
3,zero,0,18c6d9223a20ba73,cmAPP:1980,cmAPP:2021,5848c205ff64ecf8,0.1568999999999999,0.0,0.0768,0.0052,
3,zero,0,61808a59ae1e72f6,cmAPP:1945,cmAPP:1990,17103b04fab21cdc,-0.0222999999999999,0.0,0.0379,0.0414,
3,zero,0,aae93bc901d599ee,cmAPP:1948,cmAPP:1993,17103b04fab21cdc,0.0157999999999999,0.0,0.0304,0.06,
3,zero,0,c516136711beb154,cmAPP:1981,cmAPP:2022,5848c205ff64ecf8,-0.4343000000000001,0.0,0.0325,0.1017,
3,zero,0,ffc888cf36b05bc2,cmAPP:1898,cmAPP:1943,5848c205ff64ecf8,-0.1835,0.0,0.0184,0.0542,
3,zero,0,5c37a4bb04018995,cmAPP:1867,cmAPP:1910,9fea29da568e9bc1,-0.276,0.0,0.0181,0.1264,
3,zero,0,5216d53e06ede17c,cmAPP:1890,cmAPP:1931,5848c205ff64ecf8,0.0178,0.0,0.0196,0.001,
3,zero,0,1b4f407ebbaeb5b2,cmAPP:1855,cmAPP:1900,17103b04fab21cdc,-0.0472,0.0,0.0007,0.0306999999999999,
3,zero,0,790c224fb15729e8,cmAPP:1858,cmAPP:1903,17103b04fab21cdc,-0.0393999999999999,0.0,0.012,0.0139999999999999,
3,zero,0,d1d883357891e048,cmAPP:1891,cmAPP:1932,5848c205ff64ecf8,-0.3360000000000001,0.0,0.0024,0.1892,
3,training_mean,0,34a0cf77853c520f,cmAPP:1808,cmAPP:1853,5848c205ff64ecf8,0.5641999999999998,-0.3019414291284565,0.4637,0.4285,
3,training_mean,0,53bd4571937b65d8,cmAPP:1777,cmAPP:1820,9fea29da568e9bc1,-1.8657,-0.3019414291284565,0.1051,0.4839,
3,training_mean,0,327843b402480d74,cmAPP:1800,cmAPP:1841,5848c205ff64ecf8,0.5433,-0.3019414291284565,0.4465,0.1478,
3,training_mean,0,1d5a6a30d03d4ace,cmAPP:1765,cmAPP:1810,17103b04fab21cdc,-0.4945,-0.3019414291284565,0.1205,0.1419,
3,training_mean,0,4490c940bfdaa814,cmAPP:1768,cmAPP:1813,17103b04fab21cdc,-0.935,-0.3019414291284565,0.1338,0.0960999999999999,
3,training_mean,0,ae0b1f16d5b39dea,cmAPP:1801,cmAPP:1842,5848c205ff64ecf8,0.432,-0.3019414291284565,0.1339,0.1041,
3,training_mean,0,e52464c3fde0c9de,cmAPP:1718,cmAPP:1763,5848c205ff64ecf8,-0.361,-0.3019414291284565,0.0562,0.1673,
3,training_mean,0,2f48d456f6284b36,cmAPP:1687,cmAPP:1730,9fea29da568e9bc1,-0.3121,-0.3019414291284565,0.0704,0.0848,
3,training_mean,0,c118eab8e379718c,cmAPP:1710,cmAPP:1751,5848c205ff64ecf8,0.2778999999999999,-0.3019414291284565,0.0418,0.0371,
3,training_mean,0,bb68ab734a60ad5c,cmAPP:1675,cmAPP:1720,17103b04fab21cdc,0.0224,-0.3019414291284565,0.0253,0.0069999999999999,
3,training_mean,0,0d965a5abd1a268c,cmAPP:1678,cmAPP:1723,17103b04fab21cdc,-0.0541000000000001,-0.3019414291284565,0.0237999999999999,0.0576999999999999,
3,training_mean,0,62cb9585f226cf4c,cmAPP:1711,cmAPP:1752,5848c205ff64ecf8,-0.5549,-0.3019414291284565,0.0093999999999999,0.0779,
3,training_mean,0,9bf5f3d125221e4c,cmAPP:1628,cmAPP:1673,5848c205ff64ecf8,0.1386,-0.3019414291284565,0.1333,0.0969,
3,training_mean,0,db264d54acc9cc94,cmAPP:1597,cmAPP:1640,9fea29da568e9bc1,-0.79,-0.3019414291284565,0.0475,0.1617,
3,training_mean,0,450bf38c165fbd1a,cmAPP:1620,cmAPP:1661,5848c205ff64ecf8,0.2362999999999999,-0.3019414291284565,0.0346,0.0215,
3,training_mean,0,d2d72d8278e8ff2f,cmAPP:1585,cmAPP:1630,17103b04fab21cdc,-0.1643999999999998,-0.3019414291284565,0.0392,0.0429,
3,training_mean,0,cf3a3e7485b31ba0,cmAPP:1588,cmAPP:1633,17103b04fab21cdc,-0.2547999999999999,-0.3019414291284565,0.03,0.0926999999999999,
3,training_mean,0,58b9f1849445a903,cmAPP:1621,cmAPP:1662,5848c205ff64ecf8,-0.1006,-0.3019414291284565,0.0401,0.1016,
3,training_mean,0,f56e1ddec22a1688,cmAPP:2078,cmAPP:2123,5848c205ff64ecf8,-0.2106999999999999,-0.3019414291284565,0.0633,0.0926999999999999,
3,training_mean,0,e4cc745fd18c9923,cmAPP:2047,cmAPP:2090,9fea29da568e9bc1,-0.6328999999999999,-0.3019414291284565,0.0196,0.1439,
3,training_mean,0,6a678b00b934044e,cmAPP:2070,cmAPP:2111,5848c205ff64ecf8,0.2685999999999999,-0.3019414291284565,0.067,0.0626999999999999,
3,training_mean,0,d52d528f0aa9bd30,cmAPP:2035,cmAPP:2080,17103b04fab21cdc,-0.2289999999999998,-0.3019414291284565,0.0641,0.0755,
3,training_mean,0,e6bc6fc3ddc258ff,cmAPP:2038,cmAPP:2083,17103b04fab21cdc,-0.1522,-0.3019414291284565,0.05,0.0474,
3,training_mean,0,0c7a97d50dabb197,cmAPP:2071,cmAPP:2112,5848c205ff64ecf8,-0.4119,-0.3019414291284565,0.0747,0.1871999999999999,
3,training_mean,0,5e97508244c8c76c,cmAPP:1988,cmAPP:2033,5848c205ff64ecf8,-0.1647,-0.3019414291284565,0.0871,0.0256999999999999,
3,training_mean,0,1711355de18f68c1,cmAPP:1957,cmAPP:2000,9fea29da568e9bc1,-0.3823999999999999,-0.3019414291284565,0.036,0.0544,
3,training_mean,0,18c6d9223a20ba73,cmAPP:1980,cmAPP:2021,5848c205ff64ecf8,0.1568999999999999,-0.3019414291284565,0.0768,0.0052,
3,training_mean,0,61808a59ae1e72f6,cmAPP:1945,cmAPP:1990,17103b04fab21cdc,-0.0222999999999999,-0.3019414291284565,0.0379,0.0414,
3,training_mean,0,aae93bc901d599ee,cmAPP:1948,cmAPP:1993,17103b04fab21cdc,0.0157999999999999,-0.3019414291284565,0.0304,0.06,
3,training_mean,0,c516136711beb154,cmAPP:1981,cmAPP:2022,5848c205ff64ecf8,-0.4343000000000001,-0.3019414291284565,0.0325,0.1017,
3,training_mean,0,ffc888cf36b05bc2,cmAPP:1898,cmAPP:1943,5848c205ff64ecf8,-0.1835,-0.3019414291284565,0.0184,0.0542,
3,training_mean,0,5c37a4bb04018995,cmAPP:1867,cmAPP:1910,9fea29da568e9bc1,-0.276,-0.3019414291284565,0.0181,0.1264,
3,training_mean,0,5216d53e06ede17c,cmAPP:1890,cmAPP:1931,5848c205ff64ecf8,0.0178,-0.3019414291284565,0.0196,0.001,
3,training_mean,0,1b4f407ebbaeb5b2,cmAPP:1855,cmAPP:1900,17103b04fab21cdc,-0.0472,-0.3019414291284565,0.0007,0.0306999999999999,
3,training_mean,0,790c224fb15729e8,cmAPP:1858,cmAPP:1903,17103b04fab21cdc,-0.0393999999999999,-0.3019414291284565,0.012,0.0139999999999999,
3,training_mean,0,d1d883357891e048,cmAPP:1891,cmAPP:1932,5848c205ff64ecf8,-0.3360000000000001,-0.3019414291284565,0.0024,0.1892,
3,training_majority,0,34a0cf77853c520f,cmAPP:1808,cmAPP:1853,5848c205ff64ecf8,0.5641999999999998,-1.0,0.4637,0.4285,
3,training_majority,0,53bd4571937b65d8,cmAPP:1777,cmAPP:1820,9fea29da568e9bc1,-1.8657,-1.0,0.1051,0.4839,
3,training_majority,0,327843b402480d74,cmAPP:1800,cmAPP:1841,5848c205ff64ecf8,0.5433,-1.0,0.4465,0.1478,
3,training_majority,0,1d5a6a30d03d4ace,cmAPP:1765,cmAPP:1810,17103b04fab21cdc,-0.4945,-1.0,0.1205,0.1419,
3,training_majority,0,4490c940bfdaa814,cmAPP:1768,cmAPP:1813,17103b04fab21cdc,-0.935,-1.0,0.1338,0.0960999999999999,
3,training_majority,0,ae0b1f16d5b39dea,cmAPP:1801,cmAPP:1842,5848c205ff64ecf8,0.432,-1.0,0.1339,0.1041,
3,training_majority,0,e52464c3fde0c9de,cmAPP:1718,cmAPP:1763,5848c205ff64ecf8,-0.361,-1.0,0.0562,0.1673,
3,training_majority,0,2f48d456f6284b36,cmAPP:1687,cmAPP:1730,9fea29da568e9bc1,-0.3121,-1.0,0.0704,0.0848,
3,training_majority,0,c118eab8e379718c,cmAPP:1710,cmAPP:1751,5848c205ff64ecf8,0.2778999999999999,-1.0,0.0418,0.0371,
3,training_majority,0,bb68ab734a60ad5c,cmAPP:1675,cmAPP:1720,17103b04fab21cdc,0.0224,-1.0,0.0253,0.0069999999999999,
3,training_majority,0,0d965a5abd1a268c,cmAPP:1678,cmAPP:1723,17103b04fab21cdc,-0.0541000000000001,-1.0,0.0237999999999999,0.0576999999999999,
3,training_majority,0,62cb9585f226cf4c,cmAPP:1711,cmAPP:1752,5848c205ff64ecf8,-0.5549,-1.0,0.0093999999999999,0.0779,
3,training_majority,0,9bf5f3d125221e4c,cmAPP:1628,cmAPP:1673,5848c205ff64ecf8,0.1386,-1.0,0.1333,0.0969,
3,training_majority,0,db264d54acc9cc94,cmAPP:1597,cmAPP:1640,9fea29da568e9bc1,-0.79,-1.0,0.0475,0.1617,
3,training_majority,0,450bf38c165fbd1a,cmAPP:1620,cmAPP:1661,5848c205ff64ecf8,0.2362999999999999,-1.0,0.0346,0.0215,
3,training_majority,0,d2d72d8278e8ff2f,cmAPP:1585,cmAPP:1630,17103b04fab21cdc,-0.1643999999999998,-1.0,0.0392,0.0429,
3,training_majority,0,cf3a3e7485b31ba0,cmAPP:1588,cmAPP:1633,17103b04fab21cdc,-0.2547999999999999,-1.0,0.03,0.0926999999999999,
3,training_majority,0,58b9f1849445a903,cmAPP:1621,cmAPP:1662,5848c205ff64ecf8,-0.1006,-1.0,0.0401,0.1016,
3,training_majority,0,f56e1ddec22a1688,cmAPP:2078,cmAPP:2123,5848c205ff64ecf8,-0.2106999999999999,-1.0,0.0633,0.0926999999999999,
3,training_majority,0,e4cc745fd18c9923,cmAPP:2047,cmAPP:2090,9fea29da568e9bc1,-0.6328999999999999,-1.0,0.0196,0.1439,
3,training_majority,0,6a678b00b934044e,cmAPP:2070,cmAPP:2111,5848c205ff64ecf8,0.2685999999999999,-1.0,0.067,0.0626999999999999,
3,training_majority,0,d52d528f0aa9bd30,cmAPP:2035,cmAPP:2080,17103b04fab21cdc,-0.2289999999999998,-1.0,0.0641,0.0755,
3,training_majority,0,e6bc6fc3ddc258ff,cmAPP:2038,cmAPP:2083,17103b04fab21cdc,-0.1522,-1.0,0.05,0.0474,
3,training_majority,0,0c7a97d50dabb197,cmAPP:2071,cmAPP:2112,5848c205ff64ecf8,-0.4119,-1.0,0.0747,0.1871999999999999,
3,training_majority,0,5e97508244c8c76c,cmAPP:1988,cmAPP:2033,5848c205ff64ecf8,-0.1647,-1.0,0.0871,0.0256999999999999,
3,training_majority,0,1711355de18f68c1,cmAPP:1957,cmAPP:2000,9fea29da568e9bc1,-0.3823999999999999,-1.0,0.036,0.0544,
3,training_majority,0,18c6d9223a20ba73,cmAPP:1980,cmAPP:2021,5848c205ff64ecf8,0.1568999999999999,-1.0,0.0768,0.0052,
3,training_majority,0,61808a59ae1e72f6,cmAPP:1945,cmAPP:1990,17103b04fab21cdc,-0.0222999999999999,-1.0,0.0379,0.0414,
3,training_majority,0,aae93bc901d599ee,cmAPP:1948,cmAPP:1993,17103b04fab21cdc,0.0157999999999999,-1.0,0.0304,0.06,
3,training_majority,0,c516136711beb154,cmAPP:1981,cmAPP:2022,5848c205ff64ecf8,-0.4343000000000001,-1.0,0.0325,0.1017,
3,training_majority,0,ffc888cf36b05bc2,cmAPP:1898,cmAPP:1943,5848c205ff64ecf8,-0.1835,-1.0,0.0184,0.0542,
3,training_majority,0,5c37a4bb04018995,cmAPP:1867,cmAPP:1910,9fea29da568e9bc1,-0.276,-1.0,0.0181,0.1264,
3,training_majority,0,5216d53e06ede17c,cmAPP:1890,cmAPP:1931,5848c205ff64ecf8,0.0178,-1.0,0.0196,0.001,
3,training_majority,0,1b4f407ebbaeb5b2,cmAPP:1855,cmAPP:1900,17103b04fab21cdc,-0.0472,-1.0,0.0007,0.0306999999999999,
3,training_majority,0,790c224fb15729e8,cmAPP:1858,cmAPP:1903,17103b04fab21cdc,-0.0393999999999999,-1.0,0.012,0.0139999999999999,
3,training_majority,0,d1d883357891e048,cmAPP:1891,cmAPP:1932,5848c205ff64ecf8,-0.3360000000000001,-1.0,0.0024,0.1892,
3,pair_ridge,0,34a0cf77853c520f,cmAPP:1808,cmAPP:1853,5848c205ff64ecf8,0.5641999999999998,-0.2326377928256988,0.4637,0.4285,
3,pair_ridge,0,53bd4571937b65d8,cmAPP:1777,cmAPP:1820,9fea29da568e9bc1,-1.8657,-0.2081945836544037,0.1051,0.4839,
3,pair_ridge,0,327843b402480d74,cmAPP:1800,cmAPP:1841,5848c205ff64ecf8,0.5433,-0.1647634208202362,0.4465,0.1478,
3,pair_ridge,0,1d5a6a30d03d4ace,cmAPP:1765,cmAPP:1810,17103b04fab21cdc,-0.4945,-0.3049941062927246,0.1205,0.1419,
3,pair_ridge,0,4490c940bfdaa814,cmAPP:1768,cmAPP:1813,17103b04fab21cdc,-0.935,-0.1320443451404571,0.1338,0.0960999999999999,
3,pair_ridge,0,ae0b1f16d5b39dea,cmAPP:1801,cmAPP:1842,5848c205ff64ecf8,0.432,-0.3097624182701111,0.1339,0.1041,
3,pair_ridge,0,e52464c3fde0c9de,cmAPP:1718,cmAPP:1763,5848c205ff64ecf8,-0.361,-0.2326377928256988,0.0562,0.1673,
3,pair_ridge,0,2f48d456f6284b36,cmAPP:1687,cmAPP:1730,9fea29da568e9bc1,-0.3121,-0.2081945836544037,0.0704,0.0848,
3,pair_ridge,0,c118eab8e379718c,cmAPP:1710,cmAPP:1751,5848c205ff64ecf8,0.2778999999999999,-0.1647634208202362,0.0418,0.0371,
3,pair_ridge,0,bb68ab734a60ad5c,cmAPP:1675,cmAPP:1720,17103b04fab21cdc,0.0224,-0.3049941062927246,0.0253,0.0069999999999999,
3,pair_ridge,0,0d965a5abd1a268c,cmAPP:1678,cmAPP:1723,17103b04fab21cdc,-0.0541000000000001,-0.1320443451404571,0.0237999999999999,0.0576999999999999,
3,pair_ridge,0,62cb9585f226cf4c,cmAPP:1711,cmAPP:1752,5848c205ff64ecf8,-0.5549,-0.3097624182701111,0.0093999999999999,0.0779,
3,pair_ridge,0,9bf5f3d125221e4c,cmAPP:1628,cmAPP:1673,5848c205ff64ecf8,0.1386,-0.2326377928256988,0.1333,0.0969,
3,pair_ridge,0,db264d54acc9cc94,cmAPP:1597,cmAPP:1640,9fea29da568e9bc1,-0.79,-0.2081945836544037,0.0475,0.1617,
3,pair_ridge,0,450bf38c165fbd1a,cmAPP:1620,cmAPP:1661,5848c205ff64ecf8,0.2362999999999999,-0.1647634208202362,0.0346,0.0215,
3,pair_ridge,0,d2d72d8278e8ff2f,cmAPP:1585,cmAPP:1630,17103b04fab21cdc,-0.1643999999999998,-0.3049941062927246,0.0392,0.0429,
3,pair_ridge,0,cf3a3e7485b31ba0,cmAPP:1588,cmAPP:1633,17103b04fab21cdc,-0.2547999999999999,-0.1320443451404571,0.03,0.0926999999999999,
3,pair_ridge,0,58b9f1849445a903,cmAPP:1621,cmAPP:1662,5848c205ff64ecf8,-0.1006,-0.3097624182701111,0.0401,0.1016,
3,pair_ridge,0,f56e1ddec22a1688,cmAPP:2078,cmAPP:2123,5848c205ff64ecf8,-0.2106999999999999,-0.2326377928256988,0.0633,0.0926999999999999,
3,pair_ridge,0,e4cc745fd18c9923,cmAPP:2047,cmAPP:2090,9fea29da568e9bc1,-0.6328999999999999,-0.2081945836544037,0.0196,0.1439,
3,pair_ridge,0,6a678b00b934044e,cmAPP:2070,cmAPP:2111,5848c205ff64ecf8,0.2685999999999999,-0.1647634208202362,0.067,0.0626999999999999,
3,pair_ridge,0,d52d528f0aa9bd30,cmAPP:2035,cmAPP:2080,17103b04fab21cdc,-0.2289999999999998,-0.3049941062927246,0.0641,0.0755,
3,pair_ridge,0,e6bc6fc3ddc258ff,cmAPP:2038,cmAPP:2083,17103b04fab21cdc,-0.1522,-0.1320443451404571,0.05,0.0474,
3,pair_ridge,0,0c7a97d50dabb197,cmAPP:2071,cmAPP:2112,5848c205ff64ecf8,-0.4119,-0.3097624182701111,0.0747,0.1871999999999999,
3,pair_ridge,0,5e97508244c8c76c,cmAPP:1988,cmAPP:2033,5848c205ff64ecf8,-0.1647,-0.2326377928256988,0.0871,0.0256999999999999,
3,pair_ridge,0,1711355de18f68c1,cmAPP:1957,cmAPP:2000,9fea29da568e9bc1,-0.3823999999999999,-0.2081945836544037,0.036,0.0544,
3,pair_ridge,0,18c6d9223a20ba73,cmAPP:1980,cmAPP:2021,5848c205ff64ecf8,0.1568999999999999,-0.1647634208202362,0.0768,0.0052,
3,pair_ridge,0,61808a59ae1e72f6,cmAPP:1945,cmAPP:1990,17103b04fab21cdc,-0.0222999999999999,-0.3049941062927246,0.0379,0.0414,
3,pair_ridge,0,aae93bc901d599ee,cmAPP:1948,cmAPP:1993,17103b04fab21cdc,0.0157999999999999,-0.1320443451404571,0.0304,0.06,
3,pair_ridge,0,c516136711beb154,cmAPP:1981,cmAPP:2022,5848c205ff64ecf8,-0.4343000000000001,-0.3097624182701111,0.0325,0.1017,
3,pair_ridge,0,ffc888cf36b05bc2,cmAPP:1898,cmAPP:1943,5848c205ff64ecf8,-0.1835,-0.2326377928256988,0.0184,0.0542,
3,pair_ridge,0,5c37a4bb04018995,cmAPP:1867,cmAPP:1910,9fea29da568e9bc1,-0.276,-0.2081945836544037,0.0181,0.1264,
3,pair_ridge,0,5216d53e06ede17c,cmAPP:1890,cmAPP:1931,5848c205ff64ecf8,0.0178,-0.1647634208202362,0.0196,0.001,
3,pair_ridge,0,1b4f407ebbaeb5b2,cmAPP:1855,cmAPP:1900,17103b04fab21cdc,-0.0472,-0.3049941062927246,0.0007,0.0306999999999999,
3,pair_ridge,0,790c224fb15729e8,cmAPP:1858,cmAPP:1903,17103b04fab21cdc,-0.0393999999999999,-0.1320443451404571,0.012,0.0139999999999999,
3,pair_ridge,0,d1d883357891e048,cmAPP:1891,cmAPP:1932,5848c205ff64ecf8,-0.3360000000000001,-0.3097624182701111,0.0024,0.1892,
3,gnn_activity,1103,34a0cf77853c520f,cmAPP:1808,cmAPP:1853,5848c205ff64ecf8,0.5641999999999998,-0.2787851095199585,0.4637,0.4285,
3,gnn_activity,1103,53bd4571937b65d8,cmAPP:1777,cmAPP:1820,9fea29da568e9bc1,-1.8657,-0.3033047318458557,0.1051,0.4839,
3,gnn_activity,1103,327843b402480d74,cmAPP:1800,cmAPP:1841,5848c205ff64ecf8,0.5433,-0.3872108459472656,0.4465,0.1478,
3,gnn_activity,1103,1d5a6a30d03d4ace,cmAPP:1765,cmAPP:1810,17103b04fab21cdc,-0.4945,-0.2605168223381042,0.1205,0.1419,
3,gnn_activity,1103,4490c940bfdaa814,cmAPP:1768,cmAPP:1813,17103b04fab21cdc,-0.935,-0.2319837212562561,0.1338,0.0960999999999999,
3,gnn_activity,1103,ae0b1f16d5b39dea,cmAPP:1801,cmAPP:1842,5848c205ff64ecf8,0.432,-0.350821852684021,0.1339,0.1041,
3,gnn_activity,1103,e52464c3fde0c9de,cmAPP:1718,cmAPP:1763,5848c205ff64ecf8,-0.361,-0.2779371440410614,0.0562,0.1673,
3,gnn_activity,1103,2f48d456f6284b36,cmAPP:1687,cmAPP:1730,9fea29da568e9bc1,-0.3121,-0.3023838400840759,0.0704,0.0848,
3,gnn_activity,1103,c118eab8e379718c,cmAPP:1710,cmAPP:1751,5848c205ff64ecf8,0.2778999999999999,-0.3867879509925842,0.0418,0.0371,
3,gnn_activity,1103,bb68ab734a60ad5c,cmAPP:1675,cmAPP:1720,17103b04fab21cdc,0.0224,-0.2595667839050293,0.0253,0.0069999999999999,
3,gnn_activity,1103,0d965a5abd1a268c,cmAPP:1678,cmAPP:1723,17103b04fab21cdc,-0.0541000000000001,-0.2316998243331909,0.0237999999999999,0.0576999999999999,
3,gnn_activity,1103,62cb9585f226cf4c,cmAPP:1711,cmAPP:1752,5848c205ff64ecf8,-0.5549,-0.350293219089508,0.0093999999999999,0.0779,
3,gnn_activity,1103,9bf5f3d125221e4c,cmAPP:1628,cmAPP:1673,5848c205ff64ecf8,0.1386,-0.2755191922187805,0.1333,0.0969,
3,gnn_activity,1103,db264d54acc9cc94,cmAPP:1597,cmAPP:1640,9fea29da568e9bc1,-0.79,-0.2997578978538513,0.0475,0.1617,
3,gnn_activity,1103,450bf38c165fbd1a,cmAPP:1620,cmAPP:1661,5848c205ff64ecf8,0.2362999999999999,-0.3853428959846496,0.0346,0.0215,
3,gnn_activity,1103,d2d72d8278e8ff2f,cmAPP:1585,cmAPP:1630,17103b04fab21cdc,-0.1643999999999998,-0.2568575739860534,0.0392,0.0429,
3,gnn_activity,1103,cf3a3e7485b31ba0,cmAPP:1588,cmAPP:1633,17103b04fab21cdc,-0.2547999999999999,-0.2300368547439575,0.03,0.0926999999999999,
3,gnn_activity,1103,58b9f1849445a903,cmAPP:1621,cmAPP:1662,5848c205ff64ecf8,-0.1006,-0.3487860262393951,0.0401,0.1016,
3,gnn_activity,1103,f56e1ddec22a1688,cmAPP:2078,cmAPP:2123,5848c205ff64ecf8,-0.2106999999999999,-0.2787851095199585,0.0633,0.0926999999999999,
3,gnn_activity,1103,e4cc745fd18c9923,cmAPP:2047,cmAPP:2090,9fea29da568e9bc1,-0.6328999999999999,-0.3033047318458557,0.0196,0.1439,
3,gnn_activity,1103,6a678b00b934044e,cmAPP:2070,cmAPP:2111,5848c205ff64ecf8,0.2685999999999999,-0.3872108459472656,0.067,0.0626999999999999,
3,gnn_activity,1103,d52d528f0aa9bd30,cmAPP:2035,cmAPP:2080,17103b04fab21cdc,-0.2289999999999998,-0.2605168223381042,0.0641,0.0755,
3,gnn_activity,1103,e6bc6fc3ddc258ff,cmAPP:2038,cmAPP:2083,17103b04fab21cdc,-0.1522,-0.2319837212562561,0.05,0.0474,
3,gnn_activity,1103,0c7a97d50dabb197,cmAPP:2071,cmAPP:2112,5848c205ff64ecf8,-0.4119,-0.350821852684021,0.0747,0.1871999999999999,
3,gnn_activity,1103,5e97508244c8c76c,cmAPP:1988,cmAPP:2033,5848c205ff64ecf8,-0.1647,-0.2779371440410614,0.0871,0.0256999999999999,
3,gnn_activity,1103,1711355de18f68c1,cmAPP:1957,cmAPP:2000,9fea29da568e9bc1,-0.3823999999999999,-0.3023838400840759,0.036,0.0544,
3,gnn_activity,1103,18c6d9223a20ba73,cmAPP:1980,cmAPP:2021,5848c205ff64ecf8,0.1568999999999999,-0.3867879509925842,0.0768,0.0052,
3,gnn_activity,1103,61808a59ae1e72f6,cmAPP:1945,cmAPP:1990,17103b04fab21cdc,-0.0222999999999999,-0.2595667839050293,0.0379,0.0414,
3,gnn_activity,1103,aae93bc901d599ee,cmAPP:1948,cmAPP:1993,17103b04fab21cdc,0.0157999999999999,-0.2316998243331909,0.0304,0.06,
3,gnn_activity,1103,c516136711beb154,cmAPP:1981,cmAPP:2022,5848c205ff64ecf8,-0.4343000000000001,-0.350293219089508,0.0325,0.1017,
3,gnn_activity,1103,ffc888cf36b05bc2,cmAPP:1898,cmAPP:1943,5848c205ff64ecf8,-0.1835,-0.2755191922187805,0.0184,0.0542,
3,gnn_activity,1103,5c37a4bb04018995,cmAPP:1867,cmAPP:1910,9fea29da568e9bc1,-0.276,-0.2997578978538513,0.0181,0.1264,
3,gnn_activity,1103,5216d53e06ede17c,cmAPP:1890,cmAPP:1931,5848c205ff64ecf8,0.0178,-0.3853428959846496,0.0196,0.001,
3,gnn_activity,1103,1b4f407ebbaeb5b2,cmAPP:1855,cmAPP:1900,17103b04fab21cdc,-0.0472,-0.2568575739860534,0.0007,0.0306999999999999,
3,gnn_activity,1103,790c224fb15729e8,cmAPP:1858,cmAPP:1903,17103b04fab21cdc,-0.0393999999999999,-0.2300368547439575,0.012,0.0139999999999999,
3,gnn_activity,1103,d1d883357891e048,cmAPP:1891,cmAPP:1932,5848c205ff64ecf8,-0.3360000000000001,-0.3487860262393951,0.0024,0.1892,
3,gnn_activity,2207,34a0cf77853c520f,cmAPP:1808,cmAPP:1853,5848c205ff64ecf8,0.5641999999999998,-0.2465249896049499,0.4637,0.4285,
3,gnn_activity,2207,53bd4571937b65d8,cmAPP:1777,cmAPP:1820,9fea29da568e9bc1,-1.8657,-0.3712144196033478,0.1051,0.4839,
3,gnn_activity,2207,327843b402480d74,cmAPP:1800,cmAPP:1841,5848c205ff64ecf8,0.5433,-0.4105803668498993,0.4465,0.1478,
3,gnn_activity,2207,1d5a6a30d03d4ace,cmAPP:1765,cmAPP:1810,17103b04fab21cdc,-0.4945,-0.3666777610778808,0.1205,0.1419,
3,gnn_activity,2207,4490c940bfdaa814,cmAPP:1768,cmAPP:1813,17103b04fab21cdc,-0.935,-0.3159355521202087,0.1338,0.0960999999999999,
3,gnn_activity,2207,ae0b1f16d5b39dea,cmAPP:1801,cmAPP:1842,5848c205ff64ecf8,0.432,-0.4293616414070129,0.1339,0.1041,
3,gnn_activity,2207,e52464c3fde0c9de,cmAPP:1718,cmAPP:1763,5848c205ff64ecf8,-0.361,-0.2459374070167541,0.0562,0.1673,
3,gnn_activity,2207,2f48d456f6284b36,cmAPP:1687,cmAPP:1730,9fea29da568e9bc1,-0.3121,-0.3704957962036133,0.0704,0.0848,
3,gnn_activity,2207,c118eab8e379718c,cmAPP:1710,cmAPP:1751,5848c205ff64ecf8,0.2778999999999999,-0.4100324511528015,0.0418,0.0371,
3,gnn_activity,2207,bb68ab734a60ad5c,cmAPP:1675,cmAPP:1720,17103b04fab21cdc,0.0224,-0.3659002184867859,0.0253,0.0069999999999999,
3,gnn_activity,2207,0d965a5abd1a268c,cmAPP:1678,cmAPP:1723,17103b04fab21cdc,-0.0541000000000001,-0.3154280185699463,0.0237999999999999,0.0576999999999999,
3,gnn_activity,2207,62cb9585f226cf4c,cmAPP:1711,cmAPP:1752,5848c205ff64ecf8,-0.5549,-0.4291846752166748,0.0093999999999999,0.0779,
3,gnn_activity,2207,9bf5f3d125221e4c,cmAPP:1628,cmAPP:1673,5848c205ff64ecf8,0.1386,-0.2442618012428283,0.1333,0.0969,
3,gnn_activity,2207,db264d54acc9cc94,cmAPP:1597,cmAPP:1640,9fea29da568e9bc1,-0.79,-0.3684467375278473,0.0475,0.1617,
3,gnn_activity,2207,450bf38c165fbd1a,cmAPP:1620,cmAPP:1661,5848c205ff64ecf8,0.2362999999999999,-0.4084699749946594,0.0346,0.0215,
3,gnn_activity,2207,d2d72d8278e8ff2f,cmAPP:1585,cmAPP:1630,17103b04fab21cdc,-0.1643999999999998,-0.3636831641197204,0.0392,0.0429,
3,gnn_activity,2207,cf3a3e7485b31ba0,cmAPP:1588,cmAPP:1633,17103b04fab21cdc,-0.2547999999999999,-0.3139809966087341,0.03,0.0926999999999999,
3,gnn_activity,2207,58b9f1849445a903,cmAPP:1621,cmAPP:1662,5848c205ff64ecf8,-0.1006,-0.4286801218986511,0.0401,0.1016,
3,gnn_activity,2207,f56e1ddec22a1688,cmAPP:2078,cmAPP:2123,5848c205ff64ecf8,-0.2106999999999999,-0.2465249896049499,0.0633,0.0926999999999999,
3,gnn_activity,2207,e4cc745fd18c9923,cmAPP:2047,cmAPP:2090,9fea29da568e9bc1,-0.6328999999999999,-0.3712144196033478,0.0196,0.1439,
3,gnn_activity,2207,6a678b00b934044e,cmAPP:2070,cmAPP:2111,5848c205ff64ecf8,0.2685999999999999,-0.4105803668498993,0.067,0.0626999999999999,
3,gnn_activity,2207,d52d528f0aa9bd30,cmAPP:2035,cmAPP:2080,17103b04fab21cdc,-0.2289999999999998,-0.3666777610778808,0.0641,0.0755,
3,gnn_activity,2207,e6bc6fc3ddc258ff,cmAPP:2038,cmAPP:2083,17103b04fab21cdc,-0.1522,-0.3159355521202087,0.05,0.0474,
3,gnn_activity,2207,0c7a97d50dabb197,cmAPP:2071,cmAPP:2112,5848c205ff64ecf8,-0.4119,-0.4293616414070129,0.0747,0.1871999999999999,
3,gnn_activity,2207,5e97508244c8c76c,cmAPP:1988,cmAPP:2033,5848c205ff64ecf8,-0.1647,-0.2459374070167541,0.0871,0.0256999999999999,
3,gnn_activity,2207,1711355de18f68c1,cmAPP:1957,cmAPP:2000,9fea29da568e9bc1,-0.3823999999999999,-0.3704957962036133,0.036,0.0544,
3,gnn_activity,2207,18c6d9223a20ba73,cmAPP:1980,cmAPP:2021,5848c205ff64ecf8,0.1568999999999999,-0.4100324511528015,0.0768,0.0052,
3,gnn_activity,2207,61808a59ae1e72f6,cmAPP:1945,cmAPP:1990,17103b04fab21cdc,-0.0222999999999999,-0.3659002184867859,0.0379,0.0414,
3,gnn_activity,2207,aae93bc901d599ee,cmAPP:1948,cmAPP:1993,17103b04fab21cdc,0.0157999999999999,-0.3154280185699463,0.0304,0.06,
3,gnn_activity,2207,c516136711beb154,cmAPP:1981,cmAPP:2022,5848c205ff64ecf8,-0.4343000000000001,-0.4291846752166748,0.0325,0.1017,
3,gnn_activity,2207,ffc888cf36b05bc2,cmAPP:1898,cmAPP:1943,5848c205ff64ecf8,-0.1835,-0.2442618012428283,0.0184,0.0542,
3,gnn_activity,2207,5c37a4bb04018995,cmAPP:1867,cmAPP:1910,9fea29da568e9bc1,-0.276,-0.3684467375278473,0.0181,0.1264,
3,gnn_activity,2207,5216d53e06ede17c,cmAPP:1890,cmAPP:1931,5848c205ff64ecf8,0.0178,-0.4084699749946594,0.0196,0.001,
3,gnn_activity,2207,1b4f407ebbaeb5b2,cmAPP:1855,cmAPP:1900,17103b04fab21cdc,-0.0472,-0.3636831641197204,0.0007,0.0306999999999999,
3,gnn_activity,2207,790c224fb15729e8,cmAPP:1858,cmAPP:1903,17103b04fab21cdc,-0.0393999999999999,-0.3139809966087341,0.012,0.0139999999999999,
3,gnn_activity,2207,d1d883357891e048,cmAPP:1891,cmAPP:1932,5848c205ff64ecf8,-0.3360000000000001,-0.4286801218986511,0.0024,0.1892,
3,gnn_activity,3301,34a0cf77853c520f,cmAPP:1808,cmAPP:1853,5848c205ff64ecf8,0.5641999999999998,-0.3159205913543701,0.4637,0.4285,
3,gnn_activity,3301,53bd4571937b65d8,cmAPP:1777,cmAPP:1820,9fea29da568e9bc1,-1.8657,-0.3896397948265075,0.1051,0.4839,
3,gnn_activity,3301,327843b402480d74,cmAPP:1800,cmAPP:1841,5848c205ff64ecf8,0.5433,-0.3935301303863525,0.4465,0.1478,
3,gnn_activity,3301,1d5a6a30d03d4ace,cmAPP:1765,cmAPP:1810,17103b04fab21cdc,-0.4945,-0.3550637066364288,0.1205,0.1419,
3,gnn_activity,3301,4490c940bfdaa814,cmAPP:1768,cmAPP:1813,17103b04fab21cdc,-0.935,-0.2972189784049988,0.1338,0.0960999999999999,
3,gnn_activity,3301,ae0b1f16d5b39dea,cmAPP:1801,cmAPP:1842,5848c205ff64ecf8,0.432,-0.4267779588699341,0.1339,0.1041,
3,gnn_activity,3301,e52464c3fde0c9de,cmAPP:1718,cmAPP:1763,5848c205ff64ecf8,-0.361,-0.3149908185005188,0.0562,0.1673,
3,gnn_activity,3301,2f48d456f6284b36,cmAPP:1687,cmAPP:1730,9fea29da568e9bc1,-0.3121,-0.3890413641929626,0.0704,0.0848,
3,gnn_activity,3301,c118eab8e379718c,cmAPP:1710,cmAPP:1751,5848c205ff64ecf8,0.2778999999999999,-0.3931457996368408,0.0418,0.0371,
3,gnn_activity,3301,bb68ab734a60ad5c,cmAPP:1675,cmAPP:1720,17103b04fab21cdc,0.0224,-0.3540380895137787,0.0253,0.0069999999999999,
3,gnn_activity,3301,0d965a5abd1a268c,cmAPP:1678,cmAPP:1723,17103b04fab21cdc,-0.0541000000000001,-0.296406626701355,0.0237999999999999,0.0576999999999999,
3,gnn_activity,3301,62cb9585f226cf4c,cmAPP:1711,cmAPP:1752,5848c205ff64ecf8,-0.5549,-0.4265758991241455,0.0093999999999999,0.0779,
3,gnn_activity,3301,9bf5f3d125221e4c,cmAPP:1628,cmAPP:1673,5848c205ff64ecf8,0.1386,-0.3123394548892975,0.1333,0.0969,
3,gnn_activity,3301,db264d54acc9cc94,cmAPP:1597,cmAPP:1640,9fea29da568e9bc1,-0.79,-0.38677978515625,0.0475,0.1617,
3,gnn_activity,3301,450bf38c165fbd1a,cmAPP:1620,cmAPP:1661,5848c205ff64ecf8,0.2362999999999999,-0.3921087384223938,0.0346,0.0215,
3,gnn_activity,3301,d2d72d8278e8ff2f,cmAPP:1585,cmAPP:1630,17103b04fab21cdc,-0.1643999999999998,-0.3511137068271637,0.0392,0.0429,
3,gnn_activity,3301,cf3a3e7485b31ba0,cmAPP:1588,cmAPP:1633,17103b04fab21cdc,-0.2547999999999999,-0.2940901517868042,0.03,0.0926999999999999,
3,gnn_activity,3301,58b9f1849445a903,cmAPP:1621,cmAPP:1662,5848c205ff64ecf8,-0.1006,-0.4259997904300689,0.0401,0.1016,
3,gnn_activity,3301,f56e1ddec22a1688,cmAPP:2078,cmAPP:2123,5848c205ff64ecf8,-0.2106999999999999,-0.3159205913543701,0.0633,0.0926999999999999,
3,gnn_activity,3301,e4cc745fd18c9923,cmAPP:2047,cmAPP:2090,9fea29da568e9bc1,-0.6328999999999999,-0.3896397948265075,0.0196,0.1439,
3,gnn_activity,3301,6a678b00b934044e,cmAPP:2070,cmAPP:2111,5848c205ff64ecf8,0.2685999999999999,-0.3935301303863525,0.067,0.0626999999999999,
3,gnn_activity,3301,d52d528f0aa9bd30,cmAPP:2035,cmAPP:2080,17103b04fab21cdc,-0.2289999999999998,-0.3550637066364288,0.0641,0.0755,
3,gnn_activity,3301,e6bc6fc3ddc258ff,cmAPP:2038,cmAPP:2083,17103b04fab21cdc,-0.1522,-0.2972189784049988,0.05,0.0474,
3,gnn_activity,3301,0c7a97d50dabb197,cmAPP:2071,cmAPP:2112,5848c205ff64ecf8,-0.4119,-0.4267779588699341,0.0747,0.1871999999999999,
3,gnn_activity,3301,5e97508244c8c76c,cmAPP:1988,cmAPP:2033,5848c205ff64ecf8,-0.1647,-0.3149908185005188,0.0871,0.0256999999999999,
3,gnn_activity,3301,1711355de18f68c1,cmAPP:1957,cmAPP:2000,9fea29da568e9bc1,-0.3823999999999999,-0.3890413641929626,0.036,0.0544,
3,gnn_activity,3301,18c6d9223a20ba73,cmAPP:1980,cmAPP:2021,5848c205ff64ecf8,0.1568999999999999,-0.3931457996368408,0.0768,0.0052,
3,gnn_activity,3301,61808a59ae1e72f6,cmAPP:1945,cmAPP:1990,17103b04fab21cdc,-0.0222999999999999,-0.3540380895137787,0.0379,0.0414,
3,gnn_activity,3301,aae93bc901d599ee,cmAPP:1948,cmAPP:1993,17103b04fab21cdc,0.0157999999999999,-0.296406626701355,0.0304,0.06,
3,gnn_activity,3301,c516136711beb154,cmAPP:1981,cmAPP:2022,5848c205ff64ecf8,-0.4343000000000001,-0.4265758991241455,0.0325,0.1017,
3,gnn_activity,3301,ffc888cf36b05bc2,cmAPP:1898,cmAPP:1943,5848c205ff64ecf8,-0.1835,-0.3123394548892975,0.0184,0.0542,
3,gnn_activity,3301,5c37a4bb04018995,cmAPP:1867,cmAPP:1910,9fea29da568e9bc1,-0.276,-0.38677978515625,0.0181,0.1264,
3,gnn_activity,3301,5216d53e06ede17c,cmAPP:1890,cmAPP:1931,5848c205ff64ecf8,0.0178,-0.3921087384223938,0.0196,0.001,
3,gnn_activity,3301,1b4f407ebbaeb5b2,cmAPP:1855,cmAPP:1900,17103b04fab21cdc,-0.0472,-0.3511137068271637,0.0007,0.0306999999999999,
3,gnn_activity,3301,790c224fb15729e8,cmAPP:1858,cmAPP:1903,17103b04fab21cdc,-0.0393999999999999,-0.2940901517868042,0.012,0.0139999999999999,
3,gnn_activity,3301,d1d883357891e048,cmAPP:1891,cmAPP:1932,5848c205ff64ecf8,-0.3360000000000001,-0.4259997904300689,0.0024,0.1892,
3,gnn_pair,1103,34a0cf77853c520f,cmAPP:1808,cmAPP:1853,5848c205ff64ecf8,0.5641999999999998,-0.2359419167041778,0.4637,0.4285,
3,gnn_pair,1103,53bd4571937b65d8,cmAPP:1777,cmAPP:1820,9fea29da568e9bc1,-1.8657,-0.3527132868766784,0.1051,0.4839,
3,gnn_pair,1103,327843b402480d74,cmAPP:1800,cmAPP:1841,5848c205ff64ecf8,0.5433,-0.2829136252403259,0.4465,0.1478,
3,gnn_pair,1103,1d5a6a30d03d4ace,cmAPP:1765,cmAPP:1810,17103b04fab21cdc,-0.4945,-0.3078751564025879,0.1205,0.1419,
3,gnn_pair,1103,4490c940bfdaa814,cmAPP:1768,cmAPP:1813,17103b04fab21cdc,-0.935,-0.2129427790641784,0.1338,0.0960999999999999,
3,gnn_pair,1103,ae0b1f16d5b39dea,cmAPP:1801,cmAPP:1842,5848c205ff64ecf8,0.432,-0.2494944334030151,0.1339,0.1041,
3,gnn_pair,1103,e52464c3fde0c9de,cmAPP:1718,cmAPP:1763,5848c205ff64ecf8,-0.361,-0.2358742356300354,0.0562,0.1673,
3,gnn_pair,1103,2f48d456f6284b36,cmAPP:1687,cmAPP:1730,9fea29da568e9bc1,-0.3121,-0.3524512648582458,0.0704,0.0848,
3,gnn_pair,1103,c118eab8e379718c,cmAPP:1710,cmAPP:1751,5848c205ff64ecf8,0.2778999999999999,-0.2827723622322082,0.0418,0.0371,
3,gnn_pair,1103,bb68ab734a60ad5c,cmAPP:1675,cmAPP:1720,17103b04fab21cdc,0.0224,-0.3076321482658386,0.0253,0.0069999999999999,
3,gnn_pair,1103,0d965a5abd1a268c,cmAPP:1678,cmAPP:1723,17103b04fab21cdc,-0.0541000000000001,-0.2128015756607055,0.0237999999999999,0.0576999999999999,
3,gnn_pair,1103,62cb9585f226cf4c,cmAPP:1711,cmAPP:1752,5848c205ff64ecf8,-0.5549,-0.2493865489959716,0.0093999999999999,0.0779,
3,gnn_pair,1103,9bf5f3d125221e4c,cmAPP:1628,cmAPP:1673,5848c205ff64ecf8,0.1386,-0.2356812953948974,0.1333,0.0969,
3,gnn_pair,1103,db264d54acc9cc94,cmAPP:1597,cmAPP:1640,9fea29da568e9bc1,-0.79,-0.351703941822052,0.0475,0.1617,
3,gnn_pair,1103,450bf38c165fbd1a,cmAPP:1620,cmAPP:1661,5848c205ff64ecf8,0.2362999999999999,-0.2823696136474609,0.0346,0.0215,
3,gnn_pair,1103,d2d72d8278e8ff2f,cmAPP:1585,cmAPP:1630,17103b04fab21cdc,-0.1643999999999998,-0.3069391846656799,0.0392,0.0429,
3,gnn_pair,1103,cf3a3e7485b31ba0,cmAPP:1588,cmAPP:1633,17103b04fab21cdc,-0.2547999999999999,-0.2123988270759582,0.03,0.0926999999999999,
3,gnn_pair,1103,58b9f1849445a903,cmAPP:1621,cmAPP:1662,5848c205ff64ecf8,-0.1006,-0.2490789592266082,0.0401,0.1016,
3,gnn_pair,1103,f56e1ddec22a1688,cmAPP:2078,cmAPP:2123,5848c205ff64ecf8,-0.2106999999999999,-0.2359419167041778,0.0633,0.0926999999999999,
3,gnn_pair,1103,e4cc745fd18c9923,cmAPP:2047,cmAPP:2090,9fea29da568e9bc1,-0.6328999999999999,-0.3527132868766784,0.0196,0.1439,
3,gnn_pair,1103,6a678b00b934044e,cmAPP:2070,cmAPP:2111,5848c205ff64ecf8,0.2685999999999999,-0.2829136252403259,0.067,0.0626999999999999,
3,gnn_pair,1103,d52d528f0aa9bd30,cmAPP:2035,cmAPP:2080,17103b04fab21cdc,-0.2289999999999998,-0.3078751564025879,0.0641,0.0755,
3,gnn_pair,1103,e6bc6fc3ddc258ff,cmAPP:2038,cmAPP:2083,17103b04fab21cdc,-0.1522,-0.2129427790641784,0.05,0.0474,
3,gnn_pair,1103,0c7a97d50dabb197,cmAPP:2071,cmAPP:2112,5848c205ff64ecf8,-0.4119,-0.2494944334030151,0.0747,0.1871999999999999,
3,gnn_pair,1103,5e97508244c8c76c,cmAPP:1988,cmAPP:2033,5848c205ff64ecf8,-0.1647,-0.2358742356300354,0.0871,0.0256999999999999,
3,gnn_pair,1103,1711355de18f68c1,cmAPP:1957,cmAPP:2000,9fea29da568e9bc1,-0.3823999999999999,-0.3524512648582458,0.036,0.0544,
3,gnn_pair,1103,18c6d9223a20ba73,cmAPP:1980,cmAPP:2021,5848c205ff64ecf8,0.1568999999999999,-0.2827723622322082,0.0768,0.0052,
3,gnn_pair,1103,61808a59ae1e72f6,cmAPP:1945,cmAPP:1990,17103b04fab21cdc,-0.0222999999999999,-0.3076321482658386,0.0379,0.0414,
3,gnn_pair,1103,aae93bc901d599ee,cmAPP:1948,cmAPP:1993,17103b04fab21cdc,0.0157999999999999,-0.2128015756607055,0.0304,0.06,
3,gnn_pair,1103,c516136711beb154,cmAPP:1981,cmAPP:2022,5848c205ff64ecf8,-0.4343000000000001,-0.2493865489959716,0.0325,0.1017,
3,gnn_pair,1103,ffc888cf36b05bc2,cmAPP:1898,cmAPP:1943,5848c205ff64ecf8,-0.1835,-0.2356812953948974,0.0184,0.0542,
3,gnn_pair,1103,5c37a4bb04018995,cmAPP:1867,cmAPP:1910,9fea29da568e9bc1,-0.276,-0.351703941822052,0.0181,0.1264,
3,gnn_pair,1103,5216d53e06ede17c,cmAPP:1890,cmAPP:1931,5848c205ff64ecf8,0.0178,-0.2823696136474609,0.0196,0.001,
3,gnn_pair,1103,1b4f407ebbaeb5b2,cmAPP:1855,cmAPP:1900,17103b04fab21cdc,-0.0472,-0.3069391846656799,0.0007,0.0306999999999999,
3,gnn_pair,1103,790c224fb15729e8,cmAPP:1858,cmAPP:1903,17103b04fab21cdc,-0.0393999999999999,-0.2123988270759582,0.012,0.0139999999999999,
3,gnn_pair,1103,d1d883357891e048,cmAPP:1891,cmAPP:1932,5848c205ff64ecf8,-0.3360000000000001,-0.2490789592266082,0.0024,0.1892,
3,gnn_pair,2207,34a0cf77853c520f,cmAPP:1808,cmAPP:1853,5848c205ff64ecf8,0.5641999999999998,-0.2085929214954376,0.4637,0.4285,
3,gnn_pair,2207,53bd4571937b65d8,cmAPP:1777,cmAPP:1820,9fea29da568e9bc1,-1.8657,-0.3760259747505188,0.1051,0.4839,
3,gnn_pair,2207,327843b402480d74,cmAPP:1800,cmAPP:1841,5848c205ff64ecf8,0.5433,-0.2878144383430481,0.4465,0.1478,
3,gnn_pair,2207,1d5a6a30d03d4ace,cmAPP:1765,cmAPP:1810,17103b04fab21cdc,-0.4945,-0.3478054404258728,0.1205,0.1419,
3,gnn_pair,2207,4490c940bfdaa814,cmAPP:1768,cmAPP:1813,17103b04fab21cdc,-0.935,-0.2295858860015869,0.1338,0.0960999999999999,
3,gnn_pair,2207,ae0b1f16d5b39dea,cmAPP:1801,cmAPP:1842,5848c205ff64ecf8,0.432,-0.2621024250984192,0.1339,0.1041,
3,gnn_pair,2207,e52464c3fde0c9de,cmAPP:1718,cmAPP:1763,5848c205ff64ecf8,-0.361,-0.20798060297966,0.0562,0.1673,
3,gnn_pair,2207,2f48d456f6284b36,cmAPP:1687,cmAPP:1730,9fea29da568e9bc1,-0.3121,-0.3753761947154999,0.0704,0.0848,
3,gnn_pair,2207,c118eab8e379718c,cmAPP:1710,cmAPP:1751,5848c205ff64ecf8,0.2778999999999999,-0.2873872518539428,0.0418,0.0371,
3,gnn_pair,2207,bb68ab734a60ad5c,cmAPP:1675,cmAPP:1720,17103b04fab21cdc,0.0224,-0.3470554947853088,0.0253,0.0069999999999999,
3,gnn_pair,2207,0d965a5abd1a268c,cmAPP:1678,cmAPP:1723,17103b04fab21cdc,-0.0541000000000001,-0.228980541229248,0.0237999999999999,0.0576999999999999,
3,gnn_pair,2207,62cb9585f226cf4c,cmAPP:1711,cmAPP:1752,5848c205ff64ecf8,-0.5549,-0.2617846131324768,0.0093999999999999,0.0779,
3,gnn_pair,2207,9bf5f3d125221e4c,cmAPP:1628,cmAPP:1673,5848c205ff64ecf8,0.1386,-0.2062343955039978,0.1333,0.0969,
3,gnn_pair,2207,db264d54acc9cc94,cmAPP:1597,cmAPP:1640,9fea29da568e9bc1,-0.79,-0.3735233843326568,0.0475,0.1617,
3,gnn_pair,2207,450bf38c165fbd1a,cmAPP:1620,cmAPP:1661,5848c205ff64ecf8,0.2362999999999999,-0.2861690521240234,0.0346,0.0215,
3,gnn_pair,2207,d2d72d8278e8ff2f,cmAPP:1585,cmAPP:1630,17103b04fab21cdc,-0.1643999999999998,-0.3449169993400574,0.0392,0.0429,
3,gnn_pair,2207,cf3a3e7485b31ba0,cmAPP:1588,cmAPP:1633,17103b04fab21cdc,-0.2547999999999999,-0.2272543311119079,0.03,0.0926999999999999,
3,gnn_pair,2207,58b9f1849445a903,cmAPP:1621,cmAPP:1662,5848c205ff64ecf8,-0.1006,-0.2608782649040222,0.0401,0.1016,
3,gnn_pair,2207,f56e1ddec22a1688,cmAPP:2078,cmAPP:2123,5848c205ff64ecf8,-0.2106999999999999,-0.2085929214954376,0.0633,0.0926999999999999,
3,gnn_pair,2207,e4cc745fd18c9923,cmAPP:2047,cmAPP:2090,9fea29da568e9bc1,-0.6328999999999999,-0.3760259747505188,0.0196,0.1439,
3,gnn_pair,2207,6a678b00b934044e,cmAPP:2070,cmAPP:2111,5848c205ff64ecf8,0.2685999999999999,-0.2878144383430481,0.067,0.0626999999999999,
3,gnn_pair,2207,d52d528f0aa9bd30,cmAPP:2035,cmAPP:2080,17103b04fab21cdc,-0.2289999999999998,-0.3478054404258728,0.0641,0.0755,
3,gnn_pair,2207,e6bc6fc3ddc258ff,cmAPP:2038,cmAPP:2083,17103b04fab21cdc,-0.1522,-0.2295858860015869,0.05,0.0474,
3,gnn_pair,2207,0c7a97d50dabb197,cmAPP:2071,cmAPP:2112,5848c205ff64ecf8,-0.4119,-0.2621024250984192,0.0747,0.1871999999999999,
3,gnn_pair,2207,5e97508244c8c76c,cmAPP:1988,cmAPP:2033,5848c205ff64ecf8,-0.1647,-0.20798060297966,0.0871,0.0256999999999999,
3,gnn_pair,2207,1711355de18f68c1,cmAPP:1957,cmAPP:2000,9fea29da568e9bc1,-0.3823999999999999,-0.3753761947154999,0.036,0.0544,
3,gnn_pair,2207,18c6d9223a20ba73,cmAPP:1980,cmAPP:2021,5848c205ff64ecf8,0.1568999999999999,-0.2873872518539428,0.0768,0.0052,
3,gnn_pair,2207,61808a59ae1e72f6,cmAPP:1945,cmAPP:1990,17103b04fab21cdc,-0.0222999999999999,-0.3470554947853088,0.0379,0.0414,
3,gnn_pair,2207,aae93bc901d599ee,cmAPP:1948,cmAPP:1993,17103b04fab21cdc,0.0157999999999999,-0.228980541229248,0.0304,0.06,
3,gnn_pair,2207,c516136711beb154,cmAPP:1981,cmAPP:2022,5848c205ff64ecf8,-0.4343000000000001,-0.2617846131324768,0.0325,0.1017,
3,gnn_pair,2207,ffc888cf36b05bc2,cmAPP:1898,cmAPP:1943,5848c205ff64ecf8,-0.1835,-0.2062343955039978,0.0184,0.0542,
3,gnn_pair,2207,5c37a4bb04018995,cmAPP:1867,cmAPP:1910,9fea29da568e9bc1,-0.276,-0.3735233843326568,0.0181,0.1264,
3,gnn_pair,2207,5216d53e06ede17c,cmAPP:1890,cmAPP:1931,5848c205ff64ecf8,0.0178,-0.2861690521240234,0.0196,0.001,
3,gnn_pair,2207,1b4f407ebbaeb5b2,cmAPP:1855,cmAPP:1900,17103b04fab21cdc,-0.0472,-0.3449169993400574,0.0007,0.0306999999999999,
3,gnn_pair,2207,790c224fb15729e8,cmAPP:1858,cmAPP:1903,17103b04fab21cdc,-0.0393999999999999,-0.2272543311119079,0.012,0.0139999999999999,
3,gnn_pair,2207,d1d883357891e048,cmAPP:1891,cmAPP:1932,5848c205ff64ecf8,-0.3360000000000001,-0.2608782649040222,0.0024,0.1892,
3,gnn_pair,3301,34a0cf77853c520f,cmAPP:1808,cmAPP:1853,5848c205ff64ecf8,0.5641999999999998,-0.2882178425788879,0.4637,0.4285,
3,gnn_pair,3301,53bd4571937b65d8,cmAPP:1777,cmAPP:1820,9fea29da568e9bc1,-1.8657,-0.351530373096466,0.1051,0.4839,
3,gnn_pair,3301,327843b402480d74,cmAPP:1800,cmAPP:1841,5848c205ff64ecf8,0.5433,-0.3577752113342285,0.4465,0.1478,
3,gnn_pair,3301,1d5a6a30d03d4ace,cmAPP:1765,cmAPP:1810,17103b04fab21cdc,-0.4945,-0.3761077523231506,0.1205,0.1419,
3,gnn_pair,3301,4490c940bfdaa814,cmAPP:1768,cmAPP:1813,17103b04fab21cdc,-0.935,-0.2677547335624695,0.1338,0.0960999999999999,
3,gnn_pair,3301,ae0b1f16d5b39dea,cmAPP:1801,cmAPP:1842,5848c205ff64ecf8,0.432,-0.3261272311210632,0.1339,0.1041,
3,gnn_pair,3301,e52464c3fde0c9de,cmAPP:1718,cmAPP:1763,5848c205ff64ecf8,-0.361,-0.2883266806602478,0.0562,0.1673,
3,gnn_pair,3301,2f48d456f6284b36,cmAPP:1687,cmAPP:1730,9fea29da568e9bc1,-0.3121,-0.3514604568481445,0.0704,0.0848,
3,gnn_pair,3301,c118eab8e379718c,cmAPP:1710,cmAPP:1751,5848c205ff64ecf8,0.2778999999999999,-0.3577077686786651,0.0418,0.0371,
3,gnn_pair,3301,bb68ab734a60ad5c,cmAPP:1675,cmAPP:1720,17103b04fab21cdc,0.0224,-0.37579146027565,0.0253,0.0069999999999999,
3,gnn_pair,3301,0d965a5abd1a268c,cmAPP:1678,cmAPP:1723,17103b04fab21cdc,-0.0541000000000001,-0.2676188349723816,0.0237999999999999,0.0576999999999999,
3,gnn_pair,3301,62cb9585f226cf4c,cmAPP:1711,cmAPP:1752,5848c205ff64ecf8,-0.5549,-0.3259549736976623,0.0093999999999999,0.0779,
3,gnn_pair,3301,9bf5f3d125221e4c,cmAPP:1628,cmAPP:1673,5848c205ff64ecf8,0.1386,-0.2886368632316589,0.1333,0.0969,
3,gnn_pair,3301,db264d54acc9cc94,cmAPP:1597,cmAPP:1640,9fea29da568e9bc1,-0.79,-0.3512611985206604,0.0475,0.1617,
3,gnn_pair,3301,450bf38c165fbd1a,cmAPP:1620,cmAPP:1661,5848c205ff64ecf8,0.2362999999999999,-0.3575156033039093,0.0346,0.0215,
3,gnn_pair,3301,d2d72d8278e8ff2f,cmAPP:1585,cmAPP:1630,17103b04fab21cdc,-0.1643999999999998,-0.3748260140419006,0.0392,0.0429,
3,gnn_pair,3301,cf3a3e7485b31ba0,cmAPP:1588,cmAPP:1633,17103b04fab21cdc,-0.2547999999999999,-0.267231285572052,0.03,0.0926999999999999,
3,gnn_pair,3301,58b9f1849445a903,cmAPP:1621,cmAPP:1662,5848c205ff64ecf8,-0.1006,-0.3254637122154236,0.0401,0.1016,
3,gnn_pair,3301,f56e1ddec22a1688,cmAPP:2078,cmAPP:2123,5848c205ff64ecf8,-0.2106999999999999,-0.2882178425788879,0.0633,0.0926999999999999,
3,gnn_pair,3301,e4cc745fd18c9923,cmAPP:2047,cmAPP:2090,9fea29da568e9bc1,-0.6328999999999999,-0.351530373096466,0.0196,0.1439,
3,gnn_pair,3301,6a678b00b934044e,cmAPP:2070,cmAPP:2111,5848c205ff64ecf8,0.2685999999999999,-0.3577752113342285,0.067,0.0626999999999999,
3,gnn_pair,3301,d52d528f0aa9bd30,cmAPP:2035,cmAPP:2080,17103b04fab21cdc,-0.2289999999999998,-0.3761077523231506,0.0641,0.0755,
3,gnn_pair,3301,e6bc6fc3ddc258ff,cmAPP:2038,cmAPP:2083,17103b04fab21cdc,-0.1522,-0.2677547335624695,0.05,0.0474,
3,gnn_pair,3301,0c7a97d50dabb197,cmAPP:2071,cmAPP:2112,5848c205ff64ecf8,-0.4119,-0.3261272311210632,0.0747,0.1871999999999999,
3,gnn_pair,3301,5e97508244c8c76c,cmAPP:1988,cmAPP:2033,5848c205ff64ecf8,-0.1647,-0.2883266806602478,0.0871,0.0256999999999999,
3,gnn_pair,3301,1711355de18f68c1,cmAPP:1957,cmAPP:2000,9fea29da568e9bc1,-0.3823999999999999,-0.3514604568481445,0.036,0.0544,
3,gnn_pair,3301,18c6d9223a20ba73,cmAPP:1980,cmAPP:2021,5848c205ff64ecf8,0.1568999999999999,-0.3577077686786651,0.0768,0.0052,
3,gnn_pair,3301,61808a59ae1e72f6,cmAPP:1945,cmAPP:1990,17103b04fab21cdc,-0.0222999999999999,-0.37579146027565,0.0379,0.0414,
3,gnn_pair,3301,aae93bc901d599ee,cmAPP:1948,cmAPP:1993,17103b04fab21cdc,0.0157999999999999,-0.2676188349723816,0.0304,0.06,
3,gnn_pair,3301,c516136711beb154,cmAPP:1981,cmAPP:2022,5848c205ff64ecf8,-0.4343000000000001,-0.3259549736976623,0.0325,0.1017,
3,gnn_pair,3301,ffc888cf36b05bc2,cmAPP:1898,cmAPP:1943,5848c205ff64ecf8,-0.1835,-0.2886368632316589,0.0184,0.0542,
3,gnn_pair,3301,5c37a4bb04018995,cmAPP:1867,cmAPP:1910,9fea29da568e9bc1,-0.276,-0.3512611985206604,0.0181,0.1264,
3,gnn_pair,3301,5216d53e06ede17c,cmAPP:1890,cmAPP:1931,5848c205ff64ecf8,0.0178,-0.3575156033039093,0.0196,0.001,
3,gnn_pair,3301,1b4f407ebbaeb5b2,cmAPP:1855,cmAPP:1900,17103b04fab21cdc,-0.0472,-0.3748260140419006,0.0007,0.0306999999999999,
3,gnn_pair,3301,790c224fb15729e8,cmAPP:1858,cmAPP:1903,17103b04fab21cdc,-0.0393999999999999,-0.267231285572052,0.012,0.0139999999999999,
3,gnn_pair,3301,d1d883357891e048,cmAPP:1891,cmAPP:1932,5848c205ff64ecf8,-0.3360000000000001,-0.3254637122154236,0.0024,0.1892,
3,nongraph_pair,1103,34a0cf77853c520f,cmAPP:1808,cmAPP:1853,5848c205ff64ecf8,0.5641999999999998,-0.2102280855178833,0.4637,0.4285,
3,nongraph_pair,1103,53bd4571937b65d8,cmAPP:1777,cmAPP:1820,9fea29da568e9bc1,-1.8657,-0.3226324319839477,0.1051,0.4839,
3,nongraph_pair,1103,327843b402480d74,cmAPP:1800,cmAPP:1841,5848c205ff64ecf8,0.5433,-0.2186096310615539,0.4465,0.1478,
3,nongraph_pair,1103,1d5a6a30d03d4ace,cmAPP:1765,cmAPP:1810,17103b04fab21cdc,-0.4945,-0.2667646706104278,0.1205,0.1419,
3,nongraph_pair,1103,4490c940bfdaa814,cmAPP:1768,cmAPP:1813,17103b04fab21cdc,-0.935,-0.0987883806228637,0.1338,0.0960999999999999,
3,nongraph_pair,1103,ae0b1f16d5b39dea,cmAPP:1801,cmAPP:1842,5848c205ff64ecf8,0.432,-0.2479753494262695,0.1339,0.1041,
3,nongraph_pair,1103,e52464c3fde0c9de,cmAPP:1718,cmAPP:1763,5848c205ff64ecf8,-0.361,-0.2094667553901672,0.0562,0.1673,
3,nongraph_pair,1103,2f48d456f6284b36,cmAPP:1687,cmAPP:1730,9fea29da568e9bc1,-0.3121,-0.3223505020141601,0.0704,0.0848,
3,nongraph_pair,1103,c118eab8e379718c,cmAPP:1710,cmAPP:1751,5848c205ff64ecf8,0.2778999999999999,-0.2180348038673401,0.0418,0.0371,
3,nongraph_pair,1103,bb68ab734a60ad5c,cmAPP:1675,cmAPP:1720,17103b04fab21cdc,0.0224,-0.2661451697349548,0.0253,0.0069999999999999,
3,nongraph_pair,1103,0d965a5abd1a268c,cmAPP:1678,cmAPP:1723,17103b04fab21cdc,-0.0541000000000001,-0.0982623100280761,0.0237999999999999,0.0576999999999999,
3,nongraph_pair,1103,62cb9585f226cf4c,cmAPP:1711,cmAPP:1752,5848c205ff64ecf8,-0.5549,-0.247224748134613,0.0093999999999999,0.0779,
3,nongraph_pair,1103,9bf5f3d125221e4c,cmAPP:1628,cmAPP:1673,5848c205ff64ecf8,0.1386,-0.2072957158088684,0.1333,0.0969,
3,nongraph_pair,1103,db264d54acc9cc94,cmAPP:1597,cmAPP:1640,9fea29da568e9bc1,-0.79,-0.3215466737747192,0.0475,0.1617,
3,nongraph_pair,1103,450bf38c165fbd1a,cmAPP:1620,cmAPP:1661,5848c205ff64ecf8,0.2362999999999999,-0.2163956463336944,0.0346,0.0215,
3,nongraph_pair,1103,d2d72d8278e8ff2f,cmAPP:1585,cmAPP:1630,17103b04fab21cdc,-0.1643999999999998,-0.2643784582614898,0.0392,0.0429,
3,nongraph_pair,1103,cf3a3e7485b31ba0,cmAPP:1588,cmAPP:1633,17103b04fab21cdc,-0.2547999999999999,-0.0967622399330139,0.03,0.0926999999999999,
3,nongraph_pair,1103,58b9f1849445a903,cmAPP:1621,cmAPP:1662,5848c205ff64ecf8,-0.1006,-0.2450843453407287,0.0401,0.1016,
3,nongraph_pair,1103,f56e1ddec22a1688,cmAPP:2078,cmAPP:2123,5848c205ff64ecf8,-0.2106999999999999,-0.2102280855178833,0.0633,0.0926999999999999,
3,nongraph_pair,1103,e4cc745fd18c9923,cmAPP:2047,cmAPP:2090,9fea29da568e9bc1,-0.6328999999999999,-0.3226324319839477,0.0196,0.1439,
3,nongraph_pair,1103,6a678b00b934044e,cmAPP:2070,cmAPP:2111,5848c205ff64ecf8,0.2685999999999999,-0.2186096310615539,0.067,0.0626999999999999,
3,nongraph_pair,1103,d52d528f0aa9bd30,cmAPP:2035,cmAPP:2080,17103b04fab21cdc,-0.2289999999999998,-0.2667646706104278,0.0641,0.0755,
3,nongraph_pair,1103,e6bc6fc3ddc258ff,cmAPP:2038,cmAPP:2083,17103b04fab21cdc,-0.1522,-0.0987883806228637,0.05,0.0474,
3,nongraph_pair,1103,0c7a97d50dabb197,cmAPP:2071,cmAPP:2112,5848c205ff64ecf8,-0.4119,-0.2479753494262695,0.0747,0.1871999999999999,
3,nongraph_pair,1103,5e97508244c8c76c,cmAPP:1988,cmAPP:2033,5848c205ff64ecf8,-0.1647,-0.2094667553901672,0.0871,0.0256999999999999,
3,nongraph_pair,1103,1711355de18f68c1,cmAPP:1957,cmAPP:2000,9fea29da568e9bc1,-0.3823999999999999,-0.3223505020141601,0.036,0.0544,
3,nongraph_pair,1103,18c6d9223a20ba73,cmAPP:1980,cmAPP:2021,5848c205ff64ecf8,0.1568999999999999,-0.2180348038673401,0.0768,0.0052,
3,nongraph_pair,1103,61808a59ae1e72f6,cmAPP:1945,cmAPP:1990,17103b04fab21cdc,-0.0222999999999999,-0.2661451697349548,0.0379,0.0414,
3,nongraph_pair,1103,aae93bc901d599ee,cmAPP:1948,cmAPP:1993,17103b04fab21cdc,0.0157999999999999,-0.0982623100280761,0.0304,0.06,
3,nongraph_pair,1103,c516136711beb154,cmAPP:1981,cmAPP:2022,5848c205ff64ecf8,-0.4343000000000001,-0.247224748134613,0.0325,0.1017,
3,nongraph_pair,1103,ffc888cf36b05bc2,cmAPP:1898,cmAPP:1943,5848c205ff64ecf8,-0.1835,-0.2072957158088684,0.0184,0.0542,
3,nongraph_pair,1103,5c37a4bb04018995,cmAPP:1867,cmAPP:1910,9fea29da568e9bc1,-0.276,-0.3215466737747192,0.0181,0.1264,
3,nongraph_pair,1103,5216d53e06ede17c,cmAPP:1890,cmAPP:1931,5848c205ff64ecf8,0.0178,-0.2163956463336944,0.0196,0.001,
3,nongraph_pair,1103,1b4f407ebbaeb5b2,cmAPP:1855,cmAPP:1900,17103b04fab21cdc,-0.0472,-0.2643784582614898,0.0007,0.0306999999999999,
3,nongraph_pair,1103,790c224fb15729e8,cmAPP:1858,cmAPP:1903,17103b04fab21cdc,-0.0393999999999999,-0.0967622399330139,0.012,0.0139999999999999,
3,nongraph_pair,1103,d1d883357891e048,cmAPP:1891,cmAPP:1932,5848c205ff64ecf8,-0.3360000000000001,-0.2450843453407287,0.0024,0.1892,
3,nongraph_pair,2207,34a0cf77853c520f,cmAPP:1808,cmAPP:1853,5848c205ff64ecf8,0.5641999999999998,-0.3471898734569549,0.4637,0.4285,
3,nongraph_pair,2207,53bd4571937b65d8,cmAPP:1777,cmAPP:1820,9fea29da568e9bc1,-1.8657,-0.3976999521255493,0.1051,0.4839,
3,nongraph_pair,2207,327843b402480d74,cmAPP:1800,cmAPP:1841,5848c205ff64ecf8,0.5433,-0.3546630144119262,0.4465,0.1478,
3,nongraph_pair,2207,1d5a6a30d03d4ace,cmAPP:1765,cmAPP:1810,17103b04fab21cdc,-0.4945,-0.4016967713832855,0.1205,0.1419,
3,nongraph_pair,2207,4490c940bfdaa814,cmAPP:1768,cmAPP:1813,17103b04fab21cdc,-0.935,-0.3556287288665771,0.1338,0.0960999999999999,
3,nongraph_pair,2207,ae0b1f16d5b39dea,cmAPP:1801,cmAPP:1842,5848c205ff64ecf8,0.432,-0.3508886694908142,0.1339,0.1041,
3,nongraph_pair,2207,e52464c3fde0c9de,cmAPP:1718,cmAPP:1763,5848c205ff64ecf8,-0.361,-0.3472803235054016,0.0562,0.1673,
3,nongraph_pair,2207,2f48d456f6284b36,cmAPP:1687,cmAPP:1730,9fea29da568e9bc1,-0.3121,-0.3977000117301941,0.0704,0.0848,
3,nongraph_pair,2207,c118eab8e379718c,cmAPP:1710,cmAPP:1751,5848c205ff64ecf8,0.2778999999999999,-0.3546750545501709,0.0418,0.0371,
3,nongraph_pair,2207,bb68ab734a60ad5c,cmAPP:1675,cmAPP:1720,17103b04fab21cdc,0.0224,-0.4018862545490265,0.0253,0.0069999999999999,
3,nongraph_pair,2207,0d965a5abd1a268c,cmAPP:1678,cmAPP:1723,17103b04fab21cdc,-0.0541000000000001,-0.3557394444942474,0.0237999999999999,0.0576999999999999,
3,nongraph_pair,2207,62cb9585f226cf4c,cmAPP:1711,cmAPP:1752,5848c205ff64ecf8,-0.5549,-0.3510112166404724,0.0093999999999999,0.0779,
3,nongraph_pair,2207,9bf5f3d125221e4c,cmAPP:1628,cmAPP:1673,5848c205ff64ecf8,0.1386,-0.3475383520126343,0.1333,0.0969,
3,nongraph_pair,2207,db264d54acc9cc94,cmAPP:1597,cmAPP:1640,9fea29da568e9bc1,-0.79,-0.3977000713348388,0.0475,0.1617,
3,nongraph_pair,2207,450bf38c165fbd1a,cmAPP:1620,cmAPP:1661,5848c205ff64ecf8,0.2362999999999999,-0.3547091782093048,0.0346,0.0215,
3,nongraph_pair,2207,d2d72d8278e8ff2f,cmAPP:1585,cmAPP:1630,17103b04fab21cdc,-0.1643999999999998,-0.4024267196655273,0.0392,0.0429,
3,nongraph_pair,2207,cf3a3e7485b31ba0,cmAPP:1588,cmAPP:1633,17103b04fab21cdc,-0.2547999999999999,-0.3560549318790436,0.03,0.0926999999999999,
3,nongraph_pair,2207,58b9f1849445a903,cmAPP:1621,cmAPP:1662,5848c205ff64ecf8,-0.1006,-0.3513608574867248,0.0401,0.1016,
3,nongraph_pair,2207,f56e1ddec22a1688,cmAPP:2078,cmAPP:2123,5848c205ff64ecf8,-0.2106999999999999,-0.3471898734569549,0.0633,0.0926999999999999,
3,nongraph_pair,2207,e4cc745fd18c9923,cmAPP:2047,cmAPP:2090,9fea29da568e9bc1,-0.6328999999999999,-0.3976999521255493,0.0196,0.1439,
3,nongraph_pair,2207,6a678b00b934044e,cmAPP:2070,cmAPP:2111,5848c205ff64ecf8,0.2685999999999999,-0.3546630144119262,0.067,0.0626999999999999,
3,nongraph_pair,2207,d52d528f0aa9bd30,cmAPP:2035,cmAPP:2080,17103b04fab21cdc,-0.2289999999999998,-0.4016967713832855,0.0641,0.0755,
3,nongraph_pair,2207,e6bc6fc3ddc258ff,cmAPP:2038,cmAPP:2083,17103b04fab21cdc,-0.1522,-0.3556287288665771,0.05,0.0474,
3,nongraph_pair,2207,0c7a97d50dabb197,cmAPP:2071,cmAPP:2112,5848c205ff64ecf8,-0.4119,-0.3508886694908142,0.0747,0.1871999999999999,
3,nongraph_pair,2207,5e97508244c8c76c,cmAPP:1988,cmAPP:2033,5848c205ff64ecf8,-0.1647,-0.3472803235054016,0.0871,0.0256999999999999,
3,nongraph_pair,2207,1711355de18f68c1,cmAPP:1957,cmAPP:2000,9fea29da568e9bc1,-0.3823999999999999,-0.3977000117301941,0.036,0.0544,
3,nongraph_pair,2207,18c6d9223a20ba73,cmAPP:1980,cmAPP:2021,5848c205ff64ecf8,0.1568999999999999,-0.3546750545501709,0.0768,0.0052,
3,nongraph_pair,2207,61808a59ae1e72f6,cmAPP:1945,cmAPP:1990,17103b04fab21cdc,-0.0222999999999999,-0.4018862545490265,0.0379,0.0414,
3,nongraph_pair,2207,aae93bc901d599ee,cmAPP:1948,cmAPP:1993,17103b04fab21cdc,0.0157999999999999,-0.3557394444942474,0.0304,0.06,
3,nongraph_pair,2207,c516136711beb154,cmAPP:1981,cmAPP:2022,5848c205ff64ecf8,-0.4343000000000001,-0.3510112166404724,0.0325,0.1017,
3,nongraph_pair,2207,ffc888cf36b05bc2,cmAPP:1898,cmAPP:1943,5848c205ff64ecf8,-0.1835,-0.3475383520126343,0.0184,0.0542,
3,nongraph_pair,2207,5c37a4bb04018995,cmAPP:1867,cmAPP:1910,9fea29da568e9bc1,-0.276,-0.3977000713348388,0.0181,0.1264,
3,nongraph_pair,2207,5216d53e06ede17c,cmAPP:1890,cmAPP:1931,5848c205ff64ecf8,0.0178,-0.3547091782093048,0.0196,0.001,
3,nongraph_pair,2207,1b4f407ebbaeb5b2,cmAPP:1855,cmAPP:1900,17103b04fab21cdc,-0.0472,-0.4024267196655273,0.0007,0.0306999999999999,
3,nongraph_pair,2207,790c224fb15729e8,cmAPP:1858,cmAPP:1903,17103b04fab21cdc,-0.0393999999999999,-0.3560549318790436,0.012,0.0139999999999999,
3,nongraph_pair,2207,d1d883357891e048,cmAPP:1891,cmAPP:1932,5848c205ff64ecf8,-0.3360000000000001,-0.3513608574867248,0.0024,0.1892,
3,nongraph_pair,3301,34a0cf77853c520f,cmAPP:1808,cmAPP:1853,5848c205ff64ecf8,0.5641999999999998,-0.339406669139862,0.4637,0.4285,
3,nongraph_pair,3301,53bd4571937b65d8,cmAPP:1777,cmAPP:1820,9fea29da568e9bc1,-1.8657,-0.3392111659049988,0.1051,0.4839,
3,nongraph_pair,3301,327843b402480d74,cmAPP:1800,cmAPP:1841,5848c205ff64ecf8,0.5433,-0.3424226939678192,0.4465,0.1478,
3,nongraph_pair,3301,1d5a6a30d03d4ace,cmAPP:1765,cmAPP:1810,17103b04fab21cdc,-0.4945,-0.3934609889984131,0.1205,0.1419,
3,nongraph_pair,3301,4490c940bfdaa814,cmAPP:1768,cmAPP:1813,17103b04fab21cdc,-0.935,-0.3260344266891479,0.1338,0.0960999999999999,
3,nongraph_pair,3301,ae0b1f16d5b39dea,cmAPP:1801,cmAPP:1842,5848c205ff64ecf8,0.432,-0.3387016952037811,0.1339,0.1041,
3,nongraph_pair,3301,e52464c3fde0c9de,cmAPP:1718,cmAPP:1763,5848c205ff64ecf8,-0.361,-0.3395545482635498,0.0562,0.1673,
3,nongraph_pair,3301,2f48d456f6284b36,cmAPP:1687,cmAPP:1730,9fea29da568e9bc1,-0.3121,-0.3393657207489013,0.0704,0.0848,
3,nongraph_pair,3301,c118eab8e379718c,cmAPP:1710,cmAPP:1751,5848c205ff64ecf8,0.2778999999999999,-0.3424689471721649,0.0418,0.0371,
3,nongraph_pair,3301,bb68ab734a60ad5c,cmAPP:1675,cmAPP:1720,17103b04fab21cdc,0.0224,-0.3933324515819549,0.0253,0.0069999999999999,
3,nongraph_pair,3301,0d965a5abd1a268c,cmAPP:1678,cmAPP:1723,17103b04fab21cdc,-0.0541000000000001,-0.3261701464653015,0.0237999999999999,0.0576999999999999,
3,nongraph_pair,3301,62cb9585f226cf4c,cmAPP:1711,cmAPP:1752,5848c205ff64ecf8,-0.5549,-0.3385851681232452,0.0093999999999999,0.0779,
3,nongraph_pair,3301,9bf5f3d125221e4c,cmAPP:1628,cmAPP:1673,5848c205ff64ecf8,0.1386,-0.3397135138511657,0.1333,0.0969,
3,nongraph_pair,3301,db264d54acc9cc94,cmAPP:1597,cmAPP:1640,9fea29da568e9bc1,-0.79,-0.3398062586784363,0.0475,0.1617,
3,nongraph_pair,3301,450bf38c165fbd1a,cmAPP:1620,cmAPP:1661,5848c205ff64ecf8,0.2362999999999999,-0.3426009714603424,0.0346,0.0215,
3,nongraph_pair,3301,d2d72d8278e8ff2f,cmAPP:1585,cmAPP:1630,17103b04fab21cdc,-0.1643999999999998,-0.3929659128189087,0.0392,0.0429,
3,nongraph_pair,3301,cf3a3e7485b31ba0,cmAPP:1588,cmAPP:1633,17103b04fab21cdc,-0.2547999999999999,-0.3265570998191833,0.03,0.0926999999999999,
3,nongraph_pair,3301,58b9f1849445a903,cmAPP:1621,cmAPP:1662,5848c205ff64ecf8,-0.1006,-0.3382528722286224,0.0401,0.1016,
3,nongraph_pair,3301,f56e1ddec22a1688,cmAPP:2078,cmAPP:2123,5848c205ff64ecf8,-0.2106999999999999,-0.339406669139862,0.0633,0.0926999999999999,
3,nongraph_pair,3301,e4cc745fd18c9923,cmAPP:2047,cmAPP:2090,9fea29da568e9bc1,-0.6328999999999999,-0.3392111659049988,0.0196,0.1439,
3,nongraph_pair,3301,6a678b00b934044e,cmAPP:2070,cmAPP:2111,5848c205ff64ecf8,0.2685999999999999,-0.3424226939678192,0.067,0.0626999999999999,
3,nongraph_pair,3301,d52d528f0aa9bd30,cmAPP:2035,cmAPP:2080,17103b04fab21cdc,-0.2289999999999998,-0.3934609889984131,0.0641,0.0755,
3,nongraph_pair,3301,e6bc6fc3ddc258ff,cmAPP:2038,cmAPP:2083,17103b04fab21cdc,-0.1522,-0.3260344266891479,0.05,0.0474,
3,nongraph_pair,3301,0c7a97d50dabb197,cmAPP:2071,cmAPP:2112,5848c205ff64ecf8,-0.4119,-0.3387016952037811,0.0747,0.1871999999999999,
3,nongraph_pair,3301,5e97508244c8c76c,cmAPP:1988,cmAPP:2033,5848c205ff64ecf8,-0.1647,-0.3395545482635498,0.0871,0.0256999999999999,
3,nongraph_pair,3301,1711355de18f68c1,cmAPP:1957,cmAPP:2000,9fea29da568e9bc1,-0.3823999999999999,-0.3393657207489013,0.036,0.0544,
3,nongraph_pair,3301,18c6d9223a20ba73,cmAPP:1980,cmAPP:2021,5848c205ff64ecf8,0.1568999999999999,-0.3424689471721649,0.0768,0.0052,
3,nongraph_pair,3301,61808a59ae1e72f6,cmAPP:1945,cmAPP:1990,17103b04fab21cdc,-0.0222999999999999,-0.3933324515819549,0.0379,0.0414,
3,nongraph_pair,3301,aae93bc901d599ee,cmAPP:1948,cmAPP:1993,17103b04fab21cdc,0.0157999999999999,-0.3261701464653015,0.0304,0.06,
3,nongraph_pair,3301,c516136711beb154,cmAPP:1981,cmAPP:2022,5848c205ff64ecf8,-0.4343000000000001,-0.3385851681232452,0.0325,0.1017,
3,nongraph_pair,3301,ffc888cf36b05bc2,cmAPP:1898,cmAPP:1943,5848c205ff64ecf8,-0.1835,-0.3397135138511657,0.0184,0.0542,
3,nongraph_pair,3301,5c37a4bb04018995,cmAPP:1867,cmAPP:1910,9fea29da568e9bc1,-0.276,-0.3398062586784363,0.0181,0.1264,
3,nongraph_pair,3301,5216d53e06ede17c,cmAPP:1890,cmAPP:1931,5848c205ff64ecf8,0.0178,-0.3426009714603424,0.0196,0.001,
3,nongraph_pair,3301,1b4f407ebbaeb5b2,cmAPP:1855,cmAPP:1900,17103b04fab21cdc,-0.0472,-0.3929659128189087,0.0007,0.0306999999999999,
3,nongraph_pair,3301,790c224fb15729e8,cmAPP:1858,cmAPP:1903,17103b04fab21cdc,-0.0393999999999999,-0.3265570998191833,0.012,0.0139999999999999,
3,nongraph_pair,3301,d1d883357891e048,cmAPP:1891,cmAPP:1932,5848c205ff64ecf8,-0.3360000000000001,-0.3382528722286224,0.0024,0.1892,
0,gnn_activity,ensemble,059e26913d78b631,cmAPP:1778,cmAPP:1823,1c10d86ec1a802f4,-1.8751,-0.19710314273834226,0.1424,0.1273,
0,gnn_activity,ensemble,05b4895f7bcd4c42,cmAPP:1799,cmAPP:1840,1c10d86ec1a802f4,0.3812,-0.3653375009695689,0.0344,0.2104,
0,gnn_activity,ensemble,2b34f2d44b307ee1,cmAPP:1622,cmAPP:1667,72478f51d38ee208,-0.0128,-0.5250732998053232,0.06,0.1607,
0,gnn_activity,ensemble,349eec1ddda15478,cmAPP:1982,cmAPP:2027,72478f51d38ee208,-0.3666,-0.5277515153090159,0.127,0.0994999999999999,
0,gnn_activity,ensemble,594ae7af3b916cd2,cmAPP:2069,cmAPP:2110,1c10d86ec1a802f4,-0.1429,-0.3653375009695689,0.1174,0.079,
0,gnn_activity,ensemble,5b2264ddc1a7af6c,cmAPP:2048,cmAPP:2093,1c10d86ec1a802f4,-0.2509,-0.19710314273834226,0.1604,0.0731,
0,gnn_activity,ensemble,62524e0c73da8dd0,cmAPP:1983,cmAPP:2028,10c405d304cc4e37,-0.512,-0.19529738028844193,0.0333,0.0638,
0,gnn_activity,ensemble,676b84ca4669fe18,cmAPP:2073,cmAPP:2118,10c405d304cc4e37,-0.6031,-0.19578802585601804,0.086,0.0694,
0,gnn_activity,ensemble,7145b489500dbd80,cmAPP:1803,cmAPP:1848,10c405d304cc4e37,-0.8083999999999999,-0.19578802585601804,0.0612,0.2516,
0,gnn_activity,ensemble,78964639effd56c0,cmAPP:1892,cmAPP:1937,72478f51d38ee208,-0.3312,-0.5250732998053232,0.0467999999999999,0.1132,
0,gnn_activity,ensemble,8462c3a551411df3,cmAPP:1868,cmAPP:1913,1c10d86ec1a802f4,-0.2437000000000001,-0.19480417172114053,0.0321,0.1251,
0,gnn_activity,ensemble,a40c86511b365ffd,cmAPP:1889,cmAPP:1930,1c10d86ec1a802f4,-0.2663999999999999,-0.36139368017514545,0.0363,0.1217999999999999,
0,gnn_activity,ensemble,bdc3962cc20e139b,cmAPP:1893,cmAPP:1938,10c405d304cc4e37,-0.2084999999999999,-0.19389613469441733,0.0204999999999999,0.0317,
0,gnn_activity,ensemble,c465d631789b7798,cmAPP:1623,cmAPP:1668,10c405d304cc4e37,-0.0548999999999999,-0.19389613469441733,0.0616,0.0323,
0,gnn_activity,ensemble,c6b1006bae31a2f4,cmAPP:1713,cmAPP:1758,10c405d304cc4e37,-0.2163,-0.19529738028844193,0.0141,0.059,
0,gnn_activity,ensemble,ca0223cac79b16f0,cmAPP:1958,cmAPP:2003,1c10d86ec1a802f4,-0.0105999999999999,-0.1964320739110311,0.0891,0.0807,
0,gnn_activity,ensemble,d26bc154c6f7f7ab,cmAPP:1712,cmAPP:1757,72478f51d38ee208,-0.3631,-0.5277515153090159,0.0767,0.1626,
0,gnn_activity,ensemble,dbc2ab9cc107017b,cmAPP:1979,cmAPP:2020,1c10d86ec1a802f4,0.0397999999999998,-0.3643135329087575,0.1002,0.1169999999999999,
0,gnn_activity,ensemble,dbf5b6e05f2fd199,cmAPP:1802,cmAPP:1847,72478f51d38ee208,-0.8087999999999997,-0.5286907156308492,0.5171,0.0882,
0,gnn_activity,ensemble,dd70d7ef8a4c9374,cmAPP:1619,cmAPP:1660,1c10d86ec1a802f4,2.0336,-0.36139368017514545,0.2964,0.103,
0,gnn_activity,ensemble,e9d357b8d3d85a4e,cmAPP:1598,cmAPP:1643,1c10d86ec1a802f4,-0.1075999999999999,-0.19480417172114053,0.0746,0.0934,
0,gnn_activity,ensemble,eb09d956be8bc0bd,cmAPP:1688,cmAPP:1733,1c10d86ec1a802f4,0.1454999999999999,-0.1964320739110311,0.2898,0.0283999999999999,
0,gnn_activity,ensemble,f98feef4cdda1f7a,cmAPP:1709,cmAPP:1750,1c10d86ec1a802f4,0.5236000000000001,-0.3643135329087575,0.2509,0.2433,
0,gnn_activity,ensemble,fd35c25e6b032569,cmAPP:2072,cmAPP:2117,72478f51d38ee208,-0.1270999999999999,-0.5286907156308492,0.1127,0.1031,
0,gnn_pair,ensemble,059e26913d78b631,cmAPP:1778,cmAPP:1823,1c10d86ec1a802f4,-1.8751,-0.17227617899576816,0.1424,0.1273,
0,gnn_pair,ensemble,05b4895f7bcd4c42,cmAPP:1799,cmAPP:1840,1c10d86ec1a802f4,0.3812,-0.37842027346293133,0.0344,0.2104,
0,gnn_pair,ensemble,2b34f2d44b307ee1,cmAPP:1622,cmAPP:1667,72478f51d38ee208,-0.0128,-0.5068709353605906,0.06,0.1607,
0,gnn_pair,ensemble,349eec1ddda15478,cmAPP:1982,cmAPP:2027,72478f51d38ee208,-0.3666,-0.5078826646010081,0.127,0.0994999999999999,
0,gnn_pair,ensemble,594ae7af3b916cd2,cmAPP:2069,cmAPP:2110,1c10d86ec1a802f4,-0.1429,-0.37842027346293133,0.1174,0.079,
0,gnn_pair,ensemble,5b2264ddc1a7af6c,cmAPP:2048,cmAPP:2093,1c10d86ec1a802f4,-0.2509,-0.17227617899576816,0.1604,0.0731,
0,gnn_pair,ensemble,62524e0c73da8dd0,cmAPP:1983,cmAPP:2028,10c405d304cc4e37,-0.512,-0.21537371476491288,0.0333,0.0638,
0,gnn_pair,ensemble,676b84ca4669fe18,cmAPP:2073,cmAPP:2118,10c405d304cc4e37,-0.6031,-0.21568369865417472,0.086,0.0694,
0,gnn_pair,ensemble,7145b489500dbd80,cmAPP:1803,cmAPP:1848,10c405d304cc4e37,-0.8083999999999999,-0.21568369865417472,0.0612,0.2516,
0,gnn_pair,ensemble,78964639effd56c0,cmAPP:1892,cmAPP:1937,72478f51d38ee208,-0.3312,-0.5068709353605906,0.0467999999999999,0.1132,
0,gnn_pair,ensemble,8462c3a551411df3,cmAPP:1868,cmAPP:1913,1c10d86ec1a802f4,-0.2437000000000001,-0.17052733898162833,0.0321,0.1251,
0,gnn_pair,ensemble,a40c86511b365ffd,cmAPP:1889,cmAPP:1930,1c10d86ec1a802f4,-0.2663999999999999,-0.377636323372523,0.0363,0.1217999999999999,
0,gnn_pair,ensemble,bdc3962cc20e139b,cmAPP:1893,cmAPP:1938,10c405d304cc4e37,-0.2084999999999999,-0.21448979775110874,0.0204999999999999,0.0317,
0,gnn_pair,ensemble,c465d631789b7798,cmAPP:1623,cmAPP:1668,10c405d304cc4e37,-0.0548999999999999,-0.21448979775110874,0.0616,0.0323,
0,gnn_pair,ensemble,c6b1006bae31a2f4,cmAPP:1713,cmAPP:1758,10c405d304cc4e37,-0.2163,-0.21537371476491288,0.0141,0.059,
0,gnn_pair,ensemble,ca0223cac79b16f0,cmAPP:1958,cmAPP:2003,1c10d86ec1a802f4,-0.0105999999999999,-0.17182211081186927,0.0891,0.0807,
0,gnn_pair,ensemble,d26bc154c6f7f7ab,cmAPP:1712,cmAPP:1757,72478f51d38ee208,-0.3631,-0.5078826646010081,0.0767,0.1626,
0,gnn_pair,ensemble,dbc2ab9cc107017b,cmAPP:1979,cmAPP:2020,1c10d86ec1a802f4,0.0397999999999998,-0.3782167136669159,0.1002,0.1169999999999999,
0,gnn_pair,ensemble,dbf5b6e05f2fd199,cmAPP:1802,cmAPP:1847,72478f51d38ee208,-0.8087999999999997,-0.5082374215126038,0.5171,0.0882,
0,gnn_pair,ensemble,dd70d7ef8a4c9374,cmAPP:1619,cmAPP:1660,1c10d86ec1a802f4,2.0336,-0.377636323372523,0.2964,0.103,
0,gnn_pair,ensemble,e9d357b8d3d85a4e,cmAPP:1598,cmAPP:1643,1c10d86ec1a802f4,-0.1075999999999999,-0.17052733898162833,0.0746,0.0934,
0,gnn_pair,ensemble,eb09d956be8bc0bd,cmAPP:1688,cmAPP:1733,1c10d86ec1a802f4,0.1454999999999999,-0.17182211081186927,0.2898,0.0283999999999999,
0,gnn_pair,ensemble,f98feef4cdda1f7a,cmAPP:1709,cmAPP:1750,1c10d86ec1a802f4,0.5236000000000001,-0.3782167136669159,0.2509,0.2433,
0,gnn_pair,ensemble,fd35c25e6b032569,cmAPP:2072,cmAPP:2117,72478f51d38ee208,-0.1270999999999999,-0.5082374215126038,0.1127,0.1031,
0,nongraph_pair,ensemble,059e26913d78b631,cmAPP:1778,cmAPP:1823,1c10d86ec1a802f4,-1.8751,-0.2505125999450683,0.1424,0.1273,
0,nongraph_pair,ensemble,05b4895f7bcd4c42,cmAPP:1799,cmAPP:1840,1c10d86ec1a802f4,0.3812,-0.37932931383450824,0.0344,0.2104,
0,nongraph_pair,ensemble,2b34f2d44b307ee1,cmAPP:1622,cmAPP:1667,72478f51d38ee208,-0.0128,-0.46175352732340497,0.06,0.1607,
0,nongraph_pair,ensemble,349eec1ddda15478,cmAPP:1982,cmAPP:2027,72478f51d38ee208,-0.3666,-0.46223490436871845,0.127,0.0994999999999999,
0,nongraph_pair,ensemble,594ae7af3b916cd2,cmAPP:2069,cmAPP:2110,1c10d86ec1a802f4,-0.1429,-0.37932931383450824,0.1174,0.079,
0,nongraph_pair,ensemble,5b2264ddc1a7af6c,cmAPP:2048,cmAPP:2093,1c10d86ec1a802f4,-0.2509,-0.2505125999450683,0.1604,0.0731,
0,nongraph_pair,ensemble,62524e0c73da8dd0,cmAPP:1983,cmAPP:2028,10c405d304cc4e37,-0.512,-0.31174789865811664,0.0333,0.0638,
0,nongraph_pair,ensemble,676b84ca4669fe18,cmAPP:2073,cmAPP:2118,10c405d304cc4e37,-0.6031,-0.31194018324216205,0.086,0.0694,
0,nongraph_pair,ensemble,7145b489500dbd80,cmAPP:1803,cmAPP:1848,10c405d304cc4e37,-0.8083999999999999,-0.31194018324216205,0.0612,0.2516,
0,nongraph_pair,ensemble,78964639effd56c0,cmAPP:1892,cmAPP:1937,72478f51d38ee208,-0.3312,-0.46175352732340497,0.0467999999999999,0.1132,
0,nongraph_pair,ensemble,8462c3a551411df3,cmAPP:1868,cmAPP:1913,1c10d86ec1a802f4,-0.2437000000000001,-0.24933538834253943,0.0321,0.1251,
0,nongraph_pair,ensemble,a40c86511b365ffd,cmAPP:1889,cmAPP:1930,1c10d86ec1a802f4,-0.2663999999999999,-0.37861016392707825,0.0363,0.1217999999999999,
0,nongraph_pair,ensemble,bdc3962cc20e139b,cmAPP:1893,cmAPP:1938,10c405d304cc4e37,-0.2084999999999999,-0.3111996551354726,0.0204999999999999,0.0317,
0,nongraph_pair,ensemble,c465d631789b7798,cmAPP:1623,cmAPP:1668,10c405d304cc4e37,-0.0548999999999999,-0.3111996551354726,0.0616,0.0323,
0,nongraph_pair,ensemble,c6b1006bae31a2f4,cmAPP:1713,cmAPP:1758,10c405d304cc4e37,-0.2163,-0.31174789865811664,0.0141,0.059,
0,nongraph_pair,ensemble,ca0223cac79b16f0,cmAPP:1958,cmAPP:2003,1c10d86ec1a802f4,-0.0105999999999999,-0.25020696719487506,0.0891,0.0807,
0,nongraph_pair,ensemble,d26bc154c6f7f7ab,cmAPP:1712,cmAPP:1757,72478f51d38ee208,-0.3631,-0.46223490436871845,0.0767,0.1626,
0,nongraph_pair,ensemble,dbc2ab9cc107017b,cmAPP:1979,cmAPP:2020,1c10d86ec1a802f4,0.0397999999999998,-0.379147469997406,0.1002,0.1169999999999999,
0,nongraph_pair,ensemble,dbf5b6e05f2fd199,cmAPP:1802,cmAPP:1847,72478f51d38ee208,-0.8087999999999997,-0.4623967707157135,0.5171,0.0882,
0,nongraph_pair,ensemble,dd70d7ef8a4c9374,cmAPP:1619,cmAPP:1660,1c10d86ec1a802f4,2.0336,-0.37861016392707825,0.2964,0.103,
0,nongraph_pair,ensemble,e9d357b8d3d85a4e,cmAPP:1598,cmAPP:1643,1c10d86ec1a802f4,-0.1075999999999999,-0.24933538834253943,0.0746,0.0934,
0,nongraph_pair,ensemble,eb09d956be8bc0bd,cmAPP:1688,cmAPP:1733,1c10d86ec1a802f4,0.1454999999999999,-0.25020696719487506,0.2898,0.0283999999999999,
0,nongraph_pair,ensemble,f98feef4cdda1f7a,cmAPP:1709,cmAPP:1750,1c10d86ec1a802f4,0.5236000000000001,-0.379147469997406,0.2509,0.2433,
0,nongraph_pair,ensemble,fd35c25e6b032569,cmAPP:2072,cmAPP:2117,72478f51d38ee208,-0.1270999999999999,-0.4623967707157135,0.1127,0.1031,
0,pair_ridge,ensemble,059e26913d78b631,cmAPP:1778,cmAPP:1823,1c10d86ec1a802f4,-1.8751,-0.0886299759149551,0.1424,0.1273,
0,pair_ridge,ensemble,05b4895f7bcd4c42,cmAPP:1799,cmAPP:1840,1c10d86ec1a802f4,0.3812,-0.3151046633720398,0.0344,0.2104,
0,pair_ridge,ensemble,2b34f2d44b307ee1,cmAPP:1622,cmAPP:1667,72478f51d38ee208,-0.0128,-0.4750714302062988,0.06,0.1607,
0,pair_ridge,ensemble,349eec1ddda15478,cmAPP:1982,cmAPP:2027,72478f51d38ee208,-0.3666,-0.4750714302062988,0.127,0.0994999999999999,
0,pair_ridge,ensemble,594ae7af3b916cd2,cmAPP:2069,cmAPP:2110,1c10d86ec1a802f4,-0.1429,-0.3151046633720398,0.1174,0.079,
0,pair_ridge,ensemble,5b2264ddc1a7af6c,cmAPP:2048,cmAPP:2093,1c10d86ec1a802f4,-0.2509,-0.0886299759149551,0.1604,0.0731,
0,pair_ridge,ensemble,62524e0c73da8dd0,cmAPP:1983,cmAPP:2028,10c405d304cc4e37,-0.512,-0.032349556684494,0.0333,0.0638,
0,pair_ridge,ensemble,676b84ca4669fe18,cmAPP:2073,cmAPP:2118,10c405d304cc4e37,-0.6031,-0.032349556684494,0.086,0.0694,
0,pair_ridge,ensemble,7145b489500dbd80,cmAPP:1803,cmAPP:1848,10c405d304cc4e37,-0.8083999999999999,-0.032349556684494,0.0612,0.2516,
0,pair_ridge,ensemble,78964639effd56c0,cmAPP:1892,cmAPP:1937,72478f51d38ee208,-0.3312,-0.4750714302062988,0.0467999999999999,0.1132,
0,pair_ridge,ensemble,8462c3a551411df3,cmAPP:1868,cmAPP:1913,1c10d86ec1a802f4,-0.2437000000000001,-0.0886299759149551,0.0321,0.1251,
0,pair_ridge,ensemble,a40c86511b365ffd,cmAPP:1889,cmAPP:1930,1c10d86ec1a802f4,-0.2663999999999999,-0.3151046633720398,0.0363,0.1217999999999999,
0,pair_ridge,ensemble,bdc3962cc20e139b,cmAPP:1893,cmAPP:1938,10c405d304cc4e37,-0.2084999999999999,-0.032349556684494,0.0204999999999999,0.0317,
0,pair_ridge,ensemble,c465d631789b7798,cmAPP:1623,cmAPP:1668,10c405d304cc4e37,-0.0548999999999999,-0.032349556684494,0.0616,0.0323,
0,pair_ridge,ensemble,c6b1006bae31a2f4,cmAPP:1713,cmAPP:1758,10c405d304cc4e37,-0.2163,-0.032349556684494,0.0141,0.059,
0,pair_ridge,ensemble,ca0223cac79b16f0,cmAPP:1958,cmAPP:2003,1c10d86ec1a802f4,-0.0105999999999999,-0.0886299759149551,0.0891,0.0807,
0,pair_ridge,ensemble,d26bc154c6f7f7ab,cmAPP:1712,cmAPP:1757,72478f51d38ee208,-0.3631,-0.4750714302062988,0.0767,0.1626,
0,pair_ridge,ensemble,dbc2ab9cc107017b,cmAPP:1979,cmAPP:2020,1c10d86ec1a802f4,0.0397999999999998,-0.3151046633720398,0.1002,0.1169999999999999,
0,pair_ridge,ensemble,dbf5b6e05f2fd199,cmAPP:1802,cmAPP:1847,72478f51d38ee208,-0.8087999999999997,-0.4750714302062988,0.5171,0.0882,
0,pair_ridge,ensemble,dd70d7ef8a4c9374,cmAPP:1619,cmAPP:1660,1c10d86ec1a802f4,2.0336,-0.3151046633720398,0.2964,0.103,
0,pair_ridge,ensemble,e9d357b8d3d85a4e,cmAPP:1598,cmAPP:1643,1c10d86ec1a802f4,-0.1075999999999999,-0.0886299759149551,0.0746,0.0934,
0,pair_ridge,ensemble,eb09d956be8bc0bd,cmAPP:1688,cmAPP:1733,1c10d86ec1a802f4,0.1454999999999999,-0.0886299759149551,0.2898,0.0283999999999999,
0,pair_ridge,ensemble,f98feef4cdda1f7a,cmAPP:1709,cmAPP:1750,1c10d86ec1a802f4,0.5236000000000001,-0.3151046633720398,0.2509,0.2433,
0,pair_ridge,ensemble,fd35c25e6b032569,cmAPP:2072,cmAPP:2117,72478f51d38ee208,-0.1270999999999999,-0.4750714302062988,0.1127,0.1031,
0,training_majority,ensemble,059e26913d78b631,cmAPP:1778,cmAPP:1823,1c10d86ec1a802f4,-1.8751,-1.0,0.1424,0.1273,
0,training_majority,ensemble,05b4895f7bcd4c42,cmAPP:1799,cmAPP:1840,1c10d86ec1a802f4,0.3812,-1.0,0.0344,0.2104,
0,training_majority,ensemble,2b34f2d44b307ee1,cmAPP:1622,cmAPP:1667,72478f51d38ee208,-0.0128,-1.0,0.06,0.1607,
0,training_majority,ensemble,349eec1ddda15478,cmAPP:1982,cmAPP:2027,72478f51d38ee208,-0.3666,-1.0,0.127,0.0994999999999999,
0,training_majority,ensemble,594ae7af3b916cd2,cmAPP:2069,cmAPP:2110,1c10d86ec1a802f4,-0.1429,-1.0,0.1174,0.079,
0,training_majority,ensemble,5b2264ddc1a7af6c,cmAPP:2048,cmAPP:2093,1c10d86ec1a802f4,-0.2509,-1.0,0.1604,0.0731,
0,training_majority,ensemble,62524e0c73da8dd0,cmAPP:1983,cmAPP:2028,10c405d304cc4e37,-0.512,-1.0,0.0333,0.0638,
0,training_majority,ensemble,676b84ca4669fe18,cmAPP:2073,cmAPP:2118,10c405d304cc4e37,-0.6031,-1.0,0.086,0.0694,
0,training_majority,ensemble,7145b489500dbd80,cmAPP:1803,cmAPP:1848,10c405d304cc4e37,-0.8083999999999999,-1.0,0.0612,0.2516,
0,training_majority,ensemble,78964639effd56c0,cmAPP:1892,cmAPP:1937,72478f51d38ee208,-0.3312,-1.0,0.0467999999999999,0.1132,
0,training_majority,ensemble,8462c3a551411df3,cmAPP:1868,cmAPP:1913,1c10d86ec1a802f4,-0.2437000000000001,-1.0,0.0321,0.1251,
0,training_majority,ensemble,a40c86511b365ffd,cmAPP:1889,cmAPP:1930,1c10d86ec1a802f4,-0.2663999999999999,-1.0,0.0363,0.1217999999999999,
0,training_majority,ensemble,bdc3962cc20e139b,cmAPP:1893,cmAPP:1938,10c405d304cc4e37,-0.2084999999999999,-1.0,0.0204999999999999,0.0317,
0,training_majority,ensemble,c465d631789b7798,cmAPP:1623,cmAPP:1668,10c405d304cc4e37,-0.0548999999999999,-1.0,0.0616,0.0323,
0,training_majority,ensemble,c6b1006bae31a2f4,cmAPP:1713,cmAPP:1758,10c405d304cc4e37,-0.2163,-1.0,0.0141,0.059,
0,training_majority,ensemble,ca0223cac79b16f0,cmAPP:1958,cmAPP:2003,1c10d86ec1a802f4,-0.0105999999999999,-1.0,0.0891,0.0807,
0,training_majority,ensemble,d26bc154c6f7f7ab,cmAPP:1712,cmAPP:1757,72478f51d38ee208,-0.3631,-1.0,0.0767,0.1626,
0,training_majority,ensemble,dbc2ab9cc107017b,cmAPP:1979,cmAPP:2020,1c10d86ec1a802f4,0.0397999999999998,-1.0,0.1002,0.1169999999999999,
0,training_majority,ensemble,dbf5b6e05f2fd199,cmAPP:1802,cmAPP:1847,72478f51d38ee208,-0.8087999999999997,-1.0,0.5171,0.0882,
0,training_majority,ensemble,dd70d7ef8a4c9374,cmAPP:1619,cmAPP:1660,1c10d86ec1a802f4,2.0336,-1.0,0.2964,0.103,
0,training_majority,ensemble,e9d357b8d3d85a4e,cmAPP:1598,cmAPP:1643,1c10d86ec1a802f4,-0.1075999999999999,-1.0,0.0746,0.0934,
0,training_majority,ensemble,eb09d956be8bc0bd,cmAPP:1688,cmAPP:1733,1c10d86ec1a802f4,0.1454999999999999,-1.0,0.2898,0.0283999999999999,
0,training_majority,ensemble,f98feef4cdda1f7a,cmAPP:1709,cmAPP:1750,1c10d86ec1a802f4,0.5236000000000001,-1.0,0.2509,0.2433,
0,training_majority,ensemble,fd35c25e6b032569,cmAPP:2072,cmAPP:2117,72478f51d38ee208,-0.1270999999999999,-1.0,0.1127,0.1031,
0,training_mean,ensemble,059e26913d78b631,cmAPP:1778,cmAPP:1823,1c10d86ec1a802f4,-1.8751,-0.3263140439783155,0.1424,0.1273,
0,training_mean,ensemble,05b4895f7bcd4c42,cmAPP:1799,cmAPP:1840,1c10d86ec1a802f4,0.3812,-0.3263140439783155,0.0344,0.2104,
0,training_mean,ensemble,2b34f2d44b307ee1,cmAPP:1622,cmAPP:1667,72478f51d38ee208,-0.0128,-0.3263140439783155,0.06,0.1607,
0,training_mean,ensemble,349eec1ddda15478,cmAPP:1982,cmAPP:2027,72478f51d38ee208,-0.3666,-0.3263140439783155,0.127,0.0994999999999999,
0,training_mean,ensemble,594ae7af3b916cd2,cmAPP:2069,cmAPP:2110,1c10d86ec1a802f4,-0.1429,-0.3263140439783155,0.1174,0.079,
0,training_mean,ensemble,5b2264ddc1a7af6c,cmAPP:2048,cmAPP:2093,1c10d86ec1a802f4,-0.2509,-0.3263140439783155,0.1604,0.0731,
0,training_mean,ensemble,62524e0c73da8dd0,cmAPP:1983,cmAPP:2028,10c405d304cc4e37,-0.512,-0.3263140439783155,0.0333,0.0638,
0,training_mean,ensemble,676b84ca4669fe18,cmAPP:2073,cmAPP:2118,10c405d304cc4e37,-0.6031,-0.3263140439783155,0.086,0.0694,
0,training_mean,ensemble,7145b489500dbd80,cmAPP:1803,cmAPP:1848,10c405d304cc4e37,-0.8083999999999999,-0.3263140439783155,0.0612,0.2516,
0,training_mean,ensemble,78964639effd56c0,cmAPP:1892,cmAPP:1937,72478f51d38ee208,-0.3312,-0.3263140439783155,0.0467999999999999,0.1132,
0,training_mean,ensemble,8462c3a551411df3,cmAPP:1868,cmAPP:1913,1c10d86ec1a802f4,-0.2437000000000001,-0.3263140439783155,0.0321,0.1251,
0,training_mean,ensemble,a40c86511b365ffd,cmAPP:1889,cmAPP:1930,1c10d86ec1a802f4,-0.2663999999999999,-0.3263140439783155,0.0363,0.1217999999999999,
0,training_mean,ensemble,bdc3962cc20e139b,cmAPP:1893,cmAPP:1938,10c405d304cc4e37,-0.2084999999999999,-0.3263140439783155,0.0204999999999999,0.0317,
0,training_mean,ensemble,c465d631789b7798,cmAPP:1623,cmAPP:1668,10c405d304cc4e37,-0.0548999999999999,-0.3263140439783155,0.0616,0.0323,
0,training_mean,ensemble,c6b1006bae31a2f4,cmAPP:1713,cmAPP:1758,10c405d304cc4e37,-0.2163,-0.3263140439783155,0.0141,0.059,
0,training_mean,ensemble,ca0223cac79b16f0,cmAPP:1958,cmAPP:2003,1c10d86ec1a802f4,-0.0105999999999999,-0.3263140439783155,0.0891,0.0807,
0,training_mean,ensemble,d26bc154c6f7f7ab,cmAPP:1712,cmAPP:1757,72478f51d38ee208,-0.3631,-0.3263140439783155,0.0767,0.1626,
0,training_mean,ensemble,dbc2ab9cc107017b,cmAPP:1979,cmAPP:2020,1c10d86ec1a802f4,0.0397999999999998,-0.3263140439783155,0.1002,0.1169999999999999,
0,training_mean,ensemble,dbf5b6e05f2fd199,cmAPP:1802,cmAPP:1847,72478f51d38ee208,-0.8087999999999997,-0.3263140439783155,0.5171,0.0882,
0,training_mean,ensemble,dd70d7ef8a4c9374,cmAPP:1619,cmAPP:1660,1c10d86ec1a802f4,2.0336,-0.3263140439783155,0.2964,0.103,
0,training_mean,ensemble,e9d357b8d3d85a4e,cmAPP:1598,cmAPP:1643,1c10d86ec1a802f4,-0.1075999999999999,-0.3263140439783155,0.0746,0.0934,
0,training_mean,ensemble,eb09d956be8bc0bd,cmAPP:1688,cmAPP:1733,1c10d86ec1a802f4,0.1454999999999999,-0.3263140439783155,0.2898,0.0283999999999999,
0,training_mean,ensemble,f98feef4cdda1f7a,cmAPP:1709,cmAPP:1750,1c10d86ec1a802f4,0.5236000000000001,-0.3263140439783155,0.2509,0.2433,
0,training_mean,ensemble,fd35c25e6b032569,cmAPP:2072,cmAPP:2117,72478f51d38ee208,-0.1270999999999999,-0.3263140439783155,0.1127,0.1031,
0,zero,ensemble,059e26913d78b631,cmAPP:1778,cmAPP:1823,1c10d86ec1a802f4,-1.8751,0.0,0.1424,0.1273,
0,zero,ensemble,05b4895f7bcd4c42,cmAPP:1799,cmAPP:1840,1c10d86ec1a802f4,0.3812,0.0,0.0344,0.2104,
0,zero,ensemble,2b34f2d44b307ee1,cmAPP:1622,cmAPP:1667,72478f51d38ee208,-0.0128,0.0,0.06,0.1607,
0,zero,ensemble,349eec1ddda15478,cmAPP:1982,cmAPP:2027,72478f51d38ee208,-0.3666,0.0,0.127,0.0994999999999999,
0,zero,ensemble,594ae7af3b916cd2,cmAPP:2069,cmAPP:2110,1c10d86ec1a802f4,-0.1429,0.0,0.1174,0.079,
0,zero,ensemble,5b2264ddc1a7af6c,cmAPP:2048,cmAPP:2093,1c10d86ec1a802f4,-0.2509,0.0,0.1604,0.0731,
0,zero,ensemble,62524e0c73da8dd0,cmAPP:1983,cmAPP:2028,10c405d304cc4e37,-0.512,0.0,0.0333,0.0638,
0,zero,ensemble,676b84ca4669fe18,cmAPP:2073,cmAPP:2118,10c405d304cc4e37,-0.6031,0.0,0.086,0.0694,
0,zero,ensemble,7145b489500dbd80,cmAPP:1803,cmAPP:1848,10c405d304cc4e37,-0.8083999999999999,0.0,0.0612,0.2516,
0,zero,ensemble,78964639effd56c0,cmAPP:1892,cmAPP:1937,72478f51d38ee208,-0.3312,0.0,0.0467999999999999,0.1132,
0,zero,ensemble,8462c3a551411df3,cmAPP:1868,cmAPP:1913,1c10d86ec1a802f4,-0.2437000000000001,0.0,0.0321,0.1251,
0,zero,ensemble,a40c86511b365ffd,cmAPP:1889,cmAPP:1930,1c10d86ec1a802f4,-0.2663999999999999,0.0,0.0363,0.1217999999999999,
0,zero,ensemble,bdc3962cc20e139b,cmAPP:1893,cmAPP:1938,10c405d304cc4e37,-0.2084999999999999,0.0,0.0204999999999999,0.0317,
0,zero,ensemble,c465d631789b7798,cmAPP:1623,cmAPP:1668,10c405d304cc4e37,-0.0548999999999999,0.0,0.0616,0.0323,
0,zero,ensemble,c6b1006bae31a2f4,cmAPP:1713,cmAPP:1758,10c405d304cc4e37,-0.2163,0.0,0.0141,0.059,
0,zero,ensemble,ca0223cac79b16f0,cmAPP:1958,cmAPP:2003,1c10d86ec1a802f4,-0.0105999999999999,0.0,0.0891,0.0807,
0,zero,ensemble,d26bc154c6f7f7ab,cmAPP:1712,cmAPP:1757,72478f51d38ee208,-0.3631,0.0,0.0767,0.1626,
0,zero,ensemble,dbc2ab9cc107017b,cmAPP:1979,cmAPP:2020,1c10d86ec1a802f4,0.0397999999999998,0.0,0.1002,0.1169999999999999,
0,zero,ensemble,dbf5b6e05f2fd199,cmAPP:1802,cmAPP:1847,72478f51d38ee208,-0.8087999999999997,0.0,0.5171,0.0882,
0,zero,ensemble,dd70d7ef8a4c9374,cmAPP:1619,cmAPP:1660,1c10d86ec1a802f4,2.0336,0.0,0.2964,0.103,
0,zero,ensemble,e9d357b8d3d85a4e,cmAPP:1598,cmAPP:1643,1c10d86ec1a802f4,-0.1075999999999999,0.0,0.0746,0.0934,
0,zero,ensemble,eb09d956be8bc0bd,cmAPP:1688,cmAPP:1733,1c10d86ec1a802f4,0.1454999999999999,0.0,0.2898,0.0283999999999999,
0,zero,ensemble,f98feef4cdda1f7a,cmAPP:1709,cmAPP:1750,1c10d86ec1a802f4,0.5236000000000001,0.0,0.2509,0.2433,
0,zero,ensemble,fd35c25e6b032569,cmAPP:2072,cmAPP:2117,72478f51d38ee208,-0.1270999999999999,0.0,0.1127,0.1031,
1,gnn_activity,ensemble,086646f70e89b7e8,cmAPP:1804,cmAPP:1849,28639edc531a2e1a,-0.6019,-0.41928764184316,0.1164,0.5791,
1,gnn_activity,ensemble,0ee5a5f6520a7c7a,cmAPP:1715,cmAPP:1760,28639edc531a2e1a,-0.1749,-0.1812268098195394,0.0608,0.1155,
1,gnn_activity,ensemble,0ef70c3bf1ed6748,cmAPP:1984,cmAPP:2029,28639edc531a2e1a,-0.0726000000000001,-0.41842108964920044,0.0481,0.0899,
1,gnn_activity,ensemble,0f5070b79250194c,cmAPP:2074,cmAPP:2119,28639edc531a2e1a,-0.4248999999999999,-0.41928764184316,0.0526,0.0729,
1,gnn_activity,ensemble,34038dbdd4553f7d,cmAPP:1611,cmAPP:1656,28639edc531a2e1a,-0.0142000000000001,-0.12728842099507645,0.0373,0.048,
1,gnn_activity,ensemble,382a0a377b849c67,cmAPP:1806,cmAPP:1851,28639edc531a2e1a,0.2361,-0.2930465390284856,0.3618,0.3897,
1,gnn_activity,ensemble,396bdc7f9386d193,cmAPP:2065,cmAPP:2114,28639edc531a2e1a,-0.2469000000000001,-0.3394388755162557,0.0611,0.1293,
1,gnn_activity,ensemble,3cf75a1628ce2443,cmAPP:1894,cmAPP:1939,28639edc531a2e1a,-0.0734,-0.41595010956128436,0.0017,0.0179,
1,gnn_activity,ensemble,409122d11d642bec,cmAPP:1601,cmAPP:1646,1212da56aac7a198,-0.4502,-0.40386677781740826,0.0212,0.3306,
1,gnn_activity,ensemble,421212f430fb6217,cmAPP:1591,cmAPP:1636,1212da56aac7a198,-0.0406,-0.4175177713235219,0.024,0.0765,
1,gnn_activity,ensemble,45289904b26c1459,cmAPP:1701,cmAPP:1746,28639edc531a2e1a,-0.2906999999999999,-0.12840482592582694,0.01,0.1063,
1,gnn_activity,ensemble,473de2be4f7d6584,cmAPP:2067,cmAPP:2116,8a110cbb1ec4bb37,-0.6101000000000001,-0.42669310172398883,0.0615,0.3147,
1,gnn_activity,ensemble,4c96170b7a5e6348,cmAPP:1971,cmAPP:2016,28639edc531a2e1a,-0.1133999999999998,-0.12840482592582694,0.0482,0.0404,
1,gnn_activity,ensemble,5b10002dc6e9b311,cmAPP:1805,cmAPP:1850,28639edc531a2e1a,0.3319,-0.1812130312124888,0.2754,0.0858,
1,gnn_activity,ensemble,5b8cb0fffb026635,cmAPP:1681,cmAPP:1726,1212da56aac7a198,0.0110999999999999,-0.420293261607488,0.008,0.0649,
1,gnn_activity,ensemble,600169b9f0f80551,cmAPP:1615,cmAPP:1664,28639edc531a2e1a,0.0219999999999999,-0.3377325137456258,0.0715,0.0554,
1,gnn_activity,ensemble,675d15d359e354d5,cmAPP:1985,cmAPP:2030,28639edc531a2e1a,-0.0912,-0.1812268098195394,0.0105,0.0476999999999999,
1,gnn_activity,ensemble,6e2a61766f596436,cmAPP:1887,cmAPP:1936,8a110cbb1ec4bb37,-0.4691000000000001,-0.4253814121087392,0.0074,0.0550999999999999,
1,gnn_activity,ensemble,7d9ac8b735ba4661,cmAPP:1951,cmAPP:1996,1212da56aac7a198,0.0370999999999999,-0.420293261607488,0.0533,0.0337,
1,gnn_activity,ensemble,849edfe135b4a285,cmAPP:2061,cmAPP:2106,28639edc531a2e1a,-0.3863000000000001,-0.12874519824981687,0.0817,0.0831,
1,gnn_activity,ensemble,8aa63b5c3ecd924d,cmAPP:1795,cmAPP:1844,28639edc531a2e1a,-0.5152,-0.3394388755162557,0.2846,0.1987,
1,gnn_activity,ensemble,8ab99b4d0257f181,cmAPP:1961,cmAPP:2006,1212da56aac7a198,-0.0766000000000001,-0.4059543907642364,0.0401,0.0982,
1,gnn_activity,ensemble,8cfd4f27b028eb77,cmAPP:1896,cmAPP:1941,28639edc531a2e1a,-0.242,-0.29095235963662464,0.0068,0.0691,
1,gnn_activity,ensemble,96c1bc434b0cc0dd,cmAPP:2076,cmAPP:2121,28639edc531a2e1a,-0.3479000000000001,-0.2930465390284856,0.0617,0.1311999999999999,
1,gnn_activity,ensemble,97a210f808788925,cmAPP:1705,cmAPP:1754,28639edc531a2e1a,-0.0345999999999998,-0.3389831781387329,0.0934,0.1336999999999999,
1,gnn_activity,ensemble,9b2d1052c5390363,cmAPP:1881,cmAPP:1926,28639edc531a2e1a,-0.0185,-0.12728842099507645,0.0043,0.0105,
1,gnn_activity,ensemble,9f45bd9c2c0e94ba,cmAPP:1691,cmAPP:1736,1212da56aac7a198,-0.1439999999999999,-0.4059543907642364,0.1061999999999999,0.0778,
1,gnn_activity,ensemble,a15df525a6a379e5,cmAPP:1975,cmAPP:2024,28639edc531a2e1a,0.0304,-0.3389831781387329,0.0661,0.0528,
1,gnn_activity,ensemble,a5c36e48fb124d82,cmAPP:1617,cmAPP:1666,8a110cbb1ec4bb37,-0.4502,-0.4253814121087392,0.1369,0.1871999999999999,
1,gnn_activity,ensemble,aa3134d53203d34e,cmAPP:1895,cmAPP:1940,28639edc531a2e1a,-0.0287999999999999,-0.18139247099558511,0.0143,0.0521999999999999,
1,gnn_activity,ensemble,b5c2328a2c4ba021,cmAPP:1791,cmAPP:1836,28639edc531a2e1a,-1.0455,-0.12874519824981687,0.0306,0.2801,
1,gnn_activity,ensemble,b994b3eb1c0af55d,cmAPP:1716,cmAPP:1761,28639edc531a2e1a,-0.4706,-0.2925028254588445,0.0717,0.1341999999999999,
1,gnn_activity,ensemble,becdd89127e663db,cmAPP:1977,cmAPP:2026,8a110cbb1ec4bb37,-0.5430999999999999,-0.42635252078374225,0.0475999999999999,0.0624,
1,gnn_activity,ensemble,c805543d26a64bde,cmAPP:2075,cmAPP:2120,28639edc531a2e1a,-0.1186999999999999,-0.1812130312124888,0.09,0.1231,
1,gnn_activity,ensemble,c8e8c0b442f5a1a1,cmAPP:1771,cmAPP:1816,1212da56aac7a198,-0.8776,-0.4212045272191365,0.0475999999999999,0.087,
1,gnn_activity,ensemble,d17517694a996e9b,cmAPP:1624,cmAPP:1669,28639edc531a2e1a,-0.1991,-0.41595010956128436,0.0081999999999999,0.069,
1,gnn_activity,ensemble,d3de99befe559e4d,cmAPP:1781,cmAPP:1826,1212da56aac7a198,-0.2219,-0.40668649474779767,0.1041,0.2195,
1,gnn_activity,ensemble,dd6c1c7202e5a255,cmAPP:1861,cmAPP:1906,1212da56aac7a198,-0.0120000000000001,-0.4175177713235219,0.0007,0.0051,
1,gnn_activity,ensemble,dff31405206d397b,cmAPP:1797,cmAPP:1846,8a110cbb1ec4bb37,-1.5217999999999998,-0.42669310172398883,0.1784,0.1663,
1,gnn_activity,ensemble,e284e40848b79caf,cmAPP:1625,cmAPP:1670,28639edc531a2e1a,0.1414999999999999,-0.18139247099558511,0.0601,0.052,
1,gnn_activity,ensemble,e7cdd445b47734ce,cmAPP:1707,cmAPP:1756,8a110cbb1ec4bb37,-0.3610000000000001,-0.42635252078374225,0.0946,0.1015,
1,gnn_activity,ensemble,edbdac59a2065c45,cmAPP:1871,cmAPP:1916,1212da56aac7a198,-0.0113999999999999,-0.40386677781740826,0.0015,0.0121999999999999,
1,gnn_activity,ensemble,f762503ebcc65c82,cmAPP:1714,cmAPP:1759,28639edc531a2e1a,-0.0854,-0.41842108964920044,0.0706,0.081,
1,gnn_activity,ensemble,f77d454e0640bee9,cmAPP:1986,cmAPP:2031,28639edc531a2e1a,-0.2584999999999999,-0.2925028254588445,0.0272,0.0181,
1,gnn_activity,ensemble,fb01500214324543,cmAPP:1885,cmAPP:1934,28639edc531a2e1a,-0.0014,-0.3377325137456258,0.0278,0.0077,
1,gnn_activity,ensemble,fca0701bd3bac2f3,cmAPP:1626,cmAPP:1671,28639edc531a2e1a,-0.2828999999999999,-0.29095235963662464,0.1442999999999999,0.0999,
1,gnn_activity,ensemble,fd2a262963837b7f,cmAPP:2041,cmAPP:2086,1212da56aac7a198,-0.1237,-0.4212045272191365,0.059,0.0151,
1,gnn_activity,ensemble,fdbf57627003ba04,cmAPP:2051,cmAPP:2096,1212da56aac7a198,-0.2342,-0.40668649474779767,0.0968,0.0231,
1,gnn_pair,ensemble,086646f70e89b7e8,cmAPP:1804,cmAPP:1849,28639edc531a2e1a,-0.6019,-0.3888939619064331,0.1164,0.5791,
1,gnn_pair,ensemble,0ee5a5f6520a7c7a,cmAPP:1715,cmAPP:1760,28639edc531a2e1a,-0.1749,-0.1741737127304077,0.0608,0.1155,
1,gnn_pair,ensemble,0ef70c3bf1ed6748,cmAPP:1984,cmAPP:2029,28639edc531a2e1a,-0.0726000000000001,-0.38809666037559504,0.0481,0.0899,
1,gnn_pair,ensemble,0f5070b79250194c,cmAPP:2074,cmAPP:2119,28639edc531a2e1a,-0.4248999999999999,-0.3888939619064331,0.0526,0.0729,
1,gnn_pair,ensemble,34038dbdd4553f7d,cmAPP:1611,cmAPP:1656,28639edc531a2e1a,-0.0142000000000001,-0.0864772895971934,0.0373,0.048,
1,gnn_pair,ensemble,382a0a377b849c67,cmAPP:1806,cmAPP:1851,28639edc531a2e1a,0.2361,-0.16052298744519547,0.3618,0.3897,
1,gnn_pair,ensemble,396bdc7f9386d193,cmAPP:2065,cmAPP:2114,28639edc531a2e1a,-0.2469000000000001,-0.49499430259068805,0.0611,0.1293,
1,gnn_pair,ensemble,3cf75a1628ce2443,cmAPP:1894,cmAPP:1939,28639edc531a2e1a,-0.0734,-0.3858230908711751,0.0017,0.0179,
1,gnn_pair,ensemble,409122d11d642bec,cmAPP:1601,cmAPP:1646,1212da56aac7a198,-0.4502,-0.3500395317872365,0.0212,0.3306,
1,gnn_pair,ensemble,421212f430fb6217,cmAPP:1591,cmAPP:1636,1212da56aac7a198,-0.0406,-0.3720461130142212,0.024,0.0765,
1,gnn_pair,ensemble,45289904b26c1459,cmAPP:1701,cmAPP:1746,28639edc531a2e1a,-0.2906999999999999,-0.08682003617286682,0.01,0.1063,
1,gnn_pair,ensemble,473de2be4f7d6584,cmAPP:2067,cmAPP:2116,8a110cbb1ec4bb37,-0.6101000000000001,-0.3679162263870239,0.0615,0.3147,
1,gnn_pair,ensemble,4c96170b7a5e6348,cmAPP:1971,cmAPP:2016,28639edc531a2e1a,-0.1133999999999998,-0.08682003617286682,0.0482,0.0404,
1,gnn_pair,ensemble,5b10002dc6e9b311,cmAPP:1805,cmAPP:1850,28639edc531a2e1a,0.3319,-0.17446622252464294,0.2754,0.0858,
1,gnn_pair,ensemble,5b8cb0fffb026635,cmAPP:1681,cmAPP:1726,1212da56aac7a198,0.0110999999999999,-0.3744150400161743,0.008,0.0649,
1,gnn_pair,ensemble,600169b9f0f80551,cmAPP:1615,cmAPP:1664,28639edc531a2e1a,0.0219999999999999,-0.4916720887025197,0.0715,0.0554,
1,gnn_pair,ensemble,675d15d359e354d5,cmAPP:1985,cmAPP:2030,28639edc531a2e1a,-0.0912,-0.1741737127304077,0.0105,0.0476999999999999,
1,gnn_pair,ensemble,6e2a61766f596436,cmAPP:1887,cmAPP:1936,8a110cbb1ec4bb37,-0.4691000000000001,-0.3644999961058298,0.0074,0.0550999999999999,
1,gnn_pair,ensemble,7d9ac8b735ba4661,cmAPP:1951,cmAPP:1996,1212da56aac7a198,0.0370999999999999,-0.3744150400161743,0.0533,0.0337,
1,gnn_pair,ensemble,849edfe135b4a285,cmAPP:2061,cmAPP:2106,28639edc531a2e1a,-0.3863000000000001,-0.08694021900494893,0.0817,0.0831,
1,gnn_pair,ensemble,8aa63b5c3ecd924d,cmAPP:1795,cmAPP:1844,28639edc531a2e1a,-0.5152,-0.49499430259068805,0.2846,0.1987,
1,gnn_pair,ensemble,8ab99b4d0257f181,cmAPP:1961,cmAPP:2006,1212da56aac7a198,-0.0766000000000001,-0.35253193974494934,0.0401,0.0982,
1,gnn_pair,ensemble,8cfd4f27b028eb77,cmAPP:1896,cmAPP:1941,28639edc531a2e1a,-0.242,-0.15857655803362528,0.0068,0.0691,
1,gnn_pair,ensemble,96c1bc434b0cc0dd,cmAPP:2076,cmAPP:2121,28639edc531a2e1a,-0.3479000000000001,-0.16052298744519547,0.0617,0.1311999999999999,
1,gnn_pair,ensemble,97a210f808788925,cmAPP:1705,cmAPP:1754,28639edc531a2e1a,-0.0345999999999998,-0.494131733973821,0.0934,0.1336999999999999,
1,gnn_pair,ensemble,9b2d1052c5390363,cmAPP:1881,cmAPP:1926,28639edc531a2e1a,-0.0185,-0.0864772895971934,0.0043,0.0105,
1,gnn_pair,ensemble,9f45bd9c2c0e94ba,cmAPP:1691,cmAPP:1736,1212da56aac7a198,-0.1439999999999999,-0.35253193974494934,0.1061999999999999,0.0778,
1,gnn_pair,ensemble,a15df525a6a379e5,cmAPP:1975,cmAPP:2024,28639edc531a2e1a,0.0304,-0.494131733973821,0.0661,0.0528,
1,gnn_pair,ensemble,a5c36e48fb124d82,cmAPP:1617,cmAPP:1666,8a110cbb1ec4bb37,-0.4502,-0.3644999961058298,0.1369,0.1871999999999999,
1,gnn_pair,ensemble,aa3134d53203d34e,cmAPP:1895,cmAPP:1940,28639edc531a2e1a,-0.0287999999999999,-0.17333965500195817,0.0143,0.0521999999999999,
1,gnn_pair,ensemble,b5c2328a2c4ba021,cmAPP:1791,cmAPP:1836,28639edc531a2e1a,-1.0455,-0.08694021900494893,0.0306,0.2801,
1,gnn_pair,ensemble,b994b3eb1c0af55d,cmAPP:1716,cmAPP:1761,28639edc531a2e1a,-0.4706,-0.16000702977180478,0.0717,0.1341999999999999,
1,gnn_pair,ensemble,becdd89127e663db,cmAPP:1977,cmAPP:2026,8a110cbb1ec4bb37,-0.5430999999999999,-0.36702921986579895,0.0475999999999999,0.0624,
1,gnn_pair,ensemble,c805543d26a64bde,cmAPP:2075,cmAPP:2120,28639edc531a2e1a,-0.1186999999999999,-0.17446622252464294,0.09,0.1231,
1,gnn_pair,ensemble,c8e8c0b442f5a1a1,cmAPP:1771,cmAPP:1816,1212da56aac7a198,-0.8776,-0.37524579962094623,0.0475999999999999,0.087,
1,gnn_pair,ensemble,d17517694a996e9b,cmAPP:1624,cmAPP:1669,28639edc531a2e1a,-0.1991,-0.3858230908711751,0.0081999999999999,0.069,
1,gnn_pair,ensemble,d3de99befe559e4d,cmAPP:1781,cmAPP:1826,1212da56aac7a198,-0.2219,-0.3534059723218282,0.1041,0.2195,
1,gnn_pair,ensemble,dd6c1c7202e5a255,cmAPP:1861,cmAPP:1906,1212da56aac7a198,-0.0120000000000001,-0.3720461130142212,0.0007,0.0051,
1,gnn_pair,ensemble,dff31405206d397b,cmAPP:1797,cmAPP:1846,8a110cbb1ec4bb37,-1.5217999999999998,-0.3679162263870239,0.1784,0.1663,
1,gnn_pair,ensemble,e284e40848b79caf,cmAPP:1625,cmAPP:1670,28639edc531a2e1a,0.1414999999999999,-0.17333965500195817,0.0601,0.052,
1,gnn_pair,ensemble,e7cdd445b47734ce,cmAPP:1707,cmAPP:1756,8a110cbb1ec4bb37,-0.3610000000000001,-0.36702921986579895,0.0946,0.1015,
1,gnn_pair,ensemble,edbdac59a2065c45,cmAPP:1871,cmAPP:1916,1212da56aac7a198,-0.0113999999999999,-0.3500395317872365,0.0015,0.0121999999999999,
1,gnn_pair,ensemble,f762503ebcc65c82,cmAPP:1714,cmAPP:1759,28639edc531a2e1a,-0.0854,-0.38809666037559504,0.0706,0.081,
1,gnn_pair,ensemble,f77d454e0640bee9,cmAPP:1986,cmAPP:2031,28639edc531a2e1a,-0.2584999999999999,-0.16000702977180478,0.0272,0.0181,
1,gnn_pair,ensemble,fb01500214324543,cmAPP:1885,cmAPP:1934,28639edc531a2e1a,-0.0014,-0.4916720887025197,0.0278,0.0077,
1,gnn_pair,ensemble,fca0701bd3bac2f3,cmAPP:1626,cmAPP:1671,28639edc531a2e1a,-0.2828999999999999,-0.15857655803362528,0.1442999999999999,0.0999,
1,gnn_pair,ensemble,fd2a262963837b7f,cmAPP:2041,cmAPP:2086,1212da56aac7a198,-0.1237,-0.37524579962094623,0.059,0.0151,
1,gnn_pair,ensemble,fdbf57627003ba04,cmAPP:2051,cmAPP:2096,1212da56aac7a198,-0.2342,-0.3534059723218282,0.0968,0.0231,
1,nongraph_pair,ensemble,086646f70e89b7e8,cmAPP:1804,cmAPP:1849,28639edc531a2e1a,-0.6019,-0.34282617767651874,0.1164,0.5791,
1,nongraph_pair,ensemble,0ee5a5f6520a7c7a,cmAPP:1715,cmAPP:1760,28639edc531a2e1a,-0.1749,-0.1916100184122721,0.0608,0.1155,
1,nongraph_pair,ensemble,0ef70c3bf1ed6748,cmAPP:1984,cmAPP:2029,28639edc531a2e1a,-0.0726000000000001,-0.3424663543701172,0.0481,0.0899,
1,nongraph_pair,ensemble,0f5070b79250194c,cmAPP:2074,cmAPP:2119,28639edc531a2e1a,-0.4248999999999999,-0.34282617767651874,0.0526,0.0729,
1,nongraph_pair,ensemble,34038dbdd4553f7d,cmAPP:1611,cmAPP:1656,28639edc531a2e1a,-0.0142000000000001,-0.1580100754896799,0.0373,0.048,
1,nongraph_pair,ensemble,382a0a377b849c67,cmAPP:1806,cmAPP:1851,28639edc531a2e1a,0.2361,-0.2007685800393422,0.3618,0.3897,
1,nongraph_pair,ensemble,396bdc7f9386d193,cmAPP:2065,cmAPP:2114,28639edc531a2e1a,-0.2469000000000001,-0.44110464056332904,0.0611,0.1293,
1,nongraph_pair,ensemble,3cf75a1628ce2443,cmAPP:1894,cmAPP:1939,28639edc531a2e1a,-0.0734,-0.3414402902126312,0.0017,0.0179,
1,nongraph_pair,ensemble,409122d11d642bec,cmAPP:1601,cmAPP:1646,1212da56aac7a198,-0.4502,-0.3178121149539947,0.0212,0.3306,
1,nongraph_pair,ensemble,421212f430fb6217,cmAPP:1591,cmAPP:1636,1212da56aac7a198,-0.0406,-0.38216265042622877,0.024,0.0765,
1,nongraph_pair,ensemble,45289904b26c1459,cmAPP:1701,cmAPP:1746,28639edc531a2e1a,-0.2906999999999999,-0.15873909989992774,0.01,0.1063,
1,nongraph_pair,ensemble,473de2be4f7d6584,cmAPP:2067,cmAPP:2116,8a110cbb1ec4bb37,-0.6101000000000001,-0.4338037172953288,0.0615,0.3147,
1,nongraph_pair,ensemble,4c96170b7a5e6348,cmAPP:1971,cmAPP:2016,28639edc531a2e1a,-0.1133999999999998,-0.15873909989992774,0.0482,0.0404,
1,nongraph_pair,ensemble,5b10002dc6e9b311,cmAPP:1805,cmAPP:1850,28639edc531a2e1a,0.3319,-0.19196812311808267,0.2754,0.0858,
1,nongraph_pair,ensemble,5b8cb0fffb026635,cmAPP:1681,cmAPP:1726,1212da56aac7a198,0.0110999999999999,-0.3838486174742381,0.008,0.0649,
1,nongraph_pair,ensemble,600169b9f0f80551,cmAPP:1615,cmAPP:1664,28639edc531a2e1a,0.0219999999999999,-0.4382396837075551,0.0715,0.0554,
1,nongraph_pair,ensemble,675d15d359e354d5,cmAPP:1985,cmAPP:2030,28639edc531a2e1a,-0.0912,-0.1916100184122721,0.0105,0.0476999999999999,
1,nongraph_pair,ensemble,6e2a61766f596436,cmAPP:1887,cmAPP:1936,8a110cbb1ec4bb37,-0.4691000000000001,-0.43032610416412354,0.0074,0.0550999999999999,
1,nongraph_pair,ensemble,7d9ac8b735ba4661,cmAPP:1951,cmAPP:1996,1212da56aac7a198,0.0370999999999999,-0.3838486174742381,0.0533,0.0337,
1,nongraph_pair,ensemble,849edfe135b4a285,cmAPP:2061,cmAPP:2106,28639edc531a2e1a,-0.3863000000000001,-0.1589948038260142,0.0817,0.0831,
1,nongraph_pair,ensemble,8aa63b5c3ecd924d,cmAPP:1795,cmAPP:1844,28639edc531a2e1a,-0.5152,-0.44110464056332904,0.2846,0.1987,
1,nongraph_pair,ensemble,8ab99b4d0257f181,cmAPP:1961,cmAPP:2006,1212da56aac7a198,-0.0766000000000001,-0.3193152646223704,0.0401,0.0982,
1,nongraph_pair,ensemble,8cfd4f27b028eb77,cmAPP:1896,cmAPP:1941,28639edc531a2e1a,-0.242,-0.1985768179098765,0.0068,0.0691,
1,nongraph_pair,ensemble,96c1bc434b0cc0dd,cmAPP:2076,cmAPP:2121,28639edc531a2e1a,-0.3479000000000001,-0.2007685800393422,0.0617,0.1311999999999999,
1,nongraph_pair,ensemble,97a210f808788925,cmAPP:1705,cmAPP:1754,28639edc531a2e1a,-0.0345999999999998,-0.4403608242670695,0.0934,0.1336999999999999,
1,nongraph_pair,ensemble,9b2d1052c5390363,cmAPP:1881,cmAPP:1926,28639edc531a2e1a,-0.0185,-0.1580100754896799,0.0043,0.0105,
1,nongraph_pair,ensemble,9f45bd9c2c0e94ba,cmAPP:1691,cmAPP:1736,1212da56aac7a198,-0.1439999999999999,-0.3193152646223704,0.1061999999999999,0.0778,
1,nongraph_pair,ensemble,a15df525a6a379e5,cmAPP:1975,cmAPP:2024,28639edc531a2e1a,0.0304,-0.4403608242670695,0.0661,0.0528,
1,nongraph_pair,ensemble,a5c36e48fb124d82,cmAPP:1617,cmAPP:1666,8a110cbb1ec4bb37,-0.4502,-0.43032610416412354,0.1369,0.1871999999999999,
1,nongraph_pair,ensemble,aa3134d53203d34e,cmAPP:1895,cmAPP:1940,28639edc531a2e1a,-0.0287999999999999,-0.19064345955848686,0.0143,0.0521999999999999,
1,nongraph_pair,ensemble,b5c2328a2c4ba021,cmAPP:1791,cmAPP:1836,28639edc531a2e1a,-1.0455,-0.1589948038260142,0.0306,0.2801,
1,nongraph_pair,ensemble,b994b3eb1c0af55d,cmAPP:1716,cmAPP:1761,28639edc531a2e1a,-0.4706,-0.20019953449567152,0.0717,0.1341999999999999,
1,nongraph_pair,ensemble,becdd89127e663db,cmAPP:1977,cmAPP:2026,8a110cbb1ec4bb37,-0.5430999999999999,-0.4329197605450948,0.0475999999999999,0.0624,
1,nongraph_pair,ensemble,c805543d26a64bde,cmAPP:2075,cmAPP:2120,28639edc531a2e1a,-0.1186999999999999,-0.19196812311808267,0.09,0.1231,
1,nongraph_pair,ensemble,c8e8c0b442f5a1a1,cmAPP:1771,cmAPP:1816,1212da56aac7a198,-0.8776,-0.38443988561630243,0.0475999999999999,0.087,
1,nongraph_pair,ensemble,d17517694a996e9b,cmAPP:1624,cmAPP:1669,28639edc531a2e1a,-0.1991,-0.3414402902126312,0.0081999999999999,0.069,
1,nongraph_pair,ensemble,d3de99befe559e4d,cmAPP:1781,cmAPP:1826,1212da56aac7a198,-0.2219,-0.3198423981666565,0.1041,0.2195,
1,nongraph_pair,ensemble,dd6c1c7202e5a255,cmAPP:1861,cmAPP:1906,1212da56aac7a198,-0.0120000000000001,-0.38216265042622877,0.0007,0.0051,
1,nongraph_pair,ensemble,dff31405206d397b,cmAPP:1797,cmAPP:1846,8a110cbb1ec4bb37,-1.5217999999999998,-0.4338037172953288,0.1784,0.1663,
1,nongraph_pair,ensemble,e284e40848b79caf,cmAPP:1625,cmAPP:1670,28639edc531a2e1a,0.1414999999999999,-0.19064345955848686,0.0601,0.052,
1,nongraph_pair,ensemble,e7cdd445b47734ce,cmAPP:1707,cmAPP:1756,8a110cbb1ec4bb37,-0.3610000000000001,-0.4329197605450948,0.0946,0.1015,
1,nongraph_pair,ensemble,edbdac59a2065c45,cmAPP:1871,cmAPP:1916,1212da56aac7a198,-0.0113999999999999,-0.3178121149539947,0.0015,0.0121999999999999,
1,nongraph_pair,ensemble,f762503ebcc65c82,cmAPP:1714,cmAPP:1759,28639edc531a2e1a,-0.0854,-0.3424663543701172,0.0706,0.081,
1,nongraph_pair,ensemble,f77d454e0640bee9,cmAPP:1986,cmAPP:2031,28639edc531a2e1a,-0.2584999999999999,-0.20019953449567152,0.0272,0.0181,
1,nongraph_pair,ensemble,fb01500214324543,cmAPP:1885,cmAPP:1934,28639edc531a2e1a,-0.0014,-0.4382396837075551,0.0278,0.0077,
1,nongraph_pair,ensemble,fca0701bd3bac2f3,cmAPP:1626,cmAPP:1671,28639edc531a2e1a,-0.2828999999999999,-0.1985768179098765,0.1442999999999999,0.0999,
1,nongraph_pair,ensemble,fd2a262963837b7f,cmAPP:2041,cmAPP:2086,1212da56aac7a198,-0.1237,-0.38443988561630243,0.059,0.0151,
1,nongraph_pair,ensemble,fdbf57627003ba04,cmAPP:2051,cmAPP:2096,1212da56aac7a198,-0.2342,-0.3198423981666565,0.0968,0.0231,
1,pair_ridge,ensemble,086646f70e89b7e8,cmAPP:1804,cmAPP:1849,28639edc531a2e1a,-0.6019,-0.307468444108963,0.1164,0.5791,
1,pair_ridge,ensemble,0ee5a5f6520a7c7a,cmAPP:1715,cmAPP:1760,28639edc531a2e1a,-0.1749,0.0119009613990783,0.0608,0.1155,
1,pair_ridge,ensemble,0ef70c3bf1ed6748,cmAPP:1984,cmAPP:2029,28639edc531a2e1a,-0.0726000000000001,-0.307468444108963,0.0481,0.0899,
1,pair_ridge,ensemble,0f5070b79250194c,cmAPP:2074,cmAPP:2119,28639edc531a2e1a,-0.4248999999999999,-0.307468444108963,0.0526,0.0729,
1,pair_ridge,ensemble,34038dbdd4553f7d,cmAPP:1611,cmAPP:1656,28639edc531a2e1a,-0.0142000000000001,0.0405892431735992,0.0373,0.048,
1,pair_ridge,ensemble,382a0a377b849c67,cmAPP:1806,cmAPP:1851,28639edc531a2e1a,0.2361,-0.1089862436056137,0.3618,0.3897,
1,pair_ridge,ensemble,396bdc7f9386d193,cmAPP:2065,cmAPP:2114,28639edc531a2e1a,-0.2469000000000001,-0.4946154654026031,0.0611,0.1293,
1,pair_ridge,ensemble,3cf75a1628ce2443,cmAPP:1894,cmAPP:1939,28639edc531a2e1a,-0.0734,-0.307468444108963,0.0017,0.0179,
1,pair_ridge,ensemble,409122d11d642bec,cmAPP:1601,cmAPP:1646,1212da56aac7a198,-0.4502,-0.4641658365726471,0.0212,0.3306,
1,pair_ridge,ensemble,421212f430fb6217,cmAPP:1591,cmAPP:1636,1212da56aac7a198,-0.0406,-0.2542915046215057,0.024,0.0765,
1,pair_ridge,ensemble,45289904b26c1459,cmAPP:1701,cmAPP:1746,28639edc531a2e1a,-0.2906999999999999,0.0405892431735992,0.01,0.1063,
1,pair_ridge,ensemble,473de2be4f7d6584,cmAPP:2067,cmAPP:2116,8a110cbb1ec4bb37,-0.6101000000000001,-0.4098517894744873,0.0615,0.3147,
1,pair_ridge,ensemble,4c96170b7a5e6348,cmAPP:1971,cmAPP:2016,28639edc531a2e1a,-0.1133999999999998,0.0405892431735992,0.0482,0.0404,
1,pair_ridge,ensemble,5b10002dc6e9b311,cmAPP:1805,cmAPP:1850,28639edc531a2e1a,0.3319,0.0119009613990783,0.2754,0.0858,
1,pair_ridge,ensemble,5b8cb0fffb026635,cmAPP:1681,cmAPP:1726,1212da56aac7a198,0.0110999999999999,-0.2542915046215057,0.008,0.0649,
1,pair_ridge,ensemble,600169b9f0f80551,cmAPP:1615,cmAPP:1664,28639edc531a2e1a,0.0219999999999999,-0.4946154654026031,0.0715,0.0554,
1,pair_ridge,ensemble,675d15d359e354d5,cmAPP:1985,cmAPP:2030,28639edc531a2e1a,-0.0912,0.0119009613990783,0.0105,0.0476999999999999,
1,pair_ridge,ensemble,6e2a61766f596436,cmAPP:1887,cmAPP:1936,8a110cbb1ec4bb37,-0.4691000000000001,-0.4098517894744873,0.0074,0.0550999999999999,
1,pair_ridge,ensemble,7d9ac8b735ba4661,cmAPP:1951,cmAPP:1996,1212da56aac7a198,0.0370999999999999,-0.2542915046215057,0.0533,0.0337,
1,pair_ridge,ensemble,849edfe135b4a285,cmAPP:2061,cmAPP:2106,28639edc531a2e1a,-0.3863000000000001,0.0405892431735992,0.0817,0.0831,
1,pair_ridge,ensemble,8aa63b5c3ecd924d,cmAPP:1795,cmAPP:1844,28639edc531a2e1a,-0.5152,-0.4946154654026031,0.2846,0.1987,
1,pair_ridge,ensemble,8ab99b4d0257f181,cmAPP:1961,cmAPP:2006,1212da56aac7a198,-0.0766000000000001,-0.4641658365726471,0.0401,0.0982,
1,pair_ridge,ensemble,8cfd4f27b028eb77,cmAPP:1896,cmAPP:1941,28639edc531a2e1a,-0.242,-0.1089862436056137,0.0068,0.0691,
1,pair_ridge,ensemble,96c1bc434b0cc0dd,cmAPP:2076,cmAPP:2121,28639edc531a2e1a,-0.3479000000000001,-0.1089862436056137,0.0617,0.1311999999999999,
1,pair_ridge,ensemble,97a210f808788925,cmAPP:1705,cmAPP:1754,28639edc531a2e1a,-0.0345999999999998,-0.4946154654026031,0.0934,0.1336999999999999,
1,pair_ridge,ensemble,9b2d1052c5390363,cmAPP:1881,cmAPP:1926,28639edc531a2e1a,-0.0185,0.0405892431735992,0.0043,0.0105,
1,pair_ridge,ensemble,9f45bd9c2c0e94ba,cmAPP:1691,cmAPP:1736,1212da56aac7a198,-0.1439999999999999,-0.4641658365726471,0.1061999999999999,0.0778,
1,pair_ridge,ensemble,a15df525a6a379e5,cmAPP:1975,cmAPP:2024,28639edc531a2e1a,0.0304,-0.4946154654026031,0.0661,0.0528,
1,pair_ridge,ensemble,a5c36e48fb124d82,cmAPP:1617,cmAPP:1666,8a110cbb1ec4bb37,-0.4502,-0.4098517894744873,0.1369,0.1871999999999999,
1,pair_ridge,ensemble,aa3134d53203d34e,cmAPP:1895,cmAPP:1940,28639edc531a2e1a,-0.0287999999999999,0.0119009613990783,0.0143,0.0521999999999999,
1,pair_ridge,ensemble,b5c2328a2c4ba021,cmAPP:1791,cmAPP:1836,28639edc531a2e1a,-1.0455,0.0405892431735992,0.0306,0.2801,
1,pair_ridge,ensemble,b994b3eb1c0af55d,cmAPP:1716,cmAPP:1761,28639edc531a2e1a,-0.4706,-0.1089862436056137,0.0717,0.1341999999999999,
1,pair_ridge,ensemble,becdd89127e663db,cmAPP:1977,cmAPP:2026,8a110cbb1ec4bb37,-0.5430999999999999,-0.4098517894744873,0.0475999999999999,0.0624,
1,pair_ridge,ensemble,c805543d26a64bde,cmAPP:2075,cmAPP:2120,28639edc531a2e1a,-0.1186999999999999,0.0119009613990783,0.09,0.1231,
1,pair_ridge,ensemble,c8e8c0b442f5a1a1,cmAPP:1771,cmAPP:1816,1212da56aac7a198,-0.8776,-0.2542915046215057,0.0475999999999999,0.087,
1,pair_ridge,ensemble,d17517694a996e9b,cmAPP:1624,cmAPP:1669,28639edc531a2e1a,-0.1991,-0.307468444108963,0.0081999999999999,0.069,
1,pair_ridge,ensemble,d3de99befe559e4d,cmAPP:1781,cmAPP:1826,1212da56aac7a198,-0.2219,-0.4641658365726471,0.1041,0.2195,
1,pair_ridge,ensemble,dd6c1c7202e5a255,cmAPP:1861,cmAPP:1906,1212da56aac7a198,-0.0120000000000001,-0.2542915046215057,0.0007,0.0051,
1,pair_ridge,ensemble,dff31405206d397b,cmAPP:1797,cmAPP:1846,8a110cbb1ec4bb37,-1.5217999999999998,-0.4098517894744873,0.1784,0.1663,
1,pair_ridge,ensemble,e284e40848b79caf,cmAPP:1625,cmAPP:1670,28639edc531a2e1a,0.1414999999999999,0.0119009613990783,0.0601,0.052,
1,pair_ridge,ensemble,e7cdd445b47734ce,cmAPP:1707,cmAPP:1756,8a110cbb1ec4bb37,-0.3610000000000001,-0.4098517894744873,0.0946,0.1015,
1,pair_ridge,ensemble,edbdac59a2065c45,cmAPP:1871,cmAPP:1916,1212da56aac7a198,-0.0113999999999999,-0.4641658365726471,0.0015,0.0121999999999999,
1,pair_ridge,ensemble,f762503ebcc65c82,cmAPP:1714,cmAPP:1759,28639edc531a2e1a,-0.0854,-0.307468444108963,0.0706,0.081,
1,pair_ridge,ensemble,f77d454e0640bee9,cmAPP:1986,cmAPP:2031,28639edc531a2e1a,-0.2584999999999999,-0.1089862436056137,0.0272,0.0181,
1,pair_ridge,ensemble,fb01500214324543,cmAPP:1885,cmAPP:1934,28639edc531a2e1a,-0.0014,-0.4946154654026031,0.0278,0.0077,
1,pair_ridge,ensemble,fca0701bd3bac2f3,cmAPP:1626,cmAPP:1671,28639edc531a2e1a,-0.2828999999999999,-0.1089862436056137,0.1442999999999999,0.0999,
1,pair_ridge,ensemble,fd2a262963837b7f,cmAPP:2041,cmAPP:2086,1212da56aac7a198,-0.1237,-0.2542915046215057,0.059,0.0151,
1,pair_ridge,ensemble,fdbf57627003ba04,cmAPP:2051,cmAPP:2096,1212da56aac7a198,-0.2342,-0.4641658365726471,0.0968,0.0231,
1,training_majority,ensemble,086646f70e89b7e8,cmAPP:1804,cmAPP:1849,28639edc531a2e1a,-0.6019,-1.0,0.1164,0.5791,
1,training_majority,ensemble,0ee5a5f6520a7c7a,cmAPP:1715,cmAPP:1760,28639edc531a2e1a,-0.1749,-1.0,0.0608,0.1155,
1,training_majority,ensemble,0ef70c3bf1ed6748,cmAPP:1984,cmAPP:2029,28639edc531a2e1a,-0.0726000000000001,-1.0,0.0481,0.0899,
1,training_majority,ensemble,0f5070b79250194c,cmAPP:2074,cmAPP:2119,28639edc531a2e1a,-0.4248999999999999,-1.0,0.0526,0.0729,
1,training_majority,ensemble,34038dbdd4553f7d,cmAPP:1611,cmAPP:1656,28639edc531a2e1a,-0.0142000000000001,-1.0,0.0373,0.048,
1,training_majority,ensemble,382a0a377b849c67,cmAPP:1806,cmAPP:1851,28639edc531a2e1a,0.2361,-1.0,0.3618,0.3897,
1,training_majority,ensemble,396bdc7f9386d193,cmAPP:2065,cmAPP:2114,28639edc531a2e1a,-0.2469000000000001,-1.0,0.0611,0.1293,
1,training_majority,ensemble,3cf75a1628ce2443,cmAPP:1894,cmAPP:1939,28639edc531a2e1a,-0.0734,-1.0,0.0017,0.0179,
1,training_majority,ensemble,409122d11d642bec,cmAPP:1601,cmAPP:1646,1212da56aac7a198,-0.4502,-1.0,0.0212,0.3306,
1,training_majority,ensemble,421212f430fb6217,cmAPP:1591,cmAPP:1636,1212da56aac7a198,-0.0406,-1.0,0.024,0.0765,
1,training_majority,ensemble,45289904b26c1459,cmAPP:1701,cmAPP:1746,28639edc531a2e1a,-0.2906999999999999,-1.0,0.01,0.1063,
1,training_majority,ensemble,473de2be4f7d6584,cmAPP:2067,cmAPP:2116,8a110cbb1ec4bb37,-0.6101000000000001,-1.0,0.0615,0.3147,
1,training_majority,ensemble,4c96170b7a5e6348,cmAPP:1971,cmAPP:2016,28639edc531a2e1a,-0.1133999999999998,-1.0,0.0482,0.0404,
1,training_majority,ensemble,5b10002dc6e9b311,cmAPP:1805,cmAPP:1850,28639edc531a2e1a,0.3319,-1.0,0.2754,0.0858,
1,training_majority,ensemble,5b8cb0fffb026635,cmAPP:1681,cmAPP:1726,1212da56aac7a198,0.0110999999999999,-1.0,0.008,0.0649,
1,training_majority,ensemble,600169b9f0f80551,cmAPP:1615,cmAPP:1664,28639edc531a2e1a,0.0219999999999999,-1.0,0.0715,0.0554,
1,training_majority,ensemble,675d15d359e354d5,cmAPP:1985,cmAPP:2030,28639edc531a2e1a,-0.0912,-1.0,0.0105,0.0476999999999999,
1,training_majority,ensemble,6e2a61766f596436,cmAPP:1887,cmAPP:1936,8a110cbb1ec4bb37,-0.4691000000000001,-1.0,0.0074,0.0550999999999999,
1,training_majority,ensemble,7d9ac8b735ba4661,cmAPP:1951,cmAPP:1996,1212da56aac7a198,0.0370999999999999,-1.0,0.0533,0.0337,
1,training_majority,ensemble,849edfe135b4a285,cmAPP:2061,cmAPP:2106,28639edc531a2e1a,-0.3863000000000001,-1.0,0.0817,0.0831,
1,training_majority,ensemble,8aa63b5c3ecd924d,cmAPP:1795,cmAPP:1844,28639edc531a2e1a,-0.5152,-1.0,0.2846,0.1987,
1,training_majority,ensemble,8ab99b4d0257f181,cmAPP:1961,cmAPP:2006,1212da56aac7a198,-0.0766000000000001,-1.0,0.0401,0.0982,
1,training_majority,ensemble,8cfd4f27b028eb77,cmAPP:1896,cmAPP:1941,28639edc531a2e1a,-0.242,-1.0,0.0068,0.0691,
1,training_majority,ensemble,96c1bc434b0cc0dd,cmAPP:2076,cmAPP:2121,28639edc531a2e1a,-0.3479000000000001,-1.0,0.0617,0.1311999999999999,
1,training_majority,ensemble,97a210f808788925,cmAPP:1705,cmAPP:1754,28639edc531a2e1a,-0.0345999999999998,-1.0,0.0934,0.1336999999999999,
1,training_majority,ensemble,9b2d1052c5390363,cmAPP:1881,cmAPP:1926,28639edc531a2e1a,-0.0185,-1.0,0.0043,0.0105,
1,training_majority,ensemble,9f45bd9c2c0e94ba,cmAPP:1691,cmAPP:1736,1212da56aac7a198,-0.1439999999999999,-1.0,0.1061999999999999,0.0778,
1,training_majority,ensemble,a15df525a6a379e5,cmAPP:1975,cmAPP:2024,28639edc531a2e1a,0.0304,-1.0,0.0661,0.0528,
1,training_majority,ensemble,a5c36e48fb124d82,cmAPP:1617,cmAPP:1666,8a110cbb1ec4bb37,-0.4502,-1.0,0.1369,0.1871999999999999,
1,training_majority,ensemble,aa3134d53203d34e,cmAPP:1895,cmAPP:1940,28639edc531a2e1a,-0.0287999999999999,-1.0,0.0143,0.0521999999999999,
1,training_majority,ensemble,b5c2328a2c4ba021,cmAPP:1791,cmAPP:1836,28639edc531a2e1a,-1.0455,-1.0,0.0306,0.2801,
1,training_majority,ensemble,b994b3eb1c0af55d,cmAPP:1716,cmAPP:1761,28639edc531a2e1a,-0.4706,-1.0,0.0717,0.1341999999999999,
1,training_majority,ensemble,becdd89127e663db,cmAPP:1977,cmAPP:2026,8a110cbb1ec4bb37,-0.5430999999999999,-1.0,0.0475999999999999,0.0624,
1,training_majority,ensemble,c805543d26a64bde,cmAPP:2075,cmAPP:2120,28639edc531a2e1a,-0.1186999999999999,-1.0,0.09,0.1231,
1,training_majority,ensemble,c8e8c0b442f5a1a1,cmAPP:1771,cmAPP:1816,1212da56aac7a198,-0.8776,-1.0,0.0475999999999999,0.087,
1,training_majority,ensemble,d17517694a996e9b,cmAPP:1624,cmAPP:1669,28639edc531a2e1a,-0.1991,-1.0,0.0081999999999999,0.069,
1,training_majority,ensemble,d3de99befe559e4d,cmAPP:1781,cmAPP:1826,1212da56aac7a198,-0.2219,-1.0,0.1041,0.2195,
1,training_majority,ensemble,dd6c1c7202e5a255,cmAPP:1861,cmAPP:1906,1212da56aac7a198,-0.0120000000000001,-1.0,0.0007,0.0051,
1,training_majority,ensemble,dff31405206d397b,cmAPP:1797,cmAPP:1846,8a110cbb1ec4bb37,-1.5217999999999998,-1.0,0.1784,0.1663,
1,training_majority,ensemble,e284e40848b79caf,cmAPP:1625,cmAPP:1670,28639edc531a2e1a,0.1414999999999999,-1.0,0.0601,0.052,
1,training_majority,ensemble,e7cdd445b47734ce,cmAPP:1707,cmAPP:1756,8a110cbb1ec4bb37,-0.3610000000000001,-1.0,0.0946,0.1015,
1,training_majority,ensemble,edbdac59a2065c45,cmAPP:1871,cmAPP:1916,1212da56aac7a198,-0.0113999999999999,-1.0,0.0015,0.0121999999999999,
1,training_majority,ensemble,f762503ebcc65c82,cmAPP:1714,cmAPP:1759,28639edc531a2e1a,-0.0854,-1.0,0.0706,0.081,
1,training_majority,ensemble,f77d454e0640bee9,cmAPP:1986,cmAPP:2031,28639edc531a2e1a,-0.2584999999999999,-1.0,0.0272,0.0181,
1,training_majority,ensemble,fb01500214324543,cmAPP:1885,cmAPP:1934,28639edc531a2e1a,-0.0014,-1.0,0.0278,0.0077,
1,training_majority,ensemble,fca0701bd3bac2f3,cmAPP:1626,cmAPP:1671,28639edc531a2e1a,-0.2828999999999999,-1.0,0.1442999999999999,0.0999,
1,training_majority,ensemble,fd2a262963837b7f,cmAPP:2041,cmAPP:2086,1212da56aac7a198,-0.1237,-1.0,0.059,0.0151,
1,training_majority,ensemble,fdbf57627003ba04,cmAPP:2051,cmAPP:2096,1212da56aac7a198,-0.2342,-1.0,0.0968,0.0231,
1,training_mean,ensemble,086646f70e89b7e8,cmAPP:1804,cmAPP:1849,28639edc531a2e1a,-0.6019,-0.3276253952317294,0.1164,0.5791,
1,training_mean,ensemble,0ee5a5f6520a7c7a,cmAPP:1715,cmAPP:1760,28639edc531a2e1a,-0.1749,-0.3276253952317294,0.0608,0.1155,
1,training_mean,ensemble,0ef70c3bf1ed6748,cmAPP:1984,cmAPP:2029,28639edc531a2e1a,-0.0726000000000001,-0.3276253952317294,0.0481,0.0899,
1,training_mean,ensemble,0f5070b79250194c,cmAPP:2074,cmAPP:2119,28639edc531a2e1a,-0.4248999999999999,-0.3276253952317294,0.0526,0.0729,
1,training_mean,ensemble,34038dbdd4553f7d,cmAPP:1611,cmAPP:1656,28639edc531a2e1a,-0.0142000000000001,-0.3276253952317294,0.0373,0.048,
1,training_mean,ensemble,382a0a377b849c67,cmAPP:1806,cmAPP:1851,28639edc531a2e1a,0.2361,-0.3276253952317294,0.3618,0.3897,
1,training_mean,ensemble,396bdc7f9386d193,cmAPP:2065,cmAPP:2114,28639edc531a2e1a,-0.2469000000000001,-0.3276253952317294,0.0611,0.1293,
1,training_mean,ensemble,3cf75a1628ce2443,cmAPP:1894,cmAPP:1939,28639edc531a2e1a,-0.0734,-0.3276253952317294,0.0017,0.0179,
1,training_mean,ensemble,409122d11d642bec,cmAPP:1601,cmAPP:1646,1212da56aac7a198,-0.4502,-0.3276253952317294,0.0212,0.3306,
1,training_mean,ensemble,421212f430fb6217,cmAPP:1591,cmAPP:1636,1212da56aac7a198,-0.0406,-0.3276253952317294,0.024,0.0765,
1,training_mean,ensemble,45289904b26c1459,cmAPP:1701,cmAPP:1746,28639edc531a2e1a,-0.2906999999999999,-0.3276253952317294,0.01,0.1063,
1,training_mean,ensemble,473de2be4f7d6584,cmAPP:2067,cmAPP:2116,8a110cbb1ec4bb37,-0.6101000000000001,-0.3276253952317294,0.0615,0.3147,
1,training_mean,ensemble,4c96170b7a5e6348,cmAPP:1971,cmAPP:2016,28639edc531a2e1a,-0.1133999999999998,-0.3276253952317294,0.0482,0.0404,
1,training_mean,ensemble,5b10002dc6e9b311,cmAPP:1805,cmAPP:1850,28639edc531a2e1a,0.3319,-0.3276253952317294,0.2754,0.0858,
1,training_mean,ensemble,5b8cb0fffb026635,cmAPP:1681,cmAPP:1726,1212da56aac7a198,0.0110999999999999,-0.3276253952317294,0.008,0.0649,
1,training_mean,ensemble,600169b9f0f80551,cmAPP:1615,cmAPP:1664,28639edc531a2e1a,0.0219999999999999,-0.3276253952317294,0.0715,0.0554,
1,training_mean,ensemble,675d15d359e354d5,cmAPP:1985,cmAPP:2030,28639edc531a2e1a,-0.0912,-0.3276253952317294,0.0105,0.0476999999999999,
1,training_mean,ensemble,6e2a61766f596436,cmAPP:1887,cmAPP:1936,8a110cbb1ec4bb37,-0.4691000000000001,-0.3276253952317294,0.0074,0.0550999999999999,
1,training_mean,ensemble,7d9ac8b735ba4661,cmAPP:1951,cmAPP:1996,1212da56aac7a198,0.0370999999999999,-0.3276253952317294,0.0533,0.0337,
1,training_mean,ensemble,849edfe135b4a285,cmAPP:2061,cmAPP:2106,28639edc531a2e1a,-0.3863000000000001,-0.3276253952317294,0.0817,0.0831,
1,training_mean,ensemble,8aa63b5c3ecd924d,cmAPP:1795,cmAPP:1844,28639edc531a2e1a,-0.5152,-0.3276253952317294,0.2846,0.1987,
1,training_mean,ensemble,8ab99b4d0257f181,cmAPP:1961,cmAPP:2006,1212da56aac7a198,-0.0766000000000001,-0.3276253952317294,0.0401,0.0982,
1,training_mean,ensemble,8cfd4f27b028eb77,cmAPP:1896,cmAPP:1941,28639edc531a2e1a,-0.242,-0.3276253952317294,0.0068,0.0691,
1,training_mean,ensemble,96c1bc434b0cc0dd,cmAPP:2076,cmAPP:2121,28639edc531a2e1a,-0.3479000000000001,-0.3276253952317294,0.0617,0.1311999999999999,
1,training_mean,ensemble,97a210f808788925,cmAPP:1705,cmAPP:1754,28639edc531a2e1a,-0.0345999999999998,-0.3276253952317294,0.0934,0.1336999999999999,
1,training_mean,ensemble,9b2d1052c5390363,cmAPP:1881,cmAPP:1926,28639edc531a2e1a,-0.0185,-0.3276253952317294,0.0043,0.0105,
1,training_mean,ensemble,9f45bd9c2c0e94ba,cmAPP:1691,cmAPP:1736,1212da56aac7a198,-0.1439999999999999,-0.3276253952317294,0.1061999999999999,0.0778,
1,training_mean,ensemble,a15df525a6a379e5,cmAPP:1975,cmAPP:2024,28639edc531a2e1a,0.0304,-0.3276253952317294,0.0661,0.0528,
1,training_mean,ensemble,a5c36e48fb124d82,cmAPP:1617,cmAPP:1666,8a110cbb1ec4bb37,-0.4502,-0.3276253952317294,0.1369,0.1871999999999999,
1,training_mean,ensemble,aa3134d53203d34e,cmAPP:1895,cmAPP:1940,28639edc531a2e1a,-0.0287999999999999,-0.3276253952317294,0.0143,0.0521999999999999,
1,training_mean,ensemble,b5c2328a2c4ba021,cmAPP:1791,cmAPP:1836,28639edc531a2e1a,-1.0455,-0.3276253952317294,0.0306,0.2801,
1,training_mean,ensemble,b994b3eb1c0af55d,cmAPP:1716,cmAPP:1761,28639edc531a2e1a,-0.4706,-0.3276253952317294,0.0717,0.1341999999999999,
1,training_mean,ensemble,becdd89127e663db,cmAPP:1977,cmAPP:2026,8a110cbb1ec4bb37,-0.5430999999999999,-0.3276253952317294,0.0475999999999999,0.0624,
1,training_mean,ensemble,c805543d26a64bde,cmAPP:2075,cmAPP:2120,28639edc531a2e1a,-0.1186999999999999,-0.3276253952317294,0.09,0.1231,
1,training_mean,ensemble,c8e8c0b442f5a1a1,cmAPP:1771,cmAPP:1816,1212da56aac7a198,-0.8776,-0.3276253952317294,0.0475999999999999,0.087,
1,training_mean,ensemble,d17517694a996e9b,cmAPP:1624,cmAPP:1669,28639edc531a2e1a,-0.1991,-0.3276253952317294,0.0081999999999999,0.069,
1,training_mean,ensemble,d3de99befe559e4d,cmAPP:1781,cmAPP:1826,1212da56aac7a198,-0.2219,-0.3276253952317294,0.1041,0.2195,
1,training_mean,ensemble,dd6c1c7202e5a255,cmAPP:1861,cmAPP:1906,1212da56aac7a198,-0.0120000000000001,-0.3276253952317294,0.0007,0.0051,
1,training_mean,ensemble,dff31405206d397b,cmAPP:1797,cmAPP:1846,8a110cbb1ec4bb37,-1.5217999999999998,-0.3276253952317294,0.1784,0.1663,
1,training_mean,ensemble,e284e40848b79caf,cmAPP:1625,cmAPP:1670,28639edc531a2e1a,0.1414999999999999,-0.3276253952317294,0.0601,0.052,
1,training_mean,ensemble,e7cdd445b47734ce,cmAPP:1707,cmAPP:1756,8a110cbb1ec4bb37,-0.3610000000000001,-0.3276253952317294,0.0946,0.1015,
1,training_mean,ensemble,edbdac59a2065c45,cmAPP:1871,cmAPP:1916,1212da56aac7a198,-0.0113999999999999,-0.3276253952317294,0.0015,0.0121999999999999,
1,training_mean,ensemble,f762503ebcc65c82,cmAPP:1714,cmAPP:1759,28639edc531a2e1a,-0.0854,-0.3276253952317294,0.0706,0.081,
1,training_mean,ensemble,f77d454e0640bee9,cmAPP:1986,cmAPP:2031,28639edc531a2e1a,-0.2584999999999999,-0.3276253952317294,0.0272,0.0181,
1,training_mean,ensemble,fb01500214324543,cmAPP:1885,cmAPP:1934,28639edc531a2e1a,-0.0014,-0.3276253952317294,0.0278,0.0077,
1,training_mean,ensemble,fca0701bd3bac2f3,cmAPP:1626,cmAPP:1671,28639edc531a2e1a,-0.2828999999999999,-0.3276253952317294,0.1442999999999999,0.0999,
1,training_mean,ensemble,fd2a262963837b7f,cmAPP:2041,cmAPP:2086,1212da56aac7a198,-0.1237,-0.3276253952317294,0.059,0.0151,
1,training_mean,ensemble,fdbf57627003ba04,cmAPP:2051,cmAPP:2096,1212da56aac7a198,-0.2342,-0.3276253952317294,0.0968,0.0231,
1,zero,ensemble,086646f70e89b7e8,cmAPP:1804,cmAPP:1849,28639edc531a2e1a,-0.6019,0.0,0.1164,0.5791,
1,zero,ensemble,0ee5a5f6520a7c7a,cmAPP:1715,cmAPP:1760,28639edc531a2e1a,-0.1749,0.0,0.0608,0.1155,
1,zero,ensemble,0ef70c3bf1ed6748,cmAPP:1984,cmAPP:2029,28639edc531a2e1a,-0.0726000000000001,0.0,0.0481,0.0899,
1,zero,ensemble,0f5070b79250194c,cmAPP:2074,cmAPP:2119,28639edc531a2e1a,-0.4248999999999999,0.0,0.0526,0.0729,
1,zero,ensemble,34038dbdd4553f7d,cmAPP:1611,cmAPP:1656,28639edc531a2e1a,-0.0142000000000001,0.0,0.0373,0.048,
1,zero,ensemble,382a0a377b849c67,cmAPP:1806,cmAPP:1851,28639edc531a2e1a,0.2361,0.0,0.3618,0.3897,
1,zero,ensemble,396bdc7f9386d193,cmAPP:2065,cmAPP:2114,28639edc531a2e1a,-0.2469000000000001,0.0,0.0611,0.1293,
1,zero,ensemble,3cf75a1628ce2443,cmAPP:1894,cmAPP:1939,28639edc531a2e1a,-0.0734,0.0,0.0017,0.0179,
1,zero,ensemble,409122d11d642bec,cmAPP:1601,cmAPP:1646,1212da56aac7a198,-0.4502,0.0,0.0212,0.3306,
1,zero,ensemble,421212f430fb6217,cmAPP:1591,cmAPP:1636,1212da56aac7a198,-0.0406,0.0,0.024,0.0765,
1,zero,ensemble,45289904b26c1459,cmAPP:1701,cmAPP:1746,28639edc531a2e1a,-0.2906999999999999,0.0,0.01,0.1063,
1,zero,ensemble,473de2be4f7d6584,cmAPP:2067,cmAPP:2116,8a110cbb1ec4bb37,-0.6101000000000001,0.0,0.0615,0.3147,
1,zero,ensemble,4c96170b7a5e6348,cmAPP:1971,cmAPP:2016,28639edc531a2e1a,-0.1133999999999998,0.0,0.0482,0.0404,
1,zero,ensemble,5b10002dc6e9b311,cmAPP:1805,cmAPP:1850,28639edc531a2e1a,0.3319,0.0,0.2754,0.0858,
1,zero,ensemble,5b8cb0fffb026635,cmAPP:1681,cmAPP:1726,1212da56aac7a198,0.0110999999999999,0.0,0.008,0.0649,
1,zero,ensemble,600169b9f0f80551,cmAPP:1615,cmAPP:1664,28639edc531a2e1a,0.0219999999999999,0.0,0.0715,0.0554,
1,zero,ensemble,675d15d359e354d5,cmAPP:1985,cmAPP:2030,28639edc531a2e1a,-0.0912,0.0,0.0105,0.0476999999999999,
1,zero,ensemble,6e2a61766f596436,cmAPP:1887,cmAPP:1936,8a110cbb1ec4bb37,-0.4691000000000001,0.0,0.0074,0.0550999999999999,
1,zero,ensemble,7d9ac8b735ba4661,cmAPP:1951,cmAPP:1996,1212da56aac7a198,0.0370999999999999,0.0,0.0533,0.0337,
1,zero,ensemble,849edfe135b4a285,cmAPP:2061,cmAPP:2106,28639edc531a2e1a,-0.3863000000000001,0.0,0.0817,0.0831,
1,zero,ensemble,8aa63b5c3ecd924d,cmAPP:1795,cmAPP:1844,28639edc531a2e1a,-0.5152,0.0,0.2846,0.1987,
1,zero,ensemble,8ab99b4d0257f181,cmAPP:1961,cmAPP:2006,1212da56aac7a198,-0.0766000000000001,0.0,0.0401,0.0982,
1,zero,ensemble,8cfd4f27b028eb77,cmAPP:1896,cmAPP:1941,28639edc531a2e1a,-0.242,0.0,0.0068,0.0691,
1,zero,ensemble,96c1bc434b0cc0dd,cmAPP:2076,cmAPP:2121,28639edc531a2e1a,-0.3479000000000001,0.0,0.0617,0.1311999999999999,
1,zero,ensemble,97a210f808788925,cmAPP:1705,cmAPP:1754,28639edc531a2e1a,-0.0345999999999998,0.0,0.0934,0.1336999999999999,
1,zero,ensemble,9b2d1052c5390363,cmAPP:1881,cmAPP:1926,28639edc531a2e1a,-0.0185,0.0,0.0043,0.0105,
1,zero,ensemble,9f45bd9c2c0e94ba,cmAPP:1691,cmAPP:1736,1212da56aac7a198,-0.1439999999999999,0.0,0.1061999999999999,0.0778,
1,zero,ensemble,a15df525a6a379e5,cmAPP:1975,cmAPP:2024,28639edc531a2e1a,0.0304,0.0,0.0661,0.0528,
1,zero,ensemble,a5c36e48fb124d82,cmAPP:1617,cmAPP:1666,8a110cbb1ec4bb37,-0.4502,0.0,0.1369,0.1871999999999999,
1,zero,ensemble,aa3134d53203d34e,cmAPP:1895,cmAPP:1940,28639edc531a2e1a,-0.0287999999999999,0.0,0.0143,0.0521999999999999,
1,zero,ensemble,b5c2328a2c4ba021,cmAPP:1791,cmAPP:1836,28639edc531a2e1a,-1.0455,0.0,0.0306,0.2801,
1,zero,ensemble,b994b3eb1c0af55d,cmAPP:1716,cmAPP:1761,28639edc531a2e1a,-0.4706,0.0,0.0717,0.1341999999999999,
1,zero,ensemble,becdd89127e663db,cmAPP:1977,cmAPP:2026,8a110cbb1ec4bb37,-0.5430999999999999,0.0,0.0475999999999999,0.0624,
1,zero,ensemble,c805543d26a64bde,cmAPP:2075,cmAPP:2120,28639edc531a2e1a,-0.1186999999999999,0.0,0.09,0.1231,
1,zero,ensemble,c8e8c0b442f5a1a1,cmAPP:1771,cmAPP:1816,1212da56aac7a198,-0.8776,0.0,0.0475999999999999,0.087,
1,zero,ensemble,d17517694a996e9b,cmAPP:1624,cmAPP:1669,28639edc531a2e1a,-0.1991,0.0,0.0081999999999999,0.069,
1,zero,ensemble,d3de99befe559e4d,cmAPP:1781,cmAPP:1826,1212da56aac7a198,-0.2219,0.0,0.1041,0.2195,
1,zero,ensemble,dd6c1c7202e5a255,cmAPP:1861,cmAPP:1906,1212da56aac7a198,-0.0120000000000001,0.0,0.0007,0.0051,
1,zero,ensemble,dff31405206d397b,cmAPP:1797,cmAPP:1846,8a110cbb1ec4bb37,-1.5217999999999998,0.0,0.1784,0.1663,
1,zero,ensemble,e284e40848b79caf,cmAPP:1625,cmAPP:1670,28639edc531a2e1a,0.1414999999999999,0.0,0.0601,0.052,
1,zero,ensemble,e7cdd445b47734ce,cmAPP:1707,cmAPP:1756,8a110cbb1ec4bb37,-0.3610000000000001,0.0,0.0946,0.1015,
1,zero,ensemble,edbdac59a2065c45,cmAPP:1871,cmAPP:1916,1212da56aac7a198,-0.0113999999999999,0.0,0.0015,0.0121999999999999,
1,zero,ensemble,f762503ebcc65c82,cmAPP:1714,cmAPP:1759,28639edc531a2e1a,-0.0854,0.0,0.0706,0.081,
1,zero,ensemble,f77d454e0640bee9,cmAPP:1986,cmAPP:2031,28639edc531a2e1a,-0.2584999999999999,0.0,0.0272,0.0181,
1,zero,ensemble,fb01500214324543,cmAPP:1885,cmAPP:1934,28639edc531a2e1a,-0.0014,0.0,0.0278,0.0077,
1,zero,ensemble,fca0701bd3bac2f3,cmAPP:1626,cmAPP:1671,28639edc531a2e1a,-0.2828999999999999,0.0,0.1442999999999999,0.0999,
1,zero,ensemble,fd2a262963837b7f,cmAPP:2041,cmAPP:2086,1212da56aac7a198,-0.1237,0.0,0.059,0.0151,
1,zero,ensemble,fdbf57627003ba04,cmAPP:2051,cmAPP:2096,1212da56aac7a198,-0.2342,0.0,0.0968,0.0231,
2,gnn_activity,ensemble,0eed2d75f2cde72d,cmAPP:1590,cmAPP:1635,151435cc8a45853a,-0.4034,-0.17298231522242227,0.0241,0.0295,
2,gnn_activity,ensemble,134f453b89ce7319,cmAPP:1612,cmAPP:1657,2c34ab854a6ad95b,0.1809999999999999,-0.28576630353927607,0.0599,0.0075,
2,gnn_activity,ensemble,1a6c9baac85f3629,cmAPP:1595,cmAPP:1641,2c34ab854a6ad95b,-0.2018999999999999,-0.28582674264907837,0.0129,0.0771,
2,gnn_activity,ensemble,29266f87dbea9446,cmAPP:1972,cmAPP:2017,2c34ab854a6ad95b,-0.0115999999999999,-0.2883634368578592,0.0276,0.0372,
2,gnn_activity,ensemble,46898ba7d044be9b,cmAPP:1882,cmAPP:1927,2c34ab854a6ad95b,0.0007,-0.28576630353927607,0.0242,0.0287,
2,gnn_activity,ensemble,4aba9407294ef0a7,cmAPP:1956,cmAPP:2002,2c34ab854a6ad95b,0.0110999999999999,-0.27908004323641455,0.045,0.0151,
2,gnn_activity,ensemble,4e91bc478f4a4aaa,cmAPP:1863,cmAPP:1908,151435cc8a45853a,-0.0065999999999999,-0.19030151764551798,0.0008,0.0070999999999999,
2,gnn_activity,ensemble,50548dbd9fb26ec9,cmAPP:1792,cmAPP:1837,2c34ab854a6ad95b,-0.3258999999999999,-0.2892804741859436,0.3096,0.0693,
2,gnn_activity,ensemble,51c13c0eaed60726,cmAPP:2057,cmAPP:2102,2c34ab854a6ad95b,0.1406999999999999,-0.22430326541264853,0.0353,0.0542,
2,gnn_activity,ensemble,5fb5972af28fa281,cmAPP:2062,cmAPP:2107,2c34ab854a6ad95b,-0.118,-0.2892804741859436,0.1033,0.0511,
2,gnn_activity,ensemble,6297178908babdb2,cmAPP:2040,cmAPP:2085,151435cc8a45853a,-0.2866999999999999,-0.17435870567957557,0.0592,0.0308,
2,gnn_activity,ensemble,63008ff058569c96,cmAPP:1697,cmAPP:1742,2c34ab854a6ad95b,0.0057000000000001,-0.22398811578750608,0.0626999999999999,0.1005,
2,gnn_activity,ensemble,66ba2338161aed27,cmAPP:1680,cmAPP:1725,151435cc8a45853a,-0.1281999999999998,-0.17398679256439206,0.026,0.0135,
2,gnn_activity,ensemble,6ca5840cef4726ff,cmAPP:1807,cmAPP:1852,2c34ab854a6ad95b,0.1781,-0.21906503041585287,0.1475,0.1971,
2,gnn_activity,ensemble,70da5f6f47632dfe,cmAPP:1686,cmAPP:1732,2c34ab854a6ad95b,0.0151000000000001,-0.27908004323641455,0.0491,0.027,
2,gnn_activity,ensemble,72fdff714d1fc08e,cmAPP:1897,cmAPP:1942,2c34ab854a6ad95b,-0.0698999999999999,-0.21895520885785422,0.019,0.037,
2,gnn_activity,ensemble,76e24e5164a31a01,cmAPP:1593,cmAPP:1638,151435cc8a45853a,-0.2168999999999999,-0.19030151764551798,0.0283999999999999,0.0443,
2,gnn_activity,ensemble,7a921af808b2dfa6,cmAPP:1694,cmAPP:1739,9620aee947fd49ea,-0.5276000000000001,-0.34131428599357605,0.0654,0.0993999999999999,
2,gnn_activity,ensemble,7ad1ff1601478950,cmAPP:1607,cmAPP:1652,2c34ab854a6ad95b,0.0006999999999999,-0.22314713398615516,0.0691,0.0260999999999999,
2,gnn_activity,ensemble,8ab257e2caab32a6,cmAPP:1596,cmAPP:1642,2c34ab854a6ad95b,-0.1690000000000001,-0.279567688703537,0.0141,0.0283999999999999,
2,gnn_activity,ensemble,8baebb96c0af3c90,cmAPP:1950,cmAPP:1995,151435cc8a45853a,-0.0972,-0.17398679256439206,0.0243,0.0365,
2,gnn_activity,ensemble,93389904f33e7718,cmAPP:1770,cmAPP:1815,151435cc8a45853a,-1.6145,-0.17435870567957557,0.0704,0.1384999999999999,
2,gnn_activity,ensemble,98341947aa56f870,cmAPP:2046,cmAPP:2092,2c34ab854a6ad95b,-0.1064999999999998,-0.27890904744466144,0.0504999999999999,0.0414,
2,gnn_activity,ensemble,98f93e5fbbd41ec8,cmAPP:1967,cmAPP:2012,2c34ab854a6ad95b,0.1092999999999999,-0.22398811578750608,0.0698,0.0123,
2,gnn_activity,ensemble,a15328e82188e58f,cmAPP:1717,cmAPP:1762,2c34ab854a6ad95b,-0.1387999999999999,-0.21903650959332777,0.0291,0.0843,
2,gnn_activity,ensemble,a1cbdd76747c5064,cmAPP:1776,cmAPP:1822,2c34ab854a6ad95b,-0.6519000000000001,-0.27890904744466144,0.0775,0.1712,
2,gnn_activity,ensemble,a4c4b94f50336897,cmAPP:1866,cmAPP:1912,2c34ab854a6ad95b,-0.0341999999999999,-0.279567688703537,0.0053,0.0118999999999999,
2,gnn_activity,ensemble,a85eb0b11202f59e,cmAPP:1685,cmAPP:1731,2c34ab854a6ad95b,-0.0718999999999999,-0.2870718638102214,0.0286,0.0496,
2,gnn_activity,ensemble,ac1b30806815ea4e,cmAPP:1787,cmAPP:1832,2c34ab854a6ad95b,-0.8095999999999999,-0.22430326541264853,0.1321,0.4403,
2,gnn_activity,ensemble,b6967a59b842adff,cmAPP:1784,cmAPP:1829,9620aee947fd49ea,-2.8806,-0.3416779140631358,0.1178999999999999,0.5047999999999999,
2,gnn_activity,ensemble,bfb561a0d6a8fc27,cmAPP:2054,cmAPP:2099,9620aee947fd49ea,-0.4963,-0.3416779140631358,0.0258,0.115,
2,gnn_activity,ensemble,c09f8ea736c8479d,cmAPP:1683,cmAPP:1728,151435cc8a45853a,-0.0143999999999999,-0.1908332109451294,0.0364,0.0256,
2,gnn_activity,ensemble,c55d3bcca2d2a449,cmAPP:1955,cmAPP:2001,2c34ab854a6ad95b,0.0237,-0.2870718638102214,0.0421,0.0274,
2,gnn_activity,ensemble,c5b8e137a303cb45,cmAPP:1773,cmAPP:1818,151435cc8a45853a,-0.0211,-0.19101967414220167,0.0848,0.1288,
2,gnn_activity,ensemble,c748ab46e40eb3c6,cmAPP:1874,cmAPP:1919,9620aee947fd49ea,-0.7228,-0.3402774930000305,0.0068,0.2271999999999999,
2,gnn_activity,ensemble,c78c802f0ed94739,cmAPP:1987,cmAPP:2032,2c34ab854a6ad95b,-0.0394000000000001,-0.21903650959332777,0.0444,0.0312,
2,gnn_activity,ensemble,d69a2449a6634854,cmAPP:1604,cmAPP:1649,9620aee947fd49ea,-1.4533999999999998,-0.3402774930000305,0.0613999999999999,0.5695,
2,gnn_activity,ensemble,db6359943b17ecc7,cmAPP:1865,cmAPP:1911,2c34ab854a6ad95b,-0.0193,-0.28582674264907837,0.0095,0.0076,
2,gnn_activity,ensemble,db76931262b18262,cmAPP:1877,cmAPP:1922,2c34ab854a6ad95b,-0.0225999999999998,-0.22314713398615516,0.0347,0.0526,
2,gnn_activity,ensemble,de9de367cfd0516a,cmAPP:1964,cmAPP:2009,9620aee947fd49ea,-0.6374,-0.34131428599357605,0.0904,0.1176,
2,gnn_activity,ensemble,e07fbd2f23396c88,cmAPP:2045,cmAPP:2091,2c34ab854a6ad95b,-0.1192,-0.2874181767304738,0.0538,0.0915,
2,gnn_activity,ensemble,e24b7d2aa22bb55c,cmAPP:1775,cmAPP:1821,2c34ab854a6ad95b,-0.9341,-0.2874181767304738,0.0596,0.3439,
2,gnn_activity,ensemble,ea69375d6e637f0b,cmAPP:2043,cmAPP:2088,151435cc8a45853a,-0.1327,-0.19101967414220167,0.0908,0.0266999999999999,
2,gnn_activity,ensemble,eb05d8fd23cb21a3,cmAPP:1860,cmAPP:1905,151435cc8a45853a,-0.1052999999999999,-0.17298231522242227,0.0024,0.021,
2,gnn_activity,ensemble,ef7b3a1b137a6db8,cmAPP:1953,cmAPP:1998,151435cc8a45853a,-0.0221999999999999,-0.1908332109451294,0.0733,0.0483,
2,gnn_activity,ensemble,f3e88314b57e616d,cmAPP:1627,cmAPP:1672,2c34ab854a6ad95b,0.1450999999999999,-0.21895520885785422,0.075,0.0417,
2,gnn_activity,ensemble,fd3f38efafcec3ac,cmAPP:1702,cmAPP:1747,2c34ab854a6ad95b,-0.0348999999999999,-0.2883634368578592,0.0555,0.046,
2,gnn_activity,ensemble,ff45b277fb60624e,cmAPP:2077,cmAPP:2122,2c34ab854a6ad95b,-0.1391,-0.21906503041585287,0.0673,0.1009,
2,gnn_pair,ensemble,0eed2d75f2cde72d,cmAPP:1590,cmAPP:1635,151435cc8a45853a,-0.4034,-0.19362590710322056,0.0241,0.0295,
2,gnn_pair,ensemble,134f453b89ce7319,cmAPP:1612,cmAPP:1657,2c34ab854a6ad95b,0.1809999999999999,-0.34080825249354046,0.0599,0.0075,
2,gnn_pair,ensemble,1a6c9baac85f3629,cmAPP:1595,cmAPP:1641,2c34ab854a6ad95b,-0.2018999999999999,-0.2797616819540659,0.0129,0.0771,
2,gnn_pair,ensemble,29266f87dbea9446,cmAPP:1972,cmAPP:2017,2c34ab854a6ad95b,-0.0115999999999999,-0.3419827918211619,0.0276,0.0372,
2,gnn_pair,ensemble,46898ba7d044be9b,cmAPP:1882,cmAPP:1927,2c34ab854a6ad95b,0.0007,-0.34080825249354046,0.0242,0.0287,
2,gnn_pair,ensemble,4aba9407294ef0a7,cmAPP:1956,cmAPP:2002,2c34ab854a6ad95b,0.0110999999999999,-0.2396839360396067,0.045,0.0151,
2,gnn_pair,ensemble,4e91bc478f4a4aaa,cmAPP:1863,cmAPP:1908,151435cc8a45853a,-0.0065999999999999,-0.18667234977086386,0.0008,0.0070999999999999,
2,gnn_pair,ensemble,50548dbd9fb26ec9,cmAPP:1792,cmAPP:1837,2c34ab854a6ad95b,-0.3258999999999999,-0.3423946797847748,0.3096,0.0693,
2,gnn_pair,ensemble,51c13c0eaed60726,cmAPP:2057,cmAPP:2102,2c34ab854a6ad95b,0.1406999999999999,-0.19253351291020712,0.0353,0.0542,
2,gnn_pair,ensemble,5fb5972af28fa281,cmAPP:2062,cmAPP:2107,2c34ab854a6ad95b,-0.118,-0.3423946797847748,0.1033,0.0511,
2,gnn_pair,ensemble,6297178908babdb2,cmAPP:2040,cmAPP:2085,151435cc8a45853a,-0.2866999999999999,-0.19430512189865104,0.0592,0.0308,
2,gnn_pair,ensemble,63008ff058569c96,cmAPP:1697,cmAPP:1742,2c34ab854a6ad95b,0.0057000000000001,-0.19251438975334165,0.0626999999999999,0.1005,
2,gnn_pair,ensemble,66ba2338161aed27,cmAPP:1680,cmAPP:1725,151435cc8a45853a,-0.1281999999999998,-0.19412873188654575,0.026,0.0135,
2,gnn_pair,ensemble,6ca5840cef4726ff,cmAPP:1807,cmAPP:1852,2c34ab854a6ad95b,0.1781,-0.19296972950299582,0.1475,0.1971,
2,gnn_pair,ensemble,70da5f6f47632dfe,cmAPP:1686,cmAPP:1732,2c34ab854a6ad95b,0.0151000000000001,-0.2396839360396067,0.0491,0.027,
2,gnn_pair,ensemble,72fdff714d1fc08e,cmAPP:1897,cmAPP:1942,2c34ab854a6ad95b,-0.0698999999999999,-0.19259683291117347,0.019,0.037,
2,gnn_pair,ensemble,76e24e5164a31a01,cmAPP:1593,cmAPP:1638,151435cc8a45853a,-0.2168999999999999,-0.18667234977086386,0.0283999999999999,0.0443,
2,gnn_pair,ensemble,7a921af808b2dfa6,cmAPP:1694,cmAPP:1739,9620aee947fd49ea,-0.5276000000000001,-0.3394060631593068,0.0654,0.0993999999999999,
2,gnn_pair,ensemble,7ad1ff1601478950,cmAPP:1607,cmAPP:1652,2c34ab854a6ad95b,0.0006999999999999,-0.19245985150337216,0.0691,0.0260999999999999,
2,gnn_pair,ensemble,8ab257e2caab32a6,cmAPP:1596,cmAPP:1642,2c34ab854a6ad95b,-0.1690000000000001,-0.23939988017082214,0.0141,0.0283999999999999,
2,gnn_pair,ensemble,8baebb96c0af3c90,cmAPP:1950,cmAPP:1995,151435cc8a45853a,-0.0972,-0.19412873188654575,0.0243,0.0365,
2,gnn_pair,ensemble,93389904f33e7718,cmAPP:1770,cmAPP:1815,151435cc8a45853a,-1.6145,-0.19430512189865104,0.0704,0.1384999999999999,
2,gnn_pair,ensemble,98341947aa56f870,cmAPP:2046,cmAPP:2092,2c34ab854a6ad95b,-0.1064999999999998,-0.2397835354010264,0.0504999999999999,0.0414,
2,gnn_pair,ensemble,98f93e5fbbd41ec8,cmAPP:1967,cmAPP:2012,2c34ab854a6ad95b,0.1092999999999999,-0.19251438975334165,0.0698,0.0123,
2,gnn_pair,ensemble,a15328e82188e58f,cmAPP:1717,cmAPP:1762,2c34ab854a6ad95b,-0.1387999999999999,-0.19286069273948667,0.0291,0.0843,
2,gnn_pair,ensemble,a1cbdd76747c5064,cmAPP:1776,cmAPP:1822,2c34ab854a6ad95b,-0.6519000000000001,-0.2397835354010264,0.0775,0.1712,
2,gnn_pair,ensemble,a4c4b94f50336897,cmAPP:1866,cmAPP:1912,2c34ab854a6ad95b,-0.0341999999999999,-0.23939988017082214,0.0053,0.0118999999999999,
2,gnn_pair,ensemble,a85eb0b11202f59e,cmAPP:1685,cmAPP:1731,2c34ab854a6ad95b,-0.0718999999999999,-0.2801879942417144,0.0286,0.0496,
2,gnn_pair,ensemble,ac1b30806815ea4e,cmAPP:1787,cmAPP:1832,2c34ab854a6ad95b,-0.8095999999999999,-0.19253351291020712,0.1321,0.4403,
2,gnn_pair,ensemble,b6967a59b842adff,cmAPP:1784,cmAPP:1829,9620aee947fd49ea,-2.8806,-0.339654783407847,0.1178999999999999,0.5047999999999999,
2,gnn_pair,ensemble,bfb561a0d6a8fc27,cmAPP:2054,cmAPP:2099,9620aee947fd49ea,-0.4963,-0.339654783407847,0.0258,0.115,
2,gnn_pair,ensemble,c09f8ea736c8479d,cmAPP:1683,cmAPP:1728,151435cc8a45853a,-0.0143999999999999,-0.18684413035710648,0.0364,0.0256,
2,gnn_pair,ensemble,c55d3bcca2d2a449,cmAPP:1955,cmAPP:2001,2c34ab854a6ad95b,0.0237,-0.2801879942417144,0.0421,0.0274,
2,gnn_pair,ensemble,c5b8e137a303cb45,cmAPP:1773,cmAPP:1818,151435cc8a45853a,-0.0211,-0.18690437078475944,0.0848,0.1288,
2,gnn_pair,ensemble,c748ab46e40eb3c6,cmAPP:1874,cmAPP:1919,9620aee947fd49ea,-0.7228,-0.3386995991071065,0.0068,0.2271999999999999,
2,gnn_pair,ensemble,c78c802f0ed94739,cmAPP:1987,cmAPP:2032,2c34ab854a6ad95b,-0.0394000000000001,-0.19286069273948667,0.0444,0.0312,
2,gnn_pair,ensemble,d69a2449a6634854,cmAPP:1604,cmAPP:1649,9620aee947fd49ea,-1.4533999999999998,-0.3386995991071065,0.0613999999999999,0.5695,
2,gnn_pair,ensemble,db6359943b17ecc7,cmAPP:1865,cmAPP:1911,2c34ab854a6ad95b,-0.0193,-0.2797616819540659,0.0095,0.0076,
2,gnn_pair,ensemble,db76931262b18262,cmAPP:1877,cmAPP:1922,2c34ab854a6ad95b,-0.0225999999999998,-0.19245985150337216,0.0347,0.0526,
2,gnn_pair,ensemble,de9de367cfd0516a,cmAPP:1964,cmAPP:2009,9620aee947fd49ea,-0.6374,-0.3394060631593068,0.0904,0.1176,
2,gnn_pair,ensemble,e07fbd2f23396c88,cmAPP:2045,cmAPP:2091,2c34ab854a6ad95b,-0.1192,-0.2802830040454864,0.0538,0.0915,
2,gnn_pair,ensemble,e24b7d2aa22bb55c,cmAPP:1775,cmAPP:1821,2c34ab854a6ad95b,-0.9341,-0.2802830040454864,0.0596,0.3439,
2,gnn_pair,ensemble,ea69375d6e637f0b,cmAPP:2043,cmAPP:2088,151435cc8a45853a,-0.1327,-0.18690437078475944,0.0908,0.0266999999999999,
2,gnn_pair,ensemble,eb05d8fd23cb21a3,cmAPP:1860,cmAPP:1905,151435cc8a45853a,-0.1052999999999999,-0.19362590710322056,0.0024,0.021,
2,gnn_pair,ensemble,ef7b3a1b137a6db8,cmAPP:1953,cmAPP:1998,151435cc8a45853a,-0.0221999999999999,-0.18684413035710648,0.0733,0.0483,
2,gnn_pair,ensemble,f3e88314b57e616d,cmAPP:1627,cmAPP:1672,2c34ab854a6ad95b,0.1450999999999999,-0.19259683291117347,0.075,0.0417,
2,gnn_pair,ensemble,fd3f38efafcec3ac,cmAPP:1702,cmAPP:1747,2c34ab854a6ad95b,-0.0348999999999999,-0.3419827918211619,0.0555,0.046,
2,gnn_pair,ensemble,ff45b277fb60624e,cmAPP:2077,cmAPP:2122,2c34ab854a6ad95b,-0.1391,-0.19296972950299582,0.0673,0.1009,
2,nongraph_pair,ensemble,0eed2d75f2cde72d,cmAPP:1590,cmAPP:1635,151435cc8a45853a,-0.4034,-0.21881932020187375,0.0241,0.0295,
2,nongraph_pair,ensemble,134f453b89ce7319,cmAPP:1612,cmAPP:1657,2c34ab854a6ad95b,0.1809999999999999,-0.3059132695198059,0.0599,0.0075,
2,nongraph_pair,ensemble,1a6c9baac85f3629,cmAPP:1595,cmAPP:1641,2c34ab854a6ad95b,-0.2018999999999999,-0.25337329506874084,0.0129,0.0771,
2,nongraph_pair,ensemble,29266f87dbea9446,cmAPP:1972,cmAPP:2017,2c34ab854a6ad95b,-0.0115999999999999,-0.306105504433314,0.0276,0.0372,
2,nongraph_pair,ensemble,46898ba7d044be9b,cmAPP:1882,cmAPP:1927,2c34ab854a6ad95b,0.0007,-0.3059132695198059,0.0242,0.0287,
2,nongraph_pair,ensemble,4aba9407294ef0a7,cmAPP:1956,cmAPP:2002,2c34ab854a6ad95b,0.0110999999999999,-0.23477367560068763,0.045,0.0151,
2,nongraph_pair,ensemble,4e91bc478f4a4aaa,cmAPP:1863,cmAPP:1908,151435cc8a45853a,-0.0065999999999999,-0.19032452503840122,0.0008,0.0070999999999999,
2,nongraph_pair,ensemble,50548dbd9fb26ec9,cmAPP:1792,cmAPP:1837,2c34ab854a6ad95b,-0.3258999999999999,-0.306172917286555,0.3096,0.0693,
2,nongraph_pair,ensemble,51c13c0eaed60726,cmAPP:2057,cmAPP:2102,2c34ab854a6ad95b,0.1406999999999999,-0.19356864690780637,0.0353,0.0542,
2,nongraph_pair,ensemble,5fb5972af28fa281,cmAPP:2062,cmAPP:2107,2c34ab854a6ad95b,-0.118,-0.306172917286555,0.1033,0.0511,
2,nongraph_pair,ensemble,6297178908babdb2,cmAPP:2040,cmAPP:2085,151435cc8a45853a,-0.2866999999999999,-0.21948061386744178,0.0592,0.0308,
2,nongraph_pair,ensemble,63008ff058569c96,cmAPP:1697,cmAPP:1742,2c34ab854a6ad95b,0.0057000000000001,-0.19361672798792515,0.0626999999999999,0.1005,
2,nongraph_pair,ensemble,66ba2338161aed27,cmAPP:1680,cmAPP:1725,151435cc8a45853a,-0.1281999999999998,-0.2193088928858439,0.026,0.0135,
2,nongraph_pair,ensemble,6ca5840cef4726ff,cmAPP:1807,cmAPP:1852,2c34ab854a6ad95b,0.1781,-0.20410468180974325,0.1475,0.1971,
2,nongraph_pair,ensemble,70da5f6f47632dfe,cmAPP:1686,cmAPP:1732,2c34ab854a6ad95b,0.0151000000000001,-0.23477367560068763,0.0491,0.027,
2,nongraph_pair,ensemble,72fdff714d1fc08e,cmAPP:1897,cmAPP:1942,2c34ab854a6ad95b,-0.0698999999999999,-0.20338570078214005,0.019,0.037,
2,nongraph_pair,ensemble,76e24e5164a31a01,cmAPP:1593,cmAPP:1638,151435cc8a45853a,-0.2168999999999999,-0.19032452503840122,0.0283999999999999,0.0443,
2,nongraph_pair,ensemble,7a921af808b2dfa6,cmAPP:1694,cmAPP:1739,9620aee947fd49ea,-0.5276000000000001,-0.32501401503880817,0.0654,0.0993999999999999,
2,nongraph_pair,ensemble,7ad1ff1601478950,cmAPP:1607,cmAPP:1652,2c34ab854a6ad95b,0.0006999999999999,-0.19368176658948255,0.0691,0.0260999999999999,
2,nongraph_pair,ensemble,8ab257e2caab32a6,cmAPP:1596,cmAPP:1642,2c34ab854a6ad95b,-0.1690000000000001,-0.23427398006121314,0.0141,0.0283999999999999,
2,nongraph_pair,ensemble,8baebb96c0af3c90,cmAPP:1950,cmAPP:1995,151435cc8a45853a,-0.0972,-0.2193088928858439,0.0243,0.0365,
2,nongraph_pair,ensemble,93389904f33e7718,cmAPP:1770,cmAPP:1815,151435cc8a45853a,-1.6145,-0.21948061386744178,0.0704,0.1384999999999999,
2,nongraph_pair,ensemble,98341947aa56f870,cmAPP:2046,cmAPP:2092,2c34ab854a6ad95b,-0.1064999999999998,-0.23494760195414224,0.0504999999999999,0.0414,
2,nongraph_pair,ensemble,98f93e5fbbd41ec8,cmAPP:1967,cmAPP:2012,2c34ab854a6ad95b,0.1092999999999999,-0.19361672798792515,0.0698,0.0123,
2,nongraph_pair,ensemble,a15328e82188e58f,cmAPP:1717,cmAPP:1762,2c34ab854a6ad95b,-0.1387999999999999,-0.20391800999641418,0.0291,0.0843,
2,nongraph_pair,ensemble,a1cbdd76747c5064,cmAPP:1776,cmAPP:1822,2c34ab854a6ad95b,-0.6519000000000001,-0.23494760195414224,0.0775,0.1712,
2,nongraph_pair,ensemble,a4c4b94f50336897,cmAPP:1866,cmAPP:1912,2c34ab854a6ad95b,-0.0341999999999999,-0.23427398006121314,0.0053,0.0118999999999999,
2,nongraph_pair,ensemble,a85eb0b11202f59e,cmAPP:1685,cmAPP:1731,2c34ab854a6ad95b,-0.0718999999999999,-0.25377222895622253,0.0286,0.0496,
2,nongraph_pair,ensemble,ac1b30806815ea4e,cmAPP:1787,cmAPP:1832,2c34ab854a6ad95b,-0.8095999999999999,-0.19356864690780637,0.1321,0.4403,
2,nongraph_pair,ensemble,b6967a59b842adff,cmAPP:1784,cmAPP:1829,9620aee947fd49ea,-2.8806,-0.3252486189206441,0.1178999999999999,0.5047999999999999,
2,nongraph_pair,ensemble,bfb561a0d6a8fc27,cmAPP:2054,cmAPP:2099,9620aee947fd49ea,-0.4963,-0.3252486189206441,0.0258,0.115,
2,nongraph_pair,ensemble,c09f8ea736c8479d,cmAPP:1683,cmAPP:1728,151435cc8a45853a,-0.0143999999999999,-0.1909607847531636,0.0364,0.0256,
2,nongraph_pair,ensemble,c55d3bcca2d2a449,cmAPP:1955,cmAPP:2001,2c34ab854a6ad95b,0.0237,-0.25377222895622253,0.0421,0.0274,
2,nongraph_pair,ensemble,c5b8e137a303cb45,cmAPP:1773,cmAPP:1818,151435cc8a45853a,-0.0211,-0.19118390480677283,0.0848,0.1288,
2,nongraph_pair,ensemble,c748ab46e40eb3c6,cmAPP:1874,cmAPP:1919,9620aee947fd49ea,-0.7228,-0.3243449727694193,0.0068,0.2271999999999999,
2,nongraph_pair,ensemble,c78c802f0ed94739,cmAPP:1987,cmAPP:2032,2c34ab854a6ad95b,-0.0394000000000001,-0.20391800999641418,0.0444,0.0312,
2,nongraph_pair,ensemble,d69a2449a6634854,cmAPP:1604,cmAPP:1649,9620aee947fd49ea,-1.4533999999999998,-0.3243449727694193,0.0613999999999999,0.5695,
2,nongraph_pair,ensemble,db6359943b17ecc7,cmAPP:1865,cmAPP:1911,2c34ab854a6ad95b,-0.0193,-0.25337329506874084,0.0095,0.0076,
2,nongraph_pair,ensemble,db76931262b18262,cmAPP:1877,cmAPP:1922,2c34ab854a6ad95b,-0.0225999999999998,-0.19368176658948255,0.0347,0.0526,
2,nongraph_pair,ensemble,de9de367cfd0516a,cmAPP:1964,cmAPP:2009,9620aee947fd49ea,-0.6374,-0.32501401503880817,0.0904,0.1176,
2,nongraph_pair,ensemble,e07fbd2f23396c88,cmAPP:2045,cmAPP:2091,2c34ab854a6ad95b,-0.1192,-0.2539121111234029,0.0538,0.0915,
2,nongraph_pair,ensemble,e24b7d2aa22bb55c,cmAPP:1775,cmAPP:1821,2c34ab854a6ad95b,-0.9341,-0.2539121111234029,0.0596,0.3439,
2,nongraph_pair,ensemble,ea69375d6e637f0b,cmAPP:2043,cmAPP:2088,151435cc8a45853a,-0.1327,-0.19118390480677283,0.0908,0.0266999999999999,
2,nongraph_pair,ensemble,eb05d8fd23cb21a3,cmAPP:1860,cmAPP:1905,151435cc8a45853a,-0.1052999999999999,-0.21881932020187375,0.0024,0.021,
2,nongraph_pair,ensemble,ef7b3a1b137a6db8,cmAPP:1953,cmAPP:1998,151435cc8a45853a,-0.0221999999999999,-0.1909607847531636,0.0733,0.0483,
2,nongraph_pair,ensemble,f3e88314b57e616d,cmAPP:1627,cmAPP:1672,2c34ab854a6ad95b,0.1450999999999999,-0.20338570078214005,0.075,0.0417,
2,nongraph_pair,ensemble,fd3f38efafcec3ac,cmAPP:1702,cmAPP:1747,2c34ab854a6ad95b,-0.0348999999999999,-0.306105504433314,0.0555,0.046,
2,nongraph_pair,ensemble,ff45b277fb60624e,cmAPP:2077,cmAPP:2122,2c34ab854a6ad95b,-0.1391,-0.20410468180974325,0.0673,0.1009,
2,pair_ridge,ensemble,0eed2d75f2cde72d,cmAPP:1590,cmAPP:1635,151435cc8a45853a,-0.4034,0.0170318186283111,0.0241,0.0295,
2,pair_ridge,ensemble,134f453b89ce7319,cmAPP:1612,cmAPP:1657,2c34ab854a6ad95b,0.1809999999999999,-0.2099188268184662,0.0599,0.0075,
2,pair_ridge,ensemble,1a6c9baac85f3629,cmAPP:1595,cmAPP:1641,2c34ab854a6ad95b,-0.2018999999999999,-0.1723828017711639,0.0129,0.0771,
2,pair_ridge,ensemble,29266f87dbea9446,cmAPP:1972,cmAPP:2017,2c34ab854a6ad95b,-0.0115999999999999,-0.2099188268184662,0.0276,0.0372,
2,pair_ridge,ensemble,46898ba7d044be9b,cmAPP:1882,cmAPP:1927,2c34ab854a6ad95b,0.0007,-0.2099188268184662,0.0242,0.0287,
2,pair_ridge,ensemble,4aba9407294ef0a7,cmAPP:1956,cmAPP:2002,2c34ab854a6ad95b,0.0110999999999999,-0.2871488928794861,0.045,0.0151,
2,pair_ridge,ensemble,4e91bc478f4a4aaa,cmAPP:1863,cmAPP:1908,151435cc8a45853a,-0.0065999999999999,-0.007390946149826,0.0008,0.0070999999999999,
2,pair_ridge,ensemble,50548dbd9fb26ec9,cmAPP:1792,cmAPP:1837,2c34ab854a6ad95b,-0.3258999999999999,-0.2099188268184662,0.3096,0.0693,
2,pair_ridge,ensemble,51c13c0eaed60726,cmAPP:2057,cmAPP:2102,2c34ab854a6ad95b,0.1406999999999999,-0.1886330842971801,0.0353,0.0542,
2,pair_ridge,ensemble,5fb5972af28fa281,cmAPP:2062,cmAPP:2107,2c34ab854a6ad95b,-0.118,-0.2099188268184662,0.1033,0.0511,
2,pair_ridge,ensemble,6297178908babdb2,cmAPP:2040,cmAPP:2085,151435cc8a45853a,-0.2866999999999999,0.0170318186283111,0.0592,0.0308,
2,pair_ridge,ensemble,63008ff058569c96,cmAPP:1697,cmAPP:1742,2c34ab854a6ad95b,0.0057000000000001,-0.1886330842971801,0.0626999999999999,0.1005,
2,pair_ridge,ensemble,66ba2338161aed27,cmAPP:1680,cmAPP:1725,151435cc8a45853a,-0.1281999999999998,0.0170318186283111,0.026,0.0135,
2,pair_ridge,ensemble,6ca5840cef4726ff,cmAPP:1807,cmAPP:1852,2c34ab854a6ad95b,0.1781,-0.0187811851501464,0.1475,0.1971,
2,pair_ridge,ensemble,70da5f6f47632dfe,cmAPP:1686,cmAPP:1732,2c34ab854a6ad95b,0.0151000000000001,-0.2871488928794861,0.0491,0.027,
2,pair_ridge,ensemble,72fdff714d1fc08e,cmAPP:1897,cmAPP:1942,2c34ab854a6ad95b,-0.0698999999999999,-0.0187811851501464,0.019,0.037,
2,pair_ridge,ensemble,76e24e5164a31a01,cmAPP:1593,cmAPP:1638,151435cc8a45853a,-0.2168999999999999,-0.007390946149826,0.0283999999999999,0.0443,
2,pair_ridge,ensemble,7a921af808b2dfa6,cmAPP:1694,cmAPP:1739,9620aee947fd49ea,-0.5276000000000001,-0.4259196519851684,0.0654,0.0993999999999999,
2,pair_ridge,ensemble,7ad1ff1601478950,cmAPP:1607,cmAPP:1652,2c34ab854a6ad95b,0.0006999999999999,-0.1886330842971801,0.0691,0.0260999999999999,
2,pair_ridge,ensemble,8ab257e2caab32a6,cmAPP:1596,cmAPP:1642,2c34ab854a6ad95b,-0.1690000000000001,-0.2871488928794861,0.0141,0.0283999999999999,
2,pair_ridge,ensemble,8baebb96c0af3c90,cmAPP:1950,cmAPP:1995,151435cc8a45853a,-0.0972,0.0170318186283111,0.0243,0.0365,
2,pair_ridge,ensemble,93389904f33e7718,cmAPP:1770,cmAPP:1815,151435cc8a45853a,-1.6145,0.0170318186283111,0.0704,0.1384999999999999,
2,pair_ridge,ensemble,98341947aa56f870,cmAPP:2046,cmAPP:2092,2c34ab854a6ad95b,-0.1064999999999998,-0.2871488928794861,0.0504999999999999,0.0414,
2,pair_ridge,ensemble,98f93e5fbbd41ec8,cmAPP:1967,cmAPP:2012,2c34ab854a6ad95b,0.1092999999999999,-0.1886330842971801,0.0698,0.0123,
2,pair_ridge,ensemble,a15328e82188e58f,cmAPP:1717,cmAPP:1762,2c34ab854a6ad95b,-0.1387999999999999,-0.0187811851501464,0.0291,0.0843,
2,pair_ridge,ensemble,a1cbdd76747c5064,cmAPP:1776,cmAPP:1822,2c34ab854a6ad95b,-0.6519000000000001,-0.2871488928794861,0.0775,0.1712,
2,pair_ridge,ensemble,a4c4b94f50336897,cmAPP:1866,cmAPP:1912,2c34ab854a6ad95b,-0.0341999999999999,-0.2871488928794861,0.0053,0.0118999999999999,
2,pair_ridge,ensemble,a85eb0b11202f59e,cmAPP:1685,cmAPP:1731,2c34ab854a6ad95b,-0.0718999999999999,-0.1723828017711639,0.0286,0.0496,
2,pair_ridge,ensemble,ac1b30806815ea4e,cmAPP:1787,cmAPP:1832,2c34ab854a6ad95b,-0.8095999999999999,-0.1886330842971801,0.1321,0.4403,
2,pair_ridge,ensemble,b6967a59b842adff,cmAPP:1784,cmAPP:1829,9620aee947fd49ea,-2.8806,-0.4259196519851684,0.1178999999999999,0.5047999999999999,
2,pair_ridge,ensemble,bfb561a0d6a8fc27,cmAPP:2054,cmAPP:2099,9620aee947fd49ea,-0.4963,-0.4259196519851684,0.0258,0.115,
2,pair_ridge,ensemble,c09f8ea736c8479d,cmAPP:1683,cmAPP:1728,151435cc8a45853a,-0.0143999999999999,-0.007390946149826,0.0364,0.0256,
2,pair_ridge,ensemble,c55d3bcca2d2a449,cmAPP:1955,cmAPP:2001,2c34ab854a6ad95b,0.0237,-0.1723828017711639,0.0421,0.0274,
2,pair_ridge,ensemble,c5b8e137a303cb45,cmAPP:1773,cmAPP:1818,151435cc8a45853a,-0.0211,-0.007390946149826,0.0848,0.1288,
2,pair_ridge,ensemble,c748ab46e40eb3c6,cmAPP:1874,cmAPP:1919,9620aee947fd49ea,-0.7228,-0.4259196519851684,0.0068,0.2271999999999999,
2,pair_ridge,ensemble,c78c802f0ed94739,cmAPP:1987,cmAPP:2032,2c34ab854a6ad95b,-0.0394000000000001,-0.0187811851501464,0.0444,0.0312,
2,pair_ridge,ensemble,d69a2449a6634854,cmAPP:1604,cmAPP:1649,9620aee947fd49ea,-1.4533999999999998,-0.4259196519851684,0.0613999999999999,0.5695,
2,pair_ridge,ensemble,db6359943b17ecc7,cmAPP:1865,cmAPP:1911,2c34ab854a6ad95b,-0.0193,-0.1723828017711639,0.0095,0.0076,
2,pair_ridge,ensemble,db76931262b18262,cmAPP:1877,cmAPP:1922,2c34ab854a6ad95b,-0.0225999999999998,-0.1886330842971801,0.0347,0.0526,
2,pair_ridge,ensemble,de9de367cfd0516a,cmAPP:1964,cmAPP:2009,9620aee947fd49ea,-0.6374,-0.4259196519851684,0.0904,0.1176,
2,pair_ridge,ensemble,e07fbd2f23396c88,cmAPP:2045,cmAPP:2091,2c34ab854a6ad95b,-0.1192,-0.1723828017711639,0.0538,0.0915,
2,pair_ridge,ensemble,e24b7d2aa22bb55c,cmAPP:1775,cmAPP:1821,2c34ab854a6ad95b,-0.9341,-0.1723828017711639,0.0596,0.3439,
2,pair_ridge,ensemble,ea69375d6e637f0b,cmAPP:2043,cmAPP:2088,151435cc8a45853a,-0.1327,-0.007390946149826,0.0908,0.0266999999999999,
2,pair_ridge,ensemble,eb05d8fd23cb21a3,cmAPP:1860,cmAPP:1905,151435cc8a45853a,-0.1052999999999999,0.0170318186283111,0.0024,0.021,
2,pair_ridge,ensemble,ef7b3a1b137a6db8,cmAPP:1953,cmAPP:1998,151435cc8a45853a,-0.0221999999999999,-0.007390946149826,0.0733,0.0483,
2,pair_ridge,ensemble,f3e88314b57e616d,cmAPP:1627,cmAPP:1672,2c34ab854a6ad95b,0.1450999999999999,-0.0187811851501464,0.075,0.0417,
2,pair_ridge,ensemble,fd3f38efafcec3ac,cmAPP:1702,cmAPP:1747,2c34ab854a6ad95b,-0.0348999999999999,-0.2099188268184662,0.0555,0.046,
2,pair_ridge,ensemble,ff45b277fb60624e,cmAPP:2077,cmAPP:2122,2c34ab854a6ad95b,-0.1391,-0.0187811851501464,0.0673,0.1009,
2,training_majority,ensemble,0eed2d75f2cde72d,cmAPP:1590,cmAPP:1635,151435cc8a45853a,-0.4034,-1.0,0.0241,0.0295,
2,training_majority,ensemble,134f453b89ce7319,cmAPP:1612,cmAPP:1657,2c34ab854a6ad95b,0.1809999999999999,-1.0,0.0599,0.0075,
2,training_majority,ensemble,1a6c9baac85f3629,cmAPP:1595,cmAPP:1641,2c34ab854a6ad95b,-0.2018999999999999,-1.0,0.0129,0.0771,
2,training_majority,ensemble,29266f87dbea9446,cmAPP:1972,cmAPP:2017,2c34ab854a6ad95b,-0.0115999999999999,-1.0,0.0276,0.0372,
2,training_majority,ensemble,46898ba7d044be9b,cmAPP:1882,cmAPP:1927,2c34ab854a6ad95b,0.0007,-1.0,0.0242,0.0287,
2,training_majority,ensemble,4aba9407294ef0a7,cmAPP:1956,cmAPP:2002,2c34ab854a6ad95b,0.0110999999999999,-1.0,0.045,0.0151,
2,training_majority,ensemble,4e91bc478f4a4aaa,cmAPP:1863,cmAPP:1908,151435cc8a45853a,-0.0065999999999999,-1.0,0.0008,0.0070999999999999,
2,training_majority,ensemble,50548dbd9fb26ec9,cmAPP:1792,cmAPP:1837,2c34ab854a6ad95b,-0.3258999999999999,-1.0,0.3096,0.0693,
2,training_majority,ensemble,51c13c0eaed60726,cmAPP:2057,cmAPP:2102,2c34ab854a6ad95b,0.1406999999999999,-1.0,0.0353,0.0542,
2,training_majority,ensemble,5fb5972af28fa281,cmAPP:2062,cmAPP:2107,2c34ab854a6ad95b,-0.118,-1.0,0.1033,0.0511,
2,training_majority,ensemble,6297178908babdb2,cmAPP:2040,cmAPP:2085,151435cc8a45853a,-0.2866999999999999,-1.0,0.0592,0.0308,
2,training_majority,ensemble,63008ff058569c96,cmAPP:1697,cmAPP:1742,2c34ab854a6ad95b,0.0057000000000001,-1.0,0.0626999999999999,0.1005,
2,training_majority,ensemble,66ba2338161aed27,cmAPP:1680,cmAPP:1725,151435cc8a45853a,-0.1281999999999998,-1.0,0.026,0.0135,
2,training_majority,ensemble,6ca5840cef4726ff,cmAPP:1807,cmAPP:1852,2c34ab854a6ad95b,0.1781,-1.0,0.1475,0.1971,
2,training_majority,ensemble,70da5f6f47632dfe,cmAPP:1686,cmAPP:1732,2c34ab854a6ad95b,0.0151000000000001,-1.0,0.0491,0.027,
2,training_majority,ensemble,72fdff714d1fc08e,cmAPP:1897,cmAPP:1942,2c34ab854a6ad95b,-0.0698999999999999,-1.0,0.019,0.037,
2,training_majority,ensemble,76e24e5164a31a01,cmAPP:1593,cmAPP:1638,151435cc8a45853a,-0.2168999999999999,-1.0,0.0283999999999999,0.0443,
2,training_majority,ensemble,7a921af808b2dfa6,cmAPP:1694,cmAPP:1739,9620aee947fd49ea,-0.5276000000000001,-1.0,0.0654,0.0993999999999999,
2,training_majority,ensemble,7ad1ff1601478950,cmAPP:1607,cmAPP:1652,2c34ab854a6ad95b,0.0006999999999999,-1.0,0.0691,0.0260999999999999,
2,training_majority,ensemble,8ab257e2caab32a6,cmAPP:1596,cmAPP:1642,2c34ab854a6ad95b,-0.1690000000000001,-1.0,0.0141,0.0283999999999999,
2,training_majority,ensemble,8baebb96c0af3c90,cmAPP:1950,cmAPP:1995,151435cc8a45853a,-0.0972,-1.0,0.0243,0.0365,
2,training_majority,ensemble,93389904f33e7718,cmAPP:1770,cmAPP:1815,151435cc8a45853a,-1.6145,-1.0,0.0704,0.1384999999999999,
2,training_majority,ensemble,98341947aa56f870,cmAPP:2046,cmAPP:2092,2c34ab854a6ad95b,-0.1064999999999998,-1.0,0.0504999999999999,0.0414,
2,training_majority,ensemble,98f93e5fbbd41ec8,cmAPP:1967,cmAPP:2012,2c34ab854a6ad95b,0.1092999999999999,-1.0,0.0698,0.0123,
2,training_majority,ensemble,a15328e82188e58f,cmAPP:1717,cmAPP:1762,2c34ab854a6ad95b,-0.1387999999999999,-1.0,0.0291,0.0843,
2,training_majority,ensemble,a1cbdd76747c5064,cmAPP:1776,cmAPP:1822,2c34ab854a6ad95b,-0.6519000000000001,-1.0,0.0775,0.1712,
2,training_majority,ensemble,a4c4b94f50336897,cmAPP:1866,cmAPP:1912,2c34ab854a6ad95b,-0.0341999999999999,-1.0,0.0053,0.0118999999999999,
2,training_majority,ensemble,a85eb0b11202f59e,cmAPP:1685,cmAPP:1731,2c34ab854a6ad95b,-0.0718999999999999,-1.0,0.0286,0.0496,
2,training_majority,ensemble,ac1b30806815ea4e,cmAPP:1787,cmAPP:1832,2c34ab854a6ad95b,-0.8095999999999999,-1.0,0.1321,0.4403,
2,training_majority,ensemble,b6967a59b842adff,cmAPP:1784,cmAPP:1829,9620aee947fd49ea,-2.8806,-1.0,0.1178999999999999,0.5047999999999999,
2,training_majority,ensemble,bfb561a0d6a8fc27,cmAPP:2054,cmAPP:2099,9620aee947fd49ea,-0.4963,-1.0,0.0258,0.115,
2,training_majority,ensemble,c09f8ea736c8479d,cmAPP:1683,cmAPP:1728,151435cc8a45853a,-0.0143999999999999,-1.0,0.0364,0.0256,
2,training_majority,ensemble,c55d3bcca2d2a449,cmAPP:1955,cmAPP:2001,2c34ab854a6ad95b,0.0237,-1.0,0.0421,0.0274,
2,training_majority,ensemble,c5b8e137a303cb45,cmAPP:1773,cmAPP:1818,151435cc8a45853a,-0.0211,-1.0,0.0848,0.1288,
2,training_majority,ensemble,c748ab46e40eb3c6,cmAPP:1874,cmAPP:1919,9620aee947fd49ea,-0.7228,-1.0,0.0068,0.2271999999999999,
2,training_majority,ensemble,c78c802f0ed94739,cmAPP:1987,cmAPP:2032,2c34ab854a6ad95b,-0.0394000000000001,-1.0,0.0444,0.0312,
2,training_majority,ensemble,d69a2449a6634854,cmAPP:1604,cmAPP:1649,9620aee947fd49ea,-1.4533999999999998,-1.0,0.0613999999999999,0.5695,
2,training_majority,ensemble,db6359943b17ecc7,cmAPP:1865,cmAPP:1911,2c34ab854a6ad95b,-0.0193,-1.0,0.0095,0.0076,
2,training_majority,ensemble,db76931262b18262,cmAPP:1877,cmAPP:1922,2c34ab854a6ad95b,-0.0225999999999998,-1.0,0.0347,0.0526,
2,training_majority,ensemble,de9de367cfd0516a,cmAPP:1964,cmAPP:2009,9620aee947fd49ea,-0.6374,-1.0,0.0904,0.1176,
2,training_majority,ensemble,e07fbd2f23396c88,cmAPP:2045,cmAPP:2091,2c34ab854a6ad95b,-0.1192,-1.0,0.0538,0.0915,
2,training_majority,ensemble,e24b7d2aa22bb55c,cmAPP:1775,cmAPP:1821,2c34ab854a6ad95b,-0.9341,-1.0,0.0596,0.3439,
2,training_majority,ensemble,ea69375d6e637f0b,cmAPP:2043,cmAPP:2088,151435cc8a45853a,-0.1327,-1.0,0.0908,0.0266999999999999,
2,training_majority,ensemble,eb05d8fd23cb21a3,cmAPP:1860,cmAPP:1905,151435cc8a45853a,-0.1052999999999999,-1.0,0.0024,0.021,
2,training_majority,ensemble,ef7b3a1b137a6db8,cmAPP:1953,cmAPP:1998,151435cc8a45853a,-0.0221999999999999,-1.0,0.0733,0.0483,
2,training_majority,ensemble,f3e88314b57e616d,cmAPP:1627,cmAPP:1672,2c34ab854a6ad95b,0.1450999999999999,-1.0,0.075,0.0417,
2,training_majority,ensemble,fd3f38efafcec3ac,cmAPP:1702,cmAPP:1747,2c34ab854a6ad95b,-0.0348999999999999,-1.0,0.0555,0.046,
2,training_majority,ensemble,ff45b277fb60624e,cmAPP:2077,cmAPP:2122,2c34ab854a6ad95b,-0.1391,-1.0,0.0673,0.1009,
2,training_mean,ensemble,0eed2d75f2cde72d,cmAPP:1590,cmAPP:1635,151435cc8a45853a,-0.4034,-0.2288282550724779,0.0241,0.0295,
2,training_mean,ensemble,134f453b89ce7319,cmAPP:1612,cmAPP:1657,2c34ab854a6ad95b,0.1809999999999999,-0.2288282550724779,0.0599,0.0075,
2,training_mean,ensemble,1a6c9baac85f3629,cmAPP:1595,cmAPP:1641,2c34ab854a6ad95b,-0.2018999999999999,-0.2288282550724779,0.0129,0.0771,
2,training_mean,ensemble,29266f87dbea9446,cmAPP:1972,cmAPP:2017,2c34ab854a6ad95b,-0.0115999999999999,-0.2288282550724779,0.0276,0.0372,
2,training_mean,ensemble,46898ba7d044be9b,cmAPP:1882,cmAPP:1927,2c34ab854a6ad95b,0.0007,-0.2288282550724779,0.0242,0.0287,
2,training_mean,ensemble,4aba9407294ef0a7,cmAPP:1956,cmAPP:2002,2c34ab854a6ad95b,0.0110999999999999,-0.2288282550724779,0.045,0.0151,
2,training_mean,ensemble,4e91bc478f4a4aaa,cmAPP:1863,cmAPP:1908,151435cc8a45853a,-0.0065999999999999,-0.2288282550724779,0.0008,0.0070999999999999,
2,training_mean,ensemble,50548dbd9fb26ec9,cmAPP:1792,cmAPP:1837,2c34ab854a6ad95b,-0.3258999999999999,-0.2288282550724779,0.3096,0.0693,
2,training_mean,ensemble,51c13c0eaed60726,cmAPP:2057,cmAPP:2102,2c34ab854a6ad95b,0.1406999999999999,-0.2288282550724779,0.0353,0.0542,
2,training_mean,ensemble,5fb5972af28fa281,cmAPP:2062,cmAPP:2107,2c34ab854a6ad95b,-0.118,-0.2288282550724779,0.1033,0.0511,
2,training_mean,ensemble,6297178908babdb2,cmAPP:2040,cmAPP:2085,151435cc8a45853a,-0.2866999999999999,-0.2288282550724779,0.0592,0.0308,
2,training_mean,ensemble,63008ff058569c96,cmAPP:1697,cmAPP:1742,2c34ab854a6ad95b,0.0057000000000001,-0.2288282550724779,0.0626999999999999,0.1005,
2,training_mean,ensemble,66ba2338161aed27,cmAPP:1680,cmAPP:1725,151435cc8a45853a,-0.1281999999999998,-0.2288282550724779,0.026,0.0135,
2,training_mean,ensemble,6ca5840cef4726ff,cmAPP:1807,cmAPP:1852,2c34ab854a6ad95b,0.1781,-0.2288282550724779,0.1475,0.1971,
2,training_mean,ensemble,70da5f6f47632dfe,cmAPP:1686,cmAPP:1732,2c34ab854a6ad95b,0.0151000000000001,-0.2288282550724779,0.0491,0.027,
2,training_mean,ensemble,72fdff714d1fc08e,cmAPP:1897,cmAPP:1942,2c34ab854a6ad95b,-0.0698999999999999,-0.2288282550724779,0.019,0.037,
2,training_mean,ensemble,76e24e5164a31a01,cmAPP:1593,cmAPP:1638,151435cc8a45853a,-0.2168999999999999,-0.2288282550724779,0.0283999999999999,0.0443,
2,training_mean,ensemble,7a921af808b2dfa6,cmAPP:1694,cmAPP:1739,9620aee947fd49ea,-0.5276000000000001,-0.2288282550724779,0.0654,0.0993999999999999,
2,training_mean,ensemble,7ad1ff1601478950,cmAPP:1607,cmAPP:1652,2c34ab854a6ad95b,0.0006999999999999,-0.2288282550724779,0.0691,0.0260999999999999,
2,training_mean,ensemble,8ab257e2caab32a6,cmAPP:1596,cmAPP:1642,2c34ab854a6ad95b,-0.1690000000000001,-0.2288282550724779,0.0141,0.0283999999999999,
2,training_mean,ensemble,8baebb96c0af3c90,cmAPP:1950,cmAPP:1995,151435cc8a45853a,-0.0972,-0.2288282550724779,0.0243,0.0365,
2,training_mean,ensemble,93389904f33e7718,cmAPP:1770,cmAPP:1815,151435cc8a45853a,-1.6145,-0.2288282550724779,0.0704,0.1384999999999999,
2,training_mean,ensemble,98341947aa56f870,cmAPP:2046,cmAPP:2092,2c34ab854a6ad95b,-0.1064999999999998,-0.2288282550724779,0.0504999999999999,0.0414,
2,training_mean,ensemble,98f93e5fbbd41ec8,cmAPP:1967,cmAPP:2012,2c34ab854a6ad95b,0.1092999999999999,-0.2288282550724779,0.0698,0.0123,
2,training_mean,ensemble,a15328e82188e58f,cmAPP:1717,cmAPP:1762,2c34ab854a6ad95b,-0.1387999999999999,-0.2288282550724779,0.0291,0.0843,
2,training_mean,ensemble,a1cbdd76747c5064,cmAPP:1776,cmAPP:1822,2c34ab854a6ad95b,-0.6519000000000001,-0.2288282550724779,0.0775,0.1712,
2,training_mean,ensemble,a4c4b94f50336897,cmAPP:1866,cmAPP:1912,2c34ab854a6ad95b,-0.0341999999999999,-0.2288282550724779,0.0053,0.0118999999999999,
2,training_mean,ensemble,a85eb0b11202f59e,cmAPP:1685,cmAPP:1731,2c34ab854a6ad95b,-0.0718999999999999,-0.2288282550724779,0.0286,0.0496,
2,training_mean,ensemble,ac1b30806815ea4e,cmAPP:1787,cmAPP:1832,2c34ab854a6ad95b,-0.8095999999999999,-0.2288282550724779,0.1321,0.4403,
2,training_mean,ensemble,b6967a59b842adff,cmAPP:1784,cmAPP:1829,9620aee947fd49ea,-2.8806,-0.2288282550724779,0.1178999999999999,0.5047999999999999,
2,training_mean,ensemble,bfb561a0d6a8fc27,cmAPP:2054,cmAPP:2099,9620aee947fd49ea,-0.4963,-0.2288282550724779,0.0258,0.115,
2,training_mean,ensemble,c09f8ea736c8479d,cmAPP:1683,cmAPP:1728,151435cc8a45853a,-0.0143999999999999,-0.2288282550724779,0.0364,0.0256,
2,training_mean,ensemble,c55d3bcca2d2a449,cmAPP:1955,cmAPP:2001,2c34ab854a6ad95b,0.0237,-0.2288282550724779,0.0421,0.0274,
2,training_mean,ensemble,c5b8e137a303cb45,cmAPP:1773,cmAPP:1818,151435cc8a45853a,-0.0211,-0.2288282550724779,0.0848,0.1288,
2,training_mean,ensemble,c748ab46e40eb3c6,cmAPP:1874,cmAPP:1919,9620aee947fd49ea,-0.7228,-0.2288282550724779,0.0068,0.2271999999999999,
2,training_mean,ensemble,c78c802f0ed94739,cmAPP:1987,cmAPP:2032,2c34ab854a6ad95b,-0.0394000000000001,-0.2288282550724779,0.0444,0.0312,
2,training_mean,ensemble,d69a2449a6634854,cmAPP:1604,cmAPP:1649,9620aee947fd49ea,-1.4533999999999998,-0.2288282550724779,0.0613999999999999,0.5695,
2,training_mean,ensemble,db6359943b17ecc7,cmAPP:1865,cmAPP:1911,2c34ab854a6ad95b,-0.0193,-0.2288282550724779,0.0095,0.0076,
2,training_mean,ensemble,db76931262b18262,cmAPP:1877,cmAPP:1922,2c34ab854a6ad95b,-0.0225999999999998,-0.2288282550724779,0.0347,0.0526,
2,training_mean,ensemble,de9de367cfd0516a,cmAPP:1964,cmAPP:2009,9620aee947fd49ea,-0.6374,-0.2288282550724779,0.0904,0.1176,
2,training_mean,ensemble,e07fbd2f23396c88,cmAPP:2045,cmAPP:2091,2c34ab854a6ad95b,-0.1192,-0.2288282550724779,0.0538,0.0915,
2,training_mean,ensemble,e24b7d2aa22bb55c,cmAPP:1775,cmAPP:1821,2c34ab854a6ad95b,-0.9341,-0.2288282550724779,0.0596,0.3439,
2,training_mean,ensemble,ea69375d6e637f0b,cmAPP:2043,cmAPP:2088,151435cc8a45853a,-0.1327,-0.2288282550724779,0.0908,0.0266999999999999,
2,training_mean,ensemble,eb05d8fd23cb21a3,cmAPP:1860,cmAPP:1905,151435cc8a45853a,-0.1052999999999999,-0.2288282550724779,0.0024,0.021,
2,training_mean,ensemble,ef7b3a1b137a6db8,cmAPP:1953,cmAPP:1998,151435cc8a45853a,-0.0221999999999999,-0.2288282550724779,0.0733,0.0483,
2,training_mean,ensemble,f3e88314b57e616d,cmAPP:1627,cmAPP:1672,2c34ab854a6ad95b,0.1450999999999999,-0.2288282550724779,0.075,0.0417,
2,training_mean,ensemble,fd3f38efafcec3ac,cmAPP:1702,cmAPP:1747,2c34ab854a6ad95b,-0.0348999999999999,-0.2288282550724779,0.0555,0.046,
2,training_mean,ensemble,ff45b277fb60624e,cmAPP:2077,cmAPP:2122,2c34ab854a6ad95b,-0.1391,-0.2288282550724779,0.0673,0.1009,
2,zero,ensemble,0eed2d75f2cde72d,cmAPP:1590,cmAPP:1635,151435cc8a45853a,-0.4034,0.0,0.0241,0.0295,
2,zero,ensemble,134f453b89ce7319,cmAPP:1612,cmAPP:1657,2c34ab854a6ad95b,0.1809999999999999,0.0,0.0599,0.0075,
2,zero,ensemble,1a6c9baac85f3629,cmAPP:1595,cmAPP:1641,2c34ab854a6ad95b,-0.2018999999999999,0.0,0.0129,0.0771,
2,zero,ensemble,29266f87dbea9446,cmAPP:1972,cmAPP:2017,2c34ab854a6ad95b,-0.0115999999999999,0.0,0.0276,0.0372,
2,zero,ensemble,46898ba7d044be9b,cmAPP:1882,cmAPP:1927,2c34ab854a6ad95b,0.0007,0.0,0.0242,0.0287,
2,zero,ensemble,4aba9407294ef0a7,cmAPP:1956,cmAPP:2002,2c34ab854a6ad95b,0.0110999999999999,0.0,0.045,0.0151,
2,zero,ensemble,4e91bc478f4a4aaa,cmAPP:1863,cmAPP:1908,151435cc8a45853a,-0.0065999999999999,0.0,0.0008,0.0070999999999999,
2,zero,ensemble,50548dbd9fb26ec9,cmAPP:1792,cmAPP:1837,2c34ab854a6ad95b,-0.3258999999999999,0.0,0.3096,0.0693,
2,zero,ensemble,51c13c0eaed60726,cmAPP:2057,cmAPP:2102,2c34ab854a6ad95b,0.1406999999999999,0.0,0.0353,0.0542,
2,zero,ensemble,5fb5972af28fa281,cmAPP:2062,cmAPP:2107,2c34ab854a6ad95b,-0.118,0.0,0.1033,0.0511,
2,zero,ensemble,6297178908babdb2,cmAPP:2040,cmAPP:2085,151435cc8a45853a,-0.2866999999999999,0.0,0.0592,0.0308,
2,zero,ensemble,63008ff058569c96,cmAPP:1697,cmAPP:1742,2c34ab854a6ad95b,0.0057000000000001,0.0,0.0626999999999999,0.1005,
2,zero,ensemble,66ba2338161aed27,cmAPP:1680,cmAPP:1725,151435cc8a45853a,-0.1281999999999998,0.0,0.026,0.0135,
2,zero,ensemble,6ca5840cef4726ff,cmAPP:1807,cmAPP:1852,2c34ab854a6ad95b,0.1781,0.0,0.1475,0.1971,
2,zero,ensemble,70da5f6f47632dfe,cmAPP:1686,cmAPP:1732,2c34ab854a6ad95b,0.0151000000000001,0.0,0.0491,0.027,
2,zero,ensemble,72fdff714d1fc08e,cmAPP:1897,cmAPP:1942,2c34ab854a6ad95b,-0.0698999999999999,0.0,0.019,0.037,
2,zero,ensemble,76e24e5164a31a01,cmAPP:1593,cmAPP:1638,151435cc8a45853a,-0.2168999999999999,0.0,0.0283999999999999,0.0443,
2,zero,ensemble,7a921af808b2dfa6,cmAPP:1694,cmAPP:1739,9620aee947fd49ea,-0.5276000000000001,0.0,0.0654,0.0993999999999999,
2,zero,ensemble,7ad1ff1601478950,cmAPP:1607,cmAPP:1652,2c34ab854a6ad95b,0.0006999999999999,0.0,0.0691,0.0260999999999999,
2,zero,ensemble,8ab257e2caab32a6,cmAPP:1596,cmAPP:1642,2c34ab854a6ad95b,-0.1690000000000001,0.0,0.0141,0.0283999999999999,
2,zero,ensemble,8baebb96c0af3c90,cmAPP:1950,cmAPP:1995,151435cc8a45853a,-0.0972,0.0,0.0243,0.0365,
2,zero,ensemble,93389904f33e7718,cmAPP:1770,cmAPP:1815,151435cc8a45853a,-1.6145,0.0,0.0704,0.1384999999999999,
2,zero,ensemble,98341947aa56f870,cmAPP:2046,cmAPP:2092,2c34ab854a6ad95b,-0.1064999999999998,0.0,0.0504999999999999,0.0414,
2,zero,ensemble,98f93e5fbbd41ec8,cmAPP:1967,cmAPP:2012,2c34ab854a6ad95b,0.1092999999999999,0.0,0.0698,0.0123,
2,zero,ensemble,a15328e82188e58f,cmAPP:1717,cmAPP:1762,2c34ab854a6ad95b,-0.1387999999999999,0.0,0.0291,0.0843,
2,zero,ensemble,a1cbdd76747c5064,cmAPP:1776,cmAPP:1822,2c34ab854a6ad95b,-0.6519000000000001,0.0,0.0775,0.1712,
2,zero,ensemble,a4c4b94f50336897,cmAPP:1866,cmAPP:1912,2c34ab854a6ad95b,-0.0341999999999999,0.0,0.0053,0.0118999999999999,
2,zero,ensemble,a85eb0b11202f59e,cmAPP:1685,cmAPP:1731,2c34ab854a6ad95b,-0.0718999999999999,0.0,0.0286,0.0496,
2,zero,ensemble,ac1b30806815ea4e,cmAPP:1787,cmAPP:1832,2c34ab854a6ad95b,-0.8095999999999999,0.0,0.1321,0.4403,
2,zero,ensemble,b6967a59b842adff,cmAPP:1784,cmAPP:1829,9620aee947fd49ea,-2.8806,0.0,0.1178999999999999,0.5047999999999999,
2,zero,ensemble,bfb561a0d6a8fc27,cmAPP:2054,cmAPP:2099,9620aee947fd49ea,-0.4963,0.0,0.0258,0.115,
2,zero,ensemble,c09f8ea736c8479d,cmAPP:1683,cmAPP:1728,151435cc8a45853a,-0.0143999999999999,0.0,0.0364,0.0256,
2,zero,ensemble,c55d3bcca2d2a449,cmAPP:1955,cmAPP:2001,2c34ab854a6ad95b,0.0237,0.0,0.0421,0.0274,
2,zero,ensemble,c5b8e137a303cb45,cmAPP:1773,cmAPP:1818,151435cc8a45853a,-0.0211,0.0,0.0848,0.1288,
2,zero,ensemble,c748ab46e40eb3c6,cmAPP:1874,cmAPP:1919,9620aee947fd49ea,-0.7228,0.0,0.0068,0.2271999999999999,
2,zero,ensemble,c78c802f0ed94739,cmAPP:1987,cmAPP:2032,2c34ab854a6ad95b,-0.0394000000000001,0.0,0.0444,0.0312,
2,zero,ensemble,d69a2449a6634854,cmAPP:1604,cmAPP:1649,9620aee947fd49ea,-1.4533999999999998,0.0,0.0613999999999999,0.5695,
2,zero,ensemble,db6359943b17ecc7,cmAPP:1865,cmAPP:1911,2c34ab854a6ad95b,-0.0193,0.0,0.0095,0.0076,
2,zero,ensemble,db76931262b18262,cmAPP:1877,cmAPP:1922,2c34ab854a6ad95b,-0.0225999999999998,0.0,0.0347,0.0526,
2,zero,ensemble,de9de367cfd0516a,cmAPP:1964,cmAPP:2009,9620aee947fd49ea,-0.6374,0.0,0.0904,0.1176,
2,zero,ensemble,e07fbd2f23396c88,cmAPP:2045,cmAPP:2091,2c34ab854a6ad95b,-0.1192,0.0,0.0538,0.0915,
2,zero,ensemble,e24b7d2aa22bb55c,cmAPP:1775,cmAPP:1821,2c34ab854a6ad95b,-0.9341,0.0,0.0596,0.3439,
2,zero,ensemble,ea69375d6e637f0b,cmAPP:2043,cmAPP:2088,151435cc8a45853a,-0.1327,0.0,0.0908,0.0266999999999999,
2,zero,ensemble,eb05d8fd23cb21a3,cmAPP:1860,cmAPP:1905,151435cc8a45853a,-0.1052999999999999,0.0,0.0024,0.021,
2,zero,ensemble,ef7b3a1b137a6db8,cmAPP:1953,cmAPP:1998,151435cc8a45853a,-0.0221999999999999,0.0,0.0733,0.0483,
2,zero,ensemble,f3e88314b57e616d,cmAPP:1627,cmAPP:1672,2c34ab854a6ad95b,0.1450999999999999,0.0,0.075,0.0417,
2,zero,ensemble,fd3f38efafcec3ac,cmAPP:1702,cmAPP:1747,2c34ab854a6ad95b,-0.0348999999999999,0.0,0.0555,0.046,
2,zero,ensemble,ff45b277fb60624e,cmAPP:2077,cmAPP:2122,2c34ab854a6ad95b,-0.1391,0.0,0.0673,0.1009,
3,gnn_activity,ensemble,0c7a97d50dabb197,cmAPP:2071,cmAPP:2112,5848c205ff64ecf8,-0.4119,-0.4023204843203227,0.0747,0.1871999999999999,
3,gnn_activity,ensemble,0d965a5abd1a268c,cmAPP:1678,cmAPP:1723,17103b04fab21cdc,-0.0541000000000001,-0.28117815653483075,0.0237999999999999,0.0576999999999999,
3,gnn_activity,ensemble,1711355de18f68c1,cmAPP:1957,cmAPP:2000,9fea29da568e9bc1,-0.3823999999999999,-0.35397366682688397,0.036,0.0544,
3,gnn_activity,ensemble,18c6d9223a20ba73,cmAPP:1980,cmAPP:2021,5848c205ff64ecf8,0.1568999999999999,-0.3966554005940755,0.0768,0.0052,
3,gnn_activity,ensemble,1b4f407ebbaeb5b2,cmAPP:1855,cmAPP:1900,17103b04fab21cdc,-0.0472,-0.3238848149776458,0.0007,0.0306999999999999,
3,gnn_activity,ensemble,1d5a6a30d03d4ace,cmAPP:1765,cmAPP:1810,17103b04fab21cdc,-0.4945,-0.32741943001747126,0.1205,0.1419,
3,gnn_activity,ensemble,2f48d456f6284b36,cmAPP:1687,cmAPP:1730,9fea29da568e9bc1,-0.3121,-0.35397366682688397,0.0704,0.0848,
3,gnn_activity,ensemble,327843b402480d74,cmAPP:1800,cmAPP:1841,5848c205ff64ecf8,0.5433,-0.3971071143945058,0.4465,0.1478,
3,gnn_activity,ensemble,34a0cf77853c520f,cmAPP:1808,cmAPP:1853,5848c205ff64ecf8,0.5641999999999998,-0.2804102301597595,0.4637,0.4285,
3,gnn_activity,ensemble,4490c940bfdaa814,cmAPP:1768,cmAPP:1813,17103b04fab21cdc,-0.935,-0.2817127505938212,0.1338,0.0960999999999999,
3,gnn_activity,ensemble,450bf38c165fbd1a,cmAPP:1620,cmAPP:1661,5848c205ff64ecf8,0.2362999999999999,-0.39530720313390094,0.0346,0.0215,
3,gnn_activity,ensemble,5216d53e06ede17c,cmAPP:1890,cmAPP:1931,5848c205ff64ecf8,0.0178,-0.39530720313390094,0.0196,0.001,
3,gnn_activity,ensemble,53bd4571937b65d8,cmAPP:1777,cmAPP:1820,9fea29da568e9bc1,-1.8657,-0.35471964875857037,0.1051,0.4839,
3,gnn_activity,ensemble,58b9f1849445a903,cmAPP:1621,cmAPP:1662,5848c205ff64ecf8,-0.1006,-0.4011553128560384,0.0401,0.1016,
3,gnn_activity,ensemble,5c37a4bb04018995,cmAPP:1867,cmAPP:1910,9fea29da568e9bc1,-0.276,-0.35166147351264954,0.0181,0.1264,
3,gnn_activity,ensemble,5e97508244c8c76c,cmAPP:1988,cmAPP:2033,5848c205ff64ecf8,-0.1647,-0.27962178985277814,0.0871,0.0256999999999999,
3,gnn_activity,ensemble,61808a59ae1e72f6,cmAPP:1945,cmAPP:1990,17103b04fab21cdc,-0.0222999999999999,-0.3265016973018646,0.0379,0.0414,
3,gnn_activity,ensemble,62cb9585f226cf4c,cmAPP:1711,cmAPP:1752,5848c205ff64ecf8,-0.5549,-0.4020179311434428,0.0093999999999999,0.0779,
3,gnn_activity,ensemble,6a678b00b934044e,cmAPP:2070,cmAPP:2111,5848c205ff64ecf8,0.2685999999999999,-0.3971071143945058,0.067,0.0626999999999999,
3,gnn_activity,ensemble,790c224fb15729e8,cmAPP:1858,cmAPP:1903,17103b04fab21cdc,-0.0393999999999999,-0.27936933437983197,0.012,0.0139999999999999,
3,gnn_activity,ensemble,9bf5f3d125221e4c,cmAPP:1628,cmAPP:1673,5848c205ff64ecf8,0.1386,-0.27737348278363544,0.1333,0.0969,
3,gnn_activity,ensemble,aae93bc901d599ee,cmAPP:1948,cmAPP:1993,17103b04fab21cdc,0.0157999999999999,-0.28117815653483075,0.0304,0.06,
3,gnn_activity,ensemble,ae0b1f16d5b39dea,cmAPP:1801,cmAPP:1842,5848c205ff64ecf8,0.432,-0.4023204843203227,0.1339,0.1041,
3,gnn_activity,ensemble,bb68ab734a60ad5c,cmAPP:1675,cmAPP:1720,17103b04fab21cdc,0.0224,-0.3265016973018646,0.0253,0.0069999999999999,
3,gnn_activity,ensemble,c118eab8e379718c,cmAPP:1710,cmAPP:1751,5848c205ff64ecf8,0.2778999999999999,-0.3966554005940755,0.0418,0.0371,
3,gnn_activity,ensemble,c516136711beb154,cmAPP:1981,cmAPP:2022,5848c205ff64ecf8,-0.4343000000000001,-0.4020179311434428,0.0325,0.1017,
3,gnn_activity,ensemble,cf3a3e7485b31ba0,cmAPP:1588,cmAPP:1633,17103b04fab21cdc,-0.2547999999999999,-0.27936933437983197,0.03,0.0926999999999999,
3,gnn_activity,ensemble,d1d883357891e048,cmAPP:1891,cmAPP:1932,5848c205ff64ecf8,-0.3360000000000001,-0.4011553128560384,0.0024,0.1892,
3,gnn_activity,ensemble,d2d72d8278e8ff2f,cmAPP:1585,cmAPP:1630,17103b04fab21cdc,-0.1643999999999998,-0.3238848149776458,0.0392,0.0429,
3,gnn_activity,ensemble,d52d528f0aa9bd30,cmAPP:2035,cmAPP:2080,17103b04fab21cdc,-0.2289999999999998,-0.32741943001747126,0.0641,0.0755,
3,gnn_activity,ensemble,db264d54acc9cc94,cmAPP:1597,cmAPP:1640,9fea29da568e9bc1,-0.79,-0.35166147351264954,0.0475,0.1617,
3,gnn_activity,ensemble,e4cc745fd18c9923,cmAPP:2047,cmAPP:2090,9fea29da568e9bc1,-0.6328999999999999,-0.35471964875857037,0.0196,0.1439,
3,gnn_activity,ensemble,e52464c3fde0c9de,cmAPP:1718,cmAPP:1763,5848c205ff64ecf8,-0.361,-0.27962178985277814,0.0562,0.1673,
3,gnn_activity,ensemble,e6bc6fc3ddc258ff,cmAPP:2038,cmAPP:2083,17103b04fab21cdc,-0.1522,-0.2817127505938212,0.05,0.0474,
3,gnn_activity,ensemble,f56e1ddec22a1688,cmAPP:2078,cmAPP:2123,5848c205ff64ecf8,-0.2106999999999999,-0.2804102301597595,0.0633,0.0926999999999999,
3,gnn_activity,ensemble,ffc888cf36b05bc2,cmAPP:1898,cmAPP:1943,5848c205ff64ecf8,-0.1835,-0.27737348278363544,0.0184,0.0542,
3,gnn_pair,ensemble,0c7a97d50dabb197,cmAPP:2071,cmAPP:2112,5848c205ff64ecf8,-0.4119,-0.2792413632074992,0.0747,0.1871999999999999,
3,gnn_pair,ensemble,0d965a5abd1a268c,cmAPP:1678,cmAPP:1723,17103b04fab21cdc,-0.0541000000000001,-0.2364669839541117,0.0237999999999999,0.0576999999999999,
3,gnn_pair,ensemble,1711355de18f68c1,cmAPP:1957,cmAPP:2000,9fea29da568e9bc1,-0.3823999999999999,-0.35976263880729675,0.036,0.0544,
3,gnn_pair,ensemble,18c6d9223a20ba73,cmAPP:1980,cmAPP:2021,5848c205ff64ecf8,0.1568999999999999,-0.30928912758827204,0.0768,0.0052,
3,gnn_pair,ensemble,1b4f407ebbaeb5b2,cmAPP:1855,cmAPP:1900,17103b04fab21cdc,-0.0472,-0.34222739934921265,0.0007,0.0306999999999999,
3,gnn_pair,ensemble,1d5a6a30d03d4ace,cmAPP:1765,cmAPP:1810,17103b04fab21cdc,-0.4945,-0.3439294497172038,0.1205,0.1419,
3,gnn_pair,ensemble,2f48d456f6284b36,cmAPP:1687,cmAPP:1730,9fea29da568e9bc1,-0.3121,-0.35976263880729675,0.0704,0.0848,
3,gnn_pair,ensemble,327843b402480d74,cmAPP:1800,cmAPP:1841,5848c205ff64ecf8,0.5433,-0.30950109163920086,0.4465,0.1478,
3,gnn_pair,ensemble,34a0cf77853c520f,cmAPP:1808,cmAPP:1853,5848c205ff64ecf8,0.5641999999999998,-0.24425089359283444,0.4637,0.4285,
3,gnn_pair,ensemble,4490c940bfdaa814,cmAPP:1768,cmAPP:1813,17103b04fab21cdc,-0.935,-0.23676113287607825,0.1338,0.0960999999999999,
3,gnn_pair,ensemble,450bf38c165fbd1a,cmAPP:1620,cmAPP:1661,5848c205ff64ecf8,0.2362999999999999,-0.30868475635846454,0.0346,0.0215,
3,gnn_pair,ensemble,5216d53e06ede17c,cmAPP:1890,cmAPP:1931,5848c205ff64ecf8,0.0178,-0.30868475635846454,0.0196,0.001,
3,gnn_pair,ensemble,53bd4571937b65d8,cmAPP:1777,cmAPP:1820,9fea29da568e9bc1,-1.8657,-0.36008987824122113,0.1051,0.4839,
3,gnn_pair,ensemble,58b9f1849445a903,cmAPP:1621,cmAPP:1662,5848c205ff64ecf8,-0.1006,-0.27847364544868464,0.0401,0.1016,
3,gnn_pair,ensemble,5c37a4bb04018995,cmAPP:1867,cmAPP:1910,9fea29da568e9bc1,-0.276,-0.3588295082251231,0.0181,0.1264,
3,gnn_pair,ensemble,5e97508244c8c76c,cmAPP:1988,cmAPP:2033,5848c205ff64ecf8,-0.1647,-0.24406050642331442,0.0871,0.0256999999999999,
3,gnn_pair,ensemble,61808a59ae1e72f6,cmAPP:1945,cmAPP:1990,17103b04fab21cdc,-0.0222999999999999,-0.3434930344422658,0.0379,0.0414,
3,gnn_pair,ensemble,62cb9585f226cf4c,cmAPP:1711,cmAPP:1752,5848c205ff64ecf8,-0.5549,-0.2790420452753702,0.0093999999999999,0.0779,
3,gnn_pair,ensemble,6a678b00b934044e,cmAPP:2070,cmAPP:2111,5848c205ff64ecf8,0.2685999999999999,-0.30950109163920086,0.067,0.0626999999999999,
3,gnn_pair,ensemble,790c224fb15729e8,cmAPP:1858,cmAPP:1903,17103b04fab21cdc,-0.0393999999999999,-0.2356281479199727,0.012,0.0139999999999999,
3,gnn_pair,ensemble,9bf5f3d125221e4c,cmAPP:1628,cmAPP:1673,5848c205ff64ecf8,0.1386,-0.24351751804351804,0.1333,0.0969,
3,gnn_pair,ensemble,aae93bc901d599ee,cmAPP:1948,cmAPP:1993,17103b04fab21cdc,0.0157999999999999,-0.2364669839541117,0.0304,0.06,
3,gnn_pair,ensemble,ae0b1f16d5b39dea,cmAPP:1801,cmAPP:1842,5848c205ff64ecf8,0.432,-0.2792413632074992,0.1339,0.1041,
3,gnn_pair,ensemble,bb68ab734a60ad5c,cmAPP:1675,cmAPP:1720,17103b04fab21cdc,0.0224,-0.3434930344422658,0.0253,0.0069999999999999,
3,gnn_pair,ensemble,c118eab8e379718c,cmAPP:1710,cmAPP:1751,5848c205ff64ecf8,0.2778999999999999,-0.30928912758827204,0.0418,0.0371,
3,gnn_pair,ensemble,c516136711beb154,cmAPP:1981,cmAPP:2022,5848c205ff64ecf8,-0.4343000000000001,-0.2790420452753702,0.0325,0.1017,
3,gnn_pair,ensemble,cf3a3e7485b31ba0,cmAPP:1588,cmAPP:1633,17103b04fab21cdc,-0.2547999999999999,-0.2356281479199727,0.03,0.0926999999999999,
3,gnn_pair,ensemble,d1d883357891e048,cmAPP:1891,cmAPP:1932,5848c205ff64ecf8,-0.3360000000000001,-0.27847364544868464,0.0024,0.1892,
3,gnn_pair,ensemble,d2d72d8278e8ff2f,cmAPP:1585,cmAPP:1630,17103b04fab21cdc,-0.1643999999999998,-0.34222739934921265,0.0392,0.0429,
3,gnn_pair,ensemble,d52d528f0aa9bd30,cmAPP:2035,cmAPP:2080,17103b04fab21cdc,-0.2289999999999998,-0.3439294497172038,0.0641,0.0755,
3,gnn_pair,ensemble,db264d54acc9cc94,cmAPP:1597,cmAPP:1640,9fea29da568e9bc1,-0.79,-0.3588295082251231,0.0475,0.1617,
3,gnn_pair,ensemble,e4cc745fd18c9923,cmAPP:2047,cmAPP:2090,9fea29da568e9bc1,-0.6328999999999999,-0.36008987824122113,0.0196,0.1439,
3,gnn_pair,ensemble,e52464c3fde0c9de,cmAPP:1718,cmAPP:1763,5848c205ff64ecf8,-0.361,-0.24406050642331442,0.0562,0.1673,
3,gnn_pair,ensemble,e6bc6fc3ddc258ff,cmAPP:2038,cmAPP:2083,17103b04fab21cdc,-0.1522,-0.23676113287607825,0.05,0.0474,
3,gnn_pair,ensemble,f56e1ddec22a1688,cmAPP:2078,cmAPP:2123,5848c205ff64ecf8,-0.2106999999999999,-0.24425089359283444,0.0633,0.0926999999999999,
3,gnn_pair,ensemble,ffc888cf36b05bc2,cmAPP:1898,cmAPP:1943,5848c205ff64ecf8,-0.1835,-0.24351751804351804,0.0184,0.0542,
3,nongraph_pair,ensemble,0c7a97d50dabb197,cmAPP:2071,cmAPP:2112,5848c205ff64ecf8,-0.4119,-0.31252190470695496,0.0747,0.1871999999999999,
3,nongraph_pair,ensemble,0d965a5abd1a268c,cmAPP:1678,cmAPP:1723,17103b04fab21cdc,-0.0541000000000001,-0.2600573003292083,0.0237999999999999,0.0576999999999999,
3,nongraph_pair,ensemble,1711355de18f68c1,cmAPP:1957,cmAPP:2000,9fea29da568e9bc1,-0.3823999999999999,-0.3531387448310852,0.036,0.0544,
3,nongraph_pair,ensemble,18c6d9223a20ba73,cmAPP:1980,cmAPP:2021,5848c205ff64ecf8,0.1568999999999999,-0.3050596018632253,0.0768,0.0052,
3,nongraph_pair,ensemble,1b4f407ebbaeb5b2,cmAPP:1855,cmAPP:1900,17103b04fab21cdc,-0.0472,-0.35325703024864197,0.0007,0.0306999999999999,
3,nongraph_pair,ensemble,1d5a6a30d03d4ace,cmAPP:1765,cmAPP:1810,17103b04fab21cdc,-0.4945,-0.3539741436640422,0.1205,0.1419,
3,nongraph_pair,ensemble,2f48d456f6284b36,cmAPP:1687,cmAPP:1730,9fea29da568e9bc1,-0.3121,-0.3531387448310852,0.0704,0.0848,
3,nongraph_pair,ensemble,327843b402480d74,cmAPP:1800,cmAPP:1841,5848c205ff64ecf8,0.5433,-0.3052317798137664,0.4465,0.1478,
3,nongraph_pair,ensemble,34a0cf77853c520f,cmAPP:1808,cmAPP:1853,5848c205ff64ecf8,0.5641999999999998,-0.2989415427049001,0.4637,0.4285,
3,nongraph_pair,ensemble,4490c940bfdaa814,cmAPP:1768,cmAPP:1813,17103b04fab21cdc,-0.935,-0.26015051205952955,0.1338,0.0960999999999999,
3,nongraph_pair,ensemble,450bf38c165fbd1a,cmAPP:1620,cmAPP:1661,5848c205ff64ecf8,0.2362999999999999,-0.3045685986677806,0.0346,0.0215,
3,nongraph_pair,ensemble,5216d53e06ede17c,cmAPP:1890,cmAPP:1931,5848c205ff64ecf8,0.0178,-0.3045685986677806,0.0196,0.001,
3,nongraph_pair,ensemble,53bd4571937b65d8,cmAPP:1777,cmAPP:1820,9fea29da568e9bc1,-1.8657,-0.3531811833381653,0.1051,0.4839,
3,nongraph_pair,ensemble,58b9f1849445a903,cmAPP:1621,cmAPP:1662,5848c205ff64ecf8,-0.1006,-0.31156602501869196,0.0401,0.1016,
3,nongraph_pair,ensemble,5c37a4bb04018995,cmAPP:1867,cmAPP:1910,9fea29da568e9bc1,-0.276,-0.3530176679293315,0.0181,0.1264,
3,nongraph_pair,ensemble,5e97508244c8c76c,cmAPP:1988,cmAPP:2033,5848c205ff64ecf8,-0.1647,-0.29876720905303955,0.0871,0.0256999999999999,
3,nongraph_pair,ensemble,61808a59ae1e72f6,cmAPP:1945,cmAPP:1990,17103b04fab21cdc,-0.0222999999999999,-0.35378795862197876,0.0379,0.0414,
3,nongraph_pair,ensemble,62cb9585f226cf4c,cmAPP:1711,cmAPP:1752,5848c205ff64ecf8,-0.5549,-0.31227371096611023,0.0093999999999999,0.0779,
3,nongraph_pair,ensemble,6a678b00b934044e,cmAPP:2070,cmAPP:2111,5848c205ff64ecf8,0.2685999999999999,-0.3052317798137664,0.067,0.0626999999999999,
3,nongraph_pair,ensemble,790c224fb15729e8,cmAPP:1858,cmAPP:1903,17103b04fab21cdc,-0.0393999999999999,-0.25979142387708026,0.012,0.0139999999999999,
3,nongraph_pair,ensemble,9bf5f3d125221e4c,cmAPP:1628,cmAPP:1673,5848c205ff64ecf8,0.1386,-0.29818252722422284,0.1333,0.0969,
3,nongraph_pair,ensemble,aae93bc901d599ee,cmAPP:1948,cmAPP:1993,17103b04fab21cdc,0.0157999999999999,-0.2600573003292083,0.0304,0.06,
3,nongraph_pair,ensemble,ae0b1f16d5b39dea,cmAPP:1801,cmAPP:1842,5848c205ff64ecf8,0.432,-0.31252190470695496,0.1339,0.1041,
3,nongraph_pair,ensemble,bb68ab734a60ad5c,cmAPP:1675,cmAPP:1720,17103b04fab21cdc,0.0224,-0.35378795862197876,0.0253,0.0069999999999999,
3,nongraph_pair,ensemble,c118eab8e379718c,cmAPP:1710,cmAPP:1751,5848c205ff64ecf8,0.2778999999999999,-0.3050596018632253,0.0418,0.0371,
3,nongraph_pair,ensemble,c516136711beb154,cmAPP:1981,cmAPP:2022,5848c205ff64ecf8,-0.4343000000000001,-0.31227371096611023,0.0325,0.1017,
3,nongraph_pair,ensemble,cf3a3e7485b31ba0,cmAPP:1588,cmAPP:1633,17103b04fab21cdc,-0.2547999999999999,-0.25979142387708026,0.03,0.0926999999999999,
3,nongraph_pair,ensemble,d1d883357891e048,cmAPP:1891,cmAPP:1932,5848c205ff64ecf8,-0.3360000000000001,-0.31156602501869196,0.0024,0.1892,
3,nongraph_pair,ensemble,d2d72d8278e8ff2f,cmAPP:1585,cmAPP:1630,17103b04fab21cdc,-0.1643999999999998,-0.35325703024864197,0.0392,0.0429,
3,nongraph_pair,ensemble,d52d528f0aa9bd30,cmAPP:2035,cmAPP:2080,17103b04fab21cdc,-0.2289999999999998,-0.3539741436640422,0.0641,0.0755,
3,nongraph_pair,ensemble,db264d54acc9cc94,cmAPP:1597,cmAPP:1640,9fea29da568e9bc1,-0.79,-0.3530176679293315,0.0475,0.1617,
3,nongraph_pair,ensemble,e4cc745fd18c9923,cmAPP:2047,cmAPP:2090,9fea29da568e9bc1,-0.6328999999999999,-0.3531811833381653,0.0196,0.1439,
3,nongraph_pair,ensemble,e52464c3fde0c9de,cmAPP:1718,cmAPP:1763,5848c205ff64ecf8,-0.361,-0.29876720905303955,0.0562,0.1673,
3,nongraph_pair,ensemble,e6bc6fc3ddc258ff,cmAPP:2038,cmAPP:2083,17103b04fab21cdc,-0.1522,-0.26015051205952955,0.05,0.0474,
3,nongraph_pair,ensemble,f56e1ddec22a1688,cmAPP:2078,cmAPP:2123,5848c205ff64ecf8,-0.2106999999999999,-0.2989415427049001,0.0633,0.0926999999999999,
3,nongraph_pair,ensemble,ffc888cf36b05bc2,cmAPP:1898,cmAPP:1943,5848c205ff64ecf8,-0.1835,-0.29818252722422284,0.0184,0.0542,
3,pair_ridge,ensemble,0c7a97d50dabb197,cmAPP:2071,cmAPP:2112,5848c205ff64ecf8,-0.4119,-0.3097624182701111,0.0747,0.1871999999999999,
3,pair_ridge,ensemble,0d965a5abd1a268c,cmAPP:1678,cmAPP:1723,17103b04fab21cdc,-0.0541000000000001,-0.1320443451404571,0.0237999999999999,0.0576999999999999,
3,pair_ridge,ensemble,1711355de18f68c1,cmAPP:1957,cmAPP:2000,9fea29da568e9bc1,-0.3823999999999999,-0.2081945836544037,0.036,0.0544,
3,pair_ridge,ensemble,18c6d9223a20ba73,cmAPP:1980,cmAPP:2021,5848c205ff64ecf8,0.1568999999999999,-0.1647634208202362,0.0768,0.0052,
3,pair_ridge,ensemble,1b4f407ebbaeb5b2,cmAPP:1855,cmAPP:1900,17103b04fab21cdc,-0.0472,-0.3049941062927246,0.0007,0.0306999999999999,
3,pair_ridge,ensemble,1d5a6a30d03d4ace,cmAPP:1765,cmAPP:1810,17103b04fab21cdc,-0.4945,-0.3049941062927246,0.1205,0.1419,
3,pair_ridge,ensemble,2f48d456f6284b36,cmAPP:1687,cmAPP:1730,9fea29da568e9bc1,-0.3121,-0.2081945836544037,0.0704,0.0848,
3,pair_ridge,ensemble,327843b402480d74,cmAPP:1800,cmAPP:1841,5848c205ff64ecf8,0.5433,-0.1647634208202362,0.4465,0.1478,
3,pair_ridge,ensemble,34a0cf77853c520f,cmAPP:1808,cmAPP:1853,5848c205ff64ecf8,0.5641999999999998,-0.2326377928256988,0.4637,0.4285,
3,pair_ridge,ensemble,4490c940bfdaa814,cmAPP:1768,cmAPP:1813,17103b04fab21cdc,-0.935,-0.1320443451404571,0.1338,0.0960999999999999,
3,pair_ridge,ensemble,450bf38c165fbd1a,cmAPP:1620,cmAPP:1661,5848c205ff64ecf8,0.2362999999999999,-0.1647634208202362,0.0346,0.0215,
3,pair_ridge,ensemble,5216d53e06ede17c,cmAPP:1890,cmAPP:1931,5848c205ff64ecf8,0.0178,-0.1647634208202362,0.0196,0.001,
3,pair_ridge,ensemble,53bd4571937b65d8,cmAPP:1777,cmAPP:1820,9fea29da568e9bc1,-1.8657,-0.2081945836544037,0.1051,0.4839,
3,pair_ridge,ensemble,58b9f1849445a903,cmAPP:1621,cmAPP:1662,5848c205ff64ecf8,-0.1006,-0.3097624182701111,0.0401,0.1016,
3,pair_ridge,ensemble,5c37a4bb04018995,cmAPP:1867,cmAPP:1910,9fea29da568e9bc1,-0.276,-0.2081945836544037,0.0181,0.1264,
3,pair_ridge,ensemble,5e97508244c8c76c,cmAPP:1988,cmAPP:2033,5848c205ff64ecf8,-0.1647,-0.2326377928256988,0.0871,0.0256999999999999,
3,pair_ridge,ensemble,61808a59ae1e72f6,cmAPP:1945,cmAPP:1990,17103b04fab21cdc,-0.0222999999999999,-0.3049941062927246,0.0379,0.0414,
3,pair_ridge,ensemble,62cb9585f226cf4c,cmAPP:1711,cmAPP:1752,5848c205ff64ecf8,-0.5549,-0.3097624182701111,0.0093999999999999,0.0779,
3,pair_ridge,ensemble,6a678b00b934044e,cmAPP:2070,cmAPP:2111,5848c205ff64ecf8,0.2685999999999999,-0.1647634208202362,0.067,0.0626999999999999,
3,pair_ridge,ensemble,790c224fb15729e8,cmAPP:1858,cmAPP:1903,17103b04fab21cdc,-0.0393999999999999,-0.1320443451404571,0.012,0.0139999999999999,
3,pair_ridge,ensemble,9bf5f3d125221e4c,cmAPP:1628,cmAPP:1673,5848c205ff64ecf8,0.1386,-0.2326377928256988,0.1333,0.0969,
3,pair_ridge,ensemble,aae93bc901d599ee,cmAPP:1948,cmAPP:1993,17103b04fab21cdc,0.0157999999999999,-0.1320443451404571,0.0304,0.06,
3,pair_ridge,ensemble,ae0b1f16d5b39dea,cmAPP:1801,cmAPP:1842,5848c205ff64ecf8,0.432,-0.3097624182701111,0.1339,0.1041,
3,pair_ridge,ensemble,bb68ab734a60ad5c,cmAPP:1675,cmAPP:1720,17103b04fab21cdc,0.0224,-0.3049941062927246,0.0253,0.0069999999999999,
3,pair_ridge,ensemble,c118eab8e379718c,cmAPP:1710,cmAPP:1751,5848c205ff64ecf8,0.2778999999999999,-0.1647634208202362,0.0418,0.0371,
3,pair_ridge,ensemble,c516136711beb154,cmAPP:1981,cmAPP:2022,5848c205ff64ecf8,-0.4343000000000001,-0.3097624182701111,0.0325,0.1017,
3,pair_ridge,ensemble,cf3a3e7485b31ba0,cmAPP:1588,cmAPP:1633,17103b04fab21cdc,-0.2547999999999999,-0.1320443451404571,0.03,0.0926999999999999,
3,pair_ridge,ensemble,d1d883357891e048,cmAPP:1891,cmAPP:1932,5848c205ff64ecf8,-0.3360000000000001,-0.3097624182701111,0.0024,0.1892,
3,pair_ridge,ensemble,d2d72d8278e8ff2f,cmAPP:1585,cmAPP:1630,17103b04fab21cdc,-0.1643999999999998,-0.3049941062927246,0.0392,0.0429,
3,pair_ridge,ensemble,d52d528f0aa9bd30,cmAPP:2035,cmAPP:2080,17103b04fab21cdc,-0.2289999999999998,-0.3049941062927246,0.0641,0.0755,
3,pair_ridge,ensemble,db264d54acc9cc94,cmAPP:1597,cmAPP:1640,9fea29da568e9bc1,-0.79,-0.2081945836544037,0.0475,0.1617,
3,pair_ridge,ensemble,e4cc745fd18c9923,cmAPP:2047,cmAPP:2090,9fea29da568e9bc1,-0.6328999999999999,-0.2081945836544037,0.0196,0.1439,
3,pair_ridge,ensemble,e52464c3fde0c9de,cmAPP:1718,cmAPP:1763,5848c205ff64ecf8,-0.361,-0.2326377928256988,0.0562,0.1673,
3,pair_ridge,ensemble,e6bc6fc3ddc258ff,cmAPP:2038,cmAPP:2083,17103b04fab21cdc,-0.1522,-0.1320443451404571,0.05,0.0474,
3,pair_ridge,ensemble,f56e1ddec22a1688,cmAPP:2078,cmAPP:2123,5848c205ff64ecf8,-0.2106999999999999,-0.2326377928256988,0.0633,0.0926999999999999,
3,pair_ridge,ensemble,ffc888cf36b05bc2,cmAPP:1898,cmAPP:1943,5848c205ff64ecf8,-0.1835,-0.2326377928256988,0.0184,0.0542,
3,training_majority,ensemble,0c7a97d50dabb197,cmAPP:2071,cmAPP:2112,5848c205ff64ecf8,-0.4119,-1.0,0.0747,0.1871999999999999,
3,training_majority,ensemble,0d965a5abd1a268c,cmAPP:1678,cmAPP:1723,17103b04fab21cdc,-0.0541000000000001,-1.0,0.0237999999999999,0.0576999999999999,
3,training_majority,ensemble,1711355de18f68c1,cmAPP:1957,cmAPP:2000,9fea29da568e9bc1,-0.3823999999999999,-1.0,0.036,0.0544,
3,training_majority,ensemble,18c6d9223a20ba73,cmAPP:1980,cmAPP:2021,5848c205ff64ecf8,0.1568999999999999,-1.0,0.0768,0.0052,
3,training_majority,ensemble,1b4f407ebbaeb5b2,cmAPP:1855,cmAPP:1900,17103b04fab21cdc,-0.0472,-1.0,0.0007,0.0306999999999999,
3,training_majority,ensemble,1d5a6a30d03d4ace,cmAPP:1765,cmAPP:1810,17103b04fab21cdc,-0.4945,-1.0,0.1205,0.1419,
3,training_majority,ensemble,2f48d456f6284b36,cmAPP:1687,cmAPP:1730,9fea29da568e9bc1,-0.3121,-1.0,0.0704,0.0848,
3,training_majority,ensemble,327843b402480d74,cmAPP:1800,cmAPP:1841,5848c205ff64ecf8,0.5433,-1.0,0.4465,0.1478,
3,training_majority,ensemble,34a0cf77853c520f,cmAPP:1808,cmAPP:1853,5848c205ff64ecf8,0.5641999999999998,-1.0,0.4637,0.4285,
3,training_majority,ensemble,4490c940bfdaa814,cmAPP:1768,cmAPP:1813,17103b04fab21cdc,-0.935,-1.0,0.1338,0.0960999999999999,
3,training_majority,ensemble,450bf38c165fbd1a,cmAPP:1620,cmAPP:1661,5848c205ff64ecf8,0.2362999999999999,-1.0,0.0346,0.0215,
3,training_majority,ensemble,5216d53e06ede17c,cmAPP:1890,cmAPP:1931,5848c205ff64ecf8,0.0178,-1.0,0.0196,0.001,
3,training_majority,ensemble,53bd4571937b65d8,cmAPP:1777,cmAPP:1820,9fea29da568e9bc1,-1.8657,-1.0,0.1051,0.4839,
3,training_majority,ensemble,58b9f1849445a903,cmAPP:1621,cmAPP:1662,5848c205ff64ecf8,-0.1006,-1.0,0.0401,0.1016,
3,training_majority,ensemble,5c37a4bb04018995,cmAPP:1867,cmAPP:1910,9fea29da568e9bc1,-0.276,-1.0,0.0181,0.1264,
3,training_majority,ensemble,5e97508244c8c76c,cmAPP:1988,cmAPP:2033,5848c205ff64ecf8,-0.1647,-1.0,0.0871,0.0256999999999999,
3,training_majority,ensemble,61808a59ae1e72f6,cmAPP:1945,cmAPP:1990,17103b04fab21cdc,-0.0222999999999999,-1.0,0.0379,0.0414,
3,training_majority,ensemble,62cb9585f226cf4c,cmAPP:1711,cmAPP:1752,5848c205ff64ecf8,-0.5549,-1.0,0.0093999999999999,0.0779,
3,training_majority,ensemble,6a678b00b934044e,cmAPP:2070,cmAPP:2111,5848c205ff64ecf8,0.2685999999999999,-1.0,0.067,0.0626999999999999,
3,training_majority,ensemble,790c224fb15729e8,cmAPP:1858,cmAPP:1903,17103b04fab21cdc,-0.0393999999999999,-1.0,0.012,0.0139999999999999,
3,training_majority,ensemble,9bf5f3d125221e4c,cmAPP:1628,cmAPP:1673,5848c205ff64ecf8,0.1386,-1.0,0.1333,0.0969,
3,training_majority,ensemble,aae93bc901d599ee,cmAPP:1948,cmAPP:1993,17103b04fab21cdc,0.0157999999999999,-1.0,0.0304,0.06,
3,training_majority,ensemble,ae0b1f16d5b39dea,cmAPP:1801,cmAPP:1842,5848c205ff64ecf8,0.432,-1.0,0.1339,0.1041,
3,training_majority,ensemble,bb68ab734a60ad5c,cmAPP:1675,cmAPP:1720,17103b04fab21cdc,0.0224,-1.0,0.0253,0.0069999999999999,
3,training_majority,ensemble,c118eab8e379718c,cmAPP:1710,cmAPP:1751,5848c205ff64ecf8,0.2778999999999999,-1.0,0.0418,0.0371,
3,training_majority,ensemble,c516136711beb154,cmAPP:1981,cmAPP:2022,5848c205ff64ecf8,-0.4343000000000001,-1.0,0.0325,0.1017,
3,training_majority,ensemble,cf3a3e7485b31ba0,cmAPP:1588,cmAPP:1633,17103b04fab21cdc,-0.2547999999999999,-1.0,0.03,0.0926999999999999,
3,training_majority,ensemble,d1d883357891e048,cmAPP:1891,cmAPP:1932,5848c205ff64ecf8,-0.3360000000000001,-1.0,0.0024,0.1892,
3,training_majority,ensemble,d2d72d8278e8ff2f,cmAPP:1585,cmAPP:1630,17103b04fab21cdc,-0.1643999999999998,-1.0,0.0392,0.0429,
3,training_majority,ensemble,d52d528f0aa9bd30,cmAPP:2035,cmAPP:2080,17103b04fab21cdc,-0.2289999999999998,-1.0,0.0641,0.0755,
3,training_majority,ensemble,db264d54acc9cc94,cmAPP:1597,cmAPP:1640,9fea29da568e9bc1,-0.79,-1.0,0.0475,0.1617,
3,training_majority,ensemble,e4cc745fd18c9923,cmAPP:2047,cmAPP:2090,9fea29da568e9bc1,-0.6328999999999999,-1.0,0.0196,0.1439,
3,training_majority,ensemble,e52464c3fde0c9de,cmAPP:1718,cmAPP:1763,5848c205ff64ecf8,-0.361,-1.0,0.0562,0.1673,
3,training_majority,ensemble,e6bc6fc3ddc258ff,cmAPP:2038,cmAPP:2083,17103b04fab21cdc,-0.1522,-1.0,0.05,0.0474,
3,training_majority,ensemble,f56e1ddec22a1688,cmAPP:2078,cmAPP:2123,5848c205ff64ecf8,-0.2106999999999999,-1.0,0.0633,0.0926999999999999,
3,training_majority,ensemble,ffc888cf36b05bc2,cmAPP:1898,cmAPP:1943,5848c205ff64ecf8,-0.1835,-1.0,0.0184,0.0542,
3,training_mean,ensemble,0c7a97d50dabb197,cmAPP:2071,cmAPP:2112,5848c205ff64ecf8,-0.4119,-0.3019414291284565,0.0747,0.1871999999999999,
3,training_mean,ensemble,0d965a5abd1a268c,cmAPP:1678,cmAPP:1723,17103b04fab21cdc,-0.0541000000000001,-0.3019414291284565,0.0237999999999999,0.0576999999999999,
3,training_mean,ensemble,1711355de18f68c1,cmAPP:1957,cmAPP:2000,9fea29da568e9bc1,-0.3823999999999999,-0.3019414291284565,0.036,0.0544,
3,training_mean,ensemble,18c6d9223a20ba73,cmAPP:1980,cmAPP:2021,5848c205ff64ecf8,0.1568999999999999,-0.3019414291284565,0.0768,0.0052,
3,training_mean,ensemble,1b4f407ebbaeb5b2,cmAPP:1855,cmAPP:1900,17103b04fab21cdc,-0.0472,-0.3019414291284565,0.0007,0.0306999999999999,
3,training_mean,ensemble,1d5a6a30d03d4ace,cmAPP:1765,cmAPP:1810,17103b04fab21cdc,-0.4945,-0.3019414291284565,0.1205,0.1419,
3,training_mean,ensemble,2f48d456f6284b36,cmAPP:1687,cmAPP:1730,9fea29da568e9bc1,-0.3121,-0.3019414291284565,0.0704,0.0848,
3,training_mean,ensemble,327843b402480d74,cmAPP:1800,cmAPP:1841,5848c205ff64ecf8,0.5433,-0.3019414291284565,0.4465,0.1478,
3,training_mean,ensemble,34a0cf77853c520f,cmAPP:1808,cmAPP:1853,5848c205ff64ecf8,0.5641999999999998,-0.3019414291284565,0.4637,0.4285,
3,training_mean,ensemble,4490c940bfdaa814,cmAPP:1768,cmAPP:1813,17103b04fab21cdc,-0.935,-0.3019414291284565,0.1338,0.0960999999999999,
3,training_mean,ensemble,450bf38c165fbd1a,cmAPP:1620,cmAPP:1661,5848c205ff64ecf8,0.2362999999999999,-0.3019414291284565,0.0346,0.0215,
3,training_mean,ensemble,5216d53e06ede17c,cmAPP:1890,cmAPP:1931,5848c205ff64ecf8,0.0178,-0.3019414291284565,0.0196,0.001,
3,training_mean,ensemble,53bd4571937b65d8,cmAPP:1777,cmAPP:1820,9fea29da568e9bc1,-1.8657,-0.3019414291284565,0.1051,0.4839,
3,training_mean,ensemble,58b9f1849445a903,cmAPP:1621,cmAPP:1662,5848c205ff64ecf8,-0.1006,-0.3019414291284565,0.0401,0.1016,
3,training_mean,ensemble,5c37a4bb04018995,cmAPP:1867,cmAPP:1910,9fea29da568e9bc1,-0.276,-0.3019414291284565,0.0181,0.1264,
3,training_mean,ensemble,5e97508244c8c76c,cmAPP:1988,cmAPP:2033,5848c205ff64ecf8,-0.1647,-0.3019414291284565,0.0871,0.0256999999999999,
3,training_mean,ensemble,61808a59ae1e72f6,cmAPP:1945,cmAPP:1990,17103b04fab21cdc,-0.0222999999999999,-0.3019414291284565,0.0379,0.0414,
3,training_mean,ensemble,62cb9585f226cf4c,cmAPP:1711,cmAPP:1752,5848c205ff64ecf8,-0.5549,-0.3019414291284565,0.0093999999999999,0.0779,
3,training_mean,ensemble,6a678b00b934044e,cmAPP:2070,cmAPP:2111,5848c205ff64ecf8,0.2685999999999999,-0.3019414291284565,0.067,0.0626999999999999,
3,training_mean,ensemble,790c224fb15729e8,cmAPP:1858,cmAPP:1903,17103b04fab21cdc,-0.0393999999999999,-0.3019414291284565,0.012,0.0139999999999999,
3,training_mean,ensemble,9bf5f3d125221e4c,cmAPP:1628,cmAPP:1673,5848c205ff64ecf8,0.1386,-0.3019414291284565,0.1333,0.0969,
3,training_mean,ensemble,aae93bc901d599ee,cmAPP:1948,cmAPP:1993,17103b04fab21cdc,0.0157999999999999,-0.3019414291284565,0.0304,0.06,
3,training_mean,ensemble,ae0b1f16d5b39dea,cmAPP:1801,cmAPP:1842,5848c205ff64ecf8,0.432,-0.3019414291284565,0.1339,0.1041,
3,training_mean,ensemble,bb68ab734a60ad5c,cmAPP:1675,cmAPP:1720,17103b04fab21cdc,0.0224,-0.3019414291284565,0.0253,0.0069999999999999,
3,training_mean,ensemble,c118eab8e379718c,cmAPP:1710,cmAPP:1751,5848c205ff64ecf8,0.2778999999999999,-0.3019414291284565,0.0418,0.0371,
3,training_mean,ensemble,c516136711beb154,cmAPP:1981,cmAPP:2022,5848c205ff64ecf8,-0.4343000000000001,-0.3019414291284565,0.0325,0.1017,
3,training_mean,ensemble,cf3a3e7485b31ba0,cmAPP:1588,cmAPP:1633,17103b04fab21cdc,-0.2547999999999999,-0.3019414291284565,0.03,0.0926999999999999,
3,training_mean,ensemble,d1d883357891e048,cmAPP:1891,cmAPP:1932,5848c205ff64ecf8,-0.3360000000000001,-0.3019414291284565,0.0024,0.1892,
3,training_mean,ensemble,d2d72d8278e8ff2f,cmAPP:1585,cmAPP:1630,17103b04fab21cdc,-0.1643999999999998,-0.3019414291284565,0.0392,0.0429,
3,training_mean,ensemble,d52d528f0aa9bd30,cmAPP:2035,cmAPP:2080,17103b04fab21cdc,-0.2289999999999998,-0.3019414291284565,0.0641,0.0755,
3,training_mean,ensemble,db264d54acc9cc94,cmAPP:1597,cmAPP:1640,9fea29da568e9bc1,-0.79,-0.3019414291284565,0.0475,0.1617,
3,training_mean,ensemble,e4cc745fd18c9923,cmAPP:2047,cmAPP:2090,9fea29da568e9bc1,-0.6328999999999999,-0.3019414291284565,0.0196,0.1439,
3,training_mean,ensemble,e52464c3fde0c9de,cmAPP:1718,cmAPP:1763,5848c205ff64ecf8,-0.361,-0.3019414291284565,0.0562,0.1673,
3,training_mean,ensemble,e6bc6fc3ddc258ff,cmAPP:2038,cmAPP:2083,17103b04fab21cdc,-0.1522,-0.3019414291284565,0.05,0.0474,
3,training_mean,ensemble,f56e1ddec22a1688,cmAPP:2078,cmAPP:2123,5848c205ff64ecf8,-0.2106999999999999,-0.3019414291284565,0.0633,0.0926999999999999,
3,training_mean,ensemble,ffc888cf36b05bc2,cmAPP:1898,cmAPP:1943,5848c205ff64ecf8,-0.1835,-0.3019414291284565,0.0184,0.0542,
3,zero,ensemble,0c7a97d50dabb197,cmAPP:2071,cmAPP:2112,5848c205ff64ecf8,-0.4119,0.0,0.0747,0.1871999999999999,
3,zero,ensemble,0d965a5abd1a268c,cmAPP:1678,cmAPP:1723,17103b04fab21cdc,-0.0541000000000001,0.0,0.0237999999999999,0.0576999999999999,
3,zero,ensemble,1711355de18f68c1,cmAPP:1957,cmAPP:2000,9fea29da568e9bc1,-0.3823999999999999,0.0,0.036,0.0544,
3,zero,ensemble,18c6d9223a20ba73,cmAPP:1980,cmAPP:2021,5848c205ff64ecf8,0.1568999999999999,0.0,0.0768,0.0052,
3,zero,ensemble,1b4f407ebbaeb5b2,cmAPP:1855,cmAPP:1900,17103b04fab21cdc,-0.0472,0.0,0.0007,0.0306999999999999,
3,zero,ensemble,1d5a6a30d03d4ace,cmAPP:1765,cmAPP:1810,17103b04fab21cdc,-0.4945,0.0,0.1205,0.1419,
3,zero,ensemble,2f48d456f6284b36,cmAPP:1687,cmAPP:1730,9fea29da568e9bc1,-0.3121,0.0,0.0704,0.0848,
3,zero,ensemble,327843b402480d74,cmAPP:1800,cmAPP:1841,5848c205ff64ecf8,0.5433,0.0,0.4465,0.1478,
3,zero,ensemble,34a0cf77853c520f,cmAPP:1808,cmAPP:1853,5848c205ff64ecf8,0.5641999999999998,0.0,0.4637,0.4285,
3,zero,ensemble,4490c940bfdaa814,cmAPP:1768,cmAPP:1813,17103b04fab21cdc,-0.935,0.0,0.1338,0.0960999999999999,
3,zero,ensemble,450bf38c165fbd1a,cmAPP:1620,cmAPP:1661,5848c205ff64ecf8,0.2362999999999999,0.0,0.0346,0.0215,
3,zero,ensemble,5216d53e06ede17c,cmAPP:1890,cmAPP:1931,5848c205ff64ecf8,0.0178,0.0,0.0196,0.001,
3,zero,ensemble,53bd4571937b65d8,cmAPP:1777,cmAPP:1820,9fea29da568e9bc1,-1.8657,0.0,0.1051,0.4839,
3,zero,ensemble,58b9f1849445a903,cmAPP:1621,cmAPP:1662,5848c205ff64ecf8,-0.1006,0.0,0.0401,0.1016,
3,zero,ensemble,5c37a4bb04018995,cmAPP:1867,cmAPP:1910,9fea29da568e9bc1,-0.276,0.0,0.0181,0.1264,
3,zero,ensemble,5e97508244c8c76c,cmAPP:1988,cmAPP:2033,5848c205ff64ecf8,-0.1647,0.0,0.0871,0.0256999999999999,
3,zero,ensemble,61808a59ae1e72f6,cmAPP:1945,cmAPP:1990,17103b04fab21cdc,-0.0222999999999999,0.0,0.0379,0.0414,
3,zero,ensemble,62cb9585f226cf4c,cmAPP:1711,cmAPP:1752,5848c205ff64ecf8,-0.5549,0.0,0.0093999999999999,0.0779,
3,zero,ensemble,6a678b00b934044e,cmAPP:2070,cmAPP:2111,5848c205ff64ecf8,0.2685999999999999,0.0,0.067,0.0626999999999999,
3,zero,ensemble,790c224fb15729e8,cmAPP:1858,cmAPP:1903,17103b04fab21cdc,-0.0393999999999999,0.0,0.012,0.0139999999999999,
3,zero,ensemble,9bf5f3d125221e4c,cmAPP:1628,cmAPP:1673,5848c205ff64ecf8,0.1386,0.0,0.1333,0.0969,
3,zero,ensemble,aae93bc901d599ee,cmAPP:1948,cmAPP:1993,17103b04fab21cdc,0.0157999999999999,0.0,0.0304,0.06,
3,zero,ensemble,ae0b1f16d5b39dea,cmAPP:1801,cmAPP:1842,5848c205ff64ecf8,0.432,0.0,0.1339,0.1041,
3,zero,ensemble,bb68ab734a60ad5c,cmAPP:1675,cmAPP:1720,17103b04fab21cdc,0.0224,0.0,0.0253,0.0069999999999999,
3,zero,ensemble,c118eab8e379718c,cmAPP:1710,cmAPP:1751,5848c205ff64ecf8,0.2778999999999999,0.0,0.0418,0.0371,
3,zero,ensemble,c516136711beb154,cmAPP:1981,cmAPP:2022,5848c205ff64ecf8,-0.4343000000000001,0.0,0.0325,0.1017,
3,zero,ensemble,cf3a3e7485b31ba0,cmAPP:1588,cmAPP:1633,17103b04fab21cdc,-0.2547999999999999,0.0,0.03,0.0926999999999999,
3,zero,ensemble,d1d883357891e048,cmAPP:1891,cmAPP:1932,5848c205ff64ecf8,-0.3360000000000001,0.0,0.0024,0.1892,
3,zero,ensemble,d2d72d8278e8ff2f,cmAPP:1585,cmAPP:1630,17103b04fab21cdc,-0.1643999999999998,0.0,0.0392,0.0429,
3,zero,ensemble,d52d528f0aa9bd30,cmAPP:2035,cmAPP:2080,17103b04fab21cdc,-0.2289999999999998,0.0,0.0641,0.0755,
3,zero,ensemble,db264d54acc9cc94,cmAPP:1597,cmAPP:1640,9fea29da568e9bc1,-0.79,0.0,0.0475,0.1617,
3,zero,ensemble,e4cc745fd18c9923,cmAPP:2047,cmAPP:2090,9fea29da568e9bc1,-0.6328999999999999,0.0,0.0196,0.1439,
3,zero,ensemble,e52464c3fde0c9de,cmAPP:1718,cmAPP:1763,5848c205ff64ecf8,-0.361,0.0,0.0562,0.1673,
3,zero,ensemble,e6bc6fc3ddc258ff,cmAPP:2038,cmAPP:2083,17103b04fab21cdc,-0.1522,0.0,0.05,0.0474,
3,zero,ensemble,f56e1ddec22a1688,cmAPP:2078,cmAPP:2123,5848c205ff64ecf8,-0.2106999999999999,0.0,0.0633,0.0926999999999999,
3,zero,ensemble,ffc888cf36b05bc2,cmAPP:1898,cmAPP:1943,5848c205ff64ecf8,-0.1835,0.0,0.0184,0.0542,
