record_id,model,seed,prediction,activity,sequence_group,target,cell
davis:S7:6,gnn,1103,0.3597422242164612,0.4213946058422857,davisS7_0,Human ATF5,U87
davis:S7:7,gnn,1103,0.33900538086891174,0.38202459953643053,davisS7_1,Human ATF5,U87
davis:S7:8,gnn,1103,0.33723554015159607,0.6226294833933798,davisS7_2,Human ATF5,U87
davis:S7:9,gnn,1103,0.4155682325363159,0.5497510143173167,davisS7_2,Human ATF5,U87
davis:S7:10,gnn,1103,0.3397160470485687,0.5578613119405877,davisS7_2,Human ATF5,U87
davis:S7:11,gnn,1103,0.32612329721450806,0.7777654346939843,davisS7_5,Human ATF5,U87
davis:S7:12,gnn,1103,0.37718039751052856,0.7923936117836525,davisS7_6,Human ATF5,U87
davis:S7:13,gnn,1103,0.32973435521125793,0.19179505192535218,davisS7_7,Human ATF5,U87
davis:S7:14,gnn,1103,0.33463650941848755,0.1501751361473258,davisS7_8,Human ATF5,U87
davis:S7:15,gnn,1103,0.34467798471450806,0.6498709056863998,davisS7_8,Human ATF5,U87
davis:S7:16,gnn,1103,0.3229002058506012,0.14470974720940144,davisS7_10,Human ATF5,U87
davis:S7:17,gnn,1103,0.2736465632915497,0.20129768076275145,davisS7_11,Human ATF5,U87
davis:S7:18,gnn,1103,0.30630627274513245,0.707414175953699,davisS7_11,Human ATF5,U87
davis:S7:19,gnn,1103,0.3103102445602417,0.6051141537013824,davisS7_13,Human ATF5,U87
davis:S7:20,gnn,1103,0.40698984265327454,0.34853317632344316,davisS7_13,Human ATF5,U87
davis:S7:21,gnn,1103,0.34880608320236206,0.2612016848088119,davisS7_15,Human ATF5,U87
davis:S7:22,gnn,1103,0.3969842195510864,0.3134144981527419,davisS7_16,Human HTT,HeLa
davis:S7:23,gnn,1103,0.3627660572528839,-0.4806344610234614,davisS7_16,Human HTT,HeLa
davis:S7:24,gnn,1103,0.3696404695510864,0.6341392782824153,davisS7_16,Human HTT,HeLa
davis:S7:25,gnn,1103,0.2823498547077179,0.1489082554313247,davisS7_16,Human HTT,HeLa
davis:S7:26,gnn,1103,0.3744478225708008,0.0636693153602933,davisS7_16,Human HTT,HeLa
davis:S7:27,gnn,1103,0.3903680443763733,-0.5713075439479689,davisS7_16,Human HTT,HeLa
davis:S7:28,gnn,1103,0.32197707891464233,-0.6521788856595239,davisS7_16,Human HTT,HeLa
davis:S7:29,gnn,1103,0.38644957542419434,0.528296762778599,davisS7_16,Human HTT,HeLa
davis:S7:30,gnn,1103,0.30366694927215576,0.3801858206102334,davisS7_16,Human HTT,HeLa
davis:S7:31,gnn,1103,0.35569533705711365,0.5130839679493463,davisS7_16,Human HTT,HeLa
davis:S7:32,gnn,1103,0.42677515745162964,0.5776531751941458,davisS7_16,Human HTT,HeLa
davis:S7:33,gnn,1103,0.3641837239265442,0.45253001549345184,davisS7_16,Human HTT,HeLa
davis:S7:34,gnn,1103,0.40557289123535156,0.08599088833803714,davisS7_16,Human HTT,HeLa
davis:S7:35,gnn,1103,0.32862383127212524,-0.1761744689312872,davisS7_16,Human HTT,HeLa
davis:S7:36,gnn,1103,0.34963226318359375,0.07950755961789524,davisS7_30,Human HTT,HeLa
davis:S7:37,gnn,1103,0.3286944031715393,-0.0030665643829392852,davisS7_30,Human HTT,HeLa
davis:S7:38,gnn,1103,0.2904937267303467,0.3392830860616495,davisS7_32,Human HTT,HeLa
davis:S7:39,gnn,1103,0.3093996047973633,0.6696264323540659,davisS7_32,Human HTT,HeLa
davis:S7:40,gnn,1103,0.3493402898311615,0.49403815197257583,davisS7_32,Human HTT,HeLa
davis:S7:41,gnn,1103,0.3422751724720001,0.3731746250737742,davisS7_35,Human HTT,HeLa
davis:S7:42,gnn,1103,0.36509647965431213,0.052906866072662706,davisS7_36,Human HTT,HeLa
davis:S7:43,gnn,1103,0.2962549030780792,0.44946879055566225,davisS7_36,Human HTT,HeLa
davis:S7:44,gnn,1103,0.3606554865837097,-0.06468016267738452,davisS7_36,Human HTT,HeLa
davis:S7:45,gnn,1103,0.3704620897769928,-0.4535419774341878,davisS7_36,Human HTT,HeLa
davis:S7:46,gnn,1103,0.2945137321949005,0.354706630082653,davisS7_16,Human HTT,HeLa
davis:S7:47,gnn,1103,0.3917089104652405,0.47642463801254964,davisS7_16,Human HTT,HeLa
davis:S7:48,gnn,1103,0.33057093620300293,0.5112465274509308,davisS7_36,Human HTT,HeLa
davis:S7:49,gnn,1103,0.33766818046569824,0.8180891999541638,davisS7_43,Human HTT,HeLa
davis:S7:50,gnn,1103,0.31551820039749146,0.17397174427131046,davisS7_44,Human HTT,HeLa
davis:S7:51,gnn,1103,0.24574553966522217,0.7517324035216936,davisS7_45,Human HTT,HeLa
davis:S7:52,gnn,1103,0.32481318712234497,0.7123934731985273,davisS7_46,Human HTT,HeLa
davis:S7:53,gnn,1103,0.3652482032775879,0.8139331676046673,davisS7_47,Human HTT,HeLa
davis:S7:54,gnn,1103,0.32028311491012573,0.6377145807101531,davisS7_47,Human HTT,HeLa
davis:S7:55,gnn,1103,0.42145100235939026,0.006656544821111776,davisS7_49,Human HTT,HeLa
davis:S7:56,gnn,1103,0.3645384609699249,0.23720580000000002,davisS7_50,Human SOD1,HeLa
davis:S7:57,gnn,1103,0.31917545199394226,0.2280268666666666,davisS7_51,Human SOD1,HeLa
davis:S7:58,gnn,1103,0.31110429763793945,0.5778000000000001,davisS7_52,Human SOD1,HeLa
davis:S7:59,gnn,1103,0.3391028940677643,0.31999466666666665,davisS7_53,Human SOD1,HeLa
davis:S7:60,gnn,1103,0.37090128660202026,0.7801191333333334,davisS7_54,Human SOD1,HeLa
davis:S7:61,gnn,1103,0.39696434140205383,0.3021619333333332,davisS7_55,Human SOD1,HeLa
davis:S7:62,gnn,1103,0.3410962224006653,0.08143403333333321,davisS7_56,Human SOD1,HeLa
davis:S7:63,gnn,1103,0.34103822708129883,0.7367888333333333,davisS7_57,Human SOD1,HeLa
davis:S7:64,gnn,1103,0.3303186595439911,0.7009508,davisS7_58,Human SOD1,HeLa
davis:S7:65,gnn,1103,0.38991302251815796,0.46130709999999997,davisS7_59,Human SOD1,HeLa
davis:S7:66,gnn,1103,0.3381531536579132,0.44501656666666667,davisS7_60,Human SOD1,HeLa
davis:S7:67,gnn,1103,0.34671851992607117,0.6030924,davisS7_60,Human SOD1,HeLa
davis:S7:68,gnn,1103,0.3055066466331482,0.3380960666666667,davisS7_60,Human SOD1,HeLa
davis:S7:69,gnn,1103,0.3366452157497406,0.27775246666666664,davisS7_63,Human SOD1,HeLa
davis:S7:70,gnn,1103,0.30213913321495056,0.1079066666666667,davisS7_64,Human SOD1,HeLa
davis:S7:71,gnn,1103,0.30448049306869507,0.33862953333333334,davisS7_65,Human SOD1,HeLa
davis:S7:72,gnn,1103,0.35786736011505127,0.1854943,davisS7_65,Human SOD1,HeLa
davis:S7:73,gnn,1103,0.33603599667549133,0.34030860000000007,davisS7_67,Human SOD1,HeLa
davis:S7:74,gnn,1103,0.2945147752761841,0.24867933333333325,davisS7_68,Human SOD1,HeLa
davis:S7:75,gnn,1103,0.35886603593826294,0.19171776666666673,davisS7_69,Human SOD1,HeLa
davis:S7:76,gnn,1103,0.3999865651130676,0.3004180000000001,davisS7_69,Human SOD1,HeLa
davis:S7:77,gnn,1103,0.40269309282302856,0.2333455000000001,davisS7_69,Human SOD1,HeLa
davis:S7:78,gnn,1103,0.36341536045074463,0.46037419999999996,davisS7_72,Human SOD1,HeLa
davis:S7:79,gnn,1103,0.31281381845474243,0.4224627666666667,davisS7_73,Human SOD1,HeLa
davis:S7:80,gnn,1103,0.31537237763404846,0.15104200907825016,davisS7_74,Human STAT3,HeLa
davis:S7:81,gnn,1103,0.2804904282093048,-0.09789124356303325,davisS7_75,Human STAT3,HeLa
davis:S7:82,gnn,1103,0.3769056499004364,0.39552980300828555,davisS7_76,Human STAT3,HeLa
davis:S7:83,gnn,1103,0.3323127329349518,0.2302376727328802,davisS7_77,Human STAT3,HeLa
davis:S7:84,gnn,1103,0.3428998291492462,0.3557002339922424,davisS7_78,Human STAT3,HeLa
davis:S7:85,gnn,1103,0.369931697845459,0.03928291274055096,davisS7_79,Human STAT3,HeLa
davis:S7:86,gnn,1103,0.2627904713153839,-0.040315941955763934,davisS7_80,Human STAT3,HeLa
davis:S7:87,gnn,1103,0.31717151403427124,0.26871350091549107,davisS7_81,Human STAT3,HeLa
davis:S7:88,gnn,1103,0.40959927439689636,0.29526825182448846,davisS7_82,Human STAT3,HeLa
davis:S7:89,gnn,1103,0.37853536009788513,0.5478951248293329,davisS7_82,Human STAT3,HeLa
davis:S7:90,gnn,1103,0.34874439239501953,0.5112643974929821,davisS7_84,Human STAT3,HeLa
davis:S7:91,gnn,1103,0.3234938681125641,0.4826011955589107,davisS7_85,Human STAT3,HeLa
davis:S7:92,gnn,1103,0.33097726106643677,0.6277545899433397,davisS7_79,Human STAT3,HeLa
davis:S7:93,gnn,1103,0.3043171763420105,0.5903712690282751,davisS7_81,Human STAT3,HeLa
davis:S7:94,gnn,1103,0.37076225876808167,0.351041187102758,davisS7_88,Human STAT3,HeLa
davis:S7:95,gnn,1103,0.4052233397960663,0.41798454661241036,davisS7_89,Human STAT3,HeLa
davis:S7:96,gnn,1103,0.37291786074638367,0.09534641202033745,davisS7_90,Human STAT3,HeLa
davis:S7:97,gnn,1103,0.33963632583618164,-0.10094444384116241,davisS7_91,Human STAT3,RAG
davis:S7:98,gnn,1103,0.2810717225074768,-0.04636779096490007,davisS7_92,Human STAT3,RAG
davis:S7:99,gnn,1103,0.3176015019416809,-0.026714183807100333,davisS7_93,Human STAT3,RAG
davis:S7:100,gnn,1103,0.3823116421699524,0.6638162034082022,davisS7_91,Human STAT3,RAG
davis:S7:101,gnn,1103,0.41374844312667847,0.493254645056441,davisS7_95,Human STAT3,RAG
davis:S7:102,gnn,1103,0.33354276418685913,-0.15172066781953153,davisS7_96,Human STAT3,RAG
davis:S7:103,gnn,1103,0.3035117983818054,0.44784935874152676,davisS7_97,Human STAT3,RAG
davis:S7:104,gnn,1103,0.4489895701408386,-0.24678702917017836,davisS7_98,Human STAT3,RAG
davis:S7:105,gnn,1103,0.31258147954940796,0.061341032083046754,davisS7_95,Human STAT3,RAG
davis:S7:106,gnn,1103,0.33969196677207947,0.7954509507757851,davisS7_100,Human STAT3,RAG
davis:S7:107,gnn,1103,0.32096388936042786,0.2044674617808293,davisS7_101,Human STAT3,RAG
davis:S7:108,gnn,1103,0.4013059139251709,0.3167838805179626,davisS7_89,Human STAT3,RAG
davis:S7:109,gnn,1103,0.3815402686595917,0.35714009047551076,davisS7_92,Human STAT3,RAG
davis:S7:110,gnn,1103,0.3503630757331848,0.8832184924509484,davisS7_104,Human STAT3,RAG
davis:S7:111,gnn,1103,0.31846848130226135,0.24732168067804183,davisS7_105,Human STAT3,RAG
davis:S7:112,gnn,1103,0.38104796409606934,0.6594424109386086,davisS7_106,Human VIM,3T3
davis:S7:113,gnn,1103,0.3610116243362427,0.5285369957068679,davisS7_107,Human VIM,3T3
davis:S7:114,gnn,1103,0.41330665349960327,0.4684836642720649,davisS7_108,Human VIM,3T3
davis:S7:115,gnn,1103,0.3297821581363678,0.18487458583364158,davisS7_109,Human VIM,3T3
davis:S7:116,gnn,1103,0.35814332962036133,0.27737019903948823,davisS7_110,Human VIM,3T3
davis:S7:117,gnn,1103,0.3340534269809723,0.42638289201492174,davisS7_111,Human VIM,3T3
davis:S7:118,gnn,1103,0.3289278745651245,0.6973846960819722,davisS7_112,Human VIM,3T3
davis:S7:119,gnn,1103,0.38787543773651123,0.7944788080809153,davisS7_112,Human VIM,3T3
davis:S7:120,gnn,1103,0.3559456467628479,0.3096549995133564,davisS7_114,Human VIM,3T3
davis:S7:121,gnn,1103,0.3461920917034149,0.5571144729660958,davisS7_115,Human VIM,3T3
davis:S7:122,gnn,1103,0.3906157612800598,0.7574053024794085,davisS7_116,Human VIM,3T3
davis:S7:123,gnn,1103,0.36006224155426025,0.32684086415844904,davisS7_108,Human VIM,3T3
davis:S7:6,gnn,2207,0.4760860800743103,0.4213946058422857,davisS7_0,Human ATF5,U87
davis:S7:7,gnn,2207,0.4724377989768982,0.38202459953643053,davisS7_1,Human ATF5,U87
davis:S7:8,gnn,2207,0.4280262887477875,0.6226294833933798,davisS7_2,Human ATF5,U87
davis:S7:9,gnn,2207,0.3994603753089905,0.5497510143173167,davisS7_2,Human ATF5,U87
davis:S7:10,gnn,2207,0.4671887755393982,0.5578613119405877,davisS7_2,Human ATF5,U87
davis:S7:11,gnn,2207,0.40807294845581055,0.7777654346939843,davisS7_5,Human ATF5,U87
davis:S7:12,gnn,2207,0.5124871730804443,0.7923936117836525,davisS7_6,Human ATF5,U87
davis:S7:13,gnn,2207,0.4542211890220642,0.19179505192535218,davisS7_7,Human ATF5,U87
davis:S7:14,gnn,2207,0.41966336965560913,0.1501751361473258,davisS7_8,Human ATF5,U87
davis:S7:15,gnn,2207,0.40708285570144653,0.6498709056863998,davisS7_8,Human ATF5,U87
davis:S7:16,gnn,2207,0.40688255429267883,0.14470974720940144,davisS7_10,Human ATF5,U87
davis:S7:17,gnn,2207,0.4000896215438843,0.20129768076275145,davisS7_11,Human ATF5,U87
davis:S7:18,gnn,2207,0.4358641505241394,0.707414175953699,davisS7_11,Human ATF5,U87
davis:S7:19,gnn,2207,0.4098952114582062,0.6051141537013824,davisS7_13,Human ATF5,U87
davis:S7:20,gnn,2207,0.4941423535346985,0.34853317632344316,davisS7_13,Human ATF5,U87
davis:S7:21,gnn,2207,0.4705345034599304,0.2612016848088119,davisS7_15,Human ATF5,U87
davis:S7:22,gnn,2207,0.4318586587905884,0.3134144981527419,davisS7_16,Human HTT,HeLa
davis:S7:23,gnn,2207,0.4588482975959778,-0.4806344610234614,davisS7_16,Human HTT,HeLa
davis:S7:24,gnn,2207,0.4894627630710602,0.6341392782824153,davisS7_16,Human HTT,HeLa
davis:S7:25,gnn,2207,0.41533201932907104,0.1489082554313247,davisS7_16,Human HTT,HeLa
davis:S7:26,gnn,2207,0.44753438234329224,0.0636693153602933,davisS7_16,Human HTT,HeLa
davis:S7:27,gnn,2207,0.4294840097427368,-0.5713075439479689,davisS7_16,Human HTT,HeLa
davis:S7:28,gnn,2207,0.3768463730812073,-0.6521788856595239,davisS7_16,Human HTT,HeLa
davis:S7:29,gnn,2207,0.47140198945999146,0.528296762778599,davisS7_16,Human HTT,HeLa
davis:S7:30,gnn,2207,0.38900065422058105,0.3801858206102334,davisS7_16,Human HTT,HeLa
davis:S7:31,gnn,2207,0.48420506715774536,0.5130839679493463,davisS7_16,Human HTT,HeLa
davis:S7:32,gnn,2207,0.4783896803855896,0.5776531751941458,davisS7_16,Human HTT,HeLa
davis:S7:33,gnn,2207,0.44273632764816284,0.45253001549345184,davisS7_16,Human HTT,HeLa
davis:S7:34,gnn,2207,0.5101428627967834,0.08599088833803714,davisS7_16,Human HTT,HeLa
davis:S7:35,gnn,2207,0.47087642550468445,-0.1761744689312872,davisS7_16,Human HTT,HeLa
davis:S7:36,gnn,2207,0.41700106859207153,0.07950755961789524,davisS7_30,Human HTT,HeLa
davis:S7:37,gnn,2207,0.3930217921733856,-0.0030665643829392852,davisS7_30,Human HTT,HeLa
davis:S7:38,gnn,2207,0.4312354326248169,0.3392830860616495,davisS7_32,Human HTT,HeLa
davis:S7:39,gnn,2207,0.4455541968345642,0.6696264323540659,davisS7_32,Human HTT,HeLa
davis:S7:40,gnn,2207,0.43172121047973633,0.49403815197257583,davisS7_32,Human HTT,HeLa
davis:S7:41,gnn,2207,0.4988868236541748,0.3731746250737742,davisS7_35,Human HTT,HeLa
davis:S7:42,gnn,2207,0.44120359420776367,0.052906866072662706,davisS7_36,Human HTT,HeLa
davis:S7:43,gnn,2207,0.44076141715049744,0.44946879055566225,davisS7_36,Human HTT,HeLa
davis:S7:44,gnn,2207,0.3749692142009735,-0.06468016267738452,davisS7_36,Human HTT,HeLa
davis:S7:45,gnn,2207,0.4352561831474304,-0.4535419774341878,davisS7_36,Human HTT,HeLa
davis:S7:46,gnn,2207,0.41332700848579407,0.354706630082653,davisS7_16,Human HTT,HeLa
davis:S7:47,gnn,2207,0.44332706928253174,0.47642463801254964,davisS7_16,Human HTT,HeLa
davis:S7:48,gnn,2207,0.4263112545013428,0.5112465274509308,davisS7_36,Human HTT,HeLa
davis:S7:49,gnn,2207,0.4016036093235016,0.8180891999541638,davisS7_43,Human HTT,HeLa
davis:S7:50,gnn,2207,0.4436038136482239,0.17397174427131046,davisS7_44,Human HTT,HeLa
davis:S7:51,gnn,2207,0.40509164333343506,0.7517324035216936,davisS7_45,Human HTT,HeLa
davis:S7:52,gnn,2207,0.45037752389907837,0.7123934731985273,davisS7_46,Human HTT,HeLa
davis:S7:53,gnn,2207,0.42662909626960754,0.8139331676046673,davisS7_47,Human HTT,HeLa
davis:S7:54,gnn,2207,0.3749712109565735,0.6377145807101531,davisS7_47,Human HTT,HeLa
davis:S7:55,gnn,2207,0.4595187306404114,0.006656544821111776,davisS7_49,Human HTT,HeLa
davis:S7:56,gnn,2207,0.45305895805358887,0.23720580000000002,davisS7_50,Human SOD1,HeLa
davis:S7:57,gnn,2207,0.41081464290618896,0.2280268666666666,davisS7_51,Human SOD1,HeLa
davis:S7:58,gnn,2207,0.4894261956214905,0.5778000000000001,davisS7_52,Human SOD1,HeLa
davis:S7:59,gnn,2207,0.3711894452571869,0.31999466666666665,davisS7_53,Human SOD1,HeLa
davis:S7:60,gnn,2207,0.48209676146507263,0.7801191333333334,davisS7_54,Human SOD1,HeLa
davis:S7:61,gnn,2207,0.4487040936946869,0.3021619333333332,davisS7_55,Human SOD1,HeLa
davis:S7:62,gnn,2207,0.42283833026885986,0.08143403333333321,davisS7_56,Human SOD1,HeLa
davis:S7:63,gnn,2207,0.453732967376709,0.7367888333333333,davisS7_57,Human SOD1,HeLa
davis:S7:64,gnn,2207,0.4265202581882477,0.7009508,davisS7_58,Human SOD1,HeLa
davis:S7:65,gnn,2207,0.5294342041015625,0.46130709999999997,davisS7_59,Human SOD1,HeLa
davis:S7:66,gnn,2207,0.38116657733917236,0.44501656666666667,davisS7_60,Human SOD1,HeLa
davis:S7:67,gnn,2207,0.4281189441680908,0.6030924,davisS7_60,Human SOD1,HeLa
davis:S7:68,gnn,2207,0.4533440172672272,0.3380960666666667,davisS7_60,Human SOD1,HeLa
davis:S7:69,gnn,2207,0.391655832529068,0.27775246666666664,davisS7_63,Human SOD1,HeLa
davis:S7:70,gnn,2207,0.4175542891025543,0.1079066666666667,davisS7_64,Human SOD1,HeLa
davis:S7:71,gnn,2207,0.4465828835964203,0.33862953333333334,davisS7_65,Human SOD1,HeLa
davis:S7:72,gnn,2207,0.4522514343261719,0.1854943,davisS7_65,Human SOD1,HeLa
davis:S7:73,gnn,2207,0.4535831809043884,0.34030860000000007,davisS7_67,Human SOD1,HeLa
davis:S7:74,gnn,2207,0.38819488883018494,0.24867933333333325,davisS7_68,Human SOD1,HeLa
davis:S7:75,gnn,2207,0.4243282377719879,0.19171776666666673,davisS7_69,Human SOD1,HeLa
davis:S7:76,gnn,2207,0.5025242567062378,0.3004180000000001,davisS7_69,Human SOD1,HeLa
davis:S7:77,gnn,2207,0.41252273321151733,0.2333455000000001,davisS7_69,Human SOD1,HeLa
davis:S7:78,gnn,2207,0.5180062055587769,0.46037419999999996,davisS7_72,Human SOD1,HeLa
davis:S7:79,gnn,2207,0.4317249655723572,0.4224627666666667,davisS7_73,Human SOD1,HeLa
davis:S7:80,gnn,2207,0.49245011806488037,0.15104200907825016,davisS7_74,Human STAT3,HeLa
davis:S7:81,gnn,2207,0.4266654849052429,-0.09789124356303325,davisS7_75,Human STAT3,HeLa
davis:S7:82,gnn,2207,0.47937390208244324,0.39552980300828555,davisS7_76,Human STAT3,HeLa
davis:S7:83,gnn,2207,0.42913562059402466,0.2302376727328802,davisS7_77,Human STAT3,HeLa
davis:S7:84,gnn,2207,0.48944157361984253,0.3557002339922424,davisS7_78,Human STAT3,HeLa
davis:S7:85,gnn,2207,0.4781827926635742,0.03928291274055096,davisS7_79,Human STAT3,HeLa
davis:S7:86,gnn,2207,0.40042224526405334,-0.040315941955763934,davisS7_80,Human STAT3,HeLa
davis:S7:87,gnn,2207,0.40994793176651,0.26871350091549107,davisS7_81,Human STAT3,HeLa
davis:S7:88,gnn,2207,0.4362495541572571,0.29526825182448846,davisS7_82,Human STAT3,HeLa
davis:S7:89,gnn,2207,0.41469720005989075,0.5478951248293329,davisS7_82,Human STAT3,HeLa
davis:S7:90,gnn,2207,0.4514633119106293,0.5112643974929821,davisS7_84,Human STAT3,HeLa
davis:S7:91,gnn,2207,0.42248010635375977,0.4826011955589107,davisS7_85,Human STAT3,HeLa
davis:S7:92,gnn,2207,0.4002271294593811,0.6277545899433397,davisS7_79,Human STAT3,HeLa
davis:S7:93,gnn,2207,0.45294493436813354,0.5903712690282751,davisS7_81,Human STAT3,HeLa
davis:S7:94,gnn,2207,0.4521371126174927,0.351041187102758,davisS7_88,Human STAT3,HeLa
davis:S7:95,gnn,2207,0.5089362859725952,0.41798454661241036,davisS7_89,Human STAT3,HeLa
davis:S7:96,gnn,2207,0.4911688566207886,0.09534641202033745,davisS7_90,Human STAT3,HeLa
davis:S7:97,gnn,2207,0.5293830037117004,-0.10094444384116241,davisS7_91,Human STAT3,RAG
davis:S7:98,gnn,2207,0.4247038960456848,-0.04636779096490007,davisS7_92,Human STAT3,RAG
davis:S7:99,gnn,2207,0.4549325108528137,-0.026714183807100333,davisS7_93,Human STAT3,RAG
davis:S7:100,gnn,2207,0.50557541847229,0.6638162034082022,davisS7_91,Human STAT3,RAG
davis:S7:101,gnn,2207,0.4821493625640869,0.493254645056441,davisS7_95,Human STAT3,RAG
davis:S7:102,gnn,2207,0.4741603136062622,-0.15172066781953153,davisS7_96,Human STAT3,RAG
davis:S7:103,gnn,2207,0.40340569615364075,0.44784935874152676,davisS7_97,Human STAT3,RAG
davis:S7:104,gnn,2207,0.5151573419570923,-0.24678702917017836,davisS7_98,Human STAT3,RAG
davis:S7:105,gnn,2207,0.4218596816062927,0.061341032083046754,davisS7_95,Human STAT3,RAG
davis:S7:106,gnn,2207,0.4337877333164215,0.7954509507757851,davisS7_100,Human STAT3,RAG
davis:S7:107,gnn,2207,0.4340588450431824,0.2044674617808293,davisS7_101,Human STAT3,RAG
davis:S7:108,gnn,2207,0.5113160014152527,0.3167838805179626,davisS7_89,Human STAT3,RAG
davis:S7:109,gnn,2207,0.47867774963378906,0.35714009047551076,davisS7_92,Human STAT3,RAG
davis:S7:110,gnn,2207,0.42608875036239624,0.8832184924509484,davisS7_104,Human STAT3,RAG
davis:S7:111,gnn,2207,0.4282682538032532,0.24732168067804183,davisS7_105,Human STAT3,RAG
davis:S7:112,gnn,2207,0.4876374304294586,0.6594424109386086,davisS7_106,Human VIM,3T3
davis:S7:113,gnn,2207,0.40970730781555176,0.5285369957068679,davisS7_107,Human VIM,3T3
davis:S7:114,gnn,2207,0.48241475224494934,0.4684836642720649,davisS7_108,Human VIM,3T3
davis:S7:115,gnn,2207,0.44706565141677856,0.18487458583364158,davisS7_109,Human VIM,3T3
davis:S7:116,gnn,2207,0.4521719217300415,0.27737019903948823,davisS7_110,Human VIM,3T3
davis:S7:117,gnn,2207,0.4085642099380493,0.42638289201492174,davisS7_111,Human VIM,3T3
davis:S7:118,gnn,2207,0.4500463902950287,0.6973846960819722,davisS7_112,Human VIM,3T3
davis:S7:119,gnn,2207,0.3810386657714844,0.7944788080809153,davisS7_112,Human VIM,3T3
davis:S7:120,gnn,2207,0.43321776390075684,0.3096549995133564,davisS7_114,Human VIM,3T3
davis:S7:121,gnn,2207,0.488178551197052,0.5571144729660958,davisS7_115,Human VIM,3T3
davis:S7:122,gnn,2207,0.4406006932258606,0.7574053024794085,davisS7_116,Human VIM,3T3
davis:S7:123,gnn,2207,0.47306615114212036,0.32684086415844904,davisS7_108,Human VIM,3T3
davis:S7:6,gnn,3301,0.3416469395160675,0.4213946058422857,davisS7_0,Human ATF5,U87
davis:S7:7,gnn,3301,0.3123716413974762,0.38202459953643053,davisS7_1,Human ATF5,U87
davis:S7:8,gnn,3301,0.3274024426937103,0.6226294833933798,davisS7_2,Human ATF5,U87
davis:S7:9,gnn,3301,0.2960101068019867,0.5497510143173167,davisS7_2,Human ATF5,U87
davis:S7:10,gnn,3301,0.30079829692840576,0.5578613119405877,davisS7_2,Human ATF5,U87
davis:S7:11,gnn,3301,0.3181810975074768,0.7777654346939843,davisS7_5,Human ATF5,U87
davis:S7:12,gnn,3301,0.33148419857025146,0.7923936117836525,davisS7_6,Human ATF5,U87
davis:S7:13,gnn,3301,0.33626702427864075,0.19179505192535218,davisS7_7,Human ATF5,U87
davis:S7:14,gnn,3301,0.2720969319343567,0.1501751361473258,davisS7_8,Human ATF5,U87
davis:S7:15,gnn,3301,0.25883880257606506,0.6498709056863998,davisS7_8,Human ATF5,U87
davis:S7:16,gnn,3301,0.28849363327026367,0.14470974720940144,davisS7_10,Human ATF5,U87
davis:S7:17,gnn,3301,0.25502726435661316,0.20129768076275145,davisS7_11,Human ATF5,U87
davis:S7:18,gnn,3301,0.26716533303260803,0.707414175953699,davisS7_11,Human ATF5,U87
davis:S7:19,gnn,3301,0.23771816492080688,0.6051141537013824,davisS7_13,Human ATF5,U87
davis:S7:20,gnn,3301,0.375969260931015,0.34853317632344316,davisS7_13,Human ATF5,U87
davis:S7:21,gnn,3301,0.35252702236175537,0.2612016848088119,davisS7_15,Human ATF5,U87
davis:S7:22,gnn,3301,0.2907135784626007,0.3134144981527419,davisS7_16,Human HTT,HeLa
davis:S7:23,gnn,3301,0.31295081973075867,-0.4806344610234614,davisS7_16,Human HTT,HeLa
davis:S7:24,gnn,3301,0.328573077917099,0.6341392782824153,davisS7_16,Human HTT,HeLa
davis:S7:25,gnn,3301,0.2582305073738098,0.1489082554313247,davisS7_16,Human HTT,HeLa
davis:S7:26,gnn,3301,0.32719549536705017,0.0636693153602933,davisS7_16,Human HTT,HeLa
davis:S7:27,gnn,3301,0.3289090692996979,-0.5713075439479689,davisS7_16,Human HTT,HeLa
davis:S7:28,gnn,3301,0.29159101843833923,-0.6521788856595239,davisS7_16,Human HTT,HeLa
davis:S7:29,gnn,3301,0.37654536962509155,0.528296762778599,davisS7_16,Human HTT,HeLa
davis:S7:30,gnn,3301,0.30551108717918396,0.3801858206102334,davisS7_16,Human HTT,HeLa
davis:S7:31,gnn,3301,0.2852204144001007,0.5130839679493463,davisS7_16,Human HTT,HeLa
davis:S7:32,gnn,3301,0.3562628924846649,0.5776531751941458,davisS7_16,Human HTT,HeLa
davis:S7:33,gnn,3301,0.28670430183410645,0.45253001549345184,davisS7_16,Human HTT,HeLa
davis:S7:34,gnn,3301,0.34416884183883667,0.08599088833803714,davisS7_16,Human HTT,HeLa
davis:S7:35,gnn,3301,0.2890864312648773,-0.1761744689312872,davisS7_16,Human HTT,HeLa
davis:S7:36,gnn,3301,0.2668916583061218,0.07950755961789524,davisS7_30,Human HTT,HeLa
davis:S7:37,gnn,3301,0.24181246757507324,-0.0030665643829392852,davisS7_30,Human HTT,HeLa
davis:S7:38,gnn,3301,0.2763833999633789,0.3392830860616495,davisS7_32,Human HTT,HeLa
davis:S7:39,gnn,3301,0.3345833718776703,0.6696264323540659,davisS7_32,Human HTT,HeLa
davis:S7:40,gnn,3301,0.3120354115962982,0.49403815197257583,davisS7_32,Human HTT,HeLa
davis:S7:41,gnn,3301,0.3716065287590027,0.3731746250737742,davisS7_35,Human HTT,HeLa
davis:S7:42,gnn,3301,0.29468730092048645,0.052906866072662706,davisS7_36,Human HTT,HeLa
davis:S7:43,gnn,3301,0.28524279594421387,0.44946879055566225,davisS7_36,Human HTT,HeLa
davis:S7:44,gnn,3301,0.30829328298568726,-0.06468016267738452,davisS7_36,Human HTT,HeLa
davis:S7:45,gnn,3301,0.34784817695617676,-0.4535419774341878,davisS7_36,Human HTT,HeLa
davis:S7:46,gnn,3301,0.2728935480117798,0.354706630082653,davisS7_16,Human HTT,HeLa
davis:S7:47,gnn,3301,0.3485492169857025,0.47642463801254964,davisS7_16,Human HTT,HeLa
davis:S7:48,gnn,3301,0.27089881896972656,0.5112465274509308,davisS7_36,Human HTT,HeLa
davis:S7:49,gnn,3301,0.30919361114501953,0.8180891999541638,davisS7_43,Human HTT,HeLa
davis:S7:50,gnn,3301,0.276774138212204,0.17397174427131046,davisS7_44,Human HTT,HeLa
davis:S7:51,gnn,3301,0.2498483657836914,0.7517324035216936,davisS7_45,Human HTT,HeLa
davis:S7:52,gnn,3301,0.2639487385749817,0.7123934731985273,davisS7_46,Human HTT,HeLa
davis:S7:53,gnn,3301,0.3129255175590515,0.8139331676046673,davisS7_47,Human HTT,HeLa
davis:S7:54,gnn,3301,0.2425849437713623,0.6377145807101531,davisS7_47,Human HTT,HeLa
davis:S7:55,gnn,3301,0.38422858715057373,0.006656544821111776,davisS7_49,Human HTT,HeLa
davis:S7:56,gnn,3301,0.36245688796043396,0.23720580000000002,davisS7_50,Human SOD1,HeLa
davis:S7:57,gnn,3301,0.31525036692619324,0.2280268666666666,davisS7_51,Human SOD1,HeLa
davis:S7:58,gnn,3301,0.2997506260871887,0.5778000000000001,davisS7_52,Human SOD1,HeLa
davis:S7:59,gnn,3301,0.26659873127937317,0.31999466666666665,davisS7_53,Human SOD1,HeLa
davis:S7:60,gnn,3301,0.3165699243545532,0.7801191333333334,davisS7_54,Human SOD1,HeLa
davis:S7:61,gnn,3301,0.3079543113708496,0.3021619333333332,davisS7_55,Human SOD1,HeLa
davis:S7:62,gnn,3301,0.3176553249359131,0.08143403333333321,davisS7_56,Human SOD1,HeLa
davis:S7:63,gnn,3301,0.341262549161911,0.7367888333333333,davisS7_57,Human SOD1,HeLa
davis:S7:64,gnn,3301,0.32009080052375793,0.7009508,davisS7_58,Human SOD1,HeLa
davis:S7:65,gnn,3301,0.379481703042984,0.46130709999999997,davisS7_59,Human SOD1,HeLa
davis:S7:66,gnn,3301,0.27988332509994507,0.44501656666666667,davisS7_60,Human SOD1,HeLa
davis:S7:67,gnn,3301,0.2788047790527344,0.6030924,davisS7_60,Human SOD1,HeLa
davis:S7:68,gnn,3301,0.28634119033813477,0.3380960666666667,davisS7_60,Human SOD1,HeLa
davis:S7:69,gnn,3301,0.28009966015815735,0.27775246666666664,davisS7_63,Human SOD1,HeLa
davis:S7:70,gnn,3301,0.2838517725467682,0.1079066666666667,davisS7_64,Human SOD1,HeLa
davis:S7:71,gnn,3301,0.2860156297683716,0.33862953333333334,davisS7_65,Human SOD1,HeLa
davis:S7:72,gnn,3301,0.319332093000412,0.1854943,davisS7_65,Human SOD1,HeLa
davis:S7:73,gnn,3301,0.29538828134536743,0.34030860000000007,davisS7_67,Human SOD1,HeLa
davis:S7:74,gnn,3301,0.27557000517845154,0.24867933333333325,davisS7_68,Human SOD1,HeLa
davis:S7:75,gnn,3301,0.2741781175136566,0.19171776666666673,davisS7_69,Human SOD1,HeLa
davis:S7:76,gnn,3301,0.37139615416526794,0.3004180000000001,davisS7_69,Human SOD1,HeLa
davis:S7:77,gnn,3301,0.3083929717540741,0.2333455000000001,davisS7_69,Human SOD1,HeLa
davis:S7:78,gnn,3301,0.35649439692497253,0.46037419999999996,davisS7_72,Human SOD1,HeLa
davis:S7:79,gnn,3301,0.28455591201782227,0.4224627666666667,davisS7_73,Human SOD1,HeLa
davis:S7:80,gnn,3301,0.30613335967063904,0.15104200907825016,davisS7_74,Human STAT3,HeLa
davis:S7:81,gnn,3301,0.25548824667930603,-0.09789124356303325,davisS7_75,Human STAT3,HeLa
davis:S7:82,gnn,3301,0.32691070437431335,0.39552980300828555,davisS7_76,Human STAT3,HeLa
davis:S7:83,gnn,3301,0.26107823848724365,0.2302376727328802,davisS7_77,Human STAT3,HeLa
davis:S7:84,gnn,3301,0.28587961196899414,0.3557002339922424,davisS7_78,Human STAT3,HeLa
davis:S7:85,gnn,3301,0.28876519203186035,0.03928291274055096,davisS7_79,Human STAT3,HeLa
davis:S7:86,gnn,3301,0.2928071618080139,-0.040315941955763934,davisS7_80,Human STAT3,HeLa
davis:S7:87,gnn,3301,0.2705366313457489,0.26871350091549107,davisS7_81,Human STAT3,HeLa
davis:S7:88,gnn,3301,0.34293195605278015,0.29526825182448846,davisS7_82,Human STAT3,HeLa
davis:S7:89,gnn,3301,0.3070475161075592,0.5478951248293329,davisS7_82,Human STAT3,HeLa
davis:S7:90,gnn,3301,0.2876371145248413,0.5112643974929821,davisS7_84,Human STAT3,HeLa
davis:S7:91,gnn,3301,0.2723706364631653,0.4826011955589107,davisS7_85,Human STAT3,HeLa
davis:S7:92,gnn,3301,0.27207255363464355,0.6277545899433397,davisS7_79,Human STAT3,HeLa
davis:S7:93,gnn,3301,0.3011755645275116,0.5903712690282751,davisS7_81,Human STAT3,HeLa
davis:S7:94,gnn,3301,0.3100862503051758,0.351041187102758,davisS7_88,Human STAT3,HeLa
davis:S7:95,gnn,3301,0.3528488874435425,0.41798454661241036,davisS7_89,Human STAT3,HeLa
davis:S7:96,gnn,3301,0.35479986667633057,0.09534641202033745,davisS7_90,Human STAT3,HeLa
davis:S7:97,gnn,3301,0.3134629726409912,-0.10094444384116241,davisS7_91,Human STAT3,RAG
davis:S7:98,gnn,3301,0.2787668704986572,-0.04636779096490007,davisS7_92,Human STAT3,RAG
davis:S7:99,gnn,3301,0.30218660831451416,-0.026714183807100333,davisS7_93,Human STAT3,RAG
davis:S7:100,gnn,3301,0.31772592663764954,0.6638162034082022,davisS7_91,Human STAT3,RAG
davis:S7:101,gnn,3301,0.3788972496986389,0.493254645056441,davisS7_95,Human STAT3,RAG
davis:S7:102,gnn,3301,0.2903836965560913,-0.15172066781953153,davisS7_96,Human STAT3,RAG
davis:S7:103,gnn,3301,0.2844035029411316,0.44784935874152676,davisS7_97,Human STAT3,RAG
davis:S7:104,gnn,3301,0.3833632469177246,-0.24678702917017836,davisS7_98,Human STAT3,RAG
davis:S7:105,gnn,3301,0.2584203779697418,0.061341032083046754,davisS7_95,Human STAT3,RAG
davis:S7:106,gnn,3301,0.2956438362598419,0.7954509507757851,davisS7_100,Human STAT3,RAG
davis:S7:107,gnn,3301,0.3163088858127594,0.2044674617808293,davisS7_101,Human STAT3,RAG
davis:S7:108,gnn,3301,0.36269018054008484,0.3167838805179626,davisS7_89,Human STAT3,RAG
davis:S7:109,gnn,3301,0.30208471417427063,0.35714009047551076,davisS7_92,Human STAT3,RAG
davis:S7:110,gnn,3301,0.30695855617523193,0.8832184924509484,davisS7_104,Human STAT3,RAG
davis:S7:111,gnn,3301,0.29500582814216614,0.24732168067804183,davisS7_105,Human STAT3,RAG
davis:S7:112,gnn,3301,0.34514158964157104,0.6594424109386086,davisS7_106,Human VIM,3T3
davis:S7:113,gnn,3301,0.29920694231987,0.5285369957068679,davisS7_107,Human VIM,3T3
davis:S7:114,gnn,3301,0.3453824818134308,0.4684836642720649,davisS7_108,Human VIM,3T3
davis:S7:115,gnn,3301,0.32556694746017456,0.18487458583364158,davisS7_109,Human VIM,3T3
davis:S7:116,gnn,3301,0.35498011112213135,0.27737019903948823,davisS7_110,Human VIM,3T3
davis:S7:117,gnn,3301,0.2646663784980774,0.42638289201492174,davisS7_111,Human VIM,3T3
davis:S7:118,gnn,3301,0.28008919954299927,0.6973846960819722,davisS7_112,Human VIM,3T3
davis:S7:119,gnn,3301,0.3281213641166687,0.7944788080809153,davisS7_112,Human VIM,3T3
davis:S7:120,gnn,3301,0.30583634972572327,0.3096549995133564,davisS7_114,Human VIM,3T3
davis:S7:121,gnn,3301,0.30177411437034607,0.5571144729660958,davisS7_115,Human VIM,3T3
davis:S7:122,gnn,3301,0.34502241015434265,0.7574053024794085,davisS7_116,Human VIM,3T3
davis:S7:123,gnn,3301,0.3212525546550751,0.32684086415844904,davisS7_108,Human VIM,3T3
davis:S7:6,chemistry_tree,1103,0.36921026548291763,0.4213946058422857,davisS7_0,Human ATF5,U87
davis:S7:7,chemistry_tree,1103,0.3851325708886579,0.38202459953643053,davisS7_1,Human ATF5,U87
davis:S7:8,chemistry_tree,1103,0.45882255785525916,0.6226294833933798,davisS7_2,Human ATF5,U87
davis:S7:9,chemistry_tree,1103,0.39055859781787994,0.5497510143173167,davisS7_2,Human ATF5,U87
davis:S7:10,chemistry_tree,1103,0.4653772460052597,0.5578613119405877,davisS7_2,Human ATF5,U87
davis:S7:11,chemistry_tree,1103,0.3959462713285778,0.7777654346939843,davisS7_5,Human ATF5,U87
davis:S7:12,chemistry_tree,1103,0.4051291289739311,0.7923936117836525,davisS7_6,Human ATF5,U87
davis:S7:13,chemistry_tree,1103,0.3729898698830774,0.19179505192535218,davisS7_7,Human ATF5,U87
davis:S7:14,chemistry_tree,1103,0.4227206384636666,0.1501751361473258,davisS7_8,Human ATF5,U87
davis:S7:15,chemistry_tree,1103,0.36436772728892775,0.6498709056863998,davisS7_8,Human ATF5,U87
davis:S7:16,chemistry_tree,1103,0.3537527302089412,0.14470974720940144,davisS7_10,Human ATF5,U87
davis:S7:17,chemistry_tree,1103,0.35176176826924127,0.20129768076275145,davisS7_11,Human ATF5,U87
davis:S7:18,chemistry_tree,1103,0.3507856704901897,0.707414175953699,davisS7_11,Human ATF5,U87
davis:S7:19,chemistry_tree,1103,0.3782892353490179,0.6051141537013824,davisS7_13,Human ATF5,U87
davis:S7:20,chemistry_tree,1103,0.46978493899760526,0.34853317632344316,davisS7_13,Human ATF5,U87
davis:S7:21,chemistry_tree,1103,0.48242365513303326,0.2612016848088119,davisS7_15,Human ATF5,U87
davis:S7:22,chemistry_tree,1103,0.396041503412972,0.3134144981527419,davisS7_16,Human HTT,HeLa
davis:S7:23,chemistry_tree,1103,0.4447899928692568,-0.4806344610234614,davisS7_16,Human HTT,HeLa
davis:S7:24,chemistry_tree,1103,0.42433031211921235,0.6341392782824153,davisS7_16,Human HTT,HeLa
davis:S7:25,chemistry_tree,1103,0.3775878951213383,0.1489082554313247,davisS7_16,Human HTT,HeLa
davis:S7:26,chemistry_tree,1103,0.40845275278052295,0.0636693153602933,davisS7_16,Human HTT,HeLa
davis:S7:27,chemistry_tree,1103,0.43850747965045467,-0.5713075439479689,davisS7_16,Human HTT,HeLa
davis:S7:28,chemistry_tree,1103,0.428746640919139,-0.6521788856595239,davisS7_16,Human HTT,HeLa
davis:S7:29,chemistry_tree,1103,0.4097009894065797,0.528296762778599,davisS7_16,Human HTT,HeLa
davis:S7:30,chemistry_tree,1103,0.3890372097848612,0.3801858206102334,davisS7_16,Human HTT,HeLa
davis:S7:31,chemistry_tree,1103,0.47414501582250956,0.5130839679493463,davisS7_16,Human HTT,HeLa
davis:S7:32,chemistry_tree,1103,0.3956523204898536,0.5776531751941458,davisS7_16,Human HTT,HeLa
davis:S7:33,chemistry_tree,1103,0.3909622150108313,0.45253001549345184,davisS7_16,Human HTT,HeLa
davis:S7:34,chemistry_tree,1103,0.45750529685815583,0.08599088833803714,davisS7_16,Human HTT,HeLa
davis:S7:35,chemistry_tree,1103,0.38175213047211853,-0.1761744689312872,davisS7_16,Human HTT,HeLa
davis:S7:36,chemistry_tree,1103,0.39195912092923807,0.07950755961789524,davisS7_30,Human HTT,HeLa
davis:S7:37,chemistry_tree,1103,0.3815189435218181,-0.0030665643829392852,davisS7_30,Human HTT,HeLa
davis:S7:38,chemistry_tree,1103,0.3681023138070862,0.3392830860616495,davisS7_32,Human HTT,HeLa
davis:S7:39,chemistry_tree,1103,0.38128433517566485,0.6696264323540659,davisS7_32,Human HTT,HeLa
davis:S7:40,chemistry_tree,1103,0.3598173887889375,0.49403815197257583,davisS7_32,Human HTT,HeLa
davis:S7:41,chemistry_tree,1103,0.43887878582273343,0.3731746250737742,davisS7_35,Human HTT,HeLa
davis:S7:42,chemistry_tree,1103,0.4349758992439059,0.052906866072662706,davisS7_36,Human HTT,HeLa
davis:S7:43,chemistry_tree,1103,0.3834999180171209,0.44946879055566225,davisS7_36,Human HTT,HeLa
davis:S7:44,chemistry_tree,1103,0.37723959749337255,-0.06468016267738452,davisS7_36,Human HTT,HeLa
davis:S7:45,chemistry_tree,1103,0.5052875858367412,-0.4535419774341878,davisS7_36,Human HTT,HeLa
davis:S7:46,chemistry_tree,1103,0.3754792181770269,0.354706630082653,davisS7_16,Human HTT,HeLa
davis:S7:47,chemistry_tree,1103,0.3717288157268699,0.47642463801254964,davisS7_16,Human HTT,HeLa
davis:S7:48,chemistry_tree,1103,0.3860395265947002,0.5112465274509308,davisS7_36,Human HTT,HeLa
davis:S7:49,chemistry_tree,1103,0.37607555489660693,0.8180891999541638,davisS7_43,Human HTT,HeLa
davis:S7:50,chemistry_tree,1103,0.3726678240218424,0.17397174427131046,davisS7_44,Human HTT,HeLa
davis:S7:51,chemistry_tree,1103,0.3556350677569031,0.7517324035216936,davisS7_45,Human HTT,HeLa
davis:S7:52,chemistry_tree,1103,0.37657627825516143,0.7123934731985273,davisS7_46,Human HTT,HeLa
davis:S7:53,chemistry_tree,1103,0.41170774617287065,0.8139331676046673,davisS7_47,Human HTT,HeLa
davis:S7:54,chemistry_tree,1103,0.3668907737156077,0.6377145807101531,davisS7_47,Human HTT,HeLa
davis:S7:55,chemistry_tree,1103,0.4680573246865286,0.006656544821111776,davisS7_49,Human HTT,HeLa
davis:S7:56,chemistry_tree,1103,0.40264608940358076,0.23720580000000002,davisS7_50,Human SOD1,HeLa
davis:S7:57,chemistry_tree,1103,0.4482782747665477,0.2280268666666666,davisS7_51,Human SOD1,HeLa
davis:S7:58,chemistry_tree,1103,0.44782164593627005,0.5778000000000001,davisS7_52,Human SOD1,HeLa
davis:S7:59,chemistry_tree,1103,0.3639811211461336,0.31999466666666665,davisS7_53,Human SOD1,HeLa
davis:S7:60,chemistry_tree,1103,0.4209023563371916,0.7801191333333334,davisS7_54,Human SOD1,HeLa
davis:S7:61,chemistry_tree,1103,0.47158355057309864,0.3021619333333332,davisS7_55,Human SOD1,HeLa
davis:S7:62,chemistry_tree,1103,0.39651955046666115,0.08143403333333321,davisS7_56,Human SOD1,HeLa
davis:S7:63,chemistry_tree,1103,0.3741732941365342,0.7367888333333333,davisS7_57,Human SOD1,HeLa
davis:S7:64,chemistry_tree,1103,0.4100989880604126,0.7009508,davisS7_58,Human SOD1,HeLa
davis:S7:65,chemistry_tree,1103,0.40828603435659333,0.46130709999999997,davisS7_59,Human SOD1,HeLa
davis:S7:66,chemistry_tree,1103,0.3610162978581504,0.44501656666666667,davisS7_60,Human SOD1,HeLa
davis:S7:67,chemistry_tree,1103,0.3808776297646237,0.6030924,davisS7_60,Human SOD1,HeLa
davis:S7:68,chemistry_tree,1103,0.45227213825935564,0.3380960666666667,davisS7_60,Human SOD1,HeLa
davis:S7:69,chemistry_tree,1103,0.3729393537911602,0.27775246666666664,davisS7_63,Human SOD1,HeLa
davis:S7:70,chemistry_tree,1103,0.4610211728713581,0.1079066666666667,davisS7_64,Human SOD1,HeLa
davis:S7:71,chemistry_tree,1103,0.44505740954404244,0.33862953333333334,davisS7_65,Human SOD1,HeLa
davis:S7:72,chemistry_tree,1103,0.40376692057268543,0.1854943,davisS7_65,Human SOD1,HeLa
davis:S7:73,chemistry_tree,1103,0.40622989762712547,0.34030860000000007,davisS7_67,Human SOD1,HeLa
davis:S7:74,chemistry_tree,1103,0.33965140407446837,0.24867933333333325,davisS7_68,Human SOD1,HeLa
davis:S7:75,chemistry_tree,1103,0.3970194260063806,0.19171776666666673,davisS7_69,Human SOD1,HeLa
davis:S7:76,chemistry_tree,1103,0.4079756561275777,0.3004180000000001,davisS7_69,Human SOD1,HeLa
davis:S7:77,chemistry_tree,1103,0.40712457630246063,0.2333455000000001,davisS7_69,Human SOD1,HeLa
davis:S7:78,chemistry_tree,1103,0.3898898664691376,0.46037419999999996,davisS7_72,Human SOD1,HeLa
davis:S7:79,chemistry_tree,1103,0.4009231504139035,0.4224627666666667,davisS7_73,Human SOD1,HeLa
davis:S7:80,chemistry_tree,1103,0.3685074437470793,0.15104200907825016,davisS7_74,Human STAT3,HeLa
davis:S7:81,chemistry_tree,1103,0.39576702819853515,-0.09789124356303325,davisS7_75,Human STAT3,HeLa
davis:S7:82,chemistry_tree,1103,0.38386321402229695,0.39552980300828555,davisS7_76,Human STAT3,HeLa
davis:S7:83,chemistry_tree,1103,0.4328420129995511,0.2302376727328802,davisS7_77,Human STAT3,HeLa
davis:S7:84,chemistry_tree,1103,0.43190001726611965,0.3557002339922424,davisS7_78,Human STAT3,HeLa
davis:S7:85,chemistry_tree,1103,0.38300868749655936,0.03928291274055096,davisS7_79,Human STAT3,HeLa
davis:S7:86,chemistry_tree,1103,0.3764103957375914,-0.040315941955763934,davisS7_80,Human STAT3,HeLa
davis:S7:87,chemistry_tree,1103,0.37617850904720385,0.26871350091549107,davisS7_81,Human STAT3,HeLa
davis:S7:88,chemistry_tree,1103,0.47455809819887906,0.29526825182448846,davisS7_82,Human STAT3,HeLa
davis:S7:89,chemistry_tree,1103,0.44601925383474833,0.5478951248293329,davisS7_82,Human STAT3,HeLa
davis:S7:90,chemistry_tree,1103,0.39078716842743244,0.5112643974929821,davisS7_84,Human STAT3,HeLa
davis:S7:91,chemistry_tree,1103,0.38969679066575663,0.4826011955589107,davisS7_85,Human STAT3,HeLa
davis:S7:92,chemistry_tree,1103,0.3782620971520833,0.6277545899433397,davisS7_79,Human STAT3,HeLa
davis:S7:93,chemistry_tree,1103,0.39222149782897575,0.5903712690282751,davisS7_81,Human STAT3,HeLa
davis:S7:94,chemistry_tree,1103,0.45167255583072896,0.351041187102758,davisS7_88,Human STAT3,HeLa
davis:S7:95,chemistry_tree,1103,0.4275483966489072,0.41798454661241036,davisS7_89,Human STAT3,HeLa
davis:S7:96,chemistry_tree,1103,0.4458897567469492,0.09534641202033745,davisS7_90,Human STAT3,HeLa
davis:S7:97,chemistry_tree,1103,0.3868567939523745,-0.10094444384116241,davisS7_91,Human STAT3,RAG
davis:S7:98,chemistry_tree,1103,0.42880999792565677,-0.04636779096490007,davisS7_92,Human STAT3,RAG
davis:S7:99,chemistry_tree,1103,0.43728472387080786,-0.026714183807100333,davisS7_93,Human STAT3,RAG
davis:S7:100,chemistry_tree,1103,0.3876887575035375,0.6638162034082022,davisS7_91,Human STAT3,RAG
davis:S7:101,chemistry_tree,1103,0.4323180981241074,0.493254645056441,davisS7_95,Human STAT3,RAG
davis:S7:102,chemistry_tree,1103,0.3830026470247673,-0.15172066781953153,davisS7_96,Human STAT3,RAG
davis:S7:103,chemistry_tree,1103,0.37762134391659835,0.44784935874152676,davisS7_97,Human STAT3,RAG
davis:S7:104,chemistry_tree,1103,0.4011223165050451,-0.24678702917017836,davisS7_98,Human STAT3,RAG
davis:S7:105,chemistry_tree,1103,0.3747956976494313,0.061341032083046754,davisS7_95,Human STAT3,RAG
davis:S7:106,chemistry_tree,1103,0.46267066977353416,0.7954509507757851,davisS7_100,Human STAT3,RAG
davis:S7:107,chemistry_tree,1103,0.4301810915163706,0.2044674617808293,davisS7_101,Human STAT3,RAG
davis:S7:108,chemistry_tree,1103,0.43225519910661103,0.3167838805179626,davisS7_89,Human STAT3,RAG
davis:S7:109,chemistry_tree,1103,0.42240461136876617,0.35714009047551076,davisS7_92,Human STAT3,RAG
davis:S7:110,chemistry_tree,1103,0.36902334401608866,0.8832184924509484,davisS7_104,Human STAT3,RAG
davis:S7:111,chemistry_tree,1103,0.3629592552138871,0.24732168067804183,davisS7_105,Human STAT3,RAG
davis:S7:112,chemistry_tree,1103,0.40241418176592547,0.6594424109386086,davisS7_106,Human VIM,3T3
davis:S7:113,chemistry_tree,1103,0.4077727766336363,0.5285369957068679,davisS7_107,Human VIM,3T3
davis:S7:114,chemistry_tree,1103,0.4308558266458231,0.4684836642720649,davisS7_108,Human VIM,3T3
davis:S7:115,chemistry_tree,1103,0.38003801755585614,0.18487458583364158,davisS7_109,Human VIM,3T3
davis:S7:116,chemistry_tree,1103,0.4190436728221076,0.27737019903948823,davisS7_110,Human VIM,3T3
davis:S7:117,chemistry_tree,1103,0.3542016440538781,0.42638289201492174,davisS7_111,Human VIM,3T3
davis:S7:118,chemistry_tree,1103,0.38840703085353556,0.6973846960819722,davisS7_112,Human VIM,3T3
davis:S7:119,chemistry_tree,1103,0.3824303849802589,0.7944788080809153,davisS7_112,Human VIM,3T3
davis:S7:120,chemistry_tree,1103,0.3778420454159545,0.3096549995133564,davisS7_114,Human VIM,3T3
davis:S7:121,chemistry_tree,1103,0.4036693388302522,0.5571144729660958,davisS7_115,Human VIM,3T3
davis:S7:122,chemistry_tree,1103,0.40684811784940433,0.7574053024794085,davisS7_116,Human VIM,3T3
davis:S7:123,chemistry_tree,1103,0.50830892261541,0.32684086415844904,davisS7_108,Human VIM,3T3
davis:S7:6,chemistry_tree,2207,0.38446564374824826,0.4213946058422857,davisS7_0,Human ATF5,U87
davis:S7:7,chemistry_tree,2207,0.40708150414888966,0.38202459953643053,davisS7_1,Human ATF5,U87
davis:S7:8,chemistry_tree,2207,0.49197828551100087,0.6226294833933798,davisS7_2,Human ATF5,U87
davis:S7:9,chemistry_tree,2207,0.4136673182418445,0.5497510143173167,davisS7_2,Human ATF5,U87
davis:S7:10,chemistry_tree,2207,0.45795023237052856,0.5578613119405877,davisS7_2,Human ATF5,U87
davis:S7:11,chemistry_tree,2207,0.4264532901535424,0.7777654346939843,davisS7_5,Human ATF5,U87
davis:S7:12,chemistry_tree,2207,0.4273789196618821,0.7923936117836525,davisS7_6,Human ATF5,U87
davis:S7:13,chemistry_tree,2207,0.39385240895809237,0.19179505192535218,davisS7_7,Human ATF5,U87
davis:S7:14,chemistry_tree,2207,0.4328191051858775,0.1501751361473258,davisS7_8,Human ATF5,U87
davis:S7:15,chemistry_tree,2207,0.39457321644665,0.6498709056863998,davisS7_8,Human ATF5,U87
davis:S7:16,chemistry_tree,2207,0.37975199315715813,0.14470974720940144,davisS7_10,Human ATF5,U87
davis:S7:17,chemistry_tree,2207,0.3724645049073046,0.20129768076275145,davisS7_11,Human ATF5,U87
davis:S7:18,chemistry_tree,2207,0.37447796119410787,0.707414175953699,davisS7_11,Human ATF5,U87
davis:S7:19,chemistry_tree,2207,0.38209530540199066,0.6051141537013824,davisS7_13,Human ATF5,U87
davis:S7:20,chemistry_tree,2207,0.48858391039870536,0.34853317632344316,davisS7_13,Human ATF5,U87
davis:S7:21,chemistry_tree,2207,0.5006716545507729,0.2612016848088119,davisS7_15,Human ATF5,U87
davis:S7:22,chemistry_tree,2207,0.43370285863776437,0.3134144981527419,davisS7_16,Human HTT,HeLa
davis:S7:23,chemistry_tree,2207,0.46495648443266663,-0.4806344610234614,davisS7_16,Human HTT,HeLa
davis:S7:24,chemistry_tree,2207,0.4135112637653242,0.6341392782824153,davisS7_16,Human HTT,HeLa
davis:S7:25,chemistry_tree,2207,0.3669447039610633,0.1489082554313247,davisS7_16,Human HTT,HeLa
davis:S7:26,chemistry_tree,2207,0.4493730658107772,0.0636693153602933,davisS7_16,Human HTT,HeLa
davis:S7:27,chemistry_tree,2207,0.4521711907358526,-0.5713075439479689,davisS7_16,Human HTT,HeLa
davis:S7:28,chemistry_tree,2207,0.44116347510459064,-0.6521788856595239,davisS7_16,Human HTT,HeLa
davis:S7:29,chemistry_tree,2207,0.4415275194797627,0.528296762778599,davisS7_16,Human HTT,HeLa
davis:S7:30,chemistry_tree,2207,0.3938502322967242,0.3801858206102334,davisS7_16,Human HTT,HeLa
davis:S7:31,chemistry_tree,2207,0.4847789620991177,0.5130839679493463,davisS7_16,Human HTT,HeLa
davis:S7:32,chemistry_tree,2207,0.42350479578859246,0.5776531751941458,davisS7_16,Human HTT,HeLa
davis:S7:33,chemistry_tree,2207,0.3979683652135898,0.45253001549345184,davisS7_16,Human HTT,HeLa
davis:S7:34,chemistry_tree,2207,0.43897546522706665,0.08599088833803714,davisS7_16,Human HTT,HeLa
davis:S7:35,chemistry_tree,2207,0.39430104747730416,-0.1761744689312872,davisS7_16,Human HTT,HeLa
davis:S7:36,chemistry_tree,2207,0.3780624494783471,0.07950755961789524,davisS7_30,Human HTT,HeLa
davis:S7:37,chemistry_tree,2207,0.37568299152442497,-0.0030665643829392852,davisS7_30,Human HTT,HeLa
davis:S7:38,chemistry_tree,2207,0.3879889327220935,0.3392830860616495,davisS7_32,Human HTT,HeLa
davis:S7:39,chemistry_tree,2207,0.38331333504593057,0.6696264323540659,davisS7_32,Human HTT,HeLa
davis:S7:40,chemistry_tree,2207,0.3783775920373824,0.49403815197257583,davisS7_32,Human HTT,HeLa
davis:S7:41,chemistry_tree,2207,0.45312985086676716,0.3731746250737742,davisS7_35,Human HTT,HeLa
davis:S7:42,chemistry_tree,2207,0.44391580700686245,0.052906866072662706,davisS7_36,Human HTT,HeLa
davis:S7:43,chemistry_tree,2207,0.38431338969829604,0.44946879055566225,davisS7_36,Human HTT,HeLa
davis:S7:44,chemistry_tree,2207,0.39611484563906885,-0.06468016267738452,davisS7_36,Human HTT,HeLa
davis:S7:45,chemistry_tree,2207,0.5048919449028495,-0.4535419774341878,davisS7_36,Human HTT,HeLa
davis:S7:46,chemistry_tree,2207,0.37526227674234475,0.354706630082653,davisS7_16,Human HTT,HeLa
davis:S7:47,chemistry_tree,2207,0.3914074591576216,0.47642463801254964,davisS7_16,Human HTT,HeLa
davis:S7:48,chemistry_tree,2207,0.4088472954790375,0.5112465274509308,davisS7_36,Human HTT,HeLa
davis:S7:49,chemistry_tree,2207,0.38971891518787977,0.8180891999541638,davisS7_43,Human HTT,HeLa
davis:S7:50,chemistry_tree,2207,0.37887094722279796,0.17397174427131046,davisS7_44,Human HTT,HeLa
davis:S7:51,chemistry_tree,2207,0.37189099812674403,0.7517324035216936,davisS7_45,Human HTT,HeLa
davis:S7:52,chemistry_tree,2207,0.435098771705568,0.7123934731985273,davisS7_46,Human HTT,HeLa
davis:S7:53,chemistry_tree,2207,0.4384212458528524,0.8139331676046673,davisS7_47,Human HTT,HeLa
davis:S7:54,chemistry_tree,2207,0.3794531382187487,0.6377145807101531,davisS7_47,Human HTT,HeLa
davis:S7:55,chemistry_tree,2207,0.46733605620040636,0.006656544821111776,davisS7_49,Human HTT,HeLa
davis:S7:56,chemistry_tree,2207,0.412251461819476,0.23720580000000002,davisS7_50,Human SOD1,HeLa
davis:S7:57,chemistry_tree,2207,0.454917666392188,0.2280268666666666,davisS7_51,Human SOD1,HeLa
davis:S7:58,chemistry_tree,2207,0.45051715412306803,0.5778000000000001,davisS7_52,Human SOD1,HeLa
davis:S7:59,chemistry_tree,2207,0.3895977914481914,0.31999466666666665,davisS7_53,Human SOD1,HeLa
davis:S7:60,chemistry_tree,2207,0.42243298379683103,0.7801191333333334,davisS7_54,Human SOD1,HeLa
davis:S7:61,chemistry_tree,2207,0.4523812191356378,0.3021619333333332,davisS7_55,Human SOD1,HeLa
davis:S7:62,chemistry_tree,2207,0.42791769797579293,0.08143403333333321,davisS7_56,Human SOD1,HeLa
davis:S7:63,chemistry_tree,2207,0.3953143219267032,0.7367888333333333,davisS7_57,Human SOD1,HeLa
davis:S7:64,chemistry_tree,2207,0.39720730502022594,0.7009508,davisS7_58,Human SOD1,HeLa
davis:S7:65,chemistry_tree,2207,0.4185665455816019,0.46130709999999997,davisS7_59,Human SOD1,HeLa
davis:S7:66,chemistry_tree,2207,0.38916813878177114,0.44501656666666667,davisS7_60,Human SOD1,HeLa
davis:S7:67,chemistry_tree,2207,0.387452928963327,0.6030924,davisS7_60,Human SOD1,HeLa
davis:S7:68,chemistry_tree,2207,0.4445321669146535,0.3380960666666667,davisS7_60,Human SOD1,HeLa
davis:S7:69,chemistry_tree,2207,0.3964595710942996,0.27775246666666664,davisS7_63,Human SOD1,HeLa
davis:S7:70,chemistry_tree,2207,0.4817816849860142,0.1079066666666667,davisS7_64,Human SOD1,HeLa
davis:S7:71,chemistry_tree,2207,0.44740438651762304,0.33862953333333334,davisS7_65,Human SOD1,HeLa
davis:S7:72,chemistry_tree,2207,0.40507312936382256,0.1854943,davisS7_65,Human SOD1,HeLa
davis:S7:73,chemistry_tree,2207,0.40873311393899886,0.34030860000000007,davisS7_67,Human SOD1,HeLa
davis:S7:74,chemistry_tree,2207,0.3751289068364996,0.24867933333333325,davisS7_68,Human SOD1,HeLa
davis:S7:75,chemistry_tree,2207,0.402766123082649,0.19171776666666673,davisS7_69,Human SOD1,HeLa
davis:S7:76,chemistry_tree,2207,0.4513259700197611,0.3004180000000001,davisS7_69,Human SOD1,HeLa
davis:S7:77,chemistry_tree,2207,0.43081284621334115,0.2333455000000001,davisS7_69,Human SOD1,HeLa
davis:S7:78,chemistry_tree,2207,0.4082267865230037,0.46037419999999996,davisS7_72,Human SOD1,HeLa
davis:S7:79,chemistry_tree,2207,0.4004078893102805,0.4224627666666667,davisS7_73,Human SOD1,HeLa
davis:S7:80,chemistry_tree,2207,0.4065347199838049,0.15104200907825016,davisS7_74,Human STAT3,HeLa
davis:S7:81,chemistry_tree,2207,0.40919249588677575,-0.09789124356303325,davisS7_75,Human STAT3,HeLa
davis:S7:82,chemistry_tree,2207,0.3786213566777283,0.39552980300828555,davisS7_76,Human STAT3,HeLa
davis:S7:83,chemistry_tree,2207,0.4168560866872685,0.2302376727328802,davisS7_77,Human STAT3,HeLa
davis:S7:84,chemistry_tree,2207,0.4501659195431828,0.3557002339922424,davisS7_78,Human STAT3,HeLa
davis:S7:85,chemistry_tree,2207,0.4095847217248043,0.03928291274055096,davisS7_79,Human STAT3,HeLa
davis:S7:86,chemistry_tree,2207,0.37807526133094255,-0.040315941955763934,davisS7_80,Human STAT3,HeLa
davis:S7:87,chemistry_tree,2207,0.3951550450516287,0.26871350091549107,davisS7_81,Human STAT3,HeLa
davis:S7:88,chemistry_tree,2207,0.4940557094340187,0.29526825182448846,davisS7_82,Human STAT3,HeLa
davis:S7:89,chemistry_tree,2207,0.45255132713008595,0.5478951248293329,davisS7_82,Human STAT3,HeLa
davis:S7:90,chemistry_tree,2207,0.40146986406131907,0.5112643974929821,davisS7_84,Human STAT3,HeLa
davis:S7:91,chemistry_tree,2207,0.39088043507561276,0.4826011955589107,davisS7_85,Human STAT3,HeLa
davis:S7:92,chemistry_tree,2207,0.41448343900117174,0.6277545899433397,davisS7_79,Human STAT3,HeLa
davis:S7:93,chemistry_tree,2207,0.4210568948909715,0.5903712690282751,davisS7_81,Human STAT3,HeLa
davis:S7:94,chemistry_tree,2207,0.4615832398914472,0.351041187102758,davisS7_88,Human STAT3,HeLa
davis:S7:95,chemistry_tree,2207,0.4502400540045858,0.41798454661241036,davisS7_89,Human STAT3,HeLa
davis:S7:96,chemistry_tree,2207,0.46318243505575774,0.09534641202033745,davisS7_90,Human STAT3,HeLa
davis:S7:97,chemistry_tree,2207,0.42106222882000777,-0.10094444384116241,davisS7_91,Human STAT3,RAG
davis:S7:98,chemistry_tree,2207,0.4317757629619942,-0.04636779096490007,davisS7_92,Human STAT3,RAG
davis:S7:99,chemistry_tree,2207,0.44749887420783857,-0.026714183807100333,davisS7_93,Human STAT3,RAG
davis:S7:100,chemistry_tree,2207,0.39541268104558286,0.6638162034082022,davisS7_91,Human STAT3,RAG
davis:S7:101,chemistry_tree,2207,0.4624425094255682,0.493254645056441,davisS7_95,Human STAT3,RAG
davis:S7:102,chemistry_tree,2207,0.41996835340833555,-0.15172066781953153,davisS7_96,Human STAT3,RAG
davis:S7:103,chemistry_tree,2207,0.40036031112052944,0.44784935874152676,davisS7_97,Human STAT3,RAG
davis:S7:104,chemistry_tree,2207,0.4059818581158098,-0.24678702917017836,davisS7_98,Human STAT3,RAG
davis:S7:105,chemistry_tree,2207,0.38299699294225065,0.061341032083046754,davisS7_95,Human STAT3,RAG
davis:S7:106,chemistry_tree,2207,0.46371484356137566,0.7954509507757851,davisS7_100,Human STAT3,RAG
davis:S7:107,chemistry_tree,2207,0.4347521999852687,0.2044674617808293,davisS7_101,Human STAT3,RAG
davis:S7:108,chemistry_tree,2207,0.4499570646057273,0.3167838805179626,davisS7_89,Human STAT3,RAG
davis:S7:109,chemistry_tree,2207,0.4352405182000217,0.35714009047551076,davisS7_92,Human STAT3,RAG
davis:S7:110,chemistry_tree,2207,0.3821024457781763,0.8832184924509484,davisS7_104,Human STAT3,RAG
davis:S7:111,chemistry_tree,2207,0.39261895190101453,0.24732168067804183,davisS7_105,Human STAT3,RAG
davis:S7:112,chemistry_tree,2207,0.40862624549802307,0.6594424109386086,davisS7_106,Human VIM,3T3
davis:S7:113,chemistry_tree,2207,0.4354823913496741,0.5285369957068679,davisS7_107,Human VIM,3T3
davis:S7:114,chemistry_tree,2207,0.4520238931032838,0.4684836642720649,davisS7_108,Human VIM,3T3
davis:S7:115,chemistry_tree,2207,0.39165204593323083,0.18487458583364158,davisS7_109,Human VIM,3T3
davis:S7:116,chemistry_tree,2207,0.4294995990325208,0.27737019903948823,davisS7_110,Human VIM,3T3
davis:S7:117,chemistry_tree,2207,0.3851565587182958,0.42638289201492174,davisS7_111,Human VIM,3T3
davis:S7:118,chemistry_tree,2207,0.3921045797905493,0.6973846960819722,davisS7_112,Human VIM,3T3
davis:S7:119,chemistry_tree,2207,0.39190639356711093,0.7944788080809153,davisS7_112,Human VIM,3T3
davis:S7:120,chemistry_tree,2207,0.3854048742058227,0.3096549995133564,davisS7_114,Human VIM,3T3
davis:S7:121,chemistry_tree,2207,0.39308867598333513,0.5571144729660958,davisS7_115,Human VIM,3T3
davis:S7:122,chemistry_tree,2207,0.410507086594047,0.7574053024794085,davisS7_116,Human VIM,3T3
davis:S7:123,chemistry_tree,2207,0.5196298273162117,0.32684086415844904,davisS7_108,Human VIM,3T3
davis:S7:6,chemistry_tree,3301,0.38034508417790247,0.4213946058422857,davisS7_0,Human ATF5,U87
davis:S7:7,chemistry_tree,3301,0.4117748938675693,0.38202459953643053,davisS7_1,Human ATF5,U87
davis:S7:8,chemistry_tree,3301,0.4969916362363411,0.6226294833933798,davisS7_2,Human ATF5,U87
davis:S7:9,chemistry_tree,3301,0.39340704086867107,0.5497510143173167,davisS7_2,Human ATF5,U87
davis:S7:10,chemistry_tree,3301,0.434035693948202,0.5578613119405877,davisS7_2,Human ATF5,U87
davis:S7:11,chemistry_tree,3301,0.42529362014980543,0.7777654346939843,davisS7_5,Human ATF5,U87
davis:S7:12,chemistry_tree,3301,0.40958701691449656,0.7923936117836525,davisS7_6,Human ATF5,U87
davis:S7:13,chemistry_tree,3301,0.4018838525322953,0.19179505192535218,davisS7_7,Human ATF5,U87
davis:S7:14,chemistry_tree,3301,0.4096661493214689,0.1501751361473258,davisS7_8,Human ATF5,U87
davis:S7:15,chemistry_tree,3301,0.3848116658795195,0.6498709056863998,davisS7_8,Human ATF5,U87
davis:S7:16,chemistry_tree,3301,0.37887984551609205,0.14470974720940144,davisS7_10,Human ATF5,U87
davis:S7:17,chemistry_tree,3301,0.36818895418170244,0.20129768076275145,davisS7_11,Human ATF5,U87
davis:S7:18,chemistry_tree,3301,0.3751459632274659,0.707414175953699,davisS7_11,Human ATF5,U87
davis:S7:19,chemistry_tree,3301,0.3912382442074903,0.6051141537013824,davisS7_13,Human ATF5,U87
davis:S7:20,chemistry_tree,3301,0.47311984638886506,0.34853317632344316,davisS7_13,Human ATF5,U87
davis:S7:21,chemistry_tree,3301,0.48097749434051695,0.2612016848088119,davisS7_15,Human ATF5,U87
davis:S7:22,chemistry_tree,3301,0.4447249492659662,0.3134144981527419,davisS7_16,Human HTT,HeLa
davis:S7:23,chemistry_tree,3301,0.4516535268903702,-0.4806344610234614,davisS7_16,Human HTT,HeLa
davis:S7:24,chemistry_tree,3301,0.42442381791091266,0.6341392782824153,davisS7_16,Human HTT,HeLa
davis:S7:25,chemistry_tree,3301,0.37458921918945104,0.1489082554313247,davisS7_16,Human HTT,HeLa
davis:S7:26,chemistry_tree,3301,0.44788638904429606,0.0636693153602933,davisS7_16,Human HTT,HeLa
davis:S7:27,chemistry_tree,3301,0.42344357175565556,-0.5713075439479689,davisS7_16,Human HTT,HeLa
davis:S7:28,chemistry_tree,3301,0.4060832348835907,-0.6521788856595239,davisS7_16,Human HTT,HeLa
davis:S7:29,chemistry_tree,3301,0.44294407097366334,0.528296762778599,davisS7_16,Human HTT,HeLa
davis:S7:30,chemistry_tree,3301,0.3853581005284317,0.3801858206102334,davisS7_16,Human HTT,HeLa
davis:S7:31,chemistry_tree,3301,0.4721988827304959,0.5130839679493463,davisS7_16,Human HTT,HeLa
davis:S7:32,chemistry_tree,3301,0.41489467086631376,0.5776531751941458,davisS7_16,Human HTT,HeLa
davis:S7:33,chemistry_tree,3301,0.3920164817989405,0.45253001549345184,davisS7_16,Human HTT,HeLa
davis:S7:34,chemistry_tree,3301,0.43962457120332954,0.08599088833803714,davisS7_16,Human HTT,HeLa
davis:S7:35,chemistry_tree,3301,0.3805175177224567,-0.1761744689312872,davisS7_16,Human HTT,HeLa
davis:S7:36,chemistry_tree,3301,0.38569870488557695,0.07950755961789524,davisS7_30,Human HTT,HeLa
davis:S7:37,chemistry_tree,3301,0.3921923428537097,-0.0030665643829392852,davisS7_30,Human HTT,HeLa
davis:S7:38,chemistry_tree,3301,0.37349607135371404,0.3392830860616495,davisS7_32,Human HTT,HeLa
davis:S7:39,chemistry_tree,3301,0.3752669103775463,0.6696264323540659,davisS7_32,Human HTT,HeLa
davis:S7:40,chemistry_tree,3301,0.36755291159285086,0.49403815197257583,davisS7_32,Human HTT,HeLa
davis:S7:41,chemistry_tree,3301,0.4393486971658182,0.3731746250737742,davisS7_35,Human HTT,HeLa
davis:S7:42,chemistry_tree,3301,0.42617679316350343,0.052906866072662706,davisS7_36,Human HTT,HeLa
davis:S7:43,chemistry_tree,3301,0.4048512357235076,0.44946879055566225,davisS7_36,Human HTT,HeLa
davis:S7:44,chemistry_tree,3301,0.37510014523892926,-0.06468016267738452,davisS7_36,Human HTT,HeLa
davis:S7:45,chemistry_tree,3301,0.5058606765508765,-0.4535419774341878,davisS7_36,Human HTT,HeLa
davis:S7:46,chemistry_tree,3301,0.40269227720577233,0.354706630082653,davisS7_16,Human HTT,HeLa
davis:S7:47,chemistry_tree,3301,0.39239491333193205,0.47642463801254964,davisS7_16,Human HTT,HeLa
davis:S7:48,chemistry_tree,3301,0.40374163569044536,0.5112465274509308,davisS7_36,Human HTT,HeLa
davis:S7:49,chemistry_tree,3301,0.3894886605296076,0.8180891999541638,davisS7_43,Human HTT,HeLa
davis:S7:50,chemistry_tree,3301,0.37590425710109016,0.17397174427131046,davisS7_44,Human HTT,HeLa
davis:S7:51,chemistry_tree,3301,0.35733011591914,0.7517324035216936,davisS7_45,Human HTT,HeLa
davis:S7:52,chemistry_tree,3301,0.423469090474547,0.7123934731985273,davisS7_46,Human HTT,HeLa
davis:S7:53,chemistry_tree,3301,0.4319856631852472,0.8139331676046673,davisS7_47,Human HTT,HeLa
davis:S7:54,chemistry_tree,3301,0.3730510878877517,0.6377145807101531,davisS7_47,Human HTT,HeLa
davis:S7:55,chemistry_tree,3301,0.43537123827829294,0.006656544821111776,davisS7_49,Human HTT,HeLa
davis:S7:56,chemistry_tree,3301,0.40809912670710763,0.23720580000000002,davisS7_50,Human SOD1,HeLa
davis:S7:57,chemistry_tree,3301,0.4330113550133771,0.2280268666666666,davisS7_51,Human SOD1,HeLa
davis:S7:58,chemistry_tree,3301,0.4215746441303239,0.5778000000000001,davisS7_52,Human SOD1,HeLa
davis:S7:59,chemistry_tree,3301,0.3548821344594422,0.31999466666666665,davisS7_53,Human SOD1,HeLa
davis:S7:60,chemistry_tree,3301,0.42246199158115894,0.7801191333333334,davisS7_54,Human SOD1,HeLa
davis:S7:61,chemistry_tree,3301,0.4411785930271068,0.3021619333333332,davisS7_55,Human SOD1,HeLa
davis:S7:62,chemistry_tree,3301,0.4415831312741169,0.08143403333333321,davisS7_56,Human SOD1,HeLa
davis:S7:63,chemistry_tree,3301,0.37958549958758553,0.7367888333333333,davisS7_57,Human SOD1,HeLa
davis:S7:64,chemistry_tree,3301,0.41944742405361396,0.7009508,davisS7_58,Human SOD1,HeLa
davis:S7:65,chemistry_tree,3301,0.4165175175944599,0.46130709999999997,davisS7_59,Human SOD1,HeLa
davis:S7:66,chemistry_tree,3301,0.36482261471901906,0.44501656666666667,davisS7_60,Human SOD1,HeLa
davis:S7:67,chemistry_tree,3301,0.380208372127293,0.6030924,davisS7_60,Human SOD1,HeLa
davis:S7:68,chemistry_tree,3301,0.43594628380419,0.3380960666666667,davisS7_60,Human SOD1,HeLa
davis:S7:69,chemistry_tree,3301,0.38751449892018147,0.27775246666666664,davisS7_63,Human SOD1,HeLa
davis:S7:70,chemistry_tree,3301,0.4640261181979366,0.1079066666666667,davisS7_64,Human SOD1,HeLa
davis:S7:71,chemistry_tree,3301,0.44112697983743826,0.33862953333333334,davisS7_65,Human SOD1,HeLa
davis:S7:72,chemistry_tree,3301,0.38499496619664214,0.1854943,davisS7_65,Human SOD1,HeLa
davis:S7:73,chemistry_tree,3301,0.3965396273024252,0.34030860000000007,davisS7_67,Human SOD1,HeLa
davis:S7:74,chemistry_tree,3301,0.35843441770129836,0.24867933333333325,davisS7_68,Human SOD1,HeLa
davis:S7:75,chemistry_tree,3301,0.4137225312313704,0.19171776666666673,davisS7_69,Human SOD1,HeLa
davis:S7:76,chemistry_tree,3301,0.42928569557059965,0.3004180000000001,davisS7_69,Human SOD1,HeLa
davis:S7:77,chemistry_tree,3301,0.3967715642326223,0.2333455000000001,davisS7_69,Human SOD1,HeLa
davis:S7:78,chemistry_tree,3301,0.38957686098704325,0.46037419999999996,davisS7_72,Human SOD1,HeLa
davis:S7:79,chemistry_tree,3301,0.39182852073969615,0.4224627666666667,davisS7_73,Human SOD1,HeLa
davis:S7:80,chemistry_tree,3301,0.4047131260175667,0.15104200907825016,davisS7_74,Human STAT3,HeLa
davis:S7:81,chemistry_tree,3301,0.41494362013999847,-0.09789124356303325,davisS7_75,Human STAT3,HeLa
davis:S7:82,chemistry_tree,3301,0.38414322649050847,0.39552980300828555,davisS7_76,Human STAT3,HeLa
davis:S7:83,chemistry_tree,3301,0.44048485957936245,0.2302376727328802,davisS7_77,Human STAT3,HeLa
davis:S7:84,chemistry_tree,3301,0.42932442073280025,0.3557002339922424,davisS7_78,Human STAT3,HeLa
davis:S7:85,chemistry_tree,3301,0.4075345003619233,0.03928291274055096,davisS7_79,Human STAT3,HeLa
davis:S7:86,chemistry_tree,3301,0.38186601178313156,-0.040315941955763934,davisS7_80,Human STAT3,HeLa
davis:S7:87,chemistry_tree,3301,0.36776162591660916,0.26871350091549107,davisS7_81,Human STAT3,HeLa
davis:S7:88,chemistry_tree,3301,0.4902900044092934,0.29526825182448846,davisS7_82,Human STAT3,HeLa
davis:S7:89,chemistry_tree,3301,0.4276458670016234,0.5478951248293329,davisS7_82,Human STAT3,HeLa
davis:S7:90,chemistry_tree,3301,0.4025648585468939,0.5112643974929821,davisS7_84,Human STAT3,HeLa
davis:S7:91,chemistry_tree,3301,0.3836012486884076,0.4826011955589107,davisS7_85,Human STAT3,HeLa
davis:S7:92,chemistry_tree,3301,0.4089578156834056,0.6277545899433397,davisS7_79,Human STAT3,HeLa
davis:S7:93,chemistry_tree,3301,0.3997931076725338,0.5903712690282751,davisS7_81,Human STAT3,HeLa
davis:S7:94,chemistry_tree,3301,0.44273797448497826,0.351041187102758,davisS7_88,Human STAT3,HeLa
davis:S7:95,chemistry_tree,3301,0.4557540327210317,0.41798454661241036,davisS7_89,Human STAT3,HeLa
davis:S7:96,chemistry_tree,3301,0.47557656299104784,0.09534641202033745,davisS7_90,Human STAT3,HeLa
davis:S7:97,chemistry_tree,3301,0.4150932013788793,-0.10094444384116241,davisS7_91,Human STAT3,RAG
davis:S7:98,chemistry_tree,3301,0.42816381743539933,-0.04636779096490007,davisS7_92,Human STAT3,RAG
davis:S7:99,chemistry_tree,3301,0.42242312471716353,-0.026714183807100333,davisS7_93,Human STAT3,RAG
davis:S7:100,chemistry_tree,3301,0.39698656586984016,0.6638162034082022,davisS7_91,Human STAT3,RAG
davis:S7:101,chemistry_tree,3301,0.4692705267874413,0.493254645056441,davisS7_95,Human STAT3,RAG
davis:S7:102,chemistry_tree,3301,0.4102476515866206,-0.15172066781953153,davisS7_96,Human STAT3,RAG
davis:S7:103,chemistry_tree,3301,0.38487236955932985,0.44784935874152676,davisS7_97,Human STAT3,RAG
davis:S7:104,chemistry_tree,3301,0.41038927659951874,-0.24678702917017836,davisS7_98,Human STAT3,RAG
davis:S7:105,chemistry_tree,3301,0.3708278902104302,0.061341032083046754,davisS7_95,Human STAT3,RAG
davis:S7:106,chemistry_tree,3301,0.4414891262792869,0.7954509507757851,davisS7_100,Human STAT3,RAG
davis:S7:107,chemistry_tree,3301,0.41330150153317474,0.2044674617808293,davisS7_101,Human STAT3,RAG
davis:S7:108,chemistry_tree,3301,0.45168524299199203,0.3167838805179626,davisS7_89,Human STAT3,RAG
davis:S7:109,chemistry_tree,3301,0.4128757329224184,0.35714009047551076,davisS7_92,Human STAT3,RAG
davis:S7:110,chemistry_tree,3301,0.3656809849599077,0.8832184924509484,davisS7_104,Human STAT3,RAG
davis:S7:111,chemistry_tree,3301,0.3914240859286849,0.24732168067804183,davisS7_105,Human STAT3,RAG
davis:S7:112,chemistry_tree,3301,0.41324099599118375,0.6594424109386086,davisS7_106,Human VIM,3T3
davis:S7:113,chemistry_tree,3301,0.4077195282746153,0.5285369957068679,davisS7_107,Human VIM,3T3
davis:S7:114,chemistry_tree,3301,0.44244016648390594,0.4684836642720649,davisS7_108,Human VIM,3T3
davis:S7:115,chemistry_tree,3301,0.3652615816604199,0.18487458583364158,davisS7_109,Human VIM,3T3
davis:S7:116,chemistry_tree,3301,0.40844076668483303,0.27737019903948823,davisS7_110,Human VIM,3T3
davis:S7:117,chemistry_tree,3301,0.38431283940731215,0.42638289201492174,davisS7_111,Human VIM,3T3
davis:S7:118,chemistry_tree,3301,0.3971953522714938,0.6973846960819722,davisS7_112,Human VIM,3T3
davis:S7:119,chemistry_tree,3301,0.37448595231564186,0.7944788080809153,davisS7_112,Human VIM,3T3
davis:S7:120,chemistry_tree,3301,0.3908720229800449,0.3096549995133564,davisS7_114,Human VIM,3T3
davis:S7:121,chemistry_tree,3301,0.39755806098528185,0.5571144729660958,davisS7_115,Human VIM,3T3
davis:S7:122,chemistry_tree,3301,0.38704478024974087,0.7574053024794085,davisS7_116,Human VIM,3T3
davis:S7:123,chemistry_tree,3301,0.5066624213376918,0.32684086415844904,davisS7_108,Human VIM,3T3
davis:S7:6,token_cnn,1103,0.4216230511665344,0.4213946058422857,davisS7_0,Human ATF5,U87
davis:S7:7,token_cnn,1103,0.34805533289909363,0.38202459953643053,davisS7_1,Human ATF5,U87
davis:S7:8,token_cnn,1103,0.36167463660240173,0.6226294833933798,davisS7_2,Human ATF5,U87
davis:S7:9,token_cnn,1103,0.39706951379776,0.5497510143173167,davisS7_2,Human ATF5,U87
davis:S7:10,token_cnn,1103,0.4188552498817444,0.5578613119405877,davisS7_2,Human ATF5,U87
davis:S7:11,token_cnn,1103,0.3743196129798889,0.7777654346939843,davisS7_5,Human ATF5,U87
davis:S7:12,token_cnn,1103,0.3899628520011902,0.7923936117836525,davisS7_6,Human ATF5,U87
davis:S7:13,token_cnn,1103,0.34127989411354065,0.19179505192535218,davisS7_7,Human ATF5,U87
davis:S7:14,token_cnn,1103,0.3732697367668152,0.1501751361473258,davisS7_8,Human ATF5,U87
davis:S7:15,token_cnn,1103,0.2914315164089203,0.6498709056863998,davisS7_8,Human ATF5,U87
davis:S7:16,token_cnn,1103,0.31037160754203796,0.14470974720940144,davisS7_10,Human ATF5,U87
davis:S7:17,token_cnn,1103,0.2986340820789337,0.20129768076275145,davisS7_11,Human ATF5,U87
davis:S7:18,token_cnn,1103,0.3186478018760681,0.707414175953699,davisS7_11,Human ATF5,U87
davis:S7:19,token_cnn,1103,0.3182605803012848,0.6051141537013824,davisS7_13,Human ATF5,U87
davis:S7:20,token_cnn,1103,0.42453813552856445,0.34853317632344316,davisS7_13,Human ATF5,U87
davis:S7:21,token_cnn,1103,0.40188896656036377,0.2612016848088119,davisS7_15,Human ATF5,U87
davis:S7:22,token_cnn,1103,0.3648029863834381,0.3134144981527419,davisS7_16,Human HTT,HeLa
davis:S7:23,token_cnn,1103,0.33981403708457947,-0.4806344610234614,davisS7_16,Human HTT,HeLa
davis:S7:24,token_cnn,1103,0.40925347805023193,0.6341392782824153,davisS7_16,Human HTT,HeLa
davis:S7:25,token_cnn,1103,0.34307631850242615,0.1489082554313247,davisS7_16,Human HTT,HeLa
davis:S7:26,token_cnn,1103,0.3932020962238312,0.0636693153602933,davisS7_16,Human HTT,HeLa
davis:S7:27,token_cnn,1103,0.37155845761299133,-0.5713075439479689,davisS7_16,Human HTT,HeLa
davis:S7:28,token_cnn,1103,0.3376142084598541,-0.6521788856595239,davisS7_16,Human HTT,HeLa
davis:S7:29,token_cnn,1103,0.45798730850219727,0.528296762778599,davisS7_16,Human HTT,HeLa
davis:S7:30,token_cnn,1103,0.3846125900745392,0.3801858206102334,davisS7_16,Human HTT,HeLa
davis:S7:31,token_cnn,1103,0.3650147616863251,0.5130839679493463,davisS7_16,Human HTT,HeLa
davis:S7:32,token_cnn,1103,0.4206887483596802,0.5776531751941458,davisS7_16,Human HTT,HeLa
davis:S7:33,token_cnn,1103,0.361702024936676,0.45253001549345184,davisS7_16,Human HTT,HeLa
davis:S7:34,token_cnn,1103,0.4240509867668152,0.08599088833803714,davisS7_16,Human HTT,HeLa
davis:S7:35,token_cnn,1103,0.36075907945632935,-0.1761744689312872,davisS7_16,Human HTT,HeLa
davis:S7:36,token_cnn,1103,0.3368467092514038,0.07950755961789524,davisS7_30,Human HTT,HeLa
davis:S7:37,token_cnn,1103,0.32265469431877136,-0.0030665643829392852,davisS7_30,Human HTT,HeLa
davis:S7:38,token_cnn,1103,0.36353790760040283,0.3392830860616495,davisS7_32,Human HTT,HeLa
davis:S7:39,token_cnn,1103,0.36422404646873474,0.6696264323540659,davisS7_32,Human HTT,HeLa
davis:S7:40,token_cnn,1103,0.37250837683677673,0.49403815197257583,davisS7_32,Human HTT,HeLa
davis:S7:41,token_cnn,1103,0.3825025260448456,0.3731746250737742,davisS7_35,Human HTT,HeLa
davis:S7:42,token_cnn,1103,0.32605043053627014,0.052906866072662706,davisS7_36,Human HTT,HeLa
davis:S7:43,token_cnn,1103,0.33537474274635315,0.44946879055566225,davisS7_36,Human HTT,HeLa
davis:S7:44,token_cnn,1103,0.36324793100357056,-0.06468016267738452,davisS7_36,Human HTT,HeLa
davis:S7:45,token_cnn,1103,0.37325018644332886,-0.4535419774341878,davisS7_36,Human HTT,HeLa
davis:S7:46,token_cnn,1103,0.3299707770347595,0.354706630082653,davisS7_16,Human HTT,HeLa
davis:S7:47,token_cnn,1103,0.37733498215675354,0.47642463801254964,davisS7_16,Human HTT,HeLa
davis:S7:48,token_cnn,1103,0.34521299600601196,0.5112465274509308,davisS7_36,Human HTT,HeLa
davis:S7:49,token_cnn,1103,0.3710469603538513,0.8180891999541638,davisS7_43,Human HTT,HeLa
davis:S7:50,token_cnn,1103,0.316536545753479,0.17397174427131046,davisS7_44,Human HTT,HeLa
davis:S7:51,token_cnn,1103,0.34497037529945374,0.7517324035216936,davisS7_45,Human HTT,HeLa
davis:S7:52,token_cnn,1103,0.3218415379524231,0.7123934731985273,davisS7_46,Human HTT,HeLa
davis:S7:53,token_cnn,1103,0.3822193741798401,0.8139331676046673,davisS7_47,Human HTT,HeLa
davis:S7:54,token_cnn,1103,0.34861811995506287,0.6377145807101531,davisS7_47,Human HTT,HeLa
davis:S7:55,token_cnn,1103,0.3957256078720093,0.006656544821111776,davisS7_49,Human HTT,HeLa
davis:S7:56,token_cnn,1103,0.37840619683265686,0.23720580000000002,davisS7_50,Human SOD1,HeLa
davis:S7:57,token_cnn,1103,0.3467569351196289,0.2280268666666666,davisS7_51,Human SOD1,HeLa
davis:S7:58,token_cnn,1103,0.3609309494495392,0.5778000000000001,davisS7_52,Human SOD1,HeLa
davis:S7:59,token_cnn,1103,0.38926929235458374,0.31999466666666665,davisS7_53,Human SOD1,HeLa
davis:S7:60,token_cnn,1103,0.37641850113868713,0.7801191333333334,davisS7_54,Human SOD1,HeLa
davis:S7:61,token_cnn,1103,0.36521247029304504,0.3021619333333332,davisS7_55,Human SOD1,HeLa
davis:S7:62,token_cnn,1103,0.3905170261859894,0.08143403333333321,davisS7_56,Human SOD1,HeLa
davis:S7:63,token_cnn,1103,0.35800546407699585,0.7367888333333333,davisS7_57,Human SOD1,HeLa
davis:S7:64,token_cnn,1103,0.4014350175857544,0.7009508,davisS7_58,Human SOD1,HeLa
davis:S7:65,token_cnn,1103,0.44150450825691223,0.46130709999999997,davisS7_59,Human SOD1,HeLa
davis:S7:66,token_cnn,1103,0.33974766731262207,0.44501656666666667,davisS7_60,Human SOD1,HeLa
davis:S7:67,token_cnn,1103,0.34679895639419556,0.6030924,davisS7_60,Human SOD1,HeLa
davis:S7:68,token_cnn,1103,0.3759348690509796,0.3380960666666667,davisS7_60,Human SOD1,HeLa
davis:S7:69,token_cnn,1103,0.3822319805622101,0.27775246666666664,davisS7_63,Human SOD1,HeLa
davis:S7:70,token_cnn,1103,0.4063972234725952,0.1079066666666667,davisS7_64,Human SOD1,HeLa
davis:S7:71,token_cnn,1103,0.37604060769081116,0.33862953333333334,davisS7_65,Human SOD1,HeLa
davis:S7:72,token_cnn,1103,0.3791106641292572,0.1854943,davisS7_65,Human SOD1,HeLa
davis:S7:73,token_cnn,1103,0.36860400438308716,0.34030860000000007,davisS7_67,Human SOD1,HeLa
davis:S7:74,token_cnn,1103,0.391309916973114,0.24867933333333325,davisS7_68,Human SOD1,HeLa
davis:S7:75,token_cnn,1103,0.3454044759273529,0.19171776666666673,davisS7_69,Human SOD1,HeLa
davis:S7:76,token_cnn,1103,0.46966955065727234,0.3004180000000001,davisS7_69,Human SOD1,HeLa
davis:S7:77,token_cnn,1103,0.4249712824821472,0.2333455000000001,davisS7_69,Human SOD1,HeLa
davis:S7:78,token_cnn,1103,0.44743847846984863,0.46037419999999996,davisS7_72,Human SOD1,HeLa
davis:S7:79,token_cnn,1103,0.4018716514110565,0.4224627666666667,davisS7_73,Human SOD1,HeLa
davis:S7:80,token_cnn,1103,0.39798274636268616,0.15104200907825016,davisS7_74,Human STAT3,HeLa
davis:S7:81,token_cnn,1103,0.358528196811676,-0.09789124356303325,davisS7_75,Human STAT3,HeLa
davis:S7:82,token_cnn,1103,0.35776686668395996,0.39552980300828555,davisS7_76,Human STAT3,HeLa
davis:S7:83,token_cnn,1103,0.354732483625412,0.2302376727328802,davisS7_77,Human STAT3,HeLa
davis:S7:84,token_cnn,1103,0.36997532844543457,0.3557002339922424,davisS7_78,Human STAT3,HeLa
davis:S7:85,token_cnn,1103,0.3756473958492279,0.03928291274055096,davisS7_79,Human STAT3,HeLa
davis:S7:86,token_cnn,1103,0.3533512055873871,-0.040315941955763934,davisS7_80,Human STAT3,HeLa
davis:S7:87,token_cnn,1103,0.34708482027053833,0.26871350091549107,davisS7_81,Human STAT3,HeLa
davis:S7:88,token_cnn,1103,0.41958028078079224,0.29526825182448846,davisS7_82,Human STAT3,HeLa
davis:S7:89,token_cnn,1103,0.41498878598213196,0.5478951248293329,davisS7_82,Human STAT3,HeLa
davis:S7:90,token_cnn,1103,0.38051465153694153,0.5112643974929821,davisS7_84,Human STAT3,HeLa
davis:S7:91,token_cnn,1103,0.3603679835796356,0.4826011955589107,davisS7_85,Human STAT3,HeLa
davis:S7:92,token_cnn,1103,0.4071483612060547,0.6277545899433397,davisS7_79,Human STAT3,HeLa
davis:S7:93,token_cnn,1103,0.3698164224624634,0.5903712690282751,davisS7_81,Human STAT3,HeLa
davis:S7:94,token_cnn,1103,0.383720725774765,0.351041187102758,davisS7_88,Human STAT3,HeLa
davis:S7:95,token_cnn,1103,0.3934813439846039,0.41798454661241036,davisS7_89,Human STAT3,HeLa
davis:S7:96,token_cnn,1103,0.4051017761230469,0.09534641202033745,davisS7_90,Human STAT3,HeLa
davis:S7:97,token_cnn,1103,0.40511271357536316,-0.10094444384116241,davisS7_91,Human STAT3,RAG
davis:S7:98,token_cnn,1103,0.359715074300766,-0.04636779096490007,davisS7_92,Human STAT3,RAG
davis:S7:99,token_cnn,1103,0.35367900133132935,-0.026714183807100333,davisS7_93,Human STAT3,RAG
davis:S7:100,token_cnn,1103,0.42038774490356445,0.6638162034082022,davisS7_91,Human STAT3,RAG
davis:S7:101,token_cnn,1103,0.4499204754829407,0.493254645056441,davisS7_95,Human STAT3,RAG
davis:S7:102,token_cnn,1103,0.3689616322517395,-0.15172066781953153,davisS7_96,Human STAT3,RAG
davis:S7:103,token_cnn,1103,0.3616076409816742,0.44784935874152676,davisS7_97,Human STAT3,RAG
davis:S7:104,token_cnn,1103,0.44680023193359375,-0.24678702917017836,davisS7_98,Human STAT3,RAG
davis:S7:105,token_cnn,1103,0.3748893737792969,0.061341032083046754,davisS7_95,Human STAT3,RAG
davis:S7:106,token_cnn,1103,0.38332313299179077,0.7954509507757851,davisS7_100,Human STAT3,RAG
davis:S7:107,token_cnn,1103,0.36922571063041687,0.2044674617808293,davisS7_101,Human STAT3,RAG
davis:S7:108,token_cnn,1103,0.4007781744003296,0.3167838805179626,davisS7_89,Human STAT3,RAG
davis:S7:109,token_cnn,1103,0.3991241455078125,0.35714009047551076,davisS7_92,Human STAT3,RAG
davis:S7:110,token_cnn,1103,0.36251333355903625,0.8832184924509484,davisS7_104,Human STAT3,RAG
davis:S7:111,token_cnn,1103,0.3141532838344574,0.24732168067804183,davisS7_105,Human STAT3,RAG
davis:S7:112,token_cnn,1103,0.3794846832752228,0.6594424109386086,davisS7_106,Human VIM,3T3
davis:S7:113,token_cnn,1103,0.35564544796943665,0.5285369957068679,davisS7_107,Human VIM,3T3
davis:S7:114,token_cnn,1103,0.39974620938301086,0.4684836642720649,davisS7_108,Human VIM,3T3
davis:S7:115,token_cnn,1103,0.385826051235199,0.18487458583364158,davisS7_109,Human VIM,3T3
davis:S7:116,token_cnn,1103,0.3545670509338379,0.27737019903948823,davisS7_110,Human VIM,3T3
davis:S7:117,token_cnn,1103,0.34130725264549255,0.42638289201492174,davisS7_111,Human VIM,3T3
davis:S7:118,token_cnn,1103,0.3491705060005188,0.6973846960819722,davisS7_112,Human VIM,3T3
davis:S7:119,token_cnn,1103,0.4039801359176636,0.7944788080809153,davisS7_112,Human VIM,3T3
davis:S7:120,token_cnn,1103,0.35128453373908997,0.3096549995133564,davisS7_114,Human VIM,3T3
davis:S7:121,token_cnn,1103,0.374641090631485,0.5571144729660958,davisS7_115,Human VIM,3T3
davis:S7:122,token_cnn,1103,0.4166354537010193,0.7574053024794085,davisS7_116,Human VIM,3T3
davis:S7:123,token_cnn,1103,0.3854443430900574,0.32684086415844904,davisS7_108,Human VIM,3T3
davis:S7:6,token_cnn,2207,0.40496695041656494,0.4213946058422857,davisS7_0,Human ATF5,U87
davis:S7:7,token_cnn,2207,0.3735935091972351,0.38202459953643053,davisS7_1,Human ATF5,U87
davis:S7:8,token_cnn,2207,0.36731991171836853,0.6226294833933798,davisS7_2,Human ATF5,U87
davis:S7:9,token_cnn,2207,0.36061063408851624,0.5497510143173167,davisS7_2,Human ATF5,U87
davis:S7:10,token_cnn,2207,0.3985061049461365,0.5578613119405877,davisS7_2,Human ATF5,U87
davis:S7:11,token_cnn,2207,0.3632177710533142,0.7777654346939843,davisS7_5,Human ATF5,U87
davis:S7:12,token_cnn,2207,0.378358393907547,0.7923936117836525,davisS7_6,Human ATF5,U87
davis:S7:13,token_cnn,2207,0.36631375551223755,0.19179505192535218,davisS7_7,Human ATF5,U87
davis:S7:14,token_cnn,2207,0.37539148330688477,0.1501751361473258,davisS7_8,Human ATF5,U87
davis:S7:15,token_cnn,2207,0.34323716163635254,0.6498709056863998,davisS7_8,Human ATF5,U87
davis:S7:16,token_cnn,2207,0.3439365327358246,0.14470974720940144,davisS7_10,Human ATF5,U87
davis:S7:17,token_cnn,2207,0.35149624943733215,0.20129768076275145,davisS7_11,Human ATF5,U87
davis:S7:18,token_cnn,2207,0.36385226249694824,0.707414175953699,davisS7_11,Human ATF5,U87
davis:S7:19,token_cnn,2207,0.35156020522117615,0.6051141537013824,davisS7_13,Human ATF5,U87
davis:S7:20,token_cnn,2207,0.4073593318462372,0.34853317632344316,davisS7_13,Human ATF5,U87
davis:S7:21,token_cnn,2207,0.375465452671051,0.2612016848088119,davisS7_15,Human ATF5,U87
davis:S7:22,token_cnn,2207,0.36777669191360474,0.3134144981527419,davisS7_16,Human HTT,HeLa
davis:S7:23,token_cnn,2207,0.37865200638771057,-0.4806344610234614,davisS7_16,Human HTT,HeLa
davis:S7:24,token_cnn,2207,0.4025987982749939,0.6341392782824153,davisS7_16,Human HTT,HeLa
davis:S7:25,token_cnn,2207,0.3654663562774658,0.1489082554313247,davisS7_16,Human HTT,HeLa
davis:S7:26,token_cnn,2207,0.372372031211853,0.0636693153602933,davisS7_16,Human HTT,HeLa
davis:S7:27,token_cnn,2207,0.38715124130249023,-0.5713075439479689,davisS7_16,Human HTT,HeLa
davis:S7:28,token_cnn,2207,0.3498556911945343,-0.6521788856595239,davisS7_16,Human HTT,HeLa
davis:S7:29,token_cnn,2207,0.41417115926742554,0.528296762778599,davisS7_16,Human HTT,HeLa
davis:S7:30,token_cnn,2207,0.3815954923629761,0.3801858206102334,davisS7_16,Human HTT,HeLa
davis:S7:31,token_cnn,2207,0.397392600774765,0.5130839679493463,davisS7_16,Human HTT,HeLa
davis:S7:32,token_cnn,2207,0.40828412771224976,0.5776531751941458,davisS7_16,Human HTT,HeLa
davis:S7:33,token_cnn,2207,0.3648580014705658,0.45253001549345184,davisS7_16,Human HTT,HeLa
davis:S7:34,token_cnn,2207,0.4232047200202942,0.08599088833803714,davisS7_16,Human HTT,HeLa
davis:S7:35,token_cnn,2207,0.3839673697948456,-0.1761744689312872,davisS7_16,Human HTT,HeLa
davis:S7:36,token_cnn,2207,0.3776026964187622,0.07950755961789524,davisS7_30,Human HTT,HeLa
davis:S7:37,token_cnn,2207,0.37906938791275024,-0.0030665643829392852,davisS7_30,Human HTT,HeLa
davis:S7:38,token_cnn,2207,0.38191115856170654,0.3392830860616495,davisS7_32,Human HTT,HeLa
davis:S7:39,token_cnn,2207,0.3634490370750427,0.6696264323540659,davisS7_32,Human HTT,HeLa
davis:S7:40,token_cnn,2207,0.4090297222137451,0.49403815197257583,davisS7_32,Human HTT,HeLa
davis:S7:41,token_cnn,2207,0.38099244236946106,0.3731746250737742,davisS7_35,Human HTT,HeLa
davis:S7:42,token_cnn,2207,0.36736372113227844,0.052906866072662706,davisS7_36,Human HTT,HeLa
davis:S7:43,token_cnn,2207,0.37160226702690125,0.44946879055566225,davisS7_36,Human HTT,HeLa
davis:S7:44,token_cnn,2207,0.370824933052063,-0.06468016267738452,davisS7_36,Human HTT,HeLa
davis:S7:45,token_cnn,2207,0.41782617568969727,-0.4535419774341878,davisS7_36,Human HTT,HeLa
davis:S7:46,token_cnn,2207,0.3684263229370117,0.354706630082653,davisS7_16,Human HTT,HeLa
davis:S7:47,token_cnn,2207,0.39006951451301575,0.47642463801254964,davisS7_16,Human HTT,HeLa
davis:S7:48,token_cnn,2207,0.3827880322933197,0.5112465274509308,davisS7_36,Human HTT,HeLa
davis:S7:49,token_cnn,2207,0.36339086294174194,0.8180891999541638,davisS7_43,Human HTT,HeLa
davis:S7:50,token_cnn,2207,0.36336320638656616,0.17397174427131046,davisS7_44,Human HTT,HeLa
davis:S7:51,token_cnn,2207,0.3504525423049927,0.7517324035216936,davisS7_45,Human HTT,HeLa
davis:S7:52,token_cnn,2207,0.3645947277545929,0.7123934731985273,davisS7_46,Human HTT,HeLa
davis:S7:53,token_cnn,2207,0.3836894929409027,0.8139331676046673,davisS7_47,Human HTT,HeLa
davis:S7:54,token_cnn,2207,0.35358723998069763,0.6377145807101531,davisS7_47,Human HTT,HeLa
davis:S7:55,token_cnn,2207,0.40469682216644287,0.006656544821111776,davisS7_49,Human HTT,HeLa
davis:S7:56,token_cnn,2207,0.3736366331577301,0.23720580000000002,davisS7_50,Human SOD1,HeLa
davis:S7:57,token_cnn,2207,0.3731101155281067,0.2280268666666666,davisS7_51,Human SOD1,HeLa
davis:S7:58,token_cnn,2207,0.38337504863739014,0.5778000000000001,davisS7_52,Human SOD1,HeLa
davis:S7:59,token_cnn,2207,0.3700466454029083,0.31999466666666665,davisS7_53,Human SOD1,HeLa
davis:S7:60,token_cnn,2207,0.40017765760421753,0.7801191333333334,davisS7_54,Human SOD1,HeLa
davis:S7:61,token_cnn,2207,0.3711397647857666,0.3021619333333332,davisS7_55,Human SOD1,HeLa
davis:S7:62,token_cnn,2207,0.3906000852584839,0.08143403333333321,davisS7_56,Human SOD1,HeLa
davis:S7:63,token_cnn,2207,0.3600867688655853,0.7367888333333333,davisS7_57,Human SOD1,HeLa
davis:S7:64,token_cnn,2207,0.37678834795951843,0.7009508,davisS7_58,Human SOD1,HeLa
davis:S7:65,token_cnn,2207,0.39980536699295044,0.46130709999999997,davisS7_59,Human SOD1,HeLa
davis:S7:66,token_cnn,2207,0.3433881103992462,0.44501656666666667,davisS7_60,Human SOD1,HeLa
davis:S7:67,token_cnn,2207,0.3629632592201233,0.6030924,davisS7_60,Human SOD1,HeLa
davis:S7:68,token_cnn,2207,0.3688029944896698,0.3380960666666667,davisS7_60,Human SOD1,HeLa
davis:S7:69,token_cnn,2207,0.363282710313797,0.27775246666666664,davisS7_63,Human SOD1,HeLa
davis:S7:70,token_cnn,2207,0.3817901909351349,0.1079066666666667,davisS7_64,Human SOD1,HeLa
davis:S7:71,token_cnn,2207,0.38450542092323303,0.33862953333333334,davisS7_65,Human SOD1,HeLa
davis:S7:72,token_cnn,2207,0.3596363663673401,0.1854943,davisS7_65,Human SOD1,HeLa
davis:S7:73,token_cnn,2207,0.38367629051208496,0.34030860000000007,davisS7_67,Human SOD1,HeLa
davis:S7:74,token_cnn,2207,0.37848758697509766,0.24867933333333325,davisS7_68,Human SOD1,HeLa
davis:S7:75,token_cnn,2207,0.366567462682724,0.19171776666666673,davisS7_69,Human SOD1,HeLa
davis:S7:76,token_cnn,2207,0.41453230381011963,0.3004180000000001,davisS7_69,Human SOD1,HeLa
davis:S7:77,token_cnn,2207,0.3817279040813446,0.2333455000000001,davisS7_69,Human SOD1,HeLa
davis:S7:78,token_cnn,2207,0.409564346075058,0.46037419999999996,davisS7_72,Human SOD1,HeLa
davis:S7:79,token_cnn,2207,0.3697555363178253,0.4224627666666667,davisS7_73,Human SOD1,HeLa
davis:S7:80,token_cnn,2207,0.37657806277275085,0.15104200907825016,davisS7_74,Human STAT3,HeLa
davis:S7:81,token_cnn,2207,0.36131420731544495,-0.09789124356303325,davisS7_75,Human STAT3,HeLa
davis:S7:82,token_cnn,2207,0.3653947710990906,0.39552980300828555,davisS7_76,Human STAT3,HeLa
davis:S7:83,token_cnn,2207,0.37159550189971924,0.2302376727328802,davisS7_77,Human STAT3,HeLa
davis:S7:84,token_cnn,2207,0.38475465774536133,0.3557002339922424,davisS7_78,Human STAT3,HeLa
davis:S7:85,token_cnn,2207,0.37681451439857483,0.03928291274055096,davisS7_79,Human STAT3,HeLa
davis:S7:86,token_cnn,2207,0.3543405532836914,-0.040315941955763934,davisS7_80,Human STAT3,HeLa
davis:S7:87,token_cnn,2207,0.36862465739250183,0.26871350091549107,davisS7_81,Human STAT3,HeLa
davis:S7:88,token_cnn,2207,0.3776654601097107,0.29526825182448846,davisS7_82,Human STAT3,HeLa
davis:S7:89,token_cnn,2207,0.36517301201820374,0.5478951248293329,davisS7_82,Human STAT3,HeLa
davis:S7:90,token_cnn,2207,0.3736742436885834,0.5112643974929821,davisS7_84,Human STAT3,HeLa
davis:S7:91,token_cnn,2207,0.3693079352378845,0.4826011955589107,davisS7_85,Human STAT3,HeLa
davis:S7:92,token_cnn,2207,0.371859073638916,0.6277545899433397,davisS7_79,Human STAT3,HeLa
davis:S7:93,token_cnn,2207,0.3792649805545807,0.5903712690282751,davisS7_81,Human STAT3,HeLa
davis:S7:94,token_cnn,2207,0.383062481880188,0.351041187102758,davisS7_88,Human STAT3,HeLa
davis:S7:95,token_cnn,2207,0.41789618134498596,0.41798454661241036,davisS7_89,Human STAT3,HeLa
davis:S7:96,token_cnn,2207,0.40111392736434937,0.09534641202033745,davisS7_90,Human STAT3,HeLa
davis:S7:97,token_cnn,2207,0.38883888721466064,-0.10094444384116241,davisS7_91,Human STAT3,RAG
davis:S7:98,token_cnn,2207,0.36994102597236633,-0.04636779096490007,davisS7_92,Human STAT3,RAG
davis:S7:99,token_cnn,2207,0.37378787994384766,-0.026714183807100333,davisS7_93,Human STAT3,RAG
davis:S7:100,token_cnn,2207,0.3880147337913513,0.6638162034082022,davisS7_91,Human STAT3,RAG
davis:S7:101,token_cnn,2207,0.42904967069625854,0.493254645056441,davisS7_95,Human STAT3,RAG
davis:S7:102,token_cnn,2207,0.3679043650627136,-0.15172066781953153,davisS7_96,Human STAT3,RAG
davis:S7:103,token_cnn,2207,0.3699302077293396,0.44784935874152676,davisS7_97,Human STAT3,RAG
davis:S7:104,token_cnn,2207,0.4061505198478699,-0.24678702917017836,davisS7_98,Human STAT3,RAG
davis:S7:105,token_cnn,2207,0.37998345494270325,0.061341032083046754,davisS7_95,Human STAT3,RAG
davis:S7:106,token_cnn,2207,0.40205347537994385,0.7954509507757851,davisS7_100,Human STAT3,RAG
davis:S7:107,token_cnn,2207,0.36949434876441956,0.2044674617808293,davisS7_101,Human STAT3,RAG
davis:S7:108,token_cnn,2207,0.4234470725059509,0.3167838805179626,davisS7_89,Human STAT3,RAG
davis:S7:109,token_cnn,2207,0.3776368796825409,0.35714009047551076,davisS7_92,Human STAT3,RAG
davis:S7:110,token_cnn,2207,0.35867491364479065,0.8832184924509484,davisS7_104,Human STAT3,RAG
davis:S7:111,token_cnn,2207,0.3479938507080078,0.24732168067804183,davisS7_105,Human STAT3,RAG
davis:S7:112,token_cnn,2207,0.3809194564819336,0.6594424109386086,davisS7_106,Human VIM,3T3
davis:S7:113,token_cnn,2207,0.3675365746021271,0.5285369957068679,davisS7_107,Human VIM,3T3
davis:S7:114,token_cnn,2207,0.38144931197166443,0.4684836642720649,davisS7_108,Human VIM,3T3
davis:S7:115,token_cnn,2207,0.37644505500793457,0.18487458583364158,davisS7_109,Human VIM,3T3
davis:S7:116,token_cnn,2207,0.36709141731262207,0.27737019903948823,davisS7_110,Human VIM,3T3
davis:S7:117,token_cnn,2207,0.3709464967250824,0.42638289201492174,davisS7_111,Human VIM,3T3
davis:S7:118,token_cnn,2207,0.3741356134414673,0.6973846960819722,davisS7_112,Human VIM,3T3
davis:S7:119,token_cnn,2207,0.35946714878082275,0.7944788080809153,davisS7_112,Human VIM,3T3
davis:S7:120,token_cnn,2207,0.35611259937286377,0.3096549995133564,davisS7_114,Human VIM,3T3
davis:S7:121,token_cnn,2207,0.3790872097015381,0.5571144729660958,davisS7_115,Human VIM,3T3
davis:S7:122,token_cnn,2207,0.3779090642929077,0.7574053024794085,davisS7_116,Human VIM,3T3
davis:S7:123,token_cnn,2207,0.38515591621398926,0.32684086415844904,davisS7_108,Human VIM,3T3
davis:S7:6,token_cnn,3301,0.31512412428855896,0.4213946058422857,davisS7_0,Human ATF5,U87
davis:S7:7,token_cnn,3301,0.3105580508708954,0.38202459953643053,davisS7_1,Human ATF5,U87
davis:S7:8,token_cnn,3301,0.32021984457969666,0.6226294833933798,davisS7_2,Human ATF5,U87
davis:S7:9,token_cnn,3301,0.3192448318004608,0.5497510143173167,davisS7_2,Human ATF5,U87
davis:S7:10,token_cnn,3301,0.33318349719047546,0.5578613119405877,davisS7_2,Human ATF5,U87
davis:S7:11,token_cnn,3301,0.3378330171108246,0.7777654346939843,davisS7_5,Human ATF5,U87
davis:S7:12,token_cnn,3301,0.3294267952442169,0.7923936117836525,davisS7_6,Human ATF5,U87
davis:S7:13,token_cnn,3301,0.27423936128616333,0.19179505192535218,davisS7_7,Human ATF5,U87
davis:S7:14,token_cnn,3301,0.28514406085014343,0.1501751361473258,davisS7_8,Human ATF5,U87
davis:S7:15,token_cnn,3301,0.2673579454421997,0.6498709056863998,davisS7_8,Human ATF5,U87
davis:S7:16,token_cnn,3301,0.26922863721847534,0.14470974720940144,davisS7_10,Human ATF5,U87
davis:S7:17,token_cnn,3301,0.2608392834663391,0.20129768076275145,davisS7_11,Human ATF5,U87
davis:S7:18,token_cnn,3301,0.25860342383384705,0.707414175953699,davisS7_11,Human ATF5,U87
davis:S7:19,token_cnn,3301,0.28189748525619507,0.6051141537013824,davisS7_13,Human ATF5,U87
davis:S7:20,token_cnn,3301,0.34480127692222595,0.34853317632344316,davisS7_13,Human ATF5,U87
davis:S7:21,token_cnn,3301,0.3478398025035858,0.2612016848088119,davisS7_15,Human ATF5,U87
davis:S7:22,token_cnn,3301,0.2861468493938446,0.3134144981527419,davisS7_16,Human HTT,HeLa
davis:S7:23,token_cnn,3301,0.2830709218978882,-0.4806344610234614,davisS7_16,Human HTT,HeLa
davis:S7:24,token_cnn,3301,0.33925724029541016,0.6341392782824153,davisS7_16,Human HTT,HeLa
davis:S7:25,token_cnn,3301,0.31332671642303467,0.1489082554313247,davisS7_16,Human HTT,HeLa
davis:S7:26,token_cnn,3301,0.3169148564338684,0.0636693153602933,davisS7_16,Human HTT,HeLa
davis:S7:27,token_cnn,3301,0.2962627112865448,-0.5713075439479689,davisS7_16,Human HTT,HeLa
davis:S7:28,token_cnn,3301,0.28531551361083984,-0.6521788856595239,davisS7_16,Human HTT,HeLa
davis:S7:29,token_cnn,3301,0.33866456151008606,0.528296762778599,davisS7_16,Human HTT,HeLa
davis:S7:30,token_cnn,3301,0.30425578355789185,0.3801858206102334,davisS7_16,Human HTT,HeLa
davis:S7:31,token_cnn,3301,0.2947406768798828,0.5130839679493463,davisS7_16,Human HTT,HeLa
davis:S7:32,token_cnn,3301,0.315164178609848,0.5776531751941458,davisS7_16,Human HTT,HeLa
davis:S7:33,token_cnn,3301,0.30102017521858215,0.45253001549345184,davisS7_16,Human HTT,HeLa
davis:S7:34,token_cnn,3301,0.3205612599849701,0.08599088833803714,davisS7_16,Human HTT,HeLa
davis:S7:35,token_cnn,3301,0.2881174087524414,-0.1761744689312872,davisS7_16,Human HTT,HeLa
davis:S7:36,token_cnn,3301,0.2677231431007385,0.07950755961789524,davisS7_30,Human HTT,HeLa
davis:S7:37,token_cnn,3301,0.25897419452667236,-0.0030665643829392852,davisS7_30,Human HTT,HeLa
davis:S7:38,token_cnn,3301,0.28316381573677063,0.3392830860616495,davisS7_32,Human HTT,HeLa
davis:S7:39,token_cnn,3301,0.2982870042324066,0.6696264323540659,davisS7_32,Human HTT,HeLa
davis:S7:40,token_cnn,3301,0.28465452790260315,0.49403815197257583,davisS7_32,Human HTT,HeLa
davis:S7:41,token_cnn,3301,0.2804655134677887,0.3731746250737742,davisS7_35,Human HTT,HeLa
davis:S7:42,token_cnn,3301,0.2483403980731964,0.052906866072662706,davisS7_36,Human HTT,HeLa
davis:S7:43,token_cnn,3301,0.2648853361606598,0.44946879055566225,davisS7_36,Human HTT,HeLa
davis:S7:44,token_cnn,3301,0.27245521545410156,-0.06468016267738452,davisS7_36,Human HTT,HeLa
davis:S7:45,token_cnn,3301,0.28803887963294983,-0.4535419774341878,davisS7_36,Human HTT,HeLa
davis:S7:46,token_cnn,3301,0.28837504982948303,0.354706630082653,davisS7_16,Human HTT,HeLa
davis:S7:47,token_cnn,3301,0.29871582984924316,0.47642463801254964,davisS7_16,Human HTT,HeLa
davis:S7:48,token_cnn,3301,0.302046537399292,0.5112465274509308,davisS7_36,Human HTT,HeLa
davis:S7:49,token_cnn,3301,0.315958172082901,0.8180891999541638,davisS7_43,Human HTT,HeLa
davis:S7:50,token_cnn,3301,0.28544431924819946,0.17397174427131046,davisS7_44,Human HTT,HeLa
davis:S7:51,token_cnn,3301,0.28923919796943665,0.7517324035216936,davisS7_45,Human HTT,HeLa
davis:S7:52,token_cnn,3301,0.29762235283851624,0.7123934731985273,davisS7_46,Human HTT,HeLa
davis:S7:53,token_cnn,3301,0.33516058325767517,0.8139331676046673,davisS7_47,Human HTT,HeLa
davis:S7:54,token_cnn,3301,0.2966204285621643,0.6377145807101531,davisS7_47,Human HTT,HeLa
davis:S7:55,token_cnn,3301,0.31346678733825684,0.006656544821111776,davisS7_49,Human HTT,HeLa
davis:S7:56,token_cnn,3301,0.33192315697669983,0.23720580000000002,davisS7_50,Human SOD1,HeLa
davis:S7:57,token_cnn,3301,0.31378522515296936,0.2280268666666666,davisS7_51,Human SOD1,HeLa
davis:S7:58,token_cnn,3301,0.3138554096221924,0.5778000000000001,davisS7_52,Human SOD1,HeLa
davis:S7:59,token_cnn,3301,0.32782360911369324,0.31999466666666665,davisS7_53,Human SOD1,HeLa
davis:S7:60,token_cnn,3301,0.31389862298965454,0.7801191333333334,davisS7_54,Human SOD1,HeLa
davis:S7:61,token_cnn,3301,0.317060649394989,0.3021619333333332,davisS7_55,Human SOD1,HeLa
davis:S7:62,token_cnn,3301,0.32367467880249023,0.08143403333333321,davisS7_56,Human SOD1,HeLa
davis:S7:63,token_cnn,3301,0.3085441589355469,0.7367888333333333,davisS7_57,Human SOD1,HeLa
davis:S7:64,token_cnn,3301,0.350876122713089,0.7009508,davisS7_58,Human SOD1,HeLa
davis:S7:65,token_cnn,3301,0.4092550277709961,0.46130709999999997,davisS7_59,Human SOD1,HeLa
davis:S7:66,token_cnn,3301,0.3069608211517334,0.44501656666666667,davisS7_60,Human SOD1,HeLa
davis:S7:67,token_cnn,3301,0.2947714328765869,0.6030924,davisS7_60,Human SOD1,HeLa
davis:S7:68,token_cnn,3301,0.32301831245422363,0.3380960666666667,davisS7_60,Human SOD1,HeLa
davis:S7:69,token_cnn,3301,0.31621792912483215,0.27775246666666664,davisS7_63,Human SOD1,HeLa
davis:S7:70,token_cnn,3301,0.3552555441856384,0.1079066666666667,davisS7_64,Human SOD1,HeLa
davis:S7:71,token_cnn,3301,0.33122682571411133,0.33862953333333334,davisS7_65,Human SOD1,HeLa
davis:S7:72,token_cnn,3301,0.35787591338157654,0.1854943,davisS7_65,Human SOD1,HeLa
davis:S7:73,token_cnn,3301,0.32220903038978577,0.34030860000000007,davisS7_67,Human SOD1,HeLa
davis:S7:74,token_cnn,3301,0.31656524538993835,0.24867933333333325,davisS7_68,Human SOD1,HeLa
davis:S7:75,token_cnn,3301,0.2953794002532959,0.19171776666666673,davisS7_69,Human SOD1,HeLa
davis:S7:76,token_cnn,3301,0.3774581253528595,0.3004180000000001,davisS7_69,Human SOD1,HeLa
davis:S7:77,token_cnn,3301,0.35070139169692993,0.2333455000000001,davisS7_69,Human SOD1,HeLa
davis:S7:78,token_cnn,3301,0.36244210600852966,0.46037419999999996,davisS7_72,Human SOD1,HeLa
davis:S7:79,token_cnn,3301,0.3417523205280304,0.4224627666666667,davisS7_73,Human SOD1,HeLa
davis:S7:80,token_cnn,3301,0.32552990317344666,0.15104200907825016,davisS7_74,Human STAT3,HeLa
davis:S7:81,token_cnn,3301,0.3256020247936249,-0.09789124356303325,davisS7_75,Human STAT3,HeLa
davis:S7:82,token_cnn,3301,0.30824050307273865,0.39552980300828555,davisS7_76,Human STAT3,HeLa
davis:S7:83,token_cnn,3301,0.3312346041202545,0.2302376727328802,davisS7_77,Human STAT3,HeLa
davis:S7:84,token_cnn,3301,0.3024104833602905,0.3557002339922424,davisS7_78,Human STAT3,HeLa
davis:S7:85,token_cnn,3301,0.329532265663147,0.03928291274055096,davisS7_79,Human STAT3,HeLa
davis:S7:86,token_cnn,3301,0.3137468993663788,-0.040315941955763934,davisS7_80,Human STAT3,HeLa
davis:S7:87,token_cnn,3301,0.30715665221214294,0.26871350091549107,davisS7_81,Human STAT3,HeLa
davis:S7:88,token_cnn,3301,0.3459828495979309,0.29526825182448846,davisS7_82,Human STAT3,HeLa
davis:S7:89,token_cnn,3301,0.32743245363235474,0.5478951248293329,davisS7_82,Human STAT3,HeLa
davis:S7:90,token_cnn,3301,0.32957568764686584,0.5112643974929821,davisS7_84,Human STAT3,HeLa
davis:S7:91,token_cnn,3301,0.29031088948249817,0.4826011955589107,davisS7_85,Human STAT3,HeLa
davis:S7:92,token_cnn,3301,0.32900023460388184,0.6277545899433397,davisS7_79,Human STAT3,HeLa
davis:S7:93,token_cnn,3301,0.3418731391429901,0.5903712690282751,davisS7_81,Human STAT3,HeLa
davis:S7:94,token_cnn,3301,0.3126344084739685,0.351041187102758,davisS7_88,Human STAT3,HeLa
davis:S7:95,token_cnn,3301,0.3368821442127228,0.41798454661241036,davisS7_89,Human STAT3,HeLa
davis:S7:96,token_cnn,3301,0.3520631492137909,0.09534641202033745,davisS7_90,Human STAT3,HeLa
davis:S7:97,token_cnn,3301,0.3372955322265625,-0.10094444384116241,davisS7_91,Human STAT3,RAG
davis:S7:98,token_cnn,3301,0.3113105297088623,-0.04636779096490007,davisS7_92,Human STAT3,RAG
davis:S7:99,token_cnn,3301,0.31331706047058105,-0.026714183807100333,davisS7_93,Human STAT3,RAG
davis:S7:100,token_cnn,3301,0.337447851896286,0.6638162034082022,davisS7_91,Human STAT3,RAG
davis:S7:101,token_cnn,3301,0.3929136097431183,0.493254645056441,davisS7_95,Human STAT3,RAG
davis:S7:102,token_cnn,3301,0.30434450507164,-0.15172066781953153,davisS7_96,Human STAT3,RAG
davis:S7:103,token_cnn,3301,0.3174199163913727,0.44784935874152676,davisS7_97,Human STAT3,RAG
davis:S7:104,token_cnn,3301,0.3453643321990967,-0.24678702917017836,davisS7_98,Human STAT3,RAG
davis:S7:105,token_cnn,3301,0.31641456484794617,0.061341032083046754,davisS7_95,Human STAT3,RAG
davis:S7:106,token_cnn,3301,0.32027968764305115,0.7954509507757851,davisS7_100,Human STAT3,RAG
davis:S7:107,token_cnn,3301,0.29162052273750305,0.2044674617808293,davisS7_101,Human STAT3,RAG
davis:S7:108,token_cnn,3301,0.33477938175201416,0.3167838805179626,davisS7_89,Human STAT3,RAG
davis:S7:109,token_cnn,3301,0.36197030544281006,0.35714009047551076,davisS7_92,Human STAT3,RAG
davis:S7:110,token_cnn,3301,0.3136061131954193,0.8832184924509484,davisS7_104,Human STAT3,RAG
davis:S7:111,token_cnn,3301,0.297664076089859,0.24732168067804183,davisS7_105,Human STAT3,RAG
davis:S7:112,token_cnn,3301,0.3335574269294739,0.6594424109386086,davisS7_106,Human VIM,3T3
davis:S7:113,token_cnn,3301,0.28840333223342896,0.5285369957068679,davisS7_107,Human VIM,3T3
davis:S7:114,token_cnn,3301,0.33351629972457886,0.4684836642720649,davisS7_108,Human VIM,3T3
davis:S7:115,token_cnn,3301,0.3209344744682312,0.18487458583364158,davisS7_109,Human VIM,3T3
davis:S7:116,token_cnn,3301,0.3090883493423462,0.27737019903948823,davisS7_110,Human VIM,3T3
davis:S7:117,token_cnn,3301,0.27446889877319336,0.42638289201492174,davisS7_111,Human VIM,3T3
davis:S7:118,token_cnn,3301,0.2929782569408417,0.6973846960819722,davisS7_112,Human VIM,3T3
davis:S7:119,token_cnn,3301,0.3503821790218353,0.7944788080809153,davisS7_112,Human VIM,3T3
davis:S7:120,token_cnn,3301,0.29544150829315186,0.3096549995133564,davisS7_114,Human VIM,3T3
davis:S7:121,token_cnn,3301,0.32395127415657043,0.5571144729660958,davisS7_115,Human VIM,3T3
davis:S7:122,token_cnn,3301,0.35133591294288635,0.7574053024794085,davisS7_116,Human VIM,3T3
davis:S7:123,token_cnn,3301,0.3290192484855652,0.32684086415844904,davisS7_108,Human VIM,3T3
davis:S7:6,nongraph,1103,0.5840373635292053,0.4213946058422857,davisS7_0,Human ATF5,U87
davis:S7:7,nongraph,1103,0.521513044834137,0.38202459953643053,davisS7_1,Human ATF5,U87
davis:S7:8,nongraph,1103,0.5757699012756348,0.6226294833933798,davisS7_2,Human ATF5,U87
davis:S7:9,nongraph,1103,0.614726722240448,0.5497510143173167,davisS7_2,Human ATF5,U87
davis:S7:10,nongraph,1103,0.5939983129501343,0.5578613119405877,davisS7_2,Human ATF5,U87
davis:S7:11,nongraph,1103,0.5325024127960205,0.7777654346939843,davisS7_5,Human ATF5,U87
davis:S7:12,nongraph,1103,0.609104573726654,0.7923936117836525,davisS7_6,Human ATF5,U87
davis:S7:13,nongraph,1103,0.5305871367454529,0.19179505192535218,davisS7_7,Human ATF5,U87
davis:S7:14,nongraph,1103,0.5729085803031921,0.1501751361473258,davisS7_8,Human ATF5,U87
davis:S7:15,nongraph,1103,0.5607458353042603,0.6498709056863998,davisS7_8,Human ATF5,U87
davis:S7:16,nongraph,1103,0.529450535774231,0.14470974720940144,davisS7_10,Human ATF5,U87
davis:S7:17,nongraph,1103,0.5155943632125854,0.20129768076275145,davisS7_11,Human ATF5,U87
davis:S7:18,nongraph,1103,0.5562918186187744,0.707414175953699,davisS7_11,Human ATF5,U87
davis:S7:19,nongraph,1103,0.5220347046852112,0.6051141537013824,davisS7_13,Human ATF5,U87
davis:S7:20,nongraph,1103,0.6473851799964905,0.34853317632344316,davisS7_13,Human ATF5,U87
davis:S7:21,nongraph,1103,0.5829311609268188,0.2612016848088119,davisS7_15,Human ATF5,U87
davis:S7:22,nongraph,1103,0.6291418671607971,0.3134144981527419,davisS7_16,Human HTT,HeLa
davis:S7:23,nongraph,1103,0.5908652544021606,-0.4806344610234614,davisS7_16,Human HTT,HeLa
davis:S7:24,nongraph,1103,0.6131308078765869,0.6341392782824153,davisS7_16,Human HTT,HeLa
davis:S7:25,nongraph,1103,0.5305678248405457,0.1489082554313247,davisS7_16,Human HTT,HeLa
davis:S7:26,nongraph,1103,0.6014259457588196,0.0636693153602933,davisS7_16,Human HTT,HeLa
davis:S7:27,nongraph,1103,0.6243471503257751,-0.5713075439479689,davisS7_16,Human HTT,HeLa
davis:S7:28,nongraph,1103,0.5554490685462952,-0.6521788856595239,davisS7_16,Human HTT,HeLa
davis:S7:29,nongraph,1103,0.6442161798477173,0.528296762778599,davisS7_16,Human HTT,HeLa
davis:S7:30,nongraph,1103,0.5329095125198364,0.3801858206102334,davisS7_16,Human HTT,HeLa
davis:S7:31,nongraph,1103,0.5812947154045105,0.5130839679493463,davisS7_16,Human HTT,HeLa
davis:S7:32,nongraph,1103,0.6318838596343994,0.5776531751941458,davisS7_16,Human HTT,HeLa
davis:S7:33,nongraph,1103,0.5718296766281128,0.45253001549345184,davisS7_16,Human HTT,HeLa
davis:S7:34,nongraph,1103,0.63847416639328,0.08599088833803714,davisS7_16,Human HTT,HeLa
davis:S7:35,nongraph,1103,0.5553765892982483,-0.1761744689312872,davisS7_16,Human HTT,HeLa
davis:S7:36,nongraph,1103,0.5830461978912354,0.07950755961789524,davisS7_30,Human HTT,HeLa
davis:S7:37,nongraph,1103,0.5464627146720886,-0.0030665643829392852,davisS7_30,Human HTT,HeLa
davis:S7:38,nongraph,1103,0.5020279288291931,0.3392830860616495,davisS7_32,Human HTT,HeLa
davis:S7:39,nongraph,1103,0.5170674920082092,0.6696264323540659,davisS7_32,Human HTT,HeLa
davis:S7:40,nongraph,1103,0.5666826963424683,0.49403815197257583,davisS7_32,Human HTT,HeLa
davis:S7:41,nongraph,1103,0.6003020405769348,0.3731746250737742,davisS7_35,Human HTT,HeLa
davis:S7:42,nongraph,1103,0.6158958077430725,0.052906866072662706,davisS7_36,Human HTT,HeLa
davis:S7:43,nongraph,1103,0.5523850321769714,0.44946879055566225,davisS7_36,Human HTT,HeLa
davis:S7:44,nongraph,1103,0.5634661316871643,-0.06468016267738452,davisS7_36,Human HTT,HeLa
davis:S7:45,nongraph,1103,0.6074268817901611,-0.4535419774341878,davisS7_36,Human HTT,HeLa
davis:S7:46,nongraph,1103,0.5598475337028503,0.354706630082653,davisS7_16,Human HTT,HeLa
davis:S7:47,nongraph,1103,0.5908228754997253,0.47642463801254964,davisS7_16,Human HTT,HeLa
davis:S7:48,nongraph,1103,0.5480353236198425,0.5112465274509308,davisS7_36,Human HTT,HeLa
davis:S7:49,nongraph,1103,0.5451295375823975,0.8180891999541638,davisS7_43,Human HTT,HeLa
davis:S7:50,nongraph,1103,0.5404958128929138,0.17397174427131046,davisS7_44,Human HTT,HeLa
davis:S7:51,nongraph,1103,0.49367719888687134,0.7517324035216936,davisS7_45,Human HTT,HeLa
davis:S7:52,nongraph,1103,0.5393268465995789,0.7123934731985273,davisS7_46,Human HTT,HeLa
davis:S7:53,nongraph,1103,0.5868028998374939,0.8139331676046673,davisS7_47,Human HTT,HeLa
davis:S7:54,nongraph,1103,0.539306640625,0.6377145807101531,davisS7_47,Human HTT,HeLa
davis:S7:55,nongraph,1103,0.6579877138137817,0.006656544821111776,davisS7_49,Human HTT,HeLa
davis:S7:56,nongraph,1103,0.6005210280418396,0.23720580000000002,davisS7_50,Human SOD1,HeLa
davis:S7:57,nongraph,1103,0.5400959253311157,0.2280268666666666,davisS7_51,Human SOD1,HeLa
davis:S7:58,nongraph,1103,0.5335902571678162,0.5778000000000001,davisS7_52,Human SOD1,HeLa
davis:S7:59,nongraph,1103,0.5395267009735107,0.31999466666666665,davisS7_53,Human SOD1,HeLa
davis:S7:60,nongraph,1103,0.5940325260162354,0.7801191333333334,davisS7_54,Human SOD1,HeLa
davis:S7:61,nongraph,1103,0.6411396861076355,0.3021619333333332,davisS7_55,Human SOD1,HeLa
davis:S7:62,nongraph,1103,0.5724326372146606,0.08143403333333321,davisS7_56,Human SOD1,HeLa
davis:S7:63,nongraph,1103,0.5630097985267639,0.7367888333333333,davisS7_57,Human SOD1,HeLa
davis:S7:64,nongraph,1103,0.5782168507575989,0.7009508,davisS7_58,Human SOD1,HeLa
davis:S7:65,nongraph,1103,0.6055266857147217,0.46130709999999997,davisS7_59,Human SOD1,HeLa
davis:S7:66,nongraph,1103,0.5338156819343567,0.44501656666666667,davisS7_60,Human SOD1,HeLa
davis:S7:67,nongraph,1103,0.5584226846694946,0.6030924,davisS7_60,Human SOD1,HeLa
davis:S7:68,nongraph,1103,0.5654212832450867,0.3380960666666667,davisS7_60,Human SOD1,HeLa
davis:S7:69,nongraph,1103,0.5719216465950012,0.27775246666666664,davisS7_63,Human SOD1,HeLa
davis:S7:70,nongraph,1103,0.5395610332489014,0.1079066666666667,davisS7_64,Human SOD1,HeLa
davis:S7:71,nongraph,1103,0.5309340357780457,0.33862953333333334,davisS7_65,Human SOD1,HeLa
davis:S7:72,nongraph,1103,0.5753164291381836,0.1854943,davisS7_65,Human SOD1,HeLa
davis:S7:73,nongraph,1103,0.551926851272583,0.34030860000000007,davisS7_67,Human SOD1,HeLa
davis:S7:74,nongraph,1103,0.5243691802024841,0.24867933333333325,davisS7_68,Human SOD1,HeLa
davis:S7:75,nongraph,1103,0.5467028617858887,0.19171776666666673,davisS7_69,Human SOD1,HeLa
davis:S7:76,nongraph,1103,0.6230887770652771,0.3004180000000001,davisS7_69,Human SOD1,HeLa
davis:S7:77,nongraph,1103,0.6049655079841614,0.2333455000000001,davisS7_69,Human SOD1,HeLa
davis:S7:78,nongraph,1103,0.5815677046775818,0.46037419999999996,davisS7_72,Human SOD1,HeLa
davis:S7:79,nongraph,1103,0.5405371785163879,0.4224627666666667,davisS7_73,Human SOD1,HeLa
davis:S7:80,nongraph,1103,0.5329371094703674,0.15104200907825016,davisS7_74,Human STAT3,HeLa
davis:S7:81,nongraph,1103,0.5137520432472229,-0.09789124356303325,davisS7_75,Human STAT3,HeLa
davis:S7:82,nongraph,1103,0.6072899699211121,0.39552980300828555,davisS7_76,Human STAT3,HeLa
davis:S7:83,nongraph,1103,0.5429128408432007,0.2302376727328802,davisS7_77,Human STAT3,HeLa
davis:S7:84,nongraph,1103,0.5901995897293091,0.3557002339922424,davisS7_78,Human STAT3,HeLa
davis:S7:85,nongraph,1103,0.5649572610855103,0.03928291274055096,davisS7_79,Human STAT3,HeLa
davis:S7:86,nongraph,1103,0.4920058846473694,-0.040315941955763934,davisS7_80,Human STAT3,HeLa
davis:S7:87,nongraph,1103,0.529823362827301,0.26871350091549107,davisS7_81,Human STAT3,HeLa
davis:S7:88,nongraph,1103,0.6284752488136292,0.29526825182448846,davisS7_82,Human STAT3,HeLa
davis:S7:89,nongraph,1103,0.5872191786766052,0.5478951248293329,davisS7_82,Human STAT3,HeLa
davis:S7:90,nongraph,1103,0.5522451996803284,0.5112643974929821,davisS7_84,Human STAT3,HeLa
davis:S7:91,nongraph,1103,0.5433236956596375,0.4826011955589107,davisS7_85,Human STAT3,HeLa
davis:S7:92,nongraph,1103,0.516920804977417,0.6277545899433397,davisS7_79,Human STAT3,HeLa
davis:S7:93,nongraph,1103,0.5617678165435791,0.5903712690282751,davisS7_81,Human STAT3,HeLa
davis:S7:94,nongraph,1103,0.5950247049331665,0.351041187102758,davisS7_88,Human STAT3,HeLa
davis:S7:95,nongraph,1103,0.6405658721923828,0.41798454661241036,davisS7_89,Human STAT3,HeLa
davis:S7:96,nongraph,1103,0.580195426940918,0.09534641202033745,davisS7_90,Human STAT3,HeLa
davis:S7:97,nongraph,1103,0.5656430721282959,-0.10094444384116241,davisS7_91,Human STAT3,RAG
davis:S7:98,nongraph,1103,0.5187077522277832,-0.04636779096490007,davisS7_92,Human STAT3,RAG
davis:S7:99,nongraph,1103,0.5353940725326538,-0.026714183807100333,davisS7_93,Human STAT3,RAG
davis:S7:100,nongraph,1103,0.6056750416755676,0.6638162034082022,davisS7_91,Human STAT3,RAG
davis:S7:101,nongraph,1103,0.6358187794685364,0.493254645056441,davisS7_95,Human STAT3,RAG
davis:S7:102,nongraph,1103,0.525589644908905,-0.15172066781953153,davisS7_96,Human STAT3,RAG
davis:S7:103,nongraph,1103,0.49382174015045166,0.44784935874152676,davisS7_97,Human STAT3,RAG
davis:S7:104,nongraph,1103,0.6966005563735962,-0.24678702917017836,davisS7_98,Human STAT3,RAG
davis:S7:105,nongraph,1103,0.5226246118545532,0.061341032083046754,davisS7_95,Human STAT3,RAG
davis:S7:106,nongraph,1103,0.5701746344566345,0.7954509507757851,davisS7_100,Human STAT3,RAG
davis:S7:107,nongraph,1103,0.568676769733429,0.2044674617808293,davisS7_101,Human STAT3,RAG
davis:S7:108,nongraph,1103,0.6360480785369873,0.3167838805179626,davisS7_89,Human STAT3,RAG
davis:S7:109,nongraph,1103,0.5962108373641968,0.35714009047551076,davisS7_92,Human STAT3,RAG
davis:S7:110,nongraph,1103,0.5594220757484436,0.8832184924509484,davisS7_104,Human STAT3,RAG
davis:S7:111,nongraph,1103,0.5170053839683533,0.24732168067804183,davisS7_105,Human STAT3,RAG
davis:S7:112,nongraph,1103,0.5976353883743286,0.6594424109386086,davisS7_106,Human VIM,3T3
davis:S7:113,nongraph,1103,0.6020620465278625,0.5285369957068679,davisS7_107,Human VIM,3T3
davis:S7:114,nongraph,1103,0.6159728765487671,0.4684836642720649,davisS7_108,Human VIM,3T3
davis:S7:115,nongraph,1103,0.5516684651374817,0.18487458583364158,davisS7_109,Human VIM,3T3
davis:S7:116,nongraph,1103,0.6109369397163391,0.27737019903948823,davisS7_110,Human VIM,3T3
davis:S7:117,nongraph,1103,0.5293365716934204,0.42638289201492174,davisS7_111,Human VIM,3T3
davis:S7:118,nongraph,1103,0.5698449611663818,0.6973846960819722,davisS7_112,Human VIM,3T3
davis:S7:119,nongraph,1103,0.5887782573699951,0.7944788080809153,davisS7_112,Human VIM,3T3
davis:S7:120,nongraph,1103,0.582667887210846,0.3096549995133564,davisS7_114,Human VIM,3T3
davis:S7:121,nongraph,1103,0.5679122805595398,0.5571144729660958,davisS7_115,Human VIM,3T3
davis:S7:122,nongraph,1103,0.617819607257843,0.7574053024794085,davisS7_116,Human VIM,3T3
davis:S7:123,nongraph,1103,0.5920625925064087,0.32684086415844904,davisS7_108,Human VIM,3T3
davis:S7:6,nongraph,2207,0.5140354633331299,0.4213946058422857,davisS7_0,Human ATF5,U87
davis:S7:7,nongraph,2207,0.4776122570037842,0.38202459953643053,davisS7_1,Human ATF5,U87
davis:S7:8,nongraph,2207,0.45752301812171936,0.6226294833933798,davisS7_2,Human ATF5,U87
davis:S7:9,nongraph,2207,0.41779664158821106,0.5497510143173167,davisS7_2,Human ATF5,U87
davis:S7:10,nongraph,2207,0.4662415087223053,0.5578613119405877,davisS7_2,Human ATF5,U87
davis:S7:11,nongraph,2207,0.43264085054397583,0.7777654346939843,davisS7_5,Human ATF5,U87
davis:S7:12,nongraph,2207,0.5157918334007263,0.7923936117836525,davisS7_6,Human ATF5,U87
davis:S7:13,nongraph,2207,0.45778411626815796,0.19179505192535218,davisS7_7,Human ATF5,U87
davis:S7:14,nongraph,2207,0.4405084550380707,0.1501751361473258,davisS7_8,Human ATF5,U87
davis:S7:15,nongraph,2207,0.4281424283981323,0.6498709056863998,davisS7_8,Human ATF5,U87
davis:S7:16,nongraph,2207,0.43023717403411865,0.14470974720940144,davisS7_10,Human ATF5,U87
davis:S7:17,nongraph,2207,0.4361947774887085,0.20129768076275145,davisS7_11,Human ATF5,U87
davis:S7:18,nongraph,2207,0.47182697057724,0.707414175953699,davisS7_11,Human ATF5,U87
davis:S7:19,nongraph,2207,0.3903769850730896,0.6051141537013824,davisS7_13,Human ATF5,U87
davis:S7:20,nongraph,2207,0.5147784948348999,0.34853317632344316,davisS7_13,Human ATF5,U87
davis:S7:21,nongraph,2207,0.48031723499298096,0.2612016848088119,davisS7_15,Human ATF5,U87
davis:S7:22,nongraph,2207,0.47427186369895935,0.3134144981527419,davisS7_16,Human HTT,HeLa
davis:S7:23,nongraph,2207,0.47461849451065063,-0.4806344610234614,davisS7_16,Human HTT,HeLa
davis:S7:24,nongraph,2207,0.48575538396835327,0.6341392782824153,davisS7_16,Human HTT,HeLa
davis:S7:25,nongraph,2207,0.4312162399291992,0.1489082554313247,davisS7_16,Human HTT,HeLa
davis:S7:26,nongraph,2207,0.49613308906555176,0.0636693153602933,davisS7_16,Human HTT,HeLa
davis:S7:27,nongraph,2207,0.46365082263946533,-0.5713075439479689,davisS7_16,Human HTT,HeLa
davis:S7:28,nongraph,2207,0.4083210229873657,-0.6521788856595239,davisS7_16,Human HTT,HeLa
davis:S7:29,nongraph,2207,0.4903492033481598,0.528296762778599,davisS7_16,Human HTT,HeLa
davis:S7:30,nongraph,2207,0.3909910321235657,0.3801858206102334,davisS7_16,Human HTT,HeLa
davis:S7:31,nongraph,2207,0.4723018407821655,0.5130839679493463,davisS7_16,Human HTT,HeLa
davis:S7:32,nongraph,2207,0.4994828701019287,0.5776531751941458,davisS7_16,Human HTT,HeLa
davis:S7:33,nongraph,2207,0.45957645773887634,0.45253001549345184,davisS7_16,Human HTT,HeLa
davis:S7:34,nongraph,2207,0.5135065913200378,0.08599088833803714,davisS7_16,Human HTT,HeLa
davis:S7:35,nongraph,2207,0.47952690720558167,-0.1761744689312872,davisS7_16,Human HTT,HeLa
davis:S7:36,nongraph,2207,0.4028274416923523,0.07950755961789524,davisS7_30,Human HTT,HeLa
davis:S7:37,nongraph,2207,0.38373273611068726,-0.0030665643829392852,davisS7_30,Human HTT,HeLa
davis:S7:38,nongraph,2207,0.4321909546852112,0.3392830860616495,davisS7_32,Human HTT,HeLa
davis:S7:39,nongraph,2207,0.4478018879890442,0.6696264323540659,davisS7_32,Human HTT,HeLa
davis:S7:40,nongraph,2207,0.47135108709335327,0.49403815197257583,davisS7_32,Human HTT,HeLa
davis:S7:41,nongraph,2207,0.510829746723175,0.3731746250737742,davisS7_35,Human HTT,HeLa
davis:S7:42,nongraph,2207,0.4573611319065094,0.052906866072662706,davisS7_36,Human HTT,HeLa
davis:S7:43,nongraph,2207,0.44225478172302246,0.44946879055566225,davisS7_36,Human HTT,HeLa
davis:S7:44,nongraph,2207,0.40668749809265137,-0.06468016267738452,davisS7_36,Human HTT,HeLa
davis:S7:45,nongraph,2207,0.44211405515670776,-0.4535419774341878,davisS7_36,Human HTT,HeLa
davis:S7:46,nongraph,2207,0.4351740777492523,0.354706630082653,davisS7_16,Human HTT,HeLa
davis:S7:47,nongraph,2207,0.46792691946029663,0.47642463801254964,davisS7_16,Human HTT,HeLa
davis:S7:48,nongraph,2207,0.42880865931510925,0.5112465274509308,davisS7_36,Human HTT,HeLa
davis:S7:49,nongraph,2207,0.41120481491088867,0.8180891999541638,davisS7_43,Human HTT,HeLa
davis:S7:50,nongraph,2207,0.4601651728153229,0.17397174427131046,davisS7_44,Human HTT,HeLa
davis:S7:51,nongraph,2207,0.4343506991863251,0.7517324035216936,davisS7_45,Human HTT,HeLa
davis:S7:52,nongraph,2207,0.4743746519088745,0.7123934731985273,davisS7_46,Human HTT,HeLa
davis:S7:53,nongraph,2207,0.47792887687683105,0.8139331676046673,davisS7_47,Human HTT,HeLa
davis:S7:54,nongraph,2207,0.3995037376880646,0.6377145807101531,davisS7_47,Human HTT,HeLa
davis:S7:55,nongraph,2207,0.49951493740081787,0.006656544821111776,davisS7_49,Human HTT,HeLa
davis:S7:56,nongraph,2207,0.4794839024543762,0.23720580000000002,davisS7_50,Human SOD1,HeLa
davis:S7:57,nongraph,2207,0.42589688301086426,0.2280268666666666,davisS7_51,Human SOD1,HeLa
davis:S7:58,nongraph,2207,0.49545592069625854,0.5778000000000001,davisS7_52,Human SOD1,HeLa
davis:S7:59,nongraph,2207,0.39906275272369385,0.31999466666666665,davisS7_53,Human SOD1,HeLa
davis:S7:60,nongraph,2207,0.4698173701763153,0.7801191333333334,davisS7_54,Human SOD1,HeLa
davis:S7:61,nongraph,2207,0.45623815059661865,0.3021619333333332,davisS7_55,Human SOD1,HeLa
davis:S7:62,nongraph,2207,0.4430531859397888,0.08143403333333321,davisS7_56,Human SOD1,HeLa
davis:S7:63,nongraph,2207,0.48196637630462646,0.7367888333333333,davisS7_57,Human SOD1,HeLa
davis:S7:64,nongraph,2207,0.45934268832206726,0.7009508,davisS7_58,Human SOD1,HeLa
davis:S7:65,nongraph,2207,0.5369609594345093,0.46130709999999997,davisS7_59,Human SOD1,HeLa
davis:S7:66,nongraph,2207,0.40057405829429626,0.44501656666666667,davisS7_60,Human SOD1,HeLa
davis:S7:67,nongraph,2207,0.41598063707351685,0.6030924,davisS7_60,Human SOD1,HeLa
davis:S7:68,nongraph,2207,0.4640965461730957,0.3380960666666667,davisS7_60,Human SOD1,HeLa
davis:S7:69,nongraph,2207,0.43360772728919983,0.27775246666666664,davisS7_63,Human SOD1,HeLa
davis:S7:70,nongraph,2207,0.44589903950691223,0.1079066666666667,davisS7_64,Human SOD1,HeLa
davis:S7:71,nongraph,2207,0.47580116987228394,0.33862953333333334,davisS7_65,Human SOD1,HeLa
davis:S7:72,nongraph,2207,0.48961561918258667,0.1854943,davisS7_65,Human SOD1,HeLa
davis:S7:73,nongraph,2207,0.4894871711730957,0.34030860000000007,davisS7_67,Human SOD1,HeLa
davis:S7:74,nongraph,2207,0.42271173000335693,0.24867933333333325,davisS7_68,Human SOD1,HeLa
davis:S7:75,nongraph,2207,0.44804954528808594,0.19171776666666673,davisS7_69,Human SOD1,HeLa
davis:S7:76,nongraph,2207,0.5325666666030884,0.3004180000000001,davisS7_69,Human SOD1,HeLa
davis:S7:77,nongraph,2207,0.4494726061820984,0.2333455000000001,davisS7_69,Human SOD1,HeLa
davis:S7:78,nongraph,2207,0.5405616760253906,0.46037419999999996,davisS7_72,Human SOD1,HeLa
davis:S7:79,nongraph,2207,0.44178974628448486,0.4224627666666667,davisS7_73,Human SOD1,HeLa
davis:S7:80,nongraph,2207,0.5015960335731506,0.15104200907825016,davisS7_74,Human STAT3,HeLa
davis:S7:81,nongraph,2207,0.4337732791900635,-0.09789124356303325,davisS7_75,Human STAT3,HeLa
davis:S7:82,nongraph,2207,0.4864967465400696,0.39552980300828555,davisS7_76,Human STAT3,HeLa
davis:S7:83,nongraph,2207,0.447946161031723,0.2302376727328802,davisS7_77,Human STAT3,HeLa
davis:S7:84,nongraph,2207,0.4808432161808014,0.3557002339922424,davisS7_78,Human STAT3,HeLa
davis:S7:85,nongraph,2207,0.48359861969947815,0.03928291274055096,davisS7_79,Human STAT3,HeLa
davis:S7:86,nongraph,2207,0.42182183265686035,-0.040315941955763934,davisS7_80,Human STAT3,HeLa
davis:S7:87,nongraph,2207,0.42379331588745117,0.26871350091549107,davisS7_81,Human STAT3,HeLa
davis:S7:88,nongraph,2207,0.4611463248729706,0.29526825182448846,davisS7_82,Human STAT3,HeLa
davis:S7:89,nongraph,2207,0.42794984579086304,0.5478951248293329,davisS7_82,Human STAT3,HeLa
davis:S7:90,nongraph,2207,0.46997642517089844,0.5112643974929821,davisS7_84,Human STAT3,HeLa
davis:S7:91,nongraph,2207,0.45848318934440613,0.4826011955589107,davisS7_85,Human STAT3,HeLa
davis:S7:92,nongraph,2207,0.4481034576892853,0.6277545899433397,davisS7_79,Human STAT3,HeLa
davis:S7:93,nongraph,2207,0.47187793254852295,0.5903712690282751,davisS7_81,Human STAT3,HeLa
davis:S7:94,nongraph,2207,0.46820998191833496,0.351041187102758,davisS7_88,Human STAT3,HeLa
davis:S7:95,nongraph,2207,0.5066807866096497,0.41798454661241036,davisS7_89,Human STAT3,HeLa
davis:S7:96,nongraph,2207,0.5020764470100403,0.09534641202033745,davisS7_90,Human STAT3,HeLa
davis:S7:97,nongraph,2207,0.542689859867096,-0.10094444384116241,davisS7_91,Human STAT3,RAG
davis:S7:98,nongraph,2207,0.43202272057533264,-0.04636779096490007,davisS7_92,Human STAT3,RAG
davis:S7:99,nongraph,2207,0.4569101333618164,-0.026714183807100333,davisS7_93,Human STAT3,RAG
davis:S7:100,nongraph,2207,0.5324931144714355,0.6638162034082022,davisS7_91,Human STAT3,RAG
davis:S7:101,nongraph,2207,0.5125876069068909,0.493254645056441,davisS7_95,Human STAT3,RAG
davis:S7:102,nongraph,2207,0.4958123564720154,-0.15172066781953153,davisS7_96,Human STAT3,RAG
davis:S7:103,nongraph,2207,0.4062672257423401,0.44784935874152676,davisS7_97,Human STAT3,RAG
davis:S7:104,nongraph,2207,0.5357906222343445,-0.24678702917017836,davisS7_98,Human STAT3,RAG
davis:S7:105,nongraph,2207,0.42967137694358826,0.061341032083046754,davisS7_95,Human STAT3,RAG
davis:S7:106,nongraph,2207,0.45323753356933594,0.7954509507757851,davisS7_100,Human STAT3,RAG
davis:S7:107,nongraph,2207,0.4365886449813843,0.2044674617808293,davisS7_101,Human STAT3,RAG
davis:S7:108,nongraph,2207,0.5149215459823608,0.3167838805179626,davisS7_89,Human STAT3,RAG
davis:S7:109,nongraph,2207,0.4858829081058502,0.35714009047551076,davisS7_92,Human STAT3,RAG
davis:S7:110,nongraph,2207,0.47066089510917664,0.8832184924509484,davisS7_104,Human STAT3,RAG
davis:S7:111,nongraph,2207,0.44140440225601196,0.24732168067804183,davisS7_105,Human STAT3,RAG
davis:S7:112,nongraph,2207,0.49868959188461304,0.6594424109386086,davisS7_106,Human VIM,3T3
davis:S7:113,nongraph,2207,0.4448128342628479,0.5285369957068679,davisS7_107,Human VIM,3T3
davis:S7:114,nongraph,2207,0.4805011749267578,0.4684836642720649,davisS7_108,Human VIM,3T3
davis:S7:115,nongraph,2207,0.4742388129234314,0.18487458583364158,davisS7_109,Human VIM,3T3
davis:S7:116,nongraph,2207,0.47734737396240234,0.27737019903948823,davisS7_110,Human VIM,3T3
davis:S7:117,nongraph,2207,0.4368993937969208,0.42638289201492174,davisS7_111,Human VIM,3T3
davis:S7:118,nongraph,2207,0.43389183282852173,0.6973846960819722,davisS7_112,Human VIM,3T3
davis:S7:119,nongraph,2207,0.4111405909061432,0.7944788080809153,davisS7_112,Human VIM,3T3
davis:S7:120,nongraph,2207,0.4639083743095398,0.3096549995133564,davisS7_114,Human VIM,3T3
davis:S7:121,nongraph,2207,0.532649040222168,0.5571144729660958,davisS7_115,Human VIM,3T3
davis:S7:122,nongraph,2207,0.4739520847797394,0.7574053024794085,davisS7_116,Human VIM,3T3
davis:S7:123,nongraph,2207,0.48335403203964233,0.32684086415844904,davisS7_108,Human VIM,3T3
davis:S7:6,nongraph,3301,0.4286061227321625,0.4213946058422857,davisS7_0,Human ATF5,U87
davis:S7:7,nongraph,3301,0.409946084022522,0.38202459953643053,davisS7_1,Human ATF5,U87
davis:S7:8,nongraph,3301,0.4336588978767395,0.6226294833933798,davisS7_2,Human ATF5,U87
davis:S7:9,nongraph,3301,0.40282970666885376,0.5497510143173167,davisS7_2,Human ATF5,U87
davis:S7:10,nongraph,3301,0.4017578363418579,0.5578613119405877,davisS7_2,Human ATF5,U87
davis:S7:11,nongraph,3301,0.4148927330970764,0.7777654346939843,davisS7_5,Human ATF5,U87
davis:S7:12,nongraph,3301,0.4206266403198242,0.7923936117836525,davisS7_6,Human ATF5,U87
davis:S7:13,nongraph,3301,0.40968984365463257,0.19179505192535218,davisS7_7,Human ATF5,U87
davis:S7:14,nongraph,3301,0.3781220316886902,0.1501751361473258,davisS7_8,Human ATF5,U87
davis:S7:15,nongraph,3301,0.34841787815093994,0.6498709056863998,davisS7_8,Human ATF5,U87
davis:S7:16,nongraph,3301,0.38649460673332214,0.14470974720940144,davisS7_10,Human ATF5,U87
davis:S7:17,nongraph,3301,0.34900522232055664,0.20129768076275145,davisS7_11,Human ATF5,U87
davis:S7:18,nongraph,3301,0.35738807916641235,0.707414175953699,davisS7_11,Human ATF5,U87
davis:S7:19,nongraph,3301,0.31422513723373413,0.6051141537013824,davisS7_13,Human ATF5,U87
davis:S7:20,nongraph,3301,0.463623583316803,0.34853317632344316,davisS7_13,Human ATF5,U87
davis:S7:21,nongraph,3301,0.45650631189346313,0.2612016848088119,davisS7_15,Human ATF5,U87
davis:S7:22,nongraph,3301,0.38818538188934326,0.3134144981527419,davisS7_16,Human HTT,HeLa
davis:S7:23,nongraph,3301,0.40471816062927246,-0.4806344610234614,davisS7_16,Human HTT,HeLa
davis:S7:24,nongraph,3301,0.415149062871933,0.6341392782824153,davisS7_16,Human HTT,HeLa
davis:S7:25,nongraph,3301,0.34698396921157837,0.1489082554313247,davisS7_16,Human HTT,HeLa
davis:S7:26,nongraph,3301,0.41021931171417236,0.0636693153602933,davisS7_16,Human HTT,HeLa
davis:S7:27,nongraph,3301,0.41805118322372437,-0.5713075439479689,davisS7_16,Human HTT,HeLa
davis:S7:28,nongraph,3301,0.39724481105804443,-0.6521788856595239,davisS7_16,Human HTT,HeLa
davis:S7:29,nongraph,3301,0.4529533088207245,0.528296762778599,davisS7_16,Human HTT,HeLa
davis:S7:30,nongraph,3301,0.39483070373535156,0.3801858206102334,davisS7_16,Human HTT,HeLa
davis:S7:31,nongraph,3301,0.3801460564136505,0.5130839679493463,davisS7_16,Human HTT,HeLa
davis:S7:32,nongraph,3301,0.44544172286987305,0.5776531751941458,davisS7_16,Human HTT,HeLa
davis:S7:33,nongraph,3301,0.3970639705657959,0.45253001549345184,davisS7_16,Human HTT,HeLa
davis:S7:34,nongraph,3301,0.4481537938117981,0.08599088833803714,davisS7_16,Human HTT,HeLa
davis:S7:35,nongraph,3301,0.36884573101997375,-0.1761744689312872,davisS7_16,Human HTT,HeLa
davis:S7:36,nongraph,3301,0.35074764490127563,0.07950755961789524,davisS7_30,Human HTT,HeLa
davis:S7:37,nongraph,3301,0.32746610045433044,-0.0030665643829392852,davisS7_30,Human HTT,HeLa
davis:S7:38,nongraph,3301,0.3613279461860657,0.3392830860616495,davisS7_32,Human HTT,HeLa
davis:S7:39,nongraph,3301,0.42362838983535767,0.6696264323540659,davisS7_32,Human HTT,HeLa
davis:S7:40,nongraph,3301,0.3995089530944824,0.49403815197257583,davisS7_32,Human HTT,HeLa
davis:S7:41,nongraph,3301,0.44854509830474854,0.3731746250737742,davisS7_35,Human HTT,HeLa
davis:S7:42,nongraph,3301,0.3970949053764343,0.052906866072662706,davisS7_36,Human HTT,HeLa
davis:S7:43,nongraph,3301,0.36229610443115234,0.44946879055566225,davisS7_36,Human HTT,HeLa
davis:S7:44,nongraph,3301,0.3947069048881531,-0.06468016267738452,davisS7_36,Human HTT,HeLa
davis:S7:45,nongraph,3301,0.43711763620376587,-0.4535419774341878,davisS7_36,Human HTT,HeLa
davis:S7:46,nongraph,3301,0.3486950099468231,0.354706630082653,davisS7_16,Human HTT,HeLa
davis:S7:47,nongraph,3301,0.4417878985404968,0.47642463801254964,davisS7_16,Human HTT,HeLa
davis:S7:48,nongraph,3301,0.3584076464176178,0.5112465274509308,davisS7_36,Human HTT,HeLa
davis:S7:49,nongraph,3301,0.3870828151702881,0.8180891999541638,davisS7_43,Human HTT,HeLa
davis:S7:50,nongraph,3301,0.3606994152069092,0.17397174427131046,davisS7_44,Human HTT,HeLa
davis:S7:51,nongraph,3301,0.3428493142127991,0.7517324035216936,davisS7_45,Human HTT,HeLa
davis:S7:52,nongraph,3301,0.37133413553237915,0.7123934731985273,davisS7_46,Human HTT,HeLa
davis:S7:53,nongraph,3301,0.40972986817359924,0.8139331676046673,davisS7_47,Human HTT,HeLa
davis:S7:54,nongraph,3301,0.3359367549419403,0.6377145807101531,davisS7_47,Human HTT,HeLa
davis:S7:55,nongraph,3301,0.48402559757232666,0.006656544821111776,davisS7_49,Human HTT,HeLa
davis:S7:56,nongraph,3301,0.4651227593421936,0.23720580000000002,davisS7_50,Human SOD1,HeLa
davis:S7:57,nongraph,3301,0.4180988371372223,0.2280268666666666,davisS7_51,Human SOD1,HeLa
davis:S7:58,nongraph,3301,0.3826378583908081,0.5778000000000001,davisS7_52,Human SOD1,HeLa
davis:S7:59,nongraph,3301,0.3753265142440796,0.31999466666666665,davisS7_53,Human SOD1,HeLa
davis:S7:60,nongraph,3301,0.3901228904724121,0.7801191333333334,davisS7_54,Human SOD1,HeLa
davis:S7:61,nongraph,3301,0.4158563017845154,0.3021619333333332,davisS7_55,Human SOD1,HeLa
davis:S7:62,nongraph,3301,0.41423678398132324,0.08143403333333321,davisS7_56,Human SOD1,HeLa
davis:S7:63,nongraph,3301,0.4373357892036438,0.7367888333333333,davisS7_57,Human SOD1,HeLa
davis:S7:64,nongraph,3301,0.41739386320114136,0.7009508,davisS7_58,Human SOD1,HeLa
davis:S7:65,nongraph,3301,0.47490811347961426,0.46130709999999997,davisS7_59,Human SOD1,HeLa
davis:S7:66,nongraph,3301,0.3795592188835144,0.44501656666666667,davisS7_60,Human SOD1,HeLa
davis:S7:67,nongraph,3301,0.3570578694343567,0.6030924,davisS7_60,Human SOD1,HeLa
davis:S7:68,nongraph,3301,0.3770231306552887,0.3380960666666667,davisS7_60,Human SOD1,HeLa
davis:S7:69,nongraph,3301,0.3875226378440857,0.27775246666666664,davisS7_63,Human SOD1,HeLa
davis:S7:70,nongraph,3301,0.3860222399234772,0.1079066666666667,davisS7_64,Human SOD1,HeLa
davis:S7:71,nongraph,3301,0.37981176376342773,0.33862953333333334,davisS7_65,Human SOD1,HeLa
davis:S7:72,nongraph,3301,0.4208769202232361,0.1854943,davisS7_65,Human SOD1,HeLa
davis:S7:73,nongraph,3301,0.41389262676239014,0.34030860000000007,davisS7_67,Human SOD1,HeLa
davis:S7:74,nongraph,3301,0.37051987648010254,0.24867933333333325,davisS7_68,Human SOD1,HeLa
davis:S7:75,nongraph,3301,0.36510881781578064,0.19171776666666673,davisS7_69,Human SOD1,HeLa
davis:S7:76,nongraph,3301,0.4599752426147461,0.3004180000000001,davisS7_69,Human SOD1,HeLa
davis:S7:77,nongraph,3301,0.4060923457145691,0.2333455000000001,davisS7_69,Human SOD1,HeLa
davis:S7:78,nongraph,3301,0.44488605856895447,0.46037419999999996,davisS7_72,Human SOD1,HeLa
davis:S7:79,nongraph,3301,0.3819017708301544,0.4224627666666667,davisS7_73,Human SOD1,HeLa
davis:S7:80,nongraph,3301,0.39268970489501953,0.15104200907825016,davisS7_74,Human STAT3,HeLa
davis:S7:81,nongraph,3301,0.3317711651325226,-0.09789124356303325,davisS7_75,Human STAT3,HeLa
davis:S7:82,nongraph,3301,0.4162830114364624,0.39552980300828555,davisS7_76,Human STAT3,HeLa
davis:S7:83,nongraph,3301,0.3530602753162384,0.2302376727328802,davisS7_77,Human STAT3,HeLa
davis:S7:84,nongraph,3301,0.38855940103530884,0.3557002339922424,davisS7_78,Human STAT3,HeLa
davis:S7:85,nongraph,3301,0.39912891387939453,0.03928291274055096,davisS7_79,Human STAT3,HeLa
davis:S7:86,nongraph,3301,0.3709542453289032,-0.040315941955763934,davisS7_80,Human STAT3,HeLa
davis:S7:87,nongraph,3301,0.34209689497947693,0.26871350091549107,davisS7_81,Human STAT3,HeLa
davis:S7:88,nongraph,3301,0.4552341103553772,0.29526825182448846,davisS7_82,Human STAT3,HeLa
davis:S7:89,nongraph,3301,0.4160504937171936,0.5478951248293329,davisS7_82,Human STAT3,HeLa
davis:S7:90,nongraph,3301,0.3629910945892334,0.5112643974929821,davisS7_84,Human STAT3,HeLa
davis:S7:91,nongraph,3301,0.3662303388118744,0.4826011955589107,davisS7_85,Human STAT3,HeLa
davis:S7:92,nongraph,3301,0.3762023150920868,0.6277545899433397,davisS7_79,Human STAT3,HeLa
davis:S7:93,nongraph,3301,0.39988309144973755,0.5903712690282751,davisS7_81,Human STAT3,HeLa
davis:S7:94,nongraph,3301,0.41748619079589844,0.351041187102758,davisS7_88,Human STAT3,HeLa
davis:S7:95,nongraph,3301,0.44705086946487427,0.41798454661241036,davisS7_89,Human STAT3,HeLa
davis:S7:96,nongraph,3301,0.43224531412124634,0.09534641202033745,davisS7_90,Human STAT3,HeLa
davis:S7:97,nongraph,3301,0.40252506732940674,-0.10094444384116241,davisS7_91,Human STAT3,RAG
davis:S7:98,nongraph,3301,0.36942845582962036,-0.04636779096490007,davisS7_92,Human STAT3,RAG
davis:S7:99,nongraph,3301,0.3929642140865326,-0.026714183807100333,davisS7_93,Human STAT3,RAG
davis:S7:100,nongraph,3301,0.41732460260391235,0.6638162034082022,davisS7_91,Human STAT3,RAG
davis:S7:101,nongraph,3301,0.4719996154308319,0.493254645056441,davisS7_95,Human STAT3,RAG
davis:S7:102,nongraph,3301,0.380536288022995,-0.15172066781953153,davisS7_96,Human STAT3,RAG
davis:S7:103,nongraph,3301,0.34925830364227295,0.44784935874152676,davisS7_97,Human STAT3,RAG
davis:S7:104,nongraph,3301,0.46882474422454834,-0.24678702917017836,davisS7_98,Human STAT3,RAG
davis:S7:105,nongraph,3301,0.3276834785938263,0.061341032083046754,davisS7_95,Human STAT3,RAG
davis:S7:106,nongraph,3301,0.38425377011299133,0.7954509507757851,davisS7_100,Human STAT3,RAG
davis:S7:107,nongraph,3301,0.4027490019798279,0.2044674617808293,davisS7_101,Human STAT3,RAG
davis:S7:108,nongraph,3301,0.45538902282714844,0.3167838805179626,davisS7_89,Human STAT3,RAG
davis:S7:109,nongraph,3301,0.40223968029022217,0.35714009047551076,davisS7_92,Human STAT3,RAG
davis:S7:110,nongraph,3301,0.4246339201927185,0.8832184924509484,davisS7_104,Human STAT3,RAG
davis:S7:111,nongraph,3301,0.38952869176864624,0.24732168067804183,davisS7_105,Human STAT3,RAG
davis:S7:112,nongraph,3301,0.43141162395477295,0.6594424109386086,davisS7_106,Human VIM,3T3
davis:S7:113,nongraph,3301,0.40547966957092285,0.5285369957068679,davisS7_107,Human VIM,3T3
davis:S7:114,nongraph,3301,0.4312107563018799,0.4684836642720649,davisS7_108,Human VIM,3T3
davis:S7:115,nongraph,3301,0.39937663078308105,0.18487458583364158,davisS7_109,Human VIM,3T3
davis:S7:116,nongraph,3301,0.4450545310974121,0.27737019903948823,davisS7_110,Human VIM,3T3
davis:S7:117,nongraph,3301,0.3496781289577484,0.42638289201492174,davisS7_111,Human VIM,3T3
davis:S7:118,nongraph,3301,0.3682972490787506,0.6973846960819722,davisS7_112,Human VIM,3T3
davis:S7:119,nongraph,3301,0.4342273473739624,0.7944788080809153,davisS7_112,Human VIM,3T3
davis:S7:120,nongraph,3301,0.3884121775627136,0.3096549995133564,davisS7_114,Human VIM,3T3
davis:S7:121,nongraph,3301,0.3928064703941345,0.5571144729660958,davisS7_115,Human VIM,3T3
davis:S7:122,nongraph,3301,0.4314100444316864,0.7574053024794085,davisS7_116,Human VIM,3T3
davis:S7:123,nongraph,3301,0.43011969327926636,0.32684086415844904,davisS7_108,Human VIM,3T3
davis:S7:10,chemistry_tree,ensemble,0.45245439077466343,0.5578613119405877,davisS7_2,Human ATF5,U87
davis:S7:10,gnn,ensemble,0.3692343731721242,0.5578613119405877,davisS7_2,Human ATF5,U87
davis:S7:10,nongraph,ensemble,0.4873325526714325,0.5578613119405877,davisS7_2,Human ATF5,U87
davis:S7:10,token_cnn,ensemble,0.38351495067278546,0.5578613119405877,davisS7_2,Human ATF5,U87
davis:S7:100,chemistry_tree,ensemble,0.39336266813965354,0.6638162034082022,davisS7_91,Human STAT3,RAG
davis:S7:100,gnn,ensemble,0.401870995759964,0.6638162034082022,davisS7_91,Human STAT3,RAG
davis:S7:100,nongraph,ensemble,0.5184975862503052,0.6638162034082022,davisS7_91,Human STAT3,RAG
davis:S7:100,token_cnn,ensemble,0.38195011019706726,0.6638162034082022,davisS7_91,Human STAT3,RAG
davis:S7:101,chemistry_tree,ensemble,0.4546770447790389,0.493254645056441,davisS7_95,Human STAT3,RAG
davis:S7:101,gnn,ensemble,0.42493168512980145,0.493254645056441,davisS7_95,Human STAT3,RAG
davis:S7:101,nongraph,ensemble,0.5401353339354197,0.493254645056441,davisS7_95,Human STAT3,RAG
davis:S7:101,token_cnn,ensemble,0.42396125197410583,0.493254645056441,davisS7_95,Human STAT3,RAG
davis:S7:102,chemistry_tree,ensemble,0.40440621733990784,-0.15172066781953153,davisS7_96,Human STAT3,RAG
davis:S7:102,gnn,ensemble,0.36602892478307086,-0.15172066781953153,davisS7_96,Human STAT3,RAG
davis:S7:102,nongraph,ensemble,0.4673127631346385,-0.15172066781953153,davisS7_96,Human STAT3,RAG
davis:S7:102,token_cnn,ensemble,0.34707016746203107,-0.15172066781953153,davisS7_96,Human STAT3,RAG
davis:S7:103,chemistry_tree,ensemble,0.3876180081988192,0.44784935874152676,davisS7_97,Human STAT3,RAG
davis:S7:103,gnn,ensemble,0.33044033249219257,0.44784935874152676,davisS7_97,Human STAT3,RAG
davis:S7:103,nongraph,ensemble,0.41644908984502155,0.44784935874152676,davisS7_97,Human STAT3,RAG
davis:S7:103,token_cnn,ensemble,0.34965258836746216,0.44784935874152676,davisS7_97,Human STAT3,RAG
davis:S7:104,chemistry_tree,ensemble,0.40583115040679124,-0.24678702917017836,davisS7_98,Human STAT3,RAG
davis:S7:104,gnn,ensemble,0.4491700530052185,-0.24678702917017836,davisS7_98,Human STAT3,RAG
davis:S7:104,nongraph,ensemble,0.5670719742774963,-0.24678702917017836,davisS7_98,Human STAT3,RAG
davis:S7:104,token_cnn,ensemble,0.39943836132685345,-0.24678702917017836,davisS7_98,Human STAT3,RAG
davis:S7:105,chemistry_tree,ensemble,0.3762068602673707,0.061341032083046754,davisS7_95,Human STAT3,RAG
davis:S7:105,gnn,ensemble,0.3309538463751475,0.061341032083046754,davisS7_95,Human STAT3,RAG
davis:S7:105,nongraph,ensemble,0.42665982246398926,0.061341032083046754,davisS7_95,Human STAT3,RAG
davis:S7:105,token_cnn,ensemble,0.35709579785664874,0.061341032083046754,davisS7_95,Human STAT3,RAG
davis:S7:106,chemistry_tree,ensemble,0.45595821320473223,0.7954509507757851,davisS7_100,Human STAT3,RAG
davis:S7:106,gnn,ensemble,0.3563745121161143,0.7954509507757851,davisS7_100,Human STAT3,RAG
davis:S7:106,nongraph,ensemble,0.46922197937965393,0.7954509507757851,davisS7_100,Human STAT3,RAG
davis:S7:106,token_cnn,ensemble,0.3685520986715953,0.7954509507757851,davisS7_100,Human STAT3,RAG
davis:S7:107,chemistry_tree,ensemble,0.42607826434493806,0.2044674617808293,davisS7_101,Human STAT3,RAG
davis:S7:107,gnn,ensemble,0.35711054007212323,0.2044674617808293,davisS7_101,Human STAT3,RAG
davis:S7:107,nongraph,ensemble,0.4693381388982137,0.2044674617808293,davisS7_101,Human STAT3,RAG
davis:S7:107,token_cnn,ensemble,0.34344686071077984,0.2044674617808293,davisS7_101,Human STAT3,RAG
davis:S7:108,chemistry_tree,ensemble,0.4446325022347768,0.3167838805179626,davisS7_89,Human STAT3,RAG
davis:S7:108,gnn,ensemble,0.4251040319601695,0.3167838805179626,davisS7_89,Human STAT3,RAG
davis:S7:108,nongraph,ensemble,0.5354528824488322,0.3167838805179626,davisS7_89,Human STAT3,RAG
davis:S7:108,token_cnn,ensemble,0.3863348762194316,0.3167838805179626,davisS7_89,Human STAT3,RAG
davis:S7:109,chemistry_tree,ensemble,0.42350695416373546,0.35714009047551076,davisS7_92,Human STAT3,RAG
davis:S7:109,gnn,ensemble,0.3874342441558838,0.35714009047551076,davisS7_92,Human STAT3,RAG
davis:S7:109,nongraph,ensemble,0.4947778085867564,0.35714009047551076,davisS7_92,Human STAT3,RAG
davis:S7:109,token_cnn,ensemble,0.3795771102110545,0.35714009047551076,davisS7_92,Human STAT3,RAG
davis:S7:11,chemistry_tree,ensemble,0.4158977272106419,0.7777654346939843,davisS7_5,Human ATF5,U87
davis:S7:11,gnn,ensemble,0.3507924477259318,0.7777654346939843,davisS7_5,Human ATF5,U87
davis:S7:11,nongraph,ensemble,0.4600119988123576,0.7777654346939843,davisS7_5,Human ATF5,U87
davis:S7:11,token_cnn,ensemble,0.3584568003813426,0.7777654346939843,davisS7_5,Human ATF5,U87
davis:S7:110,chemistry_tree,ensemble,0.3722689249180576,0.8832184924509484,davisS7_104,Human STAT3,RAG
davis:S7:110,gnn,ensemble,0.361136794090271,0.8832184924509484,davisS7_104,Human STAT3,RAG
davis:S7:110,nongraph,ensemble,0.4849056303501129,0.8832184924509484,davisS7_104,Human STAT3,RAG
davis:S7:110,token_cnn,ensemble,0.3449314534664154,0.8832184924509484,davisS7_104,Human STAT3,RAG
davis:S7:111,chemistry_tree,ensemble,0.38233409768119553,0.24732168067804183,davisS7_105,Human STAT3,RAG
davis:S7:111,gnn,ensemble,0.34724752108256024,0.24732168067804183,davisS7_105,Human STAT3,RAG
davis:S7:111,nongraph,ensemble,0.4493128259976705,0.24732168067804183,davisS7_105,Human STAT3,RAG
davis:S7:111,token_cnn,ensemble,0.3199370702107747,0.24732168067804183,davisS7_105,Human STAT3,RAG
davis:S7:112,chemistry_tree,ensemble,0.4080938077517107,0.6594424109386086,davisS7_106,Human VIM,3T3
davis:S7:112,gnn,ensemble,0.40460899472236633,0.6594424109386086,davisS7_106,Human VIM,3T3
davis:S7:112,nongraph,ensemble,0.5092455347379049,0.6594424109386086,davisS7_106,Human VIM,3T3
davis:S7:112,token_cnn,ensemble,0.3646538555622101,0.6594424109386086,davisS7_106,Human VIM,3T3
davis:S7:113,chemistry_tree,ensemble,0.4169915654193086,0.5285369957068679,davisS7_107,Human VIM,3T3
davis:S7:113,gnn,ensemble,0.3566419581572215,0.5285369957068679,davisS7_107,Human VIM,3T3
davis:S7:113,nongraph,ensemble,0.48411818345387775,0.5285369957068679,davisS7_107,Human VIM,3T3
davis:S7:113,token_cnn,ensemble,0.3371951182683309,0.5285369957068679,davisS7_107,Human VIM,3T3
davis:S7:114,chemistry_tree,ensemble,0.4417732954110043,0.4684836642720649,davisS7_108,Human VIM,3T3
davis:S7:114,gnn,ensemble,0.41370129585266113,0.4684836642720649,davisS7_108,Human VIM,3T3
davis:S7:114,nongraph,ensemble,0.5092282692591349,0.4684836642720649,davisS7_108,Human VIM,3T3
davis:S7:114,token_cnn,ensemble,0.37157060702641803,0.4684836642720649,davisS7_108,Human VIM,3T3
davis:S7:115,chemistry_tree,ensemble,0.3789838817165023,0.18487458583364158,davisS7_109,Human VIM,3T3
davis:S7:115,gnn,ensemble,0.367471585671107,0.18487458583364158,davisS7_109,Human VIM,3T3
davis:S7:115,nongraph,ensemble,0.47509463628133136,0.18487458583364158,davisS7_109,Human VIM,3T3
davis:S7:115,token_cnn,ensemble,0.36106852690378827,0.18487458583364158,davisS7_109,Human VIM,3T3
davis:S7:116,chemistry_tree,ensemble,0.41899467951315383,0.27737019903948823,davisS7_110,Human VIM,3T3
davis:S7:116,gnn,ensemble,0.3884317874908447,0.27737019903948823,davisS7_110,Human VIM,3T3
davis:S7:116,nongraph,ensemble,0.5111129482587179,0.27737019903948823,davisS7_110,Human VIM,3T3
davis:S7:116,token_cnn,ensemble,0.34358227252960205,0.27737019903948823,davisS7_110,Human VIM,3T3
davis:S7:117,chemistry_tree,ensemble,0.37455701405982866,0.42638289201492174,davisS7_111,Human VIM,3T3
davis:S7:117,gnn,ensemble,0.33576133847236633,0.42638289201492174,davisS7_111,Human VIM,3T3
davis:S7:117,nongraph,ensemble,0.43863803148269653,0.42638289201492174,davisS7_111,Human VIM,3T3
davis:S7:117,token_cnn,ensemble,0.3289075493812561,0.42638289201492174,davisS7_111,Human VIM,3T3
davis:S7:118,chemistry_tree,ensemble,0.39256898763852616,0.6973846960819722,davisS7_112,Human VIM,3T3
davis:S7:118,gnn,ensemble,0.35302115480105084,0.6973846960819722,davisS7_112,Human VIM,3T3
davis:S7:118,nongraph,ensemble,0.4573446810245514,0.6973846960819722,davisS7_112,Human VIM,3T3
davis:S7:118,token_cnn,ensemble,0.33876145879427594,0.6973846960819722,davisS7_112,Human VIM,3T3
davis:S7:119,chemistry_tree,ensemble,0.3829409102876706,0.7944788080809153,davisS7_112,Human VIM,3T3
davis:S7:119,gnn,ensemble,0.36567848920822144,0.7944788080809153,davisS7_112,Human VIM,3T3
davis:S7:119,nongraph,ensemble,0.4780487318833669,0.7944788080809153,davisS7_112,Human VIM,3T3
davis:S7:119,token_cnn,ensemble,0.37127648790677387,0.7944788080809153,davisS7_112,Human VIM,3T3
davis:S7:12,chemistry_tree,ensemble,0.4140316885167699,0.7923936117836525,davisS7_6,Human ATF5,U87
davis:S7:12,gnn,ensemble,0.40705058972040814,0.7923936117836525,davisS7_6,Human ATF5,U87
davis:S7:12,nongraph,ensemble,0.5151743491490682,0.7923936117836525,davisS7_6,Human ATF5,U87
davis:S7:12,token_cnn,ensemble,0.36591601371765137,0.7923936117836525,davisS7_6,Human ATF5,U87
davis:S7:120,chemistry_tree,ensemble,0.38470631420060736,0.3096549995133564,davisS7_114,Human VIM,3T3
davis:S7:120,gnn,ensemble,0.364999920129776,0.3096549995133564,davisS7_114,Human VIM,3T3
davis:S7:120,nongraph,ensemble,0.47832947969436646,0.3096549995133564,davisS7_114,Human VIM,3T3
davis:S7:120,token_cnn,ensemble,0.3342795471350352,0.3096549995133564,davisS7_114,Human VIM,3T3
davis:S7:121,chemistry_tree,ensemble,0.39810535859962304,0.5571144729660958,davisS7_115,Human VIM,3T3
davis:S7:121,gnn,ensemble,0.378714919090271,0.5571144729660958,davisS7_115,Human VIM,3T3
davis:S7:121,nongraph,ensemble,0.49778926372528076,0.5571144729660958,davisS7_115,Human VIM,3T3
davis:S7:121,token_cnn,ensemble,0.3592265248298645,0.5571144729660958,davisS7_115,Human VIM,3T3
davis:S7:122,chemistry_tree,ensemble,0.4014666615643974,0.7574053024794085,davisS7_116,Human VIM,3T3
davis:S7:122,gnn,ensemble,0.392079621553421,0.7574053024794085,davisS7_116,Human VIM,3T3
davis:S7:122,nongraph,ensemble,0.5077272454897562,0.7574053024794085,davisS7_116,Human VIM,3T3
davis:S7:122,token_cnn,ensemble,0.38196014364560443,0.7574053024794085,davisS7_116,Human VIM,3T3
davis:S7:123,chemistry_tree,ensemble,0.5115337237564378,0.32684086415844904,davisS7_108,Human VIM,3T3
davis:S7:123,gnn,ensemble,0.3847936491171519,0.32684086415844904,davisS7_108,Human VIM,3T3
davis:S7:123,nongraph,ensemble,0.5018454392751058,0.32684086415844904,davisS7_108,Human VIM,3T3
davis:S7:123,token_cnn,ensemble,0.3665398359298706,0.32684086415844904,davisS7_108,Human VIM,3T3
davis:S7:13,chemistry_tree,ensemble,0.38957537712448836,0.19179505192535218,davisS7_7,Human ATF5,U87
davis:S7:13,gnn,ensemble,0.373407522837321,0.19179505192535218,davisS7_7,Human ATF5,U87
davis:S7:13,nongraph,ensemble,0.4660203655560811,0.19179505192535218,davisS7_7,Human ATF5,U87
davis:S7:13,token_cnn,ensemble,0.32727767030398053,0.19179505192535218,davisS7_7,Human ATF5,U87
davis:S7:14,chemistry_tree,ensemble,0.42173529765700435,0.1501751361473258,davisS7_8,Human ATF5,U87
davis:S7:14,gnn,ensemble,0.3421322703361511,0.1501751361473258,davisS7_8,Human ATF5,U87
davis:S7:14,nongraph,ensemble,0.463846355676651,0.1501751361473258,davisS7_8,Human ATF5,U87
davis:S7:14,token_cnn,ensemble,0.3446017603079478,0.1501751361473258,davisS7_8,Human ATF5,U87
davis:S7:15,chemistry_tree,ensemble,0.38125086987169904,0.6498709056863998,davisS7_8,Human ATF5,U87
davis:S7:15,gnn,ensemble,0.33686654766400653,0.6498709056863998,davisS7_8,Human ATF5,U87
davis:S7:15,nongraph,ensemble,0.44576871395111084,0.6498709056863998,davisS7_8,Human ATF5,U87
davis:S7:15,token_cnn,ensemble,0.30067554116249084,0.6498709056863998,davisS7_8,Human ATF5,U87
davis:S7:16,chemistry_tree,ensemble,0.3707948562940638,0.14470974720940144,davisS7_10,Human ATF5,U87
davis:S7:16,gnn,ensemble,0.3394254644711812,0.14470974720940144,davisS7_10,Human ATF5,U87
davis:S7:16,nongraph,ensemble,0.44872743884722394,0.14470974720940144,davisS7_10,Human ATF5,U87
davis:S7:16,token_cnn,ensemble,0.3078455924987793,0.14470974720940144,davisS7_10,Human ATF5,U87
davis:S7:17,chemistry_tree,ensemble,0.36413840911941614,0.20129768076275145,davisS7_11,Human ATF5,U87
davis:S7:17,gnn,ensemble,0.30958781639734906,0.20129768076275145,davisS7_11,Human ATF5,U87
davis:S7:17,nongraph,ensemble,0.4335981210072835,0.20129768076275145,davisS7_11,Human ATF5,U87
davis:S7:17,token_cnn,ensemble,0.303656538327535,0.20129768076275145,davisS7_11,Human ATF5,U87
davis:S7:18,chemistry_tree,ensemble,0.3668031983039211,0.707414175953699,davisS7_11,Human ATF5,U87
davis:S7:18,gnn,ensemble,0.33644525210062665,0.707414175953699,davisS7_11,Human ATF5,U87
davis:S7:18,nongraph,ensemble,0.4618356227874756,0.707414175953699,davisS7_11,Human ATF5,U87
davis:S7:18,token_cnn,ensemble,0.31370116273562115,0.707414175953699,davisS7_11,Human ATF5,U87
davis:S7:19,chemistry_tree,ensemble,0.38387426165283295,0.6051141537013824,davisS7_13,Human ATF5,U87
davis:S7:19,gnn,ensemble,0.31930787364641827,0.6051141537013824,davisS7_13,Human ATF5,U87
davis:S7:19,nongraph,ensemble,0.4088789423306783,0.6051141537013824,davisS7_13,Human ATF5,U87
davis:S7:19,token_cnn,ensemble,0.3172394235928853,0.6051141537013824,davisS7_13,Human ATF5,U87
davis:S7:20,chemistry_tree,ensemble,0.4771628985950585,0.34853317632344316,davisS7_13,Human ATF5,U87
davis:S7:20,gnn,ensemble,0.42570048570632935,0.34853317632344316,davisS7_13,Human ATF5,U87
davis:S7:20,nongraph,ensemble,0.5419290860493978,0.34853317632344316,davisS7_13,Human ATF5,U87
davis:S7:20,token_cnn,ensemble,0.39223291476567584,0.34853317632344316,davisS7_13,Human ATF5,U87
davis:S7:21,chemistry_tree,ensemble,0.48802426800810766,0.2612016848088119,davisS7_15,Human ATF5,U87
davis:S7:21,gnn,ensemble,0.3906225363413493,0.2612016848088119,davisS7_15,Human ATF5,U87
davis:S7:21,nongraph,ensemble,0.506584902604421,0.2612016848088119,davisS7_15,Human ATF5,U87
davis:S7:21,token_cnn,ensemble,0.37506474057833356,0.2612016848088119,davisS7_15,Human ATF5,U87
davis:S7:22,chemistry_tree,ensemble,0.42482310377223415,0.3134144981527419,davisS7_16,Human HTT,HeLa
davis:S7:22,gnn,ensemble,0.37318548560142517,0.3134144981527419,davisS7_16,Human HTT,HeLa
davis:S7:22,nongraph,ensemble,0.4971997042496999,0.3134144981527419,davisS7_16,Human HTT,HeLa
davis:S7:22,token_cnn,ensemble,0.33957550923029584,0.3134144981527419,davisS7_16,Human HTT,HeLa
davis:S7:23,chemistry_tree,ensemble,0.4538000013974312,-0.4806344610234614,davisS7_16,Human HTT,HeLa
davis:S7:23,gnn,ensemble,0.3781883915265401,-0.4806344610234614,davisS7_16,Human HTT,HeLa
davis:S7:23,nongraph,ensemble,0.4900673031806946,-0.4806344610234614,davisS7_16,Human HTT,HeLa
davis:S7:23,token_cnn,ensemble,0.33384565512339276,-0.4806344610234614,davisS7_16,Human HTT,HeLa
davis:S7:24,chemistry_tree,ensemble,0.4207551312651498,0.6341392782824153,davisS7_16,Human HTT,HeLa
davis:S7:24,gnn,ensemble,0.39589210351308185,0.6341392782824153,davisS7_16,Human HTT,HeLa
davis:S7:24,nongraph,ensemble,0.5046784182389578,0.6341392782824153,davisS7_16,Human HTT,HeLa
davis:S7:24,token_cnn,ensemble,0.38370317220687866,0.6341392782824153,davisS7_16,Human HTT,HeLa
davis:S7:25,chemistry_tree,ensemble,0.37304060609061757,0.1489082554313247,davisS7_16,Human HTT,HeLa
davis:S7:25,gnn,ensemble,0.3186374604701996,0.1489082554313247,davisS7_16,Human HTT,HeLa
davis:S7:25,nongraph,ensemble,0.43625601132710773,0.1489082554313247,davisS7_16,Human HTT,HeLa
davis:S7:25,token_cnn,ensemble,0.3406231304009755,0.1489082554313247,davisS7_16,Human HTT,HeLa
davis:S7:26,chemistry_tree,ensemble,0.43523740254519877,0.0636693153602933,davisS7_16,Human HTT,HeLa
davis:S7:26,gnn,ensemble,0.38305923342704773,0.0636693153602933,davisS7_16,Human HTT,HeLa
davis:S7:26,nongraph,ensemble,0.5025927821795145,0.0636693153602933,davisS7_16,Human HTT,HeLa
davis:S7:26,token_cnn,ensemble,0.3608296612898509,0.0636693153602933,davisS7_16,Human HTT,HeLa
davis:S7:27,chemistry_tree,ensemble,0.43804074738065424,-0.5713075439479689,davisS7_16,Human HTT,HeLa
davis:S7:27,gnn,ensemble,0.382920374472936,-0.5713075439479689,davisS7_16,Human HTT,HeLa
davis:S7:27,nongraph,ensemble,0.5020163853963217,-0.5713075439479689,davisS7_16,Human HTT,HeLa
davis:S7:27,token_cnn,ensemble,0.3516574700673421,-0.5713075439479689,davisS7_16,Human HTT,HeLa
davis:S7:28,chemistry_tree,ensemble,0.42533111696910675,-0.6521788856595239,davisS7_16,Human HTT,HeLa
davis:S7:28,gnn,ensemble,0.3301381568113963,-0.6521788856595239,davisS7_16,Human HTT,HeLa
davis:S7:28,nongraph,ensemble,0.4536716341972351,-0.6521788856595239,davisS7_16,Human HTT,HeLa
davis:S7:28,token_cnn,ensemble,0.32426180442174274,-0.6521788856595239,davisS7_16,Human HTT,HeLa
davis:S7:29,chemistry_tree,ensemble,0.4313908599533352,0.528296762778599,davisS7_16,Human HTT,HeLa
davis:S7:29,gnn,ensemble,0.4114656448364258,0.528296762778599,davisS7_16,Human HTT,HeLa
davis:S7:29,nongraph,ensemble,0.5291728973388672,0.528296762778599,davisS7_16,Human HTT,HeLa
davis:S7:29,token_cnn,ensemble,0.40360767642656964,0.528296762778599,davisS7_16,Human HTT,HeLa
davis:S7:30,chemistry_tree,ensemble,0.3894151808700057,0.3801858206102334,davisS7_16,Human HTT,HeLa
davis:S7:30,gnn,ensemble,0.3327262302239736,0.3801858206102334,davisS7_16,Human HTT,HeLa
davis:S7:30,nongraph,ensemble,0.4395770827929179,0.3801858206102334,davisS7_16,Human HTT,HeLa
davis:S7:30,token_cnn,ensemble,0.3568212886651357,0.3801858206102334,davisS7_16,Human HTT,HeLa
davis:S7:31,chemistry_tree,ensemble,0.4770409535507077,0.5130839679493463,davisS7_16,Human HTT,HeLa
davis:S7:31,gnn,ensemble,0.37504027287165326,0.5130839679493463,davisS7_16,Human HTT,HeLa
davis:S7:31,nongraph,ensemble,0.4779142042001088,0.5130839679493463,davisS7_16,Human HTT,HeLa
davis:S7:31,token_cnn,ensemble,0.3523826797803243,0.5130839679493463,davisS7_16,Human HTT,HeLa
davis:S7:32,chemistry_tree,ensemble,0.41135059571491994,0.5776531751941458,davisS7_16,Human HTT,HeLa
davis:S7:32,gnn,ensemble,0.42047591010729474,0.5776531751941458,davisS7_16,Human HTT,HeLa
davis:S7:32,nongraph,ensemble,0.5256028175354004,0.5776531751941458,davisS7_16,Human HTT,HeLa
davis:S7:32,token_cnn,ensemble,0.38137901822725934,0.5776531751941458,davisS7_16,Human HTT,HeLa
davis:S7:33,chemistry_tree,ensemble,0.39364902067445384,0.45253001549345184,davisS7_16,Human HTT,HeLa
davis:S7:33,gnn,ensemble,0.3645414511362712,0.45253001549345184,davisS7_16,Human HTT,HeLa
davis:S7:33,nongraph,ensemble,0.47615670164426166,0.45253001549345184,davisS7_16,Human HTT,HeLa
davis:S7:33,token_cnn,ensemble,0.34252673387527466,0.45253001549345184,davisS7_16,Human HTT,HeLa
davis:S7:34,chemistry_tree,ensemble,0.44536844442951734,0.08599088833803714,davisS7_16,Human HTT,HeLa
davis:S7:34,gnn,ensemble,0.41996153195699054,0.08599088833803714,davisS7_16,Human HTT,HeLa
davis:S7:34,nongraph,ensemble,0.5333781838417053,0.08599088833803714,davisS7_16,Human HTT,HeLa
davis:S7:34,token_cnn,ensemble,0.3892723222573598,0.08599088833803714,davisS7_16,Human HTT,HeLa
davis:S7:35,chemistry_tree,ensemble,0.38552356522395975,-0.1761744689312872,davisS7_16,Human HTT,HeLa
davis:S7:35,gnn,ensemble,0.362862229347229,-0.1761744689312872,davisS7_16,Human HTT,HeLa
davis:S7:35,nongraph,ensemble,0.46791640917460126,-0.1761744689312872,davisS7_16,Human HTT,HeLa
davis:S7:35,token_cnn,ensemble,0.34428128600120544,-0.1761744689312872,davisS7_16,Human HTT,HeLa
davis:S7:36,chemistry_tree,ensemble,0.3852400917643874,0.07950755961789524,davisS7_30,Human HTT,HeLa
davis:S7:36,gnn,ensemble,0.3445083300272624,0.07950755961789524,davisS7_30,Human HTT,HeLa
davis:S7:36,nongraph,ensemble,0.4455404281616211,0.07950755961789524,davisS7_30,Human HTT,HeLa
davis:S7:36,token_cnn,ensemble,0.3273908495903015,0.07950755961789524,davisS7_30,Human HTT,HeLa
davis:S7:37,chemistry_tree,ensemble,0.38313142596665095,-0.0030665643829392852,davisS7_30,Human HTT,HeLa
davis:S7:37,gnn,ensemble,0.3211762209733327,-0.0030665643829392852,davisS7_30,Human HTT,HeLa
davis:S7:37,nongraph,ensemble,0.41922051707903546,-0.0030665643829392852,davisS7_30,Human HTT,HeLa
davis:S7:37,token_cnn,ensemble,0.320232758919398,-0.0030665643829392852,davisS7_30,Human HTT,HeLa
davis:S7:38,chemistry_tree,ensemble,0.37652910596096456,0.3392830860616495,davisS7_32,Human HTT,HeLa
davis:S7:38,gnn,ensemble,0.33270418643951416,0.3392830860616495,davisS7_32,Human HTT,HeLa
davis:S7:38,nongraph,ensemble,0.43184894323349,0.3392830860616495,davisS7_32,Human HTT,HeLa
davis:S7:38,token_cnn,ensemble,0.34287096063296,0.3392830860616495,davisS7_32,Human HTT,HeLa
davis:S7:39,chemistry_tree,ensemble,0.37995486019971386,0.6696264323540659,davisS7_32,Human HTT,HeLa
davis:S7:39,gnn,ensemble,0.3631790578365326,0.6696264323540659,davisS7_32,Human HTT,HeLa
davis:S7:39,nongraph,ensemble,0.4628325899442037,0.6696264323540659,davisS7_32,Human HTT,HeLa
davis:S7:39,token_cnn,ensemble,0.3419866959253947,0.6696264323540659,davisS7_32,Human HTT,HeLa
davis:S7:40,chemistry_tree,ensemble,0.36858263080639025,0.49403815197257583,davisS7_32,Human HTT,HeLa
davis:S7:40,gnn,ensemble,0.3643656373023987,0.49403815197257583,davisS7_32,Human HTT,HeLa
davis:S7:40,nongraph,ensemble,0.479180912176768,0.49403815197257583,davisS7_32,Human HTT,HeLa
davis:S7:40,token_cnn,ensemble,0.3553975423177083,0.49403815197257583,davisS7_32,Human HTT,HeLa
davis:S7:41,chemistry_tree,ensemble,0.44378577795177293,0.3731746250737742,davisS7_35,Human HTT,HeLa
davis:S7:41,gnn,ensemble,0.4042561749617259,0.3731746250737742,davisS7_35,Human HTT,HeLa
davis:S7:41,nongraph,ensemble,0.5198922952016195,0.3731746250737742,davisS7_35,Human HTT,HeLa
davis:S7:41,token_cnn,ensemble,0.3479868272940318,0.3731746250737742,davisS7_35,Human HTT,HeLa
davis:S7:42,chemistry_tree,ensemble,0.4350228331380906,0.052906866072662706,davisS7_36,Human HTT,HeLa
davis:S7:42,gnn,ensemble,0.36699579159418744,0.052906866072662706,davisS7_36,Human HTT,HeLa
davis:S7:42,nongraph,ensemble,0.49011728167533875,0.052906866072662706,davisS7_36,Human HTT,HeLa
davis:S7:42,token_cnn,ensemble,0.31391818324724835,0.052906866072662706,davisS7_36,Human HTT,HeLa
davis:S7:43,chemistry_tree,ensemble,0.39088818114630824,0.44946879055566225,davisS7_36,Human HTT,HeLa
davis:S7:43,gnn,ensemble,0.3407530387242635,0.44946879055566225,davisS7_36,Human HTT,HeLa
davis:S7:43,nongraph,ensemble,0.45231197277704877,0.44946879055566225,davisS7_36,Human HTT,HeLa
davis:S7:43,token_cnn,ensemble,0.32395411531130475,0.44946879055566225,davisS7_36,Human HTT,HeLa
davis:S7:44,chemistry_tree,ensemble,0.3828181961237902,-0.06468016267738452,davisS7_36,Human HTT,HeLa
davis:S7:44,gnn,ensemble,0.34797266125679016,-0.06468016267738452,davisS7_36,Human HTT,HeLa
davis:S7:44,nongraph,ensemble,0.45495351155598956,-0.06468016267738452,davisS7_36,Human HTT,HeLa
davis:S7:44,token_cnn,ensemble,0.33550935983657837,-0.06468016267738452,davisS7_36,Human HTT,HeLa
davis:S7:45,chemistry_tree,ensemble,0.5053467357634891,-0.4535419774341878,davisS7_36,Human HTT,HeLa
davis:S7:45,gnn,ensemble,0.3845221499602,-0.4535419774341878,davisS7_36,Human HTT,HeLa
davis:S7:45,nongraph,ensemble,0.49555285771687824,-0.4535419774341878,davisS7_36,Human HTT,HeLa
davis:S7:45,token_cnn,ensemble,0.35970508058865863,-0.4535419774341878,davisS7_36,Human HTT,HeLa
davis:S7:46,chemistry_tree,ensemble,0.38447792404171466,0.354706630082653,davisS7_16,Human HTT,HeLa
davis:S7:46,gnn,ensemble,0.32691142956415814,0.354706630082653,davisS7_16,Human HTT,HeLa
davis:S7:46,nongraph,ensemble,0.4479055404663086,0.354706630082653,davisS7_16,Human HTT,HeLa
davis:S7:46,token_cnn,ensemble,0.3289240499337514,0.354706630082653,davisS7_16,Human HTT,HeLa
davis:S7:47,chemistry_tree,ensemble,0.38517706273880786,0.47642463801254964,davisS7_16,Human HTT,HeLa
davis:S7:47,gnn,ensemble,0.39452839891115826,0.47642463801254964,davisS7_16,Human HTT,HeLa
davis:S7:47,nongraph,ensemble,0.5001792311668396,0.47642463801254964,davisS7_16,Human HTT,HeLa
davis:S7:47,token_cnn,ensemble,0.35537344217300415,0.47642463801254964,davisS7_16,Human HTT,HeLa
davis:S7:48,chemistry_tree,ensemble,0.3995428192547277,0.5112465274509308,davisS7_36,Human HTT,HeLa
davis:S7:48,gnn,ensemble,0.3425936698913574,0.5112465274509308,davisS7_36,Human HTT,HeLa
davis:S7:48,nongraph,ensemble,0.4450838764508565,0.5112465274509308,davisS7_36,Human HTT,HeLa
davis:S7:48,token_cnn,ensemble,0.3433491885662079,0.5112465274509308,davisS7_36,Human HTT,HeLa
davis:S7:49,chemistry_tree,ensemble,0.3850943768713648,0.8180891999541638,davisS7_43,Human HTT,HeLa
davis:S7:49,gnn,ensemble,0.3494884669780731,0.8180891999541638,davisS7_43,Human HTT,HeLa
davis:S7:49,nongraph,ensemble,0.4478057225545247,0.8180891999541638,davisS7_43,Human HTT,HeLa
davis:S7:49,token_cnn,ensemble,0.3501319984594981,0.8180891999541638,davisS7_43,Human HTT,HeLa
davis:S7:50,chemistry_tree,ensemble,0.3758143427819102,0.17397174427131046,davisS7_44,Human HTT,HeLa
davis:S7:50,gnn,ensemble,0.34529871741930646,0.17397174427131046,davisS7_44,Human HTT,HeLa
davis:S7:50,nongraph,ensemble,0.45378680030504864,0.17397174427131046,davisS7_44,Human HTT,HeLa
davis:S7:50,token_cnn,ensemble,0.32178135712941486,0.17397174427131046,davisS7_44,Human HTT,HeLa
davis:S7:51,chemistry_tree,ensemble,0.3616187272675957,0.7517324035216936,davisS7_45,Human HTT,HeLa
davis:S7:51,gnn,ensemble,0.3002285162607829,0.7517324035216936,davisS7_45,Human HTT,HeLa
davis:S7:51,nongraph,ensemble,0.42362573742866516,0.7517324035216936,davisS7_45,Human HTT,HeLa
davis:S7:51,token_cnn,ensemble,0.32822070519129437,0.7517324035216936,davisS7_45,Human HTT,HeLa
davis:S7:52,chemistry_tree,ensemble,0.4117147134784254,0.7123934731985273,davisS7_46,Human HTT,HeLa
davis:S7:52,gnn,ensemble,0.346379816532135,0.7123934731985273,davisS7_46,Human HTT,HeLa
davis:S7:52,nongraph,ensemble,0.4616785446802775,0.7123934731985273,davisS7_46,Human HTT,HeLa
davis:S7:52,token_cnn,ensemble,0.3280195395151774,0.7123934731985273,davisS7_46,Human HTT,HeLa
davis:S7:53,chemistry_tree,ensemble,0.4273715517369901,0.8139331676046673,davisS7_47,Human HTT,HeLa
davis:S7:53,gnn,ensemble,0.36826760570208233,0.8139331676046673,davisS7_47,Human HTT,HeLa
davis:S7:53,nongraph,ensemble,0.4914872149626414,0.8139331676046673,davisS7_47,Human HTT,HeLa
davis:S7:53,token_cnn,ensemble,0.36702315012613934,0.8139331676046673,davisS7_47,Human HTT,HeLa
davis:S7:54,chemistry_tree,ensemble,0.37313166660736935,0.6377145807101531,davisS7_47,Human HTT,HeLa
davis:S7:54,gnn,ensemble,0.3126130898793538,0.6377145807101531,davisS7_47,Human HTT,HeLa
davis:S7:54,nongraph,ensemble,0.42491571108500165,0.6377145807101531,davisS7_47,Human HTT,HeLa
davis:S7:54,token_cnn,ensemble,0.3329419294993083,0.6377145807101531,davisS7_47,Human HTT,HeLa
davis:S7:55,chemistry_tree,ensemble,0.4569215397217426,0.006656544821111776,davisS7_49,Human HTT,HeLa
davis:S7:55,gnn,ensemble,0.42173277338345844,0.006656544821111776,davisS7_49,Human HTT,HeLa
davis:S7:55,nongraph,ensemble,0.5471760829289755,0.006656544821111776,davisS7_49,Human HTT,HeLa
davis:S7:55,token_cnn,ensemble,0.37129640579223633,0.006656544821111776,davisS7_49,Human HTT,HeLa
davis:S7:56,chemistry_tree,ensemble,0.4076655593100548,0.23720580000000002,davisS7_50,Human SOD1,HeLa
davis:S7:56,gnn,ensemble,0.3933514356613159,0.23720580000000002,davisS7_50,Human SOD1,HeLa
davis:S7:56,nongraph,ensemble,0.5150425632794698,0.23720580000000002,davisS7_50,Human SOD1,HeLa
davis:S7:56,token_cnn,ensemble,0.3613219956556956,0.23720580000000002,davisS7_50,Human SOD1,HeLa
davis:S7:57,chemistry_tree,ensemble,0.4454024320573709,0.2280268666666666,davisS7_51,Human SOD1,HeLa
davis:S7:57,gnn,ensemble,0.34841348727544147,0.2280268666666666,davisS7_51,Human SOD1,HeLa
davis:S7:57,nongraph,ensemble,0.46136388182640076,0.2280268666666666,davisS7_51,Human SOD1,HeLa
davis:S7:57,token_cnn,ensemble,0.344550758600235,0.2280268666666666,davisS7_51,Human SOD1,HeLa
davis:S7:58,chemistry_tree,ensemble,0.4399711480632207,0.5778000000000001,davisS7_52,Human SOD1,HeLa
davis:S7:58,gnn,ensemble,0.36676037311553955,0.5778000000000001,davisS7_52,Human SOD1,HeLa
davis:S7:58,nongraph,ensemble,0.47056134541829425,0.5778000000000001,davisS7_52,Human SOD1,HeLa
davis:S7:58,token_cnn,ensemble,0.3527204692363739,0.5778000000000001,davisS7_52,Human SOD1,HeLa
davis:S7:59,chemistry_tree,ensemble,0.3694870156845891,0.31999466666666665,davisS7_53,Human SOD1,HeLa
davis:S7:59,gnn,ensemble,0.3256303568681081,0.31999466666666665,davisS7_53,Human SOD1,HeLa
davis:S7:59,nongraph,ensemble,0.4379719893137614,0.31999466666666665,davisS7_53,Human SOD1,HeLa
davis:S7:59,token_cnn,ensemble,0.36237984895706177,0.31999466666666665,davisS7_53,Human SOD1,HeLa
davis:S7:6,chemistry_tree,ensemble,0.37800699780302277,0.4213946058422857,davisS7_0,Human ATF5,U87
davis:S7:6,gnn,ensemble,0.392491747935613,0.4213946058422857,davisS7_0,Human ATF5,U87
davis:S7:6,nongraph,ensemble,0.5088929831981659,0.4213946058422857,davisS7_0,Human ATF5,U87
davis:S7:6,token_cnn,ensemble,0.3805713752905528,0.4213946058422857,davisS7_0,Human ATF5,U87
davis:S7:60,chemistry_tree,ensemble,0.4219324439050605,0.7801191333333334,davisS7_54,Human SOD1,HeLa
davis:S7:60,gnn,ensemble,0.3898559908072154,0.7801191333333334,davisS7_54,Human SOD1,HeLa
davis:S7:60,nongraph,ensemble,0.4846575955549876,0.7801191333333334,davisS7_54,Human SOD1,HeLa
davis:S7:60,token_cnn,ensemble,0.3634982605775197,0.7801191333333334,davisS7_54,Human SOD1,HeLa
davis:S7:61,chemistry_tree,ensemble,0.45504778757861447,0.3021619333333332,davisS7_55,Human SOD1,HeLa
davis:S7:61,gnn,ensemble,0.3845409154891968,0.3021619333333332,davisS7_55,Human SOD1,HeLa
davis:S7:61,nongraph,ensemble,0.5044113794962565,0.3021619333333332,davisS7_55,Human SOD1,HeLa
davis:S7:61,token_cnn,ensemble,0.35113762815793353,0.3021619333333332,davisS7_55,Human SOD1,HeLa
davis:S7:62,chemistry_tree,ensemble,0.422006793238857,0.08143403333333321,davisS7_56,Human SOD1,HeLa
davis:S7:62,gnn,ensemble,0.36052995920181274,0.08143403333333321,davisS7_56,Human SOD1,HeLa
davis:S7:62,nongraph,ensemble,0.4765742023785909,0.08143403333333321,davisS7_56,Human SOD1,HeLa
davis:S7:62,token_cnn,ensemble,0.36826393008232117,0.08143403333333321,davisS7_56,Human SOD1,HeLa
davis:S7:63,chemistry_tree,ensemble,0.38302437188360766,0.7367888333333333,davisS7_57,Human SOD1,HeLa
davis:S7:63,gnn,ensemble,0.37867791453997296,0.7367888333333333,davisS7_57,Human SOD1,HeLa
davis:S7:63,nongraph,ensemble,0.49410398801167804,0.7367888333333333,davisS7_57,Human SOD1,HeLa
davis:S7:63,token_cnn,ensemble,0.34221213062604267,0.7367888333333333,davisS7_57,Human SOD1,HeLa
davis:S7:64,chemistry_tree,ensemble,0.40891790571141745,0.7009508,davisS7_58,Human SOD1,HeLa
davis:S7:64,gnn,ensemble,0.3589765727519989,0.7009508,davisS7_58,Human SOD1,HeLa
davis:S7:64,nongraph,ensemble,0.48498446742693585,0.7009508,davisS7_58,Human SOD1,HeLa
davis:S7:64,token_cnn,ensemble,0.3763664960861206,0.7009508,davisS7_58,Human SOD1,HeLa
davis:S7:65,chemistry_tree,ensemble,0.41445669917755174,0.46130709999999997,davisS7_59,Human SOD1,HeLa
davis:S7:65,gnn,ensemble,0.4329429765542348,0.46130709999999997,davisS7_59,Human SOD1,HeLa
davis:S7:65,nongraph,ensemble,0.5391319195429484,0.46130709999999997,davisS7_59,Human SOD1,HeLa
davis:S7:65,token_cnn,ensemble,0.41685496767361957,0.46130709999999997,davisS7_59,Human SOD1,HeLa
davis:S7:66,chemistry_tree,ensemble,0.37166901711964684,0.44501656666666667,davisS7_60,Human SOD1,HeLa
davis:S7:66,gnn,ensemble,0.3330676853656769,0.44501656666666667,davisS7_60,Human SOD1,HeLa
davis:S7:66,nongraph,ensemble,0.43798298637072247,0.44501656666666667,davisS7_60,Human SOD1,HeLa
davis:S7:66,token_cnn,ensemble,0.33003219962120056,0.44501656666666667,davisS7_60,Human SOD1,HeLa
davis:S7:67,chemistry_tree,ensemble,0.38284631028508126,0.6030924,davisS7_60,Human SOD1,HeLa
davis:S7:67,gnn,ensemble,0.35121408104896545,0.6030924,davisS7_60,Human SOD1,HeLa
davis:S7:67,nongraph,ensemble,0.44382039705912274,0.6030924,davisS7_60,Human SOD1,HeLa
davis:S7:67,token_cnn,ensemble,0.33484454949696857,0.6030924,davisS7_60,Human SOD1,HeLa
davis:S7:68,chemistry_tree,ensemble,0.4442501963260664,0.3380960666666667,davisS7_60,Human SOD1,HeLa
davis:S7:68,gnn,ensemble,0.34839728474617004,0.3380960666666667,davisS7_60,Human SOD1,HeLa
davis:S7:68,nongraph,ensemble,0.46884698669115704,0.3380960666666667,davisS7_60,Human SOD1,HeLa
davis:S7:68,token_cnn,ensemble,0.35591872533162433,0.3380960666666667,davisS7_60,Human SOD1,HeLa
davis:S7:69,chemistry_tree,ensemble,0.3856378079352138,0.27775246666666664,davisS7_63,Human SOD1,HeLa
davis:S7:69,gnn,ensemble,0.33613356947898865,0.27775246666666664,davisS7_63,Human SOD1,HeLa
davis:S7:69,nongraph,ensemble,0.4643506705760956,0.27775246666666664,davisS7_63,Human SOD1,HeLa
davis:S7:69,token_cnn,ensemble,0.3539108733336131,0.27775246666666664,davisS7_63,Human SOD1,HeLa
davis:S7:7,chemistry_tree,ensemble,0.40132965630170564,0.38202459953643053,davisS7_1,Human ATF5,U87
davis:S7:7,gnn,ensemble,0.3746049404144287,0.38202459953643053,davisS7_1,Human ATF5,U87
davis:S7:7,nongraph,ensemble,0.469690461953481,0.38202459953643053,davisS7_1,Human ATF5,U87
davis:S7:7,token_cnn,ensemble,0.344068964322408,0.38202459953643053,davisS7_1,Human ATF5,U87
davis:S7:70,chemistry_tree,ensemble,0.4689429920184363,0.1079066666666667,davisS7_64,Human SOD1,HeLa
davis:S7:70,gnn,ensemble,0.3345150649547577,0.1079066666666667,davisS7_64,Human SOD1,HeLa
davis:S7:70,nongraph,ensemble,0.4571607708930969,0.1079066666666667,davisS7_64,Human SOD1,HeLa
davis:S7:70,token_cnn,ensemble,0.3811476528644562,0.1079066666666667,davisS7_64,Human SOD1,HeLa
davis:S7:71,chemistry_tree,ensemble,0.44452959196636793,0.33862953333333334,davisS7_65,Human SOD1,HeLa
davis:S7:71,gnn,ensemble,0.34569300214449566,0.33862953333333334,davisS7_65,Human SOD1,HeLa
davis:S7:71,nongraph,ensemble,0.4621823231379191,0.33862953333333334,davisS7_65,Human SOD1,HeLa
davis:S7:71,token_cnn,ensemble,0.3639242847760518,0.33862953333333334,davisS7_65,Human SOD1,HeLa
davis:S7:72,chemistry_tree,ensemble,0.3979450053777167,0.1854943,davisS7_65,Human SOD1,HeLa
davis:S7:72,gnn,ensemble,0.37648362914721173,0.1854943,davisS7_65,Human SOD1,HeLa
davis:S7:72,nongraph,ensemble,0.49526965618133545,0.1854943,davisS7_65,Human SOD1,HeLa
davis:S7:72,token_cnn,ensemble,0.3655409812927246,0.1854943,davisS7_65,Human SOD1,HeLa
davis:S7:73,chemistry_tree,ensemble,0.40383421295618316,0.34030860000000007,davisS7_67,Human SOD1,HeLa
davis:S7:73,gnn,ensemble,0.3616691529750824,0.34030860000000007,davisS7_67,Human SOD1,HeLa
davis:S7:73,nongraph,ensemble,0.48510221640268963,0.34030860000000007,davisS7_67,Human SOD1,HeLa
davis:S7:73,token_cnn,ensemble,0.3581631084283193,0.34030860000000007,davisS7_67,Human SOD1,HeLa
davis:S7:74,chemistry_tree,ensemble,0.3577382428707554,0.24867933333333325,davisS7_68,Human SOD1,HeLa
davis:S7:74,gnn,ensemble,0.3194265564282735,0.24867933333333325,davisS7_68,Human SOD1,HeLa
davis:S7:74,nongraph,ensemble,0.4392002622286479,0.24867933333333325,davisS7_68,Human SOD1,HeLa
davis:S7:74,token_cnn,ensemble,0.36212091644605,0.24867933333333325,davisS7_68,Human SOD1,HeLa
davis:S7:75,chemistry_tree,ensemble,0.4045026934401334,0.19171776666666673,davisS7_69,Human SOD1,HeLa
davis:S7:75,gnn,ensemble,0.3524574637413025,0.19171776666666673,davisS7_69,Human SOD1,HeLa
davis:S7:75,nongraph,ensemble,0.45328707496325177,0.19171776666666673,davisS7_69,Human SOD1,HeLa
davis:S7:75,token_cnn,ensemble,0.33578377962112427,0.19171776666666673,davisS7_69,Human SOD1,HeLa
davis:S7:76,chemistry_tree,ensemble,0.4295291072393128,0.3004180000000001,davisS7_69,Human SOD1,HeLa
davis:S7:76,gnn,ensemble,0.4246356586615245,0.3004180000000001,davisS7_69,Human SOD1,HeLa
davis:S7:76,nongraph,ensemble,0.5385435620943705,0.3004180000000001,davisS7_69,Human SOD1,HeLa
davis:S7:76,token_cnn,ensemble,0.4205533266067505,0.3004180000000001,davisS7_69,Human SOD1,HeLa
davis:S7:77,chemistry_tree,ensemble,0.41156966224947467,0.2333455000000001,davisS7_69,Human SOD1,HeLa
davis:S7:77,gnn,ensemble,0.37453626592954,0.2333455000000001,davisS7_69,Human SOD1,HeLa
davis:S7:77,nongraph,ensemble,0.48684348662694293,0.2333455000000001,davisS7_69,Human SOD1,HeLa
davis:S7:77,token_cnn,ensemble,0.38580019275347394,0.2333455000000001,davisS7_69,Human SOD1,HeLa
davis:S7:78,chemistry_tree,ensemble,0.3958978379930615,0.46037419999999996,davisS7_72,Human SOD1,HeLa
davis:S7:78,gnn,ensemble,0.412638654311498,0.46037419999999996,davisS7_72,Human SOD1,HeLa
davis:S7:78,nongraph,ensemble,0.522338479757309,0.46037419999999996,davisS7_72,Human SOD1,HeLa
davis:S7:78,token_cnn,ensemble,0.4064816435178121,0.46037419999999996,davisS7_72,Human SOD1,HeLa
davis:S7:79,chemistry_tree,ensemble,0.39771985348796,0.4224627666666667,davisS7_73,Human SOD1,HeLa
davis:S7:79,gnn,ensemble,0.3430315653483073,0.4224627666666667,davisS7_73,Human SOD1,HeLa
davis:S7:79,nongraph,ensemble,0.4547428985436757,0.4224627666666667,davisS7_73,Human SOD1,HeLa
davis:S7:79,token_cnn,ensemble,0.3711265027523041,0.4224627666666667,davisS7_73,Human SOD1,HeLa
davis:S7:8,chemistry_tree,ensemble,0.48259749320086703,0.6226294833933798,davisS7_2,Human ATF5,U87
davis:S7:8,gnn,ensemble,0.3642214238643646,0.6226294833933798,davisS7_2,Human ATF5,U87
davis:S7:8,nongraph,ensemble,0.48898393909136456,0.6226294833933798,davisS7_2,Human ATF5,U87
davis:S7:8,token_cnn,ensemble,0.3497381309668223,0.6226294833933798,davisS7_2,Human ATF5,U87
davis:S7:80,chemistry_tree,ensemble,0.39325176324948363,0.15104200907825016,davisS7_74,Human STAT3,HeLa
davis:S7:80,gnn,ensemble,0.37131861845652264,0.15104200907825016,davisS7_74,Human STAT3,HeLa
davis:S7:80,nongraph,ensemble,0.4757409493128459,0.15104200907825016,davisS7_74,Human STAT3,HeLa
davis:S7:80,token_cnn,ensemble,0.36669690410296124,0.15104200907825016,davisS7_74,Human STAT3,HeLa
davis:S7:81,chemistry_tree,ensemble,0.4066343814084365,-0.09789124356303325,davisS7_75,Human STAT3,HeLa
davis:S7:81,gnn,ensemble,0.32088138659795123,-0.09789124356303325,davisS7_75,Human STAT3,HeLa
davis:S7:81,nongraph,ensemble,0.42643216252326965,-0.09789124356303325,davisS7_75,Human STAT3,HeLa
davis:S7:81,token_cnn,ensemble,0.3484814763069153,-0.09789124356303325,davisS7_75,Human STAT3,HeLa
davis:S7:82,chemistry_tree,ensemble,0.3822092657301779,0.39552980300828555,davisS7_76,Human STAT3,HeLa
davis:S7:82,gnn,ensemble,0.39439675211906433,0.39552980300828555,davisS7_76,Human STAT3,HeLa
davis:S7:82,nongraph,ensemble,0.5033565759658813,0.39552980300828555,davisS7_76,Human STAT3,HeLa
davis:S7:82,token_cnn,ensemble,0.3438007136185964,0.39552980300828555,davisS7_76,Human STAT3,HeLa
davis:S7:83,chemistry_tree,ensemble,0.43006098642206064,0.2302376727328802,davisS7_77,Human STAT3,HeLa
davis:S7:83,gnn,ensemble,0.34084219733874005,0.2302376727328802,davisS7_77,Human STAT3,HeLa
davis:S7:83,nongraph,ensemble,0.447973092397054,0.2302376727328802,davisS7_77,Human STAT3,HeLa
davis:S7:83,token_cnn,ensemble,0.3525208632151286,0.2302376727328802,davisS7_77,Human STAT3,HeLa
davis:S7:84,chemistry_tree,ensemble,0.4371301191807009,0.3557002339922424,davisS7_78,Human STAT3,HeLa
davis:S7:84,gnn,ensemble,0.37274033824602765,0.3557002339922424,davisS7_78,Human STAT3,HeLa
davis:S7:84,nongraph,ensemble,0.48653406898180646,0.3557002339922424,davisS7_78,Human STAT3,HeLa
davis:S7:84,token_cnn,ensemble,0.3523801565170288,0.3557002339922424,davisS7_78,Human STAT3,HeLa
davis:S7:85,chemistry_tree,ensemble,0.40004263652776234,0.03928291274055096,davisS7_79,Human STAT3,HeLa
davis:S7:85,gnn,ensemble,0.37895989418029785,0.03928291274055096,davisS7_79,Human STAT3,HeLa
davis:S7:85,nongraph,ensemble,0.482561598221461,0.03928291274055096,davisS7_79,Human STAT3,HeLa
davis:S7:85,token_cnn,ensemble,0.3606647253036499,0.03928291274055096,davisS7_79,Human STAT3,HeLa
davis:S7:86,chemistry_tree,ensemble,0.3787838896172218,-0.040315941955763934,davisS7_80,Human STAT3,HeLa
davis:S7:86,gnn,ensemble,0.3186732927958171,-0.040315941955763934,davisS7_80,Human STAT3,HeLa
davis:S7:86,nongraph,ensemble,0.4282606542110443,-0.040315941955763934,davisS7_80,Human STAT3,HeLa
davis:S7:86,token_cnn,ensemble,0.3404795527458191,-0.040315941955763934,davisS7_80,Human STAT3,HeLa
davis:S7:87,chemistry_tree,ensemble,0.37969839333848054,0.26871350091549107,davisS7_81,Human STAT3,HeLa
davis:S7:87,gnn,ensemble,0.33255202571551007,0.26871350091549107,davisS7_81,Human STAT3,HeLa
davis:S7:87,nongraph,ensemble,0.43190452456474304,0.26871350091549107,davisS7_81,Human STAT3,HeLa
davis:S7:87,token_cnn,ensemble,0.34095537662506104,0.26871350091549107,davisS7_81,Human STAT3,HeLa
davis:S7:88,chemistry_tree,ensemble,0.48630127068073037,0.29526825182448846,davisS7_82,Human STAT3,HeLa
davis:S7:88,gnn,ensemble,0.39626026153564453,0.29526825182448846,davisS7_82,Human STAT3,HeLa
davis:S7:88,nongraph,ensemble,0.5149518946806589,0.29526825182448846,davisS7_82,Human STAT3,HeLa
davis:S7:88,token_cnn,ensemble,0.38107619682947796,0.29526825182448846,davisS7_82,Human STAT3,HeLa
davis:S7:89,chemistry_tree,ensemble,0.4420721493221526,0.5478951248293329,davisS7_82,Human STAT3,HeLa
davis:S7:89,gnn,ensemble,0.3667600254217784,0.5478951248293329,davisS7_82,Human STAT3,HeLa
davis:S7:89,nongraph,ensemble,0.47707317272822064,0.5478951248293329,davisS7_82,Human STAT3,HeLa
davis:S7:89,token_cnn,ensemble,0.3691980838775635,0.5478951248293329,davisS7_82,Human STAT3,HeLa
davis:S7:9,chemistry_tree,ensemble,0.3992109856427985,0.5497510143173167,davisS7_2,Human ATF5,U87
davis:S7:9,gnn,ensemble,0.37034623821576435,0.5497510143173167,davisS7_2,Human ATF5,U87
davis:S7:9,nongraph,ensemble,0.47845102349917096,0.5497510143173167,davisS7_2,Human ATF5,U87
davis:S7:9,token_cnn,ensemble,0.35897499322891235,0.5497510143173167,davisS7_2,Human ATF5,U87
davis:S7:90,chemistry_tree,ensemble,0.39827396367854845,0.5112643974929821,davisS7_84,Human STAT3,HeLa
davis:S7:90,gnn,ensemble,0.3626149396101634,0.5112643974929821,davisS7_84,Human STAT3,HeLa
davis:S7:90,nongraph,ensemble,0.46173757314682007,0.5112643974929821,davisS7_84,Human STAT3,HeLa
davis:S7:90,token_cnn,ensemble,0.36125486095746356,0.5112643974929821,davisS7_84,Human STAT3,HeLa
davis:S7:91,chemistry_tree,ensemble,0.3880594914765923,0.4826011955589107,davisS7_85,Human STAT3,HeLa
davis:S7:91,gnn,ensemble,0.339448203643163,0.4826011955589107,davisS7_85,Human STAT3,HeLa
davis:S7:91,nongraph,ensemble,0.45601240793863934,0.4826011955589107,davisS7_85,Human STAT3,HeLa
davis:S7:91,token_cnn,ensemble,0.3399956027666728,0.4826011955589107,davisS7_85,Human STAT3,HeLa
davis:S7:92,chemistry_tree,ensemble,0.40056778394555353,0.6277545899433397,davisS7_79,Human STAT3,HeLa
davis:S7:92,gnn,ensemble,0.3344256480534871,0.6277545899433397,davisS7_79,Human STAT3,HeLa
davis:S7:92,nongraph,ensemble,0.4470755259195964,0.6277545899433397,davisS7_79,Human STAT3,HeLa
davis:S7:92,token_cnn,ensemble,0.3693358898162842,0.6277545899433397,davisS7_79,Human STAT3,HeLa
davis:S7:93,chemistry_tree,ensemble,0.4043571667974937,0.5903712690282751,davisS7_81,Human STAT3,HeLa
davis:S7:93,gnn,ensemble,0.3528125584125519,0.5903712690282751,davisS7_81,Human STAT3,HeLa
davis:S7:93,nongraph,ensemble,0.47784294684727985,0.5903712690282751,davisS7_81,Human STAT3,HeLa
davis:S7:93,token_cnn,ensemble,0.3636515140533447,0.5903712690282751,davisS7_81,Human STAT3,HeLa
davis:S7:94,chemistry_tree,ensemble,0.45199792340238476,0.351041187102758,davisS7_88,Human STAT3,HeLa
davis:S7:94,gnn,ensemble,0.3776618738969167,0.351041187102758,davisS7_88,Human STAT3,HeLa
davis:S7:94,nongraph,ensemble,0.4935736258824666,0.351041187102758,davisS7_88,Human STAT3,HeLa
davis:S7:94,token_cnn,ensemble,0.3598058720429738,0.351041187102758,davisS7_88,Human STAT3,HeLa
davis:S7:95,chemistry_tree,ensemble,0.44451416112484154,0.41798454661241036,davisS7_89,Human STAT3,HeLa
davis:S7:95,gnn,ensemble,0.4223361710707347,0.41798454661241036,davisS7_89,Human STAT3,HeLa
davis:S7:95,nongraph,ensemble,0.5314325094223022,0.41798454661241036,davisS7_89,Human STAT3,HeLa
davis:S7:95,token_cnn,ensemble,0.3827532231807709,0.41798454661241036,davisS7_89,Human STAT3,HeLa
davis:S7:96,chemistry_tree,ensemble,0.4615495849312516,0.09534641202033745,davisS7_90,Human STAT3,HeLa
davis:S7:96,gnn,ensemble,0.4062955280145009,0.09534641202033745,davisS7_90,Human STAT3,HeLa
davis:S7:96,nongraph,ensemble,0.5048390626907349,0.09534641202033745,davisS7_90,Human STAT3,HeLa
davis:S7:96,token_cnn,ensemble,0.3860929509003957,0.09534641202033745,davisS7_90,Human STAT3,HeLa
davis:S7:97,chemistry_tree,ensemble,0.40767074138375387,-0.10094444384116241,davisS7_91,Human STAT3,RAG
davis:S7:97,gnn,ensemble,0.3941607673962911,-0.10094444384116241,davisS7_91,Human STAT3,RAG
davis:S7:97,nongraph,ensemble,0.5036193331082662,-0.10094444384116241,davisS7_91,Human STAT3,RAG
davis:S7:97,token_cnn,ensemble,0.37708237767219543,-0.10094444384116241,davisS7_91,Human STAT3,RAG
davis:S7:98,chemistry_tree,ensemble,0.4295831927743501,-0.04636779096490007,davisS7_92,Human STAT3,RAG
davis:S7:98,gnn,ensemble,0.32818082968393963,-0.04636779096490007,davisS7_92,Human STAT3,RAG
davis:S7:98,nongraph,ensemble,0.44005297621091205,-0.04636779096490007,davisS7_92,Human STAT3,RAG
davis:S7:98,token_cnn,ensemble,0.34698887666066486,-0.04636779096490007,davisS7_92,Human STAT3,RAG
davis:S7:99,chemistry_tree,ensemble,0.43573557426527,-0.026714183807100333,davisS7_93,Human STAT3,RAG
davis:S7:99,gnn,ensemble,0.35824020703633624,-0.026714183807100333,davisS7_93,Human STAT3,RAG
davis:S7:99,nongraph,ensemble,0.4617561399936676,-0.026714183807100333,davisS7_93,Human STAT3,RAG
davis:S7:99,token_cnn,ensemble,0.34692798058191937,-0.026714183807100333,davisS7_93,Human STAT3,RAG
