mark,fit,method,seed,epoch,updates,training_loss,validation_score,validation_activity_mse,max_batch_gradient_norm
trajectory,activity/deployment/final/original_gnn/s11027,original_gnn,11027,1,20.0,0.9894911169627056,0.061202004547482,0.061202004547482,8.693259239196777
trajectory,activity/deployment/final/original_gnn/s11027,original_gnn,11027,2,40.0,0.8541266553642448,0.0642562659252595,0.0642562659252595,6.141135692596436
trajectory,activity/deployment/final/original_gnn/s11027,original_gnn,11027,3,60.0,0.7435908125353958,0.0674809603266791,0.0674809603266791,5.049001693725586
trajectory,activity/deployment/final/original_gnn/s11027,original_gnn,11027,4,80.0,0.6680587977052587,0.0723052658305918,0.0723052658305918,8.55922794342041
trajectory,activity/deployment/final/original_gnn/s11027,original_gnn,11027,5,100.0,0.6451366503054988,0.0717871140811559,0.0717871140811559,12.227883338928224
trajectory,activity/deployment/final/original_gnn/s11027,original_gnn,11027,6,120.0,0.6159251539171263,0.0754785342364795,0.0754785342364795,13.475993156433104
trajectory,activity/deployment/final/original_gnn/s11027,original_gnn,11027,7,140.0,0.5881174003632889,0.0758769400214792,0.0758769400214792,11.956761360168455
trajectory,activity/deployment/final/original_gnn/s11027,original_gnn,11027,8,160.0,0.5665640080846237,0.0742503308491688,0.0742503308491688,10.77682876586914
trajectory,activity/deployment/final/original_gnn/s11027,original_gnn,11027,9,180.0,0.5464266237992914,0.0757682807046696,0.0757682807046696,7.0596022605896
trajectory,activity/deployment/final/original_gnn/s11027,original_gnn,11027,10,200.0,0.5338762982957793,0.0785691049585338,0.0785691049585338,10.479828834533691
trajectory,activity/deployment/final/original_gnn/s11027,original_gnn,11027,11,220.0,0.5209157560153836,0.0800918733189084,0.0800918733189084,9.51369571685791
trajectory,activity/deployment/final/original_gnn/s11027,original_gnn,11027,12,240.0,0.4929806172516348,0.0798077908492294,0.0798077908492294,8.568534851074219
trajectory,activity/deployment/final/original_gnn/s11027,original_gnn,11027,13,260.0,0.4921396843396642,0.0779880140234875,0.0779880140234875,9.711030006408691
trajectory,activity/deployment/final/original_gnn/s11027,original_gnn,11027,14,280.0,0.4695925804430573,0.0780474515037394,0.0780474515037394,7.909759998321533
trajectory,activity/deployment/final/original_gnn/s11027,original_gnn,11027,15,300.0,0.4624489482856156,0.0787112261211689,0.0787112261211689,11.01718044281006
trajectory,activity/deployment/final/original_gnn/s11027,original_gnn,11027,16,320.0,0.4584297212321574,0.0822507626284559,0.0822507626284559,11.566765785217283
trajectory,activity/deployment/final/original_gnn/s11027,original_gnn,11027,17,340.0,0.4305039909834706,0.0809085498903585,0.0809085498903585,8.843745231628418
trajectory,activity/deployment/final/original_gnn/s11027,original_gnn,11027,18,360.0,0.4263614703020091,0.080139290543727,0.080139290543727,7.861392974853516
trajectory,activity/deployment/final/original_gnn/s11027,original_gnn,11027,19,380.0,0.4210884203931658,0.0811733079058429,0.0811733079058429,9.57817268371582
trajectory,activity/deployment/final/original_gnn/s11027,original_gnn,11027,20,400.0,0.4051498168512788,0.0812619543641855,0.0812619543641855,7.9129462242126465
trajectory,activity/deployment/final/original_gnn/s11027,original_gnn,11027,21,420.0,0.4007911351675832,0.0795321813590037,0.0795321813590037,11.814395904541016
trajectory,activity/deployment/final/original_gnn/s11027,original_gnn,11027,22,440.0,0.3929077523203479,0.081082686169811,0.081082686169811,10.215038299560549
trajectory,activity/deployment/final/original_gnn/s11027,original_gnn,11027,23,460.0,0.3843273126103747,0.0802930634179988,0.0802930634179988,8.075003623962402
trajectory,activity/deployment/final/original_gnn/s11027,original_gnn,11027,24,480.0,0.3813112433511553,0.0830753073585175,0.0830753073585175,12.478708267211914
trajectory,activity/deployment/final/original_gnn/s11027,original_gnn,11027,25,500.0,0.3656773315572473,0.0804104156572439,0.0804104156572439,7.263358116149902
trajectory,activity/deployment/final/original_gnn/s11027,original_gnn,11027,26,520.0,0.3703448780952132,0.0839014986783846,0.0839014986783846,6.959914207458496
trajectory,activity/deployment/final/original_gnn/s11027,original_gnn,11027,27,540.0,0.3612445967125457,0.0796387472358147,0.0796387472358147,8.297932624816895
trajectory,activity/deployment/final/original_gnn/s11027,original_gnn,11027,28,560.0,0.3551239861771642,0.0858282321166443,0.0858282321166443,12.721776962280272
trajectory,activity/deployment/final/original_gnn/s11027,original_gnn,11027,29,580.0,0.3379305084136102,0.0817125110038638,0.0817125110038638,9.519801139831545
trajectory,activity/deployment/final/original_gnn/s11027,original_gnn,11027,30,600.0,0.3410225867088869,0.0808953384117425,0.0808953384117425,7.083942890167236
trajectory,activity/deployment/final/original_gnn/s11027,original_gnn,11027,31,620.0,0.3320788750817039,0.0811061727337484,0.0811061727337484,9.3002290725708
trajectory,activity/deployment/final/original_gnn/s11027,original_gnn,11027,32,640.0,0.3291941764479691,0.0831793099957045,0.0831793099957045,7.452249526977539
trajectory,activity/deployment/final/original_gnn/s11027,original_gnn,11027,33,660.0,0.3173723436945293,0.0821895651813937,0.0821895651813937,9.961495399475098
trajectory,activity/deployment/final/original_gnn/s11027,original_gnn,11027,34,680.0,0.3129830476876002,0.0819142761313985,0.0819142761313985,8.970158576965332
trajectory,activity/deployment/final/original_gnn/s11027,original_gnn,11027,35,700.0,0.3083931339980119,0.0826282084513001,0.0826282084513001,9.286853790283203
trajectory,activity/deployment/final/original_gnn/s11027,original_gnn,11027,36,720.0,0.3014546974818795,0.0835946267970796,0.0835946267970796,10.618494033813477
trajectory,activity/deployment/final/original_gnn/s11027,original_gnn,11027,37,740.0,0.2976903321725968,0.0834610182322732,0.0834610182322732,5.825037002563477
trajectory,activity/deployment/final/original_gnn/s11027,original_gnn,11027,38,760.0,0.2926027196991339,0.0849469177647352,0.0849469177647352,10.264214515686035
trajectory,activity/deployment/final/original_gnn/s11027,original_gnn,11027,39,780.0,0.2960022554405158,0.0807824951793737,0.0807824951793737,12.624750137329102
trajectory,activity/deployment/final/original_gnn/s11027,original_gnn,11027,40,800.0,0.2849610074348541,0.0804791617151864,0.0804791617151864,8.64104175567627
trajectory,activity/deployment/final/original_gnn/s11027,original_gnn,11027,41,820.0,0.2787997901108267,0.0816289450362082,0.0816289450362082,6.376574993133545
trajectory,activity/deployment/final/original_gnn/s11027,original_gnn,11027,42,840.0,0.2744398761519939,0.0820430968330016,0.0820430968330016,9.848458290100098
trajectory,activity/deployment/final/original_gnn/s11027,original_gnn,11027,43,860.0,0.2691330462812525,0.0844357610325519,0.0844357610325519,6.865396976470947
trajectory,activity/deployment/final/original_gnn/s11027,original_gnn,11027,44,880.0,0.2579603248096062,0.0801101687345387,0.0801101687345387,7.814154148101807
trajectory,activity/deployment/final/original_gnn/s11027,original_gnn,11027,45,900.0,0.2647082926121091,0.0792335823225678,0.0792335823225678,6.720395565032959
trajectory,activity/deployment/final/original_gnn/s11027,original_gnn,11027,46,920.0,0.2553503752180846,0.0830042800780895,0.0830042800780895,9.86027717590332
trajectory,activity/deployment/final/original_gnn/s11027,original_gnn,11027,47,940.0,0.2557904235042211,0.07932604878531,0.07932604878531,8.860762596130371
trajectory,activity/deployment/final/original_gnn/s11027,original_gnn,11027,48,960.0,0.2515485115331539,0.0825966052669774,0.0825966052669774,9.397316932678224
trajectory,activity/deployment/final/original_gnn/s11027,original_gnn,11027,49,980.0,0.2429935106263452,0.0815150394762104,0.0815150394762104,9.674409866333008
trajectory,activity/deployment/final/original_gnn/s11027,original_gnn,11027,50,1000.0,0.2382526779761856,0.0790665156987935,0.0790665156987935,12.010147094726562
trajectory,activity/deployment/final/original_gnn/s11027,original_gnn,11027,51,1020.0,0.2385279595899241,0.0787261698956359,0.0787261698956359,12.793133735656738
selected_checkpoint,activity/deployment/final/original_gnn/s11027,original_gnn,11027,1,,,0.061202004547482,,
trajectory,activity/deployment/final/original_gnn/s1103,original_gnn,1103,1,20.0,0.9560269085162212,0.0663797411021732,0.0663797411021732,6.171350479125977
trajectory,activity/deployment/final/original_gnn/s1103,original_gnn,1103,2,40.0,0.8324538014823241,0.0646817475105557,0.0646817475105557,14.200389862060549
trajectory,activity/deployment/final/original_gnn/s1103,original_gnn,1103,3,60.0,0.7455200787287463,0.0670210727431225,0.0670210727431225,8.106038093566895
trajectory,activity/deployment/final/original_gnn/s1103,original_gnn,1103,4,80.0,0.6844926424874873,0.0689823565982259,0.0689823565982259,9.018976211547852
trajectory,activity/deployment/final/original_gnn/s1103,original_gnn,1103,5,100.0,0.6488295129313177,0.0712523212575315,0.0712523212575315,9.733838081359863
trajectory,activity/deployment/final/original_gnn/s1103,original_gnn,1103,6,120.0,0.6121597290039062,0.0726012648465447,0.0726012648465447,9.239081382751465
trajectory,activity/deployment/final/original_gnn/s1103,original_gnn,1103,7,140.0,0.5929088906649089,0.0727270874786424,0.0727270874786424,11.736658096313477
trajectory,activity/deployment/final/original_gnn/s1103,original_gnn,1103,8,160.0,0.5655068998965505,0.0758076270825729,0.0758076270825729,14.532519340515137
trajectory,activity/deployment/final/original_gnn/s1103,original_gnn,1103,9,180.0,0.5413244739234021,0.0728868907798516,0.0728868907798516,8.812393188476562
trajectory,activity/deployment/final/original_gnn/s1103,original_gnn,1103,10,200.0,0.521389041797238,0.0732731443483392,0.0732731443483392,8.123703956604004
trajectory,activity/deployment/final/original_gnn/s1103,original_gnn,1103,11,220.0,0.4961733360959008,0.075492519531156,0.075492519531156,10.193005561828612
trajectory,activity/deployment/final/original_gnn/s1103,original_gnn,1103,12,240.0,0.486220814388266,0.0742141551862135,0.0742141551862135,9.44588851928711
trajectory,activity/deployment/final/original_gnn/s1103,original_gnn,1103,13,260.0,0.4629535160668792,0.0742772447187554,0.0742772447187554,7.841188430786133
trajectory,activity/deployment/final/original_gnn/s1103,original_gnn,1103,14,280.0,0.4479594864809295,0.0736079351295318,0.0736079351295318,10.134124755859377
trajectory,activity/deployment/final/original_gnn/s1103,original_gnn,1103,15,300.0,0.438714103721455,0.0736029031817384,0.0736029031817384,10.816877365112305
trajectory,activity/deployment/final/original_gnn/s1103,original_gnn,1103,16,320.0,0.4220130042342367,0.0757233636607002,0.0757233636607002,7.7029852867126465
trajectory,activity/deployment/final/original_gnn/s1103,original_gnn,1103,17,340.0,0.4054486988507347,0.0764961193793095,0.0764961193793095,7.137754917144775
trajectory,activity/deployment/final/original_gnn/s1103,original_gnn,1103,18,360.0,0.4024495236735385,0.0747972769813869,0.0747972769813869,11.151630401611328
trajectory,activity/deployment/final/original_gnn/s1103,original_gnn,1103,19,380.0,0.3935513080255298,0.0755727716331258,0.0755727716331258,6.318066596984863
trajectory,activity/deployment/final/original_gnn/s1103,original_gnn,1103,20,400.0,0.383590019464114,0.0751735656798484,0.0751735656798484,14.501666069030762
trajectory,activity/deployment/final/original_gnn/s1103,original_gnn,1103,21,420.0,0.3747173331387938,0.0736213432725662,0.0736213432725662,10.166278839111328
trajectory,activity/deployment/final/original_gnn/s1103,original_gnn,1103,22,440.0,0.3628749214674955,0.0743575198186966,0.0743575198186966,9.04103183746338
trajectory,activity/deployment/final/original_gnn/s1103,original_gnn,1103,23,460.0,0.3602296011707345,0.0740852116387356,0.0740852116387356,9.738666534423828
trajectory,activity/deployment/final/original_gnn/s1103,original_gnn,1103,24,480.0,0.347624353348404,0.0759594466016421,0.0759594466016421,6.735838413238525
trajectory,activity/deployment/final/original_gnn/s1103,original_gnn,1103,25,500.0,0.3431580003004779,0.074638614093241,0.074638614093241,7.291356086730957
trajectory,activity/deployment/final/original_gnn/s1103,original_gnn,1103,26,520.0,0.3351590334422253,0.0738551624457148,0.0738551624457148,7.688978672027588
trajectory,activity/deployment/final/original_gnn/s1103,original_gnn,1103,27,540.0,0.3295226133560926,0.0767968072421544,0.0767968072421544,8.235945701599121
trajectory,activity/deployment/final/original_gnn/s1103,original_gnn,1103,28,560.0,0.3193252413778479,0.0752470005924278,0.0752470005924278,7.417842864990234
trajectory,activity/deployment/final/original_gnn/s1103,original_gnn,1103,29,580.0,0.3128057973691638,0.0779220942871782,0.0779220942871782,8.455751419067383
trajectory,activity/deployment/final/original_gnn/s1103,original_gnn,1103,30,600.0,0.3088921253363039,0.0765958050578337,0.0765958050578337,7.978959083557129
trajectory,activity/deployment/final/original_gnn/s1103,original_gnn,1103,31,620.0,0.3038337601021796,0.0748612234598054,0.0748612234598054,11.371773719787598
trajectory,activity/deployment/final/original_gnn/s1103,original_gnn,1103,32,640.0,0.2998730526072719,0.0760008795186415,0.0760008795186415,6.3969831466674805
trajectory,activity/deployment/final/original_gnn/s1103,original_gnn,1103,33,660.0,0.2924469156195191,0.0733189327982114,0.0733189327982114,8.562027931213379
trajectory,activity/deployment/final/original_gnn/s1103,original_gnn,1103,34,680.0,0.278482584583087,0.0746173849717634,0.0746173849717634,7.008433818817139
trajectory,activity/deployment/final/original_gnn/s1103,original_gnn,1103,35,700.0,0.2718235824295601,0.0754910122607748,0.0754910122607748,4.861573696136475
trajectory,activity/deployment/final/original_gnn/s1103,original_gnn,1103,36,720.0,0.2679517870743754,0.0759645176792617,0.0759645176792617,6.029301643371582
trajectory,activity/deployment/final/original_gnn/s1103,original_gnn,1103,37,740.0,0.2672643846609556,0.0756801868991515,0.0756801868991515,9.330111503601074
trajectory,activity/deployment/final/original_gnn/s1103,original_gnn,1103,38,760.0,0.254442170700258,0.0769896811971313,0.0769896811971313,8.256490707397461
trajectory,activity/deployment/final/original_gnn/s1103,original_gnn,1103,39,780.0,0.2537188131578201,0.075846772803762,0.075846772803762,5.979001998901367
trajectory,activity/deployment/final/original_gnn/s1103,original_gnn,1103,40,800.0,0.2521486450060669,0.0769218275280227,0.0769218275280227,7.263502597808838
trajectory,activity/deployment/final/original_gnn/s1103,original_gnn,1103,41,820.0,0.2621612715238233,0.0769795647796397,0.0769795647796397,11.658411979675291
trajectory,activity/deployment/final/original_gnn/s1103,original_gnn,1103,42,840.0,0.2492871548657951,0.0768472968771812,0.0768472968771812,7.35379695892334
trajectory,activity/deployment/final/original_gnn/s1103,original_gnn,1103,43,860.0,0.2370771787249919,0.0780742125637614,0.0780742125637614,8.324334144592285
trajectory,activity/deployment/final/original_gnn/s1103,original_gnn,1103,44,880.0,0.2408820241808039,0.0771397005302934,0.0771397005302934,7.525763034820557
trajectory,activity/deployment/final/original_gnn/s1103,original_gnn,1103,45,900.0,0.2364731424142672,0.0795442066945786,0.0795442066945786,8.073454856872559
trajectory,activity/deployment/final/original_gnn/s1103,original_gnn,1103,46,920.0,0.2328038910630205,0.0787777462619084,0.0787777462619084,11.053912162780762
trajectory,activity/deployment/final/original_gnn/s1103,original_gnn,1103,47,940.0,0.2196372824116677,0.0770586797336533,0.0770586797336533,6.099423885345459
trajectory,activity/deployment/final/original_gnn/s1103,original_gnn,1103,48,960.0,0.2245101260111576,0.0776369012823173,0.0776369012823173,7.160130023956299
trajectory,activity/deployment/final/original_gnn/s1103,original_gnn,1103,49,980.0,0.218197219706983,0.0755715733181474,0.0755715733181474,7.513638973236084
trajectory,activity/deployment/final/original_gnn/s1103,original_gnn,1103,50,1000.0,0.2131966414718612,0.078547003747234,0.078547003747234,6.259856224060059
trajectory,activity/deployment/final/original_gnn/s1103,original_gnn,1103,51,1020.0,0.2075318415738742,0.077995314636168,0.077995314636168,7.307985305786133
trajectory,activity/deployment/final/original_gnn/s1103,original_gnn,1103,52,1040.0,0.2042525701810671,0.0787528379473919,0.0787528379473919,5.928711414337158
selected_checkpoint,activity/deployment/final/original_gnn/s1103,original_gnn,1103,2,,,0.0646817475105557,,
trajectory,activity/deployment/final/original_gnn/s2207,original_gnn,2207,1,20.0,0.9649511603631132,0.066261645997279,0.066261645997279,7.858769416809082
trajectory,activity/deployment/final/original_gnn/s2207,original_gnn,2207,2,40.0,0.8673392421580005,0.0625362697571537,0.0625362697571537,7.101292610168457
trajectory,activity/deployment/final/original_gnn/s2207,original_gnn,2207,3,60.0,0.7809049129675455,0.0650137601165636,0.0650137601165636,8.584991455078125
trajectory,activity/deployment/final/original_gnn/s2207,original_gnn,2207,4,80.0,0.7259665381065714,0.0660394928825927,0.0660394928825927,11.334538459777832
trajectory,activity/deployment/final/original_gnn/s2207,original_gnn,2207,5,100.0,0.6701557159518514,0.0707200719223762,0.0707200719223762,7.118260860443115
trajectory,activity/deployment/final/original_gnn/s2207,original_gnn,2207,6,120.0,0.6377397115690733,0.0706474389281682,0.0706474389281682,9.306044578552246
trajectory,activity/deployment/final/original_gnn/s2207,original_gnn,2207,7,140.0,0.6070620048794129,0.0741245123794348,0.0741245123794348,10.914323806762695
trajectory,activity/deployment/final/original_gnn/s2207,original_gnn,2207,8,160.0,0.5775142466387548,0.0729300882501527,0.0729300882501527,13.508816719055176
trajectory,activity/deployment/final/original_gnn/s2207,original_gnn,2207,9,180.0,0.5554627616127111,0.0770432161781161,0.0770432161781161,12.147552490234377
trajectory,activity/deployment/final/original_gnn/s2207,original_gnn,2207,10,200.0,0.5475851627358186,0.0747950694776579,0.0747950694776579,13.825628280639648
trajectory,activity/deployment/final/original_gnn/s2207,original_gnn,2207,11,220.0,0.5251869061241271,0.0755572606286193,0.0755572606286193,11.282248497009276
trajectory,activity/deployment/final/original_gnn/s2207,original_gnn,2207,12,240.0,0.5058863184772094,0.077861726812311,0.077861726812311,6.85701847076416
trajectory,activity/deployment/final/original_gnn/s2207,original_gnn,2207,13,260.0,0.4883161233094498,0.0785494496598613,0.0785494496598613,10.46554470062256
trajectory,activity/deployment/final/original_gnn/s2207,original_gnn,2207,14,280.0,0.4708477136064276,0.0787618419164562,0.0787618419164562,6.9803314208984375
trajectory,activity/deployment/final/original_gnn/s2207,original_gnn,2207,15,300.0,0.4551385620977312,0.0785444713158428,0.0785444713158428,9.48048210144043
trajectory,activity/deployment/final/original_gnn/s2207,original_gnn,2207,16,320.0,0.4417604633841465,0.0808394229948962,0.0808394229948962,11.3120756149292
trajectory,activity/deployment/final/original_gnn/s2207,original_gnn,2207,17,340.0,0.4459634588482457,0.0815798509003667,0.0815798509003667,19.24148750305176
trajectory,activity/deployment/final/original_gnn/s2207,original_gnn,2207,18,360.0,0.426512242736468,0.0787300758114357,0.0787300758114357,13.06126594543457
trajectory,activity/deployment/final/original_gnn/s2207,original_gnn,2207,19,380.0,0.4110027990992624,0.0812734552071229,0.0812734552071229,11.262497901916504
trajectory,activity/deployment/final/original_gnn/s2207,original_gnn,2207,20,400.0,0.4218454221773943,0.0798453914170442,0.0798453914170442,11.225493431091309
trajectory,activity/deployment/final/original_gnn/s2207,original_gnn,2207,21,420.0,0.4066529340266803,0.0824921226597335,0.0824921226597335,8.680870056152344
trajectory,activity/deployment/final/original_gnn/s2207,original_gnn,2207,22,440.0,0.3940524854434682,0.0809518906218104,0.0809518906218104,9.780288696289062
trajectory,activity/deployment/final/original_gnn/s2207,original_gnn,2207,23,460.0,0.3837598242913095,0.0812537293985683,0.0812537293985683,9.050663948059082
trajectory,activity/deployment/final/original_gnn/s2207,original_gnn,2207,24,480.0,0.3822851221745122,0.0792021229907719,0.0792021229907719,13.524330139160156
trajectory,activity/deployment/final/original_gnn/s2207,original_gnn,2207,25,500.0,0.373090270282353,0.080483516991865,0.080483516991865,12.288722038269045
trajectory,activity/deployment/final/original_gnn/s2207,original_gnn,2207,26,520.0,0.3585412646447788,0.0825488764343413,0.0825488764343413,8.496092796325684
trajectory,activity/deployment/final/original_gnn/s2207,original_gnn,2207,27,540.0,0.3529763766656895,0.0825237182535693,0.0825237182535693,11.825085639953612
trajectory,activity/deployment/final/original_gnn/s2207,original_gnn,2207,28,560.0,0.3476706590559674,0.0827778073325346,0.0827778073325346,8.201520919799805
trajectory,activity/deployment/final/original_gnn/s2207,original_gnn,2207,29,580.0,0.3402816995540434,0.0819847081546991,0.0819847081546991,10.21389389038086
trajectory,activity/deployment/final/original_gnn/s2207,original_gnn,2207,30,600.0,0.3406177614301419,0.0815123604997709,0.0815123604997709,9.200180053710938
trajectory,activity/deployment/final/original_gnn/s2207,original_gnn,2207,31,620.0,0.3321540792656853,0.0809225942836095,0.0809225942836095,7.786744594573975
trajectory,activity/deployment/final/original_gnn/s2207,original_gnn,2207,32,640.0,0.3292045245055077,0.0817866356594194,0.0817866356594194,15.095916748046877
trajectory,activity/deployment/final/original_gnn/s2207,original_gnn,2207,33,660.0,0.3301855194322451,0.0813795769542539,0.0813795769542539,13.847028732299805
trajectory,activity/deployment/final/original_gnn/s2207,original_gnn,2207,34,680.0,0.3147000285535696,0.0824112396924371,0.0824112396924371,8.967516899108887
trajectory,activity/deployment/final/original_gnn/s2207,original_gnn,2207,35,700.0,0.3145562214118512,0.0808903870536054,0.0808903870536054,11.27591037750244
trajectory,activity/deployment/final/original_gnn/s2207,original_gnn,2207,36,720.0,0.3068225780491605,0.0809165455815169,0.0809165455815169,12.1752347946167
trajectory,activity/deployment/final/original_gnn/s2207,original_gnn,2207,37,740.0,0.3026689422613481,0.0835722657751003,0.0835722657751003,9.78642749786377
trajectory,activity/deployment/final/original_gnn/s2207,original_gnn,2207,38,760.0,0.2902585621079914,0.0810003036539004,0.0810003036539004,10.549057960510254
trajectory,activity/deployment/final/original_gnn/s2207,original_gnn,2207,39,780.0,0.2961615822540568,0.0800795341245235,0.0800795341245235,11.293614387512209
trajectory,activity/deployment/final/original_gnn/s2207,original_gnn,2207,40,800.0,0.2940466879046654,0.0802949108398833,0.0802949108398833,6.270815849304199
trajectory,activity/deployment/final/original_gnn/s2207,original_gnn,2207,41,820.0,0.2818501728739977,0.0818648962421755,0.0818648962421755,9.019484519958496
trajectory,activity/deployment/final/original_gnn/s2207,original_gnn,2207,42,840.0,0.280507402584797,0.0818730121541209,0.0818730121541209,10.344197273254396
trajectory,activity/deployment/final/original_gnn/s2207,original_gnn,2207,43,860.0,0.2740451233599089,0.0804912298889847,0.0804912298889847,6.066084861755371
trajectory,activity/deployment/final/original_gnn/s2207,original_gnn,2207,44,880.0,0.269033181918245,0.0796646294874411,0.0796646294874411,10.900091171264648
trajectory,activity/deployment/final/original_gnn/s2207,original_gnn,2207,45,900.0,0.2613218185492599,0.0843384537671949,0.0843384537671949,9.24975872039795
trajectory,activity/deployment/final/original_gnn/s2207,original_gnn,2207,46,920.0,0.2574193940525305,0.084556155419353,0.084556155419353,10.509462356567385
trajectory,activity/deployment/final/original_gnn/s2207,original_gnn,2207,47,940.0,0.2512639540471758,0.082025353899409,0.082025353899409,7.209693431854248
trajectory,activity/deployment/final/original_gnn/s2207,original_gnn,2207,48,960.0,0.2542450578796001,0.0839444084514704,0.0839444084514704,8.693132400512695
trajectory,activity/deployment/final/original_gnn/s2207,original_gnn,2207,49,980.0,0.2428402629421285,0.0808625432624414,0.0808625432624414,9.272384643554688
trajectory,activity/deployment/final/original_gnn/s2207,original_gnn,2207,50,1000.0,0.2437350573617376,0.0848390171372886,0.0848390171372886,8.988128662109375
trajectory,activity/deployment/final/original_gnn/s2207,original_gnn,2207,51,1020.0,0.2429583579704248,0.0827138241674752,0.0827138241674752,14.830330848693848
trajectory,activity/deployment/final/original_gnn/s2207,original_gnn,2207,52,1040.0,0.2339815318797485,0.0842437065863077,0.0842437065863077,9.213363647460938
selected_checkpoint,activity/deployment/final/original_gnn/s2207,original_gnn,2207,2,,,0.0625362697571537,,
trajectory,activity/deployment/final/original_gnn/s3301,original_gnn,3301,1,20.0,0.9341030294597858,0.0595799706209718,0.0595799706209718,4.806797981262207
trajectory,activity/deployment/final/original_gnn/s3301,original_gnn,3301,2,40.0,0.8055920991469604,0.0653602010258207,0.0653602010258207,7.747733116149902
trajectory,activity/deployment/final/original_gnn/s3301,original_gnn,3301,3,60.0,0.7252049579612786,0.0671042137175982,0.0671042137175982,7.640260219573975
trajectory,activity/deployment/final/original_gnn/s3301,original_gnn,3301,4,80.0,0.6922923081729789,0.0689464936211466,0.0689464936211466,11.450057983398438
trajectory,activity/deployment/final/original_gnn/s3301,original_gnn,3301,5,100.0,0.6643131965204683,0.071157122770077,0.071157122770077,10.930481910705566
trajectory,activity/deployment/final/original_gnn/s3301,original_gnn,3301,6,120.0,0.6259079937237989,0.0729313963351721,0.0729313963351721,6.826049327850342
trajectory,activity/deployment/final/original_gnn/s3301,original_gnn,3301,7,140.0,0.5841955855500612,0.0743022758666097,0.0743022758666097,6.690351486206055
trajectory,activity/deployment/final/original_gnn/s3301,original_gnn,3301,8,160.0,0.5698639527495841,0.0738301260265745,0.0738301260265745,7.29556131362915
trajectory,activity/deployment/final/original_gnn/s3301,original_gnn,3301,9,180.0,0.5587429692576669,0.0757562955853468,0.0757562955853468,12.857449531555176
trajectory,activity/deployment/final/original_gnn/s3301,original_gnn,3301,10,200.0,0.5330533689217875,0.077406626588672,0.077406626588672,13.357892036437988
trajectory,activity/deployment/final/original_gnn/s3301,original_gnn,3301,11,220.0,0.5308094251430442,0.0757264909872492,0.0757264909872492,8.81104850769043
trajectory,activity/deployment/final/original_gnn/s3301,original_gnn,3301,12,240.0,0.4995826389980846,0.0770326866095674,0.0770326866095674,11.400260925292969
trajectory,activity/deployment/final/original_gnn/s3301,original_gnn,3301,13,260.0,0.4920638968918037,0.0759323373746829,0.0759323373746829,10.222737312316896
trajectory,activity/deployment/final/original_gnn/s3301,original_gnn,3301,14,280.0,0.4865383049199465,0.0788965420295024,0.0788965420295024,10.682292938232422
trajectory,activity/deployment/final/original_gnn/s3301,original_gnn,3301,15,300.0,0.4776108298536517,0.0746922682068131,0.0746922682068131,15.06869888305664
trajectory,activity/deployment/final/original_gnn/s3301,original_gnn,3301,16,320.0,0.4643359495781072,0.0747149515948759,0.0747149515948759,7.171718597412109
trajectory,activity/deployment/final/original_gnn/s3301,original_gnn,3301,17,340.0,0.4505778810540488,0.0760583020310474,0.0760583020310474,7.918000221252441
trajectory,activity/deployment/final/original_gnn/s3301,original_gnn,3301,18,360.0,0.4377884933690972,0.0754524339190411,0.0754524339190411,9.477978706359863
trajectory,activity/deployment/final/original_gnn/s3301,original_gnn,3301,19,380.0,0.440616417158398,0.0766558220797714,0.0766558220797714,9.802639961242676
trajectory,activity/deployment/final/original_gnn/s3301,original_gnn,3301,20,400.0,0.4281255979448959,0.0737760906297314,0.0737760906297314,10.947100639343262
trajectory,activity/deployment/final/original_gnn/s3301,original_gnn,3301,21,420.0,0.4233676424284034,0.073522210816499,0.073522210816499,15.709076881408691
trajectory,activity/deployment/final/original_gnn/s3301,original_gnn,3301,22,440.0,0.4131645872253951,0.0747234677754607,0.0747234677754607,8.941149711608887
trajectory,activity/deployment/final/original_gnn/s3301,original_gnn,3301,23,460.0,0.3930487078130008,0.0741997045818069,0.0741997045818069,8.9915189743042
trajectory,activity/deployment/final/original_gnn/s3301,original_gnn,3301,24,480.0,0.3915871861579401,0.0752215923195671,0.0752215923195671,7.972086429595947
trajectory,activity/deployment/final/original_gnn/s3301,original_gnn,3301,25,500.0,0.4008369761814287,0.0736889959252523,0.0736889959252523,15.011863708496094
trajectory,activity/deployment/final/original_gnn/s3301,original_gnn,3301,26,520.0,0.3890009590611749,0.0735007298073515,0.0735007298073515,10.442743301391602
trajectory,activity/deployment/final/original_gnn/s3301,original_gnn,3301,27,540.0,0.3700160587989119,0.0737455053478155,0.0737455053478155,7.044373989105225
trajectory,activity/deployment/final/original_gnn/s3301,original_gnn,3301,28,560.0,0.3765251430327027,0.0722448306039376,0.0722448306039376,5.595757007598877
trajectory,activity/deployment/final/original_gnn/s3301,original_gnn,3301,29,580.0,0.3730696247767796,0.0719900421013851,0.0719900421013851,10.586779594421388
trajectory,activity/deployment/final/original_gnn/s3301,original_gnn,3301,30,600.0,0.3604430322897065,0.0733863511410047,0.0733863511410047,9.11594009399414
trajectory,activity/deployment/final/original_gnn/s3301,original_gnn,3301,31,620.0,0.3551656316442088,0.072156274783389,0.072156274783389,7.212792873382568
trajectory,activity/deployment/final/original_gnn/s3301,original_gnn,3301,32,640.0,0.3545869245616285,0.0710258605349248,0.0710258605349248,7.140119552612305
trajectory,activity/deployment/final/original_gnn/s3301,original_gnn,3301,33,660.0,0.3431795902721838,0.0719155800409667,0.0719155800409667,6.496996402740479
trajectory,activity/deployment/final/original_gnn/s3301,original_gnn,3301,34,680.0,0.3373762236359197,0.0711079907170188,0.0711079907170188,8.886612892150879
trajectory,activity/deployment/final/original_gnn/s3301,original_gnn,3301,35,700.0,0.3386130736544551,0.0715954082795141,0.0715954082795141,9.44552993774414
trajectory,activity/deployment/final/original_gnn/s3301,original_gnn,3301,36,720.0,0.3284609241557557,0.0697328383217441,0.0697328383217441,8.36767578125
trajectory,activity/deployment/final/original_gnn/s3301,original_gnn,3301,37,740.0,0.3215906786909172,0.0741879930823322,0.0741879930823322,8.315475463867188
trajectory,activity/deployment/final/original_gnn/s3301,original_gnn,3301,38,760.0,0.3216389515411295,0.0721863884878696,0.0721863884878696,10.184544563293455
trajectory,activity/deployment/final/original_gnn/s3301,original_gnn,3301,39,780.0,0.3079418149422425,0.0694185037240906,0.0694185037240906,9.347626686096191
trajectory,activity/deployment/final/original_gnn/s3301,original_gnn,3301,40,800.0,0.3189651987635966,0.0709665751193598,0.0709665751193598,9.72340202331543
trajectory,activity/deployment/final/original_gnn/s3301,original_gnn,3301,41,820.0,0.3060506005860965,0.0730010177341521,0.0730010177341521,6.418610572814941
trajectory,activity/deployment/final/original_gnn/s3301,original_gnn,3301,42,840.0,0.2953861909456154,0.0719275591140751,0.0719275591140751,6.423371315002441
trajectory,activity/deployment/final/original_gnn/s3301,original_gnn,3301,43,860.0,0.2916411751077893,0.0730987966385866,0.0730987966385866,8.030752182006836
trajectory,activity/deployment/final/original_gnn/s3301,original_gnn,3301,44,880.0,0.2906183815835675,0.0719085132740852,0.0719085132740852,8.101286888122559
trajectory,activity/deployment/final/original_gnn/s3301,original_gnn,3301,45,900.0,0.2872948433502597,0.0729753821168389,0.0729753821168389,8.273482322692871
trajectory,activity/deployment/final/original_gnn/s3301,original_gnn,3301,46,920.0,0.2796755217554268,0.0736638042680232,0.0736638042680232,7.013315677642822
trajectory,activity/deployment/final/original_gnn/s3301,original_gnn,3301,47,940.0,0.279648073887522,0.0712075852465862,0.0712075852465862,7.612652778625488
trajectory,activity/deployment/final/original_gnn/s3301,original_gnn,3301,48,960.0,0.265783786016196,0.0720058562801702,0.0720058562801702,4.654187679290772
trajectory,activity/deployment/final/original_gnn/s3301,original_gnn,3301,49,980.0,0.2688309349788381,0.0721890518837685,0.0721890518837685,11.018902778625488
trajectory,activity/deployment/final/original_gnn/s3301,original_gnn,3301,50,1000.0,0.2665286298021615,0.0717940184659799,0.0717940184659799,10.901285171508787
trajectory,activity/deployment/final/original_gnn/s3301,original_gnn,3301,51,1020.0,0.2577406099928666,0.0733548763726808,0.0733548763726808,11.405596733093262
selected_checkpoint,activity/deployment/final/original_gnn/s3301,original_gnn,3301,1,,,0.0595799706209718,,
trajectory,activity/deployment/final/original_gnn/s4409,original_gnn,4409,1,20.0,0.9646113572185052,0.0590035519970964,0.0590035519970964,8.770700454711914
trajectory,activity/deployment/final/original_gnn/s4409,original_gnn,4409,2,40.0,0.8189033292606769,0.0597131404470504,0.0597131404470504,8.959944725036621
trajectory,activity/deployment/final/original_gnn/s4409,original_gnn,4409,3,60.0,0.7187844491175378,0.0650305835958145,0.0650305835958145,10.803611755371094
trajectory,activity/deployment/final/original_gnn/s4409,original_gnn,4409,4,80.0,0.6615967043720606,0.066090283877425,0.066090283877425,9.35513973236084
trajectory,activity/deployment/final/original_gnn/s4409,original_gnn,4409,5,100.0,0.6111916555025163,0.0680843480809836,0.0680843480809836,6.189871788024902
trajectory,activity/deployment/final/original_gnn/s4409,original_gnn,4409,6,120.0,0.5829091930408341,0.070678450229274,0.070678450229274,11.375439643859863
trajectory,activity/deployment/final/original_gnn/s4409,original_gnn,4409,7,140.0,0.554579317143647,0.0714284988141429,0.0714284988141429,7.333017826080322
trajectory,activity/deployment/final/original_gnn/s4409,original_gnn,4409,8,160.0,0.5370043247725114,0.0722842959639444,0.0722842959639444,11.700900077819824
trajectory,activity/deployment/final/original_gnn/s4409,original_gnn,4409,9,180.0,0.5236593501448537,0.0728243352875191,0.0728243352875191,10.57931137084961
trajectory,activity/deployment/final/original_gnn/s4409,original_gnn,4409,10,200.0,0.5023099358968076,0.0717784603405425,0.0717784603405425,8.428664207458496
trajectory,activity/deployment/final/original_gnn/s4409,original_gnn,4409,11,220.0,0.484295983414881,0.0718362267557449,0.0718362267557449,8.32164478302002
trajectory,activity/deployment/final/original_gnn/s4409,original_gnn,4409,12,240.0,0.4711997767731346,0.0721104293335551,0.0721104293335551,7.901417255401611
trajectory,activity/deployment/final/original_gnn/s4409,original_gnn,4409,13,260.0,0.4601233699333109,0.0730804010319697,0.0730804010319697,6.017552852630615
trajectory,activity/deployment/final/original_gnn/s4409,original_gnn,4409,14,280.0,0.4374963311187041,0.074093374862419,0.074093374862419,9.305892944335938
trajectory,activity/deployment/final/original_gnn/s4409,original_gnn,4409,15,300.0,0.4294206045325357,0.0730747457118133,0.0730747457118133,8.20054817199707
trajectory,activity/deployment/final/original_gnn/s4409,original_gnn,4409,16,320.0,0.4185969159184608,0.0743118577331259,0.0743118577331259,8.470657348632812
trajectory,activity/deployment/final/original_gnn/s4409,original_gnn,4409,17,340.0,0.4147295049725306,0.0742735550255527,0.0742735550255527,9.23607349395752
trajectory,activity/deployment/final/original_gnn/s4409,original_gnn,4409,18,360.0,0.4016893960541444,0.0731227657750091,0.0731227657750091,7.171402454376221
trajectory,activity/deployment/final/original_gnn/s4409,original_gnn,4409,19,380.0,0.3818037631115902,0.0751536050014554,0.0751536050014554,5.795612812042236
trajectory,activity/deployment/final/original_gnn/s4409,original_gnn,4409,20,400.0,0.3819812443684357,0.0749315092986206,0.0749315092986206,10.495532035827637
trajectory,activity/deployment/final/original_gnn/s4409,original_gnn,4409,21,420.0,0.3802676140504569,0.0737786339882114,0.0737786339882114,12.951194763183594
trajectory,activity/deployment/final/original_gnn/s4409,original_gnn,4409,22,440.0,0.3673433249814819,0.076187091333182,0.076187091333182,10.935672760009766
trajectory,activity/deployment/final/original_gnn/s4409,original_gnn,4409,23,460.0,0.361766838880642,0.0755539825163572,0.0755539825163572,13.639941215515137
trajectory,activity/deployment/final/original_gnn/s4409,original_gnn,4409,24,480.0,0.3563594132827519,0.0744489272053988,0.0744489272053988,5.977437496185303
trajectory,activity/deployment/final/original_gnn/s4409,original_gnn,4409,25,500.0,0.3573461583533677,0.0756335759654788,0.0756335759654788,10.510889053344728
trajectory,activity/deployment/final/original_gnn/s4409,original_gnn,4409,26,520.0,0.3376665562983066,0.0748391001841828,0.0748391001841828,9.375450134277344
trajectory,activity/deployment/final/original_gnn/s4409,original_gnn,4409,27,540.0,0.3398895892148173,0.0728565127622929,0.0728565127622929,8.668572425842285
trajectory,activity/deployment/final/original_gnn/s4409,original_gnn,4409,28,560.0,0.3362160769362976,0.073737088030639,0.073737088030639,8.395980834960938
trajectory,activity/deployment/final/original_gnn/s4409,original_gnn,4409,29,580.0,0.3287495300588009,0.0735955821792491,0.0735955821792491,8.054619789123535
trajectory,activity/deployment/final/original_gnn/s4409,original_gnn,4409,30,600.0,0.3178315691951724,0.0744485254194766,0.0744485254194766,7.84345006942749
trajectory,activity/deployment/final/original_gnn/s4409,original_gnn,4409,31,620.0,0.3123280299240109,0.0754810881962886,0.0754810881962886,7.744174003601074
trajectory,activity/deployment/final/original_gnn/s4409,original_gnn,4409,32,640.0,0.310023756468457,0.075144168567557,0.075144168567557,7.310062408447266
trajectory,activity/deployment/final/original_gnn/s4409,original_gnn,4409,33,660.0,0.3042396649043649,0.074343464077116,0.074343464077116,9.459307670593262
trajectory,activity/deployment/final/original_gnn/s4409,original_gnn,4409,34,680.0,0.2981553186823017,0.0773139835733947,0.0773139835733947,7.6812849044799805
trajectory,activity/deployment/final/original_gnn/s4409,original_gnn,4409,35,700.0,0.2872889840692826,0.0759123704549115,0.0759123704549115,6.434115886688232
trajectory,activity/deployment/final/original_gnn/s4409,original_gnn,4409,36,720.0,0.290984353913117,0.0738031178962025,0.0738031178962025,14.872116088867188
trajectory,activity/deployment/final/original_gnn/s4409,original_gnn,4409,37,740.0,0.2772190200610233,0.0757885320859894,0.0757885320859894,8.843871116638184
trajectory,activity/deployment/final/original_gnn/s4409,original_gnn,4409,38,760.0,0.2777448437036835,0.0740310849037417,0.0740310849037417,6.360719203948975
trajectory,activity/deployment/final/original_gnn/s4409,original_gnn,4409,39,780.0,0.2685679499595481,0.0758361144700606,0.0758361144700606,9.261738777160645
trajectory,activity/deployment/final/original_gnn/s4409,original_gnn,4409,40,800.0,0.2673595705682839,0.0760378340458605,0.0760378340458605,8.245783805847168
trajectory,activity/deployment/final/original_gnn/s4409,original_gnn,4409,41,820.0,0.2630757167047693,0.0744459612184978,0.0744459612184978,7.629311084747314
trajectory,activity/deployment/final/original_gnn/s4409,original_gnn,4409,42,840.0,0.260662933230116,0.0742563712102905,0.0742563712102905,9.244629859924316
trajectory,activity/deployment/final/original_gnn/s4409,original_gnn,4409,43,860.0,0.2513837711597076,0.0762753378039571,0.0762753378039571,11.379483222961426
trajectory,activity/deployment/final/original_gnn/s4409,original_gnn,4409,44,880.0,0.2490807561717211,0.0746662240612242,0.0746662240612242,10.692105293273926
trajectory,activity/deployment/final/original_gnn/s4409,original_gnn,4409,45,900.0,0.2396575737510814,0.0779696947414707,0.0779696947414707,5.933243274688721
trajectory,activity/deployment/final/original_gnn/s4409,original_gnn,4409,46,920.0,0.2408866464760305,0.0740036713531039,0.0740036713531039,6.829977989196777
trajectory,activity/deployment/final/original_gnn/s4409,original_gnn,4409,47,940.0,0.2376432904560855,0.0762864164408785,0.0762864164408785,6.658804893493652
trajectory,activity/deployment/final/original_gnn/s4409,original_gnn,4409,48,960.0,0.2369849952181906,0.0782830823588697,0.0782830823588697,11.86376953125
trajectory,activity/deployment/final/original_gnn/s4409,original_gnn,4409,49,980.0,0.2343812430065903,0.075536896330388,0.075536896330388,9.642857551574709
trajectory,activity/deployment/final/original_gnn/s4409,original_gnn,4409,50,1000.0,0.225969341241054,0.0758730373837566,0.0758730373837566,7.450849533081055
trajectory,activity/deployment/final/original_gnn/s4409,original_gnn,4409,51,1020.0,0.2291652686047686,0.0769554639643137,0.0769554639643137,8.40063190460205
selected_checkpoint,activity/deployment/final/original_gnn/s4409,original_gnn,4409,1,,,0.0590035519970964,,
trajectory,activity/deployment/final/original_gnn/s5519,original_gnn,5519,1,20.0,0.9512204569990054,0.0627712243019797,0.0627712243019797,8.81364631652832
trajectory,activity/deployment/final/original_gnn/s5519,original_gnn,5519,2,40.0,0.8335161921142868,0.0616294560151709,0.0616294560151709,8.749571800231934
trajectory,activity/deployment/final/original_gnn/s5519,original_gnn,5519,3,60.0,0.7580429785681491,0.0710355346069745,0.0710355346069745,8.330734252929688
trajectory,activity/deployment/final/original_gnn/s5519,original_gnn,5519,4,80.0,0.7135077815760309,0.0666195913303883,0.0666195913303883,13.143227577209473
trajectory,activity/deployment/final/original_gnn/s5519,original_gnn,5519,5,100.0,0.6808552328701337,0.0677319566077721,0.0677319566077721,8.098319053649902
trajectory,activity/deployment/final/original_gnn/s5519,original_gnn,5519,6,120.0,0.6514840259070999,0.0706813738868747,0.0706813738868747,8.20492935180664
trajectory,activity/deployment/final/original_gnn/s5519,original_gnn,5519,7,140.0,0.6205436113905206,0.0709206737244655,0.0709206737244655,12.642688751220703
trajectory,activity/deployment/final/original_gnn/s5519,original_gnn,5519,8,160.0,0.5981231765485738,0.0730050760537339,0.0730050760537339,8.362100601196289
trajectory,activity/deployment/final/original_gnn/s5519,original_gnn,5519,9,180.0,0.5756806227496165,0.0726372081594163,0.0726372081594163,8.461383819580078
trajectory,activity/deployment/final/original_gnn/s5519,original_gnn,5519,10,200.0,0.5520462698648618,0.0741513652888853,0.0741513652888853,6.594761848449707
trajectory,activity/deployment/final/original_gnn/s5519,original_gnn,5519,11,220.0,0.5322897266640939,0.0750171234520662,0.0750171234520662,7.872949600219727
trajectory,activity/deployment/final/original_gnn/s5519,original_gnn,5519,12,240.0,0.5386313643126,0.0743299942908505,0.0743299942908505,16.31974983215332
trajectory,activity/deployment/final/original_gnn/s5519,original_gnn,5519,13,260.0,0.5078395165272229,0.0738304353786984,0.0738304353786984,9.7269926071167
trajectory,activity/deployment/final/original_gnn/s5519,original_gnn,5519,14,280.0,0.4893831141512009,0.0761529058402162,0.0761529058402162,7.660768985748291
trajectory,activity/deployment/final/original_gnn/s5519,original_gnn,5519,15,300.0,0.4671472127803078,0.0791023406056901,0.0791023406056901,7.262557029724121
trajectory,activity/deployment/final/original_gnn/s5519,original_gnn,5519,16,320.0,0.4599890007539057,0.0781689655178146,0.0781689655178146,11.972200393676758
trajectory,activity/deployment/final/original_gnn/s5519,original_gnn,5519,17,340.0,0.4618276027907825,0.0769099395790281,0.0769099395790281,13.646161079406738
trajectory,activity/deployment/final/original_gnn/s5519,original_gnn,5519,18,360.0,0.4421405454208398,0.0759175461653115,0.0759175461653115,8.994550704956055
trajectory,activity/deployment/final/original_gnn/s5519,original_gnn,5519,19,380.0,0.4190916236522559,0.0778102505178442,0.0778102505178442,7.1453962326049805
trajectory,activity/deployment/final/original_gnn/s5519,original_gnn,5519,20,400.0,0.4091346599072857,0.0776900507438179,0.0776900507438179,6.081699848175049
trajectory,activity/deployment/final/original_gnn/s5519,original_gnn,5519,21,420.0,0.3998338400702139,0.0781683712444451,0.0781683712444451,8.38959789276123
trajectory,activity/deployment/final/original_gnn/s5519,original_gnn,5519,22,440.0,0.4039436293746669,0.0771350198429366,0.0771350198429366,10.98652458190918
trajectory,activity/deployment/final/original_gnn/s5519,original_gnn,5519,23,460.0,0.3906268682434409,0.0791910975553749,0.0791910975553749,8.503087043762207
trajectory,activity/deployment/final/original_gnn/s5519,original_gnn,5519,24,480.0,0.3763945840529926,0.0773795825899241,0.0773795825899241,8.883991241455078
trajectory,activity/deployment/final/original_gnn/s5519,original_gnn,5519,25,500.0,0.3763118804542671,0.0783002194851661,0.0783002194851661,12.254688262939451
trajectory,activity/deployment/final/original_gnn/s5519,original_gnn,5519,26,520.0,0.3783122797728153,0.0784506509887979,0.0784506509887979,11.93445873260498
trajectory,activity/deployment/final/original_gnn/s5519,original_gnn,5519,27,540.0,0.3674696307744745,0.0760850386186942,0.0760850386186942,13.040705680847168
trajectory,activity/deployment/final/original_gnn/s5519,original_gnn,5519,28,560.0,0.3707122595135989,0.0817395163363665,0.0817395163363665,16.236061096191406
trajectory,activity/deployment/final/original_gnn/s5519,original_gnn,5519,29,580.0,0.3671481335702825,0.0783478686482329,0.0783478686482329,19.447105407714844
trajectory,activity/deployment/final/original_gnn/s5519,original_gnn,5519,30,600.0,0.3488511457814405,0.0767476698613849,0.0767476698613849,8.04974365234375
trajectory,activity/deployment/final/original_gnn/s5519,original_gnn,5519,31,620.0,0.3382459055037608,0.0807083731846809,0.0807083731846809,12.677586555480955
trajectory,activity/deployment/final/original_gnn/s5519,original_gnn,5519,32,640.0,0.3311102555752558,0.0780004706283676,0.0780004706283676,7.607950687408447
trajectory,activity/deployment/final/original_gnn/s5519,original_gnn,5519,33,660.0,0.3391608687456493,0.07662230370546,0.07662230370546,12.281678199768066
trajectory,activity/deployment/final/original_gnn/s5519,original_gnn,5519,34,680.0,0.3268797103851157,0.0782692964127686,0.0782692964127686,13.250542640686035
trajectory,activity/deployment/final/original_gnn/s5519,original_gnn,5519,35,700.0,0.3160556416553197,0.0805009355704508,0.0805009355704508,8.935430526733398
trajectory,activity/deployment/final/original_gnn/s5519,original_gnn,5519,36,720.0,0.3115171856402972,0.0777379154472346,0.0777379154472346,7.320864200592041
trajectory,activity/deployment/final/original_gnn/s5519,original_gnn,5519,37,740.0,0.3102699504711024,0.0791484762959039,0.0791484762959039,9.026405334472656
trajectory,activity/deployment/final/original_gnn/s5519,original_gnn,5519,38,760.0,0.2996790882279894,0.0813098625501052,0.0813098625501052,10.519452095031738
trajectory,activity/deployment/final/original_gnn/s5519,original_gnn,5519,39,780.0,0.2961751457430996,0.0813701730482376,0.0813701730482376,11.531801223754885
trajectory,activity/deployment/final/original_gnn/s5519,original_gnn,5519,40,800.0,0.286978973198543,0.0799928313165174,0.0799928313165174,9.312418937683104
trajectory,activity/deployment/final/original_gnn/s5519,original_gnn,5519,41,820.0,0.2850962252111261,0.0817864032237162,0.0817864032237162,7.109212875366211
trajectory,activity/deployment/final/original_gnn/s5519,original_gnn,5519,42,840.0,0.2836392888528568,0.0818221996838518,0.0818221996838518,8.228511810302734
trajectory,activity/deployment/final/original_gnn/s5519,original_gnn,5519,43,860.0,0.2764191012755569,0.0825475274678008,0.0825475274678008,6.483970642089844
trajectory,activity/deployment/final/original_gnn/s5519,original_gnn,5519,44,880.0,0.2681871505603608,0.0808462678429426,0.0808462678429426,6.584530830383301
trajectory,activity/deployment/final/original_gnn/s5519,original_gnn,5519,45,900.0,0.2668667508317328,0.0829076086236526,0.0829076086236526,9.307233810424805
trajectory,activity/deployment/final/original_gnn/s5519,original_gnn,5519,46,920.0,0.2694604307815515,0.0838771269454211,0.0838771269454211,9.54507827758789
trajectory,activity/deployment/final/original_gnn/s5519,original_gnn,5519,47,940.0,0.2588497654988332,0.0830363213008696,0.0830363213008696,8.506357192993164
trajectory,activity/deployment/final/original_gnn/s5519,original_gnn,5519,48,960.0,0.2537434813259517,0.0820812821834172,0.0820812821834172,6.252882480621338
trajectory,activity/deployment/final/original_gnn/s5519,original_gnn,5519,49,980.0,0.2526387887591876,0.0824971966664254,0.0824971966664254,9.740253448486328
trajectory,activity/deployment/final/original_gnn/s5519,original_gnn,5519,50,1000.0,0.2496365308761596,0.0833171274426299,0.0833171274426299,10.462294578552246
trajectory,activity/deployment/final/original_gnn/s5519,original_gnn,5519,51,1020.0,0.2450730855783079,0.0837100885064319,0.0837100885064319,5.708521366119385
trajectory,activity/deployment/final/original_gnn/s5519,original_gnn,5519,52,1040.0,0.236199318474962,0.0855212046660938,0.0855212046660938,12.119478225708008
selected_checkpoint,activity/deployment/final/original_gnn/s5519,original_gnn,5519,2,,,0.0616294560151709,,
trajectory,activity/deployment/final/original_gnn/s6637,original_gnn,6637,1,20.0,0.980341507244716,0.0618048169789931,0.0618048169789931,10.174029350280762
trajectory,activity/deployment/final/original_gnn/s6637,original_gnn,6637,2,40.0,0.8952368013057754,0.0624313899849106,0.0624313899849106,10.35620403289795
trajectory,activity/deployment/final/original_gnn/s6637,original_gnn,6637,3,60.0,0.8069997094660358,0.0594850023862913,0.0594850023862913,9.457609176635742
trajectory,activity/deployment/final/original_gnn/s6637,original_gnn,6637,4,80.0,0.7365964119921041,0.0610967435170183,0.0610967435170183,11.082269668579102
trajectory,activity/deployment/final/original_gnn/s6637,original_gnn,6637,5,100.0,0.680937196358127,0.0643332763323696,0.0643332763323696,11.12971019744873
trajectory,activity/deployment/final/original_gnn/s6637,original_gnn,6637,6,120.0,0.6464964915496002,0.0661969520102962,0.0661969520102962,14.03791332244873
trajectory,activity/deployment/final/original_gnn/s6637,original_gnn,6637,7,140.0,0.6197085702012133,0.0661653970256702,0.0661653970256702,8.718916893005371
trajectory,activity/deployment/final/original_gnn/s6637,original_gnn,6637,8,160.0,0.5998490534196116,0.0696465481251683,0.0696465481251683,17.478134155273438
trajectory,activity/deployment/final/original_gnn/s6637,original_gnn,6637,9,180.0,0.5767743289233959,0.0706021957766664,0.0706021957766664,13.27434539794922
trajectory,activity/deployment/final/original_gnn/s6637,original_gnn,6637,10,200.0,0.5671987981195957,0.0726298161050799,0.0726298161050799,12.502132415771484
trajectory,activity/deployment/final/original_gnn/s6637,original_gnn,6637,11,220.0,0.5517313130986984,0.0733327270822451,0.0733327270822451,18.92804718017578
trajectory,activity/deployment/final/original_gnn/s6637,original_gnn,6637,12,240.0,0.5306248237350045,0.0740513654115034,0.0740513654115034,14.412074089050291
trajectory,activity/deployment/final/original_gnn/s6637,original_gnn,6637,13,260.0,0.510934033783965,0.0751792043101243,0.0751792043101243,15.259276390075684
trajectory,activity/deployment/final/original_gnn/s6637,original_gnn,6637,14,280.0,0.4974811610198381,0.0782488158329539,0.0782488158329539,11.502140045166016
trajectory,activity/deployment/final/original_gnn/s6637,original_gnn,6637,15,300.0,0.4870953403170663,0.0804284264771644,0.0804284264771644,14.694673538208008
trajectory,activity/deployment/final/original_gnn/s6637,original_gnn,6637,16,320.0,0.480629243009899,0.079039037931057,0.079039037931057,13.744243621826172
trajectory,activity/deployment/final/original_gnn/s6637,original_gnn,6637,17,340.0,0.4709082425492826,0.0775821772816738,0.0775821772816738,17.090438842773438
trajectory,activity/deployment/final/original_gnn/s6637,original_gnn,6637,18,360.0,0.4582448948982502,0.0795696398152073,0.0795696398152073,9.768218040466309
trajectory,activity/deployment/final/original_gnn/s6637,original_gnn,6637,19,380.0,0.4552447880138188,0.0804289478716991,0.0804289478716991,12.935386657714844
trajectory,activity/deployment/final/original_gnn/s6637,original_gnn,6637,20,400.0,0.4348970960538665,0.0793571975471084,0.0793571975471084,8.486513137817383
trajectory,activity/deployment/final/original_gnn/s6637,original_gnn,6637,21,420.0,0.4238092958501069,0.0807845261174129,0.0807845261174129,10.207442283630373
trajectory,activity/deployment/final/original_gnn/s6637,original_gnn,6637,22,440.0,0.4171807918167947,0.081675393638995,0.081675393638995,11.437101364135742
trajectory,activity/deployment/final/original_gnn/s6637,original_gnn,6637,23,460.0,0.3965167818181187,0.0829596750246751,0.0829596750246751,8.987116813659668
trajectory,activity/deployment/final/original_gnn/s6637,original_gnn,6637,24,480.0,0.3990074901044889,0.0836824874831968,0.0836824874831968,11.085711479187012
trajectory,activity/deployment/final/original_gnn/s6637,original_gnn,6637,25,500.0,0.402916762424519,0.0805558196337352,0.0805558196337352,10.964120864868164
trajectory,activity/deployment/final/original_gnn/s6637,original_gnn,6637,26,520.0,0.3821847957216434,0.0835559570362187,0.0835559570362187,9.5916109085083
trajectory,activity/deployment/final/original_gnn/s6637,original_gnn,6637,27,540.0,0.3846121376662902,0.0813589093768793,0.0813589093768793,15.343070030212402
trajectory,activity/deployment/final/original_gnn/s6637,original_gnn,6637,28,560.0,0.374245757451599,0.0822605388522763,0.0822605388522763,10.64544677734375
trajectory,activity/deployment/final/original_gnn/s6637,original_gnn,6637,29,580.0,0.3612580500939614,0.0792683111259218,0.0792683111259218,16.009172439575195
trajectory,activity/deployment/final/original_gnn/s6637,original_gnn,6637,30,600.0,0.3552632350311855,0.0839775701179163,0.0839775701179163,9.053092956542969
trajectory,activity/deployment/final/original_gnn/s6637,original_gnn,6637,31,620.0,0.3485161900472981,0.0814458629804979,0.0814458629804979,9.94068431854248
trajectory,activity/deployment/final/original_gnn/s6637,original_gnn,6637,32,640.0,0.3365445160221921,0.0845314969066635,0.0845314969066635,11.637374877929688
trajectory,activity/deployment/final/original_gnn/s6637,original_gnn,6637,33,660.0,0.335135903407696,0.0848777369773578,0.0848777369773578,12.35407543182373
trajectory,activity/deployment/final/original_gnn/s6637,original_gnn,6637,34,680.0,0.3259613359608851,0.0841585408345379,0.0841585408345379,7.846571922302246
trajectory,activity/deployment/final/original_gnn/s6637,original_gnn,6637,35,700.0,0.3213836224520367,0.0842014283765562,0.0842014283765562,9.290225982666016
trajectory,activity/deployment/final/original_gnn/s6637,original_gnn,6637,36,720.0,0.3237947065078426,0.0864334902569943,0.0864334902569943,10.21378231048584
trajectory,activity/deployment/final/original_gnn/s6637,original_gnn,6637,37,740.0,0.3209059967276972,0.0850946424634103,0.0850946424634103,13.518610954284668
trajectory,activity/deployment/final/original_gnn/s6637,original_gnn,6637,38,760.0,0.3079710927295533,0.0855307939110786,0.0855307939110786,19.08441925048828
trajectory,activity/deployment/final/original_gnn/s6637,original_gnn,6637,39,780.0,0.3098526805449895,0.0854206592369646,0.0854206592369646,13.1421537399292
trajectory,activity/deployment/final/original_gnn/s6637,original_gnn,6637,40,800.0,0.3026202415738246,0.0830283631084792,0.0830283631084792,11.762216567993164
trajectory,activity/deployment/final/original_gnn/s6637,original_gnn,6637,41,820.0,0.2926139684306713,0.0837893719038862,0.0837893719038862,7.931560516357422
trajectory,activity/deployment/final/original_gnn/s6637,original_gnn,6637,42,840.0,0.2936649491997159,0.0829117714475498,0.0829117714475498,8.924555778503418
trajectory,activity/deployment/final/original_gnn/s6637,original_gnn,6637,43,860.0,0.2831924734984815,0.0816811233549047,0.0816811233549047,8.358819961547852
trajectory,activity/deployment/final/original_gnn/s6637,original_gnn,6637,44,880.0,0.2800439137423957,0.0855566804034851,0.0855566804034851,12.03867530822754
trajectory,activity/deployment/final/original_gnn/s6637,original_gnn,6637,45,900.0,0.2681847490825949,0.0857088013449438,0.0857088013449438,9.89119815826416
trajectory,activity/deployment/final/original_gnn/s6637,original_gnn,6637,46,920.0,0.2676890547238615,0.0837784225675015,0.0837784225675015,7.755364894866943
trajectory,activity/deployment/final/original_gnn/s6637,original_gnn,6637,47,940.0,0.2588999883772552,0.0878974274430463,0.0878974274430463,10.308114051818848
trajectory,activity/deployment/final/original_gnn/s6637,original_gnn,6637,48,960.0,0.2680058234309847,0.0839367446612256,0.0839367446612256,12.785845756530762
trajectory,activity/deployment/final/original_gnn/s6637,original_gnn,6637,49,980.0,0.2640774686294855,0.0848024540290918,0.0848024540290918,19.02507209777832
trajectory,activity/deployment/final/original_gnn/s6637,original_gnn,6637,50,1000.0,0.256035668436642,0.0873013266593989,0.0873013266593989,7.93023681640625
trajectory,activity/deployment/final/original_gnn/s6637,original_gnn,6637,51,1020.0,0.2585147698309991,0.088966742967614,0.088966742967614,11.713849067687988
trajectory,activity/deployment/final/original_gnn/s6637,original_gnn,6637,52,1040.0,0.2529791644681911,0.0857860414095657,0.0857860414095657,12.549354553222656
trajectory,activity/deployment/final/original_gnn/s6637,original_gnn,6637,53,1060.0,0.2488275925918076,0.0841316181199873,0.0841316181199873,11.02676010131836
selected_checkpoint,activity/deployment/final/original_gnn/s6637,original_gnn,6637,3,,,0.0594850023862913,,
trajectory,activity/deployment/final/original_gnn/s7753,original_gnn,7753,1,20.0,0.9990309207471616,0.064158555666791,0.064158555666791,13.973889350891112
trajectory,activity/deployment/final/original_gnn/s7753,original_gnn,7753,2,40.0,0.8355767028117767,0.063177552463033,0.063177552463033,10.340583801269531
trajectory,activity/deployment/final/original_gnn/s7753,original_gnn,7753,3,60.0,0.7592861522654866,0.0666791531501977,0.0666791531501977,9.122034072875977
trajectory,activity/deployment/final/original_gnn/s7753,original_gnn,7753,4,80.0,0.6918787003226277,0.0701616925308976,0.0701616925308976,7.170024394989014
trajectory,activity/deployment/final/original_gnn/s7753,original_gnn,7753,5,100.0,0.664915472482101,0.0705012544385159,0.0705012544385159,12.067517280578612
trajectory,activity/deployment/final/original_gnn/s7753,original_gnn,7753,6,120.0,0.6418304469397941,0.0758260708801582,0.0758260708801582,12.740087509155272
trajectory,activity/deployment/final/original_gnn/s7753,original_gnn,7753,7,140.0,0.6030470791840193,0.0774853154751417,0.0774853154751417,10.091553688049316
trajectory,activity/deployment/final/original_gnn/s7753,original_gnn,7753,8,160.0,0.5721054085196722,0.0797897187396482,0.0797897187396482,15.34076690673828
trajectory,activity/deployment/final/original_gnn/s7753,original_gnn,7753,9,180.0,0.5596723371408021,0.0788037882146607,0.0788037882146607,10.148248672485352
trajectory,activity/deployment/final/original_gnn/s7753,original_gnn,7753,10,200.0,0.5462213577828396,0.0799485751576153,0.0799485751576153,14.311988830566406
trajectory,activity/deployment/final/original_gnn/s7753,original_gnn,7753,11,220.0,0.5156035144429438,0.0804826799421556,0.0804826799421556,11.566553115844728
trajectory,activity/deployment/final/original_gnn/s7753,original_gnn,7753,12,240.0,0.4958898217740562,0.0851681432600069,0.0851681432600069,11.24452781677246
trajectory,activity/deployment/final/original_gnn/s7753,original_gnn,7753,13,260.0,0.4814754882390959,0.083048366782092,0.083048366782092,14.870010375976562
trajectory,activity/deployment/final/original_gnn/s7753,original_gnn,7753,14,280.0,0.4650667451316161,0.0857348433679458,0.0857348433679458,15.114720344543455
trajectory,activity/deployment/final/original_gnn/s7753,original_gnn,7753,15,300.0,0.4431037710383357,0.085366605513015,0.085366605513015,11.213984489440918
trajectory,activity/deployment/final/original_gnn/s7753,original_gnn,7753,16,320.0,0.4425063143181744,0.0881540453202109,0.0881540453202109,9.839531898498535
trajectory,activity/deployment/final/original_gnn/s7753,original_gnn,7753,17,340.0,0.4260143331348943,0.0835089954074891,0.0835089954074891,9.595513343811035
trajectory,activity/deployment/final/original_gnn/s7753,original_gnn,7753,18,360.0,0.4319290895609746,0.0843244429849212,0.0843244429849212,11.368505477905272
trajectory,activity/deployment/final/original_gnn/s7753,original_gnn,7753,19,380.0,0.418396142927591,0.0860143781844903,0.0860143781844903,11.38193130493164
trajectory,activity/deployment/final/original_gnn/s7753,original_gnn,7753,20,400.0,0.3933476595721423,0.0865648431312742,0.0865648431312742,12.1787691116333
trajectory,activity/deployment/final/original_gnn/s7753,original_gnn,7753,21,420.0,0.388189745219195,0.0851360341497023,0.0851360341497023,8.975863456726074
trajectory,activity/deployment/final/original_gnn/s7753,original_gnn,7753,22,440.0,0.37678359644199,0.0862121033542696,0.0862121033542696,8.619588851928711
trajectory,activity/deployment/final/original_gnn/s7753,original_gnn,7753,23,460.0,0.3851561902107181,0.0871740128758496,0.0871740128758496,12.511107444763184
trajectory,activity/deployment/final/original_gnn/s7753,original_gnn,7753,24,480.0,0.3643363469455619,0.0864370124663621,0.0864370124663621,7.669709205627441
trajectory,activity/deployment/final/original_gnn/s7753,original_gnn,7753,25,500.0,0.3649907119223009,0.087423980214456,0.087423980214456,7.884037017822266
trajectory,activity/deployment/final/original_gnn/s7753,original_gnn,7753,26,520.0,0.3479094564962046,0.0886441844932929,0.0886441844932929,8.252706527709961
trajectory,activity/deployment/final/original_gnn/s7753,original_gnn,7753,27,540.0,0.3544658802633156,0.0866369898134208,0.0866369898134208,9.076566696166992
trajectory,activity/deployment/final/original_gnn/s7753,original_gnn,7753,28,560.0,0.3540929128150318,0.0870342550842698,0.0870342550842698,11.08779525756836
trajectory,activity/deployment/final/original_gnn/s7753,original_gnn,7753,29,580.0,0.3395963326700156,0.0871913152833407,0.0871913152833407,11.006162643432615
trajectory,activity/deployment/final/original_gnn/s7753,original_gnn,7753,30,600.0,0.3266292261499748,0.0848562748594329,0.0848562748594329,13.922728538513184
trajectory,activity/deployment/final/original_gnn/s7753,original_gnn,7753,31,620.0,0.3289289501946156,0.0900950165922181,0.0900950165922181,10.610461235046388
trajectory,activity/deployment/final/original_gnn/s7753,original_gnn,7753,32,640.0,0.3202962615217264,0.0859439946310629,0.0859439946310629,13.971345901489258
trajectory,activity/deployment/final/original_gnn/s7753,original_gnn,7753,33,660.0,0.3114070088452437,0.0898580706556239,0.0898580706556239,10.526762962341309
trajectory,activity/deployment/final/original_gnn/s7753,original_gnn,7753,34,680.0,0.3053260621236751,0.0878469229049497,0.0878469229049497,7.880414962768555
trajectory,activity/deployment/final/original_gnn/s7753,original_gnn,7753,35,700.0,0.3046112568535626,0.088123048582271,0.088123048582271,9.780206680297852
trajectory,activity/deployment/final/original_gnn/s7753,original_gnn,7753,36,720.0,0.291251201872034,0.0958164190007613,0.0958164190007613,8.094001770019531
trajectory,activity/deployment/final/original_gnn/s7753,original_gnn,7753,37,740.0,0.2878271704680206,0.0923608429182047,0.0923608429182047,6.44892168045044
trajectory,activity/deployment/final/original_gnn/s7753,original_gnn,7753,38,760.0,0.2826305980763803,0.0905669770198002,0.0905669770198002,7.479825973510742
trajectory,activity/deployment/final/original_gnn/s7753,original_gnn,7753,39,780.0,0.2794233102046657,0.0881296446770543,0.0881296446770543,9.65756607055664
trajectory,activity/deployment/final/original_gnn/s7753,original_gnn,7753,40,800.0,0.2767849617102867,0.0892169677144155,0.0892169677144155,12.540735244750977
trajectory,activity/deployment/final/original_gnn/s7753,original_gnn,7753,41,820.0,0.2706558328000584,0.0881191822232946,0.0881191822232946,7.625319957733154
trajectory,activity/deployment/final/original_gnn/s7753,original_gnn,7753,42,840.0,0.260108437445355,0.0923312095769305,0.0923312095769305,9.209421157836914
trajectory,activity/deployment/final/original_gnn/s7753,original_gnn,7753,43,860.0,0.2594627504125296,0.0913542342108283,0.0913542342108283,7.603586673736572
trajectory,activity/deployment/final/original_gnn/s7753,original_gnn,7753,44,880.0,0.2529657152411103,0.0919036440096743,0.0919036440096743,9.906698226928713
trajectory,activity/deployment/final/original_gnn/s7753,original_gnn,7753,45,900.0,0.2505475741539615,0.0923401781898442,0.0923401781898442,7.192037582397461
trajectory,activity/deployment/final/original_gnn/s7753,original_gnn,7753,46,920.0,0.2528214604254276,0.0913740615256293,0.0913740615256293,8.500810623168945
trajectory,activity/deployment/final/original_gnn/s7753,original_gnn,7753,47,940.0,0.2408485610017329,0.0909400434840728,0.0909400434840728,6.48927640914917
trajectory,activity/deployment/final/original_gnn/s7753,original_gnn,7753,48,960.0,0.2364780258763111,0.0924715316690764,0.0924715316690764,8.421770095825195
trajectory,activity/deployment/final/original_gnn/s7753,original_gnn,7753,49,980.0,0.234563187711574,0.0949402693224714,0.0949402693224714,8.297621726989746
trajectory,activity/deployment/final/original_gnn/s7753,original_gnn,7753,50,1000.0,0.2344637492803281,0.0948012536016745,0.0948012536016745,10.071630477905272
trajectory,activity/deployment/final/original_gnn/s7753,original_gnn,7753,51,1020.0,0.2228041209925537,0.0951411345169065,0.0951411345169065,8.484188079833984
trajectory,activity/deployment/final/original_gnn/s7753,original_gnn,7753,52,1040.0,0.2235246210272488,0.0901606872040417,0.0901606872040417,8.450316429138184
selected_checkpoint,activity/deployment/final/original_gnn/s7753,original_gnn,7753,2,,,0.063177552463033,,
trajectory,activity/deployment/final/original_gnn/s8867,original_gnn,8867,1,20.0,0.9705021801309228,0.0690115533113489,0.0690115533113489,7.961533546447754
trajectory,activity/deployment/final/original_gnn/s8867,original_gnn,8867,2,40.0,0.8758051461222818,0.0634830317091615,0.0634830317091615,5.733526706695557
trajectory,activity/deployment/final/original_gnn/s8867,original_gnn,8867,3,60.0,0.8001970414891898,0.0631791522366211,0.0631791522366211,9.308472633361816
trajectory,activity/deployment/final/original_gnn/s8867,original_gnn,8867,4,80.0,0.7236843575457905,0.0671678197260167,0.0671678197260167,7.596843719482422
trajectory,activity/deployment/final/original_gnn/s8867,original_gnn,8867,5,100.0,0.6834263461653063,0.0690160977163638,0.0690160977163638,10.192803382873535
trajectory,activity/deployment/final/original_gnn/s8867,original_gnn,8867,6,120.0,0.6353585608806565,0.0733929899626019,0.0733929899626019,7.566797256469727
trajectory,activity/deployment/final/original_gnn/s8867,original_gnn,8867,7,140.0,0.6290872366396182,0.0721026396473413,0.0721026396473413,10.998126029968262
trajectory,activity/deployment/final/original_gnn/s8867,original_gnn,8867,8,160.0,0.5912694642712333,0.0744715178631223,0.0744715178631223,10.322103500366213
trajectory,activity/deployment/final/original_gnn/s8867,original_gnn,8867,9,180.0,0.5888503332569829,0.0743784039838283,0.0743784039838283,12.889566421508787
trajectory,activity/deployment/final/original_gnn/s8867,original_gnn,8867,10,200.0,0.5532355056195338,0.0752245566036293,0.0752245566036293,8.2028226852417
trajectory,activity/deployment/final/original_gnn/s8867,original_gnn,8867,11,220.0,0.5332443181534814,0.0755029036884189,0.0755029036884189,7.448141574859619
trajectory,activity/deployment/final/original_gnn/s8867,original_gnn,8867,12,240.0,0.519843043624834,0.0762705877417413,0.0762705877417413,10.370298385620115
trajectory,activity/deployment/final/original_gnn/s8867,original_gnn,8867,13,260.0,0.5160321476821202,0.073945643549624,0.073945643549624,9.614887237548828
trajectory,activity/deployment/final/original_gnn/s8867,original_gnn,8867,14,280.0,0.5024533548035065,0.075257547717457,0.075257547717457,14.832189559936523
trajectory,activity/deployment/final/original_gnn/s8867,original_gnn,8867,15,300.0,0.4819945082293322,0.0755452248607713,0.0755452248607713,10.47419548034668
trajectory,activity/deployment/final/original_gnn/s8867,original_gnn,8867,16,320.0,0.4663678113906699,0.0761245372902077,0.0761245372902077,6.669209957122803
trajectory,activity/deployment/final/original_gnn/s8867,original_gnn,8867,17,340.0,0.4684793798576943,0.0779538700288198,0.0779538700288198,8.553460121154785
trajectory,activity/deployment/final/original_gnn/s8867,original_gnn,8867,18,360.0,0.4529999923242094,0.0753674326574437,0.0753674326574437,9.505345344543455
trajectory,activity/deployment/final/original_gnn/s8867,original_gnn,8867,19,380.0,0.4506505740077084,0.0752253881053595,0.0752253881053595,13.081548690795898
trajectory,activity/deployment/final/original_gnn/s8867,original_gnn,8867,20,400.0,0.4280464616060446,0.0774429307920567,0.0774429307920567,6.960116863250732
trajectory,activity/deployment/final/original_gnn/s8867,original_gnn,8867,21,420.0,0.4205127500465126,0.0773082109887469,0.0773082109887469,10.516942977905272
trajectory,activity/deployment/final/original_gnn/s8867,original_gnn,8867,22,440.0,0.4083723123817807,0.0772568780913105,0.0772568780913105,7.333365440368652
trajectory,activity/deployment/final/original_gnn/s8867,original_gnn,8867,23,460.0,0.4037786113117497,0.0763526982211628,0.0763526982211628,8.179275512695312
trajectory,activity/deployment/final/original_gnn/s8867,original_gnn,8867,24,480.0,0.386417730044902,0.0778001379652711,0.0778001379652711,8.094740867614746
trajectory,activity/deployment/final/original_gnn/s8867,original_gnn,8867,25,500.0,0.3990740986974396,0.0794386280805988,0.0794386280805988,14.337562561035156
trajectory,activity/deployment/final/original_gnn/s8867,original_gnn,8867,26,520.0,0.3826509079732433,0.0771716108868477,0.0771716108868477,12.473943710327148
trajectory,activity/deployment/final/original_gnn/s8867,original_gnn,8867,27,540.0,0.3771599792269509,0.083569017844467,0.083569017844467,12.040528297424316
trajectory,activity/deployment/final/original_gnn/s8867,original_gnn,8867,28,560.0,0.3888476239583907,0.0790551115673744,0.0790551115673744,11.97131633758545
trajectory,activity/deployment/final/original_gnn/s8867,original_gnn,8867,29,580.0,0.3677197431078783,0.0820171742530637,0.0820171742530637,6.799294471740723
trajectory,activity/deployment/final/original_gnn/s8867,original_gnn,8867,30,600.0,0.3516294077524029,0.0810604839246559,0.0810604839246559,7.324491500854492
trajectory,activity/deployment/final/original_gnn/s8867,original_gnn,8867,31,620.0,0.3521987624922094,0.0830982377725476,0.0830982377725476,6.692841529846191
trajectory,activity/deployment/final/original_gnn/s8867,original_gnn,8867,32,640.0,0.3487659314258218,0.0826419398261923,0.0826419398261923,9.34170150756836
trajectory,activity/deployment/final/original_gnn/s8867,original_gnn,8867,33,660.0,0.3454503825820562,0.0832731902394942,0.0832731902394942,9.748197555541992
trajectory,activity/deployment/final/original_gnn/s8867,original_gnn,8867,34,680.0,0.337068947134177,0.0840329616523153,0.0840329616523153,6.898277282714844
trajectory,activity/deployment/final/original_gnn/s8867,original_gnn,8867,35,700.0,0.3344592884289451,0.0853677745726782,0.0853677745726782,8.335991859436035
trajectory,activity/deployment/final/original_gnn/s8867,original_gnn,8867,36,720.0,0.3279124589975719,0.0834102886314139,0.0834102886314139,8.233800888061523
trajectory,activity/deployment/final/original_gnn/s8867,original_gnn,8867,37,740.0,0.3190707376166125,0.0830570741574795,0.0830570741574795,7.265588283538818
trajectory,activity/deployment/final/original_gnn/s8867,original_gnn,8867,38,760.0,0.3153917450721156,0.0853149781108887,0.0853149781108887,6.731076717376709
trajectory,activity/deployment/final/original_gnn/s8867,original_gnn,8867,39,780.0,0.3153830881720975,0.0833896168257961,0.0833896168257961,6.639272212982178
trajectory,activity/deployment/final/original_gnn/s8867,original_gnn,8867,40,800.0,0.3078133890300255,0.0868753213956362,0.0868753213956362,7.368966102600098
trajectory,activity/deployment/final/original_gnn/s8867,original_gnn,8867,41,820.0,0.3092900045671758,0.0853694117868878,0.0853694117868878,8.039068222045898
trajectory,activity/deployment/final/original_gnn/s8867,original_gnn,8867,42,840.0,0.2940691903150678,0.0873777213586515,0.0873777213586515,6.25951623916626
trajectory,activity/deployment/final/original_gnn/s8867,original_gnn,8867,43,860.0,0.2955986555130165,0.0870132943098476,0.0870132943098476,7.268523216247559
trajectory,activity/deployment/final/original_gnn/s8867,original_gnn,8867,44,880.0,0.284306864164669,0.0912711035509749,0.0912711035509749,12.280706405639648
trajectory,activity/deployment/final/original_gnn/s8867,original_gnn,8867,45,900.0,0.2824602800527198,0.087004300152988,0.087004300152988,5.423576354980469
trajectory,activity/deployment/final/original_gnn/s8867,original_gnn,8867,46,920.0,0.280326635426619,0.0898264846458061,0.0898264846458061,7.26570463180542
trajectory,activity/deployment/final/original_gnn/s8867,original_gnn,8867,47,940.0,0.2818126998622802,0.089850915942923,0.089850915942923,7.687171936035156
trajectory,activity/deployment/final/original_gnn/s8867,original_gnn,8867,48,960.0,0.2690665575603912,0.0895441589917791,0.0895441589917791,6.905994892120361
trajectory,activity/deployment/final/original_gnn/s8867,original_gnn,8867,49,980.0,0.279610982743211,0.0865452855949342,0.0865452855949342,9.305906295776367
trajectory,activity/deployment/final/original_gnn/s8867,original_gnn,8867,50,1000.0,0.2687910783494437,0.0870999018335338,0.0870999018335338,5.478328704833984
trajectory,activity/deployment/final/original_gnn/s8867,original_gnn,8867,51,1020.0,0.2599514915627842,0.0884260433213505,0.0884260433213505,7.574645042419434
trajectory,activity/deployment/final/original_gnn/s8867,original_gnn,8867,52,1040.0,0.2555878371876132,0.0913663676161493,0.0913663676161493,7.529046535491943
trajectory,activity/deployment/final/original_gnn/s8867,original_gnn,8867,53,1060.0,0.2589463379479667,0.0918139975378616,0.0918139975378616,9.391261100769045
selected_checkpoint,activity/deployment/final/original_gnn/s8867,original_gnn,8867,3,,,0.0631791522366211,,
trajectory,activity/deployment/final/original_gnn/s9973,original_gnn,9973,1,20.0,0.9807896838479804,0.0626192879303124,0.0626192879303124,8.393189430236816
trajectory,activity/deployment/final/original_gnn/s9973,original_gnn,9973,2,40.0,0.8808229942469487,0.0640057863510727,0.0640057863510727,4.791020393371582
trajectory,activity/deployment/final/original_gnn/s9973,original_gnn,9973,3,60.0,0.7938603438774303,0.0627735592205641,0.0627735592205641,9.213196754455566
trajectory,activity/deployment/final/original_gnn/s9973,original_gnn,9973,4,80.0,0.7305540513007578,0.064558138074157,0.064558138074157,10.079991340637209
trajectory,activity/deployment/final/original_gnn/s9973,original_gnn,9973,5,100.0,0.6692913614917692,0.0660236016844337,0.0660236016844337,5.751186847686768
trajectory,activity/deployment/final/original_gnn/s9973,original_gnn,9973,6,120.0,0.634943398669942,0.0668494930320978,0.0668494930320978,8.897494316101074
trajectory,activity/deployment/final/original_gnn/s9973,original_gnn,9973,7,140.0,0.606037861776314,0.067786975289846,0.067786975289846,6.387172698974609
trajectory,activity/deployment/final/original_gnn/s9973,original_gnn,9973,8,160.0,0.5856505585057665,0.0681424444200255,0.0681424444200255,9.366612434387209
trajectory,activity/deployment/final/original_gnn/s9973,original_gnn,9973,9,180.0,0.5466618075363213,0.0693042431382397,0.0693042431382397,9.399105072021484
trajectory,activity/deployment/final/original_gnn/s9973,original_gnn,9973,10,200.0,0.544250611088596,0.0706135285565288,0.0706135285565288,11.678216934204102
trajectory,activity/deployment/final/original_gnn/s9973,original_gnn,9973,11,220.0,0.5307367600269788,0.0687181396085947,0.0687181396085947,9.898409843444824
trajectory,activity/deployment/final/original_gnn/s9973,original_gnn,9973,12,240.0,0.5171597064062183,0.0699531121547486,0.0699531121547486,10.142367362976074
trajectory,activity/deployment/final/original_gnn/s9973,original_gnn,9973,13,260.0,0.5107079903884385,0.0695493468895298,0.0695493468895298,14.148641586303713
trajectory,activity/deployment/final/original_gnn/s9973,original_gnn,9973,14,280.0,0.4839037070679607,0.0710501266352627,0.0710501266352627,12.387628555297852
trajectory,activity/deployment/final/original_gnn/s9973,original_gnn,9973,15,300.0,0.4788131151434161,0.0697765422809053,0.0697765422809053,11.369626998901367
trajectory,activity/deployment/final/original_gnn/s9973,original_gnn,9973,16,320.0,0.4657354636074911,0.0716168797713515,0.0716168797713515,15.45516872406006
trajectory,activity/deployment/final/original_gnn/s9973,original_gnn,9973,17,340.0,0.4531118502637713,0.0704967487898246,0.0704967487898246,8.095206260681152
trajectory,activity/deployment/final/original_gnn/s9973,original_gnn,9973,18,360.0,0.4355471944695337,0.0712224569685891,0.0712224569685891,9.968409538269045
trajectory,activity/deployment/final/original_gnn/s9973,original_gnn,9973,19,380.0,0.4281954967947211,0.0711213463720656,0.0711213463720656,9.344317436218262
trajectory,activity/deployment/final/original_gnn/s9973,original_gnn,9973,20,400.0,0.4273922142289383,0.0725163808483914,0.0725163808483914,9.623411178588867
trajectory,activity/deployment/final/original_gnn/s9973,original_gnn,9973,21,420.0,0.414912011104505,0.0707293836258949,0.0707293836258949,8.773777961730957
trajectory,activity/deployment/final/original_gnn/s9973,original_gnn,9973,22,440.0,0.4119184579140994,0.0708921451001603,0.0708921451001603,7.632341384887695
trajectory,activity/deployment/final/original_gnn/s9973,original_gnn,9973,23,460.0,0.3874975174689122,0.0724642177369681,0.0724642177369681,8.015838623046875
trajectory,activity/deployment/final/original_gnn/s9973,original_gnn,9973,24,480.0,0.3824646947542952,0.072328290674992,0.072328290674992,9.603559494018556
trajectory,activity/deployment/final/original_gnn/s9973,original_gnn,9973,25,500.0,0.3766229937150423,0.071738926890135,0.071738926890135,9.602900505065918
trajectory,activity/deployment/final/original_gnn/s9973,original_gnn,9973,26,520.0,0.3695628333413667,0.0730310458240169,0.0730310458240169,10.685208320617676
trajectory,activity/deployment/final/original_gnn/s9973,original_gnn,9973,27,540.0,0.3557955946734825,0.0734910184030598,0.0734910184030598,8.473984718322754
trajectory,activity/deployment/final/original_gnn/s9973,original_gnn,9973,28,560.0,0.3482128110454611,0.0727573634470498,0.0727573634470498,7.931858062744141
trajectory,activity/deployment/final/original_gnn/s9973,original_gnn,9973,29,580.0,0.3504860491341688,0.0747884526272439,0.0747884526272439,14.102519989013672
trajectory,activity/deployment/final/original_gnn/s9973,original_gnn,9973,30,600.0,0.3528667768142449,0.0721243866811454,0.0721243866811454,8.611924171447754
trajectory,activity/deployment/final/original_gnn/s9973,original_gnn,9973,31,620.0,0.3405485133077532,0.0744422783991112,0.0744422783991112,10.035783767700195
trajectory,activity/deployment/final/original_gnn/s9973,original_gnn,9973,32,640.0,0.3336233841558597,0.0728002292417346,0.0728002292417346,12.84458351135254
trajectory,activity/deployment/final/original_gnn/s9973,original_gnn,9973,33,660.0,0.3221356863062755,0.0732532375305671,0.0732532375305671,7.718003749847412
trajectory,activity/deployment/final/original_gnn/s9973,original_gnn,9973,34,680.0,0.3200568212839798,0.072566518636957,0.072566518636957,9.661015510559082
trajectory,activity/deployment/final/original_gnn/s9973,original_gnn,9973,35,700.0,0.3168543645841342,0.0712862156192771,0.0712862156192771,9.59741497039795
trajectory,activity/deployment/final/original_gnn/s9973,original_gnn,9973,36,720.0,0.3050808743222352,0.0735298558209574,0.0735298558209574,7.145330429077148
trajectory,activity/deployment/final/original_gnn/s9973,original_gnn,9973,37,740.0,0.2991609440804285,0.0736438009491083,0.0736438009491083,7.356703281402588
trajectory,activity/deployment/final/original_gnn/s9973,original_gnn,9973,38,760.0,0.2939869650921431,0.075314610926554,0.075314610926554,10.85346508026123
trajectory,activity/deployment/final/original_gnn/s9973,original_gnn,9973,39,780.0,0.2934276757020624,0.0733977485792334,0.0733977485792334,11.276241302490234
trajectory,activity/deployment/final/original_gnn/s9973,original_gnn,9973,40,800.0,0.2860419303415501,0.0753277457487424,0.0753277457487424,8.11177921295166
trajectory,activity/deployment/final/original_gnn/s9973,original_gnn,9973,41,820.0,0.2861492098490334,0.0730048513480708,0.0730048513480708,9.550447463989258
trajectory,activity/deployment/final/original_gnn/s9973,original_gnn,9973,42,840.0,0.2722578620370936,0.0741678223843762,0.0741678223843762,7.660921573638916
trajectory,activity/deployment/final/original_gnn/s9973,original_gnn,9973,43,860.0,0.2752938657951695,0.0733152087760009,0.0733152087760009,7.90898323059082
trajectory,activity/deployment/final/original_gnn/s9973,original_gnn,9973,44,880.0,0.2749334497405386,0.0725651580547639,0.0725651580547639,9.14987087249756
trajectory,activity/deployment/final/original_gnn/s9973,original_gnn,9973,45,900.0,0.2665015104462742,0.0717464323400133,0.0717464323400133,5.355172157287598
trajectory,activity/deployment/final/original_gnn/s9973,original_gnn,9973,46,920.0,0.2604107748690439,0.0737879711372006,0.0737879711372006,8.23874568939209
trajectory,activity/deployment/final/original_gnn/s9973,original_gnn,9973,47,940.0,0.2604963712932762,0.0732462496354068,0.0732462496354068,8.350541114807129
trajectory,activity/deployment/final/original_gnn/s9973,original_gnn,9973,48,960.0,0.2555244707038612,0.0738904131593084,0.0738904131593084,10.559736251831056
trajectory,activity/deployment/final/original_gnn/s9973,original_gnn,9973,49,980.0,0.2607283084235369,0.0730876683274096,0.0730876683274096,15.855490684509276
trajectory,activity/deployment/final/original_gnn/s9973,original_gnn,9973,50,1000.0,0.244280150359921,0.0715791994763934,0.0715791994763934,6.905457973480225
trajectory,activity/deployment/final/original_gnn/s9973,original_gnn,9973,51,1020.0,0.2458395269818491,0.0742765870941845,0.0742765870941845,8.85218334197998
selected_checkpoint,activity/deployment/final/original_gnn/s9973,original_gnn,9973,1,,,0.0626192879303124,,
trajectory,activity/deployment/final/corrected_gnn/s11027,corrected_gnn,11027,1,20.0,0.9894911169627056,0.061202004547482,0.061202004547482,8.693259239196777
trajectory,activity/deployment/final/corrected_gnn/s11027,corrected_gnn,11027,2,40.0,0.8541266553642448,0.0642562659252595,0.0642562659252595,6.141135692596436
trajectory,activity/deployment/final/corrected_gnn/s11027,corrected_gnn,11027,3,60.0,0.7435908125353958,0.0674809603266791,0.0674809603266791,5.049001693725586
trajectory,activity/deployment/final/corrected_gnn/s11027,corrected_gnn,11027,4,80.0,0.6680587977052587,0.0723052658305918,0.0723052658305918,8.55922794342041
trajectory,activity/deployment/final/corrected_gnn/s11027,corrected_gnn,11027,5,100.0,0.6451366503054988,0.0717871140811559,0.0717871140811559,12.227883338928224
trajectory,activity/deployment/final/corrected_gnn/s11027,corrected_gnn,11027,6,120.0,0.6159251539171263,0.0754785342364795,0.0754785342364795,13.475993156433104
trajectory,activity/deployment/final/corrected_gnn/s11027,corrected_gnn,11027,7,140.0,0.5881174003632889,0.0758769400214792,0.0758769400214792,11.956761360168455
trajectory,activity/deployment/final/corrected_gnn/s11027,corrected_gnn,11027,8,160.0,0.5665640080846237,0.0742503308491688,0.0742503308491688,10.77682876586914
trajectory,activity/deployment/final/corrected_gnn/s11027,corrected_gnn,11027,9,180.0,0.5464266237992914,0.0757682807046696,0.0757682807046696,7.0596022605896
trajectory,activity/deployment/final/corrected_gnn/s11027,corrected_gnn,11027,10,200.0,0.5338762982957793,0.0785691049585338,0.0785691049585338,10.479828834533691
trajectory,activity/deployment/final/corrected_gnn/s11027,corrected_gnn,11027,11,220.0,0.5209157560153836,0.0800918733189084,0.0800918733189084,9.51369571685791
trajectory,activity/deployment/final/corrected_gnn/s11027,corrected_gnn,11027,12,240.0,0.4929806172516348,0.0798077908492294,0.0798077908492294,8.568534851074219
trajectory,activity/deployment/final/corrected_gnn/s11027,corrected_gnn,11027,13,260.0,0.4921396843396642,0.0779880140234875,0.0779880140234875,9.711030006408691
trajectory,activity/deployment/final/corrected_gnn/s11027,corrected_gnn,11027,14,280.0,0.4695925804430573,0.0780474515037394,0.0780474515037394,7.909759998321533
trajectory,activity/deployment/final/corrected_gnn/s11027,corrected_gnn,11027,15,300.0,0.4624489482856156,0.0787112261211689,0.0787112261211689,11.01718044281006
trajectory,activity/deployment/final/corrected_gnn/s11027,corrected_gnn,11027,16,320.0,0.4584297212321574,0.0822507626284559,0.0822507626284559,11.566765785217283
trajectory,activity/deployment/final/corrected_gnn/s11027,corrected_gnn,11027,17,340.0,0.4305039909834706,0.0809085498903585,0.0809085498903585,8.843745231628418
trajectory,activity/deployment/final/corrected_gnn/s11027,corrected_gnn,11027,18,360.0,0.4263614703020091,0.080139290543727,0.080139290543727,7.861392974853516
trajectory,activity/deployment/final/corrected_gnn/s11027,corrected_gnn,11027,19,380.0,0.4210884203931658,0.0811733079058429,0.0811733079058429,9.57817268371582
trajectory,activity/deployment/final/corrected_gnn/s11027,corrected_gnn,11027,20,400.0,0.4051498168512788,0.0812619543641855,0.0812619543641855,7.9129462242126465
trajectory,activity/deployment/final/corrected_gnn/s11027,corrected_gnn,11027,21,420.0,0.4007911351675832,0.0795321813590037,0.0795321813590037,11.814395904541016
trajectory,activity/deployment/final/corrected_gnn/s11027,corrected_gnn,11027,22,440.0,0.3929077523203479,0.081082686169811,0.081082686169811,10.215038299560549
trajectory,activity/deployment/final/corrected_gnn/s11027,corrected_gnn,11027,23,460.0,0.3843273126103747,0.0802930634179988,0.0802930634179988,8.075003623962402
trajectory,activity/deployment/final/corrected_gnn/s11027,corrected_gnn,11027,24,480.0,0.3813112433511553,0.0830753073585175,0.0830753073585175,12.478708267211914
trajectory,activity/deployment/final/corrected_gnn/s11027,corrected_gnn,11027,25,500.0,0.3656773315572473,0.0804104156572439,0.0804104156572439,7.263358116149902
trajectory,activity/deployment/final/corrected_gnn/s11027,corrected_gnn,11027,26,520.0,0.3703448780952132,0.0839014986783846,0.0839014986783846,6.959914207458496
trajectory,activity/deployment/final/corrected_gnn/s11027,corrected_gnn,11027,27,540.0,0.3612445967125457,0.0796387472358147,0.0796387472358147,8.297932624816895
trajectory,activity/deployment/final/corrected_gnn/s11027,corrected_gnn,11027,28,560.0,0.3551239861771642,0.0858282321166443,0.0858282321166443,12.721776962280272
trajectory,activity/deployment/final/corrected_gnn/s11027,corrected_gnn,11027,29,580.0,0.3379305084136102,0.0817125110038638,0.0817125110038638,9.519801139831545
trajectory,activity/deployment/final/corrected_gnn/s11027,corrected_gnn,11027,30,600.0,0.3410225867088869,0.0808953384117425,0.0808953384117425,7.083942890167236
trajectory,activity/deployment/final/corrected_gnn/s11027,corrected_gnn,11027,31,620.0,0.3320788750817039,0.0811061727337484,0.0811061727337484,9.3002290725708
trajectory,activity/deployment/final/corrected_gnn/s11027,corrected_gnn,11027,32,640.0,0.3291941764479691,0.0831793099957045,0.0831793099957045,7.452249526977539
trajectory,activity/deployment/final/corrected_gnn/s11027,corrected_gnn,11027,33,660.0,0.3173723436945293,0.0821895651813937,0.0821895651813937,9.961495399475098
trajectory,activity/deployment/final/corrected_gnn/s11027,corrected_gnn,11027,34,680.0,0.3129830476876002,0.0819142761313985,0.0819142761313985,8.970158576965332
trajectory,activity/deployment/final/corrected_gnn/s11027,corrected_gnn,11027,35,700.0,0.3083931339980119,0.0826282084513001,0.0826282084513001,9.286853790283203
trajectory,activity/deployment/final/corrected_gnn/s11027,corrected_gnn,11027,36,720.0,0.3014546974818795,0.0835946267970796,0.0835946267970796,10.618494033813477
trajectory,activity/deployment/final/corrected_gnn/s11027,corrected_gnn,11027,37,740.0,0.2976903321725968,0.0834610182322732,0.0834610182322732,5.825037002563477
trajectory,activity/deployment/final/corrected_gnn/s11027,corrected_gnn,11027,38,760.0,0.2926027196991339,0.0849469177647352,0.0849469177647352,10.264214515686035
trajectory,activity/deployment/final/corrected_gnn/s11027,corrected_gnn,11027,39,780.0,0.2960022554405158,0.0807824951793737,0.0807824951793737,12.624750137329102
trajectory,activity/deployment/final/corrected_gnn/s11027,corrected_gnn,11027,40,800.0,0.2849610074348541,0.0804791617151864,0.0804791617151864,8.64104175567627
trajectory,activity/deployment/final/corrected_gnn/s11027,corrected_gnn,11027,41,820.0,0.2787997901108267,0.0816289450362082,0.0816289450362082,6.376574993133545
trajectory,activity/deployment/final/corrected_gnn/s11027,corrected_gnn,11027,42,840.0,0.2744398761519939,0.0820430968330016,0.0820430968330016,9.848458290100098
trajectory,activity/deployment/final/corrected_gnn/s11027,corrected_gnn,11027,43,860.0,0.2691330462812525,0.0844357610325519,0.0844357610325519,6.865396976470947
trajectory,activity/deployment/final/corrected_gnn/s11027,corrected_gnn,11027,44,880.0,0.2579603248096062,0.0801101687345387,0.0801101687345387,7.814154148101807
trajectory,activity/deployment/final/corrected_gnn/s11027,corrected_gnn,11027,45,900.0,0.2647082926121091,0.0792335823225678,0.0792335823225678,6.720395565032959
trajectory,activity/deployment/final/corrected_gnn/s11027,corrected_gnn,11027,46,920.0,0.2553503752180846,0.0830042800780895,0.0830042800780895,9.86027717590332
trajectory,activity/deployment/final/corrected_gnn/s11027,corrected_gnn,11027,47,940.0,0.2557904235042211,0.07932604878531,0.07932604878531,8.860762596130371
trajectory,activity/deployment/final/corrected_gnn/s11027,corrected_gnn,11027,48,960.0,0.2515485115331539,0.0825966052669774,0.0825966052669774,9.397316932678224
trajectory,activity/deployment/final/corrected_gnn/s11027,corrected_gnn,11027,49,980.0,0.2429935106263452,0.0815150394762104,0.0815150394762104,9.674409866333008
trajectory,activity/deployment/final/corrected_gnn/s11027,corrected_gnn,11027,50,1000.0,0.2382526779761856,0.0790665156987935,0.0790665156987935,12.010147094726562
trajectory,activity/deployment/final/corrected_gnn/s11027,corrected_gnn,11027,51,1020.0,0.2385279595899241,0.0787261698956359,0.0787261698956359,12.793133735656738
selected_checkpoint,activity/deployment/final/corrected_gnn/s11027,corrected_gnn,11027,1,,,0.061202004547482,,
trajectory,activity/deployment/final/corrected_gnn/s1103,corrected_gnn,1103,1,20.0,0.9560269085162212,0.0663797411021732,0.0663797411021732,6.171350479125977
trajectory,activity/deployment/final/corrected_gnn/s1103,corrected_gnn,1103,2,40.0,0.8324538014823241,0.0646817475105557,0.0646817475105557,14.200389862060549
trajectory,activity/deployment/final/corrected_gnn/s1103,corrected_gnn,1103,3,60.0,0.7455200787287463,0.0670210727431225,0.0670210727431225,8.106038093566895
trajectory,activity/deployment/final/corrected_gnn/s1103,corrected_gnn,1103,4,80.0,0.6844926424874873,0.0689823565982259,0.0689823565982259,9.018976211547852
trajectory,activity/deployment/final/corrected_gnn/s1103,corrected_gnn,1103,5,100.0,0.6488295129313177,0.0712523212575315,0.0712523212575315,9.733838081359863
trajectory,activity/deployment/final/corrected_gnn/s1103,corrected_gnn,1103,6,120.0,0.6121597290039062,0.0726012648465447,0.0726012648465447,9.239081382751465
trajectory,activity/deployment/final/corrected_gnn/s1103,corrected_gnn,1103,7,140.0,0.5929088906649089,0.0727270874786424,0.0727270874786424,11.736658096313477
trajectory,activity/deployment/final/corrected_gnn/s1103,corrected_gnn,1103,8,160.0,0.5655068998965505,0.0758076270825729,0.0758076270825729,14.532519340515137
trajectory,activity/deployment/final/corrected_gnn/s1103,corrected_gnn,1103,9,180.0,0.5413244739234021,0.0728868907798516,0.0728868907798516,8.812393188476562
trajectory,activity/deployment/final/corrected_gnn/s1103,corrected_gnn,1103,10,200.0,0.521389041797238,0.0732731443483392,0.0732731443483392,8.123703956604004
trajectory,activity/deployment/final/corrected_gnn/s1103,corrected_gnn,1103,11,220.0,0.4961733360959008,0.075492519531156,0.075492519531156,10.193005561828612
trajectory,activity/deployment/final/corrected_gnn/s1103,corrected_gnn,1103,12,240.0,0.486220814388266,0.0742141551862135,0.0742141551862135,9.44588851928711
trajectory,activity/deployment/final/corrected_gnn/s1103,corrected_gnn,1103,13,260.0,0.4629535160668792,0.0742772447187554,0.0742772447187554,7.841188430786133
trajectory,activity/deployment/final/corrected_gnn/s1103,corrected_gnn,1103,14,280.0,0.4479594864809295,0.0736079351295318,0.0736079351295318,10.134124755859377
trajectory,activity/deployment/final/corrected_gnn/s1103,corrected_gnn,1103,15,300.0,0.438714103721455,0.0736029031817384,0.0736029031817384,10.816877365112305
trajectory,activity/deployment/final/corrected_gnn/s1103,corrected_gnn,1103,16,320.0,0.4220130042342367,0.0757233636607002,0.0757233636607002,7.7029852867126465
trajectory,activity/deployment/final/corrected_gnn/s1103,corrected_gnn,1103,17,340.0,0.4054486988507347,0.0764961193793095,0.0764961193793095,7.137754917144775
trajectory,activity/deployment/final/corrected_gnn/s1103,corrected_gnn,1103,18,360.0,0.4024495236735385,0.0747972769813869,0.0747972769813869,11.151630401611328
trajectory,activity/deployment/final/corrected_gnn/s1103,corrected_gnn,1103,19,380.0,0.3935513080255298,0.0755727716331258,0.0755727716331258,6.318066596984863
trajectory,activity/deployment/final/corrected_gnn/s1103,corrected_gnn,1103,20,400.0,0.383590019464114,0.0751735656798484,0.0751735656798484,14.501666069030762
trajectory,activity/deployment/final/corrected_gnn/s1103,corrected_gnn,1103,21,420.0,0.3747173331387938,0.0736213432725662,0.0736213432725662,10.166278839111328
trajectory,activity/deployment/final/corrected_gnn/s1103,corrected_gnn,1103,22,440.0,0.3628749214674955,0.0743575198186966,0.0743575198186966,9.04103183746338
trajectory,activity/deployment/final/corrected_gnn/s1103,corrected_gnn,1103,23,460.0,0.3602296011707345,0.0740852116387356,0.0740852116387356,9.738666534423828
trajectory,activity/deployment/final/corrected_gnn/s1103,corrected_gnn,1103,24,480.0,0.347624353348404,0.0759594466016421,0.0759594466016421,6.735838413238525
trajectory,activity/deployment/final/corrected_gnn/s1103,corrected_gnn,1103,25,500.0,0.3431580003004779,0.074638614093241,0.074638614093241,7.291356086730957
trajectory,activity/deployment/final/corrected_gnn/s1103,corrected_gnn,1103,26,520.0,0.3351590334422253,0.0738551624457148,0.0738551624457148,7.688978672027588
trajectory,activity/deployment/final/corrected_gnn/s1103,corrected_gnn,1103,27,540.0,0.3295226133560926,0.0767968072421544,0.0767968072421544,8.235945701599121
trajectory,activity/deployment/final/corrected_gnn/s1103,corrected_gnn,1103,28,560.0,0.3193252413778479,0.0752470005924278,0.0752470005924278,7.417842864990234
trajectory,activity/deployment/final/corrected_gnn/s1103,corrected_gnn,1103,29,580.0,0.3128057973691638,0.0779220942871782,0.0779220942871782,8.455751419067383
trajectory,activity/deployment/final/corrected_gnn/s1103,corrected_gnn,1103,30,600.0,0.3088921253363039,0.0765958050578337,0.0765958050578337,7.978959083557129
trajectory,activity/deployment/final/corrected_gnn/s1103,corrected_gnn,1103,31,620.0,0.3038337601021796,0.0748612234598054,0.0748612234598054,11.371773719787598
trajectory,activity/deployment/final/corrected_gnn/s1103,corrected_gnn,1103,32,640.0,0.2998730526072719,0.0760008795186415,0.0760008795186415,6.3969831466674805
trajectory,activity/deployment/final/corrected_gnn/s1103,corrected_gnn,1103,33,660.0,0.2924469156195191,0.0733189327982114,0.0733189327982114,8.562027931213379
trajectory,activity/deployment/final/corrected_gnn/s1103,corrected_gnn,1103,34,680.0,0.278482584583087,0.0746173849717634,0.0746173849717634,7.008433818817139
trajectory,activity/deployment/final/corrected_gnn/s1103,corrected_gnn,1103,35,700.0,0.2718235824295601,0.0754910122607748,0.0754910122607748,4.861573696136475
trajectory,activity/deployment/final/corrected_gnn/s1103,corrected_gnn,1103,36,720.0,0.2679517870743754,0.0759645176792617,0.0759645176792617,6.029301643371582
trajectory,activity/deployment/final/corrected_gnn/s1103,corrected_gnn,1103,37,740.0,0.2672643846609556,0.0756801868991515,0.0756801868991515,9.330111503601074
trajectory,activity/deployment/final/corrected_gnn/s1103,corrected_gnn,1103,38,760.0,0.254442170700258,0.0769896811971313,0.0769896811971313,8.256490707397461
trajectory,activity/deployment/final/corrected_gnn/s1103,corrected_gnn,1103,39,780.0,0.2537188131578201,0.075846772803762,0.075846772803762,5.979001998901367
trajectory,activity/deployment/final/corrected_gnn/s1103,corrected_gnn,1103,40,800.0,0.2521486450060669,0.0769218275280227,0.0769218275280227,7.263502597808838
trajectory,activity/deployment/final/corrected_gnn/s1103,corrected_gnn,1103,41,820.0,0.2621612715238233,0.0769795647796397,0.0769795647796397,11.658411979675291
trajectory,activity/deployment/final/corrected_gnn/s1103,corrected_gnn,1103,42,840.0,0.2492871548657951,0.0768472968771812,0.0768472968771812,7.35379695892334
trajectory,activity/deployment/final/corrected_gnn/s1103,corrected_gnn,1103,43,860.0,0.2370771787249919,0.0780742125637614,0.0780742125637614,8.324334144592285
trajectory,activity/deployment/final/corrected_gnn/s1103,corrected_gnn,1103,44,880.0,0.2408820241808039,0.0771397005302934,0.0771397005302934,7.525763034820557
trajectory,activity/deployment/final/corrected_gnn/s1103,corrected_gnn,1103,45,900.0,0.2364731424142672,0.0795442066945786,0.0795442066945786,8.073454856872559
trajectory,activity/deployment/final/corrected_gnn/s1103,corrected_gnn,1103,46,920.0,0.2328038910630205,0.0787777462619084,0.0787777462619084,11.053912162780762
trajectory,activity/deployment/final/corrected_gnn/s1103,corrected_gnn,1103,47,940.0,0.2196372824116677,0.0770586797336533,0.0770586797336533,6.099423885345459
trajectory,activity/deployment/final/corrected_gnn/s1103,corrected_gnn,1103,48,960.0,0.2245101260111576,0.0776369012823173,0.0776369012823173,7.160130023956299
trajectory,activity/deployment/final/corrected_gnn/s1103,corrected_gnn,1103,49,980.0,0.218197219706983,0.0755715733181474,0.0755715733181474,7.513638973236084
trajectory,activity/deployment/final/corrected_gnn/s1103,corrected_gnn,1103,50,1000.0,0.2131966414718612,0.078547003747234,0.078547003747234,6.259856224060059
trajectory,activity/deployment/final/corrected_gnn/s1103,corrected_gnn,1103,51,1020.0,0.2075318415738742,0.077995314636168,0.077995314636168,7.307985305786133
trajectory,activity/deployment/final/corrected_gnn/s1103,corrected_gnn,1103,52,1040.0,0.2042525701810671,0.0787528379473919,0.0787528379473919,5.928711414337158
selected_checkpoint,activity/deployment/final/corrected_gnn/s1103,corrected_gnn,1103,2,,,0.0646817475105557,,
trajectory,activity/deployment/final/corrected_gnn/s2207,corrected_gnn,2207,1,20.0,0.9649511603631132,0.066261645997279,0.066261645997279,7.858769416809082
trajectory,activity/deployment/final/corrected_gnn/s2207,corrected_gnn,2207,2,40.0,0.8673392421580005,0.0625362697571537,0.0625362697571537,7.101292610168457
trajectory,activity/deployment/final/corrected_gnn/s2207,corrected_gnn,2207,3,60.0,0.7809049129675455,0.0650137601165636,0.0650137601165636,8.584991455078125
trajectory,activity/deployment/final/corrected_gnn/s2207,corrected_gnn,2207,4,80.0,0.7259665381065714,0.0660394928825927,0.0660394928825927,11.334538459777832
trajectory,activity/deployment/final/corrected_gnn/s2207,corrected_gnn,2207,5,100.0,0.6701557159518514,0.0707200719223762,0.0707200719223762,7.118260860443115
trajectory,activity/deployment/final/corrected_gnn/s2207,corrected_gnn,2207,6,120.0,0.6377397115690733,0.0706474389281682,0.0706474389281682,9.306044578552246
trajectory,activity/deployment/final/corrected_gnn/s2207,corrected_gnn,2207,7,140.0,0.6070620048794129,0.0741245123794348,0.0741245123794348,10.914323806762695
trajectory,activity/deployment/final/corrected_gnn/s2207,corrected_gnn,2207,8,160.0,0.5775142466387548,0.0729300882501527,0.0729300882501527,13.508816719055176
trajectory,activity/deployment/final/corrected_gnn/s2207,corrected_gnn,2207,9,180.0,0.5554627616127111,0.0770432161781161,0.0770432161781161,12.147552490234377
trajectory,activity/deployment/final/corrected_gnn/s2207,corrected_gnn,2207,10,200.0,0.5475851627358186,0.0747950694776579,0.0747950694776579,13.825628280639648
trajectory,activity/deployment/final/corrected_gnn/s2207,corrected_gnn,2207,11,220.0,0.5251869061241271,0.0755572606286193,0.0755572606286193,11.282248497009276
trajectory,activity/deployment/final/corrected_gnn/s2207,corrected_gnn,2207,12,240.0,0.5058863184772094,0.077861726812311,0.077861726812311,6.85701847076416
trajectory,activity/deployment/final/corrected_gnn/s2207,corrected_gnn,2207,13,260.0,0.4883161233094498,0.0785494496598613,0.0785494496598613,10.46554470062256
trajectory,activity/deployment/final/corrected_gnn/s2207,corrected_gnn,2207,14,280.0,0.4708477136064276,0.0787618419164562,0.0787618419164562,6.9803314208984375
trajectory,activity/deployment/final/corrected_gnn/s2207,corrected_gnn,2207,15,300.0,0.4551385620977312,0.0785444713158428,0.0785444713158428,9.48048210144043
trajectory,activity/deployment/final/corrected_gnn/s2207,corrected_gnn,2207,16,320.0,0.4417604633841465,0.0808394229948962,0.0808394229948962,11.3120756149292
trajectory,activity/deployment/final/corrected_gnn/s2207,corrected_gnn,2207,17,340.0,0.4459634588482457,0.0815798509003667,0.0815798509003667,19.24148750305176
trajectory,activity/deployment/final/corrected_gnn/s2207,corrected_gnn,2207,18,360.0,0.426512242736468,0.0787300758114357,0.0787300758114357,13.06126594543457
trajectory,activity/deployment/final/corrected_gnn/s2207,corrected_gnn,2207,19,380.0,0.4110027990992624,0.0812734552071229,0.0812734552071229,11.262497901916504
trajectory,activity/deployment/final/corrected_gnn/s2207,corrected_gnn,2207,20,400.0,0.4218454221773943,0.0798453914170442,0.0798453914170442,11.225493431091309
trajectory,activity/deployment/final/corrected_gnn/s2207,corrected_gnn,2207,21,420.0,0.4066529340266803,0.0824921226597335,0.0824921226597335,8.680870056152344
trajectory,activity/deployment/final/corrected_gnn/s2207,corrected_gnn,2207,22,440.0,0.3940524854434682,0.0809518906218104,0.0809518906218104,9.780288696289062
trajectory,activity/deployment/final/corrected_gnn/s2207,corrected_gnn,2207,23,460.0,0.3837598242913095,0.0812537293985683,0.0812537293985683,9.050663948059082
trajectory,activity/deployment/final/corrected_gnn/s2207,corrected_gnn,2207,24,480.0,0.3822851221745122,0.0792021229907719,0.0792021229907719,13.524330139160156
trajectory,activity/deployment/final/corrected_gnn/s2207,corrected_gnn,2207,25,500.0,0.373090270282353,0.080483516991865,0.080483516991865,12.288722038269045
trajectory,activity/deployment/final/corrected_gnn/s2207,corrected_gnn,2207,26,520.0,0.3585412646447788,0.0825488764343413,0.0825488764343413,8.496092796325684
trajectory,activity/deployment/final/corrected_gnn/s2207,corrected_gnn,2207,27,540.0,0.3529763766656895,0.0825237182535693,0.0825237182535693,11.825085639953612
trajectory,activity/deployment/final/corrected_gnn/s2207,corrected_gnn,2207,28,560.0,0.3476706590559674,0.0827778073325346,0.0827778073325346,8.201520919799805
trajectory,activity/deployment/final/corrected_gnn/s2207,corrected_gnn,2207,29,580.0,0.3402816995540434,0.0819847081546991,0.0819847081546991,10.21389389038086
trajectory,activity/deployment/final/corrected_gnn/s2207,corrected_gnn,2207,30,600.0,0.3406177614301419,0.0815123604997709,0.0815123604997709,9.200180053710938
trajectory,activity/deployment/final/corrected_gnn/s2207,corrected_gnn,2207,31,620.0,0.3321540792656853,0.0809225942836095,0.0809225942836095,7.786744594573975
trajectory,activity/deployment/final/corrected_gnn/s2207,corrected_gnn,2207,32,640.0,0.3292045245055077,0.0817866356594194,0.0817866356594194,15.095916748046877
trajectory,activity/deployment/final/corrected_gnn/s2207,corrected_gnn,2207,33,660.0,0.3301855194322451,0.0813795769542539,0.0813795769542539,13.847028732299805
trajectory,activity/deployment/final/corrected_gnn/s2207,corrected_gnn,2207,34,680.0,0.3147000285535696,0.0824112396924371,0.0824112396924371,8.967516899108887
trajectory,activity/deployment/final/corrected_gnn/s2207,corrected_gnn,2207,35,700.0,0.3145562214118512,0.0808903870536054,0.0808903870536054,11.27591037750244
trajectory,activity/deployment/final/corrected_gnn/s2207,corrected_gnn,2207,36,720.0,0.3068225780491605,0.0809165455815169,0.0809165455815169,12.1752347946167
trajectory,activity/deployment/final/corrected_gnn/s2207,corrected_gnn,2207,37,740.0,0.3026689422613481,0.0835722657751003,0.0835722657751003,9.78642749786377
trajectory,activity/deployment/final/corrected_gnn/s2207,corrected_gnn,2207,38,760.0,0.2902585621079914,0.0810003036539004,0.0810003036539004,10.549057960510254
trajectory,activity/deployment/final/corrected_gnn/s2207,corrected_gnn,2207,39,780.0,0.2961615822540568,0.0800795341245235,0.0800795341245235,11.293614387512209
trajectory,activity/deployment/final/corrected_gnn/s2207,corrected_gnn,2207,40,800.0,0.2940466879046654,0.0802949108398833,0.0802949108398833,6.270815849304199
trajectory,activity/deployment/final/corrected_gnn/s2207,corrected_gnn,2207,41,820.0,0.2818501728739977,0.0818648962421755,0.0818648962421755,9.019484519958496
trajectory,activity/deployment/final/corrected_gnn/s2207,corrected_gnn,2207,42,840.0,0.280507402584797,0.0818730121541209,0.0818730121541209,10.344197273254396
trajectory,activity/deployment/final/corrected_gnn/s2207,corrected_gnn,2207,43,860.0,0.2740451233599089,0.0804912298889847,0.0804912298889847,6.066084861755371
trajectory,activity/deployment/final/corrected_gnn/s2207,corrected_gnn,2207,44,880.0,0.269033181918245,0.0796646294874411,0.0796646294874411,10.900091171264648
trajectory,activity/deployment/final/corrected_gnn/s2207,corrected_gnn,2207,45,900.0,0.2613218185492599,0.0843384537671949,0.0843384537671949,9.24975872039795
trajectory,activity/deployment/final/corrected_gnn/s2207,corrected_gnn,2207,46,920.0,0.2574193940525305,0.084556155419353,0.084556155419353,10.509462356567385
trajectory,activity/deployment/final/corrected_gnn/s2207,corrected_gnn,2207,47,940.0,0.2512639540471758,0.082025353899409,0.082025353899409,7.209693431854248
trajectory,activity/deployment/final/corrected_gnn/s2207,corrected_gnn,2207,48,960.0,0.2542450578796001,0.0839444084514704,0.0839444084514704,8.693132400512695
trajectory,activity/deployment/final/corrected_gnn/s2207,corrected_gnn,2207,49,980.0,0.2428402629421285,0.0808625432624414,0.0808625432624414,9.272384643554688
trajectory,activity/deployment/final/corrected_gnn/s2207,corrected_gnn,2207,50,1000.0,0.2437350573617376,0.0848390171372886,0.0848390171372886,8.988128662109375
trajectory,activity/deployment/final/corrected_gnn/s2207,corrected_gnn,2207,51,1020.0,0.2429583579704248,0.0827138241674752,0.0827138241674752,14.830330848693848
trajectory,activity/deployment/final/corrected_gnn/s2207,corrected_gnn,2207,52,1040.0,0.2339815318797485,0.0842437065863077,0.0842437065863077,9.213363647460938
selected_checkpoint,activity/deployment/final/corrected_gnn/s2207,corrected_gnn,2207,2,,,0.0625362697571537,,
trajectory,activity/deployment/final/corrected_gnn/s3301,corrected_gnn,3301,1,20.0,0.9341030294597858,0.0595799706209718,0.0595799706209718,4.806797981262207
trajectory,activity/deployment/final/corrected_gnn/s3301,corrected_gnn,3301,2,40.0,0.8055920991469604,0.0653602010258207,0.0653602010258207,7.747733116149902
trajectory,activity/deployment/final/corrected_gnn/s3301,corrected_gnn,3301,3,60.0,0.7252049579612786,0.0671042137175982,0.0671042137175982,7.640260219573975
trajectory,activity/deployment/final/corrected_gnn/s3301,corrected_gnn,3301,4,80.0,0.6922923081729789,0.0689464936211466,0.0689464936211466,11.450057983398438
trajectory,activity/deployment/final/corrected_gnn/s3301,corrected_gnn,3301,5,100.0,0.6643131965204683,0.071157122770077,0.071157122770077,10.930481910705566
trajectory,activity/deployment/final/corrected_gnn/s3301,corrected_gnn,3301,6,120.0,0.6259079937237989,0.0729313963351721,0.0729313963351721,6.826049327850342
trajectory,activity/deployment/final/corrected_gnn/s3301,corrected_gnn,3301,7,140.0,0.5841955855500612,0.0743022758666097,0.0743022758666097,6.690351486206055
trajectory,activity/deployment/final/corrected_gnn/s3301,corrected_gnn,3301,8,160.0,0.5698639527495841,0.0738301260265745,0.0738301260265745,7.29556131362915
trajectory,activity/deployment/final/corrected_gnn/s3301,corrected_gnn,3301,9,180.0,0.5587429692576669,0.0757562955853468,0.0757562955853468,12.857449531555176
trajectory,activity/deployment/final/corrected_gnn/s3301,corrected_gnn,3301,10,200.0,0.5330533689217875,0.077406626588672,0.077406626588672,13.357892036437988
trajectory,activity/deployment/final/corrected_gnn/s3301,corrected_gnn,3301,11,220.0,0.5308094251430442,0.0757264909872492,0.0757264909872492,8.81104850769043
trajectory,activity/deployment/final/corrected_gnn/s3301,corrected_gnn,3301,12,240.0,0.4995826389980846,0.0770326866095674,0.0770326866095674,11.400260925292969
trajectory,activity/deployment/final/corrected_gnn/s3301,corrected_gnn,3301,13,260.0,0.4920638968918037,0.0759323373746829,0.0759323373746829,10.222737312316896
trajectory,activity/deployment/final/corrected_gnn/s3301,corrected_gnn,3301,14,280.0,0.4865383049199465,0.0788965420295024,0.0788965420295024,10.682292938232422
trajectory,activity/deployment/final/corrected_gnn/s3301,corrected_gnn,3301,15,300.0,0.4776108298536517,0.0746922682068131,0.0746922682068131,15.06869888305664
trajectory,activity/deployment/final/corrected_gnn/s3301,corrected_gnn,3301,16,320.0,0.4643359495781072,0.0747149515948759,0.0747149515948759,7.171718597412109
trajectory,activity/deployment/final/corrected_gnn/s3301,corrected_gnn,3301,17,340.0,0.4505778810540488,0.0760583020310474,0.0760583020310474,7.918000221252441
trajectory,activity/deployment/final/corrected_gnn/s3301,corrected_gnn,3301,18,360.0,0.4377884933690972,0.0754524339190411,0.0754524339190411,9.477978706359863
trajectory,activity/deployment/final/corrected_gnn/s3301,corrected_gnn,3301,19,380.0,0.440616417158398,0.0766558220797714,0.0766558220797714,9.802639961242676
trajectory,activity/deployment/final/corrected_gnn/s3301,corrected_gnn,3301,20,400.0,0.4281255979448959,0.0737760906297314,0.0737760906297314,10.947100639343262
trajectory,activity/deployment/final/corrected_gnn/s3301,corrected_gnn,3301,21,420.0,0.4233676424284034,0.073522210816499,0.073522210816499,15.709076881408691
trajectory,activity/deployment/final/corrected_gnn/s3301,corrected_gnn,3301,22,440.0,0.4131645872253951,0.0747234677754607,0.0747234677754607,8.941149711608887
trajectory,activity/deployment/final/corrected_gnn/s3301,corrected_gnn,3301,23,460.0,0.3930487078130008,0.0741997045818069,0.0741997045818069,8.9915189743042
trajectory,activity/deployment/final/corrected_gnn/s3301,corrected_gnn,3301,24,480.0,0.3915871861579401,0.0752215923195671,0.0752215923195671,7.972086429595947
trajectory,activity/deployment/final/corrected_gnn/s3301,corrected_gnn,3301,25,500.0,0.4008369761814287,0.0736889959252523,0.0736889959252523,15.011863708496094
trajectory,activity/deployment/final/corrected_gnn/s3301,corrected_gnn,3301,26,520.0,0.3890009590611749,0.0735007298073515,0.0735007298073515,10.442743301391602
trajectory,activity/deployment/final/corrected_gnn/s3301,corrected_gnn,3301,27,540.0,0.3700160587989119,0.0737455053478155,0.0737455053478155,7.044373989105225
trajectory,activity/deployment/final/corrected_gnn/s3301,corrected_gnn,3301,28,560.0,0.3765251430327027,0.0722448306039376,0.0722448306039376,5.595757007598877
trajectory,activity/deployment/final/corrected_gnn/s3301,corrected_gnn,3301,29,580.0,0.3730696247767796,0.0719900421013851,0.0719900421013851,10.586779594421388
trajectory,activity/deployment/final/corrected_gnn/s3301,corrected_gnn,3301,30,600.0,0.3604430322897065,0.0733863511410047,0.0733863511410047,9.11594009399414
trajectory,activity/deployment/final/corrected_gnn/s3301,corrected_gnn,3301,31,620.0,0.3551656316442088,0.072156274783389,0.072156274783389,7.212792873382568
trajectory,activity/deployment/final/corrected_gnn/s3301,corrected_gnn,3301,32,640.0,0.3545869245616285,0.0710258605349248,0.0710258605349248,7.140119552612305
trajectory,activity/deployment/final/corrected_gnn/s3301,corrected_gnn,3301,33,660.0,0.3431795902721838,0.0719155800409667,0.0719155800409667,6.496996402740479
trajectory,activity/deployment/final/corrected_gnn/s3301,corrected_gnn,3301,34,680.0,0.3373762236359197,0.0711079907170188,0.0711079907170188,8.886612892150879
trajectory,activity/deployment/final/corrected_gnn/s3301,corrected_gnn,3301,35,700.0,0.3386130736544551,0.0715954082795141,0.0715954082795141,9.44552993774414
trajectory,activity/deployment/final/corrected_gnn/s3301,corrected_gnn,3301,36,720.0,0.3284609241557557,0.0697328383217441,0.0697328383217441,8.36767578125
trajectory,activity/deployment/final/corrected_gnn/s3301,corrected_gnn,3301,37,740.0,0.3215906786909172,0.0741879930823322,0.0741879930823322,8.315475463867188
trajectory,activity/deployment/final/corrected_gnn/s3301,corrected_gnn,3301,38,760.0,0.3216389515411295,0.0721863884878696,0.0721863884878696,10.184544563293455
trajectory,activity/deployment/final/corrected_gnn/s3301,corrected_gnn,3301,39,780.0,0.3079418149422425,0.0694185037240906,0.0694185037240906,9.347626686096191
trajectory,activity/deployment/final/corrected_gnn/s3301,corrected_gnn,3301,40,800.0,0.3189651987635966,0.0709665751193598,0.0709665751193598,9.72340202331543
trajectory,activity/deployment/final/corrected_gnn/s3301,corrected_gnn,3301,41,820.0,0.3060506005860965,0.0730010177341521,0.0730010177341521,6.418610572814941
trajectory,activity/deployment/final/corrected_gnn/s3301,corrected_gnn,3301,42,840.0,0.2953861909456154,0.0719275591140751,0.0719275591140751,6.423371315002441
trajectory,activity/deployment/final/corrected_gnn/s3301,corrected_gnn,3301,43,860.0,0.2916411751077893,0.0730987966385866,0.0730987966385866,8.030752182006836
trajectory,activity/deployment/final/corrected_gnn/s3301,corrected_gnn,3301,44,880.0,0.2906183815835675,0.0719085132740852,0.0719085132740852,8.101286888122559
trajectory,activity/deployment/final/corrected_gnn/s3301,corrected_gnn,3301,45,900.0,0.2872948433502597,0.0729753821168389,0.0729753821168389,8.273482322692871
trajectory,activity/deployment/final/corrected_gnn/s3301,corrected_gnn,3301,46,920.0,0.2796755217554268,0.0736638042680232,0.0736638042680232,7.013315677642822
trajectory,activity/deployment/final/corrected_gnn/s3301,corrected_gnn,3301,47,940.0,0.279648073887522,0.0712075852465862,0.0712075852465862,7.612652778625488
trajectory,activity/deployment/final/corrected_gnn/s3301,corrected_gnn,3301,48,960.0,0.265783786016196,0.0720058562801702,0.0720058562801702,4.654187679290772
trajectory,activity/deployment/final/corrected_gnn/s3301,corrected_gnn,3301,49,980.0,0.2688309349788381,0.0721890518837685,0.0721890518837685,11.018902778625488
trajectory,activity/deployment/final/corrected_gnn/s3301,corrected_gnn,3301,50,1000.0,0.2665286298021615,0.0717940184659799,0.0717940184659799,10.901285171508787
trajectory,activity/deployment/final/corrected_gnn/s3301,corrected_gnn,3301,51,1020.0,0.2577406099928666,0.0733548763726808,0.0733548763726808,11.405596733093262
selected_checkpoint,activity/deployment/final/corrected_gnn/s3301,corrected_gnn,3301,1,,,0.0595799706209718,,
trajectory,activity/deployment/final/corrected_gnn/s4409,corrected_gnn,4409,1,20.0,0.9646113572185052,0.0590035519970964,0.0590035519970964,8.770700454711914
trajectory,activity/deployment/final/corrected_gnn/s4409,corrected_gnn,4409,2,40.0,0.8189033292606769,0.0597131404470504,0.0597131404470504,8.959944725036621
trajectory,activity/deployment/final/corrected_gnn/s4409,corrected_gnn,4409,3,60.0,0.7187844491175378,0.0650305835958145,0.0650305835958145,10.803611755371094
trajectory,activity/deployment/final/corrected_gnn/s4409,corrected_gnn,4409,4,80.0,0.6615967043720606,0.066090283877425,0.066090283877425,9.35513973236084
trajectory,activity/deployment/final/corrected_gnn/s4409,corrected_gnn,4409,5,100.0,0.6111916555025163,0.0680843480809836,0.0680843480809836,6.189871788024902
trajectory,activity/deployment/final/corrected_gnn/s4409,corrected_gnn,4409,6,120.0,0.5829091930408341,0.070678450229274,0.070678450229274,11.375439643859863
trajectory,activity/deployment/final/corrected_gnn/s4409,corrected_gnn,4409,7,140.0,0.554579317143647,0.0714284988141429,0.0714284988141429,7.333017826080322
trajectory,activity/deployment/final/corrected_gnn/s4409,corrected_gnn,4409,8,160.0,0.5370043247725114,0.0722842959639444,0.0722842959639444,11.700900077819824
trajectory,activity/deployment/final/corrected_gnn/s4409,corrected_gnn,4409,9,180.0,0.5236593501448537,0.0728243352875191,0.0728243352875191,10.57931137084961
trajectory,activity/deployment/final/corrected_gnn/s4409,corrected_gnn,4409,10,200.0,0.5023099358968076,0.0717784603405425,0.0717784603405425,8.428664207458496
trajectory,activity/deployment/final/corrected_gnn/s4409,corrected_gnn,4409,11,220.0,0.484295983414881,0.0718362267557449,0.0718362267557449,8.32164478302002
trajectory,activity/deployment/final/corrected_gnn/s4409,corrected_gnn,4409,12,240.0,0.4711997767731346,0.0721104293335551,0.0721104293335551,7.901417255401611
trajectory,activity/deployment/final/corrected_gnn/s4409,corrected_gnn,4409,13,260.0,0.4601233699333109,0.0730804010319697,0.0730804010319697,6.017552852630615
trajectory,activity/deployment/final/corrected_gnn/s4409,corrected_gnn,4409,14,280.0,0.4374963311187041,0.074093374862419,0.074093374862419,9.305892944335938
trajectory,activity/deployment/final/corrected_gnn/s4409,corrected_gnn,4409,15,300.0,0.4294206045325357,0.0730747457118133,0.0730747457118133,8.20054817199707
trajectory,activity/deployment/final/corrected_gnn/s4409,corrected_gnn,4409,16,320.0,0.4185969159184608,0.0743118577331259,0.0743118577331259,8.470657348632812
trajectory,activity/deployment/final/corrected_gnn/s4409,corrected_gnn,4409,17,340.0,0.4147295049725306,0.0742735550255527,0.0742735550255527,9.23607349395752
trajectory,activity/deployment/final/corrected_gnn/s4409,corrected_gnn,4409,18,360.0,0.4016893960541444,0.0731227657750091,0.0731227657750091,7.171402454376221
trajectory,activity/deployment/final/corrected_gnn/s4409,corrected_gnn,4409,19,380.0,0.3818037631115902,0.0751536050014554,0.0751536050014554,5.795612812042236
trajectory,activity/deployment/final/corrected_gnn/s4409,corrected_gnn,4409,20,400.0,0.3819812443684357,0.0749315092986206,0.0749315092986206,10.495532035827637
trajectory,activity/deployment/final/corrected_gnn/s4409,corrected_gnn,4409,21,420.0,0.3802676140504569,0.0737786339882114,0.0737786339882114,12.951194763183594
trajectory,activity/deployment/final/corrected_gnn/s4409,corrected_gnn,4409,22,440.0,0.3673433249814819,0.076187091333182,0.076187091333182,10.935672760009766
trajectory,activity/deployment/final/corrected_gnn/s4409,corrected_gnn,4409,23,460.0,0.361766838880642,0.0755539825163572,0.0755539825163572,13.639941215515137
trajectory,activity/deployment/final/corrected_gnn/s4409,corrected_gnn,4409,24,480.0,0.3563594132827519,0.0744489272053988,0.0744489272053988,5.977437496185303
trajectory,activity/deployment/final/corrected_gnn/s4409,corrected_gnn,4409,25,500.0,0.3573461583533677,0.0756335759654788,0.0756335759654788,10.510889053344728
trajectory,activity/deployment/final/corrected_gnn/s4409,corrected_gnn,4409,26,520.0,0.3376665562983066,0.0748391001841828,0.0748391001841828,9.375450134277344
trajectory,activity/deployment/final/corrected_gnn/s4409,corrected_gnn,4409,27,540.0,0.3398895892148173,0.0728565127622929,0.0728565127622929,8.668572425842285
trajectory,activity/deployment/final/corrected_gnn/s4409,corrected_gnn,4409,28,560.0,0.3362160769362976,0.073737088030639,0.073737088030639,8.395980834960938
trajectory,activity/deployment/final/corrected_gnn/s4409,corrected_gnn,4409,29,580.0,0.3287495300588009,0.0735955821792491,0.0735955821792491,8.054619789123535
trajectory,activity/deployment/final/corrected_gnn/s4409,corrected_gnn,4409,30,600.0,0.3178315691951724,0.0744485254194766,0.0744485254194766,7.84345006942749
trajectory,activity/deployment/final/corrected_gnn/s4409,corrected_gnn,4409,31,620.0,0.3123280299240109,0.0754810881962886,0.0754810881962886,7.744174003601074
trajectory,activity/deployment/final/corrected_gnn/s4409,corrected_gnn,4409,32,640.0,0.310023756468457,0.075144168567557,0.075144168567557,7.310062408447266
trajectory,activity/deployment/final/corrected_gnn/s4409,corrected_gnn,4409,33,660.0,0.3042396649043649,0.074343464077116,0.074343464077116,9.459307670593262
trajectory,activity/deployment/final/corrected_gnn/s4409,corrected_gnn,4409,34,680.0,0.2981553186823017,0.0773139835733947,0.0773139835733947,7.6812849044799805
trajectory,activity/deployment/final/corrected_gnn/s4409,corrected_gnn,4409,35,700.0,0.2872889840692826,0.0759123704549115,0.0759123704549115,6.434115886688232
trajectory,activity/deployment/final/corrected_gnn/s4409,corrected_gnn,4409,36,720.0,0.290984353913117,0.0738031178962025,0.0738031178962025,14.872116088867188
trajectory,activity/deployment/final/corrected_gnn/s4409,corrected_gnn,4409,37,740.0,0.2772190200610233,0.0757885320859894,0.0757885320859894,8.843871116638184
trajectory,activity/deployment/final/corrected_gnn/s4409,corrected_gnn,4409,38,760.0,0.2777448437036835,0.0740310849037417,0.0740310849037417,6.360719203948975
trajectory,activity/deployment/final/corrected_gnn/s4409,corrected_gnn,4409,39,780.0,0.2685679499595481,0.0758361144700606,0.0758361144700606,9.261738777160645
trajectory,activity/deployment/final/corrected_gnn/s4409,corrected_gnn,4409,40,800.0,0.2673595705682839,0.0760378340458605,0.0760378340458605,8.245783805847168
trajectory,activity/deployment/final/corrected_gnn/s4409,corrected_gnn,4409,41,820.0,0.2630757167047693,0.0744459612184978,0.0744459612184978,7.629311084747314
trajectory,activity/deployment/final/corrected_gnn/s4409,corrected_gnn,4409,42,840.0,0.260662933230116,0.0742563712102905,0.0742563712102905,9.244629859924316
trajectory,activity/deployment/final/corrected_gnn/s4409,corrected_gnn,4409,43,860.0,0.2513837711597076,0.0762753378039571,0.0762753378039571,11.379483222961426
trajectory,activity/deployment/final/corrected_gnn/s4409,corrected_gnn,4409,44,880.0,0.2490807561717211,0.0746662240612242,0.0746662240612242,10.692105293273926
trajectory,activity/deployment/final/corrected_gnn/s4409,corrected_gnn,4409,45,900.0,0.2396575737510814,0.0779696947414707,0.0779696947414707,5.933243274688721
trajectory,activity/deployment/final/corrected_gnn/s4409,corrected_gnn,4409,46,920.0,0.2408866464760305,0.0740036713531039,0.0740036713531039,6.829977989196777
trajectory,activity/deployment/final/corrected_gnn/s4409,corrected_gnn,4409,47,940.0,0.2376432904560855,0.0762864164408785,0.0762864164408785,6.658804893493652
trajectory,activity/deployment/final/corrected_gnn/s4409,corrected_gnn,4409,48,960.0,0.2369849952181906,0.0782830823588697,0.0782830823588697,11.86376953125
trajectory,activity/deployment/final/corrected_gnn/s4409,corrected_gnn,4409,49,980.0,0.2343812430065903,0.075536896330388,0.075536896330388,9.642857551574709
trajectory,activity/deployment/final/corrected_gnn/s4409,corrected_gnn,4409,50,1000.0,0.225969341241054,0.0758730373837566,0.0758730373837566,7.450849533081055
trajectory,activity/deployment/final/corrected_gnn/s4409,corrected_gnn,4409,51,1020.0,0.2291652686047686,0.0769554639643137,0.0769554639643137,8.40063190460205
selected_checkpoint,activity/deployment/final/corrected_gnn/s4409,corrected_gnn,4409,1,,,0.0590035519970964,,
trajectory,activity/deployment/final/corrected_gnn/s5519,corrected_gnn,5519,1,20.0,0.9512204569990054,0.0627712243019797,0.0627712243019797,8.81364631652832
trajectory,activity/deployment/final/corrected_gnn/s5519,corrected_gnn,5519,2,40.0,0.8335161921142868,0.0616294560151709,0.0616294560151709,8.749571800231934
trajectory,activity/deployment/final/corrected_gnn/s5519,corrected_gnn,5519,3,60.0,0.7580429785681491,0.0710355346069745,0.0710355346069745,8.330734252929688
trajectory,activity/deployment/final/corrected_gnn/s5519,corrected_gnn,5519,4,80.0,0.7135077815760309,0.0666195913303883,0.0666195913303883,13.143227577209473
trajectory,activity/deployment/final/corrected_gnn/s5519,corrected_gnn,5519,5,100.0,0.6808552328701337,0.0677319566077721,0.0677319566077721,8.098319053649902
trajectory,activity/deployment/final/corrected_gnn/s5519,corrected_gnn,5519,6,120.0,0.6514840259070999,0.0706813738868747,0.0706813738868747,8.20492935180664
trajectory,activity/deployment/final/corrected_gnn/s5519,corrected_gnn,5519,7,140.0,0.6205436113905206,0.0709206737244655,0.0709206737244655,12.642688751220703
trajectory,activity/deployment/final/corrected_gnn/s5519,corrected_gnn,5519,8,160.0,0.5981231765485738,0.0730050760537339,0.0730050760537339,8.362100601196289
trajectory,activity/deployment/final/corrected_gnn/s5519,corrected_gnn,5519,9,180.0,0.5756806227496165,0.0726372081594163,0.0726372081594163,8.461383819580078
trajectory,activity/deployment/final/corrected_gnn/s5519,corrected_gnn,5519,10,200.0,0.5520462698648618,0.0741513652888853,0.0741513652888853,6.594761848449707
trajectory,activity/deployment/final/corrected_gnn/s5519,corrected_gnn,5519,11,220.0,0.5322897266640939,0.0750171234520662,0.0750171234520662,7.872949600219727
trajectory,activity/deployment/final/corrected_gnn/s5519,corrected_gnn,5519,12,240.0,0.5386313643126,0.0743299942908505,0.0743299942908505,16.31974983215332
trajectory,activity/deployment/final/corrected_gnn/s5519,corrected_gnn,5519,13,260.0,0.5078395165272229,0.0738304353786984,0.0738304353786984,9.7269926071167
trajectory,activity/deployment/final/corrected_gnn/s5519,corrected_gnn,5519,14,280.0,0.4893831141512009,0.0761529058402162,0.0761529058402162,7.660768985748291
trajectory,activity/deployment/final/corrected_gnn/s5519,corrected_gnn,5519,15,300.0,0.4671472127803078,0.0791023406056901,0.0791023406056901,7.262557029724121
trajectory,activity/deployment/final/corrected_gnn/s5519,corrected_gnn,5519,16,320.0,0.4599890007539057,0.0781689655178146,0.0781689655178146,11.972200393676758
trajectory,activity/deployment/final/corrected_gnn/s5519,corrected_gnn,5519,17,340.0,0.4618276027907825,0.0769099395790281,0.0769099395790281,13.646161079406738
trajectory,activity/deployment/final/corrected_gnn/s5519,corrected_gnn,5519,18,360.0,0.4421405454208398,0.0759175461653115,0.0759175461653115,8.994550704956055
trajectory,activity/deployment/final/corrected_gnn/s5519,corrected_gnn,5519,19,380.0,0.4190916236522559,0.0778102505178442,0.0778102505178442,7.1453962326049805
trajectory,activity/deployment/final/corrected_gnn/s5519,corrected_gnn,5519,20,400.0,0.4091346599072857,0.0776900507438179,0.0776900507438179,6.081699848175049
trajectory,activity/deployment/final/corrected_gnn/s5519,corrected_gnn,5519,21,420.0,0.3998338400702139,0.0781683712444451,0.0781683712444451,8.38959789276123
trajectory,activity/deployment/final/corrected_gnn/s5519,corrected_gnn,5519,22,440.0,0.4039436293746669,0.0771350198429366,0.0771350198429366,10.98652458190918
trajectory,activity/deployment/final/corrected_gnn/s5519,corrected_gnn,5519,23,460.0,0.3906268682434409,0.0791910975553749,0.0791910975553749,8.503087043762207
trajectory,activity/deployment/final/corrected_gnn/s5519,corrected_gnn,5519,24,480.0,0.3763945840529926,0.0773795825899241,0.0773795825899241,8.883991241455078
trajectory,activity/deployment/final/corrected_gnn/s5519,corrected_gnn,5519,25,500.0,0.3763118804542671,0.0783002194851661,0.0783002194851661,12.254688262939451
trajectory,activity/deployment/final/corrected_gnn/s5519,corrected_gnn,5519,26,520.0,0.3783122797728153,0.0784506509887979,0.0784506509887979,11.93445873260498
trajectory,activity/deployment/final/corrected_gnn/s5519,corrected_gnn,5519,27,540.0,0.3674696307744745,0.0760850386186942,0.0760850386186942,13.040705680847168
trajectory,activity/deployment/final/corrected_gnn/s5519,corrected_gnn,5519,28,560.0,0.3707122595135989,0.0817395163363665,0.0817395163363665,16.236061096191406
trajectory,activity/deployment/final/corrected_gnn/s5519,corrected_gnn,5519,29,580.0,0.3671481335702825,0.0783478686482329,0.0783478686482329,19.447105407714844
trajectory,activity/deployment/final/corrected_gnn/s5519,corrected_gnn,5519,30,600.0,0.3488511457814405,0.0767476698613849,0.0767476698613849,8.04974365234375
trajectory,activity/deployment/final/corrected_gnn/s5519,corrected_gnn,5519,31,620.0,0.3382459055037608,0.0807083731846809,0.0807083731846809,12.677586555480955
trajectory,activity/deployment/final/corrected_gnn/s5519,corrected_gnn,5519,32,640.0,0.3311102555752558,0.0780004706283676,0.0780004706283676,7.607950687408447
trajectory,activity/deployment/final/corrected_gnn/s5519,corrected_gnn,5519,33,660.0,0.3391608687456493,0.07662230370546,0.07662230370546,12.281678199768066
trajectory,activity/deployment/final/corrected_gnn/s5519,corrected_gnn,5519,34,680.0,0.3268797103851157,0.0782692964127686,0.0782692964127686,13.250542640686035
trajectory,activity/deployment/final/corrected_gnn/s5519,corrected_gnn,5519,35,700.0,0.3160556416553197,0.0805009355704508,0.0805009355704508,8.935430526733398
trajectory,activity/deployment/final/corrected_gnn/s5519,corrected_gnn,5519,36,720.0,0.3115171856402972,0.0777379154472346,0.0777379154472346,7.320864200592041
trajectory,activity/deployment/final/corrected_gnn/s5519,corrected_gnn,5519,37,740.0,0.3102699504711024,0.0791484762959039,0.0791484762959039,9.026405334472656
trajectory,activity/deployment/final/corrected_gnn/s5519,corrected_gnn,5519,38,760.0,0.2996790882279894,0.0813098625501052,0.0813098625501052,10.519452095031738
trajectory,activity/deployment/final/corrected_gnn/s5519,corrected_gnn,5519,39,780.0,0.2961751457430996,0.0813701730482376,0.0813701730482376,11.531801223754885
trajectory,activity/deployment/final/corrected_gnn/s5519,corrected_gnn,5519,40,800.0,0.286978973198543,0.0799928313165174,0.0799928313165174,9.312418937683104
trajectory,activity/deployment/final/corrected_gnn/s5519,corrected_gnn,5519,41,820.0,0.2850962252111261,0.0817864032237162,0.0817864032237162,7.109212875366211
trajectory,activity/deployment/final/corrected_gnn/s5519,corrected_gnn,5519,42,840.0,0.2836392888528568,0.0818221996838518,0.0818221996838518,8.228511810302734
trajectory,activity/deployment/final/corrected_gnn/s5519,corrected_gnn,5519,43,860.0,0.2764191012755569,0.0825475274678008,0.0825475274678008,6.483970642089844
trajectory,activity/deployment/final/corrected_gnn/s5519,corrected_gnn,5519,44,880.0,0.2681871505603608,0.0808462678429426,0.0808462678429426,6.584530830383301
trajectory,activity/deployment/final/corrected_gnn/s5519,corrected_gnn,5519,45,900.0,0.2668667508317328,0.0829076086236526,0.0829076086236526,9.307233810424805
trajectory,activity/deployment/final/corrected_gnn/s5519,corrected_gnn,5519,46,920.0,0.2694604307815515,0.0838771269454211,0.0838771269454211,9.54507827758789
trajectory,activity/deployment/final/corrected_gnn/s5519,corrected_gnn,5519,47,940.0,0.2588497654988332,0.0830363213008696,0.0830363213008696,8.506357192993164
trajectory,activity/deployment/final/corrected_gnn/s5519,corrected_gnn,5519,48,960.0,0.2537434813259517,0.0820812821834172,0.0820812821834172,6.252882480621338
trajectory,activity/deployment/final/corrected_gnn/s5519,corrected_gnn,5519,49,980.0,0.2526387887591876,0.0824971966664254,0.0824971966664254,9.740253448486328
trajectory,activity/deployment/final/corrected_gnn/s5519,corrected_gnn,5519,50,1000.0,0.2496365308761596,0.0833171274426299,0.0833171274426299,10.462294578552246
trajectory,activity/deployment/final/corrected_gnn/s5519,corrected_gnn,5519,51,1020.0,0.2450730855783079,0.0837100885064319,0.0837100885064319,5.708521366119385
trajectory,activity/deployment/final/corrected_gnn/s5519,corrected_gnn,5519,52,1040.0,0.236199318474962,0.0855212046660938,0.0855212046660938,12.119478225708008
selected_checkpoint,activity/deployment/final/corrected_gnn/s5519,corrected_gnn,5519,2,,,0.0616294560151709,,
trajectory,activity/deployment/final/corrected_gnn/s6637,corrected_gnn,6637,1,20.0,0.980341507244716,0.0618048169789931,0.0618048169789931,10.174029350280762
trajectory,activity/deployment/final/corrected_gnn/s6637,corrected_gnn,6637,2,40.0,0.8952368013057754,0.0624313899849106,0.0624313899849106,10.35620403289795
trajectory,activity/deployment/final/corrected_gnn/s6637,corrected_gnn,6637,3,60.0,0.8069997094660358,0.0594850023862913,0.0594850023862913,9.457609176635742
trajectory,activity/deployment/final/corrected_gnn/s6637,corrected_gnn,6637,4,80.0,0.7365964119921041,0.0610967435170183,0.0610967435170183,11.082269668579102
trajectory,activity/deployment/final/corrected_gnn/s6637,corrected_gnn,6637,5,100.0,0.680937196358127,0.0643332763323696,0.0643332763323696,11.12971019744873
trajectory,activity/deployment/final/corrected_gnn/s6637,corrected_gnn,6637,6,120.0,0.6464964915496002,0.0661969520102962,0.0661969520102962,14.03791332244873
trajectory,activity/deployment/final/corrected_gnn/s6637,corrected_gnn,6637,7,140.0,0.6197085702012133,0.0661653970256702,0.0661653970256702,8.718916893005371
trajectory,activity/deployment/final/corrected_gnn/s6637,corrected_gnn,6637,8,160.0,0.5998490534196116,0.0696465481251683,0.0696465481251683,17.478134155273438
trajectory,activity/deployment/final/corrected_gnn/s6637,corrected_gnn,6637,9,180.0,0.5767743289233959,0.0706021957766664,0.0706021957766664,13.27434539794922
trajectory,activity/deployment/final/corrected_gnn/s6637,corrected_gnn,6637,10,200.0,0.5671987981195957,0.0726298161050799,0.0726298161050799,12.502132415771484
trajectory,activity/deployment/final/corrected_gnn/s6637,corrected_gnn,6637,11,220.0,0.5517313130986984,0.0733327270822451,0.0733327270822451,18.92804718017578
trajectory,activity/deployment/final/corrected_gnn/s6637,corrected_gnn,6637,12,240.0,0.5306248237350045,0.0740513654115034,0.0740513654115034,14.412074089050291
trajectory,activity/deployment/final/corrected_gnn/s6637,corrected_gnn,6637,13,260.0,0.510934033783965,0.0751792043101243,0.0751792043101243,15.259276390075684
trajectory,activity/deployment/final/corrected_gnn/s6637,corrected_gnn,6637,14,280.0,0.4974811610198381,0.0782488158329539,0.0782488158329539,11.502140045166016
trajectory,activity/deployment/final/corrected_gnn/s6637,corrected_gnn,6637,15,300.0,0.4870953403170663,0.0804284264771644,0.0804284264771644,14.694673538208008
trajectory,activity/deployment/final/corrected_gnn/s6637,corrected_gnn,6637,16,320.0,0.480629243009899,0.079039037931057,0.079039037931057,13.744243621826172
trajectory,activity/deployment/final/corrected_gnn/s6637,corrected_gnn,6637,17,340.0,0.4709082425492826,0.0775821772816738,0.0775821772816738,17.090438842773438
trajectory,activity/deployment/final/corrected_gnn/s6637,corrected_gnn,6637,18,360.0,0.4582448948982502,0.0795696398152073,0.0795696398152073,9.768218040466309
trajectory,activity/deployment/final/corrected_gnn/s6637,corrected_gnn,6637,19,380.0,0.4552447880138188,0.0804289478716991,0.0804289478716991,12.935386657714844
trajectory,activity/deployment/final/corrected_gnn/s6637,corrected_gnn,6637,20,400.0,0.4348970960538665,0.0793571975471084,0.0793571975471084,8.486513137817383
trajectory,activity/deployment/final/corrected_gnn/s6637,corrected_gnn,6637,21,420.0,0.4238092958501069,0.0807845261174129,0.0807845261174129,10.207442283630373
trajectory,activity/deployment/final/corrected_gnn/s6637,corrected_gnn,6637,22,440.0,0.4171807918167947,0.081675393638995,0.081675393638995,11.437101364135742
trajectory,activity/deployment/final/corrected_gnn/s6637,corrected_gnn,6637,23,460.0,0.3965167818181187,0.0829596750246751,0.0829596750246751,8.987116813659668
trajectory,activity/deployment/final/corrected_gnn/s6637,corrected_gnn,6637,24,480.0,0.3990074901044889,0.0836824874831968,0.0836824874831968,11.085711479187012
trajectory,activity/deployment/final/corrected_gnn/s6637,corrected_gnn,6637,25,500.0,0.402916762424519,0.0805558196337352,0.0805558196337352,10.964120864868164
trajectory,activity/deployment/final/corrected_gnn/s6637,corrected_gnn,6637,26,520.0,0.3821847957216434,0.0835559570362187,0.0835559570362187,9.5916109085083
trajectory,activity/deployment/final/corrected_gnn/s6637,corrected_gnn,6637,27,540.0,0.3846121376662902,0.0813589093768793,0.0813589093768793,15.343070030212402
trajectory,activity/deployment/final/corrected_gnn/s6637,corrected_gnn,6637,28,560.0,0.374245757451599,0.0822605388522763,0.0822605388522763,10.64544677734375
trajectory,activity/deployment/final/corrected_gnn/s6637,corrected_gnn,6637,29,580.0,0.3612580500939614,0.0792683111259218,0.0792683111259218,16.009172439575195
trajectory,activity/deployment/final/corrected_gnn/s6637,corrected_gnn,6637,30,600.0,0.3552632350311855,0.0839775701179163,0.0839775701179163,9.053092956542969
trajectory,activity/deployment/final/corrected_gnn/s6637,corrected_gnn,6637,31,620.0,0.3485161900472981,0.0814458629804979,0.0814458629804979,9.94068431854248
trajectory,activity/deployment/final/corrected_gnn/s6637,corrected_gnn,6637,32,640.0,0.3365445160221921,0.0845314969066635,0.0845314969066635,11.637374877929688
trajectory,activity/deployment/final/corrected_gnn/s6637,corrected_gnn,6637,33,660.0,0.335135903407696,0.0848777369773578,0.0848777369773578,12.35407543182373
trajectory,activity/deployment/final/corrected_gnn/s6637,corrected_gnn,6637,34,680.0,0.3259613359608851,0.0841585408345379,0.0841585408345379,7.846571922302246
trajectory,activity/deployment/final/corrected_gnn/s6637,corrected_gnn,6637,35,700.0,0.3213836224520367,0.0842014283765562,0.0842014283765562,9.290225982666016
trajectory,activity/deployment/final/corrected_gnn/s6637,corrected_gnn,6637,36,720.0,0.3237947065078426,0.0864334902569943,0.0864334902569943,10.21378231048584
trajectory,activity/deployment/final/corrected_gnn/s6637,corrected_gnn,6637,37,740.0,0.3209059967276972,0.0850946424634103,0.0850946424634103,13.518610954284668
trajectory,activity/deployment/final/corrected_gnn/s6637,corrected_gnn,6637,38,760.0,0.3079710927295533,0.0855307939110786,0.0855307939110786,19.08441925048828
trajectory,activity/deployment/final/corrected_gnn/s6637,corrected_gnn,6637,39,780.0,0.3098526805449895,0.0854206592369646,0.0854206592369646,13.1421537399292
trajectory,activity/deployment/final/corrected_gnn/s6637,corrected_gnn,6637,40,800.0,0.3026202415738246,0.0830283631084792,0.0830283631084792,11.762216567993164
trajectory,activity/deployment/final/corrected_gnn/s6637,corrected_gnn,6637,41,820.0,0.2926139684306713,0.0837893719038862,0.0837893719038862,7.931560516357422
trajectory,activity/deployment/final/corrected_gnn/s6637,corrected_gnn,6637,42,840.0,0.2936649491997159,0.0829117714475498,0.0829117714475498,8.924555778503418
trajectory,activity/deployment/final/corrected_gnn/s6637,corrected_gnn,6637,43,860.0,0.2831924734984815,0.0816811233549047,0.0816811233549047,8.358819961547852
trajectory,activity/deployment/final/corrected_gnn/s6637,corrected_gnn,6637,44,880.0,0.2800439137423957,0.0855566804034851,0.0855566804034851,12.03867530822754
trajectory,activity/deployment/final/corrected_gnn/s6637,corrected_gnn,6637,45,900.0,0.2681847490825949,0.0857088013449438,0.0857088013449438,9.89119815826416
trajectory,activity/deployment/final/corrected_gnn/s6637,corrected_gnn,6637,46,920.0,0.2676890547238615,0.0837784225675015,0.0837784225675015,7.755364894866943
trajectory,activity/deployment/final/corrected_gnn/s6637,corrected_gnn,6637,47,940.0,0.2588999883772552,0.0878974274430463,0.0878974274430463,10.308114051818848
trajectory,activity/deployment/final/corrected_gnn/s6637,corrected_gnn,6637,48,960.0,0.2680058234309847,0.0839367446612256,0.0839367446612256,12.785845756530762
trajectory,activity/deployment/final/corrected_gnn/s6637,corrected_gnn,6637,49,980.0,0.2640774686294855,0.0848024540290918,0.0848024540290918,19.02507209777832
trajectory,activity/deployment/final/corrected_gnn/s6637,corrected_gnn,6637,50,1000.0,0.256035668436642,0.0873013266593989,0.0873013266593989,7.93023681640625
trajectory,activity/deployment/final/corrected_gnn/s6637,corrected_gnn,6637,51,1020.0,0.2585147698309991,0.088966742967614,0.088966742967614,11.713849067687988
trajectory,activity/deployment/final/corrected_gnn/s6637,corrected_gnn,6637,52,1040.0,0.2529791644681911,0.0857860414095657,0.0857860414095657,12.549354553222656
trajectory,activity/deployment/final/corrected_gnn/s6637,corrected_gnn,6637,53,1060.0,0.2488275925918076,0.0841316181199873,0.0841316181199873,11.02676010131836
selected_checkpoint,activity/deployment/final/corrected_gnn/s6637,corrected_gnn,6637,3,,,0.0594850023862913,,
trajectory,activity/deployment/final/corrected_gnn/s7753,corrected_gnn,7753,1,20.0,0.9990309207471616,0.064158555666791,0.064158555666791,13.973889350891112
trajectory,activity/deployment/final/corrected_gnn/s7753,corrected_gnn,7753,2,40.0,0.8355767028117767,0.063177552463033,0.063177552463033,10.340583801269531
trajectory,activity/deployment/final/corrected_gnn/s7753,corrected_gnn,7753,3,60.0,0.7592861522654866,0.0666791531501977,0.0666791531501977,9.122034072875977
trajectory,activity/deployment/final/corrected_gnn/s7753,corrected_gnn,7753,4,80.0,0.6918787003226277,0.0701616925308976,0.0701616925308976,7.170024394989014
trajectory,activity/deployment/final/corrected_gnn/s7753,corrected_gnn,7753,5,100.0,0.664915472482101,0.0705012544385159,0.0705012544385159,12.067517280578612
trajectory,activity/deployment/final/corrected_gnn/s7753,corrected_gnn,7753,6,120.0,0.6418304469397941,0.0758260708801582,0.0758260708801582,12.740087509155272
trajectory,activity/deployment/final/corrected_gnn/s7753,corrected_gnn,7753,7,140.0,0.6030470791840193,0.0774853154751417,0.0774853154751417,10.091553688049316
trajectory,activity/deployment/final/corrected_gnn/s7753,corrected_gnn,7753,8,160.0,0.5721054085196722,0.0797897187396482,0.0797897187396482,15.34076690673828
trajectory,activity/deployment/final/corrected_gnn/s7753,corrected_gnn,7753,9,180.0,0.5596723371408021,0.0788037882146607,0.0788037882146607,10.148248672485352
trajectory,activity/deployment/final/corrected_gnn/s7753,corrected_gnn,7753,10,200.0,0.5462213577828396,0.0799485751576153,0.0799485751576153,14.311988830566406
trajectory,activity/deployment/final/corrected_gnn/s7753,corrected_gnn,7753,11,220.0,0.5156035144429438,0.0804826799421556,0.0804826799421556,11.566553115844728
trajectory,activity/deployment/final/corrected_gnn/s7753,corrected_gnn,7753,12,240.0,0.4958898217740562,0.0851681432600069,0.0851681432600069,11.24452781677246
trajectory,activity/deployment/final/corrected_gnn/s7753,corrected_gnn,7753,13,260.0,0.4814754882390959,0.083048366782092,0.083048366782092,14.870010375976562
trajectory,activity/deployment/final/corrected_gnn/s7753,corrected_gnn,7753,14,280.0,0.4650667451316161,0.0857348433679458,0.0857348433679458,15.114720344543455
trajectory,activity/deployment/final/corrected_gnn/s7753,corrected_gnn,7753,15,300.0,0.4431037710383357,0.085366605513015,0.085366605513015,11.213984489440918
trajectory,activity/deployment/final/corrected_gnn/s7753,corrected_gnn,7753,16,320.0,0.4425063143181744,0.0881540453202109,0.0881540453202109,9.839531898498535
trajectory,activity/deployment/final/corrected_gnn/s7753,corrected_gnn,7753,17,340.0,0.4260143331348943,0.0835089954074891,0.0835089954074891,9.595513343811035
trajectory,activity/deployment/final/corrected_gnn/s7753,corrected_gnn,7753,18,360.0,0.4319290895609746,0.0843244429849212,0.0843244429849212,11.368505477905272
trajectory,activity/deployment/final/corrected_gnn/s7753,corrected_gnn,7753,19,380.0,0.418396142927591,0.0860143781844903,0.0860143781844903,11.38193130493164
trajectory,activity/deployment/final/corrected_gnn/s7753,corrected_gnn,7753,20,400.0,0.3933476595721423,0.0865648431312742,0.0865648431312742,12.1787691116333
trajectory,activity/deployment/final/corrected_gnn/s7753,corrected_gnn,7753,21,420.0,0.388189745219195,0.0851360341497023,0.0851360341497023,8.975863456726074
trajectory,activity/deployment/final/corrected_gnn/s7753,corrected_gnn,7753,22,440.0,0.37678359644199,0.0862121033542696,0.0862121033542696,8.619588851928711
trajectory,activity/deployment/final/corrected_gnn/s7753,corrected_gnn,7753,23,460.0,0.3851561902107181,0.0871740128758496,0.0871740128758496,12.511107444763184
trajectory,activity/deployment/final/corrected_gnn/s7753,corrected_gnn,7753,24,480.0,0.3643363469455619,0.0864370124663621,0.0864370124663621,7.669709205627441
trajectory,activity/deployment/final/corrected_gnn/s7753,corrected_gnn,7753,25,500.0,0.3649907119223009,0.087423980214456,0.087423980214456,7.884037017822266
trajectory,activity/deployment/final/corrected_gnn/s7753,corrected_gnn,7753,26,520.0,0.3479094564962046,0.0886441844932929,0.0886441844932929,8.252706527709961
trajectory,activity/deployment/final/corrected_gnn/s7753,corrected_gnn,7753,27,540.0,0.3544658802633156,0.0866369898134208,0.0866369898134208,9.076566696166992
trajectory,activity/deployment/final/corrected_gnn/s7753,corrected_gnn,7753,28,560.0,0.3540929128150318,0.0870342550842698,0.0870342550842698,11.08779525756836
trajectory,activity/deployment/final/corrected_gnn/s7753,corrected_gnn,7753,29,580.0,0.3395963326700156,0.0871913152833407,0.0871913152833407,11.006162643432615
trajectory,activity/deployment/final/corrected_gnn/s7753,corrected_gnn,7753,30,600.0,0.3266292261499748,0.0848562748594329,0.0848562748594329,13.922728538513184
trajectory,activity/deployment/final/corrected_gnn/s7753,corrected_gnn,7753,31,620.0,0.3289289501946156,0.0900950165922181,0.0900950165922181,10.610461235046388
trajectory,activity/deployment/final/corrected_gnn/s7753,corrected_gnn,7753,32,640.0,0.3202962615217264,0.0859439946310629,0.0859439946310629,13.971345901489258
trajectory,activity/deployment/final/corrected_gnn/s7753,corrected_gnn,7753,33,660.0,0.3114070088452437,0.0898580706556239,0.0898580706556239,10.526762962341309
trajectory,activity/deployment/final/corrected_gnn/s7753,corrected_gnn,7753,34,680.0,0.3053260621236751,0.0878469229049497,0.0878469229049497,7.880414962768555
trajectory,activity/deployment/final/corrected_gnn/s7753,corrected_gnn,7753,35,700.0,0.3046112568535626,0.088123048582271,0.088123048582271,9.780206680297852
trajectory,activity/deployment/final/corrected_gnn/s7753,corrected_gnn,7753,36,720.0,0.291251201872034,0.0958164190007613,0.0958164190007613,8.094001770019531
trajectory,activity/deployment/final/corrected_gnn/s7753,corrected_gnn,7753,37,740.0,0.2878271704680206,0.0923608429182047,0.0923608429182047,6.44892168045044
trajectory,activity/deployment/final/corrected_gnn/s7753,corrected_gnn,7753,38,760.0,0.2826305980763803,0.0905669770198002,0.0905669770198002,7.479825973510742
trajectory,activity/deployment/final/corrected_gnn/s7753,corrected_gnn,7753,39,780.0,0.2794233102046657,0.0881296446770543,0.0881296446770543,9.65756607055664
trajectory,activity/deployment/final/corrected_gnn/s7753,corrected_gnn,7753,40,800.0,0.2767849617102867,0.0892169677144155,0.0892169677144155,12.540735244750977
trajectory,activity/deployment/final/corrected_gnn/s7753,corrected_gnn,7753,41,820.0,0.2706558328000584,0.0881191822232946,0.0881191822232946,7.625319957733154
trajectory,activity/deployment/final/corrected_gnn/s7753,corrected_gnn,7753,42,840.0,0.260108437445355,0.0923312095769305,0.0923312095769305,9.209421157836914
trajectory,activity/deployment/final/corrected_gnn/s7753,corrected_gnn,7753,43,860.0,0.2594627504125296,0.0913542342108283,0.0913542342108283,7.603586673736572
trajectory,activity/deployment/final/corrected_gnn/s7753,corrected_gnn,7753,44,880.0,0.2529657152411103,0.0919036440096743,0.0919036440096743,9.906698226928713
trajectory,activity/deployment/final/corrected_gnn/s7753,corrected_gnn,7753,45,900.0,0.2505475741539615,0.0923401781898442,0.0923401781898442,7.192037582397461
trajectory,activity/deployment/final/corrected_gnn/s7753,corrected_gnn,7753,46,920.0,0.2528214604254276,0.0913740615256293,0.0913740615256293,8.500810623168945
trajectory,activity/deployment/final/corrected_gnn/s7753,corrected_gnn,7753,47,940.0,0.2408485610017329,0.0909400434840728,0.0909400434840728,6.48927640914917
trajectory,activity/deployment/final/corrected_gnn/s7753,corrected_gnn,7753,48,960.0,0.2364780258763111,0.0924715316690764,0.0924715316690764,8.421770095825195
trajectory,activity/deployment/final/corrected_gnn/s7753,corrected_gnn,7753,49,980.0,0.234563187711574,0.0949402693224714,0.0949402693224714,8.297621726989746
trajectory,activity/deployment/final/corrected_gnn/s7753,corrected_gnn,7753,50,1000.0,0.2344637492803281,0.0948012536016745,0.0948012536016745,10.071630477905272
trajectory,activity/deployment/final/corrected_gnn/s7753,corrected_gnn,7753,51,1020.0,0.2228041209925537,0.0951411345169065,0.0951411345169065,8.484188079833984
trajectory,activity/deployment/final/corrected_gnn/s7753,corrected_gnn,7753,52,1040.0,0.2235246210272488,0.0901606872040417,0.0901606872040417,8.450316429138184
selected_checkpoint,activity/deployment/final/corrected_gnn/s7753,corrected_gnn,7753,2,,,0.063177552463033,,
trajectory,activity/deployment/final/corrected_gnn/s8867,corrected_gnn,8867,1,20.0,0.9705021801309228,0.0690115533113489,0.0690115533113489,7.961533546447754
trajectory,activity/deployment/final/corrected_gnn/s8867,corrected_gnn,8867,2,40.0,0.8758051461222818,0.0634830317091615,0.0634830317091615,5.733526706695557
trajectory,activity/deployment/final/corrected_gnn/s8867,corrected_gnn,8867,3,60.0,0.8001970414891898,0.0631791522366211,0.0631791522366211,9.308472633361816
trajectory,activity/deployment/final/corrected_gnn/s8867,corrected_gnn,8867,4,80.0,0.7236843575457905,0.0671678197260167,0.0671678197260167,7.596843719482422
trajectory,activity/deployment/final/corrected_gnn/s8867,corrected_gnn,8867,5,100.0,0.6834263461653063,0.0690160977163638,0.0690160977163638,10.192803382873535
trajectory,activity/deployment/final/corrected_gnn/s8867,corrected_gnn,8867,6,120.0,0.6353585608806565,0.0733929899626019,0.0733929899626019,7.566797256469727
trajectory,activity/deployment/final/corrected_gnn/s8867,corrected_gnn,8867,7,140.0,0.6290872366396182,0.0721026396473413,0.0721026396473413,10.998126029968262
trajectory,activity/deployment/final/corrected_gnn/s8867,corrected_gnn,8867,8,160.0,0.5912694642712333,0.0744715178631223,0.0744715178631223,10.322103500366213
trajectory,activity/deployment/final/corrected_gnn/s8867,corrected_gnn,8867,9,180.0,0.5888503332569829,0.0743784039838283,0.0743784039838283,12.889566421508787
trajectory,activity/deployment/final/corrected_gnn/s8867,corrected_gnn,8867,10,200.0,0.5532355056195338,0.0752245566036293,0.0752245566036293,8.2028226852417
trajectory,activity/deployment/final/corrected_gnn/s8867,corrected_gnn,8867,11,220.0,0.5332443181534814,0.0755029036884189,0.0755029036884189,7.448141574859619
trajectory,activity/deployment/final/corrected_gnn/s8867,corrected_gnn,8867,12,240.0,0.519843043624834,0.0762705877417413,0.0762705877417413,10.370298385620115
trajectory,activity/deployment/final/corrected_gnn/s8867,corrected_gnn,8867,13,260.0,0.5160321476821202,0.073945643549624,0.073945643549624,9.614887237548828
trajectory,activity/deployment/final/corrected_gnn/s8867,corrected_gnn,8867,14,280.0,0.5024533548035065,0.075257547717457,0.075257547717457,14.832189559936523
trajectory,activity/deployment/final/corrected_gnn/s8867,corrected_gnn,8867,15,300.0,0.4819945082293322,0.0755452248607713,0.0755452248607713,10.47419548034668
trajectory,activity/deployment/final/corrected_gnn/s8867,corrected_gnn,8867,16,320.0,0.4663678113906699,0.0761245372902077,0.0761245372902077,6.669209957122803
trajectory,activity/deployment/final/corrected_gnn/s8867,corrected_gnn,8867,17,340.0,0.4684793798576943,0.0779538700288198,0.0779538700288198,8.553460121154785
trajectory,activity/deployment/final/corrected_gnn/s8867,corrected_gnn,8867,18,360.0,0.4529999923242094,0.0753674326574437,0.0753674326574437,9.505345344543455
trajectory,activity/deployment/final/corrected_gnn/s8867,corrected_gnn,8867,19,380.0,0.4506505740077084,0.0752253881053595,0.0752253881053595,13.081548690795898
trajectory,activity/deployment/final/corrected_gnn/s8867,corrected_gnn,8867,20,400.0,0.4280464616060446,0.0774429307920567,0.0774429307920567,6.960116863250732
trajectory,activity/deployment/final/corrected_gnn/s8867,corrected_gnn,8867,21,420.0,0.4205127500465126,0.0773082109887469,0.0773082109887469,10.516942977905272
trajectory,activity/deployment/final/corrected_gnn/s8867,corrected_gnn,8867,22,440.0,0.4083723123817807,0.0772568780913105,0.0772568780913105,7.333365440368652
trajectory,activity/deployment/final/corrected_gnn/s8867,corrected_gnn,8867,23,460.0,0.4037786113117497,0.0763526982211628,0.0763526982211628,8.179275512695312
trajectory,activity/deployment/final/corrected_gnn/s8867,corrected_gnn,8867,24,480.0,0.386417730044902,0.0778001379652711,0.0778001379652711,8.094740867614746
trajectory,activity/deployment/final/corrected_gnn/s8867,corrected_gnn,8867,25,500.0,0.3990740986974396,0.0794386280805988,0.0794386280805988,14.337562561035156
trajectory,activity/deployment/final/corrected_gnn/s8867,corrected_gnn,8867,26,520.0,0.3826509079732433,0.0771716108868477,0.0771716108868477,12.473943710327148
trajectory,activity/deployment/final/corrected_gnn/s8867,corrected_gnn,8867,27,540.0,0.3771599792269509,0.083569017844467,0.083569017844467,12.040528297424316
trajectory,activity/deployment/final/corrected_gnn/s8867,corrected_gnn,8867,28,560.0,0.3888476239583907,0.0790551115673744,0.0790551115673744,11.97131633758545
trajectory,activity/deployment/final/corrected_gnn/s8867,corrected_gnn,8867,29,580.0,0.3677197431078783,0.0820171742530637,0.0820171742530637,6.799294471740723
trajectory,activity/deployment/final/corrected_gnn/s8867,corrected_gnn,8867,30,600.0,0.3516294077524029,0.0810604839246559,0.0810604839246559,7.324491500854492
trajectory,activity/deployment/final/corrected_gnn/s8867,corrected_gnn,8867,31,620.0,0.3521987624922094,0.0830982377725476,0.0830982377725476,6.692841529846191
trajectory,activity/deployment/final/corrected_gnn/s8867,corrected_gnn,8867,32,640.0,0.3487659314258218,0.0826419398261923,0.0826419398261923,9.34170150756836
trajectory,activity/deployment/final/corrected_gnn/s8867,corrected_gnn,8867,33,660.0,0.3454503825820562,0.0832731902394942,0.0832731902394942,9.748197555541992
trajectory,activity/deployment/final/corrected_gnn/s8867,corrected_gnn,8867,34,680.0,0.337068947134177,0.0840329616523153,0.0840329616523153,6.898277282714844
trajectory,activity/deployment/final/corrected_gnn/s8867,corrected_gnn,8867,35,700.0,0.3344592884289451,0.0853677745726782,0.0853677745726782,8.335991859436035
trajectory,activity/deployment/final/corrected_gnn/s8867,corrected_gnn,8867,36,720.0,0.3279124589975719,0.0834102886314139,0.0834102886314139,8.233800888061523
trajectory,activity/deployment/final/corrected_gnn/s8867,corrected_gnn,8867,37,740.0,0.3190707376166125,0.0830570741574795,0.0830570741574795,7.265588283538818
trajectory,activity/deployment/final/corrected_gnn/s8867,corrected_gnn,8867,38,760.0,0.3153917450721156,0.0853149781108887,0.0853149781108887,6.731076717376709
trajectory,activity/deployment/final/corrected_gnn/s8867,corrected_gnn,8867,39,780.0,0.3153830881720975,0.0833896168257961,0.0833896168257961,6.639272212982178
trajectory,activity/deployment/final/corrected_gnn/s8867,corrected_gnn,8867,40,800.0,0.3078133890300255,0.0868753213956362,0.0868753213956362,7.368966102600098
trajectory,activity/deployment/final/corrected_gnn/s8867,corrected_gnn,8867,41,820.0,0.3092900045671758,0.0853694117868878,0.0853694117868878,8.039068222045898
trajectory,activity/deployment/final/corrected_gnn/s8867,corrected_gnn,8867,42,840.0,0.2940691903150678,0.0873777213586515,0.0873777213586515,6.25951623916626
trajectory,activity/deployment/final/corrected_gnn/s8867,corrected_gnn,8867,43,860.0,0.2955986555130165,0.0870132943098476,0.0870132943098476,7.268523216247559
trajectory,activity/deployment/final/corrected_gnn/s8867,corrected_gnn,8867,44,880.0,0.284306864164669,0.0912711035509749,0.0912711035509749,12.280706405639648
trajectory,activity/deployment/final/corrected_gnn/s8867,corrected_gnn,8867,45,900.0,0.2824602800527198,0.087004300152988,0.087004300152988,5.423576354980469
trajectory,activity/deployment/final/corrected_gnn/s8867,corrected_gnn,8867,46,920.0,0.280326635426619,0.0898264846458061,0.0898264846458061,7.26570463180542
trajectory,activity/deployment/final/corrected_gnn/s8867,corrected_gnn,8867,47,940.0,0.2818126998622802,0.089850915942923,0.089850915942923,7.687171936035156
trajectory,activity/deployment/final/corrected_gnn/s8867,corrected_gnn,8867,48,960.0,0.2690665575603912,0.0895441589917791,0.0895441589917791,6.905994892120361
trajectory,activity/deployment/final/corrected_gnn/s8867,corrected_gnn,8867,49,980.0,0.279610982743211,0.0865452855949342,0.0865452855949342,9.305906295776367
trajectory,activity/deployment/final/corrected_gnn/s8867,corrected_gnn,8867,50,1000.0,0.2687910783494437,0.0870999018335338,0.0870999018335338,5.478328704833984
trajectory,activity/deployment/final/corrected_gnn/s8867,corrected_gnn,8867,51,1020.0,0.2599514915627842,0.0884260433213505,0.0884260433213505,7.574645042419434
trajectory,activity/deployment/final/corrected_gnn/s8867,corrected_gnn,8867,52,1040.0,0.2555878371876132,0.0913663676161493,0.0913663676161493,7.529046535491943
trajectory,activity/deployment/final/corrected_gnn/s8867,corrected_gnn,8867,53,1060.0,0.2589463379479667,0.0918139975378616,0.0918139975378616,9.391261100769045
selected_checkpoint,activity/deployment/final/corrected_gnn/s8867,corrected_gnn,8867,3,,,0.0631791522366211,,
trajectory,activity/deployment/final/corrected_gnn/s9973,corrected_gnn,9973,1,20.0,0.9807896838479804,0.0626192879303124,0.0626192879303124,8.393189430236816
trajectory,activity/deployment/final/corrected_gnn/s9973,corrected_gnn,9973,2,40.0,0.8808229942469487,0.0640057863510727,0.0640057863510727,4.791020393371582
trajectory,activity/deployment/final/corrected_gnn/s9973,corrected_gnn,9973,3,60.0,0.7938603438774303,0.0627735592205641,0.0627735592205641,9.213196754455566
trajectory,activity/deployment/final/corrected_gnn/s9973,corrected_gnn,9973,4,80.0,0.7305540513007578,0.064558138074157,0.064558138074157,10.079991340637209
trajectory,activity/deployment/final/corrected_gnn/s9973,corrected_gnn,9973,5,100.0,0.6692913614917692,0.0660236016844337,0.0660236016844337,5.751186847686768
trajectory,activity/deployment/final/corrected_gnn/s9973,corrected_gnn,9973,6,120.0,0.634943398669942,0.0668494930320978,0.0668494930320978,8.897494316101074
trajectory,activity/deployment/final/corrected_gnn/s9973,corrected_gnn,9973,7,140.0,0.606037861776314,0.067786975289846,0.067786975289846,6.387172698974609
trajectory,activity/deployment/final/corrected_gnn/s9973,corrected_gnn,9973,8,160.0,0.5856505585057665,0.0681424444200255,0.0681424444200255,9.366612434387209
trajectory,activity/deployment/final/corrected_gnn/s9973,corrected_gnn,9973,9,180.0,0.5466618075363213,0.0693042431382397,0.0693042431382397,9.399105072021484
trajectory,activity/deployment/final/corrected_gnn/s9973,corrected_gnn,9973,10,200.0,0.544250611088596,0.0706135285565288,0.0706135285565288,11.678216934204102
trajectory,activity/deployment/final/corrected_gnn/s9973,corrected_gnn,9973,11,220.0,0.5307367600269788,0.0687181396085947,0.0687181396085947,9.898409843444824
trajectory,activity/deployment/final/corrected_gnn/s9973,corrected_gnn,9973,12,240.0,0.5171597064062183,0.0699531121547486,0.0699531121547486,10.142367362976074
trajectory,activity/deployment/final/corrected_gnn/s9973,corrected_gnn,9973,13,260.0,0.5107079903884385,0.0695493468895298,0.0695493468895298,14.148641586303713
trajectory,activity/deployment/final/corrected_gnn/s9973,corrected_gnn,9973,14,280.0,0.4839037070679607,0.0710501266352627,0.0710501266352627,12.387628555297852
trajectory,activity/deployment/final/corrected_gnn/s9973,corrected_gnn,9973,15,300.0,0.4788131151434161,0.0697765422809053,0.0697765422809053,11.369626998901367
trajectory,activity/deployment/final/corrected_gnn/s9973,corrected_gnn,9973,16,320.0,0.4657354636074911,0.0716168797713515,0.0716168797713515,15.45516872406006
trajectory,activity/deployment/final/corrected_gnn/s9973,corrected_gnn,9973,17,340.0,0.4531118502637713,0.0704967487898246,0.0704967487898246,8.095206260681152
trajectory,activity/deployment/final/corrected_gnn/s9973,corrected_gnn,9973,18,360.0,0.4355471944695337,0.0712224569685891,0.0712224569685891,9.968409538269045
trajectory,activity/deployment/final/corrected_gnn/s9973,corrected_gnn,9973,19,380.0,0.4281954967947211,0.0711213463720656,0.0711213463720656,9.344317436218262
trajectory,activity/deployment/final/corrected_gnn/s9973,corrected_gnn,9973,20,400.0,0.4273922142289383,0.0725163808483914,0.0725163808483914,9.623411178588867
trajectory,activity/deployment/final/corrected_gnn/s9973,corrected_gnn,9973,21,420.0,0.414912011104505,0.0707293836258949,0.0707293836258949,8.773777961730957
trajectory,activity/deployment/final/corrected_gnn/s9973,corrected_gnn,9973,22,440.0,0.4119184579140994,0.0708921451001603,0.0708921451001603,7.632341384887695
trajectory,activity/deployment/final/corrected_gnn/s9973,corrected_gnn,9973,23,460.0,0.3874975174689122,0.0724642177369681,0.0724642177369681,8.015838623046875
trajectory,activity/deployment/final/corrected_gnn/s9973,corrected_gnn,9973,24,480.0,0.3824646947542952,0.072328290674992,0.072328290674992,9.603559494018556
trajectory,activity/deployment/final/corrected_gnn/s9973,corrected_gnn,9973,25,500.0,0.3766229937150423,0.071738926890135,0.071738926890135,9.602900505065918
trajectory,activity/deployment/final/corrected_gnn/s9973,corrected_gnn,9973,26,520.0,0.3695628333413667,0.0730310458240169,0.0730310458240169,10.685208320617676
trajectory,activity/deployment/final/corrected_gnn/s9973,corrected_gnn,9973,27,540.0,0.3557955946734825,0.0734910184030598,0.0734910184030598,8.473984718322754
trajectory,activity/deployment/final/corrected_gnn/s9973,corrected_gnn,9973,28,560.0,0.3482128110454611,0.0727573634470498,0.0727573634470498,7.931858062744141
trajectory,activity/deployment/final/corrected_gnn/s9973,corrected_gnn,9973,29,580.0,0.3504860491341688,0.0747884526272439,0.0747884526272439,14.102519989013672
trajectory,activity/deployment/final/corrected_gnn/s9973,corrected_gnn,9973,30,600.0,0.3528667768142449,0.0721243866811454,0.0721243866811454,8.611924171447754
trajectory,activity/deployment/final/corrected_gnn/s9973,corrected_gnn,9973,31,620.0,0.3405485133077532,0.0744422783991112,0.0744422783991112,10.035783767700195
trajectory,activity/deployment/final/corrected_gnn/s9973,corrected_gnn,9973,32,640.0,0.3336233841558597,0.0728002292417346,0.0728002292417346,12.84458351135254
trajectory,activity/deployment/final/corrected_gnn/s9973,corrected_gnn,9973,33,660.0,0.3221356863062755,0.0732532375305671,0.0732532375305671,7.718003749847412
trajectory,activity/deployment/final/corrected_gnn/s9973,corrected_gnn,9973,34,680.0,0.3200568212839798,0.072566518636957,0.072566518636957,9.661015510559082
trajectory,activity/deployment/final/corrected_gnn/s9973,corrected_gnn,9973,35,700.0,0.3168543645841342,0.0712862156192771,0.0712862156192771,9.59741497039795
trajectory,activity/deployment/final/corrected_gnn/s9973,corrected_gnn,9973,36,720.0,0.3050808743222352,0.0735298558209574,0.0735298558209574,7.145330429077148
trajectory,activity/deployment/final/corrected_gnn/s9973,corrected_gnn,9973,37,740.0,0.2991609440804285,0.0736438009491083,0.0736438009491083,7.356703281402588
trajectory,activity/deployment/final/corrected_gnn/s9973,corrected_gnn,9973,38,760.0,0.2939869650921431,0.075314610926554,0.075314610926554,10.85346508026123
trajectory,activity/deployment/final/corrected_gnn/s9973,corrected_gnn,9973,39,780.0,0.2934276757020624,0.0733977485792334,0.0733977485792334,11.276241302490234
trajectory,activity/deployment/final/corrected_gnn/s9973,corrected_gnn,9973,40,800.0,0.2860419303415501,0.0753277457487424,0.0753277457487424,8.11177921295166
trajectory,activity/deployment/final/corrected_gnn/s9973,corrected_gnn,9973,41,820.0,0.2861492098490334,0.0730048513480708,0.0730048513480708,9.550447463989258
trajectory,activity/deployment/final/corrected_gnn/s9973,corrected_gnn,9973,42,840.0,0.2722578620370936,0.0741678223843762,0.0741678223843762,7.660921573638916
trajectory,activity/deployment/final/corrected_gnn/s9973,corrected_gnn,9973,43,860.0,0.2752938657951695,0.0733152087760009,0.0733152087760009,7.90898323059082
trajectory,activity/deployment/final/corrected_gnn/s9973,corrected_gnn,9973,44,880.0,0.2749334497405386,0.0725651580547639,0.0725651580547639,9.14987087249756
trajectory,activity/deployment/final/corrected_gnn/s9973,corrected_gnn,9973,45,900.0,0.2665015104462742,0.0717464323400133,0.0717464323400133,5.355172157287598
trajectory,activity/deployment/final/corrected_gnn/s9973,corrected_gnn,9973,46,920.0,0.2604107748690439,0.0737879711372006,0.0737879711372006,8.23874568939209
trajectory,activity/deployment/final/corrected_gnn/s9973,corrected_gnn,9973,47,940.0,0.2604963712932762,0.0732462496354068,0.0732462496354068,8.350541114807129
trajectory,activity/deployment/final/corrected_gnn/s9973,corrected_gnn,9973,48,960.0,0.2555244707038612,0.0738904131593084,0.0738904131593084,10.559736251831056
trajectory,activity/deployment/final/corrected_gnn/s9973,corrected_gnn,9973,49,980.0,0.2607283084235369,0.0730876683274096,0.0730876683274096,15.855490684509276
trajectory,activity/deployment/final/corrected_gnn/s9973,corrected_gnn,9973,50,1000.0,0.244280150359921,0.0715791994763934,0.0715791994763934,6.905457973480225
trajectory,activity/deployment/final/corrected_gnn/s9973,corrected_gnn,9973,51,1020.0,0.2458395269818491,0.0742765870941845,0.0742765870941845,8.85218334197998
selected_checkpoint,activity/deployment/final/corrected_gnn/s9973,corrected_gnn,9973,1,,,0.0626192879303124,,
trajectory,activity/deployment/final/original_no_message/s11027,original_no_message,11027,1,20.0,0.9885694581994564,0.061065803201734,0.061065803201734,9.342118263244627
trajectory,activity/deployment/final/original_no_message/s11027,original_no_message,11027,2,40.0,0.8475135901411721,0.0645158358563171,0.0645158358563171,6.21617603302002
trajectory,activity/deployment/final/original_no_message/s11027,original_no_message,11027,3,60.0,0.7393799859725643,0.0664105613249337,0.0664105613249337,5.081883907318115
trajectory,activity/deployment/final/original_no_message/s11027,original_no_message,11027,4,80.0,0.6651453894220524,0.0710645563699912,0.0710645563699912,8.044708251953125
trajectory,activity/deployment/final/original_no_message/s11027,original_no_message,11027,5,100.0,0.6436960860033467,0.0712556391901,0.0712556391901,11.039264678955078
trajectory,activity/deployment/final/original_no_message/s11027,original_no_message,11027,6,120.0,0.6148718539166772,0.0758992150020045,0.0758992150020045,12.986611366271973
trajectory,activity/deployment/final/original_no_message/s11027,original_no_message,11027,7,140.0,0.5843224584156791,0.0746362089717773,0.0746362089717773,11.794889450073242
trajectory,activity/deployment/final/original_no_message/s11027,original_no_message,11027,8,160.0,0.5670730140211092,0.0735015927429593,0.0735015927429593,10.304588317871094
trajectory,activity/deployment/final/original_no_message/s11027,original_no_message,11027,9,180.0,0.5459826930446033,0.0759791884439248,0.0759791884439248,6.732665538787842
trajectory,activity/deployment/final/original_no_message/s11027,original_no_message,11027,10,200.0,0.5317933281515211,0.0781069098015745,0.0781069098015745,10.33630084991455
trajectory,activity/deployment/final/original_no_message/s11027,original_no_message,11027,11,220.0,0.5174014088272385,0.0793542893283576,0.0793542893283576,9.65533447265625
trajectory,activity/deployment/final/original_no_message/s11027,original_no_message,11027,12,240.0,0.4933217436761682,0.0791325341775398,0.0791325341775398,8.594087600708008
trajectory,activity/deployment/final/original_no_message/s11027,original_no_message,11027,13,260.0,0.4905947959546156,0.077356311906389,0.077356311906389,10.467543601989746
trajectory,activity/deployment/final/original_no_message/s11027,original_no_message,11027,14,280.0,0.469684538858291,0.0776066666785833,0.0776066666785833,7.6157145500183105
trajectory,activity/deployment/final/original_no_message/s11027,original_no_message,11027,15,300.0,0.4647822302186934,0.0778416566731396,0.0778416566731396,10.794777870178224
trajectory,activity/deployment/final/original_no_message/s11027,original_no_message,11027,16,320.0,0.4655810228361792,0.0801132040663786,0.0801132040663786,12.616350173950195
trajectory,activity/deployment/final/original_no_message/s11027,original_no_message,11027,17,340.0,0.4307773173612862,0.0795685476194236,0.0795685476194236,8.894309043884277
trajectory,activity/deployment/final/original_no_message/s11027,original_no_message,11027,18,360.0,0.4254181929246313,0.0793981566989592,0.0793981566989592,8.863417625427246
trajectory,activity/deployment/final/original_no_message/s11027,original_no_message,11027,19,380.0,0.4198476400898031,0.079545668287768,0.079545668287768,9.607332229614258
trajectory,activity/deployment/final/original_no_message/s11027,original_no_message,11027,20,400.0,0.4050600859170115,0.0796667949132846,0.0796667949132846,8.18115234375
trajectory,activity/deployment/final/original_no_message/s11027,original_no_message,11027,21,420.0,0.4042587914194163,0.078183405205225,0.078183405205225,12.773829460144045
trajectory,activity/deployment/final/original_no_message/s11027,original_no_message,11027,22,440.0,0.3944771149927326,0.078818936072299,0.078818936072299,10.635775566101074
trajectory,activity/deployment/final/original_no_message/s11027,original_no_message,11027,23,460.0,0.38289538108706,0.0788532131419032,0.0788532131419032,8.090003967285156
trajectory,activity/deployment/final/original_no_message/s11027,original_no_message,11027,24,480.0,0.3780094768150729,0.0805798402730305,0.0805798402730305,11.30190658569336
trajectory,activity/deployment/final/original_no_message/s11027,original_no_message,11027,25,500.0,0.3689271650729054,0.0785145075165661,0.0785145075165661,7.625042915344238
trajectory,activity/deployment/final/original_no_message/s11027,original_no_message,11027,26,520.0,0.366649205458363,0.0818495763061468,0.0818495763061468,6.966003894805908
trajectory,activity/deployment/final/original_no_message/s11027,original_no_message,11027,27,540.0,0.3628260458481511,0.0779116979980605,0.0779116979980605,8.526528358459473
trajectory,activity/deployment/final/original_no_message/s11027,original_no_message,11027,28,560.0,0.3555551953406633,0.0834931182862224,0.0834931182862224,12.938599586486816
trajectory,activity/deployment/final/original_no_message/s11027,original_no_message,11027,29,580.0,0.3363290235009621,0.078613653090247,0.078613653090247,10.71803855895996
trajectory,activity/deployment/final/original_no_message/s11027,original_no_message,11027,30,600.0,0.3419983619683502,0.0792778502430356,0.0792778502430356,6.9672017097473145
trajectory,activity/deployment/final/original_no_message/s11027,original_no_message,11027,31,620.0,0.3298339885174991,0.0784310306809384,0.0784310306809384,8.700965881347656
trajectory,activity/deployment/final/original_no_message/s11027,original_no_message,11027,32,640.0,0.329129381441142,0.0802074529425026,0.0802074529425026,7.084185123443604
trajectory,activity/deployment/final/original_no_message/s11027,original_no_message,11027,33,660.0,0.3138738431752533,0.0805391895364565,0.0805391895364565,10.335906982421877
trajectory,activity/deployment/final/original_no_message/s11027,original_no_message,11027,34,680.0,0.3133756006351059,0.0782975961046748,0.0782975961046748,9.422324180603027
trajectory,activity/deployment/final/original_no_message/s11027,original_no_message,11027,35,700.0,0.3087429893783769,0.0805010049221943,0.0805010049221943,9.14919376373291
trajectory,activity/deployment/final/original_no_message/s11027,original_no_message,11027,36,720.0,0.3005800743818851,0.080027652006613,0.080027652006613,10.307801246643066
trajectory,activity/deployment/final/original_no_message/s11027,original_no_message,11027,37,740.0,0.2943219900651997,0.0808810605797141,0.0808810605797141,6.251148700714111
trajectory,activity/deployment/final/original_no_message/s11027,original_no_message,11027,38,760.0,0.284972757550816,0.0815093022191935,0.0815093022191935,9.413765907287598
trajectory,activity/deployment/final/original_no_message/s11027,original_no_message,11027,39,780.0,0.2946849691668988,0.0780784185023606,0.0780784185023606,13.376955032348633
trajectory,activity/deployment/final/original_no_message/s11027,original_no_message,11027,40,800.0,0.2824944227200069,0.0783084930553137,0.0783084930553137,8.15117359161377
trajectory,activity/deployment/final/original_no_message/s11027,original_no_message,11027,41,820.0,0.2749964729057975,0.0796636204134878,0.0796636204134878,7.227065086364746
trajectory,activity/deployment/final/original_no_message/s11027,original_no_message,11027,42,840.0,0.2705891906883718,0.0787000112083512,0.0787000112083512,8.142892837524414
trajectory,activity/deployment/final/original_no_message/s11027,original_no_message,11027,43,860.0,0.2648684775857721,0.0824104273998069,0.0824104273998069,7.455738544464111
trajectory,activity/deployment/final/original_no_message/s11027,original_no_message,11027,44,880.0,0.2556344107965139,0.0793844328103912,0.0793844328103912,9.142704010009766
trajectory,activity/deployment/final/original_no_message/s11027,original_no_message,11027,45,900.0,0.2627483169837448,0.0771124274447538,0.0771124274447538,6.881539821624756
trajectory,activity/deployment/final/original_no_message/s11027,original_no_message,11027,46,920.0,0.2532624711443073,0.0794662645909138,0.0794662645909138,8.260453224182129
trajectory,activity/deployment/final/original_no_message/s11027,original_no_message,11027,47,940.0,0.2503498220273291,0.0774842440411904,0.0774842440411904,8.72884464263916
trajectory,activity/deployment/final/original_no_message/s11027,original_no_message,11027,48,960.0,0.2461650585541183,0.0797883861790961,0.0797883861790961,8.90788459777832
trajectory,activity/deployment/final/original_no_message/s11027,original_no_message,11027,49,980.0,0.2402793006872354,0.0791385805965828,0.0791385805965828,10.446555137634276
trajectory,activity/deployment/final/original_no_message/s11027,original_no_message,11027,50,1000.0,0.2351760572862587,0.0778718499813848,0.0778718499813848,11.886152267456056
trajectory,activity/deployment/final/original_no_message/s11027,original_no_message,11027,51,1020.0,0.2349168826797067,0.0786245786423488,0.0786245786423488,11.929713249206545
selected_checkpoint,activity/deployment/final/original_no_message/s11027,original_no_message,11027,1,,,0.061065803201734,,
trajectory,activity/deployment/final/original_no_message/s1103,original_no_message,1103,1,20.0,0.9501217366495808,0.0663098164055878,0.0663098164055878,6.540676593780518
trajectory,activity/deployment/final/original_no_message/s1103,original_no_message,1103,2,40.0,0.8257151139549456,0.065339103506527,0.065339103506527,15.057076454162598
trajectory,activity/deployment/final/original_no_message/s1103,original_no_message,1103,3,60.0,0.7437392333559426,0.0667801806117645,0.0667801806117645,8.929635047912598
trajectory,activity/deployment/final/original_no_message/s1103,original_no_message,1103,4,80.0,0.6833955733618914,0.0686596980904333,0.0686596980904333,8.942009925842285
trajectory,activity/deployment/final/original_no_message/s1103,original_no_message,1103,5,100.0,0.6480487240885249,0.0706336349904619,0.0706336349904619,9.600916862487791
trajectory,activity/deployment/final/original_no_message/s1103,original_no_message,1103,6,120.0,0.6118878396945496,0.0721712226209442,0.0721712226209442,9.007634162902832
trajectory,activity/deployment/final/original_no_message/s1103,original_no_message,1103,7,140.0,0.5912664713747829,0.0717730963005237,0.0717730963005237,11.31147289276123
trajectory,activity/deployment/final/original_no_message/s1103,original_no_message,1103,8,160.0,0.5636590859357851,0.0760316561494741,0.0760316561494741,14.61569881439209
trajectory,activity/deployment/final/original_no_message/s1103,original_no_message,1103,9,180.0,0.5405387386525785,0.0724449122792395,0.0724449122792395,8.538093566894531
trajectory,activity/deployment/final/original_no_message/s1103,original_no_message,1103,10,200.0,0.5208827247687803,0.0728287230022173,0.0728287230022173,7.774098396301269
trajectory,activity/deployment/final/original_no_message/s1103,original_no_message,1103,11,220.0,0.494902070951992,0.075068522607745,0.075068522607745,9.975695610046388
trajectory,activity/deployment/final/original_no_message/s1103,original_no_message,1103,12,240.0,0.4878374229261475,0.0722149197205288,0.0722149197205288,8.979393005371094
trajectory,activity/deployment/final/original_no_message/s1103,original_no_message,1103,13,260.0,0.4606342481847222,0.0736726700544859,0.0736726700544859,8.583185195922852
trajectory,activity/deployment/final/original_no_message/s1103,original_no_message,1103,14,280.0,0.4448600493318226,0.0727746574463001,0.0727746574463001,9.414834976196287
trajectory,activity/deployment/final/original_no_message/s1103,original_no_message,1103,15,300.0,0.438934605376317,0.0724413777683131,0.0724413777683131,10.743803024291992
trajectory,activity/deployment/final/original_no_message/s1103,original_no_message,1103,16,320.0,0.4224256228321217,0.075357198434729,0.075357198434729,7.605463981628418
trajectory,activity/deployment/final/original_no_message/s1103,original_no_message,1103,17,340.0,0.4108944057566103,0.0754285983423226,0.0754285983423226,7.70807409286499
trajectory,activity/deployment/final/original_no_message/s1103,original_no_message,1103,18,360.0,0.4031088530212475,0.0737376335621052,0.0737376335621052,9.198843002319336
trajectory,activity/deployment/final/original_no_message/s1103,original_no_message,1103,19,380.0,0.3949148013205448,0.0743846853537046,0.0743846853537046,6.8248820304870605
trajectory,activity/deployment/final/original_no_message/s1103,original_no_message,1103,20,400.0,0.3811575382166765,0.0742042957522893,0.0742042957522893,13.453904151916504
trajectory,activity/deployment/final/original_no_message/s1103,original_no_message,1103,21,420.0,0.3758077595658109,0.0736372879835957,0.0736372879835957,10.358012199401855
trajectory,activity/deployment/final/original_no_message/s1103,original_no_message,1103,22,440.0,0.3611345362625395,0.0728206980139203,0.0728206980139203,9.59181785583496
trajectory,activity/deployment/final/original_no_message/s1103,original_no_message,1103,23,460.0,0.3622249300466633,0.0734831349691187,0.0734831349691187,8.993866920471191
trajectory,activity/deployment/final/original_no_message/s1103,original_no_message,1103,24,480.0,0.3481601776112821,0.0747280313131076,0.0747280313131076,5.908442497253418
trajectory,activity/deployment/final/original_no_message/s1103,original_no_message,1103,25,500.0,0.3442642931620027,0.0735959008325376,0.0735959008325376,7.569066524505615
trajectory,activity/deployment/final/original_no_message/s1103,original_no_message,1103,26,520.0,0.3352903505939638,0.0720684088453335,0.0720684088453335,8.122359275817871
trajectory,activity/deployment/final/original_no_message/s1103,original_no_message,1103,27,540.0,0.3267959536447517,0.0747457106889886,0.0747457106889886,8.933265686035156
trajectory,activity/deployment/final/original_no_message/s1103,original_no_message,1103,28,560.0,0.3177230940559158,0.0733231976504035,0.0733231976504035,6.700775623321533
trajectory,activity/deployment/final/original_no_message/s1103,original_no_message,1103,29,580.0,0.309139350750221,0.0756631205344718,0.0756631205344718,8.048820495605469
trajectory,activity/deployment/final/original_no_message/s1103,original_no_message,1103,30,600.0,0.3064878371568593,0.0743907643571088,0.0743907643571088,8.218890190124512
trajectory,activity/deployment/final/original_no_message/s1103,original_no_message,1103,31,620.0,0.3005448158673581,0.0740116449385412,0.0740116449385412,10.49316692352295
trajectory,activity/deployment/final/original_no_message/s1103,original_no_message,1103,32,640.0,0.298477663063075,0.0728376165359058,0.0728376165359058,6.49516487121582
trajectory,activity/deployment/final/original_no_message/s1103,original_no_message,1103,33,660.0,0.2879429132906191,0.0731229114982486,0.0731229114982486,8.69189453125
trajectory,activity/deployment/final/original_no_message/s1103,original_no_message,1103,34,680.0,0.2758189728328214,0.0749982124125977,0.0749982124125977,6.528450965881348
trajectory,activity/deployment/final/original_no_message/s1103,original_no_message,1103,35,700.0,0.2709428315081228,0.0739590303768395,0.0739590303768395,5.677889347076416
trajectory,activity/deployment/final/original_no_message/s1103,original_no_message,1103,36,720.0,0.266692366862316,0.0746528428667942,0.0746528428667942,6.666077136993408
trajectory,activity/deployment/final/original_no_message/s1103,original_no_message,1103,37,740.0,0.2641821064652669,0.0749083166269107,0.0749083166269107,9.968242645263672
trajectory,activity/deployment/final/original_no_message/s1103,original_no_message,1103,38,760.0,0.253494254457657,0.0768775821830842,0.0768775821830842,8.348745346069336
trajectory,activity/deployment/final/original_no_message/s1103,original_no_message,1103,39,780.0,0.2514375369046016,0.0753122465623707,0.0753122465623707,6.906818389892578
trajectory,activity/deployment/final/original_no_message/s1103,original_no_message,1103,40,800.0,0.251821795835014,0.0757677916885925,0.0757677916885925,6.982385158538818
trajectory,activity/deployment/final/original_no_message/s1103,original_no_message,1103,41,820.0,0.258469239386232,0.0755511673210266,0.0755511673210266,12.079079627990724
trajectory,activity/deployment/final/original_no_message/s1103,original_no_message,1103,42,840.0,0.2446245078390983,0.0767919721618499,0.0767919721618499,8.28812313079834
trajectory,activity/deployment/final/original_no_message/s1103,original_no_message,1103,43,860.0,0.2353483058447114,0.0778143927549935,0.0778143927549935,8.64590835571289
trajectory,activity/deployment/final/original_no_message/s1103,original_no_message,1103,44,880.0,0.2407945223608312,0.0766710959999948,0.0766710959999948,7.259367942810059
trajectory,activity/deployment/final/original_no_message/s1103,original_no_message,1103,45,900.0,0.2348871394648639,0.0786192257876002,0.0786192257876002,8.560190200805664
trajectory,activity/deployment/final/original_no_message/s1103,original_no_message,1103,46,920.0,0.2300623736038768,0.0778237391665988,0.0778237391665988,10.889007568359377
trajectory,activity/deployment/final/original_no_message/s1103,original_no_message,1103,47,940.0,0.2217080571094707,0.0772340039928055,0.0772340039928055,5.216544151306152
trajectory,activity/deployment/final/original_no_message/s1103,original_no_message,1103,48,960.0,0.2240826370722723,0.0765623982552855,0.0765623982552855,7.032383441925049
trajectory,activity/deployment/final/original_no_message/s1103,original_no_message,1103,49,980.0,0.2202821878495909,0.0742067989053678,0.0742067989053678,7.152868747711182
trajectory,activity/deployment/final/original_no_message/s1103,original_no_message,1103,50,1000.0,0.2119894453322158,0.0771597838511661,0.0771597838511661,6.527595043182373
trajectory,activity/deployment/final/original_no_message/s1103,original_no_message,1103,51,1020.0,0.2090342378360681,0.0763910986096852,0.0763910986096852,8.435498237609863
trajectory,activity/deployment/final/original_no_message/s1103,original_no_message,1103,52,1040.0,0.2007412376907536,0.0781592723917074,0.0781592723917074,4.904025077819824
selected_checkpoint,activity/deployment/final/original_no_message/s1103,original_no_message,1103,2,,,0.065339103506527,,
trajectory,activity/deployment/final/original_no_message/s2207,original_no_message,2207,1,20.0,0.965846863220948,0.0666018801953257,0.0666018801953257,7.906973838806152
trajectory,activity/deployment/final/original_no_message/s2207,original_no_message,2207,2,40.0,0.8579954041480261,0.0620229162167435,0.0620229162167435,7.86547327041626
trajectory,activity/deployment/final/original_no_message/s2207,original_no_message,2207,3,60.0,0.7699130592694635,0.0659436665120947,0.0659436665120947,9.836585998535156
trajectory,activity/deployment/final/original_no_message/s2207,original_no_message,2207,4,80.0,0.7125377819782406,0.0666588619699506,0.0666588619699506,10.430225372314451
trajectory,activity/deployment/final/original_no_message/s2207,original_no_message,2207,5,100.0,0.6607430105743378,0.0700822170211718,0.0700822170211718,6.863454341888428
trajectory,activity/deployment/final/original_no_message/s2207,original_no_message,2207,6,120.0,0.6304771526168508,0.0705143596532302,0.0705143596532302,9.21018886566162
trajectory,activity/deployment/final/original_no_message/s2207,original_no_message,2207,7,140.0,0.5955987648891967,0.0734433325948336,0.0734433325948336,9.750004768371582
trajectory,activity/deployment/final/original_no_message/s2207,original_no_message,2207,8,160.0,0.5688522359129926,0.0727571822057337,0.0727571822057337,14.417730331420898
trajectory,activity/deployment/final/original_no_message/s2207,original_no_message,2207,9,180.0,0.5517119096800673,0.0777102261315408,0.0777102261315408,13.810564041137695
trajectory,activity/deployment/final/original_no_message/s2207,original_no_message,2207,10,200.0,0.5441166751909294,0.0748139885344684,0.0748139885344684,15.379868507385254
trajectory,activity/deployment/final/original_no_message/s2207,original_no_message,2207,11,220.0,0.5235800207655424,0.0758629820353841,0.0758629820353841,12.567524909973145
trajectory,activity/deployment/final/original_no_message/s2207,original_no_message,2207,12,240.0,0.5066436126745344,0.0777522297217147,0.0777522297217147,8.642359733581543
trajectory,activity/deployment/final/original_no_message/s2207,original_no_message,2207,13,260.0,0.4893923367272302,0.0785016511043408,0.0785016511043408,12.039509773254396
trajectory,activity/deployment/final/original_no_message/s2207,original_no_message,2207,14,280.0,0.4716056915291535,0.080175764416899,0.080175764416899,7.6930646896362305
trajectory,activity/deployment/final/original_no_message/s2207,original_no_message,2207,15,300.0,0.4548659852045315,0.0790193774458336,0.0790193774458336,10.01495361328125
trajectory,activity/deployment/final/original_no_message/s2207,original_no_message,2207,16,320.0,0.4423039539453053,0.0804245440622733,0.0804245440622733,11.723952293395996
trajectory,activity/deployment/final/original_no_message/s2207,original_no_message,2207,17,340.0,0.4490523663089804,0.0831264106564644,0.0831264106564644,19.45682144165039
trajectory,activity/deployment/final/original_no_message/s2207,original_no_message,2207,18,360.0,0.4289824355207235,0.0801315700015146,0.0801315700015146,13.559062004089355
trajectory,activity/deployment/final/original_no_message/s2207,original_no_message,2207,19,380.0,0.4108315225723151,0.0823891412309875,0.0823891412309875,11.263463973999023
trajectory,activity/deployment/final/original_no_message/s2207,original_no_message,2207,20,400.0,0.4187313032775194,0.0827881663892358,0.0827881663892358,10.896963119506836
trajectory,activity/deployment/final/original_no_message/s2207,original_no_message,2207,21,420.0,0.4039392324550649,0.083332341016564,0.083332341016564,7.848891258239746
trajectory,activity/deployment/final/original_no_message/s2207,original_no_message,2207,22,440.0,0.3937040216350858,0.0842454977491173,0.0842454977491173,9.002941131591797
trajectory,activity/deployment/final/original_no_message/s2207,original_no_message,2207,23,460.0,0.3834476581019385,0.0822703494846234,0.0822703494846234,9.609171867370604
trajectory,activity/deployment/final/original_no_message/s2207,original_no_message,2207,24,480.0,0.3803282214167385,0.0831867961005684,0.0831867961005684,13.43305778503418
trajectory,activity/deployment/final/original_no_message/s2207,original_no_message,2207,25,500.0,0.3727061054221782,0.0833128275485245,0.0833128275485245,11.695874214172363
trajectory,activity/deployment/final/original_no_message/s2207,original_no_message,2207,26,520.0,0.3589020747812709,0.0843860523822344,0.0843860523822344,10.114514350891112
trajectory,activity/deployment/final/original_no_message/s2207,original_no_message,2207,27,540.0,0.3535653661649505,0.0856783541138492,0.0856783541138492,11.741965293884276
trajectory,activity/deployment/final/original_no_message/s2207,original_no_message,2207,28,560.0,0.3483210788348821,0.0863943899992033,0.0863943899992033,8.818739891052246
trajectory,activity/deployment/final/original_no_message/s2207,original_no_message,2207,29,580.0,0.3397351412237211,0.0852740136100515,0.0852740136100515,9.2296142578125
trajectory,activity/deployment/final/original_no_message/s2207,original_no_message,2207,30,600.0,0.3412169640834981,0.0852156557415067,0.0852156557415067,9.926918029785156
trajectory,activity/deployment/final/original_no_message/s2207,original_no_message,2207,31,620.0,0.3346628051982028,0.0861788750429143,0.0861788750429143,8.522551536560059
trajectory,activity/deployment/final/original_no_message/s2207,original_no_message,2207,32,640.0,0.3255258052239255,0.0858837516392234,0.0858837516392234,14.65890884399414
trajectory,activity/deployment/final/original_no_message/s2207,original_no_message,2207,33,660.0,0.3352000941304198,0.0871164952903934,0.0871164952903934,12.886293411254885
trajectory,activity/deployment/final/original_no_message/s2207,original_no_message,2207,34,680.0,0.3177410717565356,0.0868216929325813,0.0868216929325813,9.80859661102295
trajectory,activity/deployment/final/original_no_message/s2207,original_no_message,2207,35,700.0,0.3167930223385051,0.0856570890196901,0.0856570890196901,11.77543830871582
trajectory,activity/deployment/final/original_no_message/s2207,original_no_message,2207,36,720.0,0.3123913072848528,0.0861125426612562,0.0861125426612562,14.532452583312988
trajectory,activity/deployment/final/original_no_message/s2207,original_no_message,2207,37,740.0,0.3116053290978796,0.0862311572312286,0.0862311572312286,11.75609302520752
trajectory,activity/deployment/final/original_no_message/s2207,original_no_message,2207,38,760.0,0.2939910750549118,0.0880574374649669,0.0880574374649669,12.036087989807127
trajectory,activity/deployment/final/original_no_message/s2207,original_no_message,2207,39,780.0,0.3005375455919952,0.0843507926825375,0.0843507926825375,11.545533180236816
trajectory,activity/deployment/final/original_no_message/s2207,original_no_message,2207,40,800.0,0.2934207988220894,0.0867446089937895,0.0867446089937895,6.325796127319336
trajectory,activity/deployment/final/original_no_message/s2207,original_no_message,2207,41,820.0,0.283900679365049,0.0879749987039943,0.0879749987039943,8.60312271118164
trajectory,activity/deployment/final/original_no_message/s2207,original_no_message,2207,42,840.0,0.2857808535348999,0.08698617085811,0.08698617085811,11.16826629638672
trajectory,activity/deployment/final/original_no_message/s2207,original_no_message,2207,43,860.0,0.2801089951616132,0.08569710032309,0.08569710032309,6.223059177398682
trajectory,activity/deployment/final/original_no_message/s2207,original_no_message,2207,44,880.0,0.2709816461687906,0.0860051232714336,0.0860051232714336,9.791101455688477
trajectory,activity/deployment/final/original_no_message/s2207,original_no_message,2207,45,900.0,0.2663225601645478,0.0890723630232532,0.0890723630232532,8.367789268493652
trajectory,activity/deployment/final/original_no_message/s2207,original_no_message,2207,46,920.0,0.2595278243870845,0.0893664793301683,0.0893664793301683,9.034119606018066
trajectory,activity/deployment/final/original_no_message/s2207,original_no_message,2207,47,940.0,0.2556610417280811,0.0891773135751473,0.0891773135751473,9.391393661499023
trajectory,activity/deployment/final/original_no_message/s2207,original_no_message,2207,48,960.0,0.2589541447124754,0.0901730877651776,0.0901730877651776,8.009395599365234
trajectory,activity/deployment/final/original_no_message/s2207,original_no_message,2207,49,980.0,0.2500444587447323,0.0868094978295191,0.0868094978295191,7.643366813659668
trajectory,activity/deployment/final/original_no_message/s2207,original_no_message,2207,50,1000.0,0.2480524801564084,0.0916164855570904,0.0916164855570904,7.789109230041504
trajectory,activity/deployment/final/original_no_message/s2207,original_no_message,2207,51,1020.0,0.2502715901617401,0.0898681348011543,0.0898681348011543,12.988819122314451
trajectory,activity/deployment/final/original_no_message/s2207,original_no_message,2207,52,1040.0,0.2408506492000425,0.0906464499026947,0.0906464499026947,9.438307762145996
selected_checkpoint,activity/deployment/final/original_no_message/s2207,original_no_message,2207,2,,,0.0620229162167435,,
trajectory,activity/deployment/final/original_no_message/s3301,original_no_message,3301,1,20.0,0.9330181701018566,0.0597289503694165,0.0597289503694165,4.711015224456787
trajectory,activity/deployment/final/original_no_message/s3301,original_no_message,3301,2,40.0,0.803378468661956,0.065513548688807,0.065513548688807,7.463459491729736
trajectory,activity/deployment/final/original_no_message/s3301,original_no_message,3301,3,60.0,0.7214072964984903,0.0665175715802159,0.0665175715802159,7.760948657989502
trajectory,activity/deployment/final/original_no_message/s3301,original_no_message,3301,4,80.0,0.6882626728655518,0.0669244751956138,0.0669244751956138,10.398842811584473
trajectory,activity/deployment/final/original_no_message/s3301,original_no_message,3301,5,100.0,0.6606321804953341,0.069475279358213,0.069475279358213,10.783656120300291
trajectory,activity/deployment/final/original_no_message/s3301,original_no_message,3301,6,120.0,0.6215463245644088,0.0717523386486871,0.0717523386486871,6.350690841674805
trajectory,activity/deployment/final/original_no_message/s3301,original_no_message,3301,7,140.0,0.5819553020362157,0.0724294783874175,0.0724294783874175,6.402431964874268
trajectory,activity/deployment/final/original_no_message/s3301,original_no_message,3301,8,160.0,0.5687909757835321,0.073462643167932,0.073462643167932,7.272886753082275
trajectory,activity/deployment/final/original_no_message/s3301,original_no_message,3301,9,180.0,0.5603001490767936,0.0739081532483244,0.0739081532483244,12.8314208984375
trajectory,activity/deployment/final/original_no_message/s3301,original_no_message,3301,10,200.0,0.5312415416322122,0.0759919112699972,0.0759919112699972,12.132938385009766
trajectory,activity/deployment/final/original_no_message/s3301,original_no_message,3301,11,220.0,0.5302868636947856,0.0742214181429794,0.0742214181429794,8.185873031616211
trajectory,activity/deployment/final/original_no_message/s3301,original_no_message,3301,12,240.0,0.4997378442380237,0.0754718202228025,0.0754718202228025,11.798171997070312
trajectory,activity/deployment/final/original_no_message/s3301,original_no_message,3301,13,260.0,0.4896018155942936,0.0758994817135267,0.0758994817135267,9.007905006408691
trajectory,activity/deployment/final/original_no_message/s3301,original_no_message,3301,14,280.0,0.4886284861373371,0.0780600739765843,0.0780600739765843,10.795183181762695
trajectory,activity/deployment/final/original_no_message/s3301,original_no_message,3301,15,300.0,0.479678387533965,0.0736739536483549,0.0736739536483549,14.331917762756348
trajectory,activity/deployment/final/original_no_message/s3301,original_no_message,3301,16,320.0,0.4680417138873063,0.0729785652587923,0.0729785652587923,8.103778839111328
trajectory,activity/deployment/final/original_no_message/s3301,original_no_message,3301,17,340.0,0.4520159287524659,0.0752046381091799,0.0752046381091799,8.11231803894043
trajectory,activity/deployment/final/original_no_message/s3301,original_no_message,3301,18,360.0,0.4419029335401851,0.0748057481019835,0.0748057481019835,9.839398384094238
trajectory,activity/deployment/final/original_no_message/s3301,original_no_message,3301,19,380.0,0.4414969152690305,0.0752019165857984,0.0752019165857984,9.79616355895996
trajectory,activity/deployment/final/original_no_message/s3301,original_no_message,3301,20,400.0,0.4337732316815162,0.0732053341072783,0.0732053341072783,10.988372802734377
trajectory,activity/deployment/final/original_no_message/s3301,original_no_message,3301,21,420.0,0.4280737052369061,0.0741751935779077,0.0741751935779077,14.811064720153809
trajectory,activity/deployment/final/original_no_message/s3301,original_no_message,3301,22,440.0,0.4162329473932931,0.074234717832231,0.074234717832231,7.961185932159424
trajectory,activity/deployment/final/original_no_message/s3301,original_no_message,3301,23,460.0,0.3974780404113227,0.0732049435985129,0.0732049435985129,8.596972465515137
trajectory,activity/deployment/final/original_no_message/s3301,original_no_message,3301,24,480.0,0.394571983856848,0.0747951413577035,0.0747951413577035,9.33590316772461
trajectory,activity/deployment/final/original_no_message/s3301,original_no_message,3301,25,500.0,0.4037436653547007,0.0719350929248889,0.0719350929248889,12.152777671813965
trajectory,activity/deployment/final/original_no_message/s3301,original_no_message,3301,26,520.0,0.3895160415467996,0.0730245800039117,0.0730245800039117,8.552002906799316
trajectory,activity/deployment/final/original_no_message/s3301,original_no_message,3301,27,540.0,0.373438039949908,0.072844619963342,0.072844619963342,5.794126987457275
trajectory,activity/deployment/final/original_no_message/s3301,original_no_message,3301,28,560.0,0.3769441303797806,0.0729034028096827,0.0729034028096827,6.222663402557373
trajectory,activity/deployment/final/original_no_message/s3301,original_no_message,3301,29,580.0,0.3730663830226522,0.0726600228913852,0.0726600228913852,10.131601333618164
trajectory,activity/deployment/final/original_no_message/s3301,original_no_message,3301,30,600.0,0.3639606893583363,0.073272315632812,0.073272315632812,8.884001731872559
trajectory,activity/deployment/final/original_no_message/s3301,original_no_message,3301,31,620.0,0.354476746535661,0.0721991549238917,0.0721991549238917,6.72779655456543
trajectory,activity/deployment/final/original_no_message/s3301,original_no_message,3301,32,640.0,0.3552300503227424,0.071948662654606,0.071948662654606,7.297969341278076
trajectory,activity/deployment/final/original_no_message/s3301,original_no_message,3301,33,660.0,0.3412300375977426,0.0726784807038952,0.0726784807038952,6.694604396820068
trajectory,activity/deployment/final/original_no_message/s3301,original_no_message,3301,34,680.0,0.3385870248623742,0.0715953954510578,0.0715953954510578,9.105813026428224
trajectory,activity/deployment/final/original_no_message/s3301,original_no_message,3301,35,700.0,0.3397907367578284,0.0724686555546322,0.0724686555546322,9.03977108001709
trajectory,activity/deployment/final/original_no_message/s3301,original_no_message,3301,36,720.0,0.3295554845602007,0.0714316175766531,0.0714316175766531,8.223881721496582
trajectory,activity/deployment/final/original_no_message/s3301,original_no_message,3301,37,740.0,0.3226611014156705,0.0748654696245011,0.0748654696245011,7.963858127593994
trajectory,activity/deployment/final/original_no_message/s3301,original_no_message,3301,38,760.0,0.3199750109264261,0.0724222634974477,0.0724222634974477,10.233848571777344
trajectory,activity/deployment/final/original_no_message/s3301,original_no_message,3301,39,780.0,0.3102230292473453,0.0692431747723031,0.0692431747723031,9.519346237182615
trajectory,activity/deployment/final/original_no_message/s3301,original_no_message,3301,40,800.0,0.3179051592247746,0.0715616048459162,0.0715616048459162,9.752975463867188
trajectory,activity/deployment/final/original_no_message/s3301,original_no_message,3301,41,820.0,0.3041085673760951,0.0730752918300183,0.0730752918300183,4.742687702178955
trajectory,activity/deployment/final/original_no_message/s3301,original_no_message,3301,42,840.0,0.2968471572927486,0.0717570635754254,0.0717570635754254,6.319875717163086
trajectory,activity/deployment/final/original_no_message/s3301,original_no_message,3301,43,860.0,0.2909300123016639,0.072540307529124,0.072540307529124,8.599453926086426
trajectory,activity/deployment/final/original_no_message/s3301,original_no_message,3301,44,880.0,0.2933996437181074,0.0726772880809565,0.0726772880809565,7.97629451751709
trajectory,activity/deployment/final/original_no_message/s3301,original_no_message,3301,45,900.0,0.2893334339306977,0.071934433328804,0.071934433328804,8.576423645019531
trajectory,activity/deployment/final/original_no_message/s3301,original_no_message,3301,46,920.0,0.2823997927005561,0.0724494639679639,0.0724494639679639,6.4702324867248535
trajectory,activity/deployment/final/original_no_message/s3301,original_no_message,3301,47,940.0,0.2772585441779295,0.0718330735540441,0.0718330735540441,7.184538841247559
trajectory,activity/deployment/final/original_no_message/s3301,original_no_message,3301,48,960.0,0.2646669576431286,0.0720756108048715,0.0720756108048715,5.162718296051025
trajectory,activity/deployment/final/original_no_message/s3301,original_no_message,3301,49,980.0,0.2672507461808426,0.0718153509886797,0.0718153509886797,10.967644691467283
trajectory,activity/deployment/final/original_no_message/s3301,original_no_message,3301,50,1000.0,0.2657168962067323,0.0716195006672576,0.0716195006672576,10.08629322052002
trajectory,activity/deployment/final/original_no_message/s3301,original_no_message,3301,51,1020.0,0.256554167395172,0.07259852068578,0.07259852068578,10.416024208068848
selected_checkpoint,activity/deployment/final/original_no_message/s3301,original_no_message,3301,1,,,0.0597289503694165,,
trajectory,activity/deployment/final/original_no_message/s4409,original_no_message,4409,1,20.0,0.9661501225637386,0.0586465313947339,0.0586465313947339,8.658848762512207
trajectory,activity/deployment/final/original_no_message/s4409,original_no_message,4409,2,40.0,0.8265838826621118,0.058836214148762,0.058836214148762,7.962738037109375
trajectory,activity/deployment/final/original_no_message/s4409,original_no_message,4409,3,60.0,0.7359704442020444,0.0637745174810956,0.0637745174810956,10.357665061950684
trajectory,activity/deployment/final/original_no_message/s4409,original_no_message,4409,4,80.0,0.6695985258146351,0.0647365529532907,0.0647365529532907,8.986802101135254
trajectory,activity/deployment/final/original_no_message/s4409,original_no_message,4409,5,100.0,0.6188947684808418,0.066908850579067,0.066908850579067,6.447899341583252
trajectory,activity/deployment/final/original_no_message/s4409,original_no_message,4409,6,120.0,0.5907560813228131,0.0692374076312975,0.0692374076312975,11.991225242614746
trajectory,activity/deployment/final/original_no_message/s4409,original_no_message,4409,7,140.0,0.5611450262634029,0.0704331779807842,0.0704331779807842,7.865103721618652
trajectory,activity/deployment/final/original_no_message/s4409,original_no_message,4409,8,160.0,0.5431129966490414,0.072012755622858,0.072012755622858,11.34303092956543
trajectory,activity/deployment/final/original_no_message/s4409,original_no_message,4409,9,180.0,0.5267025006016254,0.0728487854675281,0.0728487854675281,11.252910614013672
trajectory,activity/deployment/final/original_no_message/s4409,original_no_message,4409,10,200.0,0.5064926121659086,0.0717701142939475,0.0717701142939475,9.492658615112305
trajectory,activity/deployment/final/original_no_message/s4409,original_no_message,4409,11,220.0,0.48863882678572,0.0723021190202123,0.0723021190202123,9.946351051330566
trajectory,activity/deployment/final/original_no_message/s4409,original_no_message,4409,12,240.0,0.4754041322552088,0.0723024666289048,0.0723024666289048,8.229043006896973
trajectory,activity/deployment/final/original_no_message/s4409,original_no_message,4409,13,260.0,0.4646740016054785,0.0740452321120479,0.0740452321120479,6.695164680480957
trajectory,activity/deployment/final/original_no_message/s4409,original_no_message,4409,14,280.0,0.4416662772275608,0.0747050764797877,0.0747050764797877,9.666979789733888
trajectory,activity/deployment/final/original_no_message/s4409,original_no_message,4409,15,300.0,0.433432829839261,0.0729512633886342,0.0729512633886342,8.28179931640625
trajectory,activity/deployment/final/original_no_message/s4409,original_no_message,4409,16,320.0,0.4234449292479099,0.0744493717182791,0.0744493717182791,8.788113594055176
trajectory,activity/deployment/final/original_no_message/s4409,original_no_message,4409,17,340.0,0.4147980266189272,0.0745548734033522,0.0745548734033522,8.9168062210083
trajectory,activity/deployment/final/original_no_message/s4409,original_no_message,4409,18,360.0,0.4051766591331521,0.0728784765950012,0.0728784765950012,6.871968746185303
trajectory,activity/deployment/final/original_no_message/s4409,original_no_message,4409,19,380.0,0.3872528692812461,0.0753130072020294,0.0753130072020294,6.8096923828125
trajectory,activity/deployment/final/original_no_message/s4409,original_no_message,4409,20,400.0,0.3893190007346125,0.0758422098493683,0.0758422098493683,11.618812561035156
trajectory,activity/deployment/final/original_no_message/s4409,original_no_message,4409,21,420.0,0.3841179077638531,0.0745956592902342,0.0745956592902342,13.762002944946287
trajectory,activity/deployment/final/original_no_message/s4409,original_no_message,4409,22,440.0,0.3713191447038325,0.0757311650395094,0.0757311650395094,11.695905685424805
trajectory,activity/deployment/final/original_no_message/s4409,original_no_message,4409,23,460.0,0.3648963139064734,0.0756014882989829,0.0756014882989829,13.658222198486328
trajectory,activity/deployment/final/original_no_message/s4409,original_no_message,4409,24,480.0,0.3572244636590183,0.0743636762382703,0.0743636762382703,5.296320915222168
trajectory,activity/deployment/final/original_no_message/s4409,original_no_message,4409,25,500.0,0.3602141776048919,0.0753857456466569,0.0753857456466569,10.162229537963867
trajectory,activity/deployment/final/original_no_message/s4409,original_no_message,4409,26,520.0,0.3382456435321151,0.0760495142873348,0.0760495142873348,8.981668472290039
trajectory,activity/deployment/final/original_no_message/s4409,original_no_message,4409,27,540.0,0.3401946849393125,0.0736625712234696,0.0736625712234696,9.880897521972656
trajectory,activity/deployment/final/original_no_message/s4409,original_no_message,4409,28,560.0,0.3372011288373218,0.0741546423277959,0.0741546423277959,9.715693473815918
trajectory,activity/deployment/final/original_no_message/s4409,original_no_message,4409,29,580.0,0.3269783331346095,0.0746118686936352,0.0746118686936352,8.421680450439453
trajectory,activity/deployment/final/original_no_message/s4409,original_no_message,4409,30,600.0,0.319920911473637,0.0749000395948642,0.0749000395948642,8.997167587280273
trajectory,activity/deployment/final/original_no_message/s4409,original_no_message,4409,31,620.0,0.3129570444393385,0.0750210855654664,0.0750210855654664,8.610621452331543
trajectory,activity/deployment/final/original_no_message/s4409,original_no_message,4409,32,640.0,0.3089506806742113,0.0756858385079809,0.0756858385079809,8.088560104370117
trajectory,activity/deployment/final/original_no_message/s4409,original_no_message,4409,33,660.0,0.3014569956693884,0.0746120945970211,0.0746120945970211,8.77433967590332
trajectory,activity/deployment/final/original_no_message/s4409,original_no_message,4409,34,680.0,0.2975585614053667,0.0770942036904517,0.0770942036904517,7.565206050872803
trajectory,activity/deployment/final/original_no_message/s4409,original_no_message,4409,35,700.0,0.2865611551487796,0.0759799152606714,0.0759799152606714,6.229055404663086
trajectory,activity/deployment/final/original_no_message/s4409,original_no_message,4409,36,720.0,0.2919779371135854,0.0747447794793218,0.0747447794793218,15.477147102355955
trajectory,activity/deployment/final/original_no_message/s4409,original_no_message,4409,37,740.0,0.2777583888828802,0.0758476654972029,0.0758476654972029,8.766447067260742
trajectory,activity/deployment/final/original_no_message/s4409,original_no_message,4409,38,760.0,0.2768915203400696,0.0749580845798514,0.0749580845798514,7.623708248138428
trajectory,activity/deployment/final/original_no_message/s4409,original_no_message,4409,39,780.0,0.2702231845797008,0.0762405336126062,0.0762405336126062,10.796466827392578
trajectory,activity/deployment/final/original_no_message/s4409,original_no_message,4409,40,800.0,0.2673325062129495,0.0773489120856231,0.0773489120856231,8.524883270263672
trajectory,activity/deployment/final/original_no_message/s4409,original_no_message,4409,41,820.0,0.2643232435059036,0.076180981361062,0.076180981361062,7.440308570861816
trajectory,activity/deployment/final/original_no_message/s4409,original_no_message,4409,42,840.0,0.260820367158264,0.0757315109688329,0.0757315109688329,9.27953052520752
trajectory,activity/deployment/final/original_no_message/s4409,original_no_message,4409,43,860.0,0.2571937869568492,0.0784666836722797,0.0784666836722797,13.708925247192385
trajectory,activity/deployment/final/original_no_message/s4409,original_no_message,4409,44,880.0,0.2518976881117741,0.0760805625488764,0.0760805625488764,12.269244194030762
trajectory,activity/deployment/final/original_no_message/s4409,original_no_message,4409,45,900.0,0.2392895792546586,0.0805472868742294,0.0805472868742294,4.999949455261231
trajectory,activity/deployment/final/original_no_message/s4409,original_no_message,4409,46,920.0,0.2404419631712772,0.0765607753659675,0.0765607753659675,8.107695579528809
trajectory,activity/deployment/final/original_no_message/s4409,original_no_message,4409,47,940.0,0.2368518033607125,0.0795684689564198,0.0795684689564198,6.6994948387146
trajectory,activity/deployment/final/original_no_message/s4409,original_no_message,4409,48,960.0,0.2391490476816963,0.0805975208784438,0.0805975208784438,11.306879997253418
trajectory,activity/deployment/final/original_no_message/s4409,original_no_message,4409,49,980.0,0.2354406205503783,0.0785459536585185,0.0785459536585185,9.671256065368652
trajectory,activity/deployment/final/original_no_message/s4409,original_no_message,4409,50,1000.0,0.2268439511442298,0.0787391014371873,0.0787391014371873,6.928160667419434
trajectory,activity/deployment/final/original_no_message/s4409,original_no_message,4409,51,1020.0,0.2296149237369903,0.0796324751792675,0.0796324751792675,6.849482536315918
selected_checkpoint,activity/deployment/final/original_no_message/s4409,original_no_message,4409,1,,,0.0586465313947339,,
trajectory,activity/deployment/final/original_no_message/s5519,original_no_message,5519,1,20.0,0.9509892051327882,0.0618884921667598,0.0618884921667598,8.606123924255371
trajectory,activity/deployment/final/original_no_message/s5519,original_no_message,5519,2,40.0,0.8337527272055507,0.0614979958820456,0.0614979958820456,8.533223152160645
trajectory,activity/deployment/final/original_no_message/s5519,original_no_message,5519,3,60.0,0.7585589551471168,0.0699500729039939,0.0699500729039939,8.354501724243164
trajectory,activity/deployment/final/original_no_message/s5519,original_no_message,5519,4,80.0,0.7149747608198449,0.0659585338953885,0.0659585338953885,12.611217498779297
trajectory,activity/deployment/final/original_no_message/s5519,original_no_message,5519,5,100.0,0.6851754527985813,0.0664632846002459,0.0664632846002459,8.313643455505371
trajectory,activity/deployment/final/original_no_message/s5519,original_no_message,5519,6,120.0,0.6541442199772175,0.0693797777238197,0.0693797777238197,7.941572189331055
trajectory,activity/deployment/final/original_no_message/s5519,original_no_message,5519,7,140.0,0.6260693658903727,0.0693267703819744,0.0693267703819744,12.547811508178713
trajectory,activity/deployment/final/original_no_message/s5519,original_no_message,5519,8,160.0,0.600872253074449,0.070732103817335,0.070732103817335,7.004682540893555
trajectory,activity/deployment/final/original_no_message/s5519,original_no_message,5519,9,180.0,0.5815092156670035,0.0708060796664026,0.0708060796664026,8.26365852355957
trajectory,activity/deployment/final/original_no_message/s5519,original_no_message,5519,10,200.0,0.5607327605354303,0.0712548535537568,0.0712548535537568,6.465825080871582
trajectory,activity/deployment/final/original_no_message/s5519,original_no_message,5519,11,220.0,0.5395051934020305,0.0728165739282736,0.0728165739282736,8.61725902557373
trajectory,activity/deployment/final/original_no_message/s5519,original_no_message,5519,12,240.0,0.5503509234965464,0.0710750523200293,0.0710750523200293,15.88991641998291
trajectory,activity/deployment/final/original_no_message/s5519,original_no_message,5519,13,260.0,0.5195867361011157,0.0721353913612221,0.0721353913612221,8.50037956237793
trajectory,activity/deployment/final/original_no_message/s5519,original_no_message,5519,14,280.0,0.4996422586031998,0.0734576086503683,0.0734576086503683,8.157183647155762
trajectory,activity/deployment/final/original_no_message/s5519,original_no_message,5519,15,300.0,0.4803558797283339,0.0771283138848717,0.0771283138848717,8.473684310913086
trajectory,activity/deployment/final/original_no_message/s5519,original_no_message,5519,16,320.0,0.4729060691628217,0.0765761856640816,0.0765761856640816,13.388065338134766
trajectory,activity/deployment/final/original_no_message/s5519,original_no_message,5519,17,340.0,0.463905599190187,0.076452905587647,0.076452905587647,10.951927185058594
trajectory,activity/deployment/final/original_no_message/s5519,original_no_message,5519,18,360.0,0.4549822009111606,0.0758645320169684,0.0758645320169684,9.286001205444336
trajectory,activity/deployment/final/original_no_message/s5519,original_no_message,5519,19,380.0,0.4292002174710356,0.0767001346237382,0.0767001346237382,6.979896068572998
trajectory,activity/deployment/final/original_no_message/s5519,original_no_message,5519,20,400.0,0.4200405642757158,0.0771186448904611,0.0771186448904611,6.408308982849121
trajectory,activity/deployment/final/original_no_message/s5519,original_no_message,5519,21,420.0,0.4116207045681236,0.0767571257861475,0.0767571257861475,8.279821395874023
trajectory,activity/deployment/final/original_no_message/s5519,original_no_message,5519,22,440.0,0.4109124072351751,0.0772604470981667,0.0772604470981667,9.784923553466797
trajectory,activity/deployment/final/original_no_message/s5519,original_no_message,5519,23,460.0,0.4000217716451483,0.0777457010393572,0.0777457010393572,8.588850021362305
trajectory,activity/deployment/final/original_no_message/s5519,original_no_message,5519,24,480.0,0.3858983822527909,0.0773189412668451,0.0773189412668451,9.45156192779541
trajectory,activity/deployment/final/original_no_message/s5519,original_no_message,5519,25,500.0,0.3835486405846426,0.0774346157471164,0.0774346157471164,13.085676193237305
trajectory,activity/deployment/final/original_no_message/s5519,original_no_message,5519,26,520.0,0.3907123577793597,0.0763215725634621,0.0763215725634621,11.766054153442385
trajectory,activity/deployment/final/original_no_message/s5519,original_no_message,5519,27,540.0,0.3783960380518218,0.0768086361258244,0.0768086361258244,12.218581199645996
trajectory,activity/deployment/final/original_no_message/s5519,original_no_message,5519,28,560.0,0.3660776698939662,0.0812076552229156,0.0812076552229156,11.959657669067385
trajectory,activity/deployment/final/original_no_message/s5519,original_no_message,5519,29,580.0,0.3678436996067583,0.0777704897389353,0.0777704897389353,15.387225151062012
trajectory,activity/deployment/final/original_no_message/s5519,original_no_message,5519,30,600.0,0.3537225277770408,0.0765645644869584,0.0765645644869584,7.735000610351562
trajectory,activity/deployment/final/original_no_message/s5519,original_no_message,5519,31,620.0,0.344396863632774,0.0802445848391827,0.0802445848391827,11.49386501312256
trajectory,activity/deployment/final/original_no_message/s5519,original_no_message,5519,32,640.0,0.3380916389186199,0.0782240154697297,0.0782240154697297,7.559338092803955
trajectory,activity/deployment/final/original_no_message/s5519,original_no_message,5519,33,660.0,0.3470949103569019,0.0763392211147693,0.0763392211147693,13.163923263549805
trajectory,activity/deployment/final/original_no_message/s5519,original_no_message,5519,34,680.0,0.3332710966787421,0.0786419010030546,0.0786419010030546,13.18763828277588
trajectory,activity/deployment/final/original_no_message/s5519,original_no_message,5519,35,700.0,0.3234931655920527,0.0809667192562334,0.0809667192562334,9.904203414916992
trajectory,activity/deployment/final/original_no_message/s5519,original_no_message,5519,36,720.0,0.3198120983893006,0.0766611660295129,0.0766611660295129,7.900663375854492
trajectory,activity/deployment/final/original_no_message/s5519,original_no_message,5519,37,740.0,0.3173142144422478,0.0790031624554343,0.0790031624554343,9.005859375
trajectory,activity/deployment/final/original_no_message/s5519,original_no_message,5519,38,760.0,0.3095598889542914,0.0804255070841501,0.0804255070841501,11.105708122253418
trajectory,activity/deployment/final/original_no_message/s5519,original_no_message,5519,39,780.0,0.3032380109083283,0.0808460005497306,0.0808460005497306,11.446951866149902
trajectory,activity/deployment/final/original_no_message/s5519,original_no_message,5519,40,800.0,0.2959780247558006,0.0792155585731249,0.0792155585731249,8.250203132629395
trajectory,activity/deployment/final/original_no_message/s5519,original_no_message,5519,41,820.0,0.2914148778599155,0.0807178540066493,0.0807178540066493,6.6911821365356445
trajectory,activity/deployment/final/original_no_message/s5519,original_no_message,5519,42,840.0,0.2917187983692402,0.0808783586620584,0.0808783586620584,7.691454887390137
trajectory,activity/deployment/final/original_no_message/s5519,original_no_message,5519,43,860.0,0.2808838843399802,0.0820443374864108,0.0820443374864108,6.897554397583008
trajectory,activity/deployment/final/original_no_message/s5519,original_no_message,5519,44,880.0,0.2778274744299312,0.0793906110945684,0.0793906110945684,6.8821797370910645
trajectory,activity/deployment/final/original_no_message/s5519,original_no_message,5519,45,900.0,0.2721012420271766,0.0814632736131412,0.0814632736131412,9.115483283996582
trajectory,activity/deployment/final/original_no_message/s5519,original_no_message,5519,46,920.0,0.2738749739004564,0.0830820025593994,0.0830820025593994,9.69415283203125
trajectory,activity/deployment/final/original_no_message/s5519,original_no_message,5519,47,940.0,0.265472363275228,0.0812689143324679,0.0812689143324679,8.155532836914062
trajectory,activity/deployment/final/original_no_message/s5519,original_no_message,5519,48,960.0,0.2608008055435086,0.0803862507008614,0.0803862507008614,7.648407936096191
trajectory,activity/deployment/final/original_no_message/s5519,original_no_message,5519,49,980.0,0.2557958341998841,0.0815982019757494,0.0815982019757494,8.560259819030762
trajectory,activity/deployment/final/original_no_message/s5519,original_no_message,5519,50,1000.0,0.2548054557787794,0.0818514550381912,0.0818514550381912,10.425453186035156
trajectory,activity/deployment/final/original_no_message/s5519,original_no_message,5519,51,1020.0,0.2502708422986168,0.0825681363357092,0.0825681363357092,7.990814685821533
trajectory,activity/deployment/final/original_no_message/s5519,original_no_message,5519,52,1040.0,0.242868321769478,0.0841053175077378,0.0841053175077378,11.54355812072754
selected_checkpoint,activity/deployment/final/original_no_message/s5519,original_no_message,5519,2,,,0.0614979958820456,,
trajectory,activity/deployment/final/original_no_message/s6637,original_no_message,6637,1,20.0,0.9759343986571828,0.0621295900112971,0.0621295900112971,10.315237998962402
trajectory,activity/deployment/final/original_no_message/s6637,original_no_message,6637,2,40.0,0.877589118158751,0.0632666115166527,0.0632666115166527,10.63374137878418
trajectory,activity/deployment/final/original_no_message/s6637,original_no_message,6637,3,60.0,0.7860109059937517,0.0603522212139157,0.0603522212139157,9.13877773284912
trajectory,activity/deployment/final/original_no_message/s6637,original_no_message,6637,4,80.0,0.718108296725748,0.0622138571696651,0.0622138571696651,9.741604804992676
trajectory,activity/deployment/final/original_no_message/s6637,original_no_message,6637,5,100.0,0.6751252036657098,0.0653951337218439,0.0653951337218439,13.247517585754396
trajectory,activity/deployment/final/original_no_message/s6637,original_no_message,6637,6,120.0,0.6348497883207368,0.0678103861681479,0.0678103861681479,11.93397045135498
trajectory,activity/deployment/final/original_no_message/s6637,original_no_message,6637,7,140.0,0.6144485598617929,0.068200956332457,0.068200956332457,8.70287036895752
trajectory,activity/deployment/final/original_no_message/s6637,original_no_message,6637,8,160.0,0.5916177577400511,0.0714347035788256,0.0714347035788256,17.067842483520508
trajectory,activity/deployment/final/original_no_message/s6637,original_no_message,6637,9,180.0,0.5711134621034641,0.0720864657703199,0.0720864657703199,12.707406044006348
trajectory,activity/deployment/final/original_no_message/s6637,original_no_message,6637,10,200.0,0.5689339887016439,0.0748992896578121,0.0748992896578121,13.80473518371582
trajectory,activity/deployment/final/original_no_message/s6637,original_no_message,6637,11,220.0,0.5491932790084336,0.0748243190844323,0.0748243190844323,19.366567611694336
trajectory,activity/deployment/final/original_no_message/s6637,original_no_message,6637,12,240.0,0.5311457658211706,0.07476991945495,0.07476991945495,15.918161392211914
trajectory,activity/deployment/final/original_no_message/s6637,original_no_message,6637,13,260.0,0.5080987248182107,0.0762716031565587,0.0762716031565587,15.076489448547363
trajectory,activity/deployment/final/original_no_message/s6637,original_no_message,6637,14,280.0,0.4942957785415497,0.0802874135640851,0.0802874135640851,11.250081062316896
trajectory,activity/deployment/final/original_no_message/s6637,original_no_message,6637,15,300.0,0.4824862485844716,0.0803762070491065,0.0803762070491065,13.54806423187256
trajectory,activity/deployment/final/original_no_message/s6637,original_no_message,6637,16,320.0,0.4751406923421704,0.0795252156889532,0.0795252156889532,12.612503051757812
trajectory,activity/deployment/final/original_no_message/s6637,original_no_message,6637,17,340.0,0.4695777276899248,0.0785787379358023,0.0785787379358023,16.0577392578125
trajectory,activity/deployment/final/original_no_message/s6637,original_no_message,6637,18,360.0,0.4535166110142154,0.0794320642295969,0.0794320642295969,9.931118965148926
trajectory,activity/deployment/final/original_no_message/s6637,original_no_message,6637,19,380.0,0.4490434786835959,0.0801823937648224,0.0801823937648224,11.985065460205078
trajectory,activity/deployment/final/original_no_message/s6637,original_no_message,6637,20,400.0,0.4302613346277484,0.0798994870359556,0.0798994870359556,8.856492042541504
trajectory,activity/deployment/final/original_no_message/s6637,original_no_message,6637,21,420.0,0.4198995301939364,0.081112822698017,0.081112822698017,9.634501457214355
trajectory,activity/deployment/final/original_no_message/s6637,original_no_message,6637,22,440.0,0.4150409891645145,0.0819532446241368,0.0819532446241368,11.385812759399414
trajectory,activity/deployment/final/original_no_message/s6637,original_no_message,6637,23,460.0,0.3943707859402521,0.0830581631520105,0.0830581631520105,8.67365550994873
trajectory,activity/deployment/final/original_no_message/s6637,original_no_message,6637,24,480.0,0.390936513307835,0.0834511708501282,0.0834511708501282,10.570038795471191
trajectory,activity/deployment/final/original_no_message/s6637,original_no_message,6637,25,500.0,0.3947639214888369,0.0794298452004648,0.0794298452004648,8.6351900100708
trajectory,activity/deployment/final/original_no_message/s6637,original_no_message,6637,26,520.0,0.3794075070959505,0.0838420994915806,0.0838420994915806,10.124337196350098
trajectory,activity/deployment/final/original_no_message/s6637,original_no_message,6637,27,540.0,0.3765443796624826,0.0808133777189085,0.0808133777189085,11.906323432922363
trajectory,activity/deployment/final/original_no_message/s6637,original_no_message,6637,28,560.0,0.3657201458008352,0.0822771115602191,0.0822771115602191,12.04250717163086
trajectory,activity/deployment/final/original_no_message/s6637,original_no_message,6637,29,580.0,0.3540932608914811,0.0789801227937537,0.0789801227937537,11.242985725402832
trajectory,activity/deployment/final/original_no_message/s6637,original_no_message,6637,30,600.0,0.3499809992133482,0.0828700247680712,0.0828700247680712,10.757691383361816
trajectory,activity/deployment/final/original_no_message/s6637,original_no_message,6637,31,620.0,0.3401303328484936,0.0812663084647293,0.0812663084647293,8.503504753112793
trajectory,activity/deployment/final/original_no_message/s6637,original_no_message,6637,32,640.0,0.3262240803838249,0.0834491103127568,0.0834491103127568,10.76490879058838
trajectory,activity/deployment/final/original_no_message/s6637,original_no_message,6637,33,660.0,0.3266746144478429,0.0855514108110623,0.0855514108110623,11.471656799316406
trajectory,activity/deployment/final/original_no_message/s6637,original_no_message,6637,34,680.0,0.3220854608950111,0.0835374452418013,0.0835374452418013,7.419792652130127
trajectory,activity/deployment/final/original_no_message/s6637,original_no_message,6637,35,700.0,0.3140775066363234,0.0831158937569561,0.0831158937569561,9.590085983276367
trajectory,activity/deployment/final/original_no_message/s6637,original_no_message,6637,36,720.0,0.3192363079811866,0.0863387702891994,0.0863387702891994,10.34990406036377
trajectory,activity/deployment/final/original_no_message/s6637,original_no_message,6637,37,740.0,0.3160120634638761,0.083154591082709,0.083154591082709,12.777091979980469
trajectory,activity/deployment/final/original_no_message/s6637,original_no_message,6637,38,760.0,0.3002534692158672,0.0859172070477031,0.0859172070477031,16.605548858642578
trajectory,activity/deployment/final/original_no_message/s6637,original_no_message,6637,39,780.0,0.2980199395852774,0.0843951560748935,0.0843951560748935,10.828123092651367
trajectory,activity/deployment/final/original_no_message/s6637,original_no_message,6637,40,800.0,0.300676985285034,0.0825877172769212,0.0825877172769212,11.953184127807615
trajectory,activity/deployment/final/original_no_message/s6637,original_no_message,6637,41,820.0,0.285070895722596,0.0834181121681794,0.0834181121681794,6.329516887664795
trajectory,activity/deployment/final/original_no_message/s6637,original_no_message,6637,42,840.0,0.2860697974422037,0.0820310429212494,0.0820310429212494,11.442349433898926
trajectory,activity/deployment/final/original_no_message/s6637,original_no_message,6637,43,860.0,0.2765238054741745,0.0808950840360263,0.0808950840360263,7.401398181915283
trajectory,activity/deployment/final/original_no_message/s6637,original_no_message,6637,44,880.0,0.2743758483478434,0.0852761833806997,0.0852761833806997,11.860872268676758
trajectory,activity/deployment/final/original_no_message/s6637,original_no_message,6637,45,900.0,0.2593138522222176,0.0852344504593422,0.0852344504593422,10.337175369262695
trajectory,activity/deployment/final/original_no_message/s6637,original_no_message,6637,46,920.0,0.2626261306931046,0.0821536885855101,0.0821536885855101,6.480319023132324
trajectory,activity/deployment/final/original_no_message/s6637,original_no_message,6637,47,940.0,0.2549021809796097,0.0867264698241531,0.0867264698241531,9.342482566833496
trajectory,activity/deployment/final/original_no_message/s6637,original_no_message,6637,48,960.0,0.2621720428027455,0.0831648816810975,0.0831648816810975,12.872110366821287
trajectory,activity/deployment/final/original_no_message/s6637,original_no_message,6637,49,980.0,0.2603154177699797,0.083726184891392,0.083726184891392,18.2119197845459
trajectory,activity/deployment/final/original_no_message/s6637,original_no_message,6637,50,1000.0,0.248324372341843,0.086456304178818,0.086456304178818,8.62630558013916
trajectory,activity/deployment/final/original_no_message/s6637,original_no_message,6637,51,1020.0,0.2506191935020368,0.0875921566000667,0.0875921566000667,11.060795783996582
trajectory,activity/deployment/final/original_no_message/s6637,original_no_message,6637,52,1040.0,0.2472213747910415,0.0862295745806727,0.0862295745806727,12.149388313293455
trajectory,activity/deployment/final/original_no_message/s6637,original_no_message,6637,53,1060.0,0.2482959682786152,0.0846507990216664,0.0846507990216664,12.187074661254885
selected_checkpoint,activity/deployment/final/original_no_message/s6637,original_no_message,6637,3,,,0.0603522212139157,,
trajectory,activity/deployment/final/original_no_message/s7753,original_no_message,7753,1,20.0,1.001688554279382,0.063938226781229,0.063938226781229,14.357993125915527
trajectory,activity/deployment/final/original_no_message/s7753,original_no_message,7753,2,40.0,0.8385069249545515,0.0626717563795267,0.0626717563795267,9.986225128173828
trajectory,activity/deployment/final/original_no_message/s7753,original_no_message,7753,3,60.0,0.7575781668719079,0.066172464985023,0.066172464985023,8.957002639770508
trajectory,activity/deployment/final/original_no_message/s7753,original_no_message,7753,4,80.0,0.6909154528090649,0.0687021073787292,0.0687021073787292,6.743656158447266
trajectory,activity/deployment/final/original_no_message/s7753,original_no_message,7753,5,100.0,0.6659379407846331,0.0695458950580612,0.0695458950580612,12.09501838684082
trajectory,activity/deployment/final/original_no_message/s7753,original_no_message,7753,6,120.0,0.6402926543480446,0.0745843163481765,0.0745843163481765,12.819253921508787
trajectory,activity/deployment/final/original_no_message/s7753,original_no_message,7753,7,140.0,0.5993209119539965,0.0757487475294658,0.0757487475294658,9.669349670410156
trajectory,activity/deployment/final/original_no_message/s7753,original_no_message,7753,8,160.0,0.569224687679312,0.0776463718431315,0.0776463718431315,15.225123405456545
trajectory,activity/deployment/final/original_no_message/s7753,original_no_message,7753,9,180.0,0.5562759256249292,0.0780275508476377,0.0780275508476377,10.429041862487791
trajectory,activity/deployment/final/original_no_message/s7753,original_no_message,7753,10,200.0,0.5444801848165756,0.0786867790967339,0.0786867790967339,15.398364067077637
trajectory,activity/deployment/final/original_no_message/s7753,original_no_message,7753,11,220.0,0.5140440188957832,0.0796801651586049,0.0796801651586049,12.205801010131836
trajectory,activity/deployment/final/original_no_message/s7753,original_no_message,7753,12,240.0,0.4949124459239393,0.0822487932636189,0.0822487932636189,11.381582260131836
trajectory,activity/deployment/final/original_no_message/s7753,original_no_message,7753,13,260.0,0.4796519030693317,0.0805525713785293,0.0805525713785293,14.136551856994627
trajectory,activity/deployment/final/original_no_message/s7753,original_no_message,7753,14,280.0,0.464110185789437,0.0837610339234887,0.0837610339234887,16.1131534576416
trajectory,activity/deployment/final/original_no_message/s7753,original_no_message,7753,15,300.0,0.4441834415965273,0.0838853197600301,0.0838853197600301,11.317516326904297
trajectory,activity/deployment/final/original_no_message/s7753,original_no_message,7753,16,320.0,0.4410504243315166,0.0870233152432288,0.0870233152432288,8.920976638793945
trajectory,activity/deployment/final/original_no_message/s7753,original_no_message,7753,17,340.0,0.4241330961891353,0.0823193625720614,0.0823193625720614,9.146940231323242
trajectory,activity/deployment/final/original_no_message/s7753,original_no_message,7753,18,360.0,0.4308600243450252,0.0827550840883193,0.0827550840883193,9.047898292541504
trajectory,activity/deployment/final/original_no_message/s7753,original_no_message,7753,19,380.0,0.4177206571941058,0.0850224578251283,0.0850224578251283,8.796723365783691
trajectory,activity/deployment/final/original_no_message/s7753,original_no_message,7753,20,400.0,0.3959737295096975,0.0840713835269829,0.0840713835269829,11.613811492919922
trajectory,activity/deployment/final/original_no_message/s7753,original_no_message,7753,21,420.0,0.3909725192002212,0.0836116152050666,0.0836116152050666,8.02837085723877
trajectory,activity/deployment/final/original_no_message/s7753,original_no_message,7753,22,440.0,0.3796206514592962,0.0839455566876995,0.0839455566876995,9.242660522460938
trajectory,activity/deployment/final/original_no_message/s7753,original_no_message,7753,23,460.0,0.3894560682196007,0.0847557914065475,0.0847557914065475,13.000199317932127
trajectory,activity/deployment/final/original_no_message/s7753,original_no_message,7753,24,480.0,0.3684119843272011,0.085940492498501,0.085940492498501,7.607997894287109
trajectory,activity/deployment/final/original_no_message/s7753,original_no_message,7753,25,500.0,0.3712577497656142,0.0844664613631646,0.0844664613631646,8.835935592651367
trajectory,activity/deployment/final/original_no_message/s7753,original_no_message,7753,26,520.0,0.3540117465095732,0.087429337114985,0.087429337114985,7.871610164642334
trajectory,activity/deployment/final/original_no_message/s7753,original_no_message,7753,27,540.0,0.3561906255219454,0.0864829715549165,0.0864829715549165,7.998567581176758
trajectory,activity/deployment/final/original_no_message/s7753,original_no_message,7753,28,560.0,0.3622150987599746,0.0853915284395234,0.0853915284395234,11.948553085327148
trajectory,activity/deployment/final/original_no_message/s7753,original_no_message,7753,29,580.0,0.3445968173675067,0.0868523979343536,0.0868523979343536,11.517163276672363
trajectory,activity/deployment/final/original_no_message/s7753,original_no_message,7753,30,600.0,0.3317195973858367,0.0826144662184954,0.0826144662184954,13.394989967346191
trajectory,activity/deployment/final/original_no_message/s7753,original_no_message,7753,31,620.0,0.3330930209377628,0.0876785326320635,0.0876785326320635,9.52837371826172
trajectory,activity/deployment/final/original_no_message/s7753,original_no_message,7753,32,640.0,0.3285854507572032,0.0845744141112968,0.0845744141112968,15.548656463623049
trajectory,activity/deployment/final/original_no_message/s7753,original_no_message,7753,33,660.0,0.3183400168411309,0.0881587614287646,0.0881587614287646,10.259174346923828
trajectory,activity/deployment/final/original_no_message/s7753,original_no_message,7753,34,680.0,0.3119058740148476,0.0876926385235745,0.0876926385235745,8.076529502868652
trajectory,activity/deployment/final/original_no_message/s7753,original_no_message,7753,35,700.0,0.3110640096796989,0.0853519057571429,0.0853519057571429,10.265779495239258
trajectory,activity/deployment/final/original_no_message/s7753,original_no_message,7753,36,720.0,0.2988265570285682,0.0937991556783806,0.0937991556783806,9.139890670776367
trajectory,activity/deployment/final/original_no_message/s7753,original_no_message,7753,37,740.0,0.2939785850530962,0.0891251515261579,0.0891251515261579,6.50437068939209
trajectory,activity/deployment/final/original_no_message/s7753,original_no_message,7753,38,760.0,0.2850759020866715,0.0880848035360256,0.0880848035360256,7.743019104003906
trajectory,activity/deployment/final/original_no_message/s7753,original_no_message,7753,39,780.0,0.2843734378659412,0.0889257840177986,0.0889257840177986,8.189366340637207
trajectory,activity/deployment/final/original_no_message/s7753,original_no_message,7753,40,800.0,0.2794972719939764,0.0889324885829046,0.0889324885829046,11.009125709533691
trajectory,activity/deployment/final/original_no_message/s7753,original_no_message,7753,41,820.0,0.2757953131738591,0.0874994844454189,0.0874994844454189,7.173296451568604
trajectory,activity/deployment/final/original_no_message/s7753,original_no_message,7753,42,840.0,0.2629598968080152,0.0922615254155035,0.0922615254155035,8.733220100402832
trajectory,activity/deployment/final/original_no_message/s7753,original_no_message,7753,43,860.0,0.2664188363539784,0.0907855804213929,0.0907855804213929,7.672941207885742
trajectory,activity/deployment/final/original_no_message/s7753,original_no_message,7753,44,880.0,0.259282749024907,0.0889244468351308,0.0889244468351308,8.619065284729004
trajectory,activity/deployment/final/original_no_message/s7753,original_no_message,7753,45,900.0,0.2556262318580466,0.0901080725044065,0.0901080725044065,7.816137313842773
trajectory,activity/deployment/final/original_no_message/s7753,original_no_message,7753,46,920.0,0.2546959708520966,0.0896907383254009,0.0896907383254009,8.664407730102539
trajectory,activity/deployment/final/original_no_message/s7753,original_no_message,7753,47,940.0,0.2451495224635121,0.0897631583710863,0.0897631583710863,8.006986618041992
trajectory,activity/deployment/final/original_no_message/s7753,original_no_message,7753,48,960.0,0.2406936539980605,0.0904646913562442,0.0904646913562442,8.966320991516113
trajectory,activity/deployment/final/original_no_message/s7753,original_no_message,7753,49,980.0,0.238979507228796,0.0937385225435378,0.0937385225435378,7.348769187927246
trajectory,activity/deployment/final/original_no_message/s7753,original_no_message,7753,50,1000.0,0.2378250220827492,0.0923323490506325,0.0923323490506325,8.650236129760742
trajectory,activity/deployment/final/original_no_message/s7753,original_no_message,7753,51,1020.0,0.2256345783935074,0.0926234691517224,0.0926234691517224,8.254673957824707
trajectory,activity/deployment/final/original_no_message/s7753,original_no_message,7753,52,1040.0,0.2253204540092856,0.0878262546373221,0.0878262546373221,8.326848030090332
selected_checkpoint,activity/deployment/final/original_no_message/s7753,original_no_message,7753,2,,,0.0626717563795267,,
trajectory,activity/deployment/final/original_no_message/s8867,original_no_message,8867,1,20.0,0.9691085779449125,0.0689351226131247,0.0689351226131247,8.450654983520508
trajectory,activity/deployment/final/original_no_message/s8867,original_no_message,8867,2,40.0,0.8744130879285508,0.0629702458992861,0.0629702458992861,5.622503757476807
trajectory,activity/deployment/final/original_no_message/s8867,original_no_message,8867,3,60.0,0.7990889486762812,0.0625340417889084,0.0625340417889084,9.045602798461914
trajectory,activity/deployment/final/original_no_message/s8867,original_no_message,8867,4,80.0,0.7231161609540581,0.0659367269182485,0.0659367269182485,7.0154008865356445
trajectory,activity/deployment/final/original_no_message/s8867,original_no_message,8867,5,100.0,0.6898737408700114,0.0685858465999509,0.0685858465999509,9.588232040405272
trajectory,activity/deployment/final/original_no_message/s8867,original_no_message,8867,6,120.0,0.6415475708705457,0.073913768922786,0.073913768922786,8.222158432006836
trajectory,activity/deployment/final/original_no_message/s8867,original_no_message,8867,7,140.0,0.6403029907119,0.0710506575077978,0.0710506575077978,12.551043510437012
trajectory,activity/deployment/final/original_no_message/s8867,original_no_message,8867,8,160.0,0.5948531437810212,0.0745869770141185,0.0745869770141185,9.553400993347168
trajectory,activity/deployment/final/original_no_message/s8867,original_no_message,8867,9,180.0,0.5930089162776544,0.0744870681940406,0.0744870681940406,12.273715019226074
trajectory,activity/deployment/final/original_no_message/s8867,original_no_message,8867,10,200.0,0.5569934118257996,0.075036747260164,0.075036747260164,8.423516273498535
trajectory,activity/deployment/final/original_no_message/s8867,original_no_message,8867,11,220.0,0.5376856741780227,0.0750428613549686,0.0750428613549686,7.787598609924316
trajectory,activity/deployment/final/original_no_message/s8867,original_no_message,8867,12,240.0,0.5248625897717343,0.0770072877515391,0.0770072877515391,11.13969612121582
trajectory,activity/deployment/final/original_no_message/s8867,original_no_message,8867,13,260.0,0.5224803348114038,0.073888667293159,0.073888667293159,9.373781204223633
trajectory,activity/deployment/final/original_no_message/s8867,original_no_message,8867,14,280.0,0.5080483476967922,0.0757780209383282,0.0757780209383282,13.808145523071287
trajectory,activity/deployment/final/original_no_message/s8867,original_no_message,8867,15,300.0,0.4885609136203435,0.075444359015016,0.075444359015016,8.784152030944824
trajectory,activity/deployment/final/original_no_message/s8867,original_no_message,8867,16,320.0,0.4706271944347121,0.0763502961747444,0.0763502961747444,6.2732110023498535
trajectory,activity/deployment/final/original_no_message/s8867,original_no_message,8867,17,340.0,0.4734191688589864,0.077737112674441,0.077737112674441,8.327335357666016
trajectory,activity/deployment/final/original_no_message/s8867,original_no_message,8867,18,360.0,0.457647259553526,0.0765340936798576,0.0765340936798576,10.768349647521973
trajectory,activity/deployment/final/original_no_message/s8867,original_no_message,8867,19,380.0,0.4603766142327791,0.0761834719519825,0.0761834719519825,13.03452491760254
trajectory,activity/deployment/final/original_no_message/s8867,original_no_message,8867,20,400.0,0.4281337357305931,0.0791748356893756,0.0791748356893756,5.8380866050720215
trajectory,activity/deployment/final/original_no_message/s8867,original_no_message,8867,21,420.0,0.4221303707034555,0.0783305758298302,0.0783305758298302,9.466444969177246
trajectory,activity/deployment/final/original_no_message/s8867,original_no_message,8867,22,440.0,0.4120265391016877,0.0783541157373752,0.0783541157373752,7.571778774261475
trajectory,activity/deployment/final/original_no_message/s8867,original_no_message,8867,23,460.0,0.4066367232676439,0.0778912078133289,0.0778912078133289,8.149721145629883
trajectory,activity/deployment/final/original_no_message/s8867,original_no_message,8867,24,480.0,0.3890558173961351,0.0789761210981798,0.0789761210981798,8.541180610656738
trajectory,activity/deployment/final/original_no_message/s8867,original_no_message,8867,25,500.0,0.4010278146782027,0.0813441194562868,0.0813441194562868,14.404497146606444
trajectory,activity/deployment/final/original_no_message/s8867,original_no_message,8867,26,520.0,0.3847985808294477,0.0791489668211192,0.0791489668211192,11.51048755645752
trajectory,activity/deployment/final/original_no_message/s8867,original_no_message,8867,27,540.0,0.3764155994719035,0.0831696903406007,0.0831696903406007,10.131099700927734
trajectory,activity/deployment/final/original_no_message/s8867,original_no_message,8867,28,560.0,0.3875923244559263,0.0802701531764433,0.0802701531764433,12.405425071716309
trajectory,activity/deployment/final/original_no_message/s8867,original_no_message,8867,29,580.0,0.3671058421811005,0.0834394916604392,0.0834394916604392,6.840593338012695
trajectory,activity/deployment/final/original_no_message/s8867,original_no_message,8867,30,600.0,0.3510177206955229,0.0834367330544568,0.0834367330544568,7.2374372482299805
trajectory,activity/deployment/final/original_no_message/s8867,original_no_message,8867,31,620.0,0.350808466920027,0.0843573286836678,0.0843573286836678,7.73685359954834
trajectory,activity/deployment/final/original_no_message/s8867,original_no_message,8867,32,640.0,0.3458992384604938,0.0844697326998899,0.0844697326998899,8.812911033630371
trajectory,activity/deployment/final/original_no_message/s8867,original_no_message,8867,33,660.0,0.339626945845185,0.0841885355980471,0.0841885355980471,8.613311767578125
trajectory,activity/deployment/final/original_no_message/s8867,original_no_message,8867,34,680.0,0.3292437663051796,0.0865507037681647,0.0865507037681647,5.107186794281006
trajectory,activity/deployment/final/original_no_message/s8867,original_no_message,8867,35,700.0,0.3295559148356685,0.0857153908907002,0.0857153908907002,8.508790016174316
trajectory,activity/deployment/final/original_no_message/s8867,original_no_message,8867,36,720.0,0.3201628149360584,0.0853911071405886,0.0853911071405886,7.684854030609131
trajectory,activity/deployment/final/original_no_message/s8867,original_no_message,8867,37,740.0,0.3115276412844563,0.0847887529305924,0.0847887529305924,5.665788173675537
trajectory,activity/deployment/final/original_no_message/s8867,original_no_message,8867,38,760.0,0.3127696749660304,0.0867349133221275,0.0867349133221275,6.438058853149414
trajectory,activity/deployment/final/original_no_message/s8867,original_no_message,8867,39,780.0,0.3083208383691983,0.0859702999600612,0.0859702999600612,6.852678298950195
trajectory,activity/deployment/final/original_no_message/s8867,original_no_message,8867,40,800.0,0.2982250523529325,0.0888839632593017,0.0888839632593017,6.534454345703125
trajectory,activity/deployment/final/original_no_message/s8867,original_no_message,8867,41,820.0,0.2996045792027065,0.0874615438976255,0.0874615438976255,7.155561923980713
trajectory,activity/deployment/final/original_no_message/s8867,original_no_message,8867,42,840.0,0.286716864329657,0.090544302364475,0.090544302364475,6.594183444976807
trajectory,activity/deployment/final/original_no_message/s8867,original_no_message,8867,43,860.0,0.2891608474508366,0.0881525106598968,0.0881525106598968,6.657418251037598
trajectory,activity/deployment/final/original_no_message/s8867,original_no_message,8867,44,880.0,0.2792464544178475,0.0924013930781267,0.0924013930781267,12.53235149383545
trajectory,activity/deployment/final/original_no_message/s8867,original_no_message,8867,45,900.0,0.2756260000968187,0.0893720371946041,0.0893720371946041,5.265352725982666
trajectory,activity/deployment/final/original_no_message/s8867,original_no_message,8867,46,920.0,0.2749181648774029,0.091381273779945,0.091381273779945,6.642098903656006
trajectory,activity/deployment/final/original_no_message/s8867,original_no_message,8867,47,940.0,0.2745478932847098,0.0918215160291727,0.0918215160291727,6.439422130584717
trajectory,activity/deployment/final/original_no_message/s8867,original_no_message,8867,48,960.0,0.2656723360062781,0.0929855692410073,0.0929855692410073,7.5270676612854
trajectory,activity/deployment/final/original_no_message/s8867,original_no_message,8867,49,980.0,0.2756465825417195,0.0892659881043084,0.0892659881043084,9.41111660003662
trajectory,activity/deployment/final/original_no_message/s8867,original_no_message,8867,50,1000.0,0.2625660701840524,0.0893295857160184,0.0893295857160184,6.09052848815918
trajectory,activity/deployment/final/original_no_message/s8867,original_no_message,8867,51,1020.0,0.2544803545766638,0.0919937022936531,0.0919937022936531,7.545935153961182
trajectory,activity/deployment/final/original_no_message/s8867,original_no_message,8867,52,1040.0,0.2505174164406546,0.0942828483429908,0.0942828483429908,7.781095504760742
trajectory,activity/deployment/final/original_no_message/s8867,original_no_message,8867,53,1060.0,0.2532052774340316,0.0923844241135665,0.0923844241135665,8.407981872558594
selected_checkpoint,activity/deployment/final/original_no_message/s8867,original_no_message,8867,3,,,0.0625340417889084,,
trajectory,activity/deployment/final/original_no_message/s9973,original_no_message,9973,1,20.0,0.9776983774304864,0.0633497975116605,0.0633497975116605,8.532663345336914
trajectory,activity/deployment/final/original_no_message/s9973,original_no_message,9973,2,40.0,0.879099542134522,0.0645363604464262,0.0645363604464262,5.2695393562316895
trajectory,activity/deployment/final/original_no_message/s9973,original_no_message,9973,3,60.0,0.795743942923542,0.0623338030215015,0.0623338030215015,9.23349666595459
trajectory,activity/deployment/final/original_no_message/s9973,original_no_message,9973,4,80.0,0.7321513335888493,0.0645285470570404,0.0645285470570404,9.970521926879885
trajectory,activity/deployment/final/original_no_message/s9973,original_no_message,9973,5,100.0,0.6668771898301468,0.0663401456975179,0.0663401456975179,5.784416198730469
trajectory,activity/deployment/final/original_no_message/s9973,original_no_message,9973,6,120.0,0.6336636253062272,0.0673820370413873,0.0673820370413873,10.166993141174316
trajectory,activity/deployment/final/original_no_message/s9973,original_no_message,9973,7,140.0,0.6014374470881189,0.0687344320693901,0.0687344320693901,6.3661394119262695
trajectory,activity/deployment/final/original_no_message/s9973,original_no_message,9973,8,160.0,0.5831740932676696,0.0682887973942369,0.0682887973942369,8.562148094177246
trajectory,activity/deployment/final/original_no_message/s9973,original_no_message,9973,9,180.0,0.5447820514984979,0.0705095927598713,0.0705095927598713,8.753557205200195
trajectory,activity/deployment/final/original_no_message/s9973,original_no_message,9973,10,200.0,0.544325385186481,0.0710653965778071,0.0710653965778071,10.53393268585205
trajectory,activity/deployment/final/original_no_message/s9973,original_no_message,9973,11,220.0,0.5340503130856726,0.0690126583124014,0.0690126583124014,9.815091133117676
trajectory,activity/deployment/final/original_no_message/s9973,original_no_message,9973,12,240.0,0.5226420496455064,0.0704847786573731,0.0704847786573731,10.088733673095703
trajectory,activity/deployment/final/original_no_message/s9973,original_no_message,9973,13,260.0,0.5066506882050948,0.0706710302509068,0.0706710302509068,11.76595401763916
trajectory,activity/deployment/final/original_no_message/s9973,original_no_message,9973,14,280.0,0.4831156421503062,0.0721589126637357,0.0721589126637357,11.148701667785645
trajectory,activity/deployment/final/original_no_message/s9973,original_no_message,9973,15,300.0,0.4833082871554483,0.0702354000564218,0.0702354000564218,10.789738655090332
trajectory,activity/deployment/final/original_no_message/s9973,original_no_message,9973,16,320.0,0.4690871194679648,0.071794813902888,0.071794813902888,14.993734359741213
trajectory,activity/deployment/final/original_no_message/s9973,original_no_message,9973,17,340.0,0.4557678308441489,0.0720227559819787,0.0720227559819787,8.485910415649414
trajectory,activity/deployment/final/original_no_message/s9973,original_no_message,9973,18,360.0,0.4385309452050446,0.0727811652391661,0.0727811652391661,9.19288158416748
trajectory,activity/deployment/final/original_no_message/s9973,original_no_message,9973,19,380.0,0.4303673720956322,0.0720410947651434,0.0720410947651434,9.471210479736328
trajectory,activity/deployment/final/original_no_message/s9973,original_no_message,9973,20,400.0,0.4303666535969098,0.0724125013719494,0.0724125013719494,9.615294456481934
trajectory,activity/deployment/final/original_no_message/s9973,original_no_message,9973,21,420.0,0.4186293713813551,0.0708651860874577,0.0708651860874577,8.645025253295898
trajectory,activity/deployment/final/original_no_message/s9973,original_no_message,9973,22,440.0,0.4111031314936585,0.0712274800303544,0.0712274800303544,7.138998031616211
trajectory,activity/deployment/final/original_no_message/s9973,original_no_message,9973,23,460.0,0.3869741724018448,0.0727423718590335,0.0727423718590335,7.942724704742432
trajectory,activity/deployment/final/original_no_message/s9973,original_no_message,9973,24,480.0,0.3837908790213802,0.0726777682676932,0.0726777682676932,8.82524585723877
trajectory,activity/deployment/final/original_no_message/s9973,original_no_message,9973,25,500.0,0.3773412535453808,0.0726427660829413,0.0726427660829413,8.337080955505371
trajectory,activity/deployment/final/original_no_message/s9973,original_no_message,9973,26,520.0,0.3701902360694573,0.0736334863865917,0.0736334863865917,10.493855476379396
trajectory,activity/deployment/final/original_no_message/s9973,original_no_message,9973,27,540.0,0.3524048252887817,0.0751122644640913,0.0751122644640913,8.607573509216309
trajectory,activity/deployment/final/original_no_message/s9973,original_no_message,9973,28,560.0,0.3483715956887146,0.0740434984666631,0.0740434984666631,7.490501403808594
trajectory,activity/deployment/final/original_no_message/s9973,original_no_message,9973,29,580.0,0.3488321930903873,0.0758386548987277,0.0758386548987277,13.23721981048584
trajectory,activity/deployment/final/original_no_message/s9973,original_no_message,9973,30,600.0,0.348155502434095,0.0734609607564755,0.0734609607564755,9.05886936187744
trajectory,activity/deployment/final/original_no_message/s9973,original_no_message,9973,31,620.0,0.3372476355862863,0.075390155464048,0.075390155464048,9.432977676391602
trajectory,activity/deployment/final/original_no_message/s9973,original_no_message,9973,32,640.0,0.3286932951595406,0.0734528986210279,0.0734528986210279,11.818761825561523
trajectory,activity/deployment/final/original_no_message/s9973,original_no_message,9973,33,660.0,0.3189201975408482,0.0742822927035133,0.0742822927035133,7.472404479980469
trajectory,activity/deployment/final/original_no_message/s9973,original_no_message,9973,34,680.0,0.3164176474590923,0.0737166842873938,0.0737166842873938,9.88228702545166
trajectory,activity/deployment/final/original_no_message/s9973,original_no_message,9973,35,700.0,0.3127310555117579,0.0728883543354824,0.0728883543354824,9.355429649353027
trajectory,activity/deployment/final/original_no_message/s9973,original_no_message,9973,36,720.0,0.3013996068592389,0.0758680899859038,0.0758680899859038,7.368486881256103
trajectory,activity/deployment/final/original_no_message/s9973,original_no_message,9973,37,740.0,0.2964157405782068,0.0745241111420943,0.0745241111420943,7.130106925964356
trajectory,activity/deployment/final/original_no_message/s9973,original_no_message,9973,38,760.0,0.2928602434842713,0.0758414152992677,0.0758414152992677,9.830476760864258
trajectory,activity/deployment/final/original_no_message/s9973,original_no_message,9973,39,780.0,0.2903687659949893,0.0752308822930764,0.0752308822930764,11.122635841369627
trajectory,activity/deployment/final/original_no_message/s9973,original_no_message,9973,40,800.0,0.2830206375329432,0.0755039190080671,0.0755039190080671,7.355977058410644
trajectory,activity/deployment/final/original_no_message/s9973,original_no_message,9973,41,820.0,0.2807369153825322,0.074550442627724,0.074550442627724,8.840032577514648
trajectory,activity/deployment/final/original_no_message/s9973,original_no_message,9973,42,840.0,0.2690877240029851,0.0743986228035975,0.0743986228035975,7.561424732208252
trajectory,activity/deployment/final/original_no_message/s9973,original_no_message,9973,43,860.0,0.2675264817651441,0.0738285800074575,0.0738285800074575,7.199441909790039
trajectory,activity/deployment/final/original_no_message/s9973,original_no_message,9973,44,880.0,0.2683015744467403,0.0751930460264864,0.0751930460264864,7.878692626953125
trajectory,activity/deployment/final/original_no_message/s9973,original_no_message,9973,45,900.0,0.2590112977789166,0.0735381696094257,0.0735381696094257,5.32987642288208
trajectory,activity/deployment/final/original_no_message/s9973,original_no_message,9973,46,920.0,0.2528403936704063,0.075638090955254,0.075638090955254,8.664196968078613
trajectory,activity/deployment/final/original_no_message/s9973,original_no_message,9973,47,940.0,0.2568148148968827,0.0754325569598534,0.0754325569598534,10.433416366577148
trajectory,activity/deployment/final/original_no_message/s9973,original_no_message,9973,48,960.0,0.2492464193874545,0.0759007033091183,0.0759007033091183,9.574040412902832
trajectory,activity/deployment/final/original_no_message/s9973,original_no_message,9973,49,980.0,0.2565092339555454,0.0747637514551178,0.0747637514551178,16.102771759033203
trajectory,activity/deployment/final/original_no_message/s9973,original_no_message,9973,50,1000.0,0.2420939128724614,0.0744792190606339,0.0744792190606339,9.5420503616333
trajectory,activity/deployment/final/original_no_message/s9973,original_no_message,9973,51,1020.0,0.2422817284337483,0.0761342176641381,0.0761342176641381,9.23020362854004
trajectory,activity/deployment/final/original_no_message/s9973,original_no_message,9973,52,1040.0,0.232695821261387,0.0777841305093897,0.0777841305093897,6.96169376373291
trajectory,activity/deployment/final/original_no_message/s9973,original_no_message,9973,53,1060.0,0.2298155752224426,0.0766076949745073,0.0766076949745073,8.190099716186523
selected_checkpoint,activity/deployment/final/original_no_message/s9973,original_no_message,9973,3,,,0.0623338030215015,,
trajectory,activity/deployment/final/corrected_no_message/s11027,corrected_no_message,11027,1,20.0,0.9885694581994564,0.061065803201734,0.061065803201734,9.342118263244627
trajectory,activity/deployment/final/corrected_no_message/s11027,corrected_no_message,11027,2,40.0,0.8475135901411721,0.0645158358563171,0.0645158358563171,6.21617603302002
trajectory,activity/deployment/final/corrected_no_message/s11027,corrected_no_message,11027,3,60.0,0.7393799859725643,0.0664105613249337,0.0664105613249337,5.081883907318115
trajectory,activity/deployment/final/corrected_no_message/s11027,corrected_no_message,11027,4,80.0,0.6651453894220524,0.0710645563699912,0.0710645563699912,8.044708251953125
trajectory,activity/deployment/final/corrected_no_message/s11027,corrected_no_message,11027,5,100.0,0.6436960860033467,0.0712556391901,0.0712556391901,11.039264678955078
trajectory,activity/deployment/final/corrected_no_message/s11027,corrected_no_message,11027,6,120.0,0.6148718539166772,0.0758992150020045,0.0758992150020045,12.986611366271973
trajectory,activity/deployment/final/corrected_no_message/s11027,corrected_no_message,11027,7,140.0,0.5843224584156791,0.0746362089717773,0.0746362089717773,11.794889450073242
trajectory,activity/deployment/final/corrected_no_message/s11027,corrected_no_message,11027,8,160.0,0.5670730140211092,0.0735015927429593,0.0735015927429593,10.304588317871094
trajectory,activity/deployment/final/corrected_no_message/s11027,corrected_no_message,11027,9,180.0,0.5459826930446033,0.0759791884439248,0.0759791884439248,6.732665538787842
trajectory,activity/deployment/final/corrected_no_message/s11027,corrected_no_message,11027,10,200.0,0.5317933281515211,0.0781069098015745,0.0781069098015745,10.33630084991455
trajectory,activity/deployment/final/corrected_no_message/s11027,corrected_no_message,11027,11,220.0,0.5174014088272385,0.0793542893283576,0.0793542893283576,9.65533447265625
trajectory,activity/deployment/final/corrected_no_message/s11027,corrected_no_message,11027,12,240.0,0.4933217436761682,0.0791325341775398,0.0791325341775398,8.594087600708008
trajectory,activity/deployment/final/corrected_no_message/s11027,corrected_no_message,11027,13,260.0,0.4905947959546156,0.077356311906389,0.077356311906389,10.467543601989746
trajectory,activity/deployment/final/corrected_no_message/s11027,corrected_no_message,11027,14,280.0,0.469684538858291,0.0776066666785833,0.0776066666785833,7.6157145500183105
trajectory,activity/deployment/final/corrected_no_message/s11027,corrected_no_message,11027,15,300.0,0.4647822302186934,0.0778416566731396,0.0778416566731396,10.794777870178224
trajectory,activity/deployment/final/corrected_no_message/s11027,corrected_no_message,11027,16,320.0,0.4655810228361792,0.0801132040663786,0.0801132040663786,12.616350173950195
trajectory,activity/deployment/final/corrected_no_message/s11027,corrected_no_message,11027,17,340.0,0.4307773173612862,0.0795685476194236,0.0795685476194236,8.894309043884277
trajectory,activity/deployment/final/corrected_no_message/s11027,corrected_no_message,11027,18,360.0,0.4254181929246313,0.0793981566989592,0.0793981566989592,8.863417625427246
trajectory,activity/deployment/final/corrected_no_message/s11027,corrected_no_message,11027,19,380.0,0.4198476400898031,0.079545668287768,0.079545668287768,9.607332229614258
trajectory,activity/deployment/final/corrected_no_message/s11027,corrected_no_message,11027,20,400.0,0.4050600859170115,0.0796667949132846,0.0796667949132846,8.18115234375
trajectory,activity/deployment/final/corrected_no_message/s11027,corrected_no_message,11027,21,420.0,0.4042587914194163,0.078183405205225,0.078183405205225,12.773829460144045
trajectory,activity/deployment/final/corrected_no_message/s11027,corrected_no_message,11027,22,440.0,0.3944771149927326,0.078818936072299,0.078818936072299,10.635775566101074
trajectory,activity/deployment/final/corrected_no_message/s11027,corrected_no_message,11027,23,460.0,0.38289538108706,0.0788532131419032,0.0788532131419032,8.090003967285156
trajectory,activity/deployment/final/corrected_no_message/s11027,corrected_no_message,11027,24,480.0,0.3780094768150729,0.0805798402730305,0.0805798402730305,11.30190658569336
trajectory,activity/deployment/final/corrected_no_message/s11027,corrected_no_message,11027,25,500.0,0.3689271650729054,0.0785145075165661,0.0785145075165661,7.625042915344238
trajectory,activity/deployment/final/corrected_no_message/s11027,corrected_no_message,11027,26,520.0,0.366649205458363,0.0818495763061468,0.0818495763061468,6.966003894805908
trajectory,activity/deployment/final/corrected_no_message/s11027,corrected_no_message,11027,27,540.0,0.3628260458481511,0.0779116979980605,0.0779116979980605,8.526528358459473
trajectory,activity/deployment/final/corrected_no_message/s11027,corrected_no_message,11027,28,560.0,0.3555551953406633,0.0834931182862224,0.0834931182862224,12.938599586486816
trajectory,activity/deployment/final/corrected_no_message/s11027,corrected_no_message,11027,29,580.0,0.3363290235009621,0.078613653090247,0.078613653090247,10.71803855895996
trajectory,activity/deployment/final/corrected_no_message/s11027,corrected_no_message,11027,30,600.0,0.3419983619683502,0.0792778502430356,0.0792778502430356,6.9672017097473145
trajectory,activity/deployment/final/corrected_no_message/s11027,corrected_no_message,11027,31,620.0,0.3298339885174991,0.0784310306809384,0.0784310306809384,8.700965881347656
trajectory,activity/deployment/final/corrected_no_message/s11027,corrected_no_message,11027,32,640.0,0.329129381441142,0.0802074529425026,0.0802074529425026,7.084185123443604
trajectory,activity/deployment/final/corrected_no_message/s11027,corrected_no_message,11027,33,660.0,0.3138738431752533,0.0805391895364565,0.0805391895364565,10.335906982421877
trajectory,activity/deployment/final/corrected_no_message/s11027,corrected_no_message,11027,34,680.0,0.3133756006351059,0.0782975961046748,0.0782975961046748,9.422324180603027
trajectory,activity/deployment/final/corrected_no_message/s11027,corrected_no_message,11027,35,700.0,0.3087429893783769,0.0805010049221943,0.0805010049221943,9.14919376373291
trajectory,activity/deployment/final/corrected_no_message/s11027,corrected_no_message,11027,36,720.0,0.3005800743818851,0.080027652006613,0.080027652006613,10.307801246643066
trajectory,activity/deployment/final/corrected_no_message/s11027,corrected_no_message,11027,37,740.0,0.2943219900651997,0.0808810605797141,0.0808810605797141,6.251148700714111
trajectory,activity/deployment/final/corrected_no_message/s11027,corrected_no_message,11027,38,760.0,0.284972757550816,0.0815093022191935,0.0815093022191935,9.413765907287598
trajectory,activity/deployment/final/corrected_no_message/s11027,corrected_no_message,11027,39,780.0,0.2946849691668988,0.0780784185023606,0.0780784185023606,13.376955032348633
trajectory,activity/deployment/final/corrected_no_message/s11027,corrected_no_message,11027,40,800.0,0.2824944227200069,0.0783084930553137,0.0783084930553137,8.15117359161377
trajectory,activity/deployment/final/corrected_no_message/s11027,corrected_no_message,11027,41,820.0,0.2749964729057975,0.0796636204134878,0.0796636204134878,7.227065086364746
trajectory,activity/deployment/final/corrected_no_message/s11027,corrected_no_message,11027,42,840.0,0.2705891906883718,0.0787000112083512,0.0787000112083512,8.142892837524414
trajectory,activity/deployment/final/corrected_no_message/s11027,corrected_no_message,11027,43,860.0,0.2648684775857721,0.0824104273998069,0.0824104273998069,7.455738544464111
trajectory,activity/deployment/final/corrected_no_message/s11027,corrected_no_message,11027,44,880.0,0.2556344107965139,0.0793844328103912,0.0793844328103912,9.142704010009766
trajectory,activity/deployment/final/corrected_no_message/s11027,corrected_no_message,11027,45,900.0,0.2627483169837448,0.0771124274447538,0.0771124274447538,6.881539821624756
trajectory,activity/deployment/final/corrected_no_message/s11027,corrected_no_message,11027,46,920.0,0.2532624711443073,0.0794662645909138,0.0794662645909138,8.260453224182129
trajectory,activity/deployment/final/corrected_no_message/s11027,corrected_no_message,11027,47,940.0,0.2503498220273291,0.0774842440411904,0.0774842440411904,8.72884464263916
trajectory,activity/deployment/final/corrected_no_message/s11027,corrected_no_message,11027,48,960.0,0.2461650585541183,0.0797883861790961,0.0797883861790961,8.90788459777832
trajectory,activity/deployment/final/corrected_no_message/s11027,corrected_no_message,11027,49,980.0,0.2402793006872354,0.0791385805965828,0.0791385805965828,10.446555137634276
trajectory,activity/deployment/final/corrected_no_message/s11027,corrected_no_message,11027,50,1000.0,0.2351760572862587,0.0778718499813848,0.0778718499813848,11.886152267456056
trajectory,activity/deployment/final/corrected_no_message/s11027,corrected_no_message,11027,51,1020.0,0.2349168826797067,0.0786245786423488,0.0786245786423488,11.929713249206545
selected_checkpoint,activity/deployment/final/corrected_no_message/s11027,corrected_no_message,11027,1,,,0.061065803201734,,
trajectory,activity/deployment/final/corrected_no_message/s1103,corrected_no_message,1103,1,20.0,0.9501217366495808,0.0663098164055878,0.0663098164055878,6.540676593780518
trajectory,activity/deployment/final/corrected_no_message/s1103,corrected_no_message,1103,2,40.0,0.8257151139549456,0.065339103506527,0.065339103506527,15.057076454162598
trajectory,activity/deployment/final/corrected_no_message/s1103,corrected_no_message,1103,3,60.0,0.7437392333559426,0.0667801806117645,0.0667801806117645,8.929635047912598
trajectory,activity/deployment/final/corrected_no_message/s1103,corrected_no_message,1103,4,80.0,0.6833955733618914,0.0686596980904333,0.0686596980904333,8.942009925842285
trajectory,activity/deployment/final/corrected_no_message/s1103,corrected_no_message,1103,5,100.0,0.6480487240885249,0.0706336349904619,0.0706336349904619,9.600916862487791
trajectory,activity/deployment/final/corrected_no_message/s1103,corrected_no_message,1103,6,120.0,0.6118878396945496,0.0721712226209442,0.0721712226209442,9.007634162902832
trajectory,activity/deployment/final/corrected_no_message/s1103,corrected_no_message,1103,7,140.0,0.5912664713747829,0.0717730963005237,0.0717730963005237,11.31147289276123
trajectory,activity/deployment/final/corrected_no_message/s1103,corrected_no_message,1103,8,160.0,0.5636590859357851,0.0760316561494741,0.0760316561494741,14.61569881439209
trajectory,activity/deployment/final/corrected_no_message/s1103,corrected_no_message,1103,9,180.0,0.5405387386525785,0.0724449122792395,0.0724449122792395,8.538093566894531
trajectory,activity/deployment/final/corrected_no_message/s1103,corrected_no_message,1103,10,200.0,0.5208827247687803,0.0728287230022173,0.0728287230022173,7.774098396301269
trajectory,activity/deployment/final/corrected_no_message/s1103,corrected_no_message,1103,11,220.0,0.494902070951992,0.075068522607745,0.075068522607745,9.975695610046388
trajectory,activity/deployment/final/corrected_no_message/s1103,corrected_no_message,1103,12,240.0,0.4878374229261475,0.0722149197205288,0.0722149197205288,8.979393005371094
trajectory,activity/deployment/final/corrected_no_message/s1103,corrected_no_message,1103,13,260.0,0.4606342481847222,0.0736726700544859,0.0736726700544859,8.583185195922852
trajectory,activity/deployment/final/corrected_no_message/s1103,corrected_no_message,1103,14,280.0,0.4448600493318226,0.0727746574463001,0.0727746574463001,9.414834976196287
trajectory,activity/deployment/final/corrected_no_message/s1103,corrected_no_message,1103,15,300.0,0.438934605376317,0.0724413777683131,0.0724413777683131,10.743803024291992
trajectory,activity/deployment/final/corrected_no_message/s1103,corrected_no_message,1103,16,320.0,0.4224256228321217,0.075357198434729,0.075357198434729,7.605463981628418
trajectory,activity/deployment/final/corrected_no_message/s1103,corrected_no_message,1103,17,340.0,0.4108944057566103,0.0754285983423226,0.0754285983423226,7.70807409286499
trajectory,activity/deployment/final/corrected_no_message/s1103,corrected_no_message,1103,18,360.0,0.4031088530212475,0.0737376335621052,0.0737376335621052,9.198843002319336
trajectory,activity/deployment/final/corrected_no_message/s1103,corrected_no_message,1103,19,380.0,0.3949148013205448,0.0743846853537046,0.0743846853537046,6.8248820304870605
trajectory,activity/deployment/final/corrected_no_message/s1103,corrected_no_message,1103,20,400.0,0.3811575382166765,0.0742042957522893,0.0742042957522893,13.453904151916504
trajectory,activity/deployment/final/corrected_no_message/s1103,corrected_no_message,1103,21,420.0,0.3758077595658109,0.0736372879835957,0.0736372879835957,10.358012199401855
trajectory,activity/deployment/final/corrected_no_message/s1103,corrected_no_message,1103,22,440.0,0.3611345362625395,0.0728206980139203,0.0728206980139203,9.59181785583496
trajectory,activity/deployment/final/corrected_no_message/s1103,corrected_no_message,1103,23,460.0,0.3622249300466633,0.0734831349691187,0.0734831349691187,8.993866920471191
trajectory,activity/deployment/final/corrected_no_message/s1103,corrected_no_message,1103,24,480.0,0.3481601776112821,0.0747280313131076,0.0747280313131076,5.908442497253418
trajectory,activity/deployment/final/corrected_no_message/s1103,corrected_no_message,1103,25,500.0,0.3442642931620027,0.0735959008325376,0.0735959008325376,7.569066524505615
trajectory,activity/deployment/final/corrected_no_message/s1103,corrected_no_message,1103,26,520.0,0.3352903505939638,0.0720684088453335,0.0720684088453335,8.122359275817871
trajectory,activity/deployment/final/corrected_no_message/s1103,corrected_no_message,1103,27,540.0,0.3267959536447517,0.0747457106889886,0.0747457106889886,8.933265686035156
trajectory,activity/deployment/final/corrected_no_message/s1103,corrected_no_message,1103,28,560.0,0.3177230940559158,0.0733231976504035,0.0733231976504035,6.700775623321533
trajectory,activity/deployment/final/corrected_no_message/s1103,corrected_no_message,1103,29,580.0,0.309139350750221,0.0756631205344718,0.0756631205344718,8.048820495605469
trajectory,activity/deployment/final/corrected_no_message/s1103,corrected_no_message,1103,30,600.0,0.3064878371568593,0.0743907643571088,0.0743907643571088,8.218890190124512
trajectory,activity/deployment/final/corrected_no_message/s1103,corrected_no_message,1103,31,620.0,0.3005448158673581,0.0740116449385412,0.0740116449385412,10.49316692352295
trajectory,activity/deployment/final/corrected_no_message/s1103,corrected_no_message,1103,32,640.0,0.298477663063075,0.0728376165359058,0.0728376165359058,6.49516487121582
trajectory,activity/deployment/final/corrected_no_message/s1103,corrected_no_message,1103,33,660.0,0.2879429132906191,0.0731229114982486,0.0731229114982486,8.69189453125
trajectory,activity/deployment/final/corrected_no_message/s1103,corrected_no_message,1103,34,680.0,0.2758189728328214,0.0749982124125977,0.0749982124125977,6.528450965881348
trajectory,activity/deployment/final/corrected_no_message/s1103,corrected_no_message,1103,35,700.0,0.2709428315081228,0.0739590303768395,0.0739590303768395,5.677889347076416
trajectory,activity/deployment/final/corrected_no_message/s1103,corrected_no_message,1103,36,720.0,0.266692366862316,0.0746528428667942,0.0746528428667942,6.666077136993408
trajectory,activity/deployment/final/corrected_no_message/s1103,corrected_no_message,1103,37,740.0,0.2641821064652669,0.0749083166269107,0.0749083166269107,9.968242645263672
trajectory,activity/deployment/final/corrected_no_message/s1103,corrected_no_message,1103,38,760.0,0.253494254457657,0.0768775821830842,0.0768775821830842,8.348745346069336
trajectory,activity/deployment/final/corrected_no_message/s1103,corrected_no_message,1103,39,780.0,0.2514375369046016,0.0753122465623707,0.0753122465623707,6.906818389892578
trajectory,activity/deployment/final/corrected_no_message/s1103,corrected_no_message,1103,40,800.0,0.251821795835014,0.0757677916885925,0.0757677916885925,6.982385158538818
trajectory,activity/deployment/final/corrected_no_message/s1103,corrected_no_message,1103,41,820.0,0.258469239386232,0.0755511673210266,0.0755511673210266,12.079079627990724
trajectory,activity/deployment/final/corrected_no_message/s1103,corrected_no_message,1103,42,840.0,0.2446245078390983,0.0767919721618499,0.0767919721618499,8.28812313079834
trajectory,activity/deployment/final/corrected_no_message/s1103,corrected_no_message,1103,43,860.0,0.2353483058447114,0.0778143927549935,0.0778143927549935,8.64590835571289
trajectory,activity/deployment/final/corrected_no_message/s1103,corrected_no_message,1103,44,880.0,0.2407945223608312,0.0766710959999948,0.0766710959999948,7.259367942810059
trajectory,activity/deployment/final/corrected_no_message/s1103,corrected_no_message,1103,45,900.0,0.2348871394648639,0.0786192257876002,0.0786192257876002,8.560190200805664
trajectory,activity/deployment/final/corrected_no_message/s1103,corrected_no_message,1103,46,920.0,0.2300623736038768,0.0778237391665988,0.0778237391665988,10.889007568359377
trajectory,activity/deployment/final/corrected_no_message/s1103,corrected_no_message,1103,47,940.0,0.2217080571094707,0.0772340039928055,0.0772340039928055,5.216544151306152
trajectory,activity/deployment/final/corrected_no_message/s1103,corrected_no_message,1103,48,960.0,0.2240826370722723,0.0765623982552855,0.0765623982552855,7.032383441925049
trajectory,activity/deployment/final/corrected_no_message/s1103,corrected_no_message,1103,49,980.0,0.2202821878495909,0.0742067989053678,0.0742067989053678,7.152868747711182
trajectory,activity/deployment/final/corrected_no_message/s1103,corrected_no_message,1103,50,1000.0,0.2119894453322158,0.0771597838511661,0.0771597838511661,6.527595043182373
trajectory,activity/deployment/final/corrected_no_message/s1103,corrected_no_message,1103,51,1020.0,0.2090342378360681,0.0763910986096852,0.0763910986096852,8.435498237609863
trajectory,activity/deployment/final/corrected_no_message/s1103,corrected_no_message,1103,52,1040.0,0.2007412376907536,0.0781592723917074,0.0781592723917074,4.904025077819824
selected_checkpoint,activity/deployment/final/corrected_no_message/s1103,corrected_no_message,1103,2,,,0.065339103506527,,
trajectory,activity/deployment/final/corrected_no_message/s2207,corrected_no_message,2207,1,20.0,0.965846863220948,0.0666018801953257,0.0666018801953257,7.906973838806152
trajectory,activity/deployment/final/corrected_no_message/s2207,corrected_no_message,2207,2,40.0,0.8579954041480261,0.0620229162167435,0.0620229162167435,7.86547327041626
trajectory,activity/deployment/final/corrected_no_message/s2207,corrected_no_message,2207,3,60.0,0.7699130592694635,0.0659436665120947,0.0659436665120947,9.836585998535156
trajectory,activity/deployment/final/corrected_no_message/s2207,corrected_no_message,2207,4,80.0,0.7125377819782406,0.0666588619699506,0.0666588619699506,10.430225372314451
trajectory,activity/deployment/final/corrected_no_message/s2207,corrected_no_message,2207,5,100.0,0.6607430105743378,0.0700822170211718,0.0700822170211718,6.863454341888428
trajectory,activity/deployment/final/corrected_no_message/s2207,corrected_no_message,2207,6,120.0,0.6304771526168508,0.0705143596532302,0.0705143596532302,9.21018886566162
trajectory,activity/deployment/final/corrected_no_message/s2207,corrected_no_message,2207,7,140.0,0.5955987648891967,0.0734433325948336,0.0734433325948336,9.750004768371582
trajectory,activity/deployment/final/corrected_no_message/s2207,corrected_no_message,2207,8,160.0,0.5688522359129926,0.0727571822057337,0.0727571822057337,14.417730331420898
trajectory,activity/deployment/final/corrected_no_message/s2207,corrected_no_message,2207,9,180.0,0.5517119096800673,0.0777102261315408,0.0777102261315408,13.810564041137695
trajectory,activity/deployment/final/corrected_no_message/s2207,corrected_no_message,2207,10,200.0,0.5441166751909294,0.0748139885344684,0.0748139885344684,15.379868507385254
trajectory,activity/deployment/final/corrected_no_message/s2207,corrected_no_message,2207,11,220.0,0.5235800207655424,0.0758629820353841,0.0758629820353841,12.567524909973145
trajectory,activity/deployment/final/corrected_no_message/s2207,corrected_no_message,2207,12,240.0,0.5066436126745344,0.0777522297217147,0.0777522297217147,8.642359733581543
trajectory,activity/deployment/final/corrected_no_message/s2207,corrected_no_message,2207,13,260.0,0.4893923367272302,0.0785016511043408,0.0785016511043408,12.039509773254396
trajectory,activity/deployment/final/corrected_no_message/s2207,corrected_no_message,2207,14,280.0,0.4716056915291535,0.080175764416899,0.080175764416899,7.6930646896362305
trajectory,activity/deployment/final/corrected_no_message/s2207,corrected_no_message,2207,15,300.0,0.4548659852045315,0.0790193774458336,0.0790193774458336,10.01495361328125
trajectory,activity/deployment/final/corrected_no_message/s2207,corrected_no_message,2207,16,320.0,0.4423039539453053,0.0804245440622733,0.0804245440622733,11.723952293395996
trajectory,activity/deployment/final/corrected_no_message/s2207,corrected_no_message,2207,17,340.0,0.4490523663089804,0.0831264106564644,0.0831264106564644,19.45682144165039
trajectory,activity/deployment/final/corrected_no_message/s2207,corrected_no_message,2207,18,360.0,0.4289824355207235,0.0801315700015146,0.0801315700015146,13.559062004089355
trajectory,activity/deployment/final/corrected_no_message/s2207,corrected_no_message,2207,19,380.0,0.4108315225723151,0.0823891412309875,0.0823891412309875,11.263463973999023
trajectory,activity/deployment/final/corrected_no_message/s2207,corrected_no_message,2207,20,400.0,0.4187313032775194,0.0827881663892358,0.0827881663892358,10.896963119506836
trajectory,activity/deployment/final/corrected_no_message/s2207,corrected_no_message,2207,21,420.0,0.4039392324550649,0.083332341016564,0.083332341016564,7.848891258239746
trajectory,activity/deployment/final/corrected_no_message/s2207,corrected_no_message,2207,22,440.0,0.3937040216350858,0.0842454977491173,0.0842454977491173,9.002941131591797
trajectory,activity/deployment/final/corrected_no_message/s2207,corrected_no_message,2207,23,460.0,0.3834476581019385,0.0822703494846234,0.0822703494846234,9.609171867370604
trajectory,activity/deployment/final/corrected_no_message/s2207,corrected_no_message,2207,24,480.0,0.3803282214167385,0.0831867961005684,0.0831867961005684,13.43305778503418
trajectory,activity/deployment/final/corrected_no_message/s2207,corrected_no_message,2207,25,500.0,0.3727061054221782,0.0833128275485245,0.0833128275485245,11.695874214172363
trajectory,activity/deployment/final/corrected_no_message/s2207,corrected_no_message,2207,26,520.0,0.3589020747812709,0.0843860523822344,0.0843860523822344,10.114514350891112
trajectory,activity/deployment/final/corrected_no_message/s2207,corrected_no_message,2207,27,540.0,0.3535653661649505,0.0856783541138492,0.0856783541138492,11.741965293884276
trajectory,activity/deployment/final/corrected_no_message/s2207,corrected_no_message,2207,28,560.0,0.3483210788348821,0.0863943899992033,0.0863943899992033,8.818739891052246
trajectory,activity/deployment/final/corrected_no_message/s2207,corrected_no_message,2207,29,580.0,0.3397351412237211,0.0852740136100515,0.0852740136100515,9.2296142578125
trajectory,activity/deployment/final/corrected_no_message/s2207,corrected_no_message,2207,30,600.0,0.3412169640834981,0.0852156557415067,0.0852156557415067,9.926918029785156
trajectory,activity/deployment/final/corrected_no_message/s2207,corrected_no_message,2207,31,620.0,0.3346628051982028,0.0861788750429143,0.0861788750429143,8.522551536560059
trajectory,activity/deployment/final/corrected_no_message/s2207,corrected_no_message,2207,32,640.0,0.3255258052239255,0.0858837516392234,0.0858837516392234,14.65890884399414
trajectory,activity/deployment/final/corrected_no_message/s2207,corrected_no_message,2207,33,660.0,0.3352000941304198,0.0871164952903934,0.0871164952903934,12.886293411254885
trajectory,activity/deployment/final/corrected_no_message/s2207,corrected_no_message,2207,34,680.0,0.3177410717565356,0.0868216929325813,0.0868216929325813,9.80859661102295
trajectory,activity/deployment/final/corrected_no_message/s2207,corrected_no_message,2207,35,700.0,0.3167930223385051,0.0856570890196901,0.0856570890196901,11.77543830871582
trajectory,activity/deployment/final/corrected_no_message/s2207,corrected_no_message,2207,36,720.0,0.3123913072848528,0.0861125426612562,0.0861125426612562,14.532452583312988
trajectory,activity/deployment/final/corrected_no_message/s2207,corrected_no_message,2207,37,740.0,0.3116053290978796,0.0862311572312286,0.0862311572312286,11.75609302520752
trajectory,activity/deployment/final/corrected_no_message/s2207,corrected_no_message,2207,38,760.0,0.2939910750549118,0.0880574374649669,0.0880574374649669,12.036087989807127
trajectory,activity/deployment/final/corrected_no_message/s2207,corrected_no_message,2207,39,780.0,0.3005375455919952,0.0843507926825375,0.0843507926825375,11.545533180236816
trajectory,activity/deployment/final/corrected_no_message/s2207,corrected_no_message,2207,40,800.0,0.2934207988220894,0.0867446089937895,0.0867446089937895,6.325796127319336
trajectory,activity/deployment/final/corrected_no_message/s2207,corrected_no_message,2207,41,820.0,0.283900679365049,0.0879749987039943,0.0879749987039943,8.60312271118164
trajectory,activity/deployment/final/corrected_no_message/s2207,corrected_no_message,2207,42,840.0,0.2857808535348999,0.08698617085811,0.08698617085811,11.16826629638672
trajectory,activity/deployment/final/corrected_no_message/s2207,corrected_no_message,2207,43,860.0,0.2801089951616132,0.08569710032309,0.08569710032309,6.223059177398682
trajectory,activity/deployment/final/corrected_no_message/s2207,corrected_no_message,2207,44,880.0,0.2709816461687906,0.0860051232714336,0.0860051232714336,9.791101455688477
trajectory,activity/deployment/final/corrected_no_message/s2207,corrected_no_message,2207,45,900.0,0.2663225601645478,0.0890723630232532,0.0890723630232532,8.367789268493652
trajectory,activity/deployment/final/corrected_no_message/s2207,corrected_no_message,2207,46,920.0,0.2595278243870845,0.0893664793301683,0.0893664793301683,9.034119606018066
trajectory,activity/deployment/final/corrected_no_message/s2207,corrected_no_message,2207,47,940.0,0.2556610417280811,0.0891773135751473,0.0891773135751473,9.391393661499023
trajectory,activity/deployment/final/corrected_no_message/s2207,corrected_no_message,2207,48,960.0,0.2589541447124754,0.0901730877651776,0.0901730877651776,8.009395599365234
trajectory,activity/deployment/final/corrected_no_message/s2207,corrected_no_message,2207,49,980.0,0.2500444587447323,0.0868094978295191,0.0868094978295191,7.643366813659668
trajectory,activity/deployment/final/corrected_no_message/s2207,corrected_no_message,2207,50,1000.0,0.2480524801564084,0.0916164855570904,0.0916164855570904,7.789109230041504
trajectory,activity/deployment/final/corrected_no_message/s2207,corrected_no_message,2207,51,1020.0,0.2502715901617401,0.0898681348011543,0.0898681348011543,12.988819122314451
trajectory,activity/deployment/final/corrected_no_message/s2207,corrected_no_message,2207,52,1040.0,0.2408506492000425,0.0906464499026947,0.0906464499026947,9.438307762145996
selected_checkpoint,activity/deployment/final/corrected_no_message/s2207,corrected_no_message,2207,2,,,0.0620229162167435,,
trajectory,activity/deployment/final/corrected_no_message/s3301,corrected_no_message,3301,1,20.0,0.9330181701018566,0.0597289503694165,0.0597289503694165,4.711015224456787
trajectory,activity/deployment/final/corrected_no_message/s3301,corrected_no_message,3301,2,40.0,0.803378468661956,0.065513548688807,0.065513548688807,7.463459491729736
trajectory,activity/deployment/final/corrected_no_message/s3301,corrected_no_message,3301,3,60.0,0.7214072964984903,0.0665175715802159,0.0665175715802159,7.760948657989502
trajectory,activity/deployment/final/corrected_no_message/s3301,corrected_no_message,3301,4,80.0,0.6882626728655518,0.0669244751956138,0.0669244751956138,10.398842811584473
trajectory,activity/deployment/final/corrected_no_message/s3301,corrected_no_message,3301,5,100.0,0.6606321804953341,0.069475279358213,0.069475279358213,10.783656120300291
trajectory,activity/deployment/final/corrected_no_message/s3301,corrected_no_message,3301,6,120.0,0.6215463245644088,0.0717523386486871,0.0717523386486871,6.350690841674805
trajectory,activity/deployment/final/corrected_no_message/s3301,corrected_no_message,3301,7,140.0,0.5819553020362157,0.0724294783874175,0.0724294783874175,6.402431964874268
trajectory,activity/deployment/final/corrected_no_message/s3301,corrected_no_message,3301,8,160.0,0.5687909757835321,0.073462643167932,0.073462643167932,7.272886753082275
trajectory,activity/deployment/final/corrected_no_message/s3301,corrected_no_message,3301,9,180.0,0.5603001490767936,0.0739081532483244,0.0739081532483244,12.8314208984375
trajectory,activity/deployment/final/corrected_no_message/s3301,corrected_no_message,3301,10,200.0,0.5312415416322122,0.0759919112699972,0.0759919112699972,12.132938385009766
trajectory,activity/deployment/final/corrected_no_message/s3301,corrected_no_message,3301,11,220.0,0.5302868636947856,0.0742214181429794,0.0742214181429794,8.185873031616211
trajectory,activity/deployment/final/corrected_no_message/s3301,corrected_no_message,3301,12,240.0,0.4997378442380237,0.0754718202228025,0.0754718202228025,11.798171997070312
trajectory,activity/deployment/final/corrected_no_message/s3301,corrected_no_message,3301,13,260.0,0.4896018155942936,0.0758994817135267,0.0758994817135267,9.007905006408691
trajectory,activity/deployment/final/corrected_no_message/s3301,corrected_no_message,3301,14,280.0,0.4886284861373371,0.0780600739765843,0.0780600739765843,10.795183181762695
trajectory,activity/deployment/final/corrected_no_message/s3301,corrected_no_message,3301,15,300.0,0.479678387533965,0.0736739536483549,0.0736739536483549,14.331917762756348
trajectory,activity/deployment/final/corrected_no_message/s3301,corrected_no_message,3301,16,320.0,0.4680417138873063,0.0729785652587923,0.0729785652587923,8.103778839111328
trajectory,activity/deployment/final/corrected_no_message/s3301,corrected_no_message,3301,17,340.0,0.4520159287524659,0.0752046381091799,0.0752046381091799,8.11231803894043
trajectory,activity/deployment/final/corrected_no_message/s3301,corrected_no_message,3301,18,360.0,0.4419029335401851,0.0748057481019835,0.0748057481019835,9.839398384094238
trajectory,activity/deployment/final/corrected_no_message/s3301,corrected_no_message,3301,19,380.0,0.4414969152690305,0.0752019165857984,0.0752019165857984,9.79616355895996
trajectory,activity/deployment/final/corrected_no_message/s3301,corrected_no_message,3301,20,400.0,0.4337732316815162,0.0732053341072783,0.0732053341072783,10.988372802734377
trajectory,activity/deployment/final/corrected_no_message/s3301,corrected_no_message,3301,21,420.0,0.4280737052369061,0.0741751935779077,0.0741751935779077,14.811064720153809
trajectory,activity/deployment/final/corrected_no_message/s3301,corrected_no_message,3301,22,440.0,0.4162329473932931,0.074234717832231,0.074234717832231,7.961185932159424
trajectory,activity/deployment/final/corrected_no_message/s3301,corrected_no_message,3301,23,460.0,0.3974780404113227,0.0732049435985129,0.0732049435985129,8.596972465515137
trajectory,activity/deployment/final/corrected_no_message/s3301,corrected_no_message,3301,24,480.0,0.394571983856848,0.0747951413577035,0.0747951413577035,9.33590316772461
trajectory,activity/deployment/final/corrected_no_message/s3301,corrected_no_message,3301,25,500.0,0.4037436653547007,0.0719350929248889,0.0719350929248889,12.152777671813965
trajectory,activity/deployment/final/corrected_no_message/s3301,corrected_no_message,3301,26,520.0,0.3895160415467996,0.0730245800039117,0.0730245800039117,8.552002906799316
trajectory,activity/deployment/final/corrected_no_message/s3301,corrected_no_message,3301,27,540.0,0.373438039949908,0.072844619963342,0.072844619963342,5.794126987457275
trajectory,activity/deployment/final/corrected_no_message/s3301,corrected_no_message,3301,28,560.0,0.3769441303797806,0.0729034028096827,0.0729034028096827,6.222663402557373
trajectory,activity/deployment/final/corrected_no_message/s3301,corrected_no_message,3301,29,580.0,0.3730663830226522,0.0726600228913852,0.0726600228913852,10.131601333618164
trajectory,activity/deployment/final/corrected_no_message/s3301,corrected_no_message,3301,30,600.0,0.3639606893583363,0.073272315632812,0.073272315632812,8.884001731872559
trajectory,activity/deployment/final/corrected_no_message/s3301,corrected_no_message,3301,31,620.0,0.354476746535661,0.0721991549238917,0.0721991549238917,6.72779655456543
trajectory,activity/deployment/final/corrected_no_message/s3301,corrected_no_message,3301,32,640.0,0.3552300503227424,0.071948662654606,0.071948662654606,7.297969341278076
trajectory,activity/deployment/final/corrected_no_message/s3301,corrected_no_message,3301,33,660.0,0.3412300375977426,0.0726784807038952,0.0726784807038952,6.694604396820068
trajectory,activity/deployment/final/corrected_no_message/s3301,corrected_no_message,3301,34,680.0,0.3385870248623742,0.0715953954510578,0.0715953954510578,9.105813026428224
trajectory,activity/deployment/final/corrected_no_message/s3301,corrected_no_message,3301,35,700.0,0.3397907367578284,0.0724686555546322,0.0724686555546322,9.03977108001709
trajectory,activity/deployment/final/corrected_no_message/s3301,corrected_no_message,3301,36,720.0,0.3295554845602007,0.0714316175766531,0.0714316175766531,8.223881721496582
trajectory,activity/deployment/final/corrected_no_message/s3301,corrected_no_message,3301,37,740.0,0.3226611014156705,0.0748654696245011,0.0748654696245011,7.963858127593994
trajectory,activity/deployment/final/corrected_no_message/s3301,corrected_no_message,3301,38,760.0,0.3199750109264261,0.0724222634974477,0.0724222634974477,10.233848571777344
trajectory,activity/deployment/final/corrected_no_message/s3301,corrected_no_message,3301,39,780.0,0.3102230292473453,0.0692431747723031,0.0692431747723031,9.519346237182615
trajectory,activity/deployment/final/corrected_no_message/s3301,corrected_no_message,3301,40,800.0,0.3179051592247746,0.0715616048459162,0.0715616048459162,9.752975463867188
trajectory,activity/deployment/final/corrected_no_message/s3301,corrected_no_message,3301,41,820.0,0.3041085673760951,0.0730752918300183,0.0730752918300183,4.742687702178955
trajectory,activity/deployment/final/corrected_no_message/s3301,corrected_no_message,3301,42,840.0,0.2968471572927486,0.0717570635754254,0.0717570635754254,6.319875717163086
trajectory,activity/deployment/final/corrected_no_message/s3301,corrected_no_message,3301,43,860.0,0.2909300123016639,0.072540307529124,0.072540307529124,8.599453926086426
trajectory,activity/deployment/final/corrected_no_message/s3301,corrected_no_message,3301,44,880.0,0.2933996437181074,0.0726772880809565,0.0726772880809565,7.97629451751709
trajectory,activity/deployment/final/corrected_no_message/s3301,corrected_no_message,3301,45,900.0,0.2893334339306977,0.071934433328804,0.071934433328804,8.576423645019531
trajectory,activity/deployment/final/corrected_no_message/s3301,corrected_no_message,3301,46,920.0,0.2823997927005561,0.0724494639679639,0.0724494639679639,6.4702324867248535
trajectory,activity/deployment/final/corrected_no_message/s3301,corrected_no_message,3301,47,940.0,0.2772585441779295,0.0718330735540441,0.0718330735540441,7.184538841247559
trajectory,activity/deployment/final/corrected_no_message/s3301,corrected_no_message,3301,48,960.0,0.2646669576431286,0.0720756108048715,0.0720756108048715,5.162718296051025
trajectory,activity/deployment/final/corrected_no_message/s3301,corrected_no_message,3301,49,980.0,0.2672507461808426,0.0718153509886797,0.0718153509886797,10.967644691467283
trajectory,activity/deployment/final/corrected_no_message/s3301,corrected_no_message,3301,50,1000.0,0.2657168962067323,0.0716195006672576,0.0716195006672576,10.08629322052002
trajectory,activity/deployment/final/corrected_no_message/s3301,corrected_no_message,3301,51,1020.0,0.256554167395172,0.07259852068578,0.07259852068578,10.416024208068848
selected_checkpoint,activity/deployment/final/corrected_no_message/s3301,corrected_no_message,3301,1,,,0.0597289503694165,,
trajectory,activity/deployment/final/corrected_no_message/s4409,corrected_no_message,4409,1,20.0,0.9661501225637386,0.0586465313947339,0.0586465313947339,8.658848762512207
trajectory,activity/deployment/final/corrected_no_message/s4409,corrected_no_message,4409,2,40.0,0.8265838826621118,0.058836214148762,0.058836214148762,7.962738037109375
trajectory,activity/deployment/final/corrected_no_message/s4409,corrected_no_message,4409,3,60.0,0.7359704442020444,0.0637745174810956,0.0637745174810956,10.357665061950684
trajectory,activity/deployment/final/corrected_no_message/s4409,corrected_no_message,4409,4,80.0,0.6695985258146351,0.0647365529532907,0.0647365529532907,8.986802101135254
trajectory,activity/deployment/final/corrected_no_message/s4409,corrected_no_message,4409,5,100.0,0.6188947684808418,0.066908850579067,0.066908850579067,6.447899341583252
trajectory,activity/deployment/final/corrected_no_message/s4409,corrected_no_message,4409,6,120.0,0.5907560813228131,0.0692374076312975,0.0692374076312975,11.991225242614746
trajectory,activity/deployment/final/corrected_no_message/s4409,corrected_no_message,4409,7,140.0,0.5611450262634029,0.0704331779807842,0.0704331779807842,7.865103721618652
trajectory,activity/deployment/final/corrected_no_message/s4409,corrected_no_message,4409,8,160.0,0.5431129966490414,0.072012755622858,0.072012755622858,11.34303092956543
trajectory,activity/deployment/final/corrected_no_message/s4409,corrected_no_message,4409,9,180.0,0.5267025006016254,0.0728487854675281,0.0728487854675281,11.252910614013672
trajectory,activity/deployment/final/corrected_no_message/s4409,corrected_no_message,4409,10,200.0,0.5064926121659086,0.0717701142939475,0.0717701142939475,9.492658615112305
trajectory,activity/deployment/final/corrected_no_message/s4409,corrected_no_message,4409,11,220.0,0.48863882678572,0.0723021190202123,0.0723021190202123,9.946351051330566
trajectory,activity/deployment/final/corrected_no_message/s4409,corrected_no_message,4409,12,240.0,0.4754041322552088,0.0723024666289048,0.0723024666289048,8.229043006896973
trajectory,activity/deployment/final/corrected_no_message/s4409,corrected_no_message,4409,13,260.0,0.4646740016054785,0.0740452321120479,0.0740452321120479,6.695164680480957
trajectory,activity/deployment/final/corrected_no_message/s4409,corrected_no_message,4409,14,280.0,0.4416662772275608,0.0747050764797877,0.0747050764797877,9.666979789733888
trajectory,activity/deployment/final/corrected_no_message/s4409,corrected_no_message,4409,15,300.0,0.433432829839261,0.0729512633886342,0.0729512633886342,8.28179931640625
trajectory,activity/deployment/final/corrected_no_message/s4409,corrected_no_message,4409,16,320.0,0.4234449292479099,0.0744493717182791,0.0744493717182791,8.788113594055176
trajectory,activity/deployment/final/corrected_no_message/s4409,corrected_no_message,4409,17,340.0,0.4147980266189272,0.0745548734033522,0.0745548734033522,8.9168062210083
trajectory,activity/deployment/final/corrected_no_message/s4409,corrected_no_message,4409,18,360.0,0.4051766591331521,0.0728784765950012,0.0728784765950012,6.871968746185303
trajectory,activity/deployment/final/corrected_no_message/s4409,corrected_no_message,4409,19,380.0,0.3872528692812461,0.0753130072020294,0.0753130072020294,6.8096923828125
trajectory,activity/deployment/final/corrected_no_message/s4409,corrected_no_message,4409,20,400.0,0.3893190007346125,0.0758422098493683,0.0758422098493683,11.618812561035156
trajectory,activity/deployment/final/corrected_no_message/s4409,corrected_no_message,4409,21,420.0,0.3841179077638531,0.0745956592902342,0.0745956592902342,13.762002944946287
trajectory,activity/deployment/final/corrected_no_message/s4409,corrected_no_message,4409,22,440.0,0.3713191447038325,0.0757311650395094,0.0757311650395094,11.695905685424805
trajectory,activity/deployment/final/corrected_no_message/s4409,corrected_no_message,4409,23,460.0,0.3648963139064734,0.0756014882989829,0.0756014882989829,13.658222198486328
trajectory,activity/deployment/final/corrected_no_message/s4409,corrected_no_message,4409,24,480.0,0.3572244636590183,0.0743636762382703,0.0743636762382703,5.296320915222168
trajectory,activity/deployment/final/corrected_no_message/s4409,corrected_no_message,4409,25,500.0,0.3602141776048919,0.0753857456466569,0.0753857456466569,10.162229537963867
trajectory,activity/deployment/final/corrected_no_message/s4409,corrected_no_message,4409,26,520.0,0.3382456435321151,0.0760495142873348,0.0760495142873348,8.981668472290039
trajectory,activity/deployment/final/corrected_no_message/s4409,corrected_no_message,4409,27,540.0,0.3401946849393125,0.0736625712234696,0.0736625712234696,9.880897521972656
trajectory,activity/deployment/final/corrected_no_message/s4409,corrected_no_message,4409,28,560.0,0.3372011288373218,0.0741546423277959,0.0741546423277959,9.715693473815918
trajectory,activity/deployment/final/corrected_no_message/s4409,corrected_no_message,4409,29,580.0,0.3269783331346095,0.0746118686936352,0.0746118686936352,8.421680450439453
trajectory,activity/deployment/final/corrected_no_message/s4409,corrected_no_message,4409,30,600.0,0.319920911473637,0.0749000395948642,0.0749000395948642,8.997167587280273
trajectory,activity/deployment/final/corrected_no_message/s4409,corrected_no_message,4409,31,620.0,0.3129570444393385,0.0750210855654664,0.0750210855654664,8.610621452331543
trajectory,activity/deployment/final/corrected_no_message/s4409,corrected_no_message,4409,32,640.0,0.3089506806742113,0.0756858385079809,0.0756858385079809,8.088560104370117
trajectory,activity/deployment/final/corrected_no_message/s4409,corrected_no_message,4409,33,660.0,0.3014569956693884,0.0746120945970211,0.0746120945970211,8.77433967590332
trajectory,activity/deployment/final/corrected_no_message/s4409,corrected_no_message,4409,34,680.0,0.2975585614053667,0.0770942036904517,0.0770942036904517,7.565206050872803
trajectory,activity/deployment/final/corrected_no_message/s4409,corrected_no_message,4409,35,700.0,0.2865611551487796,0.0759799152606714,0.0759799152606714,6.229055404663086
trajectory,activity/deployment/final/corrected_no_message/s4409,corrected_no_message,4409,36,720.0,0.2919779371135854,0.0747447794793218,0.0747447794793218,15.477147102355955
trajectory,activity/deployment/final/corrected_no_message/s4409,corrected_no_message,4409,37,740.0,0.2777583888828802,0.0758476654972029,0.0758476654972029,8.766447067260742
trajectory,activity/deployment/final/corrected_no_message/s4409,corrected_no_message,4409,38,760.0,0.2768915203400696,0.0749580845798514,0.0749580845798514,7.623708248138428
trajectory,activity/deployment/final/corrected_no_message/s4409,corrected_no_message,4409,39,780.0,0.2702231845797008,0.0762405336126062,0.0762405336126062,10.796466827392578
trajectory,activity/deployment/final/corrected_no_message/s4409,corrected_no_message,4409,40,800.0,0.2673325062129495,0.0773489120856231,0.0773489120856231,8.524883270263672
trajectory,activity/deployment/final/corrected_no_message/s4409,corrected_no_message,4409,41,820.0,0.2643232435059036,0.076180981361062,0.076180981361062,7.440308570861816
trajectory,activity/deployment/final/corrected_no_message/s4409,corrected_no_message,4409,42,840.0,0.260820367158264,0.0757315109688329,0.0757315109688329,9.27953052520752
trajectory,activity/deployment/final/corrected_no_message/s4409,corrected_no_message,4409,43,860.0,0.2571937869568492,0.0784666836722797,0.0784666836722797,13.708925247192385
trajectory,activity/deployment/final/corrected_no_message/s4409,corrected_no_message,4409,44,880.0,0.2518976881117741,0.0760805625488764,0.0760805625488764,12.269244194030762
trajectory,activity/deployment/final/corrected_no_message/s4409,corrected_no_message,4409,45,900.0,0.2392895792546586,0.0805472868742294,0.0805472868742294,4.999949455261231
trajectory,activity/deployment/final/corrected_no_message/s4409,corrected_no_message,4409,46,920.0,0.2404419631712772,0.0765607753659675,0.0765607753659675,8.107695579528809
trajectory,activity/deployment/final/corrected_no_message/s4409,corrected_no_message,4409,47,940.0,0.2368518033607125,0.0795684689564198,0.0795684689564198,6.6994948387146
trajectory,activity/deployment/final/corrected_no_message/s4409,corrected_no_message,4409,48,960.0,0.2391490476816963,0.0805975208784438,0.0805975208784438,11.306879997253418
trajectory,activity/deployment/final/corrected_no_message/s4409,corrected_no_message,4409,49,980.0,0.2354406205503783,0.0785459536585185,0.0785459536585185,9.671256065368652
trajectory,activity/deployment/final/corrected_no_message/s4409,corrected_no_message,4409,50,1000.0,0.2268439511442298,0.0787391014371873,0.0787391014371873,6.928160667419434
trajectory,activity/deployment/final/corrected_no_message/s4409,corrected_no_message,4409,51,1020.0,0.2296149237369903,0.0796324751792675,0.0796324751792675,6.849482536315918
selected_checkpoint,activity/deployment/final/corrected_no_message/s4409,corrected_no_message,4409,1,,,0.0586465313947339,,
trajectory,activity/deployment/final/corrected_no_message/s5519,corrected_no_message,5519,1,20.0,0.9509892051327882,0.0618884921667598,0.0618884921667598,8.606123924255371
trajectory,activity/deployment/final/corrected_no_message/s5519,corrected_no_message,5519,2,40.0,0.8337527272055507,0.0614979958820456,0.0614979958820456,8.533223152160645
trajectory,activity/deployment/final/corrected_no_message/s5519,corrected_no_message,5519,3,60.0,0.7585589551471168,0.0699500729039939,0.0699500729039939,8.354501724243164
trajectory,activity/deployment/final/corrected_no_message/s5519,corrected_no_message,5519,4,80.0,0.7149747608198449,0.0659585338953885,0.0659585338953885,12.611217498779297
trajectory,activity/deployment/final/corrected_no_message/s5519,corrected_no_message,5519,5,100.0,0.6851754527985813,0.0664632846002459,0.0664632846002459,8.313643455505371
trajectory,activity/deployment/final/corrected_no_message/s5519,corrected_no_message,5519,6,120.0,0.6541442199772175,0.0693797777238197,0.0693797777238197,7.941572189331055
trajectory,activity/deployment/final/corrected_no_message/s5519,corrected_no_message,5519,7,140.0,0.6260693658903727,0.0693267703819744,0.0693267703819744,12.547811508178713
trajectory,activity/deployment/final/corrected_no_message/s5519,corrected_no_message,5519,8,160.0,0.600872253074449,0.070732103817335,0.070732103817335,7.004682540893555
trajectory,activity/deployment/final/corrected_no_message/s5519,corrected_no_message,5519,9,180.0,0.5815092156670035,0.0708060796664026,0.0708060796664026,8.26365852355957
trajectory,activity/deployment/final/corrected_no_message/s5519,corrected_no_message,5519,10,200.0,0.5607327605354303,0.0712548535537568,0.0712548535537568,6.465825080871582
trajectory,activity/deployment/final/corrected_no_message/s5519,corrected_no_message,5519,11,220.0,0.5395051934020305,0.0728165739282736,0.0728165739282736,8.61725902557373
trajectory,activity/deployment/final/corrected_no_message/s5519,corrected_no_message,5519,12,240.0,0.5503509234965464,0.0710750523200293,0.0710750523200293,15.88991641998291
trajectory,activity/deployment/final/corrected_no_message/s5519,corrected_no_message,5519,13,260.0,0.5195867361011157,0.0721353913612221,0.0721353913612221,8.50037956237793
trajectory,activity/deployment/final/corrected_no_message/s5519,corrected_no_message,5519,14,280.0,0.4996422586031998,0.0734576086503683,0.0734576086503683,8.157183647155762
trajectory,activity/deployment/final/corrected_no_message/s5519,corrected_no_message,5519,15,300.0,0.4803558797283339,0.0771283138848717,0.0771283138848717,8.473684310913086
trajectory,activity/deployment/final/corrected_no_message/s5519,corrected_no_message,5519,16,320.0,0.4729060691628217,0.0765761856640816,0.0765761856640816,13.388065338134766
trajectory,activity/deployment/final/corrected_no_message/s5519,corrected_no_message,5519,17,340.0,0.463905599190187,0.076452905587647,0.076452905587647,10.951927185058594
trajectory,activity/deployment/final/corrected_no_message/s5519,corrected_no_message,5519,18,360.0,0.4549822009111606,0.0758645320169684,0.0758645320169684,9.286001205444336
trajectory,activity/deployment/final/corrected_no_message/s5519,corrected_no_message,5519,19,380.0,0.4292002174710356,0.0767001346237382,0.0767001346237382,6.979896068572998
trajectory,activity/deployment/final/corrected_no_message/s5519,corrected_no_message,5519,20,400.0,0.4200405642757158,0.0771186448904611,0.0771186448904611,6.408308982849121
trajectory,activity/deployment/final/corrected_no_message/s5519,corrected_no_message,5519,21,420.0,0.4116207045681236,0.0767571257861475,0.0767571257861475,8.279821395874023
trajectory,activity/deployment/final/corrected_no_message/s5519,corrected_no_message,5519,22,440.0,0.4109124072351751,0.0772604470981667,0.0772604470981667,9.784923553466797
trajectory,activity/deployment/final/corrected_no_message/s5519,corrected_no_message,5519,23,460.0,0.4000217716451483,0.0777457010393572,0.0777457010393572,8.588850021362305
trajectory,activity/deployment/final/corrected_no_message/s5519,corrected_no_message,5519,24,480.0,0.3858983822527909,0.0773189412668451,0.0773189412668451,9.45156192779541
trajectory,activity/deployment/final/corrected_no_message/s5519,corrected_no_message,5519,25,500.0,0.3835486405846426,0.0774346157471164,0.0774346157471164,13.085676193237305
trajectory,activity/deployment/final/corrected_no_message/s5519,corrected_no_message,5519,26,520.0,0.3907123577793597,0.0763215725634621,0.0763215725634621,11.766054153442385
trajectory,activity/deployment/final/corrected_no_message/s5519,corrected_no_message,5519,27,540.0,0.3783960380518218,0.0768086361258244,0.0768086361258244,12.218581199645996
trajectory,activity/deployment/final/corrected_no_message/s5519,corrected_no_message,5519,28,560.0,0.3660776698939662,0.0812076552229156,0.0812076552229156,11.959657669067385
trajectory,activity/deployment/final/corrected_no_message/s5519,corrected_no_message,5519,29,580.0,0.3678436996067583,0.0777704897389353,0.0777704897389353,15.387225151062012
trajectory,activity/deployment/final/corrected_no_message/s5519,corrected_no_message,5519,30,600.0,0.3537225277770408,0.0765645644869584,0.0765645644869584,7.735000610351562
trajectory,activity/deployment/final/corrected_no_message/s5519,corrected_no_message,5519,31,620.0,0.344396863632774,0.0802445848391827,0.0802445848391827,11.49386501312256
trajectory,activity/deployment/final/corrected_no_message/s5519,corrected_no_message,5519,32,640.0,0.3380916389186199,0.0782240154697297,0.0782240154697297,7.559338092803955
trajectory,activity/deployment/final/corrected_no_message/s5519,corrected_no_message,5519,33,660.0,0.3470949103569019,0.0763392211147693,0.0763392211147693,13.163923263549805
trajectory,activity/deployment/final/corrected_no_message/s5519,corrected_no_message,5519,34,680.0,0.3332710966787421,0.0786419010030546,0.0786419010030546,13.18763828277588
trajectory,activity/deployment/final/corrected_no_message/s5519,corrected_no_message,5519,35,700.0,0.3234931655920527,0.0809667192562334,0.0809667192562334,9.904203414916992
trajectory,activity/deployment/final/corrected_no_message/s5519,corrected_no_message,5519,36,720.0,0.3198120983893006,0.0766611660295129,0.0766611660295129,7.900663375854492
trajectory,activity/deployment/final/corrected_no_message/s5519,corrected_no_message,5519,37,740.0,0.3173142144422478,0.0790031624554343,0.0790031624554343,9.005859375
trajectory,activity/deployment/final/corrected_no_message/s5519,corrected_no_message,5519,38,760.0,0.3095598889542914,0.0804255070841501,0.0804255070841501,11.105708122253418
trajectory,activity/deployment/final/corrected_no_message/s5519,corrected_no_message,5519,39,780.0,0.3032380109083283,0.0808460005497306,0.0808460005497306,11.446951866149902
trajectory,activity/deployment/final/corrected_no_message/s5519,corrected_no_message,5519,40,800.0,0.2959780247558006,0.0792155585731249,0.0792155585731249,8.250203132629395
trajectory,activity/deployment/final/corrected_no_message/s5519,corrected_no_message,5519,41,820.0,0.2914148778599155,0.0807178540066493,0.0807178540066493,6.6911821365356445
trajectory,activity/deployment/final/corrected_no_message/s5519,corrected_no_message,5519,42,840.0,0.2917187983692402,0.0808783586620584,0.0808783586620584,7.691454887390137
trajectory,activity/deployment/final/corrected_no_message/s5519,corrected_no_message,5519,43,860.0,0.2808838843399802,0.0820443374864108,0.0820443374864108,6.897554397583008
trajectory,activity/deployment/final/corrected_no_message/s5519,corrected_no_message,5519,44,880.0,0.2778274744299312,0.0793906110945684,0.0793906110945684,6.8821797370910645
trajectory,activity/deployment/final/corrected_no_message/s5519,corrected_no_message,5519,45,900.0,0.2721012420271766,0.0814632736131412,0.0814632736131412,9.115483283996582
trajectory,activity/deployment/final/corrected_no_message/s5519,corrected_no_message,5519,46,920.0,0.2738749739004564,0.0830820025593994,0.0830820025593994,9.69415283203125
trajectory,activity/deployment/final/corrected_no_message/s5519,corrected_no_message,5519,47,940.0,0.265472363275228,0.0812689143324679,0.0812689143324679,8.155532836914062
trajectory,activity/deployment/final/corrected_no_message/s5519,corrected_no_message,5519,48,960.0,0.2608008055435086,0.0803862507008614,0.0803862507008614,7.648407936096191
trajectory,activity/deployment/final/corrected_no_message/s5519,corrected_no_message,5519,49,980.0,0.2557958341998841,0.0815982019757494,0.0815982019757494,8.560259819030762
trajectory,activity/deployment/final/corrected_no_message/s5519,corrected_no_message,5519,50,1000.0,0.2548054557787794,0.0818514550381912,0.0818514550381912,10.425453186035156
trajectory,activity/deployment/final/corrected_no_message/s5519,corrected_no_message,5519,51,1020.0,0.2502708422986168,0.0825681363357092,0.0825681363357092,7.990814685821533
trajectory,activity/deployment/final/corrected_no_message/s5519,corrected_no_message,5519,52,1040.0,0.242868321769478,0.0841053175077378,0.0841053175077378,11.54355812072754
selected_checkpoint,activity/deployment/final/corrected_no_message/s5519,corrected_no_message,5519,2,,,0.0614979958820456,,
trajectory,activity/deployment/final/corrected_no_message/s6637,corrected_no_message,6637,1,20.0,0.9759343986571828,0.0621295900112971,0.0621295900112971,10.315237998962402
trajectory,activity/deployment/final/corrected_no_message/s6637,corrected_no_message,6637,2,40.0,0.877589118158751,0.0632666115166527,0.0632666115166527,10.63374137878418
trajectory,activity/deployment/final/corrected_no_message/s6637,corrected_no_message,6637,3,60.0,0.7860109059937517,0.0603522212139157,0.0603522212139157,9.13877773284912
trajectory,activity/deployment/final/corrected_no_message/s6637,corrected_no_message,6637,4,80.0,0.718108296725748,0.0622138571696651,0.0622138571696651,9.741604804992676
trajectory,activity/deployment/final/corrected_no_message/s6637,corrected_no_message,6637,5,100.0,0.6751252036657098,0.0653951337218439,0.0653951337218439,13.247517585754396
trajectory,activity/deployment/final/corrected_no_message/s6637,corrected_no_message,6637,6,120.0,0.6348497883207368,0.0678103861681479,0.0678103861681479,11.93397045135498
trajectory,activity/deployment/final/corrected_no_message/s6637,corrected_no_message,6637,7,140.0,0.6144485598617929,0.068200956332457,0.068200956332457,8.70287036895752
trajectory,activity/deployment/final/corrected_no_message/s6637,corrected_no_message,6637,8,160.0,0.5916177577400511,0.0714347035788256,0.0714347035788256,17.067842483520508
trajectory,activity/deployment/final/corrected_no_message/s6637,corrected_no_message,6637,9,180.0,0.5711134621034641,0.0720864657703199,0.0720864657703199,12.707406044006348
trajectory,activity/deployment/final/corrected_no_message/s6637,corrected_no_message,6637,10,200.0,0.5689339887016439,0.0748992896578121,0.0748992896578121,13.80473518371582
trajectory,activity/deployment/final/corrected_no_message/s6637,corrected_no_message,6637,11,220.0,0.5491932790084336,0.0748243190844323,0.0748243190844323,19.366567611694336
trajectory,activity/deployment/final/corrected_no_message/s6637,corrected_no_message,6637,12,240.0,0.5311457658211706,0.07476991945495,0.07476991945495,15.918161392211914
trajectory,activity/deployment/final/corrected_no_message/s6637,corrected_no_message,6637,13,260.0,0.5080987248182107,0.0762716031565587,0.0762716031565587,15.076489448547363
trajectory,activity/deployment/final/corrected_no_message/s6637,corrected_no_message,6637,14,280.0,0.4942957785415497,0.0802874135640851,0.0802874135640851,11.250081062316896
trajectory,activity/deployment/final/corrected_no_message/s6637,corrected_no_message,6637,15,300.0,0.4824862485844716,0.0803762070491065,0.0803762070491065,13.54806423187256
trajectory,activity/deployment/final/corrected_no_message/s6637,corrected_no_message,6637,16,320.0,0.4751406923421704,0.0795252156889532,0.0795252156889532,12.612503051757812
trajectory,activity/deployment/final/corrected_no_message/s6637,corrected_no_message,6637,17,340.0,0.4695777276899248,0.0785787379358023,0.0785787379358023,16.0577392578125
trajectory,activity/deployment/final/corrected_no_message/s6637,corrected_no_message,6637,18,360.0,0.4535166110142154,0.0794320642295969,0.0794320642295969,9.931118965148926
trajectory,activity/deployment/final/corrected_no_message/s6637,corrected_no_message,6637,19,380.0,0.4490434786835959,0.0801823937648224,0.0801823937648224,11.985065460205078
trajectory,activity/deployment/final/corrected_no_message/s6637,corrected_no_message,6637,20,400.0,0.4302613346277484,0.0798994870359556,0.0798994870359556,8.856492042541504
trajectory,activity/deployment/final/corrected_no_message/s6637,corrected_no_message,6637,21,420.0,0.4198995301939364,0.081112822698017,0.081112822698017,9.634501457214355
trajectory,activity/deployment/final/corrected_no_message/s6637,corrected_no_message,6637,22,440.0,0.4150409891645145,0.0819532446241368,0.0819532446241368,11.385812759399414
trajectory,activity/deployment/final/corrected_no_message/s6637,corrected_no_message,6637,23,460.0,0.3943707859402521,0.0830581631520105,0.0830581631520105,8.67365550994873
trajectory,activity/deployment/final/corrected_no_message/s6637,corrected_no_message,6637,24,480.0,0.390936513307835,0.0834511708501282,0.0834511708501282,10.570038795471191
trajectory,activity/deployment/final/corrected_no_message/s6637,corrected_no_message,6637,25,500.0,0.3947639214888369,0.0794298452004648,0.0794298452004648,8.6351900100708
trajectory,activity/deployment/final/corrected_no_message/s6637,corrected_no_message,6637,26,520.0,0.3794075070959505,0.0838420994915806,0.0838420994915806,10.124337196350098
trajectory,activity/deployment/final/corrected_no_message/s6637,corrected_no_message,6637,27,540.0,0.3765443796624826,0.0808133777189085,0.0808133777189085,11.906323432922363
trajectory,activity/deployment/final/corrected_no_message/s6637,corrected_no_message,6637,28,560.0,0.3657201458008352,0.0822771115602191,0.0822771115602191,12.04250717163086
trajectory,activity/deployment/final/corrected_no_message/s6637,corrected_no_message,6637,29,580.0,0.3540932608914811,0.0789801227937537,0.0789801227937537,11.242985725402832
trajectory,activity/deployment/final/corrected_no_message/s6637,corrected_no_message,6637,30,600.0,0.3499809992133482,0.0828700247680712,0.0828700247680712,10.757691383361816
trajectory,activity/deployment/final/corrected_no_message/s6637,corrected_no_message,6637,31,620.0,0.3401303328484936,0.0812663084647293,0.0812663084647293,8.503504753112793
trajectory,activity/deployment/final/corrected_no_message/s6637,corrected_no_message,6637,32,640.0,0.3262240803838249,0.0834491103127568,0.0834491103127568,10.76490879058838
trajectory,activity/deployment/final/corrected_no_message/s6637,corrected_no_message,6637,33,660.0,0.3266746144478429,0.0855514108110623,0.0855514108110623,11.471656799316406
trajectory,activity/deployment/final/corrected_no_message/s6637,corrected_no_message,6637,34,680.0,0.3220854608950111,0.0835374452418013,0.0835374452418013,7.419792652130127
trajectory,activity/deployment/final/corrected_no_message/s6637,corrected_no_message,6637,35,700.0,0.3140775066363234,0.0831158937569561,0.0831158937569561,9.590085983276367
trajectory,activity/deployment/final/corrected_no_message/s6637,corrected_no_message,6637,36,720.0,0.3192363079811866,0.0863387702891994,0.0863387702891994,10.34990406036377
trajectory,activity/deployment/final/corrected_no_message/s6637,corrected_no_message,6637,37,740.0,0.3160120634638761,0.083154591082709,0.083154591082709,12.777091979980469
trajectory,activity/deployment/final/corrected_no_message/s6637,corrected_no_message,6637,38,760.0,0.3002534692158672,0.0859172070477031,0.0859172070477031,16.605548858642578
trajectory,activity/deployment/final/corrected_no_message/s6637,corrected_no_message,6637,39,780.0,0.2980199395852774,0.0843951560748935,0.0843951560748935,10.828123092651367
trajectory,activity/deployment/final/corrected_no_message/s6637,corrected_no_message,6637,40,800.0,0.300676985285034,0.0825877172769212,0.0825877172769212,11.953184127807615
trajectory,activity/deployment/final/corrected_no_message/s6637,corrected_no_message,6637,41,820.0,0.285070895722596,0.0834181121681794,0.0834181121681794,6.329516887664795
trajectory,activity/deployment/final/corrected_no_message/s6637,corrected_no_message,6637,42,840.0,0.2860697974422037,0.0820310429212494,0.0820310429212494,11.442349433898926
trajectory,activity/deployment/final/corrected_no_message/s6637,corrected_no_message,6637,43,860.0,0.2765238054741745,0.0808950840360263,0.0808950840360263,7.401398181915283
trajectory,activity/deployment/final/corrected_no_message/s6637,corrected_no_message,6637,44,880.0,0.2743758483478434,0.0852761833806997,0.0852761833806997,11.860872268676758
trajectory,activity/deployment/final/corrected_no_message/s6637,corrected_no_message,6637,45,900.0,0.2593138522222176,0.0852344504593422,0.0852344504593422,10.337175369262695
trajectory,activity/deployment/final/corrected_no_message/s6637,corrected_no_message,6637,46,920.0,0.2626261306931046,0.0821536885855101,0.0821536885855101,6.480319023132324
trajectory,activity/deployment/final/corrected_no_message/s6637,corrected_no_message,6637,47,940.0,0.2549021809796097,0.0867264698241531,0.0867264698241531,9.342482566833496
trajectory,activity/deployment/final/corrected_no_message/s6637,corrected_no_message,6637,48,960.0,0.2621720428027455,0.0831648816810975,0.0831648816810975,12.872110366821287
trajectory,activity/deployment/final/corrected_no_message/s6637,corrected_no_message,6637,49,980.0,0.2603154177699797,0.083726184891392,0.083726184891392,18.2119197845459
trajectory,activity/deployment/final/corrected_no_message/s6637,corrected_no_message,6637,50,1000.0,0.248324372341843,0.086456304178818,0.086456304178818,8.62630558013916
trajectory,activity/deployment/final/corrected_no_message/s6637,corrected_no_message,6637,51,1020.0,0.2506191935020368,0.0875921566000667,0.0875921566000667,11.060795783996582
trajectory,activity/deployment/final/corrected_no_message/s6637,corrected_no_message,6637,52,1040.0,0.2472213747910415,0.0862295745806727,0.0862295745806727,12.149388313293455
trajectory,activity/deployment/final/corrected_no_message/s6637,corrected_no_message,6637,53,1060.0,0.2482959682786152,0.0846507990216664,0.0846507990216664,12.187074661254885
selected_checkpoint,activity/deployment/final/corrected_no_message/s6637,corrected_no_message,6637,3,,,0.0603522212139157,,
trajectory,activity/deployment/final/corrected_no_message/s7753,corrected_no_message,7753,1,20.0,1.001688554279382,0.063938226781229,0.063938226781229,14.357993125915527
trajectory,activity/deployment/final/corrected_no_message/s7753,corrected_no_message,7753,2,40.0,0.8385069249545515,0.0626717563795267,0.0626717563795267,9.986225128173828
trajectory,activity/deployment/final/corrected_no_message/s7753,corrected_no_message,7753,3,60.0,0.7575781668719079,0.066172464985023,0.066172464985023,8.957002639770508
trajectory,activity/deployment/final/corrected_no_message/s7753,corrected_no_message,7753,4,80.0,0.6909154528090649,0.0687021073787292,0.0687021073787292,6.743656158447266
trajectory,activity/deployment/final/corrected_no_message/s7753,corrected_no_message,7753,5,100.0,0.6659379407846331,0.0695458950580612,0.0695458950580612,12.09501838684082
trajectory,activity/deployment/final/corrected_no_message/s7753,corrected_no_message,7753,6,120.0,0.6402926543480446,0.0745843163481765,0.0745843163481765,12.819253921508787
trajectory,activity/deployment/final/corrected_no_message/s7753,corrected_no_message,7753,7,140.0,0.5993209119539965,0.0757487475294658,0.0757487475294658,9.669349670410156
trajectory,activity/deployment/final/corrected_no_message/s7753,corrected_no_message,7753,8,160.0,0.569224687679312,0.0776463718431315,0.0776463718431315,15.225123405456545
trajectory,activity/deployment/final/corrected_no_message/s7753,corrected_no_message,7753,9,180.0,0.5562759256249292,0.0780275508476377,0.0780275508476377,10.429041862487791
trajectory,activity/deployment/final/corrected_no_message/s7753,corrected_no_message,7753,10,200.0,0.5444801848165756,0.0786867790967339,0.0786867790967339,15.398364067077637
trajectory,activity/deployment/final/corrected_no_message/s7753,corrected_no_message,7753,11,220.0,0.5140440188957832,0.0796801651586049,0.0796801651586049,12.205801010131836
trajectory,activity/deployment/final/corrected_no_message/s7753,corrected_no_message,7753,12,240.0,0.4949124459239393,0.0822487932636189,0.0822487932636189,11.381582260131836
trajectory,activity/deployment/final/corrected_no_message/s7753,corrected_no_message,7753,13,260.0,0.4796519030693317,0.0805525713785293,0.0805525713785293,14.136551856994627
trajectory,activity/deployment/final/corrected_no_message/s7753,corrected_no_message,7753,14,280.0,0.464110185789437,0.0837610339234887,0.0837610339234887,16.1131534576416
trajectory,activity/deployment/final/corrected_no_message/s7753,corrected_no_message,7753,15,300.0,0.4441834415965273,0.0838853197600301,0.0838853197600301,11.317516326904297
trajectory,activity/deployment/final/corrected_no_message/s7753,corrected_no_message,7753,16,320.0,0.4410504243315166,0.0870233152432288,0.0870233152432288,8.920976638793945
trajectory,activity/deployment/final/corrected_no_message/s7753,corrected_no_message,7753,17,340.0,0.4241330961891353,0.0823193625720614,0.0823193625720614,9.146940231323242
trajectory,activity/deployment/final/corrected_no_message/s7753,corrected_no_message,7753,18,360.0,0.4308600243450252,0.0827550840883193,0.0827550840883193,9.047898292541504
trajectory,activity/deployment/final/corrected_no_message/s7753,corrected_no_message,7753,19,380.0,0.4177206571941058,0.0850224578251283,0.0850224578251283,8.796723365783691
trajectory,activity/deployment/final/corrected_no_message/s7753,corrected_no_message,7753,20,400.0,0.3959737295096975,0.0840713835269829,0.0840713835269829,11.613811492919922
trajectory,activity/deployment/final/corrected_no_message/s7753,corrected_no_message,7753,21,420.0,0.3909725192002212,0.0836116152050666,0.0836116152050666,8.02837085723877
trajectory,activity/deployment/final/corrected_no_message/s7753,corrected_no_message,7753,22,440.0,0.3796206514592962,0.0839455566876995,0.0839455566876995,9.242660522460938
trajectory,activity/deployment/final/corrected_no_message/s7753,corrected_no_message,7753,23,460.0,0.3894560682196007,0.0847557914065475,0.0847557914065475,13.000199317932127
trajectory,activity/deployment/final/corrected_no_message/s7753,corrected_no_message,7753,24,480.0,0.3684119843272011,0.085940492498501,0.085940492498501,7.607997894287109
trajectory,activity/deployment/final/corrected_no_message/s7753,corrected_no_message,7753,25,500.0,0.3712577497656142,0.0844664613631646,0.0844664613631646,8.835935592651367
trajectory,activity/deployment/final/corrected_no_message/s7753,corrected_no_message,7753,26,520.0,0.3540117465095732,0.087429337114985,0.087429337114985,7.871610164642334
trajectory,activity/deployment/final/corrected_no_message/s7753,corrected_no_message,7753,27,540.0,0.3561906255219454,0.0864829715549165,0.0864829715549165,7.998567581176758
trajectory,activity/deployment/final/corrected_no_message/s7753,corrected_no_message,7753,28,560.0,0.3622150987599746,0.0853915284395234,0.0853915284395234,11.948553085327148
trajectory,activity/deployment/final/corrected_no_message/s7753,corrected_no_message,7753,29,580.0,0.3445968173675067,0.0868523979343536,0.0868523979343536,11.517163276672363
trajectory,activity/deployment/final/corrected_no_message/s7753,corrected_no_message,7753,30,600.0,0.3317195973858367,0.0826144662184954,0.0826144662184954,13.394989967346191
trajectory,activity/deployment/final/corrected_no_message/s7753,corrected_no_message,7753,31,620.0,0.3330930209377628,0.0876785326320635,0.0876785326320635,9.52837371826172
trajectory,activity/deployment/final/corrected_no_message/s7753,corrected_no_message,7753,32,640.0,0.3285854507572032,0.0845744141112968,0.0845744141112968,15.548656463623049
trajectory,activity/deployment/final/corrected_no_message/s7753,corrected_no_message,7753,33,660.0,0.3183400168411309,0.0881587614287646,0.0881587614287646,10.259174346923828
trajectory,activity/deployment/final/corrected_no_message/s7753,corrected_no_message,7753,34,680.0,0.3119058740148476,0.0876926385235745,0.0876926385235745,8.076529502868652
trajectory,activity/deployment/final/corrected_no_message/s7753,corrected_no_message,7753,35,700.0,0.3110640096796989,0.0853519057571429,0.0853519057571429,10.265779495239258
trajectory,activity/deployment/final/corrected_no_message/s7753,corrected_no_message,7753,36,720.0,0.2988265570285682,0.0937991556783806,0.0937991556783806,9.139890670776367
trajectory,activity/deployment/final/corrected_no_message/s7753,corrected_no_message,7753,37,740.0,0.2939785850530962,0.0891251515261579,0.0891251515261579,6.50437068939209
trajectory,activity/deployment/final/corrected_no_message/s7753,corrected_no_message,7753,38,760.0,0.2850759020866715,0.0880848035360256,0.0880848035360256,7.743019104003906
trajectory,activity/deployment/final/corrected_no_message/s7753,corrected_no_message,7753,39,780.0,0.2843734378659412,0.0889257840177986,0.0889257840177986,8.189366340637207
trajectory,activity/deployment/final/corrected_no_message/s7753,corrected_no_message,7753,40,800.0,0.2794972719939764,0.0889324885829046,0.0889324885829046,11.009125709533691
trajectory,activity/deployment/final/corrected_no_message/s7753,corrected_no_message,7753,41,820.0,0.2757953131738591,0.0874994844454189,0.0874994844454189,7.173296451568604
trajectory,activity/deployment/final/corrected_no_message/s7753,corrected_no_message,7753,42,840.0,0.2629598968080152,0.0922615254155035,0.0922615254155035,8.733220100402832
trajectory,activity/deployment/final/corrected_no_message/s7753,corrected_no_message,7753,43,860.0,0.2664188363539784,0.0907855804213929,0.0907855804213929,7.672941207885742
trajectory,activity/deployment/final/corrected_no_message/s7753,corrected_no_message,7753,44,880.0,0.259282749024907,0.0889244468351308,0.0889244468351308,8.619065284729004
trajectory,activity/deployment/final/corrected_no_message/s7753,corrected_no_message,7753,45,900.0,0.2556262318580466,0.0901080725044065,0.0901080725044065,7.816137313842773
trajectory,activity/deployment/final/corrected_no_message/s7753,corrected_no_message,7753,46,920.0,0.2546959708520966,0.0896907383254009,0.0896907383254009,8.664407730102539
trajectory,activity/deployment/final/corrected_no_message/s7753,corrected_no_message,7753,47,940.0,0.2451495224635121,0.0897631583710863,0.0897631583710863,8.006986618041992
trajectory,activity/deployment/final/corrected_no_message/s7753,corrected_no_message,7753,48,960.0,0.2406936539980605,0.0904646913562442,0.0904646913562442,8.966320991516113
trajectory,activity/deployment/final/corrected_no_message/s7753,corrected_no_message,7753,49,980.0,0.238979507228796,0.0937385225435378,0.0937385225435378,7.348769187927246
trajectory,activity/deployment/final/corrected_no_message/s7753,corrected_no_message,7753,50,1000.0,0.2378250220827492,0.0923323490506325,0.0923323490506325,8.650236129760742
trajectory,activity/deployment/final/corrected_no_message/s7753,corrected_no_message,7753,51,1020.0,0.2256345783935074,0.0926234691517224,0.0926234691517224,8.254673957824707
trajectory,activity/deployment/final/corrected_no_message/s7753,corrected_no_message,7753,52,1040.0,0.2253204540092856,0.0878262546373221,0.0878262546373221,8.326848030090332
selected_checkpoint,activity/deployment/final/corrected_no_message/s7753,corrected_no_message,7753,2,,,0.0626717563795267,,
trajectory,activity/deployment/final/corrected_no_message/s8867,corrected_no_message,8867,1,20.0,0.9691085779449125,0.0689351226131247,0.0689351226131247,8.450654983520508
trajectory,activity/deployment/final/corrected_no_message/s8867,corrected_no_message,8867,2,40.0,0.8744130879285508,0.0629702458992861,0.0629702458992861,5.622503757476807
trajectory,activity/deployment/final/corrected_no_message/s8867,corrected_no_message,8867,3,60.0,0.7990889486762812,0.0625340417889084,0.0625340417889084,9.045602798461914
trajectory,activity/deployment/final/corrected_no_message/s8867,corrected_no_message,8867,4,80.0,0.7231161609540581,0.0659367269182485,0.0659367269182485,7.0154008865356445
trajectory,activity/deployment/final/corrected_no_message/s8867,corrected_no_message,8867,5,100.0,0.6898737408700114,0.0685858465999509,0.0685858465999509,9.588232040405272
trajectory,activity/deployment/final/corrected_no_message/s8867,corrected_no_message,8867,6,120.0,0.6415475708705457,0.073913768922786,0.073913768922786,8.222158432006836
trajectory,activity/deployment/final/corrected_no_message/s8867,corrected_no_message,8867,7,140.0,0.6403029907119,0.0710506575077978,0.0710506575077978,12.551043510437012
trajectory,activity/deployment/final/corrected_no_message/s8867,corrected_no_message,8867,8,160.0,0.5948531437810212,0.0745869770141185,0.0745869770141185,9.553400993347168
trajectory,activity/deployment/final/corrected_no_message/s8867,corrected_no_message,8867,9,180.0,0.5930089162776544,0.0744870681940406,0.0744870681940406,12.273715019226074
trajectory,activity/deployment/final/corrected_no_message/s8867,corrected_no_message,8867,10,200.0,0.5569934118257996,0.075036747260164,0.075036747260164,8.423516273498535
trajectory,activity/deployment/final/corrected_no_message/s8867,corrected_no_message,8867,11,220.0,0.5376856741780227,0.0750428613549686,0.0750428613549686,7.787598609924316
trajectory,activity/deployment/final/corrected_no_message/s8867,corrected_no_message,8867,12,240.0,0.5248625897717343,0.0770072877515391,0.0770072877515391,11.13969612121582
trajectory,activity/deployment/final/corrected_no_message/s8867,corrected_no_message,8867,13,260.0,0.5224803348114038,0.073888667293159,0.073888667293159,9.373781204223633
trajectory,activity/deployment/final/corrected_no_message/s8867,corrected_no_message,8867,14,280.0,0.5080483476967922,0.0757780209383282,0.0757780209383282,13.808145523071287
trajectory,activity/deployment/final/corrected_no_message/s8867,corrected_no_message,8867,15,300.0,0.4885609136203435,0.075444359015016,0.075444359015016,8.784152030944824
trajectory,activity/deployment/final/corrected_no_message/s8867,corrected_no_message,8867,16,320.0,0.4706271944347121,0.0763502961747444,0.0763502961747444,6.2732110023498535
trajectory,activity/deployment/final/corrected_no_message/s8867,corrected_no_message,8867,17,340.0,0.4734191688589864,0.077737112674441,0.077737112674441,8.327335357666016
trajectory,activity/deployment/final/corrected_no_message/s8867,corrected_no_message,8867,18,360.0,0.457647259553526,0.0765340936798576,0.0765340936798576,10.768349647521973
trajectory,activity/deployment/final/corrected_no_message/s8867,corrected_no_message,8867,19,380.0,0.4603766142327791,0.0761834719519825,0.0761834719519825,13.03452491760254
trajectory,activity/deployment/final/corrected_no_message/s8867,corrected_no_message,8867,20,400.0,0.4281337357305931,0.0791748356893756,0.0791748356893756,5.8380866050720215
trajectory,activity/deployment/final/corrected_no_message/s8867,corrected_no_message,8867,21,420.0,0.4221303707034555,0.0783305758298302,0.0783305758298302,9.466444969177246
trajectory,activity/deployment/final/corrected_no_message/s8867,corrected_no_message,8867,22,440.0,0.4120265391016877,0.0783541157373752,0.0783541157373752,7.571778774261475
trajectory,activity/deployment/final/corrected_no_message/s8867,corrected_no_message,8867,23,460.0,0.4066367232676439,0.0778912078133289,0.0778912078133289,8.149721145629883
trajectory,activity/deployment/final/corrected_no_message/s8867,corrected_no_message,8867,24,480.0,0.3890558173961351,0.0789761210981798,0.0789761210981798,8.541180610656738
trajectory,activity/deployment/final/corrected_no_message/s8867,corrected_no_message,8867,25,500.0,0.4010278146782027,0.0813441194562868,0.0813441194562868,14.404497146606444
trajectory,activity/deployment/final/corrected_no_message/s8867,corrected_no_message,8867,26,520.0,0.3847985808294477,0.0791489668211192,0.0791489668211192,11.51048755645752
trajectory,activity/deployment/final/corrected_no_message/s8867,corrected_no_message,8867,27,540.0,0.3764155994719035,0.0831696903406007,0.0831696903406007,10.131099700927734
trajectory,activity/deployment/final/corrected_no_message/s8867,corrected_no_message,8867,28,560.0,0.3875923244559263,0.0802701531764433,0.0802701531764433,12.405425071716309
trajectory,activity/deployment/final/corrected_no_message/s8867,corrected_no_message,8867,29,580.0,0.3671058421811005,0.0834394916604392,0.0834394916604392,6.840593338012695
trajectory,activity/deployment/final/corrected_no_message/s8867,corrected_no_message,8867,30,600.0,0.3510177206955229,0.0834367330544568,0.0834367330544568,7.2374372482299805
trajectory,activity/deployment/final/corrected_no_message/s8867,corrected_no_message,8867,31,620.0,0.350808466920027,0.0843573286836678,0.0843573286836678,7.73685359954834
trajectory,activity/deployment/final/corrected_no_message/s8867,corrected_no_message,8867,32,640.0,0.3458992384604938,0.0844697326998899,0.0844697326998899,8.812911033630371
trajectory,activity/deployment/final/corrected_no_message/s8867,corrected_no_message,8867,33,660.0,0.339626945845185,0.0841885355980471,0.0841885355980471,8.613311767578125
trajectory,activity/deployment/final/corrected_no_message/s8867,corrected_no_message,8867,34,680.0,0.3292437663051796,0.0865507037681647,0.0865507037681647,5.107186794281006
trajectory,activity/deployment/final/corrected_no_message/s8867,corrected_no_message,8867,35,700.0,0.3295559148356685,0.0857153908907002,0.0857153908907002,8.508790016174316
trajectory,activity/deployment/final/corrected_no_message/s8867,corrected_no_message,8867,36,720.0,0.3201628149360584,0.0853911071405886,0.0853911071405886,7.684854030609131
trajectory,activity/deployment/final/corrected_no_message/s8867,corrected_no_message,8867,37,740.0,0.3115276412844563,0.0847887529305924,0.0847887529305924,5.665788173675537
trajectory,activity/deployment/final/corrected_no_message/s8867,corrected_no_message,8867,38,760.0,0.3127696749660304,0.0867349133221275,0.0867349133221275,6.438058853149414
trajectory,activity/deployment/final/corrected_no_message/s8867,corrected_no_message,8867,39,780.0,0.3083208383691983,0.0859702999600612,0.0859702999600612,6.852678298950195
trajectory,activity/deployment/final/corrected_no_message/s8867,corrected_no_message,8867,40,800.0,0.2982250523529325,0.0888839632593017,0.0888839632593017,6.534454345703125
trajectory,activity/deployment/final/corrected_no_message/s8867,corrected_no_message,8867,41,820.0,0.2996045792027065,0.0874615438976255,0.0874615438976255,7.155561923980713
trajectory,activity/deployment/final/corrected_no_message/s8867,corrected_no_message,8867,42,840.0,0.286716864329657,0.090544302364475,0.090544302364475,6.594183444976807
trajectory,activity/deployment/final/corrected_no_message/s8867,corrected_no_message,8867,43,860.0,0.2891608474508366,0.0881525106598968,0.0881525106598968,6.657418251037598
trajectory,activity/deployment/final/corrected_no_message/s8867,corrected_no_message,8867,44,880.0,0.2792464544178475,0.0924013930781267,0.0924013930781267,12.53235149383545
trajectory,activity/deployment/final/corrected_no_message/s8867,corrected_no_message,8867,45,900.0,0.2756260000968187,0.0893720371946041,0.0893720371946041,5.265352725982666
trajectory,activity/deployment/final/corrected_no_message/s8867,corrected_no_message,8867,46,920.0,0.2749181648774029,0.091381273779945,0.091381273779945,6.642098903656006
trajectory,activity/deployment/final/corrected_no_message/s8867,corrected_no_message,8867,47,940.0,0.2745478932847098,0.0918215160291727,0.0918215160291727,6.439422130584717
trajectory,activity/deployment/final/corrected_no_message/s8867,corrected_no_message,8867,48,960.0,0.2656723360062781,0.0929855692410073,0.0929855692410073,7.5270676612854
trajectory,activity/deployment/final/corrected_no_message/s8867,corrected_no_message,8867,49,980.0,0.2756465825417195,0.0892659881043084,0.0892659881043084,9.41111660003662
trajectory,activity/deployment/final/corrected_no_message/s8867,corrected_no_message,8867,50,1000.0,0.2625660701840524,0.0893295857160184,0.0893295857160184,6.09052848815918
trajectory,activity/deployment/final/corrected_no_message/s8867,corrected_no_message,8867,51,1020.0,0.2544803545766638,0.0919937022936531,0.0919937022936531,7.545935153961182
trajectory,activity/deployment/final/corrected_no_message/s8867,corrected_no_message,8867,52,1040.0,0.2505174164406546,0.0942828483429908,0.0942828483429908,7.781095504760742
trajectory,activity/deployment/final/corrected_no_message/s8867,corrected_no_message,8867,53,1060.0,0.2532052774340316,0.0923844241135665,0.0923844241135665,8.407981872558594
selected_checkpoint,activity/deployment/final/corrected_no_message/s8867,corrected_no_message,8867,3,,,0.0625340417889084,,
trajectory,activity/deployment/final/corrected_no_message/s9973,corrected_no_message,9973,1,20.0,0.9776983774304864,0.0633497975116605,0.0633497975116605,8.532663345336914
trajectory,activity/deployment/final/corrected_no_message/s9973,corrected_no_message,9973,2,40.0,0.879099542134522,0.0645363604464262,0.0645363604464262,5.2695393562316895
trajectory,activity/deployment/final/corrected_no_message/s9973,corrected_no_message,9973,3,60.0,0.795743942923542,0.0623338030215015,0.0623338030215015,9.23349666595459
trajectory,activity/deployment/final/corrected_no_message/s9973,corrected_no_message,9973,4,80.0,0.7321513335888493,0.0645285470570404,0.0645285470570404,9.970521926879885
trajectory,activity/deployment/final/corrected_no_message/s9973,corrected_no_message,9973,5,100.0,0.6668771898301468,0.0663401456975179,0.0663401456975179,5.784416198730469
trajectory,activity/deployment/final/corrected_no_message/s9973,corrected_no_message,9973,6,120.0,0.6336636253062272,0.0673820370413873,0.0673820370413873,10.166993141174316
trajectory,activity/deployment/final/corrected_no_message/s9973,corrected_no_message,9973,7,140.0,0.6014374470881189,0.0687344320693901,0.0687344320693901,6.3661394119262695
trajectory,activity/deployment/final/corrected_no_message/s9973,corrected_no_message,9973,8,160.0,0.5831740932676696,0.0682887973942369,0.0682887973942369,8.562148094177246
trajectory,activity/deployment/final/corrected_no_message/s9973,corrected_no_message,9973,9,180.0,0.5447820514984979,0.0705095927598713,0.0705095927598713,8.753557205200195
trajectory,activity/deployment/final/corrected_no_message/s9973,corrected_no_message,9973,10,200.0,0.544325385186481,0.0710653965778071,0.0710653965778071,10.53393268585205
trajectory,activity/deployment/final/corrected_no_message/s9973,corrected_no_message,9973,11,220.0,0.5340503130856726,0.0690126583124014,0.0690126583124014,9.815091133117676
trajectory,activity/deployment/final/corrected_no_message/s9973,corrected_no_message,9973,12,240.0,0.5226420496455064,0.0704847786573731,0.0704847786573731,10.088733673095703
trajectory,activity/deployment/final/corrected_no_message/s9973,corrected_no_message,9973,13,260.0,0.5066506882050948,0.0706710302509068,0.0706710302509068,11.76595401763916
trajectory,activity/deployment/final/corrected_no_message/s9973,corrected_no_message,9973,14,280.0,0.4831156421503062,0.0721589126637357,0.0721589126637357,11.148701667785645
trajectory,activity/deployment/final/corrected_no_message/s9973,corrected_no_message,9973,15,300.0,0.4833082871554483,0.0702354000564218,0.0702354000564218,10.789738655090332
trajectory,activity/deployment/final/corrected_no_message/s9973,corrected_no_message,9973,16,320.0,0.4690871194679648,0.071794813902888,0.071794813902888,14.993734359741213
trajectory,activity/deployment/final/corrected_no_message/s9973,corrected_no_message,9973,17,340.0,0.4557678308441489,0.0720227559819787,0.0720227559819787,8.485910415649414
trajectory,activity/deployment/final/corrected_no_message/s9973,corrected_no_message,9973,18,360.0,0.4385309452050446,0.0727811652391661,0.0727811652391661,9.19288158416748
trajectory,activity/deployment/final/corrected_no_message/s9973,corrected_no_message,9973,19,380.0,0.4303673720956322,0.0720410947651434,0.0720410947651434,9.471210479736328
trajectory,activity/deployment/final/corrected_no_message/s9973,corrected_no_message,9973,20,400.0,0.4303666535969098,0.0724125013719494,0.0724125013719494,9.615294456481934
trajectory,activity/deployment/final/corrected_no_message/s9973,corrected_no_message,9973,21,420.0,0.4186293713813551,0.0708651860874577,0.0708651860874577,8.645025253295898
trajectory,activity/deployment/final/corrected_no_message/s9973,corrected_no_message,9973,22,440.0,0.4111031314936585,0.0712274800303544,0.0712274800303544,7.138998031616211
trajectory,activity/deployment/final/corrected_no_message/s9973,corrected_no_message,9973,23,460.0,0.3869741724018448,0.0727423718590335,0.0727423718590335,7.942724704742432
trajectory,activity/deployment/final/corrected_no_message/s9973,corrected_no_message,9973,24,480.0,0.3837908790213802,0.0726777682676932,0.0726777682676932,8.82524585723877
trajectory,activity/deployment/final/corrected_no_message/s9973,corrected_no_message,9973,25,500.0,0.3773412535453808,0.0726427660829413,0.0726427660829413,8.337080955505371
trajectory,activity/deployment/final/corrected_no_message/s9973,corrected_no_message,9973,26,520.0,0.3701902360694573,0.0736334863865917,0.0736334863865917,10.493855476379396
trajectory,activity/deployment/final/corrected_no_message/s9973,corrected_no_message,9973,27,540.0,0.3524048252887817,0.0751122644640913,0.0751122644640913,8.607573509216309
trajectory,activity/deployment/final/corrected_no_message/s9973,corrected_no_message,9973,28,560.0,0.3483715956887146,0.0740434984666631,0.0740434984666631,7.490501403808594
trajectory,activity/deployment/final/corrected_no_message/s9973,corrected_no_message,9973,29,580.0,0.3488321930903873,0.0758386548987277,0.0758386548987277,13.23721981048584
trajectory,activity/deployment/final/corrected_no_message/s9973,corrected_no_message,9973,30,600.0,0.348155502434095,0.0734609607564755,0.0734609607564755,9.05886936187744
trajectory,activity/deployment/final/corrected_no_message/s9973,corrected_no_message,9973,31,620.0,0.3372476355862863,0.075390155464048,0.075390155464048,9.432977676391602
trajectory,activity/deployment/final/corrected_no_message/s9973,corrected_no_message,9973,32,640.0,0.3286932951595406,0.0734528986210279,0.0734528986210279,11.818761825561523
trajectory,activity/deployment/final/corrected_no_message/s9973,corrected_no_message,9973,33,660.0,0.3189201975408482,0.0742822927035133,0.0742822927035133,7.472404479980469
trajectory,activity/deployment/final/corrected_no_message/s9973,corrected_no_message,9973,34,680.0,0.3164176474590923,0.0737166842873938,0.0737166842873938,9.88228702545166
trajectory,activity/deployment/final/corrected_no_message/s9973,corrected_no_message,9973,35,700.0,0.3127310555117579,0.0728883543354824,0.0728883543354824,9.355429649353027
trajectory,activity/deployment/final/corrected_no_message/s9973,corrected_no_message,9973,36,720.0,0.3013996068592389,0.0758680899859038,0.0758680899859038,7.368486881256103
trajectory,activity/deployment/final/corrected_no_message/s9973,corrected_no_message,9973,37,740.0,0.2964157405782068,0.0745241111420943,0.0745241111420943,7.130106925964356
trajectory,activity/deployment/final/corrected_no_message/s9973,corrected_no_message,9973,38,760.0,0.2928602434842713,0.0758414152992677,0.0758414152992677,9.830476760864258
trajectory,activity/deployment/final/corrected_no_message/s9973,corrected_no_message,9973,39,780.0,0.2903687659949893,0.0752308822930764,0.0752308822930764,11.122635841369627
trajectory,activity/deployment/final/corrected_no_message/s9973,corrected_no_message,9973,40,800.0,0.2830206375329432,0.0755039190080671,0.0755039190080671,7.355977058410644
trajectory,activity/deployment/final/corrected_no_message/s9973,corrected_no_message,9973,41,820.0,0.2807369153825322,0.074550442627724,0.074550442627724,8.840032577514648
trajectory,activity/deployment/final/corrected_no_message/s9973,corrected_no_message,9973,42,840.0,0.2690877240029851,0.0743986228035975,0.0743986228035975,7.561424732208252
trajectory,activity/deployment/final/corrected_no_message/s9973,corrected_no_message,9973,43,860.0,0.2675264817651441,0.0738285800074575,0.0738285800074575,7.199441909790039
trajectory,activity/deployment/final/corrected_no_message/s9973,corrected_no_message,9973,44,880.0,0.2683015744467403,0.0751930460264864,0.0751930460264864,7.878692626953125
trajectory,activity/deployment/final/corrected_no_message/s9973,corrected_no_message,9973,45,900.0,0.2590112977789166,0.0735381696094257,0.0735381696094257,5.32987642288208
trajectory,activity/deployment/final/corrected_no_message/s9973,corrected_no_message,9973,46,920.0,0.2528403936704063,0.075638090955254,0.075638090955254,8.664196968078613
trajectory,activity/deployment/final/corrected_no_message/s9973,corrected_no_message,9973,47,940.0,0.2568148148968827,0.0754325569598534,0.0754325569598534,10.433416366577148
trajectory,activity/deployment/final/corrected_no_message/s9973,corrected_no_message,9973,48,960.0,0.2492464193874545,0.0759007033091183,0.0759007033091183,9.574040412902832
trajectory,activity/deployment/final/corrected_no_message/s9973,corrected_no_message,9973,49,980.0,0.2565092339555454,0.0747637514551178,0.0747637514551178,16.102771759033203
trajectory,activity/deployment/final/corrected_no_message/s9973,corrected_no_message,9973,50,1000.0,0.2420939128724614,0.0744792190606339,0.0744792190606339,9.5420503616333
trajectory,activity/deployment/final/corrected_no_message/s9973,corrected_no_message,9973,51,1020.0,0.2422817284337483,0.0761342176641381,0.0761342176641381,9.23020362854004
trajectory,activity/deployment/final/corrected_no_message/s9973,corrected_no_message,9973,52,1040.0,0.232695821261387,0.0777841305093897,0.0777841305093897,6.96169376373291
trajectory,activity/deployment/final/corrected_no_message/s9973,corrected_no_message,9973,53,1060.0,0.2298155752224426,0.0766076949745073,0.0766076949745073,8.190099716186523
selected_checkpoint,activity/deployment/final/corrected_no_message/s9973,corrected_no_message,9973,3,,,0.0623338030215015,,
trajectory,activity/deployment/final/token_cnn/s11027,token_cnn,11027,1,20.0,0.9935939803399956,0.0647531376024518,0.0647531376024518,0.979799211025238
trajectory,activity/deployment/final/token_cnn/s11027,token_cnn,11027,2,40.0,0.97533723255109,0.0660256917688119,0.0660256917688119,0.9084197878837584
trajectory,activity/deployment/final/token_cnn/s11027,token_cnn,11027,3,60.0,0.9547614139446292,0.0641579089567662,0.0641579089567662,0.8961618542671204
trajectory,activity/deployment/final/token_cnn/s11027,token_cnn,11027,4,80.0,0.9288418332293832,0.0666680410104667,0.0666680410104667,1.6162158250808716
trajectory,activity/deployment/final/token_cnn/s11027,token_cnn,11027,5,100.0,0.8927222917343152,0.0621700766982933,0.0621700766982933,1.276025414466858
trajectory,activity/deployment/final/token_cnn/s11027,token_cnn,11027,6,120.0,0.8590772512226089,0.0644894757159611,0.0644894757159611,2.045006513595581
trajectory,activity/deployment/final/token_cnn/s11027,token_cnn,11027,7,140.0,0.8180982115441036,0.0623386645525679,0.0623386645525679,2.8601763248443604
trajectory,activity/deployment/final/token_cnn/s11027,token_cnn,11027,8,160.0,0.7780081375048594,0.0637695379205363,0.0637695379205363,2.5680744647979736
trajectory,activity/deployment/final/token_cnn/s11027,token_cnn,11027,9,180.0,0.7393071151044844,0.0640704573382828,0.0640704573382828,2.321479082107544
trajectory,activity/deployment/final/token_cnn/s11027,token_cnn,11027,10,200.0,0.7079789180240526,0.0658998926924772,0.0658998926924772,2.8256843090057373
trajectory,activity/deployment/final/token_cnn/s11027,token_cnn,11027,11,220.0,0.6834746094996064,0.0667698536895693,0.0667698536895693,3.2448856830596924
trajectory,activity/deployment/final/token_cnn/s11027,token_cnn,11027,12,240.0,0.6643152509633277,0.0678448151839305,0.0678448151839305,3.5651867389678955
trajectory,activity/deployment/final/token_cnn/s11027,token_cnn,11027,13,260.0,0.6526868529410661,0.0684610330033096,0.0684610330033096,4.332050800323486
trajectory,activity/deployment/final/token_cnn/s11027,token_cnn,11027,14,280.0,0.6308009538790648,0.0706435362464072,0.0706435362464072,4.052978515625
trajectory,activity/deployment/final/token_cnn/s11027,token_cnn,11027,15,300.0,0.6223806458583798,0.0699197227041984,0.0699197227041984,4.308927059173584
trajectory,activity/deployment/final/token_cnn/s11027,token_cnn,11027,16,320.0,0.612694418790134,0.0717697438683059,0.0717697438683059,3.960946559906006
trajectory,activity/deployment/final/token_cnn/s11027,token_cnn,11027,17,340.0,0.5993659398307679,0.0712676898726225,0.0712676898726225,5.4834699630737305
trajectory,activity/deployment/final/token_cnn/s11027,token_cnn,11027,18,360.0,0.587433629702537,0.0725620133498229,0.0725620133498229,4.293462753295898
trajectory,activity/deployment/final/token_cnn/s11027,token_cnn,11027,19,380.0,0.5798247501999731,0.0740874483839337,0.0740874483839337,4.093145847320557
trajectory,activity/deployment/final/token_cnn/s11027,token_cnn,11027,20,400.0,0.570825487967045,0.0743570760993851,0.0743570760993851,5.414539337158203
trajectory,activity/deployment/final/token_cnn/s11027,token_cnn,11027,21,420.0,0.5574731306010906,0.0747788891228893,0.0747788891228893,6.621349811553955
trajectory,activity/deployment/final/token_cnn/s11027,token_cnn,11027,22,440.0,0.5534057157015024,0.0748057858946342,0.0748057858946342,7.048818111419678
trajectory,activity/deployment/final/token_cnn/s11027,token_cnn,11027,23,460.0,0.55093892904574,0.0750910010756507,0.0750910010756507,4.990499496459961
trajectory,activity/deployment/final/token_cnn/s11027,token_cnn,11027,24,480.0,0.5413701176832743,0.0756896018962728,0.0756896018962728,5.245299816131592
trajectory,activity/deployment/final/token_cnn/s11027,token_cnn,11027,25,500.0,0.5428024853762414,0.0800374554385802,0.0800374554385802,5.875776290893555
trajectory,activity/deployment/final/token_cnn/s11027,token_cnn,11027,26,520.0,0.5302704315132523,0.0779658043222202,0.0779658043222202,6.256678104400635
trajectory,activity/deployment/final/token_cnn/s11027,token_cnn,11027,27,540.0,0.5243949886112577,0.0799398430766064,0.0799398430766064,4.839552402496338
trajectory,activity/deployment/final/token_cnn/s11027,token_cnn,11027,28,560.0,0.5244880955402959,0.0802012826209453,0.0802012826209453,5.151069164276123
trajectory,activity/deployment/final/token_cnn/s11027,token_cnn,11027,29,580.0,0.5086114737038767,0.0799719936383731,0.0799719936383731,6.548892021179199
trajectory,activity/deployment/final/token_cnn/s11027,token_cnn,11027,30,600.0,0.507729906331366,0.078375067835233,0.078375067835233,4.18937873840332
trajectory,activity/deployment/final/token_cnn/s11027,token_cnn,11027,31,620.0,0.5017850702011557,0.0807862474949386,0.0807862474949386,7.127381324768066
trajectory,activity/deployment/final/token_cnn/s11027,token_cnn,11027,32,640.0,0.4967952357387618,0.0783824164762271,0.0783824164762271,4.288678169250488
trajectory,activity/deployment/final/token_cnn/s11027,token_cnn,11027,33,660.0,0.489376932406255,0.0785792185491505,0.0785792185491505,4.780705451965332
trajectory,activity/deployment/final/token_cnn/s11027,token_cnn,11027,34,680.0,0.4877880306543103,0.0792491170769661,0.0792491170769661,5.195184230804443
trajectory,activity/deployment/final/token_cnn/s11027,token_cnn,11027,35,700.0,0.4781119532770728,0.0787783822533267,0.0787783822533267,4.960781574249268
trajectory,activity/deployment/final/token_cnn/s11027,token_cnn,11027,36,720.0,0.4707916722447272,0.0801066055286131,0.0801066055286131,4.566990375518799
trajectory,activity/deployment/final/token_cnn/s11027,token_cnn,11027,37,740.0,0.4695631338548243,0.0797738991583323,0.0797738991583323,4.754596710205078
trajectory,activity/deployment/final/token_cnn/s11027,token_cnn,11027,38,760.0,0.4674289677709317,0.0836817594269783,0.0836817594269783,5.357407569885254
trajectory,activity/deployment/final/token_cnn/s11027,token_cnn,11027,39,780.0,0.4654599132284084,0.0792089711001467,0.0792089711001467,6.875509738922119
trajectory,activity/deployment/final/token_cnn/s11027,token_cnn,11027,40,800.0,0.4552971960250303,0.0791909916796525,0.0791909916796525,4.318166732788086
trajectory,activity/deployment/final/token_cnn/s11027,token_cnn,11027,41,820.0,0.4519496496183897,0.0809941364658201,0.0809941364658201,4.139301776885986
trajectory,activity/deployment/final/token_cnn/s11027,token_cnn,11027,42,840.0,0.4486034918011323,0.0819156606502065,0.0819156606502065,4.775917053222656
trajectory,activity/deployment/final/token_cnn/s11027,token_cnn,11027,43,860.0,0.4449491122585142,0.0848473247993835,0.0848473247993835,5.2542219161987305
trajectory,activity/deployment/final/token_cnn/s11027,token_cnn,11027,44,880.0,0.4402872621776378,0.0819630514881053,0.0819630514881053,5.0915117263793945
trajectory,activity/deployment/final/token_cnn/s11027,token_cnn,11027,45,900.0,0.434660884598307,0.0797151188978887,0.0797151188978887,3.5262246131896973
trajectory,activity/deployment/final/token_cnn/s11027,token_cnn,11027,46,920.0,0.4307420924601808,0.0830028631721572,0.0830028631721572,5.876186370849609
trajectory,activity/deployment/final/token_cnn/s11027,token_cnn,11027,47,940.0,0.4275242792556359,0.0823946478347516,0.0823946478347516,6.473794937133789
trajectory,activity/deployment/final/token_cnn/s11027,token_cnn,11027,48,960.0,0.4191873620151053,0.0827694150415251,0.0827694150415251,5.258513927459717
trajectory,activity/deployment/final/token_cnn/s11027,token_cnn,11027,49,980.0,0.419474832423629,0.0802706210944991,0.0802706210944991,7.190218448638916
trajectory,activity/deployment/final/token_cnn/s11027,token_cnn,11027,50,1000.0,0.4191303535810626,0.0858296901572896,0.0858296901572896,9.404135704040527
trajectory,activity/deployment/final/token_cnn/s11027,token_cnn,11027,51,1020.0,0.412014694797131,0.0843005224652703,0.0843005224652703,8.064126968383789
trajectory,activity/deployment/final/token_cnn/s11027,token_cnn,11027,52,1040.0,0.4085787276695227,0.0827490974002939,0.0827490974002939,6.75819730758667
trajectory,activity/deployment/final/token_cnn/s11027,token_cnn,11027,53,1060.0,0.4040582970648743,0.0836495001340446,0.0836495001340446,5.759041786193848
trajectory,activity/deployment/final/token_cnn/s11027,token_cnn,11027,54,1080.0,0.4022600732453765,0.0870162139549944,0.0870162139549944,9.388206481933594
trajectory,activity/deployment/final/token_cnn/s11027,token_cnn,11027,55,1100.0,0.402073660807727,0.0846160228966413,0.0846160228966413,6.926575660705566
selected_checkpoint,activity/deployment/final/token_cnn/s11027,token_cnn,11027,5,,,0.0621700766982933,,
trajectory,activity/deployment/final/token_cnn/s1103,token_cnn,1103,1,20.0,0.990623288300418,0.0655824515943949,0.0655824515943949,0.8873668909072876
trajectory,activity/deployment/final/token_cnn/s1103,token_cnn,1103,2,40.0,0.967194461178647,0.064693452648663,0.064693452648663,1.5008502006530762
trajectory,activity/deployment/final/token_cnn/s1103,token_cnn,1103,3,60.0,0.9429849948174808,0.0656138032586219,0.0656138032586219,1.81280517578125
trajectory,activity/deployment/final/token_cnn/s1103,token_cnn,1103,4,80.0,0.9142194390770364,0.063593475871825,0.063593475871825,1.9803705215454104
trajectory,activity/deployment/final/token_cnn/s1103,token_cnn,1103,5,100.0,0.8827254041212717,0.0616076876862278,0.0616076876862278,2.1127257347106934
trajectory,activity/deployment/final/token_cnn/s1103,token_cnn,1103,6,120.0,0.8501275488551975,0.0618698388399462,0.0618698388399462,1.3859517574310305
trajectory,activity/deployment/final/token_cnn/s1103,token_cnn,1103,7,140.0,0.8122236649605657,0.0611442935612036,0.0611442935612036,2.6134743690490723
trajectory,activity/deployment/final/token_cnn/s1103,token_cnn,1103,8,160.0,0.7788993572317673,0.0619049446907969,0.0619049446907969,2.6584312915802
trajectory,activity/deployment/final/token_cnn/s1103,token_cnn,1103,9,180.0,0.7479133933569535,0.063366995718806,0.063366995718806,2.215517520904541
trajectory,activity/deployment/final/token_cnn/s1103,token_cnn,1103,10,200.0,0.7166860554311084,0.0630883099782189,0.0630883099782189,3.599036693572998
trajectory,activity/deployment/final/token_cnn/s1103,token_cnn,1103,11,220.0,0.7029503111899893,0.0639928812165851,0.0639928812165851,4.069553852081299
trajectory,activity/deployment/final/token_cnn/s1103,token_cnn,1103,12,240.0,0.6767057213071228,0.0646339689339776,0.0646339689339776,3.5897741317749023
trajectory,activity/deployment/final/token_cnn/s1103,token_cnn,1103,13,260.0,0.667007141022383,0.0654181402810501,0.0654181402810501,4.116844177246094
trajectory,activity/deployment/final/token_cnn/s1103,token_cnn,1103,14,280.0,0.6501100528230735,0.0661084304841308,0.0661084304841308,4.419568538665772
trajectory,activity/deployment/final/token_cnn/s1103,token_cnn,1103,15,300.0,0.6440292170731391,0.0663898412297839,0.0663898412297839,5.425159931182861
trajectory,activity/deployment/final/token_cnn/s1103,token_cnn,1103,16,320.0,0.6241801392,0.0670076007333658,0.0670076007333658,5.408167839050293
trajectory,activity/deployment/final/token_cnn/s1103,token_cnn,1103,17,340.0,0.6117409785367649,0.0676185165251695,0.0676185165251695,3.3958418369293213
trajectory,activity/deployment/final/token_cnn/s1103,token_cnn,1103,18,360.0,0.5979524685145371,0.0682680025302297,0.0682680025302297,6.9041948318481445
trajectory,activity/deployment/final/token_cnn/s1103,token_cnn,1103,19,380.0,0.5909987259138378,0.0687178299438752,0.0687178299438752,3.150474548339844
trajectory,activity/deployment/final/token_cnn/s1103,token_cnn,1103,20,400.0,0.5845283335215331,0.0700594099482834,0.0700594099482834,5.774924755096436
trajectory,activity/deployment/final/token_cnn/s1103,token_cnn,1103,21,420.0,0.5771236743029382,0.0693585191216867,0.0693585191216867,4.76643180847168
trajectory,activity/deployment/final/token_cnn/s1103,token_cnn,1103,22,440.0,0.561609259998164,0.070430555954191,0.070430555954191,5.165787696838379
trajectory,activity/deployment/final/token_cnn/s1103,token_cnn,1103,23,460.0,0.5582725660871001,0.0702324218465946,0.0702324218465946,5.228731155395508
trajectory,activity/deployment/final/token_cnn/s1103,token_cnn,1103,24,480.0,0.5477407302905681,0.0706480424165339,0.0706480424165339,3.144033193588257
trajectory,activity/deployment/final/token_cnn/s1103,token_cnn,1103,25,500.0,0.5464562116112379,0.0707770645940562,0.0707770645940562,3.400771141052246
trajectory,activity/deployment/final/token_cnn/s1103,token_cnn,1103,26,520.0,0.5376288974162035,0.0712568005186878,0.0712568005186878,5.086916923522949
trajectory,activity/deployment/final/token_cnn/s1103,token_cnn,1103,27,540.0,0.5309176571886155,0.071358522773621,0.071358522773621,5.713855743408203
trajectory,activity/deployment/final/token_cnn/s1103,token_cnn,1103,28,560.0,0.5267661562318173,0.0715620097741515,0.0715620097741515,4.122735500335693
trajectory,activity/deployment/final/token_cnn/s1103,token_cnn,1103,29,580.0,0.5163028953187138,0.0714738768126942,0.0714738768126942,5.470057964324951
trajectory,activity/deployment/final/token_cnn/s1103,token_cnn,1103,30,600.0,0.5115796950149385,0.0719657897609026,0.0719657897609026,5.920159339904785
trajectory,activity/deployment/final/token_cnn/s1103,token_cnn,1103,31,620.0,0.5117359761447543,0.0718923772106833,0.0718923772106833,5.990250110626221
trajectory,activity/deployment/final/token_cnn/s1103,token_cnn,1103,32,640.0,0.5038658183325464,0.0716857875215667,0.0716857875215667,4.534891605377197
trajectory,activity/deployment/final/token_cnn/s1103,token_cnn,1103,33,660.0,0.4922616164820643,0.0725578805639656,0.0725578805639656,3.704150915145874
trajectory,activity/deployment/final/token_cnn/s1103,token_cnn,1103,34,680.0,0.4870141310953166,0.0727894541952917,0.0727894541952917,4.211237907409668
trajectory,activity/deployment/final/token_cnn/s1103,token_cnn,1103,35,700.0,0.4864711355983122,0.0722054067775128,0.0722054067775128,2.9775421619415283
trajectory,activity/deployment/final/token_cnn/s1103,token_cnn,1103,36,720.0,0.4812639720436123,0.0720488603698785,0.0720488603698785,7.047781944274902
trajectory,activity/deployment/final/token_cnn/s1103,token_cnn,1103,37,740.0,0.479899332933335,0.0716628236837692,0.0716628236837692,6.966818332672119
trajectory,activity/deployment/final/token_cnn/s1103,token_cnn,1103,38,760.0,0.4721043441767159,0.072441408967987,0.072441408967987,4.47802209854126
trajectory,activity/deployment/final/token_cnn/s1103,token_cnn,1103,39,780.0,0.4626877479036239,0.0719782049693118,0.0719782049693118,4.374430179595947
trajectory,activity/deployment/final/token_cnn/s1103,token_cnn,1103,40,800.0,0.4589363150269006,0.0720790325334015,0.0720790325334015,4.248214244842529
trajectory,activity/deployment/final/token_cnn/s1103,token_cnn,1103,41,820.0,0.4573721968057707,0.0721271821062213,0.0721271821062213,4.130352973937988
trajectory,activity/deployment/final/token_cnn/s1103,token_cnn,1103,42,840.0,0.4542225085382332,0.071683411385946,0.071683411385946,5.389246940612793
trajectory,activity/deployment/final/token_cnn/s1103,token_cnn,1103,43,860.0,0.4459134095997162,0.0721179859825093,0.0721179859825093,6.12471866607666
trajectory,activity/deployment/final/token_cnn/s1103,token_cnn,1103,44,880.0,0.4455114766848854,0.0731716974298442,0.0731716974298442,5.344364643096924
trajectory,activity/deployment/final/token_cnn/s1103,token_cnn,1103,45,900.0,0.4424458788537714,0.0721710899019029,0.0721710899019029,4.635674476623535
trajectory,activity/deployment/final/token_cnn/s1103,token_cnn,1103,46,920.0,0.4318021906567907,0.0724859369200981,0.0724859369200981,4.44220781326294
trajectory,activity/deployment/final/token_cnn/s1103,token_cnn,1103,47,940.0,0.436280371273577,0.0715018505475057,0.0715018505475057,5.599870204925537
trajectory,activity/deployment/final/token_cnn/s1103,token_cnn,1103,48,960.0,0.4207082241418534,0.0718248161360092,0.0718248161360092,2.976954460144043
trajectory,activity/deployment/final/token_cnn/s1103,token_cnn,1103,49,980.0,0.4235598327054969,0.0720554274568734,0.0720554274568734,3.5648410320281982
trajectory,activity/deployment/final/token_cnn/s1103,token_cnn,1103,50,1000.0,0.4248627425897112,0.0711258464808071,0.0711258464808071,6.319311618804932
trajectory,activity/deployment/final/token_cnn/s1103,token_cnn,1103,51,1020.0,0.4147830378971373,0.072675390353494,0.072675390353494,5.114724636077881
trajectory,activity/deployment/final/token_cnn/s1103,token_cnn,1103,52,1040.0,0.4141764894802481,0.0720391770843381,0.0720391770843381,4.0116143226623535
trajectory,activity/deployment/final/token_cnn/s1103,token_cnn,1103,53,1060.0,0.4102621690870941,0.0714380562967638,0.0714380562967638,5.199337005615234
trajectory,activity/deployment/final/token_cnn/s1103,token_cnn,1103,54,1080.0,0.4050019034987124,0.0719912420647254,0.0719912420647254,4.476810932159424
trajectory,activity/deployment/final/token_cnn/s1103,token_cnn,1103,55,1100.0,0.4017361136444795,0.0722850330358637,0.0722850330358637,5.088571548461914
trajectory,activity/deployment/final/token_cnn/s1103,token_cnn,1103,56,1120.0,0.4011704867041423,0.0708534840891578,0.0708534840891578,4.961034297943115
trajectory,activity/deployment/final/token_cnn/s1103,token_cnn,1103,57,1140.0,0.3954336496692882,0.0714139726150702,0.0714139726150702,3.767734289169312
selected_checkpoint,activity/deployment/final/token_cnn/s1103,token_cnn,1103,7,,,0.0611442935612036,,
trajectory,activity/deployment/final/token_cnn/s2207,token_cnn,2207,1,20.0,0.9993743996851212,0.0653018754260915,0.0653018754260915,1.377339005470276
trajectory,activity/deployment/final/token_cnn/s2207,token_cnn,2207,2,40.0,0.983997719926054,0.066436144858588,0.066436144858588,1.107582688331604
trajectory,activity/deployment/final/token_cnn/s2207,token_cnn,2207,3,60.0,0.9722229139117422,0.0668577449151439,0.0668577449151439,1.7552002668380735
trajectory,activity/deployment/final/token_cnn/s2207,token_cnn,2207,4,80.0,0.9504142412124312,0.064123556990114,0.064123556990114,1.5385100841522217
trajectory,activity/deployment/final/token_cnn/s2207,token_cnn,2207,5,100.0,0.9208900390682568,0.0647472224623373,0.0647472224623373,1.088626742362976
trajectory,activity/deployment/final/token_cnn/s2207,token_cnn,2207,6,120.0,0.8814096479211373,0.0635146235554119,0.0635146235554119,1.5447465181350708
trajectory,activity/deployment/final/token_cnn/s2207,token_cnn,2207,7,140.0,0.8385853733781597,0.0627756289544043,0.0627756289544043,2.8424055576324463
trajectory,activity/deployment/final/token_cnn/s2207,token_cnn,2207,8,160.0,0.794316035068821,0.0624917138839194,0.0624917138839194,3.5818417072296143
trajectory,activity/deployment/final/token_cnn/s2207,token_cnn,2207,9,180.0,0.7521152504386175,0.0665344524048041,0.0665344524048041,4.175041675567627
trajectory,activity/deployment/final/token_cnn/s2207,token_cnn,2207,10,200.0,0.7226856553999558,0.067826901981501,0.067826901981501,6.007310390472412
trajectory,activity/deployment/final/token_cnn/s2207,token_cnn,2207,11,220.0,0.7030334204695734,0.0692837466064845,0.0692837466064845,4.874637603759766
trajectory,activity/deployment/final/token_cnn/s2207,token_cnn,2207,12,240.0,0.6845811969046559,0.0687416823746118,0.0687416823746118,3.766707420349121
trajectory,activity/deployment/final/token_cnn/s2207,token_cnn,2207,13,260.0,0.6638991564772638,0.0695933678267255,0.0695933678267255,3.516594171524048
trajectory,activity/deployment/final/token_cnn/s2207,token_cnn,2207,14,280.0,0.6525376634620503,0.0704176641913544,0.0704176641913544,3.5120630264282227
trajectory,activity/deployment/final/token_cnn/s2207,token_cnn,2207,15,300.0,0.6445402579235595,0.0704462223401462,0.0704462223401462,4.513401508331299
trajectory,activity/deployment/final/token_cnn/s2207,token_cnn,2207,16,320.0,0.633132040121898,0.071240083386822,0.071240083386822,6.578919410705566
trajectory,activity/deployment/final/token_cnn/s2207,token_cnn,2207,17,340.0,0.6287722967275085,0.0699272322026745,0.0699272322026745,9.735538482666016
trajectory,activity/deployment/final/token_cnn/s2207,token_cnn,2207,18,360.0,0.6180934355408545,0.0719830851983411,0.0719830851983411,6.259984970092773
trajectory,activity/deployment/final/token_cnn/s2207,token_cnn,2207,19,380.0,0.5977834792152296,0.0722294835300497,0.0722294835300497,5.946323394775391
trajectory,activity/deployment/final/token_cnn/s2207,token_cnn,2207,20,400.0,0.5924269721278886,0.074070069268546,0.074070069268546,6.293028831481934
trajectory,activity/deployment/final/token_cnn/s2207,token_cnn,2207,21,420.0,0.5876217620348154,0.0750283114737032,0.0750283114737032,3.606091022491455
trajectory,activity/deployment/final/token_cnn/s2207,token_cnn,2207,22,440.0,0.5778443241422379,0.0735188645352696,0.0735188645352696,6.19336462020874
trajectory,activity/deployment/final/token_cnn/s2207,token_cnn,2207,23,460.0,0.5670125229288606,0.0756487417344238,0.0756487417344238,3.853015184402466
trajectory,activity/deployment/final/token_cnn/s2207,token_cnn,2207,24,480.0,0.5643832139120488,0.0746798036713974,0.0746798036713974,5.079034805297852
trajectory,activity/deployment/final/token_cnn/s2207,token_cnn,2207,25,500.0,0.560206911552511,0.0729497688517181,0.0729497688517181,5.157825946807861
trajectory,activity/deployment/final/token_cnn/s2207,token_cnn,2207,26,520.0,0.5538747508058101,0.0735800861481767,0.0735800861481767,4.861916542053223
trajectory,activity/deployment/final/token_cnn/s2207,token_cnn,2207,27,540.0,0.5404241091443774,0.0756691954481525,0.0756691954481525,6.117029666900635
trajectory,activity/deployment/final/token_cnn/s2207,token_cnn,2207,28,560.0,0.5412174993038557,0.0775145075009941,0.0775145075009941,4.718634128570557
trajectory,activity/deployment/final/token_cnn/s2207,token_cnn,2207,29,580.0,0.5390094354381819,0.0748986365164852,0.0748986365164852,7.503323554992676
trajectory,activity/deployment/final/token_cnn/s2207,token_cnn,2207,30,600.0,0.5336333653394716,0.0747863567162178,0.0747863567162178,6.137288093566895
trajectory,activity/deployment/final/token_cnn/s2207,token_cnn,2207,31,620.0,0.5208619476974342,0.0779911474898291,0.0779911474898291,4.525849342346191
trajectory,activity/deployment/final/token_cnn/s2207,token_cnn,2207,32,640.0,0.5405097614686768,0.0797962291096484,0.0797962291096484,9.700580596923828
trajectory,activity/deployment/final/token_cnn/s2207,token_cnn,2207,33,660.0,0.5175831317428183,0.0759295228665044,0.0759295228665044,5.046372890472412
trajectory,activity/deployment/final/token_cnn/s2207,token_cnn,2207,34,680.0,0.5129685402626647,0.0758756842183471,0.0758756842183471,5.462164402008057
trajectory,activity/deployment/final/token_cnn/s2207,token_cnn,2207,35,700.0,0.5074551069518703,0.0751335995963669,0.0751335995963669,5.369383335113525
trajectory,activity/deployment/final/token_cnn/s2207,token_cnn,2207,36,720.0,0.5025368236046731,0.0756208797908047,0.0756208797908047,4.418713092803955
trajectory,activity/deployment/final/token_cnn/s2207,token_cnn,2207,37,740.0,0.4990501770005517,0.0763834584966097,0.0763834584966097,5.148288726806641
trajectory,activity/deployment/final/token_cnn/s2207,token_cnn,2207,38,760.0,0.4893850467335713,0.0763728096625151,0.0763728096625151,5.781060695648193
trajectory,activity/deployment/final/token_cnn/s2207,token_cnn,2207,39,780.0,0.4875809052712014,0.0746784315291984,0.0746784315291984,6.316206455230713
trajectory,activity/deployment/final/token_cnn/s2207,token_cnn,2207,40,800.0,0.4854531551846632,0.0756093216843506,0.0756093216843506,6.650025367736816
trajectory,activity/deployment/final/token_cnn/s2207,token_cnn,2207,41,820.0,0.4800364793151783,0.0777509302620257,0.0777509302620257,5.396865367889404
trajectory,activity/deployment/final/token_cnn/s2207,token_cnn,2207,42,840.0,0.4749255855467889,0.0791988386205494,0.0791988386205494,6.996364593505859
trajectory,activity/deployment/final/token_cnn/s2207,token_cnn,2207,43,860.0,0.4750782066247499,0.0767020707541195,0.0767020707541195,5.116219520568848
trajectory,activity/deployment/final/token_cnn/s2207,token_cnn,2207,44,880.0,0.4673659768106447,0.0774157524821288,0.0774157524821288,3.983581066131592
trajectory,activity/deployment/final/token_cnn/s2207,token_cnn,2207,45,900.0,0.461909829007907,0.0770018704465657,0.0770018704465657,4.2783708572387695
trajectory,activity/deployment/final/token_cnn/s2207,token_cnn,2207,46,920.0,0.4587602819167403,0.0785727250281432,0.0785727250281432,5.890841960906982
trajectory,activity/deployment/final/token_cnn/s2207,token_cnn,2207,47,940.0,0.4605037285705897,0.0834011866672945,0.0834011866672945,8.244396209716797
trajectory,activity/deployment/final/token_cnn/s2207,token_cnn,2207,48,960.0,0.4563881028635905,0.0776345022303049,0.0776345022303049,7.321835041046143
trajectory,activity/deployment/final/token_cnn/s2207,token_cnn,2207,49,980.0,0.4514910597901575,0.0767531312163191,0.0767531312163191,10.593746185302734
trajectory,activity/deployment/final/token_cnn/s2207,token_cnn,2207,50,1000.0,0.4445894148446341,0.0772967373802382,0.0772967373802382,4.996007919311523
trajectory,activity/deployment/final/token_cnn/s2207,token_cnn,2207,51,1020.0,0.4389471165758925,0.076799192655528,0.076799192655528,4.420114517211914
trajectory,activity/deployment/final/token_cnn/s2207,token_cnn,2207,52,1040.0,0.4369400355009165,0.0792612767369709,0.0792612767369709,6.278459548950195
trajectory,activity/deployment/final/token_cnn/s2207,token_cnn,2207,53,1060.0,0.4364577911740925,0.0805828795127493,0.0805828795127493,8.271320343017578
trajectory,activity/deployment/final/token_cnn/s2207,token_cnn,2207,54,1080.0,0.4302166206813976,0.0784864553674201,0.0784864553674201,5.986231803894043
trajectory,activity/deployment/final/token_cnn/s2207,token_cnn,2207,55,1100.0,0.425838385904659,0.0813981113195157,0.0813981113195157,5.622348785400391
trajectory,activity/deployment/final/token_cnn/s2207,token_cnn,2207,56,1120.0,0.424978839939222,0.082170342563086,0.082170342563086,6.742189407348633
trajectory,activity/deployment/final/token_cnn/s2207,token_cnn,2207,57,1140.0,0.4217163840393115,0.0791144003788252,0.0791144003788252,4.591487407684326
trajectory,activity/deployment/final/token_cnn/s2207,token_cnn,2207,58,1160.0,0.4147857504292458,0.0772930648225797,0.0772930648225797,6.690883636474609
selected_checkpoint,activity/deployment/final/token_cnn/s2207,token_cnn,2207,8,,,0.0624917138839194,,
trajectory,activity/deployment/final/token_cnn/s3301,token_cnn,3301,1,20.0,0.99440676286355,0.0645957512432629,0.0645957512432629,1.3220245838165283
trajectory,activity/deployment/final/token_cnn/s3301,token_cnn,3301,2,40.0,0.9711615431393964,0.0668473454394153,0.0668473454394153,1.1462159156799316
trajectory,activity/deployment/final/token_cnn/s3301,token_cnn,3301,3,60.0,0.9498017989424508,0.0633412774355536,0.0633412774355536,1.8160901069641116
trajectory,activity/deployment/final/token_cnn/s3301,token_cnn,3301,4,80.0,0.9208448896623964,0.0652582168619308,0.0652582168619308,1.2396944761276243
trajectory,activity/deployment/final/token_cnn/s3301,token_cnn,3301,5,100.0,0.8865482007065304,0.0637262713294481,0.0637262713294481,2.0249218940734863
trajectory,activity/deployment/final/token_cnn/s3301,token_cnn,3301,6,120.0,0.8492051962825209,0.0648848422505619,0.0648848422505619,2.2367725372314453
trajectory,activity/deployment/final/token_cnn/s3301,token_cnn,3301,7,140.0,0.8085609117701851,0.0614340777148922,0.0614340777148922,2.3396143913269043
trajectory,activity/deployment/final/token_cnn/s3301,token_cnn,3301,8,160.0,0.7624642946021343,0.0616079631837489,0.0616079631837489,3.4281909465789795
trajectory,activity/deployment/final/token_cnn/s3301,token_cnn,3301,9,180.0,0.7346773158945291,0.0621797468185836,0.0621797468185836,4.58997917175293
trajectory,activity/deployment/final/token_cnn/s3301,token_cnn,3301,10,200.0,0.7182898934726397,0.0637517670972005,0.0637517670972005,8.410295486450195
trajectory,activity/deployment/final/token_cnn/s3301,token_cnn,3301,11,220.0,0.6860860072496489,0.0644037291004744,0.0644037291004744,4.094561576843262
trajectory,activity/deployment/final/token_cnn/s3301,token_cnn,3301,12,240.0,0.6676593074446353,0.0651210108365941,0.0651210108365941,4.286036491394043
trajectory,activity/deployment/final/token_cnn/s3301,token_cnn,3301,13,260.0,0.6456608406317622,0.0657912917085988,0.0657912917085988,3.6445858478546143
trajectory,activity/deployment/final/token_cnn/s3301,token_cnn,3301,14,280.0,0.6311382746961592,0.0675461165798013,0.0675461165798013,4.615682125091553
trajectory,activity/deployment/final/token_cnn/s3301,token_cnn,3301,15,300.0,0.6210502832062761,0.067395801816099,0.067395801816099,5.614337921142578
trajectory,activity/deployment/final/token_cnn/s3301,token_cnn,3301,16,320.0,0.606933105692587,0.0688304570258996,0.0688304570258996,5.0231709480285645
trajectory,activity/deployment/final/token_cnn/s3301,token_cnn,3301,17,340.0,0.5953488477740239,0.0695077776678138,0.0695077776678138,3.9478061199188232
trajectory,activity/deployment/final/token_cnn/s3301,token_cnn,3301,18,360.0,0.5890541031211023,0.0702710993410172,0.0702710993410172,8.416733741760254
trajectory,activity/deployment/final/token_cnn/s3301,token_cnn,3301,19,380.0,0.5848807022626481,0.0698541700723664,0.0698541700723664,7.524931907653809
trajectory,activity/deployment/final/token_cnn/s3301,token_cnn,3301,20,400.0,0.576204324687067,0.0694092202811932,0.0694092202811932,5.028754234313965
trajectory,activity/deployment/final/token_cnn/s3301,token_cnn,3301,21,420.0,0.5635201274354463,0.0706996119281987,0.0706996119281987,6.737412452697754
trajectory,activity/deployment/final/token_cnn/s3301,token_cnn,3301,22,440.0,0.5622910379511293,0.0708073675754419,0.0708073675754419,7.077006816864014
trajectory,activity/deployment/final/token_cnn/s3301,token_cnn,3301,23,460.0,0.5505271663355202,0.0707226832227234,0.0707226832227234,4.838263511657715
trajectory,activity/deployment/final/token_cnn/s3301,token_cnn,3301,24,480.0,0.5473777950520171,0.0711903578515568,0.0711903578515568,4.755489349365234
trajectory,activity/deployment/final/token_cnn/s3301,token_cnn,3301,25,500.0,0.5509532380425997,0.0707099149285402,0.0707099149285402,8.01962661743164
trajectory,activity/deployment/final/token_cnn/s3301,token_cnn,3301,26,520.0,0.5466531501392035,0.0706313694061652,0.0706313694061652,9.329059600830078
trajectory,activity/deployment/final/token_cnn/s3301,token_cnn,3301,27,540.0,0.5302961866376512,0.0719057723415756,0.0719057723415756,6.850605487823486
trajectory,activity/deployment/final/token_cnn/s3301,token_cnn,3301,28,560.0,0.5205381059097429,0.0714422471584578,0.0714422471584578,7.1678009033203125
trajectory,activity/deployment/final/token_cnn/s3301,token_cnn,3301,29,580.0,0.5234136151784559,0.0710406031319933,0.0710406031319933,6.499920845031738
trajectory,activity/deployment/final/token_cnn/s3301,token_cnn,3301,30,600.0,0.5105980432535373,0.0724462682572549,0.0724462682572549,5.824559211730957
trajectory,activity/deployment/final/token_cnn/s3301,token_cnn,3301,31,620.0,0.5084482935613067,0.0725829059703892,0.0725829059703892,6.993870258331299
trajectory,activity/deployment/final/token_cnn/s3301,token_cnn,3301,32,640.0,0.506566292336292,0.071472307269038,0.071472307269038,5.436492443084717
trajectory,activity/deployment/final/token_cnn/s3301,token_cnn,3301,33,660.0,0.4939301974296191,0.0715030150274182,0.0715030150274182,4.760385513305664
trajectory,activity/deployment/final/token_cnn/s3301,token_cnn,3301,34,680.0,0.4907151309387186,0.07297113329796,0.07297113329796,7.430255889892578
trajectory,activity/deployment/final/token_cnn/s3301,token_cnn,3301,35,700.0,0.4901806622199164,0.0726881652419875,0.0726881652419875,3.959087371826172
trajectory,activity/deployment/final/token_cnn/s3301,token_cnn,3301,36,720.0,0.4892592939287069,0.0726005465271655,0.0726005465271655,5.419650554656982
trajectory,activity/deployment/final/token_cnn/s3301,token_cnn,3301,37,740.0,0.4803192196998262,0.0750594869670039,0.0750594869670039,6.090787887573242
trajectory,activity/deployment/final/token_cnn/s3301,token_cnn,3301,38,760.0,0.4813960936686839,0.0720893808992188,0.0720893808992188,8.488527297973633
trajectory,activity/deployment/final/token_cnn/s3301,token_cnn,3301,39,780.0,0.4709640405687479,0.0741095746815172,0.0741095746815172,4.877496242523193
trajectory,activity/deployment/final/token_cnn/s3301,token_cnn,3301,40,800.0,0.4658183761065304,0.0737069779633275,0.0737069779633275,3.74321174621582
trajectory,activity/deployment/final/token_cnn/s3301,token_cnn,3301,41,820.0,0.4629213536325383,0.0725736043092727,0.0725736043092727,3.478341817855835
trajectory,activity/deployment/final/token_cnn/s3301,token_cnn,3301,42,840.0,0.456630271682671,0.0728977331347358,0.0728977331347358,5.59630012512207
trajectory,activity/deployment/final/token_cnn/s3301,token_cnn,3301,43,860.0,0.4560982002636286,0.0730065587538097,0.0730065587538097,5.345087051391602
trajectory,activity/deployment/final/token_cnn/s3301,token_cnn,3301,44,880.0,0.4558700806948758,0.0728484433236035,0.0728484433236035,9.288955688476562
trajectory,activity/deployment/final/token_cnn/s3301,token_cnn,3301,45,900.0,0.4491812701354053,0.0744542612638965,0.0744542612638965,7.058119297027588
trajectory,activity/deployment/final/token_cnn/s3301,token_cnn,3301,46,920.0,0.4481892590725393,0.0738996173646508,0.0738996173646508,7.749204635620117
trajectory,activity/deployment/final/token_cnn/s3301,token_cnn,3301,47,940.0,0.4399828466751729,0.0738419774430243,0.0738419774430243,7.12106466293335
trajectory,activity/deployment/final/token_cnn/s3301,token_cnn,3301,48,960.0,0.4342293205054816,0.0751672134157816,0.0751672134157816,3.839685440063477
trajectory,activity/deployment/final/token_cnn/s3301,token_cnn,3301,49,980.0,0.4341240017967057,0.0744587392204387,0.0744587392204387,5.8406243324279785
trajectory,activity/deployment/final/token_cnn/s3301,token_cnn,3301,50,1000.0,0.4332797766157897,0.0761364491873664,0.0761364491873664,5.824056148529053
trajectory,activity/deployment/final/token_cnn/s3301,token_cnn,3301,51,1020.0,0.4310786112184274,0.0741427659488341,0.0741427659488341,6.772795677185059
trajectory,activity/deployment/final/token_cnn/s3301,token_cnn,3301,52,1040.0,0.4282527799593067,0.0732343275328879,0.0732343275328879,7.706848621368408
trajectory,activity/deployment/final/token_cnn/s3301,token_cnn,3301,53,1060.0,0.4251936597896057,0.0738046103375453,0.0738046103375453,5.975172996520996
trajectory,activity/deployment/final/token_cnn/s3301,token_cnn,3301,54,1080.0,0.4181595775132334,0.0763701803064435,0.0763701803064435,6.023664951324463
trajectory,activity/deployment/final/token_cnn/s3301,token_cnn,3301,55,1100.0,0.4143901808901946,0.0738176461851909,0.0738176461851909,6.663189888000488
trajectory,activity/deployment/final/token_cnn/s3301,token_cnn,3301,56,1120.0,0.4203151719403513,0.0752368608675417,0.0752368608675417,6.401658058166504
trajectory,activity/deployment/final/token_cnn/s3301,token_cnn,3301,57,1140.0,0.4082577930877282,0.0769539543096402,0.0769539543096402,5.814351558685303
selected_checkpoint,activity/deployment/final/token_cnn/s3301,token_cnn,3301,7,,,0.0614340777148922,,
trajectory,activity/deployment/final/token_cnn/s4409,token_cnn,4409,1,20.0,0.99811490487257,0.0651351874923997,0.0651351874923997,0.8731968998908997
trajectory,activity/deployment/final/token_cnn/s4409,token_cnn,4409,2,40.0,0.9796871136255544,0.0657546654281328,0.0657546654281328,0.8965678215026855
trajectory,activity/deployment/final/token_cnn/s4409,token_cnn,4409,3,60.0,0.9577813666902714,0.064341575679787,0.064341575679787,1.0925767421722412
trajectory,activity/deployment/final/token_cnn/s4409,token_cnn,4409,4,80.0,0.9296588858410516,0.0650786433937041,0.0650786433937041,1.8261075019836424
trajectory,activity/deployment/final/token_cnn/s4409,token_cnn,4409,5,100.0,0.8964359136779124,0.0646821781523931,0.0646821781523931,1.8410413265228271
trajectory,activity/deployment/final/token_cnn/s4409,token_cnn,4409,6,120.0,0.855925632148058,0.063329178629865,0.063329178629865,1.5933001041412354
trajectory,activity/deployment/final/token_cnn/s4409,token_cnn,4409,7,140.0,0.8055545112459881,0.0614695640918197,0.0614695640918197,1.7413581609725952
trajectory,activity/deployment/final/token_cnn/s4409,token_cnn,4409,8,160.0,0.7584159635569577,0.0634687101487075,0.0634687101487075,2.7710835933685303
trajectory,activity/deployment/final/token_cnn/s4409,token_cnn,4409,9,180.0,0.7200968030712924,0.0629859626145147,0.0629859626145147,2.560629606246948
trajectory,activity/deployment/final/token_cnn/s4409,token_cnn,4409,10,200.0,0.696258096537768,0.0649611924886446,0.0649611924886446,3.922641515731812
trajectory,activity/deployment/final/token_cnn/s4409,token_cnn,4409,11,220.0,0.677892677314325,0.0648005320976955,0.0648005320976955,3.6866440773010254
trajectory,activity/deployment/final/token_cnn/s4409,token_cnn,4409,12,240.0,0.6612831462082928,0.0657104341537196,0.0657104341537196,5.342143058776856
trajectory,activity/deployment/final/token_cnn/s4409,token_cnn,4409,13,260.0,0.6410254224412871,0.0664703954331816,0.0664703954331816,3.85810661315918
trajectory,activity/deployment/final/token_cnn/s4409,token_cnn,4409,14,280.0,0.6326528183991612,0.0665967192239063,0.0665967192239063,4.62959098815918
trajectory,activity/deployment/final/token_cnn/s4409,token_cnn,4409,15,300.0,0.6193123456028551,0.0675433630157607,0.0675433630157607,6.4432783126831055
trajectory,activity/deployment/final/token_cnn/s4409,token_cnn,4409,16,320.0,0.6080728262260473,0.0681568332776774,0.0681568332776774,5.333254814147949
trajectory,activity/deployment/final/token_cnn/s4409,token_cnn,4409,17,340.0,0.599996023465945,0.0685477726480403,0.0685477726480403,4.090939044952393
trajectory,activity/deployment/final/token_cnn/s4409,token_cnn,4409,18,360.0,0.5913280165318556,0.0693919665429763,0.0693919665429763,6.198573112487793
trajectory,activity/deployment/final/token_cnn/s4409,token_cnn,4409,19,380.0,0.5790099391300968,0.0701030161268838,0.0701030161268838,4.124431133270264
trajectory,activity/deployment/final/token_cnn/s4409,token_cnn,4409,20,400.0,0.5706721967510802,0.0705160187097518,0.0705160187097518,4.847954750061035
trajectory,activity/deployment/final/token_cnn/s4409,token_cnn,4409,21,420.0,0.559465487813836,0.0711195937407059,0.0711195937407059,5.31503963470459
trajectory,activity/deployment/final/token_cnn/s4409,token_cnn,4409,22,440.0,0.5578141540075883,0.0722196088460239,0.0722196088460239,5.301295757293701
trajectory,activity/deployment/final/token_cnn/s4409,token_cnn,4409,23,460.0,0.5562253858098158,0.0716184375834035,0.0716184375834035,7.816086292266846
trajectory,activity/deployment/final/token_cnn/s4409,token_cnn,4409,24,480.0,0.5397815471892323,0.0717700203536381,0.0717700203536381,4.30783224105835
trajectory,activity/deployment/final/token_cnn/s4409,token_cnn,4409,25,500.0,0.5428388518790956,0.0725375758151563,0.0725375758151563,7.137354373931885
trajectory,activity/deployment/final/token_cnn/s4409,token_cnn,4409,26,520.0,0.5275174894912362,0.0723038983272079,0.0723038983272079,4.881639003753662
trajectory,activity/deployment/final/token_cnn/s4409,token_cnn,4409,27,540.0,0.524587478970989,0.0724606255633777,0.0724606255633777,5.953737258911133
trajectory,activity/deployment/final/token_cnn/s4409,token_cnn,4409,28,560.0,0.512287425511976,0.0732437338604946,0.0732437338604946,4.669178485870361
trajectory,activity/deployment/final/token_cnn/s4409,token_cnn,4409,29,580.0,0.5117892306697472,0.0744547030978197,0.0744547030978197,5.029109001159668
trajectory,activity/deployment/final/token_cnn/s4409,token_cnn,4409,30,600.0,0.5084779004050778,0.0736115061160521,0.0736115061160521,5.382464408874512
trajectory,activity/deployment/final/token_cnn/s4409,token_cnn,4409,31,620.0,0.4989440458648445,0.0741683298388995,0.0741683298388995,5.155417442321777
trajectory,activity/deployment/final/token_cnn/s4409,token_cnn,4409,32,640.0,0.4967507946529115,0.0738695823360051,0.0738695823360051,4.817138195037842
trajectory,activity/deployment/final/token_cnn/s4409,token_cnn,4409,33,660.0,0.4927569830389227,0.0736592390911058,0.0736592390911058,5.824536323547363
trajectory,activity/deployment/final/token_cnn/s4409,token_cnn,4409,34,680.0,0.4793384525158559,0.0736142995966626,0.0736142995966626,3.8835771083831783
trajectory,activity/deployment/final/token_cnn/s4409,token_cnn,4409,35,700.0,0.4769645455908075,0.0745632629536096,0.0745632629536096,4.737503528594971
trajectory,activity/deployment/final/token_cnn/s4409,token_cnn,4409,36,720.0,0.4748894825305514,0.0753409236655459,0.0753409236655459,5.452170848846436
trajectory,activity/deployment/final/token_cnn/s4409,token_cnn,4409,37,740.0,0.4650859965797073,0.0748518888277191,0.0748518888277191,4.457319259643555
trajectory,activity/deployment/final/token_cnn/s4409,token_cnn,4409,38,760.0,0.4610806704751076,0.0748357961821077,0.0748357961821077,5.166032791137695
trajectory,activity/deployment/final/token_cnn/s4409,token_cnn,4409,39,780.0,0.4588468320271247,0.0746611054219787,0.0746611054219787,4.837085723876953
trajectory,activity/deployment/final/token_cnn/s4409,token_cnn,4409,40,800.0,0.4476020633700918,0.0755941485382145,0.0755941485382145,3.850590229034424
trajectory,activity/deployment/final/token_cnn/s4409,token_cnn,4409,41,820.0,0.4454723340448072,0.0755738654495224,0.0755738654495224,3.2744154930114746
trajectory,activity/deployment/final/token_cnn/s4409,token_cnn,4409,42,840.0,0.445337701591828,0.0752044158439466,0.0752044158439466,7.641720771789551
trajectory,activity/deployment/final/token_cnn/s4409,token_cnn,4409,43,860.0,0.4343178574768109,0.0764974411384954,0.0764974411384954,6.06178617477417
trajectory,activity/deployment/final/token_cnn/s4409,token_cnn,4409,44,880.0,0.4319022087420235,0.0765264917982202,0.0765264917982202,6.668146133422852
trajectory,activity/deployment/final/token_cnn/s4409,token_cnn,4409,45,900.0,0.4269796085319792,0.0760887323692118,0.0760887323692118,5.817565441131592
trajectory,activity/deployment/final/token_cnn/s4409,token_cnn,4409,46,920.0,0.4272956185344669,0.075312281590656,0.075312281590656,4.914002895355225
trajectory,activity/deployment/final/token_cnn/s4409,token_cnn,4409,47,940.0,0.4200497745426048,0.0758727904052564,0.0758727904052564,4.4110426902771
trajectory,activity/deployment/final/token_cnn/s4409,token_cnn,4409,48,960.0,0.414315221705448,0.075799763494554,0.075799763494554,4.544604778289795
trajectory,activity/deployment/final/token_cnn/s4409,token_cnn,4409,49,980.0,0.413613609513941,0.0763802136740035,0.0763802136740035,8.73412036895752
trajectory,activity/deployment/final/token_cnn/s4409,token_cnn,4409,50,1000.0,0.4116900990982677,0.077718370572126,0.077718370572126,4.375909805297852
trajectory,activity/deployment/final/token_cnn/s4409,token_cnn,4409,51,1020.0,0.4094181909884982,0.0761380133982715,0.0761380133982715,5.027435302734375
trajectory,activity/deployment/final/token_cnn/s4409,token_cnn,4409,52,1040.0,0.4016959773727217,0.0758564332300973,0.0758564332300973,3.660661220550537
trajectory,activity/deployment/final/token_cnn/s4409,token_cnn,4409,53,1060.0,0.4032005648986038,0.0764297982840662,0.0764297982840662,6.205684185028076
trajectory,activity/deployment/final/token_cnn/s4409,token_cnn,4409,54,1080.0,0.3963029333246047,0.07776554374983,0.07776554374983,3.3286757469177246
trajectory,activity/deployment/final/token_cnn/s4409,token_cnn,4409,55,1100.0,0.3933316105362723,0.075719615126537,0.075719615126537,4.243649005889893
trajectory,activity/deployment/final/token_cnn/s4409,token_cnn,4409,56,1120.0,0.3871249190344519,0.0784232502949748,0.0784232502949748,4.859185218811035
trajectory,activity/deployment/final/token_cnn/s4409,token_cnn,4409,57,1140.0,0.3858967088725095,0.0772405114926091,0.0772405114926091,5.370591163635254
selected_checkpoint,activity/deployment/final/token_cnn/s4409,token_cnn,4409,7,,,0.0614695640918197,,
trajectory,activity/deployment/final/token_cnn/s5519,token_cnn,5519,1,20.0,0.9920351746728062,0.0655595268786665,0.0655595268786665,1.327649712562561
trajectory,activity/deployment/final/token_cnn/s5519,token_cnn,5519,2,40.0,0.9723058838613268,0.0650591896898186,0.0650591896898186,1.0493675470352173
trajectory,activity/deployment/final/token_cnn/s5519,token_cnn,5519,3,60.0,0.9513012440645856,0.0645968720403773,0.0645968720403773,1.1265590190887451
trajectory,activity/deployment/final/token_cnn/s5519,token_cnn,5519,4,80.0,0.9252445768798696,0.0628818073880431,0.0628818073880431,1.6368285417556765
trajectory,activity/deployment/final/token_cnn/s5519,token_cnn,5519,5,100.0,0.89568262833087,0.0651797022085777,0.0651797022085777,1.7228806018829346
trajectory,activity/deployment/final/token_cnn/s5519,token_cnn,5519,6,120.0,0.8578055444172775,0.0641375512189004,0.0641375512189004,2.2046680450439453
trajectory,activity/deployment/final/token_cnn/s5519,token_cnn,5519,7,140.0,0.8165429546020635,0.0647642863564112,0.0647642863564112,2.2622487545013428
trajectory,activity/deployment/final/token_cnn/s5519,token_cnn,5519,8,160.0,0.7746035571700529,0.0645214105412404,0.0645214105412404,1.9513705968856807
trajectory,activity/deployment/final/token_cnn/s5519,token_cnn,5519,9,180.0,0.7420616264472034,0.0659469677325867,0.0659469677325867,3.743662834167481
trajectory,activity/deployment/final/token_cnn/s5519,token_cnn,5519,10,200.0,0.7139172639233239,0.0667661462354149,0.0667661462354149,2.736980438232422
trajectory,activity/deployment/final/token_cnn/s5519,token_cnn,5519,11,220.0,0.702652187315219,0.0693394278816686,0.0693394278816686,3.615522623062134
trajectory,activity/deployment/final/token_cnn/s5519,token_cnn,5519,12,240.0,0.6836830022033952,0.0692129501934298,0.0692129501934298,4.052647113800049
trajectory,activity/deployment/final/token_cnn/s5519,token_cnn,5519,13,260.0,0.664435827561652,0.0722175394009704,0.0722175394009704,6.241251468658447
trajectory,activity/deployment/final/token_cnn/s5519,token_cnn,5519,14,280.0,0.6479508726723711,0.0701568445162236,0.0701568445162236,2.8958933353424072
trajectory,activity/deployment/final/token_cnn/s5519,token_cnn,5519,15,300.0,0.6366767695823106,0.0731177624990847,0.0731177624990847,4.234992027282715
trajectory,activity/deployment/final/token_cnn/s5519,token_cnn,5519,16,320.0,0.6258595153582863,0.0731776091127162,0.0731776091127162,4.637301445007324
trajectory,activity/deployment/final/token_cnn/s5519,token_cnn,5519,17,340.0,0.6197371854490472,0.0730337647181855,0.0730337647181855,6.632544040679932
trajectory,activity/deployment/final/token_cnn/s5519,token_cnn,5519,18,360.0,0.6069084142199388,0.0744328683123843,0.0744328683123843,6.142586708068848
trajectory,activity/deployment/final/token_cnn/s5519,token_cnn,5519,19,380.0,0.5958527614901803,0.0735298892361858,0.0735298892361858,4.754931449890137
trajectory,activity/deployment/final/token_cnn/s5519,token_cnn,5519,20,400.0,0.5890807718204258,0.0755768698511096,0.0755768698511096,6.105413913726807
trajectory,activity/deployment/final/token_cnn/s5519,token_cnn,5519,21,420.0,0.5749033618011202,0.0749033749692605,0.0749033749692605,5.02868127822876
trajectory,activity/deployment/final/token_cnn/s5519,token_cnn,5519,22,440.0,0.5710726710801279,0.0772128681126624,0.0772128681126624,5.257166862487793
trajectory,activity/deployment/final/token_cnn/s5519,token_cnn,5519,23,460.0,0.5644897069128095,0.0771952085576724,0.0771952085576724,7.174935817718506
trajectory,activity/deployment/final/token_cnn/s5519,token_cnn,5519,24,480.0,0.5531783282898834,0.075819926388874,0.075819926388874,7.841912269592285
trajectory,activity/deployment/final/token_cnn/s5519,token_cnn,5519,25,500.0,0.553043800701311,0.078068866072945,0.078068866072945,5.60834264755249
trajectory,activity/deployment/final/token_cnn/s5519,token_cnn,5519,26,520.0,0.542261370810561,0.0762887167236371,0.0762887167236371,5.101624965667725
trajectory,activity/deployment/final/token_cnn/s5519,token_cnn,5519,27,540.0,0.5339295813921806,0.0769142858436552,0.0769142858436552,6.149107933044434
trajectory,activity/deployment/final/token_cnn/s5519,token_cnn,5519,28,560.0,0.5302093230229318,0.078125119669465,0.078125119669465,5.747594356536865
trajectory,activity/deployment/final/token_cnn/s5519,token_cnn,5519,29,580.0,0.5222970163708551,0.0764037669371581,0.0764037669371581,5.735703945159912
trajectory,activity/deployment/final/token_cnn/s5519,token_cnn,5519,30,600.0,0.5150430022581312,0.0787472572495909,0.0787472572495909,5.087656021118164
trajectory,activity/deployment/final/token_cnn/s5519,token_cnn,5519,31,620.0,0.5088592632788339,0.0780468020086621,0.0780468020086621,4.495469570159912
trajectory,activity/deployment/final/token_cnn/s5519,token_cnn,5519,32,640.0,0.5086721441071596,0.0799251027685176,0.0799251027685176,5.867063045501709
trajectory,activity/deployment/final/token_cnn/s5519,token_cnn,5519,33,660.0,0.5032102602923835,0.0774283245197693,0.0774283245197693,6.600327968597412
trajectory,activity/deployment/final/token_cnn/s5519,token_cnn,5519,34,680.0,0.4926492293928236,0.0785275538277099,0.0785275538277099,4.387523651123047
trajectory,activity/deployment/final/token_cnn/s5519,token_cnn,5519,35,700.0,0.482323545350074,0.0805986731694974,0.0805986731694974,6.027956962585449
trajectory,activity/deployment/final/token_cnn/s5519,token_cnn,5519,36,720.0,0.4856013373262452,0.0810765459705695,0.0810765459705695,5.3326735496521
trajectory,activity/deployment/final/token_cnn/s5519,token_cnn,5519,37,740.0,0.475183973907004,0.0807369011924763,0.0807369011924763,5.094160079956055
trajectory,activity/deployment/final/token_cnn/s5519,token_cnn,5519,38,760.0,0.4776157449407176,0.081509925857301,0.081509925857301,6.10624885559082
trajectory,activity/deployment/final/token_cnn/s5519,token_cnn,5519,39,780.0,0.4681078103253347,0.0793675889271527,0.0793675889271527,4.822725296020508
trajectory,activity/deployment/final/token_cnn/s5519,token_cnn,5519,40,800.0,0.4655778002795764,0.0781810657310348,0.0781810657310348,8.138864517211914
trajectory,activity/deployment/final/token_cnn/s5519,token_cnn,5519,41,820.0,0.4608388553307679,0.080843152471654,0.080843152471654,7.522025108337402
trajectory,activity/deployment/final/token_cnn/s5519,token_cnn,5519,42,840.0,0.4549494022362946,0.0808701398407401,0.0808701398407401,5.447197437286377
trajectory,activity/deployment/final/token_cnn/s5519,token_cnn,5519,43,860.0,0.4486624417653436,0.0791276522706154,0.0791276522706154,3.885345458984375
trajectory,activity/deployment/final/token_cnn/s5519,token_cnn,5519,44,880.0,0.4441893143347088,0.0801037937794744,0.0801037937794744,4.699394702911377
trajectory,activity/deployment/final/token_cnn/s5519,token_cnn,5519,45,900.0,0.4347992726883498,0.0806925728733,0.0806925728733,4.264501094818115
trajectory,activity/deployment/final/token_cnn/s5519,token_cnn,5519,46,920.0,0.4367313247715508,0.081190572164547,0.081190572164547,6.902284622192383
trajectory,activity/deployment/final/token_cnn/s5519,token_cnn,5519,47,940.0,0.4341566285696931,0.0811380709828055,0.0811380709828055,4.488399028778076
trajectory,activity/deployment/final/token_cnn/s5519,token_cnn,5519,48,960.0,0.4216735119427642,0.0801779948925676,0.0801779948925676,3.447054624557495
trajectory,activity/deployment/final/token_cnn/s5519,token_cnn,5519,49,980.0,0.421082168699163,0.0788221065981306,0.0788221065981306,6.479035377502441
trajectory,activity/deployment/final/token_cnn/s5519,token_cnn,5519,50,1000.0,0.4189706776140227,0.0817746739963803,0.0817746739963803,7.018014430999756
trajectory,activity/deployment/final/token_cnn/s5519,token_cnn,5519,51,1020.0,0.415202964194906,0.0821599361428697,0.0821599361428697,4.018758296966553
trajectory,activity/deployment/final/token_cnn/s5519,token_cnn,5519,52,1040.0,0.4105225897100447,0.0815752463231779,0.0815752463231779,5.751028537750244
trajectory,activity/deployment/final/token_cnn/s5519,token_cnn,5519,53,1060.0,0.4070919032746407,0.0805567749159196,0.0805567749159196,7.100825786590576
trajectory,activity/deployment/final/token_cnn/s5519,token_cnn,5519,54,1080.0,0.4092224976010887,0.0811172855217366,0.0811172855217366,7.0918965339660645
selected_checkpoint,activity/deployment/final/token_cnn/s5519,token_cnn,5519,4,,,0.0628818073880431,,
trajectory,activity/deployment/final/token_cnn/s6637,token_cnn,6637,1,20.0,0.999423619676337,0.0656138054515816,0.0656138054515816,0.7877927422523499
trajectory,activity/deployment/final/token_cnn/s6637,token_cnn,6637,2,40.0,0.9890073809101052,0.0649116107359264,0.0649116107359264,1.4688012599945068
trajectory,activity/deployment/final/token_cnn/s6637,token_cnn,6637,3,60.0,0.9776324575339356,0.0648766704477648,0.0648766704477648,0.8207564353942871
trajectory,activity/deployment/final/token_cnn/s6637,token_cnn,6637,4,80.0,0.9617710469070174,0.0643058946259778,0.0643058946259778,1.0303118228912354
trajectory,activity/deployment/final/token_cnn/s6637,token_cnn,6637,5,100.0,0.9406797480640002,0.0640723478596846,0.0640723478596846,1.387656331062317
trajectory,activity/deployment/final/token_cnn/s6637,token_cnn,6637,6,120.0,0.9138547887491556,0.0619388254789531,0.0619388254789531,1.9014501571655276
trajectory,activity/deployment/final/token_cnn/s6637,token_cnn,6637,7,140.0,0.8771562969239578,0.0621925064325471,0.0621925064325471,1.314585566520691
trajectory,activity/deployment/final/token_cnn/s6637,token_cnn,6637,8,160.0,0.8291427572631381,0.0613739976074626,0.0613739976074626,1.951300382614136
trajectory,activity/deployment/final/token_cnn/s6637,token_cnn,6637,9,180.0,0.7840270260385903,0.0596444138152916,0.0596444138152916,3.264117479324341
trajectory,activity/deployment/final/token_cnn/s6637,token_cnn,6637,10,200.0,0.734588490344874,0.0607259789156173,0.0607259789156173,2.6079490184783936
trajectory,activity/deployment/final/token_cnn/s6637,token_cnn,6637,11,220.0,0.7050260668524302,0.0625212205625093,0.0625212205625093,3.922133445739746
trajectory,activity/deployment/final/token_cnn/s6637,token_cnn,6637,12,240.0,0.6708093251473758,0.0658869931154511,0.0658869931154511,2.8286705017089844
trajectory,activity/deployment/final/token_cnn/s6637,token_cnn,6637,13,260.0,0.6615538133620459,0.0649963169785415,0.0649963169785415,4.436014175415039
trajectory,activity/deployment/final/token_cnn/s6637,token_cnn,6637,14,280.0,0.6395334388359469,0.0659888108935473,0.0659888108935473,4.452192783355713
trajectory,activity/deployment/final/token_cnn/s6637,token_cnn,6637,15,300.0,0.6202393904671581,0.0674162193322379,0.0674162193322379,5.263420581817627
trajectory,activity/deployment/final/token_cnn/s6637,token_cnn,6637,16,320.0,0.6070902308270134,0.0677020792339369,0.0677020792339369,3.331484317779541
trajectory,activity/deployment/final/token_cnn/s6637,token_cnn,6637,17,340.0,0.5984449317239409,0.0678450351099707,0.0678450351099707,5.342449188232422
trajectory,activity/deployment/final/token_cnn/s6637,token_cnn,6637,18,360.0,0.5874649340714416,0.0687869905141213,0.0687869905141213,5.17191743850708
trajectory,activity/deployment/final/token_cnn/s6637,token_cnn,6637,19,380.0,0.5753416413821523,0.0697397027924447,0.0697397027924447,6.159852981567383
trajectory,activity/deployment/final/token_cnn/s6637,token_cnn,6637,20,400.0,0.570821269056549,0.0697390071568092,0.0697390071568092,5.212008953094482
trajectory,activity/deployment/final/token_cnn/s6637,token_cnn,6637,21,420.0,0.5604041240061911,0.07043075686251,0.07043075686251,5.053852558135986
trajectory,activity/deployment/final/token_cnn/s6637,token_cnn,6637,22,440.0,0.5524956655464445,0.0716155450124864,0.0716155450124864,6.051215171813965
trajectory,activity/deployment/final/token_cnn/s6637,token_cnn,6637,23,460.0,0.5418773591755116,0.0716541183697665,0.0716541183697665,5.823397636413574
trajectory,activity/deployment/final/token_cnn/s6637,token_cnn,6637,24,480.0,0.5367885266295305,0.0720791366624308,0.0720791366624308,5.024327754974365
trajectory,activity/deployment/final/token_cnn/s6637,token_cnn,6637,25,500.0,0.5299657410672016,0.072765796970735,0.072765796970735,4.371310234069824
trajectory,activity/deployment/final/token_cnn/s6637,token_cnn,6637,26,520.0,0.5215675237635188,0.0756714111100117,0.0756714111100117,3.546320676803589
trajectory,activity/deployment/final/token_cnn/s6637,token_cnn,6637,27,540.0,0.5218327455429732,0.0746391495930146,0.0746391495930146,7.003755569458008
trajectory,activity/deployment/final/token_cnn/s6637,token_cnn,6637,28,560.0,0.5154757813104474,0.0743472180522905,0.0743472180522905,3.632624387741089
trajectory,activity/deployment/final/token_cnn/s6637,token_cnn,6637,29,580.0,0.5016628311350764,0.0731144257188447,0.0731144257188447,4.237093448638916
trajectory,activity/deployment/final/token_cnn/s6637,token_cnn,6637,30,600.0,0.4993198592337092,0.0738463554755958,0.0738463554755958,3.4218170642852783
trajectory,activity/deployment/final/token_cnn/s6637,token_cnn,6637,31,620.0,0.4914394295622755,0.0744931753402698,0.0744931753402698,3.566033124923706
trajectory,activity/deployment/final/token_cnn/s6637,token_cnn,6637,32,640.0,0.4890274932405322,0.0741869670662271,0.0741869670662271,4.786489963531494
trajectory,activity/deployment/final/token_cnn/s6637,token_cnn,6637,33,660.0,0.4822816776320326,0.0764062629925843,0.0764062629925843,5.461691856384277
trajectory,activity/deployment/final/token_cnn/s6637,token_cnn,6637,34,680.0,0.4795768989088802,0.0756197426305135,0.0756197426305135,7.271076202392578
trajectory,activity/deployment/final/token_cnn/s6637,token_cnn,6637,35,700.0,0.4758400102046106,0.0748732696713687,0.0748732696713687,4.766490936279297
trajectory,activity/deployment/final/token_cnn/s6637,token_cnn,6637,36,720.0,0.469317638608934,0.0746628479265576,0.0746628479265576,4.179290771484375
trajectory,activity/deployment/final/token_cnn/s6637,token_cnn,6637,37,740.0,0.4639756368018977,0.0751384085544137,0.0751384085544137,4.872318267822266
trajectory,activity/deployment/final/token_cnn/s6637,token_cnn,6637,38,760.0,0.4572013584842181,0.0747479230987887,0.0747479230987887,4.80841588973999
trajectory,activity/deployment/final/token_cnn/s6637,token_cnn,6637,39,780.0,0.4553129301599513,0.0737816681078138,0.0737816681078138,4.058708190917969
trajectory,activity/deployment/final/token_cnn/s6637,token_cnn,6637,40,800.0,0.4508182760549974,0.0740264570628517,0.0740264570628517,4.206716060638428
trajectory,activity/deployment/final/token_cnn/s6637,token_cnn,6637,41,820.0,0.4464888781474828,0.0739565343875465,0.0739565343875465,5.804589748382568
trajectory,activity/deployment/final/token_cnn/s6637,token_cnn,6637,42,840.0,0.4414086863102659,0.0761631741433913,0.0761631741433913,6.1043620109558105
trajectory,activity/deployment/final/token_cnn/s6637,token_cnn,6637,43,860.0,0.43398418887633,0.0736468353638218,0.0736468353638218,4.864933967590332
trajectory,activity/deployment/final/token_cnn/s6637,token_cnn,6637,44,880.0,0.429502116227737,0.0754079856413627,0.0754079856413627,4.428208351135254
trajectory,activity/deployment/final/token_cnn/s6637,token_cnn,6637,45,900.0,0.4240639480548401,0.0759606102712305,0.0759606102712305,4.097050189971924
trajectory,activity/deployment/final/token_cnn/s6637,token_cnn,6637,46,920.0,0.4208226147580469,0.0759546717238965,0.0759546717238965,5.728875160217285
trajectory,activity/deployment/final/token_cnn/s6637,token_cnn,6637,47,940.0,0.4166273251708488,0.0761734420729312,0.0761734420729312,5.4017744064331055
trajectory,activity/deployment/final/token_cnn/s6637,token_cnn,6637,48,960.0,0.4160030933956573,0.0759786687666754,0.0759786687666754,4.558984279632568
trajectory,activity/deployment/final/token_cnn/s6637,token_cnn,6637,49,980.0,0.4099050554327779,0.0753615836260884,0.0753615836260884,7.646628856658935
trajectory,activity/deployment/final/token_cnn/s6637,token_cnn,6637,50,1000.0,0.4108134442089662,0.074252538358666,0.074252538358666,6.409407615661621
trajectory,activity/deployment/final/token_cnn/s6637,token_cnn,6637,51,1020.0,0.4034886534390135,0.076076889468518,0.076076889468518,4.262608051300049
trajectory,activity/deployment/final/token_cnn/s6637,token_cnn,6637,52,1040.0,0.4009052305301093,0.0757401505050811,0.0757401505050811,4.881045818328857
trajectory,activity/deployment/final/token_cnn/s6637,token_cnn,6637,53,1060.0,0.4024126557152455,0.0764900893102396,0.0764900893102396,5.664567470550537
trajectory,activity/deployment/final/token_cnn/s6637,token_cnn,6637,54,1080.0,0.3933120921455365,0.0756771577485235,0.0756771577485235,4.32560920715332
trajectory,activity/deployment/final/token_cnn/s6637,token_cnn,6637,55,1100.0,0.389725747091416,0.075023518645907,0.075023518645907,5.8779296875
trajectory,activity/deployment/final/token_cnn/s6637,token_cnn,6637,56,1120.0,0.3889630142898196,0.0756836617141131,0.0756836617141131,4.17217493057251
trajectory,activity/deployment/final/token_cnn/s6637,token_cnn,6637,57,1140.0,0.3821780190901495,0.0754392425004468,0.0754392425004468,4.384128570556641
trajectory,activity/deployment/final/token_cnn/s6637,token_cnn,6637,58,1160.0,0.378651161270543,0.0758648937836019,0.0758648937836019,4.195137023925781
trajectory,activity/deployment/final/token_cnn/s6637,token_cnn,6637,59,1180.0,0.3814081645040307,0.0748122946007235,0.0748122946007235,5.3568525314331055
selected_checkpoint,activity/deployment/final/token_cnn/s6637,token_cnn,6637,9,,,0.0596444138152916,,
trajectory,activity/deployment/final/token_cnn/s7753,token_cnn,7753,1,20.0,0.9961737906582494,0.0658739798850971,0.0658739798850971,0.9602758288383484
trajectory,activity/deployment/final/token_cnn/s7753,token_cnn,7753,2,40.0,0.9831120150727446,0.066062629564458,0.066062629564458,0.942691683769226
trajectory,activity/deployment/final/token_cnn/s7753,token_cnn,7753,3,60.0,0.9699435875091976,0.06544105986368,0.06544105986368,0.6682178378105164
trajectory,activity/deployment/final/token_cnn/s7753,token_cnn,7753,4,80.0,0.9508490791578346,0.0650922200624332,0.0650922200624332,0.8596226572990417
trajectory,activity/deployment/final/token_cnn/s7753,token_cnn,7753,5,100.0,0.9229640153497812,0.0632631386096166,0.0632631386096166,1.585057020187378
trajectory,activity/deployment/final/token_cnn/s7753,token_cnn,7753,6,120.0,0.8880060066582193,0.0639983994830041,0.0639983994830041,1.675654649734497
trajectory,activity/deployment/final/token_cnn/s7753,token_cnn,7753,7,140.0,0.8446968512179077,0.0615487061683447,0.0615487061683447,1.9603737592697144
trajectory,activity/deployment/final/token_cnn/s7753,token_cnn,7753,8,160.0,0.796475699394823,0.0636008656317825,0.0636008656317825,2.678135633468628
trajectory,activity/deployment/final/token_cnn/s7753,token_cnn,7753,9,180.0,0.7528840925032606,0.0624316224367568,0.0624316224367568,3.1206979751586914
trajectory,activity/deployment/final/token_cnn/s7753,token_cnn,7753,10,200.0,0.7179244307888416,0.06440662278412,0.06440662278412,3.574640989303589
trajectory,activity/deployment/final/token_cnn/s7753,token_cnn,7753,11,220.0,0.6861756730401583,0.0660867906397199,0.0660867906397199,4.617410182952881
trajectory,activity/deployment/final/token_cnn/s7753,token_cnn,7753,12,240.0,0.6673184853872673,0.0660113079507079,0.0660113079507079,6.329440593719482
trajectory,activity/deployment/final/token_cnn/s7753,token_cnn,7753,13,260.0,0.6478267055214919,0.0661279020223115,0.0661279020223115,5.221980571746826
trajectory,activity/deployment/final/token_cnn/s7753,token_cnn,7753,14,280.0,0.6355148527336272,0.0672526267074543,0.0672526267074543,6.511608123779297
trajectory,activity/deployment/final/token_cnn/s7753,token_cnn,7753,15,300.0,0.6183218239222944,0.0690544732944479,0.0690544732944479,4.657899856567383
trajectory,activity/deployment/final/token_cnn/s7753,token_cnn,7753,16,320.0,0.600812161177089,0.0709777944922694,0.0709777944922694,4.411279201507568
trajectory,activity/deployment/final/token_cnn/s7753,token_cnn,7753,17,340.0,0.5895126382446744,0.0713265898534593,0.0713265898534593,3.590208053588867
trajectory,activity/deployment/final/token_cnn/s7753,token_cnn,7753,18,360.0,0.576226757574498,0.0725943238014587,0.0725943238014587,4.573872089385986
trajectory,activity/deployment/final/token_cnn/s7753,token_cnn,7753,19,380.0,0.5649627900909487,0.0742469755922538,0.0742469755922538,3.354748010635376
trajectory,activity/deployment/final/token_cnn/s7753,token_cnn,7753,20,400.0,0.5643694077435706,0.0742577167153025,0.0742577167153025,5.009687423706055
trajectory,activity/deployment/final/token_cnn/s7753,token_cnn,7753,21,420.0,0.5463286834969419,0.0736694904350826,0.0736694904350826,3.86300277709961
trajectory,activity/deployment/final/token_cnn/s7753,token_cnn,7753,22,440.0,0.5395980873592701,0.0737269673481355,0.0737269673481355,4.917829990386963
trajectory,activity/deployment/final/token_cnn/s7753,token_cnn,7753,23,460.0,0.5351303981068212,0.0743188080704149,0.0743188080704149,5.667162895202637
trajectory,activity/deployment/final/token_cnn/s7753,token_cnn,7753,24,480.0,0.5277616722513704,0.0747897047231933,0.0747897047231933,5.002449035644531
trajectory,activity/deployment/final/token_cnn/s7753,token_cnn,7753,25,500.0,0.5250497455157582,0.0755447920015286,0.0755447920015286,5.375135898590088
trajectory,activity/deployment/final/token_cnn/s7753,token_cnn,7753,26,520.0,0.5080006242129801,0.0761035288614316,0.0761035288614316,3.9709787368774414
trajectory,activity/deployment/final/token_cnn/s7753,token_cnn,7753,27,540.0,0.5116076361479694,0.0761663903576705,0.0761663903576705,5.02085542678833
trajectory,activity/deployment/final/token_cnn/s7753,token_cnn,7753,28,560.0,0.498729661118899,0.0759057968209026,0.0759057968209026,4.889519691467285
trajectory,activity/deployment/final/token_cnn/s7753,token_cnn,7753,29,580.0,0.4951670986494438,0.0762102296546366,0.0762102296546366,5.949405193328857
trajectory,activity/deployment/final/token_cnn/s7753,token_cnn,7753,30,600.0,0.4968863275905182,0.0783680010680253,0.0783680010680253,10.411498069763184
trajectory,activity/deployment/final/token_cnn/s7753,token_cnn,7753,31,620.0,0.4829732703490329,0.0755926519858638,0.0755926519858638,7.470988750457764
trajectory,activity/deployment/final/token_cnn/s7753,token_cnn,7753,32,640.0,0.4812391153680985,0.0763021749057477,0.0763021749057477,7.808187961578369
trajectory,activity/deployment/final/token_cnn/s7753,token_cnn,7753,33,660.0,0.4753417327727847,0.0771734409282375,0.0771734409282375,4.122135639190674
trajectory,activity/deployment/final/token_cnn/s7753,token_cnn,7753,34,680.0,0.470593159827474,0.0763109637243177,0.0763109637243177,6.797586441040039
trajectory,activity/deployment/final/token_cnn/s7753,token_cnn,7753,35,700.0,0.4649289958386122,0.0756138169647008,0.0756138169647008,7.147762298583984
trajectory,activity/deployment/final/token_cnn/s7753,token_cnn,7753,36,720.0,0.4630228515131498,0.0762233743261936,0.0762233743261936,8.272948265075684
trajectory,activity/deployment/final/token_cnn/s7753,token_cnn,7753,37,740.0,0.4561813612889448,0.0763176591903426,0.0763176591903426,4.191490650177002
trajectory,activity/deployment/final/token_cnn/s7753,token_cnn,7753,38,760.0,0.4580163638491399,0.0749480504982722,0.0749480504982722,7.567235469818115
trajectory,activity/deployment/final/token_cnn/s7753,token_cnn,7753,39,780.0,0.4498035784653958,0.0761478287724222,0.0761478287724222,6.672394752502441
trajectory,activity/deployment/final/token_cnn/s7753,token_cnn,7753,40,800.0,0.4438344913167173,0.0768595085039982,0.0768595085039982,6.862468719482422
trajectory,activity/deployment/final/token_cnn/s7753,token_cnn,7753,41,820.0,0.4396286261422564,0.0772430633632257,0.0772430633632257,4.148152828216553
trajectory,activity/deployment/final/token_cnn/s7753,token_cnn,7753,42,840.0,0.4357642961031298,0.0767509220790776,0.0767509220790776,8.51205062866211
trajectory,activity/deployment/final/token_cnn/s7753,token_cnn,7753,43,860.0,0.4350336044908422,0.0773188649893713,0.0773188649893713,5.617795944213867
trajectory,activity/deployment/final/token_cnn/s7753,token_cnn,7753,44,880.0,0.4258785419183841,0.0762834938565961,0.0762834938565961,5.416625499725342
trajectory,activity/deployment/final/token_cnn/s7753,token_cnn,7753,45,900.0,0.419137369601664,0.0763726570578804,0.0763726570578804,3.7138047218322754
trajectory,activity/deployment/final/token_cnn/s7753,token_cnn,7753,46,920.0,0.4178678941594124,0.0771810947726287,0.0771810947726287,7.84302806854248
trajectory,activity/deployment/final/token_cnn/s7753,token_cnn,7753,47,940.0,0.4147881329580372,0.0796852988566385,0.0796852988566385,4.615708351135254
trajectory,activity/deployment/final/token_cnn/s7753,token_cnn,7753,48,960.0,0.4082498762984423,0.0781531189103535,0.0781531189103535,6.042510032653809
trajectory,activity/deployment/final/token_cnn/s7753,token_cnn,7753,49,980.0,0.4098510860781332,0.0780620989269096,0.0780620989269096,4.5050811767578125
trajectory,activity/deployment/final/token_cnn/s7753,token_cnn,7753,50,1000.0,0.4024191815480057,0.0787232348808686,0.0787232348808686,4.086722373962402
trajectory,activity/deployment/final/token_cnn/s7753,token_cnn,7753,51,1020.0,0.4066857885424346,0.0794645103303259,0.0794645103303259,5.444264888763428
trajectory,activity/deployment/final/token_cnn/s7753,token_cnn,7753,52,1040.0,0.398812182892685,0.0769524241060239,0.0769524241060239,6.539153099060059
trajectory,activity/deployment/final/token_cnn/s7753,token_cnn,7753,53,1060.0,0.3968549656006341,0.0770766551048998,0.0770766551048998,5.182384490966797
trajectory,activity/deployment/final/token_cnn/s7753,token_cnn,7753,54,1080.0,0.3891974550518751,0.0786755726097629,0.0786755726097629,8.770263671875
trajectory,activity/deployment/final/token_cnn/s7753,token_cnn,7753,55,1100.0,0.3884916929284006,0.0797259192462516,0.0797259192462516,3.685967445373535
trajectory,activity/deployment/final/token_cnn/s7753,token_cnn,7753,56,1120.0,0.3899269576958951,0.0812609444051245,0.0812609444051245,6.118467807769775
trajectory,activity/deployment/final/token_cnn/s7753,token_cnn,7753,57,1140.0,0.3874364982198589,0.0788908816322256,0.0788908816322256,8.360713005065918
selected_checkpoint,activity/deployment/final/token_cnn/s7753,token_cnn,7753,7,,,0.0615487061683447,,
trajectory,activity/deployment/final/token_cnn/s8867,token_cnn,8867,1,20.0,0.998712167463386,0.064847189707534,0.064847189707534,1.3240272998809814
trajectory,activity/deployment/final/token_cnn/s8867,token_cnn,8867,2,40.0,0.9873588884321824,0.0659886490326219,0.0659886490326219,0.6141499876976013
trajectory,activity/deployment/final/token_cnn/s8867,token_cnn,8867,3,60.0,0.9738309832675957,0.0654783555340554,0.0654783555340554,1.885979175567627
trajectory,activity/deployment/final/token_cnn/s8867,token_cnn,8867,4,80.0,0.961112957373794,0.0665836142265668,0.0665836142265668,1.3229728937149048
trajectory,activity/deployment/final/token_cnn/s8867,token_cnn,8867,5,100.0,0.9394712469897828,0.0652855534532315,0.0652855534532315,1.5447086095809937
trajectory,activity/deployment/final/token_cnn/s8867,token_cnn,8867,6,120.0,0.917153582817226,0.0631063289418429,0.0631063289418429,1.4836570024490356
trajectory,activity/deployment/final/token_cnn/s8867,token_cnn,8867,7,140.0,0.8887790532884757,0.0631782269660156,0.0631782269660156,1.9909067153930664
trajectory,activity/deployment/final/token_cnn/s8867,token_cnn,8867,8,160.0,0.8566418128699135,0.0639687873701768,0.0639687873701768,1.9827858209609983
trajectory,activity/deployment/final/token_cnn/s8867,token_cnn,8867,9,180.0,0.8266776695527948,0.0633826409980589,0.0633826409980589,2.278954267501831
trajectory,activity/deployment/final/token_cnn/s8867,token_cnn,8867,10,200.0,0.7863272887738192,0.0627160613302987,0.0627160613302987,2.408644199371338
trajectory,activity/deployment/final/token_cnn/s8867,token_cnn,8867,11,220.0,0.7577234720123297,0.0631958590343002,0.0631958590343002,3.418515920639038
trajectory,activity/deployment/final/token_cnn/s8867,token_cnn,8867,12,240.0,0.7358443218152423,0.064431776457933,0.064431776457933,6.359203338623047
trajectory,activity/deployment/final/token_cnn/s8867,token_cnn,8867,13,260.0,0.7129333947649827,0.0681504262059774,0.0681504262059774,3.861961841583252
trajectory,activity/deployment/final/token_cnn/s8867,token_cnn,8867,14,280.0,0.6930999697627673,0.0652726380344096,0.0652726380344096,4.453219890594482
trajectory,activity/deployment/final/token_cnn/s8867,token_cnn,8867,15,300.0,0.6719035140761693,0.0677624802952252,0.0677624802952252,4.223855972290039
trajectory,activity/deployment/final/token_cnn/s8867,token_cnn,8867,16,320.0,0.6638676437051454,0.0695543366541874,0.0695543366541874,4.160578727722168
trajectory,activity/deployment/final/token_cnn/s8867,token_cnn,8867,17,340.0,0.647039714363286,0.0694708015079397,0.0694708015079397,3.9334888458251953
trajectory,activity/deployment/final/token_cnn/s8867,token_cnn,8867,18,360.0,0.6344044072179211,0.0711637942588825,0.0711637942588825,4.85604190826416
trajectory,activity/deployment/final/token_cnn/s8867,token_cnn,8867,19,380.0,0.6360326443426755,0.0708468790317731,0.0708468790317731,6.151296615600586
trajectory,activity/deployment/final/token_cnn/s8867,token_cnn,8867,20,400.0,0.6192658546427302,0.0709285021983909,0.0709285021983909,4.114988803863525
trajectory,activity/deployment/final/token_cnn/s8867,token_cnn,8867,21,420.0,0.6081459446972187,0.073500411739432,0.073500411739432,7.052247047424316
trajectory,activity/deployment/final/token_cnn/s8867,token_cnn,8867,22,440.0,0.604158024687536,0.0717373659199489,0.0717373659199489,4.3719258308410645
trajectory,activity/deployment/final/token_cnn/s8867,token_cnn,8867,23,460.0,0.5900202443241789,0.0713926656816648,0.0713926656816648,4.719120025634766
trajectory,activity/deployment/final/token_cnn/s8867,token_cnn,8867,24,480.0,0.5799560003852541,0.0720310418868142,0.0720310418868142,5.989197254180908
trajectory,activity/deployment/final/token_cnn/s8867,token_cnn,8867,25,500.0,0.581438809183498,0.0740523335706506,0.0740523335706506,5.439797878265381
trajectory,activity/deployment/final/token_cnn/s8867,token_cnn,8867,26,520.0,0.5779799395274131,0.0739401519591595,0.0739401519591595,5.260846138000488
trajectory,activity/deployment/final/token_cnn/s8867,token_cnn,8867,27,540.0,0.5704732792447539,0.0763502912004594,0.0763502912004594,8.078819274902344
trajectory,activity/deployment/final/token_cnn/s8867,token_cnn,8867,28,560.0,0.5640706244776228,0.0731159250727343,0.0731159250727343,5.387906074523926
trajectory,activity/deployment/final/token_cnn/s8867,token_cnn,8867,29,580.0,0.552567643197024,0.0740048606405171,0.0740048606405171,4.915190696716309
trajectory,activity/deployment/final/token_cnn/s8867,token_cnn,8867,30,600.0,0.548921403949274,0.0765116074498942,0.0765116074498942,3.580470561981201
trajectory,activity/deployment/final/token_cnn/s8867,token_cnn,8867,31,620.0,0.5465588295052599,0.0745033315701173,0.0745033315701173,4.034438133239746
trajectory,activity/deployment/final/token_cnn/s8867,token_cnn,8867,32,640.0,0.5336034635971045,0.0757004810001614,0.0757004810001614,3.694547653198242
trajectory,activity/deployment/final/token_cnn/s8867,token_cnn,8867,33,660.0,0.5401528167336398,0.0748613581608675,0.0748613581608675,4.455099105834961
trajectory,activity/deployment/final/token_cnn/s8867,token_cnn,8867,34,680.0,0.5280621818742457,0.0741690149731204,0.0741690149731204,3.388915538787842
trajectory,activity/deployment/final/token_cnn/s8867,token_cnn,8867,35,700.0,0.526661502784732,0.0728188511337802,0.0728188511337802,5.458337306976318
trajectory,activity/deployment/final/token_cnn/s8867,token_cnn,8867,36,720.0,0.5237487342454215,0.0739066882179141,0.0739066882179141,5.548027515411377
trajectory,activity/deployment/final/token_cnn/s8867,token_cnn,8867,37,740.0,0.5160158096655103,0.0729293047773029,0.0729293047773029,2.89042592048645
trajectory,activity/deployment/final/token_cnn/s8867,token_cnn,8867,38,760.0,0.5130450036243563,0.072553750297681,0.072553750297681,5.516444683074951
trajectory,activity/deployment/final/token_cnn/s8867,token_cnn,8867,39,780.0,0.5027354357259628,0.0757686648756156,0.0757686648756156,5.051882743835449
trajectory,activity/deployment/final/token_cnn/s8867,token_cnn,8867,40,800.0,0.493643132252197,0.0782098888983894,0.0782098888983894,3.637076377868652
trajectory,activity/deployment/final/token_cnn/s8867,token_cnn,8867,41,820.0,0.4989473565975004,0.0779613873481211,0.0779613873481211,7.489688873291016
trajectory,activity/deployment/final/token_cnn/s8867,token_cnn,8867,42,840.0,0.4940631036440279,0.0751450703755675,0.0751450703755675,5.510032653808594
trajectory,activity/deployment/final/token_cnn/s8867,token_cnn,8867,43,860.0,0.4822963748402402,0.0753674866153392,0.0753674866153392,5.675571441650391
trajectory,activity/deployment/final/token_cnn/s8867,token_cnn,8867,44,880.0,0.4821605176278009,0.078005789796014,0.078005789796014,5.82224178314209
trajectory,activity/deployment/final/token_cnn/s8867,token_cnn,8867,45,900.0,0.4709978216313672,0.0779601575154549,0.0779601575154549,5.552439212799072
trajectory,activity/deployment/final/token_cnn/s8867,token_cnn,8867,46,920.0,0.4750063665051419,0.0744327851522818,0.0744327851522818,4.792447566986084
trajectory,activity/deployment/final/token_cnn/s8867,token_cnn,8867,47,940.0,0.467653040993867,0.0765797738728593,0.0765797738728593,5.620326519012451
trajectory,activity/deployment/final/token_cnn/s8867,token_cnn,8867,48,960.0,0.4631261326094484,0.0758090759485678,0.0758090759485678,4.277985095977783
trajectory,activity/deployment/final/token_cnn/s8867,token_cnn,8867,49,980.0,0.4573218986758928,0.0780979476501788,0.0780979476501788,3.944803953170776
trajectory,activity/deployment/final/token_cnn/s8867,token_cnn,8867,50,1000.0,0.4549843732140384,0.076705035253805,0.076705035253805,4.4327006340026855
trajectory,activity/deployment/final/token_cnn/s8867,token_cnn,8867,51,1020.0,0.4483451997125972,0.0755248308046016,0.0755248308046016,5.628312110900879
trajectory,activity/deployment/final/token_cnn/s8867,token_cnn,8867,52,1040.0,0.451229830125289,0.0788911766589847,0.0788911766589847,5.670166015625
trajectory,activity/deployment/final/token_cnn/s8867,token_cnn,8867,53,1060.0,0.447435099752864,0.0764601034988512,0.0764601034988512,6.31497859954834
trajectory,activity/deployment/final/token_cnn/s8867,token_cnn,8867,54,1080.0,0.4401986847518454,0.0778828030152388,0.0778828030152388,6.88092565536499
trajectory,activity/deployment/final/token_cnn/s8867,token_cnn,8867,55,1100.0,0.4354040803324144,0.075238917562199,0.075238917562199,5.431558132171631
trajectory,activity/deployment/final/token_cnn/s8867,token_cnn,8867,56,1120.0,0.4480078532120081,0.0744481747671556,0.0744481747671556,9.352429389953612
trajectory,activity/deployment/final/token_cnn/s8867,token_cnn,8867,57,1140.0,0.4301496663909757,0.0790417062099516,0.0790417062099516,3.774656057357788
trajectory,activity/deployment/final/token_cnn/s8867,token_cnn,8867,58,1160.0,0.4255159843337261,0.0769764489781725,0.0769764489781725,6.73274564743042
trajectory,activity/deployment/final/token_cnn/s8867,token_cnn,8867,59,1180.0,0.4262328357616997,0.0761803599745779,0.0761803599745779,6.055679798126221
trajectory,activity/deployment/final/token_cnn/s8867,token_cnn,8867,60,1200.0,0.4210248198700481,0.0815253384643794,0.0815253384643794,8.265356063842773
selected_checkpoint,activity/deployment/final/token_cnn/s8867,token_cnn,8867,10,,,0.0627160613302987,,
trajectory,activity/deployment/final/token_cnn/s9973,token_cnn,9973,1,20.0,0.99310510739909,0.0652655904222774,0.0652655904222774,1.061353087425232
trajectory,activity/deployment/final/token_cnn/s9973,token_cnn,9973,2,40.0,0.9766258429306854,0.0647650777154225,0.0647650777154225,0.9960057735443116
trajectory,activity/deployment/final/token_cnn/s9973,token_cnn,9973,3,60.0,0.9594535347106818,0.0632663965862185,0.0632663965862185,1.6352477073669434
trajectory,activity/deployment/final/token_cnn/s9973,token_cnn,9973,4,80.0,0.9367146376487848,0.0642483094859341,0.0642483094859341,1.5051227807998655
trajectory,activity/deployment/final/token_cnn/s9973,token_cnn,9973,5,100.0,0.9066525589766438,0.0618307663243581,0.0618307663243581,1.55056631565094
trajectory,activity/deployment/final/token_cnn/s9973,token_cnn,9973,6,120.0,0.8727071040485282,0.0633285284762327,0.0633285284762327,1.9406743049621584
trajectory,activity/deployment/final/token_cnn/s9973,token_cnn,9973,7,140.0,0.828447040960465,0.0617492915333645,0.0617492915333645,2.056113719940185
trajectory,activity/deployment/final/token_cnn/s9973,token_cnn,9973,8,160.0,0.7800915392738567,0.0609737933841617,0.0609737933841617,1.4068481922149658
trajectory,activity/deployment/final/token_cnn/s9973,token_cnn,9973,9,180.0,0.7401845868946163,0.062380234993544,0.062380234993544,3.501450538635254
trajectory,activity/deployment/final/token_cnn/s9973,token_cnn,9973,10,200.0,0.7084513628549098,0.0644716554250161,0.0644716554250161,3.5037992000579834
trajectory,activity/deployment/final/token_cnn/s9973,token_cnn,9973,11,220.0,0.6941091397435444,0.0637096753620105,0.0637096753620105,5.190768718719482
trajectory,activity/deployment/final/token_cnn/s9973,token_cnn,9973,12,240.0,0.6794195971004162,0.0660824990349135,0.0660824990349135,6.890507221221924
trajectory,activity/deployment/final/token_cnn/s9973,token_cnn,9973,13,260.0,0.6606367237990199,0.065946769267157,0.065946769267157,5.064047336578369
trajectory,activity/deployment/final/token_cnn/s9973,token_cnn,9973,14,280.0,0.6416687266139212,0.0668999581703355,0.0668999581703355,5.856352806091309
trajectory,activity/deployment/final/token_cnn/s9973,token_cnn,9973,15,300.0,0.6336454768517928,0.0665438929447486,0.0665438929447486,5.32484769821167
trajectory,activity/deployment/final/token_cnn/s9973,token_cnn,9973,16,320.0,0.6234623832395855,0.0687103791346469,0.0687103791346469,4.847655773162842
trajectory,activity/deployment/final/token_cnn/s9973,token_cnn,9973,17,340.0,0.6129407365706537,0.0687911468638862,0.0687911468638862,5.211780548095703
trajectory,activity/deployment/final/token_cnn/s9973,token_cnn,9973,18,360.0,0.601494151036639,0.0694738949415815,0.0694738949415815,4.339859962463379
trajectory,activity/deployment/final/token_cnn/s9973,token_cnn,9973,19,380.0,0.594185100366806,0.0699491509218321,0.0699491509218321,4.333911418914795
trajectory,activity/deployment/final/token_cnn/s9973,token_cnn,9973,20,400.0,0.5855717667518294,0.0693086000181659,0.0693086000181659,3.6245524883270255
trajectory,activity/deployment/final/token_cnn/s9973,token_cnn,9973,21,420.0,0.5825791351846327,0.0685403754372076,0.0685403754372076,5.000123977661133
trajectory,activity/deployment/final/token_cnn/s9973,token_cnn,9973,22,440.0,0.5672994600202093,0.0709147293260714,0.0709147293260714,3.907942533493042
trajectory,activity/deployment/final/token_cnn/s9973,token_cnn,9973,23,460.0,0.55832306095018,0.0703664441685922,0.0703664441685922,6.39248514175415
trajectory,activity/deployment/final/token_cnn/s9973,token_cnn,9973,24,480.0,0.5538478285381963,0.0721367555771434,0.0721367555771434,4.2817583084106445
trajectory,activity/deployment/final/token_cnn/s9973,token_cnn,9973,25,500.0,0.5506490449568314,0.0721208332154494,0.0721208332154494,4.8850626945495605
trajectory,activity/deployment/final/token_cnn/s9973,token_cnn,9973,26,520.0,0.5462274426879913,0.0715302042075636,0.0715302042075636,5.789040565490723
trajectory,activity/deployment/final/token_cnn/s9973,token_cnn,9973,27,540.0,0.5359214240828614,0.0718344593287872,0.0718344593287872,7.639630317687988
trajectory,activity/deployment/final/token_cnn/s9973,token_cnn,9973,28,560.0,0.5347220034141026,0.0739799511543196,0.0739799511543196,6.5453033447265625
trajectory,activity/deployment/final/token_cnn/s9973,token_cnn,9973,29,580.0,0.5291364536671718,0.073752606290949,0.073752606290949,7.2407612800598145
trajectory,activity/deployment/final/token_cnn/s9973,token_cnn,9973,30,600.0,0.5227001698079613,0.0747412643374988,0.0747412643374988,8.50439167022705
trajectory,activity/deployment/final/token_cnn/s9973,token_cnn,9973,31,620.0,0.5088906081022015,0.0729931519567878,0.0729931519567878,6.949633598327637
trajectory,activity/deployment/final/token_cnn/s9973,token_cnn,9973,32,640.0,0.5158889114714691,0.0734984912632765,0.0734984912632765,10.026531219482422
trajectory,activity/deployment/final/token_cnn/s9973,token_cnn,9973,33,660.0,0.510181963325399,0.0754282383038224,0.0754282383038224,6.074649333953857
trajectory,activity/deployment/final/token_cnn/s9973,token_cnn,9973,34,680.0,0.5026947885775396,0.0745933337199431,0.0745933337199431,4.830693244934082
trajectory,activity/deployment/final/token_cnn/s9973,token_cnn,9973,35,700.0,0.4979710744618422,0.0730720810604416,0.0730720810604416,5.097294330596924
trajectory,activity/deployment/final/token_cnn/s9973,token_cnn,9973,36,720.0,0.4895973221662974,0.0773543070500345,0.0773543070500345,7.088768482208252
trajectory,activity/deployment/final/token_cnn/s9973,token_cnn,9973,37,740.0,0.4862983148660424,0.0737014797382315,0.0737014797382315,4.697757720947266
trajectory,activity/deployment/final/token_cnn/s9973,token_cnn,9973,38,760.0,0.4796554191989308,0.0759563401126328,0.0759563401126328,4.168251514434815
trajectory,activity/deployment/final/token_cnn/s9973,token_cnn,9973,39,780.0,0.4818598418552029,0.0748324086521349,0.0748324086521349,6.93566370010376
trajectory,activity/deployment/final/token_cnn/s9973,token_cnn,9973,40,800.0,0.4747395961174802,0.0750568552151379,0.0750568552151379,5.589071273803711
trajectory,activity/deployment/final/token_cnn/s9973,token_cnn,9973,41,820.0,0.4665791308056087,0.0748037612265707,0.0748037612265707,4.857787609100342
trajectory,activity/deployment/final/token_cnn/s9973,token_cnn,9973,42,840.0,0.4638191278583005,0.0768715043909398,0.0768715043909398,3.937146663665772
trajectory,activity/deployment/final/token_cnn/s9973,token_cnn,9973,43,860.0,0.4608587286271587,0.0764240680561466,0.0764240680561466,6.644241809844971
trajectory,activity/deployment/final/token_cnn/s9973,token_cnn,9973,44,880.0,0.4571657246592691,0.075076979856915,0.075076979856915,4.505770206451416
trajectory,activity/deployment/final/token_cnn/s9973,token_cnn,9973,45,900.0,0.4478884252221741,0.0744809749910349,0.0744809749910349,6.0263261795043945
trajectory,activity/deployment/final/token_cnn/s9973,token_cnn,9973,46,920.0,0.4471364251387507,0.0745892094591254,0.0745892094591254,4.415435791015625
trajectory,activity/deployment/final/token_cnn/s9973,token_cnn,9973,47,940.0,0.4454344177501745,0.076583459447996,0.076583459447996,7.292209148406982
trajectory,activity/deployment/final/token_cnn/s9973,token_cnn,9973,48,960.0,0.4426349730270074,0.0748116558622473,0.0748116558622473,7.516210079193115
trajectory,activity/deployment/final/token_cnn/s9973,token_cnn,9973,49,980.0,0.433077533487482,0.0748255662390197,0.0748255662390197,6.002348899841309
trajectory,activity/deployment/final/token_cnn/s9973,token_cnn,9973,50,1000.0,0.4339345612158559,0.0766384392443834,0.0766384392443834,6.708231925964356
trajectory,activity/deployment/final/token_cnn/s9973,token_cnn,9973,51,1020.0,0.4288340078591353,0.0752158591924998,0.0752158591924998,3.914029359817505
trajectory,activity/deployment/final/token_cnn/s9973,token_cnn,9973,52,1040.0,0.4230742432751099,0.0757314409523624,0.0757314409523624,3.758641242980957
trajectory,activity/deployment/final/token_cnn/s9973,token_cnn,9973,53,1060.0,0.4184911001097881,0.0764376471149644,0.0764376471149644,3.7491915225982666
trajectory,activity/deployment/final/token_cnn/s9973,token_cnn,9973,54,1080.0,0.4180830428532137,0.0746326096444624,0.0746326096444624,6.168233394622803
trajectory,activity/deployment/final/token_cnn/s9973,token_cnn,9973,55,1100.0,0.4171778937007246,0.0765543719557762,0.0765543719557762,4.959796905517578
trajectory,activity/deployment/final/token_cnn/s9973,token_cnn,9973,56,1120.0,0.4140567839666432,0.0761639775522403,0.0761639775522403,5.65356969833374
trajectory,activity/deployment/final/token_cnn/s9973,token_cnn,9973,57,1140.0,0.4053261141108558,0.0756210795089331,0.0756210795089331,5.7835693359375
trajectory,activity/deployment/final/token_cnn/s9973,token_cnn,9973,58,1160.0,0.4033637439522883,0.0761879648675131,0.0761879648675131,6.440383434295654
selected_checkpoint,activity/deployment/final/token_cnn/s9973,token_cnn,9973,8,,,0.0609737933841617,,
trajectory,pair/b2outer0/final/pair_gnn/s11027,corrected_gnn,11027,1,1.0,19.21630859375,0.077345793893096,0.0769443206225825,69.58110046386719
trajectory,pair/b2outer0/final/pair_gnn/s11027,corrected_gnn,11027,2,2.0,16.277732849121094,0.06951270233864,0.0875894125182147,58.36418151855469
trajectory,pair/b2outer0/final/pair_gnn/s11027,corrected_gnn,11027,3,3.0,15.88466739654541,0.0722851778312663,0.1287149034988639,55.71148300170898
trajectory,pair/b2outer0/final/pair_gnn/s11027,corrected_gnn,11027,4,4.0,14.314629554748535,0.0884144564838303,0.1591503572536264,49.1866340637207
trajectory,pair/b2outer0/final/pair_gnn/s11027,corrected_gnn,11027,5,5.0,14.148799896240234,0.1247974519229804,0.126523989989073,54.90071105957031
trajectory,pair/b2outer0/final/pair_gnn/s11027,corrected_gnn,11027,6,6.0,14.698803901672363,0.174304087346536,0.1029675013515872,46.70072937011719
trajectory,pair/b2outer0/final/pair_gnn/s11027,corrected_gnn,11027,7,7.0,11.136817932128906,0.2226435299535902,0.1116236567241268,37.33959579467773
trajectory,pair/b2outer0/final/pair_gnn/s11027,corrected_gnn,11027,8,8.0,14.136922836303713,0.2389907037509449,0.1217196608974101,52.76654052734375
trajectory,pair/b2outer0/final/pair_gnn/s11027,corrected_gnn,11027,9,9.0,12.869611740112305,0.2334719191615779,0.1539280475466512,46.08417510986328
trajectory,pair/b2outer0/final/pair_gnn/s11027,corrected_gnn,11027,10,10.0,13.339820861816406,0.2192752028349786,0.2000564145197131,46.37936782836914
trajectory,pair/b2outer0/final/pair_gnn/s11027,corrected_gnn,11027,11,11.0,12.376153945922852,0.199034075946353,0.2243278973368187,47.14264297485352
trajectory,pair/b2outer0/final/pair_gnn/s11027,corrected_gnn,11027,12,12.0,13.898122787475586,0.1944469967187615,0.2274881435623684,48.824806213378906
trajectory,pair/b2outer0/final/pair_gnn/s11027,corrected_gnn,11027,13,13.0,11.636116027832031,0.1815058712022315,0.2016362507507949,45.98290252685547
trajectory,pair/b2outer0/final/pair_gnn/s11027,corrected_gnn,11027,14,14.0,10.47767448425293,0.152522851882774,0.1731807776105294,44.15343475341797
trajectory,pair/b2outer0/final/pair_gnn/s11027,corrected_gnn,11027,15,15.0,9.860115051269531,0.1316781441836307,0.1293736747160134,33.013389587402344
trajectory,pair/b2outer0/final/pair_gnn/s11027,corrected_gnn,11027,16,16.0,13.084959030151367,0.1133926678313097,0.0985251582312353,47.97465515136719
trajectory,pair/b2outer0/final/pair_gnn/s11027,corrected_gnn,11027,17,17.0,10.87524700164795,0.0970173906622676,0.0841484664962422,41.97589111328125
trajectory,pair/b2outer0/final/pair_gnn/s11027,corrected_gnn,11027,18,18.0,11.15324592590332,0.0936666617040221,0.07890827034746,49.21449279785156
trajectory,pair/b2outer0/final/pair_gnn/s11027,corrected_gnn,11027,19,19.0,9.267712593078612,0.096502331956132,0.0806005003287661,47.188663482666016
trajectory,pair/b2outer0/final/pair_gnn/s11027,corrected_gnn,11027,20,20.0,9.972893714904783,0.1001826962431853,0.0813385103751215,43.24491500854492
trajectory,pair/b2outer0/final/pair_gnn/s11027,corrected_gnn,11027,21,21.0,10.295677185058594,0.1101195943145285,0.0853165445800982,35.378509521484375
trajectory,pair/b2outer0/final/pair_gnn/s11027,corrected_gnn,11027,22,22.0,10.294631004333496,0.1128166861535504,0.0956864939477782,44.68439483642578
trajectory,pair/b2outer0/final/pair_gnn/s11027,corrected_gnn,11027,23,23.0,9.461524963378906,0.1113268574583343,0.104139677378824,32.522396087646484
trajectory,pair/b2outer0/final/pair_gnn/s11027,corrected_gnn,11027,24,24.0,9.10944938659668,0.1054994654029845,0.104269703561287,37.2049446105957
trajectory,pair/b2outer0/final/pair_gnn/s11027,corrected_gnn,11027,25,25.0,9.720064163208008,0.1030922697049997,0.1078000875605842,30.91967391967773
trajectory,pair/b2outer0/final/pair_gnn/s11027,corrected_gnn,11027,26,26.0,9.512950897216797,0.0970057008265621,0.1092920829093297,30.20612335205078
trajectory,pair/b2outer0/final/pair_gnn/s11027,corrected_gnn,11027,27,27.0,8.161810874938965,0.0914411191675753,0.1090739486325086,25.3264102935791
trajectory,pair/b2outer0/final/pair_gnn/s11027,corrected_gnn,11027,28,28.0,8.110733985900879,0.0864196758824012,0.1064823319715742,25.52010154724121
trajectory,pair/b2outer0/final/pair_gnn/s11027,corrected_gnn,11027,29,29.0,8.27746295928955,0.0813569957650239,0.1063872598898039,24.911272048950195
trajectory,pair/b2outer0/final/pair_gnn/s11027,corrected_gnn,11027,30,30.0,7.62428617477417,0.080221521948503,0.1028725827566934,27.440608978271484
trajectory,pair/b2outer0/final/pair_gnn/s11027,corrected_gnn,11027,31,31.0,7.735934257507324,0.0802998332171606,0.1021856681898195,30.2333984375
trajectory,pair/b2outer0/final/pair_gnn/s11027,corrected_gnn,11027,32,32.0,8.02742862701416,0.0815599610678115,0.1004449232650908,24.569847106933597
trajectory,pair/b2outer0/final/pair_gnn/s11027,corrected_gnn,11027,33,33.0,7.094730854034424,0.0857827633641742,0.1043149786515489,26.245311737060547
trajectory,pair/b2outer0/final/pair_gnn/s11027,corrected_gnn,11027,34,34.0,8.332534790039062,0.0879812120852269,0.1118934047794027,28.671857833862305
trajectory,pair/b2outer0/final/pair_gnn/s11027,corrected_gnn,11027,35,35.0,7.784410953521728,0.090122890407422,0.1135133518354754,23.3001766204834
trajectory,pair/b2outer0/final/pair_gnn/s11027,corrected_gnn,11027,36,36.0,7.356970310211182,0.0912368440772411,0.1146956700552739,23.74020004272461
trajectory,pair/b2outer0/final/pair_gnn/s11027,corrected_gnn,11027,37,37.0,8.781068801879883,0.0948646233354035,0.1256057155016303,29.7149715423584
trajectory,pair/b2outer0/final/pair_gnn/s11027,corrected_gnn,11027,38,38.0,7.527244567871094,0.0943650142815992,0.1331382621831532,24.456172943115234
trajectory,pair/b2outer0/final/pair_gnn/s11027,corrected_gnn,11027,39,39.0,7.510444641113281,0.0894571514838995,0.1360403681147848,21.804540634155277
trajectory,pair/b2outer0/final/pair_gnn/s11027,corrected_gnn,11027,40,40.0,8.121957778930664,0.0865987730203821,0.1317024587845784,28.82270050048828
trajectory,pair/b2outer0/final/pair_gnn/s11027,corrected_gnn,11027,41,41.0,10.301992416381836,0.0824091510796658,0.1243885385697088,33.14420700073242
trajectory,pair/b2outer0/final/pair_gnn/s11027,corrected_gnn,11027,42,42.0,9.89212131500244,0.0828500366087306,0.1145512108302076,35.628883361816406
trajectory,pair/b2outer0/final/pair_gnn/s11027,corrected_gnn,11027,43,43.0,8.144001007080078,0.0871678909190753,0.1080136135741668,21.744876861572266
trajectory,pair/b2outer0/final/pair_gnn/s11027,corrected_gnn,11027,44,44.0,8.495640754699707,0.0931438651177207,0.1005172073040739,24.577978134155277
trajectory,pair/b2outer0/final/pair_gnn/s11027,corrected_gnn,11027,45,45.0,7.35289192199707,0.096185628830049,0.0962068278910919,21.230213165283203
trajectory,pair/b2outer0/final/pair_gnn/s11027,corrected_gnn,11027,46,46.0,9.25283908843994,0.0913874630748826,0.0913084169070013,42.94377517700195
trajectory,pair/b2outer0/final/pair_gnn/s11027,corrected_gnn,11027,47,47.0,7.369750022888184,0.0838389144965047,0.0884976747486954,26.284273147583008
trajectory,pair/b2outer0/final/pair_gnn/s11027,corrected_gnn,11027,48,48.0,7.821622371673584,0.0790476097611341,0.0877609083360387,22.34877014160156
trajectory,pair/b2outer0/final/pair_gnn/s11027,corrected_gnn,11027,49,49.0,7.841854572296143,0.0796783294380323,0.0887583630179506,24.88857650756836
trajectory,pair/b2outer0/final/pair_gnn/s11027,corrected_gnn,11027,50,50.0,8.347562789916992,0.0842412315793429,0.09163679816956,24.5393009185791
trajectory,pair/b2outer0/final/pair_gnn/s11027,corrected_gnn,11027,51,51.0,7.940864086151123,0.0907720041064749,0.0976426078308615,25.42053985595703
trajectory,pair/b2outer0/final/pair_gnn/s11027,corrected_gnn,11027,52,52.0,7.722378730773926,0.0954912894457568,0.1048972850777469,22.436826705932617
selected_checkpoint,pair/b2outer0/final/pair_gnn/s11027,pair_gnn,11027,2,,,0.06951270233864,,
trajectory,pair/b2outer0/final/pair_gnn/s1103,corrected_gnn,1103,1,1.0,18.51747131347656,0.0764120450539242,0.105162064187607,62.25874328613281
trajectory,pair/b2outer0/final/pair_gnn/s1103,corrected_gnn,1103,2,2.0,16.50580596923828,0.0704639990535118,0.1220023750555507,50.40101623535156
trajectory,pair/b2outer0/final/pair_gnn/s1103,corrected_gnn,1103,3,3.0,15.984594345092772,0.0707889915813514,0.1333794733632051,49.247554779052734
trajectory,pair/b2outer0/final/pair_gnn/s1103,corrected_gnn,1103,4,4.0,16.063825607299805,0.0770588590731676,0.1371854610139659,47.33698272705078
trajectory,pair/b2outer0/final/pair_gnn/s1103,corrected_gnn,1103,5,5.0,14.31164264678955,0.0949164894797528,0.1518545487010859,46.55266189575195
trajectory,pair/b2outer0/final/pair_gnn/s1103,corrected_gnn,1103,6,6.0,13.246082305908203,0.1224603415428039,0.1251004446292824,44.12817001342773
trajectory,pair/b2outer0/final/pair_gnn/s1103,corrected_gnn,1103,7,7.0,13.224149703979492,0.1554944984770069,0.1150331637488236,40.00107955932617
trajectory,pair/b2outer0/final/pair_gnn/s1103,corrected_gnn,1103,8,8.0,12.409473419189451,0.1753560746360259,0.1118456005977312,34.22768783569336
trajectory,pair/b2outer0/final/pair_gnn/s1103,corrected_gnn,1103,9,9.0,13.73779010772705,0.1807160176317362,0.1223202808669157,42.13319396972656
trajectory,pair/b2outer0/final/pair_gnn/s1103,corrected_gnn,1103,10,10.0,11.824883460998535,0.1572993061854503,0.1277750914544848,36.888671875
trajectory,pair/b2outer0/final/pair_gnn/s1103,corrected_gnn,1103,11,11.0,11.033870697021484,0.1360242916736751,0.1145276837764261,37.78435134887695
trajectory,pair/b2outer0/final/pair_gnn/s1103,corrected_gnn,1103,12,12.0,10.979427337646484,0.1196951479864461,0.1014445459339034,35.76353454589844
trajectory,pair/b2outer0/final/pair_gnn/s1103,corrected_gnn,1103,13,13.0,9.899348258972168,0.114760409159741,0.0968561962706076,35.279659271240234
trajectory,pair/b2outer0/final/pair_gnn/s1103,corrected_gnn,1103,14,14.0,10.603168487548828,0.1161196195978845,0.1016992623300666,37.26608657836914
trajectory,pair/b2outer0/final/pair_gnn/s1103,corrected_gnn,1103,15,15.0,9.824474334716797,0.1225769340017601,0.1112227769917316,37.07563781738281
trajectory,pair/b2outer0/final/pair_gnn/s1103,corrected_gnn,1103,16,16.0,9.030969619750977,0.1283499326486586,0.1239611359596134,27.709213256835938
trajectory,pair/b2outer0/final/pair_gnn/s1103,corrected_gnn,1103,17,17.0,8.816583633422852,0.1214160181341867,0.1278692767122265,31.646520614624023
trajectory,pair/b2outer0/final/pair_gnn/s1103,corrected_gnn,1103,18,18.0,8.645676612854004,0.1125164467043456,0.1336403826792701,28.255884170532227
trajectory,pair/b2outer0/final/pair_gnn/s1103,corrected_gnn,1103,19,19.0,8.249635696411133,0.113543012851187,0.1433871747463854,28.873714447021484
trajectory,pair/b2outer0/final/pair_gnn/s1103,corrected_gnn,1103,20,20.0,8.019397735595703,0.111602558904633,0.1529225834047338,26.231658935546875
trajectory,pair/b2outer0/final/pair_gnn/s1103,corrected_gnn,1103,21,21.0,8.842805862426758,0.1095295547767212,0.1569635084057002,27.042848587036133
trajectory,pair/b2outer0/final/pair_gnn/s1103,corrected_gnn,1103,22,22.0,8.682754516601562,0.106199503764219,0.1584048022454628,29.93438148498535
trajectory,pair/b2outer0/final/pair_gnn/s1103,corrected_gnn,1103,23,23.0,7.455540180206299,0.1107606136864063,0.1539341971548613,24.044998168945312
trajectory,pair/b2outer0/final/pair_gnn/s1103,corrected_gnn,1103,24,24.0,8.698792457580566,0.1081671829166831,0.1405487779941343,30.06027603149414
trajectory,pair/b2outer0/final/pair_gnn/s1103,corrected_gnn,1103,25,25.0,7.625013828277588,0.1028972953433367,0.1292498575654462,22.316726684570312
trajectory,pair/b2outer0/final/pair_gnn/s1103,corrected_gnn,1103,26,26.0,7.289577007293701,0.0993029059391119,0.1168559429124191,18.036540985107425
trajectory,pair/b2outer0/final/pair_gnn/s1103,corrected_gnn,1103,27,27.0,7.222305297851562,0.0997790261285747,0.1054533988132788,25.642322540283203
trajectory,pair/b2outer0/final/pair_gnn/s1103,corrected_gnn,1103,28,28.0,8.02249526977539,0.0974730005074282,0.0979721216833847,28.43514442443848
trajectory,pair/b2outer0/final/pair_gnn/s1103,corrected_gnn,1103,29,29.0,8.82286262512207,0.0924073709264727,0.0925752881049608,31.616453170776367
trajectory,pair/b2outer0/final/pair_gnn/s1103,corrected_gnn,1103,30,30.0,6.970831871032715,0.0926031939663516,0.0920310939772169,22.178014755249023
trajectory,pair/b2outer0/final/pair_gnn/s1103,corrected_gnn,1103,31,31.0,8.258384704589844,0.092746655177325,0.0959776849476535,21.460590362548828
trajectory,pair/b2outer0/final/pair_gnn/s1103,corrected_gnn,1103,32,32.0,7.905928611755371,0.0922551012365147,0.1000364224819349,20.990089416503903
trajectory,pair/b2outer0/final/pair_gnn/s1103,corrected_gnn,1103,33,33.0,8.068102836608887,0.092819084874524,0.1093247352432323,26.86091423034668
trajectory,pair/b2outer0/final/pair_gnn/s1103,corrected_gnn,1103,34,34.0,8.788338661193848,0.0910044780621396,0.1201567212753919,26.417570114135746
trajectory,pair/b2outer0/final/pair_gnn/s1103,corrected_gnn,1103,35,35.0,7.315280437469482,0.0920878232514951,0.1282069976733813,19.345718383789062
trajectory,pair/b2outer0/final/pair_gnn/s1103,corrected_gnn,1103,36,36.0,9.480474472045898,0.094242166791082,0.142021650626945,23.905731201171875
trajectory,pair/b2outer0/final/pair_gnn/s1103,corrected_gnn,1103,37,37.0,6.979791641235352,0.09482514246165,0.1417904600384645,19.287729263305664
trajectory,pair/b2outer0/final/pair_gnn/s1103,corrected_gnn,1103,38,38.0,7.793176174163818,0.0964165350575001,0.1434804228587987,22.87010383605957
trajectory,pair/b2outer0/final/pair_gnn/s1103,corrected_gnn,1103,39,39.0,8.549797058105469,0.09743819754608,0.1426783894063192,26.312501907348636
trajectory,pair/b2outer0/final/pair_gnn/s1103,corrected_gnn,1103,40,40.0,8.842320442199707,0.0955448987914981,0.1435596781186177,31.19452667236328
trajectory,pair/b2outer0/final/pair_gnn/s1103,corrected_gnn,1103,41,41.0,7.857063770294189,0.0919562977704723,0.1426482603705759,18.54439353942871
trajectory,pair/b2outer0/final/pair_gnn/s1103,corrected_gnn,1103,42,42.0,7.626890659332275,0.0927959337350027,0.1499202323708838,20.21673011779785
trajectory,pair/b2outer0/final/pair_gnn/s1103,corrected_gnn,1103,43,43.0,7.93689489364624,0.0952018734600187,0.153530411144311,21.392396926879883
trajectory,pair/b2outer0/final/pair_gnn/s1103,corrected_gnn,1103,44,44.0,8.821239471435547,0.0993989481966612,0.1538022221492914,23.65933990478516
trajectory,pair/b2outer0/final/pair_gnn/s1103,corrected_gnn,1103,45,45.0,7.475997924804687,0.1049854829156781,0.1564615545954438,18.73771095275879
trajectory,pair/b2outer0/final/pair_gnn/s1103,corrected_gnn,1103,46,46.0,8.870264053344727,0.1025588877078916,0.1523513955258143,28.907878875732425
trajectory,pair/b2outer0/final/pair_gnn/s1103,corrected_gnn,1103,47,47.0,6.988492012023926,0.1004360413206086,0.1496036958150701,18.24196052551269
trajectory,pair/b2outer0/final/pair_gnn/s1103,corrected_gnn,1103,48,48.0,7.673471450805664,0.0985866044004069,0.1464700376741045,18.588855743408203
trajectory,pair/b2outer0/final/pair_gnn/s1103,corrected_gnn,1103,49,49.0,7.3604416847229,0.0932528881808101,0.1403901197877833,19.22118186950684
trajectory,pair/b2outer0/final/pair_gnn/s1103,corrected_gnn,1103,50,50.0,8.446324348449707,0.0941579901601926,0.1369919876511479,23.13724136352539
trajectory,pair/b2outer0/final/pair_gnn/s1103,corrected_gnn,1103,51,51.0,7.730000019073486,0.0941401169281406,0.1278881416146759,19.908164978027344
trajectory,pair/b2outer0/final/pair_gnn/s1103,corrected_gnn,1103,52,52.0,7.631448268890381,0.0944318403534931,0.1199254156876728,19.68735122680664
selected_checkpoint,pair/b2outer0/final/pair_gnn/s1103,pair_gnn,1103,2,,,0.0704639990535118,,
trajectory,pair/b2outer0/final/pair_gnn/s2207,corrected_gnn,2207,1,1.0,19.01594352722168,0.0722028532043774,0.1265596384799815,69.39924621582031
trajectory,pair/b2outer0/final/pair_gnn/s2207,corrected_gnn,2207,2,2.0,16.048681259155273,0.0734180137897055,0.1400818149031693,76.00757598876953
trajectory,pair/b2outer0/final/pair_gnn/s2207,corrected_gnn,2207,3,3.0,12.537752151489258,0.0931655395537366,0.1702604490662148,50.20924758911133
trajectory,pair/b2outer0/final/pair_gnn/s2207,corrected_gnn,2207,4,4.0,13.876070976257324,0.1358570331047909,0.1612910277357059,48.79585647583008
trajectory,pair/b2outer0/final/pair_gnn/s2207,corrected_gnn,2207,5,5.0,12.934646606445312,0.1925186007535861,0.1606867262252611,38.249149322509766
trajectory,pair/b2outer0/final/pair_gnn/s2207,corrected_gnn,2207,6,6.0,13.247538566589355,0.2340916972607374,0.1703253012433871,43.08406829833984
trajectory,pair/b2outer0/final/pair_gnn/s2207,corrected_gnn,2207,7,7.0,12.690065383911133,0.2378824820974841,0.1760313249640603,40.84352111816406
trajectory,pair/b2outer0/final/pair_gnn/s2207,corrected_gnn,2207,8,8.0,13.095684051513672,0.2119417879769267,0.1686049752383117,51.3598518371582
trajectory,pair/b2outer0/final/pair_gnn/s2207,corrected_gnn,2207,9,9.0,11.482328414916992,0.171375021800486,0.1471428408440753,44.60762786865234
trajectory,pair/b2outer0/final/pair_gnn/s2207,corrected_gnn,2207,10,10.0,11.824189186096191,0.1569888906931737,0.130424936691107,41.85956573486328
trajectory,pair/b2outer0/final/pair_gnn/s2207,corrected_gnn,2207,11,11.0,11.196210861206056,0.1334352392703294,0.1136736674467708,35.9632453918457
trajectory,pair/b2outer0/final/pair_gnn/s2207,corrected_gnn,2207,12,12.0,11.379844665527344,0.1170500317743668,0.1175157237878987,36.74565887451172
trajectory,pair/b2outer0/final/pair_gnn/s2207,corrected_gnn,2207,13,13.0,12.201253890991213,0.1088598908041603,0.1231470141712028,45.31385040283203
trajectory,pair/b2outer0/final/pair_gnn/s2207,corrected_gnn,2207,14,14.0,9.933000564575195,0.1045965787100915,0.1236441719965417,43.98749542236328
trajectory,pair/b2outer0/final/pair_gnn/s2207,corrected_gnn,2207,15,15.0,10.20297908782959,0.1026390764362682,0.1316230907057332,40.54762268066406
trajectory,pair/b2outer0/final/pair_gnn/s2207,corrected_gnn,2207,16,16.0,10.432475090026855,0.10874282575096,0.1460020739752508,39.5229377746582
trajectory,pair/b2outer0/final/pair_gnn/s2207,corrected_gnn,2207,17,17.0,10.69612979888916,0.1334478460950776,0.1553864140790058,45.8559684753418
trajectory,pair/b2outer0/final/pair_gnn/s2207,corrected_gnn,2207,18,18.0,8.890382766723633,0.1385438940759437,0.1510250530276228,27.00250244140625
trajectory,pair/b2outer0/final/pair_gnn/s2207,corrected_gnn,2207,19,19.0,9.564908981323242,0.1204533157154703,0.1440456233360464,33.03683853149414
trajectory,pair/b2outer0/final/pair_gnn/s2207,corrected_gnn,2207,20,20.0,8.746119499206543,0.104865491158974,0.1383002989886639,34.22306442260742
trajectory,pair/b2outer0/final/pair_gnn/s2207,corrected_gnn,2207,21,21.0,9.166910171508787,0.0934026045035958,0.1324928576220675,28.216629028320312
trajectory,pair/b2outer0/final/pair_gnn/s2207,corrected_gnn,2207,22,22.0,8.767127990722656,0.0871157034118368,0.1219432954130752,33.77423095703125
trajectory,pair/b2outer0/final/pair_gnn/s2207,corrected_gnn,2207,23,23.0,7.872985363006592,0.0884440698020625,0.1140890000736969,30.5648250579834
trajectory,pair/b2outer0/final/pair_gnn/s2207,corrected_gnn,2207,24,24.0,7.764603137969971,0.1025514012949618,0.1192924511693457,26.69692039489746
trajectory,pair/b2outer0/final/pair_gnn/s2207,corrected_gnn,2207,25,25.0,9.945464134216309,0.1097664426168193,0.1253968364824322,39.11750793457031
trajectory,pair/b2outer0/final/pair_gnn/s2207,corrected_gnn,2207,26,26.0,8.537922859191895,0.1008897262305254,0.1225053022616824,36.16147994995117
trajectory,pair/b2outer0/final/pair_gnn/s2207,corrected_gnn,2207,27,27.0,8.721817016601562,0.0846888961107348,0.1268050591626282,29.88382339477539
trajectory,pair/b2outer0/final/pair_gnn/s2207,corrected_gnn,2207,28,28.0,8.154709815979004,0.0769305480780663,0.1327633729462832,19.635255813598636
trajectory,pair/b2outer0/final/pair_gnn/s2207,corrected_gnn,2207,29,29.0,8.47709846496582,0.0745945725753547,0.1471035850001499,28.50739479064941
trajectory,pair/b2outer0/final/pair_gnn/s2207,corrected_gnn,2207,30,30.0,8.962026596069336,0.0744806102793593,0.1534422455835131,28.15864562988281
trajectory,pair/b2outer0/final/pair_gnn/s2207,corrected_gnn,2207,31,31.0,7.6503400802612305,0.0745448388564303,0.1536092272513997,26.91905403137207
trajectory,pair/b2outer0/final/pair_gnn/s2207,corrected_gnn,2207,32,32.0,8.186871528625488,0.0795534691046971,0.1619391860154185,32.51292037963867
trajectory,pair/b2outer0/final/pair_gnn/s2207,corrected_gnn,2207,33,33.0,8.323198318481445,0.091909596580687,0.169145059576355,25.068897247314453
trajectory,pair/b2outer0/final/pair_gnn/s2207,corrected_gnn,2207,34,34.0,8.40675163269043,0.099788781221044,0.1734938950568903,28.250076293945312
trajectory,pair/b2outer0/final/pair_gnn/s2207,corrected_gnn,2207,35,35.0,6.87736177444458,0.0964834787645183,0.1764578414966914,26.615428924560547
trajectory,pair/b2outer0/final/pair_gnn/s2207,corrected_gnn,2207,36,36.0,7.65064811706543,0.089568823086059,0.1803667448809089,22.1854305267334
trajectory,pair/b2outer0/final/pair_gnn/s2207,corrected_gnn,2207,37,37.0,7.691901206970215,0.0823465294656974,0.1853073583935232,30.83675193786621
trajectory,pair/b2outer0/final/pair_gnn/s2207,corrected_gnn,2207,38,38.0,7.758790969848633,0.0825755110469496,0.1865671934569642,30.765336990356445
trajectory,pair/b2outer0/final/pair_gnn/s2207,corrected_gnn,2207,39,39.0,8.71088981628418,0.0835906011370146,0.1847432050883071,27.33928108215332
trajectory,pair/b2outer0/final/pair_gnn/s2207,corrected_gnn,2207,40,40.0,7.099231243133545,0.0891330763523001,0.1800087908986218,26.56662368774414
trajectory,pair/b2outer0/final/pair_gnn/s2207,corrected_gnn,2207,41,41.0,7.066645622253418,0.0937333732942836,0.1694886377743917,19.04255485534668
trajectory,pair/b2outer0/final/pair_gnn/s2207,corrected_gnn,2207,42,42.0,7.727714061737059,0.0929057028149448,0.1591345169635815,22.163991928100582
trajectory,pair/b2outer0/final/pair_gnn/s2207,corrected_gnn,2207,43,43.0,8.06052303314209,0.0898671574545005,0.1515911948000393,27.6157169342041
trajectory,pair/b2outer0/final/pair_gnn/s2207,corrected_gnn,2207,44,44.0,6.943044662475586,0.0880328218656359,0.1496678920543521,24.88022994995117
trajectory,pair/b2outer0/final/pair_gnn/s2207,corrected_gnn,2207,45,45.0,8.73947525024414,0.0842019960983634,0.1454999168579282,24.93407440185547
trajectory,pair/b2outer0/final/pair_gnn/s2207,corrected_gnn,2207,46,46.0,7.680761814117432,0.0849020720583349,0.1409724011717718,18.845264434814453
trajectory,pair/b2outer0/final/pair_gnn/s2207,corrected_gnn,2207,47,47.0,8.780927658081055,0.085547846797868,0.1388438570515826,23.257713317871094
trajectory,pair/b2outer0/final/pair_gnn/s2207,corrected_gnn,2207,48,48.0,8.545275688171387,0.0888703205496616,0.1316957191150626,24.13757705688477
trajectory,pair/b2outer0/final/pair_gnn/s2207,corrected_gnn,2207,49,49.0,7.039247989654541,0.0947442262033291,0.1286258140326935,19.942537307739254
trajectory,pair/b2outer0/final/pair_gnn/s2207,corrected_gnn,2207,50,50.0,7.4097137451171875,0.1022318993395553,0.1368974101491555,22.84862518310547
trajectory,pair/b2outer0/final/pair_gnn/s2207,corrected_gnn,2207,51,51.0,7.514544486999512,0.1061900934443959,0.1434561649756384,21.885473251342773
selected_checkpoint,pair/b2outer0/final/pair_gnn/s2207,pair_gnn,2207,1,,,0.0722028532043774,,
trajectory,pair/b2outer0/final/pair_gnn/s3301,corrected_gnn,3301,1,1.0,18.38135528564453,0.0734890219666946,0.1152273729738112,69.50067138671875
trajectory,pair/b2outer0/final/pair_gnn/s3301,corrected_gnn,3301,2,2.0,17.493684768676758,0.0698138019059626,0.09588164827328,56.78179550170898
trajectory,pair/b2outer0/final/pair_gnn/s3301,corrected_gnn,3301,3,3.0,17.421010971069336,0.0739493242563942,0.0927004186122454,58.95915222167969
trajectory,pair/b2outer0/final/pair_gnn/s3301,corrected_gnn,3301,4,4.0,15.579824447631836,0.0892372507170269,0.1817264826508714,57.94271469116211
trajectory,pair/b2outer0/final/pair_gnn/s3301,corrected_gnn,3301,5,5.0,13.508709907531738,0.1191568400128744,0.2067054127259703,59.36748123168945
trajectory,pair/b2outer0/final/pair_gnn/s3301,corrected_gnn,3301,6,6.0,13.24759006500244,0.1501137893676059,0.2254509094106652,48.30535125732422
trajectory,pair/b2outer0/final/pair_gnn/s3301,corrected_gnn,3301,7,7.0,13.33945083618164,0.2035657748657589,0.1937629591144836,45.8504524230957
trajectory,pair/b2outer0/final/pair_gnn/s3301,corrected_gnn,3301,8,8.0,13.8246488571167,0.2189906773157417,0.1824795241123258,49.26951217651367
trajectory,pair/b2outer0/final/pair_gnn/s3301,corrected_gnn,3301,9,9.0,11.712068557739258,0.2031886819284408,0.1542654374091095,44.608585357666016
trajectory,pair/b2outer0/final/pair_gnn/s3301,corrected_gnn,3301,10,10.0,13.177325248718262,0.2000500350104023,0.1346854779696608,44.93848419189453
trajectory,pair/b2outer0/final/pair_gnn/s3301,corrected_gnn,3301,11,11.0,12.90468692779541,0.1858952649839921,0.1268515401523169,44.66042709350586
trajectory,pair/b2outer0/final/pair_gnn/s3301,corrected_gnn,3301,12,12.0,12.202648162841797,0.1601823427987255,0.1330207688456141,47.30264663696289
trajectory,pair/b2outer0/final/pair_gnn/s3301,corrected_gnn,3301,13,13.0,10.77880859375,0.1327496515819802,0.1676101247029691,40.8408317565918
trajectory,pair/b2outer0/final/pair_gnn/s3301,corrected_gnn,3301,14,14.0,11.846161842346191,0.1248482592035239,0.1878060399418094,40.450382232666016
trajectory,pair/b2outer0/final/pair_gnn/s3301,corrected_gnn,3301,15,15.0,11.682750701904297,0.1279303775013734,0.1992920344608138,39.151126861572266
trajectory,pair/b2outer0/final/pair_gnn/s3301,corrected_gnn,3301,16,16.0,10.336214065551758,0.1396487912492981,0.1885025876358365,35.82646179199219
trajectory,pair/b2outer0/final/pair_gnn/s3301,corrected_gnn,3301,17,17.0,11.952314376831056,0.1331505910435225,0.1545012098652743,40.91577911376953
trajectory,pair/b2outer0/final/pair_gnn/s3301,corrected_gnn,3301,18,18.0,9.124750137329102,0.1194825985549982,0.1309072354931534,27.19029998779297
trajectory,pair/b2outer0/final/pair_gnn/s3301,corrected_gnn,3301,19,19.0,8.207690238952637,0.1195072881409335,0.1184981100883836,35.87492370605469
trajectory,pair/b2outer0/final/pair_gnn/s3301,corrected_gnn,3301,20,20.0,8.99535846710205,0.1201988217018272,0.1066623291408253,36.98828887939453
trajectory,pair/b2outer0/final/pair_gnn/s3301,corrected_gnn,3301,21,21.0,9.22418212890625,0.1210647062098056,0.098213183146269,29.456567764282227
trajectory,pair/b2outer0/final/pair_gnn/s3301,corrected_gnn,3301,22,22.0,8.099076271057129,0.1197577179033032,0.0997675144409508,27.53976058959961
trajectory,pair/b2outer0/final/pair_gnn/s3301,corrected_gnn,3301,23,23.0,7.936697006225586,0.1083079671036102,0.1056039764055943,30.153194427490234
trajectory,pair/b2outer0/final/pair_gnn/s3301,corrected_gnn,3301,24,24.0,7.577380657196045,0.1076926414059319,0.1192073046448058,22.934755325317383
trajectory,pair/b2outer0/final/pair_gnn/s3301,corrected_gnn,3301,25,25.0,8.794556617736816,0.1087114408224199,0.1311156996003167,25.01617813110352
trajectory,pair/b2outer0/final/pair_gnn/s3301,corrected_gnn,3301,26,26.0,8.182653427124023,0.1054814143898208,0.1388854053297715,25.42659568786621
trajectory,pair/b2outer0/final/pair_gnn/s3301,corrected_gnn,3301,27,27.0,8.613390922546387,0.1000701882614066,0.1436445100371808,21.455368041992188
trajectory,pair/b2outer0/final/pair_gnn/s3301,corrected_gnn,3301,28,28.0,7.998924732208252,0.0979042902896556,0.1433740581186915,24.598690032958984
trajectory,pair/b2outer0/final/pair_gnn/s3301,corrected_gnn,3301,29,29.0,8.365557670593262,0.1027960566398936,0.1432770217971058,25.428112030029297
trajectory,pair/b2outer0/final/pair_gnn/s3301,corrected_gnn,3301,30,30.0,8.616578102111816,0.1036183432629513,0.1393283924437886,26.253490447998047
trajectory,pair/b2outer0/final/pair_gnn/s3301,corrected_gnn,3301,31,31.0,8.104157447814941,0.1044576977990737,0.1371756776670736,24.620162963867188
trajectory,pair/b2outer0/final/pair_gnn/s3301,corrected_gnn,3301,32,32.0,7.669406890869141,0.1061784667787807,0.1350928163155913,24.89696502685547
trajectory,pair/b2outer0/final/pair_gnn/s3301,corrected_gnn,3301,33,33.0,7.781251907348633,0.1029105883108665,0.1361372766221999,22.29776954650879
trajectory,pair/b2outer0/final/pair_gnn/s3301,corrected_gnn,3301,34,34.0,7.95557975769043,0.104191803131304,0.1321108029655685,23.50067138671875
trajectory,pair/b2outer0/final/pair_gnn/s3301,corrected_gnn,3301,35,35.0,7.795478820800781,0.1098609047285208,0.1340441008983483,16.469074249267578
trajectory,pair/b2outer0/final/pair_gnn/s3301,corrected_gnn,3301,36,36.0,7.48539400100708,0.1209325039838101,0.1372468055080389,25.901731491088867
trajectory,pair/b2outer0/final/pair_gnn/s3301,corrected_gnn,3301,37,37.0,7.594735622406006,0.1176578154573992,0.1353586240593965,22.10252571105957
trajectory,pair/b2outer0/final/pair_gnn/s3301,corrected_gnn,3301,38,38.0,7.209362506866455,0.1073843653441447,0.1351784205323535,24.00379753112793
trajectory,pair/b2outer0/final/pair_gnn/s3301,corrected_gnn,3301,39,39.0,7.901581764221191,0.097584654868721,0.1296114930373183,17.358539581298828
trajectory,pair/b2outer0/final/pair_gnn/s3301,corrected_gnn,3301,40,40.0,8.08614730834961,0.09592212961943,0.1249942606378206,26.419649124145508
trajectory,pair/b2outer0/final/pair_gnn/s3301,corrected_gnn,3301,41,41.0,7.26247501373291,0.1022289493714575,0.1222540649459309,29.88624382019043
trajectory,pair/b2outer0/final/pair_gnn/s3301,corrected_gnn,3301,42,42.0,7.981456756591797,0.1137540731274536,0.1220040700115684,19.718786239624023
trajectory,pair/b2outer0/final/pair_gnn/s3301,corrected_gnn,3301,43,43.0,7.855323314666748,0.1188988566696934,0.1205638595534764,18.304466247558597
trajectory,pair/b2outer0/final/pair_gnn/s3301,corrected_gnn,3301,44,44.0,7.658570766448975,0.1157902039507462,0.1148232830927251,22.92251968383789
trajectory,pair/b2outer0/final/pair_gnn/s3301,corrected_gnn,3301,45,45.0,8.325546264648438,0.1044836502310513,0.1077150758845467,25.71135711669922
trajectory,pair/b2outer0/final/pair_gnn/s3301,corrected_gnn,3301,46,46.0,8.377104759216309,0.0936075573590642,0.1036711312799752,19.43614959716797
trajectory,pair/b2outer0/final/pair_gnn/s3301,corrected_gnn,3301,47,47.0,8.834589958190918,0.0912042669006041,0.1026324135134908,21.48604393005371
trajectory,pair/b2outer0/final/pair_gnn/s3301,corrected_gnn,3301,48,48.0,8.127385139465332,0.0941448790603317,0.1030310936517101,29.96726417541504
trajectory,pair/b2outer0/final/pair_gnn/s3301,corrected_gnn,3301,49,49.0,7.894331932067871,0.1041023440389229,0.1072030649904718,22.51775360107422
trajectory,pair/b2outer0/final/pair_gnn/s3301,corrected_gnn,3301,50,50.0,8.346075057983398,0.1176569592113082,0.1175332542532193,20.65133476257324
trajectory,pair/b2outer0/final/pair_gnn/s3301,corrected_gnn,3301,51,51.0,7.864585876464844,0.1210454078963569,0.1266292552811743,23.888545989990234
trajectory,pair/b2outer0/final/pair_gnn/s3301,corrected_gnn,3301,52,52.0,6.525261402130127,0.1233568385791537,0.1329059377737394,14.304839134216309
selected_checkpoint,pair/b2outer0/final/pair_gnn/s3301,pair_gnn,3301,2,,,0.0698138019059626,,
trajectory,pair/b2outer0/final/pair_gnn/s4409,corrected_gnn,4409,1,1.0,17.740724563598633,0.0767472080236833,0.0853414287351673,55.53315353393555
trajectory,pair/b2outer0/final/pair_gnn/s4409,corrected_gnn,4409,2,2.0,18.25214195251465,0.0712512351952076,0.1039998542500446,53.85298156738281
trajectory,pair/b2outer0/final/pair_gnn/s4409,corrected_gnn,4409,3,3.0,15.52060317993164,0.0710940509017139,0.1144798833753156,54.23086929321289
trajectory,pair/b2outer0/final/pair_gnn/s4409,corrected_gnn,4409,4,4.0,13.808661460876465,0.0811711512792195,0.116271587329993,47.04867172241211
trajectory,pair/b2outer0/final/pair_gnn/s4409,corrected_gnn,4409,5,5.0,15.061514854431152,0.1001444504193689,0.1272453698476965,52.14765930175781
trajectory,pair/b2outer0/final/pair_gnn/s4409,corrected_gnn,4409,6,6.0,11.388270378112791,0.1252800247573759,0.152605900742886,35.925662994384766
trajectory,pair/b2outer0/final/pair_gnn/s4409,corrected_gnn,4409,7,7.0,12.045601844787598,0.1498749762618292,0.1372515875233451,40.55854797363281
trajectory,pair/b2outer0/final/pair_gnn/s4409,corrected_gnn,4409,8,8.0,14.327266693115234,0.1679742139376078,0.1285243498903582,49.36663818359375
trajectory,pair/b2outer0/final/pair_gnn/s4409,corrected_gnn,4409,9,9.0,12.49028205871582,0.1850283701128015,0.1434825231613407,43.70122146606445
trajectory,pair/b2outer0/final/pair_gnn/s4409,corrected_gnn,4409,10,10.0,11.412635803222656,0.1788238844038762,0.1629025655724111,42.59745788574219
trajectory,pair/b2outer0/final/pair_gnn/s4409,corrected_gnn,4409,11,11.0,10.287588119506836,0.1667731611717802,0.178410920606881,38.71213912963867
trajectory,pair/b2outer0/final/pair_gnn/s4409,corrected_gnn,4409,12,12.0,12.76626968383789,0.1468104588605152,0.1903409109861968,45.964942932128906
trajectory,pair/b2outer0/final/pair_gnn/s4409,corrected_gnn,4409,13,13.0,10.025217056274414,0.1149302997257715,0.1749175791689291,33.932891845703125
trajectory,pair/b2outer0/final/pair_gnn/s4409,corrected_gnn,4409,14,14.0,9.962624549865724,0.1055520658247284,0.1718034196384299,36.26123046875
trajectory,pair/b2outer0/final/pair_gnn/s4409,corrected_gnn,4409,15,15.0,10.243782997131348,0.1020301002378497,0.1433243291289163,36.702919006347656
trajectory,pair/b2outer0/final/pair_gnn/s4409,corrected_gnn,4409,16,16.0,10.12149715423584,0.1006785863782473,0.1138865589267666,38.168495178222656
trajectory,pair/b2outer0/final/pair_gnn/s4409,corrected_gnn,4409,17,17.0,9.844764709472656,0.0973764097516929,0.0995187025863439,33.448577880859375
trajectory,pair/b2outer0/final/pair_gnn/s4409,corrected_gnn,4409,18,18.0,10.168895721435549,0.0994047918085319,0.096327096279424,39.67827987670898
trajectory,pair/b2outer0/final/pair_gnn/s4409,corrected_gnn,4409,19,19.0,7.81021785736084,0.1065407376672131,0.0993024475514441,31.109228134155277
trajectory,pair/b2outer0/final/pair_gnn/s4409,corrected_gnn,4409,20,20.0,8.620875358581543,0.104008999653403,0.1016396616547353,28.141016006469727
trajectory,pair/b2outer0/final/pair_gnn/s4409,corrected_gnn,4409,21,21.0,8.35912036895752,0.099241284931395,0.1045111649388798,28.795278549194336
trajectory,pair/b2outer0/final/pair_gnn/s4409,corrected_gnn,4409,22,22.0,8.495325088500977,0.0917764237157219,0.1126098376123384,28.560022354125977
trajectory,pair/b2outer0/final/pair_gnn/s4409,corrected_gnn,4409,23,23.0,7.843841075897217,0.0894355734744806,0.1246599823445042,20.22171401977539
trajectory,pair/b2outer0/final/pair_gnn/s4409,corrected_gnn,4409,24,24.0,7.67451286315918,0.0913669134376201,0.1376032208463584,29.374431610107425
trajectory,pair/b2outer0/final/pair_gnn/s4409,corrected_gnn,4409,25,25.0,7.554224014282227,0.0980763911594597,0.1516917952309086,26.142412185668945
trajectory,pair/b2outer0/final/pair_gnn/s4409,corrected_gnn,4409,26,26.0,8.038355827331543,0.1125231742278022,0.1628766452464333,23.16010284423828
trajectory,pair/b2outer0/final/pair_gnn/s4409,corrected_gnn,4409,27,27.0,7.230981826782227,0.1140685472382756,0.1721611676250025,28.95172691345215
trajectory,pair/b2outer0/final/pair_gnn/s4409,corrected_gnn,4409,28,28.0,7.491579532623291,0.1080304573224566,0.1825008842776393,26.00943374633789
trajectory,pair/b2outer0/final/pair_gnn/s4409,corrected_gnn,4409,29,29.0,7.2007975578308105,0.1008216704581476,0.1872161826482624,21.8433895111084
trajectory,pair/b2outer0/final/pair_gnn/s4409,corrected_gnn,4409,30,30.0,7.948210716247559,0.0993254679040849,0.1850340056194303,25.71728515625
trajectory,pair/b2outer0/final/pair_gnn/s4409,corrected_gnn,4409,31,31.0,8.703254699707031,0.0995907693475601,0.1714019592968725,21.587650299072266
trajectory,pair/b2outer0/final/pair_gnn/s4409,corrected_gnn,4409,32,32.0,8.75918197631836,0.1003382754744961,0.1577333820452622,26.45737075805664
trajectory,pair/b2outer0/final/pair_gnn/s4409,corrected_gnn,4409,33,33.0,8.65965747833252,0.1053813887915263,0.1411624382259712,31.971681594848636
trajectory,pair/b2outer0/final/pair_gnn/s4409,corrected_gnn,4409,34,34.0,8.317707061767578,0.1131516443877601,0.1219108724074734,27.30789566040039
trajectory,pair/b2outer0/final/pair_gnn/s4409,corrected_gnn,4409,35,35.0,8.152974128723145,0.1105122229554126,0.1094098366739065,34.666160583496094
trajectory,pair/b2outer0/final/pair_gnn/s4409,corrected_gnn,4409,36,36.0,8.962096214294434,0.1038952175634524,0.0982508435952089,34.32783126831055
trajectory,pair/b2outer0/final/pair_gnn/s4409,corrected_gnn,4409,37,37.0,8.455808639526367,0.0962142465740422,0.092572554003588,24.257219314575195
trajectory,pair/b2outer0/final/pair_gnn/s4409,corrected_gnn,4409,38,38.0,7.316831588745117,0.093663947617703,0.0906473493638259,25.553695678710938
trajectory,pair/b2outer0/final/pair_gnn/s4409,corrected_gnn,4409,39,39.0,7.2400102615356445,0.0955001271300716,0.0907974296293256,22.48923683166504
trajectory,pair/b2outer0/final/pair_gnn/s4409,corrected_gnn,4409,40,40.0,8.233101844787598,0.0998358312824469,0.0907383645659138,31.567975997924805
trajectory,pair/b2outer0/final/pair_gnn/s4409,corrected_gnn,4409,41,41.0,7.833540916442871,0.1030911879361762,0.0936274311727629,22.38897705078125
trajectory,pair/b2outer0/final/pair_gnn/s4409,corrected_gnn,4409,42,42.0,7.995532989501953,0.1010327342972838,0.0971023627809093,25.838308334350582
trajectory,pair/b2outer0/final/pair_gnn/s4409,corrected_gnn,4409,43,43.0,7.77107048034668,0.0962868231309888,0.1001418445977227,26.01802444458008
trajectory,pair/b2outer0/final/pair_gnn/s4409,corrected_gnn,4409,44,44.0,7.650341987609863,0.0952389267373497,0.1042394733652751,18.20513343811035
trajectory,pair/b2outer0/final/pair_gnn/s4409,corrected_gnn,4409,45,45.0,7.997432708740234,0.0948173676707483,0.1048194636702639,25.409936904907227
trajectory,pair/b2outer0/final/pair_gnn/s4409,corrected_gnn,4409,46,46.0,7.568536758422852,0.0941195684770112,0.1072433628853105,16.857927322387695
trajectory,pair/b2outer0/final/pair_gnn/s4409,corrected_gnn,4409,47,47.0,7.530086517333984,0.0997004811518611,0.1109233498126741,25.195772171020508
trajectory,pair/b2outer0/final/pair_gnn/s4409,corrected_gnn,4409,48,48.0,7.996200084686279,0.1062086119524489,0.115218702579159,16.658113479614258
trajectory,pair/b2outer0/final/pair_gnn/s4409,corrected_gnn,4409,49,49.0,9.255927085876465,0.1103563039556725,0.1171566276282949,28.48844337463379
trajectory,pair/b2outer0/final/pair_gnn/s4409,corrected_gnn,4409,50,50.0,8.623454093933105,0.1072267455133119,0.1144254110156907,22.175765991210938
trajectory,pair/b2outer0/final/pair_gnn/s4409,corrected_gnn,4409,51,51.0,7.101031303405762,0.1076997426331748,0.1162417639402217,22.10733985900879
trajectory,pair/b2outer0/final/pair_gnn/s4409,corrected_gnn,4409,52,52.0,6.921788692474365,0.108334018422253,0.1199634800145455,18.56241226196289
trajectory,pair/b2outer0/final/pair_gnn/s4409,corrected_gnn,4409,53,53.0,6.922947883605957,0.1034169714543774,0.1232384502895608,19.839025497436523
selected_checkpoint,pair/b2outer0/final/pair_gnn/s4409,pair_gnn,4409,3,,,0.0710940509017139,,
trajectory,pair/b2outer0/final/pair_gnn/s5519,corrected_gnn,5519,1,1.0,18.98407554626465,0.0822965554539153,0.1282750358593451,62.25341796875
trajectory,pair/b2outer0/final/pair_gnn/s5519,corrected_gnn,5519,2,2.0,17.768156051635742,0.0751201211023598,0.0965091417949111,59.98160934448242
trajectory,pair/b2outer0/final/pair_gnn/s5519,corrected_gnn,5519,3,3.0,17.466415405273438,0.0707680492357819,0.0760306055513865,45.65502548217773
trajectory,pair/b2outer0/final/pair_gnn/s5519,corrected_gnn,5519,4,4.0,14.865735054016112,0.0695664897690373,0.0741372131144695,42.71132659912109
trajectory,pair/b2outer0/final/pair_gnn/s5519,corrected_gnn,5519,5,5.0,15.269613265991213,0.071937822074445,0.0759959365636859,49.51657485961914
trajectory,pair/b2outer0/final/pair_gnn/s5519,corrected_gnn,5519,6,6.0,14.201777458190918,0.0801029569337676,0.0800855233085258,44.00768661499024
trajectory,pair/b2outer0/final/pair_gnn/s5519,corrected_gnn,5519,7,7.0,13.52458667755127,0.0985265196490217,0.0987113719952579,44.19335174560547
trajectory,pair/b2outer0/final/pair_gnn/s5519,corrected_gnn,5519,8,8.0,13.753605842590332,0.1190035905999441,0.1309968598937473,41.74448776245117
trajectory,pair/b2outer0/final/pair_gnn/s5519,corrected_gnn,5519,9,9.0,14.142220497131348,0.1438611011680526,0.1372139947409938,42.09934616088867
trajectory,pair/b2outer0/final/pair_gnn/s5519,corrected_gnn,5519,10,10.0,11.797639846801758,0.1764735823503239,0.1174751775557827,31.680299758911133
trajectory,pair/b2outer0/final/pair_gnn/s5519,corrected_gnn,5519,11,11.0,12.81422233581543,0.1802866903938896,0.1028342595888602,39.00625991821289
trajectory,pair/b2outer0/final/pair_gnn/s5519,corrected_gnn,5519,12,12.0,12.3174409866333,0.1730637816836557,0.0994229374188733,38.49930191040039
trajectory,pair/b2outer0/final/pair_gnn/s5519,corrected_gnn,5519,13,13.0,11.983203887939451,0.1462468817752475,0.0929207804488825,32.39972686767578
trajectory,pair/b2outer0/final/pair_gnn/s5519,corrected_gnn,5519,14,14.0,10.631847381591797,0.1162429225398227,0.0867055440213031,31.76388359069824
trajectory,pair/b2outer0/final/pair_gnn/s5519,corrected_gnn,5519,15,15.0,10.190125465393066,0.1125541263842023,0.0872036801111657,39.94933319091797
trajectory,pair/b2outer0/final/pair_gnn/s5519,corrected_gnn,5519,16,16.0,9.790818214416504,0.1227261238110561,0.0910355838552883,35.70306396484375
trajectory,pair/b2outer0/final/pair_gnn/s5519,corrected_gnn,5519,17,17.0,9.366868019104004,0.1412574698061992,0.0953582766044633,35.17436981201172
trajectory,pair/b2outer0/final/pair_gnn/s5519,corrected_gnn,5519,18,18.0,8.857158660888672,0.1388072663219645,0.0975874118856609,30.77597045898437
trajectory,pair/b2outer0/final/pair_gnn/s5519,corrected_gnn,5519,19,19.0,9.258869171142578,0.1207197765575377,0.1026817435427952,35.05719375610352
trajectory,pair/b2outer0/final/pair_gnn/s5519,corrected_gnn,5519,20,20.0,9.314862251281738,0.1024160009850068,0.1166998254102028,36.53970718383789
trajectory,pair/b2outer0/final/pair_gnn/s5519,corrected_gnn,5519,21,21.0,9.53490161895752,0.0919009930526953,0.1319834310172458,28.240568161010746
trajectory,pair/b2outer0/final/pair_gnn/s5519,corrected_gnn,5519,22,22.0,8.370939254760742,0.0928645304581171,0.1542796498493771,26.38028907775879
trajectory,pair/b2outer0/final/pair_gnn/s5519,corrected_gnn,5519,23,23.0,7.621871471405029,0.1006230226225549,0.1740803604911585,22.30365562438965
trajectory,pair/b2outer0/final/pair_gnn/s5519,corrected_gnn,5519,24,24.0,8.341166496276855,0.1054236134852544,0.1869984518260025,31.590988159179688
trajectory,pair/b2outer0/final/pair_gnn/s5519,corrected_gnn,5519,25,25.0,7.756585121154785,0.0995121634167541,0.1686981286909334,24.895029067993164
trajectory,pair/b2outer0/final/pair_gnn/s5519,corrected_gnn,5519,26,26.0,8.272215843200684,0.0930465703393716,0.1443475171611983,22.452905654907227
trajectory,pair/b2outer0/final/pair_gnn/s5519,corrected_gnn,5519,27,27.0,7.758224964141846,0.0851495532590585,0.1248666155496418,24.05803871154785
trajectory,pair/b2outer0/final/pair_gnn/s5519,corrected_gnn,5519,28,28.0,7.380751132965088,0.0844726088134242,0.1223251685734188,17.336885452270508
trajectory,pair/b2outer0/final/pair_gnn/s5519,corrected_gnn,5519,29,29.0,8.37960147857666,0.0849655622570025,0.1178413011191575,24.188920974731445
trajectory,pair/b2outer0/final/pair_gnn/s5519,corrected_gnn,5519,30,30.0,7.24474573135376,0.0891171673458302,0.1137175953903011,18.595027923583984
trajectory,pair/b2outer0/final/pair_gnn/s5519,corrected_gnn,5519,31,31.0,7.959545135498047,0.094826500260145,0.1069392510017232,20.31393241882324
trajectory,pair/b2outer0/final/pair_gnn/s5519,corrected_gnn,5519,32,32.0,8.257426261901855,0.0994555095805784,0.1107426413547178,22.00778007507324
trajectory,pair/b2outer0/final/pair_gnn/s5519,corrected_gnn,5519,33,33.0,7.234145641326904,0.0981049945914795,0.1105215415541275,19.33675193786621
trajectory,pair/b2outer0/final/pair_gnn/s5519,corrected_gnn,5519,34,34.0,7.81132173538208,0.1003176386811446,0.1078551491727921,26.02196884155273
trajectory,pair/b2outer0/final/pair_gnn/s5519,corrected_gnn,5519,35,35.0,7.931619644165039,0.0995045810725059,0.1031928381140953,20.096921920776367
trajectory,pair/b2outer0/final/pair_gnn/s5519,corrected_gnn,5519,36,36.0,7.601248741149902,0.0929610020401014,0.0967766321150975,19.953651428222656
trajectory,pair/b2outer0/final/pair_gnn/s5519,corrected_gnn,5519,37,37.0,7.683900833129883,0.0904392463201844,0.0969235232926015,21.449838638305664
trajectory,pair/b2outer0/final/pair_gnn/s5519,corrected_gnn,5519,38,38.0,8.36878490447998,0.0880346330772399,0.1017193493762533,23.17906379699707
trajectory,pair/b2outer0/final/pair_gnn/s5519,corrected_gnn,5519,39,39.0,7.466124057769775,0.0868404625610992,0.1074609093933759,16.601613998413086
trajectory,pair/b2outer0/final/pair_gnn/s5519,corrected_gnn,5519,40,40.0,7.882595539093018,0.0849626595530329,0.1137025871685485,15.767202377319336
trajectory,pair/b2outer0/final/pair_gnn/s5519,corrected_gnn,5519,41,41.0,7.651817321777344,0.0878437121791648,0.1195708855288103,20.407848358154297
trajectory,pair/b2outer0/final/pair_gnn/s5519,corrected_gnn,5519,42,42.0,7.740490436553955,0.0926387228608897,0.1256626422350867,19.465124130249023
trajectory,pair/b2outer0/final/pair_gnn/s5519,corrected_gnn,5519,43,43.0,7.924130916595459,0.0978761214661062,0.1302695778513831,22.78963661193848
trajectory,pair/b2outer0/final/pair_gnn/s5519,corrected_gnn,5519,44,44.0,9.50822925567627,0.1000645476179973,0.1262078586270585,31.459705352783203
trajectory,pair/b2outer0/final/pair_gnn/s5519,corrected_gnn,5519,45,45.0,6.884707450866699,0.0958025588883401,0.1180266956499811,17.880311965942383
trajectory,pair/b2outer0/final/pair_gnn/s5519,corrected_gnn,5519,46,46.0,10.111132621765137,0.0926035686087743,0.111075111856807,31.25330924987793
trajectory,pair/b2outer0/final/pair_gnn/s5519,corrected_gnn,5519,47,47.0,8.498841285705566,0.0852728828063239,0.1046299874867858,20.93585205078125
trajectory,pair/b2outer0/final/pair_gnn/s5519,corrected_gnn,5519,48,48.0,8.210091590881348,0.0809098552533214,0.0969149807129307,17.618595123291016
trajectory,pair/b2outer0/final/pair_gnn/s5519,corrected_gnn,5519,49,49.0,6.650949001312256,0.0835271759724728,0.0920245716872159,25.557024002075195
trajectory,pair/b2outer0/final/pair_gnn/s5519,corrected_gnn,5519,50,50.0,8.346031188964844,0.0900559657726262,0.0915297095833921,20.88573265075684
trajectory,pair/b2outer0/final/pair_gnn/s5519,corrected_gnn,5519,51,51.0,8.386002540588379,0.0944848253491121,0.0917741633675404,22.04998207092285
trajectory,pair/b2outer0/final/pair_gnn/s5519,corrected_gnn,5519,52,52.0,8.54888916015625,0.0921442802092163,0.0919361349015768,32.606468200683594
trajectory,pair/b2outer0/final/pair_gnn/s5519,corrected_gnn,5519,53,53.0,8.529709815979004,0.0862242617582827,0.0928707575017786,20.644243240356445
trajectory,pair/b2outer0/final/pair_gnn/s5519,corrected_gnn,5519,54,54.0,9.906911849975586,0.0810866440072156,0.0924587146330547,21.623809814453125
selected_checkpoint,pair/b2outer0/final/pair_gnn/s5519,pair_gnn,5519,4,,,0.0695664897690373,,
trajectory,pair/b2outer0/final/pair_gnn/s6637,corrected_gnn,6637,1,1.0,18.28981590270996,0.0753885879924723,0.0755606626595332,71.76658630371094
trajectory,pair/b2outer0/final/pair_gnn/s6637,corrected_gnn,6637,2,2.0,16.688791275024414,0.0701643567513523,0.0757551180376678,54.04977798461914
trajectory,pair/b2outer0/final/pair_gnn/s6637,corrected_gnn,6637,3,3.0,16.615398406982422,0.0761136844948244,0.0874347252424816,56.57796478271485
trajectory,pair/b2outer0/final/pair_gnn/s6637,corrected_gnn,6637,4,4.0,14.20661163330078,0.0929401335932197,0.1061425165329348,44.940711975097656
trajectory,pair/b2outer0/final/pair_gnn/s6637,corrected_gnn,6637,5,5.0,11.070008277893066,0.119792223876963,0.1289272062234601,39.34413528442383
trajectory,pair/b2outer0/final/pair_gnn/s6637,corrected_gnn,6637,6,6.0,14.756735801696776,0.1608830397948622,0.1493932881869417,55.09269332885742
trajectory,pair/b2outer0/final/pair_gnn/s6637,corrected_gnn,6637,7,7.0,11.678147315979004,0.1865042916592452,0.1424500149795979,33.39680480957031
trajectory,pair/b2outer0/final/pair_gnn/s6637,corrected_gnn,6637,8,8.0,11.531210899353027,0.1977651657662741,0.1381540700221841,43.01606750488281
trajectory,pair/b2outer0/final/pair_gnn/s6637,corrected_gnn,6637,9,9.0,13.325277328491213,0.1900560966013775,0.1254762129998198,51.26676940917969
trajectory,pair/b2outer0/final/pair_gnn/s6637,corrected_gnn,6637,10,10.0,14.653159141540527,0.187819905069773,0.1368761575793617,58.43223571777344
trajectory,pair/b2outer0/final/pair_gnn/s6637,corrected_gnn,6637,11,11.0,11.97092628479004,0.1673423493262646,0.1474983481989208,42.89634704589844
trajectory,pair/b2outer0/final/pair_gnn/s6637,corrected_gnn,6637,12,12.0,11.245850563049316,0.1694219738419633,0.1434624388916442,37.72647857666016
trajectory,pair/b2outer0/final/pair_gnn/s6637,corrected_gnn,6637,13,13.0,11.01366901397705,0.1623625993030145,0.1348528839509526,35.332618713378906
trajectory,pair/b2outer0/final/pair_gnn/s6637,corrected_gnn,6637,14,14.0,9.242205619812012,0.1573774265144796,0.1273898981478586,35.430503845214844
trajectory,pair/b2outer0/final/pair_gnn/s6637,corrected_gnn,6637,15,15.0,10.74381160736084,0.1356921797569763,0.1094804602238279,38.60679244995117
trajectory,pair/b2outer0/final/pair_gnn/s6637,corrected_gnn,6637,16,16.0,10.356027603149414,0.108153976482572,0.0947497491736158,32.8376350402832
trajectory,pair/b2outer0/final/pair_gnn/s6637,corrected_gnn,6637,17,17.0,9.647844314575195,0.1041279972689759,0.0951487103920954,32.97248458862305
trajectory,pair/b2outer0/final/pair_gnn/s6637,corrected_gnn,6637,18,18.0,8.396852493286133,0.1099557840469666,0.0978415068974679,38.94850158691406
trajectory,pair/b2outer0/final/pair_gnn/s6637,corrected_gnn,6637,19,19.0,8.822668075561523,0.1187996197527657,0.0974864666734333,31.243600845336918
trajectory,pair/b2outer0/final/pair_gnn/s6637,corrected_gnn,6637,20,20.0,8.66403579711914,0.1281915639911555,0.0977575177429312,26.62673759460449
trajectory,pair/b2outer0/final/pair_gnn/s6637,corrected_gnn,6637,21,21.0,8.122981071472168,0.1341304031077962,0.1021794510051677,27.64823532104492
trajectory,pair/b2outer0/final/pair_gnn/s6637,corrected_gnn,6637,22,22.0,8.54367446899414,0.1268091825237206,0.1069845417113659,31.265411376953125
trajectory,pair/b2outer0/final/pair_gnn/s6637,corrected_gnn,6637,23,23.0,8.496691703796387,0.1078402779808432,0.1129030839153226,39.3065071105957
trajectory,pair/b2outer0/final/pair_gnn/s6637,corrected_gnn,6637,24,24.0,8.053472518920898,0.0938412900830523,0.1177000476879887,24.224260330200195
trajectory,pair/b2outer0/final/pair_gnn/s6637,corrected_gnn,6637,25,25.0,7.9958295822143555,0.0935936321175783,0.1228353581609553,26.71015167236328
trajectory,pair/b2outer0/final/pair_gnn/s6637,corrected_gnn,6637,26,26.0,7.896462917327881,0.1006566380521651,0.1338717008737148,22.659046173095703
trajectory,pair/b2outer0/final/pair_gnn/s6637,corrected_gnn,6637,27,27.0,7.549550056457519,0.1195976453280611,0.1404244560112298,21.98847007751465
trajectory,pair/b2outer0/final/pair_gnn/s6637,corrected_gnn,6637,28,28.0,8.006084442138672,0.12443776347136,0.1443340506014465,25.490169525146484
trajectory,pair/b2outer0/final/pair_gnn/s6637,corrected_gnn,6637,29,29.0,7.979649066925049,0.111420123980497,0.1412342224774571,31.96965980529785
trajectory,pair/b2outer0/final/pair_gnn/s6637,corrected_gnn,6637,30,30.0,7.69341516494751,0.0980810526660813,0.1358121987568059,25.703805923461918
trajectory,pair/b2outer0/final/pair_gnn/s6637,corrected_gnn,6637,31,31.0,7.585263729095459,0.0904995687513329,0.1283646678673904,21.781152725219727
trajectory,pair/b2outer0/final/pair_gnn/s6637,corrected_gnn,6637,32,32.0,7.737349987030029,0.0906050302420529,0.1245284005247412,23.56416893005371
trajectory,pair/b2outer0/final/pair_gnn/s6637,corrected_gnn,6637,33,33.0,9.134600639343262,0.0916282572631691,0.1179156932891449,22.707914352416992
trajectory,pair/b2outer0/final/pair_gnn/s6637,corrected_gnn,6637,34,34.0,8.107497215270996,0.0986205884828753,0.1137020565045531,24.85564613342285
trajectory,pair/b2outer0/final/pair_gnn/s6637,corrected_gnn,6637,35,35.0,8.627664566040039,0.1058271504324996,0.1109995211173327,27.12631607055664
trajectory,pair/b2outer0/final/pair_gnn/s6637,corrected_gnn,6637,36,36.0,7.504825592041016,0.1095315812372366,0.1089419362258468,28.50119972229004
trajectory,pair/b2outer0/final/pair_gnn/s6637,corrected_gnn,6637,37,37.0,6.628825664520264,0.1148178613459701,0.1113785158964408,17.521446228027344
trajectory,pair/b2outer0/final/pair_gnn/s6637,corrected_gnn,6637,38,38.0,8.164986610412598,0.1138754471163944,0.1088787836740872,27.93476867675781
trajectory,pair/b2outer0/final/pair_gnn/s6637,corrected_gnn,6637,39,39.0,7.711532592773437,0.1080069113522161,0.1044855923576505,22.487537384033203
trajectory,pair/b2outer0/final/pair_gnn/s6637,corrected_gnn,6637,40,40.0,8.160892486572266,0.102348707254714,0.1010298574222966,24.56120109558105
trajectory,pair/b2outer0/final/pair_gnn/s6637,corrected_gnn,6637,41,41.0,8.536209106445312,0.0960682519467809,0.0960235802585941,27.237831115722656
trajectory,pair/b2outer0/final/pair_gnn/s6637,corrected_gnn,6637,42,42.0,7.454207420349121,0.096972793018358,0.0959410430790057,32.13350296020508
trajectory,pair/b2outer0/final/pair_gnn/s6637,corrected_gnn,6637,43,43.0,7.909420490264893,0.1006492454447264,0.1004710578504235,23.185300827026367
trajectory,pair/b2outer0/final/pair_gnn/s6637,corrected_gnn,6637,44,44.0,8.675796508789062,0.1001942156790543,0.104761001538183,25.841840744018555
trajectory,pair/b2outer0/final/pair_gnn/s6637,corrected_gnn,6637,45,45.0,8.006035804748535,0.097318125021411,0.1034861603831814,25.96357727050781
trajectory,pair/b2outer0/final/pair_gnn/s6637,corrected_gnn,6637,46,46.0,7.431025505065918,0.0984190197261947,0.1031060910026402,24.15977096557617
trajectory,pair/b2outer0/final/pair_gnn/s6637,corrected_gnn,6637,47,47.0,7.508951187133789,0.0992483320231409,0.1024975825392784,23.34211540222168
trajectory,pair/b2outer0/final/pair_gnn/s6637,corrected_gnn,6637,48,48.0,8.27737808227539,0.0958173633349815,0.0998516189941298,24.935625076293945
trajectory,pair/b2outer0/final/pair_gnn/s6637,corrected_gnn,6637,49,49.0,7.917106628417969,0.0929457452391242,0.0999339240241861,24.645675659179688
trajectory,pair/b2outer0/final/pair_gnn/s6637,corrected_gnn,6637,50,50.0,7.771645069122314,0.0928772828367262,0.1020908261846216,17.83575439453125
trajectory,pair/b2outer0/final/pair_gnn/s6637,corrected_gnn,6637,51,51.0,8.232446670532227,0.0963820567493709,0.1064667921778654,20.345590591430664
trajectory,pair/b2outer0/final/pair_gnn/s6637,corrected_gnn,6637,52,52.0,8.91916561126709,0.0957468660783281,0.1060108653382996,27.004011154174805
selected_checkpoint,pair/b2outer0/final/pair_gnn/s6637,pair_gnn,6637,2,,,0.0701643567513523,,
trajectory,pair/b2outer0/final/pair_gnn/s7753,corrected_gnn,7753,1,1.0,17.669353485107422,0.0730712622157928,0.2048239572749783,76.61714172363281
trajectory,pair/b2outer0/final/pair_gnn/s7753,corrected_gnn,7753,2,2.0,15.560367584228516,0.0712911877891087,0.1636613112398966,58.06753921508789
trajectory,pair/b2outer0/final/pair_gnn/s7753,corrected_gnn,7753,3,3.0,16.58102035522461,0.0782296399577414,0.2015263688459527,61.96028900146485
trajectory,pair/b2outer0/final/pair_gnn/s7753,corrected_gnn,7753,4,4.0,13.843408584594728,0.0983799770163803,0.1668983814818299,42.5361328125
trajectory,pair/b2outer0/final/pair_gnn/s7753,corrected_gnn,7753,5,5.0,14.418863296508787,0.1311353454211105,0.1395873868498104,46.055938720703125
trajectory,pair/b2outer0/final/pair_gnn/s7753,corrected_gnn,7753,6,6.0,11.759879112243652,0.1631002115619291,0.1329158850315674,38.28449630737305
trajectory,pair/b2outer0/final/pair_gnn/s7753,corrected_gnn,7753,7,7.0,12.245793342590332,0.204380555696116,0.1349233103976075,34.19282913208008
trajectory,pair/b2outer0/final/pair_gnn/s7753,corrected_gnn,7753,8,8.0,14.485357284545898,0.2198747204519652,0.1270299417561754,48.24639129638672
trajectory,pair/b2outer0/final/pair_gnn/s7753,corrected_gnn,7753,9,9.0,11.27445125579834,0.201759670539468,0.1233765613684662,46.08683395385742
trajectory,pair/b2outer0/final/pair_gnn/s7753,corrected_gnn,7753,10,10.0,11.499082565307615,0.1773397774418602,0.1370342571102279,51.37349319458008
trajectory,pair/b2outer0/final/pair_gnn/s7753,corrected_gnn,7753,11,11.0,10.978862762451172,0.1559462546235105,0.1507778625536351,32.73487854003906
trajectory,pair/b2outer0/final/pair_gnn/s7753,corrected_gnn,7753,12,12.0,12.590742111206056,0.1398586876418752,0.1724561534203864,42.28067398071289
trajectory,pair/b2outer0/final/pair_gnn/s7753,corrected_gnn,7753,13,13.0,10.33127498626709,0.1324061011119435,0.1661739958845155,39.29109573364258
trajectory,pair/b2outer0/final/pair_gnn/s7753,corrected_gnn,7753,14,14.0,10.541131019592283,0.1211849959635098,0.1477102405523813,37.65323257446289
trajectory,pair/b2outer0/final/pair_gnn/s7753,corrected_gnn,7753,15,15.0,9.834417343139648,0.1120550224841281,0.1410355073314349,32.55249786376953
trajectory,pair/b2outer0/final/pair_gnn/s7753,corrected_gnn,7753,16,16.0,10.638056755065918,0.1092283059181605,0.1329643975557895,35.70271682739258
trajectory,pair/b2outer0/final/pair_gnn/s7753,corrected_gnn,7753,17,17.0,10.799847602844238,0.1110879601483854,0.1190954967088108,31.355728149414062
trajectory,pair/b2outer0/final/pair_gnn/s7753,corrected_gnn,7753,18,18.0,9.85533332824707,0.1152927375040386,0.1087101583517413,44.01154327392578
trajectory,pair/b2outer0/final/pair_gnn/s7753,corrected_gnn,7753,19,19.0,9.686610221862791,0.1103474088437602,0.0931821246115456,38.656211853027344
trajectory,pair/b2outer0/final/pair_gnn/s7753,corrected_gnn,7753,20,20.0,10.228509902954102,0.1043110009598118,0.0859815887998441,36.11833190917969
trajectory,pair/b2outer0/final/pair_gnn/s7753,corrected_gnn,7753,21,21.0,8.977190971374512,0.0985126071770233,0.0830269996907418,34.82759094238281
trajectory,pair/b2outer0/final/pair_gnn/s7753,corrected_gnn,7753,22,22.0,8.146771430969238,0.1027241594708963,0.084308714417682,28.879669189453125
trajectory,pair/b2outer0/final/pair_gnn/s7753,corrected_gnn,7753,23,23.0,9.198286056518556,0.1036319035810568,0.0865540877871145,31.98431396484375
trajectory,pair/b2outer0/final/pair_gnn/s7753,corrected_gnn,7753,24,24.0,8.046348571777344,0.1073831350715105,0.0905627113426968,26.26746940612793
trajectory,pair/b2outer0/final/pair_gnn/s7753,corrected_gnn,7753,25,25.0,7.59247350692749,0.1074706726286118,0.0957186288552217,23.82697105407715
trajectory,pair/b2outer0/final/pair_gnn/s7753,corrected_gnn,7753,26,26.0,7.332798957824707,0.1108882286024405,0.1044798576651374,26.78412437438965
trajectory,pair/b2outer0/final/pair_gnn/s7753,corrected_gnn,7753,27,27.0,8.614645004272461,0.1089429084725755,0.1139144647778645,24.535554885864254
trajectory,pair/b2outer0/final/pair_gnn/s7753,corrected_gnn,7753,28,28.0,7.469826221466064,0.1021791589124101,0.1168053385121008,21.81155204772949
trajectory,pair/b2outer0/final/pair_gnn/s7753,corrected_gnn,7753,29,29.0,7.538331508636475,0.0984981571232007,0.1142712188205374,27.240901947021484
trajectory,pair/b2outer0/final/pair_gnn/s7753,corrected_gnn,7753,30,30.0,8.644937515258789,0.0971870627642298,0.1107409044738416,21.982816696166992
trajectory,pair/b2outer0/final/pair_gnn/s7753,corrected_gnn,7753,31,31.0,8.26452922821045,0.0950830795768221,0.1076976575936963,19.52816772460937
trajectory,pair/b2outer0/final/pair_gnn/s7753,corrected_gnn,7753,32,32.0,7.378001689910889,0.0949137528006758,0.1062423506535045,27.474346160888672
trajectory,pair/b2outer0/final/pair_gnn/s7753,corrected_gnn,7753,33,33.0,8.006383895874023,0.0951128559459296,0.1042745235268057,24.09776306152344
trajectory,pair/b2outer0/final/pair_gnn/s7753,corrected_gnn,7753,34,34.0,8.148857116699219,0.0986001735419752,0.1061873602697081,23.50365257263184
trajectory,pair/b2outer0/final/pair_gnn/s7753,corrected_gnn,7753,35,35.0,7.1539459228515625,0.1092593688948909,0.1123143775763158,23.02279281616211
trajectory,pair/b2outer0/final/pair_gnn/s7753,corrected_gnn,7753,36,36.0,8.641523361206055,0.1195953916440581,0.12251961555678,24.31936264038086
trajectory,pair/b2outer0/final/pair_gnn/s7753,corrected_gnn,7753,37,37.0,8.832304954528809,0.1185175770282512,0.1265519203054888,36.671485900878906
trajectory,pair/b2outer0/final/pair_gnn/s7753,corrected_gnn,7753,38,38.0,8.468729972839355,0.1100561788624397,0.1276844340942948,31.679527282714844
trajectory,pair/b2outer0/final/pair_gnn/s7753,corrected_gnn,7753,39,39.0,8.205666542053223,0.1014401894210701,0.1266761440505433,25.955463409423828
trajectory,pair/b2outer0/final/pair_gnn/s7753,corrected_gnn,7753,40,40.0,8.350980758666992,0.0925774220095869,0.1229185505999339,22.79356575012207
trajectory,pair/b2outer0/final/pair_gnn/s7753,corrected_gnn,7753,41,41.0,7.954460144042969,0.0888250108072194,0.120551037400537,18.70057487487793
trajectory,pair/b2outer0/final/pair_gnn/s7753,corrected_gnn,7753,42,42.0,7.66443395614624,0.0905132409884269,0.1192459650399238,25.20607185363769
trajectory,pair/b2outer0/final/pair_gnn/s7753,corrected_gnn,7753,43,43.0,7.615780353546143,0.0983118962728136,0.1195335831873611,21.596960067749023
trajectory,pair/b2outer0/final/pair_gnn/s7753,corrected_gnn,7753,44,44.0,8.036565780639648,0.1107075277228431,0.1270202560668622,16.236801147460938
trajectory,pair/b2outer0/final/pair_gnn/s7753,corrected_gnn,7753,45,45.0,8.143545150756836,0.1180626928849354,0.1321886641020759,22.911943435668945
trajectory,pair/b2outer0/final/pair_gnn/s7753,corrected_gnn,7753,46,46.0,7.148831844329834,0.1246487335668158,0.138649307289135,15.82849407196045
trajectory,pair/b2outer0/final/pair_gnn/s7753,corrected_gnn,7753,47,47.0,8.113688468933105,0.1192796890314241,0.1388641916757024,31.617700576782227
trajectory,pair/b2outer0/final/pair_gnn/s7753,corrected_gnn,7753,48,48.0,9.530160903930664,0.109299268535445,0.1307632689040474,24.775545120239254
trajectory,pair/b2outer0/final/pair_gnn/s7753,corrected_gnn,7753,49,49.0,6.924099445343018,0.1010419893050823,0.1228896703694772,14.716776847839355
trajectory,pair/b2outer0/final/pair_gnn/s7753,corrected_gnn,7753,50,50.0,7.944553375244141,0.0957842988644794,0.1185282103145103,16.261310577392578
trajectory,pair/b2outer0/final/pair_gnn/s7753,corrected_gnn,7753,51,51.0,8.024398803710938,0.0920507754027009,0.1156047016873647,15.590556144714355
trajectory,pair/b2outer0/final/pair_gnn/s7753,corrected_gnn,7753,52,52.0,8.70988941192627,0.0889977440941341,0.1140367578400097,18.740447998046875
selected_checkpoint,pair/b2outer0/final/pair_gnn/s7753,pair_gnn,7753,2,,,0.0712911877891087,,
trajectory,pair/b2outer0/final/pair_gnn/s8867,corrected_gnn,8867,1,1.0,17.797103881835938,0.0755272774970042,0.1798190941205945,75.44219207763672
trajectory,pair/b2outer0/final/pair_gnn/s8867,corrected_gnn,8867,2,2.0,17.681472778320312,0.0702207893635867,0.089573657609435,61.073368072509766
trajectory,pair/b2outer0/final/pair_gnn/s8867,corrected_gnn,8867,3,3.0,13.976340293884276,0.0778271043704686,0.1114622540634627,48.20083618164063
trajectory,pair/b2outer0/final/pair_gnn/s8867,corrected_gnn,8867,4,4.0,13.788172721862791,0.0972485078385337,0.1596600515244972,48.50813293457031
trajectory,pair/b2outer0/final/pair_gnn/s8867,corrected_gnn,8867,5,5.0,13.729923248291016,0.1276098876493051,0.2249904506762201,44.612422943115234
trajectory,pair/b2outer0/final/pair_gnn/s8867,corrected_gnn,8867,6,6.0,12.934412956237791,0.1715358172810132,0.2261598357556616,39.495582580566406
trajectory,pair/b2outer0/final/pair_gnn/s8867,corrected_gnn,8867,7,7.0,11.933873176574709,0.1895198031845817,0.1953863105869042,39.84669494628906
trajectory,pair/b2outer0/final/pair_gnn/s8867,corrected_gnn,8867,8,8.0,11.813700675964355,0.1702974294060064,0.1604191784344948,47.47544860839844
trajectory,pair/b2outer0/final/pair_gnn/s8867,corrected_gnn,8867,9,9.0,11.448318481445312,0.1517096493431987,0.1291987563162062,39.034446716308594
trajectory,pair/b2outer0/final/pair_gnn/s8867,corrected_gnn,8867,10,10.0,11.351197242736816,0.1489667645810792,0.1179261778294554,33.47218322753906
trajectory,pair/b2outer0/final/pair_gnn/s8867,corrected_gnn,8867,11,11.0,11.048317909240724,0.1304801428147281,0.0959674848405105,37.224395751953125
trajectory,pair/b2outer0/final/pair_gnn/s8867,corrected_gnn,8867,12,12.0,13.036938667297363,0.1360589299816638,0.0898649493773575,43.00722503662109
trajectory,pair/b2outer0/final/pair_gnn/s8867,corrected_gnn,8867,13,13.0,12.754244804382324,0.1360555376197832,0.0889297186256953,50.52543640136719
trajectory,pair/b2outer0/final/pair_gnn/s8867,corrected_gnn,8867,14,14.0,10.988177299499512,0.1180465745235172,0.0847103684775153,46.2403564453125
trajectory,pair/b2outer0/final/pair_gnn/s8867,corrected_gnn,8867,15,15.0,10.583989143371582,0.1131440725487966,0.0838067562801076,43.07254409790039
trajectory,pair/b2outer0/final/pair_gnn/s8867,corrected_gnn,8867,16,16.0,10.18723487854004,0.1141194859925841,0.0855154181890355,36.612091064453125
trajectory,pair/b2outer0/final/pair_gnn/s8867,corrected_gnn,8867,17,17.0,9.331398010253906,0.1156514303909526,0.0876951088159927,30.090076446533203
trajectory,pair/b2outer0/final/pair_gnn/s8867,corrected_gnn,8867,18,18.0,7.955755233764648,0.1130231125314215,0.0935520475143372,26.93368148803711
trajectory,pair/b2outer0/final/pair_gnn/s8867,corrected_gnn,8867,19,19.0,8.609065055847168,0.1070322683886236,0.1004050161802297,26.902677536010746
trajectory,pair/b2outer0/final/pair_gnn/s8867,corrected_gnn,8867,20,20.0,9.60956859588623,0.0976913157589781,0.1164375373775328,29.714771270751957
trajectory,pair/b2outer0/final/pair_gnn/s8867,corrected_gnn,8867,21,21.0,8.840192794799805,0.096917514566824,0.1315164118617455,27.86229133605957
trajectory,pair/b2outer0/final/pair_gnn/s8867,corrected_gnn,8867,22,22.0,7.997467994689941,0.1067160376919976,0.1373736188366213,26.73403549194336
trajectory,pair/b2outer0/final/pair_gnn/s8867,corrected_gnn,8867,23,23.0,7.605172157287598,0.1123215553156114,0.1376690884295385,24.939329147338867
trajectory,pair/b2outer0/final/pair_gnn/s8867,corrected_gnn,8867,24,24.0,8.220602035522461,0.1019715516532111,0.1371992083530282,24.384315490722656
trajectory,pair/b2outer0/final/pair_gnn/s8867,corrected_gnn,8867,25,25.0,7.672287940979004,0.0929807097091421,0.1276598935958948,18.51768684387207
trajectory,pair/b2outer0/final/pair_gnn/s8867,corrected_gnn,8867,26,26.0,7.325755596160889,0.093205469189282,0.122024882552796,23.286619186401367
trajectory,pair/b2outer0/final/pair_gnn/s8867,corrected_gnn,8867,27,27.0,6.818272590637207,0.098141996899479,0.1212565717024404,18.343650817871094
trajectory,pair/b2outer0/final/pair_gnn/s8867,corrected_gnn,8867,28,28.0,6.805419445037842,0.1099778718367208,0.123969349550498,15.036894798278809
trajectory,pair/b2outer0/final/pair_gnn/s8867,corrected_gnn,8867,29,29.0,7.645779609680176,0.1126150678534334,0.12453481826401,28.52436065673828
trajectory,pair/b2outer0/final/pair_gnn/s8867,corrected_gnn,8867,30,30.0,7.444911003112793,0.1084834997654373,0.1176737737737842,23.56048011779785
trajectory,pair/b2outer0/final/pair_gnn/s8867,corrected_gnn,8867,31,31.0,8.319055557250977,0.1021101295802509,0.114120322442856,21.69348526000977
trajectory,pair/b2outer0/final/pair_gnn/s8867,corrected_gnn,8867,32,32.0,7.2943878173828125,0.1018836728868336,0.1084507941307492,20.68818473815918
trajectory,pair/b2outer0/final/pair_gnn/s8867,corrected_gnn,8867,33,33.0,7.469536304473877,0.1047041484678629,0.1080684064918083,19.98550796508789
trajectory,pair/b2outer0/final/pair_gnn/s8867,corrected_gnn,8867,34,34.0,8.018892288208008,0.1047088403511831,0.1118622630771521,25.11327171325684
trajectory,pair/b2outer0/final/pair_gnn/s8867,corrected_gnn,8867,35,35.0,7.666758060455322,0.1067099462910808,0.1092501207547684,20.32573699951172
trajectory,pair/b2outer0/final/pair_gnn/s8867,corrected_gnn,8867,36,36.0,8.003514289855957,0.1117475338525764,0.1053816607359598,18.06001663208008
trajectory,pair/b2outer0/final/pair_gnn/s8867,corrected_gnn,8867,37,37.0,8.672977447509766,0.1115029196701016,0.1041514649623422,25.23954391479492
trajectory,pair/b2outer0/final/pair_gnn/s8867,corrected_gnn,8867,38,38.0,7.61602258682251,0.1049142038983215,0.1052909602854318,19.55584526062012
trajectory,pair/b2outer0/final/pair_gnn/s8867,corrected_gnn,8867,39,39.0,7.874181270599365,0.1000543857919789,0.1071617285024937,23.427261352539062
trajectory,pair/b2outer0/final/pair_gnn/s8867,corrected_gnn,8867,40,40.0,7.552620410919189,0.0966360975098117,0.1085457931718944,20.03891944885254
trajectory,pair/b2outer0/final/pair_gnn/s8867,corrected_gnn,8867,41,41.0,8.916933059692383,0.0971604860755178,0.1075321187488346,26.027313232421875
trajectory,pair/b2outer0/final/pair_gnn/s8867,corrected_gnn,8867,42,42.0,7.6702046394348145,0.1047903200378641,0.1069169669615803,18.407182693481445
trajectory,pair/b2outer0/final/pair_gnn/s8867,corrected_gnn,8867,43,43.0,8.364383697509766,0.1050137921137017,0.1062359742514521,20.53909683227539
trajectory,pair/b2outer0/final/pair_gnn/s8867,corrected_gnn,8867,44,44.0,8.186957359313965,0.1009070714305683,0.1123435818764846,22.68756103515625
trajectory,pair/b2outer0/final/pair_gnn/s8867,corrected_gnn,8867,45,45.0,7.71345853805542,0.1039935734799655,0.115463645516138,18.5789737701416
trajectory,pair/b2outer0/final/pair_gnn/s8867,corrected_gnn,8867,46,46.0,7.795041084289551,0.108942778658032,0.1160944196794237,18.364347457885746
trajectory,pair/b2outer0/final/pair_gnn/s8867,corrected_gnn,8867,47,47.0,6.872652053833008,0.1128401684955216,0.115197382859363,16.17203140258789
trajectory,pair/b2outer0/final/pair_gnn/s8867,corrected_gnn,8867,48,48.0,9.66870403289795,0.103349944741664,0.1104306200423404,29.59367179870605
trajectory,pair/b2outer0/final/pair_gnn/s8867,corrected_gnn,8867,49,49.0,7.788702964782715,0.0996294822632383,0.1056551221593811,21.558120727539062
trajectory,pair/b2outer0/final/pair_gnn/s8867,corrected_gnn,8867,50,50.0,7.224514961242676,0.1032057960090848,0.1030063280471064,16.592424392700195
trajectory,pair/b2outer0/final/pair_gnn/s8867,corrected_gnn,8867,51,51.0,7.534665584564209,0.1128800584534777,0.0988619242514877,15.109862327575684
trajectory,pair/b2outer0/final/pair_gnn/s8867,corrected_gnn,8867,52,52.0,7.971206188201904,0.107668013882115,0.0935846377344053,26.198184967041016
selected_checkpoint,pair/b2outer0/final/pair_gnn/s8867,pair_gnn,8867,2,,,0.0702207893635867,,
trajectory,pair/b2outer0/final/pair_gnn/s9973,corrected_gnn,9973,1,1.0,19.07494163513184,0.0769759641021953,0.2363320022976646,70.09576416015625
trajectory,pair/b2outer0/final/pair_gnn/s9973,corrected_gnn,9973,2,2.0,16.91860008239746,0.070684416771716,0.1492712337043372,54.20793914794922
trajectory,pair/b2outer0/final/pair_gnn/s9973,corrected_gnn,9973,3,3.0,16.11026954650879,0.072547109665902,0.0807493458232177,54.87928771972656
trajectory,pair/b2outer0/final/pair_gnn/s9973,corrected_gnn,9973,4,4.0,16.412782669067383,0.0850081305978771,0.0960929507986293,64.2291030883789
trajectory,pair/b2outer0/final/pair_gnn/s9973,corrected_gnn,9973,5,5.0,13.658364295959473,0.115507959066114,0.1472756332152736,51.17028045654297
trajectory,pair/b2outer0/final/pair_gnn/s9973,corrected_gnn,9973,6,6.0,13.297772407531738,0.1518024091356589,0.2192539209019135,40.69563293457031
trajectory,pair/b2outer0/final/pair_gnn/s9973,corrected_gnn,9973,7,7.0,11.833932876586914,0.195850758839515,0.2047505911105239,38.35918426513672
trajectory,pair/b2outer0/final/pair_gnn/s9973,corrected_gnn,9973,8,8.0,11.781805992126465,0.2241568006613912,0.143586071764021,38.53156661987305
trajectory,pair/b2outer0/final/pair_gnn/s9973,corrected_gnn,9973,9,9.0,11.767139434814451,0.2203030114100934,0.1157595480675809,43.25651931762695
trajectory,pair/b2outer0/final/pair_gnn/s9973,corrected_gnn,9973,10,10.0,12.186338424682615,0.1996796756837284,0.107983625545133,51.2490234375
trajectory,pair/b2outer0/final/pair_gnn/s9973,corrected_gnn,9973,11,11.0,12.75340747833252,0.15604874548056,0.0965602986560043,49.201751708984375
trajectory,pair/b2outer0/final/pair_gnn/s9973,corrected_gnn,9973,12,12.0,11.709461212158203,0.1534932648472022,0.0983557925348084,46.74998092651367
trajectory,pair/b2outer0/final/pair_gnn/s9973,corrected_gnn,9973,13,13.0,11.882368087768556,0.1508582428757411,0.1031326864286408,48.40869903564453
trajectory,pair/b2outer0/final/pair_gnn/s9973,corrected_gnn,9973,14,14.0,10.257808685302734,0.1479262836704341,0.1159078842478388,35.74076843261719
trajectory,pair/b2outer0/final/pair_gnn/s9973,corrected_gnn,9973,15,15.0,10.237893104553224,0.1323567188946374,0.1210479214778085,34.818878173828125
trajectory,pair/b2outer0/final/pair_gnn/s9973,corrected_gnn,9973,16,16.0,9.965147018432615,0.1224557721948561,0.1263944547056246,31.19310760498047
trajectory,pair/b2outer0/final/pair_gnn/s9973,corrected_gnn,9973,17,17.0,10.325982093811035,0.1134787102028515,0.1302595941918601,47.57265853881836
trajectory,pair/b2outer0/final/pair_gnn/s9973,corrected_gnn,9973,18,18.0,9.775670051574709,0.1194474350416081,0.1381013919367736,35.79561233520508
trajectory,pair/b2outer0/final/pair_gnn/s9973,corrected_gnn,9973,19,19.0,9.434657096862791,0.1195865170341373,0.1454768064573879,32.10480499267578
trajectory,pair/b2outer0/final/pair_gnn/s9973,corrected_gnn,9973,20,20.0,9.230724334716797,0.1184750413177728,0.14245617560908,31.674169540405277
trajectory,pair/b2outer0/final/pair_gnn/s9973,corrected_gnn,9973,21,21.0,8.09548282623291,0.1245651134651022,0.137829407688514,30.92699241638184
trajectory,pair/b2outer0/final/pair_gnn/s9973,corrected_gnn,9973,22,22.0,9.208191871643066,0.1222987403483784,0.1257236617452387,35.109745025634766
trajectory,pair/b2outer0/final/pair_gnn/s9973,corrected_gnn,9973,23,23.0,7.755304336547852,0.1160703766467728,0.1124384774961858,28.128063201904297
trajectory,pair/b2outer0/final/pair_gnn/s9973,corrected_gnn,9973,24,24.0,7.642777919769287,0.1072971026607774,0.101636382719486,25.21795654296875
trajectory,pair/b2outer0/final/pair_gnn/s9973,corrected_gnn,9973,25,25.0,7.685202598571777,0.1096729837175492,0.099506858106209,25.69353675842285
trajectory,pair/b2outer0/final/pair_gnn/s9973,corrected_gnn,9973,26,26.0,7.283205032348633,0.1219753811790724,0.103426927766782,31.45185661315918
trajectory,pair/b2outer0/final/pair_gnn/s9973,corrected_gnn,9973,27,27.0,7.038405418395996,0.1202980885374321,0.1088325316489545,22.27053642272949
trajectory,pair/b2outer0/final/pair_gnn/s9973,corrected_gnn,9973,28,28.0,7.734309196472168,0.1149442007018857,0.1109888099017856,20.64423942565918
trajectory,pair/b2outer0/final/pair_gnn/s9973,corrected_gnn,9973,29,29.0,7.31473445892334,0.1084313457686221,0.1136058922438678,23.481388092041016
trajectory,pair/b2outer0/final/pair_gnn/s9973,corrected_gnn,9973,30,30.0,7.693563461303711,0.1081476165054482,0.1134712038664777,18.96603202819824
trajectory,pair/b2outer0/final/pair_gnn/s9973,corrected_gnn,9973,31,31.0,8.265671730041504,0.1036921961902407,0.1102693738206047,24.11090850830078
trajectory,pair/b2outer0/final/pair_gnn/s9973,corrected_gnn,9973,32,32.0,7.698609828948975,0.1046808164668618,0.1090478664186018,21.206209182739254
trajectory,pair/b2outer0/final/pair_gnn/s9973,corrected_gnn,9973,33,33.0,6.939041614532471,0.1102479461367086,0.109969211042259,19.328876495361328
trajectory,pair/b2outer0/final/pair_gnn/s9973,corrected_gnn,9973,34,34.0,8.855194091796875,0.1118219838152678,0.1109932219782497,25.5293083190918
trajectory,pair/b2outer0/final/pair_gnn/s9973,corrected_gnn,9973,35,35.0,6.542187213897705,0.1102159211956556,0.1065357669950572,15.61239242553711
trajectory,pair/b2outer0/final/pair_gnn/s9973,corrected_gnn,9973,36,36.0,7.403814792633057,0.1066175030799968,0.1066881440122639,21.948469161987305
trajectory,pair/b2outer0/final/pair_gnn/s9973,corrected_gnn,9973,37,37.0,8.526121139526367,0.1011203018993228,0.103211468979949,25.39157485961914
trajectory,pair/b2outer0/final/pair_gnn/s9973,corrected_gnn,9973,38,38.0,7.178627967834473,0.1013007837967961,0.106321596143789,22.69448471069336
trajectory,pair/b2outer0/final/pair_gnn/s9973,corrected_gnn,9973,39,39.0,7.358521938323975,0.105934289887197,0.1129769869748391,21.095808029174805
trajectory,pair/b2outer0/final/pair_gnn/s9973,corrected_gnn,9973,40,40.0,8.192339897155762,0.1122415687705597,0.1234573893080474,26.05253219604492
trajectory,pair/b2outer0/final/pair_gnn/s9973,corrected_gnn,9973,41,41.0,8.52734088897705,0.1136769526400181,0.1253619571250965,29.13616943359375
trajectory,pair/b2outer0/final/pair_gnn/s9973,corrected_gnn,9973,42,42.0,7.777504920959473,0.1127402701901397,0.1290813890234858,27.469728469848636
trajectory,pair/b2outer0/final/pair_gnn/s9973,corrected_gnn,9973,43,43.0,7.741683006286621,0.1117632101059522,0.1359274055784529,26.68812370300293
trajectory,pair/b2outer0/final/pair_gnn/s9973,corrected_gnn,9973,44,44.0,7.616031646728516,0.1116983469091792,0.1412174984423472,27.476119995117188
trajectory,pair/b2outer0/final/pair_gnn/s9973,corrected_gnn,9973,45,45.0,8.340291023254395,0.1154436301507909,0.1442613414919226,30.97069931030273
trajectory,pair/b2outer0/final/pair_gnn/s9973,corrected_gnn,9973,46,46.0,8.485804557800293,0.1198775807213678,0.144374466870507,28.88130760192871
trajectory,pair/b2outer0/final/pair_gnn/s9973,corrected_gnn,9973,47,47.0,8.549670219421387,0.1302868006278458,0.1443775448862652,39.09469604492188
trajectory,pair/b2outer0/final/pair_gnn/s9973,corrected_gnn,9973,48,48.0,8.842674255371094,0.1378797222754504,0.14191194205614,26.0219841003418
trajectory,pair/b2outer0/final/pair_gnn/s9973,corrected_gnn,9973,49,49.0,7.285785675048828,0.1297865959476136,0.1340070112101178,26.83572196960449
trajectory,pair/b2outer0/final/pair_gnn/s9973,corrected_gnn,9973,50,50.0,8.372014999389648,0.1142425608986134,0.1258603746252144,26.445775985717773
trajectory,pair/b2outer0/final/pair_gnn/s9973,corrected_gnn,9973,51,51.0,7.682370185852051,0.1053163955391937,0.1234236928821095,23.17894554138184
trajectory,pair/b2outer0/final/pair_gnn/s9973,corrected_gnn,9973,52,52.0,7.027256965637207,0.1068501067849865,0.1252193580131764,34.27275466918945
selected_checkpoint,pair/b2outer0/final/pair_gnn/s9973,pair_gnn,9973,2,,,0.070684416771716,,
