cohort,method,seed,weighting,n,mse,mae,r_squared,correlation,prediction_sd,label_sd,mean_bias,label_mean,prediction_mean,oracle_test_mean_mse
APP,chemistry_tree,1103,rows,1839,0.19385966434950305,0.359092743415229,-0.19478658002146387,-0.015674287654115424,0.011939895644423798,0.4028084386759444,-0.17695110706306222,0.46777857531267,0.29082746824960776,0.16225463826855208
APP,chemistry_tree,1103,equal_study,1839,0.19385966434950305,0.359092743415229,-0.19478658002146387,-0.015674287654115424,0.011939895644423798,0.4028084386759444,-0.17695110706306222,0.46777857531267,0.29082746824960776,0.16225463826855208
APP,chemistry_tree,1103,equal_sequence,1839,0.182628793486272,0.35792128519166416,-0.23672940098795903,-0.09749675015623861,0.011365149015502044,0.384279557795168,-0.1843291480102261,0.4733985283847744,0.2890693803745483,0.14767077853924984
APP,chemistry_tree,2207,rows,1839,0.1876777220771726,0.3539090469804613,-0.15668633007915678,-0.03501084581785854,0.013729260819333688,0.4028084386759444,-0.15763043138146648,0.46777857531267,0.3101481439312035,0.16225463826855208
APP,chemistry_tree,2207,equal_study,1839,0.1876777220771726,0.3539090469804613,-0.15668633007915678,-0.03501084581785854,0.013729260819333688,0.4028084386759444,-0.15763043138146648,0.46777857531267,0.3101481439312035,0.16225463826855208
APP,chemistry_tree,2207,equal_sequence,1839,0.17632924667938915,0.3527983147126144,-0.1940700010091847,-0.12127636916026095,0.013543139095576315,0.384279557795168,-0.16496278918407292,0.4733985283847744,0.3084357392007015,0.14767077853924984
APP,chemistry_tree,3301,rows,1839,0.19153284767218923,0.357034721938272,-0.18044605513944068,-0.01132541156999528,0.010009099495711432,0.4028084386759444,-0.17054824795525497,0.46777857531267,0.297230327357415,0.16225463826855208
APP,chemistry_tree,3301,equal_study,1839,0.19153284767218923,0.357034721938272,-0.18044605513944068,-0.01132541156999528,0.010009099495711432,0.4028084386759444,-0.17054824795525497,0.46777857531267,0.297230327357415,0.16225463826855208
APP,chemistry_tree,3301,equal_sequence,1839,0.17988129335138225,0.3552745246988711,-0.21812382335054248,-0.06870003726295552,0.009886360242736621,0.384279557795168,-0.17773793764472545,0.4733985283847744,0.29566059074004897,0.14767077853924984
APP,chemistry_tree,4409,rows,1839,0.19192403824294094,0.3574883217324773,-0.18285702209191834,-0.010696394405472912,0.011390517602293862,0.4028084386759444,-0.1715852609113514,0.46777857531267,0.2961933144013186,0.16225463826855208
APP,chemistry_tree,4409,equal_study,1839,0.19192403824294094,0.3574883217324773,-0.18285702209191834,-0.010696394405472912,0.011390517602293862,0.4028084386759444,-0.1715852609113514,0.46777857531267,0.2961933144013186,0.16225463826855208
APP,chemistry_tree,4409,equal_sequence,1839,0.18043805899674922,0.3562292152639343,-0.22189414034131394,-0.11092370201388048,0.011008202568887415,0.384279557795168,-0.17806637809407377,0.4733985283847744,0.29533215029070065,0.14767077853924984
APP,chemistry_tree,5519,rows,1839,0.18412505349064417,0.35101286706864365,-0.13479069353871886,0.0018336233430412496,0.012168664062451257,0.4028084386759444,-0.14744597099334533,0.46777857531267,0.32033260431932464,0.16225463826855208
APP,chemistry_tree,5519,equal_study,1839,0.18412505349064417,0.35101286706864365,-0.13479069353871886,0.0018336233430412496,0.012168664062451257,0.4028084386759444,-0.14744597099334533,0.46777857531267,0.32033260431932464,0.16225463826855208
APP,chemistry_tree,5519,equal_sequence,1839,0.173329000287344,0.35074835842232877,-0.17375287109544413,-0.13922040641326336,0.012556090480986404,0.384279557795168,-0.155425467034629,0.4733985283847744,0.3179730613501454,0.14767077853924984
APP,chemistry_tree,6637,rows,1839,0.1910670171923829,0.3568630611491501,-0.1775750710814359,-0.026161279579828313,0.013268158203648024,0.4028084386759444,-0.16839446433651944,0.46777857531267,0.29938411097615053,0.16225463826855208
APP,chemistry_tree,6637,equal_study,1839,0.1910670171923829,0.3568630611491501,-0.1775750710814359,-0.026161279579828313,0.013268158203648024,0.4028084386759444,-0.16839446433651944,0.46777857531267,0.29938411097615053,0.16225463826855208
APP,chemistry_tree,6637,equal_sequence,1839,0.17968430950299408,0.35559880496597324,-0.21678988409501243,-0.09218833712873946,0.013220437091909341,0.384279557795168,-0.1757898009776161,0.4733985283847744,0.2976087274071583,0.14767077853924984
APP,chemistry_tree,7753,rows,1839,0.18835337057205295,0.35444831487871,-0.1608504544585292,0.014136904027740644,0.011136084847507954,0.4028084386759444,-0.16155973505680798,0.46777857531267,0.306218840255862,0.16225463826855208
APP,chemistry_tree,7753,equal_study,1839,0.18835337057205295,0.35444831487871,-0.1608504544585292,0.014136904027740644,0.011136084847507954,0.4028084386759444,-0.16155973505680798,0.46777857531267,0.306218840255862,0.16225463826855208
APP,chemistry_tree,7753,equal_sequence,1839,0.17725809676359958,0.3535875520228901,-0.20036000701713408,-0.07403948157547734,0.01158576198929151,0.384279557795168,-0.1696874049683142,0.4733985283847744,0.3037111234164602,0.14767077853924984
APP,chemistry_tree,8867,rows,1839,0.18939827345959964,0.3552388715992912,-0.16729034979031776,-0.0070913875575549365,0.011001246104909147,0.4028084386759444,-0.1641942699967333,0.46777857531267,0.30358430531593666,0.16225463826855208
APP,chemistry_tree,8867,equal_study,1839,0.18939827345959964,0.3552388715992912,-0.16729034979031776,-0.0070913875575549365,0.011001246104909147,0.4028084386759444,-0.1641942699967333,0.46777857531267,0.30358430531593666,0.16225463826855208
APP,chemistry_tree,8867,equal_sequence,1839,0.1788456903358593,0.35508960797754097,-0.2111109056577729,-0.1606049754786716,0.011711748869935545,0.384279557795168,-0.17202358509957222,0.4733985283847744,0.3013749432852022,0.14767077853924984
APP,chemistry_tree,9973,rows,1839,0.18749485529701765,0.35389930060434854,-0.15555929431545623,-0.03552622619039706,0.012726227720664254,0.4028084386759444,-0.1572069617007868,0.46777857531267,0.3105716136118832,0.16225463826855208
APP,chemistry_tree,9973,equal_study,1839,0.18749485529701765,0.35389930060434854,-0.15555929431545623,-0.03552622619039706,0.012726227720664254,0.4028084386759444,-0.1572069617007868,0.46777857531267,0.3105716136118832,0.16225463826855208
APP,chemistry_tree,9973,equal_sequence,1839,0.17625809674522935,0.3532063430765231,-0.19358818642905185,-0.13058334509941244,0.012968291826204337,0.384279557795168,-0.16467431680409605,0.4733985283847744,0.30872421158067836,0.14767077853924984
APP,chemistry_tree,11027,rows,1839,0.19130093500847223,0.35679529297007556,-0.1790167421398754,-0.04724630382887182,0.012019429147675413,0.4028084386759444,-0.16865450336538723,0.46777857531267,0.29912407194728274,0.16225463826855208
APP,chemistry_tree,11027,equal_study,1839,0.19130093500847223,0.35679529297007556,-0.1790167421398754,-0.04724630382887182,0.012019429147675413,0.4028084386759444,-0.16865450336538723,0.46777857531267,0.29912407194728274,0.16225463826855208
APP,chemistry_tree,11027,equal_sequence,1839,0.17997698784190608,0.3556602120644512,-0.21877184925973348,-0.12013592473182494,0.01183117406737214,0.384279557795168,-0.17627774069300978,0.4733985283847744,0.29712078769176464,0.14767077853924984
APP,corrected_gnn,1103,rows,1839,0.17336051907898717,0.34157304032581404,-0.06844723164125166,-0.043426180952980446,0.018900009739866365,0.4028084386759444,-0.10043632891713572,0.46777857531267,0.36734224639553426,0.16225463826855208
APP,corrected_gnn,1103,equal_study,1839,0.17336051907898717,0.34157304032581404,-0.06844723164125166,-0.043426180952980446,0.018900009739866365,0.4028084386759444,-0.10043632891713572,0.46777857531267,0.36734224639553426,0.16225463826855208
APP,corrected_gnn,1103,equal_sequence,1839,0.16166600945361537,0.3416534149277237,-0.0947731910998606,-0.13755785229606887,0.017682294270091332,0.384279557795168,-0.1086884148203478,0.4733985283847744,0.3647101135644266,0.14767077853924984
APP,corrected_gnn,2207,rows,1839,0.16141127195800523,0.3262739306320762,0.005197794772134445,0.09190606856785158,0.0199736998632181,0.4028084386759444,0.01538048478049242,0.46777857531267,0.4831590600931624,0.16225463826855208
APP,corrected_gnn,2207,equal_study,1839,0.16141127195800523,0.3262739306320762,0.005197794772134445,0.09190606856785158,0.0199736998632181,0.4028084386759444,0.01538048478049242,0.46777857531267,0.4831590600931624,0.16225463826855208
APP,corrected_gnn,2207,equal_sequence,1839,0.1483978626728503,0.3286751573559661,-0.0049236832147343534,-0.01702751248779,0.020247982576120014,0.384279557795168,0.007219769751639293,0.4733985283847744,0.4806182981364137,0.14767077853924984
APP,corrected_gnn,3301,rows,1839,0.16229256090225347,0.32853563490486976,-0.0002337229561266696,0.021595356952649178,0.016772934147413432,0.4028084386759444,0.006956999720121648,0.46777857531267,0.4747355750327916,0.16225463826855208
APP,corrected_gnn,3301,equal_study,1839,0.16229256090225347,0.32853563490486976,-0.0002337229561266696,0.021595356952649178,0.016772934147413432,0.4028084386759444,0.006956999720121648,0.46777857531267,0.4747355750327916,0.16225463826855208
APP,corrected_gnn,3301,equal_sequence,1839,0.14914827287095186,0.3301133380912726,-0.010005326350394528,-0.09248169437122415,0.016798003927820482,0.384279557795168,-0.0011656606392241864,0.4733985283847744,0.47223286774555023,0.14767077853924984
APP,corrected_gnn,4409,rows,1839,0.16435228059314816,0.3274599057197829,-0.012928088509397195,0.037761644427565154,0.01694512301964503,0.4028084386759444,0.04822862015473184,0.46777857531267,0.5160071954674018,0.16225463826855208
APP,corrected_gnn,4409,equal_study,1839,0.16435228059314816,0.3274599057197829,-0.012928088509397195,0.037761644427565154,0.01694512301964503,0.4028084386759444,0.04822862015473184,0.46777857531267,0.5160071954674018,0.16225463826855208
APP,corrected_gnn,4409,equal_sequence,1839,0.1495112168304746,0.3280595018319866,-0.012463117682660396,0.02151234511388764,0.016154004754465687,0.384279557795168,0.04297172097509622,0.4733985283847744,0.5163702493598706,0.14767077853924984
APP,corrected_gnn,5519,rows,1839,0.16552966890053727,0.33370999117325406,-0.020184511622802548,-0.08091253165911773,0.0183507030497136,0.4028084386759444,-0.04173848232206556,0.46777857531267,0.4260400929906044,0.16225463826855208
APP,corrected_gnn,5519,equal_study,1839,0.16552966890053727,0.33370999117325406,-0.020184511622802548,-0.08091253165911773,0.0183507030497136,0.4028084386759444,-0.04173848232206556,0.46777857531267,0.4260400929906044,0.16225463826855208
APP,corrected_gnn,5519,equal_sequence,1839,0.15271299139825817,0.33417951287438424,-0.03414496022087499,-0.140768507977587,0.019538870749343025,0.384279557795168,-0.05046341312843011,0.4733985283847744,0.4229351152563443,0.14767077853924984
APP,corrected_gnn,6637,rows,1839,0.16552166412760055,0.33348703766309934,-0.020135176990386805,0.0402669126453239,0.020391191558975726,0.4028084386759444,-0.05926811447076136,0.46777857531267,0.4085104608419086,0.16225463826855208
APP,corrected_gnn,6637,equal_study,1839,0.16552166412760055,0.33348703766309934,-0.020135176990386805,0.0402669126453239,0.020391191558975726,0.4028084386759444,-0.05926811447076136,0.46777857531267,0.4085104608419086,0.16225463826855208
APP,corrected_gnn,6637,equal_sequence,1839,0.15482555543642754,0.3357797686607471,-0.04845086460538983,-0.12105240396405421,0.020604464400488454,0.384279557795168,-0.06937778799132732,0.4733985283847744,0.4040207403934471,0.14767077853924984
APP,corrected_gnn,7753,rows,1839,0.1631539724670982,0.3294223997440981,-0.005542733373560704,-0.010259046693111775,0.02613505694138404,0.4028084386759444,0.0005388693236212938,0.46777857531267,0.46831744463629127,0.16225463826855208
APP,corrected_gnn,7753,equal_study,1839,0.1631539724670982,0.3294223997440981,-0.005542733373560704,-0.010259046693111775,0.02613505694138404,0.4028084386759444,0.0005388693236212938,0.46777857531267,0.46831744463629127,0.16225463826855208
APP,corrected_gnn,7753,equal_sequence,1839,0.14992726394453945,0.3310707564184683,-0.015280514043540805,-0.08089939124985095,0.02504950778482665,0.384279557795168,-0.008457556147113687,0.4733985283847744,0.46494097223766073,0.14767077853924984
APP,corrected_gnn,8867,rows,1839,0.16739502901930203,0.33594154646688335,-0.03168100958840969,-0.03434488545223806,0.020535825308511054,0.4028084386759444,-0.06442413048347495,0.46777857531267,0.403354444829195,0.16225463826855208
APP,corrected_gnn,8867,equal_study,1839,0.16739502901930203,0.33594154646688335,-0.03168100958840969,-0.03434488545223806,0.020535825308511054,0.4028084386759444,-0.06442413048347495,0.46777857531267,0.403354444829195,0.16225463826855208
APP,corrected_gnn,8867,equal_sequence,1839,0.15143247594947581,0.3319012816996778,-0.025473539500749265,0.07811901177674742,0.021089338780774694,0.384279557795168,-0.06769875677394138,0.4733985283847744,0.40569977161083304,0.14767077853924984
APP,corrected_gnn,9973,rows,1839,0.16494530190017961,0.32780997390861155,-0.016582968969886425,-0.001632110748207806,0.01531367839010275,0.4028084386759444,0.04935604931943871,0.46777857531267,0.5171346246321087,0.16225463826855208
APP,corrected_gnn,9973,equal_study,1839,0.16494530190017961,0.32780997390861155,-0.016582968969886425,-0.001632110748207806,0.01531367839010275,0.4028084386759444,0.04935604931943871,0.46777857531267,0.5171346246321087,0.16225463826855208
APP,corrected_gnn,9973,equal_sequence,1839,0.15078289270509174,0.33034683832302886,-0.021074678393564028,-0.10318185585334844,0.015955207729825928,0.384279557795168,0.039903332014054105,0.4733985283847744,0.5133018603988285,0.14767077853924984
APP,corrected_gnn,11027,rows,1839,0.16825870649719593,0.330117734944036,-0.03700398517240755,-0.07103831956348766,0.023045984148299524,0.4028084386759444,0.06445181762035146,0.46777857531267,0.5322303929330214,0.16225463826855208
APP,corrected_gnn,11027,equal_study,1839,0.16825870649719593,0.330117734944036,-0.03700398517240755,-0.07103831956348766,0.023045984148299524,0.4028084386759444,0.06445181762035146,0.46777857531267,0.5322303929330214,0.16225463826855208
APP,corrected_gnn,11027,equal_sequence,1839,0.15246768669463576,0.33098244341446864,-0.032483800809047114,-0.06069406718923059,0.0226889414748747,0.384279557795168,0.05677807255171935,0.4733985283847744,0.5301766009364938,0.14767077853924984
APP,corrected_no_message,1103,rows,1839,0.1752852377016846,0.34314371644479547,-0.08030956508969078,-0.028579502360878403,0.01875550780980627,0.4028084386759444,-0.11066616971888199,0.46777857531267,0.357112405593788,0.16225463826855208
APP,corrected_no_message,1103,equal_study,1839,0.1752852377016846,0.34314371644479547,-0.08030956508969078,-0.028579502360878403,0.01875550780980627,0.4028084386759444,-0.11066616971888199,0.46777857531267,0.357112405593788,0.16225463826855208
APP,corrected_no_message,1103,equal_sequence,1839,0.16383941610895605,0.34313190252233994,-0.1094911107644001,-0.1303690114185623,0.017896914530195023,0.384279557795168,-0.11855434848101648,0.4733985283847744,0.35484417990375794,0.14767077853924984
APP,corrected_no_message,2207,rows,1839,0.16095562916208284,0.32590437246916937,0.008005990585731149,0.10925986989815888,0.021060974288364852,0.4028084386759444,0.01054736028757336,0.46777857531267,0.47832593560024333,0.16225463826855208
APP,corrected_no_message,2207,equal_study,1839,0.16095562916208284,0.32590437246916937,0.008005990585731149,0.10925986989815888,0.021060974288364852,0.4028084386759444,0.01054736028757336,0.46777857531267,0.47832593560024333,0.16225463826855208
APP,corrected_no_message,2207,equal_sequence,1839,0.14805594618637818,0.32837773408773,-0.0026082861547720437,0.003235799392350809,0.020607152141002578,0.384279557795168,0.0034294195869628563,0.4733985283847744,0.4768279479717373,0.14767077853924984
APP,corrected_no_message,3301,rows,1839,0.16200674113521926,0.3281716392806718,0.001527827715608998,0.04137101834451623,0.01606562323745199,0.4028084386759444,0.0054270466954113306,0.46777857531267,0.4732056220080813,0.16225463826855208
APP,corrected_no_message,3301,equal_study,1839,0.16200674113521926,0.3281716392806718,0.001527827715608998,0.04137101834451623,0.01606562323745199,0.4028084386759444,0.0054270466954113306,0.46777857531267,0.4732056220080813,0.16225463826855208
APP,corrected_no_message,3301,equal_sequence,1839,0.1487526322685122,0.3295728600387826,-0.007326119222530014,-0.0650862436567055,0.016273743778225092,0.384279557795168,-0.0017215098932497064,0.4733985283847744,0.4716770184915247,0.14767077853924984
APP,corrected_no_message,4409,rows,1839,0.16430820977550525,0.32764019773396685,-0.0126564733610528,0.02559350274018881,0.017622556225641045,0.4028084386759444,0.04589519269389897,0.46777857531267,0.5136737680065689,0.16225463826855208
APP,corrected_no_message,4409,equal_study,1839,0.16430820977550525,0.32764019773396685,-0.0126564733610528,0.02559350274018881,0.017622556225641045,0.4028084386759444,0.04589519269389897,0.46777857531267,0.5136737680065689,0.16225463826855208
APP,corrected_no_message,4409,equal_sequence,1839,0.14991477642791706,0.32862881204237204,-0.015195950822936677,-0.02684617199914196,0.016770993820419695,0.384279557795168,0.04020818220432226,0.4733985283847744,0.5136067105890967,0.14767077853924984
APP,corrected_no_message,5519,rows,1839,0.16642499485979892,0.3348870691821651,-0.02570254160835983,-0.0954823493474963,0.02034635742156304,0.4028084386759444,-0.046811279797981886,0.46777857531267,0.4209672955146881,0.16225463826855208
APP,corrected_no_message,5519,equal_study,1839,0.16642499485979892,0.3348870691821651,-0.02570254160835983,-0.0954823493474963,0.02034635742156304,0.4028084386759444,-0.046811279797981886,0.46777857531267,0.4209672955146881,0.16225463826855208
APP,corrected_no_message,5519,equal_sequence,1839,0.15364519542233157,0.3351382307961293,-0.04045767850742221,-0.1494960032668697,0.021342309333212073,0.384279557795168,-0.05537838683504098,0.4733985283847744,0.41802014154973344,0.14767077853924984
APP,corrected_no_message,6637,rows,1839,0.16672330731284513,0.3344272499841344,-0.027541086603002585,0.08216763553097338,0.024000897197585414,0.4028084386759444,-0.0740363463678978,0.46777857531267,0.3937422289447722,0.16225463826855208
APP,corrected_no_message,6637,equal_study,1839,0.16672330731284513,0.3344272499841344,-0.027541086603002585,0.08216763553097338,0.024000897197585414,0.4028084386759444,-0.0740363463678978,0.46777857531267,0.3937422289447722,0.16225463826855208
APP,corrected_no_message,6637,equal_sequence,1839,0.15657662757293328,0.33684272726768283,-0.060308810732763396,-0.06434588602907526,0.023747007820580958,0.384279557795168,-0.08466140335159733,0.4733985283847744,0.3887371250331771,0.14767077853924984
APP,corrected_no_message,7753,rows,1839,0.1630810737107023,0.32916172662556603,-0.005093447256542261,-0.00227781066741549,0.027380845812813234,0.4028084386759444,0.005145843276749329,0.46777857531267,0.4729244185894193,0.16225463826855208
APP,corrected_no_message,7753,equal_study,1839,0.1630810737107023,0.32916172662556603,-0.005093447256542261,-0.00227781066741549,0.027380845812813234,0.4028084386759444,0.005145843276749329,0.46777857531267,0.4729244185894193,0.16225463826855208
APP,corrected_no_message,7753,equal_sequence,1839,0.150155406693343,0.3314911315677041,-0.016825455778529452,-0.0863586697983783,0.02642711699474,0.384279557795168,-0.005676427318702937,0.4733985283847744,0.4677221010660715,0.14767077853924984
APP,corrected_no_message,8867,rows,1839,0.16585241652896449,0.33420062193294914,-0.0221736543177129,-0.024415895522455232,0.019293781671599345,0.4028084386759444,-0.053348123799620395,0.46777857531267,0.4144304515130496,0.16225463826855208
APP,corrected_no_message,8867,equal_study,1839,0.16585241652896449,0.33420062193294914,-0.0221736543177129,-0.024415895522455232,0.019293781671599345,0.4028084386759444,-0.053348123799620395,0.46777857531267,0.4144304515130496,0.16225463826855208
APP,corrected_no_message,8867,equal_sequence,1839,0.15009633236276637,0.33081498964636313,-0.01642541501785222,0.08078657738186557,0.019558076940498437,0.384279557795168,-0.057073478807962985,0.4733985283847744,0.41632504957681143,0.14767077853924984
APP,corrected_no_message,9973,rows,1839,0.18178428326441057,0.34865456604693107,-0.12036417081362227,0.0212301521480588,0.0242264755508861,0.4028084386759444,-0.13912971367120358,0.46777857531267,0.3286488616414664,0.16225463826855208
APP,corrected_no_message,9973,equal_study,1839,0.18178428326441057,0.34865456604693107,-0.12036417081362227,0.0212301521480588,0.0242264755508861,0.4028084386759444,-0.13912971367120358,0.46777857531267,0.3286488616414664,0.16225463826855208
APP,corrected_no_message,9973,equal_sequence,1839,0.17536629575054685,0.3530253964469795,-0.18754907020372857,-0.20089126174059663,0.024009876622844113,0.384279557795168,-0.15300978617693478,0.4733985283847744,0.32038874220783964,0.14767077853924984
APP,corrected_no_message,11027,rows,1839,0.16920652490281615,0.33037118486950995,-0.042845534084257286,-0.071213913028181,0.023266785834406844,0.4028084386759444,0.07124395771488146,0.46777857531267,0.5390225330275514,0.16225463826855208
APP,corrected_no_message,11027,equal_study,1839,0.16920652490281615,0.33037118486950995,-0.042845534084257286,-0.071213913028181,0.023266785834406844,0.4028084386759444,0.07124395771488146,0.46777857531267,0.5390225330275514,0.16225463826855208
APP,corrected_no_message,11027,equal_sequence,1839,0.15333512438801136,0.33146948532213905,-0.03835793313201763,-0.06697506030976146,0.023271282986775464,0.384279557795168,0.06264918511210821,0.4733985283847744,0.5360477134968826,0.14767077853924984
APP,guide_ridge,0,rows,1839,0.2949365514874323,0.4084105865153364,-0.8177388001646817,-0.01412404917249994,0.14204823501966765,0.4028084386759444,0.3329983573858082,0.46777857531267,0.8007769326984782,0.16225463826855208
APP,guide_ridge,0,equal_study,1839,0.2949365514874323,0.4084105865153364,-0.8177388001646817,-0.01412404917249994,0.14204823501966765,0.4028084386759444,0.3329983573858082,0.46777857531267,0.8007769326984782,0.16225463826855208
APP,guide_ridge,0,equal_sequence,1839,0.26937449280224357,0.40497905788204847,-0.8241557027522932,-0.07046229484850086,0.14227235753979586,0.384279557795168,0.3061986460350366,0.4733985283847744,0.779597174419811,0.14767077853924984
APP,original_gnn,1103,rows,1839,0.16950762185968796,0.3379445312383836,-0.04470124039924994,-0.04871809145047956,0.019600696471625982,0.4028084386759444,-0.07809933332844615,0.46777857531267,0.3896792419842238,0.16225463826855208
APP,original_gnn,1103,equal_study,1839,0.16950762185968796,0.3379445312383836,-0.04470124039924994,-0.04871809145047956,0.019600696471625982,0.4028084386759444,-0.07809933332844615,0.46777857531267,0.3896792419842238,0.16225463826855208
APP,original_gnn,1103,equal_sequence,1839,0.157901872892648,0.338779060671786,-0.06928313410820697,-0.15701842113920433,0.018677694347542812,0.384279557795168,-0.08733986735921867,0.4733985283847744,0.38605866102555575,0.14767077853924984
APP,original_gnn,2207,rows,1839,0.16162039017468688,0.3268745641243723,0.0039089674146352005,0.06989820354119915,0.01954665663787434,0.4028084386759444,0.009185601425637457,0.46777857531267,0.47696417673830743,0.16225463826855208
APP,original_gnn,2207,equal_study,1839,0.16162039017468688,0.3268745641243723,0.0039089674146352005,0.06989820354119915,0.01954665663787434,0.4028084386759444,0.009185601425637457,0.46777857531267,0.47696417673830743,0.16225463826855208
APP,original_gnn,2207,equal_sequence,1839,0.14878027459000087,0.32932711954049143,-0.00751330806085071,-0.0447544806344259,0.020288073381350743,0.384279557795168,0.00022834713712532873,0.4733985283847744,0.47362687552189975,0.14767077853924984
APP,original_gnn,3301,rows,1839,0.16281315648679628,0.3282013702243485,-0.0034422326794738556,0.016757272906960736,0.017194954922654722,0.4028084386759444,0.022248205217581196,0.46777857531267,0.49002678053025117,0.16225463826855208
APP,original_gnn,3301,equal_study,1839,0.16281315648679628,0.3282013702243485,-0.0034422326794738556,0.016757272906960736,0.017194954922654722,0.4028084386759444,0.022248205217581196,0.46777857531267,0.49002678053025117,0.16225463826855208
APP,original_gnn,3301,equal_sequence,1839,0.14933568300671454,0.3300521210819877,-0.011274434142853673,-0.08818561685474921,0.017277116459752537,0.384279557795168,0.013979781584283757,0.4733985283847744,0.4873783099690582,0.14767077853924984
APP,original_gnn,4409,rows,1839,0.1642972827875418,0.3274970551327431,-0.012589128673220928,0.035180171113333894,0.017150633984241482,0.4028084386759444,0.0472713346038971,0.46777857531267,0.5150499099165671,0.16225463826855208
APP,original_gnn,4409,equal_study,1839,0.1642972827875418,0.3274970551327431,-0.012589128673220928,0.035180171113333894,0.017150633984241482,0.4028084386759444,0.0472713346038971,0.46777857531267,0.5150499099165671,0.16225463826855208
APP,original_gnn,4409,equal_sequence,1839,0.14948636785541386,0.3281398709409871,-0.01229484488484256,0.014548635603251087,0.016362091845447943,0.384279557795168,0.041603170262465794,0.4733985283847744,0.5150016986472402,0.14767077853924984
APP,original_gnn,5519,rows,1839,0.16609425886080803,0.3343963439747456,-0.023664165371352297,-0.08749098472190175,0.01928047761361556,0.4028084386759444,-0.04592291875391191,0.46777857531267,0.42185565655875806,0.16225463826855208
APP,original_gnn,5519,equal_study,1839,0.16609425886080803,0.3343963439747456,-0.023664165371352297,-0.08749098472190175,0.01928047761361556,0.4028084386759444,-0.04592291875391191,0.46777857531267,0.42185565655875806,0.16225463826855208
APP,original_gnn,5519,equal_sequence,1839,0.1529959833378741,0.33438938184135975,-0.036061330828623284,-0.13184478372665664,0.01987233063484283,0.384279557795168,-0.05400575773166494,0.4733985283847744,0.4193927706531095,0.14767077853924984
APP,original_gnn,6637,rows,1839,0.16699091371493988,0.3350790555782069,-0.02919038553800024,0.026788797067037042,0.020273572934075747,0.4028084386759444,-0.06901298387912802,0.46777857531267,0.39876559143354195,0.16225463826855208
APP,original_gnn,6637,equal_study,1839,0.16699091371493988,0.3350790555782069,-0.02919038553800024,0.026788797067037042,0.020273572934075747,0.4028084386759444,-0.06901298387912802,0.46777857531267,0.39876559143354195,0.16225463826855208
APP,original_gnn,6637,equal_sequence,1839,0.1563383651203288,0.33696590091632495,-0.058695340180489275,-0.12946203010158844,0.020227608646634726,0.384279557795168,-0.07903036807961739,0.4733985283847744,0.39436816030515703,0.14767077853924984
APP,original_gnn,7753,rows,1839,0.16314256452700046,0.3293408447204432,-0.005472424504615825,-0.006429823554920115,0.02720314084260407,0.4028084386759444,0.0026464720444940304,0.46777857531267,0.470425047357164,0.16225463826855208
APP,original_gnn,7753,equal_study,1839,0.16314256452700046,0.3293408447204432,-0.005472424504615825,-0.006429823554920115,0.02720314084260407,0.4028084386759444,0.0026464720444940304,0.46777857531267,0.470425047357164,0.16225463826855208
APP,original_gnn,7753,equal_sequence,1839,0.14992098195906328,0.33105128995076677,-0.015237973565740637,-0.07872164695461492,0.02565024795711875,0.384279557795168,-0.006353798704291369,0.4733985283847744,0.46704472968048305,0.14767077853924984
APP,original_gnn,8867,rows,1839,0.16628364624666203,0.3347480947050858,-0.02483138861917422,-0.02085015223310774,0.021907948818746498,0.4028084386759444,-0.05640085816891571,0.46777857531267,0.41137771714375426,0.16225463826855208
APP,original_gnn,8867,equal_study,1839,0.16628364624666203,0.3347480947050858,-0.02483138861917422,-0.02085015223310774,0.021907948818746498,0.4028084386759444,-0.05640085816891571,0.46777857531267,0.41137771714375426,0.16225463826855208
APP,original_gnn,8867,equal_sequence,1839,0.15046664590576386,0.3312869934511063,-0.01893311184630142,0.07655090717938083,0.0221337843140582,0.384279557795168,-0.06006812596130379,0.4733985283847744,0.41333040242347063,0.14767077853924984
APP,original_gnn,9973,rows,1839,0.16496315632586275,0.3276434670546576,-0.016693008509425455,0.01382940248476097,0.015726239090937122,0.4028084386759444,0.051346008968949475,0.46777857531267,0.5191245842816195,0.16225463826855208
APP,original_gnn,9973,equal_study,1839,0.16496315632586275,0.3276434670546576,-0.016693008509425455,0.01382940248476097,0.015726239090937122,0.4028084386759444,0.051346008968949475,0.46777857531267,0.5191245842816195,0.16225463826855208
APP,original_gnn,9973,equal_sequence,1839,0.15091296264168494,0.33038080194322245,-0.02195548865189556,-0.10135904648711094,0.015703770407184174,0.384279557795168,0.04209804509555898,0.4733985283847744,0.5154965734803334,0.14767077853924984
APP,original_gnn,11027,rows,1839,0.16884242309794995,0.33031035071829845,-0.04060151931369904,-0.06492827799913953,0.02503184215686001,0.4028084386759444,0.06820442225776213,0.46777857531267,0.5359829975704321,0.16225463826855208
APP,original_gnn,11027,equal_study,1839,0.16884242309794995,0.33031035071829845,-0.04060151931369904,-0.06492827799913953,0.02503184215686001,0.4028084386759444,0.06820442225776213,0.46777857531267,0.5359829975704321,0.16225463826855208
APP,original_gnn,11027,equal_sequence,1839,0.1528666634128467,0.3311969782676773,-0.03518559951396072,-0.05475438949922421,0.024519526551601584,0.384279557795168,0.05968959154330039,0.4733985283847744,0.5330881199280748,0.14767077853924984
APP,original_no_message,1103,rows,1839,0.17093577112642236,0.33916378488063553,-0.053503141423309586,-0.027999510370358166,0.0194726830390862,0.4028084386759444,-0.08867189258893837,0.46777857531267,0.3791066827237316,0.16225463826855208
APP,original_no_message,1103,equal_study,1839,0.17093577112642236,0.33916378488063553,-0.053503141423309586,-0.027999510370358166,0.0194726830390862,0.4028084386759444,-0.08867189258893837,0.46777857531267,0.3791066827237316,0.16225463826855208
APP,original_no_message,1103,equal_sequence,1839,0.15990188162881053,0.34019090238370636,-0.0828268341952958,-0.15677341621017685,0.019061474863650774,0.384279557795168,-0.09783175894058183,0.4733985283847744,0.3755667694441926,0.14767077853924984
APP,original_no_message,2207,rows,1839,0.1609859873238245,0.3260755509482576,0.007818888620168774,0.10435277862727628,0.021375342654699123,0.4028084386759444,0.008451850438364328,0.46777857531267,0.4762304257510343,0.16225463826855208
APP,original_no_message,2207,equal_study,1839,0.1609859873238245,0.3260755509482576,0.007818888620168774,0.10435277862727628,0.021375342654699123,0.4028084386759444,0.008451850438364328,0.46777857531267,0.4762304257510343,0.16225463826855208
APP,original_no_message,2207,equal_sequence,1839,0.14839340838229598,0.32889862260778935,-0.004893519558807347,-0.016949377621486822,0.021134518320797338,0.384279557795168,0.0008069015110402367,0.4733985283847744,0.47420542989581466,0.14767077853924984
APP,original_no_message,3301,rows,1839,0.16220226151879502,0.32749197067688046,0.00032280587055000254,0.056762894905233736,0.015729256134445334,0.4028084386759444,0.02048167972097953,0.46777857531267,0.4882602550336495,0.16225463826855208
APP,original_no_message,3301,equal_study,1839,0.16220226151879502,0.32749197067688046,0.00032280587055000254,0.056762894905233736,0.015729256134445334,0.4028084386759444,0.02048167972097953,0.46777857531267,0.4882602550336495,0.16225463826855208
APP,original_no_message,3301,equal_sequence,1839,0.14869113112172846,0.32911230498229255,-0.006909644498199974,-0.04657127861096267,0.01620870990260546,0.384279557795168,0.013321993348564876,0.4733985283847744,0.4867205217333393,0.14767077853924984
APP,original_no_message,4409,rows,1839,0.16400108131200875,0.32750427016833344,-0.010763593953881712,0.0300133371749066,0.016942963306993575,0.4028084386759444,0.043232478530306984,0.46777857531267,0.511011053842977,0.16225463826855208
APP,original_no_message,4409,equal_study,1839,0.16400108131200875,0.32750427016833344,-0.010763593953881712,0.0300133371749066,0.016942963306993575,0.4028084386759444,0.043232478530306984,0.46777857531267,0.511011053842977,0.16225463826855208
APP,original_no_message,4409,equal_sequence,1839,0.14959755171072645,0.328491160705452,-0.0130477619914795,-0.023031408967918453,0.01594940115714353,0.384279557795168,0.03728363495385739,0.4733985283847744,0.5106821633386318,0.14767077853924984
APP,original_no_message,5519,rows,1839,0.16702047841357048,0.33559239389213147,-0.029372597269794687,-0.10614921475840916,0.02132926472066921,0.4028084386759444,-0.049869006048174735,0.46777857531267,0.41790956926449524,0.16225463826855208
APP,original_no_message,5519,equal_study,1839,0.16702047841357048,0.33559239389213147,-0.029372597269794687,-0.10614921475840916,0.02132926472066921,0.4028084386759444,-0.049869006048174735,0.46777857531267,0.41790956926449524,0.16225463826855208
APP,original_no_message,5519,equal_sequence,1839,0.1542792069947188,0.3357891881023231,-0.044751091047525726,-0.15986726673086127,0.022017803841373456,0.384279557795168,-0.0584668578264414,0.4733985283847744,0.414931670558333,0.14767077853924984
APP,original_no_message,6637,rows,1839,0.16891967960104814,0.3367775855485222,-0.0410776628860654,0.056804033597234314,0.02261595351686168,0.4028084386759444,-0.0847851270037544,0.46777857531267,0.3829934483089156,0.16225463826855208
APP,original_no_message,6637,equal_study,1839,0.16891967960104814,0.3367775855485222,-0.0410776628860654,0.056804033597234314,0.02261595351686168,0.4028084386759444,-0.0847851270037544,0.46777857531267,0.3829934483089156,0.16225463826855208
APP,original_no_message,6637,equal_sequence,1839,0.15887012878080692,0.33877356380675555,-0.07583998914572243,-0.09366630010841755,0.02214931046548689,0.384279557795168,-0.0954686951803243,0.4733985283847744,0.3779298332044501,0.14767077853924984
APP,original_no_message,7753,rows,1839,0.16359497887639074,0.3293395329710838,-0.008260722911478391,-0.016667369674698607,0.02835357494861312,0.4028084386759444,0.012477874902462827,0.46777857531267,0.4802564502151328,0.16225463826855208
APP,original_no_message,7753,equal_study,1839,0.16359497887639074,0.3293395329710838,-0.008260722911478391,-0.016667369674698607,0.02835357494861312,0.4028084386759444,0.012477874902462827,0.46777857531267,0.4802564502151328,0.16225463826855208
APP,original_no_message,7753,equal_sequence,1839,0.15077193306741996,0.3318999055976032,-0.02100046169490355,-0.11145687366546624,0.027414071881786697,0.384279557795168,0.0011406136643360432,0.4733985283847744,0.47453914204911046,0.14767077853924984
APP,original_no_message,8867,rows,1839,0.16494560280748743,0.33315141744870336,-0.016584823507365343,-0.012562895740426534,0.01940831978223253,0.4028084386759444,-0.04602013005637301,0.46777857531267,0.42175844525629697,0.16225463826855208
APP,original_no_message,8867,equal_study,1839,0.16494560280748743,0.33315141744870336,-0.016584823507365343,-0.012562895740426534,0.01940831978223253,0.4028084386759444,-0.04602013005637301,0.46777857531267,0.42175844525629697,0.16225463826855208
APP,original_no_message,8867,equal_sequence,1839,0.1494119055382533,0.3303315112919327,-0.011790599441721339,0.07602464673305086,0.019948000106922152,0.384279557795168,-0.05008747020439508,0.4733985283847744,0.42331105818037934,0.14767077853924984
APP,original_no_message,9973,rows,1839,0.17865762454274142,0.3460013177882335,-0.10109409782813317,0.010401248311966755,0.02479141582216382,0.4028084386759444,-0.1264757276740655,0.46777857531267,0.34130284763860447,0.16225463826855208
APP,original_no_message,9973,equal_study,1839,0.17865762454274142,0.3460013177882335,-0.10109409782813317,0.010401248311966755,0.02479141582216382,0.4028084386759444,-0.1264757276740655,0.46777857531267,0.34130284763860447,0.16225463826855208
APP,original_no_message,9973,equal_sequence,1839,0.17228192206313217,0.3506821404128467,-0.16666224534965024,-0.2209317653240219,0.024510082627232338,0.384279557795168,-0.14088509097571705,0.4733985283847744,0.33251343740905737,0.14767077853924984
APP,original_no_message,11027,rows,1839,0.16928814942010637,0.3306260852391335,-0.04334859839207139,-0.07000137746293056,0.025043083482380647,0.4028084386759444,0.0706687213748095,0.46777857531267,0.5384472966874795,0.16225463826855208
APP,original_no_message,11027,equal_study,1839,0.16928814942010637,0.3306260852391335,-0.04334859839207139,-0.07000137746293056,0.025043083482380647,0.4028084386759444,0.0706687213748095,0.46777857531267,0.5384472966874795,0.16225463826855208
APP,original_no_message,11027,equal_sequence,1839,0.15335829360509656,0.3316946835891031,-0.03851483091040264,-0.07124834508804292,0.02449368709844648,0.384279557795168,0.061207313279879216,0.4733985283847744,0.5346058416646536,0.14767077853924984
APP,pairwise_ridge,0,rows,1839,0.20643004518386343,0.3447131642576013,-0.2722597479290265,0.028829477150853065,0.061910868576782276,0.4028084386759444,0.20440245344054142,0.46777857531267,0.6721810287532114,0.16225463826855208
APP,pairwise_ridge,0,equal_study,1839,0.20643004518386343,0.3447131642576013,-0.2722597479290265,0.028829477150853065,0.061910868576782276,0.4028084386759444,0.20440245344054142,0.46777857531267,0.6721810287532114,0.16225463826855208
APP,pairwise_ridge,0,equal_sequence,1839,0.19301911214559414,0.34736907899813385,-0.30709077350933733,0.03153346483760325,0.061186340416779485,0.384279557795168,0.20757513487230522,0.4733985283847744,0.6809736632570796,0.14767077853924984
APP,token_cnn,1103,rows,1839,0.16591780241547882,0.33440916062625237,-0.022576637475618666,-0.040279403826239124,0.004146338674479745,0.4028084386759444,-0.05925727209741505,0.46777857531267,0.4085213032152549,0.16225463826855208
APP,token_cnn,1103,equal_study,1839,0.16591780241547882,0.33440916062625237,-0.022576637475618666,-0.040279403826239124,0.004146338674479745,0.4028084386759444,-0.05925727209741505,0.46777857531267,0.4085213032152549,0.16225463826855208
APP,token_cnn,1103,equal_sequence,1839,0.1526355272124602,0.33380422381523556,-0.03362038666228595,-0.16177928894930838,0.004344546824927728,0.384279557795168,-0.06637534102934767,0.4733985283847744,0.40702318735542675,0.14767077853924984
APP,token_cnn,2207,rows,1839,0.17957163380371352,0.34717062075836885,-0.10672727584218333,-0.0817375013478098,0.004195152756738232,0.4028084386759444,-0.13047279084412045,0.46777857531267,0.33730578446854953,0.16225463826855208
APP,token_cnn,2207,equal_study,1839,0.17957163380371352,0.34717062075836885,-0.10672727584218333,-0.0817375013478098,0.004195152756738232,0.4028084386759444,-0.13047279084412045,0.46777857531267,0.33730578446854953,0.16225463826855208
APP,token_cnn,2207,equal_sequence,1839,0.16741349516453866,0.34563138090144724,-0.13369413245181305,-0.22503881585918936,0.00444028938596379,0.384279557795168,-0.13767725808105113,0.4733985283847744,0.3357212703037233,0.14767077853924984
APP,token_cnn,3301,rows,1839,0.16517525473804973,0.33348150033961166,-0.01800020326484386,0.04547618895969874,0.007778975182342562,0.4028084386759444,-0.05608116927248036,0.46777857531267,0.4116974060401896,0.16225463826855208
APP,token_cnn,3301,equal_study,1839,0.16517525473804973,0.33348150033961166,-0.01800020326484386,0.04547618895969874,0.007778975182342562,0.4028084386759444,-0.05608116927248036,0.46777857531267,0.4116974060401896,0.16225463826855208
APP,token_cnn,3301,equal_sequence,1839,0.15259787266426666,0.3338158253669741,-0.033365396822278015,-0.12156566788807381,0.00798731772694651,0.384279557795168,-0.0641641533321537,0.4733985283847744,0.4092343750526207,0.14767077853924984
APP,token_cnn,4409,rows,1839,0.16986476877292453,0.33823109984177485,-0.04690239111548067,0.047451889960894035,0.004516826594322012,0.4028084386759444,-0.0881044733542733,0.46777857531267,0.3796741019583967,0.16225463826855208
APP,token_cnn,4409,equal_study,1839,0.16986476877292453,0.33823109984177485,-0.04690239111548067,0.047451889960894035,0.004516826594322012,0.4028084386759444,-0.0881044733542733,0.46777857531267,0.3796741019583967,0.16225463826855208
APP,token_cnn,4409,equal_sequence,1839,0.15702888544398552,0.3371875428447905,-0.06337141983881645,-0.0727181256653758,0.004500912009778401,0.384279557795168,-0.09532209042337086,0.4733985283847744,0.37807643796140356,0.14767077853924984
APP,token_cnn,5519,rows,1839,0.1661302668318688,0.32784558090377985,-0.023886087970576675,0.11762247337066557,0.0032922308573682625,0.4028084386759444,0.06462783556528984,0.46777857531267,0.5324064108779598,0.16225463826855208
APP,token_cnn,5519,equal_study,1839,0.1661302668318688,0.32784558090377985,-0.023886087970576675,0.11762247337066557,0.0032922308573682625,0.4028084386759444,0.06462783556528984,0.46777857531267,0.5324064108779598,0.16225463826855208
APP,token_cnn,5519,equal_sequence,1839,0.1509498605002364,0.32924326523045905,-0.022205354325500526,0.07956353860308112,0.003202291772069795,0.384279557795168,0.0588612362575755,0.4733985283847744,0.5322597646423499,0.14767077853924984
APP,token_cnn,6637,rows,1839,0.17186570653414268,0.3399533832774078,-0.0592344747007052,0.10087175670184945,0.006457893840006594,0.4028084386759444,-0.10046968742311502,0.46777857531267,0.36730888788955496,0.16225463826855208
APP,token_cnn,6637,equal_study,1839,0.17186570653414268,0.3399533832774078,-0.0592344747007052,0.10087175670184945,0.006457893840006594,0.4028084386759444,-0.10046968742311502,0.46777857531267,0.36730888788955496,0.16225463826855208
APP,token_cnn,6637,equal_sequence,1839,0.15897383412666122,0.3384249224969587,-0.07654226312897183,0.023279835565522877,0.0063182282605468085,0.384279557795168,-0.1066591809258236,0.4733985283847744,0.3667393474589508,0.14767077853924984
APP,token_cnn,7753,rows,1839,0.16227796876408707,0.3293082255134251,-0.00014378939045411876,0.017958220863423312,0.005398685456649343,0.4028084386759444,-0.008502345569915692,0.46777857531267,0.4592762297427543,0.16225463826855208
APP,token_cnn,7753,equal_study,1839,0.16227796876408707,0.3293082255134251,-0.00014378939045411876,0.017958220863423312,0.005398685456649343,0.4028084386759444,-0.008502345569915692,0.46777857531267,0.4592762297427543,0.16225463826855208
APP,token_cnn,7753,equal_sequence,1839,0.14782907364723313,0.3288198105741629,-0.0010719460515420387,0.021297228041163747,0.005451294742233301,0.384279557795168,-0.014758260749985486,0.4733985283847744,0.45864026763478893,0.14767077853924984
APP,token_cnn,8867,rows,1839,0.1684049736639622,0.33687264032770975,-0.03790545195528128,0.017139851793468462,0.0062310126358519555,0.4028084386759444,-0.07872451116549972,0.46777857531267,0.38905406414717025,0.16225463826855208
APP,token_cnn,8867,equal_study,1839,0.1684049736639622,0.33687264032770975,-0.03790545195528128,0.017139851793468462,0.0062310126358519555,0.4028084386759444,-0.07872451116549972,0.46777857531267,0.38905406414717025,0.16225463826855208
APP,token_cnn,8867,equal_sequence,1839,0.15480594273473214,0.33533756833505896,-0.04831805091070085,0.01169345129387329,0.006062603111275417,0.384279557795168,-0.08457478531727947,0.4733985283847744,0.38882374306749495,0.14767077853924984
APP,token_cnn,9973,rows,1839,0.16704130908635684,0.33557084960818223,-0.029500979872650657,0.10995560406740165,0.011368106959424244,0.4028084386759444,-0.07526252480668189,0.46777857531267,0.3925160505059881,0.16225463826855208
APP,token_cnn,9973,equal_study,1839,0.16704130908635684,0.33557084960818223,-0.029500979872650657,0.10995560406740165,0.011368106959424244,0.4028084386759444,-0.07526252480668189,0.46777857531267,0.3925160505059881,0.16225463826855208
APP,token_cnn,9973,equal_sequence,1839,0.1545948493735867,0.3353812963391748,-0.046888564567948654,0.007859873266195768,0.010203506628630031,0.384279557795168,-0.08295538799553176,0.4733985283847744,0.39044314038924266,0.14767077853924984
APP,token_cnn,11027,rows,1839,0.16445772457646077,0.32761815117353194,-0.013577955807108077,0.0710435423007581,0.004823334805097277,0.4028084386759444,0.049556835036202784,0.46777857531267,0.5173354103488728,0.16225463826855208
APP,token_cnn,11027,equal_study,1839,0.16445772457646077,0.32761815117353194,-0.013577955807108077,0.0710435423007581,0.004823334805097277,0.4028084386759444,0.049556835036202784,0.46777857531267,0.5173354103488728,0.16225463826855208
APP,token_cnn,11027,equal_sequence,1839,0.14920058894605662,0.32850440997860125,-0.010359601418368447,0.12363088605032008,0.004821127415614215,0.384279557795168,0.04432447752470309,0.4733985283847744,0.5177230059094775,0.14767077853924984
Davis_S7,chemistry_tree,1103,rows,118,0.09369779920243135,0.2418126738148576,-0.04143012215504305,-0.02868999434319965,0.009493714089434068,0.2999505258202677,-0.05894024808457643,0.3423905333478167,0.2834502852632403,0.08997031793985509
Davis_S7,chemistry_tree,1103,equal_study,118,0.09369779920243135,0.2418126738148576,-0.04143012215504305,-0.02868999434319965,0.009493714089434068,0.2999505258202677,-0.05894024808457643,0.3423905333478167,0.2834502852632403,0.08997031793985509
Davis_S7,chemistry_tree,1103,equal_sequence,118,0.08028194982095462,0.22657966308829228,-0.10557546573060206,0.0027854495090182535,0.009259569983570798,0.2694726911695224,-0.08714688412491356,0.37095130146395733,0.28380441733904377,0.07261553128614477
Davis_S7,chemistry_tree,2207,rows,118,0.09138593728826722,0.23643101886759962,-0.015734293051609116,-0.0024051750056064015,0.012652747915714233,0.2999505258202677,-0.03517486440590406,0.3423905333478167,0.30721566894191266,0.08997031793985509
Davis_S7,chemistry_tree,2207,equal_study,118,0.09138593728826722,0.23643101886759962,-0.015734293051609116,-0.0024051750056064015,0.012652747915714233,0.2999505258202677,-0.03517486440590406,0.3423905333478167,0.30721566894191266,0.08997031793985509
Davis_S7,chemistry_tree,2207,equal_sequence,118,0.07651004994854836,0.2210099177889547,-0.05363203426904728,0.038385467934653396,0.012472654657756491,0.2694726911695224,-0.06322168710506254,0.37095130146395733,0.3077296143588948,0.07261553128614477
Davis_S7,chemistry_tree,3301,rows,118,0.0924295271193946,0.23887128437215582,-0.027333561066033907,0.06548724489642509,0.00971103461290642,0.2999505258202677,-0.052406215292861213,0.3423905333478167,0.2899843180549555,0.08997031793985509
Davis_S7,chemistry_tree,3301,equal_study,118,0.0924295271193946,0.23887128437215582,-0.027333561066033907,0.06548724489642509,0.00971103461290642,0.2999505258202677,-0.052406215292861213,0.3423905333478167,0.2899843180549555,0.08997031793985509
Davis_S7,chemistry_tree,3301,equal_sequence,118,0.07891792792887127,0.2239518669039448,-0.08679130388637679,0.044391026531673414,0.009651252112649849,0.2694726911695224,-0.08025054392618697,0.37095130146395733,0.29070075753777036,0.07261553128614477
Davis_S7,chemistry_tree,4409,rows,118,0.09242579156289826,0.23893216889617097,-0.02729204118945816,0.003730065577698666,0.009991455830033441,0.2999505258202677,-0.048764762042197374,0.3423905333478167,0.29362577130561934,0.08997031793985509
Davis_S7,chemistry_tree,4409,equal_study,118,0.09242579156289826,0.23893216889617097,-0.02729204118945816,0.003730065577698666,0.009991455830033441,0.2999505258202677,-0.048764762042197374,0.3423905333478167,0.29362577130561934,0.08997031793985509
Davis_S7,chemistry_tree,4409,equal_sequence,118,0.07880311511623604,0.22403573182404585,-0.08521019843136335,-0.04337729158153181,0.009600123861561357,0.2694726911695224,-0.07662238473667826,0.37095130146395733,0.29432891672727907,0.07261553128614477
Davis_S7,chemistry_tree,5519,rows,118,0.0906383946513218,0.235390862521218,-0.0074255235144697895,0.04151186677053787,0.010577291149705405,0.2999505258202677,-0.02862872748566425,0.3423905333478167,0.31376180586215247,0.08997031793985509
Davis_S7,chemistry_tree,5519,equal_study,118,0.0906383946513218,0.235390862521218,-0.0074255235144697895,0.04151186677053787,0.010577291149705405,0.2999505258202677,-0.02862872748566425,0.3423905333478167,0.31376180586215247,0.08997031793985509
Davis_S7,chemistry_tree,5519,equal_sequence,118,0.07563319910535736,0.22064310295379932,-0.04155678221675929,0.055364582822617296,0.010167877250027421,0.2694726911695224,-0.05672456396511644,0.37095130146395733,0.3142267374988409,0.07261553128614477
Davis_S7,chemistry_tree,6637,rows,118,0.09245401285969516,0.23885600143160254,-0.027605714603569753,0.0962055221484663,0.01116522768799732,0.2999505258202677,-0.054803469418131245,0.3423905333478167,0.28758706392968547,0.08997031793985509
Davis_S7,chemistry_tree,6637,equal_study,118,0.09245401285969516,0.23885600143160254,-0.027605714603569753,0.0962055221484663,0.01116522768799732,0.2999505258202677,-0.054803469418131245,0.3423905333478167,0.28758706392968547,0.08997031793985509
Davis_S7,chemistry_tree,6637,equal_sequence,118,0.07892574742971174,0.22381570531215308,-0.08689898747282143,0.12018091196290404,0.011143804900319592,0.2694726911695224,-0.08311333562426065,0.37095130146395733,0.2878379658396967,0.07261553128614477
Davis_S7,chemistry_tree,7753,rows,118,0.0918720061108554,0.23756907806525548,-0.021136839510465855,-0.012178400039264682,0.012134175054192854,0.2999505258202677,-0.040814209364613,0.3423905333478167,0.3015763239832037,0.08997031793985509
Davis_S7,chemistry_tree,7753,equal_study,118,0.0918720061108554,0.23756907806525548,-0.021136839510465855,-0.012178400039264682,0.012134175054192854,0.2999505258202677,-0.040814209364613,0.3423905333478167,0.3015763239832037,0.08997031793985509
Davis_S7,chemistry_tree,7753,equal_sequence,118,0.0776758256566041,0.22238639708781235,-0.06968611646617306,-0.038675609128444866,0.011648423529878937,0.2694726911695224,-0.06842374136716495,0.37095130146395733,0.3025275600967924,0.07261553128614477
Davis_S7,chemistry_tree,8867,rows,118,0.09176374646282281,0.23797500732333457,-0.01993355768917726,-0.00033231855507674375,0.009622172610185015,0.2999505258202677,-0.04121800647445628,0.3423905333478167,0.30117252687336044,0.08997031793985509
Davis_S7,chemistry_tree,8867,equal_study,118,0.09176374646282281,0.23797500732333457,-0.01993355768917726,-0.00033231855507674375,0.009622172610185015,0.2999505258202677,-0.04121800647445628,0.3423905333478167,0.30117252687336044,0.08997031793985509
Davis_S7,chemistry_tree,8867,equal_sequence,118,0.0778278255063888,0.2235330079451492,-0.07177933050857588,-0.07454700464225927,0.009305039718530495,0.2694726911695224,-0.06893376583395738,0.37095130146395733,0.30201753562999994,0.07261553128614477
Davis_S7,chemistry_tree,9973,rows,118,0.09146801440126,0.23643509871319648,-0.01664656184060731,-0.04858338400710218,0.010359056966817874,0.2999505258202677,-0.032991959219748734,0.3423905333478167,0.309398574128068,0.08997031793985509
Davis_S7,chemistry_tree,9973,equal_study,118,0.09146801440126,0.23643509871319648,-0.01664656184060731,-0.04858338400710218,0.010359056966817874,0.2999505258202677,-0.032991959219748734,0.3423905333478167,0.309398574128068,0.08997031793985509
Davis_S7,chemistry_tree,9973,equal_sequence,118,0.07674154823627016,0.2218795718521128,-0.05682003391074342,-0.04457079222481452,0.01035497394375184,0.2694726911695224,-0.06140075186870125,0.37095130146395733,0.3095505495952561,0.07261553128614477
Davis_S7,chemistry_tree,11027,rows,118,0.09210580143944533,0.23797487807600812,-0.023735422398060146,0.02724376272134307,0.00975162272269106,0.2999505258202677,-0.04690165885689218,0.3423905333478167,0.29548887449092454,0.08997031793985509
Davis_S7,chemistry_tree,11027,equal_study,118,0.09210580143944533,0.23797487807600812,-0.023735422398060146,0.02724376272134307,0.00975162272269106,0.2999505258202677,-0.04690165885689218,0.3423905333478167,0.29548887449092454,0.08997031793985509
Davis_S7,chemistry_tree,11027,equal_sequence,118,0.07842770589104706,0.22305152109335016,-0.08004037844189482,-0.017852356187088084,0.009085046902044928,0.2694726911695224,-0.07511474721535855,0.37095130146395733,0.2958365542485988,0.07261553128614477
Davis_S7,corrected_gnn,1103,rows,118,0.09203143718282988,0.23261126127223808,-0.022908880285969824,0.0812566251663533,0.019255507226987673,0.2999505258202677,0.05127350569219913,0.3423905333478167,0.39366403904001585,0.08997031793985509
Davis_S7,corrected_gnn,1103,equal_study,118,0.09203143718282988,0.23261126127223808,-0.022908880285969824,0.0812566251663533,0.019255507226987673,0.2999505258202677,0.05127350569219913,0.3423905333478167,0.39366403904001585,0.08997031793985509
Davis_S7,corrected_gnn,1103,equal_sequence,118,0.07219480750044287,0.21784803067972094,0.005793853990326392,0.13066491261704263,0.017057511633246567,0.2694726911695224,0.022125298286448936,0.37095130146395733,0.39307659975040626,0.07261553128614477
Davis_S7,corrected_gnn,2207,rows,118,0.12177491566054281,0.26721641172561095,-0.3535010039861035,0.0536743017454098,0.01706653350603748,0.2999505258202677,0.17906105404631584,0.3423905333478167,0.5214515873941326,0.08997031793985509
Davis_S7,corrected_gnn,2207,equal_study,118,0.12177491566054281,0.26721641172561095,-0.3535010039861035,0.0536743017454098,0.01706653350603748,0.2999505258202677,0.17906105404631584,0.3423905333478167,0.5214515873941326,0.08997031793985509
Davis_S7,corrected_gnn,2207,equal_sequence,118,0.09661045175655031,0.2562751253274181,-0.3304378559987735,-0.034872596543902255,0.016675984122522105,0.2694726911695224,0.1529817521572479,0.37095130146395733,0.5239330536212052,0.07261553128614477
Davis_S7,corrected_gnn,3301,rows,118,0.10901176904882612,0.25244246988152563,-0.2116414784896079,0.06492813406893674,0.014024714610434755,0.2999505258202677,0.13925166971040992,0.3423905333478167,0.48164220305822664,0.08997031793985509
Davis_S7,corrected_gnn,3301,equal_study,118,0.10901176904882612,0.25244246988152563,-0.2116414784896079,0.06492813406893674,0.014024714610434755,0.2999505258202677,0.13925166971040992,0.3423905333478167,0.48164220305822664,0.08997031793985509
Davis_S7,corrected_gnn,3301,equal_sequence,118,0.0848081797131222,0.2406535492097726,-0.16790689555009575,0.07025291341897245,0.015097224869556801,0.2694726911695224,0.11196580126297051,0.37095130146395733,0.48291710272692784,0.07261553128614477
Davis_S7,corrected_gnn,4409,rows,118,0.13760723691042875,0.28437952480093887,-0.5294737204598834,0.029048968753805728,0.015680040426010886,0.2999505258202677,0.21832156017113552,0.3423905333478167,0.5607120935189522,0.08997031793985509
Davis_S7,corrected_gnn,4409,equal_study,118,0.13760723691042875,0.28437952480093887,-0.5294737204598834,0.029048968753805728,0.015680040426010886,0.2999505258202677,0.21832156017113552,0.3423905333478167,0.5607120935189522,0.08997031793985509
Davis_S7,corrected_gnn,4409,equal_sequence,118,0.10883362740760928,0.2709827379708221,-0.4987651467940857,0.0368598040878421,0.014456204918618173,0.2694726911695224,0.19051585986625735,0.37095130146395733,0.5614671613302147,0.07261553128614477
Davis_S7,corrected_gnn,5519,rows,118,0.09936855293862859,0.24068254092421118,-0.1044592840613967,-0.04788426001882592,0.01287127847864409,0.2999505258202677,0.09414258965439726,0.3423905333478167,0.436533123002214,0.08997031793985509
Davis_S7,corrected_gnn,5519,equal_study,118,0.09936855293862859,0.24068254092421118,-0.1044592840613967,-0.04788426001882592,0.01287127847864409,0.2999505258202677,0.09414258965439726,0.3423905333478167,0.436533123002214,0.08997031793985509
Davis_S7,corrected_gnn,5519,equal_sequence,118,0.0765982635351646,0.2261688819567581,-0.05484683756324382,0.05721072552243081,0.012993216360570145,0.2694726911695224,0.06491944506081837,0.37095130146395733,0.4358707465247757,0.07261553128614477
Davis_S7,corrected_gnn,6637,rows,118,0.1030410914282139,0.2461453182411118,-0.14527872955941512,0.06456036154350311,0.019620062261575755,0.2999505258202677,0.11595563072717796,0.3423905333478167,0.4583461640749947,0.08997031793985509
Davis_S7,corrected_gnn,6637,equal_study,118,0.1030410914282139,0.2461453182411118,-0.14527872955941512,0.06456036154350311,0.019620062261575755,0.2999505258202677,0.11595563072717796,0.3423905333478167,0.4583461640749947,0.08997031793985509
Davis_S7,corrected_gnn,6637,equal_sequence,118,0.08049421630349905,0.23447069090315772,-0.10849862113255049,0.024774082729616686,0.019173872395127044,0.2694726911695224,0.08813089600097979,0.37095130146395733,0.4590821974649371,0.07261553128614477
Davis_S7,corrected_gnn,7753,rows,118,0.09978744457006687,0.24065206193240862,-0.10911517103645796,0.07580965077902127,0.017087090483849557,0.2999505258202677,0.10149999808905497,0.3423905333478167,0.4438905314368717,0.08997031793985509
Davis_S7,corrected_gnn,7753,equal_study,118,0.09978744457006687,0.24065206193240862,-0.10911517103645796,0.07580965077902127,0.017087090483849557,0.2999505258202677,0.10149999808905497,0.3423905333478167,0.4438905314368717,0.08997031793985509
Davis_S7,corrected_gnn,7753,equal_sequence,118,0.0782638999820464,0.2283168889604093,-0.07778458128528976,-0.005511342096469237,0.016750527732213357,0.2694726911695224,0.07292485321761216,0.37095130146395733,0.4438761546815695,0.07261553128614477
Davis_S7,corrected_gnn,8867,rows,118,0.10596829021457196,0.24833274989133025,-0.17781389063681496,-0.014931130531677361,0.01670587739674336,0.2999505258202677,0.12477679285401011,0.3423905333478167,0.4671673262018268,0.08997031793985509
Davis_S7,corrected_gnn,8867,equal_study,118,0.10596829021457196,0.24833274989133025,-0.17781389063681496,-0.014931130531677361,0.01670587739674336,0.2999505258202677,0.12477679285401011,0.3423905333478167,0.4671673262018268,0.08997031793985509
Davis_S7,corrected_gnn,8867,equal_sequence,118,0.08181156822219843,0.23347630008278866,-0.12664008337026766,0.040735896206389885,0.016701073994167138,0.2694726911695224,0.09635234044443614,0.37095130146395733,0.46730364190839346,0.07261553128614477
Davis_S7,corrected_gnn,9973,rows,118,0.13413231462031733,0.2816311862971662,-0.490850734905532,0.08370447728049524,0.010795609666285585,0.2999505258202677,0.21115763447490793,0.3423905333478167,0.5535481678227246,0.08997031793985509
Davis_S7,corrected_gnn,9973,equal_study,118,0.13413231462031733,0.2816311862971662,-0.490850734905532,0.08370447728049524,0.010795609666285585,0.2999505258202677,0.21115763447490793,0.3423905333478167,0.5535481678227246,0.08997031793985509
Davis_S7,corrected_gnn,9973,equal_sequence,118,0.10621927881758299,0.2691692507619847,-0.4627625376590738,0.027565850275771176,0.011225996149106052,0.2694726911695224,0.18342438064715322,0.37095130146395733,0.5543756821111105,0.07261553128614477
Davis_S7,corrected_gnn,11027,rows,118,0.11836310253934694,0.2645074695213078,-0.31557946275650983,0.005954031950181101,0.017202618699377836,0.2999505258202677,0.16780434839244623,0.3423905333478167,0.510194881740263,0.08997031793985509
Davis_S7,corrected_gnn,11027,equal_study,118,0.11836310253934694,0.2645074695213078,-0.31557946275650983,0.005954031950181101,0.017202618699377836,0.2999505258202677,0.16780434839244623,0.3423905333478167,0.510194881740263,0.08997031793985509
Davis_S7,corrected_gnn,11027,equal_sequence,118,0.09263405496545778,0.2517437697907248,-0.2756782650316103,-0.04619451816373879,0.016983518692257334,0.2694726911695224,0.13895055457887945,0.37095130146395733,0.5099018560428368,0.07261553128614477
Davis_S7,corrected_no_message,1103,rows,118,0.0909646376871871,0.23140307635891819,-0.011051642031505438,0.08749476595135258,0.019191671469760925,0.2999505258202677,0.04041454966233954,0.3423905333478167,0.38280508301015626,0.08997031793985509
Davis_S7,corrected_no_message,1103,equal_study,118,0.0909646376871871,0.23140307635891819,-0.011051642031505438,0.08749476595135258,0.019191671469760925,0.2999505258202677,0.04041454966233954,0.3423905333478167,0.38280508301015626,0.08997031793985509
Davis_S7,corrected_no_message,1103,equal_sequence,118,0.07168660340907373,0.21627141448422765,0.012792413146583637,0.14481038015874312,0.017317548322007797,0.2694726911695224,0.01107793854749256,0.37095130146395733,0.3820292400114499,0.07261553128614477
Davis_S7,corrected_no_message,2207,rows,118,0.11750664533560579,0.26211641581145884,-0.3060601321222256,0.0855440420672458,0.016762442370761462,0.2999505258202677,0.16767695811283806,0.3423905333478167,0.5100674914606548,0.08997031793985509
Davis_S7,corrected_no_message,2207,equal_study,118,0.11750664533560579,0.26211641581145884,-0.3060601321222256,0.0855440420672458,0.016762442370761462,0.2999505258202677,0.16767695811283806,0.3423905333478167,0.5100674914606548,0.08997031793985509
Davis_S7,corrected_no_message,2207,equal_sequence,118,0.09245056214419381,0.2508229110659339,-0.27315135628338516,0.04461732816800991,0.016648820726485297,0.2694726911695224,0.14127345898666138,0.37095130146395733,0.5122247604506187,0.07261553128614477
Davis_S7,corrected_no_message,3301,rows,118,0.10975740797432379,0.2530965692327944,-0.21992908869896755,0.09703437057986844,0.01343482609717102,0.2999505258202677,0.14278883158598915,0.3423905333478167,0.48517936493380587,0.08997031793985509
Davis_S7,corrected_no_message,3301,equal_study,118,0.10975740797432379,0.2530965692327944,-0.21992908869896755,0.09703437057986844,0.01343482609717102,0.2999505258202677,0.14278883158598915,0.3423905333478167,0.48517936493380587,0.08997031793985509
Davis_S7,corrected_no_message,3301,equal_sequence,118,0.0855087088851487,0.24156463982264162,-0.17755399389970417,0.07634599881902415,0.014817193078208992,0.2694726911695224,0.11525320563174912,0.37095130146395733,0.48620450709570645,0.07261553128614477
Davis_S7,corrected_no_message,4409,rows,118,0.13875887899367945,0.2854082047921935,-0.5422739651363617,0.02344141005454303,0.016863425988349626,0.2999505258202677,0.2207743832362305,0.3423905333478167,0.5631649165840472,0.08997031793985509
Davis_S7,corrected_no_message,4409,equal_study,118,0.13875887899367945,0.2854082047921935,-0.5422739651363617,0.02344141005454303,0.016863425988349626,0.2999505258202677,0.2207743832362305,0.3423905333478167,0.5631649165840472,0.08997031793985509
Davis_S7,corrected_no_message,4409,equal_sequence,118,0.10961699413147413,0.27158498110501633,-0.5095530142101892,0.04012424613623351,0.015741396575047254,0.2694726911695224,0.19259822292159007,0.37095130146395733,0.5635495243855474,0.07261553128614477
Davis_S7,corrected_no_message,5519,rows,118,0.09864712697442365,0.2402234665294788,-0.09644079551179296,-0.015359643343547016,0.014358224794475911,0.2999505258202677,0.0913145657054853,0.3423905333478167,0.433705099053302,0.08997031793985509
Davis_S7,corrected_no_message,5519,equal_study,118,0.09864712697442365,0.2402234665294788,-0.09644079551179296,-0.015359643343547016,0.014358224794475911,0.2999505258202677,0.0913145657054853,0.3423905333478167,0.433705099053302,0.08997031793985509
Davis_S7,corrected_no_message,5519,equal_sequence,118,0.07630762668071235,0.22550573103547852,-0.050844431338231466,0.0502330384749481,0.01409921697370235,0.2694726911695224,0.06224960771540017,0.37095130146395733,0.4332009091793575,0.07261553128614477
Davis_S7,corrected_no_message,6637,rows,118,0.09831604745393484,0.2403304377335962,-0.09276092054780616,0.04844472108042793,0.02175337332523406,0.2999505258202677,0.09222102607149202,0.3423905333478167,0.43461155941930874,0.08997031793985509
Davis_S7,corrected_no_message,6637,equal_study,118,0.09831604745393484,0.2403304377335962,-0.09276092054780616,0.04844472108042793,0.02175337332523406,0.2999505258202677,0.09222102607149202,0.3423905333478167,0.43461155941930874,0.08997031793985509
Davis_S7,corrected_no_message,6637,equal_sequence,118,0.0772774579438206,0.22828396576275467,-0.06420013150224424,-0.00877442247103446,0.021224448393183975,0.2694726911695224,0.06411770755722851,0.37095130146395733,0.43506900902118584,0.07261553128614477
Davis_S7,corrected_no_message,7753,rows,118,0.10357123492052574,0.24489212117186276,-0.15117115613354648,0.08266699440129695,0.017101485341683518,0.2999505258202677,0.11898131504345755,0.3423905333478167,0.46137184839127426,0.08997031793985509
Davis_S7,corrected_no_message,7753,equal_study,118,0.10357123492052574,0.24489212117186276,-0.15117115613354648,0.08266699440129695,0.017101485341683518,0.2999505258202677,0.11898131504345755,0.3423905333478167,0.46137184839127426,0.08997031793985509
Davis_S7,corrected_no_message,7753,equal_sequence,118,0.08112464197631321,0.23299591827863214,-0.11718031307431875,0.0030872297096192387,0.01653862996293296,0.2694726911695224,0.09090160712962869,0.37095130146395733,0.461852908593586,0.07261553128614477
Davis_S7,corrected_no_message,8867,rows,118,0.10699364313249539,0.249531086480235,-0.189210459431969,-0.02412516254065288,0.016373505329884026,0.2999505258202677,0.1285234006526511,0.3423905333478167,0.4709139340004678,0.08997031793985509
Davis_S7,corrected_no_message,8867,equal_study,118,0.10699364313249539,0.249531086480235,-0.189210459431969,-0.02412516254065288,0.016373505329884026,0.2999505258202677,0.1285234006526511,0.3423905333478167,0.4709139340004678,0.08997031793985509
Davis_S7,corrected_no_message,8867,equal_sequence,118,0.08281974364204525,0.23502708443618728,-0.14052382699907984,0.01157710874391653,0.0165133592881491,0.2694726911695224,0.10017262729247933,0.37095130146395733,0.47112392875643666,0.07261553128614477
Davis_S7,corrected_no_message,9973,rows,118,0.09333029939867993,0.23472403614985374,-0.037345443872622175,0.0405302478203147,0.01717597758293933,0.2999505258202677,0.05901344208842629,0.3423905333478167,0.401403975436243,0.08997031793985509
Davis_S7,corrected_no_message,9973,equal_study,118,0.09333029939867993,0.23472403614985374,-0.037345443872622175,0.0405302478203147,0.01717597758293933,0.2999505258202677,0.05901344208842629,0.3423905333478167,0.401403975436243,0.08997031793985509
Davis_S7,corrected_no_message,9973,equal_sequence,118,0.07391568381301172,0.22023914029553507,-0.017904606684534752,-0.002293780015942862,0.0179339442412069,0.2694726911695224,0.03092500334282461,0.37095130146395733,0.40187630480678194,0.07261553128614477
Davis_S7,corrected_no_message,11027,rows,118,0.118767926155426,0.26475057742006847,-0.32007898688122927,0.021706998495996187,0.016882661614403698,0.2999505258202677,0.16950643302468932,0.3423905333478167,0.511896966372506,0.08997031793985509
Davis_S7,corrected_no_message,11027,equal_study,118,0.118767926155426,0.26475057742006847,-0.32007898688122927,0.021706998495996187,0.016882661614403698,0.2999505258202677,0.16950643302468932,0.3423905333478167,0.511896966372506,0.08997031793985509
Davis_S7,corrected_no_message,11027,equal_sequence,118,0.0930697552470461,0.25208668098991754,-0.2816783627224393,-0.03425816677496869,0.016810505308640804,0.2694726911695224,0.1409299605918533,0.37095130146395733,0.5118812620558106,0.07261553128614477
Davis_S7,guide_ridge,0,rows,118,0.7814547695577979,0.8287100512844426,-7.685695320985731,0.12323028205268333,0.11500377846667494,0.2999505258202677,0.8287100512844425,0.3423905333478167,1.1711005846322593,0.08997031793985509
Davis_S7,guide_ridge,0,equal_study,118,0.7814547695577979,0.8287100512844426,-7.685695320985731,0.12323028205268333,0.11500377846667494,0.2999505258202677,0.8287100512844425,0.3423905333478167,1.1711005846322593,0.08997031793985509
Davis_S7,guide_ridge,0,equal_sequence,118,0.7222975804430628,0.8017989906989273,-8.946874554932561,0.1131734299296374,0.11842043206404425,0.2694726911695224,0.8017989906989276,0.37095130146395733,1.172750292162885,0.07261553128614477
Davis_S7,original_gnn,1103,rows,118,0.0923796224683134,0.23300390398341814,-0.02677888200938572,0.11045547542458854,0.018738111391810742,0.2999505258202677,0.05744405204405223,0.3423905333478167,0.39983458539186895,0.08997031793985509
Davis_S7,original_gnn,1103,equal_study,118,0.0923796224683134,0.23300390398341814,-0.02677888200938572,0.11045547542458854,0.018738111391810742,0.2999505258202677,0.05744405204405223,0.3423905333478167,0.39983458539186895,0.08997031793985509
Davis_S7,original_gnn,1103,equal_sequence,118,0.07250431484834416,0.2185173071408839,0.0015315792066901146,0.13516115116586247,0.016850070055139558,0.2694726911695224,0.02884949330048081,0.37095130146395733,0.39980079476443814,0.07261553128614477
Davis_S7,original_gnn,2207,rows,118,0.1180355091112219,0.26260925687378567,-0.3119383349309526,0.07356362351574189,0.016789648026286505,0.2999505258202677,0.16889121080297548,0.3423905333478167,0.5112817441507922,0.08997031793985509
Davis_S7,original_gnn,2207,equal_study,118,0.1180355091112219,0.26260925687378567,-0.3119383349309526,0.07356362351574189,0.016789648026286505,0.2999505258202677,0.16889121080297548,0.3423905333478167,0.5112817441507922,0.08997031793985509
Davis_S7,original_gnn,2207,equal_sequence,118,0.09326210820483377,0.25167042185417293,-0.28432728581617384,0.0007967904289502739,0.016600697110954913,0.2694726911695224,0.1427519616458866,0.37095130146395733,0.5137032631098439,0.07261553128614477
Davis_S7,original_gnn,3301,rows,118,0.11184737599002818,0.2556058017198482,-0.24315861665397076,0.059542582446211106,0.013764087434107126,0.2999505258202677,0.14892701716184614,0.3423905333478167,0.49131755050966286,0.08997031793985509
Davis_S7,original_gnn,3301,equal_study,118,0.11184737599002818,0.2556058017198482,-0.24315861665397076,0.059542582446211106,0.013764087434107126,0.2999505258202677,0.14892701716184614,0.3423905333478167,0.49131755050966286,0.08997031793985509
Davis_S7,original_gnn,3301,equal_sequence,118,0.0868873112100329,0.2440224006369257,-0.1965389451968551,0.08056209347307461,0.014966221473855866,0.2694726911695224,0.12123367538548613,0.37095130146395733,0.49218497684944346,0.07261553128614477
Davis_S7,original_gnn,4409,rows,118,0.1379393921373764,0.2847735843405506,-0.5331655516610323,0.030184798105360438,0.014936803041084933,0.2999505258202677,0.219126539083295,0.3423905333478167,0.5615170724311117,0.08997031793985509
Davis_S7,original_gnn,4409,equal_study,118,0.1379393921373764,0.2847735843405506,-0.5331655516610323,0.030184798105360438,0.014936803041084933,0.2999505258202677,0.219126539083295,0.3423905333478167,0.5615170724311117,0.08997031793985509
Davis_S7,original_gnn,4409,equal_sequence,118,0.1092447985160002,0.27166935381017066,-0.5044274493498664,0.026030708656920934,0.013714231247066198,0.2694726911695224,0.19139902253491842,0.37095130146395733,0.5623503239988757,0.07261553128614477
Davis_S7,original_gnn,5519,rows,118,0.100949651921231,0.24230731982505851,-0.12203284630732947,-0.06283432028551898,0.01359333010882218,0.2999505258202677,0.10140100235094462,0.3423905333478167,0.44379153569876134,0.08997031793985509
Davis_S7,original_gnn,5519,equal_study,118,0.100949651921231,0.24230731982505851,-0.12203284630732947,-0.06283432028551898,0.01359333010882218,0.2999505258202677,0.10140100235094462,0.3423905333478167,0.44379153569876134,0.08997031793985509
Davis_S7,original_gnn,5519,equal_sequence,118,0.07770661111921079,0.2278251275172977,-0.07011006795508234,0.042566612932645,0.013564046620720353,0.2694726911695224,0.07223759647135675,0.37095130146395733,0.4431888979353141,0.07261553128614477
Davis_S7,original_gnn,6637,rows,118,0.10280187607789076,0.2453709298975109,-0.14261990434015726,0.05910206431957666,0.01902469161400464,0.2999505258202677,0.11464792679370467,0.3423905333478167,0.4570384601415214,0.08997031793985509
Davis_S7,original_gnn,6637,equal_study,118,0.10280187607789076,0.2453709298975109,-0.14261990434015726,0.05910206431957666,0.01902469161400464,0.2999505258202677,0.11464792679370467,0.3423905333478167,0.4570384601415214,0.08997031793985509
Davis_S7,original_gnn,6637,equal_sequence,118,0.08023100230251028,0.23383964530566675,-0.10487385937254112,0.022659611350403466,0.018505020037692024,0.2694726911695224,0.08659690511008111,0.37095130146395733,0.45754820657403844,0.07261553128614477
Davis_S7,original_gnn,7753,rows,118,0.10193875649200472,0.24238017621493455,-0.13302652281556337,0.07591358668611962,0.017691957780684782,0.2999505258202677,0.111629459690684,0.3423905333478167,0.4540199930385007,0.08997031793985509
Davis_S7,original_gnn,7753,equal_study,118,0.10193875649200472,0.24238017621493455,-0.13302652281556337,0.07591358668611962,0.017691957780684782,0.2999505258202677,0.111629459690684,0.3423905333478167,0.4540199930385007,0.08997031793985509
Davis_S7,original_gnn,7753,equal_sequence,118,0.07959011534124705,0.23028636595081073,-0.09604810336811576,0.017981031480770963,0.017205241335730138,0.2694726911695224,0.0827363050494121,0.37095130146395733,0.4536876065133694,0.07261553128614477
Davis_S7,original_gnn,8867,rows,118,0.10778642854298544,0.2503867766257469,-0.19802209229759948,-0.004160063834263025,0.01646503484948381,0.2999505258202677,0.1323023909476248,0.3423905333478167,0.4746929242954415,0.08997031793985509
Davis_S7,original_gnn,8867,equal_study,118,0.10778642854298544,0.2503867766257469,-0.19802209229759948,-0.004160063834263025,0.01646503484948381,0.2999505258202677,0.1323023909476248,0.3423905333478167,0.4746929242954415,0.08997031793985509
Davis_S7,original_gnn,8867,equal_sequence,118,0.08337922393651029,0.23583601461197845,-0.1482285188818726,0.03471108527464511,0.01619526242096161,0.2694726911695224,0.10394410536252346,0.37095130146395733,0.4748954068264808,0.07261553128614477
Davis_S7,original_gnn,9973,rows,118,0.13488527734827277,0.28208144851779077,-0.4992197475443312,0.0614335210755237,0.011332480104377318,0.2999505258202677,0.2126127510499552,0.3423905333478167,0.5550032843977719,0.08997031793985509
Davis_S7,original_gnn,9973,equal_study,118,0.13488527734827277,0.28208144851779077,-0.4992197475443312,0.0614335210755237,0.011332480104377318,0.2999505258202677,0.2126127510499552,0.3423905333478167,0.5550032843977719,0.08997031793985509
Davis_S7,original_gnn,9973,equal_sequence,118,0.10680186615195866,0.26966961521619925,-0.4707854402538363,0.02411323138739381,0.011729725722973261,0.2694726911695224,0.18493562277017955,0.37095130146395733,0.5558869242341369,0.07261553128614477
Davis_S7,original_gnn,11027,rows,118,0.11920444518932564,0.26556842739963077,-0.3249307984997174,-0.0037171443419957524,0.01887653398484182,0.2999505258202677,0.16981080818422772,0.3423905333478167,0.5122013415320444,0.08997031793985509
Davis_S7,original_gnn,11027,equal_study,118,0.11920444518932564,0.26556842739963077,-0.3249307984997174,-0.0037171443419957524,0.01887653398484182,0.2999505258202677,0.16981080818422772,0.3423905333478167,0.5122013415320444,0.08997031793985509
Davis_S7,original_gnn,11027,equal_sequence,118,0.09347664678806826,0.25285053810131763,-0.28728173067713736,-0.07158885055325899,0.01840195058405678,0.2694726911695224,0.14075684998710963,0.37095130146395733,0.511708151451067,0.07261553128614477
Davis_S7,original_no_message,1103,rows,118,0.09210279846370266,0.23269764982929458,-0.02370204499302897,0.08777106094859417,0.018433313234655604,0.2999505258202677,0.05256691234035016,0.3423905333478167,0.3949574456881669,0.08997031793985509
Davis_S7,original_no_message,1103,equal_study,118,0.09210279846370266,0.23269764982929458,-0.02370204499302897,0.08777106094859417,0.018433313234655604,0.2999505258202677,0.05256691234035016,0.3423905333478167,0.3949574456881669,0.08997031793985509
Davis_S7,original_no_message,1103,equal_sequence,118,0.07214551026839568,0.2179025801824225,0.00647273399263526,0.1500189646470501,0.016142558859858557,0.2694726911695224,0.02396988529029387,0.37095130146395733,0.3949211867542512,0.07261553128614477
Davis_S7,original_no_message,2207,rows,118,0.11506894150521883,0.25943517412398553,-0.2789655982114245,0.07239376444827787,0.017056457161182245,0.2999505258202677,0.15983881675029216,0.3423905333478167,0.5022293500981089,0.08997031793985509
Davis_S7,original_no_message,2207,equal_study,118,0.11506894150521883,0.25943517412398553,-0.2789655982114245,0.07239376444827787,0.017056457161182245,0.2999505258202677,0.15983881675029216,0.3423905333478167,0.5022293500981089,0.08997031793985509
Davis_S7,original_no_message,2207,equal_sequence,118,0.0903134311932154,0.2478574996580363,-0.2437205869544803,0.04949935720337882,0.017063175593316892,0.2694726911695224,0.13364860627542458,0.37095130146395733,0.5045999077393819,0.07261553128614477
Davis_S7,original_no_message,3301,rows,118,0.11270029581008835,0.25648303282676793,-0.25263863005828413,0.07976186831485868,0.012580644148571678,0.2999505258202677,0.152229035935604,0.3423905333478167,0.4946195692834207,0.08997031793985509
Davis_S7,original_no_message,3301,equal_study,118,0.11270029581008835,0.25648303282676793,-0.25263863005828413,0.07976186831485868,0.012580644148571678,0.2999505258202677,0.152229035935604,0.3423905333478167,0.4946195692834207,0.08997031793985509
Davis_S7,original_no_message,3301,equal_sequence,118,0.08776218058349478,0.24505674540399894,-0.20858691011519226,0.07274341838141968,0.013775189231139627,0.2694726911695224,0.12448673031966417,0.37095130146395733,0.4954380317836215,0.07261553128614477
Davis_S7,original_no_message,4409,rows,118,0.1398486297033983,0.2867559426856051,-0.5543863010119261,0.00892780575407225,0.01597093350440752,0.2999505258202677,0.22295465497085593,0.3423905333478167,0.5653451883186726,0.08997031793985509
Davis_S7,original_no_message,4409,equal_study,118,0.1398486297033983,0.2867559426856051,-0.5543863010119261,0.00892780575407225,0.01597093350440752,0.2999505258202677,0.22295465497085593,0.3423905333478167,0.5653451883186726,0.08997031793985509
Davis_S7,original_no_message,4409,equal_sequence,118,0.11070903233933233,0.27309443359432234,-0.5245916455954636,0.019091400710793998,0.014955455484333734,0.2694726911695224,0.1949967061512931,0.37095130146395733,0.5659480076152504,0.07261553128614477
Davis_S7,original_no_message,5519,rows,118,0.09952816547361039,0.24119012203034337,-0.10623334175771948,-0.017131020712054284,0.014616451738474543,0.2999505258202677,0.09588532111850834,0.3423905333478167,0.43827585446632505,0.08997031793985509
Davis_S7,original_no_message,5519,equal_study,118,0.09952816547361039,0.24119012203034337,-0.10623334175771948,-0.017131020712054284,0.014616451738474543,0.2999505258202677,0.09588532111850834,0.3423905333478167,0.43827585446632505,0.08997031793985509
Davis_S7,original_no_message,5519,equal_sequence,118,0.07707956368376741,0.22661648377605936,-0.061474898256020705,0.031208239231193778,0.014176702583221103,0.2694726911695224,0.06709321178009375,0.37095130146395733,0.4380445132440511,0.07261553128614477
Davis_S7,original_no_message,6637,rows,118,0.09842765774027071,0.24050156418411867,-0.09400144396587917,0.03911738704664193,0.021202554950776893,0.2999505258202677,0.09222441393888614,0.3423905333478167,0.43461494728670286,0.08997031793985509
Davis_S7,original_no_message,6637,equal_study,118,0.09842765774027071,0.24050156418411867,-0.09400144396587917,0.03911738704664193,0.021202554950776893,0.2999505258202677,0.09222441393888614,0.3423905333478167,0.43461494728670286,0.08997031793985509
Davis_S7,original_no_message,6637,equal_sequence,118,0.0772513710639006,0.22836165921793736,-0.06384088494082762,-0.008950013156651468,0.020183620928933315,0.2694726911695224,0.06427366607417662,0.37095130146395733,0.43522496753813394,0.07261553128614477
Davis_S7,original_no_message,7753,rows,118,0.10368305567451379,0.24485401808144,-0.1524140188525911,0.09423744002925442,0.017034094771510726,0.2999505258202677,0.11993985244221611,0.3423905333478167,0.4623303857900328,0.08997031793985509
Davis_S7,original_no_message,7753,equal_study,118,0.10368305567451379,0.24485401808144,-0.1524140188525911,0.09423744002925442,0.017034094771510726,0.2999505258202677,0.11993985244221611,0.3423905333478167,0.4623303857900328,0.08997031793985509
Davis_S7,original_no_message,7753,equal_sequence,118,0.08100611677726516,0.23279715012303204,-0.1155480837571361,0.034100603085763216,0.01654155643161901,0.2694726911695224,0.09176583854289172,0.37095130146395733,0.46271714000684905,0.07261553128614477
Davis_S7,original_no_message,8867,rows,118,0.10808433201792142,0.2507837193139938,-0.20133322292109157,0.004348626121155675,0.01549860264368052,0.2999505258202677,0.13384408579482865,0.3423905333478167,0.47623461914264537,0.08997031793985509
Davis_S7,original_no_message,8867,equal_study,118,0.10808433201792142,0.2507837193139938,-0.20133322292109157,0.004348626121155675,0.01549860264368052,0.2999505258202677,0.13384408579482865,0.3423905333478167,0.47623461914264537,0.08997031793985509
Davis_S7,original_no_message,8867,equal_sequence,118,0.0835558200752938,0.2363248731741374,-0.15066045232167102,0.047087007236804056,0.015110487788738854,0.2694726911695224,0.1053348266683361,0.37095130146395733,0.47628612813229343,0.07261553128614477
Davis_S7,original_no_message,9973,rows,118,0.09490697727144734,0.23631465908611868,-0.05486986646965497,0.04609208459721937,0.017540752205224542,0.2999505258202677,0.07151220347360032,0.3423905333478167,0.41390273682141704,0.08997031793985509
Davis_S7,original_no_message,9973,equal_study,118,0.09490697727144734,0.23631465908611868,-0.05486986646965497,0.04609208459721937,0.017540752205224542,0.2999505258202677,0.07151220347360032,0.3423905333478167,0.41390273682141704,0.08997031793985509
Davis_S7,original_no_message,9973,equal_sequence,118,0.07477507074695663,0.22221908165396542,-0.029739360472377463,0.008753975084330252,0.01829089629958131,0.2694726911695224,0.043718159354018016,0.37095130146395733,0.41466946081797534,0.07261553128614477
Davis_S7,original_no_message,11027,rows,118,0.11874262174500413,0.26490815038051785,-0.31979773400804534,0.016375585570973555,0.01837540110122747,0.2999505258202677,0.1691601709535971,0.3423905333478167,0.5115507043014138,0.08997031793985509
Davis_S7,original_no_message,11027,equal_study,118,0.11874262174500413,0.26490815038051785,-0.31979773400804534,0.016375585570973555,0.01837540110122747,0.2999505258202677,0.1691601709535971,0.3423905333478167,0.5115507043014138,0.08997031793985509
Davis_S7,original_no_message,11027,equal_sequence,118,0.09291676953748076,0.2520954748007248,-0.2795715722486152,-0.03564878112971719,0.018118090740773852,0.2694726911695224,0.1400888102750349,0.37095130146395733,0.5110401117389922,0.07261553128614477
Davis_S7,pairwise_ridge,0,rows,118,0.96984024910577,0.93658900046191,-9.779557873232209,0.03135487266026909,0.061935165842289634,0.2999505258202677,0.93658900046191,0.3423905333478167,1.2789795338097267,0.08997031793985509
Davis_S7,pairwise_ridge,0,equal_study,118,0.96984024910577,0.93658900046191,-9.779557873232209,0.03135487266026909,0.061935165842289634,0.2999505258202677,0.93658900046191,0.3423905333478167,1.2789795338097267,0.08997031793985509
Davis_S7,pairwise_ridge,0,equal_sequence,118,0.8999515747985544,0.9075415573328314,-11.393375891615454,-0.0011767990146703219,0.06054720758985395,0.2694726911695224,0.9075415573328312,0.37095130146395733,1.2784928587967885,0.07261553128614477
Davis_S7,token_cnn,1103,rows,118,0.1011050138102798,0.2424199375800777,-0.12375965902297037,0.07207527471102973,0.003872149983501267,0.2999505258202677,0.1062408888991001,0.3423905333478167,0.4486314222469168,0.08997031793985509
Davis_S7,token_cnn,1103,equal_study,118,0.1011050138102798,0.2424199375800777,-0.12375965902297037,0.07207527471102973,0.003872149983501267,0.2999505258202677,0.1062408888991001,0.3423905333478167,0.4486314222469168,0.08997031793985509
Davis_S7,token_cnn,1103,equal_sequence,118,0.07854288984657841,0.22930094251917887,-0.08162659496460356,0.05671825354861,0.0037317622761064723,0.2694726911695224,0.07763700903838139,0.37095130146395733,0.4485883105023387,0.07261553128614477
Davis_S7,token_cnn,2207,rows,118,0.09021429603157724,0.23149751081627643,-0.002711762026730291,-0.074626569290394,0.0035456979515701994,0.2999505258202677,0.008524689759682846,0.3423905333478167,0.35091522310749956,0.08997031793985509
Davis_S7,token_cnn,2207,equal_study,118,0.09021429603157724,0.23149751081627643,-0.002711762026730291,-0.074626569290394,0.0035456979515701994,0.2999505258202677,0.008524689759682846,0.3423905333478167,0.35091522310749956,0.08997031793985509
Davis_S7,token_cnn,2207,equal_sequence,118,0.0731281628181503,0.2171206246249344,-0.007059530143564974,-0.04498663559628536,0.003421050089180734,0.2694726911695224,-0.020444642999091156,0.37095130146395733,0.35050665846486617,0.07261553128614477
Davis_S7,token_cnn,3301,rows,118,0.09705924677185511,0.23873948910917822,-0.0787918615196952,0.12581863107289407,0.006589216424599376,0.2999505258202677,0.08684962141760322,0.3423905333478167,0.42924015476541993,0.08997031793985509
Davis_S7,token_cnn,3301,equal_study,118,0.09705924677185511,0.23873948910917822,-0.0787918615196952,0.12581863107289407,0.006589216424599376,0.2999505258202677,0.08684962141760322,0.3423905333478167,0.42924015476541993,0.08997031793985509
Davis_S7,token_cnn,3301,equal_sequence,118,0.0759187971724761,0.22479399431112138,-0.04548979850212298,0.06884309932059893,0.006447838072455887,0.2694726911695224,0.05916860047241307,0.37095130146395733,0.4301199019363704,0.07261553128614477
Davis_S7,token_cnn,4409,rows,118,0.096161912977929,0.2373680925615212,-0.06881819671030809,0.07730101344331836,0.004165167838230838,0.2999505258202677,0.07979597466925448,0.3423905333478167,0.4221865080170712,0.08997031793985509
Davis_S7,token_cnn,4409,equal_study,118,0.096161912977929,0.2373680925615212,-0.06881819671030809,0.07730101344331836,0.004165167838230838,0.2999505258202677,0.07979597466925448,0.3423905333478167,0.4221865080170712,0.08997031793985509
Davis_S7,token_cnn,4409,equal_sequence,118,0.07527748411366182,0.2236414825171974,-0.03665817464073218,-0.011174443879617057,0.003973059051609823,0.2694726911695224,0.05120781404378383,0.37095130146395733,0.42215911550774116,0.07261553128614477
Davis_S7,token_cnn,5519,rows,118,0.1338852215353185,0.280724914829037,-0.48810435042388556,0.05827441619251338,0.002251118921556894,0.2999505258202677,0.20973443366151762,0.3423905333478167,0.5521249670093343,0.08997031793985509
Davis_S7,token_cnn,5519,equal_study,118,0.1338852215353185,0.280724914829037,-0.48810435042388556,0.05827441619251338,0.002251118921556894,0.2999505258202677,0.20973443366151762,0.3423905333478167,0.5521249670093343,0.08997031793985509
Davis_S7,token_cnn,5519,equal_sequence,118,0.10547324503790158,0.2679994122102008,-0.45248878813926874,-0.011232324759720169,0.0022985540588248365,0.2694726911695224,0.1812140056733081,0.37095130146395733,0.5521653071372654,0.07261553128614477
Davis_S7,token_cnn,6637,rows,118,0.0978447895123174,0.23957966872828132,-0.0875229937247346,-0.027552872870551852,0.006466911821579757,0.2999505258202677,0.08789629716432701,0.3423905333478167,0.4302868305121437,0.08997031793985509
Davis_S7,token_cnn,6637,equal_study,118,0.0978447895123174,0.23957966872828132,-0.0875229937247346,-0.027552872870551852,0.006466911821579757,0.2999505258202677,0.08789629716432701,0.3423905333478167,0.4302868305121437,0.08997031793985509
Davis_S7,token_cnn,6637,equal_sequence,118,0.07617507152708076,0.22608252753834962,-0.049018993290973256,-0.017418096033743995,0.006359926021045794,0.2694726911695224,0.05881656566801824,0.37095130146395733,0.42976786713197557,0.07261553128614477
Davis_S7,token_cnn,7753,rows,118,0.1075153779388131,0.25009233177005846,-0.19500942533833032,0.03355192172713918,0.004696333389367278,0.2999505258202677,0.13273104936838154,0.3423905333478167,0.47512158271619825,0.08997031793985509
Davis_S7,token_cnn,7753,equal_study,118,0.1075153779388131,0.25009233177005846,-0.19500942533833032,0.03355192172713918,0.004696333389367278,0.2999505258202677,0.13273104936838154,0.3423905333478167,0.47512158271619825,0.08997031793985509
Davis_S7,token_cnn,7753,equal_sequence,118,0.08347228782859373,0.23768436010669838,-0.14951011650203894,-0.011645384938103123,0.004470823873942266,0.2694726911695224,0.10396493819235442,0.37095130146395733,0.47491623965631174,0.07261553128614477
Davis_S7,token_cnn,8867,rows,118,0.09572908417881038,0.23719476263028735,-0.06400740122764725,0.05728525326842059,0.006161332208812201,0.2999505258202677,0.07702299257904793,0.3423905333478167,0.41941352592686465,0.08997031793985509
Davis_S7,token_cnn,8867,equal_study,118,0.09572908417881038,0.23719476263028735,-0.06400740122764725,0.05728525326842059,0.006161332208812201,0.2999505258202677,0.07702299257904793,0.3423905333478167,0.41941352592686465,0.08997031793985509
Davis_S7,token_cnn,8867,equal_sequence,118,0.07488415614513541,0.22322712329253544,-0.03124159279439853,0.032318250053221094,0.006423230388137965,0.2694726911695224,0.048365745423888384,0.37095130146395733,0.4193170468878457,0.07261553128614477
Davis_S7,token_cnn,9973,rows,118,0.09927190267545416,0.241169534562733,-0.10338503796126575,0.22275469424995725,0.011865085199169383,0.2999505258202677,0.10366457940606755,0.3423905333478167,0.44605511275388426,0.08997031793985509
Davis_S7,token_cnn,9973,equal_study,118,0.09927190267545416,0.241169534562733,-0.10338503796126575,0.22275469424995725,0.011865085199169383,0.2999505258202677,0.10366457940606755,0.3423905333478167,0.44605511275388426,0.08997031793985509
Davis_S7,token_cnn,9973,equal_sequence,118,0.07771824072926545,0.22797093362113044,-0.07027022115989512,0.1378083930076485,0.011367719912338571,0.2694726911695224,0.07627436366720158,0.37095130146395733,0.4472256651311589,0.07261553128614477
Davis_S7,token_cnn,11027,rows,118,0.13014269134139345,0.27652030656099497,-0.4465069627562446,-0.1214828532230516,0.005081666391129928,0.2999505258202677,0.19943974015514726,0.3423905333478167,0.541830273502964,0.08997031793985509
Davis_S7,token_cnn,11027,equal_study,118,0.13014269134139345,0.27652030656099497,-0.4465069627562446,-0.1214828532230516,0.005081666391129928,0.2999505258202677,0.19943974015514726,0.3423905333478167,0.541830273502964,0.08997031793985509
Davis_S7,token_cnn,11027,equal_sequence,118,0.10185940589068536,0.26348918646932196,-0.4027220359967316,-0.1040683292220786,0.0048363396501080545,0.2694726911695224,0.170144726447144,0.37095130146395733,0.5410960279111013,0.07261553128614477
ENsiRNA_grouped,chemistry_tree,1103,rows,2927,0.06573716220578237,0.2117035999522352,0.08622535873583648,0.31772152730415804,0.07811374555473864,0.2682167682213015,0.031758498595296,0.5951393918688075,0.6268978904641035,0.07194023475507938
ENsiRNA_grouped,chemistry_tree,1103,equal_study,2927,0.0599357259770993,0.2070572616336854,0.029276421622722815,0.2500428019757016,0.10038669378613754,0.24848209258188658,-0.024272835719644337,0.6483678167452196,0.6240949810255753,0.06174335033387326
ENsiRNA_grouped,chemistry_tree,1103,equal_sequence,2927,0.045942296575347874,0.17704360145434953,-0.04148493833162803,0.1604444103304263,0.08804904447945676,0.21002928488442546,0.003394052948460069,0.6052276742177735,0.6086217271662335,0.044112300509063146
ENsiRNA_grouped,chemistry_tree,2207,rows,2927,0.06563575624600645,0.21198569915984927,0.08763494490303692,0.3184465464001051,0.07723986363008874,0.2682167682213015,0.030398291114581477,0.5951393918688075,0.625537682983389,0.07194023475507938
ENsiRNA_grouped,chemistry_tree,2207,equal_study,2927,0.05956717076757874,0.20645553248486334,0.03524556983913196,0.2556609200486535,0.09872021117853172,0.24848209258188658,-0.02491926403607081,0.6483678167452196,0.6234485527091488,0.06174335033387326
ENsiRNA_grouped,chemistry_tree,2207,equal_sequence,2927,0.047435591462032946,0.17958997311771815,-0.07533705824947878,0.1360499864372261,0.09268274110153105,0.21002928488442546,0.0054701892897104365,0.6052276742177735,0.6106978635074839,0.044112300509063146
ENsiRNA_grouped,chemistry_tree,3301,rows,2927,0.06567145007437028,0.21253148216683024,0.08713878543837372,0.3139250181373598,0.07626135697130906,0.2682167682213015,0.027528643700136635,0.5951393918688075,0.6226680355689441,0.07194023475507938
ENsiRNA_grouped,chemistry_tree,3301,equal_study,2927,0.05949126225209528,0.2064145743322038,0.0364749899317085,0.25919983407672614,0.09886995961703808,0.24848209258188658,-0.026615456158926132,0.6483678167452196,0.6217523605862935,0.06174335033387326
ENsiRNA_grouped,chemistry_tree,3301,equal_sequence,2927,0.04609438827518157,0.17696826041166405,-0.0449327680317011,0.16738788376938063,0.0917770015998012,0.21002928488442546,0.0034871055842585763,0.6052276742177735,0.608714779802032,0.044112300509063146
ENsiRNA_grouped,chemistry_tree,4409,rows,2927,0.06682756150073839,0.21401350096738975,0.07106834265619366,0.28905399547739435,0.07641348359574407,0.2682167682213015,0.029947418075020438,0.5951393918688075,0.6250868099438279,0.07194023475507938
ENsiRNA_grouped,chemistry_tree,4409,equal_study,2927,0.05949322207416886,0.20626208179709168,0.03644324850428382,0.25551230025592053,0.0984917668747201,0.24848209258188658,-0.023574852461793472,0.6483678167452196,0.6247929642834261,0.06174335033387326
ENsiRNA_grouped,chemistry_tree,4409,equal_sequence,2927,0.047822545992649124,0.18037301315658597,-0.08410909067922412,0.13041369127636904,0.09406866454033723,0.21002928488442546,0.003813647312095436,0.6052276742177735,0.6090413215298689,0.044112300509063146
ENsiRNA_grouped,chemistry_tree,5519,rows,2927,0.065837445951747,0.21368627473581575,0.0848313718200856,0.30411247215273296,0.07572899221237182,0.2682167682213015,0.02272587888707056,0.5951393918688075,0.617865270755878,0.07194023475507938
ENsiRNA_grouped,chemistry_tree,5519,equal_study,2927,0.05966964529866345,0.20738572024871538,0.03358588453649469,0.25399404241997325,0.09665660962672765,0.24848209258188658,-0.028006542317651983,0.6483678167452196,0.6203612744275676,0.06174335033387326
ENsiRNA_grouped,chemistry_tree,5519,equal_sequence,2927,0.04624159479939048,0.17726603552918788,-0.04826985366337588,0.16371954465324787,0.09186092750442287,0.21002928488442546,0.00288191215625333,0.6052276742177735,0.6081095863740268,0.044112300509063146
ENsiRNA_grouped,chemistry_tree,6637,rows,2927,0.06535773852242314,0.2144056332933557,0.0914995100456143,0.3096548118091667,0.07624893978178174,0.2682167682213015,0.016409000665310147,0.5951393918688075,0.6115483925341176,0.07194023475507938
ENsiRNA_grouped,chemistry_tree,6637,equal_study,2927,0.05982831371691678,0.20823538098294292,0.031016078761535337,0.2530247602865684,0.09685903248648157,0.24848209258188658,-0.029711226938255453,0.6483678167452196,0.6186565898069641,0.06174335033387326
ENsiRNA_grouped,chemistry_tree,6637,equal_sequence,2927,0.046491817653956984,0.17788187112166992,-0.05394225913030648,0.1573148437842499,0.0919510731509022,0.21002928488442546,-0.0008816894678924658,0.6052276742177735,0.604345984749881,0.044112300509063146
ENsiRNA_grouped,chemistry_tree,7753,rows,2927,0.06562910829059265,0.2131379600925331,0.0877273543236683,0.30974789035007777,0.07589752689182613,0.2682167682213015,0.02322731097681008,0.5951393918688075,0.6183667028456176,0.07194023475507938
ENsiRNA_grouped,chemistry_tree,7753,equal_study,2927,0.05926257418440056,0.20609624120839176,0.04017883927674892,0.2652001630805685,0.09894355398943308,0.24848209258188658,-0.027742764562674105,0.6483678167452196,0.6206250521825455,0.06174335033387326
ENsiRNA_grouped,chemistry_tree,7753,equal_sequence,2927,0.04708792358930666,0.1796481399536121,-0.06745563132968213,0.14816037673363483,0.09383296729162369,0.21002928488442546,-0.003284700120462003,0.6052276742177735,0.6019429740973115,0.044112300509063146
ENsiRNA_grouped,chemistry_tree,8867,rows,2927,0.06521129218880573,0.2145703515491183,0.09353517665298627,0.31265452726579174,0.07456405407032822,0.2682167682213015,0.014731638160982663,0.5951393918688075,0.6098710300297902,0.07194023475507938
ENsiRNA_grouped,chemistry_tree,8867,equal_study,2927,0.058979046372970446,0.20603756538575022,0.04477087728403162,0.2704664012686089,0.09815707406126273,0.24848209258188658,-0.028184831917062003,0.6483678167452196,0.6201829848281576,0.06174335033387326
ENsiRNA_grouped,chemistry_tree,8867,equal_sequence,2927,0.04647877167550179,0.17847816639971026,-0.053646514444478655,0.1463479886318926,0.08821381829298922,0.21002928488442546,0.002777374220734874,0.6052276742177735,0.6080050484385083,0.044112300509063146
ENsiRNA_grouped,chemistry_tree,9973,rows,2927,0.06617692876131119,0.21285089665301465,0.08011241572104078,0.30642810611733606,0.0771390503372368,0.2682167682213015,0.03108452752755575,0.5951393918688075,0.6262239193963632,0.07194023475507938
ENsiRNA_grouped,chemistry_tree,9973,equal_study,2927,0.060048404950430304,0.20733951549847118,0.0274514643970184,0.2491254747779857,0.10010917811855886,0.24848209258188658,-0.026026292180619137,0.6483678167452196,0.6223415245646005,0.06174335033387326
ENsiRNA_grouped,chemistry_tree,9973,equal_sequence,2927,0.046917438967193734,0.17916719039664913,-0.06359084486093058,0.14572670490196804,0.09175584356086787,0.21002928488442546,0.0016501554335013324,0.6052276742177735,0.6068778296512748,0.044112300509063146
ENsiRNA_grouped,chemistry_tree,11027,rows,2927,0.06567354601440836,0.2133715429852171,0.08710965097634127,0.308459181163415,0.07448797734182055,0.2682167682213015,0.022588003624413933,0.5951393918688075,0.6177273954932214,0.07194023475507938
ENsiRNA_grouped,chemistry_tree,11027,equal_study,2927,0.05953768201893011,0.20690818368455127,0.03572317185601581,0.2565505480845953,0.09570291552164711,0.24848209258188658,-0.028932060175374197,0.6483678167452196,0.6194357565698454,0.06174335033387326
ENsiRNA_grouped,chemistry_tree,11027,equal_sequence,2927,0.04620438632509424,0.17746803434865005,-0.047426359357550796,0.15518612961657022,0.08874788208345759,0.21002928488442546,0.0010634048628775927,0.6052276742177735,0.606291079080651,0.044112300509063146
ENsiRNA_grouped,corrected_gnn,1103,rows,2927,0.07045791636778002,0.22191416755657703,0.020604858913039537,0.17891996365462795,0.06545376711070211,0.2682167682213015,0.022707959436987446,0.5951393918688075,0.6178473513057949,0.07194023475507938
ENsiRNA_grouped,corrected_gnn,1103,equal_study,2927,0.07751303975317662,0.23059493245069707,-0.25540708973565196,0.04585315349268625,0.1342337680854718,0.24848209258188658,-0.028457339023878037,0.6483678167452196,0.6199104777213416,0.06174335033387326
ENsiRNA_grouped,corrected_gnn,1103,equal_sequence,2927,0.0447115830835888,0.17006254319065695,-0.01358538474778781,0.18470314423824688,0.07378115593081673,0.21002928488442546,0.029665107351796727,0.6052276742177735,0.6348927815695702,0.044112300509063146
ENsiRNA_grouped,corrected_gnn,2207,rows,2927,0.07130948040283959,0.22704248681694003,0.008767754989779997,0.14509034776231097,0.06862795890385517,0.2682167682213015,0.0009241797171399835,0.5951393918688075,0.5960635715859475,0.07194023475507938
ENsiRNA_grouped,corrected_gnn,2207,equal_study,2927,0.08987776207054754,0.249326960051389,-0.4556670732077095,-0.001918691870764874,0.1565823767005938,0.24848209258188658,-0.05888180055669068,0.6483678167452196,0.5894860161885289,0.06174335033387326
ENsiRNA_grouped,corrected_gnn,2207,equal_sequence,2927,0.046719299816773335,0.17900323962016237,-0.0590991464427153,0.09264740166731532,0.0739224402663261,0.21002928488442546,0.004397329575053566,0.6052276742177735,0.609625003792827,0.044112300509063146
ENsiRNA_grouped,corrected_gnn,3301,rows,2927,0.07170178744523936,0.2151352095421484,0.0033145194848447357,0.2397584840632849,0.07153358659811664,0.2682167682213015,0.06200608473309566,0.5951393918688075,0.6571454766019031,0.07194023475507938
ENsiRNA_grouped,corrected_gnn,3301,equal_study,2927,0.08158793943010301,0.23520658264979952,-0.3214044749583784,0.06017126036630997,0.15345204775543111,0.24848209258188658,-0.029761196100529297,0.6483678167452196,0.6186066206446903,0.06174335033387326
ENsiRNA_grouped,corrected_gnn,3301,equal_sequence,2927,0.042276277094375356,0.16521329743230423,0.04162157478752593,0.2804795477121189,0.07380552183710375,0.21002928488442546,0.03758095956706453,0.6052276742177735,0.642808633784838,0.044112300509063146
ENsiRNA_grouped,corrected_gnn,4409,rows,2927,0.06887829033833016,0.21877590172641875,0.0425623356272552,0.22418398089485495,0.06800596486190381,0.2682167682213015,0.02217269596102167,0.5951393918688075,0.6173120878298292,0.07194023475507938
ENsiRNA_grouped,corrected_gnn,4409,equal_study,2927,0.07978278645811866,0.23415047711229764,-0.29216808007175343,0.05158736176187236,0.14256277232661962,0.24848209258188658,-0.03701599675533629,0.6483678167452196,0.6113518199898833,0.06174335033387326
ENsiRNA_grouped,corrected_gnn,4409,equal_sequence,2927,0.042232011269489216,0.16896971393708043,0.04262505509517944,0.2310375462718668,0.06972411392504119,0.21002928488442546,0.004993519248505551,0.6052276742177735,0.610221193466279,0.044112300509063146
ENsiRNA_grouped,corrected_gnn,5519,rows,2927,0.07192208414958007,0.22370724117996182,0.0002523011713974066,0.13842504664328906,0.05924636550801548,0.2682167682213015,0.02951450569726588,0.5951393918688075,0.6246538975660734,0.07194023475507938
ENsiRNA_grouped,corrected_gnn,5519,equal_study,2927,0.08220583781395609,0.24075096338195945,-0.3314120041985611,-0.014425231595062808,0.13430527148308818,0.24848209258188658,-0.03823311065289725,0.6483678167452196,0.6101347060923223,0.06174335033387326
ENsiRNA_grouped,corrected_gnn,5519,equal_sequence,2927,0.04548385172330749,0.1726296653427776,-0.03109226221295236,0.136192606792196,0.0576262112650815,0.21002928488442546,0.036708330278229284,0.6052276742177735,0.6419360044960027,0.044112300509063146
ENsiRNA_grouped,corrected_gnn,6637,rows,2927,0.07178113032057308,0.2247407559960785,0.002211619617978333,0.1448184852922945,0.06939663887345211,0.2682167682213015,0.020398875630753377,0.5951393918688075,0.6155382674995609,0.07194023475507938
ENsiRNA_grouped,corrected_gnn,6637,equal_study,2927,0.08985218278181073,0.24986345590765477,-0.4552527891010245,0.016589350562879374,0.1635300373665595,0.24848209258188658,-0.052105202750404755,0.6483678167452196,0.5962626139948148,0.06174335033387326
ENsiRNA_grouped,corrected_gnn,6637,equal_sequence,2927,0.04646203360434265,0.1740283993914238,-0.053267072180847475,0.1472713356193141,0.07500022495357252,0.21002928488442546,0.03693788385949737,0.6052276742177735,0.6421655580772708,0.044112300509063146
ENsiRNA_grouped,corrected_gnn,7753,rows,2927,0.07387580094894687,0.22308460002536853,-0.026905197077228493,0.10935951884114838,0.06382302049268927,0.2682167682213015,0.04007878694576683,0.5951393918688075,0.6352181788145743,0.07194023475507938
ENsiRNA_grouped,corrected_gnn,7753,equal_study,2927,0.0876289163802726,0.2464130206690311,-0.4192445972954948,-0.01627205832485576,0.14999176555300206,0.24848209258188658,-0.04663805710648805,0.6483678167452196,0.6017297596387315,0.06174335033387326
ENsiRNA_grouped,corrected_gnn,7753,equal_sequence,2927,0.04624618293307792,0.17581865983437434,-0.04837386396513943,0.07741198367959524,0.06115059785730773,0.21002928488442546,0.019569248264522776,0.6052276742177735,0.6247969224822962,0.044112300509063146
ENsiRNA_grouped,corrected_gnn,8867,rows,2927,0.07316435362039496,0.22143321607240776,-0.017015775240143416,0.13164315619628184,0.06442704642105854,0.2682167682213015,0.040286115226951136,0.5951393918688075,0.6354255070957586,0.07194023475507938
ENsiRNA_grouped,corrected_gnn,8867,equal_study,2927,0.0856269078727475,0.2444476443509029,-0.386819915176702,-0.006930166673876534,0.13874477141913102,0.24848209258188658,-0.06446396479590288,0.6483678167452196,0.5839038519493167,0.06174335033387326
ENsiRNA_grouped,corrected_gnn,8867,equal_sequence,2927,0.04494469320651934,0.17299974926195863,-0.018869854617651782,0.12870373600508703,0.062163353230757175,0.21002928488442546,0.018134338878336598,0.6052276742177735,0.6233620130961101,0.044112300509063146
ENsiRNA_grouped,corrected_gnn,9973,rows,2927,0.07702654879257034,0.2239928464441524,-0.07070193827984195,0.05759244735524255,0.0622466677190565,0.2682167682213015,0.05598881432070968,0.5951393918688075,0.6511282061895172,0.07194023475507938
ENsiRNA_grouped,corrected_gnn,9973,equal_study,2927,0.08170218441375078,0.24409376241494612,-0.3232547954063294,-0.033551194775801874,0.1222925028437916,0.24848209258188658,-0.054445423737603194,0.6483678167452196,0.5939223930076164,0.06174335033387326
ENsiRNA_grouped,corrected_gnn,9973,equal_sequence,2927,0.04488085493731303,0.17117787487258834,-0.01742267846792478,0.1666090387166019,0.07417249522124837,0.21002928488442546,0.02140090158473207,0.6052276742177735,0.6266285758025055,0.044112300509063146
ENsiRNA_grouped,corrected_gnn,11027,rows,2927,0.07358409016008088,0.2291099369348337,-0.02285029247677617,0.039223894816486034,0.0503574851882226,0.2682167682213015,0.012944171327106235,0.5951393918688075,0.6080835631959137,0.07194023475507938
ENsiRNA_grouped,corrected_gnn,11027,equal_study,2927,0.08031288571906967,0.24101115475247095,-0.3007536080368627,0.009230091746213242,0.12506654621726654,0.24848209258188658,-0.05917413099995672,0.6483678167452196,0.5891936857452629,0.06174335033387326
ENsiRNA_grouped,corrected_gnn,11027,equal_sequence,2927,0.047001394247630605,0.1773652586847566,-0.06549406186544005,0.07253818699793899,0.06489939309540331,0.21002928488442546,0.02558643495309121,0.6052276742177735,0.6308141091708647,0.044112300509063146
ENsiRNA_grouped,corrected_no_message,1103,rows,2927,0.07070848040381149,0.22285305536147632,0.017121911757188468,0.16968189266822667,0.06496912823052631,0.2682167682213015,0.021469670162129084,0.5951393918688075,0.6166090620309366,0.07194023475507938
ENsiRNA_grouped,corrected_no_message,1103,equal_study,2927,0.07794632608581667,0.23112674261390184,-0.2624246281474336,0.0345130612328632,0.13477717339798556,0.24848209258188658,-0.01870172152762961,0.6483678167452196,0.62966609521759,0.06174335033387326
ENsiRNA_grouped,corrected_no_message,1103,equal_sequence,2927,0.044959307835893796,0.17172420000508273,-0.019201159700492854,0.16983215452974407,0.07541945444362265,0.21002928488442546,0.0232227423728375,0.6052276742177735,0.628450416590611,0.044112300509063146
ENsiRNA_grouped,corrected_no_message,2207,rows,2927,0.07383548631105749,0.22504077108092874,-0.026344806385890873,0.12371630885158819,0.08442439057621591,0.2682167682213015,0.019252200690560772,0.5951393918688075,0.6143915925593683,0.07194023475507938
ENsiRNA_grouped,corrected_no_message,2207,equal_study,2927,0.10224972495401911,0.2581868392225811,-0.6560443254392612,-0.01283594420645727,0.1884155475850174,0.24848209258188658,-0.061677000676211846,0.6483678167452196,0.5866908160690077,0.06174335033387326
ENsiRNA_grouped,corrected_no_message,2207,equal_sequence,2927,0.04458559133207704,0.1718316210051685,-0.010729225579986457,0.19868425438097767,0.08795595289139317,0.21002928488442546,0.008818113948826256,0.6052276742177735,0.6140457881665997,0.044112300509063146
ENsiRNA_grouped,corrected_no_message,3301,rows,2927,0.06841281834661112,0.21482686966272763,0.049032595187899486,0.2778708381296814,0.06612147170267255,0.2682167682213015,0.04423291366402515,0.5951393918688075,0.6393723055328326,0.07194023475507938
ENsiRNA_grouped,corrected_no_message,3301,equal_study,2927,0.07729202166090099,0.22822751740206879,-0.2518274638961002,0.0607793798728651,0.140422606372255,0.24848209258188658,-0.00846477082599284,0.6483678167452196,0.6399030459192268,0.06174335033387326
ENsiRNA_grouped,corrected_no_message,3301,equal_sequence,2927,0.04228751694049422,0.16786369080530134,0.04136677406325728,0.24811694879544746,0.06230177397590257,0.21002928488442546,0.02805394297427266,0.6052276742177735,0.6332816171920461,0.044112300509063146
ENsiRNA_grouped,corrected_no_message,4409,rows,2927,0.06678284305664903,0.2185302272194027,0.07168994813526397,0.27153570674219063,0.06463249269064894,0.2682167682213015,0.008926008240697114,0.5951393918688075,0.6040654001095046,0.07194023475507938
ENsiRNA_grouped,corrected_no_message,4409,equal_study,2927,0.07634315225474814,0.2316238577150097,-0.23645950279548122,0.0391486328112569,0.12545767329371627,0.24848209258188658,-0.0360695429909107,0.6483678167452196,0.6122982737543089,0.06174335033387326
ENsiRNA_grouped,corrected_no_message,4409,equal_sequence,2927,0.041942029155165504,0.16896073380662274,0.049198779679417215,0.24097793947783122,0.0703700665268278,0.21002928488442546,0.0009908145469949003,0.6052276742177735,0.6062184887647684,0.044112300509063146
ENsiRNA_grouped,corrected_no_message,5519,rows,2927,0.07384597315658203,0.22624430420156794,-0.02649057801925081,0.06680551975917769,0.0563739158315655,0.2682167682213015,0.02734915576316732,0.5951393918688075,0.6224885476319748,0.07194023475507938
ENsiRNA_grouped,corrected_no_message,5519,equal_study,2927,0.08436599212477924,0.24386234708521393,-0.3663980277807324,-0.0014585832650450567,0.14142652418443005,0.24848209258188658,-0.05018630393210488,0.6483678167452196,0.5981815128131147,0.06174335033387326
ENsiRNA_grouped,corrected_no_message,5519,equal_sequence,2927,0.046064262869103596,0.17355096297969178,-0.04424984273126742,0.09725396137446463,0.05624288357942329,0.21002928488442546,0.03295989881050121,0.6052276742177735,0.6381875730282747,0.044112300509063146
ENsiRNA_grouped,corrected_no_message,6637,rows,2927,0.07123012510859782,0.2252862997263578,0.009870827484774414,0.148605716204687,0.06880450808238321,0.2682167682213015,0.006381628002451123,0.5951393918688075,0.6015210198712586,0.07194023475507938
ENsiRNA_grouped,corrected_no_message,6637,equal_study,2927,0.08973015680908665,0.246053423359079,-0.4532764471619455,0.06272624196693369,0.17050494886987685,0.24848209258188658,-0.06503820244475422,0.6483678167452196,0.5833296143004654,0.06174335033387326
ENsiRNA_grouped,corrected_no_message,6637,equal_sequence,2927,0.04469515340929726,0.17245389183663964,-0.013212933660405213,0.17587379898331912,0.07702189773568544,0.21002928488442546,0.018456699120274478,0.6052276742177735,0.6236843733380479,0.044112300509063146
ENsiRNA_grouped,corrected_no_message,7753,rows,2927,0.07377202763795053,0.22092039588225104,-0.025462703716598867,0.14501136768737355,0.06995429033312398,0.2682167682213015,0.048783826160723964,0.5951393918688075,0.6439232180295315,0.07194023475507938
ENsiRNA_grouped,corrected_no_message,7753,equal_study,2927,0.08939048656401016,0.24873611561518225,-0.4477751220275019,-0.0065321083390013565,0.15817173286342898,0.24848209258188658,-0.045993241828478304,0.6483678167452196,0.6023745749167413,0.06174335033387326
ENsiRNA_grouped,corrected_no_message,7753,equal_sequence,2927,0.04553563249722317,0.17273506441815525,-0.03226610201088009,0.15298709764937787,0.07460779527339678,0.21002928488442546,0.025525869530371836,0.6052276742177735,0.6307535437481453,0.044112300509063146
ENsiRNA_grouped,corrected_no_message,8867,rows,2927,0.07313340387953703,0.22402203090409997,-0.016585560618752382,0.10054488736891037,0.05912974253906823,0.2682167682213015,0.029766486868338826,0.5951393918688075,0.6249058787371463,0.07194023475507938
ENsiRNA_grouped,corrected_no_message,8867,equal_study,2927,0.08376214412456481,0.2430119241077766,-0.3566180596230415,-0.0046120646163165325,0.1342021368214453,0.24848209258188658,-0.06083571988766101,0.6483678167452196,0.5875320968575586,0.06174335033387326
ENsiRNA_grouped,corrected_no_message,8867,equal_sequence,2927,0.04522994757888402,0.17418368044278343,-0.025336404062427986,0.10924338373346427,0.06107775747051233,0.21002928488442546,0.013781458063973684,0.6052276742177735,0.6190091322817471,0.044112300509063146
ENsiRNA_grouped,corrected_no_message,9973,rows,2927,0.08136500019701559,0.2276972659465841,-0.13100826643147379,-0.006585243108637123,0.07229167024695644,0.2682167682213015,0.06279575032246243,0.5951393918688075,0.6579351421912699,0.07194023475507938
ENsiRNA_grouped,corrected_no_message,9973,equal_study,2927,0.09036749951267235,0.2515157059516434,-0.46359889808401755,-0.056844063448796577,0.14852680199854038,0.24848209258188658,-0.04866349524363067,0.6483678167452196,0.5997043215015889,0.06174335033387326
ENsiRNA_grouped,corrected_no_message,9973,equal_sequence,2927,0.04656996124239121,0.1739606268490047,-0.05571372848312728,0.12947284610631382,0.07744976308413686,0.21002928488442546,0.025911224903699015,0.6052276742177735,0.6311388991214725,0.044112300509063146
ENsiRNA_grouped,corrected_no_message,11027,rows,2927,0.07273483311498066,0.22660748697451288,-0.011045256699627082,0.0785828582406615,0.04706622648006805,0.2682167682213015,0.02373649117993093,0.5951393918688075,0.6188758830487384,0.07194023475507938
ENsiRNA_grouped,corrected_no_message,11027,equal_study,2927,0.07412777083902211,0.2325519020500056,-0.20057901682012536,0.03824949928162135,0.11565285563541008,0.24848209258188658,-0.03474535902167508,0.6483678167452196,0.6136224577235445,0.06174335033387326
ENsiRNA_grouped,corrected_no_message,11027,equal_sequence,2927,0.047189771959653556,0.17601308779548994,-0.06976447419599263,0.07801159426421217,0.05912479748154379,0.21002928488442546,0.038977124070260216,0.6052276742177735,0.6442047982880337,0.044112300509063146
ENsiRNA_grouped,guide_ridge,0,rows,2927,0.09378818510393461,0.2650911054488209,-0.3036958445192264,0.05582186379329777,0.11721321341065771,0.2682167682213015,-0.10779113963532488,0.5951393918688075,0.4873482522334826,0.07194023475507938
ENsiRNA_grouped,guide_ridge,0,equal_study,2927,0.07017448435297531,0.22294999543202043,-0.13655128809031636,0.12573700037981178,0.11199615911335205,0.24848209258188658,-0.05372405777145184,0.6483678167452196,0.5946437589737678,0.06174335033387326
ENsiRNA_grouped,guide_ridge,0,equal_sequence,2927,0.050247067265049225,0.18362725748394854,-0.13907156700489143,0.044730686764235326,0.08823303128533987,0.21002928488442546,0.0027484942187950834,0.6052276742177735,0.6079761684365685,0.044112300509063146
ENsiRNA_grouped,original_gnn,1103,rows,2927,0.07045804942569764,0.2219147096594976,0.020603009351134904,0.17891584433385296,0.0654527307991024,0.2682167682213015,0.02270850153990811,0.5951393918688075,0.6178478934087156,0.07194023475507938
ENsiRNA_grouped,original_gnn,1103,equal_study,2927,0.07751310531892155,0.23059519957784327,-0.25540815164344566,0.04585101058697903,0.1342335149817375,0.24848209258188658,-0.028457071896731856,0.6483678167452196,0.6199107448484877,0.06174335033387326
ENsiRNA_grouped,original_gnn,1103,equal_sequence,2927,0.044712448551421854,0.1700660692689871,-0.013605004396345377,0.184666626117081,0.0737743611323982,0.21002928488442546,0.029668633430126934,0.6052276742177735,0.6348963076479004,0.044112300509063146
ENsiRNA_grouped,original_gnn,2207,rows,2927,0.07130953532264914,0.2270426048451331,0.008766991580962391,0.14508888018353494,0.06862797024067598,0.2682167682213015,0.0009242977453330914,0.5951393918688075,0.5960636896141406,0.07194023475507938
ENsiRNA_grouped,original_gnn,2207,equal_study,2927,0.08987778913288466,0.2493270182110727,-0.45566751151138063,-0.0019191079159550206,0.15658238159213783,0.24848209258188658,-0.05888174239700694,0.6483678167452196,0.5894860743482127,0.06174335033387326
ENsiRNA_grouped,original_gnn,2207,equal_sequence,2927,0.04671965703962346,0.17900400732798707,-0.05910724447537308,0.09263586107696488,0.07392236788150451,0.21002928488442546,0.0043980972828782106,0.6052276742177735,0.6096257715006517,0.044112300509063146
ENsiRNA_grouped,original_gnn,3301,rows,2927,0.07170163973392918,0.2151348751289347,0.003316572735166834,0.2397613693946593,0.07153389651522901,0.2682167682213015,0.06200575031988198,0.5951393918688075,0.6571451421886895,0.07194023475507938
ENsiRNA_grouped,original_gnn,3301,equal_study,2927,0.08158786664373854,0.23520641786402907,-0.32140329610488116,0.060172451693746826,0.1534520775604245,0.24848209258188658,-0.02976136088629977,0.6483678167452196,0.6186064558589198,0.06174335033387326
ENsiRNA_grouped,original_gnn,3301,equal_sequence,2927,0.04227531631436443,0.16521112226013418,0.041643355107297,0.2805067356957614,0.0738070530532197,0.21002928488442546,0.03757878439489459,0.6052276742177735,0.642806458612668,0.044112300509063146
ENsiRNA_grouped,original_gnn,4409,rows,2927,0.06887794356245798,0.21877488804018294,0.04256715596004068,0.22419274518374313,0.06800710164106034,0.2682167682213015,0.02217168227478583,0.5951393918688075,0.6173110741435933,0.07194023475507938
ENsiRNA_grouped,original_gnn,4409,equal_study,2927,0.07978261558051294,0.23414997760731238,-0.2921653125250492,0.05159119778131801,0.14256301865656087,0.24848209258188658,-0.03701649626032166,0.6483678167452196,0.6113513204848979,0.06174335033387326
ENsiRNA_grouped,original_gnn,4409,equal_sequence,2927,0.04222975568509384,0.16896312047127537,0.04267618787151051,0.23112177521162017,0.06973065477401234,0.21002928488442546,0.004986925782700546,0.6052276742177735,0.610214600000474,0.044112300509063146
ENsiRNA_grouped,original_gnn,5519,rows,2927,0.07192238856018027,0.2237079231613604,0.0002480697339933835,0.13841623084127747,0.059246003220487786,0.2682167682213015,0.029515187678664456,0.5951393918688075,0.6246545795474719,0.07194023475507938
ENsiRNA_grouped,original_gnn,5519,equal_study,2927,0.08220598781561042,0.24075129943575635,-0.33141443363676815,-0.014428039259262986,0.13430522906174552,0.24848209258188658,-0.03823277459910046,0.6483678167452196,0.6101350421461191,0.06174335033387326
ENsiRNA_grouped,original_gnn,5519,equal_sequence,2927,0.04548583174514475,0.17263410125289655,-0.0311371481475875,0.13611525957801088,0.05762245794462145,0.21002928488442546,0.03671276618834829,0.6052276742177735,0.6419404404061217,0.044112300509063146
ENsiRNA_grouped,original_gnn,6637,rows,2927,0.07178147598142985,0.2247415378208571,0.0022068147843834485,0.14480960411582147,0.06939636309904584,0.2682167682213015,0.02039965745553185,0.5951393918688075,0.6155390493243393,0.07194023475507938
ENsiRNA_grouped,original_gnn,6637,equal_study,2927,0.08985235310998038,0.24986384116036972,-0.45525554774902033,0.016586712607261186,0.16353002511024364,0.24848209258188658,-0.052104817497689915,0.6483678167452196,0.5962629992475297,0.06174335033387326
ENsiRNA_grouped,original_gnn,6637,equal_sequence,2927,0.04646428193618214,0.17403348472726127,-0.05331804054598699,0.14720219800574189,0.07499675954688247,0.21002928488442546,0.036942969195334796,0.6052276742177735,0.6421706434131083,0.044112300509063146
ENsiRNA_grouped,original_gnn,7753,rows,2927,0.07387579818120162,0.22308459365152028,-0.026905158604386914,0.10935959443822395,0.0638230252964069,0.2682167682213015,0.04007878057191849,0.5951393918688075,0.635218172440726,0.07194023475507938
ENsiRNA_grouped,original_gnn,7753,equal_study,2927,0.08762891501643585,0.24641301752824762,-0.4192445752066909,-0.016272034833470648,0.14999176585898297,0.24848209258188658,-0.04663806024727157,0.6483678167452196,0.601729756497948,0.06174335033387326
ENsiRNA_grouped,original_gnn,7753,equal_sequence,2927,0.04624616493043273,0.17581861837603252,-0.04837345585572361,0.07741271065155922,0.061150623402996214,0.21002928488442546,0.019569206806180905,0.6052276742177735,0.6247968810239544,0.044112300509063146
ENsiRNA_grouped,original_gnn,8867,rows,2927,0.0731644350541178,0.22143339348124455,-0.017016907203683873,0.13164104689276768,0.06442694751865596,0.2682167682213015,0.04028629263578787,0.5951393918688075,0.6354256845045954,0.07194023475507938
ENsiRNA_grouped,original_gnn,8867,equal_study,2927,0.08562694800010553,0.24444773177104856,-0.3868205650824459,-0.006930872043132321,0.13874478125135198,0.24848209258188658,-0.0644638773757571,0.6483678167452196,0.5839039393694625,0.06174335033387326
ENsiRNA_grouped,original_gnn,8867,equal_sequence,2927,0.04494522288764538,0.17300090320788147,-0.018881862178353304,0.12868386240891017,0.06216291042544828,0.21002928488442546,0.018135492824259414,0.6052276742177735,0.6233631670420329,0.044112300509063146
ENsiRNA_grouped,original_gnn,9973,rows,2927,0.07702659198189159,0.22399302158243303,-0.07070253862986009,0.05759049647466939,0.06224622365088402,0.2682167682213015,0.055988989458990224,0.5951393918688075,0.6511283813277977,0.07194023475507938
ENsiRNA_grouped,original_gnn,9973,equal_study,2927,0.08170220569576143,0.2440938487162504,-0.3232551400913932,-0.03355200482961606,0.12229243183538727,0.24848209258188658,-0.05444533743629898,0.6483678167452196,0.5939224793089206,0.06174335033387326
ENsiRNA_grouped,original_gnn,9973,equal_sequence,2927,0.04488113585985371,0.17117901404980473,-0.017429046817283966,0.16659643697741702,0.07417044746889281,0.21002928488442546,0.021402040761948515,0.6052276742177735,0.626629714979722,0.044112300509063146
ENsiRNA_grouped,original_gnn,11027,rows,2927,0.07358424777249747,0.22911030763621856,-0.022852483356707642,0.039217861883008916,0.05035729749448487,0.2682167682213015,0.012944542028491157,0.5951393918688075,0.6080839338972986,0.07194023475507938
ENsiRNA_grouped,original_gnn,11027,equal_study,2927,0.08031296338431265,0.24101133741963485,-0.30075486590904754,0.009228456232389671,0.12506653656733066,0.24848209258188658,-0.05917394833279288,0.6483678167452196,0.5891938684124267,0.06174335033387326
ENsiRNA_grouped,original_gnn,11027,equal_sequence,2927,0.04700241942883809,0.17736766989131994,-0.06551730212259388,0.07249857822626911,0.06489760123580506,0.21002928488442546,0.02558884615965451,0.6052276742177735,0.630816520377428,0.044112300509063146
ENsiRNA_grouped,original_no_message,1103,rows,2927,0.07070862008582733,0.22285357765048527,0.017119970117488226,0.16967751489165445,0.06496822071114779,0.2682167682213015,0.021470192451138126,0.5951393918688075,0.6166095843199456,0.07194023475507938
ENsiRNA_grouped,original_no_message,1103,equal_study,2927,0.07794639491565848,0.2311269999775263,-0.2624257429207888,0.03451098359834093,0.13477693289918502,0.24848209258188658,-0.0187014641640052,0.6483678167452196,0.6296663525812144,0.06174335033387326
ENsiRNA_grouped,original_no_message,1103,equal_sequence,2927,0.04496021638980572,0.1717275972049254,-0.019221756085207264,0.1697943556208484,0.07541383583610817,0.21002928488442546,0.02322613957268027,0.6052276742177735,0.6284538137904537,0.044112300509063146
ENsiRNA_grouped,original_no_message,2207,rows,2927,0.0738359661850144,0.22504178356570437,-0.02635147683892103,0.12370637245606277,0.08442430166464936,0.2682167682213015,0.019253213175336348,0.5951393918688075,0.6143926050441438,0.07194023475507938
ENsiRNA_grouped,original_no_message,2207,equal_study,2927,0.10224996141716253,0.2581873381355337,-0.656048155214324,-0.01283890696135008,0.18841560130452775,0.24848209258188658,-0.06167650176325923,0.6483678167452196,0.5866913149819604,0.06174335033387326
ENsiRNA_grouped,original_no_message,2207,equal_sequence,2927,0.04458871264557003,0.17183820665614238,-0.01079998392758963,0.19860159226537596,0.0879554234734286,0.21002928488442546,0.008824699599800145,0.6052276742177735,0.6140523738175736,0.044112300509063146
ENsiRNA_grouped,original_no_message,3301,rows,2927,0.06841246268636367,0.21482611038060084,0.049037539017297016,0.27787878006114,0.06612187549107675,0.2682167682213015,0.044232154381898425,0.5951393918688075,0.6393715462507059,0.07194023475507938
ENsiRNA_grouped,original_no_message,3301,equal_study,2927,0.07729184640542215,0.22822714325749216,-0.2518246254450298,0.060782323582625704,0.14042270147764624,0.24848209258188658,-0.008465144970569494,0.6483678167452196,0.6399026717746501,0.06174335033387326
ENsiRNA_grouped,original_no_message,3301,equal_sequence,2927,0.04228520356817361,0.16785875209689002,0.041419216857985997,0.24819654975741579,0.0623040784066962,0.21002928488442546,0.028049004265861432,0.6052276742177735,0.6332766784836349,0.044112300509063146
ENsiRNA_grouped,original_no_message,4409,rows,2927,0.06678281446258125,0.218530134808785,0.07169034560502308,0.2715364302303257,0.06463260614880746,0.2682167682213015,0.0089259158300794,0.5951393918688075,0.6040653076988869,0.07194023475507938
ENsiRNA_grouped,original_no_message,4409,equal_study,2927,0.07634313816470834,0.23162381217866662,-0.23645927459212457,0.03914902950741731,0.12545770508416618,0.24848209258188658,-0.036069588527253726,0.6483678167452196,0.6122982282179659,0.06174335033387326
ENsiRNA_grouped,original_no_message,4409,equal_sequence,2927,0.04194184316664008,0.1689601327268939,0.04920299593028776,0.24098512181304893,0.07037076272425793,0.21002928488442546,0.0009902134672660212,0.6052276742177735,0.6062178876850395,0.044112300509063146
ENsiRNA_grouped,original_no_message,5519,rows,2927,0.07384617085517223,0.2262447683113934,-0.026493326114122473,0.06679899462916958,0.05637359062298314,0.2682167682213015,0.02734961987299267,0.5951393918688075,0.6224890117418002,0.07194023475507938
ENsiRNA_grouped,original_no_message,5519,equal_study,2927,0.08436608954292293,0.24386257578040904,-0.36639960557240014,-0.001460395067826913,0.14142649961357795,0.24848209258188658,-0.050186075236909655,0.6483678167452196,0.5981817415083099,0.06174335033387326
ENsiRNA_grouped,original_no_message,5519,equal_sequence,2927,0.046065548788600266,0.1735539817562675,-0.04427899377262845,0.09719896853729525,0.05623992058125174,0.21002928488442546,0.03296291758707692,0.6052276742177735,0.6381905918048504,0.044112300509063146
ENsiRNA_grouped,original_no_message,6637,rows,2927,0.0712304441741501,0.22528724957229254,0.009866392337274932,0.1485960235492299,0.06880363056198237,0.2682167682213015,0.006382577848385695,0.5951393918688075,0.6015219697171932,0.07194023475507938
ENsiRNA_grouped,original_no_message,6637,equal_study,2927,0.089730314032129,0.2460538914060573,-0.45327899355830237,0.06272321256449406,0.170504824317026,0.24848209258188658,-0.06503773439777594,0.6483678167452196,0.5833300823474437,0.06174335033387326
ENsiRNA_grouped,original_no_message,6637,equal_sequence,2927,0.04469722875345617,0.17246007005675276,-0.01325998049620769,0.1757996582358032,0.0770150206193533,0.21002928488442546,0.01846287734038765,0.6052276742177735,0.6236905515581611,0.044112300509063146
ENsiRNA_grouped,original_no_message,7753,rows,2927,0.0737719131465597,0.22092009838848423,-0.02546111223734915,0.14501421891360092,0.06995463691158424,0.2682167682213015,0.04878352866695723,0.5951393918688075,0.6439229205357647,0.07194023475507938
ENsiRNA_grouped,original_no_message,7753,equal_study,2927,0.08939043014712449,0.24873596902187323,-0.4477742082953289,-0.00653106854289157,0.1581717698871341,0.24848209258188658,-0.04599338842178735,0.6483678167452196,0.6023744283234322,0.06174335033387326
ENsiRNA_grouped,original_no_message,7753,equal_sequence,2927,0.04553488779433218,0.1727331293864763,-0.0322492200327833,0.1530125110371579,0.07460956736007014,0.21002928488442546,0.025523934498692835,0.6052276742177735,0.6307516087164663,0.044112300509063146
ENsiRNA_grouped,original_no_message,8867,rows,2927,0.07313347208181965,0.22402218041462335,-0.016586508659620636,0.10054288026284522,0.0591296747223767,0.2682167682213015,0.029766636378862232,0.5951393918688075,0.6249060282476697,0.07194023475507938
ENsiRNA_grouped,original_no_message,8867,equal_study,2927,0.08376217773198591,0.24301199778072308,-0.3566186039313908,-0.004612679413539765,0.13420214261477545,0.24848209258188658,-0.0608356462147146,0.6483678167452196,0.587532170530505,0.06174335033387326
ENsiRNA_grouped,original_no_message,8867,equal_sequence,2927,0.04523039119684231,0.17418465292567664,-0.025346460621554767,0.10922614722441851,0.061077424310431574,0.21002928488442546,0.013782430546866897,0.6052276742177735,0.6190101047646404,0.044112300509063146
ENsiRNA_grouped,original_no_message,9973,rows,2927,0.08136487421417272,0.22769653621223304,-0.13100651521613105,-0.006576584872211486,0.07229370536946889,0.2682167682213015,0.06279502058811148,0.5951393918688075,0.657934412456919,0.07194023475507938
ENsiRNA_grouped,original_no_message,9973,equal_study,2927,0.09036743743324793,0.25151534636705664,-0.4635978926409361,-0.05684121841129324,0.14852714912980372,0.24848209258188658,-0.048663854828217445,0.6483678167452196,0.5997039619170021,0.06174335033387326
ENsiRNA_grouped,original_no_message,9973,equal_sequence,2927,0.046569141793988834,0.1739558803324591,-0.05569515206809306,0.12952356823547453,0.07746047592848819,0.21002928488442546,0.02590647838715332,0.6052276742177735,0.6311341526049268,0.044112300509063146
ENsiRNA_grouped,original_no_message,11027,rows,2927,0.07273513466604183,0.22660816068823605,-0.011049448388216643,0.0785714422999178,0.04706586749954545,0.2682167682213015,0.023737164893654183,0.5951393918688075,0.6188765567624617,0.07194023475507938
ENsiRNA_grouped,original_no_message,11027,equal_study,2927,0.0741279194316073,0.23255223402981498,-0.2005814234369414,0.03824630237335598,0.11565279872802832,0.24848209258188658,-0.03474502704186566,0.6483678167452196,0.6136227897033539,0.06174335033387326
ENsiRNA_grouped,original_no_message,11027,equal_sequence,2927,0.04719173338177801,0.17601746992897382,-0.0698089384860392,0.077933510272914,0.059121061188876646,0.21002928488442546,0.038981506203744076,0.6052276742177735,0.6442091804215175,0.044112300509063146
ENsiRNA_grouped,pairwise_ridge,0,rows,2927,0.0736896229433976,0.23344311494854966,-0.02431724325440454,0.05803598030160321,0.053546989285792955,0.2682167682213015,-0.023434096684095462,0.5951393918688075,0.571705295184712,0.07194023475507938
ENsiRNA_grouped,pairwise_ridge,0,equal_study,2927,0.0665749462220898,0.21330681114636713,-0.07825289463707419,0.12691954783066803,0.10192916861703052,0.24848209258188658,-0.029515567546315458,0.6483678167452196,0.6188522491989041,0.06174335033387326
ENsiRNA_grouped,pairwise_ridge,0,equal_sequence,2927,0.04668940772833095,0.1845935013813331,-0.05842151031634191,0.09882335265061859,0.05659593365492061,0.21002928488442546,-0.04151379356285678,0.6052276742177735,0.5637138806549167,0.044112300509063146
ENsiRNA_grouped,token_cnn,1103,rows,2927,0.07088282941092551,0.21928800830093298,0.014698386066626101,0.19683800836736537,0.06136404380835573,0.2682167682213015,0.04070023832062153,0.5951393918688075,0.635839630189429,0.07194023475507938
ENsiRNA_grouped,token_cnn,1103,equal_study,2927,0.07559724923272006,0.23179257832640165,-0.22437880069566551,0.08143967975188027,0.13319194407789067,0.24848209258188658,-0.038786979154865286,0.6483678167452196,0.6095808375903543,0.06174335033387326
ENsiRNA_grouped,token_cnn,1103,equal_sequence,2927,0.04413607147621408,0.1725207787383583,-0.000538873894052605,0.14913305327879373,0.05297581707813935,0.21002928488442546,0.023151318464597725,0.6052276742177735,0.6283789926823712,0.044112300509063146
ENsiRNA_grouped,token_cnn,2207,rows,2927,0.07538353808107222,0.23089995158366222,-0.04786338740366314,0.09416909191616803,0.08834936112539442,0.2682167682213015,0.010035050789569455,0.5951393918688075,0.6051744426583769,0.07194023475507938
ENsiRNA_grouped,token_cnn,2207,equal_study,2927,0.09454530356204632,0.24689466548048933,-0.5312629303528005,0.04858079972765573,0.18980102414685068,0.24848209258188658,-0.036876482181758985,0.6483678167452196,0.6114913345634606,0.06174335033387326
ENsiRNA_grouped,token_cnn,2207,equal_sequence,2927,0.05044062346240516,0.179045117283423,-0.14345937256302976,0.12752658171891681,0.09061678852857905,0.21002928488442546,0.05450814733551779,0.6052276742177735,0.6597358215532912,0.044112300509063146
ENsiRNA_grouped,token_cnn,3301,rows,2927,0.07252204615623516,0.2238345363461853,-0.0080874270585376,0.14544412984188052,0.06873441109201045,0.2682167682213015,0.034930317888009266,0.5951393918688075,0.6300697097568168,0.07194023475507938
ENsiRNA_grouped,token_cnn,3301,equal_study,2927,0.08414740140717324,0.2456749473064156,-0.36285771588602644,0.03463935013242748,0.15056964091736216,0.24848209258188658,-0.048216365087103474,0.6483678167452196,0.6001514516581161,0.06174335033387326
ENsiRNA_grouped,token_cnn,3301,equal_sequence,2927,0.047792726105215594,0.1749758261959591,-0.08343309130740706,0.15315561256322918,0.08602731980554947,0.21002928488442546,0.04259384480377748,0.6052276742177735,0.6478215190215509,0.044112300509063146
ENsiRNA_grouped,token_cnn,4409,rows,2927,0.07148467387965517,0.22935377206702992,0.00633249080956122,0.16218055346957433,0.07958637256443464,0.2682167682213015,-0.011592680630603702,0.5951393918688075,0.5835467112382038,0.07194023475507938
ENsiRNA_grouped,token_cnn,4409,equal_study,2927,0.07893577777931556,0.2368758291448693,-0.27844986306177644,0.07488700421311995,0.1401587576439254,0.24848209258188658,-0.052574905751842094,0.6483678167452196,0.5957929109933775,0.06174335033387326
ENsiRNA_grouped,token_cnn,4409,equal_sequence,2927,0.0472818601816916,0.1734994590395444,-0.07185206022019308,0.17724714430554844,0.08825399273546969,0.21002928488442546,0.04417772368831663,0.6052276742177735,0.6494053979060901,0.044112300509063146
ENsiRNA_grouped,token_cnn,5519,rows,2927,0.07127152132760647,0.22161395082817492,0.009295402353766913,0.1819313997814673,0.08474803646132673,0.2682167682213015,0.020493061935368373,0.5951393918688075,0.6156324538041759,0.07194023475507938
ENsiRNA_grouped,token_cnn,5519,equal_study,2927,0.08351885988230247,0.24003745328442344,-0.3526778095240948,0.055326390555673635,0.14943778540333405,0.24848209258188658,-0.05960440260608302,0.6483678167452196,0.5887634141391366,0.06174335033387326
ENsiRNA_grouped,token_cnn,5519,equal_sequence,2927,0.0448390701434869,0.17104463436734094,-0.016475441680363856,0.18783617466891125,0.08121484700553828,0.21002928488442546,0.023215252444371393,0.6052276742177735,0.6284429266621449,0.044112300509063146
ENsiRNA_grouped,token_cnn,6637,rows,2927,0.07192529952597927,0.22649500311997148,0.00020760606565928263,0.14704479285958058,0.07372611838427119,0.2682167682213015,0.019105565516013057,0.5951393918688075,0.6142449573848205,0.07194023475507938
ENsiRNA_grouped,token_cnn,6637,equal_study,2927,0.07863018298999472,0.2356526638915494,-0.2735004266015204,0.08934804633739228,0.14994120992793292,0.24848209258188658,-0.032592524227108566,0.6483678167452196,0.615775292518111,0.06174335033387326
ENsiRNA_grouped,token_cnn,6637,equal_sequence,2927,0.05044726236698799,0.17822842079361806,-0.14360987263911307,0.15201060569602104,0.08839466335732712,0.21002928488442546,0.0645417802572893,0.6052276742177735,0.6697694544750628,0.044112300509063146
ENsiRNA_grouped,token_cnn,7753,rows,2927,0.07311496582026875,0.22555348590302474,-0.016329263717149933,0.0963955735579598,0.06054670146635211,0.2682167682213015,0.025292033242821033,0.5951393918688075,0.6204314251116285,0.07194023475507938
ENsiRNA_grouped,token_cnn,7753,equal_study,2927,0.08024466092124063,0.23647725482536822,-0.2996486340200639,0.06209052666132644,0.1437273958337311,0.24848209258188658,-0.0477358270178031,0.6483678167452196,0.6006319897274165,0.06174335033387326
ENsiRNA_grouped,token_cnn,7753,equal_sequence,2927,0.04701958625134075,0.1731194473055613,-0.06590646392790789,0.10551357338993805,0.057302417844920496,0.21002928488442546,0.0465131119215999,0.6052276742177735,0.6517407861393734,0.044112300509063146
ENsiRNA_grouped,token_cnn,8867,rows,2927,0.07405222921772,0.22517658432278567,-0.029357625393229725,0.10176913520300053,0.06939390788929335,0.2682167682213015,0.03293718868186579,0.5951393918688075,0.6280765805506733,0.07194023475507938
ENsiRNA_grouped,token_cnn,8867,equal_study,2927,0.08392704396199313,0.24187598252537834,-0.3592887899371018,0.02902878471383753,0.15142411635184733,0.24848209258188658,-0.03793303636958578,0.6483678167452196,0.6104347803756338,0.06174335033387326
ENsiRNA_grouped,token_cnn,8867,equal_sequence,2927,0.046420188881139954,0.1729044545920756,-0.05231847682944202,0.1635759245299842,0.08744662487271818,0.21002928488442546,0.02587590030091791,0.6052276742177735,0.6311035745186914,0.044112300509063146
ENsiRNA_grouped,token_cnn,9973,rows,2927,0.07395199857876329,0.22688081756027473,-0.02796437668757923,0.11904412326573043,0.08425868636479185,0.2682167682213015,0.017115342784669196,0.5951393918688075,0.6122547346534767,0.07194023475507938
ENsiRNA_grouped,token_cnn,9973,equal_study,2927,0.09380425713345024,0.2552774087833269,-0.519260886009743,0.010949548720590618,0.1643558291891589,0.24848209258188658,-0.07708706746971483,0.6483678167452196,0.5712807492755048,0.06174335033387326
ENsiRNA_grouped,token_cnn,9973,equal_sequence,2927,0.04752008764699754,0.17278340698671496,-0.07725253724262782,0.2269712937148762,0.11231559019433039,0.21002928488442546,0.03874664685614082,0.6052276742177735,0.6439743210739143,0.044112300509063146
ENsiRNA_grouped,token_cnn,11027,rows,2927,0.0757650946162797,0.2322343157766457,-0.05316718626540573,0.06386120030429268,0.0792557895263308,0.2682167682213015,0.01607694671738058,0.5951393918688075,0.6112163385861881,0.07194023475507938
ENsiRNA_grouped,token_cnn,11027,equal_study,2927,0.09492005873882542,0.258538663811401,-0.5373324937106783,-0.02101981570654196,0.1676621582937477,0.24848209258188658,-0.05757338056539951,0.6483678167452196,0.5907944361798201,0.06174335033387326
ENsiRNA_grouped,token_cnn,11027,equal_sequence,2927,0.05336990148335555,0.1824202863089256,-0.2098643885596121,0.09023435969931576,0.08683317634965244,0.21002928488442546,0.07077358632953212,0.6052276742177735,0.6760012605473056,0.044112300509063146
