population,method,seed,weighting,sequence_components,exact_backgrounds,n,mse,mae,r_squared,correlation,prediction_sd,label_sd,mean_bias,label_mean,prediction_mean,oracle_test_mean_mse,sign_accuracy,non_tie_correct,non_ties,negative_calls,zero_calls,positive_calls
b2outer0,activity_gnn,1103,rows,3,4,24,0.4300033567837873,0.4036798838615417,-0.031180714257488917,-0.40542859639493034,0.008259116589511046,0.6457561217151866,0.09278776581287382,-0.1744291666666666,-0.08164140085379279,0.41700096873263887,0.7083333333333334,17,22,24,0,0
b2outer0,activity_gnn,1103,equal_sequence,3,4,24,0.33684608589711834,0.3708446295261383,-0.09215067065889015,-0.34693646431888686,0.008144015825920002,0.5553598438814131,0.15879834709167479,-0.23886388888888882,-0.08006554179721405,0.3084245561959875,0.7777777777777777,17,22,24,0,0
b2outer0,activity_gnn,1103,equal_background,3,4,24,0.4300033567837873,0.4036798838615417,-0.031180714257488917,-0.40542859639493034,0.008259116589511046,0.6457561217151866,0.09278776581287382,-0.1744291666666666,-0.08164140085379279,0.41700096873263887,0.7083333333333334,17,22,24,0,0
b2outer0,activity_gnn,2207,rows,3,4,24,0.4226378070623106,0.3954479906797408,-0.013517566510224954,0.01705023542409839,0.005053546162188426,0.6457561217151866,0.07564774985313416,-0.1744291666666666,-0.09878141681353245,0.41700096873263887,0.7083333333333334,17,22,24,0,0
b2outer0,activity_gnn,2207,equal_sequence,3,4,24,0.3284484787487094,0.36088013031747596,-0.06492324346573031,-0.03429693772277364,0.005549424124752876,0.5553598438814131,0.1406475207964579,-0.23886388888888882,-0.09821636809243092,0.3084245561959875,0.7777777777777777,17,22,24,0,0
b2outer0,activity_gnn,2207,equal_background,3,4,24,0.4226378070623106,0.3954479906797408,-0.013517566510224954,0.01705023542409839,0.005053546162188426,0.6457561217151866,0.07564774985313416,-0.1744291666666666,-0.09878141681353245,0.41700096873263887,0.7083333333333334,17,22,24,0,0
b2outer0,activity_gnn,3301,rows,3,4,24,0.42917163071008435,0.40839938460191083,-0.029186171951674167,0.4293237406062067,0.0028831332161160586,0.6457561217151866,0.117307204357783,-0.1744291666666666,-0.057121962308883605,0.41700096873263887,0.7083333333333334,17,22,24,0,0
b2outer0,activity_gnn,3301,equal_sequence,3,4,24,0.3401553664830114,0.37819140532281664,-0.10288029811368404,0.38150761187290816,0.0028309359246622644,0.5553598438814131,0.1814453073766496,-0.23886388888888882,-0.057418581512239206,0.3084245561959875,0.7777777777777777,17,22,24,0,0
b2outer0,activity_gnn,3301,equal_background,3,4,24,0.42917163071008435,0.40839938460191083,-0.029186171951674167,0.4293237406062067,0.0028831332161160586,0.6457561217151866,0.117307204357783,-0.1744291666666666,-0.057121962308883605,0.41700096873263887,0.7083333333333334,17,22,24,0,0
b2outer0,activity_gnn,4409,rows,3,4,24,0.4166663014834367,0.3829551811774572,0.0008025574861835194,0.08894241523711394,0.007366703239773822,0.6457561217151866,0.021384088548024427,-0.1744291666666666,-0.15304507811864218,0.41700096873263887,0.7083333333333334,17,22,24,0,0
b2outer0,activity_gnn,4409,equal_sequence,3,4,24,0.31478129220836615,0.34119143161773674,-0.020610343387636343,0.09191725040553964,0.007816579293399992,0.5553598438814131,0.08422389975123934,-0.23886388888888882,-0.15463998913764948,0.3084245561959875,0.7777777777777777,17,22,24,0,0
b2outer0,activity_gnn,4409,equal_background,3,4,24,0.4166663014834367,0.3829551811774572,0.0008025574861835194,0.08894241523711394,0.007366703239773822,0.6457561217151866,0.021384088548024427,-0.1744291666666666,-0.15304507811864218,0.41700096873263887,0.7083333333333334,17,22,24,0,0
b2outer0,activity_gnn,5519,rows,3,4,24,0.41525502295167105,0.38871025106906887,0.0041869106114409416,0.3314962897835044,0.016698766875018655,0.6457561217151866,0.0715854300578435,-0.1744291666666666,-0.10284373660882311,0.41700096873263887,0.7083333333333334,17,22,24,0,0
b2outer0,activity_gnn,5519,equal_sequence,3,4,24,0.320438351240617,0.35230853103531734,-0.03895213530596875,0.2998793902648924,0.0168123075267387,0.5553598438814131,0.13164732208781768,-0.23886388888888882,-0.10721656680107114,0.3084245561959875,0.7777777777777777,17,22,24,0,0
b2outer0,activity_gnn,5519,equal_background,3,4,24,0.41525502295167105,0.38871025106906887,0.0041869106114409416,0.3314962897835044,0.016698766875018655,0.6457561217151866,0.0715854300578435,-0.1744291666666666,-0.10284373660882311,0.41700096873263887,0.7083333333333334,17,22,24,0,0
b2outer0,activity_gnn,6637,rows,3,4,24,0.4194833584593089,0.3956039164304732,-0.005952959136316993,0.4821610115622197,0.00704501404132656,0.6457561217151866,0.08258211945692698,-0.1744291666666666,-0.09184704720973963,0.41700096873263887,0.7083333333333334,17,22,24,0,0
b2outer0,activity_gnn,6637,equal_sequence,3,4,24,0.32697185990440025,0.361900224076377,-0.06013562583073595,0.46385625964962474,0.0058108709212910245,0.5553598438814131,0.14665395038922624,-0.23886388888888882,-0.09220993849966258,0.3084245561959875,0.7777777777777777,17,22,24,0,0
b2outer0,activity_gnn,6637,equal_background,3,4,24,0.4194833584593089,0.3956039164304732,-0.005952959136316993,0.4821610115622197,0.00704501404132656,0.6457561217151866,0.08258211945692698,-0.1744291666666666,-0.09184704720973963,0.41700096873263887,0.7083333333333334,17,22,24,0,0
b2outer0,activity_gnn,7753,rows,3,4,24,0.4212044330379837,0.3873715128262838,-0.010080226715348362,-0.23788493173046593,0.010186892308321639,0.6457561217151866,0.0311441703160604,-0.1744291666666666,-0.1432849963506062,0.41700096873263887,0.7083333333333334,17,22,24,0,0
b2outer0,activity_gnn,7753,equal_sequence,3,4,24,0.32027466089970175,0.34709295372433124,-0.038421404734660936,-0.19849487289322787,0.011325566159083665,0.5553598438814131,0.09604615652826098,-0.23886388888888882,-0.14281773236062784,0.3084245561959875,0.7777777777777777,17,22,24,0,0
b2outer0,activity_gnn,7753,equal_background,3,4,24,0.4212044330379837,0.3873715128262838,-0.010080226715348362,-0.23788493173046593,0.010186892308321639,0.6457561217151866,0.0311441703160604,-0.1744291666666666,-0.1432849963506062,0.41700096873263887,0.7083333333333334,17,22,24,0,0
b2outer0,activity_gnn,8867,rows,3,4,24,0.4347109259406843,0.4142995647350946,-0.04246982270058042,0.10908752447805127,0.011848435951536224,0.6457561217151866,0.1387042635202408,-0.1744291666666666,-0.03572490314642583,0.41700096873263887,0.7083333333333334,17,22,24,0,0
b2outer0,activity_gnn,8867,equal_sequence,3,4,24,0.3466118005554303,0.385190706957711,-0.12381389092500394,0.1546392104375386,0.012128930350780793,0.5553598438814131,0.20030828334490458,-0.23886388888888882,-0.03855560554398425,0.3084245561959875,0.7777777777777777,17,22,24,0,0
b2outer0,activity_gnn,8867,equal_background,3,4,24,0.4347109259406843,0.4142995647350946,-0.04246982270058042,0.10908752447805127,0.011848435951536224,0.6457561217151866,0.1387042635202408,-0.1744291666666666,-0.03572490314642583,0.41700096873263887,0.7083333333333334,17,22,24,0,0
b2outer0,activity_gnn,9973,rows,3,4,24,0.44226672017748947,0.42540577270189905,-0.060589191247298446,-0.29698133590608744,0.003983585094614701,0.6457561217151866,0.1540193442026774,-0.1744291666666666,-0.0204098224639892,0.41700096873263887,0.5416666666666666,12,22,18,6,0
b2outer0,activity_gnn,9973,equal_sequence,3,4,24,0.35777856915298883,0.40042354150878057,-0.16001972594438763,-0.2600929704850529,0.004096771151995797,0.5553598438814131,0.21943953981929354,-0.23886388888888882,-0.019424349069595274,0.3084245561959875,0.5555555555555555,12,22,18,6,0
b2outer0,activity_gnn,9973,equal_background,3,4,24,0.44226672017748947,0.42540577270189905,-0.060589191247298446,-0.29698133590608744,0.003983585094614701,0.6457561217151866,0.1540193442026774,-0.1744291666666666,-0.0204098224639892,0.41700096873263887,0.5416666666666666,12,22,18,6,0
b2outer0,activity_gnn,11027,rows,3,4,24,0.43136582282703323,0.4114970288435617,-0.03444801132729358,0.17278187506904655,0.005486991640656504,0.6457561217151866,0.12473639682133994,-0.1744291666666666,-0.049692769845326674,0.41700096873263887,0.7083333333333334,17,22,24,0,0
b2outer0,activity_gnn,11027,equal_sequence,3,4,24,0.34311616482892504,0.38216692028045646,-0.11248004718175819,0.1256804780538863,0.006102291904745528,0.5553598438814131,0.18843095518747965,-0.23886388888888882,-0.050432933701409166,0.3084245561959875,0.7777777777777777,17,22,24,0,0
b2outer0,activity_gnn,11027,equal_background,3,4,24,0.43136582282703323,0.4114970288435617,-0.03444801132729358,0.17278187506904655,0.005486991640656504,0.6457561217151866,0.12473639682133994,-0.1744291666666666,-0.049692769845326674,0.41700096873263887,0.7083333333333334,17,22,24,0,0
b2outer0,pair_gnn,1103,rows,3,4,24,0.41657958704133413,0.38713709603548035,0.0010105053055041724,0.42824524226734795,0.005125140022844692,0.6457561217151866,0.04885677084525428,-0.1744291666666666,-0.12557239582141233,0.41700096873263887,0.7083333333333334,17,22,24,0,0
b2outer0,pair_gnn,1103,equal_sequence,3,4,24,0.3192983638382861,0.34893177412350973,-0.03525597240509226,0.3666844746096161,0.004665735030841249,0.5553598438814131,0.11292615384790633,-0.23886388888888882,-0.1259377350409825,0.3084245561959875,0.7777777777777777,17,22,24,0,0
b2outer0,pair_gnn,1103,equal_background,3,4,24,0.41657958704133413,0.38713709603548035,0.0010105053055041724,0.42824524226734795,0.005125140022844692,0.6457561217151866,0.04885677084525428,-0.1744291666666666,-0.12557239582141233,0.41700096873263887,0.7083333333333334,17,22,24,0,0
b2outer0,pair_gnn,2207,rows,3,4,24,0.4178212177702344,0.3930926761786142,-0.0019670195013898883,0.24990905494000484,0.011773443011642888,0.6457561217151866,0.06694504206577938,-0.1744291666666666,-0.10748412460088723,0.41700096873263887,0.7083333333333334,17,22,24,0,0
b2outer0,pair_gnn,2207,equal_sequence,3,4,24,0.3238145588683252,0.3579392489274343,-0.04989875923679099,0.19077331916225937,0.01112247840319948,0.5553598438814131,0.13275201801723902,-0.23886388888888882,-0.10611187087164979,0.3084245561959875,0.7777777777777777,17,22,24,0,0
b2outer0,pair_gnn,2207,equal_background,3,4,24,0.4178212177702344,0.3930926761786142,-0.0019670195013898883,0.24990905494000484,0.011773443011642888,0.6457561217151866,0.06694504206577938,-0.1744291666666666,-0.10748412460088723,0.41700096873263887,0.7083333333333334,17,22,24,0,0
b2outer0,pair_gnn,3301,rows,3,4,24,0.4158618910705992,0.38369043427308397,0.002731594762241496,0.402599811329013,0.0033848442914680235,0.6457561217151866,0.024687194180488564,-0.1744291666666666,-0.14974197248617804,0.41700096873263887,0.7083333333333334,17,22,24,0,0
b2outer0,pair_gnn,3301,equal_sequence,3,4,24,0.3152620175031583,0.342697084681193,-0.022168991313473496,0.35405129256143314,0.0028607930575784415,0.5553598438814131,0.08918682089381746,-0.23886388888888882,-0.14967706799507136,0.3084245561959875,0.7777777777777777,17,22,24,0,0
b2outer0,pair_gnn,3301,equal_background,3,4,24,0.4158618910705992,0.38369043427308397,0.002731594762241496,0.402599811329013,0.0033848442914680235,0.6457561217151866,0.024687194180488564,-0.1744291666666666,-0.14974197248617804,0.41700096873263887,0.7083333333333334,17,22,24,0,0
b2outer0,pair_gnn,4409,rows,3,4,24,0.4118482257392226,0.3775246764977773,0.01235666912016209,0.3232662454929427,0.013710736729821442,0.6457561217151866,-0.019584101088841788,-0.1744291666666666,-0.1940132677555084,0.41700096873263887,0.7083333333333334,17,22,24,0,0
b2outer0,pair_gnn,4409,equal_sequence,3,4,24,0.3063670173168555,0.3307851957639058,0.006671125362095243,0.2562735072967411,0.014326767328877167,0.5553598438814131,0.042606231413947177,-0.23886388888888882,-0.19625765747494164,0.3084245561959875,0.7777777777777777,17,22,24,0,0
b2outer0,pair_gnn,4409,equal_background,3,4,24,0.4118482257392226,0.3775246764977773,0.01235666912016209,0.3232662454929427,0.013710736729821442,0.6457561217151866,-0.019584101088841788,-0.1744291666666666,-0.1940132677555084,0.41700096873263887,0.7083333333333334,17,22,24,0,0
b2outer0,pair_gnn,5519,rows,3,4,24,0.4110663400417596,0.3785671865701674,0.014231690417688792,0.3218543439300872,0.015203010010268823,0.6457561217151866,0.012401981504758186,-0.1744291666666666,-0.16202718516190842,0.41700096873263887,0.7083333333333334,17,22,24,0,0
b2outer0,pair_gnn,5519,equal_sequence,3,4,24,0.3090633427316573,0.33591355290942715,-0.002071127356227276,0.2872105576365769,0.015439932318953747,0.5553598438814131,0.07297872521082557,-0.23886388888888882,-0.16588516367806325,0.3084245561959875,0.7777777777777777,17,22,24,0,0
b2outer0,pair_gnn,5519,equal_background,3,4,24,0.4110663400417596,0.3785671865701674,0.014231690417688792,0.3218543439300872,0.015203010010268823,0.6457561217151866,0.012401981504758186,-0.1744291666666666,-0.16202718516190842,0.41700096873263887,0.7083333333333334,17,22,24,0,0
b2outer0,pair_gnn,6637,rows,3,4,24,0.4115960105695021,0.3856798245588938,0.012961500256374991,0.3186394765920319,0.016774171784194363,0.6457561217151866,0.034881083520253486,-0.1744291666666666,-0.13954808314641312,0.41700096873263887,0.7083333333333334,17,22,24,0,0
b2outer0,pair_gnn,6637,equal_sequence,3,4,24,0.314757660893405,0.34675782053735515,-0.02053372395352704,0.2546378070202755,0.014333762788210256,0.5553598438814131,0.10090432913038466,-0.23886388888888882,-0.13795955975850416,0.3084245561959875,0.7777777777777777,17,22,24,0,0
b2outer0,pair_gnn,6637,equal_background,3,4,24,0.4115960105695021,0.3856798245588938,0.012961500256374991,0.3186394765920319,0.016774171784194363,0.6457561217151866,0.034881083520253486,-0.1744291666666666,-0.13954808314641312,0.41700096873263887,0.7083333333333334,17,22,24,0,0
b2outer0,pair_gnn,7753,rows,3,4,24,0.4166406177161719,0.38375708220005034,0.0008641491111212041,0.03362047002356283,0.01524381568171037,0.6457561217151866,0.008317486298084237,-0.1744291666666666,-0.16611168036858237,0.41700096873263887,0.7083333333333334,17,22,24,0,0
b2outer0,pair_gnn,7753,equal_sequence,3,4,24,0.3138600327364271,0.3408577946186065,-0.01762335855315489,0.004883731936939572,0.01753867186545385,0.5553598438814131,0.0722703902350531,-0.23886388888888882,-0.16659349865383571,0.3084245561959875,0.7777777777777777,17,22,24,0,0
b2outer0,pair_gnn,7753,equal_background,3,4,24,0.4166406177161719,0.38375708220005034,0.0008641491111212041,0.03362047002356283,0.01524381568171037,0.6457561217151866,0.008317486298084237,-0.1744291666666666,-0.16611168036858237,0.41700096873263887,0.7083333333333334,17,22,24,0,0
b2outer0,pair_gnn,8867,rows,3,4,24,0.4150481379703282,0.37870209174950914,0.004683036512470928,0.12172521131692648,0.013768672875062832,0.6457561217151866,0.004707488767305978,-0.1744291666666666,-0.16972167789936063,0.41700096873263887,0.7083333333333334,17,22,24,0,0
b2outer0,pair_gnn,8867,equal_sequence,3,4,24,0.31035580826135856,0.33403686093224416,-0.006261667647967206,0.17045336122240057,0.012936368229114177,0.5553598438814131,0.06490833578109739,-0.23886388888888882,-0.17395555310779143,0.3084245561959875,0.7777777777777777,17,22,24,0,0
b2outer0,pair_gnn,8867,equal_background,3,4,24,0.4150481379703282,0.37870209174950914,0.004683036512470928,0.12172521131692648,0.013768672875062832,0.6457561217151866,0.004707488767305978,-0.1744291666666666,-0.16972167789936063,0.41700096873263887,0.7083333333333334,17,22,24,0,0
b2outer0,pair_gnn,9973,rows,3,4,24,0.4225463866025044,0.3836305539568265,-0.013298333302963927,-0.19313800895985792,0.01757344844696733,0.6457561217151866,0.029207344702879584,-0.1744291666666666,-0.14522182196378702,0.41700096873263887,0.7083333333333334,17,22,24,0,0
b2outer0,pair_gnn,9973,equal_sequence,3,4,24,0.318997241614532,0.3413733350594837,-0.03427964864064226,-0.11081159562590663,0.01631442922783423,0.5553598438814131,0.09109629376994238,-0.23886388888888882,-0.14776759511894644,0.3084245561959875,0.7777777777777777,17,22,24,0,0
b2outer0,pair_gnn,9973,equal_background,3,4,24,0.4225463866025044,0.3836305539568265,-0.013298333302963927,-0.19313800895985792,0.01757344844696733,0.6457561217151866,0.029207344702879584,-0.1744291666666666,-0.14522182196378702,0.41700096873263887,0.7083333333333334,17,22,24,0,0
b2outer0,pair_gnn,11027,rows,3,4,24,0.4104787199846755,0.3842114989042281,0.01564084795243037,0.5079777031278246,0.012995086506614286,0.6457561217151866,0.0428302222013473,-0.1744291666666666,-0.1315989444653193,0.41700096873263887,0.7083333333333334,17,22,24,0,0
b2outer0,pair_gnn,11027,equal_sequence,3,4,24,0.3138182755127495,0.3454687012142605,-0.017487969775449974,0.4933544414565852,0.01087085243169317,0.5553598438814131,0.1059836647669474,-0.23886388888888882,-0.13288022412194142,0.3084245561959875,0.7777777777777777,17,22,24,0,0
b2outer0,pair_gnn,11027,equal_background,3,4,24,0.4104787199846755,0.3842114989042281,0.01564084795243037,0.5079777031278246,0.012995086506614286,0.6457561217151866,0.0428302222013473,-0.1744291666666666,-0.1315989444653193,0.41700096873263887,0.7083333333333334,17,22,24,0,0
b2outer0,pair_no_message,1103,rows,3,4,24,0.41838257996731776,0.3894716982126236,-0.0033132086932026183,0.08858492470998419,0.01086792548834092,0.6457561217151866,0.050068779142697625,-0.1744291666666666,-0.12436038752396898,0.41700096873263887,0.7083333333333334,17,22,24,0,0
b2outer0,pair_no_message,1103,equal_sequence,3,4,24,0.3216269316087561,0.3519103837913937,-0.04280585040180518,0.02170698975347321,0.011726602591011409,0.5553598438814131,0.11553179241816201,-0.23886388888888882,-0.1233320964707268,0.3084245561959875,0.7777777777777777,17,22,24,0,0
b2outer0,pair_no_message,1103,equal_background,3,4,24,0.41838257996731776,0.3894716982126236,-0.0033132086932026183,0.08858492470998419,0.01086792548834092,0.6457561217151866,0.050068779142697625,-0.1744291666666666,-0.12436038752396898,0.41700096873263887,0.7083333333333334,17,22,24,0,0
b2outer0,pair_no_message,2207,rows,3,4,24,0.42103569255674206,0.3893935597697894,-0.009675574223162231,-0.283134028328375,0.004868342850386551,0.6457561217151866,0.04723146145741142,-0.1744291666666666,-0.1271977052092552,0.41700096873263887,0.7083333333333334,17,22,24,0,0
b2outer0,pair_no_message,2207,equal_sequence,3,4,24,0.3229036571332008,0.3512011176824569,-0.04694535712653369,-0.31601422636667226,0.004656134625168043,0.5553598438814131,0.113239141148991,-0.23886388888888882,-0.12562474773989782,0.3084245561959875,0.7777777777777777,17,22,24,0,0
b2outer0,pair_no_message,2207,equal_background,3,4,24,0.42103569255674206,0.3893935597697894,-0.009675574223162231,-0.283134028328375,0.004868342850386551,0.6457561217151866,0.04723146145741142,-0.1744291666666666,-0.1271977052092552,0.41700096873263887,0.7083333333333334,17,22,24,0,0
b2outer0,pair_no_message,3301,rows,3,4,24,0.415229003205996,0.38406812986532846,0.004249307938128499,0.2620671374154076,0.007728417488771389,0.6457561217151866,0.02800158495903013,-0.1744291666666666,-0.14642758170763648,0.41700096873263887,0.7083333333333334,17,22,24,0,0
b2outer0,pair_no_message,3301,equal_sequence,3,4,24,0.31559468646819805,0.3435986915800306,-0.02324759857206149,0.20354601855537852,0.007101021133210184,0.5553598438814131,0.09340836621920265,-0.23886388888888882,-0.14545552266968617,0.3084245561959875,0.7777777777777777,17,22,24,0,0
b2outer0,pair_no_message,3301,equal_background,3,4,24,0.415229003205996,0.38406812986532846,0.004249307938128499,0.2620671374154076,0.007728417488771389,0.6457561217151866,0.02800158495903013,-0.1744291666666666,-0.14642758170763648,0.41700096873263887,0.7083333333333334,17,22,24,0,0
b2outer0,pair_no_message,4409,rows,3,4,24,0.4097858443317831,0.3804965202093124,0.017302416401535403,0.30745276951315137,0.019967459105192098,0.6457561217151866,0.017743595790862987,-0.1744291666666666,-0.15668557087580362,0.41700096873263887,0.7083333333333334,17,22,24,0,0
b2outer0,pair_no_message,4409,equal_sequence,3,4,24,0.30967072325117495,0.33915693689452275,-0.004040427489163889,0.23590225478375995,0.020991169675303928,0.5553598438814131,0.07940825506316282,-0.23886388888888882,-0.159455633825726,0.3084245561959875,0.7777777777777777,17,22,24,0,0
b2outer0,pair_no_message,4409,equal_background,3,4,24,0.4097858443317831,0.3804965202093124,0.017302416401535403,0.30745276951315137,0.019967459105192098,0.6457561217151866,0.017743595790862987,-0.1744291666666666,-0.15668557087580362,0.41700096873263887,0.7083333333333334,17,22,24,0,0
b2outer0,pair_no_message,5519,rows,3,4,24,0.4096679111253839,0.3776581909020742,0.01758522918913541,0.3767787519886694,0.015656945925384,0.6457561217151866,0.006379446240266123,-0.1744291666666666,-0.16804972042640048,0.41700096873263887,0.7083333333333334,17,22,24,0,0
b2outer0,pair_no_message,5519,equal_sequence,3,4,24,0.3074156568819833,0.33437581267886685,0.0032711380911029098,0.33151140673276724,0.01564390246653547,0.5553598438814131,0.0671320195092095,-0.23886388888888882,-0.17173186937967932,0.3084245561959875,0.7777777777777777,17,22,24,0,0
b2outer0,pair_no_message,5519,equal_background,3,4,24,0.4096679111253839,0.3776581909020742,0.01758522918913541,0.3767787519886694,0.015656945925384,0.6457561217151866,0.006379446240266123,-0.1744291666666666,-0.16804972042640048,0.41700096873263887,0.7083333333333334,17,22,24,0,0
b2outer0,pair_no_message,6637,rows,3,4,24,0.4123595350678178,0.3852286000132561,0.011130510509190006,0.280526548131797,0.0159018346626987,0.6457561217151866,0.02944465811252589,-0.1744291666666666,-0.14498450855414072,0.41700096873263887,0.7083333333333334,17,22,24,0,0
b2outer0,pair_no_message,6637,equal_sequence,3,4,24,0.31451727491459197,0.34572045467694595,-0.01975432434352875,0.20508476498693964,0.01416524304958068,0.5553598438814131,0.09549235156112246,-0.23886388888888882,-0.14337153732776636,0.3084245561959875,0.7777777777777777,17,22,24,0,0
b2outer0,pair_no_message,6637,equal_background,3,4,24,0.4123595350678178,0.3852286000132561,0.011130510509190006,0.280526548131797,0.0159018346626987,0.6457561217151866,0.02944465811252589,-0.1744291666666666,-0.14498450855414072,0.41700096873263887,0.7083333333333334,17,22,24,0,0
b2outer0,pair_no_message,7753,rows,3,4,24,0.4173668259921514,0.3847937559843062,-0.0008773535002195576,0.0001549743870756742,0.0192202487942985,0.6457561217151866,0.0005350270390510059,-0.1744291666666666,-0.1738941396276156,0.41700096873263887,0.7083333333333334,17,22,24,0,0
b2outer0,pair_no_message,7753,equal_sequence,3,4,24,0.31405019673688267,0.3412179573403464,-0.018239924246888917,-0.033124636506002725,0.021963103871824107,0.5553598438814131,0.06584217499627004,-0.23886388888888882,-0.17302171389261878,0.3084245561959875,0.7777777777777777,17,22,24,0,0
b2outer0,pair_no_message,7753,equal_background,3,4,24,0.4173668259921514,0.3847937559843062,-0.0008773535002195576,0.0001549743870756742,0.0192202487942985,0.6457561217151866,0.0005350270390510059,-0.1744291666666666,-0.1738941396276156,0.41700096873263887,0.7083333333333334,17,22,24,0,0
b2outer0,pair_no_message,8867,rows,3,4,24,0.41491193494988776,0.379606587266922,0.0050096617019863565,0.16706140908072586,0.010727039948608144,0.6457561217151866,0.010506325316429116,-0.1744291666666666,-0.1639228413502375,0.41700096873263887,0.7083333333333334,17,22,24,0,0
b2outer0,pair_no_message,8867,equal_sequence,3,4,24,0.31125502711627806,0.335895274151696,-0.009177190542804636,0.2133013185132349,0.010066932983463367,0.5553598438814131,0.07151339137819082,-0.23886388888888882,-0.167350497510698,0.3084245561959875,0.7777777777777777,17,22,24,0,0
b2outer0,pair_no_message,8867,equal_background,3,4,24,0.41491193494988776,0.379606587266922,0.0050096617019863565,0.16706140908072586,0.010727039948608144,0.6457561217151866,0.010506325316429116,-0.1744291666666666,-0.1639228413502375,0.41700096873263887,0.7083333333333334,17,22,24,0,0
b2outer0,pair_no_message,9973,rows,3,4,24,0.42230730289523555,0.3836249560872714,-0.012724992411225822,-0.2638368389822017,0.014436323064835199,0.6457561217151866,0.013370534630616493,-0.1744291666666666,-0.16105863203605011,0.41700096873263887,0.7083333333333334,17,22,24,0,0
b2outer0,pair_no_message,9973,equal_sequence,3,4,24,0.31721580086997936,0.3394465420669979,-0.028503711839356516,-0.18103381191942394,0.013596326394820848,0.5553598438814131,0.07663200978702961,-0.23886388888888882,-0.1622318791018592,0.3084245561959875,0.7777777777777777,17,22,24,0,0
b2outer0,pair_no_message,9973,equal_background,3,4,24,0.42230730289523555,0.3836249560872714,-0.012724992411225822,-0.2638368389822017,0.014436323064835199,0.6457561217151866,0.013370534630616493,-0.1744291666666666,-0.16105863203605011,0.41700096873263887,0.7083333333333334,17,22,24,0,0
b2outer0,pair_no_message,11027,rows,3,4,24,0.4100727617321846,0.37941151119867955,0.016614366680035908,0.43914651957655226,0.012569368739840856,0.6457561217151866,0.006533467125892645,-0.1744291666666666,-0.16789569954077396,0.41700096873263887,0.7083333333333334,17,22,24,0,0
b2outer0,pair_no_message,11027,equal_sequence,3,4,24,0.3084967391050008,0.33652736981974707,-0.00023403749008688024,0.380182224205623,0.011624396545917133,0.5553598438814131,0.06961148332489858,-0.23886388888888882,-0.16925240556399024,0.3084245561959875,0.7777777777777777,17,22,24,0,0
b2outer0,pair_no_message,11027,equal_background,3,4,24,0.4100727617321846,0.37941151119867955,0.016614366680035908,0.43914651957655226,0.012569368739840856,0.6457561217151866,0.006533467125892645,-0.1744291666666666,-0.16789569954077396,0.41700096873263887,0.7083333333333334,17,22,24,0,0
b2outer0,pair_ridge,0,rows,3,4,24,0.43402449836618884,0.3868016666471958,-0.0408237172332917,-0.06469314595945759,0.07385471432536478,0.6457561217151866,-0.07347314099272095,-0.1744291666666666,-0.24790230765938756,0.41700096873263887,0.7083333333333334,17,22,24,0,0
b2outer0,pair_ridge,0,equal_sequence,3,4,24,0.32177180684795664,0.3347238595035341,-0.04327557707009433,-0.0636791730317954,0.08500239768570038,0.5553598438814131,-0.010471294148763022,-0.23886388888888882,-0.24933518303765184,0.3084245561959875,0.7777777777777777,17,22,24,0,0
b2outer0,pair_ridge,0,equal_background,3,4,24,0.43402449836618884,0.3868016666471958,-0.0408237172332917,-0.06469314595945759,0.07385471432536478,0.6457561217151866,-0.07347314099272095,-0.1744291666666666,-0.24790230765938756,0.41700096873263887,0.7083333333333334,17,22,24,0,0
b2outer0,pair_tree,1103,rows,3,4,24,0.45913168160187956,0.46602050131117523,-0.10103264986958083,0.16514039693230187,0.1284282651976468,0.6457561217151866,-0.2302784888554382,-0.1744291666666666,-0.4047076555221048,0.41700096873263887,0.7083333333333334,17,22,24,0,0
b2outer0,pair_tree,1103,equal_sequence,3,4,24,0.3411654596980217,0.4031247850183248,-0.10615530717090205,0.09421906845520275,0.141072382117538,0.5553598438814131,-0.16614105073869206,-0.23886388888888882,-0.4050049396275809,0.3084245561959875,0.7777777777777777,17,22,24,0,0
b2outer0,pair_tree,1103,equal_background,3,4,24,0.45913168160187956,0.46602050131117523,-0.10103264986958083,0.16514039693230187,0.1284282651976468,0.6457561217151866,-0.2302784888554382,-0.1744291666666666,-0.4047076555221048,0.41700096873263887,0.7083333333333334,17,22,24,0,0
b2outer0,pair_tree,2207,rows,3,4,24,0.46280607514807554,0.4639319975220742,-0.10984412471426341,0.11880769456050666,0.11780476188197121,0.6457561217151866,-0.2236141648421466,-0.1744291666666666,-0.3980433315088132,0.41700096873263887,0.7083333333333334,17,22,24,0,0
b2outer0,pair_tree,2207,equal_sequence,3,4,24,0.34203036499249234,0.39890719942401864,-0.10895957575813164,0.05518320653452484,0.13082499631842356,0.5553598438814131,-0.15655444837582538,-0.23886388888888882,-0.3954183372647142,0.3084245561959875,0.7777777777777777,17,22,24,0,0
b2outer0,pair_tree,2207,equal_background,3,4,24,0.46280607514807554,0.4639319975220742,-0.10984412471426341,0.11880769456050666,0.11780476188197121,0.6457561217151866,-0.2236141648421466,-0.1744291666666666,-0.3980433315088132,0.41700096873263887,0.7083333333333334,17,22,24,0,0
b2outer0,pair_tree,3301,rows,3,4,24,0.4548097829405796,0.46074253645307633,-0.09066840857192826,0.17298783201582726,0.12601362463680874,0.6457561217151866,-0.2237919309403217,-0.1744291666666666,-0.3982210976069883,0.41700096873263887,0.7083333333333334,17,22,24,0,0
b2outer0,pair_tree,3301,equal_sequence,3,4,24,0.3379660506196443,0.39926175164328315,-0.0957819143456422,0.1025783597951305,0.13875657507710248,0.5553598438814131,-0.16154704950980042,-0.23886388888888882,-0.40041093839868924,0.3084245561959875,0.7777777777777777,17,22,24,0,0
b2outer0,pair_tree,3301,equal_background,3,4,24,0.4548097829405796,0.46074253645307633,-0.09066840857192826,0.17298783201582726,0.12601362463680874,0.6457561217151866,-0.2237919309403217,-0.1744291666666666,-0.3982210976069883,0.41700096873263887,0.7083333333333334,17,22,24,0,0
b2outer0,pair_tree,4409,rows,3,4,24,0.4580102389800759,0.466698580274056,-0.09834334527345012,0.1710853516624367,0.13742102458927719,0.6457561217151866,-0.22910504262555156,-0.1744291666666666,-0.40353420929221817,0.41700096873263887,0.7083333333333334,17,22,24,0,0
b2outer0,pair_tree,4409,equal_sequence,3,4,24,0.3414429975545518,0.40399754800799104,-0.10705516371913926,0.09767759848778253,0.14982490732938178,0.5553598438814131,-0.16378585722450278,-0.23886388888888882,-0.4026497461133916,0.3084245561959875,0.7777777777777777,17,22,24,0,0
b2outer0,pair_tree,4409,equal_background,3,4,24,0.4580102389800759,0.466698580274056,-0.09834334527345012,0.1710853516624367,0.13742102458927719,0.6457561217151866,-0.22910504262555156,-0.1744291666666666,-0.40353420929221817,0.41700096873263887,0.7083333333333334,17,22,24,0,0
b2outer0,pair_tree,5519,rows,3,4,24,0.46243859766859835,0.46755645891832714,-0.10896288580349056,0.1566648709819889,0.10981200748987914,0.6457561217151866,-0.23579168867160824,-0.1744291666666666,-0.41022085533827485,0.41700096873263887,0.7083333333333334,17,22,24,0,0
b2outer0,pair_tree,5519,equal_sequence,3,4,24,0.3400018797211531,0.400750276916667,-0.10238265044337092,0.08377280592989902,0.11944996035459933,0.5553598438814131,-0.168593069048857,-0.23886388888888882,-0.40745695793774583,0.3084245561959875,0.7777777777777777,17,22,24,0,0
b2outer0,pair_tree,5519,equal_background,3,4,24,0.46243859766859835,0.46755645891832714,-0.10896288580349056,0.1566648709819889,0.10981200748987914,0.6457561217151866,-0.23579168867160824,-0.1744291666666666,-0.41022085533827485,0.41700096873263887,0.7083333333333334,17,22,24,0,0
b2outer0,pair_tree,6637,rows,3,4,24,0.47112482917877996,0.4722166965269286,-0.129793128804079,0.1010966569875402,0.11994699435462468,0.6457561217151866,-0.23536730147881682,-0.1744291666666666,-0.40979646814548343,0.41700096873263887,0.7083333333333334,17,22,24,0,0
b2outer0,pair_tree,6637,equal_sequence,3,4,24,0.3484220269454934,0.4062214809181504,-0.129683158963807,0.04186074999935876,0.13411319202661476,0.5553598438814131,-0.16806781467350906,-0.23886388888888882,-0.4069317035623979,0.3084245561959875,0.7777777777777777,17,22,24,0,0
b2outer0,pair_tree,6637,equal_background,3,4,24,0.47112482917877996,0.4722166965269286,-0.129793128804079,0.1010966569875402,0.11994699435462468,0.6457561217151866,-0.23536730147881682,-0.1744291666666666,-0.40979646814548343,0.41700096873263887,0.7083333333333334,17,22,24,0,0
b2outer0,pair_tree,7753,rows,3,4,24,0.44581836315793083,0.4494546213315404,-0.06910630091070202,0.18021916500795465,0.12037706131661637,0.6457561217151866,-0.2057793758158676,-0.1744291666666666,-0.3802085424825342,0.41700096873263887,0.7083333333333334,17,22,24,0,0
b2outer0,pair_tree,7753,equal_sequence,3,4,24,0.33026970666659133,0.38802213243364875,-0.07082818158202153,0.10640933983502407,0.13128634857483346,0.5553598438814131,-0.1418657930584029,-0.23886388888888882,-0.38072968194729173,0.3084245561959875,0.7777777777777777,17,22,24,0,0
b2outer0,pair_tree,7753,equal_background,3,4,24,0.44581836315793083,0.4494546213315404,-0.06910630091070202,0.18021916500795465,0.12037706131661637,0.6457561217151866,-0.2057793758158676,-0.1744291666666666,-0.3802085424825342,0.41700096873263887,0.7083333333333334,17,22,24,0,0
b2outer0,pair_tree,8867,rows,3,4,24,0.4537887648120451,0.4576958521161526,-0.08821992953928315,0.1518989956408146,0.1269621642359949,0.6457561217151866,-0.21348481852017112,-0.1744291666666666,-0.38791398518683773,0.41700096873263887,0.7083333333333334,17,22,24,0,0
b2outer0,pair_tree,8867,equal_sequence,3,4,24,0.33665636293042167,0.39422795151400725,-0.09153553492185074,0.08042612263450358,0.1387065332423802,0.5553598438814131,-0.1462295481231634,-0.23886388888888882,-0.38509343701205223,0.3084245561959875,0.7777777777777777,17,22,24,0,0
b2outer0,pair_tree,8867,equal_background,3,4,24,0.4537887648120451,0.4576958521161526,-0.08821992953928315,0.1518989956408146,0.1269621642359949,0.6457561217151866,-0.21348481852017112,-0.1744291666666666,-0.38791398518683773,0.41700096873263887,0.7083333333333334,17,22,24,0,0
b2outer0,pair_tree,9973,rows,3,4,24,0.46460761996715355,0.46775707722661747,-0.11416436604260705,0.13283763977332436,0.11473883543034868,0.6457561217151866,-0.23265083386340205,-0.1744291666666666,-0.40708000053006865,0.41700096873263887,0.7083333333333334,17,22,24,0,0
b2outer0,pair_tree,9973,equal_sequence,3,4,24,0.3427418841655465,0.4019915140707435,-0.11126652297994122,0.06623058145514515,0.12679413485810015,0.5553598438814131,-0.16603616990813397,-0.23886388888888882,-0.4049000587970228,0.3084245561959875,0.7777777777777777,17,22,24,0,0
b2outer0,pair_tree,9973,equal_background,3,4,24,0.46460761996715355,0.46775707722661747,-0.11416436604260705,0.13283763977332436,0.11473883543034868,0.6457561217151866,-0.23265083386340205,-0.1744291666666666,-0.40708000053006865,0.41700096873263887,0.7083333333333334,17,22,24,0,0
b2outer0,pair_tree,11027,rows,3,4,24,0.4559729991071479,0.4588040099281735,-0.09345788930168175,0.1508363148371591,0.12057466512397262,0.6457561217151866,-0.2189122265823518,-0.1744291666666666,-0.3933413932490184,0.41700096873263887,0.7083333333333334,17,22,24,0,0
b2outer0,pair_tree,11027,equal_sequence,3,4,24,0.3379518912306048,0.3964541455105541,-0.09573600558528228,0.08386964223725867,0.13363453233454126,0.5553598438814131,-0.1552995822276711,-0.23886388888888882,-0.3941634711165599,0.3084245561959875,0.7777777777777777,17,22,24,0,0
b2outer0,pair_tree,11027,equal_background,3,4,24,0.4559729991071479,0.4588040099281735,-0.09345788930168175,0.1508363148371591,0.12057466512397262,0.6457561217151866,-0.2189122265823518,-0.1744291666666666,-0.3933413932490184,0.41700096873263887,0.7083333333333334,17,22,24,0,0
b2outer0,training_majority,0,rows,3,4,24,,,,,,0.6457561217151866,,-0.1744291666666666,,0.41700096873263887,0.7083333333333334,17,22,24,0,0
b2outer0,training_majority,0,equal_sequence,3,4,24,,,,,,0.5553598438814131,,-0.23886388888888882,,0.3084245561959875,0.7777777777777777,17,22,24,0,0
b2outer0,training_majority,0,equal_background,3,4,24,,,,,,0.6457561217151866,,-0.1744291666666666,,0.41700096873263887,0.7083333333333334,17,22,24,0,0
b2outer0,training_mean,0,rows,3,4,24,0.4896345768270093,0.4684831481481481,-0.17418090973534306,,5.5511151231257815e-17,0.6457561217151866,-0.2695062301587303,-0.1744291666666666,-0.44393539682539696,0.41700096873263887,0.7083333333333334,17,22,24,0,0
b2outer0,training_mean,0,equal_sequence,3,4,24,0.3504788795633409,0.3908649206349206,-0.13635205927192806,,5.551115123125783e-17,0.5553598438814131,-0.20507150793650814,-0.23886388888888882,-0.44393539682539696,0.3084245561959875,0.7777777777777777,17,22,24,0,0
b2outer0,training_mean,0,equal_background,3,4,24,0.4896345768270093,0.4684831481481481,-0.17418090973534306,,5.5511151231257815e-17,0.6457561217151866,-0.2695062301587303,-0.1744291666666666,-0.44393539682539696,0.41700096873263887,0.7083333333333334,17,22,24,0,0
b2outer0,zero,0,rows,3,4,24,0.4474265029166666,0.4347374999999999,-0.07296274221256094,,0.0,0.6457561217151866,0.1744291666666666,-0.1744291666666666,0.0,0.41700096873263887,0.08333333333333333,0,22,0,24,0
b2outer0,zero,0,equal_sequence,3,4,24,0.36548051361111106,0.4124027777777777,-0.18499161713591805,,0.0,0.5553598438814131,0.23886388888888882,-0.23886388888888882,0.0,0.3084245561959875,0.08333333333333333,0,22,0,24,0
b2outer0,zero,0,equal_background,3,4,24,0.4474265029166666,0.4347374999999999,-0.07296274221256094,,0.0,0.6457561217151866,0.1744291666666666,-0.1744291666666666,0.0,0.41700096873263887,0.08333333333333333,0,22,0,24,0
b2outer1,activity_gnn,1103,rows,3,8,48,0.12506198217192577,0.23600943305790423,-0.2074710816476386,-0.012707299326158546,0.014711653439231906,0.3218283396532895,0.14543637982308869,-0.23910208333333333,-0.09366570351024464,0.10357348020399305,0.75,36,42,48,0,0
b2outer1,activity_gnn,1103,equal_sequence,3,8,48,0.20716464022196882,0.3098689364125993,-0.4127143620419367,-0.13722839862891759,0.012329476385513053,0.38293991352317375,0.24305105060047577,-0.33904555555555554,-0.09599450495507979,0.14664297736913579,0.7999999999999999,36,42,48,0,0
b2outer1,activity_gnn,1103,equal_background,3,8,48,0.12506198217192577,0.23600943305790423,-0.2074710816476386,-0.012707299326158546,0.014711653439231906,0.3218283396532895,0.14543637982308869,-0.23910208333333333,-0.09366570351024464,0.10357348020399305,0.75,36,42,48,0,0
b2outer1,activity_gnn,2207,rows,3,8,48,0.10497719506455896,0.2288585489998261,-0.013552840532163435,0.23062538464170038,0.008937753317701858,0.3218283396532895,0.05148381716310982,-0.23910208333333333,-0.1876182661702235,0.10357348020399305,0.75,36,42,48,0,0
b2outer1,activity_gnn,2207,equal_sequence,3,8,48,0.16478047667163728,0.2796503993346956,-0.12368474527658435,0.46760389923036855,0.009786130978743939,0.38293991352317375,0.1467869963881705,-0.33904555555555554,-0.19225855916738505,0.14664297736913579,0.7999999999999999,36,42,48,0,0
b2outer1,activity_gnn,2207,equal_background,3,8,48,0.10497719506455896,0.2288585489998261,-0.013552840532163435,0.23062538464170038,0.008937753317701858,0.3218283396532895,0.05148381716310982,-0.23910208333333333,-0.1876182661702235,0.10357348020399305,0.75,36,42,48,0,0
b2outer1,activity_gnn,3301,rows,3,8,48,0.10306337133379237,0.22997988078594206,0.004925091531113979,0.12978263781315427,0.010063831095816692,0.3218283396532895,0.015142562874158272,-0.23910208333333333,-0.22395952045917505,0.10357348020399305,0.75,36,42,48,0,0
b2outer1,activity_gnn,3301,equal_sequence,3,8,48,0.15788415472853096,0.27620013045469916,-0.076656772530596,0.19657950816014635,0.008328770674532958,0.38293991352317375,0.11147088259167146,-0.33904555555555554,-0.2275746729638841,0.14664297736913579,0.7999999999999999,36,42,48,0,0
b2outer1,activity_gnn,3301,equal_background,3,8,48,0.10306337133379237,0.22997988078594206,0.004925091531113979,0.12978263781315427,0.010063831095816692,0.3218283396532895,0.015142562874158272,-0.23910208333333333,-0.22395952045917505,0.10357348020399305,0.75,36,42,48,0,0
b2outer1,activity_gnn,4409,rows,3,8,48,0.10601048289253204,0.23214788053035731,-0.02352921504365013,-0.05156503041199017,0.026024699244819084,0.3218283396532895,0.029932480069994993,-0.23910208333333333,-0.20916960326333833,0.10357348020399305,0.75,36,42,48,0,0
b2outer1,activity_gnn,4409,equal_sequence,3,8,48,0.16530781100928565,0.28356527772744494,-0.12728078749496463,-0.1309972845232739,0.020330476536006056,0.38293991352317375,0.1273255108102163,-0.33904555555555554,-0.21172004474533923,0.14664297736913579,0.7999999999999999,36,42,48,0,0
b2outer1,activity_gnn,4409,equal_background,3,8,48,0.10601048289253204,0.23214788053035731,-0.02352921504365013,-0.05156503041199017,0.026024699244819084,0.3218283396532895,0.029932480069994993,-0.23910208333333333,-0.20916960326333833,0.10357348020399305,0.75,36,42,48,0,0
b2outer1,activity_gnn,5519,rows,3,8,48,0.10244996937815645,0.22844559012552101,0.010847475856018307,0.24396206433930046,0.015859372745226034,0.3218283396532895,0.03339658778210486,-0.23910208333333333,-0.20570549555122847,0.10357348020399305,0.75,36,42,48,0,0
b2outer1,activity_gnn,5519,equal_sequence,3,8,48,0.15614421715272905,0.2723481878373358,-0.0647916453556201,0.4766592285094676,0.018110922897615574,0.38293991352317375,0.1256378706929419,-0.33904555555555554,-0.21340768486261363,0.14664297736913579,0.7999999999999999,36,42,48,0,0
b2outer1,activity_gnn,5519,equal_background,3,8,48,0.10244996937815645,0.22844559012552101,0.010847475856018307,0.24396206433930046,0.015859372745226034,0.3218283396532895,0.03339658778210486,-0.23910208333333333,-0.20570549555122847,0.10357348020399305,0.75,36,42,48,0,0
b2outer1,activity_gnn,6637,rows,3,8,48,0.10598573452430766,0.22936815702617167,-0.023290270014713732,-0.009938006561536865,0.013627561188215466,0.3218283396532895,0.04625335622628535,-0.23910208333333333,-0.19284872710704798,0.10357348020399305,0.75,36,42,48,0,0
b2outer1,activity_gnn,6637,equal_sequence,3,8,48,0.16856912944461125,0.28272172706656984,-0.14952064168938728,-0.028805469335912697,0.012065727250575878,0.38293991352317375,0.14667781673908237,-0.33904555555555554,-0.19236773881647318,0.14664297736913579,0.7999999999999999,36,42,48,0,0
b2outer1,activity_gnn,6637,equal_background,3,8,48,0.10598573452430766,0.22936815702617167,-0.023290270014713732,-0.009938006561536865,0.013627561188215466,0.3218283396532895,0.04625335622628535,-0.23910208333333333,-0.19284872710704798,0.10357348020399305,0.75,36,42,48,0,0
b2outer1,activity_gnn,7753,rows,3,8,48,0.1069301935519276,0.234704009826978,-0.03240900413236414,-0.22307823220538514,0.01778163458363525,0.3218283396532895,0.022075703753034304,-0.23910208333333333,-0.21702637958029902,0.10357348020399305,0.75,36,42,48,0,0
b2outer1,activity_gnn,7753,equal_sequence,3,8,48,0.16594830912365333,0.28481294294145365,-0.13164852556097073,-0.3273995635720962,0.014208735964651567,0.38293991352317375,0.12466202791902753,-0.33904555555555554,-0.21438352763652802,0.14664297736913579,0.7999999999999999,36,42,48,0,0
b2outer1,activity_gnn,7753,equal_background,3,8,48,0.1069301935519276,0.234704009826978,-0.03240900413236414,-0.22307823220538514,0.01778163458363525,0.3218283396532895,0.022075703753034304,-0.23910208333333333,-0.21702637958029902,0.10357348020399305,0.75,36,42,48,0,0
b2outer1,activity_gnn,8867,rows,3,8,48,0.11421255329464992,0.2290144348462422,-0.10272005024551345,0.289492429947877,0.008529506178031221,0.3218283396532895,0.11025268871386848,-0.23910208333333333,-0.12884939461946485,0.10357348020399305,0.75,36,42,48,0,0
b2outer1,activity_gnn,8867,equal_sequence,3,8,48,0.18583451550991645,0.29317251612610284,-0.26725819977131327,0.4487773020317379,0.010595210690746452,0.38293991352317375,0.20669047881868152,-0.33904555555555554,-0.13235507673687402,0.14664297736913579,0.7999999999999999,36,42,48,0,0
b2outer1,activity_gnn,8867,equal_background,3,8,48,0.11421255329464992,0.2290144348462422,-0.10272005024551345,0.289492429947877,0.008529506178031221,0.3218283396532895,0.11025268871386848,-0.23910208333333333,-0.12884939461946485,0.10357348020399305,0.75,36,42,48,0,0
b2outer1,activity_gnn,9973,rows,3,8,48,0.10256336362271792,0.23128509021004037,0.0097526565611743,0.20026009940536194,0.01814727918538897,0.3218283396532895,0.03161836950778965,-0.23910208333333333,-0.20748371382554368,0.10357348020399305,0.75,36,42,48,0,0
b2outer1,activity_gnn,9973,equal_sequence,3,8,48,0.15974063487211634,0.2775091386238734,-0.08931663648652322,0.3203865167155812,0.014663529965913844,0.38293991352317375,0.12837733344607885,-0.33904555555555554,-0.2106682221094767,0.14664297736913579,0.7999999999999999,36,42,48,0,0
b2outer1,activity_gnn,9973,equal_background,3,8,48,0.10256336362271792,0.23128509021004037,0.0097526565611743,0.20026009940536194,0.01814727918538897,0.3218283396532895,0.03161836950778965,-0.23910208333333333,-0.20748371382554368,0.10357348020399305,0.75,36,42,48,0,0
b2outer1,activity_gnn,11027,rows,3,8,48,0.10485291436178873,0.22955878498752913,-0.012352912688419426,0.08715230111148001,0.01226391906377228,0.3218283396532895,0.042626156546672234,-0.23910208333333333,-0.1964759267866611,0.10357348020399305,0.75,36,42,48,0,0
b2outer1,activity_gnn,11027,equal_sequence,3,8,48,0.16359278807147637,0.279566185587777,-0.11558556029364997,0.24721741895333355,0.010741886203197297,0.38293991352317375,0.13736185348404786,-0.33904555555555554,-0.20168370207150768,0.14664297736913579,0.7999999999999999,36,42,48,0,0
b2outer1,activity_gnn,11027,equal_background,3,8,48,0.10485291436178873,0.22955878498752913,-0.012352912688419426,0.08715230111148001,0.01226391906377228,0.3218283396532895,0.042626156546672234,-0.23910208333333333,-0.1964759267866611,0.10357348020399305,0.75,36,42,48,0,0
b2outer1,pair_gnn,1103,rows,3,8,48,0.10642233803340259,0.2436299600621064,-0.02750566866922477,-0.1277272434559247,0.025480026255895755,0.3218283396532895,-0.010239609442154518,-0.23910208333333333,-0.24934169277548784,0.10357348020399305,0.75,36,42,48,0,0
b2outer1,pair_gnn,1103,equal_sequence,3,8,48,0.16173532194364504,0.2896770262792375,-0.10291897263186489,-0.3415473918261389,0.023765938620802337,0.38293991352317375,0.09116320162720157,-0.33904555555555554,-0.24788235392835398,0.14664297736913579,0.7999999999999999,36,42,48,0,0
b2outer1,pair_gnn,1103,equal_background,3,8,48,0.10642233803340259,0.2436299600621064,-0.02750566866922477,-0.1277272434559247,0.025480026255895755,0.3218283396532895,-0.010239609442154518,-0.23910208333333333,-0.24934169277548784,0.10357348020399305,0.75,36,42,48,0,0
b2outer1,pair_gnn,2207,rows,3,8,48,0.10285674444679233,0.2317617609719435,0.0069200702321586816,0.17043894026423556,0.009963545981349234,0.3218283396532895,0.016644352190693268,-0.23910208333333333,-0.22245773114264006,0.10357348020399305,0.75,36,42,48,0,0
b2outer1,pair_gnn,2207,equal_sequence,3,8,48,0.15572691604505168,0.27410257489151424,-0.061945950899847224,0.4388457872498834,0.010826381937693053,0.38293991352317375,0.112274258166949,-0.33904555555555554,-0.22677129738860655,0.14664297736913579,0.7999999999999999,36,42,48,0,0
b2outer1,pair_gnn,2207,equal_background,3,8,48,0.10285674444679233,0.2317617609719435,0.0069200702321586816,0.17043894026423556,0.009963545981349234,0.3218283396532895,0.016644352190693268,-0.23910208333333333,-0.22245773114264006,0.10357348020399305,0.75,36,42,48,0,0
b2outer1,pair_gnn,3301,rows,3,8,48,0.10257173776232789,0.2267116227606932,0.009671804401012563,0.2554895899101309,0.010204116947219117,0.3218283396532895,0.023920198667049447,-0.23910208333333333,-0.21518188466628388,0.10357348020399305,0.75,36,42,48,0,0
b2outer1,pair_gnn,3301,equal_sequence,3,8,48,0.158363502023334,0.27364288953145344,-0.07992557751125595,0.37121563104739214,0.01035281661286749,0.38293991352317375,0.1206512227625317,-0.33904555555555554,-0.21839433279302384,0.14664297736913579,0.7999999999999999,36,42,48,0,0
b2outer1,pair_gnn,3301,equal_background,3,8,48,0.10257173776232789,0.2267116227606932,0.009671804401012563,0.2554895899101309,0.010204116947219117,0.3218283396532895,0.023920198667049447,-0.23910208333333333,-0.21518188466628388,0.10357348020399305,0.75,36,42,48,0,0
b2outer1,pair_gnn,4409,rows,3,8,48,0.10782042164389688,0.23234647352099413,-0.04100413958804183,-0.12956174071206308,0.025280922440487946,0.3218283396532895,0.038724118608236324,-0.23910208333333333,-0.200377964725097,0.10357348020399305,0.75,36,42,48,0,0
b2outer1,pair_gnn,4409,equal_sequence,3,8,48,0.16965940308126543,0.2862495970058441,-0.1569555264429181,-0.21720792394368968,0.019581327712330693,0.38293991352317375,0.1391960569524765,-0.33904555555555554,-0.19984949860307905,0.14664297736913579,0.7999999999999999,36,42,48,0,0
b2outer1,pair_gnn,4409,equal_background,3,8,48,0.10782042164389688,0.23234647352099413,-0.04100413958804183,-0.12956174071206308,0.025280922440487946,0.3218283396532895,0.038724118608236324,-0.23910208333333333,-0.200377964725097,0.10357348020399305,0.75,36,42,48,0,0
b2outer1,pair_gnn,5519,rows,3,8,48,0.10192563607041094,0.22135856670737264,0.015909904063632907,0.2890199773582209,0.018780849661581667,0.3218283396532895,0.03864233731031422,-0.23910208333333333,-0.2004597460230191,0.10357348020399305,0.75,36,42,48,0,0
b2outer1,pair_gnn,5519,equal_sequence,3,8,48,0.15646339365147713,0.26762413274659047,-0.06696820030884254,0.4879943914750021,0.021300158926127674,0.38293991352317375,0.13163414713117813,-0.33904555555555554,-0.2074114084243774,0.14664297736913579,0.7999999999999999,36,42,48,0,0
b2outer1,pair_gnn,5519,equal_background,3,8,48,0.10192563607041094,0.22135856670737264,0.015909904063632907,0.2890199773582209,0.018780849661581667,0.3218283396532895,0.03864233731031422,-0.23910208333333333,-0.2004597460230191,0.10357348020399305,0.75,36,42,48,0,0
b2outer1,pair_gnn,6637,rows,3,8,48,0.10577371043868512,0.23209326127370195,-0.02124318146265436,-0.10578032931884244,0.022028183304599342,0.3218283396532895,0.014668801563978234,-0.23910208333333333,-0.2244332817693551,0.10357348020399305,0.75,36,42,48,0,0
b2outer1,pair_gnn,6637,equal_sequence,3,8,48,0.16398127910508853,0.28267670678509604,-0.11823479069378173,-0.23485009703304294,0.019096645449266994,0.38293991352317375,0.11635619649993048,-0.33904555555555554,-0.22268935905562506,0.14664297736913579,0.7999999999999999,36,42,48,0,0
b2outer1,pair_gnn,6637,equal_background,3,8,48,0.10577371043868512,0.23209326127370195,-0.02124318146265436,-0.10578032931884244,0.022028183304599342,0.3218283396532895,0.014668801563978234,-0.23910208333333333,-0.2244332817693551,0.10357348020399305,0.75,36,42,48,0,0
b2outer1,pair_gnn,7753,rows,3,8,48,0.10704904017134632,0.23218389969269432,-0.033556466003729746,-0.16385806071816927,0.015382709503188818,0.3218283396532895,0.04020626136461897,-0.23910208333333333,-0.19889582196871436,0.10357348020399305,0.75,36,42,48,0,0
b2outer1,pair_gnn,7753,equal_sequence,3,8,48,0.16777210942174783,0.2834106971555286,-0.1440855363937743,-0.08648942174250683,0.011724114630201185,0.38293991352317375,0.14217969592783186,-0.33904555555555554,-0.19686585962772368,0.14664297736913579,0.7999999999999999,36,42,48,0,0
b2outer1,pair_gnn,7753,equal_background,3,8,48,0.10704904017134632,0.23218389969269432,-0.033556466003729746,-0.16385806071816927,0.015382709503188818,0.3218283396532895,0.04020626136461897,-0.23910208333333333,-0.19889582196871436,0.10357348020399305,0.75,36,42,48,0,0
b2outer1,pair_gnn,8867,rows,3,8,48,0.1030907258907471,0.22892127306461335,0.004660983799087859,0.2813328176801715,0.015479171712299167,0.3218283396532895,0.04561399334470437,-0.23910208333333333,-0.19348808998862896,0.10357348020399305,0.75,36,42,48,0,0
b2outer1,pair_gnn,8867,equal_sequence,3,8,48,0.16031138748483253,0.27672078937954375,-0.09320876022102342,0.45887901216417243,0.017066604552090782,0.38293991352317375,0.13919459067821507,-0.33904555555555554,-0.19985096487734047,0.14664297736913579,0.7999999999999999,36,42,48,0,0
b2outer1,pair_gnn,8867,equal_background,3,8,48,0.1030907258907471,0.22892127306461335,0.004660983799087859,0.2813328176801715,0.015479171712299167,0.3218283396532895,0.04561399334470437,-0.23910208333333333,-0.19348808998862896,0.10357348020399305,0.75,36,42,48,0,0
b2outer1,pair_gnn,9973,rows,3,8,48,0.10552772909935568,0.24090908903479571,-0.018868236265824345,-0.026768411896613893,0.030493532868610878,0.3218283396532895,0.022338306295871746,-0.23910208333333333,-0.21676377703746158,0.10357348020399305,0.75,36,42,48,0,0
b2outer1,pair_gnn,9973,equal_sequence,3,8,48,0.16340618569401505,0.2865351738585366,-0.11431306582573142,-0.0943514563508135,0.0229952741071387,0.38293991352317375,0.12071762101226388,-0.33904555555555554,-0.21832793454329166,0.14664297736913579,0.7999999999999999,36,42,48,0,0
b2outer1,pair_gnn,9973,equal_background,3,8,48,0.10552772909935568,0.24090908903479571,-0.018868236265824345,-0.026768411896613893,0.030493532868610878,0.3218283396532895,0.022338306295871746,-0.23910208333333333,-0.21676377703746158,0.10357348020399305,0.75,36,42,48,0,0
b2outer1,pair_gnn,11027,rows,3,8,48,0.10286073561064732,0.22922109999855358,0.006881535620334001,0.14797872939592122,0.018250891567887707,0.3218283396532895,0.026315624900658946,-0.23910208333333333,-0.21278645843267438,0.10357348020399305,0.75,36,42,48,0,0
b2outer1,pair_gnn,11027,equal_sequence,3,8,48,0.15737802817731247,0.2738597782505883,-0.0732053522150875,0.29952337754108654,0.01703272190121616,0.38293991352317375,0.11980077243222137,-0.33904555555555554,-0.21924478312333417,0.14664297736913579,0.7999999999999999,36,42,48,0,0
b2outer1,pair_gnn,11027,equal_background,3,8,48,0.10286073561064732,0.22922109999855358,0.006881535620334001,0.14797872939592122,0.018250891567887707,0.3218283396532895,0.026315624900658946,-0.23910208333333333,-0.21278645843267438,0.10357348020399305,0.75,36,42,48,0,0
b2outer1,pair_no_message,1103,rows,3,8,48,0.10778374783202271,0.23982992210586862,-0.04065005462534743,-0.23092459680170196,0.023196015206225117,0.3218283396532895,0.014981518574555763,-0.23910208333333333,-0.22412056475877756,0.10357348020399305,0.75,36,42,48,0,0
b2outer1,pair_no_message,1103,equal_sequence,3,8,48,0.16961879783337905,0.29297411826451614,-0.15667862775595154,-0.4351304470521919,0.024808631310078613,0.38293991352317375,0.11871262175877889,-0.33904555555555554,-0.22033293379677665,0.14664297736913579,0.7999999999999999,36,42,48,0,0
b2outer1,pair_no_message,1103,equal_background,3,8,48,0.10778374783202271,0.23982992210586862,-0.04065005462534743,-0.23092459680170196,0.023196015206225117,0.3218283396532895,0.014981518574555763,-0.23910208333333333,-0.22412056475877756,0.10357348020399305,0.75,36,42,48,0,0
b2outer1,pair_no_message,2207,rows,3,8,48,0.10359822298424465,0.23156434790492056,-0.00023889107716446034,0.14543461794092208,0.008763157339069785,0.3218283396532895,0.027717660256226906,-0.23910208333333333,-0.21138442307710642,0.10357348020399305,0.75,36,42,48,0,0
b2outer1,pair_no_message,2207,equal_sequence,3,8,48,0.1594786275935604,0.27730406669113367,-0.08752993463924419,0.39523064776346045,0.008542529918249681,0.38293991352317375,0.1238890318377813,-0.33904555555555554,-0.21515652371777425,0.14664297736913579,0.7999999999999999,36,42,48,0,0
b2outer1,pair_no_message,2207,equal_background,3,8,48,0.10359822298424465,0.23156434790492056,-0.00023889107716446034,0.14543461794092208,0.008763157339069785,0.3218283396532895,0.027717660256226906,-0.23910208333333333,-0.21138442307710642,0.10357348020399305,0.75,36,42,48,0,0
b2outer1,pair_no_message,3301,rows,3,8,48,0.1044989214582903,0.2325129950225353,-0.008935117874522946,-0.057846862430582124,0.01368880262024153,0.3218283396532895,0.015112102417151163,-0.23910208333333333,-0.22398998091618216,0.10357348020399305,0.75,36,42,48,0,0
b2outer1,pair_no_message,3301,equal_sequence,3,8,48,0.15909240592335566,0.2772888046979904,-0.0848961796709955,0.060495556858776264,0.012470267141628773,0.38293991352317375,0.11345350361241238,-0.33904555555555554,-0.22559205194314316,0.14664297736913579,0.7999999999999999,36,42,48,0,0
b2outer1,pair_no_message,3301,equal_background,3,8,48,0.1044989214582903,0.2325129950225353,-0.008935117874522946,-0.057846862430582124,0.01368880262024153,0.3218283396532895,0.015112102417151163,-0.23910208333333333,-0.22398998091618216,0.10357348020399305,0.75,36,42,48,0,0
b2outer1,pair_no_message,4409,rows,3,8,48,0.10654206556399723,0.23089598083098725,-0.028661635721397127,-0.07143407248937865,0.028620973181834014,0.3218283396532895,0.028869724907477745,-0.23910208333333333,-0.21023235842585558,0.10357348020399305,0.75,36,42,48,0,0
b2outer1,pair_no_message,4409,equal_sequence,3,8,48,0.1667012681738014,0.28298486616823404,-0.13678316660315804,-0.15341603109548785,0.021730401472632416,0.38293991352317375,0.13050975617143845,-0.33904555555555554,-0.2085357993841171,0.14664297736913579,0.7999999999999999,36,42,48,0,0
b2outer1,pair_no_message,4409,equal_background,3,8,48,0.10654206556399723,0.23089598083098725,-0.028661635721397127,-0.07143407248937865,0.028620973181834014,0.3218283396532895,0.028869724907477745,-0.23910208333333333,-0.21023235842585558,0.10357348020399305,0.75,36,42,48,0,0
b2outer1,pair_no_message,5519,rows,3,8,48,0.0995333201710982,0.22433674828410147,0.039007668999222256,0.4001225627874823,0.017475750935548633,0.3218283396532895,0.012456735360622417,-0.23910208333333333,-0.2266453479727109,0.10357348020399305,0.75,36,42,48,0,0
b2outer1,pair_no_message,5519,equal_sequence,3,8,48,0.14827483060273036,0.26299013327227694,-0.011128069430060838,0.5585046043949011,0.02233697049270716,0.38293991352317375,0.10338033785131245,-0.33904555555555554,-0.2356652177042431,0.14664297736913579,0.7999999999999999,36,42,48,0,0
b2outer1,pair_no_message,5519,equal_background,3,8,48,0.0995333201710982,0.22433674828410147,0.039007668999222256,0.4001225627874823,0.017475750935548633,0.3218283396532895,0.012456735360622417,-0.23910208333333333,-0.2266453479727109,0.10357348020399305,0.75,36,42,48,0,0
b2outer1,pair_no_message,6637,rows,3,8,48,0.10949526768853003,0.2541364174008369,-0.05717474659414479,-0.07403943116006692,0.0566106965328059,0.3218283396532895,0.004379339901606272,-0.23910208333333333,-0.23472274343172705,0.10357348020399305,0.75,36,42,48,0,0
b2outer1,pair_no_message,6637,equal_sequence,3,8,48,0.16656935584274837,0.29775272813849973,-0.1358836190529129,-0.20257229752020242,0.04439367930336394,0.38293991352317375,0.10520492543485432,-0.33904555555555554,-0.23384063012070122,0.14664297736913579,0.7999999999999999,36,42,48,0,0
b2outer1,pair_no_message,6637,equal_background,3,8,48,0.10949526768853003,0.2541364174008369,-0.05717474659414479,-0.07403943116006692,0.0566106965328059,0.3218283396532895,0.004379339901606272,-0.23910208333333333,-0.23472274343172705,0.10357348020399305,0.75,36,42,48,0,0
b2outer1,pair_no_message,7753,rows,3,8,48,0.1063813494867264,0.23037229525645572,-0.027109925023308223,-0.07482937944154171,0.016368985036681986,0.3218283396532895,0.04185119806528095,-0.23910208333333333,-0.19725088526805237,0.10357348020399305,0.75,36,42,48,0,0
b2outer1,pair_no_message,7753,equal_sequence,3,8,48,0.16521139528373885,0.28028807598431904,-0.12662330135224864,0.15087734528427857,0.013289556591648084,0.38293991352317375,0.14116467651102282,-0.33904555555555554,-0.19788087904453272,0.14664297736913579,0.7999999999999999,36,42,48,0,0
b2outer1,pair_no_message,7753,equal_background,3,8,48,0.1063813494867264,0.23037229525645572,-0.027109925023308223,-0.07482937944154171,0.016368985036681986,0.3218283396532895,0.04185119806528095,-0.23910208333333333,-0.19725088526805237,0.10357348020399305,0.75,36,42,48,0,0
b2outer1,pair_no_message,8867,rows,3,8,48,0.09860040354642849,0.22679801621635753,0.04801496143385209,0.3317887362043128,0.027214879131426742,0.3218283396532895,0.009911096729834923,-0.23910208333333333,-0.2291909866034984,0.10357348020399305,0.75,36,42,48,0,0
b2outer1,pair_no_message,8867,equal_sequence,3,8,48,0.1456410905162441,0.26253231081644696,0.0068321502390782385,0.4964632415745761,0.030852223887104655,0.38293991352317375,0.09887988153139754,-0.33904555555555554,-0.240165674024158,0.14664297736913579,0.7999999999999999,36,42,48,0,0
b2outer1,pair_no_message,8867,equal_background,3,8,48,0.09860040354642849,0.22679801621635753,0.04801496143385209,0.3317887362043128,0.027214879131426742,0.3218283396532895,0.009911096729834923,-0.23910208333333333,-0.2291909866034984,0.10357348020399305,0.75,36,42,48,0,0
b2outer1,pair_no_message,9973,rows,3,8,48,0.10308556561244062,0.2342071625957886,0.004710806188915062,0.10700101913799202,0.013431465937393177,0.3218283396532895,0.01602285828491057,-0.23910208333333333,-0.22307922504842276,0.10357348020399305,0.75,36,42,48,0,0
b2outer1,pair_no_message,9973,equal_sequence,3,8,48,0.15683230339568763,0.2763405196931627,-0.06948390035005114,0.32408591493364663,0.01176590002302084,0.38293991352317375,0.11389167589982352,-0.33904555555555554,-0.22515387965573203,0.14664297736913579,0.7999999999999999,36,42,48,0,0
b2outer1,pair_no_message,9973,equal_background,3,8,48,0.10308556561244062,0.2342071625957886,0.004710806188915062,0.10700101913799202,0.013431465937393177,0.3218283396532895,0.01602285828491057,-0.23910208333333333,-0.22307922504842276,0.10357348020399305,0.75,36,42,48,0,0
b2outer1,pair_no_message,11027,rows,3,8,48,0.10433299054429646,0.23326277332206563,-0.007333058026123274,0.023782578275028395,0.02299369555097572,0.3218283396532895,0.024140910320480713,-0.23910208333333333,-0.2149611730128526,0.10357348020399305,0.75,36,42,48,0,0
b2outer1,pair_no_message,11027,equal_sequence,3,8,48,0.15898430324650506,0.2771549699115753,-0.0841589968969545,0.1532707180119505,0.01915375451457282,0.38293991352317375,0.11925963444550836,-0.33904555555555554,-0.2197859211100472,0.14664297736913579,0.7999999999999999,36,42,48,0,0
b2outer1,pair_no_message,11027,equal_background,3,8,48,0.10433299054429646,0.23326277332206563,-0.007333058026123274,0.023782578275028395,0.02299369555097572,0.3218283396532895,0.024140910320480713,-0.23910208333333333,-0.2149611730128526,0.10357348020399305,0.75,36,42,48,0,0
b2outer1,pair_ridge,0,rows,3,8,48,0.11654699077720447,0.26079028674165405,-0.12525900015775715,0.2075829747174302,0.198478686660411,0.3218283396532895,-0.009944303817550348,-0.23910208333333333,-0.24904638715088367,0.10357348020399305,0.6666666666666666,30,42,36,6,6
b2outer1,pair_ridge,0,equal_sequence,3,8,48,0.13058633727288488,0.25322430002000595,0.10949477693590781,0.34901859382900535,0.17173214884476323,0.38293991352317375,0.018881586356692848,-0.33904555555555554,-0.3201639691988627,0.14664297736913579,0.7555555555555555,30,42,36,6,6
b2outer1,pair_ridge,0,equal_background,3,8,48,0.11654699077720447,0.26079028674165405,-0.12525900015775715,0.2075829747174302,0.198478686660411,0.3218283396532895,-0.009944303817550348,-0.23910208333333333,-0.24904638715088367,0.10357348020399305,0.6666666666666666,30,42,36,6,6
b2outer1,pair_tree,1103,rows,3,8,48,0.16378119590546966,0.32416258532658193,-0.5813043607581261,-0.018032398180357116,0.19620318253149932,0.3218283396532895,-0.13940861013677525,-0.23910208333333333,-0.3785106934701086,0.10357348020399305,0.75,36,42,48,0,0
b2outer1,pair_tree,1103,equal_sequence,3,8,48,0.15030894085171076,0.2942437726370063,-0.02499924338924764,0.24829631701063118,0.1667921614859171,0.38293991352317375,-0.08697351978659096,-0.33904555555555554,-0.4260190753421465,0.14664297736913579,0.7999999999999999,36,42,48,0,0
b2outer1,pair_tree,1103,equal_background,3,8,48,0.16378119590546966,0.32416258532658193,-0.5813043607581261,-0.018032398180357116,0.19620318253149932,0.3218283396532895,-0.13940861013677525,-0.23910208333333333,-0.3785106934701086,0.10357348020399305,0.75,36,42,48,0,0
b2outer1,pair_tree,2207,rows,3,8,48,0.1630960354161871,0.3284825945967611,-0.5746891491428257,-0.002138301216320704,0.1988893877999713,0.3218283396532895,-0.14032757687515013,-0.23910208333333333,-0.37942966020848345,0.10357348020399305,0.75,36,42,48,0,0
b2outer1,pair_tree,2207,equal_sequence,3,8,48,0.15025336998651423,0.29979400451579263,-0.024620289918761085,0.2634617563382382,0.17063838680672777,0.38293991352317375,-0.0944688034632033,-0.33904555555555554,-0.43351435901875884,0.14664297736913579,0.7999999999999999,36,42,48,0,0
b2outer1,pair_tree,2207,equal_background,3,8,48,0.1630960354161871,0.3284825945967611,-0.5746891491428257,-0.002138301216320704,0.1988893877999713,0.3218283396532895,-0.14032757687515013,-0.23910208333333333,-0.37942966020848345,0.10357348020399305,0.75,36,42,48,0,0
b2outer1,pair_tree,3301,rows,3,8,48,0.17053569149555367,0.3346539635684722,-0.6465188884227435,-0.03818331448639598,0.19999086352799575,0.3218283396532895,-0.1484947853024287,-0.23910208333333333,-0.38759686863576204,0.10357348020399305,0.75,36,42,48,0,0
b2outer1,pair_tree,3301,equal_sequence,3,8,48,0.15625248358592395,0.3019943153202659,-0.06552994483055752,0.20755775926957132,0.16404688844865867,0.38293991352317375,-0.09367883177689562,-0.33904555555555554,-0.43272438733245117,0.14664297736913579,0.7999999999999999,36,42,48,0,0
b2outer1,pair_tree,3301,equal_background,3,8,48,0.17053569149555367,0.3346539635684722,-0.6465188884227435,-0.03818331448639598,0.19999086352799575,0.3218283396532895,-0.1484947853024287,-0.23910208333333333,-0.38759686863576204,0.10357348020399305,0.75,36,42,48,0,0
b2outer1,pair_tree,4409,rows,3,8,48,0.16204600758247786,0.3224138837527054,-0.5645511501913454,-0.029840148424962642,0.1925987483066894,0.3218283396532895,-0.13296255789291694,-0.23910208333333333,-0.37206464122625027,0.10357348020399305,0.75,36,42,48,0,0
b2outer1,pair_tree,4409,equal_sequence,3,8,48,0.15119321291584953,0.29249252266941883,-0.031029345068872338,0.22306752818213374,0.159873894314675,0.38293991352317375,-0.07939708045314214,-0.33904555555555554,-0.4184426360086977,0.14664297736913579,0.7999999999999999,36,42,48,0,0
b2outer1,pair_tree,4409,equal_background,3,8,48,0.16204600758247786,0.3224138837527054,-0.5645511501913454,-0.029840148424962642,0.1925987483066894,0.3218283396532895,-0.13296255789291694,-0.23910208333333333,-0.37206464122625027,0.10357348020399305,0.75,36,42,48,0,0
b2outer1,pair_tree,5519,rows,3,8,48,0.15782791572294091,0.3173688720924521,-0.523825552758207,-0.024438558111316774,0.18284897772866007,0.3218283396532895,-0.1339569517293468,-0.23910208333333333,-0.3730590350626801,0.10357348020399305,0.75,36,42,48,0,0
b2outer1,pair_tree,5519,equal_sequence,3,8,48,0.1487311120976795,0.28837430988789997,-0.014239582188019684,0.23021606076023254,0.15244634069087618,0.38293991352317375,-0.07567864267376112,-0.33904555555555554,-0.41472419822931667,0.14664297736913579,0.7999999999999999,36,42,48,0,0
b2outer1,pair_tree,5519,equal_background,3,8,48,0.15782791572294091,0.3173688720924521,-0.523825552758207,-0.024438558111316774,0.18284897772866007,0.3218283396532895,-0.1339569517293468,-0.23910208333333333,-0.3730590350626801,0.10357348020399305,0.75,36,42,48,0,0
b2outer1,pair_tree,6637,rows,3,8,48,0.1632074171052099,0.3228562359718212,-0.5757645372518609,-0.0562555460585647,0.1900051241349099,0.3218283396532895,-0.12904280355188752,-0.23910208333333333,-0.36814488688522085,0.10357348020399305,0.75,36,42,48,0,0
b2outer1,pair_tree,6637,equal_sequence,3,8,48,0.15405266085806438,0.29253706023154813,-0.05052873053904672,0.17646423949429832,0.15284830679060438,0.38293991352317375,-0.06859000356681838,-0.33904555555555554,-0.4076355591223739,0.14664297736913579,0.7999999999999999,36,42,48,0,0
b2outer1,pair_tree,6637,equal_background,3,8,48,0.1632074171052099,0.3228562359718212,-0.5757645372518609,-0.0562555460585647,0.1900051241349099,0.3218283396532895,-0.12904280355188752,-0.23910208333333333,-0.36814488688522085,0.10357348020399305,0.75,36,42,48,0,0
b2outer1,pair_tree,7753,rows,3,8,48,0.1559251259549162,0.317532518914091,-0.5054541533973176,-0.015130625205080761,0.17677211843545396,0.3218283396532895,-0.13921814883582811,-0.23910208333333333,-0.37832023216916144,0.10357348020399305,0.75,36,42,48,0,0
b2outer1,pair_tree,7753,equal_sequence,3,8,48,0.1477435702445709,0.28862961616415456,-0.0075052545657516845,0.2403449792512225,0.1490330448188658,0.38293991352317375,-0.07951765505010377,-0.33904555555555554,-0.4185632106056593,0.14664297736913579,0.7999999999999999,36,42,48,0,0
b2outer1,pair_tree,7753,equal_background,3,8,48,0.1559251259549162,0.317532518914091,-0.5054541533973176,-0.015130625205080761,0.17677211843545396,0.3218283396532895,-0.13921814883582811,-0.23910208333333333,-0.37832023216916144,0.10357348020399305,0.75,36,42,48,0,0
b2outer1,pair_tree,8867,rows,3,8,48,0.16970863413264237,0.3329640529563991,-0.6385336651659563,-0.0526256714421583,0.1909894236703858,0.3218283396532895,-0.15227880687830647,-0.23910208333333333,-0.3913808902116398,0.10357348020399305,0.75,36,42,48,0,0
b2outer1,pair_tree,8867,equal_sequence,3,8,48,0.15654571252894522,0.3004106115619152,-0.06752955605151056,0.1926659602730178,0.1552749447662433,0.38293991352317375,-0.09329864932679921,-0.33904555555555554,-0.43234420488235475,0.14664297736913579,0.7999999999999999,36,42,48,0,0
b2outer1,pair_tree,8867,equal_background,3,8,48,0.16970863413264237,0.3329640529563991,-0.6385336651659563,-0.0526256714421583,0.1909894236703858,0.3218283396532895,-0.15227880687830647,-0.23910208333333333,-0.3913808902116398,0.10357348020399305,0.75,36,42,48,0,0
b2outer1,pair_tree,9973,rows,3,8,48,0.1628022240685607,0.32429593450702443,-0.5718524061170267,-0.025369687846445266,0.19012561682044196,0.3218283396532895,-0.14133775975754542,-0.23910208333333333,-0.38043984309087875,0.10357348020399305,0.75,36,42,48,0,0
b2outer1,pair_tree,9973,equal_sequence,3,8,48,0.15190038668482353,0.2952736204526747,-0.03585176330983497,0.22615360177029725,0.15809249377790877,0.38293991352317375,-0.08744608230980416,-0.33904555555555554,-0.4264916378653597,0.14664297736913579,0.7999999999999999,36,42,48,0,0
b2outer1,pair_tree,9973,equal_background,3,8,48,0.1628022240685607,0.32429593450702443,-0.5718524061170267,-0.025369687846445266,0.19012561682044196,0.3218283396532895,-0.14133775975754542,-0.23910208333333333,-0.38043984309087875,0.10357348020399305,0.75,36,42,48,0,0
b2outer1,pair_tree,11027,rows,3,8,48,0.15995783788261997,0.31776974490715665,-0.5443899110812453,-0.010172191440860017,0.18715484905154384,0.3218283396532895,-0.1418874296416543,-0.23910208333333333,-0.3809895129749876,0.10357348020399305,0.75,36,42,48,0,0
b2outer1,pair_tree,11027,equal_sequence,3,8,48,0.1489779706339113,0.2895123886242048,-0.015922980470437276,0.24765546374311923,0.15926048040373725,0.38293991352317375,-0.08472730708112836,-0.33904555555555554,-0.4237728626366839,0.14664297736913579,0.7999999999999999,36,42,48,0,0
b2outer1,pair_tree,11027,equal_background,3,8,48,0.15995783788261997,0.31776974490715665,-0.5443899110812453,-0.010172191440860017,0.18715484905154384,0.3218283396532895,-0.1418874296416543,-0.23910208333333333,-0.3809895129749876,0.10357348020399305,0.75,36,42,48,0,0
b2outer1,training_majority,0,rows,3,8,48,,,,,,0.3218283396532895,,-0.23910208333333333,,0.10357348020399305,0.75,36,42,48,0,0
b2outer1,training_majority,0,equal_sequence,3,8,48,,,,,,0.38293991352317375,,-0.33904555555555554,,0.14664297736913579,0.7999999999999999,36,42,48,0,0
b2outer1,training_majority,0,equal_background,3,8,48,,,,,,0.3218283396532895,,-0.23910208333333333,,0.10357348020399305,0.75,36,42,48,0,0
b2outer1,training_mean,0,rows,3,8,48,0.12376101285966236,0.2842118386243386,-0.19491024744856467,,5.551115123125783e-17,0.3218283396532895,-0.14208283730158722,-0.23910208333333333,-0.38118492063492054,0.10357348020399305,0.75,36,42,48,0,0
b2outer1,training_mean,0,equal_sequence,3,8,48,0.1484187034584278,0.2868669841269841,-0.012109179185731511,,0.0,0.38293991352317375,-0.042139365079365054,-0.33904555555555554,-0.3811849206349206,0.14664297736913579,0.7999999999999999,36,42,48,0,0
b2outer1,training_mean,0,equal_background,3,8,48,0.12376101285966236,0.2842118386243386,-0.19491024744856467,,5.551115123125783e-17,0.3218283396532895,-0.14208283730158722,-0.23910208333333333,-0.38118492063492054,0.10357348020399305,0.75,36,42,48,0,0
b2outer1,zero,0,rows,3,8,48,0.16074328645833333,0.27285624999999997,-0.5519734022815641,,0.0,0.3218283396532895,0.23910208333333333,-0.23910208333333333,0.0,0.10357348020399305,0.125,0,42,0,48,0
b2outer1,zero,0,equal_sequence,3,8,48,0.26159486611111105,0.3586544444444444,-0.7838894900000128,,0.0,0.38293991352317375,0.33904555555555554,-0.33904555555555554,0.0,0.14664297736913579,0.11666666666666665,0,42,0,48,0
b2outer1,zero,0,equal_background,3,8,48,0.16074328645833333,0.27285624999999997,-0.5519734022815641,,0.0,0.3218283396532895,0.23910208333333333,-0.23910208333333333,0.0,0.10357348020399305,0.125,0,42,0,48,0
b2outer2,activity_gnn,1103,rows,3,8,48,0.31533758237585763,0.28497876038352643,-0.10879036251876961,0.12769450077338884,0.006095783278726509,0.5332896384078353,0.1781370499014855,-0.2702895833333333,-0.09215253343184782,0.2843978384331597,0.6875,33,39,48,0,0
b2outer2,activity_gnn,1103,equal_sequence,3,8,48,0.6825070062391698,0.46789574179013566,-0.30360029396122945,0.20599557608518138,0.004838628963393648,0.7235712993432875,0.400462967118687,-0.49355666666666653,-0.09309369954797952,0.5235554252333333,0.7999999999999999,33,39,48,0,0
b2outer2,activity_gnn,1103,equal_background,3,8,48,0.31533758237585763,0.28497876038352643,-0.10879036251876961,0.12769450077338884,0.006095783278726509,0.5332896384078353,0.1781370499014855,-0.2702895833333333,-0.09215253343184782,0.2843978384331597,0.6875,33,39,48,0,0
b2outer2,activity_gnn,2207,rows,3,8,48,0.3011649776684675,0.29078653032183643,-0.0589566338748686,0.027724434835392428,0.010034119859668357,0.5332896384078353,0.13024272603591286,-0.2702895833333333,-0.14004685729742045,0.2843978384331597,0.6875,33,39,48,0,0
b2outer2,activity_gnn,2207,equal_sequence,3,8,48,0.6457634477833979,0.45735865798261427,-0.23341945601194003,0.17502612864513256,0.009606316358406329,0.7235712993432875,0.35291486742867356,-0.49355666666666653,-0.14064179923799297,0.5235554252333333,0.7999999999999999,33,39,48,0,0
b2outer2,activity_gnn,2207,equal_background,3,8,48,0.3011649776684675,0.29078653032183643,-0.0589566338748686,0.027724434835392428,0.010034119859668357,0.5332896384078353,0.13024272603591286,-0.2702895833333333,-0.14004685729742045,0.2843978384331597,0.6875,33,39,48,0,0
b2outer2,activity_gnn,3301,rows,3,8,48,0.29771521770972453,0.2895809095859528,-0.04682658402023954,0.224896156334229,0.010890428493367462,0.5332896384078353,0.12574203891356786,-0.2702895833333333,-0.14454754441976544,0.2843978384331597,0.6875,33,39,48,0,0
b2outer2,activity_gnn,3301,equal_sequence,3,8,48,0.6405766207472552,0.45494165543715154,-0.2235125258453181,0.3071955298191666,0.010297998903959712,0.7235712993432875,0.34855871991422427,-0.49355666666666653,-0.14499794675244224,0.5235554252333333,0.7999999999999999,33,39,48,0,0
b2outer2,activity_gnn,3301,equal_background,3,8,48,0.29771521770972453,0.2895809095859528,-0.04682658402023954,0.224896156334229,0.010890428493367462,0.5332896384078353,0.12574203891356786,-0.2702895833333333,-0.14454754441976544,0.2843978384331597,0.6875,33,39,48,0,0
b2outer2,activity_gnn,4409,rows,3,8,48,0.2900381961476654,0.30162925243576366,-0.019832632152129825,0.17464236827229634,0.01399963726371386,0.5332896384078353,0.08973337916334473,-0.2702895833333333,-0.18055620416998858,0.2843978384331597,0.6875,33,39,48,0,0
b2outer2,activity_gnn,4409,equal_sequence,3,8,48,0.6151104224499561,0.45416782722949983,-0.17487164262660326,0.2715718288471596,0.011102034822207655,0.7235712993432875,0.3095074745957056,-0.49355666666666653,-0.18404919207096096,0.5235554252333333,0.7999999999999999,33,39,48,0,0
b2outer2,activity_gnn,4409,equal_background,3,8,48,0.2900381961476654,0.30162925243576366,-0.019832632152129825,0.17464236827229634,0.01399963726371386,0.5332896384078353,0.08973337916334473,-0.2702895833333333,-0.18055620416998858,0.2843978384331597,0.6875,33,39,48,0,0
b2outer2,activity_gnn,5519,rows,3,8,48,0.31683398655743694,0.2825221561908722,-0.11405202058840724,0.38075564455410715,0.009088513684104401,0.5332896384078353,0.1898537534753482,-0.2702895833333333,-0.08043582985798511,0.2843978384331597,0.6875,33,39,48,0,0
b2outer2,activity_gnn,5519,equal_sequence,3,8,48,0.6843028643008058,0.4664202927181455,-0.3070304142027218,0.5084311578384235,0.010472726535625757,0.7235712993432875,0.4102966049920187,-0.49355666666666653,-0.0832600616746478,0.5235554252333333,0.7999999999999999,33,39,48,0,0
b2outer2,activity_gnn,5519,equal_background,3,8,48,0.31683398655743694,0.2825221561908722,-0.11405202058840724,0.38075564455410715,0.009088513684104401,0.5332896384078353,0.1898537534753482,-0.2702895833333333,-0.08043582985798511,0.2843978384331597,0.6875,33,39,48,0,0
b2outer2,activity_gnn,6637,rows,3,8,48,0.290325510933122,0.30570895319382346,-0.020842888724540876,0.06457204970234248,0.019512026566453244,0.5332896384078353,0.08301066316962244,-0.2702895833333333,-0.18727892016371087,0.2843978384331597,0.6875,33,39,48,0,0
b2outer2,activity_gnn,6637,equal_sequence,3,8,48,0.6149835585653377,0.4574977049504386,-0.1746293303927804,0.009882533186582628,0.01667234375156523,0.7235712993432875,0.3023054824548297,-0.49355666666666653,-0.19125118421183687,0.5235554252333333,0.7999999999999999,33,39,48,0,0
b2outer2,activity_gnn,6637,equal_background,3,8,48,0.290325510933122,0.30570895319382346,-0.020842888724540876,0.06457204970234248,0.019512026566453244,0.5332896384078353,0.08301066316962244,-0.2702895833333333,-0.18727892016371087,0.2843978384331597,0.6875,33,39,48,0,0
b2outer2,activity_gnn,7753,rows,3,8,48,0.2851445620758988,0.3081837438702583,-0.0026256305141172387,0.18233142357380294,0.0229341485031865,0.5332896384078353,0.06841617780725162,-0.2702895833333333,-0.20187340552608168,0.2843978384331597,0.6875,33,39,48,0,0
b2outer2,activity_gnn,7753,equal_sequence,3,8,48,0.6007026662592484,0.4551752829758326,-0.14735257683851288,0.10570877117906842,0.020698442369976644,0.7235712993432875,0.2826396531142128,-0.49355666666666653,-0.21091701355245374,0.5235554252333333,0.7999999999999999,33,39,48,0,0
b2outer2,activity_gnn,7753,equal_background,3,8,48,0.2851445620758988,0.3081837438702583,-0.0026256305141172387,0.18233142357380294,0.0229341485031865,0.5332896384078353,0.06841617780725162,-0.2702895833333333,-0.20187340552608168,0.2843978384331597,0.6875,33,39,48,0,0
b2outer2,activity_gnn,8867,rows,3,8,48,0.28619842042815463,0.3137244929035504,-0.006331208439961822,0.3231506972614648,0.0056116722996537765,0.5332896384078353,0.0608542756021023,-0.2702895833333333,-0.209435307731231,0.2843978384331597,0.6875,33,39,48,0,0
b2outer2,activity_gnn,8867,equal_sequence,3,8,48,0.6007475908831538,0.4556896054495706,-0.1474383836542581,0.34304212223816055,0.005821396710631856,0.7235712993432875,0.2829279025008943,-0.49355666666666653,-0.21062876416577225,0.5235554252333333,0.7999999999999999,33,39,48,0,0
b2outer2,activity_gnn,8867,equal_background,3,8,48,0.28619842042815463,0.3137244929035504,-0.006331208439961822,0.3231506972614648,0.0056116722996537765,0.5332896384078353,0.0608542756021023,-0.2702895833333333,-0.209435307731231,0.2843978384331597,0.6875,33,39,48,0,0
b2outer2,activity_gnn,9973,rows,3,8,48,0.3574542972916666,0.30408958333333325,-0.2568812029690477,,0.0,0.5332896384078353,0.2702895833333333,-0.2702895833333333,0.0,0.2843978384331597,0.1875,0,39,0,48,0
b2outer2,activity_gnn,9973,equal_sequence,3,8,48,0.7671536084444444,0.5115833333333332,-0.4652767815414127,,0.0,0.7235712993432875,0.49355666666666653,-0.49355666666666653,0.0,0.5235554252333333,0.13333333333333333,0,39,0,48,0
b2outer2,activity_gnn,9973,equal_background,3,8,48,0.3574542972916666,0.30408958333333325,-0.2568812029690477,,0.0,0.5332896384078353,0.2702895833333333,-0.2702895833333333,0.0,0.2843978384331597,0.1875,0,39,0,48,0
b2outer2,activity_gnn,11027,rows,3,8,48,0.2922559815031593,0.3044255521814028,-0.027630811518444265,0.000608144538374281,0.021563148235148374,0.5332896384078353,0.0860648610472679,-0.2702895833333333,-0.1842247222860654,0.2843978384331597,0.6875,33,39,48,0,0
b2outer2,activity_gnn,11027,equal_sequence,3,8,48,0.6198528238625571,0.45891265166017736,-0.18392971209553766,-0.08239058853632972,0.017336038221122993,0.7235712993432875,0.30647980103333783,-0.49355666666666653,-0.1870768656333287,0.5235554252333333,0.7999999999999999,33,39,48,0,0
b2outer2,activity_gnn,11027,equal_background,3,8,48,0.2922559815031593,0.3044255521814028,-0.027630811518444265,0.000608144538374281,0.021563148235148374,0.5332896384078353,0.0860648610472679,-0.2702895833333333,-0.1842247222860654,0.2843978384331597,0.6875,33,39,48,0,0
b2outer2,pair_gnn,1103,rows,3,8,48,0.2794762815068424,0.3248464961012204,0.017305184010651287,0.3586079095052942,0.015537007915219366,0.5332896384078353,0.027923068233331072,-0.2702895833333333,-0.24236651510000223,0.2843978384331597,0.6875,33,39,48,0,0
b2outer2,pair_gnn,1103,equal_sequence,3,8,48,0.5723482901870114,0.4488035728947321,-0.09319522366124366,0.49176407486514967,0.018160191962880424,0.7235712993432875,0.24776364296118408,-0.49355666666666653,-0.24579302370548245,0.5235554252333333,0.7999999999999999,33,39,48,0,0
b2outer2,pair_gnn,1103,equal_background,3,8,48,0.2794762815068424,0.3248464961012204,0.017305184010651287,0.3586079095052942,0.015537007915219366,0.5332896384078353,0.027923068233331072,-0.2702895833333333,-0.24236651510000223,0.2843978384331597,0.6875,33,39,48,0,0
b2outer2,pair_gnn,2207,rows,3,8,48,0.2478120864525546,0.2593184562802314,0.12864286234441136,0.5401861192017153,0.09690665074432125,0.5332896384078353,0.09927861723105114,-0.2702895833333333,-0.17101096610228217,0.2843978384331597,0.6875,33,39,48,0,0
b2outer2,pair_gnn,2207,equal_sequence,3,8,48,0.5056712029497574,0.37669753101242914,0.034159176701502814,0.6000833500511512,0.12158031160758846,0.7235712993432875,0.2700279603015051,-0.49355666666666653,-0.22352870636516142,0.5235554252333333,0.7999999999999999,33,39,48,0,0
b2outer2,pair_gnn,2207,equal_background,3,8,48,0.2478120864525546,0.2593184562802314,0.12864286234441136,0.5401861192017153,0.09690665074432125,0.5332896384078353,0.09927861723105114,-0.2702895833333333,-0.17101096610228217,0.2843978384331597,0.6875,33,39,48,0,0
b2outer2,pair_gnn,3301,rows,3,8,48,0.24199891542679886,0.26110793050924935,0.14908314085631003,0.5425043087603877,0.10198570786357662,0.5332896384078353,0.07881215421160065,-0.2702895833333333,-0.19147742912173266,0.2843978384331597,0.6875,33,39,48,0,0
b2outer2,pair_gnn,3301,equal_sequence,3,8,48,0.4910157381899305,0.3717980659627914,0.0621513701799592,0.6006258332600557,0.12427994016106665,0.7235712993432875,0.24502620958063326,-0.49355666666666653,-0.24853045708603327,0.5235554252333333,0.7999999999999999,33,39,48,0,0
b2outer2,pair_gnn,3301,equal_background,3,8,48,0.24199891542679886,0.26110793050924935,0.14908314085631003,0.5425043087603877,0.10198570786357662,0.5332896384078353,0.07881215421160065,-0.2702895833333333,-0.19147742912173266,0.2843978384331597,0.6875,33,39,48,0,0
b2outer2,pair_gnn,4409,rows,3,8,48,0.2860933002312958,0.3144876124123732,-0.005961584685302057,0.10938773720143222,0.016521177213888676,0.5332896384078353,0.05787961391409238,-0.2702895833333333,-0.21240996941924092,0.2843978384331597,0.6875,33,39,48,0,0
b2outer2,pair_gnn,4409,equal_sequence,3,8,48,0.6012093412658363,0.4566968570566177,-0.14832033494427987,0.07087722209035585,0.013011303745334487,0.7235712993432875,0.2807475453890693,-0.49355666666666653,-0.21280912127759719,0.5235554252333333,0.7999999999999999,33,39,48,0,0
b2outer2,pair_gnn,4409,equal_background,3,8,48,0.2860933002312958,0.3144876124123732,-0.005961584685302057,0.10938773720143222,0.016521177213888676,0.5332896384078353,0.05787961391409238,-0.2702895833333333,-0.21240996941924092,0.2843978384331597,0.6875,33,39,48,0,0
b2outer2,pair_gnn,5519,rows,3,8,48,0.2820147288324281,0.3137010248164336,0.008379492663730836,0.2364335593831681,0.021760330830719165,0.5332896384078353,0.05129125424027442,-0.2702895833333333,-0.21899832909305889,0.2843978384331597,0.6875,33,39,48,0,0
b2outer2,pair_gnn,5519,equal_sequence,3,8,48,0.5904528010118146,0.4518616391966078,-0.12777515532126738,0.23369063329040932,0.020397097284511955,0.7235712993432875,0.27088613738059986,-0.49355666666666653,-0.22267052928606665,0.5235554252333333,0.7999999999999999,33,39,48,0,0
b2outer2,pair_gnn,5519,equal_background,3,8,48,0.2820147288324281,0.3137010248164336,0.008379492663730836,0.2364335593831681,0.021760330830719165,0.5332896384078353,0.05129125424027442,-0.2702895833333333,-0.21899832909305889,0.2843978384331597,0.6875,33,39,48,0,0
b2outer2,pair_gnn,6637,rows,3,8,48,0.2818598339334224,0.3239360596140226,0.00892413428217309,0.2311286289671097,0.015388757017242622,0.5332896384078353,0.031918207385142644,-0.2702895833333333,-0.23837137594819066,0.2843978384331597,0.6875,33,39,48,0,0
b2outer2,pair_gnn,6637,equal_sequence,3,8,48,0.5805322677384914,0.453749918480979,-0.10882676362252419,0.340765617094079,0.013065774613856818,0.7235712993432875,0.2514942099263932,-0.49355666666666653,-0.24206245674027332,0.5235554252333333,0.7999999999999999,33,39,48,0,0
b2outer2,pair_gnn,6637,equal_background,3,8,48,0.2818598339334224,0.3239360596140226,0.00892413428217309,0.2311286289671097,0.015388757017242622,0.5332896384078353,0.031918207385142644,-0.2702895833333333,-0.23837137594819066,0.2843978384331597,0.6875,33,39,48,0,0
b2outer2,pair_gnn,7753,rows,3,8,48,0.2780562393053473,0.3309197897434235,0.022298337999860807,0.2968508848368588,0.021949951255905615,0.5332896384078353,0.011237632064024616,-0.2702895833333333,-0.2590519512693087,0.2843978384331597,0.6875,33,39,48,0,0
b2outer2,pair_gnn,7753,equal_sequence,3,8,48,0.5656165059306297,0.4529678167067634,-0.08033739823926189,0.32438683437410193,0.020616916572664477,0.7235712993432875,0.22652661034901922,-0.49355666666666653,-0.2670300563176473,0.5235554252333333,0.7999999999999999,33,39,48,0,0
b2outer2,pair_gnn,7753,equal_background,3,8,48,0.2780562393053473,0.3309197897434235,0.022298337999860807,0.2968508848368588,0.021949951255905615,0.5332896384078353,0.011237632064024616,-0.2702895833333333,-0.2590519512693087,0.2843978384331597,0.6875,33,39,48,0,0
b2outer2,pair_gnn,8867,rows,3,8,48,0.26649638447096907,0.3310542565802733,0.06294511259584656,0.47060053395073403,0.03898010926770242,0.5332896384078353,-0.012020466647545525,-0.2702895833333333,-0.28231004998087883,0.2843978384331597,0.6875,33,39,48,0,0
b2outer2,pair_gnn,8867,equal_sequence,3,8,48,0.5272571982040325,0.43139869118690494,-0.007070450982433085,0.5483308839031094,0.046962400743886225,0.7235712993432875,0.19687960905604884,-0.49355666666666653,-0.2966770576106177,0.5235554252333333,0.7999999999999999,33,39,48,0,0
b2outer2,pair_gnn,8867,equal_background,3,8,48,0.26649638447096907,0.3310542565802733,0.06294511259584656,0.47060053395073403,0.03898010926770242,0.5332896384078353,-0.012020466647545525,-0.2702895833333333,-0.28231004998087883,0.2843978384331597,0.6875,33,39,48,0,0
b2outer2,pair_gnn,9973,rows,3,8,48,0.2863215727295567,0.3423806858956814,-0.006764236700937953,-0.05846292263918473,0.02257927773603658,0.5332896384078353,0.002443754005432175,-0.2702895833333333,-0.26784582932790113,0.2843978384331597,0.6875,33,39,48,0,0
b2outer2,pair_gnn,9973,equal_sequence,3,8,48,0.5804445149643205,0.46805135065343645,-0.10865915429227635,-0.22397084379160936,0.020228231653299802,0.7235712993432875,0.22343585089948437,-0.49355666666666653,-0.27012081576718217,0.5235554252333333,0.7999999999999999,33,39,48,0,0
b2outer2,pair_gnn,9973,equal_background,3,8,48,0.2863215727295567,0.3423806858956814,-0.006764236700937953,-0.05846292263918473,0.02257927773603658,0.5332896384078353,0.002443754005432175,-0.2702895833333333,-0.26784582932790113,0.2843978384331597,0.6875,33,39,48,0,0
b2outer2,pair_gnn,11027,rows,3,8,48,0.28392272790174194,0.34297593637307483,0.0016705841859955273,0.04122295159368252,0.0226526625086523,0.5332896384078353,-0.002779987128575634,-0.2702895833333333,-0.27306957046190894,0.2843978384331597,0.6875,33,39,48,0,0
b2outer2,pair_gnn,11027,equal_sequence,3,8,48,0.5713877931910674,0.4605654506619771,-0.09136065763508516,0.07219331018419234,0.01706234205134157,0.7235712993432875,0.22208965714878492,-0.49355666666666653,-0.2714670095178816,0.5235554252333333,0.7999999999999999,33,39,48,0,0
b2outer2,pair_gnn,11027,equal_background,3,8,48,0.28392272790174194,0.34297593637307483,0.0016705841859955273,0.04122295159368252,0.0226526625086523,0.5332896384078353,-0.002779987128575634,-0.2702895833333333,-0.27306957046190894,0.2843978384331597,0.6875,33,39,48,0,0
b2outer2,pair_no_message,1103,rows,3,8,48,0.28084665746409043,0.34221019096374516,0.012486666525434509,0.2733929646162842,0.012899134809815733,0.5332896384078353,-0.006614987226327251,-0.2702895833333333,-0.27690457055966056,0.2843978384331597,0.6875,33,39,48,0,0
b2outer2,pair_no_message,1103,equal_sequence,3,8,48,0.5620173566402402,0.45575321228928034,-0.07346296027734889,0.4048877098334551,0.013044231393143518,0.7235712993432875,0.21432402858575172,-0.49355666666666653,-0.2792326380809148,0.5235554252333333,0.7999999999999999,33,39,48,0,0
b2outer2,pair_no_message,1103,equal_background,3,8,48,0.28084665746409043,0.34221019096374516,0.012486666525434509,0.2733929646162842,0.012899134809815733,0.5332896384078353,-0.006614987226327251,-0.2702895833333333,-0.27690457055966056,0.2843978384331597,0.6875,33,39,48,0,0
b2outer2,pair_no_message,2207,rows,3,8,48,0.2579618852483582,0.30384664498170216,0.09295412838032013,0.5206180482201028,0.05404169037051644,0.5332896384078353,0.025531061816215533,-0.2702895833333333,-0.24475852151711777,0.2843978384331597,0.6875,33,39,48,0,0
b2outer2,pair_no_message,2207,equal_sequence,3,8,48,0.5224240334321975,0.41566748635450995,0.002160978086764409,0.5748291536281751,0.06367344516825871,0.7235712993432875,0.21859020355118636,-0.49355666666666653,-0.2749664631154802,0.5235554252333333,0.7999999999999999,33,39,48,0,0
b2outer2,pair_no_message,2207,equal_background,3,8,48,0.2579618852483582,0.30384664498170216,0.09295412838032013,0.5206180482201028,0.05404169037051644,0.5332896384078353,0.025531061816215533,-0.2702895833333333,-0.24475852151711777,0.2843978384331597,0.6875,33,39,48,0,0
b2outer2,pair_no_message,3301,rows,3,8,48,0.2534069118141463,0.29172784815828007,0.10897033110291021,0.3964809361900654,0.10020630649253148,0.5332896384078353,0.03664487806757294,-0.2702895833333333,-0.23364470526576037,0.2843978384331597,0.6875,33,39,48,0,0
b2outer2,pair_no_message,3301,equal_sequence,3,8,48,0.5100029153581089,0.4016024186759524,0.02588553039859043,0.4755289395944654,0.1074887995367074,0.7235712993432875,0.22104964451101083,-0.49355666666666653,-0.2725070221556557,0.5235554252333333,0.7999999999999999,33,39,48,0,0
b2outer2,pair_no_message,3301,equal_background,3,8,48,0.2534069118141463,0.29172784815828007,0.10897033110291021,0.3964809361900654,0.10020630649253148,0.5332896384078353,0.03664487806757294,-0.2702895833333333,-0.23364470526576037,0.2843978384331597,0.6875,33,39,48,0,0
b2outer2,pair_no_message,4409,rows,3,8,48,0.2833621503934066,0.33383091493447625,0.003641687452545339,0.11144553845572121,0.011811657415307871,0.5332896384078353,0.015125980802377037,-0.2702895833333333,-0.25516360253095627,0.2843978384331597,0.6875,33,39,48,0,0
b2outer2,pair_no_message,4409,equal_sequence,3,8,48,0.5786954348846036,0.45959457775645784,-0.10531838081268297,0.0646686248722206,0.010583700302693065,0.7235712993432875,0.2366822080092959,-0.49355666666666653,-0.25687445865737063,0.5235554252333333,0.7999999999999999,33,39,48,0,0
b2outer2,pair_no_message,4409,equal_background,3,8,48,0.2833621503934066,0.33383091493447625,0.003641687452545339,0.11144553845572121,0.011811657415307871,0.5332896384078353,0.015125980802377037,-0.2702895833333333,-0.25516360253095627,0.2843978384331597,0.6875,33,39,48,0,0
b2outer2,pair_no_message,5519,rows,3,8,48,0.27418075058160973,0.30191537151535347,0.0359253358177376,0.24638531187270507,0.06606177563531858,0.5332896384078353,0.05271710165143015,-0.2702895833333333,-0.21757248168190316,0.2843978384331597,0.6875,33,39,48,0,0
b2outer2,pair_no_message,5519,equal_sequence,3,8,48,0.5696937749014722,0.43604860797617173,-0.08812505313563768,0.3038010902065228,0.05846304297507851,0.7235712993432875,0.26157851413991706,-0.49355666666666653,-0.23197815252674947,0.5235554252333333,0.7999999999999999,33,39,48,0,0
b2outer2,pair_no_message,5519,equal_background,3,8,48,0.27418075058160973,0.30191537151535347,0.0359253358177376,0.24638531187270507,0.06606177563531858,0.5332896384078353,0.05271710165143015,-0.2702895833333333,-0.21757248168190316,0.2843978384331597,0.6875,33,39,48,0,0
b2outer2,pair_no_message,6637,rows,3,8,48,0.2787157138202511,0.31002927233576777,0.01997949296736301,0.19623047533364862,0.049508669814958946,0.5332896384078353,0.04720912831823035,-0.2702895833333333,-0.22308045501510296,0.2843978384331597,0.6875,33,39,48,0,0
b2outer2,pair_no_message,6637,equal_sequence,3,8,48,0.5813573025187739,0.44680380551444154,-0.11040259445249756,0.19785271482474975,0.04318713902318759,0.7235712993432875,0.26134677558581026,-0.49355666666666653,-0.23220989108085627,0.5235554252333333,0.7999999999999999,33,39,48,0,0
b2outer2,pair_no_message,6637,equal_background,3,8,48,0.2787157138202511,0.31002927233576777,0.01997949296736301,0.19623047533364862,0.049508669814958946,0.5332896384078353,0.04720912831823035,-0.2702895833333333,-0.22308045501510296,0.2843978384331597,0.6875,33,39,48,0,0
b2outer2,pair_no_message,7753,rows,3,8,48,0.2827582440394799,0.32321140350500743,0.00576514365479297,0.12666174692110121,0.025347974371821607,0.5332896384078353,0.03379741393327715,-0.2702895833333333,-0.23649216940005616,0.2843978384331597,0.6875,33,39,48,0,0
b2outer2,pair_no_message,7753,equal_sequence,3,8,48,0.5818736853329859,0.4536668818071153,-0.11138889464026058,0.19677832536826192,0.020882634647634544,0.7235712993432875,0.25264371397866137,-0.49355666666666653,-0.2409129526880052,0.5235554252333333,0.7999999999999999,33,39,48,0,0
b2outer2,pair_no_message,7753,equal_background,3,8,48,0.2827582440394799,0.32321140350500743,0.00576514365479297,0.12666174692110121,0.025347974371821607,0.5332896384078353,0.03379741393327715,-0.2702895833333333,-0.23649216940005616,0.2843978384331597,0.6875,33,39,48,0,0
b2outer2,pair_no_message,8867,rows,3,8,48,0.279016439724033,0.3337500053544839,0.018922080205582947,0.32096919702037946,0.01666861001250931,0.5332896384078353,0.006861164746681858,-0.2702895833333333,-0.26342841858665145,0.2843978384331597,0.6875,33,39,48,0,0
b2outer2,pair_no_message,8867,equal_sequence,3,8,48,0.5659625663487736,0.4533490262497796,-0.08099837967783574,0.388088001259111,0.015820397611564656,0.7235712993432875,0.22592451601664215,-0.49355666666666653,-0.2676321506500244,0.5235554252333333,0.7999999999999999,33,39,48,0,0
b2outer2,pair_no_message,8867,equal_background,3,8,48,0.279016439724033,0.3337500053544839,0.018922080205582947,0.32096919702037946,0.01666861001250931,0.5332896384078353,0.006861164746681858,-0.2702895833333333,-0.26342841858665145,0.2843978384331597,0.6875,33,39,48,0,0
b2outer2,pair_no_message,9973,rows,3,8,48,0.29383414259494184,0.34737141384681064,-0.033179943327874106,-0.3342795184560197,0.024596619139157668,0.5332896384078353,0.007857477494080889,-0.2702895833333333,-0.2624321058392524,0.2843978384331597,0.6875,33,39,48,0,0
b2outer2,pair_no_message,9973,equal_sequence,3,8,48,0.6000858331037573,0.4784873053831524,-0.14617441474571025,-0.4952445195268774,0.026385355270976383,0.7235712993432875,0.23858775194591936,-0.49355666666666653,-0.2549689147207472,0.5235554252333333,0.7999999999999999,33,39,48,0,0
b2outer2,pair_no_message,9973,equal_background,3,8,48,0.29383414259494184,0.34737141384681064,-0.033179943327874106,-0.3342795184560197,0.024596619139157668,0.5332896384078353,0.007857477494080889,-0.2702895833333333,-0.2624321058392524,0.2843978384331597,0.6875,33,39,48,0,0
b2outer2,pair_no_message,11027,rows,3,8,48,0.23584307936101853,0.26132278874516485,0.17072829856810845,0.5690452420393833,0.1070984580434657,0.5332896384078353,0.07054521846572562,-0.2702895833333333,-0.1997443648676077,0.2843978384331597,0.6875,33,39,48,0,0
b2outer2,pair_no_message,11027,equal_sequence,3,8,48,0.47179427550015046,0.3570485576650831,0.09886469939665776,0.6105745593713481,0.14787238562428623,0.7235712993432875,0.2388115167231029,-0.49355666666666653,-0.2547451499435636,0.5235554252333333,0.7999999999999999,33,39,48,0,0
b2outer2,pair_no_message,11027,equal_background,3,8,48,0.23584307936101853,0.26132278874516485,0.17072829856810845,0.5690452420393833,0.1070984580434657,0.5332896384078353,0.07054521846572562,-0.2702895833333333,-0.1997443648676077,0.2843978384331597,0.6875,33,39,48,0,0
b2outer2,pair_ridge,0,rows,3,8,48,0.22218449177009456,0.2620680213858684,0.21875463964782127,0.5347440818879912,0.15436983280147623,0.5332896384078353,0.04473222905447083,-0.2702895833333333,-0.22555735427886248,0.2843978384331597,0.6875,33,39,48,0,0
b2outer2,pair_ridge,0,equal_sequence,3,8,48,0.4249880270988004,0.3358217786359787,0.18826545076980972,0.5979619636570707,0.20424502652916707,0.7235712993432875,0.19093766589403144,-0.49355666666666653,-0.3026190007726351,0.5235554252333333,0.7999999999999999,33,39,48,0,0
b2outer2,pair_ridge,0,equal_background,3,8,48,0.22218449177009456,0.2620680213858684,0.21875463964782127,0.5347440818879912,0.15436983280147623,0.5332896384078353,0.04473222905447083,-0.2702895833333333,-0.22555735427886248,0.2843978384331597,0.6875,33,39,48,0,0
b2outer2,pair_tree,1103,rows,3,8,48,0.23105435347594666,0.26475406834315385,0.18756642192183903,0.4723077908271188,0.16108119458738956,0.5332896384078353,0.0430652050384801,-0.2702895833333333,-0.2272243782948532,0.2843978384331597,0.6875,33,39,42,0,6
b2outer2,pair_tree,1103,equal_sequence,3,8,48,0.45399158511392396,0.3555334813923629,0.13286814875121733,0.5444787524749574,0.17495839356924114,0.7235712993432875,0.19411892368726963,-0.49355666666666653,-0.2994377429793969,0.5235554252333333,0.7999999999999999,33,39,42,0,6
b2outer2,pair_tree,1103,equal_background,3,8,48,0.23105435347594666,0.26475406834315385,0.18756642192183903,0.4723077908271188,0.16108119458738956,0.5332896384078353,0.0430652050384801,-0.2702895833333333,-0.2272243782948532,0.2843978384331597,0.6875,33,39,42,0,6
b2outer2,pair_tree,2207,rows,3,8,48,0.23004898659719283,0.265068372933201,0.19110149407390853,0.47360263601871017,0.16554840579799274,0.5332896384078353,0.043233404215518356,-0.2702895833333333,-0.22705617911781495,0.2843978384331597,0.6875,33,39,42,0,6
b2outer2,pair_tree,2207,equal_sequence,3,8,48,0.4541968054615089,0.3580004827823874,0.13247617430554426,0.5322531768685659,0.18128871582201622,0.7235712993432875,0.19342371742664755,-0.49355666666666653,-0.300132949240019,0.5235554252333333,0.7999999999999999,33,39,42,0,6
b2outer2,pair_tree,2207,equal_background,3,8,48,0.23004898659719283,0.265068372933201,0.19110149407390853,0.47360263601871017,0.16554840579799274,0.5332896384078353,0.043233404215518356,-0.2702895833333333,-0.22705617911781495,0.2843978384331597,0.6875,33,39,42,0,6
b2outer2,pair_tree,3301,rows,3,8,48,0.22847520380746966,0.26076744111827616,0.19663523089270307,0.4862713763265633,0.16142248969318723,0.5332896384078353,0.04173045449885768,-0.2702895833333333,-0.22855912883447563,0.2843978384331597,0.6875,31,39,42,6,0
b2outer2,pair_tree,3301,equal_sequence,3,8,48,0.450453309827732,0.352248591037692,0.13962631630265665,0.5448194948082035,0.18146397447754536,0.7235712993432875,0.19245940888808744,-0.49355666666666653,-0.3010972577785791,0.5235554252333333,0.7999999999999999,31,39,42,6,0
b2outer2,pair_tree,3301,equal_background,3,8,48,0.22847520380746966,0.26076744111827616,0.19663523089270307,0.4862713763265633,0.16142248969318723,0.5332896384078353,0.04173045449885768,-0.2702895833333333,-0.22855912883447563,0.2843978384331597,0.6875,31,39,42,6,0
b2outer2,pair_tree,4409,rows,3,8,48,0.230321349881457,0.2646865289437029,0.19014380998683988,0.47877945055140564,0.15882322874146498,0.5332896384078353,0.04245899544026588,-0.2702895833333333,-0.22783058789306743,0.2843978384331597,0.6875,33,39,42,0,6
b2outer2,pair_tree,4409,equal_sequence,3,8,48,0.45527220227259535,0.3569950980398564,0.13042214762707527,0.5435323246536877,0.17321697437742994,0.7235712993432875,0.19483254648909754,-0.49355666666666653,-0.298724120177569,0.5235554252333333,0.7999999999999999,33,39,42,0,6
b2outer2,pair_tree,4409,equal_background,3,8,48,0.230321349881457,0.2646865289437029,0.19014380998683988,0.47877945055140564,0.15882322874146498,0.5332896384078353,0.04245899544026588,-0.2702895833333333,-0.22783058789306743,0.2843978384331597,0.6875,33,39,42,0,6
b2outer2,pair_tree,5519,rows,3,8,48,0.22884344126847797,0.2599527755659272,0.1953404339173216,0.494629291595069,0.15334076690507836,0.5332896384078353,0.04276534068662827,-0.2702895833333333,-0.22752424264670504,0.2843978384331597,0.6875,31,39,42,6,0
b2outer2,pair_tree,5519,equal_sequence,3,8,48,0.4522799923450353,0.3517418530156728,0.13613732081284924,0.5532812384783611,0.17575428162346124,0.7235712993432875,0.19636034237153305,-0.49355666666666653,-0.2971963242951335,0.5235554252333333,0.7999999999999999,31,39,42,6,0
b2outer2,pair_tree,5519,equal_background,3,8,48,0.22884344126847797,0.2599527755659272,0.1953404339173216,0.494629291595069,0.15334076690507836,0.5332896384078353,0.04276534068662827,-0.2702895833333333,-0.22752424264670504,0.2843978384331597,0.6875,31,39,42,6,0
b2outer2,pair_tree,6637,rows,3,8,48,0.23335003356482986,0.27104892121187074,0.17949434900619787,0.4666433746884932,0.14979963507923386,0.5332896384078353,0.03270112187049071,-0.2702895833333333,-0.2375884614628426,0.2843978384331597,0.6875,31,39,42,6,0
b2outer2,pair_tree,6637,equal_sequence,3,8,48,0.46229273951150573,0.3645482892499067,0.11701279896875216,0.5320317141557086,0.16290523769234372,0.7235712993432875,0.19396942111171256,-0.49355666666666653,-0.299587245554954,0.5235554252333333,0.7999999999999999,31,39,42,6,0
b2outer2,pair_tree,6637,equal_background,3,8,48,0.23335003356482986,0.27104892121187074,0.17949434900619787,0.4666433746884932,0.14979963507923386,0.5332896384078353,0.03270112187049071,-0.2702895833333333,-0.2375884614628426,0.2843978384331597,0.6875,31,39,42,6,0
b2outer2,pair_tree,7753,rows,3,8,48,0.23208924118999857,0.2649295560618587,0.18392754857542593,0.47198143953721416,0.15820823594013184,0.5332896384078353,0.04800491983149957,-0.2702895833333333,-0.22228466350183373,0.2843978384331597,0.6875,33,39,42,0,6
b2outer2,pair_tree,7753,equal_sequence,3,8,48,0.4612132877862978,0.3604318059199803,0.11907457060396509,0.5357778219568833,0.17180200685931618,0.7235712993432875,0.20334229287337674,-0.49355666666666653,-0.2902143737932898,0.5235554252333333,0.7999999999999999,33,39,42,0,6
b2outer2,pair_tree,7753,equal_background,3,8,48,0.23208924118999857,0.2649295560618587,0.18392754857542593,0.47198143953721416,0.15820823594013184,0.5332896384078353,0.04800491983149957,-0.2702895833333333,-0.22228466350183373,0.2843978384331597,0.6875,33,39,42,0,6
b2outer2,pair_tree,8867,rows,3,8,48,0.23281017114887181,0.2648741298450778,0.1813926138415859,0.4715372187894283,0.15462379612655294,0.5332896384078353,0.04763446742048469,-0.2702895833333333,-0.22265511591284862,0.2843978384331597,0.6875,33,39,42,0,6
b2outer2,pair_tree,8867,equal_sequence,3,8,48,0.4608740808219406,0.35918878830093265,0.11972246182619062,0.5436668705774212,0.1686829142757976,0.7235712993432875,0.20390754769260067,-0.49355666666666653,-0.28964911897406587,0.5235554252333333,0.7999999999999999,33,39,42,0,6
b2outer2,pair_tree,8867,equal_background,3,8,48,0.23281017114887181,0.2648741298450778,0.1813926138415859,0.4715372187894283,0.15462379612655294,0.5332896384078353,0.04763446742048469,-0.2702895833333333,-0.22265511591284862,0.2843978384331597,0.6875,33,39,42,0,6
b2outer2,pair_tree,9973,rows,3,8,48,0.2303315790128752,0.2627262187334657,0.19010784230341948,0.4845011780320514,0.1542009762802106,0.5332896384078353,0.042901385237043094,-0.2702895833333333,-0.2273881980962902,0.2843978384331597,0.6875,31,39,42,6,0
b2outer2,pair_tree,9973,equal_sequence,3,8,48,0.456843267264086,0.35675613376463056,0.12742138607295628,0.5452125299024435,0.17116564017244953,0.7235712993432875,0.1975851796709156,-0.49355666666666653,-0.29597148699575093,0.5235554252333333,0.7999999999999999,31,39,42,6,0
b2outer2,pair_tree,9973,equal_background,3,8,48,0.2303315790128752,0.2627262187334657,0.19010784230341948,0.4845011780320514,0.1542009762802106,0.5332896384078353,0.042901385237043094,-0.2702895833333333,-0.2273881980962902,0.2843978384331597,0.6875,31,39,42,6,0
b2outer2,pair_tree,11027,rows,3,8,48,0.23373891373927647,0.26424666755351145,0.17812696809856132,0.46721530229866215,0.15291358469629998,0.5332896384078353,0.046462227937109274,-0.2702895833333333,-0.22382735539622403,0.2843978384331597,0.6875,31,39,42,6,0
b2outer2,pair_tree,11027,equal_sequence,3,8,48,0.4608985976968907,0.3578511854202745,0.11967563416713389,0.540878231157789,0.1712042992258423,0.7235712993432875,0.2050332825687432,-0.49355666666666653,-0.28852338409792333,0.5235554252333333,0.7999999999999999,31,39,42,6,0
b2outer2,pair_tree,11027,equal_background,3,8,48,0.23373891373927647,0.26424666755351145,0.17812696809856132,0.46721530229866215,0.15291358469629998,0.5332896384078353,0.046462227937109274,-0.2702895833333333,-0.22382735539622403,0.2843978384331597,0.6875,31,39,42,6,0
b2outer2,training_majority,0,rows,3,8,48,,,,,,0.5332896384078353,,-0.2702895833333333,,0.2843978384331597,0.6875,33,39,48,0,0
b2outer2,training_majority,0,equal_sequence,3,8,48,,,,,,0.7235712993432875,,-0.49355666666666653,,0.5235554252333333,0.7999999999999999,33,39,48,0,0
b2outer2,training_majority,0,equal_background,3,8,48,,,,,,0.5332896384078353,,-0.2702895833333333,,0.2843978384331597,0.6875,33,39,48,0,0
b2outer2,training_mean,0,rows,3,8,48,0.2855769500308642,0.3594201388888889,-0.004145993528644976,,0.0,0.5332896384078353,-0.03433819444444447,-0.2702895833333333,-0.3046277777777778,0.2843978384331597,0.6875,33,39,48,0,0
b2outer2,training_mean,0,equal_sequence,3,8,48,0.5592495502901234,0.4660992592592593,-0.06817640184108908,,0.0,0.7235712993432875,0.18892888888888876,-0.49355666666666653,-0.3046277777777778,0.5235554252333333,0.7999999999999999,33,39,48,0,0
b2outer2,training_mean,0,equal_background,3,8,48,0.2855769500308642,0.3594201388888889,-0.004145993528644976,,0.0,0.5332896384078353,-0.03433819444444447,-0.2702895833333333,-0.3046277777777778,0.2843978384331597,0.6875,33,39,48,0,0
b2outer2,zero,0,rows,3,8,48,0.3574542972916666,0.30408958333333325,-0.2568812029690477,,0.0,0.5332896384078353,0.2702895833333333,-0.2702895833333333,0.0,0.2843978384331597,0.1875,0,39,0,48,0
b2outer2,zero,0,equal_sequence,3,8,48,0.7671536084444444,0.5115833333333332,-0.4652767815414127,,0.0,0.7235712993432875,0.49355666666666653,-0.49355666666666653,0.0,0.5235554252333333,0.13333333333333333,0,39,0,48,0
b2outer2,zero,0,equal_background,3,8,48,0.3574542972916666,0.30408958333333325,-0.2568812029690477,,0.0,0.5332896384078353,0.2702895833333333,-0.2702895833333333,0.0,0.2843978384331597,0.1875,0,39,0,48,0
b2outer3,activity_gnn,1103,rows,3,6,36,0.2183387746692047,0.3253720733536615,-0.1336594327773113,-0.5092656490614518,0.009251261760940654,0.4388581129504946,0.14670213814046654,-0.18710555555555555,-0.04040341741508902,0.19259644330246908,0.6944444444444444,25,34,36,0,0
b2outer3,activity_gnn,1103,equal_sequence,3,6,36,0.32555242597852513,0.3880858452275948,-0.30300771104391955,-0.49661563799948977,0.008834050254206536,0.49984686787685595,0.2669114278660881,-0.30428425925925934,-0.03737283139317119,0.2498468913263031,0.7777777777777778,25,34,36,0,0
b2outer3,activity_gnn,1103,equal_background,3,6,36,0.2183387746692047,0.3253720733536615,-0.1336594327773113,-0.5092656490614518,0.009251261760940654,0.4388581129504946,0.14670213814046654,-0.18710555555555555,-0.04040341741508902,0.19259644330246908,0.6944444444444444,25,34,36,0,0
b2outer3,activity_gnn,2207,rows,3,6,36,0.1990409624576406,0.3091939216507806,-0.033461257355882346,-0.5860567771305876,0.007306601412789615,0.4388581129504946,0.05130963612397518,-0.18710555555555555,-0.13579591943158037,0.19259644330246908,0.6944444444444444,25,34,36,0,0
b2outer3,activity_gnn,2207,equal_sequence,3,6,36,0.28352098887674904,0.3555332196765476,-0.1347789334967835,-0.597264858180039,0.007443617383916937,0.49984686787685595,0.17080468559883275,-0.30428425925925934,-0.1334795736604266,0.2498468913263031,0.7777777777777778,25,34,36,0,0
b2outer3,activity_gnn,2207,equal_background,3,6,36,0.1990409624576406,0.3091939216507806,-0.033461257355882346,-0.5860567771305876,0.007306601412789615,0.4388581129504946,0.05130963612397518,-0.18710555555555555,-0.13579591943158037,0.19259644330246908,0.6944444444444444,25,34,36,0,0
b2outer3,activity_gnn,3301,rows,3,6,36,0.1903296474822548,0.30432509203354513,0.011769666050656546,0.1841357179630353,0.015551122044976485,0.4388581129504946,-0.002173047872384315,-0.18710555555555555,-0.18927860342793987,0.19259644330246908,0.6944444444444444,25,34,36,0,0
b2outer3,activity_gnn,3301,equal_sequence,3,6,36,0.26299154392181884,0.34112794792652135,-0.05261083108033815,0.012160383590875654,0.014162619201244104,0.49984686787685595,0.11452616709426605,-0.30428425925925934,-0.1897580921649933,0.2498468913263031,0.7777777777777778,25,34,36,0,0
b2outer3,activity_gnn,3301,equal_background,3,6,36,0.1903296474822548,0.30432509203354513,0.011769666050656546,0.1841357179630353,0.015551122044976485,0.4388581129504946,-0.002173047872384315,-0.18710555555555555,-0.18927860342793987,0.19259644330246908,0.6944444444444444,25,34,36,0,0
b2outer3,activity_gnn,4409,rows,3,6,36,0.19116289627375527,0.30067858189211955,0.007443268443241502,0.44215934492770337,0.014296162356309917,0.4388581129504946,0.06253220394717326,-0.18710555555555555,-0.12457335160838229,0.19259644330246908,0.6944444444444444,25,34,36,0,0
b2outer3,activity_gnn,4409,equal_sequence,3,6,36,0.27663108957751104,0.34839482337368866,-0.10720244750304864,0.41032456782867777,0.012427721573541885,0.49984686787685595,0.17812239530086527,-0.30428425925925934,-0.12616186395839407,0.2498468913263031,0.7777777777777778,25,34,36,0,0
b2outer3,activity_gnn,4409,equal_background,3,6,36,0.19116289627375527,0.30067858189211955,0.007443268443241502,0.44215934492770337,0.014296162356309917,0.4388581129504946,0.06253220394717326,-0.18710555555555555,-0.12457335160838229,0.19259644330246908,0.6944444444444444,25,34,36,0,0
b2outer3,activity_gnn,5519,rows,3,6,36,0.19845101771853996,0.3084120442443423,-0.030398143993118243,0.46362309250331857,0.008096966254289522,0.4388581129504946,0.09530953820016652,-0.18710555555555555,-0.09179601735538903,0.19259644330246908,0.6944444444444444,25,34,36,0,0
b2outer3,activity_gnn,5519,equal_sequence,3,6,36,0.2882894971504658,0.35858336193738166,-0.15386465534988858,0.5324566493343468,0.010164388170304324,0.49984686787685595,0.20916436018943796,-0.30428425925925934,-0.09511989906982138,0.2498468913263031,0.7777777777777778,25,34,36,0,0
b2outer3,activity_gnn,5519,equal_background,3,6,36,0.19845101771853996,0.3084120442443423,-0.030398143993118243,0.46362309250331857,0.008096966254289522,0.4388581129504946,0.09530953820016652,-0.18710555555555555,-0.09179601735538903,0.19259644330246908,0.6944444444444444,25,34,36,0,0
b2outer3,activity_gnn,6637,rows,3,6,36,0.21862124365296445,0.3252275304343965,-0.13512606933049076,-0.0835307144472949,0.005318592985177878,0.4388581129504946,0.1600205410401027,-0.18710555555555555,-0.027085014515452876,0.19259644330246908,0.6944444444444444,25,34,36,0,0
b2outer3,activity_gnn,6637,equal_sequence,3,6,36,0.3283992978854304,0.3899791210933968,-0.3144021770378438,-0.235053589334784,0.005538333647127941,0.49984686787685595,0.27788545646225976,-0.30428425925925934,-0.026398802796999583,0.2498468913263031,0.7777777777777778,25,34,36,0,0
b2outer3,activity_gnn,6637,equal_background,3,6,36,0.21862124365296445,0.3252275304343965,-0.13512606933049076,-0.0835307144472949,0.005318592985177878,0.4388581129504946,0.1600205410401027,-0.18710555555555555,-0.027085014515452876,0.19259644330246908,0.6944444444444444,25,34,36,0,0
b2outer3,activity_gnn,7753,rows,3,6,36,0.20512384327354147,0.31416749058299587,-0.0650448147238023,0.22406590695983267,0.01199999345657792,0.4388581129504946,0.12142237943543334,-0.18710555555555555,-0.06568317612012221,0.19259644330246908,0.6944444444444444,25,34,36,0,0
b2outer3,activity_gnn,7753,equal_sequence,3,6,36,0.3007973608618925,0.36842937846536994,-0.20392676997148418,0.36514786368836794,0.013524067407597177,0.49984686787685595,0.2360176710305392,-0.30428425925925934,-0.06826658822872014,0.2498468913263031,0.7777777777777778,25,34,36,0,0
b2outer3,activity_gnn,7753,equal_background,3,6,36,0.20512384327354147,0.31416749058299587,-0.0650448147238023,0.22406590695983267,0.01199999345657792,0.4388581129504946,0.12142237943543334,-0.18710555555555555,-0.06568317612012221,0.19259644330246908,0.6944444444444444,25,34,36,0,0
b2outer3,activity_gnn,8867,rows,3,6,36,0.18678984869781542,0.30119179213311936,0.030149023030163202,0.4625486268503583,0.015894068388532735,0.4388581129504946,-0.019838350460264415,-0.18710555555555555,-0.20694390601581997,0.19259644330246908,0.6944444444444444,25,34,36,0,0
b2outer3,activity_gnn,8867,equal_sequence,3,6,36,0.24821863024347524,0.3266558041086904,0.006517035590014042,0.5390764327229547,0.018764310503387577,0.49984686787685595,0.09017726516458732,-0.30428425925925934,-0.21410699409467202,0.2498468913263031,0.7777777777777778,25,34,36,0,0
b2outer3,activity_gnn,8867,equal_background,3,6,36,0.18678984869781542,0.30119179213311936,0.030149023030163202,0.4625486268503583,0.015894068388532735,0.4388581129504946,-0.019838350460264415,-0.18710555555555555,-0.20694390601581997,0.19259644330246908,0.6944444444444444,25,34,36,0,0
b2outer3,activity_gnn,9973,rows,3,6,36,0.19686486353547494,0.3080825036419762,-0.02216250809108855,-0.1324908565107234,0.006539180488412476,0.4388581129504946,0.058866137486034004,-0.18710555555555555,-0.12823941806952155,0.19259644330246908,0.6944444444444444,25,34,36,0,0
b2outer3,activity_gnn,9973,equal_sequence,3,6,36,0.2802704936096167,0.3530937737570869,-0.12176898468422404,0.060426434640265016,0.006198820080453538,0.49984686787685595,0.17538424898253552,-0.30428425925925934,-0.12890001027672382,0.2498468913263031,0.7777777777777778,25,34,36,0,0
b2outer3,activity_gnn,9973,equal_background,3,6,36,0.19686486353547494,0.3080825036419762,-0.02216250809108855,-0.1324908565107234,0.006539180488412476,0.4388581129504946,0.058866137486034004,-0.18710555555555555,-0.12823941806952155,0.19259644330246908,0.6944444444444444,25,34,36,0,0
b2outer3,activity_gnn,11027,rows,3,6,36,0.18958060918063824,0.30405737363232505,0.015658825625842643,0.20525552335257824,0.018680507422784466,0.4388581129504946,-0.0007822695162560678,-0.18710555555555555,-0.18788782507181162,0.19259644330246908,0.6944444444444444,25,34,36,0,0
b2outer3,activity_gnn,11027,equal_sequence,3,6,36,0.2609811908130933,0.3395194663648253,-0.04456449078747449,0.13240287222986646,0.017963387712772658,0.49984686787685595,0.11484464243782899,-0.30428425925925934,-0.18943961682143035,0.2498468913263031,0.7777777777777778,25,34,36,0,0
b2outer3,activity_gnn,11027,equal_background,3,6,36,0.18958060918063824,0.30405737363232505,0.015658825625842643,0.20525552335257824,0.018680507422784466,0.4388581129504946,-0.0007822695162560678,-0.18710555555555555,-0.18788782507181162,0.19259644330246908,0.6944444444444444,25,34,36,0,0
b2outer3,pair_gnn,1103,rows,3,6,36,0.2003579941736716,0.310946909154786,-0.04029955454064704,-0.3096087793411321,0.018072909205145867,0.4388581129504946,0.05023576573001018,-0.18710555555555555,-0.13686978982554537,0.19259644330246908,0.6944444444444444,25,34,36,0,0
b2outer3,pair_gnn,1103,equal_sequence,3,6,36,0.281432193473087,0.3539765753913809,-0.12641863174328272,-0.16334552708902308,0.016137575246993694,0.49984686787685595,0.1693803040204226,-0.30428425925925934,-0.13490395523883675,0.2498468913263031,0.7777777777777778,25,34,36,0,0
b2outer3,pair_gnn,1103,equal_background,3,6,36,0.2003579941736716,0.310946909154786,-0.04029955454064704,-0.3096087793411321,0.018072909205145867,0.4388581129504946,0.05023576573001018,-0.18710555555555555,-0.13686978982554537,0.19259644330246908,0.6944444444444444,25,34,36,0,0
b2outer3,pair_gnn,2207,rows,3,6,36,0.20291117729615518,0.3045091550641589,-0.05355620185304777,-0.07454340430993366,0.06774014600271595,0.4388581129504946,-0.03597092374695668,-0.18710555555555555,-0.22307647930251223,0.19259644330246908,0.6944444444444444,25,34,36,0,0
b2outer3,pair_gnn,2207,equal_sequence,3,6,36,0.27264653277271045,0.34195129265608615,-0.09125445317880998,-0.17560852948806022,0.05880471254622173,0.49984686787685595,0.09496420800862496,-0.30428425925925934,-0.20932005125063438,0.2498468913263031,0.7777777777777778,25,34,36,0,0
b2outer3,pair_gnn,2207,equal_background,3,6,36,0.20291117729615518,0.3045091550641589,-0.05355620185304777,-0.07454340430993366,0.06774014600271595,0.4388581129504946,-0.03597092374695668,-0.18710555555555555,-0.22307647930251223,0.19259644330246908,0.6944444444444444,25,34,36,0,0
b2outer3,pair_gnn,3301,rows,3,6,36,0.19235085603659882,0.3038313149399227,0.0012751391544888468,0.33668717746808785,0.008507452126807218,0.4388581129504946,0.0468628051095539,-0.18710555555555555,-0.14024275044600165,0.19259644330246908,0.6944444444444444,25,34,36,0,0
b2outer3,pair_gnn,3301,equal_sequence,3,6,36,0.2745174586209977,0.3481358892069923,-0.09874274266024186,0.2536426434649683,0.007382872636365434,0.49984686787685595,0.16275164608778786,-0.30428425925925934,-0.14153261317147148,0.2498468913263031,0.7777777777777778,25,34,36,0,0
b2outer3,pair_gnn,3301,equal_background,3,6,36,0.19235085603659882,0.3038313149399227,0.0012751391544888468,0.33668717746808785,0.008507452126807218,0.4388581129504946,0.0468628051095539,-0.18710555555555555,-0.14024275044600165,0.19259644330246908,0.6944444444444444,25,34,36,0,0
b2outer3,pair_gnn,4409,rows,3,6,36,0.19190557062552532,0.2990601550181706,0.003587151793134402,0.2270155276700511,0.07282247990568567,0.4388581129504946,-0.09228365200625524,-0.18710555555555555,-0.2793892075618108,0.19259644330246908,0.6944444444444444,25,34,36,0,0
b2outer3,pair_gnn,4409,equal_sequence,3,6,36,0.23472436637386465,0.31110657787941126,0.06052716874787234,0.2957416921836656,0.0685475405307012,0.49984686787685595,0.02109186254342399,-0.30428425925925934,-0.28319239671583535,0.2498468913263031,0.7777777777777778,25,34,36,0,0
b2outer3,pair_gnn,4409,equal_background,3,6,36,0.19190557062552532,0.2990601550181706,0.003587151793134402,0.2270155276700511,0.07282247990568567,0.4388581129504946,-0.09228365200625524,-0.18710555555555555,-0.2793892075618108,0.19259644330246908,0.6944444444444444,25,34,36,0,0
b2outer3,pair_gnn,5519,rows,3,6,36,0.17422071369228315,0.292153375172615,0.09541053456177906,0.3797313766928439,0.0740876993390528,0.4388581129504946,-0.028782737697495342,-0.18710555555555555,-0.2158882932530509,0.19259644330246908,0.6944444444444444,25,34,36,0,0
b2outer3,pair_gnn,5519,equal_sequence,3,6,36,0.238561047538634,0.3216680049940392,0.04517103946244283,0.3329600944943463,0.06514167380295519,0.49984686787685595,0.07844522719206642,-0.30428425925925934,-0.2258390320671929,0.2498468913263031,0.7777777777777778,25,34,36,0,0
b2outer3,pair_gnn,5519,equal_background,3,6,36,0.17422071369228315,0.292153375172615,0.09541053456177906,0.3797313766928439,0.0740876993390528,0.4388581129504946,-0.028782737697495342,-0.18710555555555555,-0.2158882932530509,0.19259644330246908,0.6944444444444444,25,34,36,0,0
b2outer3,pair_gnn,6637,rows,3,6,36,0.189994790784108,0.29665290191968274,0.013508310297689397,0.21322755645907837,0.07746016228934449,0.4388581129504946,-0.07678017097579107,-0.18710555555555555,-0.2638857265313466,0.19259644330246908,0.6944444444444444,25,34,36,0,0
b2outer3,pair_gnn,6637,equal_sequence,3,6,36,0.24702765130207843,0.32204155027513154,0.011283870730825818,0.137657768165992,0.06366542045386575,0.49984686787685595,0.04346066947513161,-0.30428425925925934,-0.26082358978412773,0.2498468913263031,0.7777777777777778,25,34,36,0,0
b2outer3,pair_gnn,6637,equal_background,3,6,36,0.189994790784108,0.29665290191968274,0.013508310297689397,0.21322755645907837,0.07746016228934449,0.4388581129504946,-0.07678017097579107,-0.18710555555555555,-0.2638857265313466,0.19259644330246908,0.6944444444444444,25,34,36,0,0
b2outer3,pair_gnn,7753,rows,3,6,36,0.1875858243507274,0.29094865022235444,0.026016155157510323,0.20159964671236377,0.04186090604675023,0.4388581129504946,0.025381471602122008,-0.18710555555555555,-0.16172408395343355,0.19259644330246908,0.6944444444444444,25,34,36,0,0
b2outer3,pair_gnn,7753,equal_sequence,3,6,36,0.2640324782891418,0.332859804366253,-0.05677712012959213,0.2166502455296305,0.03654869963610454,0.49984686787685595,0.14410287707116878,-0.30428425925925934,-0.16018138218809055,0.2498468913263031,0.7777777777777778,25,34,36,0,0
b2outer3,pair_gnn,7753,equal_background,3,6,36,0.1875858243507274,0.29094865022235444,0.026016155157510323,0.20159964671236377,0.04186090604675023,0.4388581129504946,0.025381471602122008,-0.18710555555555555,-0.16172408395343355,0.19259644330246908,0.6944444444444444,25,34,36,0,0
b2outer3,pair_gnn,8867,rows,3,6,36,0.1777217857189374,0.282669309094217,0.0772322548042661,0.3468126435989338,0.06119328844770446,0.4388581129504946,-0.002854755300945644,-0.18710555555555555,-0.1899603108565012,0.19259644330246908,0.6944444444444444,25,34,36,0,0
b2outer3,pair_gnn,8867,equal_sequence,3,6,36,0.24562018451897666,0.31693152558538645,0.01691718790211527,0.3618601787586061,0.0526343671198806,0.49984686787685595,0.10974226574279652,-0.30428425925925934,-0.1945419935164628,0.2498468913263031,0.7777777777777778,25,34,36,0,0
b2outer3,pair_gnn,8867,equal_background,3,6,36,0.1777217857189374,0.282669309094217,0.0772322548042661,0.3468126435989338,0.06119328844770446,0.4388581129504946,-0.002854755300945644,-0.18710555555555555,-0.1899603108565012,0.19259644330246908,0.6944444444444444,25,34,36,0,0
b2outer3,pair_gnn,9973,rows,3,6,36,0.1912469065066861,0.304909441447258,0.007007070185940822,0.09253412217624268,0.03737751643998596,0.4388581129504946,-0.01700405191580448,-0.18710555555555555,-0.20410960747136003,0.19259644330246908,0.6944444444444444,25,34,36,0,0
b2outer3,pair_gnn,9973,equal_sequence,3,6,36,0.2677277264077904,0.3465202937435221,-0.07156717054419826,-0.14840358221067654,0.03697600372414866,0.49984686787685595,0.10501390101909647,-0.30428425925925934,-0.19927035824016287,0.2498468913263031,0.7777777777777778,25,34,36,0,0
b2outer3,pair_gnn,9973,equal_background,3,6,36,0.1912469065066861,0.304909441447258,0.007007070185940822,0.09253412217624268,0.03737751643998596,0.4388581129504946,-0.01700405191580448,-0.18710555555555555,-0.20410960747136003,0.19259644330246908,0.6944444444444444,25,34,36,0,0
b2outer3,pair_gnn,11027,rows,3,6,36,0.1975615347789623,0.3133551593356662,-0.025779767223923278,0.09937676028701277,0.03688378718772409,0.4388581129504946,-0.08259449810981748,-0.18710555555555555,-0.26970005366537303,0.19259644330246908,0.6944444444444444,25,34,36,0,0
b2outer3,pair_gnn,11027,equal_sequence,3,6,36,0.2508201987558247,0.33304262413978575,-0.003895615528193286,0.03798355264054268,0.030350087229642986,0.49984686787685595,0.03470779030587945,-0.30428425925925934,-0.2695764689533799,0.2498468913263031,0.7777777777777778,25,34,36,0,0
b2outer3,pair_gnn,11027,equal_background,3,6,36,0.1975615347789623,0.3133551593356662,-0.025779767223923278,0.09937676028701277,0.03688378718772409,0.4388581129504946,-0.08259449810981748,-0.18710555555555555,-0.26970005366537303,0.19259644330246908,0.6944444444444444,25,34,36,0,0
b2outer3,pair_no_message,1103,rows,3,6,36,0.2049307166083436,0.31084952509933045,-0.06404206170362037,-0.10929543643825693,0.0628306297241907,0.4388581129504946,0.04857179445160764,-0.18710555555555555,-0.1385337611039479,0.19259644330246908,0.6944444444444444,25,34,36,0,0
b2outer3,pair_no_message,1103,equal_sequence,3,6,36,0.2956472706663997,0.36316655087382704,-0.1833137850824036,-0.1992966996291216,0.054598790069334414,0.49984686787685595,0.1787213623762132,-0.30428425925925934,-0.12556289688304614,0.2498468913263031,0.7777777777777778,25,34,36,0,0
b2outer3,pair_no_message,1103,equal_background,3,6,36,0.2049307166083436,0.31084952509933045,-0.06404206170362037,-0.10929543643825693,0.0628306297241907,0.4388581129504946,0.04857179445160764,-0.18710555555555555,-0.1385337611039479,0.19259644330246908,0.6944444444444444,25,34,36,0,0
b2outer3,pair_no_message,2207,rows,3,6,36,0.18742534265903535,0.28767907211912996,0.026849408819625054,0.17819607288067799,0.06818988553979562,0.4388581129504946,-0.029057146720091492,-0.18710555555555555,-0.21616270227564705,0.19259644330246908,0.6944444444444444,25,34,36,0,0
b2outer3,pair_no_message,2207,equal_sequence,3,6,36,0.24257213519643409,0.3092902565390976,0.029116856692717907,0.28545084508464236,0.06514895671995352,0.49984686787685595,0.08409510400736778,-0.30428425925925934,-0.22018915525189156,0.2498468913263031,0.7777777777777778,25,34,36,0,0
b2outer3,pair_no_message,2207,equal_background,3,6,36,0.18742534265903535,0.28767907211912996,0.026849408819625054,0.17819607288067799,0.06818988553979562,0.4388581129504946,-0.029057146720091492,-0.18710555555555555,-0.21616270227564705,0.19259644330246908,0.6944444444444444,25,34,36,0,0
b2outer3,pair_no_message,3301,rows,3,6,36,0.19048285889798397,0.3015915542311138,0.01097416114359795,0.40704129461956323,0.008889870882632607,0.4388581129504946,0.03135986383226186,-0.18710555555555555,-0.1557456917232937,0.19259644330246908,0.6944444444444444,25,34,36,0,0
b2outer3,pair_no_message,3301,equal_sequence,3,6,36,0.2687361279665459,0.3428836782932282,-0.07560324861346057,0.3413421968867601,0.007933338838728503,0.49984686787685595,0.14674281149175436,-0.30428425925925934,-0.15754144776750498,0.2498468913263031,0.7777777777777778,25,34,36,0,0
b2outer3,pair_no_message,3301,equal_background,3,6,36,0.19048285889798397,0.3015915542311138,0.01097416114359795,0.40704129461956323,0.008889870882632607,0.4388581129504946,0.03135986383226186,-0.18710555555555555,-0.1557456917232937,0.19259644330246908,0.6944444444444444,25,34,36,0,0
b2outer3,pair_no_message,4409,rows,3,6,36,0.20726808337152258,0.3081164280600018,-0.07617814647808396,0.05776628503468104,0.111029678724644,0.4388581129504946,-0.08929458172321311,-0.18710555555555555,-0.27640013727876867,0.19259644330246908,0.6944444444444444,25,34,36,0,0
b2outer3,pair_no_message,4409,equal_sequence,3,6,36,0.24919726172411444,0.3174030830400961,0.002600110806823097,0.11849754072326174,0.09974747436586184,0.49984686787685595,0.0348858448328796,-0.30428425925925934,-0.26939841442637974,0.2498468913263031,0.7777777777777778,25,34,36,0,0
b2outer3,pair_no_message,4409,equal_background,3,6,36,0.20726808337152258,0.3081164280600018,-0.07617814647808396,0.05776628503468104,0.111029678724644,0.4388581129504946,-0.08929458172321311,-0.18710555555555555,-0.27640013727876867,0.19259644330246908,0.6944444444444444,25,34,36,0,0
b2outer3,pair_no_message,5519,rows,3,6,36,0.16875129305977707,0.27571497516896987,0.1238088815858539,0.38702952959193887,0.10903208845510008,0.4388581129504946,-0.03612869558599255,-0.18710555555555555,-0.2232342511415481,0.19259644330246908,0.6944444444444444,25,34,36,0,0
b2outer3,pair_no_message,5519,equal_sequence,3,6,36,0.23227011253805616,0.3074245003108625,0.07035020005628756,0.3401443996245921,0.09101797886264922,0.49984686787685595,0.07133528438055964,-0.30428425925925934,-0.2329489748786997,0.2498468913263031,0.7777777777777778,25,34,36,0,0
b2outer3,pair_no_message,5519,equal_background,3,6,36,0.16875129305977707,0.27571497516896987,0.1238088815858539,0.38702952959193887,0.10903208845510008,0.4388581129504946,-0.03612869558599255,-0.18710555555555555,-0.2232342511415481,0.19259644330246908,0.6944444444444444,25,34,36,0,0
b2outer3,pair_no_message,6637,rows,3,6,36,0.20046545730631227,0.29855213704639,-0.04085752503479534,0.0718699267913185,0.10748812201110797,0.4388581129504946,-0.05564008399380574,-0.18710555555555555,-0.2427456395493613,0.19259644330246908,0.6944444444444444,25,34,36,0,0
b2outer3,pair_no_message,6637,equal_sequence,3,6,36,0.25482558215684126,0.32044797231091393,-0.019926967288281805,0.08863446679010124,0.09168907951045267,0.49984686787685595,0.06852829524940926,-0.30428425925925934,-0.23575596400985008,0.2498468913263031,0.7777777777777778,25,34,36,0,0
b2outer3,pair_no_message,6637,equal_background,3,6,36,0.20046545730631227,0.29855213704639,-0.04085752503479534,0.0718699267913185,0.10748812201110797,0.4388581129504946,-0.05564008399380574,-0.18710555555555555,-0.2427456395493613,0.19259644330246908,0.6944444444444444,25,34,36,0,0
b2outer3,pair_no_message,7753,rows,3,6,36,0.1910631181603631,0.2974126658889982,0.007961336750637371,0.09314662897298324,0.04743669178489239,0.4388581129504946,0.009730565105544264,-0.18710555555555555,-0.1773749904500113,0.19259644330246908,0.6944444444444444,25,34,36,0,0
b2outer3,pair_no_message,7753,equal_sequence,3,6,36,0.2697630869928083,0.3408922638822486,-0.07971360204155764,-0.018231795722433067,0.039863997502206386,0.49984686787685595,0.132666829693759,-0.30428425925925934,-0.17161742956550033,0.2498468913263031,0.7777777777777778,25,34,36,0,0
b2outer3,pair_no_message,7753,equal_background,3,6,36,0.1910631181603631,0.2974126658889982,0.007961336750637371,0.09314662897298324,0.04743669178489239,0.4388581129504946,0.009730565105544264,-0.18710555555555555,-0.1773749904500113,0.19259644330246908,0.6944444444444444,25,34,36,0,0
b2outer3,pair_no_message,8867,rows,3,6,36,0.17609685228355737,0.2842294174989064,0.0856692404905911,0.48571913794162397,0.04882523518454141,0.4388581129504946,-0.043952859883838236,-0.18710555555555555,-0.2310584154393938,0.19259644330246908,0.6944444444444444,25,34,36,0,0
b2outer3,pair_no_message,8867,equal_sequence,3,6,36,0.22862209801325767,0.30307811983867927,0.08495120031461834,0.5358974466236879,0.0514258943231452,0.49984686787685595,0.06067247481434443,-0.30428425925925934,-0.2436117844449149,0.2498468913263031,0.7777777777777778,25,34,36,0,0
b2outer3,pair_no_message,8867,equal_background,3,6,36,0.17609685228355737,0.2842294174989064,0.0856692404905911,0.48571913794162397,0.04882523518454141,0.4388581129504946,-0.043952859883838236,-0.18710555555555555,-0.2310584154393938,0.19259644330246908,0.6944444444444444,25,34,36,0,0
b2outer3,pair_no_message,9973,rows,3,6,36,0.20034529239585783,0.3108256865527894,-0.04023360432061218,-0.2350012667392924,0.015677083983512707,0.4388581129504946,0.06534105461968322,-0.18710555555555555,-0.12176450093587234,0.19259644330246908,0.6944444444444444,25,34,36,0,0
b2outer3,pair_no_message,9973,equal_sequence,3,6,36,0.28412179284873845,0.3559350852295205,-0.13718362209947177,-0.05480090441673157,0.014569114446808291,0.49984686787685595,0.18238554301261914,-0.30428425925925934,-0.1218987162466402,0.2498468913263031,0.7777777777777778,25,34,36,0,0
b2outer3,pair_no_message,9973,equal_background,3,6,36,0.20034529239585783,0.3108256865527894,-0.04023360432061218,-0.2350012667392924,0.015677083983512707,0.4388581129504946,0.06534105461968322,-0.18710555555555555,-0.12176450093587234,0.19259644330246908,0.6944444444444444,25,34,36,0,0
b2outer3,pair_no_message,11027,rows,3,6,36,0.200534538856445,0.3082798577308654,-0.04121621052736324,-0.12923700669116756,0.042836500638131866,0.4388581129504946,-0.035270938388506534,-0.18710555555555555,-0.2223764939440621,0.19259644330246908,0.6944444444444444,25,34,36,0,0
b2outer3,pair_no_message,11027,equal_sequence,3,6,36,0.26139843600808493,0.3349089532693228,-0.04623449433555438,-0.07682768006559185,0.037096225738941904,0.49984686787685595,0.08559363652335283,-0.30428425925925934,-0.2186906227359065,0.2498468913263031,0.7777777777777778,25,34,36,0,0
b2outer3,pair_no_message,11027,equal_background,3,6,36,0.200534538856445,0.3082798577308654,-0.04121621052736324,-0.12923700669116756,0.042836500638131866,0.4388581129504946,-0.035270938388506534,-0.18710555555555555,-0.2223764939440621,0.19259644330246908,0.6944444444444444,25,34,36,0,0
b2outer3,pair_ridge,0,rows,3,6,36,0.20929374858112276,0.30900718418492207,-0.0866958132369604,-0.16925563687510067,0.07289708275939114,0.4388581129504946,-0.023533917081355993,-0.18710555555555555,-0.21063947263691155,0.19259644330246908,0.6944444444444444,25,34,36,0,0
b2outer3,pair_ridge,0,equal_sequence,3,6,36,0.27799794410858014,0.34480993134357313,-0.11267321611583081,-0.1919998395199903,0.06380127861979494,0.49984686787685595,0.10878587251636726,-0.30428425925925934,-0.19549838674289208,0.2498468913263031,0.7777777777777778,25,34,36,0,0
b2outer3,pair_ridge,0,equal_background,3,6,36,0.20929374858112276,0.30900718418492207,-0.0866958132369604,-0.16925563687510067,0.07289708275939114,0.4388581129504946,-0.023533917081355993,-0.18710555555555555,-0.21063947263691155,0.19259644330246908,0.6944444444444444,25,34,36,0,0
b2outer3,pair_tree,1103,rows,3,6,36,0.22812069640149324,0.3382577469135802,-0.18444916473994266,-0.4922584525372021,0.06662277166916297,0.4388581129504946,-0.047962583333333114,-0.18710555555555555,-0.23506813888888867,0.19259644330246908,0.6944444444444444,25,34,36,0,0
b2outer3,pair_tree,1103,equal_sequence,3,6,36,0.29472830527059946,0.36926268518518524,-0.17963567089446264,-0.4891392675436161,0.06600034455816604,0.49984686787685595,0.09083994444444471,-0.30428425925925934,-0.21344431481481463,0.2498468913263031,0.7777777777777778,25,34,36,0,0
b2outer3,pair_tree,1103,equal_background,3,6,36,0.22812069640149324,0.3382577469135802,-0.18444916473994266,-0.4922584525372021,0.06662277166916297,0.4388581129504946,-0.047962583333333114,-0.18710555555555555,-0.23506813888888867,0.19259644330246908,0.6944444444444444,25,34,36,0,0
b2outer3,pair_tree,2207,rows,3,6,36,0.22274607906000002,0.334644237654321,-0.1565430557312084,-0.40947329507139896,0.06387772661378409,0.4388581129504946,-0.05578109259259237,-0.18710555555555555,-0.24288664814814792,0.19259644330246908,0.6944444444444444,25,34,36,0,0
b2outer3,pair_tree,2207,equal_sequence,3,6,36,0.2888167255291932,0.3655170411522634,-0.15597486122809112,-0.4356032662989449,0.06468565245780007,0.49984686787685595,0.08134462962962993,-0.30428425925925934,-0.2229396296296294,0.2498468913263031,0.7777777777777778,25,34,36,0,0
b2outer3,pair_tree,2207,equal_background,3,6,36,0.22274607906000002,0.334644237654321,-0.1565430557312084,-0.40947329507139896,0.06387772661378409,0.4388581129504946,-0.05578109259259237,-0.18710555555555555,-0.24288664814814792,0.19259644330246908,0.6944444444444444,25,34,36,0,0
b2outer3,pair_tree,3301,rows,3,6,36,0.2249886976836456,0.3323424290123458,-0.16818718884805728,-0.4712973721167066,0.06491534880129077,0.4388581129504946,-0.03640084259259252,-0.18710555555555555,-0.22350639814814807,0.19259644330246908,0.6944444444444444,25,34,36,0,0
b2outer3,pair_tree,3301,equal_sequence,3,6,36,0.2919321945906117,0.3637211502057615,-0.16844437423615832,-0.4564003782039296,0.06159121166610044,0.49984686787685595,0.10094643518518534,-0.30428425925925934,-0.203337824074074,0.2498468913263031,0.7777777777777778,25,34,36,0,0
b2outer3,pair_tree,3301,equal_background,3,6,36,0.2249886976836456,0.3323424290123458,-0.16818718884805728,-0.4712973721167066,0.06491534880129077,0.4388581129504946,-0.03640084259259252,-0.18710555555555555,-0.22350639814814807,0.19259644330246908,0.6944444444444444,25,34,36,0,0
b2outer3,pair_tree,4409,rows,3,6,36,0.22548039957148863,0.3330509660493826,-0.17074020529743583,-0.5048009253634801,0.062172721098121934,0.4388581129504946,-0.03836038888888865,-0.18710555555555555,-0.2254659444444442,0.19259644330246908,0.6944444444444444,25,34,36,0,0
b2outer3,pair_tree,4409,equal_sequence,3,6,36,0.2941844179788666,0.3663807942386832,-0.17745878852924424,-0.5043414236570404,0.06099145281444539,0.49984686787685595,0.09933012654321013,-0.30428425925925934,-0.2049541327160492,0.2498468913263031,0.7777777777777778,25,34,36,0,0
b2outer3,pair_tree,4409,equal_background,3,6,36,0.22548039957148863,0.3330509660493826,-0.17074020529743583,-0.5048009253634801,0.062172721098121934,0.4388581129504946,-0.03836038888888865,-0.18710555555555555,-0.2254659444444442,0.19259644330246908,0.6944444444444444,25,34,36,0,0
b2outer3,pair_tree,5519,rows,3,6,36,0.2254682812778863,0.33382947839506166,-0.17067728464638687,-0.47479451079124946,0.06374833399117955,0.4388581129504946,-0.04734802777777755,-0.18710555555555555,-0.2344535833333331,0.19259644330246908,0.6944444444444444,25,34,36,0,0
b2outer3,pair_tree,5519,equal_sequence,3,6,36,0.29245356087640256,0.36584273045267496,-0.17053111737321802,-0.48235677373595,0.06306704756833023,0.49984686787685595,0.09065162037037058,-0.30428425925925934,-0.21363263888888875,0.2498468913263031,0.7777777777777778,25,34,36,0,0
b2outer3,pair_tree,5519,equal_background,3,6,36,0.2254682812778863,0.33382947839506166,-0.17067728464638687,-0.47479451079124946,0.06374833399117955,0.4388581129504946,-0.04734802777777755,-0.18710555555555555,-0.2344535833333331,0.19259644330246908,0.6944444444444444,25,34,36,0,0
b2outer3,pair_tree,6637,rows,3,6,36,0.2256388047225215,0.33511744444444447,-0.17156267713708506,-0.49483064961281126,0.06175591294785718,0.4388581129504946,-0.04905798148148127,-0.18710555555555555,-0.23616353703703682,0.19259644330246908,0.6944444444444444,25,34,36,0,0
b2outer3,pair_tree,6637,equal_sequence,3,6,36,0.2899562652609466,0.36414518518518524,-0.16053581344048085,-0.4828541977407775,0.05985145871283268,0.49984686787685595,0.08738706790123485,-0.30428425925925934,-0.2168971913580245,0.2498468913263031,0.7777777777777778,25,34,36,0,0
b2outer3,pair_tree,6637,equal_background,3,6,36,0.2256388047225215,0.33511744444444447,-0.17156267713708506,-0.49483064961281126,0.06175591294785718,0.4388581129504946,-0.04905798148148127,-0.18710555555555555,-0.23616353703703682,0.19259644330246908,0.6944444444444444,25,34,36,0,0
b2outer3,pair_tree,7753,rows,3,6,36,0.224642439898,0.3326947345679013,-0.16638934783028825,-0.47040035678465936,0.06404631186192457,0.4388581129504946,-0.038739537037036836,-0.18710555555555555,-0.2258450925925924,0.19259644330246908,0.6944444444444444,25,34,36,0,0
b2outer3,pair_tree,7753,equal_sequence,3,6,36,0.29231755246414576,0.36477953703703725,-0.16998675033492994,-0.46439578361251393,0.06220441951300594,0.49984686787685595,0.09860349074074107,-0.30428425925925934,-0.20568076851851827,0.2498468913263031,0.7777777777777778,25,34,36,0,0
b2outer3,pair_tree,7753,equal_background,3,6,36,0.224642439898,0.3326947345679013,-0.16638934783028825,-0.47040035678465936,0.06404631186192457,0.4388581129504946,-0.038739537037036836,-0.18710555555555555,-0.2258450925925924,0.19259644330246908,0.6944444444444444,25,34,36,0,0
b2outer3,pair_tree,8867,rows,3,6,36,0.2334597829118975,0.34206820987654313,-0.21217079042967235,-0.48209003861949823,0.07697660122301757,0.4388581129504946,-0.04864358333333299,-0.18710555555555555,-0.23574913888888854,0.19259644330246908,0.6944444444444444,25,34,36,0,0
b2outer3,pair_tree,8867,equal_sequence,3,6,36,0.29973073948282625,0.37291429218107003,-0.19965766991022593,-0.47351299543221176,0.07533037120810253,0.49984686787685595,0.09246728086419781,-0.30428425925925934,-0.21181697839506153,0.2498468913263031,0.7777777777777778,25,34,36,0,0
b2outer3,pair_tree,8867,equal_background,3,6,36,0.2334597829118975,0.34206820987654313,-0.21217079042967235,-0.48209003861949823,0.07697660122301757,0.4388581129504946,-0.04864358333333299,-0.18710555555555555,-0.23574913888888854,0.19259644330246908,0.6944444444444444,25,34,36,0,0
b2outer3,pair_tree,9973,rows,3,6,36,0.22463643264590896,0.33037857098765433,-0.16635815695267886,-0.456796372854304,0.06481576934805135,0.4388581129504946,-0.043032861111110904,-0.18710555555555555,-0.23013841666666646,0.19259644330246908,0.6944444444444444,25,34,36,0,0
b2outer3,pair_tree,9973,equal_sequence,3,6,36,0.28991406274450415,0.36105360493827177,-0.16036689992621445,-0.45021336317618643,0.061222618753585895,0.49984686787685595,0.09361710802469167,-0.30428425925925934,-0.21066715123456767,0.2498468913263031,0.7777777777777778,25,34,36,0,0
b2outer3,pair_tree,9973,equal_background,3,6,36,0.22463643264590896,0.33037857098765433,-0.16635815695267886,-0.456796372854304,0.06481576934805135,0.4388581129504946,-0.043032861111110904,-0.18710555555555555,-0.23013841666666646,0.19259644330246908,0.6944444444444444,25,34,36,0,0
b2outer3,pair_tree,11027,rows,3,6,36,0.22617580146989102,0.3352608487654321,-0.1743508737317967,-0.4880420560027902,0.06402985498668777,0.4388581129504946,-0.045294055555555546,-0.18710555555555555,-0.2323996111111111,0.19259644330246908,0.6944444444444444,25,34,36,0,0
b2outer3,pair_tree,11027,equal_sequence,3,6,36,0.2931577039004982,0.3669037448559671,-0.17334941549314964,-0.4869065500458472,0.06317452041618146,0.49984686787685595,0.09256957098765445,-0.30428425925925934,-0.2117146882716049,0.2498468913263031,0.7777777777777778,25,34,36,0,0
b2outer3,pair_tree,11027,equal_background,3,6,36,0.22617580146989102,0.3352608487654321,-0.1743508737317967,-0.4880420560027902,0.06402985498668777,0.4388581129504946,-0.045294055555555546,-0.18710555555555555,-0.2323996111111111,0.19259644330246908,0.6944444444444444,25,34,36,0,0
b2outer3,training_majority,0,rows,3,6,36,,,,,,0.4388581129504946,,-0.18710555555555555,,0.19259644330246908,0.6944444444444444,25,34,36,0,0
b2outer3,training_majority,0,equal_sequence,3,6,36,,,,,,0.49984686787685595,,-0.30428425925925934,,0.2498468913263031,0.7777777777777778,25,34,36,0,0
b2outer3,training_majority,0,equal_background,3,6,36,,,,,,0.4388581129504946,,-0.18710555555555555,,0.19259644330246908,0.6944444444444444,25,34,36,0,0
b2outer3,training_mean,0,rows,3,6,36,0.2707980800444444,0.4170062962962963,-0.4060388416371796,,0.0,0.4388581129504946,-0.2796455555555556,-0.18710555555555555,-0.4667511111111111,0.19259644330246908,0.6944444444444444,25,34,36,0,0
b2outer3,training_mean,0,equal_sequence,3,6,36,0.2762423692769548,0.4031033539094651,-0.10564661345407278,,5.551115123125783e-17,0.49984686787685595,-0.16246685185185183,-0.30428425925925934,-0.46675111111111117,0.2498468913263031,0.7777777777777778,25,34,36,0,0
b2outer3,training_mean,0,equal_background,3,6,36,0.2707980800444444,0.4170062962962963,-0.4060388416371796,,0.0,0.4388581129504946,-0.2796455555555556,-0.18710555555555555,-0.4667511111111111,0.19259644330246908,0.6944444444444444,25,34,36,0,0
b2outer3,zero,0,rows,3,6,36,0.2276049322222222,0.33565,-0.18177121196767354,,0.0,0.4388581129504946,0.18710555555555555,-0.18710555555555555,0.0,0.19259644330246908,0.05555555555555555,0,34,0,36,0
b2outer3,zero,0,equal_sequence,3,6,36,0.3424358017592593,0.4040212962962963,-0.37058259937296545,,0.0,0.49984686787685595,0.30428425925925934,-0.30428425925925934,0.0,0.2498468913263031,0.0462962962962963,0,34,0,36,0
b2outer3,zero,0,equal_background,3,6,36,0.2276049322222222,0.33565,-0.18177121196767354,,0.0,0.4388581129504946,0.18710555555555555,-0.18710555555555555,0.0,0.19259644330246908,0.05555555555555555,0,34,0,36,0
b2outer0,activity_gnn,ensemble,rows,3,4,24,0.4244867876966516,0.39968971002499254,-0.017951562526974163,0.23330296223951966,0.0026563370510836477,0.6457561217151866,0.0909898532946905,-0.17442916666666664,-0.08343931337197613,0.4170009687326388,0.7083333333333334,17,22,24,0,0
b2outer0,activity_gnn,ensemble,equal_sequence,3,4,24,0.33173449718551506,0.36629424305756886,-0.07557744842701553,0.21166098476437825,0.002763253766977349,0.5553598438814132,0.15476412823730054,-0.23886388888888888,-0.08409976065158833,0.3084245561959877,0.7777777777777777,17,22,24,0,0
b2outer0,activity_gnn,ensemble,equal_background,3,4,24,0.4244867876966516,0.39968971002499254,-0.017951562526974163,0.23330296223951966,0.0026563370510836477,0.6457561217151866,0.0909898532946905,-0.17442916666666664,-0.08343931337197613,0.4170009687326388,0.7083333333333334,17,22,24,0,0
b2outer0,pair_gnn,ensemble,rows,3,4,24,0.4142487748370278,0.38253888578017553,0.0065999700287879826,0.4341286010976686,0.0061193257445658926,0.6457561217151866,0.02532505129973095,-0.17442916666666664,-0.14910411536693569,0.4170009687326388,0.7083333333333334,17,22,24,0,0
b2outer0,pair_gnn,ensemble,equal_sequence,3,4,24,0.31380897699698584,0.341585504635175,-0.017457821346678504,0.3814989299236704,0.005884066208066996,0.5553598438814132,0.08856129630671614,-0.23886388888888888,-0.15030259258217274,0.3084245561959877,0.7777777777777777,17,22,24,0,0
b2outer0,pair_gnn,ensemble,equal_background,3,4,24,0.4142487748370278,0.38253888578017553,0.0065999700287879826,0.4341286010976686,0.0061193257445658926,0.6457561217151866,0.02532505129973095,-0.17442916666666664,-0.14910411536693569,0.4170009687326388,0.7083333333333334,17,22,24,0,0
b2outer0,pair_no_message,ensemble,rows,3,4,24,0.4147005590499066,0.38287971697847045,0.005516557167058123,0.3028075233183858,0.007138151830313877,0.6457561217151866,0.02098148798147839,-0.17442916666666664,-0.15344767868518824,0.4170009687326388,0.7083333333333334,17,22,24,0,0
b2outer0,pair_no_message,ensemble,equal_sequence,3,4,24,0.3138187120548181,0.3415581637647417,-0.01748938516880827,0.22328743599164666,0.007456472086512483,0.5553598438814132,0.08478109854062402,-0.23886388888888888,-0.15408279034826486,0.3084245561959877,0.7777777777777777,17,22,24,0,0
b2outer0,pair_no_message,ensemble,equal_background,3,4,24,0.4147005590499066,0.38287971697847045,0.005516557167058123,0.3028075233183858,0.007138151830313877,0.6457561217151866,0.02098148798147839,-0.17442916666666664,-0.15344767868518824,0.4170009687326388,0.7083333333333334,17,22,24,0,0
b2outer0,pair_ridge,ensemble,rows,3,4,24,0.4340244983661889,0.3868016666471958,-0.04082371723329192,-0.06469314595945762,0.07385471432536478,0.6457561217151866,-0.07347314099272093,-0.17442916666666664,-0.24790230765938756,0.4170009687326388,0.7083333333333334,17,22,24,0,0
b2outer0,pair_ridge,ensemble,equal_sequence,3,4,24,0.3217718068479566,0.3347238595035341,-0.04327557707009366,-0.06367917303179543,0.08500239768570038,0.5553598438814132,-0.010471294148762966,-0.23886388888888888,-0.24933518303765184,0.3084245561959877,0.7777777777777777,17,22,24,0,0
b2outer0,pair_ridge,ensemble,equal_background,3,4,24,0.4340244983661889,0.3868016666471958,-0.04082371723329192,-0.06469314595945762,0.07385471432536478,0.6457561217151866,-0.07347314099272093,-0.17442916666666664,-0.24790230765938756,0.4170009687326388,0.7083333333333334,17,22,24,0,0
b2outer0,pair_tree,ensemble,rows,3,4,24,0.4586534138925006,0.463087833160812,-0.09988572757145642,0.15105227890458142,0.12197937914060682,0.6457561217151866,-0.2248775872195674,-0.17442916666666664,-0.39930675388623404,0.4170009687326388,0.7083333333333334,17,22,24,0,0
b2outer0,pair_tree,ensemble,equal_sequence,3,4,24,0.33967920406048163,0.39929587854573884,-0.10133644431552091,0.08171947981922874,0.13427765284902302,0.5553598438814132,-0.15941203828885564,-0.23886388888888888,-0.3982759271777445,0.3084245561959877,0.7777777777777777,17,22,24,0,0
b2outer0,pair_tree,ensemble,equal_background,3,4,24,0.4586534138925006,0.463087833160812,-0.09988572757145642,0.15105227890458142,0.12197937914060682,0.6457561217151866,-0.2248775872195674,-0.17442916666666664,-0.39930675388623404,0.4170009687326388,0.7083333333333334,17,22,24,0,0
b2outer0,training_majority,ensemble,rows,3,4,24,,,,,,0.6457561217151866,,-0.17442916666666664,,0.4170009687326388,0.7083333333333334,17,22,24,0,0
b2outer0,training_majority,ensemble,equal_sequence,3,4,24,,,,,,0.5553598438814132,,-0.23886388888888888,,0.3084245561959877,0.7777777777777777,17,22,24,0,0
b2outer0,training_majority,ensemble,equal_background,3,4,24,,,,,,0.6457561217151866,,-0.17442916666666664,,0.4170009687326388,0.7083333333333334,17,22,24,0,0
b2outer0,training_mean,ensemble,rows,3,4,24,0.4896345768270093,0.4684831481481481,-0.17418090973534328,,5.5511151231257815e-17,0.6457561217151866,-0.2695062301587303,-0.17442916666666664,-0.44393539682539696,0.4170009687326388,0.7083333333333334,17,22,24,0,0
b2outer0,training_mean,ensemble,equal_sequence,3,4,24,0.3504788795633409,0.3908649206349206,-0.1363520592719274,,5.551115123125783e-17,0.5553598438814132,-0.20507150793650808,-0.23886388888888888,-0.44393539682539696,0.3084245561959877,0.7777777777777777,17,22,24,0,0
b2outer0,training_mean,ensemble,equal_background,3,4,24,0.4896345768270093,0.4684831481481481,-0.17418090973534328,,5.5511151231257815e-17,0.6457561217151866,-0.2695062301587303,-0.17442916666666664,-0.44393539682539696,0.4170009687326388,0.7083333333333334,17,22,24,0,0
b2outer0,zero,ensemble,rows,3,4,24,0.4474265029166666,0.4347374999999999,-0.07296274221256116,,0.0,0.6457561217151866,0.17442916666666664,-0.17442916666666664,0.0,0.4170009687326388,0.08333333333333333,0,22,0,24,0
b2outer0,zero,ensemble,equal_sequence,3,4,24,0.36548051361111106,0.4124027777777777,-0.18499161713591739,,0.0,0.5553598438814132,0.23886388888888888,-0.23886388888888888,0.0,0.3084245561959877,0.08333333333333333,0,22,0,24,0
b2outer0,zero,ensemble,equal_background,3,4,24,0.4474265029166666,0.4347374999999999,-0.07296274221256116,,0.0,0.6457561217151866,0.17442916666666664,-0.17442916666666664,0.0,0.4170009687326388,0.08333333333333333,0,22,0,24,0
b2outer1,activity_gnn,ensemble,rows,3,8,48,0.1059014208258413,0.2289260210851828,-0.022476222844527882,0.0865825808158968,0.010137910595378543,0.32182833965328944,0.052821810246010736,-0.23910208333333333,-0.1862802730873226,0.10357348020399304,0.75,36,42,48,0,0
b2outer1,activity_gnn,ensemble,equal_sequence,3,8,48,0.16780248360909583,0.2825531466445658,-0.1442926665809332,0.21639621217336347,0.008133146756585377,0.38293991352317375,0.1498041821490394,-0.3390455555555555,-0.1892413734065161,0.14664297736913579,0.7999999999999999,36,42,48,0,0
b2outer1,activity_gnn,ensemble,equal_background,3,8,48,0.1059014208258413,0.2289260210851828,-0.022476222844527882,0.0865825808158968,0.010137910595378543,0.32182833965328944,0.052821810246010736,-0.23910208333333333,-0.1862802730873226,0.10357348020399304,0.75,36,42,48,0,0
b2outer1,pair_gnn,ensemble,rows,3,8,48,0.10407841876839456,0.23117266690929728,-0.00487517232603385,0.03868995937992669,0.01186839870799917,0.32182833965328944,0.02568343848039714,-0.23910208333333333,-0.21341864485293618,0.10357348020399304,0.75,36,42,48,0,0
b2outer1,pair_gnn,ensemble,equal_sequence,3,8,48,0.16102544321539447,0.27856168903244866,-0.0980781085074025,0.12849175501209273,0.00924797871731594,0.38293991352317375,0.12331677631907995,-0.3390455555555555,-0.21572877923647554,0.14664297736913579,0.7999999999999999,36,42,48,0,0
b2outer1,pair_gnn,ensemble,equal_background,3,8,48,0.10407841876839456,0.23117266690929728,-0.00487517232603385,0.03868995937992669,0.01186839870799917,0.32182833965328944,0.02568343848039714,-0.23910208333333333,-0.21341864485293618,0.10357348020399304,0.75,36,42,48,0,0
b2outer1,pair_no_message,ensemble,rows,3,8,48,0.10382564984403113,0.2330647743105888,-0.002434693123581688,0.03697771130387846,0.015337149262254164,0.32182833965328944,0.019544314481814762,-0.23910208333333333,-0.21955776885151856,0.10357348020399304,0.75,36,42,48,0,0
b2outer1,pair_no_message,ensemble,equal_sequence,3,8,48,0.15908531901412667,0.2780011253443029,-0.08484785202956235,0.15023935176817066,0.011684830863295803,0.38293991352317375,0.11683460450543298,-0.3390455555555555,-0.2222109510501225,0.14664297736913579,0.7999999999999999,36,42,48,0,0
b2outer1,pair_no_message,ensemble,equal_background,3,8,48,0.10382564984403113,0.2330647743105888,-0.002434693123581688,0.03697771130387846,0.015337149262254164,0.32182833965328944,0.019544314481814762,-0.23910208333333333,-0.21955776885151856,0.10357348020399304,0.75,36,42,48,0,0
b2outer1,pair_ridge,ensemble,rows,3,8,48,0.11654699077720448,0.26079028674165405,-0.12525900015775737,0.20758297471743015,0.198478686660411,0.32182833965328944,-0.009944303817550348,-0.23910208333333333,-0.24904638715088367,0.10357348020399304,0.6666666666666666,30,42,36,6,6
b2outer1,pair_ridge,ensemble,equal_sequence,3,8,48,0.13058633727288488,0.25322430002000595,0.10949477693590781,0.3490185938290054,0.17173214884476323,0.38293991352317375,0.018881586356692792,-0.3390455555555555,-0.3201639691988627,0.14664297736913579,0.7555555555555555,30,42,36,6,6
b2outer1,pair_ridge,ensemble,equal_background,3,8,48,0.11654699077720448,0.26079028674165405,-0.12525900015775737,0.20758297471743015,0.198478686660411,0.32182833965328944,-0.009944303817550348,-0.23910208333333333,-0.24904638715088367,0.10357348020399304,0.6666666666666666,30,42,36,6,6
b2outer1,pair_tree,ensemble,rows,3,8,48,0.16254534752177452,0.32402220093901324,-0.5693722678974724,-0.02736172962917432,0.1898893765920178,0.32182833965328944,-0.13989154306018398,-0.23910208333333333,-0.3789936263935173,0.10357348020399304,0.75,36,42,48,0,0
b2outer1,pair_tree,ensemble,equal_sequence,3,8,48,0.15127433548632885,0.2938236434640505,-0.03158254285532425,0.22704340739491258,0.15815511372021848,0.38293991352317375,-0.08437765754882476,-0.3390455555555555,-0.42342321310438025,0.14664297736913579,0.7999999999999999,36,42,48,0,0
b2outer1,pair_tree,ensemble,equal_background,3,8,48,0.16254534752177452,0.32402220093901324,-0.5693722678974724,-0.02736172962917432,0.1898893765920178,0.32182833965328944,-0.13989154306018398,-0.23910208333333333,-0.3789936263935173,0.10357348020399304,0.75,36,42,48,0,0
b2outer1,training_majority,ensemble,rows,3,8,48,,,,,,0.32182833965328944,,-0.23910208333333333,,0.10357348020399304,0.75,36,42,48,0,0
b2outer1,training_majority,ensemble,equal_sequence,3,8,48,,,,,,0.38293991352317375,,-0.3390455555555555,,0.14664297736913579,0.7999999999999999,36,42,48,0,0
b2outer1,training_majority,ensemble,equal_background,3,8,48,,,,,,0.32182833965328944,,-0.23910208333333333,,0.10357348020399304,0.75,36,42,48,0,0
b2outer1,training_mean,ensemble,rows,3,8,48,0.12376101285966236,0.28421183862433863,-0.1949102474485649,,5.551115123125783e-17,0.32182833965328944,-0.14208283730158722,-0.23910208333333333,-0.38118492063492054,0.10357348020399304,0.75,36,42,48,0,0
b2outer1,training_mean,ensemble,equal_sequence,3,8,48,0.14841870345842778,0.2868669841269841,-0.01210917918573129,,0.0,0.38293991352317375,-0.04213936507936511,-0.3390455555555555,-0.3811849206349206,0.14664297736913579,0.7999999999999999,36,42,48,0,0
b2outer1,training_mean,ensemble,equal_background,3,8,48,0.12376101285966236,0.28421183862433863,-0.1949102474485649,,5.551115123125783e-17,0.32182833965328944,-0.14208283730158722,-0.23910208333333333,-0.38118492063492054,0.10357348020399304,0.75,36,42,48,0,0
b2outer1,zero,ensemble,rows,3,8,48,0.1607432864583333,0.2728562499999999,-0.5519734022815641,,0.0,0.32182833965328944,0.23910208333333333,-0.23910208333333333,0.0,0.10357348020399304,0.125,0,42,0,48,0
b2outer1,zero,ensemble,equal_sequence,3,8,48,0.26159486611111105,0.3586544444444444,-0.7838894900000128,,0.0,0.38293991352317375,0.3390455555555555,-0.3390455555555555,0.0,0.14664297736913579,0.11666666666666665,0,42,0,48,0
b2outer1,zero,ensemble,equal_background,3,8,48,0.1607432864583333,0.2728562499999999,-0.5519734022815641,,0.0,0.32182833965328944,0.23910208333333333,-0.23910208333333333,0.0,0.10357348020399304,0.125,0,42,0,48,0
b2outer2,activity_gnn,ensemble,rows,3,8,48,0.29912045166628726,0.28978900091648097,-0.05176766924192977,0.2199223239778262,0.007584183827339549,0.5332896384078353,0.12823445084492366,-0.27028958333333325,-0.1420551324884096,0.2843978384331597,0.6875,33,39,48,0,0
b2outer2,activity_gnn,ensemble,equal_sequence,3,8,48,0.6428961832389384,0.45666067831648716,-0.22794293068860538,0.2732358412905168,0.006259311311323036,0.7235712993432875,0.3489650139819251,-0.4935566666666666,-0.1445916526847415,0.5235554252333333,0.7999999999999999,33,39,48,0,0
b2outer2,activity_gnn,ensemble,equal_background,3,8,48,0.29912045166628726,0.28978900091648097,-0.05176766924192977,0.2199223239778262,0.007584183827339549,0.5332896384078353,0.12823445084492366,-0.27028958333333325,-0.1420551324884096,0.2843978384331597,0.6875,33,39,48,0,0
b2outer2,pair_gnn,ensemble,rows,3,8,48,0.2706399788887407,0.3121113926579554,0.04837540123446615,0.5069492979109632,0.02923952331749081,0.5332896384078353,0.03459838475088278,-0.27028958333333325,-0.23569119858245047,0.2843978384331597,0.6875,33,39,48,0,0
b2outer2,pair_gnn,ensemble,equal_sequence,3,8,48,0.5556723238467367,0.4350613820966085,-0.06134383689957912,0.5729727914840612,0.03417541329447929,0.7235712993432875,0.2434877432992723,-0.4935566666666666,-0.2500689233673943,0.5235554252333333,0.7999999999999999,33,39,48,0,0
b2outer2,pair_gnn,ensemble,equal_background,3,8,48,0.2706399788887407,0.3121113926579554,0.04837540123446615,0.5069492979109632,0.02923952331749081,0.5332896384078353,0.03459838475088278,-0.27028958333333325,-0.23569119858245047,0.2843978384331597,0.6875,33,39,48,0,0
b2outer2,pair_no_message,ensemble,rows,3,8,48,0.26953441522956095,0.3126653793364763,0.05226278541878582,0.4336815534902906,0.03688929574729022,0.5332896384078353,0.028967443806926396,-0.27028958333333325,-0.24132213952640685,0.2843978384331597,0.6875,33,39,48,0,0
b2outer2,pair_no_message,ensemble,equal_sequence,3,8,48,0.551277397494168,0.4333326476563347,-0.05294945085991576,0.5191813574864808,0.039958285509375545,0.7235712993432875,0.23695388730472988,-0.4935566666666666,-0.2566027793619367,0.5235554252333333,0.7999999999999999,33,39,48,0,0
b2outer2,pair_no_message,ensemble,equal_background,3,8,48,0.26953441522956095,0.3126653793364763,0.05226278541878582,0.4336815534902906,0.03688929574729022,0.5332896384078353,0.028967443806926396,-0.27028958333333325,-0.24132213952640685,0.2843978384331597,0.6875,33,39,48,0,0
b2outer2,pair_ridge,ensemble,rows,3,8,48,0.22218449177009458,0.2620680213858684,0.21875463964782116,0.5347440818879914,0.1543698328014762,0.5332896384078353,0.04473222905447083,-0.27028958333333325,-0.22555735427886242,0.2843978384331597,0.6875,33,39,48,0,0
b2outer2,pair_ridge,ensemble,equal_sequence,3,8,48,0.4249880270988004,0.3358217786359787,0.18826545076980972,0.5979619636570707,0.20424502652916704,0.7235712993432875,0.1909376658940315,-0.4935566666666666,-0.3026190007726351,0.5235554252333333,0.7999999999999999,33,39,48,0,0
b2outer2,pair_ridge,ensemble,equal_background,3,8,48,0.22218449177009458,0.2620680213858684,0.21875463964782116,0.5347440818879914,0.1543698328014762,0.5332896384078353,0.04473222905447083,-0.27028958333333325,-0.22555735427886242,0.2843978384331597,0.6875,33,39,48,0,0
b2outer2,pair_tree,ensemble,rows,3,8,48,0.23089616149507525,0.26359370778824964,0.18812265674325301,0.4784450926029882,0.1564456820164391,0.5332896384078353,0.04309575221763773,-0.27028958333333325,-0.22719383111569552,0.2843978384331597,0.6875,31,39,42,6,0
b2outer2,pair_tree,ensemble,equal_sequence,3,8,48,0.4566631124722327,0.35678826458304624,0.12776548486970352,0.5427227025750926,0.1728979460159464,0.7235712993432875,0.19750326627799847,-0.4935566666666666,-0.2960534003886681,0.5235554252333333,0.7999999999999998,31,39,42,6,0
b2outer2,pair_tree,ensemble,equal_background,3,8,48,0.23089616149507525,0.26359370778824964,0.18812265674325301,0.4784450926029882,0.1564456820164391,0.5332896384078353,0.04309575221763773,-0.27028958333333325,-0.22719383111569552,0.2843978384331597,0.6875,31,39,42,6,0
b2outer2,training_majority,ensemble,rows,3,8,48,,,,,,0.5332896384078353,,-0.27028958333333325,,0.2843978384331597,0.6875,33,39,48,0,0
b2outer2,training_majority,ensemble,equal_sequence,3,8,48,,,,,,0.7235712993432875,,-0.4935566666666666,,0.5235554252333333,0.7999999999999999,33,39,48,0,0
b2outer2,training_majority,ensemble,equal_background,3,8,48,,,,,,0.5332896384078353,,-0.27028958333333325,,0.2843978384331597,0.6875,33,39,48,0,0
b2outer2,training_mean,ensemble,rows,3,8,48,0.2855769500308642,0.35942013888888885,-0.004145993528644976,,0.0,0.5332896384078353,-0.034338194444444525,-0.27028958333333325,-0.3046277777777778,0.2843978384331597,0.6875,33,39,48,0,0
b2outer2,training_mean,ensemble,equal_sequence,3,8,48,0.5592495502901234,0.46609925925925927,-0.06817640184108908,,0.0,0.7235712993432875,0.1889288888888888,-0.4935566666666666,-0.3046277777777778,0.5235554252333333,0.7999999999999999,33,39,48,0,0
b2outer2,training_mean,ensemble,equal_background,3,8,48,0.2855769500308642,0.35942013888888885,-0.004145993528644976,,0.0,0.5332896384078353,-0.034338194444444525,-0.27028958333333325,-0.3046277777777778,0.2843978384331597,0.6875,33,39,48,0,0
b2outer2,zero,ensemble,rows,3,8,48,0.35745429729166656,0.30408958333333325,-0.2568812029690475,,0.0,0.5332896384078353,0.27028958333333325,-0.27028958333333325,0.0,0.2843978384331597,0.1875,0,39,0,48,0
b2outer2,zero,ensemble,equal_sequence,3,8,48,0.7671536084444442,0.5115833333333333,-0.4652767815414125,,0.0,0.7235712993432875,0.4935566666666666,-0.4935566666666666,0.0,0.5235554252333333,0.13333333333333333,0,39,0,48,0
b2outer2,zero,ensemble,equal_background,3,8,48,0.35745429729166656,0.30408958333333325,-0.2568812029690475,,0.0,0.5332896384078353,0.27028958333333325,-0.27028958333333325,0.0,0.2843978384331597,0.1875,0,39,0,48,0
b2outer3,activity_gnn,ensemble,rows,3,6,36,0.19569443893153496,0.30683434686594535,-0.01608542492241427,0.4615230996646718,0.0035771568115128345,0.4388581129504946,0.06733689065244466,-0.18710555555555552,-0.11976866490311086,0.19259644330246908,0.6944444444444444,25,34,36,0,0
b2outer3,activity_gnn,ensemble,equal_sequence,3,6,36,0.2816553211522317,0.35412109711788325,-0.12731168939935444,0.49409661066129973,0.003714988701823056,0.499846867876856,0.18338383201272407,-0.3042842592592593,-0.1209004272465352,0.24984689132630314,0.777777777777778,25,34,36,0,0
b2outer3,activity_gnn,ensemble,equal_background,3,6,36,0.19569443893153496,0.30683434686594535,-0.01608542492241427,0.4615230996646718,0.0035771568115128345,0.4388581129504946,0.06733689065244466,-0.18710555555555552,-0.11976866490311086,0.19259644330246908,0.6944444444444444,25,34,36,0,0
b2outer3,pair_gnn,ensemble,rows,3,6,36,0.18670627746219443,0.29515172808965046,0.030582941923928852,0.2277110280621094,0.0396058874336082,0.4388581129504946,-0.02137907473113798,-0.18710555555555552,-0.2084846302866935,0.19259644330246908,0.6944444444444444,25,34,36,0,0
b2outer3,pair_gnn,ensemble,equal_sequence,3,6,36,0.25399301229070054,0.32855391774354165,-0.016594646995157225,0.18908527937659678,0.03293010638536209,0.499846867876856,0.09636607514663983,-0.3042842592592593,-0.20791818411261945,0.24984689132630314,0.777777777777778,25,34,36,0,0
b2outer3,pair_gnn,ensemble,equal_background,3,6,36,0.18670627746219443,0.29515172808965046,0.030582941923928852,0.2277110280621094,0.0396058874336082,0.4388581129504946,-0.02137907473113798,-0.18710555555555552,-0.2084846302866935,0.19259644330246908,0.6944444444444444,25,34,36,0,0
b2outer3,pair_no_message,ensemble,rows,3,6,36,0.18777495789438553,0.29125827466183235,0.025034135238476307,0.17234074147937253,0.0488299570599442,0.4388581129504946,-0.01343410282863508,-0.18710555555555552,-0.2005396583841906,0.19259644330246908,0.6944444444444444,25,34,36,0,0
b2outer3,pair_no_message,ensemble,equal_sequence,3,6,36,0.2541045018380979,0.3239539655769313,-0.017040878472385224,0.20071185338612454,0.04210670292337251,0.499846867876856,0.10456271863822586,-0.3042842592592593,-0.19972154062103342,0.24984689132630314,0.777777777777778,25,34,36,0,0
b2outer3,pair_no_message,ensemble,equal_background,3,6,36,0.18777495789438553,0.29125827466183235,0.025034135238476307,0.17234074147937253,0.0488299570599442,0.4388581129504946,-0.01343410282863508,-0.18710555555555552,-0.2005396583841906,0.19259644330246908,0.6944444444444444,25,34,36,0,0
b2outer3,pair_ridge,ensemble,rows,3,6,36,0.20929374858112273,0.309007184184922,-0.08669581323696018,-0.1692556368751007,0.07289708275939114,0.4388581129504946,-0.02353391708135602,-0.18710555555555552,-0.21063947263691155,0.19259644330246908,0.6944444444444444,25,34,36,0,0
b2outer3,pair_ridge,ensemble,equal_sequence,3,6,36,0.27799794410858003,0.34480993134357313,-0.11267321611583014,-0.19199983951999033,0.06380127861979495,0.499846867876856,0.10878587251636718,-0.3042842592592593,-0.1954983867428921,0.24984689132630314,0.777777777777778,25,34,36,0,0
b2outer3,pair_ridge,ensemble,equal_background,3,6,36,0.20929374858112273,0.309007184184922,-0.08669581323696018,-0.1692556368751007,0.07289708275939114,0.4388581129504946,-0.02353391708135602,-0.18710555555555552,-0.21063947263691155,0.19259644330246908,0.6944444444444444,25,34,36,0,0
b2outer3,pair_tree,ensemble,rows,3,6,36,0.22598624231507583,0.33457571111111106,-0.17336664395286205,-0.48022664068010057,0.06452185457319005,0.4388581129504946,-0.04506209537037015,-0.18710555555555552,-0.23216765092592567,0.19259644330246908,0.6944444444444444,25,34,36,0,0
b2outer3,pair_tree,ensemble,equal_sequence,3,6,36,0.2925872972326324,0.3658633209876545,-0.17106639061804363,-0.4774180818010826,0.06315899544623174,0.499846867876856,0.09277572746913604,-0.3042842592592593,-0.21150853179012324,0.24984689132630314,0.777777777777778,25,34,36,0,0
b2outer3,pair_tree,ensemble,equal_background,3,6,36,0.22598624231507583,0.33457571111111106,-0.17336664395286205,-0.48022664068010057,0.06452185457319005,0.4388581129504946,-0.04506209537037015,-0.18710555555555552,-0.23216765092592567,0.19259644330246908,0.6944444444444444,25,34,36,0,0
b2outer3,training_majority,ensemble,rows,3,6,36,,,,,,0.4388581129504946,,-0.18710555555555552,,0.19259644330246908,0.6944444444444444,25,34,36,0,0
b2outer3,training_majority,ensemble,equal_sequence,3,6,36,,,,,,0.499846867876856,,-0.3042842592592593,,0.24984689132630314,0.777777777777778,25,34,36,0,0
b2outer3,training_majority,ensemble,equal_background,3,6,36,,,,,,0.4388581129504946,,-0.18710555555555552,,0.19259644330246908,0.6944444444444444,25,34,36,0,0
b2outer3,training_mean,ensemble,rows,3,6,36,0.27079808004444444,0.41700629629629626,-0.40603884163718007,,0.0,0.4388581129504946,-0.2796455555555556,-0.18710555555555552,-0.4667511111111111,0.19259644330246908,0.6944444444444444,25,34,36,0,0
b2outer3,training_mean,ensemble,equal_sequence,3,6,36,0.2762423692769547,0.4031033539094651,-0.10564661345407234,,1.1102230246251565e-16,0.499846867876856,-0.16246685185185195,-0.3042842592592593,-0.4667511111111112,0.24984689132630314,0.777777777777778,25,34,36,0,0
b2outer3,training_mean,ensemble,equal_background,3,6,36,0.27079808004444444,0.41700629629629626,-0.40603884163718007,,0.0,0.4388581129504946,-0.2796455555555556,-0.18710555555555552,-0.4667511111111111,0.19259644330246908,0.6944444444444444,25,34,36,0,0
b2outer3,zero,ensemble,rows,3,6,36,0.2276049322222222,0.33564999999999995,-0.18177121196767354,,0.0,0.4388581129504946,0.18710555555555552,-0.18710555555555552,0.0,0.19259644330246908,0.05555555555555555,0,34,0,36,0
b2outer3,zero,ensemble,equal_sequence,3,6,36,0.34243580175925925,0.4040212962962963,-0.370582599372965,,0.0,0.499846867876856,0.3042842592592593,-0.3042842592592593,0.0,0.24984689132630314,0.0462962962962963,0,34,0,36,0
b2outer3,zero,ensemble,equal_background,3,6,36,0.2276049322222222,0.33564999999999995,-0.18177121196767354,,0.0,0.4388581129504946,0.18710555555555552,-0.18710555555555552,0.0,0.19259644330246908,0.05555555555555555,0,34,0,36,0
