fit,method,seed,layer,parameters_total,unsupported_relation_scalars,zero_data_gradient_scalars,minimum_relation_gradient,maximum_relation_gradient,g0,g1,g2,g3,g4,g5,g6,g7,delta0,delta1,delta2,delta3,delta4,delta5,delta6,delta7
activity/deployment/final/corrected_gnn/s11027,corrected_gnn,11027,message_weights.0,153345,4096,4096,0.0,0.02745688147842884,0.0,0.0,0.02745688147842884,0.0,0.0,0.02499866485595703,0.024896105751395226,8.39538115542382e-05,0.0,0.0,0.44844117760658264,0.0,0.0,0.4086873233318329,0.4422891438007355,0.055678267031908035
activity/deployment/final/corrected_gnn/s11027,corrected_gnn,11027,message_weights.1,153345,4096,4096,0.0,0.028349803760647774,0.0,0.0,0.028349803760647774,0.0,0.0,0.02684721350669861,0.023647600784897804,0.00011744122457457706,0.0,0.0,0.5784432888031006,0.0,0.0,0.5677796006202698,0.53794264793396,0.12032809853553772
activity/deployment/final/corrected_gnn/s1103,corrected_gnn,1103,message_weights.0,153345,4096,4096,0.0,0.17660802602767944,0.0,0.0,0.16733533143997192,0.0,0.0,0.17660802602767944,0.16502636671066284,0.0001178023376269266,0.0,0.0,0.8220556378364563,0.0,0.0,0.8249444961547852,0.8563605546951294,0.1962418556213379
activity/deployment/final/corrected_gnn/s1103,corrected_gnn,1103,message_weights.1,153345,4096,4096,0.0,0.1770344376564026,0.0,0.0,0.17308984696865082,0.0,0.0,0.1770344376564026,0.17166240513324738,0.0001004840451059863,0.0,0.0,1.1624842882156372,0.0,0.0,1.0912468433380127,1.0943279266357422,0.43153923749923706
activity/deployment/final/corrected_gnn/s2207,corrected_gnn,2207,message_weights.0,153345,4096,4096,0.0,0.04239838570356369,0.0,0.0,0.04239838570356369,0.0,0.0,0.041526854038238525,0.03947584331035614,0.00010627094161463901,0.0,0.0,0.9484853744506836,0.0,0.0,0.8941051363945007,0.8864556550979614,0.19931384921073914
activity/deployment/final/corrected_gnn/s2207,corrected_gnn,2207,message_weights.1,153345,4096,4096,0.0,0.030584117397665977,0.0,0.0,0.030584117397665977,0.0,0.0,0.03024817816913128,0.027249474078416824,0.00010922950605163351,0.0,0.0,1.1209956407546997,0.0,0.0,1.093885898590088,1.1347095966339111,0.4598842263221741
activity/deployment/final/corrected_gnn/s3301,corrected_gnn,3301,message_weights.0,153345,4096,4096,0.0,0.14997288584709167,0.0,0.0,0.14997288584709167,0.0,0.0,0.14182135462760925,0.14412327110767365,0.00012556419824250042,0.0,0.0,0.5995000600814819,0.0,0.0,0.598259449005127,0.6140381097793579,0.11852165311574936
activity/deployment/final/corrected_gnn/s3301,corrected_gnn,3301,message_weights.1,153345,4096,4096,0.0,0.13647842407226562,0.0,0.0,0.13647842407226562,0.0,0.0,0.12940633296966553,0.12229769676923752,0.00011077639646828175,0.0,0.0,0.6998626589775085,0.0,0.0,0.6778853535652161,0.6874962449073792,0.19244149327278137
activity/deployment/final/corrected_gnn/s4409,corrected_gnn,4409,message_weights.0,153345,4096,4096,0.0,0.05241934582591057,0.0,0.0,0.05241934582591057,0.0,0.0,0.04163410887122154,0.04193751886487007,0.00012039363355142996,0.0,0.0,0.48597031831741333,0.0,0.0,0.44465744495391846,0.502550482749939,0.13139022886753082
activity/deployment/final/corrected_gnn/s4409,corrected_gnn,4409,message_weights.1,153345,4096,4096,0.0,0.03857504576444626,0.0,0.0,0.03857504576444626,0.0,0.0,0.0350596159696579,0.0315430723130703,0.00010033667058451101,0.0,0.0,0.5238428115844727,0.0,0.0,0.5518937110900879,0.5469179153442383,0.2692488431930542
activity/deployment/final/corrected_gnn/s5519,corrected_gnn,5519,message_weights.0,153345,4096,4096,0.0,0.14883899688720703,0.0,0.0,0.14110545814037323,0.0,0.0,0.14883899688720703,0.1464471071958542,7.633126369910315e-05,0.0,0.0,0.9741242527961731,0.0,0.0,0.9830858707427979,0.9480069279670715,0.1625087857246399
activity/deployment/final/corrected_gnn/s5519,corrected_gnn,5519,message_weights.1,153345,4096,4096,0.0,0.13814780116081238,0.0,0.0,0.13528874516487122,0.0,0.0,0.13814780116081238,0.133808895945549,7.962438394315541e-05,0.0,0.0,1.2034485340118408,0.0,0.0,1.1032742261886597,1.1825031042099,0.3619828224182129
activity/deployment/final/corrected_gnn/s6637,corrected_gnn,6637,message_weights.0,153345,4096,4096,0.0,0.04941597953438759,0.0,0.0,0.04941597953438759,0.0,0.0,0.046750981360673904,0.04232308268547058,9.145140211330727e-05,0.0,0.0,1.4450300931930542,0.0,0.0,1.3847322463989258,1.445312738418579,0.33992546796798706
activity/deployment/final/corrected_gnn/s6637,corrected_gnn,6637,message_weights.1,153345,4096,4096,0.0,0.03812457248568535,0.0,0.0,0.03812457248568535,0.0,0.0,0.03580565005540848,0.033604495227336884,9.477142157265916e-05,0.0,0.0,1.485275149345398,0.0,0.0,1.3836740255355835,1.4415603876113892,0.6321613192558289
activity/deployment/final/corrected_gnn/s7753,corrected_gnn,7753,message_weights.0,153345,4096,4096,0.0,0.05852098390460014,0.0,0.0,0.05852098390460014,0.0,0.0,0.05808837711811066,0.05552973225712776,0.00012574238644447178,0.0,0.0,1.0680196285247803,0.0,0.0,1.0228561162948608,1.0607926845550537,0.25584807991981506
activity/deployment/final/corrected_gnn/s7753,corrected_gnn,7753,message_weights.1,153345,4096,4096,0.0,0.03972931206226349,0.0,0.0,0.038738977164030075,0.0,0.0,0.03972931206226349,0.037432946264743805,0.0001019284754875116,0.0,0.0,1.0422172546386719,0.0,0.0,1.0541844367980957,1.134738564491272,0.4235661029815674
activity/deployment/final/corrected_gnn/s8867,corrected_gnn,8867,message_weights.0,153345,4096,4096,0.0,0.1922093629837036,0.0,0.0,0.18105697631835938,0.0,0.0,0.1877194494009018,0.1922093629837036,0.000187885103514418,0.0,0.0,1.2352211475372314,0.0,0.0,1.256503939628601,1.277626872062683,0.2819322943687439
activity/deployment/final/corrected_gnn/s8867,corrected_gnn,8867,message_weights.1,153345,4096,4096,0.0,0.14362560212612152,0.0,0.0,0.13306476175785065,0.0,0.0,0.14303962886333466,0.14362560212612152,0.00018547613581176847,0.0,0.0,1.5428946018218994,0.0,0.0,1.491278052330017,1.484255313873291,0.4833318591117859
activity/deployment/final/corrected_gnn/s9973,corrected_gnn,9973,message_weights.0,153345,4096,4096,0.0,0.023245036602020264,0.0,0.0,0.023245036602020264,0.0,0.0,0.021556323394179344,0.02304587885737419,9.35752468649298e-05,0.0,0.0,0.4794689416885376,0.0,0.0,0.4412234425544739,0.47145187854766846,0.19154773652553558
activity/deployment/final/corrected_gnn/s9973,corrected_gnn,9973,message_weights.1,153345,4096,4096,0.0,0.023191187530755997,0.0,0.0,0.023191187530755997,0.0,0.0,0.01967831887304783,0.018897483125329018,0.00011178334534633905,0.0,0.0,0.6036585569381714,0.0,0.0,0.526511549949646,0.5159639120101929,0.3127365708351135
activity/deployment/final/corrected_no_message/s11027,corrected_no_message,11027,message_weights.0,153345,4096,4096,0.0,0.03272227942943573,0.0,0.0,0.03272227942943573,0.0,0.0,0.027800703421235085,0.02560276724398136,8.997730037663132e-05,0.0,0.0,0.40816912055015564,0.0,0.0,0.3933953642845154,0.3966677188873291,0.0567486546933651
activity/deployment/final/corrected_no_message/s11027,corrected_no_message,11027,message_weights.1,153345,4096,4096,0.0,0.029189392924308777,0.0,0.0,0.029189392924308777,0.0,0.0,0.025146137923002243,0.02243165858089924,0.00011811662989202887,0.0,0.0,0.5348774194717407,0.0,0.0,0.5395576357841492,0.5180270075798035,0.12034862488508224
activity/deployment/final/corrected_no_message/s1103,corrected_no_message,1103,message_weights.0,153345,4096,4096,0.0,0.19113731384277344,0.0,0.0,0.19113731384277344,0.0,0.0,0.18572303652763367,0.18824540078639984,0.00011984991579083726,0.0,0.0,0.7683312892913818,0.0,0.0,0.8144496083259583,0.7965264320373535,0.18067234754562378
activity/deployment/final/corrected_no_message/s1103,corrected_no_message,1103,message_weights.1,153345,4096,4096,0.0,0.20596785843372345,0.0,0.0,0.1979507952928543,0.0,0.0,0.20126715302467346,0.20596785843372345,0.0001190248440252617,0.0,0.0,1.1752941608428955,0.0,0.0,1.136913537979126,1.1517425775527954,0.36502283811569214
activity/deployment/final/corrected_no_message/s2207,corrected_no_message,2207,message_weights.0,153345,4096,4096,0.0,0.09282443672418594,0.0,0.0,0.0840890184044838,0.0,0.0,0.09282443672418594,0.09174928814172745,0.00010827741789398715,0.0,0.0,0.8904137015342712,0.0,0.0,0.9560043811798096,0.9507900476455688,0.19126781821250916
activity/deployment/final/corrected_no_message/s2207,corrected_no_message,2207,message_weights.1,153345,4096,4096,0.0,0.054135337471961975,0.0,0.0,0.052158113569021225,0.0,0.0,0.054135337471961975,0.05303573980927467,0.00010604418639559299,0.0,0.0,1.0925211906433105,0.0,0.0,1.1386423110961914,1.1210272312164307,0.4554266333580017
activity/deployment/final/corrected_no_message/s3301,corrected_no_message,3301,message_weights.0,153345,4096,4096,0.0,0.1304270476102829,0.0,0.0,0.1304270476102829,0.0,0.0,0.1251087188720703,0.11660933494567871,0.0001416518061887473,0.0,0.0,0.6200460195541382,0.0,0.0,0.5931531190872192,0.5955778360366821,0.11970134824514389
activity/deployment/final/corrected_no_message/s3301,corrected_no_message,3301,message_weights.1,153345,4096,4096,0.0,0.1160164326429367,0.0,0.0,0.1160164326429367,0.0,0.0,0.11063621193170547,0.10481368750333786,0.0001074987230822444,0.0,0.0,0.6854338049888611,0.0,0.0,0.6363056302070618,0.6503137946128845,0.19267365336418152
activity/deployment/final/corrected_no_message/s4409,corrected_no_message,4409,message_weights.0,153345,4096,4096,0.0,0.04430385306477547,0.0,0.0,0.04430385306477547,0.0,0.0,0.03775680065155029,0.03465084731578827,0.00011607849592110142,0.0,0.0,0.4801762104034424,0.0,0.0,0.4720075726509094,0.47048044204711914,0.13822034001350403
activity/deployment/final/corrected_no_message/s4409,corrected_no_message,4409,message_weights.1,153345,4096,4096,0.0,0.03483519330620766,0.0,0.0,0.03483519330620766,0.0,0.0,0.03280333802103996,0.028972353786230087,8.816511399345472e-05,0.0,0.0,0.4932106137275696,0.0,0.0,0.544048547744751,0.5429115891456604,0.28493532538414
activity/deployment/final/corrected_no_message/s5519,corrected_no_message,5519,message_weights.0,153345,4096,4096,0.0,0.14356368780136108,0.0,0.0,0.1338369995355606,0.0,0.0,0.14195036888122559,0.14356368780136108,8.875309868017212e-05,0.0,0.0,1.114604115486145,0.0,0.0,1.0404770374298096,1.0320703983306885,0.17649906873703003
activity/deployment/final/corrected_no_message/s5519,corrected_no_message,5519,message_weights.1,153345,4096,4096,0.0,0.12946702539920807,0.0,0.0,0.12946702539920807,0.0,0.0,0.1291552186012268,0.12412011623382568,6.700250378344208e-05,0.0,0.0,1.1365867853164673,0.0,0.0,1.0978202819824219,1.1292850971221924,0.42124274373054504
activity/deployment/final/corrected_no_message/s6637,corrected_no_message,6637,message_weights.0,153345,4096,4096,0.0,0.036154091358184814,0.0,0.0,0.036154091358184814,0.0,0.0,0.03442162275314331,0.03284433111548424,9.426441829418764e-05,0.0,0.0,1.4772788286209106,0.0,0.0,1.4597899913787842,1.4670076370239258,0.35258007049560547
activity/deployment/final/corrected_no_message/s6637,corrected_no_message,6637,message_weights.1,153345,4096,4096,0.0,0.03037635236978531,0.0,0.0,0.03037635236978531,0.0,0.0,0.028478438034653664,0.027246899902820587,8.834101754473522e-05,0.0,0.0,1.505934715270996,0.0,0.0,1.4969446659088135,1.3873846530914307,0.623690128326416
activity/deployment/final/corrected_no_message/s7753,corrected_no_message,7753,message_weights.0,153345,4096,4096,0.0,0.06359360367059708,0.0,0.0,0.06176934763789177,0.0,0.0,0.06313350051641464,0.06359360367059708,0.00013572910393122584,0.0,0.0,1.0965176820755005,0.0,0.0,1.127030372619629,1.0792951583862305,0.26713788509368896
activity/deployment/final/corrected_no_message/s7753,corrected_no_message,7753,message_weights.1,153345,4096,4096,0.0,0.04462432488799095,0.0,0.0,0.04150324687361717,0.0,0.0,0.044572554528713226,0.04462432488799095,0.00010244801524095237,0.0,0.0,1.038415551185608,0.0,0.0,1.05149245262146,1.0357860326766968,0.49755042791366577
activity/deployment/final/corrected_no_message/s8867,corrected_no_message,8867,message_weights.0,153345,4096,4096,0.0,0.18298311531543732,0.0,0.0,0.1777084618806839,0.0,0.0,0.17661909759044647,0.18298311531543732,0.00023857045744080096,0.0,0.0,1.265167236328125,0.0,0.0,1.2966053485870361,1.3159362077713013,0.24951162934303284
activity/deployment/final/corrected_no_message/s8867,corrected_no_message,8867,message_weights.1,153345,4096,4096,0.0,0.14084196090698242,0.0,0.0,0.1285351812839508,0.0,0.0,0.13856138288974762,0.14084196090698242,0.0002144033060176298,0.0,0.0,1.5462300777435303,0.0,0.0,1.5251712799072266,1.4582480192184448,0.46721145510673523
activity/deployment/final/corrected_no_message/s9973,corrected_no_message,9973,message_weights.0,153345,4096,4096,0.0,0.03829469159245491,0.0,0.0,0.037601541727781296,0.0,0.0,0.03806895762681961,0.03829469159245491,0.00012579560279846191,0.0,0.0,1.2624776363372803,0.0,0.0,1.2670695781707764,1.306427001953125,0.4077760577201843
activity/deployment/final/corrected_no_message/s9973,corrected_no_message,9973,message_weights.1,153345,4096,4096,0.0,0.030866030603647232,0.0,0.0,0.03069540299475193,0.0,0.0,0.030866030603647232,0.030104806646704674,0.0001164921632152982,0.0,0.0,1.334608793258667,0.0,0.0,1.3598883152008057,1.3623850345611572,0.7442342042922974
activity/deployment/final/original_gnn/s11027,original_gnn,11027,message_weights.0,153345,4096,4096,0.0,0.02745688147842884,0.0,0.0,0.02745688147842884,0.0,0.0,0.02499866485595703,0.024896105751395226,8.39538115542382e-05,0.0,0.0,0.44844117760658264,0.0,0.0,0.4086873233318329,0.4422891438007355,0.055678267031908035
activity/deployment/final/original_gnn/s11027,original_gnn,11027,message_weights.1,153345,4096,4096,0.0,0.028349803760647774,0.0,0.0,0.028349803760647774,0.0,0.0,0.02684721350669861,0.023647600784897804,0.00011744122457457706,0.0,0.0,0.5784432888031006,0.0,0.0,0.5677796006202698,0.53794264793396,0.12032809853553772
activity/deployment/final/original_gnn/s1103,original_gnn,1103,message_weights.0,153345,4096,4096,0.0,0.17660802602767944,0.0,0.0,0.16733533143997192,0.0,0.0,0.17660802602767944,0.16502636671066284,0.0001178023376269266,0.0,0.0,0.8220556378364563,0.0,0.0,0.8249444961547852,0.8563605546951294,0.1962418556213379
activity/deployment/final/original_gnn/s1103,original_gnn,1103,message_weights.1,153345,4096,4096,0.0,0.1770344376564026,0.0,0.0,0.17308984696865082,0.0,0.0,0.1770344376564026,0.17166240513324738,0.0001004840451059863,0.0,0.0,1.1624842882156372,0.0,0.0,1.0912468433380127,1.0943279266357422,0.43153923749923706
activity/deployment/final/original_gnn/s2207,original_gnn,2207,message_weights.0,153345,4096,4096,0.0,0.04239838570356369,0.0,0.0,0.04239838570356369,0.0,0.0,0.041526854038238525,0.03947584331035614,0.00010627094161463901,0.0,0.0,0.9484853744506836,0.0,0.0,0.8941051363945007,0.8864556550979614,0.19931384921073914
activity/deployment/final/original_gnn/s2207,original_gnn,2207,message_weights.1,153345,4096,4096,0.0,0.030584117397665977,0.0,0.0,0.030584117397665977,0.0,0.0,0.03024817816913128,0.027249474078416824,0.00010922950605163351,0.0,0.0,1.1209956407546997,0.0,0.0,1.093885898590088,1.1347095966339111,0.4598842263221741
activity/deployment/final/original_gnn/s3301,original_gnn,3301,message_weights.0,153345,4096,4096,0.0,0.14997288584709167,0.0,0.0,0.14997288584709167,0.0,0.0,0.14182135462760925,0.14412327110767365,0.00012556419824250042,0.0,0.0,0.5995000600814819,0.0,0.0,0.598259449005127,0.6140381097793579,0.11852165311574936
activity/deployment/final/original_gnn/s3301,original_gnn,3301,message_weights.1,153345,4096,4096,0.0,0.13647842407226562,0.0,0.0,0.13647842407226562,0.0,0.0,0.12940633296966553,0.12229769676923752,0.00011077639646828175,0.0,0.0,0.6998626589775085,0.0,0.0,0.6778853535652161,0.6874962449073792,0.19244149327278137
activity/deployment/final/original_gnn/s4409,original_gnn,4409,message_weights.0,153345,4096,4096,0.0,0.05241934582591057,0.0,0.0,0.05241934582591057,0.0,0.0,0.04163410887122154,0.04193751886487007,0.00012039363355142996,0.0,0.0,0.48597031831741333,0.0,0.0,0.44465744495391846,0.502550482749939,0.13139022886753082
activity/deployment/final/original_gnn/s4409,original_gnn,4409,message_weights.1,153345,4096,4096,0.0,0.03857504576444626,0.0,0.0,0.03857504576444626,0.0,0.0,0.0350596159696579,0.0315430723130703,0.00010033667058451101,0.0,0.0,0.5238428115844727,0.0,0.0,0.5518937110900879,0.5469179153442383,0.2692488431930542
activity/deployment/final/original_gnn/s5519,original_gnn,5519,message_weights.0,153345,4096,4096,0.0,0.14883899688720703,0.0,0.0,0.14110545814037323,0.0,0.0,0.14883899688720703,0.1464471071958542,7.633126369910315e-05,0.0,0.0,0.9741242527961731,0.0,0.0,0.9830858707427979,0.9480069279670715,0.1625087857246399
activity/deployment/final/original_gnn/s5519,original_gnn,5519,message_weights.1,153345,4096,4096,0.0,0.13814780116081238,0.0,0.0,0.13528874516487122,0.0,0.0,0.13814780116081238,0.133808895945549,7.962438394315541e-05,0.0,0.0,1.2034485340118408,0.0,0.0,1.1032742261886597,1.1825031042099,0.3619828224182129
activity/deployment/final/original_gnn/s6637,original_gnn,6637,message_weights.0,153345,4096,4096,0.0,0.04941597953438759,0.0,0.0,0.04941597953438759,0.0,0.0,0.046750981360673904,0.04232308268547058,9.145140211330727e-05,0.0,0.0,1.4450300931930542,0.0,0.0,1.3847322463989258,1.445312738418579,0.33992546796798706
activity/deployment/final/original_gnn/s6637,original_gnn,6637,message_weights.1,153345,4096,4096,0.0,0.03812457248568535,0.0,0.0,0.03812457248568535,0.0,0.0,0.03580565005540848,0.033604495227336884,9.477142157265916e-05,0.0,0.0,1.485275149345398,0.0,0.0,1.3836740255355835,1.4415603876113892,0.6321613192558289
activity/deployment/final/original_gnn/s7753,original_gnn,7753,message_weights.0,153345,4096,4096,0.0,0.05852098390460014,0.0,0.0,0.05852098390460014,0.0,0.0,0.05808837711811066,0.05552973225712776,0.00012574238644447178,0.0,0.0,1.0680196285247803,0.0,0.0,1.0228561162948608,1.0607926845550537,0.25584807991981506
activity/deployment/final/original_gnn/s7753,original_gnn,7753,message_weights.1,153345,4096,4096,0.0,0.03972931206226349,0.0,0.0,0.038738977164030075,0.0,0.0,0.03972931206226349,0.037432946264743805,0.0001019284754875116,0.0,0.0,1.0422172546386719,0.0,0.0,1.0541844367980957,1.134738564491272,0.4235661029815674
activity/deployment/final/original_gnn/s8867,original_gnn,8867,message_weights.0,153345,4096,4096,0.0,0.1922093629837036,0.0,0.0,0.18105697631835938,0.0,0.0,0.1877194494009018,0.1922093629837036,0.000187885103514418,0.0,0.0,1.2352211475372314,0.0,0.0,1.256503939628601,1.277626872062683,0.2819322943687439
activity/deployment/final/original_gnn/s8867,original_gnn,8867,message_weights.1,153345,4096,4096,0.0,0.14362560212612152,0.0,0.0,0.13306476175785065,0.0,0.0,0.14303962886333466,0.14362560212612152,0.00018547613581176847,0.0,0.0,1.5428946018218994,0.0,0.0,1.491278052330017,1.484255313873291,0.4833318591117859
activity/deployment/final/original_gnn/s9973,original_gnn,9973,message_weights.0,153345,4096,4096,0.0,0.023245036602020264,0.0,0.0,0.023245036602020264,0.0,0.0,0.021556323394179344,0.02304587885737419,9.35752468649298e-05,0.0,0.0,0.4794689416885376,0.0,0.0,0.4412234425544739,0.47145187854766846,0.19154773652553558
activity/deployment/final/original_gnn/s9973,original_gnn,9973,message_weights.1,153345,4096,4096,0.0,0.023191187530755997,0.0,0.0,0.023191187530755997,0.0,0.0,0.01967831887304783,0.018897483125329018,0.00011178334534633905,0.0,0.0,0.6036585569381714,0.0,0.0,0.526511549949646,0.5159639120101929,0.3127365708351135
activity/deployment/final/original_no_message/s11027,original_no_message,11027,message_weights.0,153345,4096,4096,0.0,0.03272227942943573,0.0,0.0,0.03272227942943573,0.0,0.0,0.027800703421235085,0.02560276724398136,8.997730037663132e-05,0.0,0.0,0.40816912055015564,0.0,0.0,0.3933953642845154,0.3966677188873291,0.0567486546933651
activity/deployment/final/original_no_message/s11027,original_no_message,11027,message_weights.1,153345,4096,4096,0.0,0.029189392924308777,0.0,0.0,0.029189392924308777,0.0,0.0,0.025146137923002243,0.02243165858089924,0.00011811662989202887,0.0,0.0,0.5348774194717407,0.0,0.0,0.5395576357841492,0.5180270075798035,0.12034862488508224
activity/deployment/final/original_no_message/s1103,original_no_message,1103,message_weights.0,153345,4096,4096,0.0,0.19113731384277344,0.0,0.0,0.19113731384277344,0.0,0.0,0.18572303652763367,0.18824540078639984,0.00011984991579083726,0.0,0.0,0.7683312892913818,0.0,0.0,0.8144496083259583,0.7965264320373535,0.18067234754562378
activity/deployment/final/original_no_message/s1103,original_no_message,1103,message_weights.1,153345,4096,4096,0.0,0.20596785843372345,0.0,0.0,0.1979507952928543,0.0,0.0,0.20126715302467346,0.20596785843372345,0.0001190248440252617,0.0,0.0,1.1752941608428955,0.0,0.0,1.136913537979126,1.1517425775527954,0.36502283811569214
activity/deployment/final/original_no_message/s2207,original_no_message,2207,message_weights.0,153345,4096,4096,0.0,0.09282443672418594,0.0,0.0,0.0840890184044838,0.0,0.0,0.09282443672418594,0.09174928814172745,0.00010827741789398715,0.0,0.0,0.8904137015342712,0.0,0.0,0.9560043811798096,0.9507900476455688,0.19126781821250916
activity/deployment/final/original_no_message/s2207,original_no_message,2207,message_weights.1,153345,4096,4096,0.0,0.054135337471961975,0.0,0.0,0.052158113569021225,0.0,0.0,0.054135337471961975,0.05303573980927467,0.00010604418639559299,0.0,0.0,1.0925211906433105,0.0,0.0,1.1386423110961914,1.1210272312164307,0.4554266333580017
activity/deployment/final/original_no_message/s3301,original_no_message,3301,message_weights.0,153345,4096,4096,0.0,0.1304270476102829,0.0,0.0,0.1304270476102829,0.0,0.0,0.1251087188720703,0.11660933494567871,0.0001416518061887473,0.0,0.0,0.6200460195541382,0.0,0.0,0.5931531190872192,0.5955778360366821,0.11970134824514389
activity/deployment/final/original_no_message/s3301,original_no_message,3301,message_weights.1,153345,4096,4096,0.0,0.1160164326429367,0.0,0.0,0.1160164326429367,0.0,0.0,0.11063621193170547,0.10481368750333786,0.0001074987230822444,0.0,0.0,0.6854338049888611,0.0,0.0,0.6363056302070618,0.6503137946128845,0.19267365336418152
activity/deployment/final/original_no_message/s4409,original_no_message,4409,message_weights.0,153345,4096,4096,0.0,0.04430385306477547,0.0,0.0,0.04430385306477547,0.0,0.0,0.03775680065155029,0.03465084731578827,0.00011607849592110142,0.0,0.0,0.4801762104034424,0.0,0.0,0.4720075726509094,0.47048044204711914,0.13822034001350403
activity/deployment/final/original_no_message/s4409,original_no_message,4409,message_weights.1,153345,4096,4096,0.0,0.03483519330620766,0.0,0.0,0.03483519330620766,0.0,0.0,0.03280333802103996,0.028972353786230087,8.816511399345472e-05,0.0,0.0,0.4932106137275696,0.0,0.0,0.544048547744751,0.5429115891456604,0.28493532538414
activity/deployment/final/original_no_message/s5519,original_no_message,5519,message_weights.0,153345,4096,4096,0.0,0.14356368780136108,0.0,0.0,0.1338369995355606,0.0,0.0,0.14195036888122559,0.14356368780136108,8.875309868017212e-05,0.0,0.0,1.114604115486145,0.0,0.0,1.0404770374298096,1.0320703983306885,0.17649906873703003
activity/deployment/final/original_no_message/s5519,original_no_message,5519,message_weights.1,153345,4096,4096,0.0,0.12946702539920807,0.0,0.0,0.12946702539920807,0.0,0.0,0.1291552186012268,0.12412011623382568,6.700250378344208e-05,0.0,0.0,1.1365867853164673,0.0,0.0,1.0978202819824219,1.1292850971221924,0.42124274373054504
activity/deployment/final/original_no_message/s6637,original_no_message,6637,message_weights.0,153345,4096,4096,0.0,0.036154091358184814,0.0,0.0,0.036154091358184814,0.0,0.0,0.03442162275314331,0.03284433111548424,9.426441829418764e-05,0.0,0.0,1.4772788286209106,0.0,0.0,1.4597899913787842,1.4670076370239258,0.35258007049560547
activity/deployment/final/original_no_message/s6637,original_no_message,6637,message_weights.1,153345,4096,4096,0.0,0.03037635236978531,0.0,0.0,0.03037635236978531,0.0,0.0,0.028478438034653664,0.027246899902820587,8.834101754473522e-05,0.0,0.0,1.505934715270996,0.0,0.0,1.4969446659088135,1.3873846530914307,0.623690128326416
activity/deployment/final/original_no_message/s7753,original_no_message,7753,message_weights.0,153345,4096,4096,0.0,0.06359360367059708,0.0,0.0,0.06176934763789177,0.0,0.0,0.06313350051641464,0.06359360367059708,0.00013572910393122584,0.0,0.0,1.0965176820755005,0.0,0.0,1.127030372619629,1.0792951583862305,0.26713788509368896
activity/deployment/final/original_no_message/s7753,original_no_message,7753,message_weights.1,153345,4096,4096,0.0,0.04462432488799095,0.0,0.0,0.04150324687361717,0.0,0.0,0.044572554528713226,0.04462432488799095,0.00010244801524095237,0.0,0.0,1.038415551185608,0.0,0.0,1.05149245262146,1.0357860326766968,0.49755042791366577
activity/deployment/final/original_no_message/s8867,original_no_message,8867,message_weights.0,153345,4096,4096,0.0,0.18298311531543732,0.0,0.0,0.1777084618806839,0.0,0.0,0.17661909759044647,0.18298311531543732,0.00023857045744080096,0.0,0.0,1.265167236328125,0.0,0.0,1.2966053485870361,1.3159362077713013,0.24951162934303284
activity/deployment/final/original_no_message/s8867,original_no_message,8867,message_weights.1,153345,4096,4096,0.0,0.14084196090698242,0.0,0.0,0.1285351812839508,0.0,0.0,0.13856138288974762,0.14084196090698242,0.0002144033060176298,0.0,0.0,1.5462300777435303,0.0,0.0,1.5251712799072266,1.4582480192184448,0.46721145510673523
activity/deployment/final/original_no_message/s9973,original_no_message,9973,message_weights.0,153345,4096,4096,0.0,0.03829469159245491,0.0,0.0,0.037601541727781296,0.0,0.0,0.03806895762681961,0.03829469159245491,0.00012579560279846191,0.0,0.0,1.2624776363372803,0.0,0.0,1.2670695781707764,1.306427001953125,0.4077760577201843
activity/deployment/final/original_no_message/s9973,original_no_message,9973,message_weights.1,153345,4096,4096,0.0,0.030866030603647232,0.0,0.0,0.03069540299475193,0.0,0.0,0.030866030603647232,0.030104806646704674,0.0001164921632152982,0.0,0.0,1.334608793258667,0.0,0.0,1.3598883152008057,1.3623850345611572,0.7442342042922974
activity/outer0/final/corrected_gnn/s11027,corrected_gnn,11027,message_weights.0,153345,4096,4096,0.0,0.0375094972550869,0.0,0.0,0.0375094972550869,0.0,0.0,0.03612241894006729,0.03297105059027672,3.659859430626966e-05,0.0,0.0,0.6481892466545105,0.0,0.0,0.611392617225647,0.6293189525604248,0.2538410425186157
activity/outer0/final/corrected_gnn/s11027,corrected_gnn,11027,message_weights.1,153345,4096,4096,0.0,0.039987947791814804,0.0,0.0,0.039987947791814804,0.0,0.0,0.03365706652402878,0.03176591545343399,4.930239811073989e-05,0.0,0.0,0.8940123915672302,0.0,0.0,0.8627546429634094,0.8216814994812012,0.5313294529914856
activity/outer0/final/corrected_gnn/s1103,corrected_gnn,1103,message_weights.0,153345,4096,4096,0.0,0.019040916115045547,0.0,0.0,0.017439069226384163,0.0,0.0,0.019040916115045547,0.018560364842414856,4.506400000536814e-05,0.0,0.0,1.4318591356277466,0.0,0.0,1.4839091300964355,1.4276255369186401,0.6389138698577881
activity/outer0/final/corrected_gnn/s1103,corrected_gnn,1103,message_weights.1,153345,4096,4096,0.0,0.014808070845901966,0.0,0.0,0.014808070845901966,0.0,0.0,0.013432537205517292,0.013847367838025093,3.849036147585139e-05,0.0,0.0,1.680783987045288,0.0,0.0,1.7869744300842285,2.0011582374572754,1.6839373111724854
activity/outer0/final/corrected_gnn/s2207,corrected_gnn,2207,message_weights.0,153345,4096,4096,0.0,0.09248951077461243,0.0,0.0,0.09248951077461243,0.0,0.0,0.08950330317020416,0.08929485827684402,6.588846736121923e-05,0.0,0.0,1.8680658340454102,0.0,0.0,1.8601360321044922,1.828728199005127,1.1042917966842651
activity/outer0/final/corrected_gnn/s2207,corrected_gnn,2207,message_weights.1,153345,4096,4096,0.0,0.07141488790512085,0.0,0.0,0.06533224880695343,0.0,0.0,0.06969461590051651,0.07141488790512085,6.11930518061854e-05,0.0,0.0,2.0785017013549805,0.0,0.0,2.162663221359253,2.1789016723632812,2.385676383972168
activity/outer0/final/corrected_gnn/s3301,corrected_gnn,3301,message_weights.0,153345,4096,4096,0.0,0.08505817502737045,0.0,0.0,0.08172328770160675,0.0,0.0,0.08476561307907104,0.08505817502737045,5.850435991305858e-05,0.0,0.0,1.626656174659729,0.0,0.0,1.6312990188598633,1.621373176574707,0.7896168231964111
activity/outer0/final/corrected_gnn/s3301,corrected_gnn,3301,message_weights.1,153345,4096,4096,0.0,0.0769258514046669,0.0,0.0,0.0769258514046669,0.0,0.0,0.07320604473352432,0.06800541281700134,4.828450255445205e-05,0.0,0.0,1.7810485363006592,0.0,0.0,1.709629774093628,1.622458577156067,1.1643810272216797
activity/outer0/final/corrected_gnn/s4409,corrected_gnn,4409,message_weights.0,153345,4096,4096,0.0,0.05622556805610657,0.0,0.0,0.05622556805610657,0.0,0.0,0.05237935483455658,0.051536329090595245,5.731813871534541e-05,0.0,0.0,1.743240475654602,0.0,0.0,1.57493257522583,1.725154995918274,0.8850597739219666
activity/outer0/final/corrected_gnn/s4409,corrected_gnn,4409,message_weights.1,153345,4096,4096,0.0,0.03776441514492035,0.0,0.0,0.03776441514492035,0.0,0.0,0.03550642728805542,0.03399205952882767,4.1279898141510785e-05,0.0,0.0,1.6000914573669434,0.0,0.0,1.594573974609375,1.5361919403076172,2.004703998565674
activity/outer0/final/corrected_gnn/s5519,corrected_gnn,5519,message_weights.0,153345,4096,4096,0.0,0.0507139153778553,0.0,0.0,0.0507139153778553,0.0,0.0,0.04883010685443878,0.04565516114234924,4.558335422188975e-05,0.0,0.0,1.6140501499176025,0.0,0.0,1.5785964727401733,1.5568759441375732,0.6528533101081848
activity/outer0/final/corrected_gnn/s5519,corrected_gnn,5519,message_weights.1,153345,4096,4096,0.0,0.051563359797000885,0.0,0.0,0.051563359797000885,0.0,0.0,0.04905636981129646,0.04334722086787224,4.27331542596221e-05,0.0,0.0,1.950653076171875,0.0,0.0,1.970589518547058,1.9815404415130615,1.3803095817565918
activity/outer0/final/corrected_gnn/s6637,corrected_gnn,6637,message_weights.0,153345,4096,4096,0.0,0.03665217012166977,0.0,0.0,0.03665217012166977,0.0,0.0,0.032633524388074875,0.029051275923848152,4.268253542250022e-05,0.0,0.0,1.779187560081482,0.0,0.0,1.802402377128601,1.7456923723220825,1.0639859437942505
activity/outer0/final/corrected_gnn/s6637,corrected_gnn,6637,message_weights.1,153345,4096,4096,0.0,0.03451060876250267,0.0,0.0,0.03451060876250267,0.0,0.0,0.028542911633849144,0.027028469368815422,5.505107037606649e-05,0.0,0.0,1.8260581493377686,0.0,0.0,1.7797627449035645,1.8010674715042114,2.0720810890197754
activity/outer0/final/corrected_gnn/s7753,corrected_gnn,7753,message_weights.0,153345,4096,4096,0.0,0.0378645583987236,0.0,0.0,0.03743189945816994,0.0,0.0,0.03195013850927353,0.0378645583987236,5.123220762470737e-05,0.0,0.0,1.3841993808746338,0.0,0.0,1.4193000793457031,1.429306983947754,0.6618150472640991
activity/outer0/final/corrected_gnn/s7753,corrected_gnn,7753,message_weights.1,153345,4096,4096,0.0,0.027892407029867172,0.0,0.0,0.027892407029867172,0.0,0.0,0.024786436930298805,0.026340829208493233,4.119412551517598e-05,0.0,0.0,1.481452226638794,0.0,0.0,1.4539446830749512,1.3942033052444458,1.0683635473251343
activity/outer0/final/corrected_gnn/s8867,corrected_gnn,8867,message_weights.0,153345,4096,4096,0.0,0.01884886808693409,0.0,0.0,0.01884886808693409,0.0,0.0,0.016721205785870552,0.018317246809601784,5.638479342451319e-05,0.0,0.0,1.964217185974121,0.0,0.0,1.820875883102417,1.7920382022857666,0.8994615077972412
activity/outer0/final/corrected_gnn/s8867,corrected_gnn,8867,message_weights.1,153345,4096,4096,0.0,0.017844602465629578,0.0,0.0,0.017271971330046654,0.0,0.0,0.015548769384622574,0.017844602465629578,6.470656808232889e-05,0.0,0.0,1.8545074462890625,0.0,0.0,1.7559893131256104,1.9036672115325928,1.550659418106079
activity/outer0/final/corrected_gnn/s9973,corrected_gnn,9973,message_weights.0,153345,4096,4096,0.0,0.0566791370511055,0.0,0.0,0.0549498051404953,0.0,0.0,0.0566791370511055,0.05397752672433853,5.1014234486501664e-05,0.0,0.0,1.622115135192871,0.0,0.0,1.5533032417297363,1.53042733669281,1.141169548034668
activity/outer0/final/corrected_gnn/s9973,corrected_gnn,9973,message_weights.1,153345,4096,4096,0.0,0.04017205163836479,0.0,0.0,0.04017205163836479,0.0,0.0,0.03613549470901489,0.03362029418349266,5.251205948297866e-05,0.0,0.0,1.4997230768203735,0.0,0.0,1.5494009256362915,1.5787134170532227,1.757800579071045
activity/outer0/final/corrected_no_message/s11027,corrected_no_message,11027,message_weights.0,153345,4096,4096,0.0,0.07156354188919067,0.0,0.0,0.06371264904737473,0.0,0.0,0.07156354188919067,0.06579649448394775,3.886051126755774e-05,6.270076846703887e-05,6.316794315353036e-05,1.1655678749084473,6.244653195608407e-05,6.543168274220079e-05,1.160051941871643,1.157646894454956,0.5522785186767578
activity/outer0/final/corrected_no_message/s11027,corrected_no_message,11027,message_weights.1,153345,4096,4096,0.0,0.05713805556297302,0.0,0.0,0.05713805556297302,0.0,0.0,0.055311478674411774,0.04886050894856453,3.912985630449839e-05,6.40902144368738e-05,6.028553980286233e-05,1.8608973026275635,6.256203050725162e-05,6.123790808487684e-05,1.8082680702209473,1.727818250656128,1.1361010074615479
activity/outer0/final/corrected_no_message/s1103,corrected_no_message,1103,message_weights.0,153345,4096,4096,0.0,0.021443555131554604,0.0,0.0,0.021443555131554604,0.0,0.0,0.01795443892478943,0.016589796170592308,3.387531978660263e-05,0.00016885509830899537,0.0001627072342671454,1.7671749591827393,0.00017242343164980412,0.00016741230501793325,1.8775831460952759,1.800148606300354,0.9550583958625793
activity/outer0/final/corrected_no_message/s1103,corrected_no_message,1103,message_weights.1,153345,4096,4096,0.0,0.01890169270336628,0.0,0.0,0.01890169270336628,0.0,0.0,0.01685025729238987,0.0163978710770607,3.422749068704434e-05,0.00016600434901192784,0.0001622635463718325,2.50242018699646,0.00016666401643306017,0.0001637179229874164,2.6570751667022705,2.659806489944458,2.6375370025634766
activity/outer0/final/corrected_no_message/s2207,corrected_no_message,2207,message_weights.0,153345,4096,4096,0.0,0.019628280773758888,0.0,0.0,0.0196114219725132,0.0,0.0,0.01892247423529625,0.019628280773758888,7.575617200927809e-05,0.00018564147467259318,0.00018876792455557734,2.692575454711914,0.00018647516844794154,0.00018864349112845957,2.850192070007324,2.7739791870117188,1.6507185697555542
activity/outer0/final/corrected_no_message/s2207,corrected_no_message,2207,message_weights.1,153345,4096,4096,0.0,0.016367947682738304,0.0,0.0,0.016367947682738304,0.0,0.0,0.014975828118622303,0.014996151439845562,4.847686068387702e-05,0.00018577688024379313,0.00018473777163308114,2.9240663051605225,0.00018518217257224023,0.0001895058958325535,2.9214847087860107,2.838944435119629,3.756159782409668
activity/outer0/final/corrected_no_message/s3301,corrected_no_message,3301,message_weights.0,153345,4096,4096,0.0,0.024080466479063034,0.0,0.0,0.024080466479063034,0.0,0.0,0.02317632921040058,0.02246088534593582,5.109842459205538e-05,0.0001674377708695829,0.00016986415721476078,2.6994147300720215,0.00016936258180066943,0.00016203800623770803,2.7887024879455566,2.874901294708252,1.4990705251693726
activity/outer0/final/corrected_no_message/s3301,corrected_no_message,3301,message_weights.1,153345,4096,4096,0.0,0.024438679218292236,0.0,0.0,0.024438679218292236,0.0,0.0,0.022515174001455307,0.02063036523759365,4.282101144781336e-05,0.00017078866949304938,0.00016716273967176676,3.0851058959960938,0.00016680927365086973,0.00017215200932696462,3.070173740386963,3.093984842300415,2.626798629760742
activity/outer0/final/corrected_no_message/s4409,corrected_no_message,4409,message_weights.0,153345,4096,4096,0.0,0.08475469052791595,0.0,0.0,0.08475469052791595,0.0,0.0,0.08144191652536392,0.0784071534872055,4.600839747581631e-05,0.00020577528630383313,0.00020620616851374507,2.6441259384155273,0.00020323379430919886,0.0002192788087995723,2.592682361602783,2.4477992057800293,1.823707938194275
activity/outer0/final/corrected_no_message/s4409,corrected_no_message,4409,message_weights.1,153345,4096,4096,0.0,0.05708422139286995,0.0,0.0,0.05708422139286995,0.0,0.0,0.05535396561026573,0.05252845585346222,3.6725792597280815e-05,0.00020688865333795547,0.00021153668058104813,2.7539517879486084,0.00019984632672276348,0.00020899137598462403,2.6103532314300537,2.5061023235321045,4.00248908996582
activity/outer0/final/corrected_no_message/s5519,corrected_no_message,5519,message_weights.0,153345,4096,4096,0.0,0.04623579606413841,0.0,0.0,0.04623579606413841,0.0,0.0,0.03940519690513611,0.03701773285865784,2.413662150502205e-05,0.00012905013863928616,0.00012481190788093954,2.5149574279785156,0.00012671298463828862,0.00012743509432766587,2.5169596672058105,2.4604082107543945,0.726699709892273
activity/outer0/final/corrected_no_message/s5519,corrected_no_message,5519,message_weights.1,153345,4096,4096,0.0,0.04016060009598732,0.0,0.0,0.04016060009598732,0.0,0.0,0.03561567887663841,0.03274116292595863,2.4348668375751004e-05,0.00012386473827064037,0.0001230429916176945,3.067314863204956,0.00012957116996403784,0.00012591997801791877,3.010042428970337,2.9954047203063965,1.8250913619995117
activity/outer0/final/corrected_no_message/s6637,corrected_no_message,6637,message_weights.0,153345,4096,4096,0.0,0.07215553522109985,0.0,0.0,0.07215553522109985,0.0,0.0,0.056100282818078995,0.05704563111066818,5.308720938046463e-05,0.00014708106755279005,0.00015268425340764225,2.140808582305908,0.00015045439067762345,0.00014939409447833896,2.132002353668213,2.1996495723724365,1.4099345207214355
activity/outer0/final/corrected_no_message/s6637,corrected_no_message,6637,message_weights.1,153345,4096,4096,0.0,0.05923295393586159,0.0,0.0,0.05923295393586159,0.0,0.0,0.05763057619333267,0.05637955665588379,5.1482344133546576e-05,0.00014281010953709483,0.0001474781456636265,2.5041351318359375,0.00014664103218819946,0.00014486171130556613,2.3303349018096924,2.2534732818603516,2.703961133956909
activity/outer0/final/corrected_no_message/s7753,corrected_no_message,7753,message_weights.0,153345,4096,4096,0.0,0.02377237007021904,0.0,0.0,0.02377237007021904,0.0,0.0,0.017467832192778587,0.017046190798282623,5.837303979205899e-05,0.00012641411740332842,0.00012826602323912084,2.3078389167785645,0.0001230237539857626,0.00012564589269459248,2.1886844635009766,2.106515884399414,1.1521782875061035
activity/outer0/final/corrected_no_message/s7753,corrected_no_message,7753,message_weights.1,153345,4096,4096,0.0,0.01891353540122509,0.0,0.0,0.01891353540122509,0.0,0.0,0.01447761245071888,0.013249273411929607,3.84993472835049e-05,0.00012433109804987907,0.0001279084535781294,2.6157734394073486,0.00012486310151871294,0.00012347815209068358,2.354482889175415,2.3521852493286133,2.086374044418335
activity/outer0/final/corrected_no_message/s8867,corrected_no_message,8867,message_weights.0,153345,4096,4096,0.0,0.06245788186788559,0.0,0.0,0.06245788186788559,0.0,0.0,0.05506042391061783,0.05147909000515938,4.2672148993005976e-05,0.00014677153376396745,0.00014734124124515802,2.5385539531707764,0.00014599379210267216,0.00014725656365044415,2.408205986022949,2.2539186477661133,1.0642050504684448
activity/outer0/final/corrected_no_message/s8867,corrected_no_message,8867,message_weights.1,153345,4096,4096,0.0,0.052671629935503006,0.0,0.0,0.05132007598876953,0.0,0.0,0.052671629935503006,0.051923591643571854,4.6491524699376896e-05,0.00014299899339675903,0.0001473406155128032,2.7681593894958496,0.0001483377127442509,0.00014064776769373566,2.711068630218506,2.710843563079834,1.9105550050735474
activity/outer0/final/corrected_no_message/s9973,corrected_no_message,9973,message_weights.0,153345,4096,4096,0.0,0.0571783222258091,0.0,0.0,0.05455464497208595,0.0,0.0,0.0571783222258091,0.055376432836055756,4.987709689885378e-05,7.888567051850259e-05,8.248511585406959e-05,1.786844253540039,8.560468268115073e-05,8.568678458686918e-05,1.560571551322937,1.542118787765503,1.1399595737457275
activity/outer0/final/corrected_no_message/s9973,corrected_no_message,9973,message_weights.1,153345,4096,4096,0.0,0.04669206216931343,0.0,0.0,0.04669206216931343,0.0,0.0,0.04042311757802963,0.0390961617231369,4.699897181126289e-05,8.318435720866546e-05,8.599391003372148e-05,2.147225856781006,8.415873162448406e-05,8.612041710875928e-05,2.0390453338623047,2.0649280548095703,1.837801218032837
activity/outer0/final/original_gnn/s11027,original_gnn,11027,message_weights.0,153345,4096,4096,0.0,0.0375094972550869,0.0,0.0,0.0375094972550869,0.0,0.0,0.03612241894006729,0.03297105059027672,3.659859430626966e-05,0.0,0.0,0.6481892466545105,0.0,0.0,0.611392617225647,0.6293189525604248,0.2538410425186157
activity/outer0/final/original_gnn/s11027,original_gnn,11027,message_weights.1,153345,4096,4096,0.0,0.039987947791814804,0.0,0.0,0.039987947791814804,0.0,0.0,0.03365706652402878,0.03176591545343399,4.930239811073989e-05,0.0,0.0,0.8940123915672302,0.0,0.0,0.8627546429634094,0.8216814994812012,0.5313294529914856
activity/outer0/final/original_gnn/s1103,original_gnn,1103,message_weights.0,153345,4096,4096,0.0,0.019040916115045547,0.0,0.0,0.017439069226384163,0.0,0.0,0.019040916115045547,0.018560364842414856,4.506400000536814e-05,0.0,0.0,1.4318591356277466,0.0,0.0,1.4839091300964355,1.4276255369186401,0.6389138698577881
activity/outer0/final/original_gnn/s1103,original_gnn,1103,message_weights.1,153345,4096,4096,0.0,0.014808070845901966,0.0,0.0,0.014808070845901966,0.0,0.0,0.013432537205517292,0.013847367838025093,3.849036147585139e-05,0.0,0.0,1.680783987045288,0.0,0.0,1.7869744300842285,2.0011582374572754,1.6839373111724854
activity/outer0/final/original_gnn/s2207,original_gnn,2207,message_weights.0,153345,4096,4096,0.0,0.09248951077461243,0.0,0.0,0.09248951077461243,0.0,0.0,0.08950330317020416,0.08929485827684402,6.588846736121923e-05,0.0,0.0,1.8680658340454102,0.0,0.0,1.8601360321044922,1.828728199005127,1.1042917966842651
activity/outer0/final/original_gnn/s2207,original_gnn,2207,message_weights.1,153345,4096,4096,0.0,0.07141488790512085,0.0,0.0,0.06533224880695343,0.0,0.0,0.06969461590051651,0.07141488790512085,6.11930518061854e-05,0.0,0.0,2.0785017013549805,0.0,0.0,2.162663221359253,2.1789016723632812,2.385676383972168
activity/outer0/final/original_gnn/s3301,original_gnn,3301,message_weights.0,153345,4096,4096,0.0,0.08505817502737045,0.0,0.0,0.08172328770160675,0.0,0.0,0.08476561307907104,0.08505817502737045,5.850435991305858e-05,0.0,0.0,1.626656174659729,0.0,0.0,1.6312990188598633,1.621373176574707,0.7896168231964111
activity/outer0/final/original_gnn/s3301,original_gnn,3301,message_weights.1,153345,4096,4096,0.0,0.0769258514046669,0.0,0.0,0.0769258514046669,0.0,0.0,0.07320604473352432,0.06800541281700134,4.828450255445205e-05,0.0,0.0,1.7810485363006592,0.0,0.0,1.709629774093628,1.622458577156067,1.1643810272216797
activity/outer0/final/original_gnn/s4409,original_gnn,4409,message_weights.0,153345,4096,4096,0.0,0.05622556805610657,0.0,0.0,0.05622556805610657,0.0,0.0,0.05237935483455658,0.051536329090595245,5.731813871534541e-05,0.0,0.0,1.743240475654602,0.0,0.0,1.57493257522583,1.725154995918274,0.8850597739219666
activity/outer0/final/original_gnn/s4409,original_gnn,4409,message_weights.1,153345,4096,4096,0.0,0.03776441514492035,0.0,0.0,0.03776441514492035,0.0,0.0,0.03550642728805542,0.03399205952882767,4.1279898141510785e-05,0.0,0.0,1.6000914573669434,0.0,0.0,1.594573974609375,1.5361919403076172,2.004703998565674
activity/outer0/final/original_gnn/s5519,original_gnn,5519,message_weights.0,153345,4096,4096,0.0,0.0507139153778553,0.0,0.0,0.0507139153778553,0.0,0.0,0.04883010685443878,0.04565516114234924,4.558335422188975e-05,0.0,0.0,1.6140501499176025,0.0,0.0,1.5785964727401733,1.5568759441375732,0.6528533101081848
activity/outer0/final/original_gnn/s5519,original_gnn,5519,message_weights.1,153345,4096,4096,0.0,0.051563359797000885,0.0,0.0,0.051563359797000885,0.0,0.0,0.04905636981129646,0.04334722086787224,4.27331542596221e-05,0.0,0.0,1.950653076171875,0.0,0.0,1.970589518547058,1.9815404415130615,1.3803095817565918
activity/outer0/final/original_gnn/s6637,original_gnn,6637,message_weights.0,153345,4096,4096,0.0,0.03665217012166977,0.0,0.0,0.03665217012166977,0.0,0.0,0.032633524388074875,0.029051275923848152,4.268253542250022e-05,0.0,0.0,1.779187560081482,0.0,0.0,1.802402377128601,1.7456923723220825,1.0639859437942505
activity/outer0/final/original_gnn/s6637,original_gnn,6637,message_weights.1,153345,4096,4096,0.0,0.03451060876250267,0.0,0.0,0.03451060876250267,0.0,0.0,0.028542911633849144,0.027028469368815422,5.505107037606649e-05,0.0,0.0,1.8260581493377686,0.0,0.0,1.7797627449035645,1.8010674715042114,2.0720810890197754
activity/outer0/final/original_gnn/s7753,original_gnn,7753,message_weights.0,153345,4096,4096,0.0,0.0378645583987236,0.0,0.0,0.03743189945816994,0.0,0.0,0.03195013850927353,0.0378645583987236,5.123220762470737e-05,0.0,0.0,1.3841993808746338,0.0,0.0,1.4193000793457031,1.429306983947754,0.6618150472640991
activity/outer0/final/original_gnn/s7753,original_gnn,7753,message_weights.1,153345,4096,4096,0.0,0.027892407029867172,0.0,0.0,0.027892407029867172,0.0,0.0,0.024786436930298805,0.026340829208493233,4.119412551517598e-05,0.0,0.0,1.481452226638794,0.0,0.0,1.4539446830749512,1.3942033052444458,1.0683635473251343
activity/outer0/final/original_gnn/s8867,original_gnn,8867,message_weights.0,153345,4096,4096,0.0,0.01884886808693409,0.0,0.0,0.01884886808693409,0.0,0.0,0.016721205785870552,0.018317246809601784,5.638479342451319e-05,0.0,0.0,1.964217185974121,0.0,0.0,1.820875883102417,1.7920382022857666,0.8994615077972412
activity/outer0/final/original_gnn/s8867,original_gnn,8867,message_weights.1,153345,4096,4096,0.0,0.017844602465629578,0.0,0.0,0.017271971330046654,0.0,0.0,0.015548769384622574,0.017844602465629578,6.470656808232889e-05,0.0,0.0,1.8545074462890625,0.0,0.0,1.7559893131256104,1.9036672115325928,1.550659418106079
activity/outer0/final/original_gnn/s9973,original_gnn,9973,message_weights.0,153345,4096,4096,0.0,0.0566791370511055,0.0,0.0,0.0549498051404953,0.0,0.0,0.0566791370511055,0.05397752672433853,5.1014234486501664e-05,0.0,0.0,1.622115135192871,0.0,0.0,1.5533032417297363,1.53042733669281,1.141169548034668
activity/outer0/final/original_gnn/s9973,original_gnn,9973,message_weights.1,153345,4096,4096,0.0,0.04017205163836479,0.0,0.0,0.04017205163836479,0.0,0.0,0.03613549470901489,0.03362029418349266,5.251205948297866e-05,0.0,0.0,1.4997230768203735,0.0,0.0,1.5494009256362915,1.5787134170532227,1.757800579071045
activity/outer0/final/original_no_message/s11027,original_no_message,11027,message_weights.0,153345,4096,4096,0.0,0.07156354188919067,0.0,0.0,0.06371264904737473,0.0,0.0,0.07156354188919067,0.06579649448394775,3.886051126755774e-05,6.270076846703887e-05,6.316794315353036e-05,1.1655678749084473,6.244653195608407e-05,6.543168274220079e-05,1.160051941871643,1.157646894454956,0.5522785186767578
activity/outer0/final/original_no_message/s11027,original_no_message,11027,message_weights.1,153345,4096,4096,0.0,0.05713805556297302,0.0,0.0,0.05713805556297302,0.0,0.0,0.055311478674411774,0.04886050894856453,3.912985630449839e-05,6.40902144368738e-05,6.028553980286233e-05,1.8608973026275635,6.256203050725162e-05,6.123790808487684e-05,1.8082680702209473,1.727818250656128,1.1361010074615479
activity/outer0/final/original_no_message/s1103,original_no_message,1103,message_weights.0,153345,4096,4096,0.0,0.021443555131554604,0.0,0.0,0.021443555131554604,0.0,0.0,0.01795443892478943,0.016589796170592308,3.387531978660263e-05,0.00016885509830899537,0.0001627072342671454,1.7671749591827393,0.00017242343164980412,0.00016741230501793325,1.8775831460952759,1.800148606300354,0.9550583958625793
activity/outer0/final/original_no_message/s1103,original_no_message,1103,message_weights.1,153345,4096,4096,0.0,0.01890169270336628,0.0,0.0,0.01890169270336628,0.0,0.0,0.01685025729238987,0.0163978710770607,3.422749068704434e-05,0.00016600434901192784,0.0001622635463718325,2.50242018699646,0.00016666401643306017,0.0001637179229874164,2.6570751667022705,2.659806489944458,2.6375370025634766
activity/outer0/final/original_no_message/s2207,original_no_message,2207,message_weights.0,153345,4096,4096,0.0,0.019628280773758888,0.0,0.0,0.0196114219725132,0.0,0.0,0.01892247423529625,0.019628280773758888,7.575617200927809e-05,0.00018564147467259318,0.00018876792455557734,2.692575454711914,0.00018647516844794154,0.00018864349112845957,2.850192070007324,2.7739791870117188,1.6507185697555542
activity/outer0/final/original_no_message/s2207,original_no_message,2207,message_weights.1,153345,4096,4096,0.0,0.016367947682738304,0.0,0.0,0.016367947682738304,0.0,0.0,0.014975828118622303,0.014996151439845562,4.847686068387702e-05,0.00018577688024379313,0.00018473777163308114,2.9240663051605225,0.00018518217257224023,0.0001895058958325535,2.9214847087860107,2.838944435119629,3.756159782409668
activity/outer0/final/original_no_message/s3301,original_no_message,3301,message_weights.0,153345,4096,4096,0.0,0.024080466479063034,0.0,0.0,0.024080466479063034,0.0,0.0,0.02317632921040058,0.02246088534593582,5.109842459205538e-05,0.0001674377708695829,0.00016986415721476078,2.6994147300720215,0.00016936258180066943,0.00016203800623770803,2.7887024879455566,2.874901294708252,1.4990705251693726
activity/outer0/final/original_no_message/s3301,original_no_message,3301,message_weights.1,153345,4096,4096,0.0,0.024438679218292236,0.0,0.0,0.024438679218292236,0.0,0.0,0.022515174001455307,0.02063036523759365,4.282101144781336e-05,0.00017078866949304938,0.00016716273967176676,3.0851058959960938,0.00016680927365086973,0.00017215200932696462,3.070173740386963,3.093984842300415,2.626798629760742
activity/outer0/final/original_no_message/s4409,original_no_message,4409,message_weights.0,153345,4096,4096,0.0,0.08475469052791595,0.0,0.0,0.08475469052791595,0.0,0.0,0.08144191652536392,0.0784071534872055,4.600839747581631e-05,0.00020577528630383313,0.00020620616851374507,2.6441259384155273,0.00020323379430919886,0.0002192788087995723,2.592682361602783,2.4477992057800293,1.823707938194275
activity/outer0/final/original_no_message/s4409,original_no_message,4409,message_weights.1,153345,4096,4096,0.0,0.05708422139286995,0.0,0.0,0.05708422139286995,0.0,0.0,0.05535396561026573,0.05252845585346222,3.6725792597280815e-05,0.00020688865333795547,0.00021153668058104813,2.7539517879486084,0.00019984632672276348,0.00020899137598462403,2.6103532314300537,2.5061023235321045,4.00248908996582
activity/outer0/final/original_no_message/s5519,original_no_message,5519,message_weights.0,153345,4096,4096,0.0,0.04623579606413841,0.0,0.0,0.04623579606413841,0.0,0.0,0.03940519690513611,0.03701773285865784,2.413662150502205e-05,0.00012905013863928616,0.00012481190788093954,2.5149574279785156,0.00012671298463828862,0.00012743509432766587,2.5169596672058105,2.4604082107543945,0.726699709892273
activity/outer0/final/original_no_message/s5519,original_no_message,5519,message_weights.1,153345,4096,4096,0.0,0.04016060009598732,0.0,0.0,0.04016060009598732,0.0,0.0,0.03561567887663841,0.03274116292595863,2.4348668375751004e-05,0.00012386473827064037,0.0001230429916176945,3.067314863204956,0.00012957116996403784,0.00012591997801791877,3.010042428970337,2.9954047203063965,1.8250913619995117
activity/outer0/final/original_no_message/s6637,original_no_message,6637,message_weights.0,153345,4096,4096,0.0,0.07215553522109985,0.0,0.0,0.07215553522109985,0.0,0.0,0.056100282818078995,0.05704563111066818,5.308720938046463e-05,0.00014708106755279005,0.00015268425340764225,2.140808582305908,0.00015045439067762345,0.00014939409447833896,2.132002353668213,2.1996495723724365,1.4099345207214355
activity/outer0/final/original_no_message/s6637,original_no_message,6637,message_weights.1,153345,4096,4096,0.0,0.05923295393586159,0.0,0.0,0.05923295393586159,0.0,0.0,0.05763057619333267,0.05637955665588379,5.1482344133546576e-05,0.00014281010953709483,0.0001474781456636265,2.5041351318359375,0.00014664103218819946,0.00014486171130556613,2.3303349018096924,2.2534732818603516,2.703961133956909
activity/outer0/final/original_no_message/s7753,original_no_message,7753,message_weights.0,153345,4096,4096,0.0,0.02377237007021904,0.0,0.0,0.02377237007021904,0.0,0.0,0.017467832192778587,0.017046190798282623,5.837303979205899e-05,0.00012641411740332842,0.00012826602323912084,2.3078389167785645,0.0001230237539857626,0.00012564589269459248,2.1886844635009766,2.106515884399414,1.1521782875061035
activity/outer0/final/original_no_message/s7753,original_no_message,7753,message_weights.1,153345,4096,4096,0.0,0.01891353540122509,0.0,0.0,0.01891353540122509,0.0,0.0,0.01447761245071888,0.013249273411929607,3.84993472835049e-05,0.00012433109804987907,0.0001279084535781294,2.6157734394073486,0.00012486310151871294,0.00012347815209068358,2.354482889175415,2.3521852493286133,2.086374044418335
activity/outer0/final/original_no_message/s8867,original_no_message,8867,message_weights.0,153345,4096,4096,0.0,0.06245788186788559,0.0,0.0,0.06245788186788559,0.0,0.0,0.05506042391061783,0.05147909000515938,4.2672148993005976e-05,0.00014677153376396745,0.00014734124124515802,2.5385539531707764,0.00014599379210267216,0.00014725656365044415,2.408205986022949,2.2539186477661133,1.0642050504684448
activity/outer0/final/original_no_message/s8867,original_no_message,8867,message_weights.1,153345,4096,4096,0.0,0.052671629935503006,0.0,0.0,0.05132007598876953,0.0,0.0,0.052671629935503006,0.051923591643571854,4.6491524699376896e-05,0.00014299899339675903,0.0001473406155128032,2.7681593894958496,0.0001483377127442509,0.00014064776769373566,2.711068630218506,2.710843563079834,1.9105550050735474
activity/outer0/final/original_no_message/s9973,original_no_message,9973,message_weights.0,153345,4096,4096,0.0,0.0571783222258091,0.0,0.0,0.05455464497208595,0.0,0.0,0.0571783222258091,0.055376432836055756,4.987709689885378e-05,7.888567051850259e-05,8.248511585406959e-05,1.786844253540039,8.560468268115073e-05,8.568678458686918e-05,1.560571551322937,1.542118787765503,1.1399595737457275
activity/outer0/final/original_no_message/s9973,original_no_message,9973,message_weights.1,153345,4096,4096,0.0,0.04669206216931343,0.0,0.0,0.04669206216931343,0.0,0.0,0.04042311757802963,0.0390961617231369,4.699897181126289e-05,8.318435720866546e-05,8.599391003372148e-05,2.147225856781006,8.415873162448406e-05,8.612041710875928e-05,2.0390453338623047,2.0649280548095703,1.837801218032837
activity/outer1/final/corrected_gnn/s11027,corrected_gnn,11027,message_weights.0,153345,5120,5120,0.0,0.0336654931306839,0.0,0.0,0.03276914358139038,0.0,0.0,0.0336654931306839,0.03360710293054581,0.0,0.0,0.0,1.217359185218811,0.0,0.0,1.1331253051757812,1.135495662689209,0.0
activity/outer1/final/corrected_gnn/s11027,corrected_gnn,11027,message_weights.1,153345,5120,5120,0.0,0.030046764761209488,0.0,0.0,0.02859589457511902,0.0,0.0,0.030046764761209488,0.029891449958086014,0.0,0.0,0.0,1.4388232231140137,0.0,0.0,1.3251596689224243,1.3349523544311523,0.0
activity/outer1/final/corrected_gnn/s1103,corrected_gnn,1103,message_weights.0,153345,5120,5120,0.0,0.05220155417919159,0.0,0.0,0.05220155417919159,0.0,0.0,0.04160800203680992,0.04344070330262184,0.0,0.0,0.0,1.482403039932251,0.0,0.0,1.3349324464797974,1.405991792678833,0.0
activity/outer1/final/corrected_gnn/s1103,corrected_gnn,1103,message_weights.1,153345,5120,5120,0.0,0.03985760733485222,0.0,0.0,0.03985760733485222,0.0,0.0,0.033401552587747574,0.03343873471021652,0.0,0.0,0.0,1.6651774644851685,0.0,0.0,1.7137384414672852,1.8878264427185059,0.0
activity/outer1/final/corrected_gnn/s2207,corrected_gnn,2207,message_weights.0,153345,5120,5120,0.0,0.15432703495025635,0.0,0.0,0.15432703495025635,0.0,0.0,0.1301826536655426,0.13232679665088654,0.0,0.0,0.0,1.3892924785614014,0.0,0.0,1.4532543420791626,1.416396141052246,0.0
activity/outer1/final/corrected_gnn/s2207,corrected_gnn,2207,message_weights.1,153345,5120,5120,0.0,0.10655141621828079,0.0,0.0,0.10655141621828079,0.0,0.0,0.09625411778688431,0.09817411750555038,0.0,0.0,0.0,1.6232562065124512,0.0,0.0,1.616021752357483,1.5358065366744995,0.0
activity/outer1/final/corrected_gnn/s3301,corrected_gnn,3301,message_weights.0,153345,5120,5120,0.0,0.041100598871707916,0.0,0.0,0.03819391503930092,0.0,0.0,0.041100598871707916,0.03970926254987717,0.0,0.0,0.0,2.0921778678894043,0.0,0.0,2.19934344291687,2.13153338432312,0.0
activity/outer1/final/corrected_gnn/s3301,corrected_gnn,3301,message_weights.1,153345,5120,5120,0.0,0.03598950430750847,0.0,0.0,0.03598950430750847,0.0,0.0,0.03585323691368103,0.035483572632074356,0.0,0.0,0.0,2.096632957458496,0.0,0.0,1.9253721237182617,2.0476369857788086,0.0
activity/outer1/final/corrected_gnn/s4409,corrected_gnn,4409,message_weights.0,153345,5120,5120,0.0,0.05969168618321419,0.0,0.0,0.05969168618321419,0.0,0.0,0.05616437643766403,0.051096223294734955,0.0,0.0,0.0,1.345029354095459,0.0,0.0,1.263235330581665,1.3885221481323242,0.0
activity/outer1/final/corrected_gnn/s4409,corrected_gnn,4409,message_weights.1,153345,5120,5120,0.0,0.04245377704501152,0.0,0.0,0.04245377704501152,0.0,0.0,0.03973444923758507,0.03632539510726929,0.0,0.0,0.0,1.4479470252990723,0.0,0.0,1.3899425268173218,1.2907681465148926,0.0
activity/outer1/final/corrected_gnn/s5519,corrected_gnn,5519,message_weights.0,153345,5120,5120,0.0,0.04145445302128792,0.0,0.0,0.04145445302128792,0.0,0.0,0.03749840334057808,0.033023715019226074,0.0,0.0,0.0,1.2034066915512085,0.0,0.0,1.2191216945648193,1.1626737117767334,0.0
activity/outer1/final/corrected_gnn/s5519,corrected_gnn,5519,message_weights.1,153345,5120,5120,0.0,0.044941261410713196,0.0,0.0,0.044941261410713196,0.0,0.0,0.038422346115112305,0.03200533613562584,0.0,0.0,0.0,1.4633698463439941,0.0,0.0,1.4328453540802002,1.4003410339355469,0.0
activity/outer1/final/corrected_gnn/s6637,corrected_gnn,6637,message_weights.0,153345,5120,5120,0.0,0.03030329756438732,0.0,0.0,0.03030329756438732,0.0,0.0,0.022578753530979156,0.022265732288360596,0.0,0.0,0.0,1.468137502670288,0.0,0.0,1.5145182609558105,1.5209802389144897,0.0
activity/outer1/final/corrected_gnn/s6637,corrected_gnn,6637,message_weights.1,153345,5120,5120,0.0,0.027232123538851738,0.0,0.0,0.027232123538851738,0.0,0.0,0.02117222361266613,0.021308766677975655,0.0,0.0,0.0,1.4876819849014282,0.0,0.0,1.5628588199615479,1.5080242156982422,0.0
activity/outer1/final/corrected_gnn/s7753,corrected_gnn,7753,message_weights.0,153345,5120,5120,0.0,0.04806041717529297,0.0,0.0,0.04806041717529297,0.0,0.0,0.040724072605371475,0.04317924752831459,0.0,0.0,0.0,1.264087200164795,0.0,0.0,1.233333706855774,1.2418097257614136,0.0
activity/outer1/final/corrected_gnn/s7753,corrected_gnn,7753,message_weights.1,153345,5120,5120,0.0,0.039962656795978546,0.0,0.0,0.039962656795978546,0.0,0.0,0.03222871944308281,0.0343395434319973,0.0,0.0,0.0,1.1827155351638794,0.0,0.0,1.1320586204528809,1.2176814079284668,0.0
activity/outer1/final/corrected_gnn/s8867,corrected_gnn,8867,message_weights.0,153345,5120,5120,0.0,0.04428308829665184,0.0,0.0,0.04428308829665184,0.0,0.0,0.03523939475417137,0.035654615610837936,0.0,0.0,0.0,1.7797486782073975,0.0,0.0,1.6899447441101074,1.7087373733520508,0.0
activity/outer1/final/corrected_gnn/s8867,corrected_gnn,8867,message_weights.1,153345,5120,5120,0.0,0.03240636736154556,0.0,0.0,0.03240636736154556,0.0,0.0,0.02965468354523182,0.028095955029129982,0.0,0.0,0.0,1.8578534126281738,0.0,0.0,1.821540117263794,1.729496717453003,0.0
activity/outer1/final/corrected_gnn/s9973,corrected_gnn,9973,message_weights.0,153345,5120,5120,0.0,0.0271086934953928,0.0,0.0,0.0271086934953928,0.0,0.0,0.02385331317782402,0.025829175487160683,0.0,0.0,0.0,2.108025550842285,0.0,0.0,2.1184160709381104,2.014789581298828,0.0
activity/outer1/final/corrected_gnn/s9973,corrected_gnn,9973,message_weights.1,153345,5120,5120,0.0,0.0187519583851099,0.0,0.0,0.0187519583851099,0.0,0.0,0.0169968418776989,0.018058747053146362,0.0,0.0,0.0,1.891205072402954,0.0,0.0,1.8253049850463867,1.850477695465088,0.0
activity/outer1/final/corrected_no_message/s11027,corrected_no_message,11027,message_weights.0,153345,5120,5120,0.0,0.019227884709835052,0.0,0.0,0.019227884709835052,0.0,0.0,0.014856650494039059,0.013746342621743679,0.0,0.0,0.0,0.9326489567756653,0.0,0.0,0.9319498538970947,0.9110767841339111,0.0
activity/outer1/final/corrected_no_message/s11027,corrected_no_message,11027,message_weights.1,153345,5120,5120,0.0,0.019347721710801125,0.0,0.0,0.019347721710801125,0.0,0.0,0.01546514593064785,0.01472457405179739,0.0,0.0,0.0,1.3483362197875977,0.0,0.0,1.2989733219146729,1.2163294553756714,0.0
activity/outer1/final/corrected_no_message/s1103,corrected_no_message,1103,message_weights.0,153345,5120,5120,0.0,0.09987077116966248,0.0,0.0,0.09987077116966248,0.0,0.0,0.07964418083429337,0.08033362776041031,0.0,0.0,0.0,1.2644400596618652,0.0,0.0,1.2959871292114258,1.2642149925231934,0.0
activity/outer1/final/corrected_no_message/s1103,corrected_no_message,1103,message_weights.1,153345,5120,5120,0.0,0.07571906596422195,0.0,0.0,0.07571906596422195,0.0,0.0,0.06370039284229279,0.06222415715456009,0.0,0.0,0.0,1.8240705728530884,0.0,0.0,1.8758039474487305,1.9002870321273804,0.0
activity/outer1/final/corrected_no_message/s2207,corrected_no_message,2207,message_weights.0,153345,5120,5120,0.0,0.1025644987821579,0.0,0.0,0.1025644987821579,0.0,0.0,0.10161961615085602,0.09837429225444794,0.0,0.0,0.0,2.6896982192993164,0.0,0.0,2.8269104957580566,2.7705960273742676,0.0
activity/outer1/final/corrected_no_message/s2207,corrected_no_message,2207,message_weights.1,153345,5120,5120,0.0,0.07727742940187454,0.0,0.0,0.06676419079303741,0.0,0.0,0.0755942314863205,0.07727742940187454,0.0,0.0,0.0,3.0204367637634277,0.0,0.0,3.1293914318084717,2.673262596130371,0.0
activity/outer1/final/corrected_no_message/s3301,corrected_no_message,3301,message_weights.0,153345,5120,5120,0.0,0.06962400674819946,0.0,0.0,0.06962400674819946,0.0,0.0,0.06214233860373497,0.05697906017303467,0.0,0.0,0.0,1.6461994647979736,0.0,0.0,1.6047755479812622,1.5497602224349976,0.0
activity/outer1/final/corrected_no_message/s3301,corrected_no_message,3301,message_weights.1,153345,5120,5120,0.0,0.06481587141752243,0.0,0.0,0.06481587141752243,0.0,0.0,0.055099617689847946,0.05122031271457672,0.0,0.0,0.0,1.5463314056396484,0.0,0.0,1.487027883529663,1.4979960918426514,0.0
activity/outer1/final/corrected_no_message/s4409,corrected_no_message,4409,message_weights.0,153345,5120,5120,0.0,0.07747270166873932,0.0,0.0,0.07703392207622528,0.0,0.0,0.07747270166873932,0.07416823506355286,0.0,0.0,0.0,1.439728021621704,0.0,0.0,1.330462098121643,1.2845714092254639,0.0
activity/outer1/final/corrected_no_message/s4409,corrected_no_message,4409,message_weights.1,153345,5120,5120,0.0,0.05209669843316078,0.0,0.0,0.05209669843316078,0.0,0.0,0.05056103691458702,0.04882385581731796,0.0,0.0,0.0,1.4043482542037964,0.0,0.0,1.3188362121582031,1.2360074520111084,0.0
activity/outer1/final/corrected_no_message/s5519,corrected_no_message,5519,message_weights.0,153345,5120,5120,0.0,0.05112607404589653,0.0,0.0,0.05112607404589653,0.0,0.0,0.045701079070568085,0.04264163225889206,0.0,0.0,0.0,1.2406408786773682,0.0,0.0,1.142169713973999,1.1189258098602295,0.0
activity/outer1/final/corrected_no_message/s5519,corrected_no_message,5519,message_weights.1,153345,5120,5120,0.0,0.05042802542448044,0.0,0.0,0.05042802542448044,0.0,0.0,0.046537093818187714,0.04183938354253769,0.0,0.0,0.0,1.5057910680770874,0.0,0.0,1.3927130699157715,1.3698073625564575,0.0
activity/outer1/final/corrected_no_message/s6637,corrected_no_message,6637,message_weights.0,153345,5120,5120,0.0,0.05615149438381195,0.0,0.0,0.05615149438381195,0.0,0.0,0.044360630214214325,0.04324151203036308,0.0,0.0,0.0,1.753123164176941,0.0,0.0,1.6923327445983887,1.7672151327133179,0.0
activity/outer1/final/corrected_no_message/s6637,corrected_no_message,6637,message_weights.1,153345,5120,5120,0.0,0.04332514479756355,0.0,0.0,0.04332514479756355,0.0,0.0,0.04073983058333397,0.03954479843378067,0.0,0.0,0.0,1.8913424015045166,0.0,0.0,1.8738528490066528,1.8141758441925049,0.0
activity/outer1/final/corrected_no_message/s7753,corrected_no_message,7753,message_weights.0,153345,5120,5120,0.0,0.038119126111269,0.0,0.0,0.038119126111269,0.0,0.0,0.034193482249975204,0.03499920666217804,0.0,0.0,0.0,2.0056562423706055,0.0,0.0,2.006592273712158,2.0615341663360596,0.0
activity/outer1/final/corrected_no_message/s7753,corrected_no_message,7753,message_weights.1,153345,5120,5120,0.0,0.028657063841819763,0.0,0.0,0.028657063841819763,0.0,0.0,0.027100222185254097,0.02779265306890011,0.0,0.0,0.0,2.004340648651123,0.0,0.0,1.8031010627746582,1.8089083433151245,0.0
activity/outer1/final/corrected_no_message/s8867,corrected_no_message,8867,message_weights.0,153345,5120,5120,0.0,0.04505389183759689,0.0,0.0,0.04505389183759689,0.0,0.0,0.0323449932038784,0.03162916749715805,0.0,0.0,0.0,1.715850830078125,0.0,0.0,1.6975467205047607,1.6233031749725342,0.0
activity/outer1/final/corrected_no_message/s8867,corrected_no_message,8867,message_weights.1,153345,5120,5120,0.0,0.029450127854943275,0.0,0.0,0.029450127854943275,0.0,0.0,0.02638157270848751,0.027182798832654953,0.0,0.0,0.0,1.795129418373108,0.0,0.0,1.78279447555542,1.70890474319458,0.0
activity/outer1/final/corrected_no_message/s9973,corrected_no_message,9973,message_weights.0,153345,5120,5120,0.0,0.02249610796570778,0.0,0.0,0.02249610796570778,0.0,0.0,0.01873372681438923,0.018357781693339348,0.0,0.0,0.0,1.9742777347564697,0.0,0.0,1.872080683708191,1.8391642570495605,0.0
activity/outer1/final/corrected_no_message/s9973,corrected_no_message,9973,message_weights.1,153345,5120,5120,0.0,0.018736213445663452,0.0,0.0,0.018736213445663452,0.0,0.0,0.016239747405052185,0.015806760638952255,0.0,0.0,0.0,1.809126853942871,0.0,0.0,1.7109971046447754,1.6922869682312012,0.0
activity/outer1/final/original_gnn/s11027,original_gnn,11027,message_weights.0,153345,5120,5120,0.0,0.0336654931306839,0.0,0.0,0.03276914358139038,0.0,0.0,0.0336654931306839,0.03360710293054581,0.0,0.0,0.0,1.217359185218811,0.0,0.0,1.1331253051757812,1.135495662689209,0.0
activity/outer1/final/original_gnn/s11027,original_gnn,11027,message_weights.1,153345,5120,5120,0.0,0.030046764761209488,0.0,0.0,0.02859589457511902,0.0,0.0,0.030046764761209488,0.029891449958086014,0.0,0.0,0.0,1.4388232231140137,0.0,0.0,1.3251596689224243,1.3349523544311523,0.0
activity/outer1/final/original_gnn/s1103,original_gnn,1103,message_weights.0,153345,5120,5120,0.0,0.05220155417919159,0.0,0.0,0.05220155417919159,0.0,0.0,0.04160800203680992,0.04344070330262184,0.0,0.0,0.0,1.482403039932251,0.0,0.0,1.3349324464797974,1.405991792678833,0.0
activity/outer1/final/original_gnn/s1103,original_gnn,1103,message_weights.1,153345,5120,5120,0.0,0.03985760733485222,0.0,0.0,0.03985760733485222,0.0,0.0,0.033401552587747574,0.03343873471021652,0.0,0.0,0.0,1.6651774644851685,0.0,0.0,1.7137384414672852,1.8878264427185059,0.0
activity/outer1/final/original_gnn/s2207,original_gnn,2207,message_weights.0,153345,5120,5120,0.0,0.15432703495025635,0.0,0.0,0.15432703495025635,0.0,0.0,0.1301826536655426,0.13232679665088654,0.0,0.0,0.0,1.3892924785614014,0.0,0.0,1.4532543420791626,1.416396141052246,0.0
activity/outer1/final/original_gnn/s2207,original_gnn,2207,message_weights.1,153345,5120,5120,0.0,0.10655141621828079,0.0,0.0,0.10655141621828079,0.0,0.0,0.09625411778688431,0.09817411750555038,0.0,0.0,0.0,1.6232562065124512,0.0,0.0,1.616021752357483,1.5358065366744995,0.0
activity/outer1/final/original_gnn/s3301,original_gnn,3301,message_weights.0,153345,5120,5120,0.0,0.041100598871707916,0.0,0.0,0.03819391503930092,0.0,0.0,0.041100598871707916,0.03970926254987717,0.0,0.0,0.0,2.0921778678894043,0.0,0.0,2.19934344291687,2.13153338432312,0.0
activity/outer1/final/original_gnn/s3301,original_gnn,3301,message_weights.1,153345,5120,5120,0.0,0.03598950430750847,0.0,0.0,0.03598950430750847,0.0,0.0,0.03585323691368103,0.035483572632074356,0.0,0.0,0.0,2.096632957458496,0.0,0.0,1.9253721237182617,2.0476369857788086,0.0
activity/outer1/final/original_gnn/s4409,original_gnn,4409,message_weights.0,153345,5120,5120,0.0,0.05969168618321419,0.0,0.0,0.05969168618321419,0.0,0.0,0.05616437643766403,0.051096223294734955,0.0,0.0,0.0,1.345029354095459,0.0,0.0,1.263235330581665,1.3885221481323242,0.0
activity/outer1/final/original_gnn/s4409,original_gnn,4409,message_weights.1,153345,5120,5120,0.0,0.04245377704501152,0.0,0.0,0.04245377704501152,0.0,0.0,0.03973444923758507,0.03632539510726929,0.0,0.0,0.0,1.4479470252990723,0.0,0.0,1.3899425268173218,1.2907681465148926,0.0
activity/outer1/final/original_gnn/s5519,original_gnn,5519,message_weights.0,153345,5120,5120,0.0,0.04145445302128792,0.0,0.0,0.04145445302128792,0.0,0.0,0.03749840334057808,0.033023715019226074,0.0,0.0,0.0,1.2034066915512085,0.0,0.0,1.2191216945648193,1.1626737117767334,0.0
activity/outer1/final/original_gnn/s5519,original_gnn,5519,message_weights.1,153345,5120,5120,0.0,0.044941261410713196,0.0,0.0,0.044941261410713196,0.0,0.0,0.038422346115112305,0.03200533613562584,0.0,0.0,0.0,1.4633698463439941,0.0,0.0,1.4328453540802002,1.4003410339355469,0.0
activity/outer1/final/original_gnn/s6637,original_gnn,6637,message_weights.0,153345,5120,5120,0.0,0.03030329756438732,0.0,0.0,0.03030329756438732,0.0,0.0,0.022578753530979156,0.022265732288360596,0.0,0.0,0.0,1.468137502670288,0.0,0.0,1.5145182609558105,1.5209802389144897,0.0
activity/outer1/final/original_gnn/s6637,original_gnn,6637,message_weights.1,153345,5120,5120,0.0,0.027232123538851738,0.0,0.0,0.027232123538851738,0.0,0.0,0.02117222361266613,0.021308766677975655,0.0,0.0,0.0,1.4876819849014282,0.0,0.0,1.5628588199615479,1.5080242156982422,0.0
activity/outer1/final/original_gnn/s7753,original_gnn,7753,message_weights.0,153345,5120,5120,0.0,0.04806041717529297,0.0,0.0,0.04806041717529297,0.0,0.0,0.040724072605371475,0.04317924752831459,0.0,0.0,0.0,1.264087200164795,0.0,0.0,1.233333706855774,1.2418097257614136,0.0
activity/outer1/final/original_gnn/s7753,original_gnn,7753,message_weights.1,153345,5120,5120,0.0,0.039962656795978546,0.0,0.0,0.039962656795978546,0.0,0.0,0.03222871944308281,0.0343395434319973,0.0,0.0,0.0,1.1827155351638794,0.0,0.0,1.1320586204528809,1.2176814079284668,0.0
activity/outer1/final/original_gnn/s8867,original_gnn,8867,message_weights.0,153345,5120,5120,0.0,0.04428308829665184,0.0,0.0,0.04428308829665184,0.0,0.0,0.03523939475417137,0.035654615610837936,0.0,0.0,0.0,1.7797486782073975,0.0,0.0,1.6899447441101074,1.7087373733520508,0.0
activity/outer1/final/original_gnn/s8867,original_gnn,8867,message_weights.1,153345,5120,5120,0.0,0.03240636736154556,0.0,0.0,0.03240636736154556,0.0,0.0,0.02965468354523182,0.028095955029129982,0.0,0.0,0.0,1.8578534126281738,0.0,0.0,1.821540117263794,1.729496717453003,0.0
activity/outer1/final/original_gnn/s9973,original_gnn,9973,message_weights.0,153345,5120,5120,0.0,0.0271086934953928,0.0,0.0,0.0271086934953928,0.0,0.0,0.02385331317782402,0.025829175487160683,0.0,0.0,0.0,2.108025550842285,0.0,0.0,2.1184160709381104,2.014789581298828,0.0
activity/outer1/final/original_gnn/s9973,original_gnn,9973,message_weights.1,153345,5120,5120,0.0,0.0187519583851099,0.0,0.0,0.0187519583851099,0.0,0.0,0.0169968418776989,0.018058747053146362,0.0,0.0,0.0,1.891205072402954,0.0,0.0,1.8253049850463867,1.850477695465088,0.0
activity/outer1/final/original_no_message/s11027,original_no_message,11027,message_weights.0,153345,5120,5120,0.0,0.019227884709835052,0.0,0.0,0.019227884709835052,0.0,0.0,0.014856650494039059,0.013746342621743679,0.0,0.0,0.0,0.9326489567756653,0.0,0.0,0.9319498538970947,0.9110767841339111,0.0
activity/outer1/final/original_no_message/s11027,original_no_message,11027,message_weights.1,153345,5120,5120,0.0,0.019347721710801125,0.0,0.0,0.019347721710801125,0.0,0.0,0.01546514593064785,0.01472457405179739,0.0,0.0,0.0,1.3483362197875977,0.0,0.0,1.2989733219146729,1.2163294553756714,0.0
activity/outer1/final/original_no_message/s1103,original_no_message,1103,message_weights.0,153345,5120,5120,0.0,0.09987077116966248,0.0,0.0,0.09987077116966248,0.0,0.0,0.07964418083429337,0.08033362776041031,0.0,0.0,0.0,1.2644400596618652,0.0,0.0,1.2959871292114258,1.2642149925231934,0.0
activity/outer1/final/original_no_message/s1103,original_no_message,1103,message_weights.1,153345,5120,5120,0.0,0.07571906596422195,0.0,0.0,0.07571906596422195,0.0,0.0,0.06370039284229279,0.06222415715456009,0.0,0.0,0.0,1.8240705728530884,0.0,0.0,1.8758039474487305,1.9002870321273804,0.0
activity/outer1/final/original_no_message/s2207,original_no_message,2207,message_weights.0,153345,5120,5120,0.0,0.1025644987821579,0.0,0.0,0.1025644987821579,0.0,0.0,0.10161961615085602,0.09837429225444794,0.0,0.0,0.0,2.6896982192993164,0.0,0.0,2.8269104957580566,2.7705960273742676,0.0
activity/outer1/final/original_no_message/s2207,original_no_message,2207,message_weights.1,153345,5120,5120,0.0,0.07727742940187454,0.0,0.0,0.06676419079303741,0.0,0.0,0.0755942314863205,0.07727742940187454,0.0,0.0,0.0,3.0204367637634277,0.0,0.0,3.1293914318084717,2.673262596130371,0.0
activity/outer1/final/original_no_message/s3301,original_no_message,3301,message_weights.0,153345,5120,5120,0.0,0.06962400674819946,0.0,0.0,0.06962400674819946,0.0,0.0,0.06214233860373497,0.05697906017303467,0.0,0.0,0.0,1.6461994647979736,0.0,0.0,1.6047755479812622,1.5497602224349976,0.0
activity/outer1/final/original_no_message/s3301,original_no_message,3301,message_weights.1,153345,5120,5120,0.0,0.06481587141752243,0.0,0.0,0.06481587141752243,0.0,0.0,0.055099617689847946,0.05122031271457672,0.0,0.0,0.0,1.5463314056396484,0.0,0.0,1.487027883529663,1.4979960918426514,0.0
activity/outer1/final/original_no_message/s4409,original_no_message,4409,message_weights.0,153345,5120,5120,0.0,0.07747270166873932,0.0,0.0,0.07703392207622528,0.0,0.0,0.07747270166873932,0.07416823506355286,0.0,0.0,0.0,1.439728021621704,0.0,0.0,1.330462098121643,1.2845714092254639,0.0
activity/outer1/final/original_no_message/s4409,original_no_message,4409,message_weights.1,153345,5120,5120,0.0,0.05209669843316078,0.0,0.0,0.05209669843316078,0.0,0.0,0.05056103691458702,0.04882385581731796,0.0,0.0,0.0,1.4043482542037964,0.0,0.0,1.3188362121582031,1.2360074520111084,0.0
activity/outer1/final/original_no_message/s5519,original_no_message,5519,message_weights.0,153345,5120,5120,0.0,0.05112607404589653,0.0,0.0,0.05112607404589653,0.0,0.0,0.045701079070568085,0.04264163225889206,0.0,0.0,0.0,1.2406408786773682,0.0,0.0,1.142169713973999,1.1189258098602295,0.0
activity/outer1/final/original_no_message/s5519,original_no_message,5519,message_weights.1,153345,5120,5120,0.0,0.05042802542448044,0.0,0.0,0.05042802542448044,0.0,0.0,0.046537093818187714,0.04183938354253769,0.0,0.0,0.0,1.5057910680770874,0.0,0.0,1.3927130699157715,1.3698073625564575,0.0
activity/outer1/final/original_no_message/s6637,original_no_message,6637,message_weights.0,153345,5120,5120,0.0,0.05615149438381195,0.0,0.0,0.05615149438381195,0.0,0.0,0.044360630214214325,0.04324151203036308,0.0,0.0,0.0,1.753123164176941,0.0,0.0,1.6923327445983887,1.7672151327133179,0.0
activity/outer1/final/original_no_message/s6637,original_no_message,6637,message_weights.1,153345,5120,5120,0.0,0.04332514479756355,0.0,0.0,0.04332514479756355,0.0,0.0,0.04073983058333397,0.03954479843378067,0.0,0.0,0.0,1.8913424015045166,0.0,0.0,1.8738528490066528,1.8141758441925049,0.0
activity/outer1/final/original_no_message/s7753,original_no_message,7753,message_weights.0,153345,5120,5120,0.0,0.038119126111269,0.0,0.0,0.038119126111269,0.0,0.0,0.034193482249975204,0.03499920666217804,0.0,0.0,0.0,2.0056562423706055,0.0,0.0,2.006592273712158,2.0615341663360596,0.0
activity/outer1/final/original_no_message/s7753,original_no_message,7753,message_weights.1,153345,5120,5120,0.0,0.028657063841819763,0.0,0.0,0.028657063841819763,0.0,0.0,0.027100222185254097,0.02779265306890011,0.0,0.0,0.0,2.004340648651123,0.0,0.0,1.8031010627746582,1.8089083433151245,0.0
activity/outer1/final/original_no_message/s8867,original_no_message,8867,message_weights.0,153345,5120,5120,0.0,0.04505389183759689,0.0,0.0,0.04505389183759689,0.0,0.0,0.0323449932038784,0.03162916749715805,0.0,0.0,0.0,1.715850830078125,0.0,0.0,1.6975467205047607,1.6233031749725342,0.0
activity/outer1/final/original_no_message/s8867,original_no_message,8867,message_weights.1,153345,5120,5120,0.0,0.029450127854943275,0.0,0.0,0.029450127854943275,0.0,0.0,0.02638157270848751,0.027182798832654953,0.0,0.0,0.0,1.795129418373108,0.0,0.0,1.78279447555542,1.70890474319458,0.0
activity/outer1/final/original_no_message/s9973,original_no_message,9973,message_weights.0,153345,5120,5120,0.0,0.02249610796570778,0.0,0.0,0.02249610796570778,0.0,0.0,0.01873372681438923,0.018357781693339348,0.0,0.0,0.0,1.9742777347564697,0.0,0.0,1.872080683708191,1.8391642570495605,0.0
activity/outer1/final/original_no_message/s9973,original_no_message,9973,message_weights.1,153345,5120,5120,0.0,0.018736213445663452,0.0,0.0,0.018736213445663452,0.0,0.0,0.016239747405052185,0.015806760638952255,0.0,0.0,0.0,1.809126853942871,0.0,0.0,1.7109971046447754,1.6922869682312012,0.0
activity/outer2/final/corrected_gnn/s11027,corrected_gnn,11027,message_weights.0,153345,4096,4096,0.0,0.02745688147842884,0.0,0.0,0.02745688147842884,0.0,0.0,0.02499866485595703,0.024896105751395226,8.39538115542382e-05,0.0,0.0,0.44844117760658264,0.0,0.0,0.4086873233318329,0.4422891438007355,0.055678267031908035
activity/outer2/final/corrected_gnn/s11027,corrected_gnn,11027,message_weights.1,153345,4096,4096,0.0,0.028349803760647774,0.0,0.0,0.028349803760647774,0.0,0.0,0.02684721350669861,0.023647600784897804,0.00011744122457457706,0.0,0.0,0.5784432888031006,0.0,0.0,0.5677796006202698,0.53794264793396,0.12032809853553772
activity/outer2/final/corrected_gnn/s1103,corrected_gnn,1103,message_weights.0,153345,4096,4096,0.0,0.08572381734848022,0.0,0.0,0.08572381734848022,0.0,0.0,0.06982574611902237,0.0728020966053009,5.7052820920944214e-05,0.0,0.0,0.4913390576839447,0.0,0.0,0.5204677581787109,0.5049002170562744,0.12038204818964005
activity/outer2/final/corrected_gnn/s1103,corrected_gnn,1103,message_weights.1,153345,4096,4096,0.0,0.07897787541151047,0.0,0.0,0.07897787541151047,0.0,0.0,0.07277087867259979,0.07366688549518585,5.151325967744924e-05,0.0,0.0,0.6721099019050598,0.0,0.0,0.6630007028579712,0.6629990339279175,0.28203102946281433
activity/outer2/final/corrected_gnn/s2207,corrected_gnn,2207,message_weights.0,153345,4096,4096,0.0,0.04239838570356369,0.0,0.0,0.04239838570356369,0.0,0.0,0.041526854038238525,0.03947584331035614,0.00010627094161463901,0.0,0.0,0.9484853744506836,0.0,0.0,0.8941051363945007,0.8864556550979614,0.19931384921073914
activity/outer2/final/corrected_gnn/s2207,corrected_gnn,2207,message_weights.1,153345,4096,4096,0.0,0.030584117397665977,0.0,0.0,0.030584117397665977,0.0,0.0,0.03024817816913128,0.027249474078416824,0.00010922950605163351,0.0,0.0,1.1209956407546997,0.0,0.0,1.093885898590088,1.1347095966339111,0.4598842263221741
activity/outer2/final/corrected_gnn/s3301,corrected_gnn,3301,message_weights.0,153345,4096,4096,0.0,0.14997288584709167,0.0,0.0,0.14997288584709167,0.0,0.0,0.14182135462760925,0.14412327110767365,0.00012556419824250042,0.0,0.0,0.5995000600814819,0.0,0.0,0.598259449005127,0.6140381097793579,0.11852165311574936
activity/outer2/final/corrected_gnn/s3301,corrected_gnn,3301,message_weights.1,153345,4096,4096,0.0,0.13647842407226562,0.0,0.0,0.13647842407226562,0.0,0.0,0.12940633296966553,0.12229769676923752,0.00011077639646828175,0.0,0.0,0.6998626589775085,0.0,0.0,0.6778853535652161,0.6874962449073792,0.19244149327278137
activity/outer2/final/corrected_gnn/s4409,corrected_gnn,4409,message_weights.0,153345,4096,4096,0.0,0.05241934582591057,0.0,0.0,0.05241934582591057,0.0,0.0,0.04163410887122154,0.04193751886487007,0.00012039363355142996,0.0,0.0,0.48597031831741333,0.0,0.0,0.44465744495391846,0.502550482749939,0.13139022886753082
activity/outer2/final/corrected_gnn/s4409,corrected_gnn,4409,message_weights.1,153345,4096,4096,0.0,0.03857504576444626,0.0,0.0,0.03857504576444626,0.0,0.0,0.0350596159696579,0.0315430723130703,0.00010033667058451101,0.0,0.0,0.5238428115844727,0.0,0.0,0.5518937110900879,0.5469179153442383,0.2692488431930542
activity/outer2/final/corrected_gnn/s5519,corrected_gnn,5519,message_weights.0,153345,4096,4096,0.0,0.14883899688720703,0.0,0.0,0.14110545814037323,0.0,0.0,0.14883899688720703,0.1464471071958542,7.633126369910315e-05,0.0,0.0,0.9741242527961731,0.0,0.0,0.9830858707427979,0.9480069279670715,0.1625087857246399
activity/outer2/final/corrected_gnn/s5519,corrected_gnn,5519,message_weights.1,153345,4096,4096,0.0,0.13814780116081238,0.0,0.0,0.13528874516487122,0.0,0.0,0.13814780116081238,0.133808895945549,7.962438394315541e-05,0.0,0.0,1.2034485340118408,0.0,0.0,1.1032742261886597,1.1825031042099,0.3619828224182129
activity/outer2/final/corrected_gnn/s6637,corrected_gnn,6637,message_weights.0,153345,4096,4096,0.0,0.04941597953438759,0.0,0.0,0.04941597953438759,0.0,0.0,0.046750981360673904,0.04232308268547058,9.145140211330727e-05,0.0,0.0,1.4450300931930542,0.0,0.0,1.3847322463989258,1.445312738418579,0.33992546796798706
activity/outer2/final/corrected_gnn/s6637,corrected_gnn,6637,message_weights.1,153345,4096,4096,0.0,0.03812457248568535,0.0,0.0,0.03812457248568535,0.0,0.0,0.03580565005540848,0.033604495227336884,9.477142157265916e-05,0.0,0.0,1.485275149345398,0.0,0.0,1.3836740255355835,1.4415603876113892,0.6321613192558289
activity/outer2/final/corrected_gnn/s7753,corrected_gnn,7753,message_weights.0,153345,4096,4096,0.0,0.05852098390460014,0.0,0.0,0.05852098390460014,0.0,0.0,0.05808837711811066,0.05552973225712776,0.00012574238644447178,0.0,0.0,1.0680196285247803,0.0,0.0,1.0228561162948608,1.0607926845550537,0.25584807991981506
activity/outer2/final/corrected_gnn/s7753,corrected_gnn,7753,message_weights.1,153345,4096,4096,0.0,0.03972931206226349,0.0,0.0,0.038738977164030075,0.0,0.0,0.03972931206226349,0.037432946264743805,0.0001019284754875116,0.0,0.0,1.0422172546386719,0.0,0.0,1.0541844367980957,1.134738564491272,0.4235661029815674
activity/outer2/final/corrected_gnn/s8867,corrected_gnn,8867,message_weights.0,153345,4096,4096,0.0,0.03764769434928894,0.0,0.0,0.03527726233005524,0.0,0.0,0.03764769434928894,0.037471044808626175,0.00013260830019135028,0.0,0.0,0.8122653365135193,0.0,0.0,0.8100398778915405,0.8105750679969788,0.1879906952381134
activity/outer2/final/corrected_gnn/s8867,corrected_gnn,8867,message_weights.1,153345,4096,4096,0.0,0.024184836074709892,0.0,0.0,0.024077968671917915,0.0,0.0,0.024184836074709892,0.02225060760974884,0.00013834626588504761,0.0,0.0,1.0397640466690063,0.0,0.0,0.9911174178123474,0.9594414234161377,0.30835747718811035
activity/outer2/final/corrected_gnn/s9973,corrected_gnn,9973,message_weights.0,153345,4096,4096,0.0,0.023245036602020264,0.0,0.0,0.023245036602020264,0.0,0.0,0.021556323394179344,0.02304587885737419,9.35752468649298e-05,0.0,0.0,0.4794689416885376,0.0,0.0,0.4412234425544739,0.47145187854766846,0.19154773652553558
activity/outer2/final/corrected_gnn/s9973,corrected_gnn,9973,message_weights.1,153345,4096,4096,0.0,0.023191187530755997,0.0,0.0,0.023191187530755997,0.0,0.0,0.01967831887304783,0.018897483125329018,0.00011178334534633905,0.0,0.0,0.6036585569381714,0.0,0.0,0.526511549949646,0.5159639120101929,0.3127365708351135
activity/outer2/final/corrected_no_message/s11027,corrected_no_message,11027,message_weights.0,153345,4096,4096,0.0,0.03272227942943573,0.0,0.0,0.03272227942943573,0.0,0.0,0.027800703421235085,0.02560276724398136,8.997730037663132e-05,0.0,0.0,0.40816912055015564,0.0,0.0,0.3933953642845154,0.3966677188873291,0.0567486546933651
activity/outer2/final/corrected_no_message/s11027,corrected_no_message,11027,message_weights.1,153345,4096,4096,0.0,0.029189392924308777,0.0,0.0,0.029189392924308777,0.0,0.0,0.025146137923002243,0.02243165858089924,0.00011811662989202887,0.0,0.0,0.5348774194717407,0.0,0.0,0.5395576357841492,0.5180270075798035,0.12034862488508224
activity/outer2/final/corrected_no_message/s1103,corrected_no_message,1103,message_weights.0,153345,4096,4096,0.0,0.09220583736896515,0.0,0.0,0.09220583736896515,0.0,0.0,0.07799676805734634,0.0779404491186142,6.85027043800801e-05,0.0,0.0,0.45563632249832153,0.0,0.0,0.4867592751979828,0.45849817991256714,0.12039250135421753
activity/outer2/final/corrected_no_message/s1103,corrected_no_message,1103,message_weights.1,153345,4096,4096,0.0,0.0910305455327034,0.0,0.0,0.0910305455327034,0.0,0.0,0.08287748694419861,0.08370286971330643,6.0150963690830395e-05,0.0,0.0,0.6607764959335327,0.0,0.0,0.663664698600769,0.6481738090515137,0.2595125436782837
activity/outer2/final/corrected_no_message/s2207,corrected_no_message,2207,message_weights.0,153345,4096,4096,0.0,0.09282443672418594,0.0,0.0,0.0840890184044838,0.0,0.0,0.09282443672418594,0.09174928814172745,0.00010827741789398715,0.0,0.0,0.8904137015342712,0.0,0.0,0.9560043811798096,0.9507900476455688,0.19126781821250916
activity/outer2/final/corrected_no_message/s2207,corrected_no_message,2207,message_weights.1,153345,4096,4096,0.0,0.054135337471961975,0.0,0.0,0.052158113569021225,0.0,0.0,0.054135337471961975,0.05303573980927467,0.00010604418639559299,0.0,0.0,1.0925211906433105,0.0,0.0,1.1386423110961914,1.1210272312164307,0.4554266333580017
activity/outer2/final/corrected_no_message/s3301,corrected_no_message,3301,message_weights.0,153345,4096,4096,0.0,0.1304270476102829,0.0,0.0,0.1304270476102829,0.0,0.0,0.1251087188720703,0.11660933494567871,0.0001416518061887473,0.0,0.0,0.6200460195541382,0.0,0.0,0.5931531190872192,0.5955778360366821,0.11970134824514389
activity/outer2/final/corrected_no_message/s3301,corrected_no_message,3301,message_weights.1,153345,4096,4096,0.0,0.1160164326429367,0.0,0.0,0.1160164326429367,0.0,0.0,0.11063621193170547,0.10481368750333786,0.0001074987230822444,0.0,0.0,0.6854338049888611,0.0,0.0,0.6363056302070618,0.6503137946128845,0.19267365336418152
activity/outer2/final/corrected_no_message/s4409,corrected_no_message,4409,message_weights.0,153345,4096,4096,0.0,0.04430385306477547,0.0,0.0,0.04430385306477547,0.0,0.0,0.03775680065155029,0.03465084731578827,0.00011607849592110142,0.0,0.0,0.4801762104034424,0.0,0.0,0.4720075726509094,0.47048044204711914,0.13822034001350403
activity/outer2/final/corrected_no_message/s4409,corrected_no_message,4409,message_weights.1,153345,4096,4096,0.0,0.03483519330620766,0.0,0.0,0.03483519330620766,0.0,0.0,0.03280333802103996,0.028972353786230087,8.816511399345472e-05,0.0,0.0,0.4932106137275696,0.0,0.0,0.544048547744751,0.5429115891456604,0.28493532538414
activity/outer2/final/corrected_no_message/s5519,corrected_no_message,5519,message_weights.0,153345,4096,4096,0.0,0.0416775643825531,0.0,0.0,0.0416775643825531,0.0,0.0,0.04076886922121048,0.03958356752991676,8.358101331396028e-05,0.0,0.0,0.5900857448577881,0.0,0.0,0.5485576391220093,0.5500426292419434,0.09673405438661575
activity/outer2/final/corrected_no_message/s5519,corrected_no_message,5519,message_weights.1,153345,4096,4096,0.0,0.041215069591999054,0.0,0.0,0.041215069591999054,0.0,0.0,0.03911847248673439,0.03772113472223282,7.032189023448154e-05,0.0,0.0,0.6160711646080017,0.0,0.0,0.6128094792366028,0.6124856472015381,0.2219037115573883
activity/outer2/final/corrected_no_message/s6637,corrected_no_message,6637,message_weights.0,153345,4096,4096,0.0,0.036154091358184814,0.0,0.0,0.036154091358184814,0.0,0.0,0.03442162275314331,0.03284433111548424,9.426441829418764e-05,0.0,0.0,1.4772788286209106,0.0,0.0,1.4597899913787842,1.4670076370239258,0.35258007049560547
activity/outer2/final/corrected_no_message/s6637,corrected_no_message,6637,message_weights.1,153345,4096,4096,0.0,0.03037635236978531,0.0,0.0,0.03037635236978531,0.0,0.0,0.028478438034653664,0.027246899902820587,8.834101754473522e-05,0.0,0.0,1.505934715270996,0.0,0.0,1.4969446659088135,1.3873846530914307,0.623690128326416
activity/outer2/final/corrected_no_message/s7753,corrected_no_message,7753,message_weights.0,153345,4096,4096,0.0,0.06359360367059708,0.0,0.0,0.06176934763789177,0.0,0.0,0.06313350051641464,0.06359360367059708,0.00013572910393122584,0.0,0.0,1.0965176820755005,0.0,0.0,1.127030372619629,1.0792951583862305,0.26713788509368896
activity/outer2/final/corrected_no_message/s7753,corrected_no_message,7753,message_weights.1,153345,4096,4096,0.0,0.04462432488799095,0.0,0.0,0.04150324687361717,0.0,0.0,0.044572554528713226,0.04462432488799095,0.00010244801524095237,0.0,0.0,1.038415551185608,0.0,0.0,1.05149245262146,1.0357860326766968,0.49755042791366577
activity/outer2/final/corrected_no_message/s8867,corrected_no_message,8867,message_weights.0,153345,4096,4096,0.0,0.03566533699631691,0.0,0.0,0.03389111906290054,0.0,0.0,0.03566533699631691,0.034502480179071426,0.0001625990407774225,0.0,0.0,0.8221476674079895,0.0,0.0,0.8227583169937134,0.8247010707855225,0.17971466481685638
activity/outer2/final/corrected_no_message/s8867,corrected_no_message,8867,message_weights.1,153345,4096,4096,0.0,0.025325478985905647,0.0,0.0,0.023570045828819275,0.0,0.0,0.025325478985905647,0.024031050503253937,0.00015477952547371387,0.0,0.0,1.0275158882141113,0.0,0.0,0.9975038766860962,0.9328779578208923,0.3178173899650574
activity/outer2/final/corrected_no_message/s9973,corrected_no_message,9973,message_weights.0,153345,4096,4096,0.0,0.025686129927635193,0.0,0.0,0.025686129927635193,0.0,0.0,0.02263951301574707,0.02360532246530056,9.403756121173501e-05,0.0,0.0,0.5192955732345581,0.0,0.0,0.47089099884033203,0.4671090841293335,0.1904471516609192
activity/outer2/final/corrected_no_message/s9973,corrected_no_message,9973,message_weights.1,153345,4096,4096,0.0,0.023985011503100395,0.0,0.0,0.023985011503100395,0.0,0.0,0.023382266983389854,0.0214094128459692,9.604733349988237e-05,0.0,0.0,0.574126124382019,0.0,0.0,0.509061336517334,0.5185433626174927,0.29965415596961975
activity/outer2/final/original_gnn/s11027,original_gnn,11027,message_weights.0,153345,4096,4096,0.0,0.02745688147842884,0.0,0.0,0.02745688147842884,0.0,0.0,0.02499866485595703,0.024896105751395226,8.39538115542382e-05,0.0,0.0,0.44844117760658264,0.0,0.0,0.4086873233318329,0.4422891438007355,0.055678267031908035
activity/outer2/final/original_gnn/s11027,original_gnn,11027,message_weights.1,153345,4096,4096,0.0,0.028349803760647774,0.0,0.0,0.028349803760647774,0.0,0.0,0.02684721350669861,0.023647600784897804,0.00011744122457457706,0.0,0.0,0.5784432888031006,0.0,0.0,0.5677796006202698,0.53794264793396,0.12032809853553772
activity/outer2/final/original_gnn/s1103,original_gnn,1103,message_weights.0,153345,4096,4096,0.0,0.08572381734848022,0.0,0.0,0.08572381734848022,0.0,0.0,0.06982574611902237,0.0728020966053009,5.7052820920944214e-05,0.0,0.0,0.4913390576839447,0.0,0.0,0.5204677581787109,0.5049002170562744,0.12038204818964005
activity/outer2/final/original_gnn/s1103,original_gnn,1103,message_weights.1,153345,4096,4096,0.0,0.07897787541151047,0.0,0.0,0.07897787541151047,0.0,0.0,0.07277087867259979,0.07366688549518585,5.151325967744924e-05,0.0,0.0,0.6721099019050598,0.0,0.0,0.6630007028579712,0.6629990339279175,0.28203102946281433
activity/outer2/final/original_gnn/s2207,original_gnn,2207,message_weights.0,153345,4096,4096,0.0,0.04239838570356369,0.0,0.0,0.04239838570356369,0.0,0.0,0.041526854038238525,0.03947584331035614,0.00010627094161463901,0.0,0.0,0.9484853744506836,0.0,0.0,0.8941051363945007,0.8864556550979614,0.19931384921073914
activity/outer2/final/original_gnn/s2207,original_gnn,2207,message_weights.1,153345,4096,4096,0.0,0.030584117397665977,0.0,0.0,0.030584117397665977,0.0,0.0,0.03024817816913128,0.027249474078416824,0.00010922950605163351,0.0,0.0,1.1209956407546997,0.0,0.0,1.093885898590088,1.1347095966339111,0.4598842263221741
activity/outer2/final/original_gnn/s3301,original_gnn,3301,message_weights.0,153345,4096,4096,0.0,0.14997288584709167,0.0,0.0,0.14997288584709167,0.0,0.0,0.14182135462760925,0.14412327110767365,0.00012556419824250042,0.0,0.0,0.5995000600814819,0.0,0.0,0.598259449005127,0.6140381097793579,0.11852165311574936
activity/outer2/final/original_gnn/s3301,original_gnn,3301,message_weights.1,153345,4096,4096,0.0,0.13647842407226562,0.0,0.0,0.13647842407226562,0.0,0.0,0.12940633296966553,0.12229769676923752,0.00011077639646828175,0.0,0.0,0.6998626589775085,0.0,0.0,0.6778853535652161,0.6874962449073792,0.19244149327278137
activity/outer2/final/original_gnn/s4409,original_gnn,4409,message_weights.0,153345,4096,4096,0.0,0.05241934582591057,0.0,0.0,0.05241934582591057,0.0,0.0,0.04163410887122154,0.04193751886487007,0.00012039363355142996,0.0,0.0,0.48597031831741333,0.0,0.0,0.44465744495391846,0.502550482749939,0.13139022886753082
activity/outer2/final/original_gnn/s4409,original_gnn,4409,message_weights.1,153345,4096,4096,0.0,0.03857504576444626,0.0,0.0,0.03857504576444626,0.0,0.0,0.0350596159696579,0.0315430723130703,0.00010033667058451101,0.0,0.0,0.5238428115844727,0.0,0.0,0.5518937110900879,0.5469179153442383,0.2692488431930542
activity/outer2/final/original_gnn/s5519,original_gnn,5519,message_weights.0,153345,4096,4096,0.0,0.14883899688720703,0.0,0.0,0.14110545814037323,0.0,0.0,0.14883899688720703,0.1464471071958542,7.633126369910315e-05,0.0,0.0,0.9741242527961731,0.0,0.0,0.9830858707427979,0.9480069279670715,0.1625087857246399
activity/outer2/final/original_gnn/s5519,original_gnn,5519,message_weights.1,153345,4096,4096,0.0,0.13814780116081238,0.0,0.0,0.13528874516487122,0.0,0.0,0.13814780116081238,0.133808895945549,7.962438394315541e-05,0.0,0.0,1.2034485340118408,0.0,0.0,1.1032742261886597,1.1825031042099,0.3619828224182129
activity/outer2/final/original_gnn/s6637,original_gnn,6637,message_weights.0,153345,4096,4096,0.0,0.04941597953438759,0.0,0.0,0.04941597953438759,0.0,0.0,0.046750981360673904,0.04232308268547058,9.145140211330727e-05,0.0,0.0,1.4450300931930542,0.0,0.0,1.3847322463989258,1.445312738418579,0.33992546796798706
activity/outer2/final/original_gnn/s6637,original_gnn,6637,message_weights.1,153345,4096,4096,0.0,0.03812457248568535,0.0,0.0,0.03812457248568535,0.0,0.0,0.03580565005540848,0.033604495227336884,9.477142157265916e-05,0.0,0.0,1.485275149345398,0.0,0.0,1.3836740255355835,1.4415603876113892,0.6321613192558289
activity/outer2/final/original_gnn/s7753,original_gnn,7753,message_weights.0,153345,4096,4096,0.0,0.05852098390460014,0.0,0.0,0.05852098390460014,0.0,0.0,0.05808837711811066,0.05552973225712776,0.00012574238644447178,0.0,0.0,1.0680196285247803,0.0,0.0,1.0228561162948608,1.0607926845550537,0.25584807991981506
activity/outer2/final/original_gnn/s7753,original_gnn,7753,message_weights.1,153345,4096,4096,0.0,0.03972931206226349,0.0,0.0,0.038738977164030075,0.0,0.0,0.03972931206226349,0.037432946264743805,0.0001019284754875116,0.0,0.0,1.0422172546386719,0.0,0.0,1.0541844367980957,1.134738564491272,0.4235661029815674
activity/outer2/final/original_gnn/s8867,original_gnn,8867,message_weights.0,153345,4096,4096,0.0,0.03764769434928894,0.0,0.0,0.03527726233005524,0.0,0.0,0.03764769434928894,0.037471044808626175,0.00013260830019135028,0.0,0.0,0.8122653365135193,0.0,0.0,0.8100398778915405,0.8105750679969788,0.1879906952381134
activity/outer2/final/original_gnn/s8867,original_gnn,8867,message_weights.1,153345,4096,4096,0.0,0.024184836074709892,0.0,0.0,0.024077968671917915,0.0,0.0,0.024184836074709892,0.02225060760974884,0.00013834626588504761,0.0,0.0,1.0397640466690063,0.0,0.0,0.9911174178123474,0.9594414234161377,0.30835747718811035
activity/outer2/final/original_gnn/s9973,original_gnn,9973,message_weights.0,153345,4096,4096,0.0,0.023245036602020264,0.0,0.0,0.023245036602020264,0.0,0.0,0.021556323394179344,0.02304587885737419,9.35752468649298e-05,0.0,0.0,0.4794689416885376,0.0,0.0,0.4412234425544739,0.47145187854766846,0.19154773652553558
activity/outer2/final/original_gnn/s9973,original_gnn,9973,message_weights.1,153345,4096,4096,0.0,0.023191187530755997,0.0,0.0,0.023191187530755997,0.0,0.0,0.01967831887304783,0.018897483125329018,0.00011178334534633905,0.0,0.0,0.6036585569381714,0.0,0.0,0.526511549949646,0.5159639120101929,0.3127365708351135
activity/outer2/final/original_no_message/s11027,original_no_message,11027,message_weights.0,153345,4096,4096,0.0,0.03272227942943573,0.0,0.0,0.03272227942943573,0.0,0.0,0.027800703421235085,0.02560276724398136,8.997730037663132e-05,0.0,0.0,0.40816912055015564,0.0,0.0,0.3933953642845154,0.3966677188873291,0.0567486546933651
activity/outer2/final/original_no_message/s11027,original_no_message,11027,message_weights.1,153345,4096,4096,0.0,0.029189392924308777,0.0,0.0,0.029189392924308777,0.0,0.0,0.025146137923002243,0.02243165858089924,0.00011811662989202887,0.0,0.0,0.5348774194717407,0.0,0.0,0.5395576357841492,0.5180270075798035,0.12034862488508224
activity/outer2/final/original_no_message/s1103,original_no_message,1103,message_weights.0,153345,4096,4096,0.0,0.09220583736896515,0.0,0.0,0.09220583736896515,0.0,0.0,0.07799676805734634,0.0779404491186142,6.85027043800801e-05,0.0,0.0,0.45563632249832153,0.0,0.0,0.4867592751979828,0.45849817991256714,0.12039250135421753
activity/outer2/final/original_no_message/s1103,original_no_message,1103,message_weights.1,153345,4096,4096,0.0,0.0910305455327034,0.0,0.0,0.0910305455327034,0.0,0.0,0.08287748694419861,0.08370286971330643,6.0150963690830395e-05,0.0,0.0,0.6607764959335327,0.0,0.0,0.663664698600769,0.6481738090515137,0.2595125436782837
activity/outer2/final/original_no_message/s2207,original_no_message,2207,message_weights.0,153345,4096,4096,0.0,0.09282443672418594,0.0,0.0,0.0840890184044838,0.0,0.0,0.09282443672418594,0.09174928814172745,0.00010827741789398715,0.0,0.0,0.8904137015342712,0.0,0.0,0.9560043811798096,0.9507900476455688,0.19126781821250916
activity/outer2/final/original_no_message/s2207,original_no_message,2207,message_weights.1,153345,4096,4096,0.0,0.054135337471961975,0.0,0.0,0.052158113569021225,0.0,0.0,0.054135337471961975,0.05303573980927467,0.00010604418639559299,0.0,0.0,1.0925211906433105,0.0,0.0,1.1386423110961914,1.1210272312164307,0.4554266333580017
activity/outer2/final/original_no_message/s3301,original_no_message,3301,message_weights.0,153345,4096,4096,0.0,0.1304270476102829,0.0,0.0,0.1304270476102829,0.0,0.0,0.1251087188720703,0.11660933494567871,0.0001416518061887473,0.0,0.0,0.6200460195541382,0.0,0.0,0.5931531190872192,0.5955778360366821,0.11970134824514389
activity/outer2/final/original_no_message/s3301,original_no_message,3301,message_weights.1,153345,4096,4096,0.0,0.1160164326429367,0.0,0.0,0.1160164326429367,0.0,0.0,0.11063621193170547,0.10481368750333786,0.0001074987230822444,0.0,0.0,0.6854338049888611,0.0,0.0,0.6363056302070618,0.6503137946128845,0.19267365336418152
activity/outer2/final/original_no_message/s4409,original_no_message,4409,message_weights.0,153345,4096,4096,0.0,0.04430385306477547,0.0,0.0,0.04430385306477547,0.0,0.0,0.03775680065155029,0.03465084731578827,0.00011607849592110142,0.0,0.0,0.4801762104034424,0.0,0.0,0.4720075726509094,0.47048044204711914,0.13822034001350403
activity/outer2/final/original_no_message/s4409,original_no_message,4409,message_weights.1,153345,4096,4096,0.0,0.03483519330620766,0.0,0.0,0.03483519330620766,0.0,0.0,0.03280333802103996,0.028972353786230087,8.816511399345472e-05,0.0,0.0,0.4932106137275696,0.0,0.0,0.544048547744751,0.5429115891456604,0.28493532538414
activity/outer2/final/original_no_message/s5519,original_no_message,5519,message_weights.0,153345,4096,4096,0.0,0.0416775643825531,0.0,0.0,0.0416775643825531,0.0,0.0,0.04076886922121048,0.03958356752991676,8.358101331396028e-05,0.0,0.0,0.5900857448577881,0.0,0.0,0.5485576391220093,0.5500426292419434,0.09673405438661575
activity/outer2/final/original_no_message/s5519,original_no_message,5519,message_weights.1,153345,4096,4096,0.0,0.041215069591999054,0.0,0.0,0.041215069591999054,0.0,0.0,0.03911847248673439,0.03772113472223282,7.032189023448154e-05,0.0,0.0,0.6160711646080017,0.0,0.0,0.6128094792366028,0.6124856472015381,0.2219037115573883
activity/outer2/final/original_no_message/s6637,original_no_message,6637,message_weights.0,153345,4096,4096,0.0,0.036154091358184814,0.0,0.0,0.036154091358184814,0.0,0.0,0.03442162275314331,0.03284433111548424,9.426441829418764e-05,0.0,0.0,1.4772788286209106,0.0,0.0,1.4597899913787842,1.4670076370239258,0.35258007049560547
activity/outer2/final/original_no_message/s6637,original_no_message,6637,message_weights.1,153345,4096,4096,0.0,0.03037635236978531,0.0,0.0,0.03037635236978531,0.0,0.0,0.028478438034653664,0.027246899902820587,8.834101754473522e-05,0.0,0.0,1.505934715270996,0.0,0.0,1.4969446659088135,1.3873846530914307,0.623690128326416
activity/outer2/final/original_no_message/s7753,original_no_message,7753,message_weights.0,153345,4096,4096,0.0,0.06359360367059708,0.0,0.0,0.06176934763789177,0.0,0.0,0.06313350051641464,0.06359360367059708,0.00013572910393122584,0.0,0.0,1.0965176820755005,0.0,0.0,1.127030372619629,1.0792951583862305,0.26713788509368896
activity/outer2/final/original_no_message/s7753,original_no_message,7753,message_weights.1,153345,4096,4096,0.0,0.04462432488799095,0.0,0.0,0.04150324687361717,0.0,0.0,0.044572554528713226,0.04462432488799095,0.00010244801524095237,0.0,0.0,1.038415551185608,0.0,0.0,1.05149245262146,1.0357860326766968,0.49755042791366577
activity/outer2/final/original_no_message/s8867,original_no_message,8867,message_weights.0,153345,4096,4096,0.0,0.03566533699631691,0.0,0.0,0.03389111906290054,0.0,0.0,0.03566533699631691,0.034502480179071426,0.0001625990407774225,0.0,0.0,0.8221476674079895,0.0,0.0,0.8227583169937134,0.8247010707855225,0.17971466481685638
activity/outer2/final/original_no_message/s8867,original_no_message,8867,message_weights.1,153345,4096,4096,0.0,0.025325478985905647,0.0,0.0,0.023570045828819275,0.0,0.0,0.025325478985905647,0.024031050503253937,0.00015477952547371387,0.0,0.0,1.0275158882141113,0.0,0.0,0.9975038766860962,0.9328779578208923,0.3178173899650574
activity/outer2/final/original_no_message/s9973,original_no_message,9973,message_weights.0,153345,4096,4096,0.0,0.025686129927635193,0.0,0.0,0.025686129927635193,0.0,0.0,0.02263951301574707,0.02360532246530056,9.403756121173501e-05,0.0,0.0,0.5192955732345581,0.0,0.0,0.47089099884033203,0.4671090841293335,0.1904471516609192
activity/outer2/final/original_no_message/s9973,original_no_message,9973,message_weights.1,153345,4096,4096,0.0,0.023985011503100395,0.0,0.0,0.023985011503100395,0.0,0.0,0.023382266983389854,0.0214094128459692,9.604733349988237e-05,0.0,0.0,0.574126124382019,0.0,0.0,0.509061336517334,0.5185433626174927,0.29965415596961975
activity/outer3/final/corrected_gnn/s11027,corrected_gnn,11027,message_weights.0,153345,4096,4096,0.0,0.02745688147842884,0.0,0.0,0.02745688147842884,0.0,0.0,0.02499866485595703,0.024896105751395226,8.39538115542382e-05,0.0,0.0,0.44844117760658264,0.0,0.0,0.4086873233318329,0.4422891438007355,0.055678267031908035
activity/outer3/final/corrected_gnn/s11027,corrected_gnn,11027,message_weights.1,153345,4096,4096,0.0,0.028349803760647774,0.0,0.0,0.028349803760647774,0.0,0.0,0.02684721350669861,0.023647600784897804,0.00011744122457457706,0.0,0.0,0.5784432888031006,0.0,0.0,0.5677796006202698,0.53794264793396,0.12032809853553772
activity/outer3/final/corrected_gnn/s1103,corrected_gnn,1103,message_weights.0,153345,4096,4096,0.0,0.17660802602767944,0.0,0.0,0.16733533143997192,0.0,0.0,0.17660802602767944,0.16502636671066284,0.0001178023376269266,0.0,0.0,0.8220556378364563,0.0,0.0,0.8249444961547852,0.8563605546951294,0.1962418556213379
activity/outer3/final/corrected_gnn/s1103,corrected_gnn,1103,message_weights.1,153345,4096,4096,0.0,0.1770344376564026,0.0,0.0,0.17308984696865082,0.0,0.0,0.1770344376564026,0.17166240513324738,0.0001004840451059863,0.0,0.0,1.1624842882156372,0.0,0.0,1.0912468433380127,1.0943279266357422,0.43153923749923706
activity/outer3/final/corrected_gnn/s2207,corrected_gnn,2207,message_weights.0,153345,4096,4096,0.0,0.04239838570356369,0.0,0.0,0.04239838570356369,0.0,0.0,0.041526854038238525,0.03947584331035614,0.00010627094161463901,0.0,0.0,0.9484853744506836,0.0,0.0,0.8941051363945007,0.8864556550979614,0.19931384921073914
activity/outer3/final/corrected_gnn/s2207,corrected_gnn,2207,message_weights.1,153345,4096,4096,0.0,0.030584117397665977,0.0,0.0,0.030584117397665977,0.0,0.0,0.03024817816913128,0.027249474078416824,0.00010922950605163351,0.0,0.0,1.1209956407546997,0.0,0.0,1.093885898590088,1.1347095966339111,0.4598842263221741
activity/outer3/final/corrected_gnn/s3301,corrected_gnn,3301,message_weights.0,153345,4096,4096,0.0,0.14997288584709167,0.0,0.0,0.14997288584709167,0.0,0.0,0.14182135462760925,0.14412327110767365,0.00012556419824250042,0.0,0.0,0.5995000600814819,0.0,0.0,0.598259449005127,0.6140381097793579,0.11852165311574936
activity/outer3/final/corrected_gnn/s3301,corrected_gnn,3301,message_weights.1,153345,4096,4096,0.0,0.13647842407226562,0.0,0.0,0.13647842407226562,0.0,0.0,0.12940633296966553,0.12229769676923752,0.00011077639646828175,0.0,0.0,0.6998626589775085,0.0,0.0,0.6778853535652161,0.6874962449073792,0.19244149327278137
activity/outer3/final/corrected_gnn/s4409,corrected_gnn,4409,message_weights.0,153345,4096,4096,0.0,0.05241934582591057,0.0,0.0,0.05241934582591057,0.0,0.0,0.04163410887122154,0.04193751886487007,0.00012039363355142996,0.0,0.0,0.48597031831741333,0.0,0.0,0.44465744495391846,0.502550482749939,0.13139022886753082
activity/outer3/final/corrected_gnn/s4409,corrected_gnn,4409,message_weights.1,153345,4096,4096,0.0,0.03857504576444626,0.0,0.0,0.03857504576444626,0.0,0.0,0.0350596159696579,0.0315430723130703,0.00010033667058451101,0.0,0.0,0.5238428115844727,0.0,0.0,0.5518937110900879,0.5469179153442383,0.2692488431930542
activity/outer3/final/corrected_gnn/s5519,corrected_gnn,5519,message_weights.0,153345,4096,4096,0.0,0.037117019295692444,0.0,0.0,0.037117019295692444,0.0,0.0,0.035134539008140564,0.03362492844462395,7.750671647954732e-05,0.0,0.0,0.5303695201873779,0.0,0.0,0.529374361038208,0.5368572473526001,0.10408581793308258
activity/outer3/final/corrected_gnn/s5519,corrected_gnn,5519,message_weights.1,153345,4096,4096,0.0,0.036247070878744125,0.0,0.0,0.036247070878744125,0.0,0.0,0.03346097469329834,0.03343718871474266,7.397698209388182e-05,0.0,0.0,0.6682155728340149,0.0,0.0,0.6053367257118225,0.648066520690918,0.22331811487674713
activity/outer3/final/corrected_gnn/s6637,corrected_gnn,6637,message_weights.0,153345,4096,4096,0.0,0.027589859440922737,0.0,0.0,0.027589859440922737,0.0,0.0,0.024758609011769295,0.02540602535009384,7.593776535941288e-05,0.0,0.0,0.5312739610671997,0.0,0.0,0.53871750831604,0.5542685985565186,0.053796686232089996
activity/outer3/final/corrected_gnn/s6637,corrected_gnn,6637,message_weights.1,153345,4096,4096,0.0,0.02364484593272209,0.0,0.0,0.02364484593272209,0.0,0.0,0.0188324972987175,0.020672166720032692,9.017720731208101e-05,0.0,0.0,0.5822724103927612,0.0,0.0,0.5281278491020203,0.5474799871444702,0.12541480362415314
activity/outer3/final/corrected_gnn/s7753,corrected_gnn,7753,message_weights.0,153345,4096,4096,0.0,0.04209451377391815,0.0,0.0,0.04209451377391815,0.0,0.0,0.035652391612529755,0.03158283606171608,9.665676770964637e-05,0.0,0.0,0.5505143404006958,0.0,0.0,0.5272045135498047,0.5305612087249756,0.20637476444244385
activity/outer3/final/corrected_gnn/s7753,corrected_gnn,7753,message_weights.1,153345,4096,4096,0.0,0.038225531578063965,0.0,0.0,0.038225531578063965,0.0,0.0,0.03451935946941376,0.035872653126716614,7.84624062362127e-05,0.0,0.0,0.5780123472213745,0.0,0.0,0.5918722748756409,0.610665500164032,0.3551067113876343
activity/outer3/final/corrected_gnn/s8867,corrected_gnn,8867,message_weights.0,153345,4096,4096,0.0,0.03764769434928894,0.0,0.0,0.03527726233005524,0.0,0.0,0.03764769434928894,0.037471044808626175,0.00013260830019135028,0.0,0.0,0.8122653365135193,0.0,0.0,0.8100398778915405,0.8105750679969788,0.1879906952381134
activity/outer3/final/corrected_gnn/s8867,corrected_gnn,8867,message_weights.1,153345,4096,4096,0.0,0.024184836074709892,0.0,0.0,0.024077968671917915,0.0,0.0,0.024184836074709892,0.02225060760974884,0.00013834626588504761,0.0,0.0,1.0397640466690063,0.0,0.0,0.9911174178123474,0.9594414234161377,0.30835747718811035
activity/outer3/final/corrected_gnn/s9973,corrected_gnn,9973,message_weights.0,153345,4096,4096,0.0,0.023245036602020264,0.0,0.0,0.023245036602020264,0.0,0.0,0.021556323394179344,0.02304587885737419,9.35752468649298e-05,0.0,0.0,0.4794689416885376,0.0,0.0,0.4412234425544739,0.47145187854766846,0.19154773652553558
activity/outer3/final/corrected_gnn/s9973,corrected_gnn,9973,message_weights.1,153345,4096,4096,0.0,0.023191187530755997,0.0,0.0,0.023191187530755997,0.0,0.0,0.01967831887304783,0.018897483125329018,0.00011178334534633905,0.0,0.0,0.6036585569381714,0.0,0.0,0.526511549949646,0.5159639120101929,0.3127365708351135
activity/outer3/final/corrected_no_message/s11027,corrected_no_message,11027,message_weights.0,153345,4096,4096,0.0,0.03272227942943573,0.0,0.0,0.03272227942943573,0.0,0.0,0.027800703421235085,0.02560276724398136,8.997730037663132e-05,0.0,0.0,0.40816912055015564,0.0,0.0,0.3933953642845154,0.3966677188873291,0.0567486546933651
activity/outer3/final/corrected_no_message/s11027,corrected_no_message,11027,message_weights.1,153345,4096,4096,0.0,0.029189392924308777,0.0,0.0,0.029189392924308777,0.0,0.0,0.025146137923002243,0.02243165858089924,0.00011811662989202887,0.0,0.0,0.5348774194717407,0.0,0.0,0.5395576357841492,0.5180270075798035,0.12034862488508224
activity/outer3/final/corrected_no_message/s1103,corrected_no_message,1103,message_weights.0,153345,4096,4096,0.0,0.19113731384277344,0.0,0.0,0.19113731384277344,0.0,0.0,0.18572303652763367,0.18824540078639984,0.00011984991579083726,0.0,0.0,0.7683312892913818,0.0,0.0,0.8144496083259583,0.7965264320373535,0.18067234754562378
activity/outer3/final/corrected_no_message/s1103,corrected_no_message,1103,message_weights.1,153345,4096,4096,0.0,0.20596785843372345,0.0,0.0,0.1979507952928543,0.0,0.0,0.20126715302467346,0.20596785843372345,0.0001190248440252617,0.0,0.0,1.1752941608428955,0.0,0.0,1.136913537979126,1.1517425775527954,0.36502283811569214
activity/outer3/final/corrected_no_message/s2207,corrected_no_message,2207,message_weights.0,153345,4096,4096,0.0,0.09282443672418594,0.0,0.0,0.0840890184044838,0.0,0.0,0.09282443672418594,0.09174928814172745,0.00010827741789398715,0.0,0.0,0.8904137015342712,0.0,0.0,0.9560043811798096,0.9507900476455688,0.19126781821250916
activity/outer3/final/corrected_no_message/s2207,corrected_no_message,2207,message_weights.1,153345,4096,4096,0.0,0.054135337471961975,0.0,0.0,0.052158113569021225,0.0,0.0,0.054135337471961975,0.05303573980927467,0.00010604418639559299,0.0,0.0,1.0925211906433105,0.0,0.0,1.1386423110961914,1.1210272312164307,0.4554266333580017
activity/outer3/final/corrected_no_message/s3301,corrected_no_message,3301,message_weights.0,153345,4096,4096,0.0,0.1304270476102829,0.0,0.0,0.1304270476102829,0.0,0.0,0.1251087188720703,0.11660933494567871,0.0001416518061887473,0.0,0.0,0.6200460195541382,0.0,0.0,0.5931531190872192,0.5955778360366821,0.11970134824514389
activity/outer3/final/corrected_no_message/s3301,corrected_no_message,3301,message_weights.1,153345,4096,4096,0.0,0.1160164326429367,0.0,0.0,0.1160164326429367,0.0,0.0,0.11063621193170547,0.10481368750333786,0.0001074987230822444,0.0,0.0,0.6854338049888611,0.0,0.0,0.6363056302070618,0.6503137946128845,0.19267365336418152
activity/outer3/final/corrected_no_message/s4409,corrected_no_message,4409,message_weights.0,153345,4096,4096,0.0,0.04430385306477547,0.0,0.0,0.04430385306477547,0.0,0.0,0.03775680065155029,0.03465084731578827,0.00011607849592110142,0.0,0.0,0.4801762104034424,0.0,0.0,0.4720075726509094,0.47048044204711914,0.13822034001350403
activity/outer3/final/corrected_no_message/s4409,corrected_no_message,4409,message_weights.1,153345,4096,4096,0.0,0.03483519330620766,0.0,0.0,0.03483519330620766,0.0,0.0,0.03280333802103996,0.028972353786230087,8.816511399345472e-05,0.0,0.0,0.4932106137275696,0.0,0.0,0.544048547744751,0.5429115891456604,0.28493532538414
activity/outer3/final/corrected_no_message/s5519,corrected_no_message,5519,message_weights.0,153345,4096,4096,0.0,0.0416775643825531,0.0,0.0,0.0416775643825531,0.0,0.0,0.04076886922121048,0.03958356752991676,8.358101331396028e-05,0.0,0.0,0.5900857448577881,0.0,0.0,0.5485576391220093,0.5500426292419434,0.09673405438661575
activity/outer3/final/corrected_no_message/s5519,corrected_no_message,5519,message_weights.1,153345,4096,4096,0.0,0.041215069591999054,0.0,0.0,0.041215069591999054,0.0,0.0,0.03911847248673439,0.03772113472223282,7.032189023448154e-05,0.0,0.0,0.6160711646080017,0.0,0.0,0.6128094792366028,0.6124856472015381,0.2219037115573883
activity/outer3/final/corrected_no_message/s6637,corrected_no_message,6637,message_weights.0,153345,4096,4096,0.0,0.029956016689538956,0.0,0.0,0.029956016689538956,0.0,0.0,0.027365311980247498,0.024152105674147606,9.047597995959222e-05,0.0,0.0,0.5643328428268433,0.0,0.0,0.5639007091522217,0.5563522577285767,0.06260964274406433
activity/outer3/final/corrected_no_message/s6637,corrected_no_message,6637,message_weights.1,153345,4096,4096,0.0,0.025366878136992455,0.0,0.0,0.025366878136992455,0.0,0.0,0.020615942776203156,0.019279206171631813,8.836606139084324e-05,0.0,0.0,0.571420431137085,0.0,0.0,0.5463002920150757,0.5133850574493408,0.1254907101392746
activity/outer3/final/corrected_no_message/s7753,corrected_no_message,7753,message_weights.0,153345,4096,4096,0.0,0.03466135263442993,0.0,0.0,0.03466135263442993,0.0,0.0,0.031863100826740265,0.03086608089506626,9.650335414335132e-05,0.0,0.0,0.5465277433395386,0.0,0.0,0.5484514236450195,0.5201758146286011,0.21323812007904053
activity/outer3/final/corrected_no_message/s7753,corrected_no_message,7753,message_weights.1,153345,4096,4096,0.0,0.02798910066485405,0.0,0.0,0.02798910066485405,0.0,0.0,0.02732735127210617,0.025394994765520096,7.127940625650808e-05,0.0,0.0,0.5596634745597839,0.0,0.0,0.5785349011421204,0.5646895170211792,0.35401737689971924
activity/outer3/final/corrected_no_message/s8867,corrected_no_message,8867,message_weights.0,153345,4096,4096,0.0,0.03566533699631691,0.0,0.0,0.03389111906290054,0.0,0.0,0.03566533699631691,0.034502480179071426,0.0001625990407774225,0.0,0.0,0.8221476674079895,0.0,0.0,0.8227583169937134,0.8247010707855225,0.17971466481685638
activity/outer3/final/corrected_no_message/s8867,corrected_no_message,8867,message_weights.1,153345,4096,4096,0.0,0.025325478985905647,0.0,0.0,0.023570045828819275,0.0,0.0,0.025325478985905647,0.024031050503253937,0.00015477952547371387,0.0,0.0,1.0275158882141113,0.0,0.0,0.9975038766860962,0.9328779578208923,0.3178173899650574
activity/outer3/final/corrected_no_message/s9973,corrected_no_message,9973,message_weights.0,153345,4096,4096,0.0,0.025686129927635193,0.0,0.0,0.025686129927635193,0.0,0.0,0.02263951301574707,0.02360532246530056,9.403756121173501e-05,0.0,0.0,0.5192955732345581,0.0,0.0,0.47089099884033203,0.4671090841293335,0.1904471516609192
activity/outer3/final/corrected_no_message/s9973,corrected_no_message,9973,message_weights.1,153345,4096,4096,0.0,0.023985011503100395,0.0,0.0,0.023985011503100395,0.0,0.0,0.023382266983389854,0.0214094128459692,9.604733349988237e-05,0.0,0.0,0.574126124382019,0.0,0.0,0.509061336517334,0.5185433626174927,0.29965415596961975
activity/outer3/final/original_gnn/s11027,original_gnn,11027,message_weights.0,153345,4096,4096,0.0,0.02745688147842884,0.0,0.0,0.02745688147842884,0.0,0.0,0.02499866485595703,0.024896105751395226,8.39538115542382e-05,0.0,0.0,0.44844117760658264,0.0,0.0,0.4086873233318329,0.4422891438007355,0.055678267031908035
activity/outer3/final/original_gnn/s11027,original_gnn,11027,message_weights.1,153345,4096,4096,0.0,0.028349803760647774,0.0,0.0,0.028349803760647774,0.0,0.0,0.02684721350669861,0.023647600784897804,0.00011744122457457706,0.0,0.0,0.5784432888031006,0.0,0.0,0.5677796006202698,0.53794264793396,0.12032809853553772
activity/outer3/final/original_gnn/s1103,original_gnn,1103,message_weights.0,153345,4096,4096,0.0,0.17660802602767944,0.0,0.0,0.16733533143997192,0.0,0.0,0.17660802602767944,0.16502636671066284,0.0001178023376269266,0.0,0.0,0.8220556378364563,0.0,0.0,0.8249444961547852,0.8563605546951294,0.1962418556213379
activity/outer3/final/original_gnn/s1103,original_gnn,1103,message_weights.1,153345,4096,4096,0.0,0.1770344376564026,0.0,0.0,0.17308984696865082,0.0,0.0,0.1770344376564026,0.17166240513324738,0.0001004840451059863,0.0,0.0,1.1624842882156372,0.0,0.0,1.0912468433380127,1.0943279266357422,0.43153923749923706
activity/outer3/final/original_gnn/s2207,original_gnn,2207,message_weights.0,153345,4096,4096,0.0,0.04239838570356369,0.0,0.0,0.04239838570356369,0.0,0.0,0.041526854038238525,0.03947584331035614,0.00010627094161463901,0.0,0.0,0.9484853744506836,0.0,0.0,0.8941051363945007,0.8864556550979614,0.19931384921073914
activity/outer3/final/original_gnn/s2207,original_gnn,2207,message_weights.1,153345,4096,4096,0.0,0.030584117397665977,0.0,0.0,0.030584117397665977,0.0,0.0,0.03024817816913128,0.027249474078416824,0.00010922950605163351,0.0,0.0,1.1209956407546997,0.0,0.0,1.093885898590088,1.1347095966339111,0.4598842263221741
activity/outer3/final/original_gnn/s3301,original_gnn,3301,message_weights.0,153345,4096,4096,0.0,0.14997288584709167,0.0,0.0,0.14997288584709167,0.0,0.0,0.14182135462760925,0.14412327110767365,0.00012556419824250042,0.0,0.0,0.5995000600814819,0.0,0.0,0.598259449005127,0.6140381097793579,0.11852165311574936
activity/outer3/final/original_gnn/s3301,original_gnn,3301,message_weights.1,153345,4096,4096,0.0,0.13647842407226562,0.0,0.0,0.13647842407226562,0.0,0.0,0.12940633296966553,0.12229769676923752,0.00011077639646828175,0.0,0.0,0.6998626589775085,0.0,0.0,0.6778853535652161,0.6874962449073792,0.19244149327278137
activity/outer3/final/original_gnn/s4409,original_gnn,4409,message_weights.0,153345,4096,4096,0.0,0.05241934582591057,0.0,0.0,0.05241934582591057,0.0,0.0,0.04163410887122154,0.04193751886487007,0.00012039363355142996,0.0,0.0,0.48597031831741333,0.0,0.0,0.44465744495391846,0.502550482749939,0.13139022886753082
activity/outer3/final/original_gnn/s4409,original_gnn,4409,message_weights.1,153345,4096,4096,0.0,0.03857504576444626,0.0,0.0,0.03857504576444626,0.0,0.0,0.0350596159696579,0.0315430723130703,0.00010033667058451101,0.0,0.0,0.5238428115844727,0.0,0.0,0.5518937110900879,0.5469179153442383,0.2692488431930542
activity/outer3/final/original_gnn/s5519,original_gnn,5519,message_weights.0,153345,4096,4096,0.0,0.037117019295692444,0.0,0.0,0.037117019295692444,0.0,0.0,0.035134539008140564,0.03362492844462395,7.750671647954732e-05,0.0,0.0,0.5303695201873779,0.0,0.0,0.529374361038208,0.5368572473526001,0.10408581793308258
activity/outer3/final/original_gnn/s5519,original_gnn,5519,message_weights.1,153345,4096,4096,0.0,0.036247070878744125,0.0,0.0,0.036247070878744125,0.0,0.0,0.03346097469329834,0.03343718871474266,7.397698209388182e-05,0.0,0.0,0.6682155728340149,0.0,0.0,0.6053367257118225,0.648066520690918,0.22331811487674713
activity/outer3/final/original_gnn/s6637,original_gnn,6637,message_weights.0,153345,4096,4096,0.0,0.027589859440922737,0.0,0.0,0.027589859440922737,0.0,0.0,0.024758609011769295,0.02540602535009384,7.593776535941288e-05,0.0,0.0,0.5312739610671997,0.0,0.0,0.53871750831604,0.5542685985565186,0.053796686232089996
activity/outer3/final/original_gnn/s6637,original_gnn,6637,message_weights.1,153345,4096,4096,0.0,0.02364484593272209,0.0,0.0,0.02364484593272209,0.0,0.0,0.0188324972987175,0.020672166720032692,9.017720731208101e-05,0.0,0.0,0.5822724103927612,0.0,0.0,0.5281278491020203,0.5474799871444702,0.12541480362415314
activity/outer3/final/original_gnn/s7753,original_gnn,7753,message_weights.0,153345,4096,4096,0.0,0.04209451377391815,0.0,0.0,0.04209451377391815,0.0,0.0,0.035652391612529755,0.03158283606171608,9.665676770964637e-05,0.0,0.0,0.5505143404006958,0.0,0.0,0.5272045135498047,0.5305612087249756,0.20637476444244385
activity/outer3/final/original_gnn/s7753,original_gnn,7753,message_weights.1,153345,4096,4096,0.0,0.038225531578063965,0.0,0.0,0.038225531578063965,0.0,0.0,0.03451935946941376,0.035872653126716614,7.84624062362127e-05,0.0,0.0,0.5780123472213745,0.0,0.0,0.5918722748756409,0.610665500164032,0.3551067113876343
activity/outer3/final/original_gnn/s8867,original_gnn,8867,message_weights.0,153345,4096,4096,0.0,0.03764769434928894,0.0,0.0,0.03527726233005524,0.0,0.0,0.03764769434928894,0.037471044808626175,0.00013260830019135028,0.0,0.0,0.8122653365135193,0.0,0.0,0.8100398778915405,0.8105750679969788,0.1879906952381134
activity/outer3/final/original_gnn/s8867,original_gnn,8867,message_weights.1,153345,4096,4096,0.0,0.024184836074709892,0.0,0.0,0.024077968671917915,0.0,0.0,0.024184836074709892,0.02225060760974884,0.00013834626588504761,0.0,0.0,1.0397640466690063,0.0,0.0,0.9911174178123474,0.9594414234161377,0.30835747718811035
activity/outer3/final/original_gnn/s9973,original_gnn,9973,message_weights.0,153345,4096,4096,0.0,0.023245036602020264,0.0,0.0,0.023245036602020264,0.0,0.0,0.021556323394179344,0.02304587885737419,9.35752468649298e-05,0.0,0.0,0.4794689416885376,0.0,0.0,0.4412234425544739,0.47145187854766846,0.19154773652553558
activity/outer3/final/original_gnn/s9973,original_gnn,9973,message_weights.1,153345,4096,4096,0.0,0.023191187530755997,0.0,0.0,0.023191187530755997,0.0,0.0,0.01967831887304783,0.018897483125329018,0.00011178334534633905,0.0,0.0,0.6036585569381714,0.0,0.0,0.526511549949646,0.5159639120101929,0.3127365708351135
activity/outer3/final/original_no_message/s11027,original_no_message,11027,message_weights.0,153345,4096,4096,0.0,0.03272227942943573,0.0,0.0,0.03272227942943573,0.0,0.0,0.027800703421235085,0.02560276724398136,8.997730037663132e-05,0.0,0.0,0.40816912055015564,0.0,0.0,0.3933953642845154,0.3966677188873291,0.0567486546933651
activity/outer3/final/original_no_message/s11027,original_no_message,11027,message_weights.1,153345,4096,4096,0.0,0.029189392924308777,0.0,0.0,0.029189392924308777,0.0,0.0,0.025146137923002243,0.02243165858089924,0.00011811662989202887,0.0,0.0,0.5348774194717407,0.0,0.0,0.5395576357841492,0.5180270075798035,0.12034862488508224
activity/outer3/final/original_no_message/s1103,original_no_message,1103,message_weights.0,153345,4096,4096,0.0,0.19113731384277344,0.0,0.0,0.19113731384277344,0.0,0.0,0.18572303652763367,0.18824540078639984,0.00011984991579083726,0.0,0.0,0.7683312892913818,0.0,0.0,0.8144496083259583,0.7965264320373535,0.18067234754562378
activity/outer3/final/original_no_message/s1103,original_no_message,1103,message_weights.1,153345,4096,4096,0.0,0.20596785843372345,0.0,0.0,0.1979507952928543,0.0,0.0,0.20126715302467346,0.20596785843372345,0.0001190248440252617,0.0,0.0,1.1752941608428955,0.0,0.0,1.136913537979126,1.1517425775527954,0.36502283811569214
activity/outer3/final/original_no_message/s2207,original_no_message,2207,message_weights.0,153345,4096,4096,0.0,0.09282443672418594,0.0,0.0,0.0840890184044838,0.0,0.0,0.09282443672418594,0.09174928814172745,0.00010827741789398715,0.0,0.0,0.8904137015342712,0.0,0.0,0.9560043811798096,0.9507900476455688,0.19126781821250916
activity/outer3/final/original_no_message/s2207,original_no_message,2207,message_weights.1,153345,4096,4096,0.0,0.054135337471961975,0.0,0.0,0.052158113569021225,0.0,0.0,0.054135337471961975,0.05303573980927467,0.00010604418639559299,0.0,0.0,1.0925211906433105,0.0,0.0,1.1386423110961914,1.1210272312164307,0.4554266333580017
activity/outer3/final/original_no_message/s3301,original_no_message,3301,message_weights.0,153345,4096,4096,0.0,0.1304270476102829,0.0,0.0,0.1304270476102829,0.0,0.0,0.1251087188720703,0.11660933494567871,0.0001416518061887473,0.0,0.0,0.6200460195541382,0.0,0.0,0.5931531190872192,0.5955778360366821,0.11970134824514389
activity/outer3/final/original_no_message/s3301,original_no_message,3301,message_weights.1,153345,4096,4096,0.0,0.1160164326429367,0.0,0.0,0.1160164326429367,0.0,0.0,0.11063621193170547,0.10481368750333786,0.0001074987230822444,0.0,0.0,0.6854338049888611,0.0,0.0,0.6363056302070618,0.6503137946128845,0.19267365336418152
activity/outer3/final/original_no_message/s4409,original_no_message,4409,message_weights.0,153345,4096,4096,0.0,0.04430385306477547,0.0,0.0,0.04430385306477547,0.0,0.0,0.03775680065155029,0.03465084731578827,0.00011607849592110142,0.0,0.0,0.4801762104034424,0.0,0.0,0.4720075726509094,0.47048044204711914,0.13822034001350403
activity/outer3/final/original_no_message/s4409,original_no_message,4409,message_weights.1,153345,4096,4096,0.0,0.03483519330620766,0.0,0.0,0.03483519330620766,0.0,0.0,0.03280333802103996,0.028972353786230087,8.816511399345472e-05,0.0,0.0,0.4932106137275696,0.0,0.0,0.544048547744751,0.5429115891456604,0.28493532538414
activity/outer3/final/original_no_message/s5519,original_no_message,5519,message_weights.0,153345,4096,4096,0.0,0.0416775643825531,0.0,0.0,0.0416775643825531,0.0,0.0,0.04076886922121048,0.03958356752991676,8.358101331396028e-05,0.0,0.0,0.5900857448577881,0.0,0.0,0.5485576391220093,0.5500426292419434,0.09673405438661575
activity/outer3/final/original_no_message/s5519,original_no_message,5519,message_weights.1,153345,4096,4096,0.0,0.041215069591999054,0.0,0.0,0.041215069591999054,0.0,0.0,0.03911847248673439,0.03772113472223282,7.032189023448154e-05,0.0,0.0,0.6160711646080017,0.0,0.0,0.6128094792366028,0.6124856472015381,0.2219037115573883
activity/outer3/final/original_no_message/s6637,original_no_message,6637,message_weights.0,153345,4096,4096,0.0,0.029956016689538956,0.0,0.0,0.029956016689538956,0.0,0.0,0.027365311980247498,0.024152105674147606,9.047597995959222e-05,0.0,0.0,0.5643328428268433,0.0,0.0,0.5639007091522217,0.5563522577285767,0.06260964274406433
activity/outer3/final/original_no_message/s6637,original_no_message,6637,message_weights.1,153345,4096,4096,0.0,0.025366878136992455,0.0,0.0,0.025366878136992455,0.0,0.0,0.020615942776203156,0.019279206171631813,8.836606139084324e-05,0.0,0.0,0.571420431137085,0.0,0.0,0.5463002920150757,0.5133850574493408,0.1254907101392746
activity/outer3/final/original_no_message/s7753,original_no_message,7753,message_weights.0,153345,4096,4096,0.0,0.03466135263442993,0.0,0.0,0.03466135263442993,0.0,0.0,0.031863100826740265,0.03086608089506626,9.650335414335132e-05,0.0,0.0,0.5465277433395386,0.0,0.0,0.5484514236450195,0.5201758146286011,0.21323812007904053
activity/outer3/final/original_no_message/s7753,original_no_message,7753,message_weights.1,153345,4096,4096,0.0,0.02798910066485405,0.0,0.0,0.02798910066485405,0.0,0.0,0.02732735127210617,0.025394994765520096,7.127940625650808e-05,0.0,0.0,0.5596634745597839,0.0,0.0,0.5785349011421204,0.5646895170211792,0.35401737689971924
activity/outer3/final/original_no_message/s8867,original_no_message,8867,message_weights.0,153345,4096,4096,0.0,0.03566533699631691,0.0,0.0,0.03389111906290054,0.0,0.0,0.03566533699631691,0.034502480179071426,0.0001625990407774225,0.0,0.0,0.8221476674079895,0.0,0.0,0.8227583169937134,0.8247010707855225,0.17971466481685638
activity/outer3/final/original_no_message/s8867,original_no_message,8867,message_weights.1,153345,4096,4096,0.0,0.025325478985905647,0.0,0.0,0.023570045828819275,0.0,0.0,0.025325478985905647,0.024031050503253937,0.00015477952547371387,0.0,0.0,1.0275158882141113,0.0,0.0,0.9975038766860962,0.9328779578208923,0.3178173899650574
activity/outer3/final/original_no_message/s9973,original_no_message,9973,message_weights.0,153345,4096,4096,0.0,0.025686129927635193,0.0,0.0,0.025686129927635193,0.0,0.0,0.02263951301574707,0.02360532246530056,9.403756121173501e-05,0.0,0.0,0.5192955732345581,0.0,0.0,0.47089099884033203,0.4671090841293335,0.1904471516609192
activity/outer3/final/original_no_message/s9973,original_no_message,9973,message_weights.1,153345,4096,4096,0.0,0.023985011503100395,0.0,0.0,0.023985011503100395,0.0,0.0,0.023382266983389854,0.0214094128459692,9.604733349988237e-05,0.0,0.0,0.574126124382019,0.0,0.0,0.509061336517334,0.5185433626174927,0.29965415596961975
activity/outer4/final/corrected_gnn/s11027,corrected_gnn,11027,message_weights.0,153345,4096,4096,0.0,0.0349833182990551,0.0,0.0,0.0349833182990551,0.0,0.0,0.03081878088414669,0.028394024819135666,1.747964597598184e-05,0.0013734453823417425,0.0013836787547916174,9.75271224975586,0.0013678764225915074,0.001433265395462513,10.178775787353516,9.00493049621582,4.3008952140808105
activity/outer4/final/corrected_gnn/s11027,corrected_gnn,11027,message_weights.1,153345,4096,4096,0.0,0.025312479585409164,0.0,0.0,0.025312479585409164,0.0,0.0,0.020800089463591576,0.02110947109758854,2.2679254470858723e-05,0.0014038808876648545,0.001320540439337492,10.34856128692627,0.0013704064767807722,0.001341128023341298,9.38099193572998,8.751932144165039,7.120514869689941
activity/outer4/final/corrected_gnn/s1103,corrected_gnn,1103,message_weights.0,153345,4096,4096,0.0,0.17399324476718903,0.0,0.0,0.16997256875038147,0.0,0.0,0.1535070538520813,0.17399324476718903,4.6643191353723523e-07,0.0011458024382591248,0.001104084774851799,7.959880828857422,0.0011700161267071962,0.0011360121425241232,7.720222473144531,7.196616172790527,4.372250080108643
activity/outer4/final/corrected_gnn/s1103,corrected_gnn,1103,message_weights.1,153345,4096,4096,0.0,0.12522366642951965,0.0,0.0,0.12290435284376144,0.0,0.0,0.12392183393239975,0.12522366642951965,3.9673201968071226e-07,0.0011264580534771085,0.0011010740417987108,9.482481002807617,0.0011309344554319978,0.0011109430342912674,8.89605712890625,8.264688491821289,8.007427215576172
activity/outer4/final/corrected_gnn/s2207,corrected_gnn,2207,message_weights.0,153345,4096,4096,0.0,0.07945516705513,0.0,0.0,0.07945516705513,0.0,0.0,0.07307642698287964,0.07467463612556458,3.150486736558378e-05,0.0015912125818431377,0.0016180106904357672,11.962689399719238,0.0015983586199581623,0.0016169443260878325,10.415690422058105,9.93189811706543,8.364924430847168
activity/outer4/final/corrected_gnn/s2207,corrected_gnn,2207,message_weights.1,153345,4096,4096,0.0,0.05717136710882187,0.0,0.0,0.05717136710882187,0.0,0.0,0.050695162266492844,0.05053532123565674,2.8156749976915307e-05,0.0015923732426017523,0.0015834665391594172,11.81025218963623,0.0015872757649049163,0.0016243362333625555,11.473776817321777,10.087003707885742,15.208904266357422
activity/outer4/final/corrected_gnn/s3301,corrected_gnn,3301,message_weights.0,153345,4096,4096,0.0,0.19800597429275513,0.0,0.0,0.19800597429275513,0.0,0.0,0.17373321950435638,0.15874987840652466,1.0404729437141214e-05,0.0026909641455858946,0.002728622406721115,13.523101806640625,0.002721714321523905,0.0026041821110993624,13.845819473266602,13.797821044921875,13.766483306884766
activity/outer4/final/corrected_gnn/s3301,corrected_gnn,3301,message_weights.1,153345,4096,4096,0.0,0.12573540210723877,0.0,0.0,0.12573540210723877,0.0,0.0,0.11854199320077896,0.1105312705039978,6.687838776997523e-06,0.0027448181062936783,0.0026839885395020247,13.49691104888916,0.0026808632537722588,0.0027667288668453693,13.615838050842285,13.826333999633789,19.129484176635742
activity/outer4/final/corrected_gnn/s4409,corrected_gnn,4409,message_weights.0,153345,4096,4096,0.0,0.35382476449012756,0.0,0.0,0.35382476449012756,0.0,0.0,0.3102453947067261,0.2826952338218689,4.6888762881280854e-06,0.0015874092932790518,0.0015907332999631763,11.727884292602539,0.001567803556099534,0.0016904356889426708,11.401290893554688,9.83041763305664,6.279634475708008
activity/outer4/final/corrected_gnn/s4409,corrected_gnn,4409,message_weights.1,153345,4096,4096,0.0,0.24936461448669434,0.0,0.0,0.24936461448669434,0.0,0.0,0.20751157402992249,0.19564256072044373,3.3770131722121732e-06,0.0015959981828927994,0.001631854334846139,10.576374053955078,0.0015416716923937201,0.001612219144590199,10.628436088562012,10.579407691955566,12.360841751098633
activity/outer4/final/corrected_gnn/s5519,corrected_gnn,5519,message_weights.0,153345,4096,4096,0.0,0.05196608230471611,0.0,0.0,0.051623642444610596,0.0,0.0,0.05104187875986099,0.05196608230471611,7.237398676807061e-05,0.0027039076667279005,0.0026151067577302456,15.202018737792969,0.0026549387257546186,0.002670068759471178,15.652925491333008,13.769792556762695,3.988473415374756
activity/outer4/final/corrected_gnn/s5519,corrected_gnn,5519,message_weights.1,153345,4096,4096,0.0,0.04931044206023216,0.0,0.0,0.04931044206023216,0.0,0.0,0.048156458884477615,0.047776225954294205,3.9882739656604826e-05,0.0025952609721571207,0.002578043844550848,12.848930358886719,0.0027148243971168995,0.0026383232325315475,12.247383117675781,12.141240119934082,7.980695724487305
activity/outer4/final/corrected_gnn/s6637,corrected_gnn,6637,message_weights.0,153345,4096,4096,0.0,0.017969252541661263,0.0,0.0,0.017969252541661263,0.0,0.0,0.014229719527065754,0.01640075445175171,2.1877451217733324e-05,0.008755296468734741,0.009098735637962818,24.648658752441406,0.008963270112872124,0.008902668952941895,29.12174415588379,28.161678314208984,15.078285217285156
activity/outer4/final/corrected_gnn/s6637,corrected_gnn,6637,message_weights.1,153345,4096,4096,0.0,0.015396148897707462,0.0,0.0,0.015396148897707462,0.0,0.0,0.01386121567338705,0.013352837413549423,1.7225682313437574e-05,0.008510317653417587,0.00878849346190691,21.059612274169922,0.008738609030842781,0.008629081770777702,21.539024353027344,21.794509887695312,31.338754653930664
activity/outer4/final/corrected_gnn/s7753,corrected_gnn,7753,message_weights.0,153345,4096,4096,0.0,0.07982715964317322,0.0,0.0,0.07982715964317322,0.0,0.0,0.07105622440576553,0.06995143741369247,3.1504830985795707e-05,0.0035516347270458937,0.0036013233475387096,18.425046920776367,0.003456381382420659,0.0035300515592098236,20.581401824951172,19.303359985351562,12.63388442993164
activity/outer4/final/corrected_gnn/s7753,corrected_gnn,7753,message_weights.1,153345,4096,4096,0.0,0.04160814359784126,0.0,0.0,0.04160814359784126,0.0,0.0,0.03335984796285629,0.03236985579133034,2.188516918977257e-05,0.0034912978298962116,0.003593618515878916,15.110909461975098,0.003508058376610279,0.0034691481851041317,16.626571655273438,14.191705703735352,16.272937774658203
activity/outer4/final/corrected_gnn/s8867,corrected_gnn,8867,message_weights.0,153345,4096,4096,0.0,0.5401374697685242,0.0,0.0,0.4596942663192749,0.0,0.0,0.49149027466773987,0.5401374697685242,7.938778435345739e-05,0.0007188810268417001,0.0007216713856905699,8.648408889770508,0.0007150716264732182,0.0007212566561065614,7.388780117034912,6.859079360961914,4.137228488922119
activity/outer4/final/corrected_gnn/s8867,corrected_gnn,8867,message_weights.1,153345,4096,4096,0.0,0.315555214881897,0.0,0.0,0.315555214881897,0.0,0.0,0.2697017192840576,0.280266672372818,5.89657538512256e-05,0.0007004032377153635,0.0007216683588922024,8.858498573303223,0.0007265520980581641,0.0006888870266266167,7.3775835037231445,6.310924053192139,6.035717964172363
activity/outer4/final/corrected_gnn/s9973,corrected_gnn,9973,message_weights.0,153345,4096,4096,0.0,0.28671419620513916,0.0,0.0,0.2795085310935974,0.0,0.0,0.2677343785762787,0.28671419620513916,0.00020438170759007335,0.000788800825830549,0.0008248511585406959,8.767942428588867,0.0008560467977076769,0.0008568678749725223,7.647273063659668,7.485136032104492,6.681826114654541
activity/outer4/final/corrected_gnn/s9973,corrected_gnn,9973,message_weights.1,153345,4096,4096,0.0,0.24481314420700073,0.0,0.0,0.24481314420700073,0.0,0.0,0.18868254125118256,0.18931421637535095,0.00012998664169572294,0.0008318435866385698,0.0008599390857852995,8.412609100341797,0.0008408906869590282,0.0008612041710875928,8.275716781616211,7.303001880645752,9.124650001525879
activity/outer4/final/corrected_no_message/s11027,corrected_no_message,11027,message_weights.0,153345,4096,4096,0.0,0.06936878710985184,0.0,0.0,0.06618890166282654,0.0,0.0,0.06936878710985184,0.06607390195131302,7.922123586467933e-06,0.0,0.0,12.289642333984375,0.0,0.0,11.76734447479248,10.88302993774414,5.039283752441406
activity/outer4/final/corrected_no_message/s11027,corrected_no_message,11027,message_weights.1,153345,4096,4096,0.0,0.060487084090709686,0.0,0.0,0.060487084090709686,0.0,0.0,0.05704168602824211,0.05707799643278122,6.948370810277993e-06,0.0,0.0,10.116869926452637,0.0,0.0,11.144509315490723,10.57740306854248,8.010149955749512
activity/outer4/final/corrected_no_message/s1103,corrected_no_message,1103,message_weights.0,153345,4096,4096,0.0,0.06882592290639877,0.0,0.0,0.06882592290639877,0.0,0.0,0.058439504355192184,0.055336516350507736,2.9018192435614765e-05,0.0,0.0,6.748273849487305,0.0,0.0,6.837100028991699,6.177718639373779,4.467506408691406
activity/outer4/final/corrected_no_message/s1103,corrected_no_message,1103,message_weights.1,153345,4096,4096,0.0,0.04972217231988907,0.0,0.0,0.04972217231988907,0.0,0.0,0.04811807721853256,0.04910775646567345,2.9595670639537275e-05,0.0,0.0,7.9062957763671875,0.0,0.0,7.70374059677124,7.114769458770752,8.204402923583984
activity/outer4/final/corrected_no_message/s2207,corrected_no_message,2207,message_weights.0,153345,4096,4096,0.0,0.15499301254749298,0.0,0.0,0.15499301254749298,0.0,0.0,0.1217631995677948,0.12004480510950089,2.0756846424774267e-05,0.0,0.0,12.667095184326172,0.0,0.0,12.4273042678833,11.862287521362305,8.665653228759766
activity/outer4/final/corrected_no_message/s2207,corrected_no_message,2207,message_weights.1,153345,4096,4096,0.0,0.12090117484331131,0.0,0.0,0.12090117484331131,0.0,0.0,0.10427609831094742,0.10108699649572372,1.8724933397606947e-05,0.0,0.0,12.01301383972168,0.0,0.0,14.275306701660156,12.635528564453125,16.56993865966797
activity/outer4/final/corrected_no_message/s3301,corrected_no_message,3301,message_weights.0,153345,4096,4096,0.0,0.06121814250946045,0.0,0.0,0.06121814250946045,0.0,0.0,0.0506766103208065,0.04740516468882561,1.3819168998452369e-05,0.0,0.0,16.422077178955078,0.0,0.0,16.777490615844727,15.977263450622559,19.267112731933594
activity/outer4/final/corrected_no_message/s3301,corrected_no_message,3301,message_weights.1,153345,4096,4096,0.0,0.0593719407916069,0.0,0.0,0.0593719407916069,0.0,0.0,0.057457756251096725,0.05414827913045883,9.612514077161904e-06,0.0,0.0,15.136009216308594,0.0,0.0,15.526493072509766,14.657106399536133,24.285001754760742
activity/outer4/final/corrected_no_message/s4409,corrected_no_message,4409,message_weights.0,153345,4096,4096,0.0,0.09233224391937256,0.0,0.0,0.09233224391937256,0.0,0.0,0.08615843951702118,0.08570662885904312,0.00012792083725798875,0.0,0.0,7.072615623474121,0.0,0.0,7.073489665985107,6.696916103363037,5.25885534286499
activity/outer4/final/corrected_no_message/s4409,corrected_no_message,4409,message_weights.1,153345,4096,4096,0.0,0.06546003371477127,0.0,0.0,0.06546003371477127,0.0,0.0,0.055560752749443054,0.052459534257650375,9.981678158510476e-05,0.0,0.0,6.891440391540527,0.0,0.0,7.906430244445801,7.153373718261719,10.336679458618164
activity/outer4/final/corrected_no_message/s5519,corrected_no_message,5519,message_weights.0,153345,4096,4096,0.0,0.031160112470388412,0.0,0.0,0.030169159173965454,0.0,0.0,0.031008942052721977,0.031160112470388412,2.610229785204865e-05,0.0,0.0,17.27057647705078,0.0,0.0,17.169048309326172,15.519601821899414,4.662821292877197
activity/outer4/final/corrected_no_message/s5519,corrected_no_message,5519,message_weights.1,153345,4096,4096,0.0,0.04055510833859444,0.0,0.0,0.04055510833859444,0.0,0.0,0.03772790729999542,0.036821767687797546,2.846507413778454e-05,0.0,0.0,13.669044494628906,0.0,0.0,14.828058242797852,13.961231231689453,8.639484405517578
activity/outer4/final/corrected_no_message/s6637,corrected_no_message,6637,message_weights.0,153345,4096,4096,0.0,0.10786601901054382,0.0,0.0,0.10786601901054382,0.0,0.0,0.10400766134262085,0.10338399559259415,1.9570065035168227e-07,0.0,0.0,16.328235626220703,0.0,0.0,17.11507797241211,17.33985137939453,10.874101638793945
activity/outer4/final/corrected_no_message/s6637,corrected_no_message,6637,message_weights.1,153345,4096,4096,0.0,0.0902804583311081,0.0,0.0,0.0902804583311081,0.0,0.0,0.08293759822845459,0.08174827694892883,2.89637370087803e-07,0.0,0.0,14.243703842163086,0.0,0.0,15.28033447265625,14.755420684814453,22.188194274902344
activity/outer4/final/corrected_no_message/s7753,corrected_no_message,7753,message_weights.0,153345,4096,4096,0.0,0.08424634486436844,0.0,0.0,0.08424634486436844,0.0,0.0,0.07981608062982559,0.07974278926849365,2.304256304341834e-05,0.0,0.0,17.147628784179688,0.0,0.0,17.29047393798828,16.511180877685547,12.56550407409668
activity/outer4/final/corrected_no_message/s7753,corrected_no_message,7753,message_weights.1,153345,4096,4096,0.0,0.052238550037145615,0.0,0.0,0.052238550037145615,0.0,0.0,0.04829351231455803,0.04886435717344284,1.5405281374114566e-05,0.0,0.0,13.08662223815918,0.0,0.0,13.199667930603027,12.52937126159668,15.880125045776367
activity/outer4/final/corrected_no_message/s8867,corrected_no_message,8867,message_weights.0,153345,4096,4096,0.0,0.29238471388816833,0.0,0.0,0.2608219385147095,0.0,0.0,0.27518418431282043,0.29238471388816833,0.00011486103176139295,0.0,0.0,6.945646286010742,0.0,0.0,6.92161226272583,6.235581398010254,4.3734331130981445
activity/outer4/final/corrected_no_message/s8867,corrected_no_message,8867,message_weights.1,153345,4096,4096,0.0,0.18223004043102264,0.0,0.0,0.18223004043102264,0.0,0.0,0.16040341556072235,0.16241280734539032,7.031427958281711e-05,0.0,0.0,7.217623233795166,0.0,0.0,7.467112064361572,6.068630218505859,5.918250560760498
activity/outer4/final/corrected_no_message/s9973,corrected_no_message,9973,message_weights.0,153345,4096,4096,0.0,0.07998053729534149,0.0,0.0,0.07998053729534149,0.0,0.0,0.0625595971941948,0.05804070085287094,3.043247716050246e-06,0.0,0.0,12.335376739501953,0.0,0.0,11.688812255859375,11.374449729919434,10.060609817504883
activity/outer4/final/corrected_no_message/s9973,corrected_no_message,9973,message_weights.1,153345,4096,4096,0.0,0.07917387038469315,0.0,0.0,0.07917387038469315,0.0,0.0,0.058256641030311584,0.058653756976127625,2.9977597932884237e-06,0.0,0.0,11.284396171569824,0.0,0.0,12.536101341247559,11.416101455688477,14.901037216186523
activity/outer4/final/original_gnn/s11027,original_gnn,11027,message_weights.0,153345,4096,4096,0.0,0.0349833182990551,0.0,0.0,0.0349833182990551,0.0,0.0,0.03081878088414669,0.028394024819135666,1.747964597598184e-05,0.0013734453823417425,0.0013836787547916174,9.75271224975586,0.0013678764225915074,0.001433265395462513,10.178775787353516,9.00493049621582,4.3008952140808105
activity/outer4/final/original_gnn/s11027,original_gnn,11027,message_weights.1,153345,4096,4096,0.0,0.025312479585409164,0.0,0.0,0.025312479585409164,0.0,0.0,0.020800089463591576,0.02110947109758854,2.2679254470858723e-05,0.0014038808876648545,0.001320540439337492,10.34856128692627,0.0013704064767807722,0.001341128023341298,9.38099193572998,8.751932144165039,7.120514869689941
activity/outer4/final/original_gnn/s1103,original_gnn,1103,message_weights.0,153345,4096,4096,0.0,0.17399324476718903,0.0,0.0,0.16997256875038147,0.0,0.0,0.1535070538520813,0.17399324476718903,4.6643191353723523e-07,0.0011458024382591248,0.001104084774851799,7.959880828857422,0.0011700161267071962,0.0011360121425241232,7.720222473144531,7.196616172790527,4.372250080108643
activity/outer4/final/original_gnn/s1103,original_gnn,1103,message_weights.1,153345,4096,4096,0.0,0.12522366642951965,0.0,0.0,0.12290435284376144,0.0,0.0,0.12392183393239975,0.12522366642951965,3.9673201968071226e-07,0.0011264580534771085,0.0011010740417987108,9.482481002807617,0.0011309344554319978,0.0011109430342912674,8.89605712890625,8.264688491821289,8.007427215576172
activity/outer4/final/original_gnn/s2207,original_gnn,2207,message_weights.0,153345,4096,4096,0.0,0.07945516705513,0.0,0.0,0.07945516705513,0.0,0.0,0.07307642698287964,0.07467463612556458,3.150486736558378e-05,0.0015912125818431377,0.0016180106904357672,11.962689399719238,0.0015983586199581623,0.0016169443260878325,10.415690422058105,9.93189811706543,8.364924430847168
activity/outer4/final/original_gnn/s2207,original_gnn,2207,message_weights.1,153345,4096,4096,0.0,0.05717136710882187,0.0,0.0,0.05717136710882187,0.0,0.0,0.050695162266492844,0.05053532123565674,2.8156749976915307e-05,0.0015923732426017523,0.0015834665391594172,11.81025218963623,0.0015872757649049163,0.0016243362333625555,11.473776817321777,10.087003707885742,15.208904266357422
activity/outer4/final/original_gnn/s3301,original_gnn,3301,message_weights.0,153345,4096,4096,0.0,0.19800597429275513,0.0,0.0,0.19800597429275513,0.0,0.0,0.17373321950435638,0.15874987840652466,1.0404729437141214e-05,0.0026909641455858946,0.002728622406721115,13.523101806640625,0.002721714321523905,0.0026041821110993624,13.845819473266602,13.797821044921875,13.766483306884766
activity/outer4/final/original_gnn/s3301,original_gnn,3301,message_weights.1,153345,4096,4096,0.0,0.12573540210723877,0.0,0.0,0.12573540210723877,0.0,0.0,0.11854199320077896,0.1105312705039978,6.687838776997523e-06,0.0027448181062936783,0.0026839885395020247,13.49691104888916,0.0026808632537722588,0.0027667288668453693,13.615838050842285,13.826333999633789,19.129484176635742
activity/outer4/final/original_gnn/s4409,original_gnn,4409,message_weights.0,153345,4096,4096,0.0,0.35382476449012756,0.0,0.0,0.35382476449012756,0.0,0.0,0.3102453947067261,0.2826952338218689,4.6888762881280854e-06,0.0015874092932790518,0.0015907332999631763,11.727884292602539,0.001567803556099534,0.0016904356889426708,11.401290893554688,9.83041763305664,6.279634475708008
activity/outer4/final/original_gnn/s4409,original_gnn,4409,message_weights.1,153345,4096,4096,0.0,0.24936461448669434,0.0,0.0,0.24936461448669434,0.0,0.0,0.20751157402992249,0.19564256072044373,3.3770131722121732e-06,0.0015959981828927994,0.001631854334846139,10.576374053955078,0.0015416716923937201,0.001612219144590199,10.628436088562012,10.579407691955566,12.360841751098633
activity/outer4/final/original_gnn/s5519,original_gnn,5519,message_weights.0,153345,4096,4096,0.0,0.05196608230471611,0.0,0.0,0.051623642444610596,0.0,0.0,0.05104187875986099,0.05196608230471611,7.237398676807061e-05,0.0027039076667279005,0.0026151067577302456,15.202018737792969,0.0026549387257546186,0.002670068759471178,15.652925491333008,13.769792556762695,3.988473415374756
activity/outer4/final/original_gnn/s5519,original_gnn,5519,message_weights.1,153345,4096,4096,0.0,0.04931044206023216,0.0,0.0,0.04931044206023216,0.0,0.0,0.048156458884477615,0.047776225954294205,3.9882739656604826e-05,0.0025952609721571207,0.002578043844550848,12.848930358886719,0.0027148243971168995,0.0026383232325315475,12.247383117675781,12.141240119934082,7.980695724487305
activity/outer4/final/original_gnn/s6637,original_gnn,6637,message_weights.0,153345,4096,4096,0.0,0.017969252541661263,0.0,0.0,0.017969252541661263,0.0,0.0,0.014229719527065754,0.01640075445175171,2.1877451217733324e-05,0.008755296468734741,0.009098735637962818,24.648658752441406,0.008963270112872124,0.008902668952941895,29.12174415588379,28.161678314208984,15.078285217285156
activity/outer4/final/original_gnn/s6637,original_gnn,6637,message_weights.1,153345,4096,4096,0.0,0.015396148897707462,0.0,0.0,0.015396148897707462,0.0,0.0,0.01386121567338705,0.013352837413549423,1.7225682313437574e-05,0.008510317653417587,0.00878849346190691,21.059612274169922,0.008738609030842781,0.008629081770777702,21.539024353027344,21.794509887695312,31.338754653930664
activity/outer4/final/original_gnn/s7753,original_gnn,7753,message_weights.0,153345,4096,4096,0.0,0.07982715964317322,0.0,0.0,0.07982715964317322,0.0,0.0,0.07105622440576553,0.06995143741369247,3.1504830985795707e-05,0.0035516347270458937,0.0036013233475387096,18.425046920776367,0.003456381382420659,0.0035300515592098236,20.581401824951172,19.303359985351562,12.63388442993164
activity/outer4/final/original_gnn/s7753,original_gnn,7753,message_weights.1,153345,4096,4096,0.0,0.04160814359784126,0.0,0.0,0.04160814359784126,0.0,0.0,0.03335984796285629,0.03236985579133034,2.188516918977257e-05,0.0034912978298962116,0.003593618515878916,15.110909461975098,0.003508058376610279,0.0034691481851041317,16.626571655273438,14.191705703735352,16.272937774658203
activity/outer4/final/original_gnn/s8867,original_gnn,8867,message_weights.0,153345,4096,4096,0.0,0.5401374697685242,0.0,0.0,0.4596942663192749,0.0,0.0,0.49149027466773987,0.5401374697685242,7.938778435345739e-05,0.0007188810268417001,0.0007216713856905699,8.648408889770508,0.0007150716264732182,0.0007212566561065614,7.388780117034912,6.859079360961914,4.137228488922119
activity/outer4/final/original_gnn/s8867,original_gnn,8867,message_weights.1,153345,4096,4096,0.0,0.315555214881897,0.0,0.0,0.315555214881897,0.0,0.0,0.2697017192840576,0.280266672372818,5.89657538512256e-05,0.0007004032377153635,0.0007216683588922024,8.858498573303223,0.0007265520980581641,0.0006888870266266167,7.3775835037231445,6.310924053192139,6.035717964172363
activity/outer4/final/original_gnn/s9973,original_gnn,9973,message_weights.0,153345,4096,4096,0.0,0.28671419620513916,0.0,0.0,0.2795085310935974,0.0,0.0,0.2677343785762787,0.28671419620513916,0.00020438170759007335,0.000788800825830549,0.0008248511585406959,8.767942428588867,0.0008560467977076769,0.0008568678749725223,7.647273063659668,7.485136032104492,6.681826114654541
activity/outer4/final/original_gnn/s9973,original_gnn,9973,message_weights.1,153345,4096,4096,0.0,0.24481314420700073,0.0,0.0,0.24481314420700073,0.0,0.0,0.18868254125118256,0.18931421637535095,0.00012998664169572294,0.0008318435866385698,0.0008599390857852995,8.412609100341797,0.0008408906869590282,0.0008612041710875928,8.275716781616211,7.303001880645752,9.124650001525879
activity/outer4/final/original_no_message/s11027,original_no_message,11027,message_weights.0,153345,4096,4096,0.0,0.06936878710985184,0.0,0.0,0.06618890166282654,0.0,0.0,0.06936878710985184,0.06607390195131302,7.922123586467933e-06,0.0,0.0,12.289642333984375,0.0,0.0,11.76734447479248,10.88302993774414,5.039283752441406
activity/outer4/final/original_no_message/s11027,original_no_message,11027,message_weights.1,153345,4096,4096,0.0,0.060487084090709686,0.0,0.0,0.060487084090709686,0.0,0.0,0.05704168602824211,0.05707799643278122,6.948370810277993e-06,0.0,0.0,10.116869926452637,0.0,0.0,11.144509315490723,10.57740306854248,8.010149955749512
activity/outer4/final/original_no_message/s1103,original_no_message,1103,message_weights.0,153345,4096,4096,0.0,0.06882592290639877,0.0,0.0,0.06882592290639877,0.0,0.0,0.058439504355192184,0.055336516350507736,2.9018192435614765e-05,0.0,0.0,6.748273849487305,0.0,0.0,6.837100028991699,6.177718639373779,4.467506408691406
activity/outer4/final/original_no_message/s1103,original_no_message,1103,message_weights.1,153345,4096,4096,0.0,0.04972217231988907,0.0,0.0,0.04972217231988907,0.0,0.0,0.04811807721853256,0.04910775646567345,2.9595670639537275e-05,0.0,0.0,7.9062957763671875,0.0,0.0,7.70374059677124,7.114769458770752,8.204402923583984
activity/outer4/final/original_no_message/s2207,original_no_message,2207,message_weights.0,153345,4096,4096,0.0,0.15499301254749298,0.0,0.0,0.15499301254749298,0.0,0.0,0.1217631995677948,0.12004480510950089,2.0756846424774267e-05,0.0,0.0,12.667095184326172,0.0,0.0,12.4273042678833,11.862287521362305,8.665653228759766
activity/outer4/final/original_no_message/s2207,original_no_message,2207,message_weights.1,153345,4096,4096,0.0,0.12090117484331131,0.0,0.0,0.12090117484331131,0.0,0.0,0.10427609831094742,0.10108699649572372,1.8724933397606947e-05,0.0,0.0,12.01301383972168,0.0,0.0,14.275306701660156,12.635528564453125,16.56993865966797
activity/outer4/final/original_no_message/s3301,original_no_message,3301,message_weights.0,153345,4096,4096,0.0,0.06121814250946045,0.0,0.0,0.06121814250946045,0.0,0.0,0.0506766103208065,0.04740516468882561,1.3819168998452369e-05,0.0,0.0,16.422077178955078,0.0,0.0,16.777490615844727,15.977263450622559,19.267112731933594
activity/outer4/final/original_no_message/s3301,original_no_message,3301,message_weights.1,153345,4096,4096,0.0,0.0593719407916069,0.0,0.0,0.0593719407916069,0.0,0.0,0.057457756251096725,0.05414827913045883,9.612514077161904e-06,0.0,0.0,15.136009216308594,0.0,0.0,15.526493072509766,14.657106399536133,24.285001754760742
activity/outer4/final/original_no_message/s4409,original_no_message,4409,message_weights.0,153345,4096,4096,0.0,0.09233224391937256,0.0,0.0,0.09233224391937256,0.0,0.0,0.08615843951702118,0.08570662885904312,0.00012792083725798875,0.0,0.0,7.072615623474121,0.0,0.0,7.073489665985107,6.696916103363037,5.25885534286499
activity/outer4/final/original_no_message/s4409,original_no_message,4409,message_weights.1,153345,4096,4096,0.0,0.06546003371477127,0.0,0.0,0.06546003371477127,0.0,0.0,0.055560752749443054,0.052459534257650375,9.981678158510476e-05,0.0,0.0,6.891440391540527,0.0,0.0,7.906430244445801,7.153373718261719,10.336679458618164
activity/outer4/final/original_no_message/s5519,original_no_message,5519,message_weights.0,153345,4096,4096,0.0,0.031160112470388412,0.0,0.0,0.030169159173965454,0.0,0.0,0.031008942052721977,0.031160112470388412,2.610229785204865e-05,0.0,0.0,17.27057647705078,0.0,0.0,17.169048309326172,15.519601821899414,4.662821292877197
activity/outer4/final/original_no_message/s5519,original_no_message,5519,message_weights.1,153345,4096,4096,0.0,0.04055510833859444,0.0,0.0,0.04055510833859444,0.0,0.0,0.03772790729999542,0.036821767687797546,2.846507413778454e-05,0.0,0.0,13.669044494628906,0.0,0.0,14.828058242797852,13.961231231689453,8.639484405517578
activity/outer4/final/original_no_message/s6637,original_no_message,6637,message_weights.0,153345,4096,4096,0.0,0.10786601901054382,0.0,0.0,0.10786601901054382,0.0,0.0,0.10400766134262085,0.10338399559259415,1.9570065035168227e-07,0.0,0.0,16.328235626220703,0.0,0.0,17.11507797241211,17.33985137939453,10.874101638793945
activity/outer4/final/original_no_message/s6637,original_no_message,6637,message_weights.1,153345,4096,4096,0.0,0.0902804583311081,0.0,0.0,0.0902804583311081,0.0,0.0,0.08293759822845459,0.08174827694892883,2.89637370087803e-07,0.0,0.0,14.243703842163086,0.0,0.0,15.28033447265625,14.755420684814453,22.188194274902344
activity/outer4/final/original_no_message/s7753,original_no_message,7753,message_weights.0,153345,4096,4096,0.0,0.08424634486436844,0.0,0.0,0.08424634486436844,0.0,0.0,0.07981608062982559,0.07974278926849365,2.304256304341834e-05,0.0,0.0,17.147628784179688,0.0,0.0,17.29047393798828,16.511180877685547,12.56550407409668
activity/outer4/final/original_no_message/s7753,original_no_message,7753,message_weights.1,153345,4096,4096,0.0,0.052238550037145615,0.0,0.0,0.052238550037145615,0.0,0.0,0.04829351231455803,0.04886435717344284,1.5405281374114566e-05,0.0,0.0,13.08662223815918,0.0,0.0,13.199667930603027,12.52937126159668,15.880125045776367
activity/outer4/final/original_no_message/s8867,original_no_message,8867,message_weights.0,153345,4096,4096,0.0,0.29238471388816833,0.0,0.0,0.2608219385147095,0.0,0.0,0.27518418431282043,0.29238471388816833,0.00011486103176139295,0.0,0.0,6.945646286010742,0.0,0.0,6.92161226272583,6.235581398010254,4.3734331130981445
activity/outer4/final/original_no_message/s8867,original_no_message,8867,message_weights.1,153345,4096,4096,0.0,0.18223004043102264,0.0,0.0,0.18223004043102264,0.0,0.0,0.16040341556072235,0.16241280734539032,7.031427958281711e-05,0.0,0.0,7.217623233795166,0.0,0.0,7.467112064361572,6.068630218505859,5.918250560760498
activity/outer4/final/original_no_message/s9973,original_no_message,9973,message_weights.0,153345,4096,4096,0.0,0.07998053729534149,0.0,0.0,0.07998053729534149,0.0,0.0,0.0625595971941948,0.05804070085287094,3.043247716050246e-06,0.0,0.0,12.335376739501953,0.0,0.0,11.688812255859375,11.374449729919434,10.060609817504883
activity/outer4/final/original_no_message/s9973,original_no_message,9973,message_weights.1,153345,4096,4096,0.0,0.07917387038469315,0.0,0.0,0.07917387038469315,0.0,0.0,0.058256641030311584,0.058653756976127625,2.9977597932884237e-06,0.0,0.0,11.284396171569824,0.0,0.0,12.536101341247559,11.416101455688477,14.901037216186523
pair/b2outer0/final/activity_gnn/s11027,corrected_gnn,11027,message_weights.0,153345,1024,1024,0.0,0.07462320476770401,0.05712408199906349,0.04745535925030708,0.07462320476770401,0.0590980239212513,0.028210975229740143,0.06378430873155594,0.06433530896902084,0.0,1.0515122413635254,1.0245839357376099,1.0955439805984497,1.0483055114746094,1.036767601966858,1.1458740234375,1.1529672145843506,1.673176302574575e-05
pair/b2outer0/final/activity_gnn/s11027,corrected_gnn,11027,message_weights.1,153345,1024,1024,0.0,0.08088826388120651,0.06186765059828758,0.04832921177148819,0.08088826388120651,0.06284394860267639,0.035670988261699677,0.06578134745359421,0.06645311415195465,0.0,1.8340696096420288,1.9365544319152832,1.9742799997329712,1.6902003288269043,1.7547993659973145,1.7682528495788574,1.8323307037353516,1.6855861758813262e-05
pair/b2outer0/final/activity_gnn/s1103,corrected_gnn,1103,message_weights.0,153345,1024,1024,0.0,0.15576687455177307,0.12622307240962982,0.06051372364163399,0.12689387798309326,0.11792832612991333,0.05832410231232643,0.13445332646369934,0.15576687455177307,0.0,1.1598455905914307,0.816166341304779,1.1577068567276,1.1364377737045288,0.8218408823013306,1.1294950246810913,1.033982753753662,1.2337050975474995e-05
pair/b2outer0/final/activity_gnn/s1103,corrected_gnn,1103,message_weights.1,153345,1024,1024,0.0,0.12565051019191742,0.1096993237733841,0.06637631356716156,0.12565051019191742,0.10167786478996277,0.06152348220348358,0.12192163616418839,0.12024093419313431,0.0,1.732703447341919,1.5205748081207275,1.661780834197998,1.7214584350585938,1.603529691696167,1.6288336515426636,1.6680908203125,1.2723947293125093e-05
pair/b2outer0/final/activity_gnn/s2207,corrected_gnn,2207,message_weights.0,153345,1024,1024,0.0,0.1529027223587036,0.12113945931196213,0.09262360632419586,0.14143241941928864,0.12976545095443726,0.06197027489542961,0.12164300680160522,0.1529027223587036,0.0,1.3066366910934448,0.9378046989440918,1.3123414516448975,1.297929286956787,1.1709609031677246,1.3095977306365967,1.240328073501587,1.645972952246666e-05
pair/b2outer0/final/activity_gnn/s2207,corrected_gnn,2207,message_weights.1,153345,1024,1024,0.0,0.11299573630094528,0.09622492641210556,0.06417130678892136,0.11299573630094528,0.09443841129541397,0.040796585381031036,0.09942130744457245,0.10505584627389908,0.0,1.8435159921646118,1.893545150756836,1.8297518491744995,1.865004301071167,1.8863484859466553,1.8366706371307373,1.7442364692687988,1.6677666280884296e-05
pair/b2outer0/final/activity_gnn/s3301,corrected_gnn,3301,message_weights.0,153345,1024,1024,0.0,0.12965966761112213,0.10543262213468552,0.05544166639447212,0.12041886150836945,0.11441688239574432,0.05855170637369156,0.12197235226631165,0.12965966761112213,0.0,1.2764887809753418,1.0028514862060547,1.2552061080932617,1.2766609191894531,1.263857364654541,1.400293231010437,1.3093862533569336,1.64243538165465e-05
pair/b2outer0/final/activity_gnn/s3301,corrected_gnn,3301,message_weights.1,153345,1024,1024,0.0,0.1261616349220276,0.09797386825084686,0.06477610766887665,0.1261616349220276,0.09627574682235718,0.061351001262664795,0.11268507689237595,0.11488346755504608,0.0,1.9025230407714844,1.6464767456054688,1.7869364023208618,1.9270732402801514,1.6814451217651367,1.9734675884246826,1.921238899230957,1.659657573327422e-05
pair/b2outer0/final/activity_gnn/s4409,corrected_gnn,4409,message_weights.0,153345,1024,1024,0.0,0.07487580180168152,0.06949522346258163,0.04588305950164795,0.07418067753314972,0.06762136518955231,0.03677673637866974,0.06870795041322708,0.07487580180168152,0.0,2.9824674129486084,2.113218307495117,2.987509250640869,2.7673425674438477,2.1773483753204346,2.8328499794006348,2.6308035850524902,4.53971151728183e-05
pair/b2outer0/final/activity_gnn/s4409,corrected_gnn,4409,message_weights.1,153345,1024,1024,0.0,0.06786198168992996,0.05444292351603508,0.050717759877443314,0.06786198168992996,0.05537062883377075,0.026649756357073784,0.058885909616947174,0.06093522906303406,0.0,3.5901784896850586,3.0843403339385986,3.314815044403076,3.393388271331787,3.4261281490325928,3.4175162315368652,3.3413138389587402,4.5119111746316776e-05
pair/b2outer0/final/activity_gnn/s5519,corrected_gnn,5519,message_weights.0,153345,1024,1024,0.0,0.06766049563884735,0.059636276215314865,0.044147688895463943,0.06766049563884735,0.06215105578303337,0.03303341567516327,0.06497267633676529,0.06754463911056519,0.0,2.8164007663726807,2.040302038192749,2.7275028228759766,2.650892496109009,2.1541666984558105,2.6802573204040527,2.704257011413574,5.408917058957741e-05
pair/b2outer0/final/activity_gnn/s5519,corrected_gnn,5519,message_weights.1,153345,1024,1024,0.0,0.06627800315618515,0.05709172785282135,0.04186367988586426,0.06562268733978271,0.0552351213991642,0.03135455772280693,0.05936495214700699,0.06627800315618515,0.0,4.218547344207764,3.565415859222412,4.1178507804870605,4.203486442565918,3.5447540283203125,4.193735122680664,3.902719736099243,5.417429929366335e-05
pair/b2outer0/final/activity_gnn/s6637,corrected_gnn,6637,message_weights.0,153345,1024,1024,0.0,0.10923855006694794,0.09349493682384491,0.06106692925095558,0.10783197730779648,0.08999704569578171,0.03856277838349342,0.106351837515831,0.10923855006694794,0.0,2.3198742866516113,2.0721349716186523,2.470541477203369,2.5557169914245605,2.0088016986846924,2.602353572845459,2.439178943634033,3.751924668904394e-05
pair/b2outer0/final/activity_gnn/s6637,corrected_gnn,6637,message_weights.1,153345,1024,1024,0.0,0.06655777990818024,0.06102094054222107,0.04390137270092964,0.06593272089958191,0.05624194070696831,0.02760968916118145,0.062445856630802155,0.06655777990818024,0.0,3.6947689056396484,3.0841064453125,3.7065072059631348,3.7076592445373535,2.9215264320373535,3.671661615371704,3.486632823944092,3.714152262546122e-05
pair/b2outer0/final/activity_gnn/s7753,corrected_gnn,7753,message_weights.0,153345,1024,1024,0.0,0.12502317130565643,0.09933041781187057,0.08014027029275894,0.12502317130565643,0.09523696452379227,0.05171675980091095,0.10765573382377625,0.11267267912626266,0.0,2.2858641147613525,1.7245255708694458,2.224034309387207,2.180788993835449,1.6818006038665771,2.1985909938812256,2.1563754081726074,2.8996437322348356e-05
pair/b2outer0/final/activity_gnn/s7753,corrected_gnn,7753,message_weights.1,153345,1024,1024,0.0,0.09432414174079895,0.07920581102371216,0.0543871633708477,0.0918307676911354,0.07958820462226868,0.05257124826312065,0.09165019541978836,0.09432414174079895,0.0,2.76527738571167,2.846045970916748,2.7225966453552246,2.8459315299987793,2.7267813682556152,2.7648262977600098,2.6765270233154297,2.8709997422993183e-05
pair/b2outer0/final/activity_gnn/s8867,corrected_gnn,8867,message_weights.0,153345,1024,1024,0.0,0.11135893315076828,0.10471699386835098,0.06264887750148773,0.11086464673280716,0.10074440389871597,0.049172982573509216,0.10351008921861649,0.11135893315076828,0.0,1.59224534034729,1.4089915752410889,1.6531270742416382,1.6463756561279297,1.3443101644515991,1.7013440132141113,1.7016981840133667,2.1213054424151778e-05
pair/b2outer0/final/activity_gnn/s8867,corrected_gnn,8867,message_weights.1,153345,1024,1024,0.0,0.08081602305173874,0.07838910073041916,0.05424952134490013,0.07850410044193268,0.07932107895612717,0.041248999536037445,0.07395480573177338,0.08081602305173874,0.0,2.3464770317077637,2.3107094764709473,2.311906337738037,2.470078229904175,2.3869686126708984,2.33074951171875,2.320765495300293,2.130753273377195e-05
pair/b2outer0/final/activity_gnn/s9973,corrected_gnn,9973,message_weights.0,153345,1024,1024,0.0,0.07034575194120407,0.05455068498849869,0.03127731755375862,0.07034575194120407,0.05471964552998543,0.020437614992260933,0.05930505692958832,0.06488866358995438,0.0,1.315521478652954,1.0428109169006348,1.3716075420379639,1.280963659286499,1.131050944328308,1.4091392755508423,1.355460524559021,1.2203690857859328e-05
pair/b2outer0/final/activity_gnn/s9973,corrected_gnn,9973,message_weights.1,153345,1024,1024,0.0,0.050035182386636734,0.03971026837825775,0.028542261570692062,0.050035182386636734,0.0417674295604229,0.020944742485880852,0.04768027737736702,0.046868447214365005,0.0,1.6689181327819824,1.7830898761749268,1.6885364055633545,1.589530110359192,1.5753453969955444,1.5603101253509521,1.637198567390442,1.2766162399202585e-05
pair/b2outer0/final/pair_gnn/s11027,corrected_gnn,11027,message_weights.0,153345,1024,1024,0.0,0.09810134023427963,0.07020872831344604,0.060963816940784454,0.09810134023427963,0.06313780695199966,0.03266533836722374,0.07183179259300232,0.07021086663007736,0.0,0.8358808755874634,0.7502656579017639,0.8763735890388489,0.8793112635612488,0.8227332830429077,0.957366943359375,0.9325581192970276,8.365881512872875e-06
pair/b2outer0/final/pair_gnn/s11027,corrected_gnn,11027,message_weights.1,153345,1024,1024,0.0,0.08646450191736221,0.07010899484157562,0.04847407341003418,0.08350571244955063,0.07520008832216263,0.03933465853333473,0.08646450191736221,0.07543542236089706,0.0,1.477455735206604,1.5603910684585571,1.4886441230773926,1.4824358224868774,1.5414267778396606,1.490285873413086,1.511383295059204,8.427930879406631e-06
pair/b2outer0/final/pair_gnn/s1103,corrected_gnn,1103,message_weights.0,153345,1024,1024,0.0,0.04190398380160332,0.03694826364517212,0.012789739295840263,0.04190398380160332,0.032775383442640305,0.013049469329416752,0.03714410215616226,0.031075432896614075,0.0,0.9034625291824341,0.6917333006858826,0.9066357612609863,0.9112552404403687,0.6748932600021362,0.9045090675354004,0.8805267810821533,8.224700650316663e-06
pair/b2outer0/final/pair_gnn/s1103,corrected_gnn,1103,message_weights.1,153345,1024,1024,0.0,0.034118954092264175,0.03080110438168049,0.012488574720919132,0.034118954092264175,0.027798285707831383,0.014081040397286415,0.03159599378705025,0.030846158042550087,0.0,1.5176804065704346,1.385332465171814,1.4791582822799683,1.4989776611328125,1.333742618560791,1.4688315391540527,1.468359112739563,8.482631528750062e-06
pair/b2outer0/final/pair_gnn/s2207,corrected_gnn,2207,message_weights.0,153345,1024,1024,0.0,0.06405432522296906,0.04741387814283371,0.0368729829788208,0.06405432522296906,0.05084048956632614,0.0186590738594532,0.058242619037628174,0.06116396188735962,0.0,0.7015021443367004,0.5089107751846313,0.7046172618865967,0.7043060064315796,0.5596501231193542,0.7043142318725586,0.6969329118728638,4.114932380616665e-06
pair/b2outer0/final/pair_gnn/s2207,corrected_gnn,2207,message_weights.1,153345,1024,1024,0.0,0.043408386409282684,0.03684654459357262,0.02675347402691841,0.043025948107242584,0.03980866074562073,0.018363106995821,0.043408386409282684,0.040977124124765396,0.0,1.0239601135253906,1.0238234996795654,1.0239315032958984,1.0239644050598145,0.9918581247329712,1.0238783359527588,1.0239639282226562,4.169416570221074e-06
pair/b2outer0/final/pair_gnn/s3301,corrected_gnn,3301,message_weights.0,153345,1024,1024,0.0,0.421564519405365,0.34343862533569336,0.20084144175052643,0.421564519405365,0.3272286057472229,0.19987083971500397,0.3963363766670227,0.378680020570755,0.0,1.086010217666626,0.8582308292388916,1.1353920698165894,1.0223121643066406,0.984978199005127,1.1482752561569214,1.1508575677871704,8.21217690827325e-06
pair/b2outer0/final/pair_gnn/s3301,corrected_gnn,3301,message_weights.1,153345,1024,1024,0.0,0.36256298422813416,0.2988552749156952,0.15451167523860931,0.36256298422813416,0.3026723563671112,0.1576952040195465,0.34919241070747375,0.3310968279838562,0.0,1.4525880813598633,1.39412260055542,1.3982027769088745,1.4323458671569824,1.3047711849212646,1.4517996311187744,1.4793579578399658,8.29828786663711e-06
pair/b2outer0/final/pair_gnn/s4409,corrected_gnn,4409,message_weights.0,153345,1024,1024,0.0,0.05415262654423714,0.052949052304029465,0.022152502089738846,0.05275091528892517,0.052090827375650406,0.023770354688167572,0.05415262654423714,0.05335356295108795,0.0,1.5133848190307617,1.16658616065979,1.5000152587890625,1.5360453128814697,1.0634334087371826,1.5381271839141846,1.4537733793258667,1.2381031410768628e-05
pair/b2outer0/final/pair_gnn/s4409,corrected_gnn,4409,message_weights.1,153345,1024,1024,0.0,0.05651720613241196,0.04964098334312439,0.022880451753735542,0.05651720613241196,0.048687078058719635,0.02408929169178009,0.05624976009130478,0.0518222413957119,0.0,1.9102468490600586,1.7462799549102783,1.8413405418395996,1.9049159288406372,1.648362159729004,1.92586350440979,1.9232538938522339,1.230521229445003e-05
pair/b2outer0/final/pair_gnn/s5519,corrected_gnn,5519,message_weights.0,153345,1024,1024,0.0,0.1113680750131607,0.08631367981433868,0.05795445293188095,0.10828154534101486,0.08827365189790726,0.04559202864766121,0.1113680750131607,0.09418177604675293,0.0,1.3729746341705322,1.2535501718521118,1.4313414096832275,1.4711291790008545,1.2436909675598145,1.5493378639221191,1.4934735298156738,1.664282171986997e-05
pair/b2outer0/final/pair_gnn/s5519,corrected_gnn,5519,message_weights.1,153345,1024,1024,0.0,0.11970283091068268,0.09768982231616974,0.05302383378148079,0.11970283091068268,0.10144856572151184,0.047665007412433624,0.11797988414764404,0.11702478677034378,0.0,2.1396806240081787,2.1120357513427734,2.188225507736206,2.2458956241607666,1.8456108570098877,2.2749996185302734,2.1790549755096436,1.666901516728103e-05
pair/b2outer0/final/pair_gnn/s6637,corrected_gnn,6637,message_weights.0,153345,1024,1024,0.0,0.19643114507198334,0.1653245985507965,0.09819355607032776,0.19643114507198334,0.16306230425834656,0.08367284387350082,0.1784161776304245,0.183722585439682,0.0,1.078561544418335,0.9042477607727051,1.124089241027832,1.1081244945526123,0.9513607025146484,1.1213841438293457,1.1294121742248535,8.337610779562965e-06
pair/b2outer0/final/pair_gnn/s6637,corrected_gnn,6637,message_weights.1,153345,1024,1024,0.0,0.1519204080104828,0.11084922403097153,0.08540769666433334,0.1519204080104828,0.11856134980916977,0.059922583401203156,0.12644065916538239,0.12681683897972107,0.0,1.509129524230957,1.39430570602417,1.4457452297210693,1.535946249961853,1.3669720888137817,1.4990637302398682,1.5096986293792725,8.253671694546938e-06
pair/b2outer0/final/pair_gnn/s7753,corrected_gnn,7753,message_weights.0,153345,1024,1024,0.0,0.0946708396077156,0.08400865644216537,0.05161033570766449,0.08953086286783218,0.08974600583314896,0.030940741300582886,0.0946708396077156,0.0911102145910263,0.0,1.1512489318847656,1.0177643299102783,1.1446356773376465,1.145569920539856,0.9891191720962524,1.1580761671066284,1.148841142654419,8.284696377813816e-06
pair/b2outer0/final/pair_gnn/s7753,corrected_gnn,7753,message_weights.1,153345,1024,1024,0.0,0.06908923387527466,0.06691238284111023,0.03704097121953964,0.06908923387527466,0.059336934238672256,0.027169516310095787,0.0624207928776741,0.06395984441041946,0.0,1.4683406352996826,1.4589111804962158,1.4276132583618164,1.481515645980835,1.5318628549575806,1.5162904262542725,1.4067425727844238,8.202856406569481e-06
pair/b2outer0/final/pair_gnn/s8867,corrected_gnn,8867,message_weights.0,153345,1024,1024,0.0,0.10235993564128876,0.08418998122215271,0.042973168194293976,0.1013755351305008,0.0907697081565857,0.034782908856868744,0.10042678564786911,0.10235993564128876,0.0,1.0686748027801514,0.8999473452568054,1.1178631782531738,1.0358047485351562,0.8708508014678955,1.1078972816467285,1.0862529277801514,8.485221769660711e-06
pair/b2outer0/final/pair_gnn/s8867,corrected_gnn,8867,message_weights.1,153345,1024,1024,0.0,0.08163731545209885,0.07175414264202118,0.03531394898891449,0.08163731545209885,0.07166247069835663,0.033892858773469925,0.08062611520290375,0.0808425024151802,0.0,1.5479671955108643,1.4362337589263916,1.4966188669204712,1.4969725608825684,1.498910903930664,1.5319099426269531,1.4870686531066895,8.52301309350878e-06
pair/b2outer0/final/pair_gnn/s9973,corrected_gnn,9973,message_weights.0,153345,1024,1024,0.0,0.05656016245484352,0.05009790137410164,0.025670379400253296,0.05542328581213951,0.04689941555261612,0.022528735920786858,0.055897992104291916,0.05656016245484352,0.0,1.1534531116485596,1.0274657011032104,1.1668142080307007,1.1309895515441895,1.0471669435501099,1.189298152923584,1.1788334846496582,8.135793905239552e-06
pair/b2outer0/final/pair_gnn/s9973,corrected_gnn,9973,message_weights.1,153345,1024,1024,0.0,0.05099740996956825,0.04660117253661156,0.019442163407802582,0.05099740996956825,0.04201899841427803,0.021390296518802643,0.048824913799762726,0.04999605566263199,0.0,1.5306066274642944,1.4760082960128784,1.5133860111236572,1.5109889507293701,1.4753304719924927,1.4782570600509644,1.497826099395752,8.510774932801723e-06
pair/b2outer0/final/pair_no_message/s11027,corrected_no_message,11027,message_weights.0,153345,1024,1024,0.0,0.06259846687316895,0.045045554637908936,0.03330052271485329,0.06259846687316895,0.043331749737262726,0.020468348637223244,0.04879339039325714,0.04848531633615494,0.0,1.1399710178375244,1.0352253913879395,1.1629223823547363,1.122743844985962,0.9286105632781982,1.1479907035827637,1.1786667108535767,1.673176302574575e-05
pair/b2outer0/final/pair_no_message/s11027,corrected_no_message,11027,message_weights.1,153345,1024,1024,0.0,0.05006252974271774,0.04232407361268997,0.02339116483926773,0.05006252974271774,0.04350203275680542,0.02337959222495556,0.04754779860377312,0.04530559480190277,0.0,1.9533355236053467,1.9187546968460083,1.9726183414459229,1.9690070152282715,1.9116027355194092,2.009303092956543,1.9777195453643799,1.6855861758813262e-05
pair/b2outer0/final/pair_no_message/s1103,corrected_no_message,1103,message_weights.0,153345,1024,1024,0.0,0.2546519935131073,0.24928416311740875,0.10270698368549347,0.2522236108779907,0.21436354517936707,0.09546832740306854,0.22034259140491486,0.2546519935131073,0.0,1.0504412651062012,0.8435200452804565,1.0727391242980957,1.03016197681427,0.7672415971755981,1.0546433925628662,1.0382845401763916,1.2337050975474995e-05
pair/b2outer0/final/pair_no_message/s1103,corrected_no_message,1103,message_weights.1,153345,1024,1024,0.0,0.21374034881591797,0.1834760159254074,0.10548800975084305,0.21374034881591797,0.17169137299060822,0.0876954048871994,0.1948830485343933,0.2036954164505005,0.0,1.70939040184021,1.8053514957427979,1.7424495220184326,1.7920477390289307,1.6771233081817627,1.7308681011199951,1.7179571390151978,1.2723947293125093e-05
pair/b2outer0/final/pair_no_message/s2207,corrected_no_message,2207,message_weights.0,153345,1024,1024,0.0,0.043710898607969284,0.04337002709507942,0.02294592745602131,0.043255798518657684,0.04006342217326164,0.0167168490588665,0.04369670897722244,0.043710898607969284,0.0,0.9839563369750977,0.7935939431190491,0.9893873929977417,0.9728682041168213,0.7151015996932983,0.9812098145484924,0.9801830053329468,8.22986476123333e-06
pair/b2outer0/final/pair_no_message/s2207,corrected_no_message,2207,message_weights.1,153345,1024,1024,0.0,0.04046109691262245,0.03689606115221977,0.017494171857833862,0.04046109691262245,0.03526373580098152,0.012539012357592583,0.038567472249269485,0.03866148740053177,0.0,1.5134592056274414,1.4217263460159302,1.4663461446762085,1.484519362449646,1.4618251323699951,1.4856507778167725,1.492928147315979,8.338833140442148e-06
pair/b2outer0/final/pair_no_message/s3301,corrected_no_message,3301,message_weights.0,153345,1024,1024,0.0,0.12165283411741257,0.1066846027970314,0.04994160681962967,0.12165283411741257,0.10672083497047424,0.044633664190769196,0.10980518162250519,0.10942839086055756,0.0,1.2282297611236572,1.1433922052383423,1.2878190279006958,1.2564644813537598,1.092010736465454,1.370699167251587,1.3139262199401855,1.2318265362409875e-05
pair/b2outer0/final/pair_no_message/s3301,corrected_no_message,3301,message_weights.1,153345,1024,1024,0.0,0.12241026014089584,0.10413546115159988,0.05852104350924492,0.12241026014089584,0.10414627194404602,0.04296194389462471,0.11337867379188538,0.11164620518684387,0.0,1.860874891281128,1.7713842391967773,1.8435332775115967,1.880660057067871,1.6455317735671997,1.9076614379882812,1.9001870155334473,1.2447431799955666e-05
pair/b2outer0/final/pair_no_message/s4409,corrected_no_message,4409,message_weights.0,153345,1024,1024,0.0,0.11091627925634384,0.10006231814622879,0.03604887053370476,0.10230379551649094,0.11091627925634384,0.04604439064860344,0.10654574632644653,0.11038263142108917,0.0,1.4828684329986572,1.0492292642593384,1.4557815790176392,1.4751077890396118,0.9384233951568604,1.4344689846038818,1.4296023845672607,1.2381031410768628e-05
pair/b2outer0/final/pair_no_message/s4409,corrected_no_message,4409,message_weights.1,153345,1024,1024,0.0,0.08555104583501816,0.07620664685964584,0.04234342649579048,0.08555104583501816,0.08020421862602234,0.03307066112756729,0.0813894048333168,0.08309073001146317,0.0,1.8929364681243896,1.8551934957504272,1.9523807764053345,1.8681449890136719,1.7638089656829834,1.8571810722351074,1.9030380249023438,1.230521229445003e-05
pair/b2outer0/final/pair_no_message/s5519,corrected_no_message,5519,message_weights.0,153345,1024,1024,0.0,0.13980655372142792,0.09462685883045197,0.08767920732498169,0.13980655372142792,0.0940326675772667,0.06410035490989685,0.12396478652954102,0.10836370289325714,0.0,1.545273780822754,1.2761144638061523,1.5688586235046387,1.5550520420074463,1.5351195335388184,1.6757242679595947,1.6066534519195557,2.0803527149837464e-05
pair/b2outer0/final/pair_no_message/s5519,corrected_no_message,5519,message_weights.1,153345,1024,1024,0.0,0.1667613834142685,0.12467101216316223,0.08609037101268768,0.1667613834142685,0.13220515847206116,0.07371657341718674,0.16311252117156982,0.15253886580467224,0.0,2.4379093647003174,2.3036880493164062,2.387660026550293,2.409736156463623,2.2762057781219482,2.4819774627685547,2.478818893432617,2.083626895910129e-05
pair/b2outer0/final/pair_no_message/s6637,corrected_no_message,6637,message_weights.0,153345,1024,1024,0.0,0.5480295419692993,0.49653342366218567,0.21417011320590973,0.5387734770774841,0.434608519077301,0.21139131486415863,0.5206225514411926,0.5480295419692993,0.0,1.3267261981964111,0.8793655037879944,1.2545735836029053,1.2722095251083374,0.9794305562973022,1.333193302154541,1.319836139678955,1.2506416169344448e-05
pair/b2outer0/final/pair_no_message/s6637,corrected_no_message,6637,message_weights.1,153345,1024,1024,0.0,0.44816556572914124,0.37938106060028076,0.26176851987838745,0.44816556572914124,0.36489763855934143,0.16553373634815216,0.37863805890083313,0.4039385914802551,0.0,1.8572090864181519,1.604583501815796,1.757319688796997,1.827111840248108,1.523576259613037,1.7926976680755615,1.838787317276001,1.2380507541820407e-05
pair/b2outer0/final/pair_no_message/s7753,corrected_no_message,7753,message_weights.0,153345,1024,1024,0.0,0.3664003312587738,0.3664003312587738,0.21533054113388062,0.3310021162033081,0.3124915361404419,0.1774633526802063,0.3250006139278412,0.36331647634506226,0.0,1.1668903827667236,0.9675059914588928,1.1598687171936035,1.1496541500091553,1.0060877799987793,1.1609984636306763,1.170877456665039,8.284696377813816e-06
pair/b2outer0/final/pair_no_message/s7753,corrected_no_message,7753,message_weights.1,153345,1024,1024,0.0,0.28156813979148865,0.2717960774898529,0.17020192742347717,0.2480742335319519,0.2369990050792694,0.14229759573936462,0.2644854485988617,0.28156813979148865,0.0,1.5189167261123657,1.5359632968902588,1.5228978395462036,1.5362083911895752,1.4992824792861938,1.5135211944580078,1.5110185146331787,8.202856406569481e-06
pair/b2outer0/final/pair_no_message/s8867,corrected_no_message,8867,message_weights.0,153345,1024,1024,0.0,0.2958206832408905,0.2706013321876526,0.11834950745105743,0.2907924950122833,0.24799227714538574,0.11172696202993393,0.29517075419425964,0.2958206832408905,0.0,1.2658777236938477,0.9607313275337219,1.2610313892364502,1.2777312994003296,0.8501975536346436,1.2150940895080566,1.2659893035888672,1.2727832654491067e-05
pair/b2outer0/final/pair_no_message/s8867,corrected_no_message,8867,message_weights.1,153345,1024,1024,0.0,0.2093576043844223,0.1964750438928604,0.09961248189210892,0.20541934669017792,0.16330784559249878,0.09678205102682114,0.18263643980026245,0.2093576043844223,0.0,1.753443717956543,1.7261343002319336,1.7613886594772339,1.7960245609283447,1.737563133239746,1.7788231372833252,1.7587244510650635,1.278451964026317e-05
pair/b2outer0/final/pair_no_message/s9973,corrected_no_message,9973,message_weights.0,153345,1024,1024,0.0,0.0793585255742073,0.06129346787929535,0.0449729785323143,0.0793585255742073,0.05649185553193092,0.029975851997733116,0.06608112901449203,0.06334681808948517,0.0,1.6538660526275635,1.3039259910583496,1.6253571510314941,1.6237447261810303,1.3273589611053467,1.5702414512634277,1.6392292976379395,2.033948476309888e-05
pair/b2outer0/final/pair_no_message/s9973,corrected_no_message,9973,message_weights.1,153345,1024,1024,0.0,0.05530817434191704,0.044098298996686935,0.030095310881733894,0.05530817434191704,0.0415772907435894,0.022352097555994987,0.04852684959769249,0.049598075449466705,0.0,2.4010274410247803,2.251833200454712,2.350329637527466,2.407608985900879,2.2465789318084717,2.334113121032715,2.3762364387512207,2.127693733200431e-05
pair/b2outer1/final/activity_gnn/s11027,corrected_gnn,11027,message_weights.0,153345,1024,1024,0.0,0.014366168528795242,0.014229528605937958,0.004782374482601881,0.014366168528795242,0.013370639644563198,0.0033516217954456806,0.01405402459204197,0.012540949508547783,0.0,2.2161107063293457,1.7789220809936523,2.3236019611358643,2.2658896446228027,1.7770211696624756,2.343611240386963,2.316636562347412,0.0
pair/b2outer1/final/activity_gnn/s11027,corrected_gnn,11027,message_weights.1,153345,1024,1024,0.0,0.017844783142209053,0.01630626805126667,0.005167894996702671,0.01726883091032505,0.016994383186101913,0.004342482890933752,0.017844783142209053,0.01657366380095482,0.0,3.2629129886627197,3.3836898803710938,3.434265613555908,3.4518558979034424,3.0532190799713135,3.2633113861083984,3.250565528869629,0.0
pair/b2outer1/final/activity_gnn/s1103,corrected_gnn,1103,message_weights.0,153345,1024,1024,0.0,0.08535034209489822,0.08135219663381577,0.04648539423942566,0.08535034209489822,0.07267257571220398,0.03426004573702812,0.07501228153705597,0.07744789868593216,0.0,1.2033836841583252,0.891179621219635,1.1775095462799072,1.1995296478271484,0.8868916034698486,1.1921172142028809,1.137947916984558,0.0
pair/b2outer1/final/activity_gnn/s1103,corrected_gnn,1103,message_weights.1,153345,1024,1024,0.0,0.07182418555021286,0.06735841184854507,0.03393574431538582,0.06848308444023132,0.06050138175487518,0.03363334760069847,0.07182418555021286,0.07058826088905334,0.0,1.9944336414337158,1.8822097778320312,1.940117597579956,1.9059585332870483,1.937088966369629,1.9012422561645508,1.9198298454284668,0.0
pair/b2outer1/final/activity_gnn/s2207,corrected_gnn,2207,message_weights.0,153345,1024,1024,0.0,0.060813263058662415,0.05235987529158592,0.03571770340204239,0.05692041665315628,0.0518157035112381,0.02663174644112587,0.05233257636427879,0.060813263058662415,0.0,2.2096548080444336,1.4458262920379639,2.1897270679473877,2.0692057609558105,1.662135362625122,2.1393067836761475,2.1173031330108643,0.0
pair/b2outer1/final/activity_gnn/s2207,corrected_gnn,2207,message_weights.1,153345,1024,1024,0.0,0.056805163621902466,0.048940323293209076,0.023645944893360138,0.056805163621902466,0.0502486415207386,0.019503049552440643,0.052687112241983414,0.05161994695663452,0.0,3.0522327423095703,2.959455966949463,3.0098321437835693,3.012740135192871,2.882147789001465,3.07658052444458,2.937511444091797,0.0
pair/b2outer1/final/activity_gnn/s3301,corrected_gnn,3301,message_weights.0,153345,1024,1024,0.0,0.05694848299026489,0.04734257608652115,0.03187466040253639,0.05694848299026489,0.04978607967495918,0.024662161245942116,0.05405326932668686,0.056376952677965164,0.0,2.650190591812134,2.286158800125122,2.8631343841552734,2.721646308898926,2.656951427459717,3.06146240234375,2.645730972290039,0.0
pair/b2outer1/final/activity_gnn/s3301,corrected_gnn,3301,message_weights.1,153345,1024,1024,0.0,0.05037325993180275,0.041708700358867645,0.026053326204419136,0.05037325993180275,0.04178718477487564,0.021810544654726982,0.0471954345703125,0.045792777091264725,0.0,3.831481456756592,2.6062326431274414,3.5100252628326416,3.7787952423095703,3.6892361640930176,3.644768476486206,3.7634360790252686,0.0
pair/b2outer1/final/activity_gnn/s4409,corrected_gnn,4409,message_weights.0,153345,1024,1024,0.0,0.01927666924893856,0.016068151220679283,0.006420015823096037,0.01654481515288353,0.016691546887159348,0.005428140051662922,0.017653919756412506,0.01927666924893856,0.0,3.4459228515625,2.375791549682617,3.4196887016296387,3.3416929244995117,2.2533042430877686,3.2417469024658203,3.175175428390503,0.0
pair/b2outer1/final/activity_gnn/s4409,corrected_gnn,4409,message_weights.1,153345,1024,1024,0.0,0.016301143914461136,0.014309290796518326,0.00674055702984333,0.015208570286631584,0.013805626891553402,0.004614347126334906,0.014417368918657303,0.016301143914461136,0.0,4.273514747619629,3.872925281524658,4.393429279327393,3.9697837829589844,3.8800106048583984,4.136579513549805,3.999321937561035,0.0
pair/b2outer1/final/activity_gnn/s5519,corrected_gnn,5519,message_weights.0,153345,1024,1024,0.0,0.05661195144057274,0.04305313900113106,0.03344383463263512,0.05661195144057274,0.041451647877693176,0.023155882954597473,0.04680701345205307,0.04661215841770172,0.0,3.193687677383423,2.5723724365234375,3.189624786376953,2.9953248500823975,2.8818302154541016,3.227722644805908,3.0691676139831543,0.0
pair/b2outer1/final/activity_gnn/s5519,corrected_gnn,5519,message_weights.1,153345,1024,1024,0.0,0.05636519938707352,0.04560328647494316,0.026126286014914513,0.05510935187339783,0.04659709334373474,0.018498653545975685,0.05193564295768738,0.05636519938707352,0.0,4.252597808837891,3.486614465713501,4.031617641448975,4.26972770690918,4.345320224761963,4.346221923828125,4.016740798950195,0.0
pair/b2outer1/final/activity_gnn/s6637,corrected_gnn,6637,message_weights.0,153345,1024,1024,0.0,0.057960446923971176,0.051810409873723984,0.028284845873713493,0.05599473416805267,0.057960446923971176,0.020259082317352295,0.055005285888910294,0.05507216975092888,0.0,6.177256107330322,4.547609329223633,5.863644599914551,6.446843147277832,4.899110794067383,6.047206878662109,5.6833038330078125,0.0
pair/b2outer1/final/activity_gnn/s6637,corrected_gnn,6637,message_weights.1,153345,1024,1024,0.0,0.03911592438817024,0.03447633981704712,0.01846582069993019,0.03911592438817024,0.03312521055340767,0.012793701142072678,0.03404194116592407,0.03633226081728935,0.0,7.291999816894531,6.3373026847839355,7.396121025085449,7.503814220428467,6.185051918029785,7.480849742889404,7.255002975463867,0.0
pair/b2outer1/final/activity_gnn/s7753,corrected_gnn,7753,message_weights.0,153345,1024,1024,0.0,0.06241112947463989,0.045611586421728134,0.033477772027254105,0.06241112947463989,0.05156008154153824,0.023488664999604225,0.055220827460289,0.05513659492135048,0.0,2.652921438217163,2.1238479614257812,2.4322166442871094,2.5495290756225586,1.9863253831863403,2.5575265884399414,2.538548469543457,0.0
pair/b2outer1/final/activity_gnn/s7753,corrected_gnn,7753,message_weights.1,153345,1024,1024,0.0,0.041755545884370804,0.030449265614151955,0.025729060173034668,0.03978400304913521,0.03482002019882202,0.021382082253694534,0.041560593992471695,0.041755545884370804,0.0,3.206719160079956,2.8938817977905273,3.22687029838562,3.243680953979492,2.6535186767578125,3.221759080886841,3.16922664642334,0.0
pair/b2outer1/final/activity_gnn/s8867,corrected_gnn,8867,message_weights.0,153345,1024,1024,0.0,0.048080820590257645,0.0460776686668396,0.016969332471489906,0.048080820590257645,0.04333248361945152,0.015984904021024704,0.04348648339509964,0.04556195065379143,0.0,2.131890296936035,1.9456943273544312,2.2082338333129883,2.2599167823791504,1.8040331602096558,2.2718873023986816,2.252842664718628,0.0
pair/b2outer1/final/activity_gnn/s8867,corrected_gnn,8867,message_weights.1,153345,1024,1024,0.0,0.038687314838171005,0.035389792174100876,0.015628540888428688,0.038687314838171005,0.0356677807867527,0.016286630183458328,0.0345284603536129,0.03687319904565811,0.0,2.8816347122192383,2.725717544555664,2.727161169052124,2.865849733352661,2.635230779647827,2.8338491916656494,2.9098103046417236,0.0
pair/b2outer1/final/activity_gnn/s9973,corrected_gnn,9973,message_weights.0,153345,1024,1024,0.0,0.018872620537877083,0.017814703285694122,0.006069655995815992,0.018271951004862785,0.017151854932308197,0.005480279214680195,0.018872620537877083,0.018687739968299866,0.0,5.623786926269531,4.6109700202941895,5.539961338043213,5.6349945068359375,5.515775680541992,5.695352554321289,6.001072883605957,0.0
pair/b2outer1/final/activity_gnn/s9973,corrected_gnn,9973,message_weights.1,153345,1024,1024,0.0,0.012358050793409348,0.011814807541668415,0.004336859565228224,0.012005074881017208,0.011186530813574791,0.00401435187086463,0.012358050793409348,0.01224552746862173,0.0,7.167082786560059,6.704441070556641,6.8380889892578125,7.197611331939697,6.741485595703125,7.244496822357178,7.258734703063965,0.0
pair/b2outer1/final/pair_gnn/s11027,corrected_gnn,11027,message_weights.0,153345,1024,1024,0.0,0.03550976514816284,0.03039197437465191,0.0208116602152586,0.03550976514816284,0.02865273877978325,0.012494414113461971,0.030855661258101463,0.033220335841178894,0.0,2.210968494415283,1.8012564182281494,2.311370611190796,2.3309011459350586,1.7613050937652588,2.3953492641448975,2.3496193885803223,0.0
pair/b2outer1/final/pair_gnn/s11027,corrected_gnn,11027,message_weights.1,153345,1024,1024,0.0,0.03844790160655975,0.033301834017038345,0.020280510187149048,0.03844790160655975,0.0332169309258461,0.01575939729809761,0.035711340606212616,0.03625026345252991,0.0,3.230334758758545,3.352142572402954,3.465439796447754,3.458765983581543,3.1443047523498535,3.2614407539367676,3.2029309272766113,0.0
pair/b2outer1/final/pair_gnn/s1103,corrected_gnn,1103,message_weights.0,153345,1024,1024,0.0,0.05309120938181877,0.04845380410552025,0.028237055987119675,0.05309120938181877,0.04442843049764633,0.021805284544825554,0.04961517080664635,0.05236509442329407,0.0,1.7521941661834717,1.1678094863891602,1.6598060131072998,1.728196144104004,1.1244887113571167,1.681937575340271,1.6085803508758545,0.0
pair/b2outer1/final/pair_gnn/s1103,corrected_gnn,1103,message_weights.1,153345,1024,1024,0.0,0.05006108805537224,0.046380624175071716,0.021255208179354668,0.048260439187288284,0.043355025351047516,0.018821589648723602,0.04815636947751045,0.05006108805537224,0.0,2.7631702423095703,2.423224449157715,2.701483964920044,2.595824956893921,2.287860631942749,2.5533227920532227,2.52787184715271,0.0
pair/b2outer1/final/pair_gnn/s2207,corrected_gnn,2207,message_weights.0,153345,1024,1024,0.0,0.04382467642426491,0.04021618515253067,0.024582648649811745,0.04218658059835434,0.03985211253166199,0.018418338149785995,0.039631180465221405,0.04382467642426491,0.0,2.2667479515075684,1.4535949230194092,2.2113115787506104,2.1194076538085938,1.6206965446472168,2.1913399696350098,2.179323434829712,0.0
pair/b2outer1/final/pair_gnn/s2207,corrected_gnn,2207,message_weights.1,153345,1024,1024,0.0,0.0408242903649807,0.03648737818002701,0.015569379553198814,0.0408242903649807,0.036751095205545425,0.013548118062317371,0.038496874272823334,0.0385889895260334,0.0,3.0318756103515625,2.9470393657684326,2.9498159885406494,3.0067687034606934,2.8517251014709473,3.075343132019043,2.938589096069336,0.0
pair/b2outer1/final/pair_gnn/s3301,corrected_gnn,3301,message_weights.0,153345,1024,1024,0.0,0.047886889427900314,0.043046049773693085,0.01961192674934864,0.047886889427900314,0.04171184077858925,0.017540646716952324,0.04752098396420479,0.04786938428878784,0.0,2.309518337249756,1.9256150722503662,2.4592156410217285,2.4168589115142822,2.414867877960205,2.747476577758789,2.4022860527038574,0.0
pair/b2outer1/final/pair_gnn/s3301,corrected_gnn,3301,message_weights.1,153345,1024,1024,0.0,0.04167187213897705,0.035559266805648804,0.02020847611129284,0.04167187213897705,0.0342155396938324,0.015717588365077972,0.03814166411757469,0.037230074405670166,0.0,3.3856308460235596,2.456958055496216,3.2323784828186035,3.443697452545166,3.3611583709716797,3.3463292121887207,3.3471522331237793,0.0
pair/b2outer1/final/pair_gnn/s4409,corrected_gnn,4409,message_weights.0,153345,1024,1024,0.0,0.04144095629453659,0.038664381951093674,0.01855483092367649,0.04132112115621567,0.03887178748846054,0.018015163019299507,0.04032658413052559,0.04144095629453659,0.0,3.1793222427368164,2.194467782974243,3.114920139312744,3.083869457244873,2.1258935928344727,2.9509506225585938,2.858145236968994,0.0
pair/b2outer1/final/pair_gnn/s4409,corrected_gnn,4409,message_weights.1,153345,1024,1024,0.0,0.037943609058856964,0.03239402174949646,0.022777842357754707,0.037943609058856964,0.031061559915542603,0.01392245665192604,0.032604824751615524,0.03537984937429428,0.0,3.9403793811798096,3.5019469261169434,3.9816110134124756,3.806607484817505,3.6532466411590576,3.9616613388061523,3.7865285873413086,0.0
pair/b2outer1/final/pair_gnn/s5519,corrected_gnn,5519,message_weights.0,153345,1024,1024,0.0,0.07118915766477585,0.05620763078331947,0.0369059257209301,0.07118915766477585,0.05102885887026787,0.025880953297019005,0.0571187287569046,0.05941568687558174,0.0,2.4852497577667236,2.0975122451782227,2.510348081588745,2.273146152496338,2.286346673965454,2.503671169281006,2.404078960418701,0.0
pair/b2outer1/final/pair_gnn/s5519,corrected_gnn,5519,message_weights.1,153345,1024,1024,0.0,0.07340779155492783,0.06369312107563019,0.0326574370265007,0.07340779155492783,0.0628931075334549,0.023786626756191254,0.06625781208276749,0.06848052144050598,0.0,3.297212600708008,2.9351656436920166,3.143064498901367,3.364661455154419,3.23333740234375,3.2878589630126953,3.1028289794921875,0.0
pair/b2outer1/final/pair_gnn/s6637,corrected_gnn,6637,message_weights.0,153345,1024,1024,0.0,0.06892967969179153,0.052902013063430786,0.03587779775261879,0.06363674998283386,0.05965007469058037,0.027242783457040787,0.06892967969179153,0.06647985428571701,0.0,3.563450574874878,2.993401288986206,3.5415143966674805,3.84037446975708,2.6398417949676514,3.6173529624938965,3.563419818878174,0.0
pair/b2outer1/final/pair_gnn/s6637,corrected_gnn,6637,message_weights.1,153345,1024,1024,0.0,0.04325701296329498,0.04203330725431442,0.022174164652824402,0.04325701296329498,0.038286708295345306,0.017772212624549866,0.040147118270397186,0.0431947223842144,0.0,4.865677833557129,4.232964038848877,5.06593132019043,4.7572784423828125,3.948791027069092,4.738998889923096,4.757436752319336,0.0
pair/b2outer1/final/pair_gnn/s7753,corrected_gnn,7753,message_weights.0,153345,1024,1024,0.0,0.10697837918996811,0.08417875319719315,0.05757802352309227,0.10697837918996811,0.08483751118183136,0.0392550490796566,0.09053514897823334,0.09658914059400558,0.0,1.893869400024414,1.611531138420105,1.8061997890472412,1.841112494468689,1.4955978393554688,1.8387659788131714,1.900011420249939,0.0
pair/b2outer1/final/pair_gnn/s7753,corrected_gnn,7753,message_weights.1,153345,1024,1024,0.0,0.07644616067409515,0.06483325362205505,0.04192119836807251,0.07644616067409515,0.06479482352733612,0.03377435728907585,0.07417567074298859,0.07219602167606354,0.0,2.334932565689087,2.1250882148742676,2.3370790481567383,2.433528184890747,2.076544761657715,2.428347587585449,2.409968852996826,0.0
pair/b2outer1/final/pair_gnn/s8867,corrected_gnn,8867,message_weights.0,153345,1024,1024,0.0,0.03583738952875137,0.03369562327861786,0.010180503129959106,0.03583738952875137,0.03009454533457756,0.010464963503181934,0.03198659047484398,0.03315626084804535,0.0,2.2791876792907715,2.1122636795043945,2.362712860107422,2.3714823722839355,1.896819829940796,2.4090137481689453,2.3553884029388428,0.0
pair/b2outer1/final/pair_gnn/s8867,corrected_gnn,8867,message_weights.1,153345,1024,1024,0.0,0.02430260181427002,0.02271481417119503,0.009718558751046658,0.02430260181427002,0.021356217563152313,0.00820876657962799,0.02199944481253624,0.02270583063364029,0.0,3.107948064804077,2.791327953338623,2.9460608959198,3.0593059062957764,2.839308261871338,3.111455202102661,3.0757157802581787,0.0
pair/b2outer1/final/pair_gnn/s9973,corrected_gnn,9973,message_weights.0,153345,1024,1024,0.0,0.016136087477207184,0.013892436400055885,0.00937821064144373,0.016136087477207184,0.013580035418272018,0.005627131555229425,0.014932906255126,0.014792793430387974,0.0,5.343387603759766,4.0585432052612305,5.225857734680176,5.082087993621826,4.88748836517334,5.26637077331543,5.34094762802124,0.0
pair/b2outer1/final/pair_gnn/s9973,corrected_gnn,9973,message_weights.1,153345,1024,1024,0.0,0.011930480599403381,0.010523160919547081,0.00635876739397645,0.011892793700098991,0.01061794813722372,0.004733681678771973,0.011296674609184265,0.011930480599403381,0.0,6.434001922607422,6.020005702972412,6.262495040893555,6.772711753845215,6.082756042480469,6.7523040771484375,6.631425857543945,0.0
pair/b2outer1/final/pair_no_message/s11027,corrected_no_message,11027,message_weights.0,153345,1024,1024,0.0,0.022773301228880882,0.02009516954421997,0.013747704215347767,0.022773301228880882,0.020261218771338463,0.008676297031342983,0.02121923305094242,0.02177065797150135,0.0,2.1210691928863525,1.8468961715698242,2.22799015045166,2.1284685134887695,1.6733551025390625,2.2919349670410156,2.2777018547058105,0.0
pair/b2outer1/final/pair_no_message/s11027,corrected_no_message,11027,message_weights.1,153345,1024,1024,0.0,0.026907414197921753,0.024164576083421707,0.010742031037807465,0.026907414197921753,0.023531340062618256,0.008328098803758621,0.024767538532614708,0.02545456402003765,0.0,3.613887310028076,3.2073469161987305,3.5114636421203613,3.5750560760498047,3.0969724655151367,3.465418815612793,3.5558815002441406,0.0
pair/b2outer1/final/pair_no_message/s1103,corrected_no_message,1103,message_weights.0,153345,1024,1024,0.0,0.1841241866350174,0.17792262136936188,0.12846578657627106,0.1841241866350174,0.14945188164710999,0.07972443103790283,0.15648187696933746,0.17298594117164612,0.0,1.5677049160003662,1.2657898664474487,1.6180799007415771,1.4693509340286255,1.2732672691345215,1.5931726694107056,1.5590455532073975,0.0
pair/b2outer1/final/pair_no_message/s1103,corrected_no_message,1103,message_weights.1,153345,1024,1024,0.0,0.16904667019844055,0.15852417051792145,0.09320710599422455,0.16904667019844055,0.134286567568779,0.07540787011384964,0.15270455181598663,0.16399702429771423,0.0,2.5323503017425537,2.429461717605591,2.458198070526123,2.5491673946380615,2.2210843563079834,2.536801815032959,2.4510226249694824,0.0
pair/b2outer1/final/pair_no_message/s2207,corrected_no_message,2207,message_weights.0,153345,1024,1024,0.0,0.05400446802377701,0.05121390521526337,0.02926192805171013,0.05400446802377701,0.04669765755534172,0.027033120393753052,0.05252627283334732,0.052060265094041824,0.0,1.8585662841796875,1.3920408487319946,1.812235951423645,1.8647398948669434,1.2139554023742676,1.8949655294418335,1.8850609064102173,0.0
pair/b2outer1/final/pair_no_message/s2207,corrected_no_message,2207,message_weights.1,153345,1024,1024,0.0,0.04830102249979973,0.04332280904054642,0.019962714985013008,0.04830102249979973,0.04301887005567551,0.018557989969849586,0.043764982372522354,0.043219491839408875,0.0,2.655216693878174,2.4609804153442383,2.5538058280944824,2.6453936100006104,2.5586304664611816,2.5034451484680176,2.534217357635498,0.0
pair/b2outer1/final/pair_no_message/s3301,corrected_no_message,3301,message_weights.0,153345,1024,1024,0.0,0.039025504142045975,0.03470291197299957,0.015994710847735405,0.039025504142045975,0.035248979926109314,0.014286015182733536,0.03545215725898743,0.03459291532635689,0.0,2.875828504562378,2.4070444107055664,3.017899513244629,2.8701584339141846,2.497742176055908,2.8600292205810547,2.970423698425293,0.0
pair/b2outer1/final/pair_no_message/s3301,corrected_no_message,3301,message_weights.1,153345,1024,1024,0.0,0.03428491950035095,0.030317405238747597,0.01723746582865715,0.03428491950035095,0.030561504885554314,0.014799712225794792,0.033346910029649734,0.032336704432964325,0.0,4.218518257141113,3.228696823120117,4.141034126281738,4.064598083496094,3.5356945991516113,4.083166122436523,4.175052642822266,0.0
pair/b2outer1/final/pair_no_message/s4409,corrected_no_message,4409,message_weights.0,153345,1024,1024,0.0,0.036463215947151184,0.032912738621234894,0.015722615644335747,0.033404454588890076,0.03599034249782562,0.011610166169703007,0.03481264039874077,0.036463215947151184,0.0,3.5182535648345947,2.408332109451294,3.4025211334228516,3.5576114654541016,1.8999286890029907,3.4029417037963867,3.3675942420959473,0.0
pair/b2outer1/final/pair_no_message/s4409,corrected_no_message,4409,message_weights.1,153345,1024,1024,0.0,0.028825735673308372,0.02509072609245777,0.018794341012835503,0.028825735673308372,0.02607032284140587,0.009799321182072163,0.02709391713142395,0.02623615972697735,0.0,3.7891507148742676,3.6272354125976562,3.7536823749542236,3.947869300842285,3.379021167755127,3.906118869781494,3.7483856678009033,0.0
pair/b2outer1/final/pair_no_message/s5519,corrected_no_message,5519,message_weights.0,153345,1024,1024,0.0,0.0569792166352272,0.052293941378593445,0.02887527458369732,0.0569792166352272,0.049033842980861664,0.02306358516216278,0.05288206785917282,0.05299094691872597,0.0,2.0352721214294434,2.041820764541626,2.258686065673828,2.0452189445495605,2.0666580200195312,2.218195915222168,2.0336875915527344,0.0
pair/b2outer1/final/pair_no_message/s5519,corrected_no_message,5519,message_weights.1,153345,1024,1024,0.0,0.06383073329925537,0.05506247654557228,0.029643768444657326,0.06383073329925537,0.05300043150782585,0.023344242945313454,0.058255407959222794,0.059302862733602524,0.0,2.945587635040283,3.0211434364318848,2.8469161987304688,2.9093353748321533,3.072927236557007,2.8204843997955322,2.7085132598876953,0.0
pair/b2outer1/final/pair_no_message/s6637,corrected_no_message,6637,message_weights.0,153345,1024,1024,0.0,0.033399585634469986,0.02973208762705326,0.016996897757053375,0.033399585634469986,0.03321293368935585,0.01631169579923153,0.03091341443359852,0.03128297999501228,0.0,5.238838195800781,3.707219123840332,5.045955657958984,5.093951225280762,3.590587854385376,4.900711536407471,4.993468284606934,0.0
pair/b2outer1/final/pair_no_message/s6637,corrected_no_message,6637,message_weights.1,153345,1024,1024,0.0,0.032911524176597595,0.028592031449079514,0.017542142421007156,0.032911524176597595,0.03035667911171913,0.013212519697844982,0.030109260231256485,0.029724618420004845,0.0,6.776488304138184,5.266513824462891,6.733711242675781,6.892293930053711,5.259772300720215,6.786888122558594,6.669418811798096,0.0
pair/b2outer1/final/pair_no_message/s7753,corrected_no_message,7753,message_weights.0,153345,1024,1024,0.0,0.056951649487018585,0.04804401844739914,0.02970462292432785,0.056951649487018585,0.045763298869132996,0.025912104174494743,0.049236711114645004,0.05084579810500145,0.0,1.8726654052734375,1.4184741973876953,1.8264074325561523,1.917886734008789,1.5189253091812134,1.9065568447113037,1.8430230617523193,0.0
pair/b2outer1/final/pair_no_message/s7753,corrected_no_message,7753,message_weights.1,153345,1024,1024,0.0,0.04969664290547371,0.04199656844139099,0.025422537699341774,0.04969664290547371,0.041336871683597565,0.020317887887358665,0.047723717987537384,0.04581442102789879,0.0,2.547122001647949,2.284147262573242,2.459742307662964,2.592909336090088,2.014965772628784,2.50237774848938,2.438366413116455,0.0
pair/b2outer1/final/pair_no_message/s8867,corrected_no_message,8867,message_weights.0,153345,1024,1024,0.0,0.0671372190117836,0.058242376893758774,0.027030285447835922,0.06494934856891632,0.06234924867749214,0.026540983468294144,0.06438758224248886,0.0671372190117836,0.0,2.8766422271728516,2.134319543838501,2.8748984336853027,2.852470874786377,2.1659226417541504,2.9099245071411133,2.9191019535064697,0.0
pair/b2outer1/final/pair_no_message/s8867,corrected_no_message,8867,message_weights.1,153345,1024,1024,0.0,0.04986463487148285,0.04673362150788307,0.02473331242799759,0.04986463487148285,0.0483054593205452,0.025750473141670227,0.04897405952215195,0.04894990473985672,0.0,3.7857089042663574,3.2851359844207764,3.4633169174194336,3.740647077560425,3.1930837631225586,3.792900562286377,3.664098024368286,0.0
pair/b2outer1/final/pair_no_message/s9973,corrected_no_message,9973,message_weights.0,153345,1024,1024,0.0,0.015227194875478745,0.014094347134232521,0.004482464399188757,0.01405516266822815,0.013899845071136951,0.004793102387338877,0.015227194875478745,0.015220935456454754,0.0,4.095799446105957,3.8173348903656006,4.304252624511719,4.201735496520996,3.620999574661255,4.183799743652344,4.0818071365356445,0.0
pair/b2outer1/final/pair_no_message/s9973,corrected_no_message,9973,message_weights.1,153345,1024,1024,0.0,0.012587839737534523,0.01194439735263586,0.004049163777381182,0.012458319775760174,0.01152987964451313,0.004342002794146538,0.012541064992547035,0.012587839737534523,0.0,5.406805038452148,5.532899856567383,5.466117858886719,5.5608601570129395,5.155940055847168,5.361365795135498,5.1215972900390625,0.0
pair/b2outer2/final/activity_gnn/s11027,corrected_gnn,11027,message_weights.0,153345,1024,1024,0.0,0.059566643089056015,0.04599366709589958,0.03674658015370369,0.059566643089056015,0.046313706785440445,0.021471112966537476,0.050242092460393906,0.053570706397295,0.0,2.551845073699951,2.164048194885254,2.7310729026794434,2.4849371910095215,2.0733840465545654,2.636235475540161,2.5763490200042725,0.0
pair/b2outer2/final/activity_gnn/s11027,corrected_gnn,11027,message_weights.1,153345,1024,1024,0.0,0.05818768963217735,0.04654211923480034,0.026249675080180168,0.052996035665273666,0.04932115226984024,0.028645653277635574,0.05655710771679878,0.05818768963217735,0.0,4.152959823608398,3.8991098403930664,4.370518207550049,4.176780700683594,3.6207659244537354,4.119018077850342,4.0023040771484375,0.0
pair/b2outer2/final/activity_gnn/s1103,corrected_gnn,1103,message_weights.0,153345,1024,1024,0.0,0.1337500959634781,0.11891679465770721,0.06265141069889069,0.1298201084136963,0.1123819500207901,0.057076726108789444,0.12270526587963104,0.1337500959634781,0.0,1.5023027658462524,0.9613337516784668,1.397286057472229,1.4067504405975342,1.0216164588928223,1.3716187477111816,1.261927604675293,0.0
pair/b2outer2/final/activity_gnn/s1103,corrected_gnn,1103,message_weights.1,153345,1024,1024,0.0,0.11324788630008698,0.10262323170900345,0.05498383566737175,0.10940059274435043,0.09536818414926529,0.05260965973138809,0.11255262792110443,0.11324788630008698,0.0,2.2258949279785156,2.091454029083252,2.151538372039795,2.174222469329834,2.0539135932922363,2.0953402519226074,2.1157474517822266,0.0
pair/b2outer2/final/activity_gnn/s2207,corrected_gnn,2207,message_weights.0,153345,1024,1024,0.0,0.0742756575345993,0.0664786770939827,0.04645839333534241,0.07370512932538986,0.06636545062065125,0.02772807702422142,0.07165509462356567,0.0742756575345993,0.0,1.966533899307251,1.500086784362793,2.0084617137908936,1.9219930171966553,1.6783610582351685,1.9880292415618896,1.923714280128479,0.0
pair/b2outer2/final/activity_gnn/s2207,corrected_gnn,2207,message_weights.1,153345,1024,1024,0.0,0.06031406298279762,0.04974791035056114,0.031051110476255417,0.06031406298279762,0.053456518799066544,0.0235209371894598,0.05899498239159584,0.05335161089897156,0.0,2.8872413635253906,2.7963154315948486,2.6579291820526123,2.8699264526367188,2.7860474586486816,2.8261444568634033,2.801302909851074,0.0
pair/b2outer2/final/activity_gnn/s3301,corrected_gnn,3301,message_weights.0,153345,1024,1024,0.0,0.04295907914638519,0.03541812300682068,0.01699274405837059,0.03986600041389465,0.04070828855037689,0.01989535242319107,0.04295907914638519,0.04276622086763382,0.0,3.402655601501465,2.889192581176758,3.9600088596343994,3.3595430850982666,3.057680130004883,4.130047798156738,3.75974440574646,0.0
pair/b2outer2/final/activity_gnn/s3301,corrected_gnn,3301,message_weights.1,153345,1024,1024,0.0,0.036224234849214554,0.0330643504858017,0.02113930694758892,0.03572339192032814,0.036224234849214554,0.019108658656477928,0.03574353829026222,0.032967496663331985,0.0,4.95794677734375,3.6325883865356445,4.851363182067871,4.7539472579956055,4.506832599639893,4.740368843078613,4.727424621582031,0.0
pair/b2outer2/final/activity_gnn/s4409,corrected_gnn,4409,message_weights.0,153345,1024,1024,0.0,0.07831208407878876,0.07209312170743942,0.03050076588988304,0.07403595745563507,0.07448451220989227,0.027973821386694908,0.07424893230199814,0.07831208407878876,0.0,3.0699000358581543,2.412250280380249,3.0997118949890137,3.0921790599823,2.0786614418029785,3.1132349967956543,3.0385613441467285,0.0
pair/b2outer2/final/activity_gnn/s4409,corrected_gnn,4409,message_weights.1,153345,1024,1024,0.0,0.055374640971422195,0.05424734205007553,0.030513277277350426,0.05183893069624901,0.05013759061694145,0.017938250675797462,0.05263867974281311,0.055374640971422195,0.0,3.739377975463867,3.608741044998169,3.811509132385254,3.8845596313476562,3.709690570831299,4.028143405914307,3.9436960220336914,0.0
pair/b2outer2/final/activity_gnn/s5519,corrected_gnn,5519,message_weights.0,153345,1024,1024,0.0,0.016921930015087128,0.014017452485859394,0.006088397465646267,0.015431217849254608,0.015438931062817574,0.004651582799851894,0.015806719660758972,0.016921930015087128,0.0,3.6319422721862793,3.2195913791656494,3.596778631210327,3.4530673027038574,2.8817825317382812,3.4005794525146484,3.33028507232666,0.0
pair/b2outer2/final/activity_gnn/s5519,corrected_gnn,5519,message_weights.1,153345,1024,1024,0.0,0.01668218895792961,0.014803903177380562,0.005586855113506317,0.01668218895792961,0.015312469564378262,0.004664188716560602,0.016094746068120003,0.016649462282657623,0.0,5.214906692504883,4.139943599700928,4.87165641784668,5.350159645080566,4.25333833694458,5.1184401512146,4.72296667098999,0.0
pair/b2outer2/final/activity_gnn/s6637,corrected_gnn,6637,message_weights.0,153345,1024,1024,0.0,0.029297851026058197,0.023382749408483505,0.020561443641781807,0.026109956204891205,0.027632273733615875,0.014484572224318981,0.02829081378877163,0.029297851026058197,0.0,4.166163444519043,3.519990921020508,4.390566825866699,4.315649032592773,3.3331542015075684,4.4464850425720215,4.106022357940674,0.0
pair/b2outer2/final/activity_gnn/s6637,corrected_gnn,6637,message_weights.1,153345,1024,1024,0.0,0.025972887873649597,0.02171967551112175,0.013841098174452782,0.025850757956504822,0.022964637726545334,0.010145426727831364,0.02357444353401661,0.025972887873649597,0.0,6.196748733520508,4.985673904418945,6.211663246154785,6.416377067565918,3.978053569793701,5.905463218688965,5.858029842376709,0.0
pair/b2outer2/final/activity_gnn/s7753,corrected_gnn,7753,message_weights.0,153345,1024,1024,0.0,0.0860854983329773,0.0714118704199791,0.05645928159356117,0.0776510015130043,0.06773708015680313,0.0353085957467556,0.07299820333719254,0.0860854983329773,0.0,2.9377946853637695,2.3384504318237305,2.9252963066101074,3.07761287689209,1.975932002067566,3.0388331413269043,2.76938533782959,0.0
pair/b2outer2/final/activity_gnn/s7753,corrected_gnn,7753,message_weights.1,153345,1024,1024,0.0,0.05571047216653824,0.047779787331819534,0.04090946540236473,0.05277501419186592,0.04703359678387642,0.028814712539315224,0.055470965802669525,0.05571047216653824,0.0,3.6209850311279297,3.4311883449554443,3.759648084640503,3.762155055999756,3.2209315299987793,3.7867064476013184,3.5991721153259277,0.0
pair/b2outer2/final/activity_gnn/s8867,corrected_gnn,8867,message_weights.0,153345,1024,1024,0.0,0.05412544682621956,0.05173422023653984,0.01797414943575859,0.05412544682621956,0.047456007450819016,0.01806284300982952,0.04707885906100273,0.052624981850385666,0.0,2.8120267391204834,2.4271249771118164,2.817559242248535,3.0260534286499023,2.2675514221191406,2.984435558319092,2.9493346214294434,0.0
pair/b2outer2/final/activity_gnn/s8867,corrected_gnn,8867,message_weights.1,153345,1024,1024,0.0,0.04077271372079849,0.03995887562632561,0.015203925780951977,0.04077271372079849,0.03593873232603073,0.015765178948640823,0.03703038766980171,0.039377205073833466,0.0,3.99786376953125,3.7375197410583496,3.5975399017333984,3.947957992553711,3.359466314315796,3.8469629287719727,3.999917984008789,0.0
pair/b2outer2/final/activity_gnn/s9973,corrected_gnn,9973,message_weights.0,153345,1024,8192,0.0,0.0,0.0,0.0,0.0,0.0,0.0,0.0,0.0,0.0,3.124955177307129,2.613243579864502,3.344790458679199,3.1794538497924805,2.936457633972168,3.4347550868988037,3.2035536766052246,0.0
pair/b2outer2/final/activity_gnn/s9973,corrected_gnn,9973,message_weights.1,153345,1024,8192,0.0,0.0,0.0,0.0,0.0,0.0,0.0,0.0,0.0,0.0,3.7872047424316406,3.863938331604004,3.9102840423583984,3.6605935096740723,3.58925199508667,3.6852848529815674,3.844559669494629,0.0
pair/b2outer2/final/pair_gnn/s11027,corrected_gnn,11027,message_weights.0,153345,1024,1024,0.0,0.05075482279062271,0.036209989339113235,0.03575199842453003,0.05075482279062271,0.037919674068689346,0.015132985077798367,0.04227175563573837,0.04053592309355736,0.0,1.6800295114517212,1.3269565105438232,1.832343339920044,1.803224802017212,1.3358123302459717,1.9017301797866821,1.7926541566848755,0.0
pair/b2outer2/final/pair_gnn/s11027,corrected_gnn,11027,message_weights.1,153345,1024,1024,0.0,0.04637455940246582,0.03826373815536499,0.024442018941044807,0.04456207901239395,0.03851742669939995,0.024478860199451447,0.04518984630703926,0.04637455940246582,0.0,2.519327163696289,2.338064670562744,2.524819850921631,2.6656007766723633,2.3458950519561768,2.596508502960205,2.5306100845336914,0.0
pair/b2outer2/final/pair_gnn/s1103,corrected_gnn,1103,message_weights.0,153345,1024,1024,0.0,0.08153539896011353,0.06592045724391937,0.055076707154512405,0.08153539896011353,0.06568973511457443,0.04221852868795395,0.07805351167917252,0.08050292730331421,0.0,1.816591501235962,1.1029939651489258,1.7656164169311523,1.8022630214691162,1.2569975852966309,1.7085211277008057,1.62522292137146,0.0
pair/b2outer2/final/pair_gnn/s1103,corrected_gnn,1103,message_weights.1,153345,1024,1024,0.0,0.06864574551582336,0.058731310069561005,0.043132148683071136,0.06736935675144196,0.05754739046096802,0.034657783806324005,0.06864574551582336,0.06489244103431702,0.0,2.7309436798095703,2.4296979904174805,2.6203229427337646,2.5800371170043945,2.3597755432128906,2.514216899871826,2.6500658988952637,0.0
pair/b2outer2/final/pair_gnn/s2207,corrected_gnn,2207,message_weights.0,153345,1024,1024,0.0,0.040210649371147156,0.03644244000315666,0.01825842075049877,0.035036563873291016,0.034564319998025894,0.012948130257427692,0.035816483199596405,0.040210649371147156,0.0,5.431327819824219,2.64201021194458,5.236477851867676,5.294254302978516,3.489766836166382,5.228735446929932,5.037652969360352,0.0
pair/b2outer2/final/pair_gnn/s2207,corrected_gnn,2207,message_weights.1,153345,1024,1024,0.0,0.026114119216799736,0.02228112332522869,0.010153753682971,0.023276623338460922,0.0225006565451622,0.008368056267499924,0.023589622229337692,0.026114119216799736,0.0,6.81369686126709,4.705106735229492,6.4517130851745605,7.096627235412598,4.710080146789551,6.789837837219238,6.53505277633667,0.0
pair/b2outer2/final/pair_gnn/s3301,corrected_gnn,3301,message_weights.0,153345,1024,1024,0.0,0.018540799617767334,0.01637393608689308,0.009301881305873394,0.018540799617767334,0.017943434417247772,0.007378411944955587,0.01759599708020687,0.017706124112010002,0.0,9.620881080627441,6.740478515625,9.456896781921387,10.072319030761719,6.54408597946167,10.566512107849121,9.89294147491455,0.0
pair/b2outer2/final/pair_gnn/s3301,corrected_gnn,3301,message_weights.1,153345,1024,1024,0.0,0.011665078811347485,0.010450026951730251,0.00511686597019434,0.011665078811347485,0.010181889869272709,0.005170679651200771,0.010652212426066399,0.010726431384682655,0.0,11.063568115234375,7.722268104553223,10.502105712890625,11.457176208496094,7.9079203605651855,11.459474563598633,11.304054260253906,0.0
pair/b2outer2/final/pair_gnn/s4409,corrected_gnn,4409,message_weights.0,153345,1024,1024,0.0,0.06457360833883286,0.058562058955430984,0.02434597536921501,0.06457360833883286,0.0594460628926754,0.021497022360563278,0.06036969646811485,0.0625501349568367,0.0,2.8521976470947266,2.172640323638916,2.903794050216675,2.938265085220337,1.9236657619476318,2.8442296981811523,2.7987968921661377,0.0
pair/b2outer2/final/pair_gnn/s4409,corrected_gnn,4409,message_weights.1,153345,1024,1024,0.0,0.04743849113583565,0.04290850833058357,0.025839390233159065,0.04743849113583565,0.04154973477125168,0.015633583068847656,0.045404527336359024,0.0461435429751873,0.0,3.2149648666381836,3.3574578762054443,3.314021110534668,3.4130055904388428,2.85084867477417,3.3399782180786133,3.3362622261047363,0.0
pair/b2outer2/final/pair_gnn/s5519,corrected_gnn,5519,message_weights.0,153345,1024,1024,0.0,0.08773449808359146,0.07736670970916748,0.03755282610654831,0.08773449808359146,0.07227598875761032,0.027331622317433357,0.07663492113351822,0.08107928186655045,0.0,2.301577568054199,1.743647575378418,2.270031213760376,2.4339637756347656,1.7381823062896729,2.4524853229522705,2.5005111694335938,0.0
pair/b2outer2/final/pair_gnn/s5519,corrected_gnn,5519,message_weights.1,153345,1024,1024,0.0,0.0902184396982193,0.0804191306233406,0.030771315097808838,0.0902184396982193,0.08131125569343567,0.027573293074965477,0.08586429804563522,0.08658326417207718,0.0,3.3410322666168213,3.00590443611145,3.3303911685943604,3.4332833290100098,3.113823175430298,3.4613380432128906,3.3627490997314453,0.0
pair/b2outer2/final/pair_gnn/s6637,corrected_gnn,6637,message_weights.0,153345,1024,1024,0.0,0.0313282310962677,0.024065226316452026,0.01837664656341076,0.0313282310962677,0.02666381374001503,0.012675242498517036,0.029131341725587845,0.030570385977625847,0.0,3.0965733528137207,2.407771110534668,3.0875372886657715,2.886242389678955,2.0288050174713135,2.8630309104919434,2.9152421951293945,0.0
pair/b2outer2/final/pair_gnn/s6637,corrected_gnn,6637,message_weights.1,153345,1024,1024,0.0,0.022812679409980774,0.01943853683769703,0.011326375417411327,0.022812679409980774,0.018753882497549057,0.010375205427408218,0.02186000719666481,0.022020641714334488,0.0,4.170086860656738,3.28029203414917,4.058080196380615,4.396853446960449,2.8610024452209473,4.2332868576049805,4.127400875091553,0.0
pair/b2outer2/final/pair_gnn/s7753,corrected_gnn,7753,message_weights.0,153345,1024,1024,0.0,0.20941874384880066,0.165359765291214,0.15075300633907318,0.20941874384880066,0.15743890404701233,0.07427189499139786,0.1766679584980011,0.20116356015205383,0.0,1.635686993598938,1.301891803741455,1.5848413705825806,1.6114544868469238,1.1646454334259033,1.618477463722229,1.5561044216156006,0.0
pair/b2outer2/final/pair_gnn/s7753,corrected_gnn,7753,message_weights.1,153345,1024,1024,0.0,0.13158412277698517,0.11051875352859497,0.1065044030547142,0.13158412277698517,0.0986805260181427,0.06214749440550804,0.1138177365064621,0.11840153485536575,0.0,2.1219465732574463,2.0440621376037598,2.024138927459717,2.161454677581787,2.003413677215576,2.09981107711792,2.01440691947937,0.0
pair/b2outer2/final/pair_gnn/s8867,corrected_gnn,8867,message_weights.0,153345,1024,1024,0.0,0.02542581409215927,0.020142516121268272,0.00797215010970831,0.020179491490125656,0.020698437467217445,0.007960627786815166,0.02350812777876854,0.02542581409215927,0.0,4.104559898376465,3.0553932189941406,4.064268589019775,3.782151699066162,2.4830095767974854,3.8751227855682373,3.9506571292877197,0.0
pair/b2outer2/final/pair_gnn/s8867,corrected_gnn,8867,message_weights.1,153345,1024,1024,0.0,0.01698966510593891,0.0144920339807868,0.00786739494651556,0.016224628314375877,0.013639082200825214,0.007565706502646208,0.01683121733367443,0.01698966510593891,0.0,4.8916168212890625,4.2572760581970215,4.813541889190674,4.98622989654541,4.02441930770874,4.919517993927002,4.701048374176025,0.0
pair/b2outer2/final/pair_gnn/s9973,corrected_gnn,9973,message_weights.0,153345,1024,1024,0.0,0.048481252044439316,0.04273024946451187,0.029298197478055954,0.048481252044439316,0.04309871420264244,0.023495592176914215,0.04048781469464302,0.0458829291164875,0.0,3.058265209197998,2.1636533737182617,3.0481839179992676,3.20803165435791,2.2502894401550293,3.4208285808563232,3.2628071308135986,0.0
pair/b2outer2/final/pair_gnn/s9973,corrected_gnn,9973,message_weights.1,153345,1024,1024,0.0,0.03698843717575073,0.03387622907757759,0.018146732822060585,0.03655856102705002,0.032375518232584,0.01912827417254448,0.03698843717575073,0.03563468158245087,0.0,3.7711055278778076,2.9866127967834473,3.612889289855957,3.6354660987854004,3.0002200603485107,3.6330904960632324,4.0029377937316895,0.0
pair/b2outer2/final/pair_no_message/s11027,corrected_no_message,11027,message_weights.0,153345,1024,1024,0.0,0.0175172109156847,0.01475315447896719,0.005924995522946119,0.01695045828819275,0.015819652006030083,0.004471936263144016,0.0175172109156847,0.017421241849660873,0.0,8.53096866607666,4.98164701461792,8.06242847442627,8.598055839538574,4.895948886871338,8.441108703613281,8.655081748962402,0.0
pair/b2outer2/final/pair_no_message/s11027,corrected_no_message,11027,message_weights.1,153345,1024,1024,0.0,0.014466607011854649,0.012133554555475712,0.007037574891000986,0.014466607011854649,0.01262300182133913,0.00430518900975585,0.01424691267311573,0.014045224525034428,0.0,11.382986068725586,8.857397079467773,10.774080276489258,11.529159545898438,8.091310501098633,10.805768966674805,10.871480941772461,0.0
pair/b2outer2/final/pair_no_message/s1103,corrected_no_message,1103,message_weights.0,153345,1024,1024,0.0,0.0617450550198555,0.05477200821042061,0.026974041014909744,0.0617450550198555,0.05242379009723663,0.02529928833246231,0.05787516385316849,0.0575406476855278,0.0,1.5597617626190186,1.0469105243682861,1.5213243961334229,1.5063350200653076,1.059558391571045,1.577337622642517,1.5765113830566406,0.0
pair/b2outer2/final/pair_no_message/s1103,corrected_no_message,1103,message_weights.1,153345,1024,1024,0.0,0.04678500071167946,0.04123136028647423,0.02926878072321415,0.04678500071167946,0.04019990190863609,0.020678751170635223,0.04476490244269371,0.044931210577487946,0.0,2.5080885887145996,2.2856621742248535,2.411573648452759,2.513981342315674,2.249777317047119,2.427004814147949,2.386516571044922,0.0
pair/b2outer2/final/pair_no_message/s2207,corrected_no_message,2207,message_weights.0,153345,1024,1024,0.0,0.07774072885513306,0.06826896965503693,0.0436026006937027,0.07774072885513306,0.06916402280330658,0.03942662477493286,0.06722906976938248,0.06842497736215591,0.0,3.047988176345825,2.0256831645965576,2.944591522216797,3.0454719066619873,1.454545497894287,2.9271655082702637,2.9423017501831055,0.0
pair/b2outer2/final/pair_no_message/s2207,corrected_no_message,2207,message_weights.1,153345,1024,1024,0.0,0.06421402841806412,0.054797764867544174,0.03289661183953285,0.06421402841806412,0.050767116248607635,0.027353953570127487,0.05574459210038185,0.06200851872563362,0.0,4.234499931335449,2.930434226989746,3.8643908500671387,4.1675004959106445,3.1446890830993652,3.9339535236358643,4.043071746826172,0.0
pair/b2outer2/final/pair_no_message/s3301,corrected_no_message,3301,message_weights.0,153345,1024,1024,0.0,0.05555809661746025,0.04977082833647728,0.024519221857190132,0.053922560065984726,0.04679415374994278,0.025723688304424286,0.05555809661746025,0.051025912165641785,0.0,5.345623970031738,2.940877914428711,5.2046356201171875,5.2474045753479,2.798314332962036,5.200448989868164,5.172410011291504,0.0
pair/b2outer2/final/pair_no_message/s3301,corrected_no_message,3301,message_weights.1,153345,1024,1024,0.0,0.04361554980278015,0.03702112287282944,0.01987198367714882,0.04132215678691864,0.037553466856479645,0.022458158433437347,0.04361554980278015,0.039675522595644,0.0,6.154653549194336,4.863819122314453,5.752499580383301,6.17434549331665,4.923956871032715,5.913283348083496,5.934707164764404,0.0
pair/b2outer2/final/pair_no_message/s4409,corrected_no_message,4409,message_weights.0,153345,1024,1024,0.0,0.025456706061959267,0.024678179994225502,0.008844251744449139,0.02459496073424816,0.023701922968029976,0.011623906902968884,0.025446441024541855,0.025456706061959267,0.0,2.417205810546875,1.5880311727523804,2.4314589500427246,2.44366192817688,1.6051661968231201,2.530561923980713,2.4670355319976807,0.0
pair/b2outer2/final/pair_no_message/s4409,corrected_no_message,4409,message_weights.1,153345,1024,1024,0.0,0.022111015394330025,0.02092788554728031,0.010322443209588528,0.02153138443827629,0.019760223105549812,0.010578591376543045,0.021871047094464302,0.022111015394330025,0.0,3.023374319076538,2.553743839263916,2.9672815799713135,3.1056387424468994,2.6583595275878906,3.018899440765381,2.902804374694824,0.0
pair/b2outer2/final/pair_no_message/s5519,corrected_no_message,5519,message_weights.0,153345,1024,1024,0.0,0.024595554918050766,0.02086472697556019,0.008734045550227165,0.024595554918050766,0.02129547856748104,0.005494390614330769,0.021596476435661316,0.02164258435368538,0.0,3.171163558959961,2.221506118774414,3.218203544616699,3.17836856842041,2.2147178649902344,3.292792320251465,3.2458200454711914,0.0
pair/b2outer2/final/pair_no_message/s5519,corrected_no_message,5519,message_weights.1,153345,1024,1024,0.0,0.024139726534485817,0.02134888805449009,0.009855015203356743,0.024139726534485817,0.021344363689422607,0.006533063482493162,0.02195792645215988,0.02204739674925804,0.0,4.923791885375977,3.013000965118408,4.682294845581055,4.927678108215332,3.0974202156066895,4.944629669189453,4.953718185424805,0.0
pair/b2outer2/final/pair_no_message/s6637,corrected_no_message,6637,message_weights.0,153345,1024,1024,0.0,0.064984992146492,0.05461997911334038,0.02046329528093338,0.064984992146492,0.051658496260643005,0.02030310034751892,0.05964960157871246,0.06028788909316063,0.0,4.279098987579346,2.3823723793029785,4.201204299926758,4.361538887023926,2.1204710006713867,4.134203910827637,4.0768632888793945,0.0
pair/b2outer2/final/pair_no_message/s6637,corrected_no_message,6637,message_weights.1,153345,1024,1024,0.0,0.04903184995055199,0.04101242125034332,0.02011365443468094,0.04903184995055199,0.04169618338346481,0.015551676042377949,0.04751114919781685,0.046582724899053574,0.0,5.27731990814209,3.726693630218506,5.020315647125244,5.366263389587402,4.235462665557861,5.4232916831970215,5.251562118530273,0.0
pair/b2outer2/final/pair_no_message/s7753,corrected_no_message,7753,message_weights.0,153345,1024,1024,0.0,0.18326787650585175,0.1457219123840332,0.10749500244855881,0.18326787650585175,0.14971297979354858,0.09826701134443283,0.1752358078956604,0.17269964516162872,0.0,1.5369940996170044,1.1059626340866089,1.3914999961853027,1.5447626113891602,1.2491815090179443,1.487992763519287,1.4658124446868896,0.0
pair/b2outer2/final/pair_no_message/s7753,corrected_no_message,7753,message_weights.1,153345,1024,1024,0.0,0.14017857611179352,0.11683406680822372,0.07519254088401794,0.13427011668682098,0.11289142072200775,0.06606786698102951,0.13927896320819855,0.14017857611179352,0.0,2.118140697479248,2.0568442344665527,2.0452451705932617,2.089031219482422,1.8485426902770996,2.0585055351257324,2.0628609657287598,0.0
pair/b2outer2/final/pair_no_message/s8867,corrected_no_message,8867,message_weights.0,153345,1024,1024,0.0,0.056982699781656265,0.041688788682222366,0.031063074246048927,0.056982699781656265,0.04344972223043442,0.022322077304124832,0.04949859529733658,0.0471038855612278,0.0,2.756783962249756,1.9079031944274902,2.637385368347168,2.771009922027588,2.229923725128174,2.7444348335266113,2.7808620929718018,0.0
pair/b2outer2/final/pair_no_message/s8867,corrected_no_message,8867,message_weights.1,153345,1024,1024,0.0,0.0436459481716156,0.041687849909067154,0.02219434268772602,0.0436459481716156,0.04161231964826584,0.01653566025197506,0.03973158076405525,0.03931349888443947,0.0,4.135447978973389,2.852290391921997,3.920363426208496,4.22215461730957,3.058945894241333,4.1410746574401855,4.027044296264648,0.0
pair/b2outer2/final/pair_no_message/s9973,corrected_no_message,9973,message_weights.0,153345,1024,1024,0.0,0.035313066095113754,0.03201261907815933,0.015155267901718616,0.03438504785299301,0.030660409480333328,0.016169603914022446,0.034806594252586365,0.035313066095113754,0.0,1.7389776706695557,1.3937082290649414,1.7563772201538086,1.730992317199707,1.3840527534484863,1.7435169219970703,1.749241828918457,0.0
pair/b2outer2/final/pair_no_message/s9973,corrected_no_message,9973,message_weights.1,153345,1024,1024,0.0,0.03789320960640907,0.03347307816147804,0.01576668582856655,0.03789320960640907,0.031646471470594406,0.01688101328909397,0.036763641983270645,0.036825813353061676,0.0,2.5198822021484375,2.0978007316589355,2.3722922801971436,2.5153489112854004,2.168753147125244,2.425381898880005,2.4486749172210693,0.0
pair/b2outer3/final/activity_gnn/s11027,corrected_gnn,11027,message_weights.0,153345,1024,1024,0.0,0.04233458265662193,0.033680759370326996,0.0250651054084301,0.04233458265662193,0.035171765834093094,0.014399311505258083,0.038864102214574814,0.038436319679021835,0.0,0.9495229721069336,0.6496332883834839,0.9658634662628174,0.9352048635482788,0.6666865348815918,1.004280686378479,1.0599918365478516,0.0
pair/b2outer3/final/activity_gnn/s11027,corrected_gnn,11027,message_weights.1,153345,1024,1024,0.0,0.04236433282494545,0.03688738867640495,0.023739328607916832,0.04236433282494545,0.03817637264728546,0.018661241978406906,0.039560142904520035,0.038579851388931274,0.0,1.4357402324676514,1.1108537912368774,1.4085779190063477,1.4474743604660034,1.1383850574493408,1.2982470989227295,1.3590887784957886,0.0
pair/b2outer3/final/activity_gnn/s1103,corrected_gnn,1103,message_weights.0,153345,1024,1024,0.0,0.057176269590854645,0.04839598760008812,0.03175215423107147,0.05181899294257164,0.04509486258029938,0.02068137936294079,0.04854300990700722,0.057176269590854645,0.0,0.2783724069595337,0.21042907238006592,0.2751902937889099,0.27602750062942505,0.2126287817955017,0.2734832763671875,0.2688514292240143,0.0
pair/b2outer3/final/activity_gnn/s1103,corrected_gnn,1103,message_weights.1,153345,1024,1024,0.0,0.04608456790447235,0.040759120136499405,0.02566293068230152,0.04608456790447235,0.038981206715106964,0.01894945278763771,0.04367539659142494,0.04288778826594353,0.0,0.4326852560043335,0.39797526597976685,0.4216974973678589,0.4216018319129944,0.4212956130504608,0.41334831714630127,0.41858115792274475,0.0
pair/b2outer3/final/activity_gnn/s2207,corrected_gnn,2207,message_weights.0,153345,1024,1024,0.0,0.05029000714421272,0.045592453330755234,0.03073173016309738,0.05029000714421272,0.04652150347828865,0.017749100923538208,0.04547581449151039,0.048996131867170334,0.0,0.5104402899742126,0.30130448937416077,0.5093070268630981,0.5499341487884521,0.38233768939971924,0.5302872061729431,0.4852367043495178,0.0
pair/b2outer3/final/activity_gnn/s2207,corrected_gnn,2207,message_weights.1,153345,1024,1024,0.0,0.045273032039403915,0.03711791709065437,0.02122419886291027,0.045273032039403915,0.03614140301942825,0.014923757873475552,0.0392490029335022,0.03852483630180359,0.0,0.7123439311981201,0.6440715193748474,0.6495542526245117,0.7273557186126709,0.6818461418151855,0.6990707516670227,0.656548023223877,0.0
pair/b2outer3/final/activity_gnn/s3301,corrected_gnn,3301,message_weights.0,153345,1024,1024,0.0,0.03528374806046486,0.030787238851189613,0.012615108862519264,0.03382866829633713,0.031039612367749214,0.014149637892842293,0.03347790613770485,0.03528374806046486,0.0,0.8935238718986511,0.7420967817306519,0.9173254370689392,0.8219817876815796,0.789063572883606,0.91713547706604,0.8447964787483215,0.0
pair/b2outer3/final/activity_gnn/s3301,corrected_gnn,3301,message_weights.1,153345,1024,1024,0.0,0.029481200501322746,0.025952661409974098,0.014800059609115124,0.029481200501322746,0.024945002049207687,0.012659881263971329,0.028836512938141823,0.02839510887861252,0.0,1.2418893575668335,0.9888720512390137,1.158080816268921,1.2497087717056274,1.0179023742675781,1.2087390422821045,1.2508418560028076,0.0
pair/b2outer3/final/activity_gnn/s4409,corrected_gnn,4409,message_weights.0,153345,1024,1024,0.0,0.030744312331080437,0.029258951544761658,0.01468103751540184,0.030744312331080437,0.026330234482884407,0.009136930108070374,0.028973804786801338,0.027960816398262978,0.0,1.0274333953857422,0.7715561389923096,1.0274218320846558,0.944536030292511,0.7700256109237671,0.9948593974113464,0.9282984137535095,0.0
pair/b2outer3/final/activity_gnn/s4409,corrected_gnn,4409,message_weights.1,153345,1024,1024,0.0,0.024813594296574593,0.022120798006653786,0.012919725850224495,0.024813594296574593,0.020952370017766953,0.010526396334171295,0.023356333374977112,0.02382078766822815,0.0,1.1126580238342285,0.9760497808456421,1.0912514925003052,1.1101661920547485,0.9618450403213501,1.0940757989883423,1.0558295249938965,0.0
pair/b2outer3/final/activity_gnn/s5519,corrected_gnn,5519,message_weights.0,153345,1024,1024,0.0,0.018621865659952164,0.015833716839551926,0.006400103215128183,0.01613297127187252,0.016881287097930908,0.00500153424218297,0.016724441200494766,0.018621865659952164,0.0,0.9943069219589233,0.8403809070587158,1.0161277055740356,0.9327934980392456,0.8118720054626465,0.9705048203468323,0.9707204103469849,0.0
pair/b2outer3/final/activity_gnn/s5519,corrected_gnn,5519,message_weights.1,153345,1024,1024,0.0,0.022136490792036057,0.021268628537654877,0.007942401804029942,0.022136490792036057,0.02037127874791622,0.006027823314070702,0.020838705822825432,0.021343111991882324,0.0,1.3277828693389893,1.1607565879821777,1.3128999471664429,1.277179479598999,1.2364978790283203,1.2724195718765259,1.2776768207550049,0.0
pair/b2outer3/final/activity_gnn/s6637,corrected_gnn,6637,message_weights.0,153345,1024,1024,0.0,0.06302879005670547,0.05719301477074623,0.036077387630939484,0.058787163347005844,0.053808730095624924,0.023060671985149384,0.061655644327402115,0.06302879005670547,0.0,0.34947869181632996,0.28621214628219604,0.34308499097824097,0.33694517612457275,0.23519480228424072,0.3496662974357605,0.3048604726791382,0.0
pair/b2outer3/final/activity_gnn/s6637,corrected_gnn,6637,message_weights.1,153345,1024,1024,0.0,0.05608120188117027,0.04810456186532974,0.026987850666046143,0.05608120188117027,0.04505259543657303,0.016243061050772667,0.050296466797590256,0.05159640312194824,0.0,0.4661479592323303,0.41891878843307495,0.4626155495643616,0.4477478861808777,0.4059497117996216,0.45124000310897827,0.460005521774292,0.0
pair/b2outer3/final/activity_gnn/s7753,corrected_gnn,7753,message_weights.0,153345,1024,1024,0.0,0.10386062413454056,0.08616756647825241,0.0553474947810173,0.10386062413454056,0.08372622728347778,0.03552468493580818,0.09383486211299896,0.09810460358858109,0.0,0.3103795647621155,0.29829126596450806,0.31730034947395325,0.31086039543151855,0.26558536291122437,0.31747502088546753,0.31223371624946594,0.0
pair/b2outer3/final/activity_gnn/s7753,corrected_gnn,7753,message_weights.1,153345,1024,1024,0.0,0.07999689877033234,0.07345177233219147,0.0438111387193203,0.07999689877033234,0.07035918533802032,0.030653953552246094,0.0789141058921814,0.0728493183851242,0.0,0.41197365522384644,0.4114110469818115,0.4125959277153015,0.4335229694843292,0.40568214654922485,0.42579105496406555,0.41347748041152954,0.0
pair/b2outer3/final/activity_gnn/s8867,corrected_gnn,8867,message_weights.0,153345,1024,1024,0.0,0.04934677109122276,0.044507142156362534,0.019998084753751755,0.04871932789683342,0.044312406331300735,0.01707165688276291,0.04824671894311905,0.04934677109122276,0.0,1.196429967880249,1.09947669506073,1.2101359367370605,1.2999628782272339,0.9716492891311646,1.3264987468719482,1.2150092124938965,0.0
pair/b2outer3/final/activity_gnn/s8867,corrected_gnn,8867,message_weights.1,153345,1024,1024,0.0,0.04155528545379639,0.033971525728702545,0.022621117532253265,0.04155528545379639,0.03655160963535309,0.0186008233577013,0.03895403817296028,0.03825676813721657,0.0,1.6914769411087036,1.3788604736328125,1.5340685844421387,1.6775434017181396,1.367372751235962,1.5220575332641602,1.6703486442565918,0.0
pair/b2outer3/final/activity_gnn/s9973,corrected_gnn,9973,message_weights.0,153345,1024,1024,0.0,0.043299850076436996,0.040248576551675797,0.01690611056983471,0.04023594781756401,0.04109625890851021,0.0123896524310112,0.043299850076436996,0.04153255373239517,0.0,0.9764978885650635,0.6630438566207886,0.9329512119293213,0.949683427810669,0.7819260358810425,0.9445434212684631,0.9503717422485352,0.0
pair/b2outer3/final/activity_gnn/s9973,corrected_gnn,9973,message_weights.1,153345,1024,1024,0.0,0.03925981745123863,0.034218400716781616,0.012804263271391392,0.036091916263103485,0.03601277247071266,0.010299786925315857,0.03925981745123863,0.03750363737344742,0.0,1.0887175798416138,0.9828715920448303,1.0650701522827148,1.0757569074630737,1.0663084983825684,1.067657232284546,1.0647507905960083,0.0
pair/b2outer3/final/pair_gnn/s11027,corrected_gnn,11027,message_weights.0,153345,1024,1024,0.0,0.06812958419322968,0.061132896691560745,0.03088943287730217,0.06812958419322968,0.05587075278162956,0.020616667345166206,0.05867542326450348,0.060419365763664246,0.0,3.0655226707458496,1.1851483583450317,2.9003145694732666,2.989795207977295,1.2887773513793945,2.8982391357421875,2.6020588874816895,0.0
pair/b2outer3/final/pair_gnn/s11027,corrected_gnn,11027,message_weights.1,153345,1024,1024,0.0,0.058914702385663986,0.051636114716529846,0.03162215277552605,0.058914702385663986,0.05047666281461716,0.023706041276454926,0.05290043354034424,0.05085848271846771,0.0,3.5563273429870605,1.9550645351409912,3.294090747833252,3.7071218490600586,1.8811932802200317,3.430997371673584,3.252253293991089,0.0
pair/b2outer3/final/pair_gnn/s1103,corrected_gnn,1103,message_weights.0,153345,1024,1024,0.0,0.07956254482269287,0.06488194316625595,0.0530543215572834,0.07956254482269287,0.06300713121891022,0.02281932905316353,0.06965821981430054,0.06959926337003708,0.0,0.604426383972168,0.43272536993026733,0.574244499206543,0.5969687104225159,0.3832898736000061,0.5835399627685547,0.6015346050262451,0.0
pair/b2outer3/final/pair_gnn/s1103,corrected_gnn,1103,message_weights.1,153345,1024,1024,0.0,0.06135988235473633,0.049499791115522385,0.037761300802230835,0.06135988235473633,0.04588307812809944,0.027071526274085045,0.05713170766830444,0.05337895080447197,0.0,0.9130872488021851,0.762848436832428,0.8808440566062927,0.8797214031219482,0.8165275454521179,0.8456845879554749,0.8952840566635132,0.0
pair/b2outer3/final/pair_gnn/s2207,corrected_gnn,2207,message_weights.0,153345,1024,1024,0.0,0.03347659111022949,0.02701224945485592,0.01859229989349842,0.03347659111022949,0.03000178001821041,0.01158641092479229,0.033094145357608795,0.030631521716713905,0.0,3.2531912326812744,1.3034663200378418,2.978483200073242,3.1040337085723877,1.867905855178833,3.0227866172790527,3.221740484237671,0.0
pair/b2outer3/final/pair_gnn/s2207,corrected_gnn,2207,message_weights.1,153345,1024,1024,0.0,0.02816666290163994,0.023580824956297874,0.0130637027323246,0.02816666290163994,0.022352861240506172,0.010069167241454124,0.02462465688586235,0.02538812905550003,0.0,4.3136067390441895,2.147496223449707,3.8565673828125,4.3159332275390625,2.2742624282836914,4.084383010864258,4.144565582275391,0.0
pair/b2outer3/final/pair_gnn/s3301,corrected_gnn,3301,message_weights.0,153345,1024,1024,0.0,0.08639026433229446,0.07634001225233078,0.033520545810461044,0.08639026433229446,0.07134440541267395,0.036587655544281006,0.08099115639925003,0.07739891111850739,0.0,0.5099557042121887,0.3806065320968628,0.5126564502716064,0.49386343359947205,0.40843522548675537,0.5213397741317749,0.5082460641860962,0.0
pair/b2outer3/final/pair_gnn/s3301,corrected_gnn,3301,message_weights.1,153345,1024,1024,0.0,0.07410167902708054,0.06739787757396698,0.03145838528871536,0.07410167902708054,0.06690111756324768,0.028305955231189728,0.07111663371324539,0.07124236226081848,0.0,0.7191522121429443,0.6282645463943481,0.691885232925415,0.7340480089187622,0.5975726246833801,0.6944501996040344,0.6740654706954956,0.0
pair/b2outer3/final/pair_gnn/s4409,corrected_gnn,4409,message_weights.0,153345,1024,1024,0.0,0.029898619279265404,0.02722117118537426,0.017299532890319824,0.029898619279265404,0.028314810246229172,0.01229911856353283,0.02912096306681633,0.028877967968583107,0.0,3.825438976287842,1.8118194341659546,3.663705587387085,3.8719968795776367,2.1127328872680664,3.5873560905456543,3.490532398223877,0.0
pair/b2outer3/final/pair_gnn/s4409,corrected_gnn,4409,message_weights.1,153345,1024,1024,0.0,0.027978943660855293,0.02491581067442894,0.013236574828624725,0.027978943660855293,0.02217084914445877,0.008917362429201603,0.024685131385922432,0.026519890874624252,0.0,4.501354217529297,2.165024757385254,4.072480201721191,4.535744667053223,2.3307595252990723,4.367423057556152,4.016918182373047,0.0
pair/b2outer3/final/pair_gnn/s5519,corrected_gnn,5519,message_weights.0,153345,1024,1024,0.0,0.02741493284702301,0.02357863448560238,0.011261610314249992,0.025791728869080544,0.02355167083442211,0.010273522697389126,0.024890830740332603,0.02741493284702301,0.0,5.494422435760498,2.771968364715576,5.112444877624512,5.038909912109375,2.8358540534973145,4.902617454528809,5.008326530456543,0.0
pair/b2outer3/final/pair_gnn/s5519,corrected_gnn,5519,message_weights.1,153345,1024,1024,0.0,0.02192630246281624,0.019260885193943977,0.011072701774537563,0.021738635376095772,0.01897714100778103,0.009187782183289528,0.020862119272351265,0.02192630246281624,0.0,6.823025226593018,3.095043182373047,6.33292293548584,6.5217509269714355,3.2077369689941406,6.3089447021484375,6.388609409332275,0.0
pair/b2outer3/final/pair_gnn/s6637,corrected_gnn,6637,message_weights.0,153345,1024,1024,0.0,0.058517247438430786,0.047817256301641464,0.029203807935118675,0.052930258214473724,0.0466693751513958,0.021087560802698135,0.05045047029852867,0.058517247438430786,0.0,4.1499481201171875,2.084266185760498,3.7678275108337402,3.940059185028076,2.363698720932007,3.7815101146698,3.6686930656433105,0.0
pair/b2outer3/final/pair_gnn/s6637,corrected_gnn,6637,message_weights.1,153345,1024,1024,0.0,0.050432901829481125,0.044060200452804565,0.025266116484999657,0.050432901829481125,0.042816706001758575,0.018975472077727318,0.04618905857205391,0.048823144286870956,0.0,4.892253875732422,2.5441832542419434,4.561553955078125,4.67650032043457,2.3937110900878906,4.3736162185668945,4.186371326446533,0.0
pair/b2outer3/final/pair_gnn/s7753,corrected_gnn,7753,message_weights.0,153345,1024,1024,0.0,0.020406607538461685,0.01735505647957325,0.009498374536633492,0.01834246888756752,0.01867477037012577,0.008039919659495354,0.01934930868446827,0.020406607538461685,0.0,4.9416608810424805,2.8298873901367188,4.762881278991699,4.759670257568359,2.326340913772583,4.684887886047363,4.133035659790039,0.0
pair/b2outer3/final/pair_gnn/s7753,corrected_gnn,7753,message_weights.1,153345,1024,1024,0.0,0.013450952246785164,0.011505523696541786,0.006181348580867052,0.012879344634711742,0.011337409727275372,0.006482802797108889,0.012773131020367146,0.013450952246785164,0.0,4.888680934906006,2.859297752380371,4.566622734069824,5.084046840667725,2.787034034729004,4.7723588943481445,4.444352626800537,0.0
pair/b2outer3/final/pair_gnn/s8867,corrected_gnn,8867,message_weights.0,153345,1024,1024,0.0,0.023595308884978294,0.019080910831689835,0.008686525747179985,0.021826766431331635,0.0219140462577343,0.007068967912346125,0.023595308884978294,0.023040160536766052,0.0,4.256727695465088,2.1657114028930664,3.9451446533203125,4.733920574188232,2.000290632247925,4.395858287811279,4.062677383422852,0.0
pair/b2outer3/final/pair_gnn/s8867,corrected_gnn,8867,message_weights.1,153345,1024,1024,0.0,0.01669754832983017,0.014038111083209515,0.007541368715465069,0.015866084024310112,0.01564088463783264,0.0050681051798164845,0.016602396965026855,0.01669754832983017,0.0,4.640993595123291,3.0382556915283203,4.263206481933594,4.64321756362915,2.7952980995178223,4.35715913772583,4.59613037109375,0.0
pair/b2outer3/final/pair_gnn/s9973,corrected_gnn,9973,message_weights.0,153345,1024,1024,0.0,0.0675865039229393,0.056859876960515976,0.028706589713692665,0.06142459064722061,0.06403280049562454,0.020471572875976562,0.0675865039229393,0.06254284083843231,0.0,3.9627604484558105,1.6165790557861328,3.757521152496338,4.146655082702637,1.6791465282440186,3.8847854137420654,3.809990406036377,0.0
pair/b2outer3/final/pair_gnn/s9973,corrected_gnn,9973,message_weights.1,153345,1024,1024,0.0,0.04007356986403465,0.035008616745471954,0.019570328295230865,0.03801196441054344,0.037291329354047775,0.01594555377960205,0.04007356986403465,0.03893342241644859,0.0,4.312872886657715,2.356045961380005,4.113898277282715,4.4728193283081055,2.5122385025024414,4.189005374908447,3.967288017272949,0.0
pair/b2outer3/final/pair_no_message/s11027,corrected_no_message,11027,message_weights.0,153345,1024,1024,0.0,0.02431066893041134,0.021234458312392235,0.011145147494971752,0.02431066893041134,0.02104772813618183,0.010020536370575428,0.022112440317869186,0.02084966190159321,0.0,3.68381929397583,1.8319106101989746,3.672199249267578,3.6418824195861816,1.499523639678955,3.675043821334839,3.686100959777832,0.00027261124341748655
pair/b2outer3/final/pair_no_message/s11027,corrected_no_message,11027,message_weights.1,153345,1024,1024,0.0,0.020551810041069984,0.01701335795223713,0.011023961938917637,0.020551810041069984,0.01750589907169342,0.008781096898019314,0.018800627440214157,0.01874406449496746,0.0,4.652216911315918,2.8592472076416016,4.229458332061768,4.698364734649658,2.4239847660064697,4.349775314331055,4.446508884429932,0.0002734445151872933
pair/b2outer3/final/pair_no_message/s1103,corrected_no_message,1103,message_weights.0,153345,1024,1024,0.0,0.019856125116348267,0.013713925145566463,0.011656294576823711,0.019856125116348267,0.01453313510864973,0.007261425722390413,0.016202734783291817,0.016252269968390465,0.0,3.4483304023742676,1.7316465377807617,3.2636187076568604,3.3934550285339355,1.918817162513733,3.296017646789551,3.319122791290283,0.0002688892127480358
pair/b2outer3/final/pair_no_message/s1103,corrected_no_message,1103,message_weights.1,153345,1024,1024,0.0,0.020237619057297707,0.015805277973413467,0.010354528203606606,0.020237619057297707,0.016599323600530624,0.0067400638945400715,0.01827867142856121,0.017936939373612404,0.0,4.602925777435303,2.8007192611694336,4.245822429656982,4.577620506286621,3.4661481380462646,4.44708776473999,4.426634788513184,0.00027338560903444886
pair/b2outer3/final/pair_no_message/s2207,corrected_no_message,2207,message_weights.0,153345,1024,1024,0.0,0.0394066758453846,0.03357146680355072,0.02325085923075676,0.0394066758453846,0.033283717930316925,0.017772745341062546,0.03727228567004204,0.03723138943314552,0.0,3.2451577186584473,1.7422759532928467,3.1454455852508545,3.287050724029541,1.1366722583770752,3.184256076812744,3.1503403186798096,0.0001575805654283613
pair/b2outer3/final/pair_no_message/s2207,corrected_no_message,2207,message_weights.1,153345,1024,1024,0.0,0.03113546036183834,0.0275848601013422,0.014250056818127632,0.03113546036183834,0.02713022008538246,0.01085528265684843,0.02886009030044079,0.0292911846190691,0.0,3.8859663009643555,2.0118417739868164,3.641169548034668,3.9435677528381348,2.101024627685547,3.763254165649414,3.754483222961426,0.00015780585817992687
pair/b2outer3/final/pair_no_message/s3301,corrected_no_message,3301,message_weights.0,153345,1024,1024,0.0,0.0897364616394043,0.07818147540092468,0.041217051446437836,0.0897364616394043,0.07509945333003998,0.041175659745931625,0.08857354521751404,0.08416741341352463,0.0,0.6182790994644165,0.44037607312202454,0.6160956621170044,0.6199872493743896,0.4225735068321228,0.6330671310424805,0.62694251537323,1.5017913028714247e-05
pair/b2outer3/final/pair_no_message/s3301,corrected_no_message,3301,message_weights.1,153345,1024,1024,0.0,0.09410730749368668,0.07985683530569077,0.047628287225961685,0.09410730749368668,0.08035443723201752,0.03360912203788757,0.08909889310598373,0.08574327826499939,0.0,0.800143837928772,0.7354824542999268,0.7695024013519287,0.8298889398574829,0.6316754817962646,0.7938063144683838,0.7752637267112732,1.4712713891640306e-05
pair/b2outer3/final/pair_no_message/s4409,corrected_no_message,4409,message_weights.0,153345,1024,1024,0.0,0.035337332636117935,0.03395313024520874,0.011169269680976868,0.03440656140446663,0.034775249660015106,0.012775835581123829,0.035337332636117935,0.03503413498401642,0.0,3.9168317317962646,2.08563232421875,3.817643165588379,3.905703067779541,1.4975452423095703,3.7915687561035156,3.788804054260254,0.00016641465481370687
pair/b2outer3/final/pair_no_message/s4409,corrected_no_message,4409,message_weights.1,153345,1024,1024,0.0,0.02767236903309822,0.02448122389614582,0.01286359317600727,0.02767236903309822,0.024931546300649643,0.010360579006373882,0.026700831949710846,0.02729606069624424,0.0,4.477428913116455,2.4758505821228027,4.131207466125488,4.509975433349609,2.398378849029541,4.23657751083374,4.236454963684082,0.00016097402840387076
pair/b2outer3/final/pair_no_message/s5519,corrected_no_message,5519,message_weights.0,153345,1024,1024,0.0,0.029094994068145752,0.025945035740733147,0.011706401593983173,0.026441507041454315,0.025767220184206963,0.01077141985297203,0.028024716302752495,0.029094994068145752,0.0,4.9932146072387695,2.3530285358428955,4.5118489265441895,4.965620040893555,2.288752317428589,4.51021146774292,4.5671162605285645,0.0003400280838832259
pair/b2outer3/final/pair_no_message/s5519,corrected_no_message,5519,message_weights.1,153345,1024,1024,0.0,0.028228361159563065,0.02487844042479992,0.011129948310554028,0.026319380849599838,0.024213310331106186,0.009669449180364609,0.025912344455718994,0.028228361159563065,0.0,6.382717132568359,3.1805527210235596,5.903261184692383,6.439562797546387,2.9768013954162598,6.08997106552124,6.00882625579834,0.0003461934393271804
pair/b2outer3/final/pair_no_message/s6637,corrected_no_message,6637,message_weights.0,153345,1024,1024,0.0,0.03592109680175781,0.0249200277030468,0.02075425535440445,0.03592109680175781,0.026470616459846497,0.01538290735334158,0.032143138349056244,0.03090023621916771,0.0,4.309804439544678,2.4899892807006836,4.351330757141113,4.395465850830078,1.6555743217468262,3.981008529663086,3.967472553253174,0.0002540317364037037
pair/b2outer3/final/pair_no_message/s6637,corrected_no_message,6637,message_weights.1,153345,1024,1024,0.0,0.032272156327962875,0.02697402611374855,0.014696802943944931,0.032272156327962875,0.026796212419867516,0.011411676183342934,0.029111621901392937,0.03014458902180195,0.0,5.48813533782959,3.0739545822143555,5.187077522277832,5.539259433746338,2.5484302043914795,5.205709934234619,5.1481523513793945,0.00024906336329877377
pair/b2outer3/final/pair_no_message/s7753,corrected_no_message,7753,message_weights.0,153345,1024,1024,0.0,0.020611410960555077,0.01647198759019375,0.009405422024428844,0.018983343616127968,0.016685210168361664,0.008549400605261326,0.020611410960555077,0.019649522379040718,0.0,4.5625691413879395,2.379528760910034,4.32732629776001,4.642742156982422,2.275475263595581,4.391890525817871,4.412580490112305,0.0002856436185538769
pair/b2outer3/final/pair_no_message/s7753,corrected_no_message,7753,message_weights.1,153345,1024,1024,0.0,0.015598440542817116,0.012665041722357273,0.008325292728841305,0.015598440542817116,0.012726306915283203,0.005794043652713299,0.01453225314617157,0.013916371390223503,0.0,4.765567779541016,3.051197052001953,4.596531867980957,4.84366512298584,2.6066505908966064,4.586703300476074,4.572165012359619,0.0002798927016556263
pair/b2outer3/final/pair_no_message/s8867,corrected_no_message,8867,message_weights.0,153345,1024,1024,0.0,0.03745419159531593,0.029557541012763977,0.021562626585364342,0.03745419159531593,0.028892312198877335,0.010439584963023663,0.032842401415109634,0.03203075751662254,0.0,3.590278148651123,1.634582757949829,3.4073495864868164,3.6109278202056885,1.382521629333496,3.424346685409546,3.4096789360046387,0.00016435471479780972
pair/b2outer3/final/pair_no_message/s8867,corrected_no_message,8867,message_weights.1,153345,1024,1024,0.0,0.029200449585914612,0.024768080562353134,0.015884878113865852,0.029200449585914612,0.025906424969434738,0.010386817157268524,0.027742719277739525,0.02660549245774746,0.0,4.370275497436523,2.119750499725342,4.070538520812988,4.331408500671387,2.0432748794555664,4.059205055236816,4.038544654846191,0.0001649348414503038
pair/b2outer3/final/pair_no_message/s9973,corrected_no_message,9973,message_weights.0,153345,1024,1024,0.0,0.04522474855184555,0.03946514055132866,0.02154870145022869,0.04522474855184555,0.037763811647892,0.01552839856594801,0.040984950959682465,0.041436873376369476,0.0,0.5477340221405029,0.4295446276664734,0.5668569803237915,0.5491792559623718,0.42616915702819824,0.5584115982055664,0.541385293006897,1.194422657135874e-05
pair/b2outer3/final/pair_no_message/s9973,corrected_no_message,9973,message_weights.1,153345,1024,1024,0.0,0.041351400315761566,0.038588255643844604,0.019794922322034836,0.041351400315761566,0.03890739753842354,0.014240111224353313,0.04014713317155838,0.04017193987965584,0.0,0.7019926905632019,0.6223475933074951,0.7054491639137268,0.7218011021614075,0.6398773789405823,0.7099423408508301,0.7006102800369263,1.2100441381335258e-05
