fit,partition
activity/deployment/dev/chemistry_tree/i0/leaf2/s701,7f94a8fe6dff
activity/deployment/dev/chemistry_tree/i0/leaf2/s907,7f94a8fe6dff
activity/deployment/dev/chemistry_tree/i0/leaf8/s701,7f94a8fe6dff
activity/deployment/dev/chemistry_tree/i0/leaf8/s907,7f94a8fe6dff
activity/deployment/dev/chemistry_tree/i1/leaf2/s701,429e99529369
activity/deployment/dev/chemistry_tree/i1/leaf2/s907,429e99529369
activity/deployment/dev/chemistry_tree/i1/leaf8/s701,429e99529369
activity/deployment/dev/chemistry_tree/i1/leaf8/s907,429e99529369
activity/deployment/dev/chemistry_tree/i2/leaf2/s701,a62d87e0e45f
activity/deployment/dev/chemistry_tree/i2/leaf2/s907,a62d87e0e45f
activity/deployment/dev/chemistry_tree/i2/leaf8/s701,a62d87e0e45f
activity/deployment/dev/chemistry_tree/i2/leaf8/s907,a62d87e0e45f
activity/deployment/dev/corrected_gnn/i0/lr0.0001_wd0.0001/s701,7f94a8fe6dff
activity/deployment/dev/corrected_gnn/i0/lr0.0001_wd0.0001/s907,7f94a8fe6dff
activity/deployment/dev/corrected_gnn/i0/lr0.0001_wd1e-06/s701,7f94a8fe6dff
activity/deployment/dev/corrected_gnn/i0/lr0.0001_wd1e-06/s907,7f94a8fe6dff
activity/deployment/dev/corrected_gnn/i0/lr0.0003_wd0.0001/s701,7f94a8fe6dff
activity/deployment/dev/corrected_gnn/i0/lr0.0003_wd0.0001/s907,7f94a8fe6dff
activity/deployment/dev/corrected_gnn/i0/lr0.0003_wd1e-06/s701,7f94a8fe6dff
activity/deployment/dev/corrected_gnn/i0/lr0.0003_wd1e-06/s907,7f94a8fe6dff
activity/deployment/dev/corrected_gnn/i0/lr0.001_wd0.0001/s701,7f94a8fe6dff
activity/deployment/dev/corrected_gnn/i0/lr0.001_wd0.0001/s907,7f94a8fe6dff
activity/deployment/dev/corrected_gnn/i0/lr0.001_wd1e-06/s701,7f94a8fe6dff
activity/deployment/dev/corrected_gnn/i0/lr0.001_wd1e-06/s907,7f94a8fe6dff
activity/deployment/dev/corrected_gnn/i1/lr0.0001_wd0.0001/s701,429e99529369
activity/deployment/dev/corrected_gnn/i1/lr0.0001_wd0.0001/s907,429e99529369
activity/deployment/dev/corrected_gnn/i1/lr0.0001_wd1e-06/s701,429e99529369
activity/deployment/dev/corrected_gnn/i1/lr0.0001_wd1e-06/s907,429e99529369
activity/deployment/dev/corrected_gnn/i1/lr0.0003_wd0.0001/s701,429e99529369
activity/deployment/dev/corrected_gnn/i1/lr0.0003_wd0.0001/s907,429e99529369
activity/deployment/dev/corrected_gnn/i1/lr0.0003_wd1e-06/s701,429e99529369
activity/deployment/dev/corrected_gnn/i1/lr0.0003_wd1e-06/s907,429e99529369
activity/deployment/dev/corrected_gnn/i1/lr0.001_wd0.0001/s701,429e99529369
activity/deployment/dev/corrected_gnn/i1/lr0.001_wd0.0001/s907,429e99529369
activity/deployment/dev/corrected_gnn/i1/lr0.001_wd1e-06/s701,429e99529369
activity/deployment/dev/corrected_gnn/i1/lr0.001_wd1e-06/s907,429e99529369
activity/deployment/dev/corrected_gnn/i2/lr0.0001_wd0.0001/s701,a62d87e0e45f
activity/deployment/dev/corrected_gnn/i2/lr0.0001_wd0.0001/s907,a62d87e0e45f
activity/deployment/dev/corrected_gnn/i2/lr0.0001_wd1e-06/s701,a62d87e0e45f
activity/deployment/dev/corrected_gnn/i2/lr0.0001_wd1e-06/s907,a62d87e0e45f
activity/deployment/dev/corrected_gnn/i2/lr0.0003_wd0.0001/s701,a62d87e0e45f
activity/deployment/dev/corrected_gnn/i2/lr0.0003_wd0.0001/s907,a62d87e0e45f
activity/deployment/dev/corrected_gnn/i2/lr0.0003_wd1e-06/s701,a62d87e0e45f
activity/deployment/dev/corrected_gnn/i2/lr0.0003_wd1e-06/s907,a62d87e0e45f
activity/deployment/dev/corrected_gnn/i2/lr0.001_wd0.0001/s701,a62d87e0e45f
activity/deployment/dev/corrected_gnn/i2/lr0.001_wd0.0001/s907,a62d87e0e45f
activity/deployment/dev/corrected_gnn/i2/lr0.001_wd1e-06/s701,a62d87e0e45f
activity/deployment/dev/corrected_gnn/i2/lr0.001_wd1e-06/s907,a62d87e0e45f
activity/deployment/dev/corrected_no_message/i0/lr0.0001_wd0.0001/s701,7f94a8fe6dff
activity/deployment/dev/corrected_no_message/i0/lr0.0001_wd0.0001/s907,7f94a8fe6dff
activity/deployment/dev/corrected_no_message/i0/lr0.0001_wd1e-06/s701,7f94a8fe6dff
activity/deployment/dev/corrected_no_message/i0/lr0.0001_wd1e-06/s907,7f94a8fe6dff
activity/deployment/dev/corrected_no_message/i0/lr0.0003_wd0.0001/s701,7f94a8fe6dff
activity/deployment/dev/corrected_no_message/i0/lr0.0003_wd0.0001/s907,7f94a8fe6dff
activity/deployment/dev/corrected_no_message/i0/lr0.0003_wd1e-06/s701,7f94a8fe6dff
activity/deployment/dev/corrected_no_message/i0/lr0.0003_wd1e-06/s907,7f94a8fe6dff
activity/deployment/dev/corrected_no_message/i0/lr0.001_wd0.0001/s701,7f94a8fe6dff
activity/deployment/dev/corrected_no_message/i0/lr0.001_wd0.0001/s907,7f94a8fe6dff
activity/deployment/dev/corrected_no_message/i0/lr0.001_wd1e-06/s701,7f94a8fe6dff
activity/deployment/dev/corrected_no_message/i0/lr0.001_wd1e-06/s907,7f94a8fe6dff
activity/deployment/dev/corrected_no_message/i1/lr0.0001_wd0.0001/s701,429e99529369
activity/deployment/dev/corrected_no_message/i1/lr0.0001_wd0.0001/s907,429e99529369
activity/deployment/dev/corrected_no_message/i1/lr0.0001_wd1e-06/s701,429e99529369
activity/deployment/dev/corrected_no_message/i1/lr0.0001_wd1e-06/s907,429e99529369
activity/deployment/dev/corrected_no_message/i1/lr0.0003_wd0.0001/s701,429e99529369
activity/deployment/dev/corrected_no_message/i1/lr0.0003_wd0.0001/s907,429e99529369
activity/deployment/dev/corrected_no_message/i1/lr0.0003_wd1e-06/s701,429e99529369
activity/deployment/dev/corrected_no_message/i1/lr0.0003_wd1e-06/s907,429e99529369
activity/deployment/dev/corrected_no_message/i1/lr0.001_wd0.0001/s701,429e99529369
activity/deployment/dev/corrected_no_message/i1/lr0.001_wd0.0001/s907,429e99529369
activity/deployment/dev/corrected_no_message/i1/lr0.001_wd1e-06/s701,429e99529369
activity/deployment/dev/corrected_no_message/i1/lr0.001_wd1e-06/s907,429e99529369
activity/deployment/dev/corrected_no_message/i2/lr0.0001_wd0.0001/s701,a62d87e0e45f
activity/deployment/dev/corrected_no_message/i2/lr0.0001_wd0.0001/s907,a62d87e0e45f
activity/deployment/dev/corrected_no_message/i2/lr0.0001_wd1e-06/s701,a62d87e0e45f
activity/deployment/dev/corrected_no_message/i2/lr0.0001_wd1e-06/s907,a62d87e0e45f
activity/deployment/dev/corrected_no_message/i2/lr0.0003_wd0.0001/s701,a62d87e0e45f
activity/deployment/dev/corrected_no_message/i2/lr0.0003_wd0.0001/s907,a62d87e0e45f
activity/deployment/dev/corrected_no_message/i2/lr0.0003_wd1e-06/s701,a62d87e0e45f
activity/deployment/dev/corrected_no_message/i2/lr0.0003_wd1e-06/s907,a62d87e0e45f
activity/deployment/dev/corrected_no_message/i2/lr0.001_wd0.0001/s701,a62d87e0e45f
activity/deployment/dev/corrected_no_message/i2/lr0.001_wd0.0001/s907,a62d87e0e45f
activity/deployment/dev/corrected_no_message/i2/lr0.001_wd1e-06/s701,a62d87e0e45f
activity/deployment/dev/corrected_no_message/i2/lr0.001_wd1e-06/s907,a62d87e0e45f
activity/deployment/dev/guide_ridge/i0/alpha0.1/s0,7f94a8fe6dff
activity/deployment/dev/guide_ridge/i0/alpha1/s0,7f94a8fe6dff
activity/deployment/dev/guide_ridge/i0/alpha10/s0,7f94a8fe6dff
activity/deployment/dev/guide_ridge/i1/alpha0.1/s0,429e99529369
activity/deployment/dev/guide_ridge/i1/alpha1/s0,429e99529369
activity/deployment/dev/guide_ridge/i1/alpha10/s0,429e99529369
activity/deployment/dev/guide_ridge/i2/alpha0.1/s0,a62d87e0e45f
activity/deployment/dev/guide_ridge/i2/alpha1/s0,a62d87e0e45f
activity/deployment/dev/guide_ridge/i2/alpha10/s0,a62d87e0e45f
activity/deployment/dev/original_gnn/i0/lr0.0001_wd0.0001/s701,7f94a8fe6dff
activity/deployment/dev/original_gnn/i0/lr0.0001_wd0.0001/s907,7f94a8fe6dff
activity/deployment/dev/original_gnn/i0/lr0.0001_wd1e-06/s701,7f94a8fe6dff
activity/deployment/dev/original_gnn/i0/lr0.0001_wd1e-06/s907,7f94a8fe6dff
activity/deployment/dev/original_gnn/i0/lr0.0003_wd0.0001/s701,7f94a8fe6dff
activity/deployment/dev/original_gnn/i0/lr0.0003_wd0.0001/s907,7f94a8fe6dff
activity/deployment/dev/original_gnn/i0/lr0.0003_wd1e-06/s701,7f94a8fe6dff
activity/deployment/dev/original_gnn/i0/lr0.0003_wd1e-06/s907,7f94a8fe6dff
activity/deployment/dev/original_gnn/i0/lr0.001_wd0.0001/s701,7f94a8fe6dff
activity/deployment/dev/original_gnn/i0/lr0.001_wd0.0001/s907,7f94a8fe6dff
activity/deployment/dev/original_gnn/i0/lr0.001_wd1e-06/s701,7f94a8fe6dff
activity/deployment/dev/original_gnn/i0/lr0.001_wd1e-06/s907,7f94a8fe6dff
activity/deployment/dev/original_gnn/i1/lr0.0001_wd0.0001/s701,429e99529369
activity/deployment/dev/original_gnn/i1/lr0.0001_wd0.0001/s907,429e99529369
activity/deployment/dev/original_gnn/i1/lr0.0001_wd1e-06/s701,429e99529369
activity/deployment/dev/original_gnn/i1/lr0.0001_wd1e-06/s907,429e99529369
activity/deployment/dev/original_gnn/i1/lr0.0003_wd0.0001/s701,429e99529369
activity/deployment/dev/original_gnn/i1/lr0.0003_wd0.0001/s907,429e99529369
activity/deployment/dev/original_gnn/i1/lr0.0003_wd1e-06/s701,429e99529369
activity/deployment/dev/original_gnn/i1/lr0.0003_wd1e-06/s907,429e99529369
activity/deployment/dev/original_gnn/i1/lr0.001_wd0.0001/s701,429e99529369
activity/deployment/dev/original_gnn/i1/lr0.001_wd0.0001/s907,429e99529369
activity/deployment/dev/original_gnn/i1/lr0.001_wd1e-06/s701,429e99529369
activity/deployment/dev/original_gnn/i1/lr0.001_wd1e-06/s907,429e99529369
activity/deployment/dev/original_gnn/i2/lr0.0001_wd0.0001/s701,a62d87e0e45f
activity/deployment/dev/original_gnn/i2/lr0.0001_wd0.0001/s907,a62d87e0e45f
activity/deployment/dev/original_gnn/i2/lr0.0001_wd1e-06/s701,a62d87e0e45f
activity/deployment/dev/original_gnn/i2/lr0.0001_wd1e-06/s907,a62d87e0e45f
activity/deployment/dev/original_gnn/i2/lr0.0003_wd0.0001/s701,a62d87e0e45f
activity/deployment/dev/original_gnn/i2/lr0.0003_wd0.0001/s907,a62d87e0e45f
activity/deployment/dev/original_gnn/i2/lr0.0003_wd1e-06/s701,a62d87e0e45f
activity/deployment/dev/original_gnn/i2/lr0.0003_wd1e-06/s907,a62d87e0e45f
activity/deployment/dev/original_gnn/i2/lr0.001_wd0.0001/s701,a62d87e0e45f
activity/deployment/dev/original_gnn/i2/lr0.001_wd0.0001/s907,a62d87e0e45f
activity/deployment/dev/original_gnn/i2/lr0.001_wd1e-06/s701,a62d87e0e45f
activity/deployment/dev/original_gnn/i2/lr0.001_wd1e-06/s907,a62d87e0e45f
activity/deployment/dev/original_no_message/i0/lr0.0001_wd0.0001/s701,7f94a8fe6dff
activity/deployment/dev/original_no_message/i0/lr0.0001_wd0.0001/s907,7f94a8fe6dff
activity/deployment/dev/original_no_message/i0/lr0.0001_wd1e-06/s701,7f94a8fe6dff
activity/deployment/dev/original_no_message/i0/lr0.0001_wd1e-06/s907,7f94a8fe6dff
activity/deployment/dev/original_no_message/i0/lr0.0003_wd0.0001/s701,7f94a8fe6dff
activity/deployment/dev/original_no_message/i0/lr0.0003_wd0.0001/s907,7f94a8fe6dff
activity/deployment/dev/original_no_message/i0/lr0.0003_wd1e-06/s701,7f94a8fe6dff
activity/deployment/dev/original_no_message/i0/lr0.0003_wd1e-06/s907,7f94a8fe6dff
activity/deployment/dev/original_no_message/i0/lr0.001_wd0.0001/s701,7f94a8fe6dff
activity/deployment/dev/original_no_message/i0/lr0.001_wd0.0001/s907,7f94a8fe6dff
activity/deployment/dev/original_no_message/i0/lr0.001_wd1e-06/s701,7f94a8fe6dff
activity/deployment/dev/original_no_message/i0/lr0.001_wd1e-06/s907,7f94a8fe6dff
activity/deployment/dev/original_no_message/i1/lr0.0001_wd0.0001/s701,429e99529369
activity/deployment/dev/original_no_message/i1/lr0.0001_wd0.0001/s907,429e99529369
activity/deployment/dev/original_no_message/i1/lr0.0001_wd1e-06/s701,429e99529369
activity/deployment/dev/original_no_message/i1/lr0.0001_wd1e-06/s907,429e99529369
activity/deployment/dev/original_no_message/i1/lr0.0003_wd0.0001/s701,429e99529369
activity/deployment/dev/original_no_message/i1/lr0.0003_wd0.0001/s907,429e99529369
activity/deployment/dev/original_no_message/i1/lr0.0003_wd1e-06/s701,429e99529369
activity/deployment/dev/original_no_message/i1/lr0.0003_wd1e-06/s907,429e99529369
activity/deployment/dev/original_no_message/i1/lr0.001_wd0.0001/s701,429e99529369
activity/deployment/dev/original_no_message/i1/lr0.001_wd0.0001/s907,429e99529369
activity/deployment/dev/original_no_message/i1/lr0.001_wd1e-06/s701,429e99529369
activity/deployment/dev/original_no_message/i1/lr0.001_wd1e-06/s907,429e99529369
activity/deployment/dev/original_no_message/i2/lr0.0001_wd0.0001/s701,a62d87e0e45f
activity/deployment/dev/original_no_message/i2/lr0.0001_wd0.0001/s907,a62d87e0e45f
activity/deployment/dev/original_no_message/i2/lr0.0001_wd1e-06/s701,a62d87e0e45f
activity/deployment/dev/original_no_message/i2/lr0.0001_wd1e-06/s907,a62d87e0e45f
activity/deployment/dev/original_no_message/i2/lr0.0003_wd0.0001/s701,a62d87e0e45f
activity/deployment/dev/original_no_message/i2/lr0.0003_wd0.0001/s907,a62d87e0e45f
activity/deployment/dev/original_no_message/i2/lr0.0003_wd1e-06/s701,a62d87e0e45f
activity/deployment/dev/original_no_message/i2/lr0.0003_wd1e-06/s907,a62d87e0e45f
activity/deployment/dev/original_no_message/i2/lr0.001_wd0.0001/s701,a62d87e0e45f
activity/deployment/dev/original_no_message/i2/lr0.001_wd0.0001/s907,a62d87e0e45f
activity/deployment/dev/original_no_message/i2/lr0.001_wd1e-06/s701,a62d87e0e45f
activity/deployment/dev/original_no_message/i2/lr0.001_wd1e-06/s907,a62d87e0e45f
activity/deployment/dev/pairwise_ridge/i0/alpha0.1/s0,7f94a8fe6dff
activity/deployment/dev/pairwise_ridge/i0/alpha1/s0,7f94a8fe6dff
activity/deployment/dev/pairwise_ridge/i0/alpha10/s0,7f94a8fe6dff
activity/deployment/dev/pairwise_ridge/i1/alpha0.1/s0,429e99529369
activity/deployment/dev/pairwise_ridge/i1/alpha1/s0,429e99529369
activity/deployment/dev/pairwise_ridge/i1/alpha10/s0,429e99529369
activity/deployment/dev/pairwise_ridge/i2/alpha0.1/s0,a62d87e0e45f
activity/deployment/dev/pairwise_ridge/i2/alpha1/s0,a62d87e0e45f
activity/deployment/dev/pairwise_ridge/i2/alpha10/s0,a62d87e0e45f
activity/deployment/dev/token_cnn/i0/lr0.0001_wd0.0001/s701,7f94a8fe6dff
activity/deployment/dev/token_cnn/i0/lr0.0001_wd0.0001/s907,7f94a8fe6dff
activity/deployment/dev/token_cnn/i0/lr0.0001_wd1e-06/s701,7f94a8fe6dff
activity/deployment/dev/token_cnn/i0/lr0.0001_wd1e-06/s907,7f94a8fe6dff
activity/deployment/dev/token_cnn/i0/lr0.0003_wd0.0001/s701,7f94a8fe6dff
activity/deployment/dev/token_cnn/i0/lr0.0003_wd0.0001/s907,7f94a8fe6dff
activity/deployment/dev/token_cnn/i0/lr0.0003_wd1e-06/s701,7f94a8fe6dff
activity/deployment/dev/token_cnn/i0/lr0.0003_wd1e-06/s907,7f94a8fe6dff
activity/deployment/dev/token_cnn/i0/lr0.001_wd0.0001/s701,7f94a8fe6dff
activity/deployment/dev/token_cnn/i0/lr0.001_wd0.0001/s907,7f94a8fe6dff
activity/deployment/dev/token_cnn/i0/lr0.001_wd1e-06/s701,7f94a8fe6dff
activity/deployment/dev/token_cnn/i0/lr0.001_wd1e-06/s907,7f94a8fe6dff
activity/deployment/dev/token_cnn/i1/lr0.0001_wd0.0001/s701,429e99529369
activity/deployment/dev/token_cnn/i1/lr0.0001_wd0.0001/s907,429e99529369
activity/deployment/dev/token_cnn/i1/lr0.0001_wd1e-06/s701,429e99529369
activity/deployment/dev/token_cnn/i1/lr0.0001_wd1e-06/s907,429e99529369
activity/deployment/dev/token_cnn/i1/lr0.0003_wd0.0001/s701,429e99529369
activity/deployment/dev/token_cnn/i1/lr0.0003_wd0.0001/s907,429e99529369
activity/deployment/dev/token_cnn/i1/lr0.0003_wd1e-06/s701,429e99529369
activity/deployment/dev/token_cnn/i1/lr0.0003_wd1e-06/s907,429e99529369
activity/deployment/dev/token_cnn/i1/lr0.001_wd0.0001/s701,429e99529369
activity/deployment/dev/token_cnn/i1/lr0.001_wd0.0001/s907,429e99529369
activity/deployment/dev/token_cnn/i1/lr0.001_wd1e-06/s701,429e99529369
activity/deployment/dev/token_cnn/i1/lr0.001_wd1e-06/s907,429e99529369
activity/deployment/dev/token_cnn/i2/lr0.0001_wd0.0001/s701,a62d87e0e45f
activity/deployment/dev/token_cnn/i2/lr0.0001_wd0.0001/s907,a62d87e0e45f
activity/deployment/dev/token_cnn/i2/lr0.0001_wd1e-06/s701,a62d87e0e45f
activity/deployment/dev/token_cnn/i2/lr0.0001_wd1e-06/s907,a62d87e0e45f
activity/deployment/dev/token_cnn/i2/lr0.0003_wd0.0001/s701,a62d87e0e45f
activity/deployment/dev/token_cnn/i2/lr0.0003_wd0.0001/s907,a62d87e0e45f
activity/deployment/dev/token_cnn/i2/lr0.0003_wd1e-06/s701,a62d87e0e45f
activity/deployment/dev/token_cnn/i2/lr0.0003_wd1e-06/s907,a62d87e0e45f
activity/deployment/dev/token_cnn/i2/lr0.001_wd0.0001/s701,a62d87e0e45f
activity/deployment/dev/token_cnn/i2/lr0.001_wd0.0001/s907,a62d87e0e45f
activity/deployment/dev/token_cnn/i2/lr0.001_wd1e-06/s701,a62d87e0e45f
activity/deployment/dev/token_cnn/i2/lr0.001_wd1e-06/s907,a62d87e0e45f
activity/deployment/final/chemistry_tree/s11027,a62d87e0e45f
activity/deployment/final/chemistry_tree/s1103,a62d87e0e45f
activity/deployment/final/chemistry_tree/s2207,a62d87e0e45f
activity/deployment/final/chemistry_tree/s3301,a62d87e0e45f
activity/deployment/final/chemistry_tree/s4409,a62d87e0e45f
activity/deployment/final/chemistry_tree/s5519,a62d87e0e45f
activity/deployment/final/chemistry_tree/s6637,a62d87e0e45f
activity/deployment/final/chemistry_tree/s7753,a62d87e0e45f
activity/deployment/final/chemistry_tree/s8867,a62d87e0e45f
activity/deployment/final/chemistry_tree/s9973,a62d87e0e45f
activity/deployment/final/corrected_gnn/s11027,a62d87e0e45f
activity/deployment/final/corrected_gnn/s1103,a62d87e0e45f
activity/deployment/final/corrected_gnn/s2207,a62d87e0e45f
activity/deployment/final/corrected_gnn/s3301,a62d87e0e45f
activity/deployment/final/corrected_gnn/s4409,a62d87e0e45f
activity/deployment/final/corrected_gnn/s5519,a62d87e0e45f
activity/deployment/final/corrected_gnn/s6637,a62d87e0e45f
activity/deployment/final/corrected_gnn/s7753,a62d87e0e45f
activity/deployment/final/corrected_gnn/s8867,a62d87e0e45f
activity/deployment/final/corrected_gnn/s9973,a62d87e0e45f
activity/deployment/final/corrected_no_message/s11027,a62d87e0e45f
activity/deployment/final/corrected_no_message/s1103,a62d87e0e45f
activity/deployment/final/corrected_no_message/s2207,a62d87e0e45f
activity/deployment/final/corrected_no_message/s3301,a62d87e0e45f
activity/deployment/final/corrected_no_message/s4409,a62d87e0e45f
activity/deployment/final/corrected_no_message/s5519,a62d87e0e45f
activity/deployment/final/corrected_no_message/s6637,a62d87e0e45f
activity/deployment/final/corrected_no_message/s7753,a62d87e0e45f
activity/deployment/final/corrected_no_message/s8867,a62d87e0e45f
activity/deployment/final/corrected_no_message/s9973,a62d87e0e45f
activity/deployment/final/guide_ridge/s0,a62d87e0e45f
activity/deployment/final/original_gnn/s11027,a62d87e0e45f
activity/deployment/final/original_gnn/s1103,a62d87e0e45f
activity/deployment/final/original_gnn/s2207,a62d87e0e45f
activity/deployment/final/original_gnn/s3301,a62d87e0e45f
activity/deployment/final/original_gnn/s4409,a62d87e0e45f
activity/deployment/final/original_gnn/s5519,a62d87e0e45f
activity/deployment/final/original_gnn/s6637,a62d87e0e45f
activity/deployment/final/original_gnn/s7753,a62d87e0e45f
activity/deployment/final/original_gnn/s8867,a62d87e0e45f
activity/deployment/final/original_gnn/s9973,a62d87e0e45f
activity/deployment/final/original_no_message/s11027,a62d87e0e45f
activity/deployment/final/original_no_message/s1103,a62d87e0e45f
activity/deployment/final/original_no_message/s2207,a62d87e0e45f
activity/deployment/final/original_no_message/s3301,a62d87e0e45f
activity/deployment/final/original_no_message/s4409,a62d87e0e45f
activity/deployment/final/original_no_message/s5519,a62d87e0e45f
activity/deployment/final/original_no_message/s6637,a62d87e0e45f
activity/deployment/final/original_no_message/s7753,a62d87e0e45f
activity/deployment/final/original_no_message/s8867,a62d87e0e45f
activity/deployment/final/original_no_message/s9973,a62d87e0e45f
activity/deployment/final/pairwise_ridge/s0,a62d87e0e45f
activity/deployment/final/token_cnn/s11027,a62d87e0e45f
activity/deployment/final/token_cnn/s1103,a62d87e0e45f
activity/deployment/final/token_cnn/s2207,a62d87e0e45f
activity/deployment/final/token_cnn/s3301,a62d87e0e45f
activity/deployment/final/token_cnn/s4409,a62d87e0e45f
activity/deployment/final/token_cnn/s5519,a62d87e0e45f
activity/deployment/final/token_cnn/s6637,a62d87e0e45f
activity/deployment/final/token_cnn/s7753,a62d87e0e45f
activity/deployment/final/token_cnn/s8867,a62d87e0e45f
activity/deployment/final/token_cnn/s9973,a62d87e0e45f
activity/outer0/dev/chemistry_tree/i0/leaf2/s701,39cdf044cc74
activity/outer0/dev/chemistry_tree/i0/leaf2/s907,39cdf044cc74
activity/outer0/dev/chemistry_tree/i0/leaf8/s701,39cdf044cc74
activity/outer0/dev/chemistry_tree/i0/leaf8/s907,39cdf044cc74
activity/outer0/dev/chemistry_tree/i1/leaf2/s701,6dced3b339b9
activity/outer0/dev/chemistry_tree/i1/leaf2/s907,6dced3b339b9
activity/outer0/dev/chemistry_tree/i1/leaf8/s701,6dced3b339b9
activity/outer0/dev/chemistry_tree/i1/leaf8/s907,6dced3b339b9
activity/outer0/dev/chemistry_tree/i2/leaf2/s701,9caf89a0fe29
activity/outer0/dev/chemistry_tree/i2/leaf2/s907,9caf89a0fe29
activity/outer0/dev/chemistry_tree/i2/leaf8/s701,9caf89a0fe29
activity/outer0/dev/chemistry_tree/i2/leaf8/s907,9caf89a0fe29
activity/outer0/dev/corrected_gnn/i0/lr0.0001_wd0.0001/s701,39cdf044cc74
activity/outer0/dev/corrected_gnn/i0/lr0.0001_wd0.0001/s907,39cdf044cc74
activity/outer0/dev/corrected_gnn/i0/lr0.0001_wd1e-06/s701,39cdf044cc74
activity/outer0/dev/corrected_gnn/i0/lr0.0001_wd1e-06/s907,39cdf044cc74
activity/outer0/dev/corrected_gnn/i0/lr0.0003_wd0.0001/s701,39cdf044cc74
activity/outer0/dev/corrected_gnn/i0/lr0.0003_wd0.0001/s907,39cdf044cc74
activity/outer0/dev/corrected_gnn/i0/lr0.0003_wd1e-06/s701,39cdf044cc74
activity/outer0/dev/corrected_gnn/i0/lr0.0003_wd1e-06/s907,39cdf044cc74
activity/outer0/dev/corrected_gnn/i0/lr0.001_wd0.0001/s701,39cdf044cc74
activity/outer0/dev/corrected_gnn/i0/lr0.001_wd0.0001/s907,39cdf044cc74
activity/outer0/dev/corrected_gnn/i0/lr0.001_wd1e-06/s701,39cdf044cc74
activity/outer0/dev/corrected_gnn/i0/lr0.001_wd1e-06/s907,39cdf044cc74
activity/outer0/dev/corrected_gnn/i1/lr0.0001_wd0.0001/s701,6dced3b339b9
activity/outer0/dev/corrected_gnn/i1/lr0.0001_wd0.0001/s907,6dced3b339b9
activity/outer0/dev/corrected_gnn/i1/lr0.0001_wd1e-06/s701,6dced3b339b9
activity/outer0/dev/corrected_gnn/i1/lr0.0001_wd1e-06/s907,6dced3b339b9
activity/outer0/dev/corrected_gnn/i1/lr0.0003_wd0.0001/s701,6dced3b339b9
activity/outer0/dev/corrected_gnn/i1/lr0.0003_wd0.0001/s907,6dced3b339b9
activity/outer0/dev/corrected_gnn/i1/lr0.0003_wd1e-06/s701,6dced3b339b9
activity/outer0/dev/corrected_gnn/i1/lr0.0003_wd1e-06/s907,6dced3b339b9
activity/outer0/dev/corrected_gnn/i1/lr0.001_wd0.0001/s701,6dced3b339b9
activity/outer0/dev/corrected_gnn/i1/lr0.001_wd0.0001/s907,6dced3b339b9
activity/outer0/dev/corrected_gnn/i1/lr0.001_wd1e-06/s701,6dced3b339b9
activity/outer0/dev/corrected_gnn/i1/lr0.001_wd1e-06/s907,6dced3b339b9
activity/outer0/dev/corrected_gnn/i2/lr0.0001_wd0.0001/s701,9caf89a0fe29
activity/outer0/dev/corrected_gnn/i2/lr0.0001_wd0.0001/s907,9caf89a0fe29
activity/outer0/dev/corrected_gnn/i2/lr0.0001_wd1e-06/s701,9caf89a0fe29
activity/outer0/dev/corrected_gnn/i2/lr0.0001_wd1e-06/s907,9caf89a0fe29
activity/outer0/dev/corrected_gnn/i2/lr0.0003_wd0.0001/s701,9caf89a0fe29
activity/outer0/dev/corrected_gnn/i2/lr0.0003_wd0.0001/s907,9caf89a0fe29
activity/outer0/dev/corrected_gnn/i2/lr0.0003_wd1e-06/s701,9caf89a0fe29
activity/outer0/dev/corrected_gnn/i2/lr0.0003_wd1e-06/s907,9caf89a0fe29
activity/outer0/dev/corrected_gnn/i2/lr0.001_wd0.0001/s701,9caf89a0fe29
activity/outer0/dev/corrected_gnn/i2/lr0.001_wd0.0001/s907,9caf89a0fe29
activity/outer0/dev/corrected_gnn/i2/lr0.001_wd1e-06/s701,9caf89a0fe29
activity/outer0/dev/corrected_gnn/i2/lr0.001_wd1e-06/s907,9caf89a0fe29
activity/outer0/dev/corrected_no_message/i0/lr0.0001_wd0.0001/s701,39cdf044cc74
activity/outer0/dev/corrected_no_message/i0/lr0.0001_wd0.0001/s907,39cdf044cc74
activity/outer0/dev/corrected_no_message/i0/lr0.0001_wd1e-06/s701,39cdf044cc74
activity/outer0/dev/corrected_no_message/i0/lr0.0001_wd1e-06/s907,39cdf044cc74
activity/outer0/dev/corrected_no_message/i0/lr0.0003_wd0.0001/s701,39cdf044cc74
activity/outer0/dev/corrected_no_message/i0/lr0.0003_wd0.0001/s907,39cdf044cc74
activity/outer0/dev/corrected_no_message/i0/lr0.0003_wd1e-06/s701,39cdf044cc74
activity/outer0/dev/corrected_no_message/i0/lr0.0003_wd1e-06/s907,39cdf044cc74
activity/outer0/dev/corrected_no_message/i0/lr0.001_wd0.0001/s701,39cdf044cc74
activity/outer0/dev/corrected_no_message/i0/lr0.001_wd0.0001/s907,39cdf044cc74
activity/outer0/dev/corrected_no_message/i0/lr0.001_wd1e-06/s701,39cdf044cc74
activity/outer0/dev/corrected_no_message/i0/lr0.001_wd1e-06/s907,39cdf044cc74
activity/outer0/dev/corrected_no_message/i1/lr0.0001_wd0.0001/s701,6dced3b339b9
activity/outer0/dev/corrected_no_message/i1/lr0.0001_wd0.0001/s907,6dced3b339b9
activity/outer0/dev/corrected_no_message/i1/lr0.0001_wd1e-06/s701,6dced3b339b9
activity/outer0/dev/corrected_no_message/i1/lr0.0001_wd1e-06/s907,6dced3b339b9
activity/outer0/dev/corrected_no_message/i1/lr0.0003_wd0.0001/s701,6dced3b339b9
activity/outer0/dev/corrected_no_message/i1/lr0.0003_wd0.0001/s907,6dced3b339b9
activity/outer0/dev/corrected_no_message/i1/lr0.0003_wd1e-06/s701,6dced3b339b9
activity/outer0/dev/corrected_no_message/i1/lr0.0003_wd1e-06/s907,6dced3b339b9
activity/outer0/dev/corrected_no_message/i1/lr0.001_wd0.0001/s701,6dced3b339b9
activity/outer0/dev/corrected_no_message/i1/lr0.001_wd0.0001/s907,6dced3b339b9
activity/outer0/dev/corrected_no_message/i1/lr0.001_wd1e-06/s701,6dced3b339b9
activity/outer0/dev/corrected_no_message/i1/lr0.001_wd1e-06/s907,6dced3b339b9
activity/outer0/dev/corrected_no_message/i2/lr0.0001_wd0.0001/s701,9caf89a0fe29
activity/outer0/dev/corrected_no_message/i2/lr0.0001_wd0.0001/s907,9caf89a0fe29
activity/outer0/dev/corrected_no_message/i2/lr0.0001_wd1e-06/s701,9caf89a0fe29
activity/outer0/dev/corrected_no_message/i2/lr0.0001_wd1e-06/s907,9caf89a0fe29
activity/outer0/dev/corrected_no_message/i2/lr0.0003_wd0.0001/s701,9caf89a0fe29
activity/outer0/dev/corrected_no_message/i2/lr0.0003_wd0.0001/s907,9caf89a0fe29
activity/outer0/dev/corrected_no_message/i2/lr0.0003_wd1e-06/s701,9caf89a0fe29
activity/outer0/dev/corrected_no_message/i2/lr0.0003_wd1e-06/s907,9caf89a0fe29
activity/outer0/dev/corrected_no_message/i2/lr0.001_wd0.0001/s701,9caf89a0fe29
activity/outer0/dev/corrected_no_message/i2/lr0.001_wd0.0001/s907,9caf89a0fe29
activity/outer0/dev/corrected_no_message/i2/lr0.001_wd1e-06/s701,9caf89a0fe29
activity/outer0/dev/corrected_no_message/i2/lr0.001_wd1e-06/s907,9caf89a0fe29
activity/outer0/dev/guide_ridge/i0/alpha0.1/s0,39cdf044cc74
activity/outer0/dev/guide_ridge/i0/alpha1/s0,39cdf044cc74
activity/outer0/dev/guide_ridge/i0/alpha10/s0,39cdf044cc74
activity/outer0/dev/guide_ridge/i1/alpha0.1/s0,6dced3b339b9
activity/outer0/dev/guide_ridge/i1/alpha1/s0,6dced3b339b9
activity/outer0/dev/guide_ridge/i1/alpha10/s0,6dced3b339b9
activity/outer0/dev/guide_ridge/i2/alpha0.1/s0,9caf89a0fe29
activity/outer0/dev/guide_ridge/i2/alpha1/s0,9caf89a0fe29
activity/outer0/dev/guide_ridge/i2/alpha10/s0,9caf89a0fe29
activity/outer0/dev/original_gnn/i0/lr0.0001_wd0.0001/s701,39cdf044cc74
activity/outer0/dev/original_gnn/i0/lr0.0001_wd0.0001/s907,39cdf044cc74
activity/outer0/dev/original_gnn/i0/lr0.0001_wd1e-06/s701,39cdf044cc74
activity/outer0/dev/original_gnn/i0/lr0.0001_wd1e-06/s907,39cdf044cc74
activity/outer0/dev/original_gnn/i0/lr0.0003_wd0.0001/s701,39cdf044cc74
activity/outer0/dev/original_gnn/i0/lr0.0003_wd0.0001/s907,39cdf044cc74
activity/outer0/dev/original_gnn/i0/lr0.0003_wd1e-06/s701,39cdf044cc74
activity/outer0/dev/original_gnn/i0/lr0.0003_wd1e-06/s907,39cdf044cc74
activity/outer0/dev/original_gnn/i0/lr0.001_wd0.0001/s701,39cdf044cc74
activity/outer0/dev/original_gnn/i0/lr0.001_wd0.0001/s907,39cdf044cc74
activity/outer0/dev/original_gnn/i0/lr0.001_wd1e-06/s701,39cdf044cc74
activity/outer0/dev/original_gnn/i0/lr0.001_wd1e-06/s907,39cdf044cc74
activity/outer0/dev/original_gnn/i1/lr0.0001_wd0.0001/s701,6dced3b339b9
activity/outer0/dev/original_gnn/i1/lr0.0001_wd0.0001/s907,6dced3b339b9
activity/outer0/dev/original_gnn/i1/lr0.0001_wd1e-06/s701,6dced3b339b9
activity/outer0/dev/original_gnn/i1/lr0.0001_wd1e-06/s907,6dced3b339b9
activity/outer0/dev/original_gnn/i1/lr0.0003_wd0.0001/s701,6dced3b339b9
activity/outer0/dev/original_gnn/i1/lr0.0003_wd0.0001/s907,6dced3b339b9
activity/outer0/dev/original_gnn/i1/lr0.0003_wd1e-06/s701,6dced3b339b9
activity/outer0/dev/original_gnn/i1/lr0.0003_wd1e-06/s907,6dced3b339b9
activity/outer0/dev/original_gnn/i1/lr0.001_wd0.0001/s701,6dced3b339b9
activity/outer0/dev/original_gnn/i1/lr0.001_wd0.0001/s907,6dced3b339b9
activity/outer0/dev/original_gnn/i1/lr0.001_wd1e-06/s701,6dced3b339b9
activity/outer0/dev/original_gnn/i1/lr0.001_wd1e-06/s907,6dced3b339b9
activity/outer0/dev/original_gnn/i2/lr0.0001_wd0.0001/s701,9caf89a0fe29
activity/outer0/dev/original_gnn/i2/lr0.0001_wd0.0001/s907,9caf89a0fe29
activity/outer0/dev/original_gnn/i2/lr0.0001_wd1e-06/s701,9caf89a0fe29
activity/outer0/dev/original_gnn/i2/lr0.0001_wd1e-06/s907,9caf89a0fe29
activity/outer0/dev/original_gnn/i2/lr0.0003_wd0.0001/s701,9caf89a0fe29
activity/outer0/dev/original_gnn/i2/lr0.0003_wd0.0001/s907,9caf89a0fe29
activity/outer0/dev/original_gnn/i2/lr0.0003_wd1e-06/s701,9caf89a0fe29
activity/outer0/dev/original_gnn/i2/lr0.0003_wd1e-06/s907,9caf89a0fe29
activity/outer0/dev/original_gnn/i2/lr0.001_wd0.0001/s701,9caf89a0fe29
activity/outer0/dev/original_gnn/i2/lr0.001_wd0.0001/s907,9caf89a0fe29
activity/outer0/dev/original_gnn/i2/lr0.001_wd1e-06/s701,9caf89a0fe29
activity/outer0/dev/original_gnn/i2/lr0.001_wd1e-06/s907,9caf89a0fe29
activity/outer0/dev/original_no_message/i0/lr0.0001_wd0.0001/s701,39cdf044cc74
activity/outer0/dev/original_no_message/i0/lr0.0001_wd0.0001/s907,39cdf044cc74
activity/outer0/dev/original_no_message/i0/lr0.0001_wd1e-06/s701,39cdf044cc74
activity/outer0/dev/original_no_message/i0/lr0.0001_wd1e-06/s907,39cdf044cc74
activity/outer0/dev/original_no_message/i0/lr0.0003_wd0.0001/s701,39cdf044cc74
activity/outer0/dev/original_no_message/i0/lr0.0003_wd0.0001/s907,39cdf044cc74
activity/outer0/dev/original_no_message/i0/lr0.0003_wd1e-06/s701,39cdf044cc74
activity/outer0/dev/original_no_message/i0/lr0.0003_wd1e-06/s907,39cdf044cc74
activity/outer0/dev/original_no_message/i0/lr0.001_wd0.0001/s701,39cdf044cc74
activity/outer0/dev/original_no_message/i0/lr0.001_wd0.0001/s907,39cdf044cc74
activity/outer0/dev/original_no_message/i0/lr0.001_wd1e-06/s701,39cdf044cc74
activity/outer0/dev/original_no_message/i0/lr0.001_wd1e-06/s907,39cdf044cc74
activity/outer0/dev/original_no_message/i1/lr0.0001_wd0.0001/s701,6dced3b339b9
activity/outer0/dev/original_no_message/i1/lr0.0001_wd0.0001/s907,6dced3b339b9
activity/outer0/dev/original_no_message/i1/lr0.0001_wd1e-06/s701,6dced3b339b9
activity/outer0/dev/original_no_message/i1/lr0.0001_wd1e-06/s907,6dced3b339b9
activity/outer0/dev/original_no_message/i1/lr0.0003_wd0.0001/s701,6dced3b339b9
activity/outer0/dev/original_no_message/i1/lr0.0003_wd0.0001/s907,6dced3b339b9
activity/outer0/dev/original_no_message/i1/lr0.0003_wd1e-06/s701,6dced3b339b9
activity/outer0/dev/original_no_message/i1/lr0.0003_wd1e-06/s907,6dced3b339b9
activity/outer0/dev/original_no_message/i1/lr0.001_wd0.0001/s701,6dced3b339b9
activity/outer0/dev/original_no_message/i1/lr0.001_wd0.0001/s907,6dced3b339b9
activity/outer0/dev/original_no_message/i1/lr0.001_wd1e-06/s701,6dced3b339b9
activity/outer0/dev/original_no_message/i1/lr0.001_wd1e-06/s907,6dced3b339b9
activity/outer0/dev/original_no_message/i2/lr0.0001_wd0.0001/s701,9caf89a0fe29
activity/outer0/dev/original_no_message/i2/lr0.0001_wd0.0001/s907,9caf89a0fe29
activity/outer0/dev/original_no_message/i2/lr0.0001_wd1e-06/s701,9caf89a0fe29
activity/outer0/dev/original_no_message/i2/lr0.0001_wd1e-06/s907,9caf89a0fe29
activity/outer0/dev/original_no_message/i2/lr0.0003_wd0.0001/s701,9caf89a0fe29
activity/outer0/dev/original_no_message/i2/lr0.0003_wd0.0001/s907,9caf89a0fe29
activity/outer0/dev/original_no_message/i2/lr0.0003_wd1e-06/s701,9caf89a0fe29
activity/outer0/dev/original_no_message/i2/lr0.0003_wd1e-06/s907,9caf89a0fe29
activity/outer0/dev/original_no_message/i2/lr0.001_wd0.0001/s701,9caf89a0fe29
activity/outer0/dev/original_no_message/i2/lr0.001_wd0.0001/s907,9caf89a0fe29
activity/outer0/dev/original_no_message/i2/lr0.001_wd1e-06/s701,9caf89a0fe29
activity/outer0/dev/original_no_message/i2/lr0.001_wd1e-06/s907,9caf89a0fe29
activity/outer0/dev/pairwise_ridge/i0/alpha0.1/s0,39cdf044cc74
activity/outer0/dev/pairwise_ridge/i0/alpha1/s0,39cdf044cc74
activity/outer0/dev/pairwise_ridge/i0/alpha10/s0,39cdf044cc74
activity/outer0/dev/pairwise_ridge/i1/alpha0.1/s0,6dced3b339b9
activity/outer0/dev/pairwise_ridge/i1/alpha1/s0,6dced3b339b9
activity/outer0/dev/pairwise_ridge/i1/alpha10/s0,6dced3b339b9
activity/outer0/dev/pairwise_ridge/i2/alpha0.1/s0,9caf89a0fe29
activity/outer0/dev/pairwise_ridge/i2/alpha1/s0,9caf89a0fe29
activity/outer0/dev/pairwise_ridge/i2/alpha10/s0,9caf89a0fe29
activity/outer0/dev/token_cnn/i0/lr0.0001_wd0.0001/s701,39cdf044cc74
activity/outer0/dev/token_cnn/i0/lr0.0001_wd0.0001/s907,39cdf044cc74
activity/outer0/dev/token_cnn/i0/lr0.0001_wd1e-06/s701,39cdf044cc74
activity/outer0/dev/token_cnn/i0/lr0.0001_wd1e-06/s907,39cdf044cc74
activity/outer0/dev/token_cnn/i0/lr0.0003_wd0.0001/s701,39cdf044cc74
activity/outer0/dev/token_cnn/i0/lr0.0003_wd0.0001/s907,39cdf044cc74
activity/outer0/dev/token_cnn/i0/lr0.0003_wd1e-06/s701,39cdf044cc74
activity/outer0/dev/token_cnn/i0/lr0.0003_wd1e-06/s907,39cdf044cc74
activity/outer0/dev/token_cnn/i0/lr0.001_wd0.0001/s701,39cdf044cc74
activity/outer0/dev/token_cnn/i0/lr0.001_wd0.0001/s907,39cdf044cc74
activity/outer0/dev/token_cnn/i0/lr0.001_wd1e-06/s701,39cdf044cc74
activity/outer0/dev/token_cnn/i0/lr0.001_wd1e-06/s907,39cdf044cc74
activity/outer0/dev/token_cnn/i1/lr0.0001_wd0.0001/s701,6dced3b339b9
activity/outer0/dev/token_cnn/i1/lr0.0001_wd0.0001/s907,6dced3b339b9
activity/outer0/dev/token_cnn/i1/lr0.0001_wd1e-06/s701,6dced3b339b9
activity/outer0/dev/token_cnn/i1/lr0.0001_wd1e-06/s907,6dced3b339b9
activity/outer0/dev/token_cnn/i1/lr0.0003_wd0.0001/s701,6dced3b339b9
activity/outer0/dev/token_cnn/i1/lr0.0003_wd0.0001/s907,6dced3b339b9
activity/outer0/dev/token_cnn/i1/lr0.0003_wd1e-06/s701,6dced3b339b9
activity/outer0/dev/token_cnn/i1/lr0.0003_wd1e-06/s907,6dced3b339b9
activity/outer0/dev/token_cnn/i1/lr0.001_wd0.0001/s701,6dced3b339b9
activity/outer0/dev/token_cnn/i1/lr0.001_wd0.0001/s907,6dced3b339b9
activity/outer0/dev/token_cnn/i1/lr0.001_wd1e-06/s701,6dced3b339b9
activity/outer0/dev/token_cnn/i1/lr0.001_wd1e-06/s907,6dced3b339b9
activity/outer0/dev/token_cnn/i2/lr0.0001_wd0.0001/s701,9caf89a0fe29
activity/outer0/dev/token_cnn/i2/lr0.0001_wd0.0001/s907,9caf89a0fe29
activity/outer0/dev/token_cnn/i2/lr0.0001_wd1e-06/s701,9caf89a0fe29
activity/outer0/dev/token_cnn/i2/lr0.0001_wd1e-06/s907,9caf89a0fe29
activity/outer0/dev/token_cnn/i2/lr0.0003_wd0.0001/s701,9caf89a0fe29
activity/outer0/dev/token_cnn/i2/lr0.0003_wd0.0001/s907,9caf89a0fe29
activity/outer0/dev/token_cnn/i2/lr0.0003_wd1e-06/s701,9caf89a0fe29
activity/outer0/dev/token_cnn/i2/lr0.0003_wd1e-06/s907,9caf89a0fe29
activity/outer0/dev/token_cnn/i2/lr0.001_wd0.0001/s701,9caf89a0fe29
activity/outer0/dev/token_cnn/i2/lr0.001_wd0.0001/s907,9caf89a0fe29
activity/outer0/dev/token_cnn/i2/lr0.001_wd1e-06/s701,9caf89a0fe29
activity/outer0/dev/token_cnn/i2/lr0.001_wd1e-06/s907,9caf89a0fe29
activity/outer0/final/chemistry_tree/s11027,6dced3b339b9
activity/outer0/final/chemistry_tree/s1103,6dced3b339b9
activity/outer0/final/chemistry_tree/s2207,6dced3b339b9
activity/outer0/final/chemistry_tree/s3301,6dced3b339b9
activity/outer0/final/chemistry_tree/s4409,6dced3b339b9
activity/outer0/final/chemistry_tree/s5519,6dced3b339b9
activity/outer0/final/chemistry_tree/s6637,6dced3b339b9
activity/outer0/final/chemistry_tree/s7753,6dced3b339b9
activity/outer0/final/chemistry_tree/s8867,6dced3b339b9
activity/outer0/final/chemistry_tree/s9973,6dced3b339b9
activity/outer0/final/corrected_gnn/s11027,6dced3b339b9
activity/outer0/final/corrected_gnn/s1103,6dced3b339b9
activity/outer0/final/corrected_gnn/s2207,6dced3b339b9
activity/outer0/final/corrected_gnn/s3301,6dced3b339b9
activity/outer0/final/corrected_gnn/s4409,6dced3b339b9
activity/outer0/final/corrected_gnn/s5519,6dced3b339b9
activity/outer0/final/corrected_gnn/s6637,6dced3b339b9
activity/outer0/final/corrected_gnn/s7753,6dced3b339b9
activity/outer0/final/corrected_gnn/s8867,6dced3b339b9
activity/outer0/final/corrected_gnn/s9973,6dced3b339b9
activity/outer0/final/corrected_no_message/s11027,6dced3b339b9
activity/outer0/final/corrected_no_message/s1103,6dced3b339b9
activity/outer0/final/corrected_no_message/s2207,6dced3b339b9
activity/outer0/final/corrected_no_message/s3301,6dced3b339b9
activity/outer0/final/corrected_no_message/s4409,6dced3b339b9
activity/outer0/final/corrected_no_message/s5519,6dced3b339b9
activity/outer0/final/corrected_no_message/s6637,6dced3b339b9
activity/outer0/final/corrected_no_message/s7753,6dced3b339b9
activity/outer0/final/corrected_no_message/s8867,6dced3b339b9
activity/outer0/final/corrected_no_message/s9973,6dced3b339b9
activity/outer0/final/guide_ridge/s0,6dced3b339b9
activity/outer0/final/original_gnn/s11027,6dced3b339b9
activity/outer0/final/original_gnn/s1103,6dced3b339b9
activity/outer0/final/original_gnn/s2207,6dced3b339b9
activity/outer0/final/original_gnn/s3301,6dced3b339b9
activity/outer0/final/original_gnn/s4409,6dced3b339b9
activity/outer0/final/original_gnn/s5519,6dced3b339b9
activity/outer0/final/original_gnn/s6637,6dced3b339b9
activity/outer0/final/original_gnn/s7753,6dced3b339b9
activity/outer0/final/original_gnn/s8867,6dced3b339b9
activity/outer0/final/original_gnn/s9973,6dced3b339b9
activity/outer0/final/original_no_message/s11027,6dced3b339b9
activity/outer0/final/original_no_message/s1103,6dced3b339b9
activity/outer0/final/original_no_message/s2207,6dced3b339b9
activity/outer0/final/original_no_message/s3301,6dced3b339b9
activity/outer0/final/original_no_message/s4409,6dced3b339b9
activity/outer0/final/original_no_message/s5519,6dced3b339b9
activity/outer0/final/original_no_message/s6637,6dced3b339b9
activity/outer0/final/original_no_message/s7753,6dced3b339b9
activity/outer0/final/original_no_message/s8867,6dced3b339b9
activity/outer0/final/original_no_message/s9973,6dced3b339b9
activity/outer0/final/pairwise_ridge/s0,6dced3b339b9
activity/outer0/final/token_cnn/s11027,6dced3b339b9
activity/outer0/final/token_cnn/s1103,6dced3b339b9
activity/outer0/final/token_cnn/s2207,6dced3b339b9
activity/outer0/final/token_cnn/s3301,6dced3b339b9
activity/outer0/final/token_cnn/s4409,6dced3b339b9
activity/outer0/final/token_cnn/s5519,6dced3b339b9
activity/outer0/final/token_cnn/s6637,6dced3b339b9
activity/outer0/final/token_cnn/s7753,6dced3b339b9
activity/outer0/final/token_cnn/s8867,6dced3b339b9
activity/outer0/final/token_cnn/s9973,6dced3b339b9
activity/outer1/dev/chemistry_tree/i0/leaf2/s701,39cdf044cc74
activity/outer1/dev/chemistry_tree/i0/leaf2/s907,39cdf044cc74
activity/outer1/dev/chemistry_tree/i0/leaf8/s701,39cdf044cc74
activity/outer1/dev/chemistry_tree/i0/leaf8/s907,39cdf044cc74
activity/outer1/dev/chemistry_tree/i1/leaf2/s701,cb9e32c50d9e
activity/outer1/dev/chemistry_tree/i1/leaf2/s907,cb9e32c50d9e
activity/outer1/dev/chemistry_tree/i1/leaf8/s701,cb9e32c50d9e
activity/outer1/dev/chemistry_tree/i1/leaf8/s907,cb9e32c50d9e
activity/outer1/dev/chemistry_tree/i2/leaf2/s701,835fd7f0ab06
activity/outer1/dev/chemistry_tree/i2/leaf2/s907,835fd7f0ab06
activity/outer1/dev/chemistry_tree/i2/leaf8/s701,835fd7f0ab06
activity/outer1/dev/chemistry_tree/i2/leaf8/s907,835fd7f0ab06
activity/outer1/dev/corrected_gnn/i0/lr0.0001_wd0.0001/s701,39cdf044cc74
activity/outer1/dev/corrected_gnn/i0/lr0.0001_wd0.0001/s907,39cdf044cc74
activity/outer1/dev/corrected_gnn/i0/lr0.0001_wd1e-06/s701,39cdf044cc74
activity/outer1/dev/corrected_gnn/i0/lr0.0001_wd1e-06/s907,39cdf044cc74
activity/outer1/dev/corrected_gnn/i0/lr0.0003_wd0.0001/s701,39cdf044cc74
activity/outer1/dev/corrected_gnn/i0/lr0.0003_wd0.0001/s907,39cdf044cc74
activity/outer1/dev/corrected_gnn/i0/lr0.0003_wd1e-06/s701,39cdf044cc74
activity/outer1/dev/corrected_gnn/i0/lr0.0003_wd1e-06/s907,39cdf044cc74
activity/outer1/dev/corrected_gnn/i0/lr0.001_wd0.0001/s701,39cdf044cc74
activity/outer1/dev/corrected_gnn/i0/lr0.001_wd0.0001/s907,39cdf044cc74
activity/outer1/dev/corrected_gnn/i0/lr0.001_wd1e-06/s701,39cdf044cc74
activity/outer1/dev/corrected_gnn/i0/lr0.001_wd1e-06/s907,39cdf044cc74
activity/outer1/dev/corrected_gnn/i1/lr0.0001_wd0.0001/s701,cb9e32c50d9e
activity/outer1/dev/corrected_gnn/i1/lr0.0001_wd0.0001/s907,cb9e32c50d9e
activity/outer1/dev/corrected_gnn/i1/lr0.0001_wd1e-06/s701,cb9e32c50d9e
activity/outer1/dev/corrected_gnn/i1/lr0.0001_wd1e-06/s907,cb9e32c50d9e
activity/outer1/dev/corrected_gnn/i1/lr0.0003_wd0.0001/s701,cb9e32c50d9e
activity/outer1/dev/corrected_gnn/i1/lr0.0003_wd0.0001/s907,cb9e32c50d9e
activity/outer1/dev/corrected_gnn/i1/lr0.0003_wd1e-06/s701,cb9e32c50d9e
activity/outer1/dev/corrected_gnn/i1/lr0.0003_wd1e-06/s907,cb9e32c50d9e
activity/outer1/dev/corrected_gnn/i1/lr0.001_wd0.0001/s701,cb9e32c50d9e
activity/outer1/dev/corrected_gnn/i1/lr0.001_wd0.0001/s907,cb9e32c50d9e
activity/outer1/dev/corrected_gnn/i1/lr0.001_wd1e-06/s701,cb9e32c50d9e
activity/outer1/dev/corrected_gnn/i1/lr0.001_wd1e-06/s907,cb9e32c50d9e
activity/outer1/dev/corrected_gnn/i2/lr0.0001_wd0.0001/s701,835fd7f0ab06
activity/outer1/dev/corrected_gnn/i2/lr0.0001_wd0.0001/s907,835fd7f0ab06
activity/outer1/dev/corrected_gnn/i2/lr0.0001_wd1e-06/s701,835fd7f0ab06
activity/outer1/dev/corrected_gnn/i2/lr0.0001_wd1e-06/s907,835fd7f0ab06
activity/outer1/dev/corrected_gnn/i2/lr0.0003_wd0.0001/s701,835fd7f0ab06
activity/outer1/dev/corrected_gnn/i2/lr0.0003_wd0.0001/s907,835fd7f0ab06
activity/outer1/dev/corrected_gnn/i2/lr0.0003_wd1e-06/s701,835fd7f0ab06
activity/outer1/dev/corrected_gnn/i2/lr0.0003_wd1e-06/s907,835fd7f0ab06
activity/outer1/dev/corrected_gnn/i2/lr0.001_wd0.0001/s701,835fd7f0ab06
activity/outer1/dev/corrected_gnn/i2/lr0.001_wd0.0001/s907,835fd7f0ab06
activity/outer1/dev/corrected_gnn/i2/lr0.001_wd1e-06/s701,835fd7f0ab06
activity/outer1/dev/corrected_gnn/i2/lr0.001_wd1e-06/s907,835fd7f0ab06
activity/outer1/dev/corrected_no_message/i0/lr0.0001_wd0.0001/s701,39cdf044cc74
activity/outer1/dev/corrected_no_message/i0/lr0.0001_wd0.0001/s907,39cdf044cc74
activity/outer1/dev/corrected_no_message/i0/lr0.0001_wd1e-06/s701,39cdf044cc74
activity/outer1/dev/corrected_no_message/i0/lr0.0001_wd1e-06/s907,39cdf044cc74
activity/outer1/dev/corrected_no_message/i0/lr0.0003_wd0.0001/s701,39cdf044cc74
activity/outer1/dev/corrected_no_message/i0/lr0.0003_wd0.0001/s907,39cdf044cc74
activity/outer1/dev/corrected_no_message/i0/lr0.0003_wd1e-06/s701,39cdf044cc74
activity/outer1/dev/corrected_no_message/i0/lr0.0003_wd1e-06/s907,39cdf044cc74
activity/outer1/dev/corrected_no_message/i0/lr0.001_wd0.0001/s701,39cdf044cc74
activity/outer1/dev/corrected_no_message/i0/lr0.001_wd0.0001/s907,39cdf044cc74
activity/outer1/dev/corrected_no_message/i0/lr0.001_wd1e-06/s701,39cdf044cc74
activity/outer1/dev/corrected_no_message/i0/lr0.001_wd1e-06/s907,39cdf044cc74
activity/outer1/dev/corrected_no_message/i1/lr0.0001_wd0.0001/s701,cb9e32c50d9e
activity/outer1/dev/corrected_no_message/i1/lr0.0001_wd0.0001/s907,cb9e32c50d9e
activity/outer1/dev/corrected_no_message/i1/lr0.0001_wd1e-06/s701,cb9e32c50d9e
activity/outer1/dev/corrected_no_message/i1/lr0.0001_wd1e-06/s907,cb9e32c50d9e
activity/outer1/dev/corrected_no_message/i1/lr0.0003_wd0.0001/s701,cb9e32c50d9e
activity/outer1/dev/corrected_no_message/i1/lr0.0003_wd0.0001/s907,cb9e32c50d9e
activity/outer1/dev/corrected_no_message/i1/lr0.0003_wd1e-06/s701,cb9e32c50d9e
activity/outer1/dev/corrected_no_message/i1/lr0.0003_wd1e-06/s907,cb9e32c50d9e
activity/outer1/dev/corrected_no_message/i1/lr0.001_wd0.0001/s701,cb9e32c50d9e
activity/outer1/dev/corrected_no_message/i1/lr0.001_wd0.0001/s907,cb9e32c50d9e
activity/outer1/dev/corrected_no_message/i1/lr0.001_wd1e-06/s701,cb9e32c50d9e
activity/outer1/dev/corrected_no_message/i1/lr0.001_wd1e-06/s907,cb9e32c50d9e
activity/outer1/dev/corrected_no_message/i2/lr0.0001_wd0.0001/s701,835fd7f0ab06
activity/outer1/dev/corrected_no_message/i2/lr0.0001_wd0.0001/s907,835fd7f0ab06
activity/outer1/dev/corrected_no_message/i2/lr0.0001_wd1e-06/s701,835fd7f0ab06
activity/outer1/dev/corrected_no_message/i2/lr0.0001_wd1e-06/s907,835fd7f0ab06
activity/outer1/dev/corrected_no_message/i2/lr0.0003_wd0.0001/s701,835fd7f0ab06
activity/outer1/dev/corrected_no_message/i2/lr0.0003_wd0.0001/s907,835fd7f0ab06
activity/outer1/dev/corrected_no_message/i2/lr0.0003_wd1e-06/s701,835fd7f0ab06
activity/outer1/dev/corrected_no_message/i2/lr0.0003_wd1e-06/s907,835fd7f0ab06
activity/outer1/dev/corrected_no_message/i2/lr0.001_wd0.0001/s701,835fd7f0ab06
activity/outer1/dev/corrected_no_message/i2/lr0.001_wd0.0001/s907,835fd7f0ab06
activity/outer1/dev/corrected_no_message/i2/lr0.001_wd1e-06/s701,835fd7f0ab06
activity/outer1/dev/corrected_no_message/i2/lr0.001_wd1e-06/s907,835fd7f0ab06
activity/outer1/dev/guide_ridge/i0/alpha0.1/s0,39cdf044cc74
activity/outer1/dev/guide_ridge/i0/alpha1/s0,39cdf044cc74
activity/outer1/dev/guide_ridge/i0/alpha10/s0,39cdf044cc74
activity/outer1/dev/guide_ridge/i1/alpha0.1/s0,cb9e32c50d9e
activity/outer1/dev/guide_ridge/i1/alpha1/s0,cb9e32c50d9e
activity/outer1/dev/guide_ridge/i1/alpha10/s0,cb9e32c50d9e
activity/outer1/dev/guide_ridge/i2/alpha0.1/s0,835fd7f0ab06
activity/outer1/dev/guide_ridge/i2/alpha1/s0,835fd7f0ab06
activity/outer1/dev/guide_ridge/i2/alpha10/s0,835fd7f0ab06
activity/outer1/dev/original_gnn/i0/lr0.0001_wd0.0001/s701,39cdf044cc74
activity/outer1/dev/original_gnn/i0/lr0.0001_wd0.0001/s907,39cdf044cc74
activity/outer1/dev/original_gnn/i0/lr0.0001_wd1e-06/s701,39cdf044cc74
activity/outer1/dev/original_gnn/i0/lr0.0001_wd1e-06/s907,39cdf044cc74
activity/outer1/dev/original_gnn/i0/lr0.0003_wd0.0001/s701,39cdf044cc74
activity/outer1/dev/original_gnn/i0/lr0.0003_wd0.0001/s907,39cdf044cc74
activity/outer1/dev/original_gnn/i0/lr0.0003_wd1e-06/s701,39cdf044cc74
activity/outer1/dev/original_gnn/i0/lr0.0003_wd1e-06/s907,39cdf044cc74
activity/outer1/dev/original_gnn/i0/lr0.001_wd0.0001/s701,39cdf044cc74
activity/outer1/dev/original_gnn/i0/lr0.001_wd0.0001/s907,39cdf044cc74
activity/outer1/dev/original_gnn/i0/lr0.001_wd1e-06/s701,39cdf044cc74
activity/outer1/dev/original_gnn/i0/lr0.001_wd1e-06/s907,39cdf044cc74
activity/outer1/dev/original_gnn/i1/lr0.0001_wd0.0001/s701,cb9e32c50d9e
activity/outer1/dev/original_gnn/i1/lr0.0001_wd0.0001/s907,cb9e32c50d9e
activity/outer1/dev/original_gnn/i1/lr0.0001_wd1e-06/s701,cb9e32c50d9e
activity/outer1/dev/original_gnn/i1/lr0.0001_wd1e-06/s907,cb9e32c50d9e
activity/outer1/dev/original_gnn/i1/lr0.0003_wd0.0001/s701,cb9e32c50d9e
activity/outer1/dev/original_gnn/i1/lr0.0003_wd0.0001/s907,cb9e32c50d9e
activity/outer1/dev/original_gnn/i1/lr0.0003_wd1e-06/s701,cb9e32c50d9e
activity/outer1/dev/original_gnn/i1/lr0.0003_wd1e-06/s907,cb9e32c50d9e
activity/outer1/dev/original_gnn/i1/lr0.001_wd0.0001/s701,cb9e32c50d9e
activity/outer1/dev/original_gnn/i1/lr0.001_wd0.0001/s907,cb9e32c50d9e
activity/outer1/dev/original_gnn/i1/lr0.001_wd1e-06/s701,cb9e32c50d9e
activity/outer1/dev/original_gnn/i1/lr0.001_wd1e-06/s907,cb9e32c50d9e
activity/outer1/dev/original_gnn/i2/lr0.0001_wd0.0001/s701,835fd7f0ab06
activity/outer1/dev/original_gnn/i2/lr0.0001_wd0.0001/s907,835fd7f0ab06
activity/outer1/dev/original_gnn/i2/lr0.0001_wd1e-06/s701,835fd7f0ab06
activity/outer1/dev/original_gnn/i2/lr0.0001_wd1e-06/s907,835fd7f0ab06
activity/outer1/dev/original_gnn/i2/lr0.0003_wd0.0001/s701,835fd7f0ab06
activity/outer1/dev/original_gnn/i2/lr0.0003_wd0.0001/s907,835fd7f0ab06
activity/outer1/dev/original_gnn/i2/lr0.0003_wd1e-06/s701,835fd7f0ab06
activity/outer1/dev/original_gnn/i2/lr0.0003_wd1e-06/s907,835fd7f0ab06
activity/outer1/dev/original_gnn/i2/lr0.001_wd0.0001/s701,835fd7f0ab06
activity/outer1/dev/original_gnn/i2/lr0.001_wd0.0001/s907,835fd7f0ab06
activity/outer1/dev/original_gnn/i2/lr0.001_wd1e-06/s701,835fd7f0ab06
activity/outer1/dev/original_gnn/i2/lr0.001_wd1e-06/s907,835fd7f0ab06
activity/outer1/dev/original_no_message/i0/lr0.0001_wd0.0001/s701,39cdf044cc74
activity/outer1/dev/original_no_message/i0/lr0.0001_wd0.0001/s907,39cdf044cc74
activity/outer1/dev/original_no_message/i0/lr0.0001_wd1e-06/s701,39cdf044cc74
activity/outer1/dev/original_no_message/i0/lr0.0001_wd1e-06/s907,39cdf044cc74
activity/outer1/dev/original_no_message/i0/lr0.0003_wd0.0001/s701,39cdf044cc74
activity/outer1/dev/original_no_message/i0/lr0.0003_wd0.0001/s907,39cdf044cc74
activity/outer1/dev/original_no_message/i0/lr0.0003_wd1e-06/s701,39cdf044cc74
activity/outer1/dev/original_no_message/i0/lr0.0003_wd1e-06/s907,39cdf044cc74
activity/outer1/dev/original_no_message/i0/lr0.001_wd0.0001/s701,39cdf044cc74
activity/outer1/dev/original_no_message/i0/lr0.001_wd0.0001/s907,39cdf044cc74
activity/outer1/dev/original_no_message/i0/lr0.001_wd1e-06/s701,39cdf044cc74
activity/outer1/dev/original_no_message/i0/lr0.001_wd1e-06/s907,39cdf044cc74
activity/outer1/dev/original_no_message/i1/lr0.0001_wd0.0001/s701,cb9e32c50d9e
activity/outer1/dev/original_no_message/i1/lr0.0001_wd0.0001/s907,cb9e32c50d9e
activity/outer1/dev/original_no_message/i1/lr0.0001_wd1e-06/s701,cb9e32c50d9e
activity/outer1/dev/original_no_message/i1/lr0.0001_wd1e-06/s907,cb9e32c50d9e
activity/outer1/dev/original_no_message/i1/lr0.0003_wd0.0001/s701,cb9e32c50d9e
activity/outer1/dev/original_no_message/i1/lr0.0003_wd0.0001/s907,cb9e32c50d9e
activity/outer1/dev/original_no_message/i1/lr0.0003_wd1e-06/s701,cb9e32c50d9e
activity/outer1/dev/original_no_message/i1/lr0.0003_wd1e-06/s907,cb9e32c50d9e
activity/outer1/dev/original_no_message/i1/lr0.001_wd0.0001/s701,cb9e32c50d9e
activity/outer1/dev/original_no_message/i1/lr0.001_wd0.0001/s907,cb9e32c50d9e
activity/outer1/dev/original_no_message/i1/lr0.001_wd1e-06/s701,cb9e32c50d9e
activity/outer1/dev/original_no_message/i1/lr0.001_wd1e-06/s907,cb9e32c50d9e
activity/outer1/dev/original_no_message/i2/lr0.0001_wd0.0001/s701,835fd7f0ab06
activity/outer1/dev/original_no_message/i2/lr0.0001_wd0.0001/s907,835fd7f0ab06
activity/outer1/dev/original_no_message/i2/lr0.0001_wd1e-06/s701,835fd7f0ab06
activity/outer1/dev/original_no_message/i2/lr0.0001_wd1e-06/s907,835fd7f0ab06
activity/outer1/dev/original_no_message/i2/lr0.0003_wd0.0001/s701,835fd7f0ab06
activity/outer1/dev/original_no_message/i2/lr0.0003_wd0.0001/s907,835fd7f0ab06
activity/outer1/dev/original_no_message/i2/lr0.0003_wd1e-06/s701,835fd7f0ab06
activity/outer1/dev/original_no_message/i2/lr0.0003_wd1e-06/s907,835fd7f0ab06
activity/outer1/dev/original_no_message/i2/lr0.001_wd0.0001/s701,835fd7f0ab06
activity/outer1/dev/original_no_message/i2/lr0.001_wd0.0001/s907,835fd7f0ab06
activity/outer1/dev/original_no_message/i2/lr0.001_wd1e-06/s701,835fd7f0ab06
activity/outer1/dev/original_no_message/i2/lr0.001_wd1e-06/s907,835fd7f0ab06
activity/outer1/dev/pairwise_ridge/i0/alpha0.1/s0,39cdf044cc74
activity/outer1/dev/pairwise_ridge/i0/alpha1/s0,39cdf044cc74
activity/outer1/dev/pairwise_ridge/i0/alpha10/s0,39cdf044cc74
activity/outer1/dev/pairwise_ridge/i1/alpha0.1/s0,cb9e32c50d9e
activity/outer1/dev/pairwise_ridge/i1/alpha1/s0,cb9e32c50d9e
activity/outer1/dev/pairwise_ridge/i1/alpha10/s0,cb9e32c50d9e
activity/outer1/dev/pairwise_ridge/i2/alpha0.1/s0,835fd7f0ab06
activity/outer1/dev/pairwise_ridge/i2/alpha1/s0,835fd7f0ab06
activity/outer1/dev/pairwise_ridge/i2/alpha10/s0,835fd7f0ab06
activity/outer1/dev/token_cnn/i0/lr0.0001_wd0.0001/s701,39cdf044cc74
activity/outer1/dev/token_cnn/i0/lr0.0001_wd0.0001/s907,39cdf044cc74
activity/outer1/dev/token_cnn/i0/lr0.0001_wd1e-06/s701,39cdf044cc74
activity/outer1/dev/token_cnn/i0/lr0.0001_wd1e-06/s907,39cdf044cc74
activity/outer1/dev/token_cnn/i0/lr0.0003_wd0.0001/s701,39cdf044cc74
activity/outer1/dev/token_cnn/i0/lr0.0003_wd0.0001/s907,39cdf044cc74
activity/outer1/dev/token_cnn/i0/lr0.0003_wd1e-06/s701,39cdf044cc74
activity/outer1/dev/token_cnn/i0/lr0.0003_wd1e-06/s907,39cdf044cc74
activity/outer1/dev/token_cnn/i0/lr0.001_wd0.0001/s701,39cdf044cc74
activity/outer1/dev/token_cnn/i0/lr0.001_wd0.0001/s907,39cdf044cc74
activity/outer1/dev/token_cnn/i0/lr0.001_wd1e-06/s701,39cdf044cc74
activity/outer1/dev/token_cnn/i0/lr0.001_wd1e-06/s907,39cdf044cc74
activity/outer1/dev/token_cnn/i1/lr0.0001_wd0.0001/s701,cb9e32c50d9e
activity/outer1/dev/token_cnn/i1/lr0.0001_wd0.0001/s907,cb9e32c50d9e
activity/outer1/dev/token_cnn/i1/lr0.0001_wd1e-06/s701,cb9e32c50d9e
activity/outer1/dev/token_cnn/i1/lr0.0001_wd1e-06/s907,cb9e32c50d9e
activity/outer1/dev/token_cnn/i1/lr0.0003_wd0.0001/s701,cb9e32c50d9e
activity/outer1/dev/token_cnn/i1/lr0.0003_wd0.0001/s907,cb9e32c50d9e
activity/outer1/dev/token_cnn/i1/lr0.0003_wd1e-06/s701,cb9e32c50d9e
activity/outer1/dev/token_cnn/i1/lr0.0003_wd1e-06/s907,cb9e32c50d9e
activity/outer1/dev/token_cnn/i1/lr0.001_wd0.0001/s701,cb9e32c50d9e
activity/outer1/dev/token_cnn/i1/lr0.001_wd0.0001/s907,cb9e32c50d9e
activity/outer1/dev/token_cnn/i1/lr0.001_wd1e-06/s701,cb9e32c50d9e
activity/outer1/dev/token_cnn/i1/lr0.001_wd1e-06/s907,cb9e32c50d9e
activity/outer1/dev/token_cnn/i2/lr0.0001_wd0.0001/s701,835fd7f0ab06
activity/outer1/dev/token_cnn/i2/lr0.0001_wd0.0001/s907,835fd7f0ab06
activity/outer1/dev/token_cnn/i2/lr0.0001_wd1e-06/s701,835fd7f0ab06
activity/outer1/dev/token_cnn/i2/lr0.0001_wd1e-06/s907,835fd7f0ab06
activity/outer1/dev/token_cnn/i2/lr0.0003_wd0.0001/s701,835fd7f0ab06
activity/outer1/dev/token_cnn/i2/lr0.0003_wd0.0001/s907,835fd7f0ab06
activity/outer1/dev/token_cnn/i2/lr0.0003_wd1e-06/s701,835fd7f0ab06
activity/outer1/dev/token_cnn/i2/lr0.0003_wd1e-06/s907,835fd7f0ab06
activity/outer1/dev/token_cnn/i2/lr0.001_wd0.0001/s701,835fd7f0ab06
activity/outer1/dev/token_cnn/i2/lr0.001_wd0.0001/s907,835fd7f0ab06
activity/outer1/dev/token_cnn/i2/lr0.001_wd1e-06/s701,835fd7f0ab06
activity/outer1/dev/token_cnn/i2/lr0.001_wd1e-06/s907,835fd7f0ab06
activity/outer1/final/chemistry_tree/s11027,cb9e32c50d9e
activity/outer1/final/chemistry_tree/s1103,cb9e32c50d9e
activity/outer1/final/chemistry_tree/s2207,cb9e32c50d9e
activity/outer1/final/chemistry_tree/s3301,cb9e32c50d9e
activity/outer1/final/chemistry_tree/s4409,cb9e32c50d9e
activity/outer1/final/chemistry_tree/s5519,cb9e32c50d9e
activity/outer1/final/chemistry_tree/s6637,cb9e32c50d9e
activity/outer1/final/chemistry_tree/s7753,cb9e32c50d9e
activity/outer1/final/chemistry_tree/s8867,cb9e32c50d9e
activity/outer1/final/chemistry_tree/s9973,cb9e32c50d9e
activity/outer1/final/corrected_gnn/s11027,cb9e32c50d9e
activity/outer1/final/corrected_gnn/s1103,cb9e32c50d9e
activity/outer1/final/corrected_gnn/s2207,cb9e32c50d9e
activity/outer1/final/corrected_gnn/s3301,cb9e32c50d9e
activity/outer1/final/corrected_gnn/s4409,cb9e32c50d9e
activity/outer1/final/corrected_gnn/s5519,cb9e32c50d9e
activity/outer1/final/corrected_gnn/s6637,cb9e32c50d9e
activity/outer1/final/corrected_gnn/s7753,cb9e32c50d9e
activity/outer1/final/corrected_gnn/s8867,cb9e32c50d9e
activity/outer1/final/corrected_gnn/s9973,cb9e32c50d9e
activity/outer1/final/corrected_no_message/s11027,cb9e32c50d9e
activity/outer1/final/corrected_no_message/s1103,cb9e32c50d9e
activity/outer1/final/corrected_no_message/s2207,cb9e32c50d9e
activity/outer1/final/corrected_no_message/s3301,cb9e32c50d9e
activity/outer1/final/corrected_no_message/s4409,cb9e32c50d9e
activity/outer1/final/corrected_no_message/s5519,cb9e32c50d9e
activity/outer1/final/corrected_no_message/s6637,cb9e32c50d9e
activity/outer1/final/corrected_no_message/s7753,cb9e32c50d9e
activity/outer1/final/corrected_no_message/s8867,cb9e32c50d9e
activity/outer1/final/corrected_no_message/s9973,cb9e32c50d9e
activity/outer1/final/guide_ridge/s0,cb9e32c50d9e
activity/outer1/final/original_gnn/s11027,cb9e32c50d9e
activity/outer1/final/original_gnn/s1103,cb9e32c50d9e
activity/outer1/final/original_gnn/s2207,cb9e32c50d9e
activity/outer1/final/original_gnn/s3301,cb9e32c50d9e
activity/outer1/final/original_gnn/s4409,cb9e32c50d9e
activity/outer1/final/original_gnn/s5519,cb9e32c50d9e
activity/outer1/final/original_gnn/s6637,cb9e32c50d9e
activity/outer1/final/original_gnn/s7753,cb9e32c50d9e
activity/outer1/final/original_gnn/s8867,cb9e32c50d9e
activity/outer1/final/original_gnn/s9973,cb9e32c50d9e
activity/outer1/final/original_no_message/s11027,cb9e32c50d9e
activity/outer1/final/original_no_message/s1103,cb9e32c50d9e
activity/outer1/final/original_no_message/s2207,cb9e32c50d9e
activity/outer1/final/original_no_message/s3301,cb9e32c50d9e
activity/outer1/final/original_no_message/s4409,cb9e32c50d9e
activity/outer1/final/original_no_message/s5519,cb9e32c50d9e
activity/outer1/final/original_no_message/s6637,cb9e32c50d9e
activity/outer1/final/original_no_message/s7753,cb9e32c50d9e
activity/outer1/final/original_no_message/s8867,cb9e32c50d9e
activity/outer1/final/original_no_message/s9973,cb9e32c50d9e
activity/outer1/final/pairwise_ridge/s0,cb9e32c50d9e
activity/outer1/final/token_cnn/s11027,cb9e32c50d9e
activity/outer1/final/token_cnn/s1103,cb9e32c50d9e
activity/outer1/final/token_cnn/s2207,cb9e32c50d9e
activity/outer1/final/token_cnn/s3301,cb9e32c50d9e
activity/outer1/final/token_cnn/s4409,cb9e32c50d9e
activity/outer1/final/token_cnn/s5519,cb9e32c50d9e
activity/outer1/final/token_cnn/s6637,cb9e32c50d9e
activity/outer1/final/token_cnn/s7753,cb9e32c50d9e
activity/outer1/final/token_cnn/s8867,cb9e32c50d9e
activity/outer1/final/token_cnn/s9973,cb9e32c50d9e
activity/outer2/dev/chemistry_tree/i0/leaf2/s701,6f409bc7fc88
activity/outer2/dev/chemistry_tree/i0/leaf2/s907,6f409bc7fc88
activity/outer2/dev/chemistry_tree/i0/leaf8/s701,6f409bc7fc88
activity/outer2/dev/chemistry_tree/i0/leaf8/s907,6f409bc7fc88
activity/outer2/dev/chemistry_tree/i1/leaf2/s701,ce6c6cadb284
activity/outer2/dev/chemistry_tree/i1/leaf2/s907,ce6c6cadb284
activity/outer2/dev/chemistry_tree/i1/leaf8/s701,ce6c6cadb284
activity/outer2/dev/chemistry_tree/i1/leaf8/s907,ce6c6cadb284
activity/outer2/dev/chemistry_tree/i2/leaf2/s701,a62d87e0e45f
activity/outer2/dev/chemistry_tree/i2/leaf2/s907,a62d87e0e45f
activity/outer2/dev/chemistry_tree/i2/leaf8/s701,a62d87e0e45f
activity/outer2/dev/chemistry_tree/i2/leaf8/s907,a62d87e0e45f
activity/outer2/dev/corrected_gnn/i0/lr0.0001_wd0.0001/s701,6f409bc7fc88
activity/outer2/dev/corrected_gnn/i0/lr0.0001_wd0.0001/s907,6f409bc7fc88
activity/outer2/dev/corrected_gnn/i0/lr0.0001_wd1e-06/s701,6f409bc7fc88
activity/outer2/dev/corrected_gnn/i0/lr0.0001_wd1e-06/s907,6f409bc7fc88
activity/outer2/dev/corrected_gnn/i0/lr0.0003_wd0.0001/s701,6f409bc7fc88
activity/outer2/dev/corrected_gnn/i0/lr0.0003_wd0.0001/s907,6f409bc7fc88
activity/outer2/dev/corrected_gnn/i0/lr0.0003_wd1e-06/s701,6f409bc7fc88
activity/outer2/dev/corrected_gnn/i0/lr0.0003_wd1e-06/s907,6f409bc7fc88
activity/outer2/dev/corrected_gnn/i0/lr0.001_wd0.0001/s701,6f409bc7fc88
activity/outer2/dev/corrected_gnn/i0/lr0.001_wd0.0001/s907,6f409bc7fc88
activity/outer2/dev/corrected_gnn/i0/lr0.001_wd1e-06/s701,6f409bc7fc88
activity/outer2/dev/corrected_gnn/i0/lr0.001_wd1e-06/s907,6f409bc7fc88
activity/outer2/dev/corrected_gnn/i1/lr0.0001_wd0.0001/s701,ce6c6cadb284
activity/outer2/dev/corrected_gnn/i1/lr0.0001_wd0.0001/s907,ce6c6cadb284
activity/outer2/dev/corrected_gnn/i1/lr0.0001_wd1e-06/s701,ce6c6cadb284
activity/outer2/dev/corrected_gnn/i1/lr0.0001_wd1e-06/s907,ce6c6cadb284
activity/outer2/dev/corrected_gnn/i1/lr0.0003_wd0.0001/s701,ce6c6cadb284
activity/outer2/dev/corrected_gnn/i1/lr0.0003_wd0.0001/s907,ce6c6cadb284
activity/outer2/dev/corrected_gnn/i1/lr0.0003_wd1e-06/s701,ce6c6cadb284
activity/outer2/dev/corrected_gnn/i1/lr0.0003_wd1e-06/s907,ce6c6cadb284
activity/outer2/dev/corrected_gnn/i1/lr0.001_wd0.0001/s701,ce6c6cadb284
activity/outer2/dev/corrected_gnn/i1/lr0.001_wd0.0001/s907,ce6c6cadb284
activity/outer2/dev/corrected_gnn/i1/lr0.001_wd1e-06/s701,ce6c6cadb284
activity/outer2/dev/corrected_gnn/i1/lr0.001_wd1e-06/s907,ce6c6cadb284
activity/outer2/dev/corrected_gnn/i2/lr0.0001_wd0.0001/s701,a62d87e0e45f
activity/outer2/dev/corrected_gnn/i2/lr0.0001_wd0.0001/s907,a62d87e0e45f
activity/outer2/dev/corrected_gnn/i2/lr0.0001_wd1e-06/s701,a62d87e0e45f
activity/outer2/dev/corrected_gnn/i2/lr0.0001_wd1e-06/s907,a62d87e0e45f
activity/outer2/dev/corrected_gnn/i2/lr0.0003_wd0.0001/s701,a62d87e0e45f
activity/outer2/dev/corrected_gnn/i2/lr0.0003_wd0.0001/s907,a62d87e0e45f
activity/outer2/dev/corrected_gnn/i2/lr0.0003_wd1e-06/s701,a62d87e0e45f
activity/outer2/dev/corrected_gnn/i2/lr0.0003_wd1e-06/s907,a62d87e0e45f
activity/outer2/dev/corrected_gnn/i2/lr0.001_wd0.0001/s701,a62d87e0e45f
activity/outer2/dev/corrected_gnn/i2/lr0.001_wd0.0001/s907,a62d87e0e45f
activity/outer2/dev/corrected_gnn/i2/lr0.001_wd1e-06/s701,a62d87e0e45f
activity/outer2/dev/corrected_gnn/i2/lr0.001_wd1e-06/s907,a62d87e0e45f
activity/outer2/dev/corrected_no_message/i0/lr0.0001_wd0.0001/s701,6f409bc7fc88
activity/outer2/dev/corrected_no_message/i0/lr0.0001_wd0.0001/s907,6f409bc7fc88
activity/outer2/dev/corrected_no_message/i0/lr0.0001_wd1e-06/s701,6f409bc7fc88
activity/outer2/dev/corrected_no_message/i0/lr0.0001_wd1e-06/s907,6f409bc7fc88
activity/outer2/dev/corrected_no_message/i0/lr0.0003_wd0.0001/s701,6f409bc7fc88
activity/outer2/dev/corrected_no_message/i0/lr0.0003_wd0.0001/s907,6f409bc7fc88
activity/outer2/dev/corrected_no_message/i0/lr0.0003_wd1e-06/s701,6f409bc7fc88
activity/outer2/dev/corrected_no_message/i0/lr0.0003_wd1e-06/s907,6f409bc7fc88
activity/outer2/dev/corrected_no_message/i0/lr0.001_wd0.0001/s701,6f409bc7fc88
activity/outer2/dev/corrected_no_message/i0/lr0.001_wd0.0001/s907,6f409bc7fc88
activity/outer2/dev/corrected_no_message/i0/lr0.001_wd1e-06/s701,6f409bc7fc88
activity/outer2/dev/corrected_no_message/i0/lr0.001_wd1e-06/s907,6f409bc7fc88
activity/outer2/dev/corrected_no_message/i1/lr0.0001_wd0.0001/s701,ce6c6cadb284
activity/outer2/dev/corrected_no_message/i1/lr0.0001_wd0.0001/s907,ce6c6cadb284
activity/outer2/dev/corrected_no_message/i1/lr0.0001_wd1e-06/s701,ce6c6cadb284
activity/outer2/dev/corrected_no_message/i1/lr0.0001_wd1e-06/s907,ce6c6cadb284
activity/outer2/dev/corrected_no_message/i1/lr0.0003_wd0.0001/s701,ce6c6cadb284
activity/outer2/dev/corrected_no_message/i1/lr0.0003_wd0.0001/s907,ce6c6cadb284
activity/outer2/dev/corrected_no_message/i1/lr0.0003_wd1e-06/s701,ce6c6cadb284
activity/outer2/dev/corrected_no_message/i1/lr0.0003_wd1e-06/s907,ce6c6cadb284
activity/outer2/dev/corrected_no_message/i1/lr0.001_wd0.0001/s701,ce6c6cadb284
activity/outer2/dev/corrected_no_message/i1/lr0.001_wd0.0001/s907,ce6c6cadb284
activity/outer2/dev/corrected_no_message/i1/lr0.001_wd1e-06/s701,ce6c6cadb284
activity/outer2/dev/corrected_no_message/i1/lr0.001_wd1e-06/s907,ce6c6cadb284
activity/outer2/dev/corrected_no_message/i2/lr0.0001_wd0.0001/s701,a62d87e0e45f
activity/outer2/dev/corrected_no_message/i2/lr0.0001_wd0.0001/s907,a62d87e0e45f
activity/outer2/dev/corrected_no_message/i2/lr0.0001_wd1e-06/s701,a62d87e0e45f
activity/outer2/dev/corrected_no_message/i2/lr0.0001_wd1e-06/s907,a62d87e0e45f
activity/outer2/dev/corrected_no_message/i2/lr0.0003_wd0.0001/s701,a62d87e0e45f
activity/outer2/dev/corrected_no_message/i2/lr0.0003_wd0.0001/s907,a62d87e0e45f
activity/outer2/dev/corrected_no_message/i2/lr0.0003_wd1e-06/s701,a62d87e0e45f
activity/outer2/dev/corrected_no_message/i2/lr0.0003_wd1e-06/s907,a62d87e0e45f
activity/outer2/dev/corrected_no_message/i2/lr0.001_wd0.0001/s701,a62d87e0e45f
activity/outer2/dev/corrected_no_message/i2/lr0.001_wd0.0001/s907,a62d87e0e45f
activity/outer2/dev/corrected_no_message/i2/lr0.001_wd1e-06/s701,a62d87e0e45f
activity/outer2/dev/corrected_no_message/i2/lr0.001_wd1e-06/s907,a62d87e0e45f
activity/outer2/dev/guide_ridge/i0/alpha0.1/s0,6f409bc7fc88
activity/outer2/dev/guide_ridge/i0/alpha1/s0,6f409bc7fc88
activity/outer2/dev/guide_ridge/i0/alpha10/s0,6f409bc7fc88
activity/outer2/dev/guide_ridge/i1/alpha0.1/s0,ce6c6cadb284
activity/outer2/dev/guide_ridge/i1/alpha1/s0,ce6c6cadb284
activity/outer2/dev/guide_ridge/i1/alpha10/s0,ce6c6cadb284
activity/outer2/dev/guide_ridge/i2/alpha0.1/s0,a62d87e0e45f
activity/outer2/dev/guide_ridge/i2/alpha1/s0,a62d87e0e45f
activity/outer2/dev/guide_ridge/i2/alpha10/s0,a62d87e0e45f
activity/outer2/dev/original_gnn/i0/lr0.0001_wd0.0001/s701,6f409bc7fc88
activity/outer2/dev/original_gnn/i0/lr0.0001_wd0.0001/s907,6f409bc7fc88
activity/outer2/dev/original_gnn/i0/lr0.0001_wd1e-06/s701,6f409bc7fc88
activity/outer2/dev/original_gnn/i0/lr0.0001_wd1e-06/s907,6f409bc7fc88
activity/outer2/dev/original_gnn/i0/lr0.0003_wd0.0001/s701,6f409bc7fc88
activity/outer2/dev/original_gnn/i0/lr0.0003_wd0.0001/s907,6f409bc7fc88
activity/outer2/dev/original_gnn/i0/lr0.0003_wd1e-06/s701,6f409bc7fc88
activity/outer2/dev/original_gnn/i0/lr0.0003_wd1e-06/s907,6f409bc7fc88
activity/outer2/dev/original_gnn/i0/lr0.001_wd0.0001/s701,6f409bc7fc88
activity/outer2/dev/original_gnn/i0/lr0.001_wd0.0001/s907,6f409bc7fc88
activity/outer2/dev/original_gnn/i0/lr0.001_wd1e-06/s701,6f409bc7fc88
activity/outer2/dev/original_gnn/i0/lr0.001_wd1e-06/s907,6f409bc7fc88
activity/outer2/dev/original_gnn/i1/lr0.0001_wd0.0001/s701,ce6c6cadb284
activity/outer2/dev/original_gnn/i1/lr0.0001_wd0.0001/s907,ce6c6cadb284
activity/outer2/dev/original_gnn/i1/lr0.0001_wd1e-06/s701,ce6c6cadb284
activity/outer2/dev/original_gnn/i1/lr0.0001_wd1e-06/s907,ce6c6cadb284
activity/outer2/dev/original_gnn/i1/lr0.0003_wd0.0001/s701,ce6c6cadb284
activity/outer2/dev/original_gnn/i1/lr0.0003_wd0.0001/s907,ce6c6cadb284
activity/outer2/dev/original_gnn/i1/lr0.0003_wd1e-06/s701,ce6c6cadb284
activity/outer2/dev/original_gnn/i1/lr0.0003_wd1e-06/s907,ce6c6cadb284
activity/outer2/dev/original_gnn/i1/lr0.001_wd0.0001/s701,ce6c6cadb284
activity/outer2/dev/original_gnn/i1/lr0.001_wd0.0001/s907,ce6c6cadb284
activity/outer2/dev/original_gnn/i1/lr0.001_wd1e-06/s701,ce6c6cadb284
activity/outer2/dev/original_gnn/i1/lr0.001_wd1e-06/s907,ce6c6cadb284
activity/outer2/dev/original_gnn/i2/lr0.0001_wd0.0001/s701,a62d87e0e45f
activity/outer2/dev/original_gnn/i2/lr0.0001_wd0.0001/s907,a62d87e0e45f
activity/outer2/dev/original_gnn/i2/lr0.0001_wd1e-06/s701,a62d87e0e45f
activity/outer2/dev/original_gnn/i2/lr0.0001_wd1e-06/s907,a62d87e0e45f
activity/outer2/dev/original_gnn/i2/lr0.0003_wd0.0001/s701,a62d87e0e45f
activity/outer2/dev/original_gnn/i2/lr0.0003_wd0.0001/s907,a62d87e0e45f
activity/outer2/dev/original_gnn/i2/lr0.0003_wd1e-06/s701,a62d87e0e45f
activity/outer2/dev/original_gnn/i2/lr0.0003_wd1e-06/s907,a62d87e0e45f
activity/outer2/dev/original_gnn/i2/lr0.001_wd0.0001/s701,a62d87e0e45f
activity/outer2/dev/original_gnn/i2/lr0.001_wd0.0001/s907,a62d87e0e45f
activity/outer2/dev/original_gnn/i2/lr0.001_wd1e-06/s701,a62d87e0e45f
activity/outer2/dev/original_gnn/i2/lr0.001_wd1e-06/s907,a62d87e0e45f
activity/outer2/dev/original_no_message/i0/lr0.0001_wd0.0001/s701,6f409bc7fc88
activity/outer2/dev/original_no_message/i0/lr0.0001_wd0.0001/s907,6f409bc7fc88
activity/outer2/dev/original_no_message/i0/lr0.0001_wd1e-06/s701,6f409bc7fc88
activity/outer2/dev/original_no_message/i0/lr0.0001_wd1e-06/s907,6f409bc7fc88
activity/outer2/dev/original_no_message/i0/lr0.0003_wd0.0001/s701,6f409bc7fc88
activity/outer2/dev/original_no_message/i0/lr0.0003_wd0.0001/s907,6f409bc7fc88
activity/outer2/dev/original_no_message/i0/lr0.0003_wd1e-06/s701,6f409bc7fc88
activity/outer2/dev/original_no_message/i0/lr0.0003_wd1e-06/s907,6f409bc7fc88
activity/outer2/dev/original_no_message/i0/lr0.001_wd0.0001/s701,6f409bc7fc88
activity/outer2/dev/original_no_message/i0/lr0.001_wd0.0001/s907,6f409bc7fc88
activity/outer2/dev/original_no_message/i0/lr0.001_wd1e-06/s701,6f409bc7fc88
activity/outer2/dev/original_no_message/i0/lr0.001_wd1e-06/s907,6f409bc7fc88
activity/outer2/dev/original_no_message/i1/lr0.0001_wd0.0001/s701,ce6c6cadb284
activity/outer2/dev/original_no_message/i1/lr0.0001_wd0.0001/s907,ce6c6cadb284
activity/outer2/dev/original_no_message/i1/lr0.0001_wd1e-06/s701,ce6c6cadb284
activity/outer2/dev/original_no_message/i1/lr0.0001_wd1e-06/s907,ce6c6cadb284
activity/outer2/dev/original_no_message/i1/lr0.0003_wd0.0001/s701,ce6c6cadb284
activity/outer2/dev/original_no_message/i1/lr0.0003_wd0.0001/s907,ce6c6cadb284
activity/outer2/dev/original_no_message/i1/lr0.0003_wd1e-06/s701,ce6c6cadb284
activity/outer2/dev/original_no_message/i1/lr0.0003_wd1e-06/s907,ce6c6cadb284
activity/outer2/dev/original_no_message/i1/lr0.001_wd0.0001/s701,ce6c6cadb284
activity/outer2/dev/original_no_message/i1/lr0.001_wd0.0001/s907,ce6c6cadb284
activity/outer2/dev/original_no_message/i1/lr0.001_wd1e-06/s701,ce6c6cadb284
activity/outer2/dev/original_no_message/i1/lr0.001_wd1e-06/s907,ce6c6cadb284
activity/outer2/dev/original_no_message/i2/lr0.0001_wd0.0001/s701,a62d87e0e45f
activity/outer2/dev/original_no_message/i2/lr0.0001_wd0.0001/s907,a62d87e0e45f
activity/outer2/dev/original_no_message/i2/lr0.0001_wd1e-06/s701,a62d87e0e45f
activity/outer2/dev/original_no_message/i2/lr0.0001_wd1e-06/s907,a62d87e0e45f
activity/outer2/dev/original_no_message/i2/lr0.0003_wd0.0001/s701,a62d87e0e45f
activity/outer2/dev/original_no_message/i2/lr0.0003_wd0.0001/s907,a62d87e0e45f
activity/outer2/dev/original_no_message/i2/lr0.0003_wd1e-06/s701,a62d87e0e45f
activity/outer2/dev/original_no_message/i2/lr0.0003_wd1e-06/s907,a62d87e0e45f
activity/outer2/dev/original_no_message/i2/lr0.001_wd0.0001/s701,a62d87e0e45f
activity/outer2/dev/original_no_message/i2/lr0.001_wd0.0001/s907,a62d87e0e45f
activity/outer2/dev/original_no_message/i2/lr0.001_wd1e-06/s701,a62d87e0e45f
activity/outer2/dev/original_no_message/i2/lr0.001_wd1e-06/s907,a62d87e0e45f
activity/outer2/dev/pairwise_ridge/i0/alpha0.1/s0,6f409bc7fc88
activity/outer2/dev/pairwise_ridge/i0/alpha1/s0,6f409bc7fc88
activity/outer2/dev/pairwise_ridge/i0/alpha10/s0,6f409bc7fc88
activity/outer2/dev/pairwise_ridge/i1/alpha0.1/s0,ce6c6cadb284
activity/outer2/dev/pairwise_ridge/i1/alpha1/s0,ce6c6cadb284
activity/outer2/dev/pairwise_ridge/i1/alpha10/s0,ce6c6cadb284
activity/outer2/dev/pairwise_ridge/i2/alpha0.1/s0,a62d87e0e45f
activity/outer2/dev/pairwise_ridge/i2/alpha1/s0,a62d87e0e45f
activity/outer2/dev/pairwise_ridge/i2/alpha10/s0,a62d87e0e45f
activity/outer2/dev/token_cnn/i0/lr0.0001_wd0.0001/s701,6f409bc7fc88
activity/outer2/dev/token_cnn/i0/lr0.0001_wd0.0001/s907,6f409bc7fc88
activity/outer2/dev/token_cnn/i0/lr0.0001_wd1e-06/s701,6f409bc7fc88
activity/outer2/dev/token_cnn/i0/lr0.0001_wd1e-06/s907,6f409bc7fc88
activity/outer2/dev/token_cnn/i0/lr0.0003_wd0.0001/s701,6f409bc7fc88
activity/outer2/dev/token_cnn/i0/lr0.0003_wd0.0001/s907,6f409bc7fc88
activity/outer2/dev/token_cnn/i0/lr0.0003_wd1e-06/s701,6f409bc7fc88
activity/outer2/dev/token_cnn/i0/lr0.0003_wd1e-06/s907,6f409bc7fc88
activity/outer2/dev/token_cnn/i0/lr0.001_wd0.0001/s701,6f409bc7fc88
activity/outer2/dev/token_cnn/i0/lr0.001_wd0.0001/s907,6f409bc7fc88
activity/outer2/dev/token_cnn/i0/lr0.001_wd1e-06/s701,6f409bc7fc88
activity/outer2/dev/token_cnn/i0/lr0.001_wd1e-06/s907,6f409bc7fc88
activity/outer2/dev/token_cnn/i1/lr0.0001_wd0.0001/s701,ce6c6cadb284
activity/outer2/dev/token_cnn/i1/lr0.0001_wd0.0001/s907,ce6c6cadb284
activity/outer2/dev/token_cnn/i1/lr0.0001_wd1e-06/s701,ce6c6cadb284
activity/outer2/dev/token_cnn/i1/lr0.0001_wd1e-06/s907,ce6c6cadb284
activity/outer2/dev/token_cnn/i1/lr0.0003_wd0.0001/s701,ce6c6cadb284
activity/outer2/dev/token_cnn/i1/lr0.0003_wd0.0001/s907,ce6c6cadb284
activity/outer2/dev/token_cnn/i1/lr0.0003_wd1e-06/s701,ce6c6cadb284
activity/outer2/dev/token_cnn/i1/lr0.0003_wd1e-06/s907,ce6c6cadb284
activity/outer2/dev/token_cnn/i1/lr0.001_wd0.0001/s701,ce6c6cadb284
activity/outer2/dev/token_cnn/i1/lr0.001_wd0.0001/s907,ce6c6cadb284
activity/outer2/dev/token_cnn/i1/lr0.001_wd1e-06/s701,ce6c6cadb284
activity/outer2/dev/token_cnn/i1/lr0.001_wd1e-06/s907,ce6c6cadb284
activity/outer2/dev/token_cnn/i2/lr0.0001_wd0.0001/s701,a62d87e0e45f
activity/outer2/dev/token_cnn/i2/lr0.0001_wd0.0001/s907,a62d87e0e45f
activity/outer2/dev/token_cnn/i2/lr0.0001_wd1e-06/s701,a62d87e0e45f
activity/outer2/dev/token_cnn/i2/lr0.0001_wd1e-06/s907,a62d87e0e45f
activity/outer2/dev/token_cnn/i2/lr0.0003_wd0.0001/s701,a62d87e0e45f
activity/outer2/dev/token_cnn/i2/lr0.0003_wd0.0001/s907,a62d87e0e45f
activity/outer2/dev/token_cnn/i2/lr0.0003_wd1e-06/s701,a62d87e0e45f
activity/outer2/dev/token_cnn/i2/lr0.0003_wd1e-06/s907,a62d87e0e45f
activity/outer2/dev/token_cnn/i2/lr0.001_wd0.0001/s701,a62d87e0e45f
activity/outer2/dev/token_cnn/i2/lr0.001_wd0.0001/s907,a62d87e0e45f
activity/outer2/dev/token_cnn/i2/lr0.001_wd1e-06/s701,a62d87e0e45f
activity/outer2/dev/token_cnn/i2/lr0.001_wd1e-06/s907,a62d87e0e45f
activity/outer2/final/chemistry_tree/s11027,a62d87e0e45f
activity/outer2/final/chemistry_tree/s1103,a62d87e0e45f
activity/outer2/final/chemistry_tree/s2207,a62d87e0e45f
activity/outer2/final/chemistry_tree/s3301,a62d87e0e45f
activity/outer2/final/chemistry_tree/s4409,a62d87e0e45f
activity/outer2/final/chemistry_tree/s5519,a62d87e0e45f
activity/outer2/final/chemistry_tree/s6637,a62d87e0e45f
activity/outer2/final/chemistry_tree/s7753,a62d87e0e45f
activity/outer2/final/chemistry_tree/s8867,a62d87e0e45f
activity/outer2/final/chemistry_tree/s9973,a62d87e0e45f
activity/outer2/final/corrected_gnn/s11027,a62d87e0e45f
activity/outer2/final/corrected_gnn/s1103,a62d87e0e45f
activity/outer2/final/corrected_gnn/s2207,a62d87e0e45f
activity/outer2/final/corrected_gnn/s3301,a62d87e0e45f
activity/outer2/final/corrected_gnn/s4409,a62d87e0e45f
activity/outer2/final/corrected_gnn/s5519,a62d87e0e45f
activity/outer2/final/corrected_gnn/s6637,a62d87e0e45f
activity/outer2/final/corrected_gnn/s7753,a62d87e0e45f
activity/outer2/final/corrected_gnn/s8867,a62d87e0e45f
activity/outer2/final/corrected_gnn/s9973,a62d87e0e45f
activity/outer2/final/corrected_no_message/s11027,a62d87e0e45f
activity/outer2/final/corrected_no_message/s1103,a62d87e0e45f
activity/outer2/final/corrected_no_message/s2207,a62d87e0e45f
activity/outer2/final/corrected_no_message/s3301,a62d87e0e45f
activity/outer2/final/corrected_no_message/s4409,a62d87e0e45f
activity/outer2/final/corrected_no_message/s5519,a62d87e0e45f
activity/outer2/final/corrected_no_message/s6637,a62d87e0e45f
activity/outer2/final/corrected_no_message/s7753,a62d87e0e45f
activity/outer2/final/corrected_no_message/s8867,a62d87e0e45f
activity/outer2/final/corrected_no_message/s9973,a62d87e0e45f
activity/outer2/final/guide_ridge/s0,a62d87e0e45f
activity/outer2/final/original_gnn/s11027,a62d87e0e45f
activity/outer2/final/original_gnn/s1103,a62d87e0e45f
activity/outer2/final/original_gnn/s2207,a62d87e0e45f
activity/outer2/final/original_gnn/s3301,a62d87e0e45f
activity/outer2/final/original_gnn/s4409,a62d87e0e45f
activity/outer2/final/original_gnn/s5519,a62d87e0e45f
activity/outer2/final/original_gnn/s6637,a62d87e0e45f
activity/outer2/final/original_gnn/s7753,a62d87e0e45f
activity/outer2/final/original_gnn/s8867,a62d87e0e45f
activity/outer2/final/original_gnn/s9973,a62d87e0e45f
activity/outer2/final/original_no_message/s11027,a62d87e0e45f
activity/outer2/final/original_no_message/s1103,a62d87e0e45f
activity/outer2/final/original_no_message/s2207,a62d87e0e45f
activity/outer2/final/original_no_message/s3301,a62d87e0e45f
activity/outer2/final/original_no_message/s4409,a62d87e0e45f
activity/outer2/final/original_no_message/s5519,a62d87e0e45f
activity/outer2/final/original_no_message/s6637,a62d87e0e45f
activity/outer2/final/original_no_message/s7753,a62d87e0e45f
activity/outer2/final/original_no_message/s8867,a62d87e0e45f
activity/outer2/final/original_no_message/s9973,a62d87e0e45f
activity/outer2/final/pairwise_ridge/s0,a62d87e0e45f
activity/outer2/final/token_cnn/s11027,a62d87e0e45f
activity/outer2/final/token_cnn/s1103,a62d87e0e45f
activity/outer2/final/token_cnn/s2207,a62d87e0e45f
activity/outer2/final/token_cnn/s3301,a62d87e0e45f
activity/outer2/final/token_cnn/s4409,a62d87e0e45f
activity/outer2/final/token_cnn/s5519,a62d87e0e45f
activity/outer2/final/token_cnn/s6637,a62d87e0e45f
activity/outer2/final/token_cnn/s7753,a62d87e0e45f
activity/outer2/final/token_cnn/s8867,a62d87e0e45f
activity/outer2/final/token_cnn/s9973,a62d87e0e45f
activity/outer3/dev/chemistry_tree/i0/leaf2/s701,c068a8afa836
activity/outer3/dev/chemistry_tree/i0/leaf2/s907,c068a8afa836
activity/outer3/dev/chemistry_tree/i0/leaf8/s701,c068a8afa836
activity/outer3/dev/chemistry_tree/i0/leaf8/s907,c068a8afa836
activity/outer3/dev/chemistry_tree/i1/leaf2/s701,d19a4e523670
activity/outer3/dev/chemistry_tree/i1/leaf2/s907,d19a4e523670
activity/outer3/dev/chemistry_tree/i1/leaf8/s701,d19a4e523670
activity/outer3/dev/chemistry_tree/i1/leaf8/s907,d19a4e523670
activity/outer3/dev/chemistry_tree/i2/leaf2/s701,a62d87e0e45f
activity/outer3/dev/chemistry_tree/i2/leaf2/s907,a62d87e0e45f
activity/outer3/dev/chemistry_tree/i2/leaf8/s701,a62d87e0e45f
activity/outer3/dev/chemistry_tree/i2/leaf8/s907,a62d87e0e45f
activity/outer3/dev/corrected_gnn/i0/lr0.0001_wd0.0001/s701,c068a8afa836
activity/outer3/dev/corrected_gnn/i0/lr0.0001_wd0.0001/s907,c068a8afa836
activity/outer3/dev/corrected_gnn/i0/lr0.0001_wd1e-06/s701,c068a8afa836
activity/outer3/dev/corrected_gnn/i0/lr0.0001_wd1e-06/s907,c068a8afa836
activity/outer3/dev/corrected_gnn/i0/lr0.0003_wd0.0001/s701,c068a8afa836
activity/outer3/dev/corrected_gnn/i0/lr0.0003_wd0.0001/s907,c068a8afa836
activity/outer3/dev/corrected_gnn/i0/lr0.0003_wd1e-06/s701,c068a8afa836
activity/outer3/dev/corrected_gnn/i0/lr0.0003_wd1e-06/s907,c068a8afa836
activity/outer3/dev/corrected_gnn/i0/lr0.001_wd0.0001/s701,c068a8afa836
activity/outer3/dev/corrected_gnn/i0/lr0.001_wd0.0001/s907,c068a8afa836
activity/outer3/dev/corrected_gnn/i0/lr0.001_wd1e-06/s701,c068a8afa836
activity/outer3/dev/corrected_gnn/i0/lr0.001_wd1e-06/s907,c068a8afa836
activity/outer3/dev/corrected_gnn/i1/lr0.0001_wd0.0001/s701,d19a4e523670
activity/outer3/dev/corrected_gnn/i1/lr0.0001_wd0.0001/s907,d19a4e523670
activity/outer3/dev/corrected_gnn/i1/lr0.0001_wd1e-06/s701,d19a4e523670
activity/outer3/dev/corrected_gnn/i1/lr0.0001_wd1e-06/s907,d19a4e523670
activity/outer3/dev/corrected_gnn/i1/lr0.0003_wd0.0001/s701,d19a4e523670
activity/outer3/dev/corrected_gnn/i1/lr0.0003_wd0.0001/s907,d19a4e523670
activity/outer3/dev/corrected_gnn/i1/lr0.0003_wd1e-06/s701,d19a4e523670
activity/outer3/dev/corrected_gnn/i1/lr0.0003_wd1e-06/s907,d19a4e523670
activity/outer3/dev/corrected_gnn/i1/lr0.001_wd0.0001/s701,d19a4e523670
activity/outer3/dev/corrected_gnn/i1/lr0.001_wd0.0001/s907,d19a4e523670
activity/outer3/dev/corrected_gnn/i1/lr0.001_wd1e-06/s701,d19a4e523670
activity/outer3/dev/corrected_gnn/i1/lr0.001_wd1e-06/s907,d19a4e523670
activity/outer3/dev/corrected_gnn/i2/lr0.0001_wd0.0001/s701,a62d87e0e45f
activity/outer3/dev/corrected_gnn/i2/lr0.0001_wd0.0001/s907,a62d87e0e45f
activity/outer3/dev/corrected_gnn/i2/lr0.0001_wd1e-06/s701,a62d87e0e45f
activity/outer3/dev/corrected_gnn/i2/lr0.0001_wd1e-06/s907,a62d87e0e45f
activity/outer3/dev/corrected_gnn/i2/lr0.0003_wd0.0001/s701,a62d87e0e45f
activity/outer3/dev/corrected_gnn/i2/lr0.0003_wd0.0001/s907,a62d87e0e45f
activity/outer3/dev/corrected_gnn/i2/lr0.0003_wd1e-06/s701,a62d87e0e45f
activity/outer3/dev/corrected_gnn/i2/lr0.0003_wd1e-06/s907,a62d87e0e45f
activity/outer3/dev/corrected_gnn/i2/lr0.001_wd0.0001/s701,a62d87e0e45f
activity/outer3/dev/corrected_gnn/i2/lr0.001_wd0.0001/s907,a62d87e0e45f
activity/outer3/dev/corrected_gnn/i2/lr0.001_wd1e-06/s701,a62d87e0e45f
activity/outer3/dev/corrected_gnn/i2/lr0.001_wd1e-06/s907,a62d87e0e45f
activity/outer3/dev/corrected_no_message/i0/lr0.0001_wd0.0001/s701,c068a8afa836
activity/outer3/dev/corrected_no_message/i0/lr0.0001_wd0.0001/s907,c068a8afa836
activity/outer3/dev/corrected_no_message/i0/lr0.0001_wd1e-06/s701,c068a8afa836
activity/outer3/dev/corrected_no_message/i0/lr0.0001_wd1e-06/s907,c068a8afa836
activity/outer3/dev/corrected_no_message/i0/lr0.0003_wd0.0001/s701,c068a8afa836
activity/outer3/dev/corrected_no_message/i0/lr0.0003_wd0.0001/s907,c068a8afa836
activity/outer3/dev/corrected_no_message/i0/lr0.0003_wd1e-06/s701,c068a8afa836
activity/outer3/dev/corrected_no_message/i0/lr0.0003_wd1e-06/s907,c068a8afa836
activity/outer3/dev/corrected_no_message/i0/lr0.001_wd0.0001/s701,c068a8afa836
activity/outer3/dev/corrected_no_message/i0/lr0.001_wd0.0001/s907,c068a8afa836
activity/outer3/dev/corrected_no_message/i0/lr0.001_wd1e-06/s701,c068a8afa836
activity/outer3/dev/corrected_no_message/i0/lr0.001_wd1e-06/s907,c068a8afa836
activity/outer3/dev/corrected_no_message/i1/lr0.0001_wd0.0001/s701,d19a4e523670
activity/outer3/dev/corrected_no_message/i1/lr0.0001_wd0.0001/s907,d19a4e523670
activity/outer3/dev/corrected_no_message/i1/lr0.0001_wd1e-06/s701,d19a4e523670
activity/outer3/dev/corrected_no_message/i1/lr0.0001_wd1e-06/s907,d19a4e523670
activity/outer3/dev/corrected_no_message/i1/lr0.0003_wd0.0001/s701,d19a4e523670
activity/outer3/dev/corrected_no_message/i1/lr0.0003_wd0.0001/s907,d19a4e523670
activity/outer3/dev/corrected_no_message/i1/lr0.0003_wd1e-06/s701,d19a4e523670
activity/outer3/dev/corrected_no_message/i1/lr0.0003_wd1e-06/s907,d19a4e523670
activity/outer3/dev/corrected_no_message/i1/lr0.001_wd0.0001/s701,d19a4e523670
activity/outer3/dev/corrected_no_message/i1/lr0.001_wd0.0001/s907,d19a4e523670
activity/outer3/dev/corrected_no_message/i1/lr0.001_wd1e-06/s701,d19a4e523670
activity/outer3/dev/corrected_no_message/i1/lr0.001_wd1e-06/s907,d19a4e523670
activity/outer3/dev/corrected_no_message/i2/lr0.0001_wd0.0001/s701,a62d87e0e45f
activity/outer3/dev/corrected_no_message/i2/lr0.0001_wd0.0001/s907,a62d87e0e45f
activity/outer3/dev/corrected_no_message/i2/lr0.0001_wd1e-06/s701,a62d87e0e45f
activity/outer3/dev/corrected_no_message/i2/lr0.0001_wd1e-06/s907,a62d87e0e45f
activity/outer3/dev/corrected_no_message/i2/lr0.0003_wd0.0001/s701,a62d87e0e45f
activity/outer3/dev/corrected_no_message/i2/lr0.0003_wd0.0001/s907,a62d87e0e45f
activity/outer3/dev/corrected_no_message/i2/lr0.0003_wd1e-06/s701,a62d87e0e45f
activity/outer3/dev/corrected_no_message/i2/lr0.0003_wd1e-06/s907,a62d87e0e45f
activity/outer3/dev/corrected_no_message/i2/lr0.001_wd0.0001/s701,a62d87e0e45f
activity/outer3/dev/corrected_no_message/i2/lr0.001_wd0.0001/s907,a62d87e0e45f
activity/outer3/dev/corrected_no_message/i2/lr0.001_wd1e-06/s701,a62d87e0e45f
activity/outer3/dev/corrected_no_message/i2/lr0.001_wd1e-06/s907,a62d87e0e45f
activity/outer3/dev/guide_ridge/i0/alpha0.1/s0,c068a8afa836
activity/outer3/dev/guide_ridge/i0/alpha1/s0,c068a8afa836
activity/outer3/dev/guide_ridge/i0/alpha10/s0,c068a8afa836
activity/outer3/dev/guide_ridge/i1/alpha0.1/s0,d19a4e523670
activity/outer3/dev/guide_ridge/i1/alpha1/s0,d19a4e523670
activity/outer3/dev/guide_ridge/i1/alpha10/s0,d19a4e523670
activity/outer3/dev/guide_ridge/i2/alpha0.1/s0,a62d87e0e45f
activity/outer3/dev/guide_ridge/i2/alpha1/s0,a62d87e0e45f
activity/outer3/dev/guide_ridge/i2/alpha10/s0,a62d87e0e45f
activity/outer3/dev/original_gnn/i0/lr0.0001_wd0.0001/s701,c068a8afa836
activity/outer3/dev/original_gnn/i0/lr0.0001_wd0.0001/s907,c068a8afa836
activity/outer3/dev/original_gnn/i0/lr0.0001_wd1e-06/s701,c068a8afa836
activity/outer3/dev/original_gnn/i0/lr0.0001_wd1e-06/s907,c068a8afa836
activity/outer3/dev/original_gnn/i0/lr0.0003_wd0.0001/s701,c068a8afa836
activity/outer3/dev/original_gnn/i0/lr0.0003_wd0.0001/s907,c068a8afa836
activity/outer3/dev/original_gnn/i0/lr0.0003_wd1e-06/s701,c068a8afa836
activity/outer3/dev/original_gnn/i0/lr0.0003_wd1e-06/s907,c068a8afa836
activity/outer3/dev/original_gnn/i0/lr0.001_wd0.0001/s701,c068a8afa836
activity/outer3/dev/original_gnn/i0/lr0.001_wd0.0001/s907,c068a8afa836
activity/outer3/dev/original_gnn/i0/lr0.001_wd1e-06/s701,c068a8afa836
activity/outer3/dev/original_gnn/i0/lr0.001_wd1e-06/s907,c068a8afa836
activity/outer3/dev/original_gnn/i1/lr0.0001_wd0.0001/s701,d19a4e523670
activity/outer3/dev/original_gnn/i1/lr0.0001_wd0.0001/s907,d19a4e523670
activity/outer3/dev/original_gnn/i1/lr0.0001_wd1e-06/s701,d19a4e523670
activity/outer3/dev/original_gnn/i1/lr0.0001_wd1e-06/s907,d19a4e523670
activity/outer3/dev/original_gnn/i1/lr0.0003_wd0.0001/s701,d19a4e523670
activity/outer3/dev/original_gnn/i1/lr0.0003_wd0.0001/s907,d19a4e523670
activity/outer3/dev/original_gnn/i1/lr0.0003_wd1e-06/s701,d19a4e523670
activity/outer3/dev/original_gnn/i1/lr0.0003_wd1e-06/s907,d19a4e523670
activity/outer3/dev/original_gnn/i1/lr0.001_wd0.0001/s701,d19a4e523670
activity/outer3/dev/original_gnn/i1/lr0.001_wd0.0001/s907,d19a4e523670
activity/outer3/dev/original_gnn/i1/lr0.001_wd1e-06/s701,d19a4e523670
activity/outer3/dev/original_gnn/i1/lr0.001_wd1e-06/s907,d19a4e523670
activity/outer3/dev/original_gnn/i2/lr0.0001_wd0.0001/s701,a62d87e0e45f
activity/outer3/dev/original_gnn/i2/lr0.0001_wd0.0001/s907,a62d87e0e45f
activity/outer3/dev/original_gnn/i2/lr0.0001_wd1e-06/s701,a62d87e0e45f
activity/outer3/dev/original_gnn/i2/lr0.0001_wd1e-06/s907,a62d87e0e45f
activity/outer3/dev/original_gnn/i2/lr0.0003_wd0.0001/s701,a62d87e0e45f
activity/outer3/dev/original_gnn/i2/lr0.0003_wd0.0001/s907,a62d87e0e45f
activity/outer3/dev/original_gnn/i2/lr0.0003_wd1e-06/s701,a62d87e0e45f
activity/outer3/dev/original_gnn/i2/lr0.0003_wd1e-06/s907,a62d87e0e45f
activity/outer3/dev/original_gnn/i2/lr0.001_wd0.0001/s701,a62d87e0e45f
activity/outer3/dev/original_gnn/i2/lr0.001_wd0.0001/s907,a62d87e0e45f
activity/outer3/dev/original_gnn/i2/lr0.001_wd1e-06/s701,a62d87e0e45f
activity/outer3/dev/original_gnn/i2/lr0.001_wd1e-06/s907,a62d87e0e45f
activity/outer3/dev/original_no_message/i0/lr0.0001_wd0.0001/s701,c068a8afa836
activity/outer3/dev/original_no_message/i0/lr0.0001_wd0.0001/s907,c068a8afa836
activity/outer3/dev/original_no_message/i0/lr0.0001_wd1e-06/s701,c068a8afa836
activity/outer3/dev/original_no_message/i0/lr0.0001_wd1e-06/s907,c068a8afa836
activity/outer3/dev/original_no_message/i0/lr0.0003_wd0.0001/s701,c068a8afa836
activity/outer3/dev/original_no_message/i0/lr0.0003_wd0.0001/s907,c068a8afa836
activity/outer3/dev/original_no_message/i0/lr0.0003_wd1e-06/s701,c068a8afa836
activity/outer3/dev/original_no_message/i0/lr0.0003_wd1e-06/s907,c068a8afa836
activity/outer3/dev/original_no_message/i0/lr0.001_wd0.0001/s701,c068a8afa836
activity/outer3/dev/original_no_message/i0/lr0.001_wd0.0001/s907,c068a8afa836
activity/outer3/dev/original_no_message/i0/lr0.001_wd1e-06/s701,c068a8afa836
activity/outer3/dev/original_no_message/i0/lr0.001_wd1e-06/s907,c068a8afa836
activity/outer3/dev/original_no_message/i1/lr0.0001_wd0.0001/s701,d19a4e523670
activity/outer3/dev/original_no_message/i1/lr0.0001_wd0.0001/s907,d19a4e523670
activity/outer3/dev/original_no_message/i1/lr0.0001_wd1e-06/s701,d19a4e523670
activity/outer3/dev/original_no_message/i1/lr0.0001_wd1e-06/s907,d19a4e523670
activity/outer3/dev/original_no_message/i1/lr0.0003_wd0.0001/s701,d19a4e523670
activity/outer3/dev/original_no_message/i1/lr0.0003_wd0.0001/s907,d19a4e523670
activity/outer3/dev/original_no_message/i1/lr0.0003_wd1e-06/s701,d19a4e523670
activity/outer3/dev/original_no_message/i1/lr0.0003_wd1e-06/s907,d19a4e523670
activity/outer3/dev/original_no_message/i1/lr0.001_wd0.0001/s701,d19a4e523670
activity/outer3/dev/original_no_message/i1/lr0.001_wd0.0001/s907,d19a4e523670
activity/outer3/dev/original_no_message/i1/lr0.001_wd1e-06/s701,d19a4e523670
activity/outer3/dev/original_no_message/i1/lr0.001_wd1e-06/s907,d19a4e523670
activity/outer3/dev/original_no_message/i2/lr0.0001_wd0.0001/s701,a62d87e0e45f
activity/outer3/dev/original_no_message/i2/lr0.0001_wd0.0001/s907,a62d87e0e45f
activity/outer3/dev/original_no_message/i2/lr0.0001_wd1e-06/s701,a62d87e0e45f
activity/outer3/dev/original_no_message/i2/lr0.0001_wd1e-06/s907,a62d87e0e45f
activity/outer3/dev/original_no_message/i2/lr0.0003_wd0.0001/s701,a62d87e0e45f
activity/outer3/dev/original_no_message/i2/lr0.0003_wd0.0001/s907,a62d87e0e45f
activity/outer3/dev/original_no_message/i2/lr0.0003_wd1e-06/s701,a62d87e0e45f
activity/outer3/dev/original_no_message/i2/lr0.0003_wd1e-06/s907,a62d87e0e45f
activity/outer3/dev/original_no_message/i2/lr0.001_wd0.0001/s701,a62d87e0e45f
activity/outer3/dev/original_no_message/i2/lr0.001_wd0.0001/s907,a62d87e0e45f
activity/outer3/dev/original_no_message/i2/lr0.001_wd1e-06/s701,a62d87e0e45f
activity/outer3/dev/original_no_message/i2/lr0.001_wd1e-06/s907,a62d87e0e45f
activity/outer3/dev/pairwise_ridge/i0/alpha0.1/s0,c068a8afa836
activity/outer3/dev/pairwise_ridge/i0/alpha1/s0,c068a8afa836
activity/outer3/dev/pairwise_ridge/i0/alpha10/s0,c068a8afa836
activity/outer3/dev/pairwise_ridge/i1/alpha0.1/s0,d19a4e523670
activity/outer3/dev/pairwise_ridge/i1/alpha1/s0,d19a4e523670
activity/outer3/dev/pairwise_ridge/i1/alpha10/s0,d19a4e523670
activity/outer3/dev/pairwise_ridge/i2/alpha0.1/s0,a62d87e0e45f
activity/outer3/dev/pairwise_ridge/i2/alpha1/s0,a62d87e0e45f
activity/outer3/dev/pairwise_ridge/i2/alpha10/s0,a62d87e0e45f
activity/outer3/dev/token_cnn/i0/lr0.0001_wd0.0001/s701,c068a8afa836
activity/outer3/dev/token_cnn/i0/lr0.0001_wd0.0001/s907,c068a8afa836
activity/outer3/dev/token_cnn/i0/lr0.0001_wd1e-06/s701,c068a8afa836
activity/outer3/dev/token_cnn/i0/lr0.0001_wd1e-06/s907,c068a8afa836
activity/outer3/dev/token_cnn/i0/lr0.0003_wd0.0001/s701,c068a8afa836
activity/outer3/dev/token_cnn/i0/lr0.0003_wd0.0001/s907,c068a8afa836
activity/outer3/dev/token_cnn/i0/lr0.0003_wd1e-06/s701,c068a8afa836
activity/outer3/dev/token_cnn/i0/lr0.0003_wd1e-06/s907,c068a8afa836
activity/outer3/dev/token_cnn/i0/lr0.001_wd0.0001/s701,c068a8afa836
activity/outer3/dev/token_cnn/i0/lr0.001_wd0.0001/s907,c068a8afa836
activity/outer3/dev/token_cnn/i0/lr0.001_wd1e-06/s701,c068a8afa836
activity/outer3/dev/token_cnn/i0/lr0.001_wd1e-06/s907,c068a8afa836
activity/outer3/dev/token_cnn/i1/lr0.0001_wd0.0001/s701,d19a4e523670
activity/outer3/dev/token_cnn/i1/lr0.0001_wd0.0001/s907,d19a4e523670
activity/outer3/dev/token_cnn/i1/lr0.0001_wd1e-06/s701,d19a4e523670
activity/outer3/dev/token_cnn/i1/lr0.0001_wd1e-06/s907,d19a4e523670
activity/outer3/dev/token_cnn/i1/lr0.0003_wd0.0001/s701,d19a4e523670
activity/outer3/dev/token_cnn/i1/lr0.0003_wd0.0001/s907,d19a4e523670
activity/outer3/dev/token_cnn/i1/lr0.0003_wd1e-06/s701,d19a4e523670
activity/outer3/dev/token_cnn/i1/lr0.0003_wd1e-06/s907,d19a4e523670
activity/outer3/dev/token_cnn/i1/lr0.001_wd0.0001/s701,d19a4e523670
activity/outer3/dev/token_cnn/i1/lr0.001_wd0.0001/s907,d19a4e523670
activity/outer3/dev/token_cnn/i1/lr0.001_wd1e-06/s701,d19a4e523670
activity/outer3/dev/token_cnn/i1/lr0.001_wd1e-06/s907,d19a4e523670
activity/outer3/dev/token_cnn/i2/lr0.0001_wd0.0001/s701,a62d87e0e45f
activity/outer3/dev/token_cnn/i2/lr0.0001_wd0.0001/s907,a62d87e0e45f
activity/outer3/dev/token_cnn/i2/lr0.0001_wd1e-06/s701,a62d87e0e45f
activity/outer3/dev/token_cnn/i2/lr0.0001_wd1e-06/s907,a62d87e0e45f
activity/outer3/dev/token_cnn/i2/lr0.0003_wd0.0001/s701,a62d87e0e45f
activity/outer3/dev/token_cnn/i2/lr0.0003_wd0.0001/s907,a62d87e0e45f
activity/outer3/dev/token_cnn/i2/lr0.0003_wd1e-06/s701,a62d87e0e45f
activity/outer3/dev/token_cnn/i2/lr0.0003_wd1e-06/s907,a62d87e0e45f
activity/outer3/dev/token_cnn/i2/lr0.001_wd0.0001/s701,a62d87e0e45f
activity/outer3/dev/token_cnn/i2/lr0.001_wd0.0001/s907,a62d87e0e45f
activity/outer3/dev/token_cnn/i2/lr0.001_wd1e-06/s701,a62d87e0e45f
activity/outer3/dev/token_cnn/i2/lr0.001_wd1e-06/s907,a62d87e0e45f
activity/outer3/final/chemistry_tree/s11027,a62d87e0e45f
activity/outer3/final/chemistry_tree/s1103,a62d87e0e45f
activity/outer3/final/chemistry_tree/s2207,a62d87e0e45f
activity/outer3/final/chemistry_tree/s3301,a62d87e0e45f
activity/outer3/final/chemistry_tree/s4409,a62d87e0e45f
activity/outer3/final/chemistry_tree/s5519,a62d87e0e45f
activity/outer3/final/chemistry_tree/s6637,a62d87e0e45f
activity/outer3/final/chemistry_tree/s7753,a62d87e0e45f
activity/outer3/final/chemistry_tree/s8867,a62d87e0e45f
activity/outer3/final/chemistry_tree/s9973,a62d87e0e45f
activity/outer3/final/corrected_gnn/s11027,a62d87e0e45f
activity/outer3/final/corrected_gnn/s1103,a62d87e0e45f
activity/outer3/final/corrected_gnn/s2207,a62d87e0e45f
activity/outer3/final/corrected_gnn/s3301,a62d87e0e45f
activity/outer3/final/corrected_gnn/s4409,a62d87e0e45f
activity/outer3/final/corrected_gnn/s5519,a62d87e0e45f
activity/outer3/final/corrected_gnn/s6637,a62d87e0e45f
activity/outer3/final/corrected_gnn/s7753,a62d87e0e45f
activity/outer3/final/corrected_gnn/s8867,a62d87e0e45f
activity/outer3/final/corrected_gnn/s9973,a62d87e0e45f
activity/outer3/final/corrected_no_message/s11027,a62d87e0e45f
activity/outer3/final/corrected_no_message/s1103,a62d87e0e45f
activity/outer3/final/corrected_no_message/s2207,a62d87e0e45f
activity/outer3/final/corrected_no_message/s3301,a62d87e0e45f
activity/outer3/final/corrected_no_message/s4409,a62d87e0e45f
activity/outer3/final/corrected_no_message/s5519,a62d87e0e45f
activity/outer3/final/corrected_no_message/s6637,a62d87e0e45f
activity/outer3/final/corrected_no_message/s7753,a62d87e0e45f
activity/outer3/final/corrected_no_message/s8867,a62d87e0e45f
activity/outer3/final/corrected_no_message/s9973,a62d87e0e45f
activity/outer3/final/guide_ridge/s0,a62d87e0e45f
activity/outer3/final/original_gnn/s11027,a62d87e0e45f
activity/outer3/final/original_gnn/s1103,a62d87e0e45f
activity/outer3/final/original_gnn/s2207,a62d87e0e45f
activity/outer3/final/original_gnn/s3301,a62d87e0e45f
activity/outer3/final/original_gnn/s4409,a62d87e0e45f
activity/outer3/final/original_gnn/s5519,a62d87e0e45f
activity/outer3/final/original_gnn/s6637,a62d87e0e45f
activity/outer3/final/original_gnn/s7753,a62d87e0e45f
activity/outer3/final/original_gnn/s8867,a62d87e0e45f
activity/outer3/final/original_gnn/s9973,a62d87e0e45f
activity/outer3/final/original_no_message/s11027,a62d87e0e45f
activity/outer3/final/original_no_message/s1103,a62d87e0e45f
activity/outer3/final/original_no_message/s2207,a62d87e0e45f
activity/outer3/final/original_no_message/s3301,a62d87e0e45f
activity/outer3/final/original_no_message/s4409,a62d87e0e45f
activity/outer3/final/original_no_message/s5519,a62d87e0e45f
activity/outer3/final/original_no_message/s6637,a62d87e0e45f
activity/outer3/final/original_no_message/s7753,a62d87e0e45f
activity/outer3/final/original_no_message/s8867,a62d87e0e45f
activity/outer3/final/original_no_message/s9973,a62d87e0e45f
activity/outer3/final/pairwise_ridge/s0,a62d87e0e45f
activity/outer3/final/token_cnn/s11027,a62d87e0e45f
activity/outer3/final/token_cnn/s1103,a62d87e0e45f
activity/outer3/final/token_cnn/s2207,a62d87e0e45f
activity/outer3/final/token_cnn/s3301,a62d87e0e45f
activity/outer3/final/token_cnn/s4409,a62d87e0e45f
activity/outer3/final/token_cnn/s5519,a62d87e0e45f
activity/outer3/final/token_cnn/s6637,a62d87e0e45f
activity/outer3/final/token_cnn/s7753,a62d87e0e45f
activity/outer3/final/token_cnn/s8867,a62d87e0e45f
activity/outer3/final/token_cnn/s9973,a62d87e0e45f
activity/outer4/dev/chemistry_tree/i0/leaf2/s701,b4bfd536f04f
activity/outer4/dev/chemistry_tree/i0/leaf2/s907,b4bfd536f04f
activity/outer4/dev/chemistry_tree/i0/leaf8/s701,b4bfd536f04f
activity/outer4/dev/chemistry_tree/i0/leaf8/s907,b4bfd536f04f
activity/outer4/dev/chemistry_tree/i1/leaf2/s701,5932f57e4f97
activity/outer4/dev/chemistry_tree/i1/leaf2/s907,5932f57e4f97
activity/outer4/dev/chemistry_tree/i1/leaf8/s701,5932f57e4f97
activity/outer4/dev/chemistry_tree/i1/leaf8/s907,5932f57e4f97
activity/outer4/dev/chemistry_tree/i2/leaf2/s701,a62d87e0e45f
activity/outer4/dev/chemistry_tree/i2/leaf2/s907,a62d87e0e45f
activity/outer4/dev/chemistry_tree/i2/leaf8/s701,a62d87e0e45f
activity/outer4/dev/chemistry_tree/i2/leaf8/s907,a62d87e0e45f
activity/outer4/dev/corrected_gnn/i0/lr0.0001_wd0.0001/s701,b4bfd536f04f
activity/outer4/dev/corrected_gnn/i0/lr0.0001_wd0.0001/s907,b4bfd536f04f
activity/outer4/dev/corrected_gnn/i0/lr0.0001_wd1e-06/s701,b4bfd536f04f
activity/outer4/dev/corrected_gnn/i0/lr0.0001_wd1e-06/s907,b4bfd536f04f
activity/outer4/dev/corrected_gnn/i0/lr0.0003_wd0.0001/s701,b4bfd536f04f
activity/outer4/dev/corrected_gnn/i0/lr0.0003_wd0.0001/s907,b4bfd536f04f
activity/outer4/dev/corrected_gnn/i0/lr0.0003_wd1e-06/s701,b4bfd536f04f
activity/outer4/dev/corrected_gnn/i0/lr0.0003_wd1e-06/s907,b4bfd536f04f
activity/outer4/dev/corrected_gnn/i0/lr0.001_wd0.0001/s701,b4bfd536f04f
activity/outer4/dev/corrected_gnn/i0/lr0.001_wd0.0001/s907,b4bfd536f04f
activity/outer4/dev/corrected_gnn/i0/lr0.001_wd1e-06/s701,b4bfd536f04f
activity/outer4/dev/corrected_gnn/i0/lr0.001_wd1e-06/s907,b4bfd536f04f
activity/outer4/dev/corrected_gnn/i1/lr0.0001_wd0.0001/s701,5932f57e4f97
activity/outer4/dev/corrected_gnn/i1/lr0.0001_wd0.0001/s907,5932f57e4f97
activity/outer4/dev/corrected_gnn/i1/lr0.0001_wd1e-06/s701,5932f57e4f97
activity/outer4/dev/corrected_gnn/i1/lr0.0001_wd1e-06/s907,5932f57e4f97
activity/outer4/dev/corrected_gnn/i1/lr0.0003_wd0.0001/s701,5932f57e4f97
activity/outer4/dev/corrected_gnn/i1/lr0.0003_wd0.0001/s907,5932f57e4f97
activity/outer4/dev/corrected_gnn/i1/lr0.0003_wd1e-06/s701,5932f57e4f97
activity/outer4/dev/corrected_gnn/i1/lr0.0003_wd1e-06/s907,5932f57e4f97
activity/outer4/dev/corrected_gnn/i1/lr0.001_wd0.0001/s701,5932f57e4f97
activity/outer4/dev/corrected_gnn/i1/lr0.001_wd0.0001/s907,5932f57e4f97
activity/outer4/dev/corrected_gnn/i1/lr0.001_wd1e-06/s701,5932f57e4f97
activity/outer4/dev/corrected_gnn/i1/lr0.001_wd1e-06/s907,5932f57e4f97
activity/outer4/dev/corrected_gnn/i2/lr0.0001_wd0.0001/s701,a62d87e0e45f
activity/outer4/dev/corrected_gnn/i2/lr0.0001_wd0.0001/s907,a62d87e0e45f
activity/outer4/dev/corrected_gnn/i2/lr0.0001_wd1e-06/s701,a62d87e0e45f
activity/outer4/dev/corrected_gnn/i2/lr0.0001_wd1e-06/s907,a62d87e0e45f
activity/outer4/dev/corrected_gnn/i2/lr0.0003_wd0.0001/s701,a62d87e0e45f
activity/outer4/dev/corrected_gnn/i2/lr0.0003_wd0.0001/s907,a62d87e0e45f
activity/outer4/dev/corrected_gnn/i2/lr0.0003_wd1e-06/s701,a62d87e0e45f
activity/outer4/dev/corrected_gnn/i2/lr0.0003_wd1e-06/s907,a62d87e0e45f
activity/outer4/dev/corrected_gnn/i2/lr0.001_wd0.0001/s701,a62d87e0e45f
activity/outer4/dev/corrected_gnn/i2/lr0.001_wd0.0001/s907,a62d87e0e45f
activity/outer4/dev/corrected_gnn/i2/lr0.001_wd1e-06/s701,a62d87e0e45f
activity/outer4/dev/corrected_gnn/i2/lr0.001_wd1e-06/s907,a62d87e0e45f
activity/outer4/dev/corrected_no_message/i0/lr0.0001_wd0.0001/s701,b4bfd536f04f
activity/outer4/dev/corrected_no_message/i0/lr0.0001_wd0.0001/s907,b4bfd536f04f
activity/outer4/dev/corrected_no_message/i0/lr0.0001_wd1e-06/s701,b4bfd536f04f
activity/outer4/dev/corrected_no_message/i0/lr0.0001_wd1e-06/s907,b4bfd536f04f
activity/outer4/dev/corrected_no_message/i0/lr0.0003_wd0.0001/s701,b4bfd536f04f
activity/outer4/dev/corrected_no_message/i0/lr0.0003_wd0.0001/s907,b4bfd536f04f
activity/outer4/dev/corrected_no_message/i0/lr0.0003_wd1e-06/s701,b4bfd536f04f
activity/outer4/dev/corrected_no_message/i0/lr0.0003_wd1e-06/s907,b4bfd536f04f
activity/outer4/dev/corrected_no_message/i0/lr0.001_wd0.0001/s701,b4bfd536f04f
activity/outer4/dev/corrected_no_message/i0/lr0.001_wd0.0001/s907,b4bfd536f04f
activity/outer4/dev/corrected_no_message/i0/lr0.001_wd1e-06/s701,b4bfd536f04f
activity/outer4/dev/corrected_no_message/i0/lr0.001_wd1e-06/s907,b4bfd536f04f
activity/outer4/dev/corrected_no_message/i1/lr0.0001_wd0.0001/s701,5932f57e4f97
activity/outer4/dev/corrected_no_message/i1/lr0.0001_wd0.0001/s907,5932f57e4f97
activity/outer4/dev/corrected_no_message/i1/lr0.0001_wd1e-06/s701,5932f57e4f97
activity/outer4/dev/corrected_no_message/i1/lr0.0001_wd1e-06/s907,5932f57e4f97
activity/outer4/dev/corrected_no_message/i1/lr0.0003_wd0.0001/s701,5932f57e4f97
activity/outer4/dev/corrected_no_message/i1/lr0.0003_wd0.0001/s907,5932f57e4f97
activity/outer4/dev/corrected_no_message/i1/lr0.0003_wd1e-06/s701,5932f57e4f97
activity/outer4/dev/corrected_no_message/i1/lr0.0003_wd1e-06/s907,5932f57e4f97
activity/outer4/dev/corrected_no_message/i1/lr0.001_wd0.0001/s701,5932f57e4f97
activity/outer4/dev/corrected_no_message/i1/lr0.001_wd0.0001/s907,5932f57e4f97
activity/outer4/dev/corrected_no_message/i1/lr0.001_wd1e-06/s701,5932f57e4f97
activity/outer4/dev/corrected_no_message/i1/lr0.001_wd1e-06/s907,5932f57e4f97
activity/outer4/dev/corrected_no_message/i2/lr0.0001_wd0.0001/s701,a62d87e0e45f
activity/outer4/dev/corrected_no_message/i2/lr0.0001_wd0.0001/s907,a62d87e0e45f
activity/outer4/dev/corrected_no_message/i2/lr0.0001_wd1e-06/s701,a62d87e0e45f
activity/outer4/dev/corrected_no_message/i2/lr0.0001_wd1e-06/s907,a62d87e0e45f
activity/outer4/dev/corrected_no_message/i2/lr0.0003_wd0.0001/s701,a62d87e0e45f
activity/outer4/dev/corrected_no_message/i2/lr0.0003_wd0.0001/s907,a62d87e0e45f
activity/outer4/dev/corrected_no_message/i2/lr0.0003_wd1e-06/s701,a62d87e0e45f
activity/outer4/dev/corrected_no_message/i2/lr0.0003_wd1e-06/s907,a62d87e0e45f
activity/outer4/dev/corrected_no_message/i2/lr0.001_wd0.0001/s701,a62d87e0e45f
activity/outer4/dev/corrected_no_message/i2/lr0.001_wd0.0001/s907,a62d87e0e45f
activity/outer4/dev/corrected_no_message/i2/lr0.001_wd1e-06/s701,a62d87e0e45f
activity/outer4/dev/corrected_no_message/i2/lr0.001_wd1e-06/s907,a62d87e0e45f
activity/outer4/dev/guide_ridge/i0/alpha0.1/s0,b4bfd536f04f
activity/outer4/dev/guide_ridge/i0/alpha1/s0,b4bfd536f04f
activity/outer4/dev/guide_ridge/i0/alpha10/s0,b4bfd536f04f
activity/outer4/dev/guide_ridge/i1/alpha0.1/s0,5932f57e4f97
activity/outer4/dev/guide_ridge/i1/alpha1/s0,5932f57e4f97
activity/outer4/dev/guide_ridge/i1/alpha10/s0,5932f57e4f97
activity/outer4/dev/guide_ridge/i2/alpha0.1/s0,a62d87e0e45f
activity/outer4/dev/guide_ridge/i2/alpha1/s0,a62d87e0e45f
activity/outer4/dev/guide_ridge/i2/alpha10/s0,a62d87e0e45f
activity/outer4/dev/original_gnn/i0/lr0.0001_wd0.0001/s701,b4bfd536f04f
activity/outer4/dev/original_gnn/i0/lr0.0001_wd0.0001/s907,b4bfd536f04f
activity/outer4/dev/original_gnn/i0/lr0.0001_wd1e-06/s701,b4bfd536f04f
activity/outer4/dev/original_gnn/i0/lr0.0001_wd1e-06/s907,b4bfd536f04f
activity/outer4/dev/original_gnn/i0/lr0.0003_wd0.0001/s701,b4bfd536f04f
activity/outer4/dev/original_gnn/i0/lr0.0003_wd0.0001/s907,b4bfd536f04f
activity/outer4/dev/original_gnn/i0/lr0.0003_wd1e-06/s701,b4bfd536f04f
activity/outer4/dev/original_gnn/i0/lr0.0003_wd1e-06/s907,b4bfd536f04f
activity/outer4/dev/original_gnn/i0/lr0.001_wd0.0001/s701,b4bfd536f04f
activity/outer4/dev/original_gnn/i0/lr0.001_wd0.0001/s907,b4bfd536f04f
activity/outer4/dev/original_gnn/i0/lr0.001_wd1e-06/s701,b4bfd536f04f
activity/outer4/dev/original_gnn/i0/lr0.001_wd1e-06/s907,b4bfd536f04f
activity/outer4/dev/original_gnn/i1/lr0.0001_wd0.0001/s701,5932f57e4f97
activity/outer4/dev/original_gnn/i1/lr0.0001_wd0.0001/s907,5932f57e4f97
activity/outer4/dev/original_gnn/i1/lr0.0001_wd1e-06/s701,5932f57e4f97
activity/outer4/dev/original_gnn/i1/lr0.0001_wd1e-06/s907,5932f57e4f97
activity/outer4/dev/original_gnn/i1/lr0.0003_wd0.0001/s701,5932f57e4f97
activity/outer4/dev/original_gnn/i1/lr0.0003_wd0.0001/s907,5932f57e4f97
activity/outer4/dev/original_gnn/i1/lr0.0003_wd1e-06/s701,5932f57e4f97
activity/outer4/dev/original_gnn/i1/lr0.0003_wd1e-06/s907,5932f57e4f97
activity/outer4/dev/original_gnn/i1/lr0.001_wd0.0001/s701,5932f57e4f97
activity/outer4/dev/original_gnn/i1/lr0.001_wd0.0001/s907,5932f57e4f97
activity/outer4/dev/original_gnn/i1/lr0.001_wd1e-06/s701,5932f57e4f97
activity/outer4/dev/original_gnn/i1/lr0.001_wd1e-06/s907,5932f57e4f97
activity/outer4/dev/original_gnn/i2/lr0.0001_wd0.0001/s701,a62d87e0e45f
activity/outer4/dev/original_gnn/i2/lr0.0001_wd0.0001/s907,a62d87e0e45f
activity/outer4/dev/original_gnn/i2/lr0.0001_wd1e-06/s701,a62d87e0e45f
activity/outer4/dev/original_gnn/i2/lr0.0001_wd1e-06/s907,a62d87e0e45f
activity/outer4/dev/original_gnn/i2/lr0.0003_wd0.0001/s701,a62d87e0e45f
activity/outer4/dev/original_gnn/i2/lr0.0003_wd0.0001/s907,a62d87e0e45f
activity/outer4/dev/original_gnn/i2/lr0.0003_wd1e-06/s701,a62d87e0e45f
activity/outer4/dev/original_gnn/i2/lr0.0003_wd1e-06/s907,a62d87e0e45f
activity/outer4/dev/original_gnn/i2/lr0.001_wd0.0001/s701,a62d87e0e45f
activity/outer4/dev/original_gnn/i2/lr0.001_wd0.0001/s907,a62d87e0e45f
activity/outer4/dev/original_gnn/i2/lr0.001_wd1e-06/s701,a62d87e0e45f
activity/outer4/dev/original_gnn/i2/lr0.001_wd1e-06/s907,a62d87e0e45f
activity/outer4/dev/original_no_message/i0/lr0.0001_wd0.0001/s701,b4bfd536f04f
activity/outer4/dev/original_no_message/i0/lr0.0001_wd0.0001/s907,b4bfd536f04f
activity/outer4/dev/original_no_message/i0/lr0.0001_wd1e-06/s701,b4bfd536f04f
activity/outer4/dev/original_no_message/i0/lr0.0001_wd1e-06/s907,b4bfd536f04f
activity/outer4/dev/original_no_message/i0/lr0.0003_wd0.0001/s701,b4bfd536f04f
activity/outer4/dev/original_no_message/i0/lr0.0003_wd0.0001/s907,b4bfd536f04f
activity/outer4/dev/original_no_message/i0/lr0.0003_wd1e-06/s701,b4bfd536f04f
activity/outer4/dev/original_no_message/i0/lr0.0003_wd1e-06/s907,b4bfd536f04f
activity/outer4/dev/original_no_message/i0/lr0.001_wd0.0001/s701,b4bfd536f04f
activity/outer4/dev/original_no_message/i0/lr0.001_wd0.0001/s907,b4bfd536f04f
activity/outer4/dev/original_no_message/i0/lr0.001_wd1e-06/s701,b4bfd536f04f
activity/outer4/dev/original_no_message/i0/lr0.001_wd1e-06/s907,b4bfd536f04f
activity/outer4/dev/original_no_message/i1/lr0.0001_wd0.0001/s701,5932f57e4f97
activity/outer4/dev/original_no_message/i1/lr0.0001_wd0.0001/s907,5932f57e4f97
activity/outer4/dev/original_no_message/i1/lr0.0001_wd1e-06/s701,5932f57e4f97
activity/outer4/dev/original_no_message/i1/lr0.0001_wd1e-06/s907,5932f57e4f97
activity/outer4/dev/original_no_message/i1/lr0.0003_wd0.0001/s701,5932f57e4f97
activity/outer4/dev/original_no_message/i1/lr0.0003_wd0.0001/s907,5932f57e4f97
activity/outer4/dev/original_no_message/i1/lr0.0003_wd1e-06/s701,5932f57e4f97
activity/outer4/dev/original_no_message/i1/lr0.0003_wd1e-06/s907,5932f57e4f97
activity/outer4/dev/original_no_message/i1/lr0.001_wd0.0001/s701,5932f57e4f97
activity/outer4/dev/original_no_message/i1/lr0.001_wd0.0001/s907,5932f57e4f97
activity/outer4/dev/original_no_message/i1/lr0.001_wd1e-06/s701,5932f57e4f97
activity/outer4/dev/original_no_message/i1/lr0.001_wd1e-06/s907,5932f57e4f97
activity/outer4/dev/original_no_message/i2/lr0.0001_wd0.0001/s701,a62d87e0e45f
activity/outer4/dev/original_no_message/i2/lr0.0001_wd0.0001/s907,a62d87e0e45f
activity/outer4/dev/original_no_message/i2/lr0.0001_wd1e-06/s701,a62d87e0e45f
activity/outer4/dev/original_no_message/i2/lr0.0001_wd1e-06/s907,a62d87e0e45f
activity/outer4/dev/original_no_message/i2/lr0.0003_wd0.0001/s701,a62d87e0e45f
activity/outer4/dev/original_no_message/i2/lr0.0003_wd0.0001/s907,a62d87e0e45f
activity/outer4/dev/original_no_message/i2/lr0.0003_wd1e-06/s701,a62d87e0e45f
activity/outer4/dev/original_no_message/i2/lr0.0003_wd1e-06/s907,a62d87e0e45f
activity/outer4/dev/original_no_message/i2/lr0.001_wd0.0001/s701,a62d87e0e45f
activity/outer4/dev/original_no_message/i2/lr0.001_wd0.0001/s907,a62d87e0e45f
activity/outer4/dev/original_no_message/i2/lr0.001_wd1e-06/s701,a62d87e0e45f
activity/outer4/dev/original_no_message/i2/lr0.001_wd1e-06/s907,a62d87e0e45f
activity/outer4/dev/pairwise_ridge/i0/alpha0.1/s0,b4bfd536f04f
activity/outer4/dev/pairwise_ridge/i0/alpha1/s0,b4bfd536f04f
activity/outer4/dev/pairwise_ridge/i0/alpha10/s0,b4bfd536f04f
activity/outer4/dev/pairwise_ridge/i1/alpha0.1/s0,5932f57e4f97
activity/outer4/dev/pairwise_ridge/i1/alpha1/s0,5932f57e4f97
activity/outer4/dev/pairwise_ridge/i1/alpha10/s0,5932f57e4f97
activity/outer4/dev/pairwise_ridge/i2/alpha0.1/s0,a62d87e0e45f
activity/outer4/dev/pairwise_ridge/i2/alpha1/s0,a62d87e0e45f
activity/outer4/dev/pairwise_ridge/i2/alpha10/s0,a62d87e0e45f
activity/outer4/dev/token_cnn/i0/lr0.0001_wd0.0001/s701,b4bfd536f04f
activity/outer4/dev/token_cnn/i0/lr0.0001_wd0.0001/s907,b4bfd536f04f
activity/outer4/dev/token_cnn/i0/lr0.0001_wd1e-06/s701,b4bfd536f04f
activity/outer4/dev/token_cnn/i0/lr0.0001_wd1e-06/s907,b4bfd536f04f
activity/outer4/dev/token_cnn/i0/lr0.0003_wd0.0001/s701,b4bfd536f04f
activity/outer4/dev/token_cnn/i0/lr0.0003_wd0.0001/s907,b4bfd536f04f
activity/outer4/dev/token_cnn/i0/lr0.0003_wd1e-06/s701,b4bfd536f04f
activity/outer4/dev/token_cnn/i0/lr0.0003_wd1e-06/s907,b4bfd536f04f
activity/outer4/dev/token_cnn/i0/lr0.001_wd0.0001/s701,b4bfd536f04f
activity/outer4/dev/token_cnn/i0/lr0.001_wd0.0001/s907,b4bfd536f04f
activity/outer4/dev/token_cnn/i0/lr0.001_wd1e-06/s701,b4bfd536f04f
activity/outer4/dev/token_cnn/i0/lr0.001_wd1e-06/s907,b4bfd536f04f
activity/outer4/dev/token_cnn/i1/lr0.0001_wd0.0001/s701,5932f57e4f97
activity/outer4/dev/token_cnn/i1/lr0.0001_wd0.0001/s907,5932f57e4f97
activity/outer4/dev/token_cnn/i1/lr0.0001_wd1e-06/s701,5932f57e4f97
activity/outer4/dev/token_cnn/i1/lr0.0001_wd1e-06/s907,5932f57e4f97
activity/outer4/dev/token_cnn/i1/lr0.0003_wd0.0001/s701,5932f57e4f97
activity/outer4/dev/token_cnn/i1/lr0.0003_wd0.0001/s907,5932f57e4f97
activity/outer4/dev/token_cnn/i1/lr0.0003_wd1e-06/s701,5932f57e4f97
activity/outer4/dev/token_cnn/i1/lr0.0003_wd1e-06/s907,5932f57e4f97
activity/outer4/dev/token_cnn/i1/lr0.001_wd0.0001/s701,5932f57e4f97
activity/outer4/dev/token_cnn/i1/lr0.001_wd0.0001/s907,5932f57e4f97
activity/outer4/dev/token_cnn/i1/lr0.001_wd1e-06/s701,5932f57e4f97
activity/outer4/dev/token_cnn/i1/lr0.001_wd1e-06/s907,5932f57e4f97
activity/outer4/dev/token_cnn/i2/lr0.0001_wd0.0001/s701,a62d87e0e45f
activity/outer4/dev/token_cnn/i2/lr0.0001_wd0.0001/s907,a62d87e0e45f
activity/outer4/dev/token_cnn/i2/lr0.0001_wd1e-06/s701,a62d87e0e45f
activity/outer4/dev/token_cnn/i2/lr0.0001_wd1e-06/s907,a62d87e0e45f
activity/outer4/dev/token_cnn/i2/lr0.0003_wd0.0001/s701,a62d87e0e45f
activity/outer4/dev/token_cnn/i2/lr0.0003_wd0.0001/s907,a62d87e0e45f
activity/outer4/dev/token_cnn/i2/lr0.0003_wd1e-06/s701,a62d87e0e45f
activity/outer4/dev/token_cnn/i2/lr0.0003_wd1e-06/s907,a62d87e0e45f
activity/outer4/dev/token_cnn/i2/lr0.001_wd0.0001/s701,a62d87e0e45f
activity/outer4/dev/token_cnn/i2/lr0.001_wd0.0001/s907,a62d87e0e45f
activity/outer4/dev/token_cnn/i2/lr0.001_wd1e-06/s701,a62d87e0e45f
activity/outer4/dev/token_cnn/i2/lr0.001_wd1e-06/s907,a62d87e0e45f
activity/outer4/final/chemistry_tree/s11027,a62d87e0e45f
activity/outer4/final/chemistry_tree/s1103,a62d87e0e45f
activity/outer4/final/chemistry_tree/s2207,a62d87e0e45f
activity/outer4/final/chemistry_tree/s3301,a62d87e0e45f
activity/outer4/final/chemistry_tree/s4409,a62d87e0e45f
activity/outer4/final/chemistry_tree/s5519,a62d87e0e45f
activity/outer4/final/chemistry_tree/s6637,a62d87e0e45f
activity/outer4/final/chemistry_tree/s7753,a62d87e0e45f
activity/outer4/final/chemistry_tree/s8867,a62d87e0e45f
activity/outer4/final/chemistry_tree/s9973,a62d87e0e45f
activity/outer4/final/corrected_gnn/s11027,a62d87e0e45f
activity/outer4/final/corrected_gnn/s1103,a62d87e0e45f
activity/outer4/final/corrected_gnn/s2207,a62d87e0e45f
activity/outer4/final/corrected_gnn/s3301,a62d87e0e45f
activity/outer4/final/corrected_gnn/s4409,a62d87e0e45f
activity/outer4/final/corrected_gnn/s5519,a62d87e0e45f
activity/outer4/final/corrected_gnn/s6637,a62d87e0e45f
activity/outer4/final/corrected_gnn/s7753,a62d87e0e45f
activity/outer4/final/corrected_gnn/s8867,a62d87e0e45f
activity/outer4/final/corrected_gnn/s9973,a62d87e0e45f
activity/outer4/final/corrected_no_message/s11027,a62d87e0e45f
activity/outer4/final/corrected_no_message/s1103,a62d87e0e45f
activity/outer4/final/corrected_no_message/s2207,a62d87e0e45f
activity/outer4/final/corrected_no_message/s3301,a62d87e0e45f
activity/outer4/final/corrected_no_message/s4409,a62d87e0e45f
activity/outer4/final/corrected_no_message/s5519,a62d87e0e45f
activity/outer4/final/corrected_no_message/s6637,a62d87e0e45f
activity/outer4/final/corrected_no_message/s7753,a62d87e0e45f
activity/outer4/final/corrected_no_message/s8867,a62d87e0e45f
activity/outer4/final/corrected_no_message/s9973,a62d87e0e45f
activity/outer4/final/guide_ridge/s0,a62d87e0e45f
activity/outer4/final/original_gnn/s11027,a62d87e0e45f
activity/outer4/final/original_gnn/s1103,a62d87e0e45f
activity/outer4/final/original_gnn/s2207,a62d87e0e45f
activity/outer4/final/original_gnn/s3301,a62d87e0e45f
activity/outer4/final/original_gnn/s4409,a62d87e0e45f
activity/outer4/final/original_gnn/s5519,a62d87e0e45f
activity/outer4/final/original_gnn/s6637,a62d87e0e45f
activity/outer4/final/original_gnn/s7753,a62d87e0e45f
activity/outer4/final/original_gnn/s8867,a62d87e0e45f
activity/outer4/final/original_gnn/s9973,a62d87e0e45f
activity/outer4/final/original_no_message/s11027,a62d87e0e45f
activity/outer4/final/original_no_message/s1103,a62d87e0e45f
activity/outer4/final/original_no_message/s2207,a62d87e0e45f
activity/outer4/final/original_no_message/s3301,a62d87e0e45f
activity/outer4/final/original_no_message/s4409,a62d87e0e45f
activity/outer4/final/original_no_message/s5519,a62d87e0e45f
activity/outer4/final/original_no_message/s6637,a62d87e0e45f
activity/outer4/final/original_no_message/s7753,a62d87e0e45f
activity/outer4/final/original_no_message/s8867,a62d87e0e45f
activity/outer4/final/original_no_message/s9973,a62d87e0e45f
activity/outer4/final/pairwise_ridge/s0,a62d87e0e45f
activity/outer4/final/token_cnn/s11027,a62d87e0e45f
activity/outer4/final/token_cnn/s1103,a62d87e0e45f
activity/outer4/final/token_cnn/s2207,a62d87e0e45f
activity/outer4/final/token_cnn/s3301,a62d87e0e45f
activity/outer4/final/token_cnn/s4409,a62d87e0e45f
activity/outer4/final/token_cnn/s5519,a62d87e0e45f
activity/outer4/final/token_cnn/s6637,a62d87e0e45f
activity/outer4/final/token_cnn/s7753,a62d87e0e45f
activity/outer4/final/token_cnn/s8867,a62d87e0e45f
activity/outer4/final/token_cnn/s9973,a62d87e0e45f
pair/b2outer0/activity_dev/corrected_gnn/i0/lr0.0001_wd0.0001/s701,d18682ba5419
pair/b2outer0/activity_dev/corrected_gnn/i0/lr0.0001_wd0.0001/s907,d18682ba5419
pair/b2outer0/activity_dev/corrected_gnn/i0/lr0.0001_wd1e-06/s701,d18682ba5419
pair/b2outer0/activity_dev/corrected_gnn/i0/lr0.0001_wd1e-06/s907,d18682ba5419
pair/b2outer0/activity_dev/corrected_gnn/i0/lr0.0003_wd0.0001/s701,d18682ba5419
pair/b2outer0/activity_dev/corrected_gnn/i0/lr0.0003_wd0.0001/s907,d18682ba5419
pair/b2outer0/activity_dev/corrected_gnn/i0/lr0.0003_wd1e-06/s701,d18682ba5419
pair/b2outer0/activity_dev/corrected_gnn/i0/lr0.0003_wd1e-06/s907,d18682ba5419
pair/b2outer0/activity_dev/corrected_gnn/i0/lr0.001_wd0.0001/s701,d18682ba5419
pair/b2outer0/activity_dev/corrected_gnn/i0/lr0.001_wd0.0001/s907,d18682ba5419
pair/b2outer0/activity_dev/corrected_gnn/i0/lr0.001_wd1e-06/s701,d18682ba5419
pair/b2outer0/activity_dev/corrected_gnn/i0/lr0.001_wd1e-06/s907,d18682ba5419
pair/b2outer0/activity_dev/corrected_gnn/i1/lr0.0001_wd0.0001/s701,9e2b10c35d6d
pair/b2outer0/activity_dev/corrected_gnn/i1/lr0.0001_wd0.0001/s907,9e2b10c35d6d
pair/b2outer0/activity_dev/corrected_gnn/i1/lr0.0001_wd1e-06/s701,9e2b10c35d6d
pair/b2outer0/activity_dev/corrected_gnn/i1/lr0.0001_wd1e-06/s907,9e2b10c35d6d
pair/b2outer0/activity_dev/corrected_gnn/i1/lr0.0003_wd0.0001/s701,9e2b10c35d6d
pair/b2outer0/activity_dev/corrected_gnn/i1/lr0.0003_wd0.0001/s907,9e2b10c35d6d
pair/b2outer0/activity_dev/corrected_gnn/i1/lr0.0003_wd1e-06/s701,9e2b10c35d6d
pair/b2outer0/activity_dev/corrected_gnn/i1/lr0.0003_wd1e-06/s907,9e2b10c35d6d
pair/b2outer0/activity_dev/corrected_gnn/i1/lr0.001_wd0.0001/s701,9e2b10c35d6d
pair/b2outer0/activity_dev/corrected_gnn/i1/lr0.001_wd0.0001/s907,9e2b10c35d6d
pair/b2outer0/activity_dev/corrected_gnn/i1/lr0.001_wd1e-06/s701,9e2b10c35d6d
pair/b2outer0/activity_dev/corrected_gnn/i1/lr0.001_wd1e-06/s907,9e2b10c35d6d
pair/b2outer0/activity_dev/corrected_gnn/i2/lr0.0001_wd0.0001/s701,e245a445a0b9
pair/b2outer0/activity_dev/corrected_gnn/i2/lr0.0001_wd0.0001/s907,e245a445a0b9
pair/b2outer0/activity_dev/corrected_gnn/i2/lr0.0001_wd1e-06/s701,e245a445a0b9
pair/b2outer0/activity_dev/corrected_gnn/i2/lr0.0001_wd1e-06/s907,e245a445a0b9
pair/b2outer0/activity_dev/corrected_gnn/i2/lr0.0003_wd0.0001/s701,e245a445a0b9
pair/b2outer0/activity_dev/corrected_gnn/i2/lr0.0003_wd0.0001/s907,e245a445a0b9
pair/b2outer0/activity_dev/corrected_gnn/i2/lr0.0003_wd1e-06/s701,e245a445a0b9
pair/b2outer0/activity_dev/corrected_gnn/i2/lr0.0003_wd1e-06/s907,e245a445a0b9
pair/b2outer0/activity_dev/corrected_gnn/i2/lr0.001_wd0.0001/s701,e245a445a0b9
pair/b2outer0/activity_dev/corrected_gnn/i2/lr0.001_wd0.0001/s907,e245a445a0b9
pair/b2outer0/activity_dev/corrected_gnn/i2/lr0.001_wd1e-06/s701,e245a445a0b9
pair/b2outer0/activity_dev/corrected_gnn/i2/lr0.001_wd1e-06/s907,e245a445a0b9
pair/b2outer0/activity_dev/corrected_no_message/i0/lr0.0001_wd0.0001/s701,d18682ba5419
pair/b2outer0/activity_dev/corrected_no_message/i0/lr0.0001_wd0.0001/s907,d18682ba5419
pair/b2outer0/activity_dev/corrected_no_message/i0/lr0.0001_wd1e-06/s701,d18682ba5419
pair/b2outer0/activity_dev/corrected_no_message/i0/lr0.0001_wd1e-06/s907,d18682ba5419
pair/b2outer0/activity_dev/corrected_no_message/i0/lr0.0003_wd0.0001/s701,d18682ba5419
pair/b2outer0/activity_dev/corrected_no_message/i0/lr0.0003_wd0.0001/s907,d18682ba5419
pair/b2outer0/activity_dev/corrected_no_message/i0/lr0.0003_wd1e-06/s701,d18682ba5419
pair/b2outer0/activity_dev/corrected_no_message/i0/lr0.0003_wd1e-06/s907,d18682ba5419
pair/b2outer0/activity_dev/corrected_no_message/i0/lr0.001_wd0.0001/s701,d18682ba5419
pair/b2outer0/activity_dev/corrected_no_message/i0/lr0.001_wd0.0001/s907,d18682ba5419
pair/b2outer0/activity_dev/corrected_no_message/i0/lr0.001_wd1e-06/s701,d18682ba5419
pair/b2outer0/activity_dev/corrected_no_message/i0/lr0.001_wd1e-06/s907,d18682ba5419
pair/b2outer0/activity_dev/corrected_no_message/i1/lr0.0001_wd0.0001/s701,9e2b10c35d6d
pair/b2outer0/activity_dev/corrected_no_message/i1/lr0.0001_wd0.0001/s907,9e2b10c35d6d
pair/b2outer0/activity_dev/corrected_no_message/i1/lr0.0001_wd1e-06/s701,9e2b10c35d6d
pair/b2outer0/activity_dev/corrected_no_message/i1/lr0.0001_wd1e-06/s907,9e2b10c35d6d
pair/b2outer0/activity_dev/corrected_no_message/i1/lr0.0003_wd0.0001/s701,9e2b10c35d6d
pair/b2outer0/activity_dev/corrected_no_message/i1/lr0.0003_wd0.0001/s907,9e2b10c35d6d
pair/b2outer0/activity_dev/corrected_no_message/i1/lr0.0003_wd1e-06/s701,9e2b10c35d6d
pair/b2outer0/activity_dev/corrected_no_message/i1/lr0.0003_wd1e-06/s907,9e2b10c35d6d
pair/b2outer0/activity_dev/corrected_no_message/i1/lr0.001_wd0.0001/s701,9e2b10c35d6d
pair/b2outer0/activity_dev/corrected_no_message/i1/lr0.001_wd0.0001/s907,9e2b10c35d6d
pair/b2outer0/activity_dev/corrected_no_message/i1/lr0.001_wd1e-06/s701,9e2b10c35d6d
pair/b2outer0/activity_dev/corrected_no_message/i1/lr0.001_wd1e-06/s907,9e2b10c35d6d
pair/b2outer0/activity_dev/corrected_no_message/i2/lr0.0001_wd0.0001/s701,e245a445a0b9
pair/b2outer0/activity_dev/corrected_no_message/i2/lr0.0001_wd0.0001/s907,e245a445a0b9
pair/b2outer0/activity_dev/corrected_no_message/i2/lr0.0001_wd1e-06/s701,e245a445a0b9
pair/b2outer0/activity_dev/corrected_no_message/i2/lr0.0001_wd1e-06/s907,e245a445a0b9
pair/b2outer0/activity_dev/corrected_no_message/i2/lr0.0003_wd0.0001/s701,e245a445a0b9
pair/b2outer0/activity_dev/corrected_no_message/i2/lr0.0003_wd0.0001/s907,e245a445a0b9
pair/b2outer0/activity_dev/corrected_no_message/i2/lr0.0003_wd1e-06/s701,e245a445a0b9
pair/b2outer0/activity_dev/corrected_no_message/i2/lr0.0003_wd1e-06/s907,e245a445a0b9
pair/b2outer0/activity_dev/corrected_no_message/i2/lr0.001_wd0.0001/s701,e245a445a0b9
pair/b2outer0/activity_dev/corrected_no_message/i2/lr0.001_wd0.0001/s907,e245a445a0b9
pair/b2outer0/activity_dev/corrected_no_message/i2/lr0.001_wd1e-06/s701,e245a445a0b9
pair/b2outer0/activity_dev/corrected_no_message/i2/lr0.001_wd1e-06/s907,e245a445a0b9
pair/b2outer0/final/activity_gnn/s11027,9e2b10c35d6d
pair/b2outer0/final/activity_gnn/s1103,9e2b10c35d6d
pair/b2outer0/final/activity_gnn/s2207,9e2b10c35d6d
pair/b2outer0/final/activity_gnn/s3301,9e2b10c35d6d
pair/b2outer0/final/activity_gnn/s4409,9e2b10c35d6d
pair/b2outer0/final/activity_gnn/s5519,9e2b10c35d6d
pair/b2outer0/final/activity_gnn/s6637,9e2b10c35d6d
pair/b2outer0/final/activity_gnn/s7753,9e2b10c35d6d
pair/b2outer0/final/activity_gnn/s8867,9e2b10c35d6d
pair/b2outer0/final/activity_gnn/s9973,9e2b10c35d6d
pair/b2outer0/final/pair_gnn/s11027,9e2b10c35d6d
pair/b2outer0/final/pair_gnn/s1103,9e2b10c35d6d
pair/b2outer0/final/pair_gnn/s2207,9e2b10c35d6d
pair/b2outer0/final/pair_gnn/s3301,9e2b10c35d6d
pair/b2outer0/final/pair_gnn/s4409,9e2b10c35d6d
pair/b2outer0/final/pair_gnn/s5519,9e2b10c35d6d
pair/b2outer0/final/pair_gnn/s6637,9e2b10c35d6d
pair/b2outer0/final/pair_gnn/s7753,9e2b10c35d6d
pair/b2outer0/final/pair_gnn/s8867,9e2b10c35d6d
pair/b2outer0/final/pair_gnn/s9973,9e2b10c35d6d
pair/b2outer0/final/pair_no_message/s11027,9e2b10c35d6d
pair/b2outer0/final/pair_no_message/s1103,9e2b10c35d6d
pair/b2outer0/final/pair_no_message/s2207,9e2b10c35d6d
pair/b2outer0/final/pair_no_message/s3301,9e2b10c35d6d
pair/b2outer0/final/pair_no_message/s4409,9e2b10c35d6d
pair/b2outer0/final/pair_no_message/s5519,9e2b10c35d6d
pair/b2outer0/final/pair_no_message/s6637,9e2b10c35d6d
pair/b2outer0/final/pair_no_message/s7753,9e2b10c35d6d
pair/b2outer0/final/pair_no_message/s8867,9e2b10c35d6d
pair/b2outer0/final/pair_no_message/s9973,9e2b10c35d6d
pair/b2outer0/final/pair_ridge,9e2b10c35d6d
pair/b2outer0/final/pair_tree/s11027,9e2b10c35d6d
pair/b2outer0/final/pair_tree/s1103,9e2b10c35d6d
pair/b2outer0/final/pair_tree/s2207,9e2b10c35d6d
pair/b2outer0/final/pair_tree/s3301,9e2b10c35d6d
pair/b2outer0/final/pair_tree/s4409,9e2b10c35d6d
pair/b2outer0/final/pair_tree/s5519,9e2b10c35d6d
pair/b2outer0/final/pair_tree/s6637,9e2b10c35d6d
pair/b2outer0/final/pair_tree/s7753,9e2b10c35d6d
pair/b2outer0/final/pair_tree/s8867,9e2b10c35d6d
pair/b2outer0/final/pair_tree/s9973,9e2b10c35d6d
pair/b2outer0/pair_dev/corrected_gnn/i0/l0.1/s701,d18682ba5419
pair/b2outer0/pair_dev/corrected_gnn/i0/l0.1/s907,d18682ba5419
pair/b2outer0/pair_dev/corrected_gnn/i0/l1/s701,d18682ba5419
pair/b2outer0/pair_dev/corrected_gnn/i0/l1/s907,d18682ba5419
pair/b2outer0/pair_dev/corrected_gnn/i0/l10/s701,d18682ba5419
pair/b2outer0/pair_dev/corrected_gnn/i0/l10/s907,d18682ba5419
pair/b2outer0/pair_dev/corrected_gnn/i1/l0.1/s701,9e2b10c35d6d
pair/b2outer0/pair_dev/corrected_gnn/i1/l0.1/s907,9e2b10c35d6d
pair/b2outer0/pair_dev/corrected_gnn/i1/l1/s701,9e2b10c35d6d
pair/b2outer0/pair_dev/corrected_gnn/i1/l1/s907,9e2b10c35d6d
pair/b2outer0/pair_dev/corrected_gnn/i1/l10/s701,9e2b10c35d6d
pair/b2outer0/pair_dev/corrected_gnn/i1/l10/s907,9e2b10c35d6d
pair/b2outer0/pair_dev/corrected_gnn/i2/l0.1/s701,e245a445a0b9
pair/b2outer0/pair_dev/corrected_gnn/i2/l0.1/s907,e245a445a0b9
pair/b2outer0/pair_dev/corrected_gnn/i2/l1/s701,e245a445a0b9
pair/b2outer0/pair_dev/corrected_gnn/i2/l1/s907,e245a445a0b9
pair/b2outer0/pair_dev/corrected_gnn/i2/l10/s701,e245a445a0b9
pair/b2outer0/pair_dev/corrected_gnn/i2/l10/s907,e245a445a0b9
pair/b2outer0/pair_dev/corrected_no_message/i0/l0.1/s701,d18682ba5419
pair/b2outer0/pair_dev/corrected_no_message/i0/l0.1/s907,d18682ba5419
pair/b2outer0/pair_dev/corrected_no_message/i0/l1/s701,d18682ba5419
pair/b2outer0/pair_dev/corrected_no_message/i0/l1/s907,d18682ba5419
pair/b2outer0/pair_dev/corrected_no_message/i0/l10/s701,d18682ba5419
pair/b2outer0/pair_dev/corrected_no_message/i0/l10/s907,d18682ba5419
pair/b2outer0/pair_dev/corrected_no_message/i1/l0.1/s701,9e2b10c35d6d
pair/b2outer0/pair_dev/corrected_no_message/i1/l0.1/s907,9e2b10c35d6d
pair/b2outer0/pair_dev/corrected_no_message/i1/l1/s701,9e2b10c35d6d
pair/b2outer0/pair_dev/corrected_no_message/i1/l1/s907,9e2b10c35d6d
pair/b2outer0/pair_dev/corrected_no_message/i1/l10/s701,9e2b10c35d6d
pair/b2outer0/pair_dev/corrected_no_message/i1/l10/s907,9e2b10c35d6d
pair/b2outer0/pair_dev/corrected_no_message/i2/l0.1/s701,e245a445a0b9
pair/b2outer0/pair_dev/corrected_no_message/i2/l0.1/s907,e245a445a0b9
pair/b2outer0/pair_dev/corrected_no_message/i2/l1/s701,e245a445a0b9
pair/b2outer0/pair_dev/corrected_no_message/i2/l1/s907,e245a445a0b9
pair/b2outer0/pair_dev/corrected_no_message/i2/l10/s701,e245a445a0b9
pair/b2outer0/pair_dev/corrected_no_message/i2/l10/s907,e245a445a0b9
pair/b2outer0/ridge_dev/i0/alpha0.1,d18682ba5419
pair/b2outer0/ridge_dev/i0/alpha1,d18682ba5419
pair/b2outer0/ridge_dev/i0/alpha10,d18682ba5419
pair/b2outer0/ridge_dev/i1/alpha0.1,9e2b10c35d6d
pair/b2outer0/ridge_dev/i1/alpha1,9e2b10c35d6d
pair/b2outer0/ridge_dev/i1/alpha10,9e2b10c35d6d
pair/b2outer0/ridge_dev/i2/alpha0.1,e245a445a0b9
pair/b2outer0/ridge_dev/i2/alpha1,e245a445a0b9
pair/b2outer0/ridge_dev/i2/alpha10,e245a445a0b9
pair/b2outer0/tree_dev/i0/leaf2/s701,d18682ba5419
pair/b2outer0/tree_dev/i0/leaf2/s907,d18682ba5419
pair/b2outer0/tree_dev/i0/leaf8/s701,d18682ba5419
pair/b2outer0/tree_dev/i0/leaf8/s907,d18682ba5419
pair/b2outer0/tree_dev/i1/leaf2/s701,9e2b10c35d6d
pair/b2outer0/tree_dev/i1/leaf2/s907,9e2b10c35d6d
pair/b2outer0/tree_dev/i1/leaf8/s701,9e2b10c35d6d
pair/b2outer0/tree_dev/i1/leaf8/s907,9e2b10c35d6d
pair/b2outer0/tree_dev/i2/leaf2/s701,e245a445a0b9
pair/b2outer0/tree_dev/i2/leaf2/s907,e245a445a0b9
pair/b2outer0/tree_dev/i2/leaf8/s701,e245a445a0b9
pair/b2outer0/tree_dev/i2/leaf8/s907,e245a445a0b9
pair/b2outer1/activity_dev/corrected_gnn/i0/lr0.0001_wd0.0001/s701,6be235bf1da7
pair/b2outer1/activity_dev/corrected_gnn/i0/lr0.0001_wd0.0001/s907,6be235bf1da7
pair/b2outer1/activity_dev/corrected_gnn/i0/lr0.0001_wd1e-06/s701,6be235bf1da7
pair/b2outer1/activity_dev/corrected_gnn/i0/lr0.0001_wd1e-06/s907,6be235bf1da7
pair/b2outer1/activity_dev/corrected_gnn/i0/lr0.0003_wd0.0001/s701,6be235bf1da7
pair/b2outer1/activity_dev/corrected_gnn/i0/lr0.0003_wd0.0001/s907,6be235bf1da7
pair/b2outer1/activity_dev/corrected_gnn/i0/lr0.0003_wd1e-06/s701,6be235bf1da7
pair/b2outer1/activity_dev/corrected_gnn/i0/lr0.0003_wd1e-06/s907,6be235bf1da7
pair/b2outer1/activity_dev/corrected_gnn/i0/lr0.001_wd0.0001/s701,6be235bf1da7
pair/b2outer1/activity_dev/corrected_gnn/i0/lr0.001_wd0.0001/s907,6be235bf1da7
pair/b2outer1/activity_dev/corrected_gnn/i0/lr0.001_wd1e-06/s701,6be235bf1da7
pair/b2outer1/activity_dev/corrected_gnn/i0/lr0.001_wd1e-06/s907,6be235bf1da7
pair/b2outer1/activity_dev/corrected_gnn/i1/lr0.0001_wd0.0001/s701,df6382401159
pair/b2outer1/activity_dev/corrected_gnn/i1/lr0.0001_wd0.0001/s907,df6382401159
pair/b2outer1/activity_dev/corrected_gnn/i1/lr0.0001_wd1e-06/s701,df6382401159
pair/b2outer1/activity_dev/corrected_gnn/i1/lr0.0001_wd1e-06/s907,df6382401159
pair/b2outer1/activity_dev/corrected_gnn/i1/lr0.0003_wd0.0001/s701,df6382401159
pair/b2outer1/activity_dev/corrected_gnn/i1/lr0.0003_wd0.0001/s907,df6382401159
pair/b2outer1/activity_dev/corrected_gnn/i1/lr0.0003_wd1e-06/s701,df6382401159
pair/b2outer1/activity_dev/corrected_gnn/i1/lr0.0003_wd1e-06/s907,df6382401159
pair/b2outer1/activity_dev/corrected_gnn/i1/lr0.001_wd0.0001/s701,df6382401159
pair/b2outer1/activity_dev/corrected_gnn/i1/lr0.001_wd0.0001/s907,df6382401159
pair/b2outer1/activity_dev/corrected_gnn/i1/lr0.001_wd1e-06/s701,df6382401159
pair/b2outer1/activity_dev/corrected_gnn/i1/lr0.001_wd1e-06/s907,df6382401159
pair/b2outer1/activity_dev/corrected_gnn/i2/lr0.0001_wd0.0001/s701,41d47f79b05c
pair/b2outer1/activity_dev/corrected_gnn/i2/lr0.0001_wd0.0001/s907,41d47f79b05c
pair/b2outer1/activity_dev/corrected_gnn/i2/lr0.0001_wd1e-06/s701,41d47f79b05c
pair/b2outer1/activity_dev/corrected_gnn/i2/lr0.0001_wd1e-06/s907,41d47f79b05c
pair/b2outer1/activity_dev/corrected_gnn/i2/lr0.0003_wd0.0001/s701,41d47f79b05c
pair/b2outer1/activity_dev/corrected_gnn/i2/lr0.0003_wd0.0001/s907,41d47f79b05c
pair/b2outer1/activity_dev/corrected_gnn/i2/lr0.0003_wd1e-06/s701,41d47f79b05c
pair/b2outer1/activity_dev/corrected_gnn/i2/lr0.0003_wd1e-06/s907,41d47f79b05c
pair/b2outer1/activity_dev/corrected_gnn/i2/lr0.001_wd0.0001/s701,41d47f79b05c
pair/b2outer1/activity_dev/corrected_gnn/i2/lr0.001_wd0.0001/s907,41d47f79b05c
pair/b2outer1/activity_dev/corrected_gnn/i2/lr0.001_wd1e-06/s701,41d47f79b05c
pair/b2outer1/activity_dev/corrected_gnn/i2/lr0.001_wd1e-06/s907,41d47f79b05c
pair/b2outer1/activity_dev/corrected_no_message/i0/lr0.0001_wd0.0001/s701,6be235bf1da7
pair/b2outer1/activity_dev/corrected_no_message/i0/lr0.0001_wd0.0001/s907,6be235bf1da7
pair/b2outer1/activity_dev/corrected_no_message/i0/lr0.0001_wd1e-06/s701,6be235bf1da7
pair/b2outer1/activity_dev/corrected_no_message/i0/lr0.0001_wd1e-06/s907,6be235bf1da7
pair/b2outer1/activity_dev/corrected_no_message/i0/lr0.0003_wd0.0001/s701,6be235bf1da7
pair/b2outer1/activity_dev/corrected_no_message/i0/lr0.0003_wd0.0001/s907,6be235bf1da7
pair/b2outer1/activity_dev/corrected_no_message/i0/lr0.0003_wd1e-06/s701,6be235bf1da7
pair/b2outer1/activity_dev/corrected_no_message/i0/lr0.0003_wd1e-06/s907,6be235bf1da7
pair/b2outer1/activity_dev/corrected_no_message/i0/lr0.001_wd0.0001/s701,6be235bf1da7
pair/b2outer1/activity_dev/corrected_no_message/i0/lr0.001_wd0.0001/s907,6be235bf1da7
pair/b2outer1/activity_dev/corrected_no_message/i0/lr0.001_wd1e-06/s701,6be235bf1da7
pair/b2outer1/activity_dev/corrected_no_message/i0/lr0.001_wd1e-06/s907,6be235bf1da7
pair/b2outer1/activity_dev/corrected_no_message/i1/lr0.0001_wd0.0001/s701,df6382401159
pair/b2outer1/activity_dev/corrected_no_message/i1/lr0.0001_wd0.0001/s907,df6382401159
pair/b2outer1/activity_dev/corrected_no_message/i1/lr0.0001_wd1e-06/s701,df6382401159
pair/b2outer1/activity_dev/corrected_no_message/i1/lr0.0001_wd1e-06/s907,df6382401159
pair/b2outer1/activity_dev/corrected_no_message/i1/lr0.0003_wd0.0001/s701,df6382401159
pair/b2outer1/activity_dev/corrected_no_message/i1/lr0.0003_wd0.0001/s907,df6382401159
pair/b2outer1/activity_dev/corrected_no_message/i1/lr0.0003_wd1e-06/s701,df6382401159
pair/b2outer1/activity_dev/corrected_no_message/i1/lr0.0003_wd1e-06/s907,df6382401159
pair/b2outer1/activity_dev/corrected_no_message/i1/lr0.001_wd0.0001/s701,df6382401159
pair/b2outer1/activity_dev/corrected_no_message/i1/lr0.001_wd0.0001/s907,df6382401159
pair/b2outer1/activity_dev/corrected_no_message/i1/lr0.001_wd1e-06/s701,df6382401159
pair/b2outer1/activity_dev/corrected_no_message/i1/lr0.001_wd1e-06/s907,df6382401159
pair/b2outer1/activity_dev/corrected_no_message/i2/lr0.0001_wd0.0001/s701,41d47f79b05c
pair/b2outer1/activity_dev/corrected_no_message/i2/lr0.0001_wd0.0001/s907,41d47f79b05c
pair/b2outer1/activity_dev/corrected_no_message/i2/lr0.0001_wd1e-06/s701,41d47f79b05c
pair/b2outer1/activity_dev/corrected_no_message/i2/lr0.0001_wd1e-06/s907,41d47f79b05c
pair/b2outer1/activity_dev/corrected_no_message/i2/lr0.0003_wd0.0001/s701,41d47f79b05c
pair/b2outer1/activity_dev/corrected_no_message/i2/lr0.0003_wd0.0001/s907,41d47f79b05c
pair/b2outer1/activity_dev/corrected_no_message/i2/lr0.0003_wd1e-06/s701,41d47f79b05c
pair/b2outer1/activity_dev/corrected_no_message/i2/lr0.0003_wd1e-06/s907,41d47f79b05c
pair/b2outer1/activity_dev/corrected_no_message/i2/lr0.001_wd0.0001/s701,41d47f79b05c
pair/b2outer1/activity_dev/corrected_no_message/i2/lr0.001_wd0.0001/s907,41d47f79b05c
pair/b2outer1/activity_dev/corrected_no_message/i2/lr0.001_wd1e-06/s701,41d47f79b05c
pair/b2outer1/activity_dev/corrected_no_message/i2/lr0.001_wd1e-06/s907,41d47f79b05c
pair/b2outer1/final/activity_gnn/s11027,6be235bf1da7
pair/b2outer1/final/activity_gnn/s1103,6be235bf1da7
pair/b2outer1/final/activity_gnn/s2207,6be235bf1da7
pair/b2outer1/final/activity_gnn/s3301,6be235bf1da7
pair/b2outer1/final/activity_gnn/s4409,6be235bf1da7
pair/b2outer1/final/activity_gnn/s5519,6be235bf1da7
pair/b2outer1/final/activity_gnn/s6637,6be235bf1da7
pair/b2outer1/final/activity_gnn/s7753,6be235bf1da7
pair/b2outer1/final/activity_gnn/s8867,6be235bf1da7
pair/b2outer1/final/activity_gnn/s9973,6be235bf1da7
pair/b2outer1/final/pair_gnn/s11027,6be235bf1da7
pair/b2outer1/final/pair_gnn/s1103,6be235bf1da7
pair/b2outer1/final/pair_gnn/s2207,6be235bf1da7
pair/b2outer1/final/pair_gnn/s3301,6be235bf1da7
pair/b2outer1/final/pair_gnn/s4409,6be235bf1da7
pair/b2outer1/final/pair_gnn/s5519,6be235bf1da7
pair/b2outer1/final/pair_gnn/s6637,6be235bf1da7
pair/b2outer1/final/pair_gnn/s7753,6be235bf1da7
pair/b2outer1/final/pair_gnn/s8867,6be235bf1da7
pair/b2outer1/final/pair_gnn/s9973,6be235bf1da7
pair/b2outer1/final/pair_no_message/s11027,6be235bf1da7
pair/b2outer1/final/pair_no_message/s1103,6be235bf1da7
pair/b2outer1/final/pair_no_message/s2207,6be235bf1da7
pair/b2outer1/final/pair_no_message/s3301,6be235bf1da7
pair/b2outer1/final/pair_no_message/s4409,6be235bf1da7
pair/b2outer1/final/pair_no_message/s5519,6be235bf1da7
pair/b2outer1/final/pair_no_message/s6637,6be235bf1da7
pair/b2outer1/final/pair_no_message/s7753,6be235bf1da7
pair/b2outer1/final/pair_no_message/s8867,6be235bf1da7
pair/b2outer1/final/pair_no_message/s9973,6be235bf1da7
pair/b2outer1/final/pair_ridge,6be235bf1da7
pair/b2outer1/final/pair_tree/s11027,6be235bf1da7
pair/b2outer1/final/pair_tree/s1103,6be235bf1da7
pair/b2outer1/final/pair_tree/s2207,6be235bf1da7
pair/b2outer1/final/pair_tree/s3301,6be235bf1da7
pair/b2outer1/final/pair_tree/s4409,6be235bf1da7
pair/b2outer1/final/pair_tree/s5519,6be235bf1da7
pair/b2outer1/final/pair_tree/s6637,6be235bf1da7
pair/b2outer1/final/pair_tree/s7753,6be235bf1da7
pair/b2outer1/final/pair_tree/s8867,6be235bf1da7
pair/b2outer1/final/pair_tree/s9973,6be235bf1da7
pair/b2outer1/pair_dev/corrected_gnn/i0/l0.1/s701,6be235bf1da7
pair/b2outer1/pair_dev/corrected_gnn/i0/l0.1/s907,6be235bf1da7
pair/b2outer1/pair_dev/corrected_gnn/i0/l1/s701,6be235bf1da7
pair/b2outer1/pair_dev/corrected_gnn/i0/l1/s907,6be235bf1da7
pair/b2outer1/pair_dev/corrected_gnn/i0/l10/s701,6be235bf1da7
pair/b2outer1/pair_dev/corrected_gnn/i0/l10/s907,6be235bf1da7
pair/b2outer1/pair_dev/corrected_gnn/i1/l0.1/s701,df6382401159
pair/b2outer1/pair_dev/corrected_gnn/i1/l0.1/s907,df6382401159
pair/b2outer1/pair_dev/corrected_gnn/i1/l1/s701,df6382401159
pair/b2outer1/pair_dev/corrected_gnn/i1/l1/s907,df6382401159
pair/b2outer1/pair_dev/corrected_gnn/i1/l10/s701,df6382401159
pair/b2outer1/pair_dev/corrected_gnn/i1/l10/s907,df6382401159
pair/b2outer1/pair_dev/corrected_gnn/i2/l0.1/s701,41d47f79b05c
pair/b2outer1/pair_dev/corrected_gnn/i2/l0.1/s907,41d47f79b05c
pair/b2outer1/pair_dev/corrected_gnn/i2/l1/s701,41d47f79b05c
pair/b2outer1/pair_dev/corrected_gnn/i2/l1/s907,41d47f79b05c
pair/b2outer1/pair_dev/corrected_gnn/i2/l10/s701,41d47f79b05c
pair/b2outer1/pair_dev/corrected_gnn/i2/l10/s907,41d47f79b05c
pair/b2outer1/pair_dev/corrected_no_message/i0/l0.1/s701,6be235bf1da7
pair/b2outer1/pair_dev/corrected_no_message/i0/l0.1/s907,6be235bf1da7
pair/b2outer1/pair_dev/corrected_no_message/i0/l1/s701,6be235bf1da7
pair/b2outer1/pair_dev/corrected_no_message/i0/l1/s907,6be235bf1da7
pair/b2outer1/pair_dev/corrected_no_message/i0/l10/s701,6be235bf1da7
pair/b2outer1/pair_dev/corrected_no_message/i0/l10/s907,6be235bf1da7
pair/b2outer1/pair_dev/corrected_no_message/i1/l0.1/s701,df6382401159
pair/b2outer1/pair_dev/corrected_no_message/i1/l0.1/s907,df6382401159
pair/b2outer1/pair_dev/corrected_no_message/i1/l1/s701,df6382401159
pair/b2outer1/pair_dev/corrected_no_message/i1/l1/s907,df6382401159
pair/b2outer1/pair_dev/corrected_no_message/i1/l10/s701,df6382401159
pair/b2outer1/pair_dev/corrected_no_message/i1/l10/s907,df6382401159
pair/b2outer1/pair_dev/corrected_no_message/i2/l0.1/s701,41d47f79b05c
pair/b2outer1/pair_dev/corrected_no_message/i2/l0.1/s907,41d47f79b05c
pair/b2outer1/pair_dev/corrected_no_message/i2/l1/s701,41d47f79b05c
pair/b2outer1/pair_dev/corrected_no_message/i2/l1/s907,41d47f79b05c
pair/b2outer1/pair_dev/corrected_no_message/i2/l10/s701,41d47f79b05c
pair/b2outer1/pair_dev/corrected_no_message/i2/l10/s907,41d47f79b05c
pair/b2outer1/ridge_dev/i0/alpha0.1,6be235bf1da7
pair/b2outer1/ridge_dev/i0/alpha1,6be235bf1da7
pair/b2outer1/ridge_dev/i0/alpha10,6be235bf1da7
pair/b2outer1/ridge_dev/i1/alpha0.1,df6382401159
pair/b2outer1/ridge_dev/i1/alpha1,df6382401159
pair/b2outer1/ridge_dev/i1/alpha10,df6382401159
pair/b2outer1/ridge_dev/i2/alpha0.1,41d47f79b05c
pair/b2outer1/ridge_dev/i2/alpha1,41d47f79b05c
pair/b2outer1/ridge_dev/i2/alpha10,41d47f79b05c
pair/b2outer1/tree_dev/i0/leaf2/s701,6be235bf1da7
pair/b2outer1/tree_dev/i0/leaf2/s907,6be235bf1da7
pair/b2outer1/tree_dev/i0/leaf8/s701,6be235bf1da7
pair/b2outer1/tree_dev/i0/leaf8/s907,6be235bf1da7
pair/b2outer1/tree_dev/i1/leaf2/s701,df6382401159
pair/b2outer1/tree_dev/i1/leaf2/s907,df6382401159
pair/b2outer1/tree_dev/i1/leaf8/s701,df6382401159
pair/b2outer1/tree_dev/i1/leaf8/s907,df6382401159
pair/b2outer1/tree_dev/i2/leaf2/s701,41d47f79b05c
pair/b2outer1/tree_dev/i2/leaf2/s907,41d47f79b05c
pair/b2outer1/tree_dev/i2/leaf8/s701,41d47f79b05c
pair/b2outer1/tree_dev/i2/leaf8/s907,41d47f79b05c
pair/b2outer2/activity_dev/corrected_gnn/i0/lr0.0001_wd0.0001/s701,3bcf538b361f
pair/b2outer2/activity_dev/corrected_gnn/i0/lr0.0001_wd0.0001/s907,3bcf538b361f
pair/b2outer2/activity_dev/corrected_gnn/i0/lr0.0001_wd1e-06/s701,3bcf538b361f
pair/b2outer2/activity_dev/corrected_gnn/i0/lr0.0001_wd1e-06/s907,3bcf538b361f
pair/b2outer2/activity_dev/corrected_gnn/i0/lr0.0003_wd0.0001/s701,3bcf538b361f
pair/b2outer2/activity_dev/corrected_gnn/i0/lr0.0003_wd0.0001/s907,3bcf538b361f
pair/b2outer2/activity_dev/corrected_gnn/i0/lr0.0003_wd1e-06/s701,3bcf538b361f
pair/b2outer2/activity_dev/corrected_gnn/i0/lr0.0003_wd1e-06/s907,3bcf538b361f
pair/b2outer2/activity_dev/corrected_gnn/i0/lr0.001_wd0.0001/s701,3bcf538b361f
pair/b2outer2/activity_dev/corrected_gnn/i0/lr0.001_wd0.0001/s907,3bcf538b361f
pair/b2outer2/activity_dev/corrected_gnn/i0/lr0.001_wd1e-06/s701,3bcf538b361f
pair/b2outer2/activity_dev/corrected_gnn/i0/lr0.001_wd1e-06/s907,3bcf538b361f
pair/b2outer2/activity_dev/corrected_gnn/i1/lr0.0001_wd0.0001/s701,3109bb1b5319
pair/b2outer2/activity_dev/corrected_gnn/i1/lr0.0001_wd0.0001/s907,3109bb1b5319
pair/b2outer2/activity_dev/corrected_gnn/i1/lr0.0001_wd1e-06/s701,3109bb1b5319
pair/b2outer2/activity_dev/corrected_gnn/i1/lr0.0001_wd1e-06/s907,3109bb1b5319
pair/b2outer2/activity_dev/corrected_gnn/i1/lr0.0003_wd0.0001/s701,3109bb1b5319
pair/b2outer2/activity_dev/corrected_gnn/i1/lr0.0003_wd0.0001/s907,3109bb1b5319
pair/b2outer2/activity_dev/corrected_gnn/i1/lr0.0003_wd1e-06/s701,3109bb1b5319
pair/b2outer2/activity_dev/corrected_gnn/i1/lr0.0003_wd1e-06/s907,3109bb1b5319
pair/b2outer2/activity_dev/corrected_gnn/i1/lr0.001_wd0.0001/s701,3109bb1b5319
pair/b2outer2/activity_dev/corrected_gnn/i1/lr0.001_wd0.0001/s907,3109bb1b5319
pair/b2outer2/activity_dev/corrected_gnn/i1/lr0.001_wd1e-06/s701,3109bb1b5319
pair/b2outer2/activity_dev/corrected_gnn/i1/lr0.001_wd1e-06/s907,3109bb1b5319
pair/b2outer2/activity_dev/corrected_gnn/i2/lr0.0001_wd0.0001/s701,9f79ccb1337c
pair/b2outer2/activity_dev/corrected_gnn/i2/lr0.0001_wd0.0001/s907,9f79ccb1337c
pair/b2outer2/activity_dev/corrected_gnn/i2/lr0.0001_wd1e-06/s701,9f79ccb1337c
pair/b2outer2/activity_dev/corrected_gnn/i2/lr0.0001_wd1e-06/s907,9f79ccb1337c
pair/b2outer2/activity_dev/corrected_gnn/i2/lr0.0003_wd0.0001/s701,9f79ccb1337c
pair/b2outer2/activity_dev/corrected_gnn/i2/lr0.0003_wd0.0001/s907,9f79ccb1337c
pair/b2outer2/activity_dev/corrected_gnn/i2/lr0.0003_wd1e-06/s701,9f79ccb1337c
pair/b2outer2/activity_dev/corrected_gnn/i2/lr0.0003_wd1e-06/s907,9f79ccb1337c
pair/b2outer2/activity_dev/corrected_gnn/i2/lr0.001_wd0.0001/s701,9f79ccb1337c
pair/b2outer2/activity_dev/corrected_gnn/i2/lr0.001_wd0.0001/s907,9f79ccb1337c
pair/b2outer2/activity_dev/corrected_gnn/i2/lr0.001_wd1e-06/s701,9f79ccb1337c
pair/b2outer2/activity_dev/corrected_gnn/i2/lr0.001_wd1e-06/s907,9f79ccb1337c
pair/b2outer2/activity_dev/corrected_no_message/i0/lr0.0001_wd0.0001/s701,3bcf538b361f
pair/b2outer2/activity_dev/corrected_no_message/i0/lr0.0001_wd0.0001/s907,3bcf538b361f
pair/b2outer2/activity_dev/corrected_no_message/i0/lr0.0001_wd1e-06/s701,3bcf538b361f
pair/b2outer2/activity_dev/corrected_no_message/i0/lr0.0001_wd1e-06/s907,3bcf538b361f
pair/b2outer2/activity_dev/corrected_no_message/i0/lr0.0003_wd0.0001/s701,3bcf538b361f
pair/b2outer2/activity_dev/corrected_no_message/i0/lr0.0003_wd0.0001/s907,3bcf538b361f
pair/b2outer2/activity_dev/corrected_no_message/i0/lr0.0003_wd1e-06/s701,3bcf538b361f
pair/b2outer2/activity_dev/corrected_no_message/i0/lr0.0003_wd1e-06/s907,3bcf538b361f
pair/b2outer2/activity_dev/corrected_no_message/i0/lr0.001_wd0.0001/s701,3bcf538b361f
pair/b2outer2/activity_dev/corrected_no_message/i0/lr0.001_wd0.0001/s907,3bcf538b361f
pair/b2outer2/activity_dev/corrected_no_message/i0/lr0.001_wd1e-06/s701,3bcf538b361f
pair/b2outer2/activity_dev/corrected_no_message/i0/lr0.001_wd1e-06/s907,3bcf538b361f
pair/b2outer2/activity_dev/corrected_no_message/i1/lr0.0001_wd0.0001/s701,3109bb1b5319
pair/b2outer2/activity_dev/corrected_no_message/i1/lr0.0001_wd0.0001/s907,3109bb1b5319
pair/b2outer2/activity_dev/corrected_no_message/i1/lr0.0001_wd1e-06/s701,3109bb1b5319
pair/b2outer2/activity_dev/corrected_no_message/i1/lr0.0001_wd1e-06/s907,3109bb1b5319
pair/b2outer2/activity_dev/corrected_no_message/i1/lr0.0003_wd0.0001/s701,3109bb1b5319
pair/b2outer2/activity_dev/corrected_no_message/i1/lr0.0003_wd0.0001/s907,3109bb1b5319
pair/b2outer2/activity_dev/corrected_no_message/i1/lr0.0003_wd1e-06/s701,3109bb1b5319
pair/b2outer2/activity_dev/corrected_no_message/i1/lr0.0003_wd1e-06/s907,3109bb1b5319
pair/b2outer2/activity_dev/corrected_no_message/i1/lr0.001_wd0.0001/s701,3109bb1b5319
pair/b2outer2/activity_dev/corrected_no_message/i1/lr0.001_wd0.0001/s907,3109bb1b5319
pair/b2outer2/activity_dev/corrected_no_message/i1/lr0.001_wd1e-06/s701,3109bb1b5319
pair/b2outer2/activity_dev/corrected_no_message/i1/lr0.001_wd1e-06/s907,3109bb1b5319
pair/b2outer2/activity_dev/corrected_no_message/i2/lr0.0001_wd0.0001/s701,9f79ccb1337c
pair/b2outer2/activity_dev/corrected_no_message/i2/lr0.0001_wd0.0001/s907,9f79ccb1337c
pair/b2outer2/activity_dev/corrected_no_message/i2/lr0.0001_wd1e-06/s701,9f79ccb1337c
pair/b2outer2/activity_dev/corrected_no_message/i2/lr0.0001_wd1e-06/s907,9f79ccb1337c
pair/b2outer2/activity_dev/corrected_no_message/i2/lr0.0003_wd0.0001/s701,9f79ccb1337c
pair/b2outer2/activity_dev/corrected_no_message/i2/lr0.0003_wd0.0001/s907,9f79ccb1337c
pair/b2outer2/activity_dev/corrected_no_message/i2/lr0.0003_wd1e-06/s701,9f79ccb1337c
pair/b2outer2/activity_dev/corrected_no_message/i2/lr0.0003_wd1e-06/s907,9f79ccb1337c
pair/b2outer2/activity_dev/corrected_no_message/i2/lr0.001_wd0.0001/s701,9f79ccb1337c
pair/b2outer2/activity_dev/corrected_no_message/i2/lr0.001_wd0.0001/s907,9f79ccb1337c
pair/b2outer2/activity_dev/corrected_no_message/i2/lr0.001_wd1e-06/s701,9f79ccb1337c
pair/b2outer2/activity_dev/corrected_no_message/i2/lr0.001_wd1e-06/s907,9f79ccb1337c
pair/b2outer2/final/activity_gnn/s11027,3bcf538b361f
pair/b2outer2/final/activity_gnn/s1103,3bcf538b361f
pair/b2outer2/final/activity_gnn/s2207,3bcf538b361f
pair/b2outer2/final/activity_gnn/s3301,3bcf538b361f
pair/b2outer2/final/activity_gnn/s4409,3bcf538b361f
pair/b2outer2/final/activity_gnn/s5519,3bcf538b361f
pair/b2outer2/final/activity_gnn/s6637,3bcf538b361f
pair/b2outer2/final/activity_gnn/s7753,3bcf538b361f
pair/b2outer2/final/activity_gnn/s8867,3bcf538b361f
pair/b2outer2/final/activity_gnn/s9973,3bcf538b361f
pair/b2outer2/final/pair_gnn/s11027,3bcf538b361f
pair/b2outer2/final/pair_gnn/s1103,3bcf538b361f
pair/b2outer2/final/pair_gnn/s2207,3bcf538b361f
pair/b2outer2/final/pair_gnn/s3301,3bcf538b361f
pair/b2outer2/final/pair_gnn/s4409,3bcf538b361f
pair/b2outer2/final/pair_gnn/s5519,3bcf538b361f
pair/b2outer2/final/pair_gnn/s6637,3bcf538b361f
pair/b2outer2/final/pair_gnn/s7753,3bcf538b361f
pair/b2outer2/final/pair_gnn/s8867,3bcf538b361f
pair/b2outer2/final/pair_gnn/s9973,3bcf538b361f
pair/b2outer2/final/pair_no_message/s11027,3bcf538b361f
pair/b2outer2/final/pair_no_message/s1103,3bcf538b361f
pair/b2outer2/final/pair_no_message/s2207,3bcf538b361f
pair/b2outer2/final/pair_no_message/s3301,3bcf538b361f
pair/b2outer2/final/pair_no_message/s4409,3bcf538b361f
pair/b2outer2/final/pair_no_message/s5519,3bcf538b361f
pair/b2outer2/final/pair_no_message/s6637,3bcf538b361f
pair/b2outer2/final/pair_no_message/s7753,3bcf538b361f
pair/b2outer2/final/pair_no_message/s8867,3bcf538b361f
pair/b2outer2/final/pair_no_message/s9973,3bcf538b361f
pair/b2outer2/final/pair_ridge,3bcf538b361f
pair/b2outer2/final/pair_tree/s11027,3bcf538b361f
pair/b2outer2/final/pair_tree/s1103,3bcf538b361f
pair/b2outer2/final/pair_tree/s2207,3bcf538b361f
pair/b2outer2/final/pair_tree/s3301,3bcf538b361f
pair/b2outer2/final/pair_tree/s4409,3bcf538b361f
pair/b2outer2/final/pair_tree/s5519,3bcf538b361f
pair/b2outer2/final/pair_tree/s6637,3bcf538b361f
pair/b2outer2/final/pair_tree/s7753,3bcf538b361f
pair/b2outer2/final/pair_tree/s8867,3bcf538b361f
pair/b2outer2/final/pair_tree/s9973,3bcf538b361f
pair/b2outer2/pair_dev/corrected_gnn/i0/l0.1/s701,3bcf538b361f
pair/b2outer2/pair_dev/corrected_gnn/i0/l0.1/s907,3bcf538b361f
pair/b2outer2/pair_dev/corrected_gnn/i0/l1/s701,3bcf538b361f
pair/b2outer2/pair_dev/corrected_gnn/i0/l1/s907,3bcf538b361f
pair/b2outer2/pair_dev/corrected_gnn/i0/l10/s701,3bcf538b361f
pair/b2outer2/pair_dev/corrected_gnn/i0/l10/s907,3bcf538b361f
pair/b2outer2/pair_dev/corrected_gnn/i1/l0.1/s701,3109bb1b5319
pair/b2outer2/pair_dev/corrected_gnn/i1/l0.1/s907,3109bb1b5319
pair/b2outer2/pair_dev/corrected_gnn/i1/l1/s701,3109bb1b5319
pair/b2outer2/pair_dev/corrected_gnn/i1/l1/s907,3109bb1b5319
pair/b2outer2/pair_dev/corrected_gnn/i1/l10/s701,3109bb1b5319
pair/b2outer2/pair_dev/corrected_gnn/i1/l10/s907,3109bb1b5319
pair/b2outer2/pair_dev/corrected_gnn/i2/l0.1/s701,9f79ccb1337c
pair/b2outer2/pair_dev/corrected_gnn/i2/l0.1/s907,9f79ccb1337c
pair/b2outer2/pair_dev/corrected_gnn/i2/l1/s701,9f79ccb1337c
pair/b2outer2/pair_dev/corrected_gnn/i2/l1/s907,9f79ccb1337c
pair/b2outer2/pair_dev/corrected_gnn/i2/l10/s701,9f79ccb1337c
pair/b2outer2/pair_dev/corrected_gnn/i2/l10/s907,9f79ccb1337c
pair/b2outer2/pair_dev/corrected_no_message/i0/l0.1/s701,3bcf538b361f
pair/b2outer2/pair_dev/corrected_no_message/i0/l0.1/s907,3bcf538b361f
pair/b2outer2/pair_dev/corrected_no_message/i0/l1/s701,3bcf538b361f
pair/b2outer2/pair_dev/corrected_no_message/i0/l1/s907,3bcf538b361f
pair/b2outer2/pair_dev/corrected_no_message/i0/l10/s701,3bcf538b361f
pair/b2outer2/pair_dev/corrected_no_message/i0/l10/s907,3bcf538b361f
pair/b2outer2/pair_dev/corrected_no_message/i1/l0.1/s701,3109bb1b5319
pair/b2outer2/pair_dev/corrected_no_message/i1/l0.1/s907,3109bb1b5319
pair/b2outer2/pair_dev/corrected_no_message/i1/l1/s701,3109bb1b5319
pair/b2outer2/pair_dev/corrected_no_message/i1/l1/s907,3109bb1b5319
pair/b2outer2/pair_dev/corrected_no_message/i1/l10/s701,3109bb1b5319
pair/b2outer2/pair_dev/corrected_no_message/i1/l10/s907,3109bb1b5319
pair/b2outer2/pair_dev/corrected_no_message/i2/l0.1/s701,9f79ccb1337c
pair/b2outer2/pair_dev/corrected_no_message/i2/l0.1/s907,9f79ccb1337c
pair/b2outer2/pair_dev/corrected_no_message/i2/l1/s701,9f79ccb1337c
pair/b2outer2/pair_dev/corrected_no_message/i2/l1/s907,9f79ccb1337c
pair/b2outer2/pair_dev/corrected_no_message/i2/l10/s701,9f79ccb1337c
pair/b2outer2/pair_dev/corrected_no_message/i2/l10/s907,9f79ccb1337c
pair/b2outer2/ridge_dev/i0/alpha0.1,3bcf538b361f
pair/b2outer2/ridge_dev/i0/alpha1,3bcf538b361f
pair/b2outer2/ridge_dev/i0/alpha10,3bcf538b361f
pair/b2outer2/ridge_dev/i1/alpha0.1,3109bb1b5319
pair/b2outer2/ridge_dev/i1/alpha1,3109bb1b5319
pair/b2outer2/ridge_dev/i1/alpha10,3109bb1b5319
pair/b2outer2/ridge_dev/i2/alpha0.1,9f79ccb1337c
pair/b2outer2/ridge_dev/i2/alpha1,9f79ccb1337c
pair/b2outer2/ridge_dev/i2/alpha10,9f79ccb1337c
pair/b2outer2/tree_dev/i0/leaf2/s701,3bcf538b361f
pair/b2outer2/tree_dev/i0/leaf2/s907,3bcf538b361f
pair/b2outer2/tree_dev/i0/leaf8/s701,3bcf538b361f
pair/b2outer2/tree_dev/i0/leaf8/s907,3bcf538b361f
pair/b2outer2/tree_dev/i1/leaf2/s701,3109bb1b5319
pair/b2outer2/tree_dev/i1/leaf2/s907,3109bb1b5319
pair/b2outer2/tree_dev/i1/leaf8/s701,3109bb1b5319
pair/b2outer2/tree_dev/i1/leaf8/s907,3109bb1b5319
pair/b2outer2/tree_dev/i2/leaf2/s701,9f79ccb1337c
pair/b2outer2/tree_dev/i2/leaf2/s907,9f79ccb1337c
pair/b2outer2/tree_dev/i2/leaf8/s701,9f79ccb1337c
pair/b2outer2/tree_dev/i2/leaf8/s907,9f79ccb1337c
pair/b2outer3/activity_dev/corrected_gnn/i0/lr0.0001_wd0.0001/s701,5888a9ecb84b
pair/b2outer3/activity_dev/corrected_gnn/i0/lr0.0001_wd0.0001/s907,5888a9ecb84b
pair/b2outer3/activity_dev/corrected_gnn/i0/lr0.0001_wd1e-06/s701,5888a9ecb84b
pair/b2outer3/activity_dev/corrected_gnn/i0/lr0.0001_wd1e-06/s907,5888a9ecb84b
pair/b2outer3/activity_dev/corrected_gnn/i0/lr0.0003_wd0.0001/s701,5888a9ecb84b
pair/b2outer3/activity_dev/corrected_gnn/i0/lr0.0003_wd0.0001/s907,5888a9ecb84b
pair/b2outer3/activity_dev/corrected_gnn/i0/lr0.0003_wd1e-06/s701,5888a9ecb84b
pair/b2outer3/activity_dev/corrected_gnn/i0/lr0.0003_wd1e-06/s907,5888a9ecb84b
pair/b2outer3/activity_dev/corrected_gnn/i0/lr0.001_wd0.0001/s701,5888a9ecb84b
pair/b2outer3/activity_dev/corrected_gnn/i0/lr0.001_wd0.0001/s907,5888a9ecb84b
pair/b2outer3/activity_dev/corrected_gnn/i0/lr0.001_wd1e-06/s701,5888a9ecb84b
pair/b2outer3/activity_dev/corrected_gnn/i0/lr0.001_wd1e-06/s907,5888a9ecb84b
pair/b2outer3/activity_dev/corrected_gnn/i1/lr0.0001_wd0.0001/s701,cb1e80dbab74
pair/b2outer3/activity_dev/corrected_gnn/i1/lr0.0001_wd0.0001/s907,cb1e80dbab74
pair/b2outer3/activity_dev/corrected_gnn/i1/lr0.0001_wd1e-06/s701,cb1e80dbab74
pair/b2outer3/activity_dev/corrected_gnn/i1/lr0.0001_wd1e-06/s907,cb1e80dbab74
pair/b2outer3/activity_dev/corrected_gnn/i1/lr0.0003_wd0.0001/s701,cb1e80dbab74
pair/b2outer3/activity_dev/corrected_gnn/i1/lr0.0003_wd0.0001/s907,cb1e80dbab74
pair/b2outer3/activity_dev/corrected_gnn/i1/lr0.0003_wd1e-06/s701,cb1e80dbab74
pair/b2outer3/activity_dev/corrected_gnn/i1/lr0.0003_wd1e-06/s907,cb1e80dbab74
pair/b2outer3/activity_dev/corrected_gnn/i1/lr0.001_wd0.0001/s701,cb1e80dbab74
pair/b2outer3/activity_dev/corrected_gnn/i1/lr0.001_wd0.0001/s907,cb1e80dbab74
pair/b2outer3/activity_dev/corrected_gnn/i1/lr0.001_wd1e-06/s701,cb1e80dbab74
pair/b2outer3/activity_dev/corrected_gnn/i1/lr0.001_wd1e-06/s907,cb1e80dbab74
pair/b2outer3/activity_dev/corrected_gnn/i2/lr0.0001_wd0.0001/s701,f3c4e1017c56
pair/b2outer3/activity_dev/corrected_gnn/i2/lr0.0001_wd0.0001/s907,f3c4e1017c56
pair/b2outer3/activity_dev/corrected_gnn/i2/lr0.0001_wd1e-06/s701,f3c4e1017c56
pair/b2outer3/activity_dev/corrected_gnn/i2/lr0.0001_wd1e-06/s907,f3c4e1017c56
pair/b2outer3/activity_dev/corrected_gnn/i2/lr0.0003_wd0.0001/s701,f3c4e1017c56
pair/b2outer3/activity_dev/corrected_gnn/i2/lr0.0003_wd0.0001/s907,f3c4e1017c56
pair/b2outer3/activity_dev/corrected_gnn/i2/lr0.0003_wd1e-06/s701,f3c4e1017c56
pair/b2outer3/activity_dev/corrected_gnn/i2/lr0.0003_wd1e-06/s907,f3c4e1017c56
pair/b2outer3/activity_dev/corrected_gnn/i2/lr0.001_wd0.0001/s701,f3c4e1017c56
pair/b2outer3/activity_dev/corrected_gnn/i2/lr0.001_wd0.0001/s907,f3c4e1017c56
pair/b2outer3/activity_dev/corrected_gnn/i2/lr0.001_wd1e-06/s701,f3c4e1017c56
pair/b2outer3/activity_dev/corrected_gnn/i2/lr0.001_wd1e-06/s907,f3c4e1017c56
pair/b2outer3/activity_dev/corrected_no_message/i0/lr0.0001_wd0.0001/s701,5888a9ecb84b
pair/b2outer3/activity_dev/corrected_no_message/i0/lr0.0001_wd0.0001/s907,5888a9ecb84b
pair/b2outer3/activity_dev/corrected_no_message/i0/lr0.0001_wd1e-06/s701,5888a9ecb84b
pair/b2outer3/activity_dev/corrected_no_message/i0/lr0.0001_wd1e-06/s907,5888a9ecb84b
pair/b2outer3/activity_dev/corrected_no_message/i0/lr0.0003_wd0.0001/s701,5888a9ecb84b
pair/b2outer3/activity_dev/corrected_no_message/i0/lr0.0003_wd0.0001/s907,5888a9ecb84b
pair/b2outer3/activity_dev/corrected_no_message/i0/lr0.0003_wd1e-06/s701,5888a9ecb84b
pair/b2outer3/activity_dev/corrected_no_message/i0/lr0.0003_wd1e-06/s907,5888a9ecb84b
pair/b2outer3/activity_dev/corrected_no_message/i0/lr0.001_wd0.0001/s701,5888a9ecb84b
pair/b2outer3/activity_dev/corrected_no_message/i0/lr0.001_wd0.0001/s907,5888a9ecb84b
pair/b2outer3/activity_dev/corrected_no_message/i0/lr0.001_wd1e-06/s701,5888a9ecb84b
pair/b2outer3/activity_dev/corrected_no_message/i0/lr0.001_wd1e-06/s907,5888a9ecb84b
pair/b2outer3/activity_dev/corrected_no_message/i1/lr0.0001_wd0.0001/s701,cb1e80dbab74
pair/b2outer3/activity_dev/corrected_no_message/i1/lr0.0001_wd0.0001/s907,cb1e80dbab74
pair/b2outer3/activity_dev/corrected_no_message/i1/lr0.0001_wd1e-06/s701,cb1e80dbab74
pair/b2outer3/activity_dev/corrected_no_message/i1/lr0.0001_wd1e-06/s907,cb1e80dbab74
pair/b2outer3/activity_dev/corrected_no_message/i1/lr0.0003_wd0.0001/s701,cb1e80dbab74
pair/b2outer3/activity_dev/corrected_no_message/i1/lr0.0003_wd0.0001/s907,cb1e80dbab74
pair/b2outer3/activity_dev/corrected_no_message/i1/lr0.0003_wd1e-06/s701,cb1e80dbab74
pair/b2outer3/activity_dev/corrected_no_message/i1/lr0.0003_wd1e-06/s907,cb1e80dbab74
pair/b2outer3/activity_dev/corrected_no_message/i1/lr0.001_wd0.0001/s701,cb1e80dbab74
pair/b2outer3/activity_dev/corrected_no_message/i1/lr0.001_wd0.0001/s907,cb1e80dbab74
pair/b2outer3/activity_dev/corrected_no_message/i1/lr0.001_wd1e-06/s701,cb1e80dbab74
pair/b2outer3/activity_dev/corrected_no_message/i1/lr0.001_wd1e-06/s907,cb1e80dbab74
pair/b2outer3/activity_dev/corrected_no_message/i2/lr0.0001_wd0.0001/s701,f3c4e1017c56
pair/b2outer3/activity_dev/corrected_no_message/i2/lr0.0001_wd0.0001/s907,f3c4e1017c56
pair/b2outer3/activity_dev/corrected_no_message/i2/lr0.0001_wd1e-06/s701,f3c4e1017c56
pair/b2outer3/activity_dev/corrected_no_message/i2/lr0.0001_wd1e-06/s907,f3c4e1017c56
pair/b2outer3/activity_dev/corrected_no_message/i2/lr0.0003_wd0.0001/s701,f3c4e1017c56
pair/b2outer3/activity_dev/corrected_no_message/i2/lr0.0003_wd0.0001/s907,f3c4e1017c56
pair/b2outer3/activity_dev/corrected_no_message/i2/lr0.0003_wd1e-06/s701,f3c4e1017c56
pair/b2outer3/activity_dev/corrected_no_message/i2/lr0.0003_wd1e-06/s907,f3c4e1017c56
pair/b2outer3/activity_dev/corrected_no_message/i2/lr0.001_wd0.0001/s701,f3c4e1017c56
pair/b2outer3/activity_dev/corrected_no_message/i2/lr0.001_wd0.0001/s907,f3c4e1017c56
pair/b2outer3/activity_dev/corrected_no_message/i2/lr0.001_wd1e-06/s701,f3c4e1017c56
pair/b2outer3/activity_dev/corrected_no_message/i2/lr0.001_wd1e-06/s907,f3c4e1017c56
pair/b2outer3/final/activity_gnn/s11027,f3c4e1017c56
pair/b2outer3/final/activity_gnn/s1103,f3c4e1017c56
pair/b2outer3/final/activity_gnn/s2207,f3c4e1017c56
pair/b2outer3/final/activity_gnn/s3301,f3c4e1017c56
pair/b2outer3/final/activity_gnn/s4409,f3c4e1017c56
pair/b2outer3/final/activity_gnn/s5519,f3c4e1017c56
pair/b2outer3/final/activity_gnn/s6637,f3c4e1017c56
pair/b2outer3/final/activity_gnn/s7753,f3c4e1017c56
pair/b2outer3/final/activity_gnn/s8867,f3c4e1017c56
pair/b2outer3/final/activity_gnn/s9973,f3c4e1017c56
pair/b2outer3/final/pair_gnn/s11027,f3c4e1017c56
pair/b2outer3/final/pair_gnn/s1103,f3c4e1017c56
pair/b2outer3/final/pair_gnn/s2207,f3c4e1017c56
pair/b2outer3/final/pair_gnn/s3301,f3c4e1017c56
pair/b2outer3/final/pair_gnn/s4409,f3c4e1017c56
pair/b2outer3/final/pair_gnn/s5519,f3c4e1017c56
pair/b2outer3/final/pair_gnn/s6637,f3c4e1017c56
pair/b2outer3/final/pair_gnn/s7753,f3c4e1017c56
pair/b2outer3/final/pair_gnn/s8867,f3c4e1017c56
pair/b2outer3/final/pair_gnn/s9973,f3c4e1017c56
pair/b2outer3/final/pair_no_message/s11027,f3c4e1017c56
pair/b2outer3/final/pair_no_message/s1103,f3c4e1017c56
pair/b2outer3/final/pair_no_message/s2207,f3c4e1017c56
pair/b2outer3/final/pair_no_message/s3301,f3c4e1017c56
pair/b2outer3/final/pair_no_message/s4409,f3c4e1017c56
pair/b2outer3/final/pair_no_message/s5519,f3c4e1017c56
pair/b2outer3/final/pair_no_message/s6637,f3c4e1017c56
pair/b2outer3/final/pair_no_message/s7753,f3c4e1017c56
pair/b2outer3/final/pair_no_message/s8867,f3c4e1017c56
pair/b2outer3/final/pair_no_message/s9973,f3c4e1017c56
pair/b2outer3/final/pair_ridge,f3c4e1017c56
pair/b2outer3/final/pair_tree/s11027,f3c4e1017c56
pair/b2outer3/final/pair_tree/s1103,f3c4e1017c56
pair/b2outer3/final/pair_tree/s2207,f3c4e1017c56
pair/b2outer3/final/pair_tree/s3301,f3c4e1017c56
pair/b2outer3/final/pair_tree/s4409,f3c4e1017c56
pair/b2outer3/final/pair_tree/s5519,f3c4e1017c56
pair/b2outer3/final/pair_tree/s6637,f3c4e1017c56
pair/b2outer3/final/pair_tree/s7753,f3c4e1017c56
pair/b2outer3/final/pair_tree/s8867,f3c4e1017c56
pair/b2outer3/final/pair_tree/s9973,f3c4e1017c56
pair/b2outer3/pair_dev/corrected_gnn/i0/l0.1/s701,5888a9ecb84b
pair/b2outer3/pair_dev/corrected_gnn/i0/l0.1/s907,5888a9ecb84b
pair/b2outer3/pair_dev/corrected_gnn/i0/l1/s701,5888a9ecb84b
pair/b2outer3/pair_dev/corrected_gnn/i0/l1/s907,5888a9ecb84b
pair/b2outer3/pair_dev/corrected_gnn/i0/l10/s701,5888a9ecb84b
pair/b2outer3/pair_dev/corrected_gnn/i0/l10/s907,5888a9ecb84b
pair/b2outer3/pair_dev/corrected_gnn/i1/l0.1/s701,cb1e80dbab74
pair/b2outer3/pair_dev/corrected_gnn/i1/l0.1/s907,cb1e80dbab74
pair/b2outer3/pair_dev/corrected_gnn/i1/l1/s701,cb1e80dbab74
pair/b2outer3/pair_dev/corrected_gnn/i1/l1/s907,cb1e80dbab74
pair/b2outer3/pair_dev/corrected_gnn/i1/l10/s701,cb1e80dbab74
pair/b2outer3/pair_dev/corrected_gnn/i1/l10/s907,cb1e80dbab74
pair/b2outer3/pair_dev/corrected_gnn/i2/l0.1/s701,f3c4e1017c56
pair/b2outer3/pair_dev/corrected_gnn/i2/l0.1/s907,f3c4e1017c56
pair/b2outer3/pair_dev/corrected_gnn/i2/l1/s701,f3c4e1017c56
pair/b2outer3/pair_dev/corrected_gnn/i2/l1/s907,f3c4e1017c56
pair/b2outer3/pair_dev/corrected_gnn/i2/l10/s701,f3c4e1017c56
pair/b2outer3/pair_dev/corrected_gnn/i2/l10/s907,f3c4e1017c56
pair/b2outer3/pair_dev/corrected_no_message/i0/l0.1/s701,5888a9ecb84b
pair/b2outer3/pair_dev/corrected_no_message/i0/l0.1/s907,5888a9ecb84b
pair/b2outer3/pair_dev/corrected_no_message/i0/l1/s701,5888a9ecb84b
pair/b2outer3/pair_dev/corrected_no_message/i0/l1/s907,5888a9ecb84b
pair/b2outer3/pair_dev/corrected_no_message/i0/l10/s701,5888a9ecb84b
pair/b2outer3/pair_dev/corrected_no_message/i0/l10/s907,5888a9ecb84b
pair/b2outer3/pair_dev/corrected_no_message/i1/l0.1/s701,cb1e80dbab74
pair/b2outer3/pair_dev/corrected_no_message/i1/l0.1/s907,cb1e80dbab74
pair/b2outer3/pair_dev/corrected_no_message/i1/l1/s701,cb1e80dbab74
pair/b2outer3/pair_dev/corrected_no_message/i1/l1/s907,cb1e80dbab74
pair/b2outer3/pair_dev/corrected_no_message/i1/l10/s701,cb1e80dbab74
pair/b2outer3/pair_dev/corrected_no_message/i1/l10/s907,cb1e80dbab74
pair/b2outer3/pair_dev/corrected_no_message/i2/l0.1/s701,f3c4e1017c56
pair/b2outer3/pair_dev/corrected_no_message/i2/l0.1/s907,f3c4e1017c56
pair/b2outer3/pair_dev/corrected_no_message/i2/l1/s701,f3c4e1017c56
pair/b2outer3/pair_dev/corrected_no_message/i2/l1/s907,f3c4e1017c56
pair/b2outer3/pair_dev/corrected_no_message/i2/l10/s701,f3c4e1017c56
pair/b2outer3/pair_dev/corrected_no_message/i2/l10/s907,f3c4e1017c56
pair/b2outer3/ridge_dev/i0/alpha0.1,5888a9ecb84b
pair/b2outer3/ridge_dev/i0/alpha1,5888a9ecb84b
pair/b2outer3/ridge_dev/i0/alpha10,5888a9ecb84b
pair/b2outer3/ridge_dev/i1/alpha0.1,cb1e80dbab74
pair/b2outer3/ridge_dev/i1/alpha1,cb1e80dbab74
pair/b2outer3/ridge_dev/i1/alpha10,cb1e80dbab74
pair/b2outer3/ridge_dev/i2/alpha0.1,f3c4e1017c56
pair/b2outer3/ridge_dev/i2/alpha1,f3c4e1017c56
pair/b2outer3/ridge_dev/i2/alpha10,f3c4e1017c56
pair/b2outer3/tree_dev/i0/leaf2/s701,5888a9ecb84b
pair/b2outer3/tree_dev/i0/leaf2/s907,5888a9ecb84b
pair/b2outer3/tree_dev/i0/leaf8/s701,5888a9ecb84b
pair/b2outer3/tree_dev/i0/leaf8/s907,5888a9ecb84b
pair/b2outer3/tree_dev/i1/leaf2/s701,cb1e80dbab74
pair/b2outer3/tree_dev/i1/leaf2/s907,cb1e80dbab74
pair/b2outer3/tree_dev/i1/leaf8/s701,cb1e80dbab74
pair/b2outer3/tree_dev/i1/leaf8/s907,cb1e80dbab74
pair/b2outer3/tree_dev/i2/leaf2/s701,f3c4e1017c56
pair/b2outer3/tree_dev/i2/leaf2/s907,f3c4e1017c56
pair/b2outer3/tree_dev/i2/leaf8/s701,f3c4e1017c56
pair/b2outer3/tree_dev/i2/leaf8/s907,f3c4e1017c56
