fit,method,seed,parameters,selected_training_objective_nonzero_scalars,selected_training_objective_gradient_norm,lambda_pair,selected_activity_gradient_nonzero_scalars,selected_activity_gradient_zero_scalars,changed_from_initialized_scalars,selected_activity_gradient_norm,diagnostic_wall_s,optimizer_updates,gradient_scope
activity/deployment/final/corrected_gnn/s11027,corrected_gnn,11027,153345,85421,1.311831935002924,0.0,85421,67924,106628,1.311831935002924,0.6291392070706934,0,"Full training-partition normalized activity loss; dropout disabled, including pair-trained checkpoints. Exact zero comparison in recorded float arithmetic; not a count of all scalars ever data-updated over training."
activity/deployment/final/corrected_gnn/s1103,corrected_gnn,1103,153345,85755,7.957294738428028,0.0,85755,67590,105106,7.957294738428028,0.35802842397242785,0,"Full training-partition normalized activity loss; dropout disabled, including pair-trained checkpoints. Exact zero comparison in recorded float arithmetic; not a count of all scalars ever data-updated over training."
activity/deployment/final/corrected_gnn/s2207,corrected_gnn,2207,153345,71284,1.573801310044384,0.0,71284,82061,99574,1.573801310044384,0.3527543561067432,0,"Full training-partition normalized activity loss; dropout disabled, including pair-trained checkpoints. Exact zero comparison in recorded float arithmetic; not a count of all scalars ever data-updated over training."
activity/deployment/final/corrected_gnn/s3301,corrected_gnn,3301,153345,76540,5.154819732936455,0.0,76540,76805,105172,5.154819732936455,0.35698367189615965,0,"Full training-partition normalized activity loss; dropout disabled, including pair-trained checkpoints. Exact zero comparison in recorded float arithmetic; not a count of all scalars ever data-updated over training."
activity/deployment/final/corrected_gnn/s4409,corrected_gnn,4409,153345,88737,2.0195242970431577,0.0,88737,64608,102961,2.0195242970431577,0.35240604309365153,0,"Full training-partition normalized activity loss; dropout disabled, including pair-trained checkpoints. Exact zero comparison in recorded float arithmetic; not a count of all scalars ever data-updated over training."
activity/deployment/final/corrected_gnn/s5519,corrected_gnn,5519,153345,86441,5.674575678063966,0.0,86441,66904,98521,5.674575678063966,0.3520425958558917,0,"Full training-partition normalized activity loss; dropout disabled, including pair-trained checkpoints. Exact zero comparison in recorded float arithmetic; not a count of all scalars ever data-updated over training."
activity/deployment/final/corrected_gnn/s6637,corrected_gnn,6637,153345,77545,1.6411713550759313,0.0,77545,75800,105520,1.6411713550759313,0.371372734894976,0,"Full training-partition normalized activity loss; dropout disabled, including pair-trained checkpoints. Exact zero comparison in recorded float arithmetic; not a count of all scalars ever data-updated over training."
activity/deployment/final/corrected_gnn/s7753,corrected_gnn,7753,153345,81878,2.033332941489168,0.0,81878,71467,106196,2.033332941489168,0.35151188098825514,0,"Full training-partition normalized activity loss; dropout disabled, including pair-trained checkpoints. Exact zero comparison in recorded float arithmetic; not a count of all scalars ever data-updated over training."
activity/deployment/final/corrected_gnn/s8867,corrected_gnn,8867,153345,73107,5.79964006316897,0.0,73107,80238,100510,5.79964006316897,0.3530630620662123,0,"Full training-partition normalized activity loss; dropout disabled, including pair-trained checkpoints. Exact zero comparison in recorded float arithmetic; not a count of all scalars ever data-updated over training."
activity/deployment/final/corrected_gnn/s9973,corrected_gnn,9973,153345,80089,0.9815438764129214,0.0,80089,73256,106044,0.9815438764129214,0.3722440970595926,0,"Full training-partition normalized activity loss; dropout disabled, including pair-trained checkpoints. Exact zero comparison in recorded float arithmetic; not a count of all scalars ever data-updated over training."
activity/deployment/final/corrected_no_message/s11027,corrected_no_message,11027,153345,81646,1.5057892208154728,0.0,81646,71699,106103,1.5057892208154728,0.3477609739638865,0,"Full training-partition normalized activity loss; dropout disabled, including pair-trained checkpoints. Exact zero comparison in recorded float arithmetic; not a count of all scalars ever data-updated over training."
activity/deployment/final/corrected_no_message/s1103,corrected_no_message,1103,153345,84237,8.856425466574931,0.0,84237,69108,104990,8.856425466574931,0.36670324695296586,0,"Full training-partition normalized activity loss; dropout disabled, including pair-trained checkpoints. Exact zero comparison in recorded float arithmetic; not a count of all scalars ever data-updated over training."
activity/deployment/final/corrected_no_message/s2207,corrected_no_message,2207,153345,74211,2.9423248900898384,0.0,74211,79134,99356,2.9423248900898384,0.34789093607105315,0,"Full training-partition normalized activity loss; dropout disabled, including pair-trained checkpoints. Exact zero comparison in recorded float arithmetic; not a count of all scalars ever data-updated over training."
activity/deployment/final/corrected_no_message/s3301,corrected_no_message,3301,153345,78323,4.707199776297134,0.0,78323,75022,103617,4.707199776297134,0.3463555509224534,0,"Full training-partition normalized activity loss; dropout disabled, including pair-trained checkpoints. Exact zero comparison in recorded float arithmetic; not a count of all scalars ever data-updated over training."
activity/deployment/final/corrected_no_message/s4409,corrected_no_message,4409,153345,90093,1.8118277231152706,0.0,90093,63252,102748,1.8118277231152706,0.3554100829642266,0,"Full training-partition normalized activity loss; dropout disabled, including pair-trained checkpoints. Exact zero comparison in recorded float arithmetic; not a count of all scalars ever data-updated over training."
activity/deployment/final/corrected_no_message/s5519,corrected_no_message,5519,153345,81973,5.61275717587468,0.0,81973,71372,98280,5.61275717587468,0.3669751521665603,0,"Full training-partition normalized activity loss; dropout disabled, including pair-trained checkpoints. Exact zero comparison in recorded float arithmetic; not a count of all scalars ever data-updated over training."
activity/deployment/final/corrected_no_message/s6637,corrected_no_message,6637,153345,83384,1.190459571549452,0.0,83384,69961,105844,1.190459571549452,0.3469554448965937,0,"Full training-partition normalized activity loss; dropout disabled, including pair-trained checkpoints. Exact zero comparison in recorded float arithmetic; not a count of all scalars ever data-updated over training."
activity/deployment/final/corrected_no_message/s7753,corrected_no_message,7753,153345,83065,2.437333440790618,0.0,83065,70280,106281,2.437333440790618,0.368203264195472,0,"Full training-partition normalized activity loss; dropout disabled, including pair-trained checkpoints. Exact zero comparison in recorded float arithmetic; not a count of all scalars ever data-updated over training."
activity/deployment/final/corrected_no_message/s8867,corrected_no_message,8867,153345,72842,5.452056597268034,0.0,72842,80503,101955,5.452056597268034,0.34800087683834136,0,"Full training-partition normalized activity loss; dropout disabled, including pair-trained checkpoints. Exact zero comparison in recorded float arithmetic; not a count of all scalars ever data-updated over training."
activity/deployment/final/corrected_no_message/s9973,corrected_no_message,9973,153345,79567,1.0309582729796283,0.0,79567,73778,107559,1.0309582729796283,0.3496774220839143,0,"Full training-partition normalized activity loss; dropout disabled, including pair-trained checkpoints. Exact zero comparison in recorded float arithmetic; not a count of all scalars ever data-updated over training."
activity/deployment/final/original_gnn/s11027,original_gnn,11027,153345,85421,1.311831935002924,0.0,85421,67924,106628,1.311831935002924,0.32794277695938945,0,"Full training-partition normalized activity loss; dropout disabled, including pair-trained checkpoints. Exact zero comparison in recorded float arithmetic; not a count of all scalars ever data-updated over training."
activity/deployment/final/original_gnn/s1103,original_gnn,1103,153345,85755,7.957294738428028,0.0,85755,67590,105106,7.957294738428028,0.327613138128072,0,"Full training-partition normalized activity loss; dropout disabled, including pair-trained checkpoints. Exact zero comparison in recorded float arithmetic; not a count of all scalars ever data-updated over training."
activity/deployment/final/original_gnn/s2207,original_gnn,2207,153345,71284,1.573801310044384,0.0,71284,82061,99574,1.573801310044384,0.3304694648832083,0,"Full training-partition normalized activity loss; dropout disabled, including pair-trained checkpoints. Exact zero comparison in recorded float arithmetic; not a count of all scalars ever data-updated over training."
activity/deployment/final/original_gnn/s3301,original_gnn,3301,153345,76540,5.154819732936455,0.0,76540,76805,105172,5.154819732936455,0.34269634378142655,0,"Full training-partition normalized activity loss; dropout disabled, including pair-trained checkpoints. Exact zero comparison in recorded float arithmetic; not a count of all scalars ever data-updated over training."
activity/deployment/final/original_gnn/s4409,original_gnn,4409,153345,88737,2.0195242970431577,0.0,88737,64608,102961,2.0195242970431577,0.3285270119085908,0,"Full training-partition normalized activity loss; dropout disabled, including pair-trained checkpoints. Exact zero comparison in recorded float arithmetic; not a count of all scalars ever data-updated over training."
activity/deployment/final/original_gnn/s5519,original_gnn,5519,153345,86441,5.674575678063966,0.0,86441,66904,98521,5.674575678063966,0.32556023984216154,0,"Full training-partition normalized activity loss; dropout disabled, including pair-trained checkpoints. Exact zero comparison in recorded float arithmetic; not a count of all scalars ever data-updated over training."
activity/deployment/final/original_gnn/s6637,original_gnn,6637,153345,77545,1.6411713550759313,0.0,77545,75800,105520,1.6411713550759313,0.3467431489843875,0,"Full training-partition normalized activity loss; dropout disabled, including pair-trained checkpoints. Exact zero comparison in recorded float arithmetic; not a count of all scalars ever data-updated over training."
activity/deployment/final/original_gnn/s7753,original_gnn,7753,153345,81878,2.033332941489168,0.0,81878,71467,106196,2.033332941489168,0.32860644813627005,0,"Full training-partition normalized activity loss; dropout disabled, including pair-trained checkpoints. Exact zero comparison in recorded float arithmetic; not a count of all scalars ever data-updated over training."
activity/deployment/final/original_gnn/s8867,original_gnn,8867,153345,73107,5.79964006316897,0.0,73107,80238,100510,5.79964006316897,0.326284714974463,0,"Full training-partition normalized activity loss; dropout disabled, including pair-trained checkpoints. Exact zero comparison in recorded float arithmetic; not a count of all scalars ever data-updated over training."
activity/deployment/final/original_gnn/s9973,original_gnn,9973,153345,80089,0.9815438764129214,0.0,80089,73256,106044,0.9815438764129214,0.3468921179883182,0,"Full training-partition normalized activity loss; dropout disabled, including pair-trained checkpoints. Exact zero comparison in recorded float arithmetic; not a count of all scalars ever data-updated over training."
activity/deployment/final/original_no_message/s11027,original_no_message,11027,153345,81646,1.5057892208154728,0.0,81646,71699,106103,1.5057892208154728,0.3240181200671941,0,"Full training-partition normalized activity loss; dropout disabled, including pair-trained checkpoints. Exact zero comparison in recorded float arithmetic; not a count of all scalars ever data-updated over training."
activity/deployment/final/original_no_message/s1103,original_no_message,1103,153345,84237,8.856425466574931,0.0,84237,69108,104990,8.856425466574931,0.3225725169759244,0,"Full training-partition normalized activity loss; dropout disabled, including pair-trained checkpoints. Exact zero comparison in recorded float arithmetic; not a count of all scalars ever data-updated over training."
activity/deployment/final/original_no_message/s2207,original_no_message,2207,153345,74211,2.9423248900898384,0.0,74211,79134,99356,2.9423248900898384,0.3410966880619526,0,"Full training-partition normalized activity loss; dropout disabled, including pair-trained checkpoints. Exact zero comparison in recorded float arithmetic; not a count of all scalars ever data-updated over training."
activity/deployment/final/original_no_message/s3301,original_no_message,3301,153345,78323,4.707199776297134,0.0,78323,75022,103617,4.707199776297134,0.3217049560043961,0,"Full training-partition normalized activity loss; dropout disabled, including pair-trained checkpoints. Exact zero comparison in recorded float arithmetic; not a count of all scalars ever data-updated over training."
activity/deployment/final/original_no_message/s4409,original_no_message,4409,153345,90093,1.8118277231152706,0.0,90093,63252,102748,1.8118277231152706,0.32041733292862773,0,"Full training-partition normalized activity loss; dropout disabled, including pair-trained checkpoints. Exact zero comparison in recorded float arithmetic; not a count of all scalars ever data-updated over training."
activity/deployment/final/original_no_message/s5519,original_no_message,5519,153345,81973,5.61275717587468,0.0,81973,71372,98280,5.61275717587468,0.32315054116770625,0,"Full training-partition normalized activity loss; dropout disabled, including pair-trained checkpoints. Exact zero comparison in recorded float arithmetic; not a count of all scalars ever data-updated over training."
activity/deployment/final/original_no_message/s6637,original_no_message,6637,153345,83384,1.190459571549452,0.0,83384,69961,105844,1.190459571549452,0.32221913104876876,0,"Full training-partition normalized activity loss; dropout disabled, including pair-trained checkpoints. Exact zero comparison in recorded float arithmetic; not a count of all scalars ever data-updated over training."
activity/deployment/final/original_no_message/s7753,original_no_message,7753,153345,83065,2.437333440790618,0.0,83065,70280,106281,2.437333440790618,0.323094978928566,0,"Full training-partition normalized activity loss; dropout disabled, including pair-trained checkpoints. Exact zero comparison in recorded float arithmetic; not a count of all scalars ever data-updated over training."
activity/deployment/final/original_no_message/s8867,original_no_message,8867,153345,72842,5.452056597268034,0.0,72842,80503,101955,5.452056597268034,0.3415403568651527,0,"Full training-partition normalized activity loss; dropout disabled, including pair-trained checkpoints. Exact zero comparison in recorded float arithmetic; not a count of all scalars ever data-updated over training."
activity/deployment/final/original_no_message/s9973,original_no_message,9973,153345,79567,1.0309582729796283,0.0,79567,73778,107559,1.0309582729796283,0.32360711810179055,0,"Full training-partition normalized activity loss; dropout disabled, including pair-trained checkpoints. Exact zero comparison in recorded float arithmetic; not a count of all scalars ever data-updated over training."
activity/deployment/final/token_cnn/s11027,token_cnn,11027,140929,70624,0.6056784098983358,0.0,70624,70305,88496,0.6056784098983358,0.37082254188135266,0,"Full training-partition normalized activity loss; dropout disabled, including pair-trained checkpoints. Exact zero comparison in recorded float arithmetic; not a count of all scalars ever data-updated over training."
activity/deployment/final/token_cnn/s1103,token_cnn,1103,140929,64624,0.8170678328268731,0.0,64624,76305,81462,0.8170678328268731,0.3118617320433259,0,"Full training-partition normalized activity loss; dropout disabled, including pair-trained checkpoints. Exact zero comparison in recorded float arithmetic; not a count of all scalars ever data-updated over training."
activity/deployment/final/token_cnn/s2207,token_cnn,2207,140929,65617,1.0217419379223185,0.0,65617,75312,89053,1.0217419379223185,0.29345339722931385,0,"Full training-partition normalized activity loss; dropout disabled, including pair-trained checkpoints. Exact zero comparison in recorded float arithmetic; not a count of all scalars ever data-updated over training."
activity/deployment/final/token_cnn/s3301,token_cnn,3301,140929,64627,0.5833426410173833,0.0,64627,76302,86434,0.5833426410173833,0.2953010690398514,0,"Full training-partition normalized activity loss; dropout disabled, including pair-trained checkpoints. Exact zero comparison in recorded float arithmetic; not a count of all scalars ever data-updated over training."
activity/deployment/final/token_cnn/s4409,token_cnn,4409,140929,73646,0.5714887666855338,0.0,73646,67283,92559,0.5714887666855338,0.3064370241481811,0,"Full training-partition normalized activity loss; dropout disabled, including pair-trained checkpoints. Exact zero comparison in recorded float arithmetic; not a count of all scalars ever data-updated over training."
activity/deployment/final/token_cnn/s5519,token_cnn,5519,140929,75924,0.47069069095074845,0.0,75924,65005,94143,0.47069069095074845,0.29488929896615446,0,"Full training-partition normalized activity loss; dropout disabled, including pair-trained checkpoints. Exact zero comparison in recorded float arithmetic; not a count of all scalars ever data-updated over training."
activity/deployment/final/token_cnn/s6637,token_cnn,6637,140929,68716,1.8490249897402102,0.0,68716,72213,92472,1.8490249897402102,0.2909440288785845,0,"Full training-partition normalized activity loss; dropout disabled, including pair-trained checkpoints. Exact zero comparison in recorded float arithmetic; not a count of all scalars ever data-updated over training."
activity/deployment/final/token_cnn/s7753,token_cnn,7753,140929,65910,0.9248578064234427,0.0,65910,75019,86141,0.9248578064234427,0.2930476190522313,0,"Full training-partition normalized activity loss; dropout disabled, including pair-trained checkpoints. Exact zero comparison in recorded float arithmetic; not a count of all scalars ever data-updated over training."
activity/deployment/final/token_cnn/s8867,token_cnn,8867,140929,55172,0.6626598728153325,0.0,55172,85757,87516,0.6626598728153325,0.294718979857862,0,"Full training-partition normalized activity loss; dropout disabled, including pair-trained checkpoints. Exact zero comparison in recorded float arithmetic; not a count of all scalars ever data-updated over training."
activity/deployment/final/token_cnn/s9973,token_cnn,9973,140929,67022,1.5711370647346565,0.0,67022,73907,84695,1.5711370647346565,0.29330194112844765,0,"Full training-partition normalized activity loss; dropout disabled, including pair-trained checkpoints. Exact zero comparison in recorded float arithmetic; not a count of all scalars ever data-updated over training."
activity/outer0/final/corrected_gnn/s11027,corrected_gnn,11027,153345,75161,1.708455990114,0.0,75161,78184,106712,1.708455990114,0.18168204301036894,0,"Full training-partition normalized activity loss; dropout disabled, including pair-trained checkpoints. Exact zero comparison in recorded float arithmetic; not a count of all scalars ever data-updated over training."
activity/outer0/final/corrected_gnn/s1103,corrected_gnn,1103,153345,84115,0.7006602539670193,0.0,84115,69230,106698,0.7006602539670193,0.21073356084525585,0,"Full training-partition normalized activity loss; dropout disabled, including pair-trained checkpoints. Exact zero comparison in recorded float arithmetic; not a count of all scalars ever data-updated over training."
activity/outer0/final/corrected_gnn/s2207,corrected_gnn,2207,153345,84232,3.1690779063600245,0.0,84232,69113,106100,3.1690779063600245,0.18225268204696476,0,"Full training-partition normalized activity loss; dropout disabled, including pair-trained checkpoints. Exact zero comparison in recorded float arithmetic; not a count of all scalars ever data-updated over training."
activity/outer0/final/corrected_gnn/s3301,corrected_gnn,3301,153345,80286,2.6057687149583444,0.0,80286,73059,106218,2.6057687149583444,0.21068069315515459,0,"Full training-partition normalized activity loss; dropout disabled, including pair-trained checkpoints. Exact zero comparison in recorded float arithmetic; not a count of all scalars ever data-updated over training."
activity/outer0/final/corrected_gnn/s4409,corrected_gnn,4409,153345,89346,1.5360957591934588,0.0,89346,63999,106477,1.5360957591934588,0.18076715199276805,0,"Full training-partition normalized activity loss; dropout disabled, including pair-trained checkpoints. Exact zero comparison in recorded float arithmetic; not a count of all scalars ever data-updated over training."
activity/outer0/final/corrected_gnn/s5519,corrected_gnn,5519,153345,73971,2.2940226760690643,0.0,73971,79374,102148,2.2940226760690643,0.21057939203456044,0,"Full training-partition normalized activity loss; dropout disabled, including pair-trained checkpoints. Exact zero comparison in recorded float arithmetic; not a count of all scalars ever data-updated over training."
activity/outer0/final/corrected_gnn/s6637,corrected_gnn,6637,153345,81664,1.2912298240963431,0.0,81664,71681,107610,1.2912298240963431,0.18217054195702076,0,"Full training-partition normalized activity loss; dropout disabled, including pair-trained checkpoints. Exact zero comparison in recorded float arithmetic; not a count of all scalars ever data-updated over training."
activity/outer0/final/corrected_gnn/s7753,corrected_gnn,7753,153345,89522,1.403884209200679,0.0,89522,63823,106262,1.403884209200679,0.21062299888581038,0,"Full training-partition normalized activity loss; dropout disabled, including pair-trained checkpoints. Exact zero comparison in recorded float arithmetic; not a count of all scalars ever data-updated over training."
activity/outer0/final/corrected_gnn/s8867,corrected_gnn,8867,153345,78790,0.6389289577424629,0.0,78790,74555,102404,0.6389289577424629,0.1833268329501152,0,"Full training-partition normalized activity loss; dropout disabled, including pair-trained checkpoints. Exact zero comparison in recorded float arithmetic; not a count of all scalars ever data-updated over training."
activity/outer0/final/corrected_gnn/s9973,corrected_gnn,9973,153345,83969,1.6814887190361214,0.0,83969,69376,107623,1.6814887190361214,0.21090019308030605,0,"Full training-partition normalized activity loss; dropout disabled, including pair-trained checkpoints. Exact zero comparison in recorded float arithmetic; not a count of all scalars ever data-updated over training."
activity/outer0/final/corrected_no_message/s11027,corrected_no_message,11027,153345,58165,2.9739561447630654,0.0,58165,95180,153345,2.9739561447630654,0.17980547901242971,0,"Full training-partition normalized activity loss; dropout disabled, including pair-trained checkpoints. Exact zero comparison in recorded float arithmetic; not a count of all scalars ever data-updated over training."
activity/outer0/final/corrected_no_message/s1103,corrected_no_message,1103,153345,65665,0.8298264712373717,0.0,65665,87680,153345,0.8298264712373717,0.2089548851363361,0,"Full training-partition normalized activity loss; dropout disabled, including pair-trained checkpoints. Exact zero comparison in recorded float arithmetic; not a count of all scalars ever data-updated over training."
activity/outer0/final/corrected_no_message/s2207,corrected_no_message,2207,153345,64901,0.8250654770313823,0.0,64901,88444,153345,0.8250654770313823,0.20912959799170494,0,"Full training-partition normalized activity loss; dropout disabled, including pair-trained checkpoints. Exact zero comparison in recorded float arithmetic; not a count of all scalars ever data-updated over training."
activity/outer0/final/corrected_no_message/s3301,corrected_no_message,3301,153345,61669,0.7289832355323705,0.0,61669,91676,153345,0.7289832355323705,0.17789929709397256,0,"Full training-partition normalized activity loss; dropout disabled, including pair-trained checkpoints. Exact zero comparison in recorded float arithmetic; not a count of all scalars ever data-updated over training."
activity/outer0/final/corrected_no_message/s4409,corrected_no_message,4409,153345,67976,2.2765575409154954,0.0,67976,85369,153345,2.2765575409154954,0.20800090511329472,0,"Full training-partition normalized activity loss; dropout disabled, including pair-trained checkpoints. Exact zero comparison in recorded float arithmetic; not a count of all scalars ever data-updated over training."
activity/outer0/final/corrected_no_message/s5519,corrected_no_message,5519,153345,37346,2.0870841277853036,0.0,37346,115999,153345,2.0870841277853036,0.17953223385848105,0,"Full training-partition normalized activity loss; dropout disabled, including pair-trained checkpoints. Exact zero comparison in recorded float arithmetic; not a count of all scalars ever data-updated over training."
activity/outer0/final/corrected_no_message/s6637,corrected_no_message,6637,153345,70537,2.3058761812227537,0.0,70537,82808,153345,2.3058761812227537,0.20999346510507166,0,"Full training-partition normalized activity loss; dropout disabled, including pair-trained checkpoints. Exact zero comparison in recorded float arithmetic; not a count of all scalars ever data-updated over training."
activity/outer0/final/corrected_no_message/s7753,corrected_no_message,7753,153345,72716,0.6483685714290165,0.0,72716,80629,153345,0.6483685714290165,0.18084444105625153,0,"Full training-partition normalized activity loss; dropout disabled, including pair-trained checkpoints. Exact zero comparison in recorded float arithmetic; not a count of all scalars ever data-updated over training."
activity/outer0/final/corrected_no_message/s8867,corrected_no_message,8867,153345,66233,1.7868794448123604,0.0,66233,87112,153345,1.7868794448123604,0.20908630918711424,0,"Full training-partition normalized activity loss; dropout disabled, including pair-trained checkpoints. Exact zero comparison in recorded float arithmetic; not a count of all scalars ever data-updated over training."
activity/outer0/final/corrected_no_message/s9973,corrected_no_message,9973,153345,60631,1.8628037165561766,0.0,60631,92714,153345,1.8628037165561766,0.17881733016110957,0,"Full training-partition normalized activity loss; dropout disabled, including pair-trained checkpoints. Exact zero comparison in recorded float arithmetic; not a count of all scalars ever data-updated over training."
activity/outer0/final/original_gnn/s11027,original_gnn,11027,153345,75161,1.708455990114,0.0,75161,78184,106712,1.708455990114,0.20290928101167083,0,"Full training-partition normalized activity loss; dropout disabled, including pair-trained checkpoints. Exact zero comparison in recorded float arithmetic; not a count of all scalars ever data-updated over training."
activity/outer0/final/original_gnn/s1103,original_gnn,1103,153345,84115,0.7006602539670193,0.0,84115,69230,106698,0.7006602539670193,0.17256275401450694,0,"Full training-partition normalized activity loss; dropout disabled, including pair-trained checkpoints. Exact zero comparison in recorded float arithmetic; not a count of all scalars ever data-updated over training."
activity/outer0/final/original_gnn/s2207,original_gnn,2207,153345,84232,3.1690779063600245,0.0,84232,69113,106100,3.1690779063600245,0.20193518185988069,0,"Full training-partition normalized activity loss; dropout disabled, including pair-trained checkpoints. Exact zero comparison in recorded float arithmetic; not a count of all scalars ever data-updated over training."
activity/outer0/final/original_gnn/s3301,original_gnn,3301,153345,80286,2.6057687149583444,0.0,80286,73059,106218,2.6057687149583444,0.1958745599258691,0,"Full training-partition normalized activity loss; dropout disabled, including pair-trained checkpoints. Exact zero comparison in recorded float arithmetic; not a count of all scalars ever data-updated over training."
activity/outer0/final/original_gnn/s4409,original_gnn,4409,153345,89346,1.5360957591934588,0.0,89346,63999,106477,1.5360957591934588,0.2024180069565773,0,"Full training-partition normalized activity loss; dropout disabled, including pair-trained checkpoints. Exact zero comparison in recorded float arithmetic; not a count of all scalars ever data-updated over training."
activity/outer0/final/original_gnn/s5519,original_gnn,5519,153345,73971,2.2940226760690643,0.0,73971,79374,102148,2.2940226760690643,0.17386444308795035,0,"Full training-partition normalized activity loss; dropout disabled, including pair-trained checkpoints. Exact zero comparison in recorded float arithmetic; not a count of all scalars ever data-updated over training."
activity/outer0/final/original_gnn/s6637,original_gnn,6637,153345,81664,1.2912298240963431,0.0,81664,71681,107610,1.2912298240963431,0.2016442201565951,0,"Full training-partition normalized activity loss; dropout disabled, including pair-trained checkpoints. Exact zero comparison in recorded float arithmetic; not a count of all scalars ever data-updated over training."
activity/outer0/final/original_gnn/s7753,original_gnn,7753,153345,89522,1.403884209200679,0.0,89522,63823,106262,1.403884209200679,0.20185430604033172,0,"Full training-partition normalized activity loss; dropout disabled, including pair-trained checkpoints. Exact zero comparison in recorded float arithmetic; not a count of all scalars ever data-updated over training."
activity/outer0/final/original_gnn/s8867,original_gnn,8867,153345,78790,0.6389289577424629,0.0,78790,74555,102404,0.6389289577424629,0.2021356460172683,0,"Full training-partition normalized activity loss; dropout disabled, including pair-trained checkpoints. Exact zero comparison in recorded float arithmetic; not a count of all scalars ever data-updated over training."
activity/outer0/final/original_gnn/s9973,original_gnn,9973,153345,83969,1.6814887190361214,0.0,83969,69376,107623,1.6814887190361214,0.17476193490438163,0,"Full training-partition normalized activity loss; dropout disabled, including pair-trained checkpoints. Exact zero comparison in recorded float arithmetic; not a count of all scalars ever data-updated over training."
activity/outer0/final/original_no_message/s11027,original_no_message,11027,153345,58165,2.9739561447630654,0.0,58165,95180,153345,2.9739561447630654,0.19947436405345798,0,"Full training-partition normalized activity loss; dropout disabled, including pair-trained checkpoints. Exact zero comparison in recorded float arithmetic; not a count of all scalars ever data-updated over training."
activity/outer0/final/original_no_message/s1103,original_no_message,1103,153345,65665,0.8298264712373717,0.0,65665,87680,153345,0.8298264712373717,0.16942389286123216,0,"Full training-partition normalized activity loss; dropout disabled, including pair-trained checkpoints. Exact zero comparison in recorded float arithmetic; not a count of all scalars ever data-updated over training."
activity/outer0/final/original_no_message/s2207,original_no_message,2207,153345,64901,0.8250654770313823,0.0,64901,88444,153345,0.8250654770313823,0.20070022786967456,0,"Full training-partition normalized activity loss; dropout disabled, including pair-trained checkpoints. Exact zero comparison in recorded float arithmetic; not a count of all scalars ever data-updated over training."
activity/outer0/final/original_no_message/s3301,original_no_message,3301,153345,61669,0.7289832355323705,0.0,61669,91676,153345,0.7289832355323705,0.17232045903801918,0,"Full training-partition normalized activity loss; dropout disabled, including pair-trained checkpoints. Exact zero comparison in recorded float arithmetic; not a count of all scalars ever data-updated over training."
activity/outer0/final/original_no_message/s4409,original_no_message,4409,153345,67976,2.2765575409154954,0.0,67976,85369,153345,2.2765575409154954,0.19979442190378904,0,"Full training-partition normalized activity loss; dropout disabled, including pair-trained checkpoints. Exact zero comparison in recorded float arithmetic; not a count of all scalars ever data-updated over training."
activity/outer0/final/original_no_message/s5519,original_no_message,5519,153345,37346,2.0870841277853036,0.0,37346,115999,153345,2.0870841277853036,0.17158734309487045,0,"Full training-partition normalized activity loss; dropout disabled, including pair-trained checkpoints. Exact zero comparison in recorded float arithmetic; not a count of all scalars ever data-updated over training."
activity/outer0/final/original_no_message/s6637,original_no_message,6637,153345,70537,2.3058761812227537,0.0,70537,82808,153345,2.3058761812227537,0.20000203093513846,0,"Full training-partition normalized activity loss; dropout disabled, including pair-trained checkpoints. Exact zero comparison in recorded float arithmetic; not a count of all scalars ever data-updated over training."
activity/outer0/final/original_no_message/s7753,original_no_message,7753,153345,72716,0.6483685714290165,0.0,72716,80629,153345,0.6483685714290165,0.17060423898510635,0,"Full training-partition normalized activity loss; dropout disabled, including pair-trained checkpoints. Exact zero comparison in recorded float arithmetic; not a count of all scalars ever data-updated over training."
activity/outer0/final/original_no_message/s8867,original_no_message,8867,153345,66233,1.7868794448123604,0.0,66233,87112,153345,1.7868794448123604,0.20028847502544522,0,"Full training-partition normalized activity loss; dropout disabled, including pair-trained checkpoints. Exact zero comparison in recorded float arithmetic; not a count of all scalars ever data-updated over training."
activity/outer0/final/original_no_message/s9973,original_no_message,9973,153345,60631,1.8628037165561766,0.0,60631,92714,153345,1.8628037165561766,0.1715483060106635,0,"Full training-partition normalized activity loss; dropout disabled, including pair-trained checkpoints. Exact zero comparison in recorded float arithmetic; not a count of all scalars ever data-updated over training."
activity/outer0/final/token_cnn/s11027,token_cnn,11027,140929,53802,0.49522263837550407,0.0,53802,87127,140929,0.49522263837550407,0.18942493083886802,0,"Full training-partition normalized activity loss; dropout disabled, including pair-trained checkpoints. Exact zero comparison in recorded float arithmetic; not a count of all scalars ever data-updated over training."
activity/outer0/final/token_cnn/s1103,token_cnn,1103,140929,53824,0.36609297454115797,0.0,53824,87105,140929,0.36609297454115797,0.1869289819151163,0,"Full training-partition normalized activity loss; dropout disabled, including pair-trained checkpoints. Exact zero comparison in recorded float arithmetic; not a count of all scalars ever data-updated over training."
activity/outer0/final/token_cnn/s2207,token_cnn,2207,140929,46496,0.5308286139324749,0.0,46496,94433,140929,0.5308286139324749,0.18770292005501688,0,"Full training-partition normalized activity loss; dropout disabled, including pair-trained checkpoints. Exact zero comparison in recorded float arithmetic; not a count of all scalars ever data-updated over training."
activity/outer0/final/token_cnn/s3301,token_cnn,3301,140929,39170,0.37927755128372787,0.0,39170,101759,140927,0.37927755128372787,0.19485116004943848,0,"Full training-partition normalized activity loss; dropout disabled, including pair-trained checkpoints. Exact zero comparison in recorded float arithmetic; not a count of all scalars ever data-updated over training."
activity/outer0/final/token_cnn/s4409,token_cnn,4409,140929,54956,0.9813026395595853,0.0,54956,85973,140929,0.9813026395595853,0.1885989720467478,0,"Full training-partition normalized activity loss; dropout disabled, including pair-trained checkpoints. Exact zero comparison in recorded float arithmetic; not a count of all scalars ever data-updated over training."
activity/outer0/final/token_cnn/s5519,token_cnn,5519,140929,25127,0.6475581764843785,0.0,25127,115802,140929,0.6475581764843785,0.1868289380799979,0,"Full training-partition normalized activity loss; dropout disabled, including pair-trained checkpoints. Exact zero comparison in recorded float arithmetic; not a count of all scalars ever data-updated over training."
activity/outer0/final/token_cnn/s6637,token_cnn,6637,140929,58190,0.6020972409427875,0.0,58190,82739,140928,0.6020972409427875,0.18767946516163647,0,"Full training-partition normalized activity loss; dropout disabled, including pair-trained checkpoints. Exact zero comparison in recorded float arithmetic; not a count of all scalars ever data-updated over training."
activity/outer0/final/token_cnn/s7753,token_cnn,7753,140929,38899,0.5150582727029471,0.0,38899,102030,140927,0.5150582727029471,0.186902655987069,0,"Full training-partition normalized activity loss; dropout disabled, including pair-trained checkpoints. Exact zero comparison in recorded float arithmetic; not a count of all scalars ever data-updated over training."
activity/outer0/final/token_cnn/s8867,token_cnn,8867,140929,32946,0.30649187240778764,0.0,32946,107983,140929,0.30649187240778764,0.18754515703767538,0,"Full training-partition normalized activity loss; dropout disabled, including pair-trained checkpoints. Exact zero comparison in recorded float arithmetic; not a count of all scalars ever data-updated over training."
activity/outer0/final/token_cnn/s9973,token_cnn,9973,140929,52486,0.9028723256293725,0.0,52486,88443,140928,0.9028723256293725,0.18775159702636302,0,"Full training-partition normalized activity loss; dropout disabled, including pair-trained checkpoints. Exact zero comparison in recorded float arithmetic; not a count of all scalars ever data-updated over training."
activity/outer1/final/corrected_gnn/s11027,corrected_gnn,11027,153345,68460,1.300466185394429,0.0,68460,84885,102242,1.300466185394429,0.32053774292580783,0,"Full training-partition normalized activity loss; dropout disabled, including pair-trained checkpoints. Exact zero comparison in recorded float arithmetic; not a count of all scalars ever data-updated over training."
activity/outer1/final/corrected_gnn/s1103,corrected_gnn,1103,153345,70451,2.1738051347677767,0.0,70451,82894,99788,2.1738051347677767,0.30906732589937747,0,"Full training-partition normalized activity loss; dropout disabled, including pair-trained checkpoints. Exact zero comparison in recorded float arithmetic; not a count of all scalars ever data-updated over training."
activity/outer1/final/corrected_gnn/s2207,corrected_gnn,2207,153345,76147,6.0217850445772605,0.0,76147,77198,98685,6.0217850445772605,0.3206935490015894,0,"Full training-partition normalized activity loss; dropout disabled, including pair-trained checkpoints. Exact zero comparison in recorded float arithmetic; not a count of all scalars ever data-updated over training."
activity/outer1/final/corrected_gnn/s3301,corrected_gnn,3301,153345,76769,1.0581219123762111,0.0,76769,76576,103246,1.0581219123762111,0.30615019518882036,0,"Full training-partition normalized activity loss; dropout disabled, including pair-trained checkpoints. Exact zero comparison in recorded float arithmetic; not a count of all scalars ever data-updated over training."
activity/outer1/final/corrected_gnn/s4409,corrected_gnn,4409,153345,82998,1.7726751519925805,0.0,82998,70347,100245,1.7726751519925805,0.3210341180674732,0,"Full training-partition normalized activity loss; dropout disabled, including pair-trained checkpoints. Exact zero comparison in recorded float arithmetic; not a count of all scalars ever data-updated over training."
activity/outer1/final/corrected_gnn/s5519,corrected_gnn,5519,153345,73887,2.078742742030809,0.0,73887,79458,92916,2.078742742030809,0.3200893490575254,0,"Full training-partition normalized activity loss; dropout disabled, including pair-trained checkpoints. Exact zero comparison in recorded float arithmetic; not a count of all scalars ever data-updated over training."
activity/outer1/final/corrected_gnn/s6637,corrected_gnn,6637,153345,70673,1.1619932467531233,0.0,70673,82672,100926,1.1619932467531233,0.32141708699055016,0,"Full training-partition normalized activity loss; dropout disabled, including pair-trained checkpoints. Exact zero comparison in recorded float arithmetic; not a count of all scalars ever data-updated over training."
activity/outer1/final/corrected_gnn/s7753,corrected_gnn,7753,153345,73688,1.8137132365537887,0.0,73688,79657,97406,1.8137132365537887,0.308638651156798,0,"Full training-partition normalized activity loss; dropout disabled, including pair-trained checkpoints. Exact zero comparison in recorded float arithmetic; not a count of all scalars ever data-updated over training."
activity/outer1/final/corrected_gnn/s8867,corrected_gnn,8867,153345,62313,1.218338899983547,0.0,62313,91032,97190,1.218338899983547,0.32121950411237776,0,"Full training-partition normalized activity loss; dropout disabled, including pair-trained checkpoints. Exact zero comparison in recorded float arithmetic; not a count of all scalars ever data-updated over training."
activity/outer1/final/corrected_gnn/s9973,corrected_gnn,9973,153345,75591,0.7262405957943239,0.0,75591,77754,103185,0.7262405957943239,0.3199531480204314,0,"Full training-partition normalized activity loss; dropout disabled, including pair-trained checkpoints. Exact zero comparison in recorded float arithmetic; not a count of all scalars ever data-updated over training."
activity/outer1/final/corrected_no_message/s11027,corrected_no_message,11027,153345,65809,0.7984981368545635,0.0,65809,87536,101901,0.7984981368545635,0.31635957094840705,0,"Full training-partition normalized activity loss; dropout disabled, including pair-trained checkpoints. Exact zero comparison in recorded float arithmetic; not a count of all scalars ever data-updated over training."
activity/outer1/final/corrected_no_message/s1103,corrected_no_message,1103,153345,74875,3.6883565530735827,0.0,74875,78470,99761,3.6883565530735827,0.30755503103137016,0,"Full training-partition normalized activity loss; dropout disabled, including pair-trained checkpoints. Exact zero comparison in recorded float arithmetic; not a count of all scalars ever data-updated over training."
activity/outer1/final/corrected_no_message/s2207,corrected_no_message,2207,153345,76476,3.4511362624880437,0.0,76476,76869,101357,3.4511362624880437,0.32022731890901923,0,"Full training-partition normalized activity loss; dropout disabled, including pair-trained checkpoints. Exact zero comparison in recorded float arithmetic; not a count of all scalars ever data-updated over training."
activity/outer1/final/corrected_no_message/s3301,corrected_no_message,3301,153345,73706,2.277630559266098,0.0,73706,79639,101679,2.277630559266098,0.3002062749583274,0,"Full training-partition normalized activity loss; dropout disabled, including pair-trained checkpoints. Exact zero comparison in recorded float arithmetic; not a count of all scalars ever data-updated over training."
activity/outer1/final/corrected_no_message/s4409,corrected_no_message,4409,153345,83845,2.3536346201214737,0.0,83845,69500,101863,2.3536346201214737,0.31704482599161565,0,"Full training-partition normalized activity loss; dropout disabled, including pair-trained checkpoints. Exact zero comparison in recorded float arithmetic; not a count of all scalars ever data-updated over training."
activity/outer1/final/corrected_no_message/s5519,corrected_no_message,5519,153345,75347,2.4205917200731935,0.0,75347,77998,93086,2.4205917200731935,0.3021425250917673,0,"Full training-partition normalized activity loss; dropout disabled, including pair-trained checkpoints. Exact zero comparison in recorded float arithmetic; not a count of all scalars ever data-updated over training."
activity/outer1/final/corrected_no_message/s6637,corrected_no_message,6637,153345,76904,2.007229952401766,0.0,76904,76441,101281,2.007229952401766,0.31644257390871644,0,"Full training-partition normalized activity loss; dropout disabled, including pair-trained checkpoints. Exact zero comparison in recorded float arithmetic; not a count of all scalars ever data-updated over training."
activity/outer1/final/corrected_no_message/s7753,corrected_no_message,7753,153345,77999,1.303822507121456,0.0,77999,75346,98927,1.303822507121456,0.3026439370587468,0,"Full training-partition normalized activity loss; dropout disabled, including pair-trained checkpoints. Exact zero comparison in recorded float arithmetic; not a count of all scalars ever data-updated over training."
activity/outer1/final/corrected_no_message/s8867,corrected_no_message,8867,153345,65089,1.2389567580977525,0.0,65089,88256,96929,1.2389567580977525,0.3173341020010412,0,"Full training-partition normalized activity loss; dropout disabled, including pair-trained checkpoints. Exact zero comparison in recorded float arithmetic; not a count of all scalars ever data-updated over training."
activity/outer1/final/corrected_no_message/s9973,corrected_no_message,9973,153345,78419,0.6675522616921878,0.0,78419,74926,103159,0.6675522616921878,0.3026041379198432,0,"Full training-partition normalized activity loss; dropout disabled, including pair-trained checkpoints. Exact zero comparison in recorded float arithmetic; not a count of all scalars ever data-updated over training."
activity/outer1/final/original_gnn/s11027,original_gnn,11027,153345,68460,1.300466185394429,0.0,68460,84885,102242,1.300466185394429,0.2995627881027758,0,"Full training-partition normalized activity loss; dropout disabled, including pair-trained checkpoints. Exact zero comparison in recorded float arithmetic; not a count of all scalars ever data-updated over training."
activity/outer1/final/original_gnn/s1103,original_gnn,1103,153345,70451,2.1738051347677767,0.0,70451,82894,99788,2.1738051347677767,0.2965599230956286,0,"Full training-partition normalized activity loss; dropout disabled, including pair-trained checkpoints. Exact zero comparison in recorded float arithmetic; not a count of all scalars ever data-updated over training."
activity/outer1/final/original_gnn/s2207,original_gnn,2207,153345,76147,6.0217850445772605,0.0,76147,77198,98685,6.0217850445772605,0.29894047300331295,0,"Full training-partition normalized activity loss; dropout disabled, including pair-trained checkpoints. Exact zero comparison in recorded float arithmetic; not a count of all scalars ever data-updated over training."
activity/outer1/final/original_gnn/s3301,original_gnn,3301,153345,76769,1.0581219123762111,0.0,76769,76576,103246,1.0581219123762111,0.28597740503028035,0,"Full training-partition normalized activity loss; dropout disabled, including pair-trained checkpoints. Exact zero comparison in recorded float arithmetic; not a count of all scalars ever data-updated over training."
activity/outer1/final/original_gnn/s4409,original_gnn,4409,153345,82998,1.7726751519925805,0.0,82998,70347,100245,1.7726751519925805,0.2995889759622514,0,"Full training-partition normalized activity loss; dropout disabled, including pair-trained checkpoints. Exact zero comparison in recorded float arithmetic; not a count of all scalars ever data-updated over training."
activity/outer1/final/original_gnn/s5519,original_gnn,5519,153345,73887,2.078742742030809,0.0,73887,79458,92916,2.078742742030809,0.2849138448946178,0,"Full training-partition normalized activity loss; dropout disabled, including pair-trained checkpoints. Exact zero comparison in recorded float arithmetic; not a count of all scalars ever data-updated over training."
activity/outer1/final/original_gnn/s6637,original_gnn,6637,153345,70673,1.1619932467531233,0.0,70673,82672,100926,1.1619932467531233,0.29955173190683126,0,"Full training-partition normalized activity loss; dropout disabled, including pair-trained checkpoints. Exact zero comparison in recorded float arithmetic; not a count of all scalars ever data-updated over training."
activity/outer1/final/original_gnn/s7753,original_gnn,7753,153345,73688,1.8137132365537887,0.0,73688,79657,97406,1.8137132365537887,0.2863954920321703,0,"Full training-partition normalized activity loss; dropout disabled, including pair-trained checkpoints. Exact zero comparison in recorded float arithmetic; not a count of all scalars ever data-updated over training."
activity/outer1/final/original_gnn/s8867,original_gnn,8867,153345,62313,1.218338899983547,0.0,62313,91032,97190,1.218338899983547,0.31416951585561037,0,"Full training-partition normalized activity loss; dropout disabled, including pair-trained checkpoints. Exact zero comparison in recorded float arithmetic; not a count of all scalars ever data-updated over training."
activity/outer1/final/original_gnn/s9973,original_gnn,9973,153345,75591,0.7262405957943239,0.0,75591,77754,103185,0.7262405957943239,0.30045296298339963,0,"Full training-partition normalized activity loss; dropout disabled, including pair-trained checkpoints. Exact zero comparison in recorded float arithmetic; not a count of all scalars ever data-updated over training."
activity/outer1/final/original_no_message/s11027,original_no_message,11027,153345,65809,0.7984981368545635,0.0,65809,87536,101901,0.7984981368545635,0.2813705198932439,0,"Full training-partition normalized activity loss; dropout disabled, including pair-trained checkpoints. Exact zero comparison in recorded float arithmetic; not a count of all scalars ever data-updated over training."
activity/outer1/final/original_no_message/s1103,original_no_message,1103,153345,74875,3.6883565530735827,0.0,74875,78470,99761,3.6883565530735827,0.29380685393698514,0,"Full training-partition normalized activity loss; dropout disabled, including pair-trained checkpoints. Exact zero comparison in recorded float arithmetic; not a count of all scalars ever data-updated over training."
activity/outer1/final/original_no_message/s2207,original_no_message,2207,153345,76476,3.4511362624880437,0.0,76476,76869,101357,3.4511362624880437,0.28003327501937747,0,"Full training-partition normalized activity loss; dropout disabled, including pair-trained checkpoints. Exact zero comparison in recorded float arithmetic; not a count of all scalars ever data-updated over training."
activity/outer1/final/original_no_message/s3301,original_no_message,3301,153345,73706,2.277630559266098,0.0,73706,79639,101679,2.277630559266098,0.29355888394638896,0,"Full training-partition normalized activity loss; dropout disabled, including pair-trained checkpoints. Exact zero comparison in recorded float arithmetic; not a count of all scalars ever data-updated over training."
activity/outer1/final/original_no_message/s4409,original_no_message,4409,153345,83845,2.3536346201214737,0.0,83845,69500,101863,2.3536346201214737,0.2771095260977745,0,"Full training-partition normalized activity loss; dropout disabled, including pair-trained checkpoints. Exact zero comparison in recorded float arithmetic; not a count of all scalars ever data-updated over training."
activity/outer1/final/original_no_message/s5519,original_no_message,5519,153345,75347,2.4205917200731935,0.0,75347,77998,93086,2.4205917200731935,0.2934759110212326,0,"Full training-partition normalized activity loss; dropout disabled, including pair-trained checkpoints. Exact zero comparison in recorded float arithmetic; not a count of all scalars ever data-updated over training."
activity/outer1/final/original_no_message/s6637,original_no_message,6637,153345,76904,2.007229952401766,0.0,76904,76441,101281,2.007229952401766,0.28275817004032433,0,"Full training-partition normalized activity loss; dropout disabled, including pair-trained checkpoints. Exact zero comparison in recorded float arithmetic; not a count of all scalars ever data-updated over training."
activity/outer1/final/original_no_message/s7753,original_no_message,7753,153345,77999,1.303822507121456,0.0,77999,75346,98927,1.303822507121456,0.2947323920670897,0,"Full training-partition normalized activity loss; dropout disabled, including pair-trained checkpoints. Exact zero comparison in recorded float arithmetic; not a count of all scalars ever data-updated over training."
activity/outer1/final/original_no_message/s8867,original_no_message,8867,153345,65089,1.2389567580977525,0.0,65089,88256,96929,1.2389567580977525,0.2957923279609531,0,"Full training-partition normalized activity loss; dropout disabled, including pair-trained checkpoints. Exact zero comparison in recorded float arithmetic; not a count of all scalars ever data-updated over training."
activity/outer1/final/original_no_message/s9973,original_no_message,9973,153345,78419,0.6675522616921878,0.0,78419,74926,103159,0.6675522616921878,0.2826682198792696,0,"Full training-partition normalized activity loss; dropout disabled, including pair-trained checkpoints. Exact zero comparison in recorded float arithmetic; not a count of all scalars ever data-updated over training."
activity/outer1/final/token_cnn/s11027,token_cnn,11027,140929,39816,0.4019976118888186,0.0,39816,101113,92843,0.4019976118888186,0.2714413460344076,0,"Full training-partition normalized activity loss; dropout disabled, including pair-trained checkpoints. Exact zero comparison in recorded float arithmetic; not a count of all scalars ever data-updated over training."
activity/outer1/final/token_cnn/s1103,token_cnn,1103,140929,48450,0.8823363338803417,0.0,48450,92479,83632,0.8823363338803417,0.2911910801194608,0,"Full training-partition normalized activity loss; dropout disabled, including pair-trained checkpoints. Exact zero comparison in recorded float arithmetic; not a count of all scalars ever data-updated over training."
activity/outer1/final/token_cnn/s2207,token_cnn,2207,140929,36434,0.42253868582508025,0.0,36434,104495,95169,0.42253868582508025,0.29228854016400874,0,"Full training-partition normalized activity loss; dropout disabled, including pair-trained checkpoints. Exact zero comparison in recorded float arithmetic; not a count of all scalars ever data-updated over training."
activity/outer1/final/token_cnn/s3301,token_cnn,3301,140929,42355,0.24118068595260056,0.0,42355,98574,94501,0.24118068595260056,0.2772167860530317,0,"Full training-partition normalized activity loss; dropout disabled, including pair-trained checkpoints. Exact zero comparison in recorded float arithmetic; not a count of all scalars ever data-updated over training."
activity/outer1/final/token_cnn/s4409,token_cnn,4409,140929,46033,0.4695010204307099,0.0,46033,94896,93264,0.4695010204307099,0.2577206869609654,0,"Full training-partition normalized activity loss; dropout disabled, including pair-trained checkpoints. Exact zero comparison in recorded float arithmetic; not a count of all scalars ever data-updated over training."
activity/outer1/final/token_cnn/s5519,token_cnn,5519,140929,31823,0.7522822470019565,0.0,31823,109106,97361,0.7522822470019565,0.26911656302399933,0,"Full training-partition normalized activity loss; dropout disabled, including pair-trained checkpoints. Exact zero comparison in recorded float arithmetic; not a count of all scalars ever data-updated over training."
activity/outer1/final/token_cnn/s6637,token_cnn,6637,140929,54064,0.5158706321599834,0.0,54064,86865,92614,0.5158706321599834,0.25531353102996945,0,"Full training-partition normalized activity loss; dropout disabled, including pair-trained checkpoints. Exact zero comparison in recorded float arithmetic; not a count of all scalars ever data-updated over training."
activity/outer1/final/token_cnn/s7753,token_cnn,7753,140929,37324,0.366381951406454,0.0,37324,103605,83152,0.366381951406454,0.25642344704829156,0,"Full training-partition normalized activity loss; dropout disabled, including pair-trained checkpoints. Exact zero comparison in recorded float arithmetic; not a count of all scalars ever data-updated over training."
activity/outer1/final/token_cnn/s8867,token_cnn,8867,140929,47805,0.45322619158582156,0.0,47805,93124,94652,0.45322619158582156,0.25642849202267826,0,"Full training-partition normalized activity loss; dropout disabled, including pair-trained checkpoints. Exact zero comparison in recorded float arithmetic; not a count of all scalars ever data-updated over training."
activity/outer1/final/token_cnn/s9973,token_cnn,9973,140929,50707,1.944730790536182,0.0,50707,90222,92598,1.944730790536182,0.2563306880183518,0,"Full training-partition normalized activity loss; dropout disabled, including pair-trained checkpoints. Exact zero comparison in recorded float arithmetic; not a count of all scalars ever data-updated over training."
activity/outer2/final/corrected_gnn/s11027,corrected_gnn,11027,153345,85421,1.311831935002924,0.0,85421,67924,106628,1.311831935002924,0.3724942950066179,0,"Full training-partition normalized activity loss; dropout disabled, including pair-trained checkpoints. Exact zero comparison in recorded float arithmetic; not a count of all scalars ever data-updated over training."
activity/outer2/final/corrected_gnn/s1103,corrected_gnn,1103,153345,87059,4.024598377463566,0.0,87059,66286,104495,4.024598377463566,0.3525466579012573,0,"Full training-partition normalized activity loss; dropout disabled, including pair-trained checkpoints. Exact zero comparison in recorded float arithmetic; not a count of all scalars ever data-updated over training."
activity/outer2/final/corrected_gnn/s2207,corrected_gnn,2207,153345,71284,1.573801310044384,0.0,71284,82061,99574,1.573801310044384,0.35449141287244856,0,"Full training-partition normalized activity loss; dropout disabled, including pair-trained checkpoints. Exact zero comparison in recorded float arithmetic; not a count of all scalars ever data-updated over training."
activity/outer2/final/corrected_gnn/s3301,corrected_gnn,3301,153345,76540,5.154819732936455,0.0,76540,76805,105172,5.154819732936455,0.3533603069372475,0,"Full training-partition normalized activity loss; dropout disabled, including pair-trained checkpoints. Exact zero comparison in recorded float arithmetic; not a count of all scalars ever data-updated over training."
activity/outer2/final/corrected_gnn/s4409,corrected_gnn,4409,153345,88737,2.0195242970431577,0.0,88737,64608,102961,2.0195242970431577,0.35544534190557897,0,"Full training-partition normalized activity loss; dropout disabled, including pair-trained checkpoints. Exact zero comparison in recorded float arithmetic; not a count of all scalars ever data-updated over training."
activity/outer2/final/corrected_gnn/s5519,corrected_gnn,5519,153345,86441,5.674575678063966,0.0,86441,66904,98521,5.674575678063966,0.35397974913939834,0,"Full training-partition normalized activity loss; dropout disabled, including pair-trained checkpoints. Exact zero comparison in recorded float arithmetic; not a count of all scalars ever data-updated over training."
activity/outer2/final/corrected_gnn/s6637,corrected_gnn,6637,153345,77545,1.6411713550759313,0.0,77545,75800,105520,1.6411713550759313,0.3534950709436089,0,"Full training-partition normalized activity loss; dropout disabled, including pair-trained checkpoints. Exact zero comparison in recorded float arithmetic; not a count of all scalars ever data-updated over training."
activity/outer2/final/corrected_gnn/s7753,corrected_gnn,7753,153345,81878,2.033332941489168,0.0,81878,71467,106196,2.033332941489168,0.35355162410996854,0,"Full training-partition normalized activity loss; dropout disabled, including pair-trained checkpoints. Exact zero comparison in recorded float arithmetic; not a count of all scalars ever data-updated over training."
activity/outer2/final/corrected_gnn/s8867,corrected_gnn,8867,153345,74047,1.2222151643608146,0.0,74047,79298,100198,1.2222151643608146,0.35912001715041697,0,"Full training-partition normalized activity loss; dropout disabled, including pair-trained checkpoints. Exact zero comparison in recorded float arithmetic; not a count of all scalars ever data-updated over training."
activity/outer2/final/corrected_gnn/s9973,corrected_gnn,9973,153345,80089,0.9815438764129214,0.0,80089,73256,106044,0.9815438764129214,0.3640985197853297,0,"Full training-partition normalized activity loss; dropout disabled, including pair-trained checkpoints. Exact zero comparison in recorded float arithmetic; not a count of all scalars ever data-updated over training."
activity/outer2/final/corrected_no_message/s11027,corrected_no_message,11027,153345,81646,1.5057892208154728,0.0,81646,71699,106103,1.5057892208154728,0.3496584719978273,0,"Full training-partition normalized activity loss; dropout disabled, including pair-trained checkpoints. Exact zero comparison in recorded float arithmetic; not a count of all scalars ever data-updated over training."
activity/outer2/final/corrected_no_message/s1103,corrected_no_message,1103,153345,90309,4.1069712499459765,0.0,90309,63036,104405,4.1069712499459765,0.36595949507318437,0,"Full training-partition normalized activity loss; dropout disabled, including pair-trained checkpoints. Exact zero comparison in recorded float arithmetic; not a count of all scalars ever data-updated over training."
activity/outer2/final/corrected_no_message/s2207,corrected_no_message,2207,153345,74211,2.9423248900898384,0.0,74211,79134,99356,2.9423248900898384,0.3480978540610522,0,"Full training-partition normalized activity loss; dropout disabled, including pair-trained checkpoints. Exact zero comparison in recorded float arithmetic; not a count of all scalars ever data-updated over training."
activity/outer2/final/corrected_no_message/s3301,corrected_no_message,3301,153345,78323,4.707199776297134,0.0,78323,75022,103617,4.707199776297134,0.3640364690218121,0,"Full training-partition normalized activity loss; dropout disabled, including pair-trained checkpoints. Exact zero comparison in recorded float arithmetic; not a count of all scalars ever data-updated over training."
activity/outer2/final/corrected_no_message/s4409,corrected_no_message,4409,153345,90093,1.8118277231152706,0.0,90093,63252,102748,1.8118277231152706,0.3487558369524777,0,"Full training-partition normalized activity loss; dropout disabled, including pair-trained checkpoints. Exact zero comparison in recorded float arithmetic; not a count of all scalars ever data-updated over training."
activity/outer2/final/corrected_no_message/s5519,corrected_no_message,5519,153345,83004,1.8409290148182202,0.0,83004,70341,98152,1.8409290148182202,0.34897276596166193,0,"Full training-partition normalized activity loss; dropout disabled, including pair-trained checkpoints. Exact zero comparison in recorded float arithmetic; not a count of all scalars ever data-updated over training."
activity/outer2/final/corrected_no_message/s6637,corrected_no_message,6637,153345,83384,1.190459571549452,0.0,83384,69961,105844,1.190459571549452,0.3679235400632024,0,"Full training-partition normalized activity loss; dropout disabled, including pair-trained checkpoints. Exact zero comparison in recorded float arithmetic; not a count of all scalars ever data-updated over training."
activity/outer2/final/corrected_no_message/s7753,corrected_no_message,7753,153345,83065,2.437333440790618,0.0,83065,70280,106281,2.437333440790618,0.34892109991051257,0,"Full training-partition normalized activity loss; dropout disabled, including pair-trained checkpoints. Exact zero comparison in recorded float arithmetic; not a count of all scalars ever data-updated over training."
activity/outer2/final/corrected_no_message/s8867,corrected_no_message,8867,153345,72585,1.1972640142418014,0.0,72585,80760,101767,1.1972640142418014,0.34741474222391844,0,"Full training-partition normalized activity loss; dropout disabled, including pair-trained checkpoints. Exact zero comparison in recorded float arithmetic; not a count of all scalars ever data-updated over training."
activity/outer2/final/corrected_no_message/s9973,corrected_no_message,9973,153345,81719,1.1035308601658917,0.0,81719,71626,107089,1.1035308601658917,0.34900536201894283,0,"Full training-partition normalized activity loss; dropout disabled, including pair-trained checkpoints. Exact zero comparison in recorded float arithmetic; not a count of all scalars ever data-updated over training."
activity/outer2/final/original_gnn/s11027,original_gnn,11027,153345,85421,1.311831935002924,0.0,85421,67924,106628,1.311831935002924,0.32666764105670154,0,"Full training-partition normalized activity loss; dropout disabled, including pair-trained checkpoints. Exact zero comparison in recorded float arithmetic; not a count of all scalars ever data-updated over training."
activity/outer2/final/original_gnn/s1103,original_gnn,1103,153345,87059,4.024598377463566,0.0,87059,66286,104495,4.024598377463566,0.32930688885971904,0,"Full training-partition normalized activity loss; dropout disabled, including pair-trained checkpoints. Exact zero comparison in recorded float arithmetic; not a count of all scalars ever data-updated over training."
activity/outer2/final/original_gnn/s2207,original_gnn,2207,153345,71284,1.573801310044384,0.0,71284,82061,99574,1.573801310044384,0.33102633408270776,0,"Full training-partition normalized activity loss; dropout disabled, including pair-trained checkpoints. Exact zero comparison in recorded float arithmetic; not a count of all scalars ever data-updated over training."
activity/outer2/final/original_gnn/s3301,original_gnn,3301,153345,76540,5.154819732936455,0.0,76540,76805,105172,5.154819732936455,0.3279842068441212,0,"Full training-partition normalized activity loss; dropout disabled, including pair-trained checkpoints. Exact zero comparison in recorded float arithmetic; not a count of all scalars ever data-updated over training."
activity/outer2/final/original_gnn/s4409,original_gnn,4409,153345,88737,2.0195242970431577,0.0,88737,64608,102961,2.0195242970431577,0.32812846708111465,0,"Full training-partition normalized activity loss; dropout disabled, including pair-trained checkpoints. Exact zero comparison in recorded float arithmetic; not a count of all scalars ever data-updated over training."
activity/outer2/final/original_gnn/s5519,original_gnn,5519,153345,86441,5.674575678063966,0.0,86441,66904,98521,5.674575678063966,0.32842379808425903,0,"Full training-partition normalized activity loss; dropout disabled, including pair-trained checkpoints. Exact zero comparison in recorded float arithmetic; not a count of all scalars ever data-updated over training."
activity/outer2/final/original_gnn/s6637,original_gnn,6637,153345,77545,1.6411713550759313,0.0,77545,75800,105520,1.6411713550759313,0.32899206411093473,0,"Full training-partition normalized activity loss; dropout disabled, including pair-trained checkpoints. Exact zero comparison in recorded float arithmetic; not a count of all scalars ever data-updated over training."
activity/outer2/final/original_gnn/s7753,original_gnn,7753,153345,81878,2.033332941489168,0.0,81878,71467,106196,2.033332941489168,0.32940751500427723,0,"Full training-partition normalized activity loss; dropout disabled, including pair-trained checkpoints. Exact zero comparison in recorded float arithmetic; not a count of all scalars ever data-updated over training."
activity/outer2/final/original_gnn/s8867,original_gnn,8867,153345,74047,1.2222151643608146,0.0,74047,79298,100198,1.2222151643608146,0.3294159860815853,0,"Full training-partition normalized activity loss; dropout disabled, including pair-trained checkpoints. Exact zero comparison in recorded float arithmetic; not a count of all scalars ever data-updated over training."
activity/outer2/final/original_gnn/s9973,original_gnn,9973,153345,80089,0.9815438764129214,0.0,80089,73256,106044,0.9815438764129214,0.32723402697592974,0,"Full training-partition normalized activity loss; dropout disabled, including pair-trained checkpoints. Exact zero comparison in recorded float arithmetic; not a count of all scalars ever data-updated over training."
activity/outer2/final/original_no_message/s11027,original_no_message,11027,153345,81646,1.5057892208154728,0.0,81646,71699,106103,1.5057892208154728,0.3240149531047791,0,"Full training-partition normalized activity loss; dropout disabled, including pair-trained checkpoints. Exact zero comparison in recorded float arithmetic; not a count of all scalars ever data-updated over training."
activity/outer2/final/original_no_message/s1103,original_no_message,1103,153345,90309,4.1069712499459765,0.0,90309,63036,104405,4.1069712499459765,0.3246884220279753,0,"Full training-partition normalized activity loss; dropout disabled, including pair-trained checkpoints. Exact zero comparison in recorded float arithmetic; not a count of all scalars ever data-updated over training."
activity/outer2/final/original_no_message/s2207,original_no_message,2207,153345,74211,2.9423248900898384,0.0,74211,79134,99356,2.9423248900898384,0.3228682428598404,0,"Full training-partition normalized activity loss; dropout disabled, including pair-trained checkpoints. Exact zero comparison in recorded float arithmetic; not a count of all scalars ever data-updated over training."
activity/outer2/final/original_no_message/s3301,original_no_message,3301,153345,78323,4.707199776297134,0.0,78323,75022,103617,4.707199776297134,0.32506574410945177,0,"Full training-partition normalized activity loss; dropout disabled, including pair-trained checkpoints. Exact zero comparison in recorded float arithmetic; not a count of all scalars ever data-updated over training."
activity/outer2/final/original_no_message/s4409,original_no_message,4409,153345,90093,1.8118277231152706,0.0,90093,63252,102748,1.8118277231152706,0.34311332809738815,0,"Full training-partition normalized activity loss; dropout disabled, including pair-trained checkpoints. Exact zero comparison in recorded float arithmetic; not a count of all scalars ever data-updated over training."
activity/outer2/final/original_no_message/s5519,original_no_message,5519,153345,83004,1.8409290148182202,0.0,83004,70341,98152,1.8409290148182202,0.3219920250121504,0,"Full training-partition normalized activity loss; dropout disabled, including pair-trained checkpoints. Exact zero comparison in recorded float arithmetic; not a count of all scalars ever data-updated over training."
activity/outer2/final/original_no_message/s6637,original_no_message,6637,153345,83384,1.190459571549452,0.0,83384,69961,105844,1.190459571549452,0.3243363150395453,0,"Full training-partition normalized activity loss; dropout disabled, including pair-trained checkpoints. Exact zero comparison in recorded float arithmetic; not a count of all scalars ever data-updated over training."
activity/outer2/final/original_no_message/s7753,original_no_message,7753,153345,83065,2.437333440790618,0.0,83065,70280,106281,2.437333440790618,0.3252119889948517,0,"Full training-partition normalized activity loss; dropout disabled, including pair-trained checkpoints. Exact zero comparison in recorded float arithmetic; not a count of all scalars ever data-updated over training."
activity/outer2/final/original_no_message/s8867,original_no_message,8867,153345,72585,1.1972640142418014,0.0,72585,80760,101767,1.1972640142418014,0.32337601901963353,0,"Full training-partition normalized activity loss; dropout disabled, including pair-trained checkpoints. Exact zero comparison in recorded float arithmetic; not a count of all scalars ever data-updated over training."
activity/outer2/final/original_no_message/s9973,original_no_message,9973,153345,81719,1.1035308601658917,0.0,81719,71626,107089,1.1035308601658917,0.3250519069842994,0,"Full training-partition normalized activity loss; dropout disabled, including pair-trained checkpoints. Exact zero comparison in recorded float arithmetic; not a count of all scalars ever data-updated over training."
activity/outer2/final/token_cnn/s11027,token_cnn,11027,140929,70624,0.6056784098983358,0.0,70624,70305,88496,0.6056784098983358,0.30516074411571026,0,"Full training-partition normalized activity loss; dropout disabled, including pair-trained checkpoints. Exact zero comparison in recorded float arithmetic; not a count of all scalars ever data-updated over training."
activity/outer2/final/token_cnn/s1103,token_cnn,1103,140929,64624,0.8170678328268731,0.0,64624,76305,81462,0.8170678328268731,0.2941575110889971,0,"Full training-partition normalized activity loss; dropout disabled, including pair-trained checkpoints. Exact zero comparison in recorded float arithmetic; not a count of all scalars ever data-updated over training."
activity/outer2/final/token_cnn/s2207,token_cnn,2207,140929,64225,0.591968308771867,0.0,64225,76704,88981,0.591968308771867,0.2961972700431943,0,"Full training-partition normalized activity loss; dropout disabled, including pair-trained checkpoints. Exact zero comparison in recorded float arithmetic; not a count of all scalars ever data-updated over training."
activity/outer2/final/token_cnn/s3301,token_cnn,3301,140929,64627,0.5833426410173833,0.0,64627,76302,86434,0.5833426410173833,0.29443895583972335,0,"Full training-partition normalized activity loss; dropout disabled, including pair-trained checkpoints. Exact zero comparison in recorded float arithmetic; not a count of all scalars ever data-updated over training."
activity/outer2/final/token_cnn/s4409,token_cnn,4409,140929,73646,0.5714887666855338,0.0,73646,67283,92559,0.5714887666855338,0.29355695005506277,0,"Full training-partition normalized activity loss; dropout disabled, including pair-trained checkpoints. Exact zero comparison in recorded float arithmetic; not a count of all scalars ever data-updated over training."
activity/outer2/final/token_cnn/s5519,token_cnn,5519,140929,75924,0.47069069095074845,0.0,75924,65005,94143,0.47069069095074845,0.29380727582611144,0,"Full training-partition normalized activity loss; dropout disabled, including pair-trained checkpoints. Exact zero comparison in recorded float arithmetic; not a count of all scalars ever data-updated over training."
activity/outer2/final/token_cnn/s6637,token_cnn,6637,140929,68716,1.8490249897402102,0.0,68716,72213,92472,1.8490249897402102,0.2934211359824985,0,"Full training-partition normalized activity loss; dropout disabled, including pair-trained checkpoints. Exact zero comparison in recorded float arithmetic; not a count of all scalars ever data-updated over training."
activity/outer2/final/token_cnn/s7753,token_cnn,7753,140929,65910,0.9248578064234427,0.0,65910,75019,86141,0.9248578064234427,0.2958654169924557,0,"Full training-partition normalized activity loss; dropout disabled, including pair-trained checkpoints. Exact zero comparison in recorded float arithmetic; not a count of all scalars ever data-updated over training."
activity/outer2/final/token_cnn/s8867,token_cnn,8867,140929,56158,0.47224075819686134,0.0,56158,84771,83367,0.47224075819686134,0.29629212291911244,0,"Full training-partition normalized activity loss; dropout disabled, including pair-trained checkpoints. Exact zero comparison in recorded float arithmetic; not a count of all scalars ever data-updated over training."
activity/outer2/final/token_cnn/s9973,token_cnn,9973,140929,67022,1.5711370647346565,0.0,67022,73907,84695,1.5711370647346565,0.2959634610451758,0,"Full training-partition normalized activity loss; dropout disabled, including pair-trained checkpoints. Exact zero comparison in recorded float arithmetic; not a count of all scalars ever data-updated over training."
activity/outer3/final/corrected_gnn/s11027,corrected_gnn,11027,153345,85421,1.311831935002924,0.0,85421,67924,106628,1.311831935002924,0.3724784250371158,0,"Full training-partition normalized activity loss; dropout disabled, including pair-trained checkpoints. Exact zero comparison in recorded float arithmetic; not a count of all scalars ever data-updated over training."
activity/outer3/final/corrected_gnn/s1103,corrected_gnn,1103,153345,85755,7.957294738428028,0.0,85755,67590,105106,7.957294738428028,0.36917376099154353,0,"Full training-partition normalized activity loss; dropout disabled, including pair-trained checkpoints. Exact zero comparison in recorded float arithmetic; not a count of all scalars ever data-updated over training."
activity/outer3/final/corrected_gnn/s2207,corrected_gnn,2207,153345,71284,1.573801310044384,0.0,71284,82061,99574,1.573801310044384,0.35699014621786773,0,"Full training-partition normalized activity loss; dropout disabled, including pair-trained checkpoints. Exact zero comparison in recorded float arithmetic; not a count of all scalars ever data-updated over training."
activity/outer3/final/corrected_gnn/s3301,corrected_gnn,3301,153345,76540,5.154819732936455,0.0,76540,76805,105172,5.154819732936455,0.3560049149673432,0,"Full training-partition normalized activity loss; dropout disabled, including pair-trained checkpoints. Exact zero comparison in recorded float arithmetic; not a count of all scalars ever data-updated over training."
activity/outer3/final/corrected_gnn/s4409,corrected_gnn,4409,153345,88737,2.0195242970431577,0.0,88737,64608,102961,2.0195242970431577,0.35172158014029264,0,"Full training-partition normalized activity loss; dropout disabled, including pair-trained checkpoints. Exact zero comparison in recorded float arithmetic; not a count of all scalars ever data-updated over training."
activity/outer3/final/corrected_gnn/s5519,corrected_gnn,5519,153345,84606,1.4673966621306247,0.0,84606,68739,96978,1.4673966621306247,0.3568132419604808,0,"Full training-partition normalized activity loss; dropout disabled, including pair-trained checkpoints. Exact zero comparison in recorded float arithmetic; not a count of all scalars ever data-updated over training."
activity/outer3/final/corrected_gnn/s6637,corrected_gnn,6637,153345,75403,1.0788803150368487,0.0,75403,77942,103538,1.0788803150368487,0.3534339088946581,0,"Full training-partition normalized activity loss; dropout disabled, including pair-trained checkpoints. Exact zero comparison in recorded float arithmetic; not a count of all scalars ever data-updated over training."
activity/outer3/final/corrected_gnn/s7753,corrected_gnn,7753,153345,81830,1.7197109057823479,0.0,81830,71515,103219,1.7197109057823479,0.3626693030819297,0,"Full training-partition normalized activity loss; dropout disabled, including pair-trained checkpoints. Exact zero comparison in recorded float arithmetic; not a count of all scalars ever data-updated over training."
activity/outer3/final/corrected_gnn/s8867,corrected_gnn,8867,153345,74047,1.2222151643608146,0.0,74047,79298,100198,1.2222151643608146,0.5787643659859896,0,"Full training-partition normalized activity loss; dropout disabled, including pair-trained checkpoints. Exact zero comparison in recorded float arithmetic; not a count of all scalars ever data-updated over training."
activity/outer3/final/corrected_gnn/s9973,corrected_gnn,9973,153345,80089,0.9815438764129214,0.0,80089,73256,106044,0.9815438764129214,0.35604886594228446,0,"Full training-partition normalized activity loss; dropout disabled, including pair-trained checkpoints. Exact zero comparison in recorded float arithmetic; not a count of all scalars ever data-updated over training."
activity/outer3/final/corrected_no_message/s11027,corrected_no_message,11027,153345,81646,1.5057892208154728,0.0,81646,71699,106103,1.5057892208154728,0.3474081677850336,0,"Full training-partition normalized activity loss; dropout disabled, including pair-trained checkpoints. Exact zero comparison in recorded float arithmetic; not a count of all scalars ever data-updated over training."
activity/outer3/final/corrected_no_message/s1103,corrected_no_message,1103,153345,84237,8.856425466574931,0.0,84237,69108,104990,8.856425466574931,0.3496613488532603,0,"Full training-partition normalized activity loss; dropout disabled, including pair-trained checkpoints. Exact zero comparison in recorded float arithmetic; not a count of all scalars ever data-updated over training."
activity/outer3/final/corrected_no_message/s2207,corrected_no_message,2207,153345,74211,2.9423248900898384,0.0,74211,79134,99356,2.9423248900898384,0.3488935870118439,0,"Full training-partition normalized activity loss; dropout disabled, including pair-trained checkpoints. Exact zero comparison in recorded float arithmetic; not a count of all scalars ever data-updated over training."
activity/outer3/final/corrected_no_message/s3301,corrected_no_message,3301,153345,78323,4.707199776297134,0.0,78323,75022,103617,4.707199776297134,0.36805670615285635,0,"Full training-partition normalized activity loss; dropout disabled, including pair-trained checkpoints. Exact zero comparison in recorded float arithmetic; not a count of all scalars ever data-updated over training."
activity/outer3/final/corrected_no_message/s4409,corrected_no_message,4409,153345,90093,1.8118277231152706,0.0,90093,63252,102748,1.8118277231152706,0.351319327019155,0,"Full training-partition normalized activity loss; dropout disabled, including pair-trained checkpoints. Exact zero comparison in recorded float arithmetic; not a count of all scalars ever data-updated over training."
activity/outer3/final/corrected_no_message/s5519,corrected_no_message,5519,153345,83004,1.8409290148182202,0.0,83004,70341,98152,1.8409290148182202,0.3496532298158854,0,"Full training-partition normalized activity loss; dropout disabled, including pair-trained checkpoints. Exact zero comparison in recorded float arithmetic; not a count of all scalars ever data-updated over training."
activity/outer3/final/corrected_no_message/s6637,corrected_no_message,6637,153345,82833,1.1639239683922042,0.0,82833,70512,103697,1.1639239683922042,0.3462279678788036,0,"Full training-partition normalized activity loss; dropout disabled, including pair-trained checkpoints. Exact zero comparison in recorded float arithmetic; not a count of all scalars ever data-updated over training."
activity/outer3/final/corrected_no_message/s7753,corrected_no_message,7753,153345,82787,1.4456470069000886,0.0,82787,70558,104461,1.4456470069000886,0.34973067906685174,0,"Full training-partition normalized activity loss; dropout disabled, including pair-trained checkpoints. Exact zero comparison in recorded float arithmetic; not a count of all scalars ever data-updated over training."
activity/outer3/final/corrected_no_message/s8867,corrected_no_message,8867,153345,72585,1.1972640142418014,0.0,72585,80760,101767,1.1972640142418014,0.34760116995312274,0,"Full training-partition normalized activity loss; dropout disabled, including pair-trained checkpoints. Exact zero comparison in recorded float arithmetic; not a count of all scalars ever data-updated over training."
activity/outer3/final/corrected_no_message/s9973,corrected_no_message,9973,153345,81719,1.1035308601658917,0.0,81719,71626,107089,1.1035308601658917,0.34943196503445506,0,"Full training-partition normalized activity loss; dropout disabled, including pair-trained checkpoints. Exact zero comparison in recorded float arithmetic; not a count of all scalars ever data-updated over training."
activity/outer3/final/original_gnn/s11027,original_gnn,11027,153345,85421,1.311831935002924,0.0,85421,67924,106628,1.311831935002924,0.32970395707525313,0,"Full training-partition normalized activity loss; dropout disabled, including pair-trained checkpoints. Exact zero comparison in recorded float arithmetic; not a count of all scalars ever data-updated over training."
activity/outer3/final/original_gnn/s1103,original_gnn,1103,153345,85755,7.957294738428028,0.0,85755,67590,105106,7.957294738428028,0.3257932849228382,0,"Full training-partition normalized activity loss; dropout disabled, including pair-trained checkpoints. Exact zero comparison in recorded float arithmetic; not a count of all scalars ever data-updated over training."
activity/outer3/final/original_gnn/s2207,original_gnn,2207,153345,71284,1.573801310044384,0.0,71284,82061,99574,1.573801310044384,0.34481292497366667,0,"Full training-partition normalized activity loss; dropout disabled, including pair-trained checkpoints. Exact zero comparison in recorded float arithmetic; not a count of all scalars ever data-updated over training."
activity/outer3/final/original_gnn/s3301,original_gnn,3301,153345,76540,5.154819732936455,0.0,76540,76805,105172,5.154819732936455,0.33101229602470994,0,"Full training-partition normalized activity loss; dropout disabled, including pair-trained checkpoints. Exact zero comparison in recorded float arithmetic; not a count of all scalars ever data-updated over training."
activity/outer3/final/original_gnn/s4409,original_gnn,4409,153345,88737,2.0195242970431577,0.0,88737,64608,102961,2.0195242970431577,0.3266795489471406,0,"Full training-partition normalized activity loss; dropout disabled, including pair-trained checkpoints. Exact zero comparison in recorded float arithmetic; not a count of all scalars ever data-updated over training."
activity/outer3/final/original_gnn/s5519,original_gnn,5519,153345,84606,1.4673966621306247,0.0,84606,68739,96978,1.4673966621306247,0.33040106599219143,0,"Full training-partition normalized activity loss; dropout disabled, including pair-trained checkpoints. Exact zero comparison in recorded float arithmetic; not a count of all scalars ever data-updated over training."
activity/outer3/final/original_gnn/s6637,original_gnn,6637,153345,75403,1.0788803150368487,0.0,75403,77942,103538,1.0788803150368487,0.3282855909783393,0,"Full training-partition normalized activity loss; dropout disabled, including pair-trained checkpoints. Exact zero comparison in recorded float arithmetic; not a count of all scalars ever data-updated over training."
activity/outer3/final/original_gnn/s7753,original_gnn,7753,153345,81830,1.7197109057823479,0.0,81830,71515,103219,1.7197109057823479,0.32769206794910133,0,"Full training-partition normalized activity loss; dropout disabled, including pair-trained checkpoints. Exact zero comparison in recorded float arithmetic; not a count of all scalars ever data-updated over training."
activity/outer3/final/original_gnn/s8867,original_gnn,8867,153345,74047,1.2222151643608146,0.0,74047,79298,100198,1.2222151643608146,0.3470657460857183,0,"Full training-partition normalized activity loss; dropout disabled, including pair-trained checkpoints. Exact zero comparison in recorded float arithmetic; not a count of all scalars ever data-updated over training."
activity/outer3/final/original_gnn/s9973,original_gnn,9973,153345,80089,0.9815438764129214,0.0,80089,73256,106044,0.9815438764129214,0.3296839389950037,0,"Full training-partition normalized activity loss; dropout disabled, including pair-trained checkpoints. Exact zero comparison in recorded float arithmetic; not a count of all scalars ever data-updated over training."
activity/outer3/final/original_no_message/s11027,original_no_message,11027,153345,81646,1.5057892208154728,0.0,81646,71699,106103,1.5057892208154728,0.323063398944214,0,"Full training-partition normalized activity loss; dropout disabled, including pair-trained checkpoints. Exact zero comparison in recorded float arithmetic; not a count of all scalars ever data-updated over training."
activity/outer3/final/original_no_message/s1103,original_no_message,1103,153345,84237,8.856425466574931,0.0,84237,69108,104990,8.856425466574931,0.3288071050774306,0,"Full training-partition normalized activity loss; dropout disabled, including pair-trained checkpoints. Exact zero comparison in recorded float arithmetic; not a count of all scalars ever data-updated over training."
activity/outer3/final/original_no_message/s2207,original_no_message,2207,153345,74211,2.9423248900898384,0.0,74211,79134,99356,2.9423248900898384,0.32698866492137313,0,"Full training-partition normalized activity loss; dropout disabled, including pair-trained checkpoints. Exact zero comparison in recorded float arithmetic; not a count of all scalars ever data-updated over training."
activity/outer3/final/original_no_message/s3301,original_no_message,3301,153345,78323,4.707199776297134,0.0,78323,75022,103617,4.707199776297134,0.32351344591006637,0,"Full training-partition normalized activity loss; dropout disabled, including pair-trained checkpoints. Exact zero comparison in recorded float arithmetic; not a count of all scalars ever data-updated over training."
activity/outer3/final/original_no_message/s4409,original_no_message,4409,153345,90093,1.8118277231152706,0.0,90093,63252,102748,1.8118277231152706,0.3285302349831909,0,"Full training-partition normalized activity loss; dropout disabled, including pair-trained checkpoints. Exact zero comparison in recorded float arithmetic; not a count of all scalars ever data-updated over training."
activity/outer3/final/original_no_message/s5519,original_no_message,5519,153345,83004,1.8409290148182202,0.0,83004,70341,98152,1.8409290148182202,0.3256438400130719,0,"Full training-partition normalized activity loss; dropout disabled, including pair-trained checkpoints. Exact zero comparison in recorded float arithmetic; not a count of all scalars ever data-updated over training."
activity/outer3/final/original_no_message/s6637,original_no_message,6637,153345,82833,1.1639239683922042,0.0,82833,70512,103697,1.1639239683922042,0.3255747128278017,0,"Full training-partition normalized activity loss; dropout disabled, including pair-trained checkpoints. Exact zero comparison in recorded float arithmetic; not a count of all scalars ever data-updated over training."
activity/outer3/final/original_no_message/s7753,original_no_message,7753,153345,82787,1.4456470069000886,0.0,82787,70558,104461,1.4456470069000886,0.3236479749903083,0,"Full training-partition normalized activity loss; dropout disabled, including pair-trained checkpoints. Exact zero comparison in recorded float arithmetic; not a count of all scalars ever data-updated over training."
activity/outer3/final/original_no_message/s8867,original_no_message,8867,153345,72585,1.1972640142418014,0.0,72585,80760,101767,1.1972640142418014,0.3275523451156914,0,"Full training-partition normalized activity loss; dropout disabled, including pair-trained checkpoints. Exact zero comparison in recorded float arithmetic; not a count of all scalars ever data-updated over training."
activity/outer3/final/original_no_message/s9973,original_no_message,9973,153345,81719,1.1035308601658917,0.0,81719,71626,107089,1.1035308601658917,0.3247948281932622,0,"Full training-partition normalized activity loss; dropout disabled, including pair-trained checkpoints. Exact zero comparison in recorded float arithmetic; not a count of all scalars ever data-updated over training."
activity/outer3/final/token_cnn/s11027,token_cnn,11027,140929,60808,0.38126119878090486,0.0,60808,80121,84803,0.38126119878090486,0.3135160240344703,0,"Full training-partition normalized activity loss; dropout disabled, including pair-trained checkpoints. Exact zero comparison in recorded float arithmetic; not a count of all scalars ever data-updated over training."
activity/outer3/final/token_cnn/s1103,token_cnn,1103,140929,56897,0.7753829959750093,0.0,56897,84032,79378,0.7753829959750093,0.29400840192101896,0,"Full training-partition normalized activity loss; dropout disabled, including pair-trained checkpoints. Exact zero comparison in recorded float arithmetic; not a count of all scalars ever data-updated over training."
activity/outer3/final/token_cnn/s2207,token_cnn,2207,140929,48769,1.62347386014034,0.0,48769,92160,87208,1.62347386014034,0.29375249496661127,0,"Full training-partition normalized activity loss; dropout disabled, including pair-trained checkpoints. Exact zero comparison in recorded float arithmetic; not a count of all scalars ever data-updated over training."
activity/outer3/final/token_cnn/s3301,token_cnn,3301,140929,58037,1.0329377704206892,0.0,58037,82892,81245,1.0329377704206892,0.2946784240193665,0,"Full training-partition normalized activity loss; dropout disabled, including pair-trained checkpoints. Exact zero comparison in recorded float arithmetic; not a count of all scalars ever data-updated over training."
activity/outer3/final/token_cnn/s4409,token_cnn,4409,140929,50883,0.21151306901093125,0.0,50883,90046,86287,0.21151306901093125,0.2973639629781246,0,"Full training-partition normalized activity loss; dropout disabled, including pair-trained checkpoints. Exact zero comparison in recorded float arithmetic; not a count of all scalars ever data-updated over training."
activity/outer3/final/token_cnn/s5519,token_cnn,5519,140929,72946,0.5236868856864737,0.0,72946,67983,93485,0.5236868856864737,0.3135749779175967,0,"Full training-partition normalized activity loss; dropout disabled, including pair-trained checkpoints. Exact zero comparison in recorded float arithmetic; not a count of all scalars ever data-updated over training."
activity/outer3/final/token_cnn/s6637,token_cnn,6637,140929,54767,0.28125949120438304,0.0,54767,86162,82106,0.28125949120438304,0.31504002679139376,0,"Full training-partition normalized activity loss; dropout disabled, including pair-trained checkpoints. Exact zero comparison in recorded float arithmetic; not a count of all scalars ever data-updated over training."
activity/outer3/final/token_cnn/s7753,token_cnn,7753,140929,54789,0.49704380639477624,0.0,54789,86140,81340,0.49704380639477624,0.3144358128774911,0,"Full training-partition normalized activity loss; dropout disabled, including pair-trained checkpoints. Exact zero comparison in recorded float arithmetic; not a count of all scalars ever data-updated over training."
activity/outer3/final/token_cnn/s8867,token_cnn,8867,140929,40996,0.9504420236365624,0.0,40996,99933,84202,0.9504420236365624,0.31436162209138274,0,"Full training-partition normalized activity loss; dropout disabled, including pair-trained checkpoints. Exact zero comparison in recorded float arithmetic; not a count of all scalars ever data-updated over training."
activity/outer3/final/token_cnn/s9973,token_cnn,9973,140929,48243,0.31604548447423425,0.0,48243,92686,78816,0.31604548447423425,0.3150628509465605,0,"Full training-partition normalized activity loss; dropout disabled, including pair-trained checkpoints. Exact zero comparison in recorded float arithmetic; not a count of all scalars ever data-updated over training."
activity/outer4/final/corrected_gnn/s11027,corrected_gnn,11027,153345,70743,0.9897340649114165,0.0,70743,82602,153345,0.9897340649114165,0.37436160212382674,0,"Full training-partition normalized activity loss; dropout disabled, including pair-trained checkpoints. Exact zero comparison in recorded float arithmetic; not a count of all scalars ever data-updated over training."
activity/outer4/final/corrected_gnn/s1103,corrected_gnn,1103,153345,68830,4.983139121585825,0.0,68830,84515,153345,4.983139121585825,0.3550739281345159,0,"Full training-partition normalized activity loss; dropout disabled, including pair-trained checkpoints. Exact zero comparison in recorded float arithmetic; not a count of all scalars ever data-updated over training."
activity/outer4/final/corrected_gnn/s2207,corrected_gnn,2207,153345,63455,2.4883504622820714,0.0,63455,89890,153345,2.4883504622820714,0.3579667769372463,0,"Full training-partition normalized activity loss; dropout disabled, including pair-trained checkpoints. Exact zero comparison in recorded float arithmetic; not a count of all scalars ever data-updated over training."
activity/outer4/final/corrected_gnn/s3301,corrected_gnn,3301,153345,71127,4.069315886235547,0.0,71127,82218,153345,4.069315886235547,0.35742751718498766,0,"Full training-partition normalized activity loss; dropout disabled, including pair-trained checkpoints. Exact zero comparison in recorded float arithmetic; not a count of all scalars ever data-updated over training."
activity/outer4/final/corrected_gnn/s4409,corrected_gnn,4409,153345,68130,10.226630745879033,0.0,68130,85215,153345,10.226630745879033,0.35655789193697274,0,"Full training-partition normalized activity loss; dropout disabled, including pair-trained checkpoints. Exact zero comparison in recorded float arithmetic; not a count of all scalars ever data-updated over training."
activity/outer4/final/corrected_gnn/s5519,corrected_gnn,5519,153345,83136,1.941230605945858,0.0,83136,70209,153345,1.941230605945858,0.3568253561388701,0,"Full training-partition normalized activity loss; dropout disabled, including pair-trained checkpoints. Exact zero comparison in recorded float arithmetic; not a count of all scalars ever data-updated over training."
activity/outer4/final/corrected_gnn/s6637,corrected_gnn,6637,153345,64093,0.7249488650952682,0.0,64093,89252,153345,0.7249488650952682,0.3722395380027592,0,"Full training-partition normalized activity loss; dropout disabled, including pair-trained checkpoints. Exact zero comparison in recorded float arithmetic; not a count of all scalars ever data-updated over training."
activity/outer4/final/corrected_gnn/s7753,corrected_gnn,7753,153345,80215,2.1671256811459503,0.0,80215,73130,153345,2.1671256811459503,0.3539094419684261,0,"Full training-partition normalized activity loss; dropout disabled, including pair-trained checkpoints. Exact zero comparison in recorded float arithmetic; not a count of all scalars ever data-updated over training."
activity/outer4/final/corrected_gnn/s8867,corrected_gnn,8867,153345,68523,9.784570340006306,0.0,68523,84822,153345,9.784570340006306,0.35502339503727853,0,"Full training-partition normalized activity loss; dropout disabled, including pair-trained checkpoints. Exact zero comparison in recorded float arithmetic; not a count of all scalars ever data-updated over training."
activity/outer4/final/corrected_gnn/s9973,corrected_gnn,9973,153345,59293,7.003488186492555,0.0,59293,94052,153345,7.003488186492555,0.35338957887142897,0,"Full training-partition normalized activity loss; dropout disabled, including pair-trained checkpoints. Exact zero comparison in recorded float arithmetic; not a count of all scalars ever data-updated over training."
activity/outer4/final/corrected_no_message/s11027,corrected_no_message,11027,153345,80256,2.9061978219455624,0.0,80256,73089,107406,2.9061978219455624,0.3503068070858717,0,"Full training-partition normalized activity loss; dropout disabled, including pair-trained checkpoints. Exact zero comparison in recorded float arithmetic; not a count of all scalars ever data-updated over training."
activity/outer4/final/corrected_no_message/s1103,corrected_no_message,1103,153345,73063,1.8511715689371044,0.0,73063,80282,106987,1.8511715689371044,0.34764280705712736,0,"Full training-partition normalized activity loss; dropout disabled, including pair-trained checkpoints. Exact zero comparison in recorded float arithmetic; not a count of all scalars ever data-updated over training."
activity/outer4/final/corrected_no_message/s2207,corrected_no_message,2207,153345,71770,5.2170955141303725,0.0,71770,81575,107108,5.2170955141303725,0.34812306612730026,0,"Full training-partition normalized activity loss; dropout disabled, including pair-trained checkpoints. Exact zero comparison in recorded float arithmetic; not a count of all scalars ever data-updated over training."
activity/outer4/final/corrected_no_message/s3301,corrected_no_message,3301,153345,71111,2.1282972901641983,0.0,71111,82234,107673,2.1282972901641983,0.3676481219008565,0,"Full training-partition normalized activity loss; dropout disabled, including pair-trained checkpoints. Exact zero comparison in recorded float arithmetic; not a count of all scalars ever data-updated over training."
activity/outer4/final/corrected_no_message/s4409,corrected_no_message,4409,153345,68652,2.7847956183626295,0.0,68652,84693,107495,2.7847956183626295,0.3684318969026208,0,"Full training-partition normalized activity loss; dropout disabled, including pair-trained checkpoints. Exact zero comparison in recorded float arithmetic; not a count of all scalars ever data-updated over training."
activity/outer4/final/corrected_no_message/s5519,corrected_no_message,5519,153345,79615,1.9691482050957636,0.0,79615,73730,108210,1.9691482050957636,0.34770122496411204,0,"Full training-partition normalized activity loss; dropout disabled, including pair-trained checkpoints. Exact zero comparison in recorded float arithmetic; not a count of all scalars ever data-updated over training."
activity/outer4/final/corrected_no_message/s6637,corrected_no_message,6637,153345,69074,4.979124350697219,0.0,69074,84271,107424,4.979124350697219,0.3492884661536664,0,"Full training-partition normalized activity loss; dropout disabled, including pair-trained checkpoints. Exact zero comparison in recorded float arithmetic; not a count of all scalars ever data-updated over training."
activity/outer4/final/corrected_no_message/s7753,corrected_no_message,7753,153345,79525,2.499115132212474,0.0,79525,73820,108042,2.499115132212474,0.3497804368380457,0,"Full training-partition normalized activity loss; dropout disabled, including pair-trained checkpoints. Exact zero comparison in recorded float arithmetic; not a count of all scalars ever data-updated over training."
activity/outer4/final/corrected_no_message/s8867,corrected_no_message,8867,153345,70072,6.019207168859185,0.0,70072,83273,104715,6.019207168859185,0.348874778021127,0,"Full training-partition normalized activity loss; dropout disabled, including pair-trained checkpoints. Exact zero comparison in recorded float arithmetic; not a count of all scalars ever data-updated over training."
activity/outer4/final/corrected_no_message/s9973,corrected_no_message,9973,153345,67473,2.614272590058164,0.0,67473,85872,108163,2.614272590058164,0.34908503806218505,0,"Full training-partition normalized activity loss; dropout disabled, including pair-trained checkpoints. Exact zero comparison in recorded float arithmetic; not a count of all scalars ever data-updated over training."
activity/outer4/final/original_gnn/s11027,original_gnn,11027,153345,70743,0.9897340649114165,0.0,70743,82602,153345,0.9897340649114165,0.3309866690542549,0,"Full training-partition normalized activity loss; dropout disabled, including pair-trained checkpoints. Exact zero comparison in recorded float arithmetic; not a count of all scalars ever data-updated over training."
activity/outer4/final/original_gnn/s1103,original_gnn,1103,153345,68830,4.983139121585825,0.0,68830,84515,153345,4.983139121585825,0.3337247569579631,0,"Full training-partition normalized activity loss; dropout disabled, including pair-trained checkpoints. Exact zero comparison in recorded float arithmetic; not a count of all scalars ever data-updated over training."
activity/outer4/final/original_gnn/s2207,original_gnn,2207,153345,63455,2.4883504622820714,0.0,63455,89890,153345,2.4883504622820714,0.3486418779939413,0,"Full training-partition normalized activity loss; dropout disabled, including pair-trained checkpoints. Exact zero comparison in recorded float arithmetic; not a count of all scalars ever data-updated over training."
activity/outer4/final/original_gnn/s3301,original_gnn,3301,153345,71127,4.069315886235547,0.0,71127,82218,153345,4.069315886235547,0.3304851020220667,0,"Full training-partition normalized activity loss; dropout disabled, including pair-trained checkpoints. Exact zero comparison in recorded float arithmetic; not a count of all scalars ever data-updated over training."
activity/outer4/final/original_gnn/s4409,original_gnn,4409,153345,68130,10.226630745879033,0.0,68130,85215,153345,10.226630745879033,0.3305497330147773,0,"Full training-partition normalized activity loss; dropout disabled, including pair-trained checkpoints. Exact zero comparison in recorded float arithmetic; not a count of all scalars ever data-updated over training."
activity/outer4/final/original_gnn/s5519,original_gnn,5519,153345,83136,1.941230605945858,0.0,83136,70209,153345,1.941230605945858,0.3295086168218404,0,"Full training-partition normalized activity loss; dropout disabled, including pair-trained checkpoints. Exact zero comparison in recorded float arithmetic; not a count of all scalars ever data-updated over training."
activity/outer4/final/original_gnn/s6637,original_gnn,6637,153345,64093,0.7249488650952682,0.0,64093,89252,153345,0.7249488650952682,0.3289998020045459,0,"Full training-partition normalized activity loss; dropout disabled, including pair-trained checkpoints. Exact zero comparison in recorded float arithmetic; not a count of all scalars ever data-updated over training."
activity/outer4/final/original_gnn/s7753,original_gnn,7753,153345,80215,2.1671256811459503,0.0,80215,73130,153345,2.1671256811459503,0.3325544651597738,0,"Full training-partition normalized activity loss; dropout disabled, including pair-trained checkpoints. Exact zero comparison in recorded float arithmetic; not a count of all scalars ever data-updated over training."
activity/outer4/final/original_gnn/s8867,original_gnn,8867,153345,68523,9.784570340006306,0.0,68523,84822,153345,9.784570340006306,0.3302139479201287,0,"Full training-partition normalized activity loss; dropout disabled, including pair-trained checkpoints. Exact zero comparison in recorded float arithmetic; not a count of all scalars ever data-updated over training."
activity/outer4/final/original_gnn/s9973,original_gnn,9973,153345,59293,7.003488186492555,0.0,59293,94052,153345,7.003488186492555,0.3299233189318329,0,"Full training-partition normalized activity loss; dropout disabled, including pair-trained checkpoints. Exact zero comparison in recorded float arithmetic; not a count of all scalars ever data-updated over training."
activity/outer4/final/original_no_message/s11027,original_no_message,11027,153345,80256,2.9061978219455624,0.0,80256,73089,107406,2.9061978219455624,0.3269018109422177,0,"Full training-partition normalized activity loss; dropout disabled, including pair-trained checkpoints. Exact zero comparison in recorded float arithmetic; not a count of all scalars ever data-updated over training."
activity/outer4/final/original_no_message/s1103,original_no_message,1103,153345,73063,1.8511715689371044,0.0,73063,80282,106987,1.8511715689371044,0.3233671321067959,0,"Full training-partition normalized activity loss; dropout disabled, including pair-trained checkpoints. Exact zero comparison in recorded float arithmetic; not a count of all scalars ever data-updated over training."
activity/outer4/final/original_no_message/s2207,original_no_message,2207,153345,71770,5.2170955141303725,0.0,71770,81575,107108,5.2170955141303725,0.3240356198512018,0,"Full training-partition normalized activity loss; dropout disabled, including pair-trained checkpoints. Exact zero comparison in recorded float arithmetic; not a count of all scalars ever data-updated over training."
activity/outer4/final/original_no_message/s3301,original_no_message,3301,153345,71111,2.1282972901641983,0.0,71111,82234,107673,2.1282972901641983,0.32462695403955877,0,"Full training-partition normalized activity loss; dropout disabled, including pair-trained checkpoints. Exact zero comparison in recorded float arithmetic; not a count of all scalars ever data-updated over training."
activity/outer4/final/original_no_message/s4409,original_no_message,4409,153345,68652,2.7847956183626295,0.0,68652,84693,107495,2.7847956183626295,0.32510761893354356,0,"Full training-partition normalized activity loss; dropout disabled, including pair-trained checkpoints. Exact zero comparison in recorded float arithmetic; not a count of all scalars ever data-updated over training."
activity/outer4/final/original_no_message/s5519,original_no_message,5519,153345,79615,1.9691482050957636,0.0,79615,73730,108210,1.9691482050957636,0.32308540190570056,0,"Full training-partition normalized activity loss; dropout disabled, including pair-trained checkpoints. Exact zero comparison in recorded float arithmetic; not a count of all scalars ever data-updated over training."
activity/outer4/final/original_no_message/s6637,original_no_message,6637,153345,69074,4.979124350697219,0.0,69074,84271,107424,4.979124350697219,0.3265595040284097,0,"Full training-partition normalized activity loss; dropout disabled, including pair-trained checkpoints. Exact zero comparison in recorded float arithmetic; not a count of all scalars ever data-updated over training."
activity/outer4/final/original_no_message/s7753,original_no_message,7753,153345,79525,2.499115132212474,0.0,79525,73820,108042,2.499115132212474,0.3268740719649941,0,"Full training-partition normalized activity loss; dropout disabled, including pair-trained checkpoints. Exact zero comparison in recorded float arithmetic; not a count of all scalars ever data-updated over training."
activity/outer4/final/original_no_message/s8867,original_no_message,8867,153345,70072,6.019207168859185,0.0,70072,83273,104715,6.019207168859185,0.3275741289835423,0,"Full training-partition normalized activity loss; dropout disabled, including pair-trained checkpoints. Exact zero comparison in recorded float arithmetic; not a count of all scalars ever data-updated over training."
activity/outer4/final/original_no_message/s9973,original_no_message,9973,153345,67473,2.614272590058164,0.0,67473,85872,108163,2.614272590058164,0.3255657439585775,0,"Full training-partition normalized activity loss; dropout disabled, including pair-trained checkpoints. Exact zero comparison in recorded float arithmetic; not a count of all scalars ever data-updated over training."
activity/outer4/final/token_cnn/s11027,token_cnn,11027,140929,63885,1.9950527778185358,0.0,63885,77044,140929,1.9950527778185358,0.2985466511454433,0,"Full training-partition normalized activity loss; dropout disabled, including pair-trained checkpoints. Exact zero comparison in recorded float arithmetic; not a count of all scalars ever data-updated over training."
activity/outer4/final/token_cnn/s1103,token_cnn,1103,140929,42313,2.092503420771188,0.0,42313,98616,140929,2.092503420771188,0.29705923493020236,0,"Full training-partition normalized activity loss; dropout disabled, including pair-trained checkpoints. Exact zero comparison in recorded float arithmetic; not a count of all scalars ever data-updated over training."
activity/outer4/final/token_cnn/s2207,token_cnn,2207,140929,45329,0.890010620117988,0.0,45329,95600,140929,0.890010620117988,0.2980337787885219,0,"Full training-partition normalized activity loss; dropout disabled, including pair-trained checkpoints. Exact zero comparison in recorded float arithmetic; not a count of all scalars ever data-updated over training."
activity/outer4/final/token_cnn/s3301,token_cnn,3301,140929,48360,0.6031270116955776,0.0,48360,92569,140929,0.6031270116955776,0.29792616213671863,0,"Full training-partition normalized activity loss; dropout disabled, including pair-trained checkpoints. Exact zero comparison in recorded float arithmetic; not a count of all scalars ever data-updated over training."
activity/outer4/final/token_cnn/s4409,token_cnn,4409,140929,31720,0.7816123480858325,0.0,31720,109209,140929,0.7816123480858325,0.2986618538852781,0,"Full training-partition normalized activity loss; dropout disabled, including pair-trained checkpoints. Exact zero comparison in recorded float arithmetic; not a count of all scalars ever data-updated over training."
activity/outer4/final/token_cnn/s5519,token_cnn,5519,140929,47037,1.3901308960467407,0.0,47037,93892,140929,1.3901308960467407,0.29800713108852506,0,"Full training-partition normalized activity loss; dropout disabled, including pair-trained checkpoints. Exact zero comparison in recorded float arithmetic; not a count of all scalars ever data-updated over training."
activity/outer4/final/token_cnn/s6637,token_cnn,6637,140929,52041,0.5999531372064241,0.0,52041,88888,140929,0.5999531372064241,0.315310460049659,0,"Full training-partition normalized activity loss; dropout disabled, including pair-trained checkpoints. Exact zero comparison in recorded float arithmetic; not a count of all scalars ever data-updated over training."
activity/outer4/final/token_cnn/s7753,token_cnn,7753,140929,31942,1.670918186160829,0.0,31942,108987,140929,1.670918186160829,0.29539770702831447,0,"Full training-partition normalized activity loss; dropout disabled, including pair-trained checkpoints. Exact zero comparison in recorded float arithmetic; not a count of all scalars ever data-updated over training."
activity/outer4/final/token_cnn/s8867,token_cnn,8867,140929,33574,0.6636598656145948,0.0,33574,107355,140929,0.6636598656145948,0.2981380100827664,0,"Full training-partition normalized activity loss; dropout disabled, including pair-trained checkpoints. Exact zero comparison in recorded float arithmetic; not a count of all scalars ever data-updated over training."
activity/outer4/final/token_cnn/s9973,token_cnn,9973,140929,36506,0.6031033517846188,0.0,36506,104423,140929,0.6031033517846188,0.301221942063421,0,"Full training-partition normalized activity loss; dropout disabled, including pair-trained checkpoints. Exact zero comparison in recorded float arithmetic; not a count of all scalars ever data-updated over training."
pair/b2outer0/final/activity_gnn/s11027,corrected_gnn,11027,153345,39413,5.7433203014794785,0.0,39413,113932,153345,5.7433203014794785,0.12586755398660898,0,"Full training-partition normalized activity loss; dropout disabled, including pair-trained checkpoints. Exact zero comparison in recorded float arithmetic; not a count of all scalars ever data-updated over training."
pair/b2outer0/final/activity_gnn/s1103,corrected_gnn,1103,153345,52328,8.858036987816279,0.0,52328,101017,153345,8.858036987816279,0.1407202291302383,0,"Full training-partition normalized activity loss; dropout disabled, including pair-trained checkpoints. Exact zero comparison in recorded float arithmetic; not a count of all scalars ever data-updated over training."
pair/b2outer0/final/activity_gnn/s2207,corrected_gnn,2207,153345,42696,8.583269902841527,0.0,42696,110649,153345,8.583269902841527,0.12402403797022998,0,"Full training-partition normalized activity loss; dropout disabled, including pair-trained checkpoints. Exact zero comparison in recorded float arithmetic; not a count of all scalars ever data-updated over training."
pair/b2outer0/final/activity_gnn/s3301,corrected_gnn,3301,153345,37407,9.521142332180444,0.0,37407,115938,153345,9.521142332180444,0.12532158801332116,0,"Full training-partition normalized activity loss; dropout disabled, including pair-trained checkpoints. Exact zero comparison in recorded float arithmetic; not a count of all scalars ever data-updated over training."
pair/b2outer0/final/activity_gnn/s4409,corrected_gnn,4409,153345,37672,4.89521544790761,0.0,37672,115673,153345,4.89521544790761,0.12704676296561956,0,"Full training-partition normalized activity loss; dropout disabled, including pair-trained checkpoints. Exact zero comparison in recorded float arithmetic; not a count of all scalars ever data-updated over training."
pair/b2outer0/final/activity_gnn/s5519,corrected_gnn,5519,153345,32713,5.560409945790857,0.0,32713,120632,153345,5.560409945790857,0.1261088941246271,0,"Full training-partition normalized activity loss; dropout disabled, including pair-trained checkpoints. Exact zero comparison in recorded float arithmetic; not a count of all scalars ever data-updated over training."
pair/b2outer0/final/activity_gnn/s6637,corrected_gnn,6637,153345,22713,4.501872849240344,0.0,22713,130632,153345,4.501872849240344,0.15323023800738156,0,"Full training-partition normalized activity loss; dropout disabled, including pair-trained checkpoints. Exact zero comparison in recorded float arithmetic; not a count of all scalars ever data-updated over training."
pair/b2outer0/final/activity_gnn/s7753,corrected_gnn,7753,153345,30471,7.149828259106431,0.0,30471,122874,153345,7.149828259106431,0.1259265998378396,0,"Full training-partition normalized activity loss; dropout disabled, including pair-trained checkpoints. Exact zero comparison in recorded float arithmetic; not a count of all scalars ever data-updated over training."
pair/b2outer0/final/activity_gnn/s8867,corrected_gnn,8867,153345,33643,5.89528520500921,0.0,33643,119702,153345,5.89528520500921,0.1239705381449312,0,"Full training-partition normalized activity loss; dropout disabled, including pair-trained checkpoints. Exact zero comparison in recorded float arithmetic; not a count of all scalars ever data-updated over training."
pair/b2outer0/final/activity_gnn/s9973,corrected_gnn,9973,153345,35294,3.233490057358351,0.0,35294,118051,153345,3.233490057358351,0.1261617059353739,0,"Full training-partition normalized activity loss; dropout disabled, including pair-trained checkpoints. Exact zero comparison in recorded float arithmetic; not a count of all scalars ever data-updated over training."
pair/b2outer0/final/pair_gnn/s11027,corrected_gnn,11027,153345,60493,51.67682731543891,10.0,60493,92852,153345,5.669462796422401,0.21722654509358108,0,"Full training-partition normalized activity loss; dropout disabled, including pair-trained checkpoints. Exact zero comparison in recorded float arithmetic; not a count of all scalars ever data-updated over training."
pair/b2outer0/final/pair_gnn/s1103,corrected_gnn,1103,153345,56598,35.94289658589698,10.0,56598,96747,153345,1.7313175074308718,0.1442287361714989,0,"Full training-partition normalized activity loss; dropout disabled, including pair-trained checkpoints. Exact zero comparison in recorded float arithmetic; not a count of all scalars ever data-updated over training."
pair/b2outer0/final/pair_gnn/s2207,corrected_gnn,2207,153345,62469,90.8708150659224,10.0,62469,90876,153345,2.8681819837872644,0.14464578009210527,0,"Full training-partition normalized activity loss; dropout disabled, including pair-trained checkpoints. Exact zero comparison in recorded float arithmetic; not a count of all scalars ever data-updated over training."
pair/b2outer0/final/pair_gnn/s3301,corrected_gnn,3301,153345,65510,41.60435569585377,10.0,65510,87835,153345,23.082550025948205,0.17624334408901632,0,"Full training-partition normalized activity loss; dropout disabled, including pair-trained checkpoints. Exact zero comparison in recorded float arithmetic; not a count of all scalars ever data-updated over training."
pair/b2outer0/final/pair_gnn/s4409,corrected_gnn,4409,153345,65945,35.404815518635274,10.0,65945,87400,153345,2.977301732483711,0.1443685709964484,0,"Full training-partition normalized activity loss; dropout disabled, including pair-trained checkpoints. Exact zero comparison in recorded float arithmetic; not a count of all scalars ever data-updated over training."
pair/b2outer0/final/pair_gnn/s5519,corrected_gnn,5519,153345,49853,42.68859054184945,10.0,49853,103492,153345,8.824329231832666,0.1434169199783355,0,"Full training-partition normalized activity loss; dropout disabled, including pair-trained checkpoints. Exact zero comparison in recorded float arithmetic; not a count of all scalars ever data-updated over training."
pair/b2outer0/final/pair_gnn/s6637,corrected_gnn,6637,153345,61462,45.42613968147054,10.0,61462,91883,153345,10.126907620620084,0.1440405109897256,0,"Full training-partition normalized activity loss; dropout disabled, including pair-trained checkpoints. Exact zero comparison in recorded float arithmetic; not a count of all scalars ever data-updated over training."
pair/b2outer0/final/pair_gnn/s7753,corrected_gnn,7753,153345,58803,43.44237218547159,10.0,58803,94542,153345,4.611963358950601,0.1436949879862368,0,"Full training-partition normalized activity loss; dropout disabled, including pair-trained checkpoints. Exact zero comparison in recorded float arithmetic; not a count of all scalars ever data-updated over training."
pair/b2outer0/final/pair_gnn/s8867,corrected_gnn,8867,153345,61579,40.26758483951595,10.0,61579,91766,153345,5.271571990306586,0.14409290393814445,0,"Full training-partition normalized activity loss; dropout disabled, including pair-trained checkpoints. Exact zero comparison in recorded float arithmetic; not a count of all scalars ever data-updated over training."
pair/b2outer0/final/pair_gnn/s9973,corrected_gnn,9973,153345,64690,36.37257769561284,10.0,64690,88655,153345,2.894619749114223,0.14208780601620674,0,"Full training-partition normalized activity loss; dropout disabled, including pair-trained checkpoints. Exact zero comparison in recorded float arithmetic; not a count of all scalars ever data-updated over training."
pair/b2outer0/final/pair_no_message/s11027,corrected_no_message,11027,153345,46338,4.971348348646164,1.0,46338,107007,153345,3.3509823423513705,0.14159483392722905,0,"Full training-partition normalized activity loss; dropout disabled, including pair-trained checkpoints. Exact zero comparison in recorded float arithmetic; not a count of all scalars ever data-updated over training."
pair/b2outer0/final/pair_no_message/s1103,corrected_no_message,1103,153345,53631,15.089495464239997,1.0,53631,99714,153345,14.347996077867037,0.14133807108737528,0,"Full training-partition normalized activity loss; dropout disabled, including pair-trained checkpoints. Exact zero comparison in recorded float arithmetic; not a count of all scalars ever data-updated over training."
pair/b2outer0/final/pair_no_message/s2207,corrected_no_message,2207,153345,52335,5.144510911486702,1.0,52335,101010,153345,2.3850231048324764,0.160475870128721,0,"Full training-partition normalized activity loss; dropout disabled, including pair-trained checkpoints. Exact zero comparison in recorded float arithmetic; not a count of all scalars ever data-updated over training."
pair/b2outer0/final/pair_no_message/s3301,corrected_no_message,3301,153345,52961,8.668863874405535,1.0,52961,100384,153345,7.76464424425877,0.14333032513968647,0,"Full training-partition normalized activity loss; dropout disabled, including pair-trained checkpoints. Exact zero comparison in recorded float arithmetic; not a count of all scalars ever data-updated over training."
pair/b2outer0/final/pair_no_message/s4409,corrected_no_message,4409,153345,55515,8.034185253089001,1.0,55515,97830,153345,6.010092880902888,0.142887603957206,0,"Full training-partition normalized activity loss; dropout disabled, including pair-trained checkpoints. Exact zero comparison in recorded float arithmetic; not a count of all scalars ever data-updated over training."
pair/b2outer0/final/pair_no_message/s5519,corrected_no_message,5519,153345,52422,12.446289704524114,1.0,52422,100923,153345,11.810339348226,0.14176854002289474,0,"Full training-partition normalized activity loss; dropout disabled, including pair-trained checkpoints. Exact zero comparison in recorded float arithmetic; not a count of all scalars ever data-updated over training."
pair/b2outer0/final/pair_no_message/s6637,corrected_no_message,6637,153345,53884,28.677493961080977,1.0,53884,99461,153345,28.169969566943667,0.1403145610820502,0,"Full training-partition normalized activity loss; dropout disabled, including pair-trained checkpoints. Exact zero comparison in recorded float arithmetic; not a count of all scalars ever data-updated over training."
pair/b2outer0/final/pair_no_message/s7753,corrected_no_message,7753,153345,60134,23.069197060459498,1.0,60134,93211,153345,22.160102754476284,0.14249029685743153,0,"Full training-partition normalized activity loss; dropout disabled, including pair-trained checkpoints. Exact zero comparison in recorded float arithmetic; not a count of all scalars ever data-updated over training."
pair/b2outer0/final/pair_no_message/s8867,corrected_no_message,8867,153345,58812,14.66857979730872,1.0,58812,94533,153345,14.322507225811146,0.14182347804307938,0,"Full training-partition normalized activity loss; dropout disabled, including pair-trained checkpoints. Exact zero comparison in recorded float arithmetic; not a count of all scalars ever data-updated over training."
pair/b2outer0/final/pair_no_message/s9973,corrected_no_message,9973,153345,43246,6.25177975110476,1.0,43246,110099,153345,3.633790363568505,0.14148534392006695,0,"Full training-partition normalized activity loss; dropout disabled, including pair-trained checkpoints. Exact zero comparison in recorded float arithmetic; not a count of all scalars ever data-updated over training."
pair/b2outer1/final/activity_gnn/s11027,corrected_gnn,11027,153345,35260,0.7236934588632224,0.0,35260,118085,103242,0.7236934588632224,0.12828778894618154,0,"Full training-partition normalized activity loss; dropout disabled, including pair-trained checkpoints. Exact zero comparison in recorded float arithmetic; not a count of all scalars ever data-updated over training."
pair/b2outer1/final/activity_gnn/s1103,corrected_gnn,1103,153345,55072,4.86749768076633,0.0,55072,98273,90505,4.86749768076633,0.12239037314429879,0,"Full training-partition normalized activity loss; dropout disabled, including pair-trained checkpoints. Exact zero comparison in recorded float arithmetic; not a count of all scalars ever data-updated over training."
pair/b2outer1/final/activity_gnn/s2207,corrected_gnn,2207,153345,32881,3.5923584773434887,0.0,32881,120464,98054,3.5923584773434887,0.1231474750675261,0,"Full training-partition normalized activity loss; dropout disabled, including pair-trained checkpoints. Exact zero comparison in recorded float arithmetic; not a count of all scalars ever data-updated over training."
pair/b2outer1/final/activity_gnn/s3301,corrected_gnn,3301,153345,40422,3.109596325007946,0.0,40422,112923,98737,3.109596325007946,0.12395406910218298,0,"Full training-partition normalized activity loss; dropout disabled, including pair-trained checkpoints. Exact zero comparison in recorded float arithmetic; not a count of all scalars ever data-updated over training."
pair/b2outer1/final/activity_gnn/s4409,corrected_gnn,4409,153345,33335,0.7342439067600174,0.0,33335,120010,104558,0.7342439067600174,0.12146681896410882,0,"Full training-partition normalized activity loss; dropout disabled, including pair-trained checkpoints. Exact zero comparison in recorded float arithmetic; not a count of all scalars ever data-updated over training."
pair/b2outer1/final/activity_gnn/s5519,corrected_gnn,5519,153345,37210,3.601266012750343,0.0,37210,116135,95387,3.601266012750343,0.12073003384284675,0,"Full training-partition normalized activity loss; dropout disabled, including pair-trained checkpoints. Exact zero comparison in recorded float arithmetic; not a count of all scalars ever data-updated over training."
pair/b2outer1/final/activity_gnn/s6637,corrected_gnn,6637,153345,17331,1.8319751987129915,0.0,17331,136014,99905,1.8319751987129915,0.12380854901857674,0,"Full training-partition normalized activity loss; dropout disabled, including pair-trained checkpoints. Exact zero comparison in recorded float arithmetic; not a count of all scalars ever data-updated over training."
pair/b2outer1/final/activity_gnn/s7753,corrected_gnn,7753,153345,41864,3.234535960025622,0.0,41864,111481,100136,3.234535960025622,0.12362458603456616,0,"Full training-partition normalized activity loss; dropout disabled, including pair-trained checkpoints. Exact zero comparison in recorded float arithmetic; not a count of all scalars ever data-updated over training."
pair/b2outer1/final/activity_gnn/s8867,corrected_gnn,8867,153345,42243,2.846357909839434,0.0,42243,111102,95875,2.846357909839434,0.1249965880997479,0,"Full training-partition normalized activity loss; dropout disabled, including pair-trained checkpoints. Exact zero comparison in recorded float arithmetic; not a count of all scalars ever data-updated over training."
pair/b2outer1/final/activity_gnn/s9973,corrected_gnn,9973,153345,21237,1.181512369915029,0.0,21237,132108,105053,1.181512369915029,0.14458714495413005,0,"Full training-partition normalized activity loss; dropout disabled, including pair-trained checkpoints. Exact zero comparison in recorded float arithmetic; not a count of all scalars ever data-updated over training."
pair/b2outer1/final/pair_gnn/s11027,corrected_gnn,11027,153345,36687,2.2444747616668996,0.1,36687,116658,103236,2.158650439945351,0.13885442609898746,0,"Full training-partition normalized activity loss; dropout disabled, including pair-trained checkpoints. Exact zero comparison in recorded float arithmetic; not a count of all scalars ever data-updated over training."
pair/b2outer1/final/pair_gnn/s1103,corrected_gnn,1103,153345,55143,3.0104819876268993,0.1,55143,98202,96211,2.941434336588504,0.13876330293715,0,"Full training-partition normalized activity loss; dropout disabled, including pair-trained checkpoints. Exact zero comparison in recorded float arithmetic; not a count of all scalars ever data-updated over training."
pair/b2outer1/final/pair_gnn/s2207,corrected_gnn,2207,153345,34334,2.543141646878364,0.1,34334,119011,98053,2.492856165398066,0.1408460307866335,0,"Full training-partition normalized activity loss; dropout disabled, including pair-trained checkpoints. Exact zero comparison in recorded float arithmetic; not a count of all scalars ever data-updated over training."
pair/b2outer1/final/pair_gnn/s3301,corrected_gnn,3301,153345,41735,2.497918434284609,0.1,41735,111610,98715,2.3959956015731296,0.1394337979145348,0,"Full training-partition normalized activity loss; dropout disabled, including pair-trained checkpoints. Exact zero comparison in recorded float arithmetic; not a count of all scalars ever data-updated over training."
pair/b2outer1/final/pair_gnn/s4409,corrected_gnn,4409,153345,33374,2.4322237919038656,0.1,33374,119971,104523,2.339715084737517,0.1536859238985926,0,"Full training-partition normalized activity loss; dropout disabled, including pair-trained checkpoints. Exact zero comparison in recorded float arithmetic; not a count of all scalars ever data-updated over training."
pair/b2outer1/final/pair_gnn/s5519,corrected_gnn,5519,153345,45544,4.690489606981046,0.1,45544,107801,93974,4.678850555811503,0.13886133511550725,0,"Full training-partition normalized activity loss; dropout disabled, including pair-trained checkpoints. Exact zero comparison in recorded float arithmetic; not a count of all scalars ever data-updated over training."
pair/b2outer1/final/pair_gnn/s6637,corrected_gnn,6637,153345,24305,2.839430682483556,0.1,24305,129040,99858,2.8251891059850527,0.1412640861235559,0,"Full training-partition normalized activity loss; dropout disabled, including pair-trained checkpoints. Exact zero comparison in recorded float arithmetic; not a count of all scalars ever data-updated over training."
pair/b2outer1/final/pair_gnn/s7753,corrected_gnn,7753,153345,41996,5.548971353736385,0.1,41996,111349,100140,5.509983854623143,0.1400312869809568,0,"Full training-partition normalized activity loss; dropout disabled, including pair-trained checkpoints. Exact zero comparison in recorded float arithmetic; not a count of all scalars ever data-updated over training."
pair/b2outer1/final/pair_gnn/s8867,corrected_gnn,8867,153345,45044,1.6970200560676627,0.1,45044,108301,94478,1.6051021603293842,0.13893315894529223,0,"Full training-partition normalized activity loss; dropout disabled, including pair-trained checkpoints. Exact zero comparison in recorded float arithmetic; not a count of all scalars ever data-updated over training."
pair/b2outer1/final/pair_gnn/s9973,corrected_gnn,9973,153345,22685,1.4418605572331897,0.1,22685,130660,105043,1.2577169116011948,0.13898419891484082,0,"Full training-partition normalized activity loss; dropout disabled, including pair-trained checkpoints. Exact zero comparison in recorded float arithmetic; not a count of all scalars ever data-updated over training."
pair/b2outer1/final/pair_no_message/s11027,corrected_no_message,11027,153345,35059,1.4407870127042417,0.1,35059,118286,103134,1.3448888900284075,0.13766756397671998,0,"Full training-partition normalized activity loss; dropout disabled, including pair-trained checkpoints. Exact zero comparison in recorded float arithmetic; not a count of all scalars ever data-updated over training."
pair/b2outer1/final/pair_no_message/s1103,corrected_no_message,1103,153345,56566,11.40972058740306,0.1,56566,96779,100404,11.417676674095768,0.1379309301264584,0,"Full training-partition normalized activity loss; dropout disabled, including pair-trained checkpoints. Exact zero comparison in recorded float arithmetic; not a count of all scalars ever data-updated over training."
pair/b2outer1/final/pair_no_message/s2207,corrected_no_message,2207,153345,38071,3.3705054139870487,0.1,38071,115274,96503,3.3242684740266975,0.13778310804627836,0,"Full training-partition normalized activity loss; dropout disabled, including pair-trained checkpoints. Exact zero comparison in recorded float arithmetic; not a count of all scalars ever data-updated over training."
pair/b2outer1/final/pair_no_message/s3301,corrected_no_message,3301,153345,37325,2.094949989070652,0.1,37325,116020,98735,2.063079384237842,0.17350903386250138,0,"Full training-partition normalized activity loss; dropout disabled, including pair-trained checkpoints. Exact zero comparison in recorded float arithmetic; not a count of all scalars ever data-updated over training."
pair/b2outer1/final/pair_no_message/s4409,corrected_no_message,4409,153345,34689,1.9368405419739323,0.1,34689,118656,103145,1.825216253239139,0.17777744797058403,0,"Full training-partition normalized activity loss; dropout disabled, including pair-trained checkpoints. Exact zero comparison in recorded float arithmetic; not a count of all scalars ever data-updated over training."
pair/b2outer1/final/pair_no_message/s5519,corrected_no_message,5519,153345,45445,3.410212304913238,0.1,45445,107900,93839,3.3592434120393304,0.17350463196635246,0,"Full training-partition normalized activity loss; dropout disabled, including pair-trained checkpoints. Exact zero comparison in recorded float arithmetic; not a count of all scalars ever data-updated over training."
pair/b2outer1/final/pair_no_message/s6637,corrected_no_message,6637,153345,17810,1.7153714854082547,0.1,17810,135535,99589,1.754029399707803,0.13868501782417297,0,"Full training-partition normalized activity loss; dropout disabled, including pair-trained checkpoints. Exact zero comparison in recorded float arithmetic; not a count of all scalars ever data-updated over training."
pair/b2outer1/final/pair_no_message/s7753,corrected_no_message,7753,153345,43053,3.396406863576866,0.1,43053,110292,98527,3.3443327544081347,0.1395915700122714,0,"Full training-partition normalized activity loss; dropout disabled, including pair-trained checkpoints. Exact zero comparison in recorded float arithmetic; not a count of all scalars ever data-updated over training."
pair/b2outer1/final/pair_no_message/s8867,corrected_no_message,8867,153345,43327,3.3138316818561457,0.1,43327,110018,99975,3.2128769073442673,0.17173819220624864,0,"Full training-partition normalized activity loss; dropout disabled, including pair-trained checkpoints. Exact zero comparison in recorded float arithmetic; not a count of all scalars ever data-updated over training."
pair/b2outer1/final/pair_no_message/s9973,corrected_no_message,9973,153345,27815,0.850948630762675,0.1,27815,125530,104505,0.6755317286545467,0.17196931596845388,0,"Full training-partition normalized activity loss; dropout disabled, including pair-trained checkpoints. Exact zero comparison in recorded float arithmetic; not a count of all scalars ever data-updated over training."
pair/b2outer2/final/activity_gnn/s11027,corrected_gnn,11027,153345,36547,3.057268078041925,0.0,36547,116798,101769,3.057268078041925,0.12563246092759073,0,"Full training-partition normalized activity loss; dropout disabled, including pair-trained checkpoints. Exact zero comparison in recorded float arithmetic; not a count of all scalars ever data-updated over training."
pair/b2outer2/final/activity_gnn/s1103,corrected_gnn,1103,153345,53500,7.798264074030036,0.0,53500,99845,94733,7.798264074030036,0.12437701807357371,0,"Full training-partition normalized activity loss; dropout disabled, including pair-trained checkpoints. Exact zero comparison in recorded float arithmetic; not a count of all scalars ever data-updated over training."
pair/b2outer2/final/activity_gnn/s2207,corrected_gnn,2207,153345,31471,4.291451754108765,0.0,31471,121874,96622,4.291451754108765,0.1234056381508708,0,"Full training-partition normalized activity loss; dropout disabled, including pair-trained checkpoints. Exact zero comparison in recorded float arithmetic; not a count of all scalars ever data-updated over training."
pair/b2outer2/final/activity_gnn/s3301,corrected_gnn,3301,153345,27580,2.402536467093475,0.0,27580,125765,97158,2.402536467093475,0.12211334402672946,0,"Full training-partition normalized activity loss; dropout disabled, including pair-trained checkpoints. Exact zero comparison in recorded float arithmetic; not a count of all scalars ever data-updated over training."
pair/b2outer2/final/activity_gnn/s4409,corrected_gnn,4409,153345,37618,3.4217396084426785,0.0,37618,115727,101774,3.4217396084426785,0.12333340896293521,0,"Full training-partition normalized activity loss; dropout disabled, including pair-trained checkpoints. Exact zero comparison in recorded float arithmetic; not a count of all scalars ever data-updated over training."
pair/b2outer2/final/activity_gnn/s5519,corrected_gnn,5519,153345,30166,1.1834580649094153,0.0,30166,123179,95480,1.1834580649094153,0.12346033402718604,0,"Full training-partition normalized activity loss; dropout disabled, including pair-trained checkpoints. Exact zero comparison in recorded float arithmetic; not a count of all scalars ever data-updated over training."
pair/b2outer2/final/activity_gnn/s6637,corrected_gnn,6637,153345,22152,1.4256493892743445,0.0,22152,131193,98306,1.4256493892743445,0.12205592403188348,0,"Full training-partition normalized activity loss; dropout disabled, including pair-trained checkpoints. Exact zero comparison in recorded float arithmetic; not a count of all scalars ever data-updated over training."
pair/b2outer2/final/activity_gnn/s7753,corrected_gnn,7753,153345,40379,4.294152052215893,0.0,40379,112966,100161,4.294152052215893,0.1479508050251752,0,"Full training-partition normalized activity loss; dropout disabled, including pair-trained checkpoints. Exact zero comparison in recorded float arithmetic; not a count of all scalars ever data-updated over training."
pair/b2outer2/final/activity_gnn/s8867,corrected_gnn,8867,153345,36322,2.764283683507429,0.0,36322,117023,97195,2.764283683507429,0.12170829111710191,0,"Full training-partition normalized activity loss; dropout disabled, including pair-trained checkpoints. Exact zero comparison in recorded float arithmetic; not a count of all scalars ever data-updated over training."
pair/b2outer2/final/activity_gnn/s9973,corrected_gnn,9973,153345,1,0.11824508756399155,0.0,1,153344,103540,0.11824508756399155,0.12331302394159138,0,"Full training-partition normalized activity loss; dropout disabled, including pair-trained checkpoints. Exact zero comparison in recorded float arithmetic; not a count of all scalars ever data-updated over training."
pair/b2outer2/final/pair_gnn/s11027,corrected_gnn,11027,153345,46323,3.2071515262069754,1.0,46323,107022,98841,2.7353929221566133,0.1393956250976771,0,"Full training-partition normalized activity loss; dropout disabled, including pair-trained checkpoints. Exact zero comparison in recorded float arithmetic; not a count of all scalars ever data-updated over training."
pair/b2outer2/final/pair_gnn/s1103,corrected_gnn,1103,153345,59354,4.912624577556461,1.0,59354,93991,96240,4.571256071112005,0.14030615496449172,0,"Full training-partition normalized activity loss; dropout disabled, including pair-trained checkpoints. Exact zero comparison in recorded float arithmetic; not a count of all scalars ever data-updated over training."
pair/b2outer2/final/pair_gnn/s2207,corrected_gnn,2207,153345,47182,2.2944763990719244,1.0,47182,106163,102364,1.3101757326227375,0.14234166615642607,0,"Full training-partition normalized activity loss; dropout disabled, including pair-trained checkpoints. Exact zero comparison in recorded float arithmetic; not a count of all scalars ever data-updated over training."
pair/b2outer2/final/pair_gnn/s3301,corrected_gnn,3301,153345,38971,0.9550304256449064,1.0,38971,114374,105983,0.6774654422786963,0.14161928999237716,0,"Full training-partition normalized activity loss; dropout disabled, including pair-trained checkpoints. Exact zero comparison in recorded float arithmetic; not a count of all scalars ever data-updated over training."
pair/b2outer2/final/pair_gnn/s4409,corrected_gnn,4409,153345,44220,4.7344978225997725,1.0,44220,109125,101747,3.0643148431775544,0.1395152339246124,0,"Full training-partition normalized activity loss; dropout disabled, including pair-trained checkpoints. Exact zero comparison in recorded float arithmetic; not a count of all scalars ever data-updated over training."
pair/b2outer2/final/pair_gnn/s5519,corrected_gnn,5519,153345,45614,5.692666126444719,1.0,45614,107731,92529,4.8517473781750935,0.13691487000323832,0,"Full training-partition normalized activity loss; dropout disabled, including pair-trained checkpoints. Exact zero comparison in recorded float arithmetic; not a count of all scalars ever data-updated over training."
pair/b2outer2/final/pair_gnn/s6637,corrected_gnn,6637,153345,25549,2.5780439866321987,1.0,25549,127796,99719,1.2518983097900092,0.1382700209505856,0,"Full training-partition normalized activity loss; dropout disabled, including pair-trained checkpoints. Exact zero comparison in recorded float arithmetic; not a count of all scalars ever data-updated over training."
pair/b2outer2/final/pair_gnn/s7753,corrected_gnn,7753,153345,56159,10.505643461084277,1.0,56159,97186,98679,10.309891848201357,0.14013376110233366,0,"Full training-partition normalized activity loss; dropout disabled, including pair-trained checkpoints. Exact zero comparison in recorded float arithmetic; not a count of all scalars ever data-updated over training."
pair/b2outer2/final/pair_gnn/s8867,corrected_gnn,8867,153345,47429,1.9795255347414848,1.0,47429,105916,98717,0.77882200063055,0.13905579806305468,0,"Full training-partition normalized activity loss; dropout disabled, including pair-trained checkpoints. Exact zero comparison in recorded float arithmetic; not a count of all scalars ever data-updated over training."
pair/b2outer2/final/pair_gnn/s9973,corrected_gnn,9973,153345,39533,4.17494213446283,1.0,39533,113812,103477,2.3839219089833446,0.13895184290595353,0,"Full training-partition normalized activity loss; dropout disabled, including pair-trained checkpoints. Exact zero comparison in recorded float arithmetic; not a count of all scalars ever data-updated over training."
pair/b2outer2/final/pair_no_message/s11027,corrected_no_message,11027,153345,35220,7.15723984537387,10.0,35220,118125,104840,0.6562613247841041,0.13921236689202487,0,"Full training-partition normalized activity loss; dropout disabled, including pair-trained checkpoints. Exact zero comparison in recorded float arithmetic; not a count of all scalars ever data-updated over training."
pair/b2outer2/final/pair_no_message/s1103,corrected_no_message,1103,153345,59400,14.364243265633288,10.0,59400,93945,100449,3.323423125781319,0.13880349905230105,0,"Full training-partition normalized activity loss; dropout disabled, including pair-trained checkpoints. Exact zero comparison in recorded float arithmetic; not a count of all scalars ever data-updated over training."
pair/b2outer2/final/pair_no_message/s2207,corrected_no_message,2207,153345,50737,17.029114474681524,10.0,50737,102608,96518,4.263070784340125,0.138375046197325,0,"Full training-partition normalized activity loss; dropout disabled, including pair-trained checkpoints. Exact zero comparison in recorded float arithmetic; not a count of all scalars ever data-updated over training."
pair/b2outer2/final/pair_no_message/s3301,corrected_no_message,3301,153345,49928,11.417616550573639,10.0,49928,103417,100113,2.4665417427594862,0.13714018696919084,0,"Full training-partition normalized activity loss; dropout disabled, including pair-trained checkpoints. Exact zero comparison in recorded float arithmetic; not a count of all scalars ever data-updated over training."
pair/b2outer2/final/pair_no_message/s4409,corrected_no_message,4409,153345,52443,19.363353246721843,10.0,52443,100902,100173,1.2016453004182563,0.16027727304026484,0,"Full training-partition normalized activity loss; dropout disabled, including pair-trained checkpoints. Exact zero comparison in recorded float arithmetic; not a count of all scalars ever data-updated over training."
pair/b2outer2/final/pair_no_message/s5519,corrected_no_message,5519,153345,49422,31.755118178138066,10.0,49422,103923,93844,1.1562317723579527,0.17300268611870706,0,"Full training-partition normalized activity loss; dropout disabled, including pair-trained checkpoints. Exact zero comparison in recorded float arithmetic; not a count of all scalars ever data-updated over training."
pair/b2outer2/final/pair_no_message/s6637,corrected_no_message,6637,153345,43746,21.581440526910292,10.0,43746,109599,101157,2.286580640823224,0.17370923305861652,0,"Full training-partition normalized activity loss; dropout disabled, including pair-trained checkpoints. Exact zero comparison in recorded float arithmetic; not a count of all scalars ever data-updated over training."
pair/b2outer2/final/pair_no_message/s7753,corrected_no_message,7753,153345,50196,19.61527868700706,10.0,50196,103149,97114,11.074438061247218,0.17237317003309727,0,"Full training-partition normalized activity loss; dropout disabled, including pair-trained checkpoints. Exact zero comparison in recorded float arithmetic; not a count of all scalars ever data-updated over training."
pair/b2outer2/final/pair_no_message/s8867,corrected_no_message,8867,153345,45765,22.08638929655384,10.0,45765,107580,95747,2.9567192229761714,0.17238321993499994,0,"Full training-partition normalized activity loss; dropout disabled, including pair-trained checkpoints. Exact zero comparison in recorded float arithmetic; not a count of all scalars ever data-updated over training."
pair/b2outer2/final/pair_no_message/s9973,corrected_no_message,9973,153345,56226,18.269530275574347,10.0,56226,97119,101533,1.9214266285520614,0.17245307215489447,0,"Full training-partition normalized activity loss; dropout disabled, including pair-trained checkpoints. Exact zero comparison in recorded float arithmetic; not a count of all scalars ever data-updated over training."
pair/b2outer3/final/activity_gnn/s11027,corrected_gnn,11027,153345,60656,2.630202292058069,0.0,60656,92689,104524,2.630202292058069,0.17954474384896457,0,"Full training-partition normalized activity loss; dropout disabled, including pair-trained checkpoints. Exact zero comparison in recorded float arithmetic; not a count of all scalars ever data-updated over training."
pair/b2outer3/final/activity_gnn/s1103,corrected_gnn,1103,153345,74683,2.9693074282294645,0.0,74683,78662,93185,2.9693074282294645,0.16067135985940695,0,"Full training-partition normalized activity loss; dropout disabled, including pair-trained checkpoints. Exact zero comparison in recorded float arithmetic; not a count of all scalars ever data-updated over training."
pair/b2outer3/final/activity_gnn/s2207,corrected_gnn,2207,153345,66760,2.836474933365693,0.0,66760,86585,95096,2.836474933365693,0.13672696216963232,0,"Full training-partition normalized activity loss; dropout disabled, including pair-trained checkpoints. Exact zero comparison in recorded float arithmetic; not a count of all scalars ever data-updated over training."
pair/b2outer3/final/activity_gnn/s3301,corrected_gnn,3301,153345,65741,1.6760032882192697,0.0,65741,87604,98457,1.6760032882192697,0.12673840601928532,0,"Full training-partition normalized activity loss; dropout disabled, including pair-trained checkpoints. Exact zero comparison in recorded float arithmetic; not a count of all scalars ever data-updated over training."
pair/b2outer3/final/activity_gnn/s4409,corrected_gnn,4409,153345,68787,1.596183832818628,0.0,68787,84558,101724,1.596183832818628,0.16437588399276137,0,"Full training-partition normalized activity loss; dropout disabled, including pair-trained checkpoints. Exact zero comparison in recorded float arithmetic; not a count of all scalars ever data-updated over training."
pair/b2outer3/final/activity_gnn/s5519,corrected_gnn,5519,153345,62580,0.9468074654028694,0.0,62580,90765,93787,0.9468074654028694,0.1308033240493387,0,"Full training-partition normalized activity loss; dropout disabled, including pair-trained checkpoints. Exact zero comparison in recorded float arithmetic; not a count of all scalars ever data-updated over training."
pair/b2outer3/final/activity_gnn/s6637,corrected_gnn,6637,153345,58127,3.0669839789144127,0.0,58127,95218,93935,3.0669839789144127,0.12263876688666642,0,"Full training-partition normalized activity loss; dropout disabled, including pair-trained checkpoints. Exact zero comparison in recorded float arithmetic; not a count of all scalars ever data-updated over training."
pair/b2outer3/final/activity_gnn/s7753,corrected_gnn,7753,153345,72975,5.600890132466972,0.0,72975,80370,95809,5.600890132466972,0.12844164110720158,0,"Full training-partition normalized activity loss; dropout disabled, including pair-trained checkpoints. Exact zero comparison in recorded float arithmetic; not a count of all scalars ever data-updated over training."
pair/b2outer3/final/activity_gnn/s8867,corrected_gnn,8867,153345,63291,2.7275273887826814,0.0,63291,90054,92999,2.7275273887826814,0.1314199180342257,0,"Full training-partition normalized activity loss; dropout disabled, including pair-trained checkpoints. Exact zero comparison in recorded float arithmetic; not a count of all scalars ever data-updated over training."
pair/b2outer3/final/activity_gnn/s9973,corrected_gnn,9973,153345,66252,1.9849464299732062,0.0,66252,87093,100545,1.9849464299732062,0.12166627286933362,0,"Full training-partition normalized activity loss; dropout disabled, including pair-trained checkpoints. Exact zero comparison in recorded float arithmetic; not a count of all scalars ever data-updated over training."
pair/b2outer3/final/pair_gnn/s11027,corrected_gnn,11027,153345,60631,7.405865373370444,10.0,60631,92714,104604,3.1235269504981216,0.1758669358678162,0,"Full training-partition normalized activity loss; dropout disabled, including pair-trained checkpoints. Exact zero comparison in recorded float arithmetic; not a count of all scalars ever data-updated over training."
pair/b2outer3/final/pair_gnn/s1103,corrected_gnn,1103,153345,59149,34.05894348075625,10.0,59149,94196,96164,3.7101562654544975,0.13816954009234905,0,"Full training-partition normalized activity loss; dropout disabled, including pair-trained checkpoints. Exact zero comparison in recorded float arithmetic; not a count of all scalars ever data-updated over training."
pair/b2outer3/final/pair_gnn/s2207,corrected_gnn,2207,153345,62591,2.8278859632443587,10.0,62591,90754,105147,1.736669394493589,0.14189213584177196,0,"Full training-partition normalized activity loss; dropout disabled, including pair-trained checkpoints. Exact zero comparison in recorded float arithmetic; not a count of all scalars ever data-updated over training."
pair/b2outer3/final/pair_gnn/s3301,corrected_gnn,3301,153345,69788,31.296076699036252,10.0,69788,83557,98447,4.247460534910941,0.13924078014679253,0,"Full training-partition normalized activity loss; dropout disabled, including pair-trained checkpoints. Exact zero comparison in recorded float arithmetic; not a count of all scalars ever data-updated over training."
pair/b2outer3/final/pair_gnn/s4409,corrected_gnn,4409,153345,63512,7.692905576101088,10.0,63512,89833,104619,1.5391115999230012,0.1400542079936713,0,"Full training-partition normalized activity loss; dropout disabled, including pair-trained checkpoints. Exact zero comparison in recorded float arithmetic; not a count of all scalars ever data-updated over training."
pair/b2outer3/final/pair_gnn/s5519,corrected_gnn,5519,153345,51508,3.0862075972166045,10.0,51508,101837,104027,1.132554324178157,0.13937022304162383,0,"Full training-partition normalized activity loss; dropout disabled, including pair-trained checkpoints. Exact zero comparison in recorded float arithmetic; not a count of all scalars ever data-updated over training."
pair/b2outer3/final/pair_gnn/s6637,corrected_gnn,6637,153345,58407,6.124069778082719,10.0,58407,94938,102628,2.2280694374159573,0.14469328289851546,0,"Full training-partition normalized activity loss; dropout disabled, including pair-trained checkpoints. Exact zero comparison in recorded float arithmetic; not a count of all scalars ever data-updated over training."
pair/b2outer3/final/pair_gnn/s7753,corrected_gnn,7753,153345,46127,4.2522318379396395,10.0,46127,107218,101647,1.0523456206914172,0.13998692412860692,0,"Full training-partition normalized activity loss; dropout disabled, including pair-trained checkpoints. Exact zero comparison in recorded float arithmetic; not a count of all scalars ever data-updated over training."
pair/b2outer3/final/pair_gnn/s8867,corrected_gnn,8867,153345,54840,3.0154890278175843,10.0,54840,98505,104395,0.9997457591823501,0.14259802107699215,0,"Full training-partition normalized activity loss; dropout disabled, including pair-trained checkpoints. Exact zero comparison in recorded float arithmetic; not a count of all scalars ever data-updated over training."
pair/b2outer3/final/pair_gnn/s9973,corrected_gnn,9973,153345,66097,4.780810581098238,10.0,66097,87248,102074,2.548996147505537,0.13882725103758276,0,"Full training-partition normalized activity loss; dropout disabled, including pair-trained checkpoints. Exact zero comparison in recorded float arithmetic; not a count of all scalars ever data-updated over training."
pair/b2outer3/final/pair_no_message/s11027,corrected_no_message,11027,153345,53579,9.877405037055036,10.0,53579,99766,153345,1.0899464113685269,0.14302561501972377,0,"Full training-partition normalized activity loss; dropout disabled, including pair-trained checkpoints. Exact zero comparison in recorded float arithmetic; not a count of all scalars ever data-updated over training."
pair/b2outer3/final/pair_no_message/s1103,corrected_no_message,1103,153345,47557,3.619319421216557,10.0,47557,105788,153345,1.0482127968156996,0.13675440405495465,0,"Full training-partition normalized activity loss; dropout disabled, including pair-trained checkpoints. Exact zero comparison in recorded float arithmetic; not a count of all scalars ever data-updated over training."
pair/b2outer3/final/pair_no_message/s2207,corrected_no_message,2207,153345,54101,5.536510381447659,10.0,54102,99243,153345,2.7348016103780206,0.13603629590943456,0,"Full training-partition normalized activity loss; dropout disabled, including pair-trained checkpoints. Exact zero comparison in recorded float arithmetic; not a count of all scalars ever data-updated over training."
pair/b2outer3/final/pair_no_message/s3301,corrected_no_message,3301,153345,64458,36.312973771840085,10.0,64458,88887,153345,4.917386089692645,0.15107264695689082,0,"Full training-partition normalized activity loss; dropout disabled, including pair-trained checkpoints. Exact zero comparison in recorded float arithmetic; not a count of all scalars ever data-updated over training."
pair/b2outer3/final/pair_no_message/s4409,corrected_no_message,4409,153345,65865,7.985092481571324,10.0,65865,87480,153345,1.7244932761857763,0.13909648591652513,0,"Full training-partition normalized activity loss; dropout disabled, including pair-trained checkpoints. Exact zero comparison in recorded float arithmetic; not a count of all scalars ever data-updated over training."
pair/b2outer3/final/pair_no_message/s5519,corrected_no_message,5519,153345,51326,9.440216633285642,10.0,51326,102019,153345,1.3243044669433996,0.14220438804477453,0,"Full training-partition normalized activity loss; dropout disabled, including pair-trained checkpoints. Exact zero comparison in recorded float arithmetic; not a count of all scalars ever data-updated over training."
pair/b2outer3/final/pair_no_message/s6637,corrected_no_message,6637,153345,56882,5.751406136583926,10.0,56882,96463,153345,1.7345169606280677,0.13753318111412227,0,"Full training-partition normalized activity loss; dropout disabled, including pair-trained checkpoints. Exact zero comparison in recorded float arithmetic; not a count of all scalars ever data-updated over training."
pair/b2outer3/final/pair_no_message/s7753,corrected_no_message,7753,153345,51804,7.026878037812503,10.0,51804,101541,153345,1.033071366517043,0.14137439406476915,0,"Full training-partition normalized activity loss; dropout disabled, including pair-trained checkpoints. Exact zero comparison in recorded float arithmetic; not a count of all scalars ever data-updated over training."
pair/b2outer3/final/pair_no_message/s8867,corrected_no_message,8867,153345,58963,6.400198478650409,10.0,58963,94382,153345,1.566448912307642,0.17510713986121118,0,"Full training-partition normalized activity loss; dropout disabled, including pair-trained checkpoints. Exact zero comparison in recorded float arithmetic; not a count of all scalars ever data-updated over training."
pair/b2outer3/final/pair_no_message/s9973,corrected_no_message,9973,153345,74526,44.37625274350351,10.0,74526,78819,153345,2.190847168252108,0.14124242099933326,0,"Full training-partition normalized activity loss; dropout disabled, including pair-trained checkpoints. Exact zero comparison in recorded float arithmetic; not a count of all scalars ever data-updated over training."
