fit,method,seed,parameter,scalars,selected_activity_gradient_nonzero_scalars,selected_activity_gradient_zero_scalars,selected_activity_gradient_norm,changed_from_initialized_scalars,selected_training_objective_nonzero_scalars,selected_training_objective_gradient_norm
activity/deployment/final/corrected_gnn/s11027,corrected_gnn,11027,embed.weight,2976,1553,1423,0.41808611154556274,1561,1553,0.41808611154556274
activity/deployment/final/corrected_gnn/s11027,corrected_gnn,11027,embed.bias,32,32,0,0.13575227558612823,32,32,0.13575227558612823
activity/deployment/final/corrected_gnn/s11027,corrected_gnn,11027,self_layers.0.weight,1024,691,333,0.07914899289608002,691,691,0.07914899289608002
activity/deployment/final/corrected_gnn/s11027,corrected_gnn,11027,self_layers.0.bias,32,22,10,0.11808951199054718,22,22,0.11808951199054718
activity/deployment/final/corrected_gnn/s11027,corrected_gnn,11027,self_layers.1.weight,1024,1024,0,0.06961395591497421,1024,1024,0.06961395591497421
activity/deployment/final/corrected_gnn/s11027,corrected_gnn,11027,self_layers.1.bias,32,32,0,0.010889288038015366,32,32,0.010889288038015366
activity/deployment/final/corrected_gnn/s11027,corrected_gnn,11027,norms.0.weight,32,32,0,0.019887883216142654,32,32,0.019887883216142654
activity/deployment/final/corrected_gnn/s11027,corrected_gnn,11027,norms.0.bias,32,32,0,0.013591467402875423,32,32,0.013591467402875423
activity/deployment/final/corrected_gnn/s11027,corrected_gnn,11027,norms.1.weight,32,32,0,0.02664046734571457,32,32,0.02664046734571457
activity/deployment/final/corrected_gnn/s11027,corrected_gnn,11027,norms.1.bias,32,32,0,0.011121688410639763,32,32,0.011121688410639763
activity/deployment/final/corrected_gnn/s11027,corrected_gnn,11027,message_weights.0,8192,2419,5773,0.04470611736178398,2401,2419,0.04470611736178398
activity/deployment/final/corrected_gnn/s11027,corrected_gnn,11027,message_weights.1,8192,3776,4416,0.04564763978123665,3776,3776,0.04564763978123665
activity/deployment/final/corrected_gnn/s11027,corrected_gnn,11027,readout.0.weight,131584,75641,55943,1.1776535511016846,96832,75641,1.1776535511016846
activity/deployment/final/corrected_gnn/s11027,corrected_gnn,11027,readout.0.bias,64,51,13,0.02560526691377163,64,51,0.02560526691377163
activity/deployment/final/corrected_gnn/s11027,corrected_gnn,11027,readout.3.weight,64,51,13,0.32638075947761536,64,51,0.32638075947761536
activity/deployment/final/corrected_gnn/s11027,corrected_gnn,11027,readout.3.bias,1,1,0,0.05440634861588478,1,1,0.05440634861588478
activity/deployment/final/corrected_gnn/s1103,corrected_gnn,1103,embed.weight,2976,1629,1347,2.832961082458496,1628,1629,2.832961082458496
activity/deployment/final/corrected_gnn/s1103,corrected_gnn,1103,embed.bias,32,32,0,1.7151613235473633,32,32,1.7151613235473633
activity/deployment/final/corrected_gnn/s1103,corrected_gnn,1103,self_layers.0.weight,1024,694,330,0.48523396253585815,719,694,0.48523396253585815
activity/deployment/final/corrected_gnn/s1103,corrected_gnn,1103,self_layers.0.bias,32,22,10,0.9270077347755432,23,22,0.9270077347755432
activity/deployment/final/corrected_gnn/s1103,corrected_gnn,1103,self_layers.1.weight,1024,1024,0,0.5256773829460144,1024,1024,0.5256773829460144
activity/deployment/final/corrected_gnn/s1103,corrected_gnn,1103,self_layers.1.bias,32,32,0,0.11402188986539841,32,32,0.11402188986539841
activity/deployment/final/corrected_gnn/s1103,corrected_gnn,1103,norms.0.weight,32,32,0,0.13846056163311005,32,32,0.13846056163311005
activity/deployment/final/corrected_gnn/s1103,corrected_gnn,1103,norms.0.bias,32,32,0,0.2255607396364212,32,32,0.2255607396364212
activity/deployment/final/corrected_gnn/s1103,corrected_gnn,1103,norms.1.weight,32,32,0,0.1482676863670349,32,32,0.1482676863670349
activity/deployment/final/corrected_gnn/s1103,corrected_gnn,1103,norms.1.bias,32,32,0,0.225427508354187,32,32,0.225427508354187
activity/deployment/final/corrected_gnn/s1103,corrected_gnn,1103,message_weights.0,8192,2391,5801,0.293981671333313,2452,2391,0.293981671333313
activity/deployment/final/corrected_gnn/s1103,corrected_gnn,1103,message_weights.1,8192,3712,4480,0.3012793958187103,3840,3712,0.3012793958187103
activity/deployment/final/corrected_gnn/s1103,corrected_gnn,1103,readout.0.weight,131584,75990,55594,6.957211494445801,95101,75990,6.957211494445801
activity/deployment/final/corrected_gnn/s1103,corrected_gnn,1103,readout.0.bias,64,50,14,0.21175917983055115,63,50,0.21175917983055115
activity/deployment/final/corrected_gnn/s1103,corrected_gnn,1103,readout.3.weight,64,50,14,1.3959951400756836,63,50,1.3959951400756836
activity/deployment/final/corrected_gnn/s1103,corrected_gnn,1103,readout.3.bias,1,1,0,0.5004789233207703,1,1,0.5004789233207703
activity/deployment/final/corrected_gnn/s2207,corrected_gnn,2207,embed.weight,2976,1565,1411,0.5766966938972473,1570,1565,0.5766966938972473
activity/deployment/final/corrected_gnn/s2207,corrected_gnn,2207,embed.bias,32,32,0,0.32608768343925476,32,32,0.32608768343925476
activity/deployment/final/corrected_gnn/s2207,corrected_gnn,2207,self_layers.0.weight,1024,759,265,0.12419047951698303,764,759,0.12419047951698303
activity/deployment/final/corrected_gnn/s2207,corrected_gnn,2207,self_layers.0.bias,32,25,7,0.21725405752658844,25,25,0.21725405752658844
activity/deployment/final/corrected_gnn/s2207,corrected_gnn,2207,self_layers.1.weight,1024,1024,0,0.08259225636720657,1024,1024,0.08259225636720657
activity/deployment/final/corrected_gnn/s2207,corrected_gnn,2207,self_layers.1.bias,32,32,0,0.017311086878180504,32,32,0.017311086878180504
activity/deployment/final/corrected_gnn/s2207,corrected_gnn,2207,norms.0.weight,32,32,0,0.02451784536242485,32,32,0.02451784536242485
activity/deployment/final/corrected_gnn/s2207,corrected_gnn,2207,norms.0.bias,32,32,0,0.03649788722395897,32,32,0.03649788722395897
activity/deployment/final/corrected_gnn/s2207,corrected_gnn,2207,norms.1.weight,32,32,0,0.036114756017923355,32,32,0.036114756017923355
activity/deployment/final/corrected_gnn/s2207,corrected_gnn,2207,norms.1.bias,32,32,0,0.03312493488192558,32,32,0.03312493488192558
activity/deployment/final/corrected_gnn/s2207,corrected_gnn,2207,message_weights.0,8192,2590,5602,0.07127732038497925,2583,2590,0.07127732038497925
activity/deployment/final/corrected_gnn/s2207,corrected_gnn,2207,message_weights.1,8192,3872,4320,0.05092039331793785,3840,3872,0.05092039331793785
activity/deployment/final/corrected_gnn/s2207,corrected_gnn,2207,readout.0.weight,131584,61176,70408,1.29816734790802,89457,61176,1.29816734790802
activity/deployment/final/corrected_gnn/s2207,corrected_gnn,2207,readout.0.bias,64,40,24,0.03593521565198898,59,40,0.03593521565198898
activity/deployment/final/corrected_gnn/s2207,corrected_gnn,2207,readout.3.weight,64,40,24,0.5121668577194214,59,40,0.5121668577194214
activity/deployment/final/corrected_gnn/s2207,corrected_gnn,2207,readout.3.bias,1,1,0,0.08568407595157623,1,1,0.08568407595157623
activity/deployment/final/corrected_gnn/s3301,corrected_gnn,3301,embed.weight,2976,1567,1409,1.4667277336120605,1573,1567,1.4667277336120605
activity/deployment/final/corrected_gnn/s3301,corrected_gnn,3301,embed.bias,32,32,0,0.926860511302948,32,32,0.926860511302948
activity/deployment/final/corrected_gnn/s3301,corrected_gnn,3301,self_layers.0.weight,1024,831,193,0.4050944745540619,833,831,0.4050944745540619
activity/deployment/final/corrected_gnn/s3301,corrected_gnn,3301,self_layers.0.bias,32,27,5,0.7291685342788696,27,27,0.7291685342788696
activity/deployment/final/corrected_gnn/s3301,corrected_gnn,3301,self_layers.1.weight,1024,1024,0,0.37875887751579285,1024,1024,0.37875887751579285
activity/deployment/final/corrected_gnn/s3301,corrected_gnn,3301,self_layers.1.bias,32,32,0,0.07857544720172882,32,32,0.07857544720172882
activity/deployment/final/corrected_gnn/s3301,corrected_gnn,3301,norms.0.weight,32,32,0,0.08292658627033234,32,32,0.08292658627033234
activity/deployment/final/corrected_gnn/s3301,corrected_gnn,3301,norms.0.bias,32,32,0,0.12201333045959473,32,32,0.12201333045959473
activity/deployment/final/corrected_gnn/s3301,corrected_gnn,3301,norms.1.weight,32,32,0,0.07634495198726654,32,32,0.07634495198726654
activity/deployment/final/corrected_gnn/s3301,corrected_gnn,3301,norms.1.bias,32,32,0,0.12029734253883362,32,32,0.12029734253883362
activity/deployment/final/corrected_gnn/s3301,corrected_gnn,3301,message_weights.0,8192,2854,5338,0.2517472803592682,2839,2854,0.2517472803592682
activity/deployment/final/corrected_gnn/s3301,corrected_gnn,3301,message_weights.1,8192,3680,4512,0.2243414670228958,3680,3680,0.2243414670228958
activity/deployment/final/corrected_gnn/s3301,corrected_gnn,3301,readout.0.weight,131584,66276,65308,4.609038352966309,94877,66276,4.609038352966309
activity/deployment/final/corrected_gnn/s3301,corrected_gnn,3301,readout.0.bias,64,44,20,0.13483111560344696,63,44,0.13483111560344696
activity/deployment/final/corrected_gnn/s3301,corrected_gnn,3301,readout.3.weight,64,44,20,1.085620403289795,63,44,1.085620403289795
activity/deployment/final/corrected_gnn/s3301,corrected_gnn,3301,readout.3.bias,1,1,0,0.34731781482696533,1,1,0.34731781482696533
activity/deployment/final/corrected_gnn/s4409,corrected_gnn,4409,embed.weight,2976,1610,1366,0.49811214208602905,1614,1610,0.49811214208602905
activity/deployment/final/corrected_gnn/s4409,corrected_gnn,4409,embed.bias,32,32,0,0.2613937258720398,32,32,0.2613937258720398
activity/deployment/final/corrected_gnn/s4409,corrected_gnn,4409,self_layers.0.weight,1024,843,181,0.12790590524673462,842,843,0.12790590524673462
activity/deployment/final/corrected_gnn/s4409,corrected_gnn,4409,self_layers.0.bias,32,27,5,0.25240546464920044,27,27,0.25240546464920044
activity/deployment/final/corrected_gnn/s4409,corrected_gnn,4409,self_layers.1.weight,1024,1024,0,0.10212820023298264,1024,1024,0.10212820023298264
activity/deployment/final/corrected_gnn/s4409,corrected_gnn,4409,self_layers.1.bias,32,32,0,0.02016281709074974,32,32,0.02016281709074974
activity/deployment/final/corrected_gnn/s4409,corrected_gnn,4409,norms.0.weight,32,32,0,0.04097448289394379,32,32,0.04097448289394379
activity/deployment/final/corrected_gnn/s4409,corrected_gnn,4409,norms.0.bias,32,32,0,0.03638948127627373,32,32,0.03638948127627373
activity/deployment/final/corrected_gnn/s4409,corrected_gnn,4409,norms.1.weight,32,32,0,0.040731947869062424,32,32,0.040731947869062424
activity/deployment/final/corrected_gnn/s4409,corrected_gnn,4409,norms.1.bias,32,32,0,0.03424999117851257,32,32,0.03424999117851257
activity/deployment/final/corrected_gnn/s4409,corrected_gnn,4409,message_weights.0,8192,2828,5364,0.07899339497089386,2828,2828,0.07899339497089386
activity/deployment/final/corrected_gnn/s4409,corrected_gnn,4409,message_weights.1,8192,3808,4384,0.06092771142721176,3680,3808,0.06092771142721176
activity/deployment/final/corrected_gnn/s4409,corrected_gnn,4409,readout.0.weight,131584,78300,53284,1.8275543451309204,92631,78300,1.8275543451309204
activity/deployment/final/corrected_gnn/s4409,corrected_gnn,4409,readout.0.bias,64,52,12,0.05187220871448517,61,52,0.05187220871448517
activity/deployment/final/corrected_gnn/s4409,corrected_gnn,4409,readout.3.weight,64,52,12,0.5391892790794373,61,52,0.5391892790794373
activity/deployment/final/corrected_gnn/s4409,corrected_gnn,4409,readout.3.bias,1,1,0,0.1482321321964264,1,1,0.1482321321964264
activity/deployment/final/corrected_gnn/s5519,corrected_gnn,5519,embed.weight,2976,1640,1336,1.6418335437774658,1647,1640,1.6418335437774658
activity/deployment/final/corrected_gnn/s5519,corrected_gnn,5519,embed.bias,32,32,0,0.9734153151512146,32,32,0.9734153151512146
activity/deployment/final/corrected_gnn/s5519,corrected_gnn,5519,self_layers.0.weight,1024,728,296,0.4189321994781494,732,728,0.4189321994781494
activity/deployment/final/corrected_gnn/s5519,corrected_gnn,5519,self_layers.0.bias,32,24,8,0.8429440855979919,24,24,0.8429440855979919
activity/deployment/final/corrected_gnn/s5519,corrected_gnn,5519,self_layers.1.weight,1024,1024,0,0.39397239685058594,1024,1024,0.39397239685058594
activity/deployment/final/corrected_gnn/s5519,corrected_gnn,5519,self_layers.1.bias,32,32,0,0.08425556868314743,32,32,0.08425556868314743
activity/deployment/final/corrected_gnn/s5519,corrected_gnn,5519,norms.0.weight,32,32,0,0.09004172682762146,32,32,0.09004172682762146
activity/deployment/final/corrected_gnn/s5519,corrected_gnn,5519,norms.0.bias,32,32,0,0.14208665490150452,32,32,0.14208665490150452
activity/deployment/final/corrected_gnn/s5519,corrected_gnn,5519,norms.1.weight,32,32,0,0.10123886168003082,32,32,0.10123886168003082
activity/deployment/final/corrected_gnn/s5519,corrected_gnn,5519,norms.1.bias,32,32,0,0.14231498539447784,32,32,0.14231498539447784
activity/deployment/final/corrected_gnn/s5519,corrected_gnn,5519,message_weights.0,8192,2550,5642,0.25201302766799927,2547,2550,0.25201302766799927
activity/deployment/final/corrected_gnn/s5519,corrected_gnn,5519,message_weights.1,8192,3712,4480,0.23514395952224731,3744,3712,0.23514395952224731
activity/deployment/final/corrected_gnn/s5519,corrected_gnn,5519,readout.0.weight,131584,76470,55114,5.094720363616943,88494,76470,5.094720363616943
activity/deployment/final/corrected_gnn/s5519,corrected_gnn,5519,readout.0.bias,64,50,14,0.14704130589962006,58,50,0.14704130589962006
activity/deployment/final/corrected_gnn/s5519,corrected_gnn,5519,readout.3.weight,64,50,14,1.1150963306427002,58,50,1.1150963306427002
activity/deployment/final/corrected_gnn/s5519,corrected_gnn,5519,readout.3.bias,1,1,0,0.33233025670051575,1,1,0.33233025670051575
activity/deployment/final/corrected_gnn/s6637,corrected_gnn,6637,embed.weight,2976,1435,1541,0.6090294718742371,1440,1435,0.6090294718742371
activity/deployment/final/corrected_gnn/s6637,corrected_gnn,6637,embed.bias,32,31,1,0.3532644212245941,31,31,0.3532644212245941
activity/deployment/final/corrected_gnn/s6637,corrected_gnn,6637,self_layers.0.weight,1024,812,212,0.1329318881034851,815,812,0.1329318881034851
activity/deployment/final/corrected_gnn/s6637,corrected_gnn,6637,self_layers.0.bias,32,27,5,0.3021022081375122,27,27,0.3021022081375122
activity/deployment/final/corrected_gnn/s6637,corrected_gnn,6637,self_layers.1.weight,1024,1024,0,0.10416058450937271,1024,1024,0.10416058450937271
activity/deployment/final/corrected_gnn/s6637,corrected_gnn,6637,self_layers.1.bias,32,32,0,0.021977409720420837,32,32,0.021977409720420837
activity/deployment/final/corrected_gnn/s6637,corrected_gnn,6637,norms.0.weight,32,32,0,0.047099024057388306,32,32,0.047099024057388306
activity/deployment/final/corrected_gnn/s6637,corrected_gnn,6637,norms.0.bias,32,32,0,0.04653116688132286,32,32,0.04653116688132286
activity/deployment/final/corrected_gnn/s6637,corrected_gnn,6637,norms.1.weight,32,32,0,0.047851428389549255,32,32,0.047851428389549255
activity/deployment/final/corrected_gnn/s6637,corrected_gnn,6637,norms.1.bias,32,32,0,0.0404876284301281,32,32,0.0404876284301281
activity/deployment/final/corrected_gnn/s6637,corrected_gnn,6637,message_weights.0,8192,2795,5397,0.08011769503355026,2795,2795,0.08011769503355026
activity/deployment/final/corrected_gnn/s6637,corrected_gnn,6637,message_weights.1,8192,3776,4416,0.06216750666499138,3808,3776,0.06216750666499138
activity/deployment/final/corrected_gnn/s6637,corrected_gnn,6637,readout.0.weight,131584,67396,64188,1.3404041528701782,95293,67396,1.3404041528701782
activity/deployment/final/corrected_gnn/s6637,corrected_gnn,6637,readout.0.bias,64,44,20,0.03731347247958183,63,44,0.03731347247958183
activity/deployment/final/corrected_gnn/s6637,corrected_gnn,6637,readout.3.weight,64,44,20,0.503399670124054,63,44,0.503399670124054
activity/deployment/final/corrected_gnn/s6637,corrected_gnn,6637,readout.3.bias,1,1,0,0.08589975535869598,1,1,0.08589975535869598
activity/deployment/final/corrected_gnn/s7753,corrected_gnn,7753,embed.weight,2976,1471,1505,0.7531638145446777,1473,1471,0.7531638145446777
activity/deployment/final/corrected_gnn/s7753,corrected_gnn,7753,embed.bias,32,32,0,0.4394986033439636,32,32,0.4394986033439636
activity/deployment/final/corrected_gnn/s7753,corrected_gnn,7753,self_layers.0.weight,1024,851,173,0.16105030477046967,846,851,0.16105030477046967
activity/deployment/final/corrected_gnn/s7753,corrected_gnn,7753,self_layers.0.bias,32,27,5,0.41238757967948914,27,27,0.41238757967948914
activity/deployment/final/corrected_gnn/s7753,corrected_gnn,7753,self_layers.1.weight,1024,1024,0,0.1070200651884079,1024,1024,0.1070200651884079
activity/deployment/final/corrected_gnn/s7753,corrected_gnn,7753,self_layers.1.bias,32,32,0,0.02351325750350952,32,32,0.02351325750350952
activity/deployment/final/corrected_gnn/s7753,corrected_gnn,7753,norms.0.weight,32,32,0,0.03793301060795784,32,32,0.03793301060795784
activity/deployment/final/corrected_gnn/s7753,corrected_gnn,7753,norms.0.bias,32,32,0,0.04948229715228081,32,32,0.04948229715228081
activity/deployment/final/corrected_gnn/s7753,corrected_gnn,7753,norms.1.weight,32,32,0,0.04434088617563248,32,32,0.04434088617563248
activity/deployment/final/corrected_gnn/s7753,corrected_gnn,7753,norms.1.bias,32,32,0,0.04336223378777504,32,32,0.04336223378777504
activity/deployment/final/corrected_gnn/s7753,corrected_gnn,7753,message_weights.0,8192,2973,5219,0.09941092878580093,2958,2973,0.09941092878580093
activity/deployment/final/corrected_gnn/s7753,corrected_gnn,7753,message_weights.1,8192,3744,4448,0.06693550944328308,3776,3744,0.06693550944328308
activity/deployment/final/corrected_gnn/s7753,corrected_gnn,7753,readout.0.weight,131584,71501,60083,1.7209677696228027,95773,71501,1.7209677696228027
activity/deployment/final/corrected_gnn/s7753,corrected_gnn,7753,readout.0.bias,64,47,17,0.050294339656829834,63,47,0.050294339656829834
activity/deployment/final/corrected_gnn/s7753,corrected_gnn,7753,readout.3.weight,64,47,17,0.4128195345401764,63,47,0.4128195345401764
activity/deployment/final/corrected_gnn/s7753,corrected_gnn,7753,readout.3.bias,1,1,0,0.09615069627761841,1,1,0.09615069627761841
activity/deployment/final/corrected_gnn/s8867,corrected_gnn,8867,embed.weight,2976,1643,1333,2.134155035018921,1649,1643,2.134155035018921
activity/deployment/final/corrected_gnn/s8867,corrected_gnn,8867,embed.bias,32,32,0,1.3303383588790894,32,32,1.3303383588790894
activity/deployment/final/corrected_gnn/s8867,corrected_gnn,8867,self_layers.0.weight,1024,770,254,0.5609661936759949,776,770,0.5609661936759949
activity/deployment/final/corrected_gnn/s8867,corrected_gnn,8867,self_layers.0.bias,32,25,7,0.8080180883407593,25,25,0.8080180883407593
activity/deployment/final/corrected_gnn/s8867,corrected_gnn,8867,self_layers.1.weight,1024,1024,0,0.41480737924575806,1024,1024,0.41480737924575806
activity/deployment/final/corrected_gnn/s8867,corrected_gnn,8867,self_layers.1.bias,32,32,0,0.08487334102392197,32,32,0.08487334102392197
activity/deployment/final/corrected_gnn/s8867,corrected_gnn,8867,norms.0.weight,32,32,0,0.10852643102407455,32,32,0.10852643102407455
activity/deployment/final/corrected_gnn/s8867,corrected_gnn,8867,norms.0.bias,32,32,0,0.16865897178649902,32,32,0.16865897178649902
activity/deployment/final/corrected_gnn/s8867,corrected_gnn,8867,norms.1.weight,32,32,0,0.0953025072813034,32,32,0.0953025072813034
activity/deployment/final/corrected_gnn/s8867,corrected_gnn,8867,norms.1.bias,32,32,0,0.1679682433605194,32,32,0.1679682433605194
activity/deployment/final/corrected_gnn/s8867,corrected_gnn,8867,message_weights.0,8192,2687,5505,0.3239825665950775,2719,2687,0.3239825665950775
activity/deployment/final/corrected_gnn/s8867,corrected_gnn,8867,message_weights.1,8192,3648,4544,0.24247662723064423,3648,3648,0.24247662723064423
activity/deployment/final/corrected_gnn/s8867,corrected_gnn,8867,readout.0.weight,131584,63035,68549,4.9213151931762695,90356,63035,4.9213151931762695
activity/deployment/final/corrected_gnn/s8867,corrected_gnn,8867,readout.0.bias,64,41,23,0.14501604437828064,60,41,0.14501604437828064
activity/deployment/final/corrected_gnn/s8867,corrected_gnn,8867,readout.3.weight,64,41,23,1.2504515647888184,60,41,1.2504515647888184
activity/deployment/final/corrected_gnn/s8867,corrected_gnn,8867,readout.3.bias,1,1,0,0.3453703820705414,1,1,0.3453703820705414
activity/deployment/final/corrected_gnn/s9973,corrected_gnn,9973,embed.weight,2976,1604,1372,0.285980224609375,1606,1604,0.285980224609375
activity/deployment/final/corrected_gnn/s9973,corrected_gnn,9973,embed.bias,32,32,0,0.10395900160074234,32,32,0.10395900160074234
activity/deployment/final/corrected_gnn/s9973,corrected_gnn,9973,self_layers.0.weight,1024,842,182,0.05769554153084755,840,842,0.05769554153084755
activity/deployment/final/corrected_gnn/s9973,corrected_gnn,9973,self_layers.0.bias,32,27,5,0.09438014030456543,27,27,0.09438014030456543
activity/deployment/final/corrected_gnn/s9973,corrected_gnn,9973,self_layers.1.weight,1024,1024,0,0.056730855256319046,1024,1024,0.056730855256319046
activity/deployment/final/corrected_gnn/s9973,corrected_gnn,9973,self_layers.1.bias,32,32,0,0.008838309906423092,32,32,0.008838309906423092
activity/deployment/final/corrected_gnn/s9973,corrected_gnn,9973,norms.0.weight,32,32,0,0.017240041866898537,32,32,0.017240041866898537
activity/deployment/final/corrected_gnn/s9973,corrected_gnn,9973,norms.0.bias,32,32,0,0.012541000731289387,32,32,0.012541000731289387
activity/deployment/final/corrected_gnn/s9973,corrected_gnn,9973,norms.1.weight,32,32,0,0.020299863070249557,32,32,0.020299863070249557
activity/deployment/final/corrected_gnn/s9973,corrected_gnn,9973,norms.1.bias,32,32,0,0.006996485870331526,32,32,0.006996485870331526
activity/deployment/final/corrected_gnn/s9973,corrected_gnn,9973,message_weights.0,8192,3049,5143,0.039193470031023026,3031,3049,0.039193470031023026
activity/deployment/final/corrected_gnn/s9973,corrected_gnn,9973,message_weights.1,8192,3840,4352,0.03580774739384651,3840,3840,0.03580774739384651
activity/deployment/final/corrected_gnn/s9973,corrected_gnn,9973,readout.0.weight,131584,69418,62166,0.8745206594467163,95357,69418,0.8745206594467163
activity/deployment/final/corrected_gnn/s9973,corrected_gnn,9973,readout.0.bias,64,46,18,0.0144956698641181,63,46,0.0144956698641181
activity/deployment/final/corrected_gnn/s9973,corrected_gnn,9973,readout.3.weight,64,46,18,0.2940327823162079,63,46,0.2940327823162079
activity/deployment/final/corrected_gnn/s9973,corrected_gnn,9973,readout.3.bias,1,1,0,0.010848373174667358,1,1,0.010848373174667358
activity/deployment/final/corrected_no_message/s11027,corrected_no_message,11027,embed.weight,2976,1553,1423,0.42926615476608276,1561,1553,0.42926615476608276
activity/deployment/final/corrected_no_message/s11027,corrected_no_message,11027,embed.bias,32,32,0,0.16241991519927979,32,32,0.16241991519927979
activity/deployment/final/corrected_no_message/s11027,corrected_no_message,11027,self_layers.0.weight,1024,673,351,0.0814911499619484,673,673,0.0814911499619484
activity/deployment/final/corrected_no_message/s11027,corrected_no_message,11027,self_layers.0.bias,32,22,10,0.14815549552440643,22,22,0.14815549552440643
activity/deployment/final/corrected_no_message/s11027,corrected_no_message,11027,self_layers.1.weight,1024,1024,0,0.070397287607193,1024,1024,0.070397287607193
activity/deployment/final/corrected_no_message/s11027,corrected_no_message,11027,self_layers.1.bias,32,32,0,0.011647800914943218,32,32,0.011647800914943218
activity/deployment/final/corrected_no_message/s11027,corrected_no_message,11027,norms.0.weight,32,32,0,0.02081645466387272,32,32,0.02081645466387272
activity/deployment/final/corrected_no_message/s11027,corrected_no_message,11027,norms.0.bias,32,32,0,0.016870321705937386,32,32,0.016870321705937386
activity/deployment/final/corrected_no_message/s11027,corrected_no_message,11027,norms.1.weight,32,32,0,0.0284205824136734,32,32,0.0284205824136734
activity/deployment/final/corrected_no_message/s11027,corrected_no_message,11027,norms.1.bias,32,32,0,0.016635701060295105,32,32,0.016635701060295105
activity/deployment/final/corrected_no_message/s11027,corrected_no_message,11027,message_weights.0,8192,2357,5835,0.049991365522146225,2342,2357,0.049991365522146225
activity/deployment/final/corrected_no_message/s11027,corrected_no_message,11027,message_weights.1,8192,3712,4480,0.044581856578588486,3776,3712,0.044581856578588486
activity/deployment/final/corrected_no_message/s11027,corrected_no_message,11027,readout.0.weight,131584,72016,59568,1.3757860660552979,96384,72016,1.3757860660552979
activity/deployment/final/corrected_no_message/s11027,corrected_no_message,11027,readout.0.bias,64,48,16,0.03466260805726051,64,48,0.03466260805726051
activity/deployment/final/corrected_no_message/s11027,corrected_no_message,11027,readout.3.weight,64,48,16,0.34425702691078186,64,48,0.34425702691078186
activity/deployment/final/corrected_no_message/s11027,corrected_no_message,11027,readout.3.bias,1,1,0,0.06540967524051666,1,1,0.06540967524051666
activity/deployment/final/corrected_no_message/s1103,corrected_no_message,1103,embed.weight,2976,1630,1346,3.1922526359558105,1629,1630,3.1922526359558105
activity/deployment/final/corrected_no_message/s1103,corrected_no_message,1103,embed.bias,32,32,0,1.9306073188781738,32,32,1.9306073188781738
activity/deployment/final/corrected_no_message/s1103,corrected_no_message,1103,self_layers.0.weight,1024,686,338,0.5482943654060364,689,686,0.5482943654060364
activity/deployment/final/corrected_no_message/s1103,corrected_no_message,1103,self_layers.0.bias,32,22,10,1.0486466884613037,22,22,1.0486466884613037
activity/deployment/final/corrected_no_message/s1103,corrected_no_message,1103,self_layers.1.weight,1024,1024,0,0.5961964726448059,1024,1024,0.5961964726448059
activity/deployment/final/corrected_no_message/s1103,corrected_no_message,1103,self_layers.1.bias,32,32,0,0.13056865334510803,32,32,0.13056865334510803
activity/deployment/final/corrected_no_message/s1103,corrected_no_message,1103,norms.0.weight,32,32,0,0.156823068857193,32,32,0.156823068857193
activity/deployment/final/corrected_no_message/s1103,corrected_no_message,1103,norms.0.bias,32,32,0,0.24916401505470276,32,32,0.24916401505470276
activity/deployment/final/corrected_no_message/s1103,corrected_no_message,1103,norms.1.weight,32,32,0,0.16246329247951508,32,32,0.16246329247951508
activity/deployment/final/corrected_no_message/s1103,corrected_no_message,1103,norms.1.bias,32,32,0,0.24902774393558502,32,32,0.24902774393558502
activity/deployment/final/corrected_no_message/s1103,corrected_no_message,1103,message_weights.0,8192,2325,5867,0.3262864649295807,2366,2325,0.3262864649295807
activity/deployment/final/corrected_no_message/s1103,corrected_no_message,1103,message_weights.1,8192,3680,4512,0.34945064783096313,3712,3680,0.34945064783096313
activity/deployment/final/corrected_no_message/s1103,corrected_no_message,1103,readout.0.weight,131584,74579,57005,7.719343662261963,95229,74579,7.719343662261963
activity/deployment/final/corrected_no_message/s1103,corrected_no_message,1103,readout.0.bias,64,49,15,0.2353745549917221,63,49,0.2353745549917221
activity/deployment/final/corrected_no_message/s1103,corrected_no_message,1103,readout.3.weight,64,49,15,1.549999713897705,63,49,1.549999713897705
activity/deployment/final/corrected_no_message/s1103,corrected_no_message,1103,readout.3.bias,1,1,0,0.5439988374710083,1,1,0.5439988374710083
activity/deployment/final/corrected_no_message/s2207,corrected_no_message,2207,embed.weight,2976,1564,1412,0.9691973924636841,1570,1564,0.9691973924636841
activity/deployment/final/corrected_no_message/s2207,corrected_no_message,2207,embed.bias,32,31,1,0.6112808585166931,32,31,0.6112808585166931
activity/deployment/final/corrected_no_message/s2207,corrected_no_message,2207,self_layers.0.weight,1024,747,277,0.2633137106895447,772,747,0.2633137106895447
activity/deployment/final/corrected_no_message/s2207,corrected_no_message,2207,self_layers.0.bias,32,25,7,0.4975718557834625,25,25,0.4975718557834625
activity/deployment/final/corrected_no_message/s2207,corrected_no_message,2207,self_layers.1.weight,1024,1024,0,0.15325495600700378,1024,1024,0.15325495600700378
activity/deployment/final/corrected_no_message/s2207,corrected_no_message,2207,self_layers.1.bias,32,32,0,0.03403665870428085,32,32,0.03403665870428085
activity/deployment/final/corrected_no_message/s2207,corrected_no_message,2207,norms.0.weight,32,32,0,0.04656180739402771,32,32,0.04656180739402771
activity/deployment/final/corrected_no_message/s2207,corrected_no_message,2207,norms.0.bias,32,32,0,0.07398851215839386,32,32,0.07398851215839386
activity/deployment/final/corrected_no_message/s2207,corrected_no_message,2207,norms.1.weight,32,32,0,0.04875241965055466,32,32,0.04875241965055466
activity/deployment/final/corrected_no_message/s2207,corrected_no_message,2207,norms.1.bias,32,32,0,0.07191605120897293,32,32,0.07191605120897293
activity/deployment/final/corrected_no_message/s2207,corrected_no_message,2207,message_weights.0,8192,2545,5647,0.15525875985622406,2613,2545,0.15525875985622406
activity/deployment/final/corrected_no_message/s2207,corrected_no_message,2207,message_weights.1,8192,3776,4416,0.09199947863817215,3840,3776,0.09199947863817215
activity/deployment/final/corrected_no_message/s2207,corrected_no_message,2207,readout.0.weight,131584,64254,67330,2.5266215801239014,89201,64254,2.5266215801239014
activity/deployment/final/corrected_no_message/s2207,corrected_no_message,2207,readout.0.bias,64,42,22,0.07547257095575333,59,42,0.07547257095575333
activity/deployment/final/corrected_no_message/s2207,corrected_no_message,2207,readout.3.weight,64,42,22,0.7311521172523499,59,42,0.7311521172523499
activity/deployment/final/corrected_no_message/s2207,corrected_no_message,2207,readout.3.bias,1,1,0,0.1756533682346344,1,1,0.1756533682346344
activity/deployment/final/corrected_no_message/s3301,corrected_no_message,3301,embed.weight,2976,1567,1409,1.303551435470581,1572,1567,1.303551435470581
activity/deployment/final/corrected_no_message/s3301,corrected_no_message,3301,embed.bias,32,32,0,0.8277223706245422,32,32,0.8277223706245422
activity/deployment/final/corrected_no_message/s3301,corrected_no_message,3301,self_layers.0.weight,1024,804,220,0.3675493896007538,808,804,0.3675493896007538
activity/deployment/final/corrected_no_message/s3301,corrected_no_message,3301,self_layers.0.bias,32,26,6,0.6620566844940186,26,26,0.6620566844940186
activity/deployment/final/corrected_no_message/s3301,corrected_no_message,3301,self_layers.1.weight,1024,1024,0,0.3266371190547943,1024,1024,0.3266371190547943
activity/deployment/final/corrected_no_message/s3301,corrected_no_message,3301,self_layers.1.bias,32,32,0,0.06764223426580429,32,32,0.06764223426580429
activity/deployment/final/corrected_no_message/s3301,corrected_no_message,3301,norms.0.weight,32,32,0,0.08028218150138855,32,32,0.08028218150138855
activity/deployment/final/corrected_no_message/s3301,corrected_no_message,3301,norms.0.bias,32,32,0,0.10871180891990662,32,32,0.10871180891990662
activity/deployment/final/corrected_no_message/s3301,corrected_no_message,3301,norms.1.weight,32,32,0,0.07191044092178345,32,32,0.07191044092178345
activity/deployment/final/corrected_no_message/s3301,corrected_no_message,3301,norms.1.bias,32,32,0,0.1086433008313179,32,32,0.1086433008313179
activity/deployment/final/corrected_no_message/s3301,corrected_no_message,3301,message_weights.0,8192,2772,5420,0.21508407592773438,2756,2772,0.21508407592773438
activity/deployment/final/corrected_no_message/s3301,corrected_no_message,3301,message_weights.1,8192,3712,4480,0.19153615832328796,3680,3712,0.19153615832328796
activity/deployment/final/corrected_no_message/s3301,corrected_no_message,3301,readout.0.weight,131584,68135,63449,4.220141410827637,93434,68135,4.220141410827637
activity/deployment/final/corrected_no_message/s3301,corrected_no_message,3301,readout.0.bias,64,45,19,0.12341979891061783,62,45,0.12341979891061783
activity/deployment/final/corrected_no_message/s3301,corrected_no_message,3301,readout.3.weight,64,45,19,1.019026517868042,62,45,1.019026517868042
activity/deployment/final/corrected_no_message/s3301,corrected_no_message,3301,readout.3.bias,1,1,0,0.3274964690208435,1,1,0.3274964690208435
activity/deployment/final/corrected_no_message/s4409,corrected_no_message,4409,embed.weight,2976,1609,1367,0.45483940839767456,1614,1609,0.45483940839767456
activity/deployment/final/corrected_no_message/s4409,corrected_no_message,4409,embed.bias,32,32,0,0.2286153882741928,32,32,0.2286153882741928
activity/deployment/final/corrected_no_message/s4409,corrected_no_message,4409,self_layers.0.weight,1024,845,179,0.11342718452215195,864,845,0.11342718452215195
activity/deployment/final/corrected_no_message/s4409,corrected_no_message,4409,self_layers.0.bias,32,28,4,0.21750599145889282,29,28,0.21750599145889282
activity/deployment/final/corrected_no_message/s4409,corrected_no_message,4409,self_layers.1.weight,1024,1024,0,0.09296736121177673,1024,1024,0.09296736121177673
activity/deployment/final/corrected_no_message/s4409,corrected_no_message,4409,self_layers.1.bias,32,32,0,0.017761044204235077,32,32,0.017761044204235077
activity/deployment/final/corrected_no_message/s4409,corrected_no_message,4409,norms.0.weight,32,32,0,0.03787088766694069,32,32,0.03787088766694069
activity/deployment/final/corrected_no_message/s4409,corrected_no_message,4409,norms.0.bias,32,32,0,0.030740495771169662,32,32,0.030740495771169662
activity/deployment/final/corrected_no_message/s4409,corrected_no_message,4409,norms.1.weight,32,32,0,0.03785372152924538,32,32,0.03785372152924538
activity/deployment/final/corrected_no_message/s4409,corrected_no_message,4409,norms.1.bias,32,32,0,0.027931613847613335,32,32,0.027931613847613335
activity/deployment/final/corrected_no_message/s4409,corrected_no_message,4409,message_weights.0,8192,2801,5391,0.06774291396141052,2815,2801,0.06774291396141052
activity/deployment/final/corrected_no_message/s4409,corrected_no_message,4409,message_weights.1,8192,3840,4352,0.055937059223651886,3712,3840,0.055937059223651886
activity/deployment/final/corrected_no_message/s4409,corrected_no_message,4409,readout.0.weight,131584,79647,51937,1.6330392360687256,92375,79647,1.6330392360687256
activity/deployment/final/corrected_no_message/s4409,corrected_no_message,4409,readout.0.bias,64,53,11,0.045051027089357376,61,53,0.045051027089357376
activity/deployment/final/corrected_no_message/s4409,corrected_no_message,4409,readout.3.weight,64,53,11,0.5063148140907288,61,53,0.5063148140907288
activity/deployment/final/corrected_no_message/s4409,corrected_no_message,4409,readout.3.bias,1,1,0,0.13011954724788666,1,1,0.13011954724788666
activity/deployment/final/corrected_no_message/s5519,corrected_no_message,5519,embed.weight,2976,1640,1336,1.6828539371490479,1648,1640,1.6828539371490479
activity/deployment/final/corrected_no_message/s5519,corrected_no_message,5519,embed.bias,32,32,0,1.0093703269958496,32,32,1.0093703269958496
activity/deployment/final/corrected_no_message/s5519,corrected_no_message,5519,self_layers.0.weight,1024,730,294,0.41573503613471985,733,730,0.41573503613471985
activity/deployment/final/corrected_no_message/s5519,corrected_no_message,5519,self_layers.0.bias,32,24,8,0.8455361723899841,24,24,0.8455361723899841
activity/deployment/final/corrected_no_message/s5519,corrected_no_message,5519,self_layers.1.weight,1024,1024,0,0.3772951662540436,1024,1024,0.3772951662540436
activity/deployment/final/corrected_no_message/s5519,corrected_no_message,5519,self_layers.1.bias,32,32,0,0.08143585920333862,32,32,0.08143585920333862
activity/deployment/final/corrected_no_message/s5519,corrected_no_message,5519,norms.0.weight,32,32,0,0.09324640780687332,32,32,0.09324640780687332
activity/deployment/final/corrected_no_message/s5519,corrected_no_message,5519,norms.0.bias,32,32,0,0.14350435137748718,32,32,0.14350435137748718
activity/deployment/final/corrected_no_message/s5519,corrected_no_message,5519,norms.1.weight,32,32,0,0.10031217336654663,32,32,0.10031217336654663
activity/deployment/final/corrected_no_message/s5519,corrected_no_message,5519,norms.1.bias,32,32,0,0.14335104823112488,32,32,0.14335104823112488
activity/deployment/final/corrected_no_message/s5519,corrected_no_message,5519,message_weights.0,8192,2479,5713,0.24222467839717865,2496,2479,0.24222467839717865
activity/deployment/final/corrected_no_message/s5519,corrected_no_message,5519,message_weights.1,8192,3648,4544,0.22101718187332153,3744,3648,0.22101718187332153
activity/deployment/final/corrected_no_message/s5519,corrected_no_message,5519,readout.0.weight,131584,72141,59443,5.017848968505859,88302,72141,5.017848968505859
activity/deployment/final/corrected_no_message/s5519,corrected_no_message,5519,readout.0.bias,64,47,17,0.1447397768497467,58,47,0.1447397768497467
activity/deployment/final/corrected_no_message/s5519,corrected_no_message,5519,readout.3.weight,64,47,17,1.0695186853408813,58,47,1.0695186853408813
activity/deployment/final/corrected_no_message/s5519,corrected_no_message,5519,readout.3.bias,1,1,0,0.32313600182533264,1,1,0.32313600182533264
activity/deployment/final/corrected_no_message/s6637,corrected_no_message,6637,embed.weight,2976,1429,1547,0.5015687346458435,1435,1429,0.5015687346458435
activity/deployment/final/corrected_no_message/s6637,corrected_no_message,6637,embed.bias,32,31,1,0.2326299399137497,31,31,0.2326299399137497
activity/deployment/final/corrected_no_message/s6637,corrected_no_message,6637,self_layers.0.weight,1024,811,213,0.10218144953250885,813,811,0.10218144953250885
activity/deployment/final/corrected_no_message/s6637,corrected_no_message,6637,self_layers.0.bias,32,27,5,0.21446244418621063,27,27,0.21446244418621063
activity/deployment/final/corrected_no_message/s6637,corrected_no_message,6637,self_layers.1.weight,1024,1024,0,0.08467894792556763,1024,1024,0.08467894792556763
activity/deployment/final/corrected_no_message/s6637,corrected_no_message,6637,self_layers.1.bias,32,32,0,0.017473585903644562,32,32,0.017473585903644562
activity/deployment/final/corrected_no_message/s6637,corrected_no_message,6637,norms.0.weight,32,32,0,0.03762301430106163,32,32,0.03762301430106163
activity/deployment/final/corrected_no_message/s6637,corrected_no_message,6637,norms.0.bias,32,32,0,0.031646374613046646,32,32,0.031646374613046646
activity/deployment/final/corrected_no_message/s6637,corrected_no_message,6637,norms.1.weight,32,32,0,0.043473608791828156,32,32,0.043473608791828156
activity/deployment/final/corrected_no_message/s6637,corrected_no_message,6637,norms.1.bias,32,32,0,0.023894188925623894,32,32,0.023894188925623894
activity/deployment/final/corrected_no_message/s6637,corrected_no_message,6637,message_weights.0,8192,2797,5395,0.05975554510951042,2806,2797,0.05975554510951042
activity/deployment/final/corrected_no_message/s6637,corrected_no_message,6637,message_weights.1,8192,3776,4416,0.049760885536670685,3840,3776,0.049760885536670685
activity/deployment/final/corrected_no_message/s6637,corrected_no_message,6637,readout.0.weight,131584,73232,58352,0.9177957773208618,95581,73232,0.9177957773208618
activity/deployment/final/corrected_no_message/s6637,corrected_no_message,6637,readout.0.bias,64,48,16,0.02248913049697876,63,48,0.02248913049697876
activity/deployment/final/corrected_no_message/s6637,corrected_no_message,6637,readout.3.weight,64,48,16,0.4371163547039032,63,48,0.4371163547039032
activity/deployment/final/corrected_no_message/s6637,corrected_no_message,6637,readout.3.bias,1,1,0,0.05239053815603256,1,1,0.05239053815603256
activity/deployment/final/corrected_no_message/s7753,corrected_no_message,7753,embed.weight,2976,1470,1506,0.870521068572998,1471,1470,0.870521068572998
activity/deployment/final/corrected_no_message/s7753,corrected_no_message,7753,embed.bias,32,32,0,0.5187680125236511,32,32,0.5187680125236511
activity/deployment/final/corrected_no_message/s7753,corrected_no_message,7753,self_layers.0.weight,1024,846,178,0.18428127467632294,847,846,0.18428127467632294
activity/deployment/final/corrected_no_message/s7753,corrected_no_message,7753,self_layers.0.bias,32,27,5,0.4738725423812866,27,27,0.4738725423812866
activity/deployment/final/corrected_no_message/s7753,corrected_no_message,7753,self_layers.1.weight,1024,1024,0,0.12632879614830017,1024,1024,0.12632879614830017
activity/deployment/final/corrected_no_message/s7753,corrected_no_message,7753,self_layers.1.bias,32,32,0,0.02787932939827442,32,32,0.02787932939827442
activity/deployment/final/corrected_no_message/s7753,corrected_no_message,7753,norms.0.weight,32,32,0,0.0424182265996933,32,32,0.0424182265996933
activity/deployment/final/corrected_no_message/s7753,corrected_no_message,7753,norms.0.bias,32,32,0,0.05875345692038536,32,32,0.05875345692038536
activity/deployment/final/corrected_no_message/s7753,corrected_no_message,7753,norms.1.weight,32,32,0,0.04986174777150154,32,32,0.04986174777150154
activity/deployment/final/corrected_no_message/s7753,corrected_no_message,7753,norms.1.bias,32,32,0,0.05228045955300331,32,32,0.05228045955300331
activity/deployment/final/corrected_no_message/s7753,corrected_no_message,7753,message_weights.0,8192,2977,5215,0.108836829662323,2980,2977,0.108836829662323
activity/deployment/final/corrected_no_message/s7753,corrected_no_message,7753,message_weights.1,8192,3776,4416,0.07550214231014252,3808,3776,0.07550214231014252
activity/deployment/final/corrected_no_message/s7753,corrected_no_message,7753,readout.0.weight,131584,72656,58928,2.0914385318756104,95805,72656,2.0914385318756104
activity/deployment/final/corrected_no_message/s7753,corrected_no_message,7753,readout.0.bias,64,48,16,0.062049973756074905,63,48,0.062049973756074905
activity/deployment/final/corrected_no_message/s7753,corrected_no_message,7753,readout.3.weight,64,48,16,0.467512309551239,63,48,0.467512309551239
activity/deployment/final/corrected_no_message/s7753,corrected_no_message,7753,readout.3.bias,1,1,0,0.11775520443916321,1,1,0.11775520443916321
activity/deployment/final/corrected_no_message/s8867,corrected_no_message,8867,embed.weight,2976,1645,1331,1.9547386169433594,1648,1645,1.9547386169433594
activity/deployment/final/corrected_no_message/s8867,corrected_no_message,8867,embed.bias,32,32,0,1.214130163192749,32,32,1.214130163192749
activity/deployment/final/corrected_no_message/s8867,corrected_no_message,8867,self_layers.0.weight,1024,793,231,0.5258793830871582,794,793,0.5258793830871582
activity/deployment/final/corrected_no_message/s8867,corrected_no_message,8867,self_layers.0.bias,32,26,6,0.7537017464637756,26,26,0.7537017464637756
activity/deployment/final/corrected_no_message/s8867,corrected_no_message,8867,self_layers.1.weight,1024,1024,0,0.4007788896560669,1024,1024,0.4007788896560669
activity/deployment/final/corrected_no_message/s8867,corrected_no_message,8867,self_layers.1.bias,32,32,0,0.08227753639221191,32,32,0.08227753639221191
activity/deployment/final/corrected_no_message/s8867,corrected_no_message,8867,norms.0.weight,32,32,0,0.1025664359331131,32,32,0.1025664359331131
activity/deployment/final/corrected_no_message/s8867,corrected_no_message,8867,norms.0.bias,32,32,0,0.15837866067886353,32,32,0.15837866067886353
activity/deployment/final/corrected_no_message/s8867,corrected_no_message,8867,norms.1.weight,32,32,0,0.0881301686167717,32,32,0.0881301686167717
activity/deployment/final/corrected_no_message/s8867,corrected_no_message,8867,norms.1.bias,32,32,0,0.1591845005750656,32,32,0.1591845005750656
activity/deployment/final/corrected_no_message/s8867,corrected_no_message,8867,message_weights.0,8192,2684,5508,0.31025388836860657,2701,2684,0.31025388836860657
activity/deployment/final/corrected_no_message/s8867,corrected_no_message,8867,message_weights.1,8192,3648,4544,0.2357054352760315,3648,3648,0.2357054352760315
activity/deployment/final/corrected_no_message/s8867,corrected_no_message,8867,readout.0.weight,131584,62747,68837,4.639662265777588,91799,62747,4.639662265777588
activity/deployment/final/corrected_no_message/s8867,corrected_no_message,8867,readout.0.bias,64,41,23,0.13680234551429749,61,41,0.13680234551429749
activity/deployment/final/corrected_no_message/s8867,corrected_no_message,8867,readout.3.weight,64,41,23,1.240906834602356,61,41,1.240906834602356
activity/deployment/final/corrected_no_message/s8867,corrected_no_message,8867,readout.3.bias,1,1,0,0.3350251317024231,1,1,0.3350251317024231
activity/deployment/final/corrected_no_message/s9973,corrected_no_message,9973,embed.weight,2976,1610,1366,0.5235831141471863,1610,1610,0.5235831141471863
activity/deployment/final/corrected_no_message/s9973,corrected_no_message,9973,embed.bias,32,32,0,0.14200930297374725,32,32,0.14200930297374725
activity/deployment/final/corrected_no_message/s9973,corrected_no_message,9973,self_layers.0.weight,1024,833,191,0.11196676641702652,843,833,0.11196676641702652
activity/deployment/final/corrected_no_message/s9973,corrected_no_message,9973,self_layers.0.bias,32,27,5,0.1402011513710022,27,27,0.1402011513710022
activity/deployment/final/corrected_no_message/s9973,corrected_no_message,9973,self_layers.1.weight,1024,1024,0,0.08942388743162155,1024,1024,0.08942388743162155
activity/deployment/final/corrected_no_message/s9973,corrected_no_message,9973,self_layers.1.bias,32,32,0,0.01523741614073515,32,32,0.01523741614073515
activity/deployment/final/corrected_no_message/s9973,corrected_no_message,9973,norms.0.weight,32,32,0,0.029500316828489304,32,32,0.029500316828489304
activity/deployment/final/corrected_no_message/s9973,corrected_no_message,9973,norms.0.bias,32,32,0,0.023264124989509583,32,32,0.023264124989509583
activity/deployment/final/corrected_no_message/s9973,corrected_no_message,9973,norms.1.weight,32,32,0,0.038152579218149185,32,32,0.038152579218149185
activity/deployment/final/corrected_no_message/s9973,corrected_no_message,9973,norms.1.bias,32,32,0,0.00706609757617116,32,32,0.00706609757617116
activity/deployment/final/corrected_no_message/s9973,corrected_no_message,9973,message_weights.0,8192,2951,5241,0.06579985469579697,2966,2951,0.06579985469579697
activity/deployment/final/corrected_no_message/s9973,corrected_no_message,9973,message_weights.1,8192,3840,4352,0.052926670759916306,3968,3840,0.052926670759916306
activity/deployment/final/corrected_no_message/s9973,corrected_no_message,9973,readout.0.weight,131584,68999,62585,0.6921687722206116,96800,68999,0.6921687722206116
activity/deployment/final/corrected_no_message/s9973,corrected_no_message,9973,readout.0.bias,64,45,19,0.007971729151904583,64,45,0.007971729151904583
activity/deployment/final/corrected_no_message/s9973,corrected_no_message,9973,readout.3.weight,64,45,19,0.4885086417198181,64,45,0.4885086417198181
activity/deployment/final/corrected_no_message/s9973,corrected_no_message,9973,readout.3.bias,1,1,0,0.01725020632147789,1,1,0.01725020632147789
activity/deployment/final/original_gnn/s11027,original_gnn,11027,embed.weight,2976,1553,1423,0.41808611154556274,1561,1553,0.41808611154556274
activity/deployment/final/original_gnn/s11027,original_gnn,11027,embed.bias,32,32,0,0.13575227558612823,32,32,0.13575227558612823
activity/deployment/final/original_gnn/s11027,original_gnn,11027,self_layers.0.weight,1024,691,333,0.07914899289608002,691,691,0.07914899289608002
activity/deployment/final/original_gnn/s11027,original_gnn,11027,self_layers.0.bias,32,22,10,0.11808951199054718,22,22,0.11808951199054718
activity/deployment/final/original_gnn/s11027,original_gnn,11027,self_layers.1.weight,1024,1024,0,0.06961395591497421,1024,1024,0.06961395591497421
activity/deployment/final/original_gnn/s11027,original_gnn,11027,self_layers.1.bias,32,32,0,0.010889288038015366,32,32,0.010889288038015366
activity/deployment/final/original_gnn/s11027,original_gnn,11027,norms.0.weight,32,32,0,0.019887883216142654,32,32,0.019887883216142654
activity/deployment/final/original_gnn/s11027,original_gnn,11027,norms.0.bias,32,32,0,0.013591467402875423,32,32,0.013591467402875423
activity/deployment/final/original_gnn/s11027,original_gnn,11027,norms.1.weight,32,32,0,0.02664046734571457,32,32,0.02664046734571457
activity/deployment/final/original_gnn/s11027,original_gnn,11027,norms.1.bias,32,32,0,0.011121688410639763,32,32,0.011121688410639763
activity/deployment/final/original_gnn/s11027,original_gnn,11027,message_weights.0,8192,2419,5773,0.04470611736178398,2401,2419,0.04470611736178398
activity/deployment/final/original_gnn/s11027,original_gnn,11027,message_weights.1,8192,3776,4416,0.04564763978123665,3776,3776,0.04564763978123665
activity/deployment/final/original_gnn/s11027,original_gnn,11027,readout.0.weight,131584,75641,55943,1.1776535511016846,96832,75641,1.1776535511016846
activity/deployment/final/original_gnn/s11027,original_gnn,11027,readout.0.bias,64,51,13,0.02560526691377163,64,51,0.02560526691377163
activity/deployment/final/original_gnn/s11027,original_gnn,11027,readout.3.weight,64,51,13,0.32638075947761536,64,51,0.32638075947761536
activity/deployment/final/original_gnn/s11027,original_gnn,11027,readout.3.bias,1,1,0,0.05440634861588478,1,1,0.05440634861588478
activity/deployment/final/original_gnn/s1103,original_gnn,1103,embed.weight,2976,1629,1347,2.832961082458496,1628,1629,2.832961082458496
activity/deployment/final/original_gnn/s1103,original_gnn,1103,embed.bias,32,32,0,1.7151613235473633,32,32,1.7151613235473633
activity/deployment/final/original_gnn/s1103,original_gnn,1103,self_layers.0.weight,1024,694,330,0.48523396253585815,719,694,0.48523396253585815
activity/deployment/final/original_gnn/s1103,original_gnn,1103,self_layers.0.bias,32,22,10,0.9270077347755432,23,22,0.9270077347755432
activity/deployment/final/original_gnn/s1103,original_gnn,1103,self_layers.1.weight,1024,1024,0,0.5256773829460144,1024,1024,0.5256773829460144
activity/deployment/final/original_gnn/s1103,original_gnn,1103,self_layers.1.bias,32,32,0,0.11402188986539841,32,32,0.11402188986539841
activity/deployment/final/original_gnn/s1103,original_gnn,1103,norms.0.weight,32,32,0,0.13846056163311005,32,32,0.13846056163311005
activity/deployment/final/original_gnn/s1103,original_gnn,1103,norms.0.bias,32,32,0,0.2255607396364212,32,32,0.2255607396364212
activity/deployment/final/original_gnn/s1103,original_gnn,1103,norms.1.weight,32,32,0,0.1482676863670349,32,32,0.1482676863670349
activity/deployment/final/original_gnn/s1103,original_gnn,1103,norms.1.bias,32,32,0,0.225427508354187,32,32,0.225427508354187
activity/deployment/final/original_gnn/s1103,original_gnn,1103,message_weights.0,8192,2391,5801,0.293981671333313,2452,2391,0.293981671333313
activity/deployment/final/original_gnn/s1103,original_gnn,1103,message_weights.1,8192,3712,4480,0.3012793958187103,3840,3712,0.3012793958187103
activity/deployment/final/original_gnn/s1103,original_gnn,1103,readout.0.weight,131584,75990,55594,6.957211494445801,95101,75990,6.957211494445801
activity/deployment/final/original_gnn/s1103,original_gnn,1103,readout.0.bias,64,50,14,0.21175917983055115,63,50,0.21175917983055115
activity/deployment/final/original_gnn/s1103,original_gnn,1103,readout.3.weight,64,50,14,1.3959951400756836,63,50,1.3959951400756836
activity/deployment/final/original_gnn/s1103,original_gnn,1103,readout.3.bias,1,1,0,0.5004789233207703,1,1,0.5004789233207703
activity/deployment/final/original_gnn/s2207,original_gnn,2207,embed.weight,2976,1565,1411,0.5766966938972473,1570,1565,0.5766966938972473
activity/deployment/final/original_gnn/s2207,original_gnn,2207,embed.bias,32,32,0,0.32608768343925476,32,32,0.32608768343925476
activity/deployment/final/original_gnn/s2207,original_gnn,2207,self_layers.0.weight,1024,759,265,0.12419047951698303,764,759,0.12419047951698303
activity/deployment/final/original_gnn/s2207,original_gnn,2207,self_layers.0.bias,32,25,7,0.21725405752658844,25,25,0.21725405752658844
activity/deployment/final/original_gnn/s2207,original_gnn,2207,self_layers.1.weight,1024,1024,0,0.08259225636720657,1024,1024,0.08259225636720657
activity/deployment/final/original_gnn/s2207,original_gnn,2207,self_layers.1.bias,32,32,0,0.017311086878180504,32,32,0.017311086878180504
activity/deployment/final/original_gnn/s2207,original_gnn,2207,norms.0.weight,32,32,0,0.02451784536242485,32,32,0.02451784536242485
activity/deployment/final/original_gnn/s2207,original_gnn,2207,norms.0.bias,32,32,0,0.03649788722395897,32,32,0.03649788722395897
activity/deployment/final/original_gnn/s2207,original_gnn,2207,norms.1.weight,32,32,0,0.036114756017923355,32,32,0.036114756017923355
activity/deployment/final/original_gnn/s2207,original_gnn,2207,norms.1.bias,32,32,0,0.03312493488192558,32,32,0.03312493488192558
activity/deployment/final/original_gnn/s2207,original_gnn,2207,message_weights.0,8192,2590,5602,0.07127732038497925,2583,2590,0.07127732038497925
activity/deployment/final/original_gnn/s2207,original_gnn,2207,message_weights.1,8192,3872,4320,0.05092039331793785,3840,3872,0.05092039331793785
activity/deployment/final/original_gnn/s2207,original_gnn,2207,readout.0.weight,131584,61176,70408,1.29816734790802,89457,61176,1.29816734790802
activity/deployment/final/original_gnn/s2207,original_gnn,2207,readout.0.bias,64,40,24,0.03593521565198898,59,40,0.03593521565198898
activity/deployment/final/original_gnn/s2207,original_gnn,2207,readout.3.weight,64,40,24,0.5121668577194214,59,40,0.5121668577194214
activity/deployment/final/original_gnn/s2207,original_gnn,2207,readout.3.bias,1,1,0,0.08568407595157623,1,1,0.08568407595157623
activity/deployment/final/original_gnn/s3301,original_gnn,3301,embed.weight,2976,1567,1409,1.4667277336120605,1573,1567,1.4667277336120605
activity/deployment/final/original_gnn/s3301,original_gnn,3301,embed.bias,32,32,0,0.926860511302948,32,32,0.926860511302948
activity/deployment/final/original_gnn/s3301,original_gnn,3301,self_layers.0.weight,1024,831,193,0.4050944745540619,833,831,0.4050944745540619
activity/deployment/final/original_gnn/s3301,original_gnn,3301,self_layers.0.bias,32,27,5,0.7291685342788696,27,27,0.7291685342788696
activity/deployment/final/original_gnn/s3301,original_gnn,3301,self_layers.1.weight,1024,1024,0,0.37875887751579285,1024,1024,0.37875887751579285
activity/deployment/final/original_gnn/s3301,original_gnn,3301,self_layers.1.bias,32,32,0,0.07857544720172882,32,32,0.07857544720172882
activity/deployment/final/original_gnn/s3301,original_gnn,3301,norms.0.weight,32,32,0,0.08292658627033234,32,32,0.08292658627033234
activity/deployment/final/original_gnn/s3301,original_gnn,3301,norms.0.bias,32,32,0,0.12201333045959473,32,32,0.12201333045959473
activity/deployment/final/original_gnn/s3301,original_gnn,3301,norms.1.weight,32,32,0,0.07634495198726654,32,32,0.07634495198726654
activity/deployment/final/original_gnn/s3301,original_gnn,3301,norms.1.bias,32,32,0,0.12029734253883362,32,32,0.12029734253883362
activity/deployment/final/original_gnn/s3301,original_gnn,3301,message_weights.0,8192,2854,5338,0.2517472803592682,2839,2854,0.2517472803592682
activity/deployment/final/original_gnn/s3301,original_gnn,3301,message_weights.1,8192,3680,4512,0.2243414670228958,3680,3680,0.2243414670228958
activity/deployment/final/original_gnn/s3301,original_gnn,3301,readout.0.weight,131584,66276,65308,4.609038352966309,94877,66276,4.609038352966309
activity/deployment/final/original_gnn/s3301,original_gnn,3301,readout.0.bias,64,44,20,0.13483111560344696,63,44,0.13483111560344696
activity/deployment/final/original_gnn/s3301,original_gnn,3301,readout.3.weight,64,44,20,1.085620403289795,63,44,1.085620403289795
activity/deployment/final/original_gnn/s3301,original_gnn,3301,readout.3.bias,1,1,0,0.34731781482696533,1,1,0.34731781482696533
activity/deployment/final/original_gnn/s4409,original_gnn,4409,embed.weight,2976,1610,1366,0.49811214208602905,1614,1610,0.49811214208602905
activity/deployment/final/original_gnn/s4409,original_gnn,4409,embed.bias,32,32,0,0.2613937258720398,32,32,0.2613937258720398
activity/deployment/final/original_gnn/s4409,original_gnn,4409,self_layers.0.weight,1024,843,181,0.12790590524673462,842,843,0.12790590524673462
activity/deployment/final/original_gnn/s4409,original_gnn,4409,self_layers.0.bias,32,27,5,0.25240546464920044,27,27,0.25240546464920044
activity/deployment/final/original_gnn/s4409,original_gnn,4409,self_layers.1.weight,1024,1024,0,0.10212820023298264,1024,1024,0.10212820023298264
activity/deployment/final/original_gnn/s4409,original_gnn,4409,self_layers.1.bias,32,32,0,0.02016281709074974,32,32,0.02016281709074974
activity/deployment/final/original_gnn/s4409,original_gnn,4409,norms.0.weight,32,32,0,0.04097448289394379,32,32,0.04097448289394379
activity/deployment/final/original_gnn/s4409,original_gnn,4409,norms.0.bias,32,32,0,0.03638948127627373,32,32,0.03638948127627373
activity/deployment/final/original_gnn/s4409,original_gnn,4409,norms.1.weight,32,32,0,0.040731947869062424,32,32,0.040731947869062424
activity/deployment/final/original_gnn/s4409,original_gnn,4409,norms.1.bias,32,32,0,0.03424999117851257,32,32,0.03424999117851257
activity/deployment/final/original_gnn/s4409,original_gnn,4409,message_weights.0,8192,2828,5364,0.07899339497089386,2828,2828,0.07899339497089386
activity/deployment/final/original_gnn/s4409,original_gnn,4409,message_weights.1,8192,3808,4384,0.06092771142721176,3680,3808,0.06092771142721176
activity/deployment/final/original_gnn/s4409,original_gnn,4409,readout.0.weight,131584,78300,53284,1.8275543451309204,92631,78300,1.8275543451309204
activity/deployment/final/original_gnn/s4409,original_gnn,4409,readout.0.bias,64,52,12,0.05187220871448517,61,52,0.05187220871448517
activity/deployment/final/original_gnn/s4409,original_gnn,4409,readout.3.weight,64,52,12,0.5391892790794373,61,52,0.5391892790794373
activity/deployment/final/original_gnn/s4409,original_gnn,4409,readout.3.bias,1,1,0,0.1482321321964264,1,1,0.1482321321964264
activity/deployment/final/original_gnn/s5519,original_gnn,5519,embed.weight,2976,1640,1336,1.6418335437774658,1647,1640,1.6418335437774658
activity/deployment/final/original_gnn/s5519,original_gnn,5519,embed.bias,32,32,0,0.9734153151512146,32,32,0.9734153151512146
activity/deployment/final/original_gnn/s5519,original_gnn,5519,self_layers.0.weight,1024,728,296,0.4189321994781494,732,728,0.4189321994781494
activity/deployment/final/original_gnn/s5519,original_gnn,5519,self_layers.0.bias,32,24,8,0.8429440855979919,24,24,0.8429440855979919
activity/deployment/final/original_gnn/s5519,original_gnn,5519,self_layers.1.weight,1024,1024,0,0.39397239685058594,1024,1024,0.39397239685058594
activity/deployment/final/original_gnn/s5519,original_gnn,5519,self_layers.1.bias,32,32,0,0.08425556868314743,32,32,0.08425556868314743
activity/deployment/final/original_gnn/s5519,original_gnn,5519,norms.0.weight,32,32,0,0.09004172682762146,32,32,0.09004172682762146
activity/deployment/final/original_gnn/s5519,original_gnn,5519,norms.0.bias,32,32,0,0.14208665490150452,32,32,0.14208665490150452
activity/deployment/final/original_gnn/s5519,original_gnn,5519,norms.1.weight,32,32,0,0.10123886168003082,32,32,0.10123886168003082
activity/deployment/final/original_gnn/s5519,original_gnn,5519,norms.1.bias,32,32,0,0.14231498539447784,32,32,0.14231498539447784
activity/deployment/final/original_gnn/s5519,original_gnn,5519,message_weights.0,8192,2550,5642,0.25201302766799927,2547,2550,0.25201302766799927
activity/deployment/final/original_gnn/s5519,original_gnn,5519,message_weights.1,8192,3712,4480,0.23514395952224731,3744,3712,0.23514395952224731
activity/deployment/final/original_gnn/s5519,original_gnn,5519,readout.0.weight,131584,76470,55114,5.094720363616943,88494,76470,5.094720363616943
activity/deployment/final/original_gnn/s5519,original_gnn,5519,readout.0.bias,64,50,14,0.14704130589962006,58,50,0.14704130589962006
activity/deployment/final/original_gnn/s5519,original_gnn,5519,readout.3.weight,64,50,14,1.1150963306427002,58,50,1.1150963306427002
activity/deployment/final/original_gnn/s5519,original_gnn,5519,readout.3.bias,1,1,0,0.33233025670051575,1,1,0.33233025670051575
activity/deployment/final/original_gnn/s6637,original_gnn,6637,embed.weight,2976,1435,1541,0.6090294718742371,1440,1435,0.6090294718742371
activity/deployment/final/original_gnn/s6637,original_gnn,6637,embed.bias,32,31,1,0.3532644212245941,31,31,0.3532644212245941
activity/deployment/final/original_gnn/s6637,original_gnn,6637,self_layers.0.weight,1024,812,212,0.1329318881034851,815,812,0.1329318881034851
activity/deployment/final/original_gnn/s6637,original_gnn,6637,self_layers.0.bias,32,27,5,0.3021022081375122,27,27,0.3021022081375122
activity/deployment/final/original_gnn/s6637,original_gnn,6637,self_layers.1.weight,1024,1024,0,0.10416058450937271,1024,1024,0.10416058450937271
activity/deployment/final/original_gnn/s6637,original_gnn,6637,self_layers.1.bias,32,32,0,0.021977409720420837,32,32,0.021977409720420837
activity/deployment/final/original_gnn/s6637,original_gnn,6637,norms.0.weight,32,32,0,0.047099024057388306,32,32,0.047099024057388306
activity/deployment/final/original_gnn/s6637,original_gnn,6637,norms.0.bias,32,32,0,0.04653116688132286,32,32,0.04653116688132286
activity/deployment/final/original_gnn/s6637,original_gnn,6637,norms.1.weight,32,32,0,0.047851428389549255,32,32,0.047851428389549255
activity/deployment/final/original_gnn/s6637,original_gnn,6637,norms.1.bias,32,32,0,0.0404876284301281,32,32,0.0404876284301281
activity/deployment/final/original_gnn/s6637,original_gnn,6637,message_weights.0,8192,2795,5397,0.08011769503355026,2795,2795,0.08011769503355026
activity/deployment/final/original_gnn/s6637,original_gnn,6637,message_weights.1,8192,3776,4416,0.06216750666499138,3808,3776,0.06216750666499138
activity/deployment/final/original_gnn/s6637,original_gnn,6637,readout.0.weight,131584,67396,64188,1.3404041528701782,95293,67396,1.3404041528701782
activity/deployment/final/original_gnn/s6637,original_gnn,6637,readout.0.bias,64,44,20,0.03731347247958183,63,44,0.03731347247958183
activity/deployment/final/original_gnn/s6637,original_gnn,6637,readout.3.weight,64,44,20,0.503399670124054,63,44,0.503399670124054
activity/deployment/final/original_gnn/s6637,original_gnn,6637,readout.3.bias,1,1,0,0.08589975535869598,1,1,0.08589975535869598
activity/deployment/final/original_gnn/s7753,original_gnn,7753,embed.weight,2976,1471,1505,0.7531638145446777,1473,1471,0.7531638145446777
activity/deployment/final/original_gnn/s7753,original_gnn,7753,embed.bias,32,32,0,0.4394986033439636,32,32,0.4394986033439636
activity/deployment/final/original_gnn/s7753,original_gnn,7753,self_layers.0.weight,1024,851,173,0.16105030477046967,846,851,0.16105030477046967
activity/deployment/final/original_gnn/s7753,original_gnn,7753,self_layers.0.bias,32,27,5,0.41238757967948914,27,27,0.41238757967948914
activity/deployment/final/original_gnn/s7753,original_gnn,7753,self_layers.1.weight,1024,1024,0,0.1070200651884079,1024,1024,0.1070200651884079
activity/deployment/final/original_gnn/s7753,original_gnn,7753,self_layers.1.bias,32,32,0,0.02351325750350952,32,32,0.02351325750350952
activity/deployment/final/original_gnn/s7753,original_gnn,7753,norms.0.weight,32,32,0,0.03793301060795784,32,32,0.03793301060795784
activity/deployment/final/original_gnn/s7753,original_gnn,7753,norms.0.bias,32,32,0,0.04948229715228081,32,32,0.04948229715228081
activity/deployment/final/original_gnn/s7753,original_gnn,7753,norms.1.weight,32,32,0,0.04434088617563248,32,32,0.04434088617563248
activity/deployment/final/original_gnn/s7753,original_gnn,7753,norms.1.bias,32,32,0,0.04336223378777504,32,32,0.04336223378777504
activity/deployment/final/original_gnn/s7753,original_gnn,7753,message_weights.0,8192,2973,5219,0.09941092878580093,2958,2973,0.09941092878580093
activity/deployment/final/original_gnn/s7753,original_gnn,7753,message_weights.1,8192,3744,4448,0.06693550944328308,3776,3744,0.06693550944328308
activity/deployment/final/original_gnn/s7753,original_gnn,7753,readout.0.weight,131584,71501,60083,1.7209677696228027,95773,71501,1.7209677696228027
activity/deployment/final/original_gnn/s7753,original_gnn,7753,readout.0.bias,64,47,17,0.050294339656829834,63,47,0.050294339656829834
activity/deployment/final/original_gnn/s7753,original_gnn,7753,readout.3.weight,64,47,17,0.4128195345401764,63,47,0.4128195345401764
activity/deployment/final/original_gnn/s7753,original_gnn,7753,readout.3.bias,1,1,0,0.09615069627761841,1,1,0.09615069627761841
activity/deployment/final/original_gnn/s8867,original_gnn,8867,embed.weight,2976,1643,1333,2.134155035018921,1649,1643,2.134155035018921
activity/deployment/final/original_gnn/s8867,original_gnn,8867,embed.bias,32,32,0,1.3303383588790894,32,32,1.3303383588790894
activity/deployment/final/original_gnn/s8867,original_gnn,8867,self_layers.0.weight,1024,770,254,0.5609661936759949,776,770,0.5609661936759949
activity/deployment/final/original_gnn/s8867,original_gnn,8867,self_layers.0.bias,32,25,7,0.8080180883407593,25,25,0.8080180883407593
activity/deployment/final/original_gnn/s8867,original_gnn,8867,self_layers.1.weight,1024,1024,0,0.41480737924575806,1024,1024,0.41480737924575806
activity/deployment/final/original_gnn/s8867,original_gnn,8867,self_layers.1.bias,32,32,0,0.08487334102392197,32,32,0.08487334102392197
activity/deployment/final/original_gnn/s8867,original_gnn,8867,norms.0.weight,32,32,0,0.10852643102407455,32,32,0.10852643102407455
activity/deployment/final/original_gnn/s8867,original_gnn,8867,norms.0.bias,32,32,0,0.16865897178649902,32,32,0.16865897178649902
activity/deployment/final/original_gnn/s8867,original_gnn,8867,norms.1.weight,32,32,0,0.0953025072813034,32,32,0.0953025072813034
activity/deployment/final/original_gnn/s8867,original_gnn,8867,norms.1.bias,32,32,0,0.1679682433605194,32,32,0.1679682433605194
activity/deployment/final/original_gnn/s8867,original_gnn,8867,message_weights.0,8192,2687,5505,0.3239825665950775,2719,2687,0.3239825665950775
activity/deployment/final/original_gnn/s8867,original_gnn,8867,message_weights.1,8192,3648,4544,0.24247662723064423,3648,3648,0.24247662723064423
activity/deployment/final/original_gnn/s8867,original_gnn,8867,readout.0.weight,131584,63035,68549,4.9213151931762695,90356,63035,4.9213151931762695
activity/deployment/final/original_gnn/s8867,original_gnn,8867,readout.0.bias,64,41,23,0.14501604437828064,60,41,0.14501604437828064
activity/deployment/final/original_gnn/s8867,original_gnn,8867,readout.3.weight,64,41,23,1.2504515647888184,60,41,1.2504515647888184
activity/deployment/final/original_gnn/s8867,original_gnn,8867,readout.3.bias,1,1,0,0.3453703820705414,1,1,0.3453703820705414
activity/deployment/final/original_gnn/s9973,original_gnn,9973,embed.weight,2976,1604,1372,0.285980224609375,1606,1604,0.285980224609375
activity/deployment/final/original_gnn/s9973,original_gnn,9973,embed.bias,32,32,0,0.10395900160074234,32,32,0.10395900160074234
activity/deployment/final/original_gnn/s9973,original_gnn,9973,self_layers.0.weight,1024,842,182,0.05769554153084755,840,842,0.05769554153084755
activity/deployment/final/original_gnn/s9973,original_gnn,9973,self_layers.0.bias,32,27,5,0.09438014030456543,27,27,0.09438014030456543
activity/deployment/final/original_gnn/s9973,original_gnn,9973,self_layers.1.weight,1024,1024,0,0.056730855256319046,1024,1024,0.056730855256319046
activity/deployment/final/original_gnn/s9973,original_gnn,9973,self_layers.1.bias,32,32,0,0.008838309906423092,32,32,0.008838309906423092
activity/deployment/final/original_gnn/s9973,original_gnn,9973,norms.0.weight,32,32,0,0.017240041866898537,32,32,0.017240041866898537
activity/deployment/final/original_gnn/s9973,original_gnn,9973,norms.0.bias,32,32,0,0.012541000731289387,32,32,0.012541000731289387
activity/deployment/final/original_gnn/s9973,original_gnn,9973,norms.1.weight,32,32,0,0.020299863070249557,32,32,0.020299863070249557
activity/deployment/final/original_gnn/s9973,original_gnn,9973,norms.1.bias,32,32,0,0.006996485870331526,32,32,0.006996485870331526
activity/deployment/final/original_gnn/s9973,original_gnn,9973,message_weights.0,8192,3049,5143,0.039193470031023026,3031,3049,0.039193470031023026
activity/deployment/final/original_gnn/s9973,original_gnn,9973,message_weights.1,8192,3840,4352,0.03580774739384651,3840,3840,0.03580774739384651
activity/deployment/final/original_gnn/s9973,original_gnn,9973,readout.0.weight,131584,69418,62166,0.8745206594467163,95357,69418,0.8745206594467163
activity/deployment/final/original_gnn/s9973,original_gnn,9973,readout.0.bias,64,46,18,0.0144956698641181,63,46,0.0144956698641181
activity/deployment/final/original_gnn/s9973,original_gnn,9973,readout.3.weight,64,46,18,0.2940327823162079,63,46,0.2940327823162079
activity/deployment/final/original_gnn/s9973,original_gnn,9973,readout.3.bias,1,1,0,0.010848373174667358,1,1,0.010848373174667358
activity/deployment/final/original_no_message/s11027,original_no_message,11027,embed.weight,2976,1553,1423,0.42926615476608276,1561,1553,0.42926615476608276
activity/deployment/final/original_no_message/s11027,original_no_message,11027,embed.bias,32,32,0,0.16241991519927979,32,32,0.16241991519927979
activity/deployment/final/original_no_message/s11027,original_no_message,11027,self_layers.0.weight,1024,673,351,0.0814911499619484,673,673,0.0814911499619484
activity/deployment/final/original_no_message/s11027,original_no_message,11027,self_layers.0.bias,32,22,10,0.14815549552440643,22,22,0.14815549552440643
activity/deployment/final/original_no_message/s11027,original_no_message,11027,self_layers.1.weight,1024,1024,0,0.070397287607193,1024,1024,0.070397287607193
activity/deployment/final/original_no_message/s11027,original_no_message,11027,self_layers.1.bias,32,32,0,0.011647800914943218,32,32,0.011647800914943218
activity/deployment/final/original_no_message/s11027,original_no_message,11027,norms.0.weight,32,32,0,0.02081645466387272,32,32,0.02081645466387272
activity/deployment/final/original_no_message/s11027,original_no_message,11027,norms.0.bias,32,32,0,0.016870321705937386,32,32,0.016870321705937386
activity/deployment/final/original_no_message/s11027,original_no_message,11027,norms.1.weight,32,32,0,0.0284205824136734,32,32,0.0284205824136734
activity/deployment/final/original_no_message/s11027,original_no_message,11027,norms.1.bias,32,32,0,0.016635701060295105,32,32,0.016635701060295105
activity/deployment/final/original_no_message/s11027,original_no_message,11027,message_weights.0,8192,2357,5835,0.049991365522146225,2342,2357,0.049991365522146225
activity/deployment/final/original_no_message/s11027,original_no_message,11027,message_weights.1,8192,3712,4480,0.044581856578588486,3776,3712,0.044581856578588486
activity/deployment/final/original_no_message/s11027,original_no_message,11027,readout.0.weight,131584,72016,59568,1.3757860660552979,96384,72016,1.3757860660552979
activity/deployment/final/original_no_message/s11027,original_no_message,11027,readout.0.bias,64,48,16,0.03466260805726051,64,48,0.03466260805726051
activity/deployment/final/original_no_message/s11027,original_no_message,11027,readout.3.weight,64,48,16,0.34425702691078186,64,48,0.34425702691078186
activity/deployment/final/original_no_message/s11027,original_no_message,11027,readout.3.bias,1,1,0,0.06540967524051666,1,1,0.06540967524051666
activity/deployment/final/original_no_message/s1103,original_no_message,1103,embed.weight,2976,1630,1346,3.1922526359558105,1629,1630,3.1922526359558105
activity/deployment/final/original_no_message/s1103,original_no_message,1103,embed.bias,32,32,0,1.9306073188781738,32,32,1.9306073188781738
activity/deployment/final/original_no_message/s1103,original_no_message,1103,self_layers.0.weight,1024,686,338,0.5482943654060364,689,686,0.5482943654060364
activity/deployment/final/original_no_message/s1103,original_no_message,1103,self_layers.0.bias,32,22,10,1.0486466884613037,22,22,1.0486466884613037
activity/deployment/final/original_no_message/s1103,original_no_message,1103,self_layers.1.weight,1024,1024,0,0.5961964726448059,1024,1024,0.5961964726448059
activity/deployment/final/original_no_message/s1103,original_no_message,1103,self_layers.1.bias,32,32,0,0.13056865334510803,32,32,0.13056865334510803
activity/deployment/final/original_no_message/s1103,original_no_message,1103,norms.0.weight,32,32,0,0.156823068857193,32,32,0.156823068857193
activity/deployment/final/original_no_message/s1103,original_no_message,1103,norms.0.bias,32,32,0,0.24916401505470276,32,32,0.24916401505470276
activity/deployment/final/original_no_message/s1103,original_no_message,1103,norms.1.weight,32,32,0,0.16246329247951508,32,32,0.16246329247951508
activity/deployment/final/original_no_message/s1103,original_no_message,1103,norms.1.bias,32,32,0,0.24902774393558502,32,32,0.24902774393558502
activity/deployment/final/original_no_message/s1103,original_no_message,1103,message_weights.0,8192,2325,5867,0.3262864649295807,2366,2325,0.3262864649295807
activity/deployment/final/original_no_message/s1103,original_no_message,1103,message_weights.1,8192,3680,4512,0.34945064783096313,3712,3680,0.34945064783096313
activity/deployment/final/original_no_message/s1103,original_no_message,1103,readout.0.weight,131584,74579,57005,7.719343662261963,95229,74579,7.719343662261963
activity/deployment/final/original_no_message/s1103,original_no_message,1103,readout.0.bias,64,49,15,0.2353745549917221,63,49,0.2353745549917221
activity/deployment/final/original_no_message/s1103,original_no_message,1103,readout.3.weight,64,49,15,1.549999713897705,63,49,1.549999713897705
activity/deployment/final/original_no_message/s1103,original_no_message,1103,readout.3.bias,1,1,0,0.5439988374710083,1,1,0.5439988374710083
activity/deployment/final/original_no_message/s2207,original_no_message,2207,embed.weight,2976,1564,1412,0.9691973924636841,1570,1564,0.9691973924636841
activity/deployment/final/original_no_message/s2207,original_no_message,2207,embed.bias,32,31,1,0.6112808585166931,32,31,0.6112808585166931
activity/deployment/final/original_no_message/s2207,original_no_message,2207,self_layers.0.weight,1024,747,277,0.2633137106895447,772,747,0.2633137106895447
activity/deployment/final/original_no_message/s2207,original_no_message,2207,self_layers.0.bias,32,25,7,0.4975718557834625,25,25,0.4975718557834625
activity/deployment/final/original_no_message/s2207,original_no_message,2207,self_layers.1.weight,1024,1024,0,0.15325495600700378,1024,1024,0.15325495600700378
activity/deployment/final/original_no_message/s2207,original_no_message,2207,self_layers.1.bias,32,32,0,0.03403665870428085,32,32,0.03403665870428085
activity/deployment/final/original_no_message/s2207,original_no_message,2207,norms.0.weight,32,32,0,0.04656180739402771,32,32,0.04656180739402771
activity/deployment/final/original_no_message/s2207,original_no_message,2207,norms.0.bias,32,32,0,0.07398851215839386,32,32,0.07398851215839386
activity/deployment/final/original_no_message/s2207,original_no_message,2207,norms.1.weight,32,32,0,0.04875241965055466,32,32,0.04875241965055466
activity/deployment/final/original_no_message/s2207,original_no_message,2207,norms.1.bias,32,32,0,0.07191605120897293,32,32,0.07191605120897293
activity/deployment/final/original_no_message/s2207,original_no_message,2207,message_weights.0,8192,2545,5647,0.15525875985622406,2613,2545,0.15525875985622406
activity/deployment/final/original_no_message/s2207,original_no_message,2207,message_weights.1,8192,3776,4416,0.09199947863817215,3840,3776,0.09199947863817215
activity/deployment/final/original_no_message/s2207,original_no_message,2207,readout.0.weight,131584,64254,67330,2.5266215801239014,89201,64254,2.5266215801239014
activity/deployment/final/original_no_message/s2207,original_no_message,2207,readout.0.bias,64,42,22,0.07547257095575333,59,42,0.07547257095575333
activity/deployment/final/original_no_message/s2207,original_no_message,2207,readout.3.weight,64,42,22,0.7311521172523499,59,42,0.7311521172523499
activity/deployment/final/original_no_message/s2207,original_no_message,2207,readout.3.bias,1,1,0,0.1756533682346344,1,1,0.1756533682346344
activity/deployment/final/original_no_message/s3301,original_no_message,3301,embed.weight,2976,1567,1409,1.303551435470581,1572,1567,1.303551435470581
activity/deployment/final/original_no_message/s3301,original_no_message,3301,embed.bias,32,32,0,0.8277223706245422,32,32,0.8277223706245422
activity/deployment/final/original_no_message/s3301,original_no_message,3301,self_layers.0.weight,1024,804,220,0.3675493896007538,808,804,0.3675493896007538
activity/deployment/final/original_no_message/s3301,original_no_message,3301,self_layers.0.bias,32,26,6,0.6620566844940186,26,26,0.6620566844940186
activity/deployment/final/original_no_message/s3301,original_no_message,3301,self_layers.1.weight,1024,1024,0,0.3266371190547943,1024,1024,0.3266371190547943
activity/deployment/final/original_no_message/s3301,original_no_message,3301,self_layers.1.bias,32,32,0,0.06764223426580429,32,32,0.06764223426580429
activity/deployment/final/original_no_message/s3301,original_no_message,3301,norms.0.weight,32,32,0,0.08028218150138855,32,32,0.08028218150138855
activity/deployment/final/original_no_message/s3301,original_no_message,3301,norms.0.bias,32,32,0,0.10871180891990662,32,32,0.10871180891990662
activity/deployment/final/original_no_message/s3301,original_no_message,3301,norms.1.weight,32,32,0,0.07191044092178345,32,32,0.07191044092178345
activity/deployment/final/original_no_message/s3301,original_no_message,3301,norms.1.bias,32,32,0,0.1086433008313179,32,32,0.1086433008313179
activity/deployment/final/original_no_message/s3301,original_no_message,3301,message_weights.0,8192,2772,5420,0.21508407592773438,2756,2772,0.21508407592773438
activity/deployment/final/original_no_message/s3301,original_no_message,3301,message_weights.1,8192,3712,4480,0.19153615832328796,3680,3712,0.19153615832328796
activity/deployment/final/original_no_message/s3301,original_no_message,3301,readout.0.weight,131584,68135,63449,4.220141410827637,93434,68135,4.220141410827637
activity/deployment/final/original_no_message/s3301,original_no_message,3301,readout.0.bias,64,45,19,0.12341979891061783,62,45,0.12341979891061783
activity/deployment/final/original_no_message/s3301,original_no_message,3301,readout.3.weight,64,45,19,1.019026517868042,62,45,1.019026517868042
activity/deployment/final/original_no_message/s3301,original_no_message,3301,readout.3.bias,1,1,0,0.3274964690208435,1,1,0.3274964690208435
activity/deployment/final/original_no_message/s4409,original_no_message,4409,embed.weight,2976,1609,1367,0.45483940839767456,1614,1609,0.45483940839767456
activity/deployment/final/original_no_message/s4409,original_no_message,4409,embed.bias,32,32,0,0.2286153882741928,32,32,0.2286153882741928
activity/deployment/final/original_no_message/s4409,original_no_message,4409,self_layers.0.weight,1024,845,179,0.11342718452215195,864,845,0.11342718452215195
activity/deployment/final/original_no_message/s4409,original_no_message,4409,self_layers.0.bias,32,28,4,0.21750599145889282,29,28,0.21750599145889282
activity/deployment/final/original_no_message/s4409,original_no_message,4409,self_layers.1.weight,1024,1024,0,0.09296736121177673,1024,1024,0.09296736121177673
activity/deployment/final/original_no_message/s4409,original_no_message,4409,self_layers.1.bias,32,32,0,0.017761044204235077,32,32,0.017761044204235077
activity/deployment/final/original_no_message/s4409,original_no_message,4409,norms.0.weight,32,32,0,0.03787088766694069,32,32,0.03787088766694069
activity/deployment/final/original_no_message/s4409,original_no_message,4409,norms.0.bias,32,32,0,0.030740495771169662,32,32,0.030740495771169662
activity/deployment/final/original_no_message/s4409,original_no_message,4409,norms.1.weight,32,32,0,0.03785372152924538,32,32,0.03785372152924538
activity/deployment/final/original_no_message/s4409,original_no_message,4409,norms.1.bias,32,32,0,0.027931613847613335,32,32,0.027931613847613335
activity/deployment/final/original_no_message/s4409,original_no_message,4409,message_weights.0,8192,2801,5391,0.06774291396141052,2815,2801,0.06774291396141052
activity/deployment/final/original_no_message/s4409,original_no_message,4409,message_weights.1,8192,3840,4352,0.055937059223651886,3712,3840,0.055937059223651886
activity/deployment/final/original_no_message/s4409,original_no_message,4409,readout.0.weight,131584,79647,51937,1.6330392360687256,92375,79647,1.6330392360687256
activity/deployment/final/original_no_message/s4409,original_no_message,4409,readout.0.bias,64,53,11,0.045051027089357376,61,53,0.045051027089357376
activity/deployment/final/original_no_message/s4409,original_no_message,4409,readout.3.weight,64,53,11,0.5063148140907288,61,53,0.5063148140907288
activity/deployment/final/original_no_message/s4409,original_no_message,4409,readout.3.bias,1,1,0,0.13011954724788666,1,1,0.13011954724788666
activity/deployment/final/original_no_message/s5519,original_no_message,5519,embed.weight,2976,1640,1336,1.6828539371490479,1648,1640,1.6828539371490479
activity/deployment/final/original_no_message/s5519,original_no_message,5519,embed.bias,32,32,0,1.0093703269958496,32,32,1.0093703269958496
activity/deployment/final/original_no_message/s5519,original_no_message,5519,self_layers.0.weight,1024,730,294,0.41573503613471985,733,730,0.41573503613471985
activity/deployment/final/original_no_message/s5519,original_no_message,5519,self_layers.0.bias,32,24,8,0.8455361723899841,24,24,0.8455361723899841
activity/deployment/final/original_no_message/s5519,original_no_message,5519,self_layers.1.weight,1024,1024,0,0.3772951662540436,1024,1024,0.3772951662540436
activity/deployment/final/original_no_message/s5519,original_no_message,5519,self_layers.1.bias,32,32,0,0.08143585920333862,32,32,0.08143585920333862
activity/deployment/final/original_no_message/s5519,original_no_message,5519,norms.0.weight,32,32,0,0.09324640780687332,32,32,0.09324640780687332
activity/deployment/final/original_no_message/s5519,original_no_message,5519,norms.0.bias,32,32,0,0.14350435137748718,32,32,0.14350435137748718
activity/deployment/final/original_no_message/s5519,original_no_message,5519,norms.1.weight,32,32,0,0.10031217336654663,32,32,0.10031217336654663
activity/deployment/final/original_no_message/s5519,original_no_message,5519,norms.1.bias,32,32,0,0.14335104823112488,32,32,0.14335104823112488
activity/deployment/final/original_no_message/s5519,original_no_message,5519,message_weights.0,8192,2479,5713,0.24222467839717865,2496,2479,0.24222467839717865
activity/deployment/final/original_no_message/s5519,original_no_message,5519,message_weights.1,8192,3648,4544,0.22101718187332153,3744,3648,0.22101718187332153
activity/deployment/final/original_no_message/s5519,original_no_message,5519,readout.0.weight,131584,72141,59443,5.017848968505859,88302,72141,5.017848968505859
activity/deployment/final/original_no_message/s5519,original_no_message,5519,readout.0.bias,64,47,17,0.1447397768497467,58,47,0.1447397768497467
activity/deployment/final/original_no_message/s5519,original_no_message,5519,readout.3.weight,64,47,17,1.0695186853408813,58,47,1.0695186853408813
activity/deployment/final/original_no_message/s5519,original_no_message,5519,readout.3.bias,1,1,0,0.32313600182533264,1,1,0.32313600182533264
activity/deployment/final/original_no_message/s6637,original_no_message,6637,embed.weight,2976,1429,1547,0.5015687346458435,1435,1429,0.5015687346458435
activity/deployment/final/original_no_message/s6637,original_no_message,6637,embed.bias,32,31,1,0.2326299399137497,31,31,0.2326299399137497
activity/deployment/final/original_no_message/s6637,original_no_message,6637,self_layers.0.weight,1024,811,213,0.10218144953250885,813,811,0.10218144953250885
activity/deployment/final/original_no_message/s6637,original_no_message,6637,self_layers.0.bias,32,27,5,0.21446244418621063,27,27,0.21446244418621063
activity/deployment/final/original_no_message/s6637,original_no_message,6637,self_layers.1.weight,1024,1024,0,0.08467894792556763,1024,1024,0.08467894792556763
activity/deployment/final/original_no_message/s6637,original_no_message,6637,self_layers.1.bias,32,32,0,0.017473585903644562,32,32,0.017473585903644562
activity/deployment/final/original_no_message/s6637,original_no_message,6637,norms.0.weight,32,32,0,0.03762301430106163,32,32,0.03762301430106163
activity/deployment/final/original_no_message/s6637,original_no_message,6637,norms.0.bias,32,32,0,0.031646374613046646,32,32,0.031646374613046646
activity/deployment/final/original_no_message/s6637,original_no_message,6637,norms.1.weight,32,32,0,0.043473608791828156,32,32,0.043473608791828156
activity/deployment/final/original_no_message/s6637,original_no_message,6637,norms.1.bias,32,32,0,0.023894188925623894,32,32,0.023894188925623894
activity/deployment/final/original_no_message/s6637,original_no_message,6637,message_weights.0,8192,2797,5395,0.05975554510951042,2806,2797,0.05975554510951042
activity/deployment/final/original_no_message/s6637,original_no_message,6637,message_weights.1,8192,3776,4416,0.049760885536670685,3840,3776,0.049760885536670685
activity/deployment/final/original_no_message/s6637,original_no_message,6637,readout.0.weight,131584,73232,58352,0.9177957773208618,95581,73232,0.9177957773208618
activity/deployment/final/original_no_message/s6637,original_no_message,6637,readout.0.bias,64,48,16,0.02248913049697876,63,48,0.02248913049697876
activity/deployment/final/original_no_message/s6637,original_no_message,6637,readout.3.weight,64,48,16,0.4371163547039032,63,48,0.4371163547039032
activity/deployment/final/original_no_message/s6637,original_no_message,6637,readout.3.bias,1,1,0,0.05239053815603256,1,1,0.05239053815603256
activity/deployment/final/original_no_message/s7753,original_no_message,7753,embed.weight,2976,1470,1506,0.870521068572998,1471,1470,0.870521068572998
activity/deployment/final/original_no_message/s7753,original_no_message,7753,embed.bias,32,32,0,0.5187680125236511,32,32,0.5187680125236511
activity/deployment/final/original_no_message/s7753,original_no_message,7753,self_layers.0.weight,1024,846,178,0.18428127467632294,847,846,0.18428127467632294
activity/deployment/final/original_no_message/s7753,original_no_message,7753,self_layers.0.bias,32,27,5,0.4738725423812866,27,27,0.4738725423812866
activity/deployment/final/original_no_message/s7753,original_no_message,7753,self_layers.1.weight,1024,1024,0,0.12632879614830017,1024,1024,0.12632879614830017
activity/deployment/final/original_no_message/s7753,original_no_message,7753,self_layers.1.bias,32,32,0,0.02787932939827442,32,32,0.02787932939827442
activity/deployment/final/original_no_message/s7753,original_no_message,7753,norms.0.weight,32,32,0,0.0424182265996933,32,32,0.0424182265996933
activity/deployment/final/original_no_message/s7753,original_no_message,7753,norms.0.bias,32,32,0,0.05875345692038536,32,32,0.05875345692038536
activity/deployment/final/original_no_message/s7753,original_no_message,7753,norms.1.weight,32,32,0,0.04986174777150154,32,32,0.04986174777150154
activity/deployment/final/original_no_message/s7753,original_no_message,7753,norms.1.bias,32,32,0,0.05228045955300331,32,32,0.05228045955300331
activity/deployment/final/original_no_message/s7753,original_no_message,7753,message_weights.0,8192,2977,5215,0.108836829662323,2980,2977,0.108836829662323
activity/deployment/final/original_no_message/s7753,original_no_message,7753,message_weights.1,8192,3776,4416,0.07550214231014252,3808,3776,0.07550214231014252
activity/deployment/final/original_no_message/s7753,original_no_message,7753,readout.0.weight,131584,72656,58928,2.0914385318756104,95805,72656,2.0914385318756104
activity/deployment/final/original_no_message/s7753,original_no_message,7753,readout.0.bias,64,48,16,0.062049973756074905,63,48,0.062049973756074905
activity/deployment/final/original_no_message/s7753,original_no_message,7753,readout.3.weight,64,48,16,0.467512309551239,63,48,0.467512309551239
activity/deployment/final/original_no_message/s7753,original_no_message,7753,readout.3.bias,1,1,0,0.11775520443916321,1,1,0.11775520443916321
activity/deployment/final/original_no_message/s8867,original_no_message,8867,embed.weight,2976,1645,1331,1.9547386169433594,1648,1645,1.9547386169433594
activity/deployment/final/original_no_message/s8867,original_no_message,8867,embed.bias,32,32,0,1.214130163192749,32,32,1.214130163192749
activity/deployment/final/original_no_message/s8867,original_no_message,8867,self_layers.0.weight,1024,793,231,0.5258793830871582,794,793,0.5258793830871582
activity/deployment/final/original_no_message/s8867,original_no_message,8867,self_layers.0.bias,32,26,6,0.7537017464637756,26,26,0.7537017464637756
activity/deployment/final/original_no_message/s8867,original_no_message,8867,self_layers.1.weight,1024,1024,0,0.4007788896560669,1024,1024,0.4007788896560669
activity/deployment/final/original_no_message/s8867,original_no_message,8867,self_layers.1.bias,32,32,0,0.08227753639221191,32,32,0.08227753639221191
activity/deployment/final/original_no_message/s8867,original_no_message,8867,norms.0.weight,32,32,0,0.1025664359331131,32,32,0.1025664359331131
activity/deployment/final/original_no_message/s8867,original_no_message,8867,norms.0.bias,32,32,0,0.15837866067886353,32,32,0.15837866067886353
activity/deployment/final/original_no_message/s8867,original_no_message,8867,norms.1.weight,32,32,0,0.0881301686167717,32,32,0.0881301686167717
activity/deployment/final/original_no_message/s8867,original_no_message,8867,norms.1.bias,32,32,0,0.1591845005750656,32,32,0.1591845005750656
activity/deployment/final/original_no_message/s8867,original_no_message,8867,message_weights.0,8192,2684,5508,0.31025388836860657,2701,2684,0.31025388836860657
activity/deployment/final/original_no_message/s8867,original_no_message,8867,message_weights.1,8192,3648,4544,0.2357054352760315,3648,3648,0.2357054352760315
activity/deployment/final/original_no_message/s8867,original_no_message,8867,readout.0.weight,131584,62747,68837,4.639662265777588,91799,62747,4.639662265777588
activity/deployment/final/original_no_message/s8867,original_no_message,8867,readout.0.bias,64,41,23,0.13680234551429749,61,41,0.13680234551429749
activity/deployment/final/original_no_message/s8867,original_no_message,8867,readout.3.weight,64,41,23,1.240906834602356,61,41,1.240906834602356
activity/deployment/final/original_no_message/s8867,original_no_message,8867,readout.3.bias,1,1,0,0.3350251317024231,1,1,0.3350251317024231
activity/deployment/final/original_no_message/s9973,original_no_message,9973,embed.weight,2976,1610,1366,0.5235831141471863,1610,1610,0.5235831141471863
activity/deployment/final/original_no_message/s9973,original_no_message,9973,embed.bias,32,32,0,0.14200930297374725,32,32,0.14200930297374725
activity/deployment/final/original_no_message/s9973,original_no_message,9973,self_layers.0.weight,1024,833,191,0.11196676641702652,843,833,0.11196676641702652
activity/deployment/final/original_no_message/s9973,original_no_message,9973,self_layers.0.bias,32,27,5,0.1402011513710022,27,27,0.1402011513710022
activity/deployment/final/original_no_message/s9973,original_no_message,9973,self_layers.1.weight,1024,1024,0,0.08942388743162155,1024,1024,0.08942388743162155
activity/deployment/final/original_no_message/s9973,original_no_message,9973,self_layers.1.bias,32,32,0,0.01523741614073515,32,32,0.01523741614073515
activity/deployment/final/original_no_message/s9973,original_no_message,9973,norms.0.weight,32,32,0,0.029500316828489304,32,32,0.029500316828489304
activity/deployment/final/original_no_message/s9973,original_no_message,9973,norms.0.bias,32,32,0,0.023264124989509583,32,32,0.023264124989509583
activity/deployment/final/original_no_message/s9973,original_no_message,9973,norms.1.weight,32,32,0,0.038152579218149185,32,32,0.038152579218149185
activity/deployment/final/original_no_message/s9973,original_no_message,9973,norms.1.bias,32,32,0,0.00706609757617116,32,32,0.00706609757617116
activity/deployment/final/original_no_message/s9973,original_no_message,9973,message_weights.0,8192,2951,5241,0.06579985469579697,2966,2951,0.06579985469579697
activity/deployment/final/original_no_message/s9973,original_no_message,9973,message_weights.1,8192,3840,4352,0.052926670759916306,3968,3840,0.052926670759916306
activity/deployment/final/original_no_message/s9973,original_no_message,9973,readout.0.weight,131584,68999,62585,0.6921687722206116,96800,68999,0.6921687722206116
activity/deployment/final/original_no_message/s9973,original_no_message,9973,readout.0.bias,64,45,19,0.007971729151904583,64,45,0.007971729151904583
activity/deployment/final/original_no_message/s9973,original_no_message,9973,readout.3.weight,64,45,19,0.4885086417198181,64,45,0.4885086417198181
activity/deployment/final/original_no_message/s9973,original_no_message,9973,readout.3.bias,1,1,0,0.01725020632147789,1,1,0.01725020632147789
activity/deployment/final/token_cnn/s11027,token_cnn,11027,embed.weight,2976,1605,1371,0.3202742338180542,1607,1605,0.3202742338180542
activity/deployment/final/token_cnn/s11027,token_cnn,11027,embed.bias,32,32,0,0.20173309743404388,32,32,0.20173309743404388
activity/deployment/final/token_cnn/s11027,token_cnn,11027,layers.0.weight,3072,2973,99,0.04070570692420006,2943,2973,0.04070570692420006
activity/deployment/final/token_cnn/s11027,token_cnn,11027,layers.0.bias,32,31,1,0.06190931051969528,31,31,0.06190931051969528
activity/deployment/final/token_cnn/s11027,token_cnn,11027,layers.3.weight,3072,1947,1125,0.07046961784362793,2144,1947,0.07046961784362793
activity/deployment/final/token_cnn/s11027,token_cnn,11027,layers.3.bias,32,21,11,0.1399572491645813,25,21,0.1399572491645813
activity/deployment/final/token_cnn/s11027,token_cnn,11027,readout.0.weight,131584,63926,67658,0.3316446542739868,81599,63926,0.3316446542739868
activity/deployment/final/token_cnn/s11027,token_cnn,11027,readout.0.bias,64,44,20,0.07268007844686508,57,44,0.07268007844686508
activity/deployment/final/token_cnn/s11027,token_cnn,11027,readout.3.weight,64,44,20,0.24920082092285156,57,44,0.24920082092285156
activity/deployment/final/token_cnn/s11027,token_cnn,11027,readout.3.bias,1,1,0,0.12711873650550842,1,1,0.12711873650550842
activity/deployment/final/token_cnn/s1103,token_cnn,1103,embed.weight,2976,1703,1273,0.44860216975212097,1704,1703,0.44860216975212097
activity/deployment/final/token_cnn/s1103,token_cnn,1103,embed.bias,32,32,0,0.3072032630443573,32,32,0.3072032630443573
activity/deployment/final/token_cnn/s1103,token_cnn,1103,layers.0.weight,3072,2688,384,0.07523824274539948,2771,2688,0.07523824274539948
activity/deployment/final/token_cnn/s1103,token_cnn,1103,layers.0.bias,32,28,4,0.07367070764303207,29,28,0.07367070764303207
activity/deployment/final/token_cnn/s1103,token_cnn,1103,layers.3.weight,3072,1920,1152,0.1148795560002327,2437,1920,0.1148795560002327
activity/deployment/final/token_cnn/s1103,token_cnn,1103,layers.3.bias,32,23,9,0.15923920273780823,29,23,0.15923920273780823
activity/deployment/final/token_cnn/s1103,token_cnn,1103,readout.0.weight,131584,58151,73433,0.4393920302391052,74357,58151,0.4393920302391052
activity/deployment/final/token_cnn/s1103,token_cnn,1103,readout.0.bias,64,39,25,0.07018035650253296,51,39,0.07018035650253296
activity/deployment/final/token_cnn/s1103,token_cnn,1103,readout.3.weight,64,39,25,0.3237171769142151,51,39,0.3237171769142151
activity/deployment/final/token_cnn/s1103,token_cnn,1103,readout.3.bias,1,1,0,0.1398429125547409,1,1,0.1398429125547409
activity/deployment/final/token_cnn/s2207,token_cnn,2207,embed.weight,2976,1666,1310,0.5889135599136353,1663,1666,0.5889135599136353
activity/deployment/final/token_cnn/s2207,token_cnn,2207,embed.bias,32,32,0,0.40198516845703125,32,32,0.40198516845703125
activity/deployment/final/token_cnn/s2207,token_cnn,2207,layers.0.weight,3072,2784,288,0.26667118072509766,2776,2784,0.26667118072509766
activity/deployment/final/token_cnn/s2207,token_cnn,2207,layers.0.bias,32,29,3,0.2608017325401306,29,29,0.2608017325401306
activity/deployment/final/token_cnn/s2207,token_cnn,2207,layers.3.weight,3072,2175,897,0.2168860137462616,2498,2175,0.2168860137462616
activity/deployment/final/token_cnn/s2207,token_cnn,2207,layers.3.bias,32,25,7,0.27099359035491943,29,25,0.27099359035491943
activity/deployment/final/token_cnn/s2207,token_cnn,2207,readout.0.weight,131584,58827,72757,0.3565647304058075,81913,58827,0.3565647304058075
activity/deployment/final/token_cnn/s2207,token_cnn,2207,readout.0.bias,64,39,25,0.05487561970949173,56,39,0.05487561970949173
activity/deployment/final/token_cnn/s2207,token_cnn,2207,readout.3.weight,64,39,25,0.3676616847515106,56,39,0.3676616847515106
activity/deployment/final/token_cnn/s2207,token_cnn,2207,readout.3.bias,1,1,0,0.10301623493432999,1,1,0.10301623493432999
activity/deployment/final/token_cnn/s3301,token_cnn,3301,embed.weight,2976,1625,1351,0.31881406903266907,1627,1625,0.31881406903266907
activity/deployment/final/token_cnn/s3301,token_cnn,3301,embed.bias,32,32,0,0.19674532115459442,32,32,0.19674532115459442
activity/deployment/final/token_cnn/s3301,token_cnn,3301,layers.0.weight,3072,3072,0,0.10489854961633682,3071,3072,0.10489854961633682
activity/deployment/final/token_cnn/s3301,token_cnn,3301,layers.0.bias,32,32,0,0.10656125098466873,32,32,0.10656125098466873
activity/deployment/final/token_cnn/s3301,token_cnn,3301,layers.3.weight,3072,2685,387,0.10487407445907593,2848,2685,0.10487407445907593
activity/deployment/final/token_cnn/s3301,token_cnn,3301,layers.3.bias,32,28,4,0.14427600800991058,30,28,0.14427600800991058
activity/deployment/final/token_cnn/s3301,token_cnn,3301,readout.0.weight,131584,57076,74508,0.23643092811107635,78685,57076,0.23643092811107635
activity/deployment/final/token_cnn/s3301,token_cnn,3301,readout.0.bias,64,38,26,0.03295661136507988,54,38,0.03295661136507988
activity/deployment/final/token_cnn/s3301,token_cnn,3301,readout.3.weight,64,38,26,0.2892054617404938,54,38,0.2892054617404938
activity/deployment/final/token_cnn/s3301,token_cnn,3301,readout.3.bias,1,1,0,0.07168570160865784,1,1,0.07168570160865784
activity/deployment/final/token_cnn/s4409,token_cnn,4409,embed.weight,2976,1674,1302,0.305907279253006,1677,1674,0.305907279253006
activity/deployment/final/token_cnn/s4409,token_cnn,4409,embed.bias,32,32,0,0.18278077244758606,32,32,0.18278077244758606
activity/deployment/final/token_cnn/s4409,token_cnn,4409,layers.0.weight,3072,2976,96,0.08737193793058395,2976,2976,0.08737193793058395
activity/deployment/final/token_cnn/s4409,token_cnn,4409,layers.0.bias,32,31,1,0.0835581123828888,31,31,0.0835581123828888
activity/deployment/final/token_cnn/s4409,token_cnn,4409,layers.3.weight,3072,2418,654,0.12242906540632248,2629,2418,0.12242906540632248
activity/deployment/final/token_cnn/s4409,token_cnn,4409,layers.3.bias,32,26,6,0.12680459022521973,29,26,0.12680459022521973
activity/deployment/final/token_cnn/s4409,token_cnn,4409,readout.0.weight,131584,66400,65184,0.18905633687973022,85066,66400,0.18905633687973022
activity/deployment/final/token_cnn/s4409,token_cnn,4409,readout.0.bias,64,44,20,0.023814696818590164,59,44,0.023814696818590164
activity/deployment/final/token_cnn/s4409,token_cnn,4409,readout.3.weight,64,44,20,0.3378048241138458,59,44,0.3378048241138458
activity/deployment/final/token_cnn/s4409,token_cnn,4409,readout.3.bias,1,1,0,0.05920899286866188,1,1,0.05920899286866188
activity/deployment/final/token_cnn/s5519,token_cnn,5519,embed.weight,2976,1666,1310,0.2218794822692871,1665,1666,0.2218794822692871
activity/deployment/final/token_cnn/s5519,token_cnn,5519,embed.bias,32,32,0,0.12956160306930542,32,32,0.12956160306930542
activity/deployment/final/token_cnn/s5519,token_cnn,5519,layers.0.weight,3072,3069,3,0.022351102903485298,2955,3069,0.022351102903485298
activity/deployment/final/token_cnn/s5519,token_cnn,5519,layers.0.bias,32,32,0,0.02258249558508396,31,32,0.02258249558508396
activity/deployment/final/token_cnn/s5519,token_cnn,5519,layers.3.weight,3072,2205,867,0.04454449191689491,2525,2205,0.04454449191689491
activity/deployment/final/token_cnn/s5519,token_cnn,5519,layers.3.bias,32,23,9,0.0654023215174675,28,23,0.0654023215174675
activity/deployment/final/token_cnn/s5519,token_cnn,5519,readout.0.weight,131584,68804,62780,0.3068115711212158,86788,68804,0.3068115711212158
activity/deployment/final/token_cnn/s5519,token_cnn,5519,readout.0.bias,64,46,18,0.05606484040617943,59,46,0.05606484040617943
activity/deployment/final/token_cnn/s5519,token_cnn,5519,readout.3.weight,64,46,18,0.1955220103263855,59,46,0.1955220103263855
activity/deployment/final/token_cnn/s5519,token_cnn,5519,readout.3.bias,1,1,0,0.11294393986463547,1,1,0.11294393986463547
activity/deployment/final/token_cnn/s6637,token_cnn,6637,embed.weight,2976,1605,1371,1.1184684038162231,1605,1605,1.1184684038162231
activity/deployment/final/token_cnn/s6637,token_cnn,6637,embed.bias,32,31,1,0.7539463043212891,31,31,0.7539463043212891
activity/deployment/final/token_cnn/s6637,token_cnn,6637,layers.0.weight,3072,2790,282,0.35956376791000366,2814,2790,0.35956376791000366
activity/deployment/final/token_cnn/s6637,token_cnn,6637,layers.0.bias,32,30,2,0.40368613600730896,31,30,0.40368613600730896
activity/deployment/final/token_cnn/s6637,token_cnn,6637,layers.3.weight,3072,2070,1002,0.3320997357368469,2329,2070,0.3320997357368469
activity/deployment/final/token_cnn/s6637,token_cnn,6637,layers.3.bias,32,23,9,0.5350796580314636,26,23,0.5350796580314636
activity/deployment/final/token_cnn/s6637,token_cnn,6637,readout.0.weight,131584,62082,69502,0.7284711003303528,85513,62082,0.7284711003303528
activity/deployment/final/token_cnn/s6637,token_cnn,6637,readout.0.bias,64,42,22,0.13531571626663208,61,42,0.13531571626663208
activity/deployment/final/token_cnn/s6637,token_cnn,6637,readout.3.weight,64,42,22,0.5399847030639648,61,42,0.5399847030639648
activity/deployment/final/token_cnn/s6637,token_cnn,6637,readout.3.bias,1,1,0,0.2647145092487335,1,1,0.2647145092487335
activity/deployment/final/token_cnn/s7753,token_cnn,7753,embed.weight,2976,1567,1409,0.5186759233474731,1562,1567,0.5186759233474731
activity/deployment/final/token_cnn/s7753,token_cnn,7753,embed.bias,32,32,0,0.34632834792137146,32,32,0.34632834792137146
activity/deployment/final/token_cnn/s7753,token_cnn,7753,layers.0.weight,3072,2784,288,0.17271214723587036,2841,2784,0.17271214723587036
activity/deployment/final/token_cnn/s7753,token_cnn,7753,layers.0.bias,32,29,3,0.21409693360328674,30,29,0.21409693360328674
activity/deployment/final/token_cnn/s7753,token_cnn,7753,layers.3.weight,3072,2259,813,0.19213572144508362,2496,2259,0.19213572144508362
activity/deployment/final/token_cnn/s7753,token_cnn,7753,layers.3.bias,32,26,6,0.28976425528526306,28,26,0.28976425528526306
activity/deployment/final/token_cnn/s7753,token_cnn,7753,readout.0.weight,131584,59134,72450,0.36534082889556885,79039,59134,0.36534082889556885
activity/deployment/final/token_cnn/s7753,token_cnn,7753,readout.0.bias,64,39,25,0.07276035845279694,56,39,0.07276035845279694
activity/deployment/final/token_cnn/s7753,token_cnn,7753,readout.3.weight,64,39,25,0.3281535506248474,56,39,0.3281535506248474
activity/deployment/final/token_cnn/s7753,token_cnn,7753,readout.3.bias,1,1,0,0.1529533863067627,1,1,0.1529533863067627
activity/deployment/final/token_cnn/s8867,token_cnn,8867,embed.weight,2976,1716,1260,0.3590330183506012,1719,1716,0.3590330183506012
activity/deployment/final/token_cnn/s8867,token_cnn,8867,embed.bias,32,32,0,0.22890470921993256,32,32,0.22890470921993256
activity/deployment/final/token_cnn/s8867,token_cnn,8867,layers.0.weight,3072,3072,0,0.11363968998193741,3070,3072,0.11363968998193741
activity/deployment/final/token_cnn/s8867,token_cnn,8867,layers.0.bias,32,32,0,0.09213392436504364,32,32,0.09213392436504364
activity/deployment/final/token_cnn/s8867,token_cnn,8867,layers.3.weight,3072,2583,489,0.12013127654790878,2836,2583,0.12013127654790878
activity/deployment/final/token_cnn/s8867,token_cnn,8867,layers.3.bias,32,27,5,0.1288154572248459,30,27,0.1288154572248459
activity/deployment/final/token_cnn/s8867,token_cnn,8867,readout.0.weight,131584,47647,83937,0.2855547070503235,79688,47647,0.2855547070503235
activity/deployment/final/token_cnn/s8867,token_cnn,8867,readout.0.bias,64,31,33,0.038198020309209824,54,31,0.038198020309209824
activity/deployment/final/token_cnn/s8867,token_cnn,8867,readout.3.weight,64,31,33,0.3404679000377655,54,31,0.3404679000377655
activity/deployment/final/token_cnn/s8867,token_cnn,8867,readout.3.bias,1,1,0,0.08043306320905685,1,1,0.08043306320905685
activity/deployment/final/token_cnn/s9973,token_cnn,9973,embed.weight,2976,1672,1304,0.8676256537437439,1671,1672,0.8676256537437439
activity/deployment/final/token_cnn/s9973,token_cnn,9973,embed.bias,32,32,0,0.5869765877723694,32,32,0.5869765877723694
activity/deployment/final/token_cnn/s9973,token_cnn,9973,layers.0.weight,3072,2976,96,0.38115447759628296,2971,2976,0.38115447759628296
activity/deployment/final/token_cnn/s9973,token_cnn,9973,layers.0.bias,32,31,1,0.33756279945373535,31,31,0.33756279945373535
activity/deployment/final/token_cnn/s9973,token_cnn,9973,layers.3.weight,3072,2325,747,0.28912150859832764,2613,2325,0.28912150859832764
activity/deployment/final/token_cnn/s9973,token_cnn,9973,layers.3.bias,32,25,7,0.482194185256958,29,25,0.482194185256958
activity/deployment/final/token_cnn/s9973,token_cnn,9973,readout.0.weight,131584,59880,71704,0.7708423733711243,77239,59880,0.7708423733711243
activity/deployment/final/token_cnn/s9973,token_cnn,9973,readout.0.bias,64,40,24,0.11526253074407578,54,40,0.11526253074407578
activity/deployment/final/token_cnn/s9973,token_cnn,9973,readout.3.weight,64,40,24,0.38763198256492615,54,40,0.38763198256492615
activity/deployment/final/token_cnn/s9973,token_cnn,9973,readout.3.bias,1,1,0,0.19515137374401093,1,1,0.19515137374401093
activity/outer0/final/corrected_gnn/s11027,corrected_gnn,11027,embed.weight,2976,1383,1593,0.5622177720069885,1388,1383,0.5622177720069885
activity/outer0/final/corrected_gnn/s11027,corrected_gnn,11027,embed.bias,32,32,0,0.2741914689540863,32,32,0.2741914689540863
activity/outer0/final/corrected_gnn/s11027,corrected_gnn,11027,self_layers.0.weight,1024,694,330,0.10268516838550568,695,694,0.10268516838550568
activity/outer0/final/corrected_gnn/s11027,corrected_gnn,11027,self_layers.0.bias,32,22,10,0.2219170480966568,22,22,0.2219170480966568
activity/outer0/final/corrected_gnn/s11027,corrected_gnn,11027,self_layers.1.weight,1024,1024,0,0.09995972365140915,1024,1024,0.09995972365140915
activity/outer0/final/corrected_gnn/s11027,corrected_gnn,11027,self_layers.1.bias,32,32,0,0.018058057874441147,32,32,0.018058057874441147
activity/outer0/final/corrected_gnn/s11027,corrected_gnn,11027,norms.0.weight,32,32,0,0.02881385013461113,32,32,0.02881385013461113
activity/outer0/final/corrected_gnn/s11027,corrected_gnn,11027,norms.0.bias,32,32,0,0.025501249358057976,32,32,0.025501249358057976
activity/outer0/final/corrected_gnn/s11027,corrected_gnn,11027,norms.1.weight,32,32,0,0.0347360335290432,32,32,0.0347360335290432
activity/outer0/final/corrected_gnn/s11027,corrected_gnn,11027,norms.1.bias,32,32,0,0.017607254907488823,32,32,0.017607254907488823
activity/outer0/final/corrected_gnn/s11027,corrected_gnn,11027,message_weights.0,8192,2414,5778,0.06163507699966431,2430,2414,0.06163507699966431
activity/outer0/final/corrected_gnn/s11027,corrected_gnn,11027,message_weights.1,8192,3744,4448,0.06116297468543053,3872,3744,0.06116297468543053
activity/outer0/final/corrected_gnn/s11027,corrected_gnn,11027,readout.0.weight,131584,65601,65983,1.4799542427062988,96960,65601,1.4799542427062988
activity/outer0/final/corrected_gnn/s11027,corrected_gnn,11027,readout.0.bias,64,43,21,0.03760276362299919,64,43,0.03760276362299919
activity/outer0/final/corrected_gnn/s11027,corrected_gnn,11027,readout.3.weight,64,43,21,0.4960886240005493,64,43,0.4960886240005493
activity/outer0/final/corrected_gnn/s11027,corrected_gnn,11027,readout.3.bias,1,1,0,0.09551556408405304,1,1,0.09551556408405304
activity/outer0/final/corrected_gnn/s1103,corrected_gnn,1103,embed.weight,2976,1466,1510,0.2724386155605316,1469,1466,0.2724386155605316
activity/outer0/final/corrected_gnn/s1103,corrected_gnn,1103,embed.bias,32,32,0,0.12517865002155304,32,32,0.12517865002155304
activity/outer0/final/corrected_gnn/s1103,corrected_gnn,1103,self_layers.0.weight,1024,713,311,0.05393727868795395,718,713,0.05393727868795395
activity/outer0/final/corrected_gnn/s1103,corrected_gnn,1103,self_layers.0.bias,32,23,9,0.09483825415372849,23,23,0.09483825415372849
activity/outer0/final/corrected_gnn/s1103,corrected_gnn,1103,self_layers.1.weight,1024,1024,0,0.04041117802262306,1024,1024,0.04041117802262306
activity/outer0/final/corrected_gnn/s1103,corrected_gnn,1103,self_layers.1.bias,32,32,0,0.006152252200990915,32,32,0.006152252200990915
activity/outer0/final/corrected_gnn/s1103,corrected_gnn,1103,norms.0.weight,32,32,0,0.013521281071007252,32,32,0.013521281071007252
activity/outer0/final/corrected_gnn/s1103,corrected_gnn,1103,norms.0.bias,32,32,0,0.014515100978314877,32,32,0.014515100978314877
activity/outer0/final/corrected_gnn/s1103,corrected_gnn,1103,norms.1.weight,32,32,0,0.013174282386898994,32,32,0.013174282386898994
activity/outer0/final/corrected_gnn/s1103,corrected_gnn,1103,norms.1.bias,32,32,0,0.009975986555218697,32,32,0.009975986555218697
activity/outer0/final/corrected_gnn/s1103,corrected_gnn,1103,message_weights.0,8192,2403,5789,0.031798847019672394,2439,2403,0.031798847019672394
activity/outer0/final/corrected_gnn/s1103,corrected_gnn,1103,message_weights.1,8192,3680,4512,0.02432001568377018,3936,3680,0.02432001568377018
activity/outer0/final/corrected_gnn/s1103,corrected_gnn,1103,readout.0.weight,131584,74515,57069,0.6046186685562134,96768,74515,0.6046186685562134
activity/outer0/final/corrected_gnn/s1103,corrected_gnn,1103,readout.0.bias,64,49,15,0.014112199656665325,64,49,0.014112199656665325
activity/outer0/final/corrected_gnn/s1103,corrected_gnn,1103,readout.3.weight,64,49,15,0.1381848007440567,64,49,0.1381848007440567
activity/outer0/final/corrected_gnn/s1103,corrected_gnn,1103,readout.3.bias,1,1,0,0.01818535290658474,1,1,0.01818535290658474
activity/outer0/final/corrected_gnn/s2207,corrected_gnn,2207,embed.weight,2976,1423,1553,1.5075708627700806,1428,1423,1.5075708627700806
activity/outer0/final/corrected_gnn/s2207,corrected_gnn,2207,embed.bias,32,31,1,0.8340161442756653,31,31,0.8340161442756653
activity/outer0/final/corrected_gnn/s2207,corrected_gnn,2207,self_layers.0.weight,1024,739,285,0.2583024203777313,739,739,0.2583024203777313
activity/outer0/final/corrected_gnn/s2207,corrected_gnn,2207,self_layers.0.bias,32,24,8,0.48468393087387085,24,24,0.48468393087387085
activity/outer0/final/corrected_gnn/s2207,corrected_gnn,2207,self_layers.1.weight,1024,1024,0,0.19768404960632324,1024,1024,0.19768404960632324
activity/outer0/final/corrected_gnn/s2207,corrected_gnn,2207,self_layers.1.bias,32,32,0,0.04179134964942932,32,32,0.04179134964942932
activity/outer0/final/corrected_gnn/s2207,corrected_gnn,2207,norms.0.weight,32,32,0,0.07061532884836197,32,32,0.07061532884836197
activity/outer0/final/corrected_gnn/s2207,corrected_gnn,2207,norms.0.bias,32,32,0,0.08569731563329697,32,32,0.08569731563329697
activity/outer0/final/corrected_gnn/s2207,corrected_gnn,2207,norms.1.weight,32,32,0,0.06418267637491226,32,32,0.06418267637491226
activity/outer0/final/corrected_gnn/s2207,corrected_gnn,2207,norms.1.bias,32,32,0,0.08092129230499268,32,32,0.08092129230499268
activity/outer0/final/corrected_gnn/s2207,corrected_gnn,2207,message_weights.0,8192,2569,5623,0.1566484272480011,2570,2569,0.1566484272480011
activity/outer0/final/corrected_gnn/s2207,corrected_gnn,2207,message_weights.1,8192,3872,4320,0.11927168071269989,4000,3872,0.11927168071269989
activity/outer0/final/corrected_gnn/s2207,corrected_gnn,2207,readout.0.weight,131584,74291,57293,2.460158348083496,95997,74291,2.460158348083496
activity/outer0/final/corrected_gnn/s2207,corrected_gnn,2207,readout.0.bias,64,49,15,0.07153590768575668,63,49,0.07153590768575668
activity/outer0/final/corrected_gnn/s2207,corrected_gnn,2207,readout.3.weight,64,49,15,0.765397846698761,63,49,0.765397846698761
activity/outer0/final/corrected_gnn/s2207,corrected_gnn,2207,readout.3.bias,1,1,0,0.164756640791893,1,1,0.164756640791893
activity/outer0/final/corrected_gnn/s3301,corrected_gnn,3301,embed.weight,2976,1422,1554,0.8627001047134399,1429,1422,0.8627001047134399
activity/outer0/final/corrected_gnn/s3301,corrected_gnn,3301,embed.bias,32,32,0,0.5144147276878357,32,32,0.5144147276878357
activity/outer0/final/corrected_gnn/s3301,corrected_gnn,3301,self_layers.0.weight,1024,840,184,0.23640239238739014,853,840,0.23640239238739014
activity/outer0/final/corrected_gnn/s3301,corrected_gnn,3301,self_layers.0.bias,32,27,5,0.409153550863266,28,27,0.409153550863266
activity/outer0/final/corrected_gnn/s3301,corrected_gnn,3301,self_layers.1.weight,1024,1024,0,0.21347816288471222,1024,1024,0.21347816288471222
activity/outer0/final/corrected_gnn/s3301,corrected_gnn,3301,self_layers.1.bias,32,32,0,0.04498912766575813,32,32,0.04498912766575813
activity/outer0/final/corrected_gnn/s3301,corrected_gnn,3301,norms.0.weight,32,32,0,0.041250504553318024,32,32,0.041250504553318024
activity/outer0/final/corrected_gnn/s3301,corrected_gnn,3301,norms.0.bias,32,32,0,0.06619173288345337,32,32,0.06619173288345337
activity/outer0/final/corrected_gnn/s3301,corrected_gnn,3301,norms.1.weight,32,32,0,0.03415771573781967,32,32,0.03415771573781967
activity/outer0/final/corrected_gnn/s3301,corrected_gnn,3301,norms.1.bias,32,32,0,0.06312507390975952,32,32,0.06312507390975952
activity/outer0/final/corrected_gnn/s3301,corrected_gnn,3301,message_weights.0,8192,2950,5242,0.14525426924228668,2984,2950,0.14525426924228668
activity/outer0/final/corrected_gnn/s3301,corrected_gnn,3301,message_weights.1,8192,3712,4480,0.12610095739364624,3904,3712,0.12610095739364624
activity/outer0/final/corrected_gnn/s3301,corrected_gnn,3301,readout.0.weight,131584,70026,61558,2.2552402019500732,95677,70026,2.2552402019500732
activity/outer0/final/corrected_gnn/s3301,corrected_gnn,3301,readout.0.bias,64,46,18,0.06699329614639282,63,46,0.06699329614639282
activity/outer0/final/corrected_gnn/s3301,corrected_gnn,3301,readout.3.weight,64,46,18,0.588148295879364,63,46,0.588148295879364
activity/outer0/final/corrected_gnn/s3301,corrected_gnn,3301,readout.3.bias,1,1,0,0.15974144637584686,1,1,0.15974144637584686
activity/outer0/final/corrected_gnn/s4409,corrected_gnn,4409,embed.weight,2976,1460,1516,0.7613306641578674,1460,1460,0.7613306641578674
activity/outer0/final/corrected_gnn/s4409,corrected_gnn,4409,embed.bias,32,32,0,0.41698575019836426,32,32,0.41698575019836426
activity/outer0/final/corrected_gnn/s4409,corrected_gnn,4409,self_layers.0.weight,1024,862,162,0.14960438013076782,864,862,0.14960438013076782
activity/outer0/final/corrected_gnn/s4409,corrected_gnn,4409,self_layers.0.bias,32,28,4,0.30702459812164307,28,28,0.30702459812164307
activity/outer0/final/corrected_gnn/s4409,corrected_gnn,4409,self_layers.1.weight,1024,1024,0,0.10407507419586182,1024,1024,0.10407507419586182
activity/outer0/final/corrected_gnn/s4409,corrected_gnn,4409,self_layers.1.bias,32,32,0,0.022967947646975517,32,32,0.022967947646975517
activity/outer0/final/corrected_gnn/s4409,corrected_gnn,4409,norms.0.weight,32,32,0,0.031379882246255875,32,32,0.031379882246255875
activity/outer0/final/corrected_gnn/s4409,corrected_gnn,4409,norms.0.bias,32,32,0,0.04567883908748627,32,32,0.04567883908748627
activity/outer0/final/corrected_gnn/s4409,corrected_gnn,4409,norms.1.weight,32,32,0,0.02344178594648838,32,32,0.02344178594648838
activity/outer0/final/corrected_gnn/s4409,corrected_gnn,4409,norms.1.bias,32,32,0,0.03356658294796944,32,32,0.03356658294796944
activity/outer0/final/corrected_gnn/s4409,corrected_gnn,4409,message_weights.0,8192,2927,5265,0.0925251692533493,2977,2927,0.0925251692533493
activity/outer0/final/corrected_gnn/s4409,corrected_gnn,4409,message_weights.1,8192,3840,4352,0.061986442655324936,3936,3840,0.061986442655324936
activity/outer0/final/corrected_gnn/s4409,corrected_gnn,4409,readout.0.weight,131584,78908,52676,1.1576215028762817,95869,78908,1.1576215028762817
activity/outer0/final/corrected_gnn/s4409,corrected_gnn,4409,readout.0.bias,64,52,12,0.03266244754195213,63,52,0.03266244754195213
activity/outer0/final/corrected_gnn/s4409,corrected_gnn,4409,readout.3.weight,64,52,12,0.33813175559043884,63,52,0.33813175559043884
activity/outer0/final/corrected_gnn/s4409,corrected_gnn,4409,readout.3.bias,1,1,0,0.07379557937383652,1,1,0.07379557937383652
activity/outer0/final/corrected_gnn/s5519,corrected_gnn,5519,embed.weight,2976,1477,1499,0.7155830264091492,1485,1477,0.7155830264091492
activity/outer0/final/corrected_gnn/s5519,corrected_gnn,5519,embed.bias,32,32,0,0.36510998010635376,32,32,0.36510998010635376
activity/outer0/final/corrected_gnn/s5519,corrected_gnn,5519,self_layers.0.weight,1024,718,306,0.15022243559360504,724,718,0.15022243559360504
activity/outer0/final/corrected_gnn/s5519,corrected_gnn,5519,self_layers.0.bias,32,23,9,0.26093578338623047,23,23,0.26093578338623047
activity/outer0/final/corrected_gnn/s5519,corrected_gnn,5519,self_layers.1.weight,1024,1024,0,0.14578719437122345,1024,1024,0.14578719437122345
activity/outer0/final/corrected_gnn/s5519,corrected_gnn,5519,self_layers.1.bias,32,32,0,0.02743404358625412,32,32,0.02743404358625412
activity/outer0/final/corrected_gnn/s5519,corrected_gnn,5519,norms.0.weight,32,32,0,0.03239210322499275,32,32,0.03239210322499275
activity/outer0/final/corrected_gnn/s5519,corrected_gnn,5519,norms.0.bias,32,32,0,0.04745380952954292,32,32,0.04745380952954292
activity/outer0/final/corrected_gnn/s5519,corrected_gnn,5519,norms.1.weight,32,32,0,0.036427050828933716,32,32,0.036427050828933716
activity/outer0/final/corrected_gnn/s5519,corrected_gnn,5519,norms.1.bias,32,32,0,0.0458141565322876,32,32,0.0458141565322876
activity/outer0/final/corrected_gnn/s5519,corrected_gnn,5519,message_weights.0,8192,2486,5706,0.08390873670578003,2522,2486,0.08390873670578003
activity/outer0/final/corrected_gnn/s5519,corrected_gnn,5519,message_weights.1,8192,3712,4480,0.08333241194486618,3904,3712,0.08333241194486618
activity/outer0/final/corrected_gnn/s5519,corrected_gnn,5519,readout.0.weight,131584,64254,67330,2.0386857986450195,92151,64254,2.0386857986450195
activity/outer0/final/corrected_gnn/s5519,corrected_gnn,5519,readout.0.bias,64,42,22,0.0564403161406517,61,42,0.0564403161406517
activity/outer0/final/corrected_gnn/s5519,corrected_gnn,5519,readout.3.weight,64,42,22,0.5548408031463623,61,42,0.5548408031463623
activity/outer0/final/corrected_gnn/s5519,corrected_gnn,5519,readout.3.bias,1,1,0,0.12856639921665192,1,1,0.12856639921665192
activity/outer0/final/corrected_gnn/s6637,corrected_gnn,6637,embed.weight,2976,1294,1682,0.4744616746902466,1308,1294,0.4744616746902466
activity/outer0/final/corrected_gnn/s6637,corrected_gnn,6637,embed.bias,32,31,1,0.2760677933692932,31,31,0.2760677933692932
activity/outer0/final/corrected_gnn/s6637,corrected_gnn,6637,self_layers.0.weight,1024,813,211,0.09485761821269989,814,813,0.09485761821269989
activity/outer0/final/corrected_gnn/s6637,corrected_gnn,6637,self_layers.0.bias,32,27,5,0.19509164988994598,27,27,0.19509164988994598
activity/outer0/final/corrected_gnn/s6637,corrected_gnn,6637,self_layers.1.weight,1024,1024,0,0.08940517157316208,1024,1024,0.08940517157316208
activity/outer0/final/corrected_gnn/s6637,corrected_gnn,6637,self_layers.1.bias,32,32,0,0.018649477511644363,32,32,0.018649477511644363
activity/outer0/final/corrected_gnn/s6637,corrected_gnn,6637,norms.0.weight,32,32,0,0.02353324554860592,32,32,0.02353324554860592
activity/outer0/final/corrected_gnn/s6637,corrected_gnn,6637,norms.0.bias,32,32,0,0.03301288187503815,32,32,0.03301288187503815
activity/outer0/final/corrected_gnn/s6637,corrected_gnn,6637,norms.1.weight,32,32,0,0.021805426105856895,32,32,0.021805426105856895
activity/outer0/final/corrected_gnn/s6637,corrected_gnn,6637,norms.1.bias,32,32,0,0.03227405622601509,32,32,0.03227405622601509
activity/outer0/final/corrected_gnn/s6637,corrected_gnn,6637,message_weights.0,8192,2815,5377,0.05702900141477585,2837,2815,0.05702900141477585
activity/outer0/final/corrected_gnn/s6637,corrected_gnn,6637,message_weights.1,8192,3808,4384,0.05230890214443207,3872,3808,0.05230890214443207
activity/outer0/final/corrected_gnn/s6637,corrected_gnn,6637,readout.0.weight,131584,71597,59987,1.082822561264038,97408,71597,1.082822561264038
activity/outer0/final/corrected_gnn/s6637,corrected_gnn,6637,readout.0.bias,64,47,17,0.031225325539708138,64,47,0.031225325539708138
activity/outer0/final/corrected_gnn/s6637,corrected_gnn,6637,readout.3.weight,64,47,17,0.3477383553981781,64,47,0.3477383553981781
activity/outer0/final/corrected_gnn/s6637,corrected_gnn,6637,readout.3.bias,1,1,0,0.08364434540271759,1,1,0.08364434540271759
activity/outer0/final/corrected_gnn/s7753,corrected_gnn,7753,embed.weight,2976,1326,1650,0.5380021929740906,1331,1326,0.5380021929740906
activity/outer0/final/corrected_gnn/s7753,corrected_gnn,7753,embed.bias,32,32,0,0.23540568351745605,32,32,0.23540568351745605
activity/outer0/final/corrected_gnn/s7753,corrected_gnn,7753,self_layers.0.weight,1024,822,202,0.10271093249320984,839,822,0.10271093249320984
activity/outer0/final/corrected_gnn/s7753,corrected_gnn,7753,self_layers.0.bias,32,26,6,0.2523287236690521,27,26,0.2523287236690521
activity/outer0/final/corrected_gnn/s7753,corrected_gnn,7753,self_layers.1.weight,1024,1024,0,0.07425469160079956,1024,1024,0.07425469160079956
activity/outer0/final/corrected_gnn/s7753,corrected_gnn,7753,self_layers.1.bias,32,32,0,0.01257630717009306,32,32,0.01257630717009306
activity/outer0/final/corrected_gnn/s7753,corrected_gnn,7753,norms.0.weight,32,32,0,0.022228069603443146,32,32,0.022228069603443146
activity/outer0/final/corrected_gnn/s7753,corrected_gnn,7753,norms.0.bias,32,32,0,0.023012418299913406,32,32,0.023012418299913406
activity/outer0/final/corrected_gnn/s7753,corrected_gnn,7753,norms.1.weight,32,32,0,0.022975070402026176,32,32,0.022975070402026176
activity/outer0/final/corrected_gnn/s7753,corrected_gnn,7753,norms.1.bias,32,32,0,0.022433515638113022,32,32,0.022433515638113022
activity/outer0/final/corrected_gnn/s7753,corrected_gnn,7753,message_weights.0,8192,2863,5329,0.06209417060017586,2917,2863,0.06209417060017586
activity/outer0/final/corrected_gnn/s7753,corrected_gnn,7753,message_weights.1,8192,3776,4416,0.045674879103899,3872,3776,0.045674879103899
activity/outer0/final/corrected_gnn/s7753,corrected_gnn,7753,readout.0.weight,131584,79388,52196,1.2136534452438354,95933,79388,1.2136534452438354
activity/outer0/final/corrected_gnn/s7753,corrected_gnn,7753,readout.0.bias,64,52,12,0.030784497037529945,63,52,0.030784497037529945
activity/outer0/final/corrected_gnn/s7753,corrected_gnn,7753,readout.3.weight,64,52,12,0.24629537761211395,63,52,0.24629537761211395
activity/outer0/final/corrected_gnn/s7753,corrected_gnn,7753,readout.3.bias,1,1,0,0.05980798602104187,1,1,0.05980798602104187
activity/outer0/final/corrected_gnn/s8867,corrected_gnn,8867,embed.weight,2976,1456,1520,0.2697742283344269,1462,1456,0.2697742283344269
activity/outer0/final/corrected_gnn/s8867,corrected_gnn,8867,embed.bias,32,32,0,0.0948023721575737,32,32,0.0948023721575737
activity/outer0/final/corrected_gnn/s8867,corrected_gnn,8867,self_layers.0.weight,1024,836,188,0.051703862845897675,862,836,0.051703862845897675
activity/outer0/final/corrected_gnn/s8867,corrected_gnn,8867,self_layers.0.bias,32,27,5,0.05780212953686714,28,27,0.05780212953686714
activity/outer0/final/corrected_gnn/s8867,corrected_gnn,8867,self_layers.1.weight,1024,1024,0,0.05110913887619972,1024,1024,0.05110913887619972
activity/outer0/final/corrected_gnn/s8867,corrected_gnn,8867,self_layers.1.bias,32,32,0,0.007434484548866749,32,32,0.007434484548866749
activity/outer0/final/corrected_gnn/s8867,corrected_gnn,8867,norms.0.weight,32,32,0,0.014085138216614723,32,32,0.014085138216614723
activity/outer0/final/corrected_gnn/s8867,corrected_gnn,8867,norms.0.bias,32,32,0,0.011131500825285912,32,32,0.011131500825285912
activity/outer0/final/corrected_gnn/s8867,corrected_gnn,8867,norms.1.weight,32,32,0,0.013204628601670265,32,32,0.013204628601670265
activity/outer0/final/corrected_gnn/s8867,corrected_gnn,8867,norms.1.bias,32,32,0,0.0067171622067689896,32,32,0.0067171622067689896
activity/outer0/final/corrected_gnn/s8867,corrected_gnn,8867,message_weights.0,8192,2869,5323,0.031151296570897102,2946,2869,0.031151296570897102
activity/outer0/final/corrected_gnn/s8867,corrected_gnn,8867,message_weights.1,8192,3680,4512,0.029300497844815254,3808,3680,0.029300497844815254
activity/outer0/final/corrected_gnn/s8867,corrected_gnn,8867,readout.0.weight,131584,68615,62969,0.5459811687469482,91959,68615,0.5459811687469482
activity/outer0/final/corrected_gnn/s8867,corrected_gnn,8867,readout.0.bias,64,45,19,0.009872800670564175,61,45,0.009872800670564175
activity/outer0/final/corrected_gnn/s8867,corrected_gnn,8867,readout.3.weight,64,45,19,0.13122133910655975,61,45,0.13122133910655975
activity/outer0/final/corrected_gnn/s8867,corrected_gnn,8867,readout.3.bias,1,1,0,0.00037779659032821655,1,1,0.00037779659032821655
activity/outer0/final/corrected_gnn/s9973,corrected_gnn,9973,embed.weight,2976,1449,1527,0.6152597665786743,1451,1449,0.6152597665786743
activity/outer0/final/corrected_gnn/s9973,corrected_gnn,9973,embed.bias,32,32,0,0.372705340385437,32,32,0.372705340385437
activity/outer0/final/corrected_gnn/s9973,corrected_gnn,9973,self_layers.0.weight,1024,879,145,0.15731963515281677,877,879,0.15731963515281677
activity/outer0/final/corrected_gnn/s9973,corrected_gnn,9973,self_layers.0.bias,32,28,4,0.271930992603302,28,28,0.271930992603302
activity/outer0/final/corrected_gnn/s9973,corrected_gnn,9973,self_layers.1.weight,1024,1024,0,0.10662105679512024,1024,1024,0.10662105679512024
activity/outer0/final/corrected_gnn/s9973,corrected_gnn,9973,self_layers.1.bias,32,32,0,0.02285449579358101,32,32,0.02285449579358101
activity/outer0/final/corrected_gnn/s9973,corrected_gnn,9973,norms.0.weight,32,32,0,0.026415465399622917,32,32,0.026415465399622917
activity/outer0/final/corrected_gnn/s9973,corrected_gnn,9973,norms.0.bias,32,32,0,0.042029839009046555,32,32,0.042029839009046555
activity/outer0/final/corrected_gnn/s9973,corrected_gnn,9973,norms.1.weight,32,32,0,0.022998129948973656,32,32,0.022998129948973656
activity/outer0/final/corrected_gnn/s9973,corrected_gnn,9973,norms.1.bias,32,32,0,0.03766486048698425,32,32,0.03766486048698425
activity/outer0/final/corrected_gnn/s9973,corrected_gnn,9973,message_weights.0,8192,3100,5092,0.09563253819942474,3122,3100,0.09563253819942474
activity/outer0/final/corrected_gnn/s9973,corrected_gnn,9973,message_weights.1,8192,3840,4352,0.06363878399133682,4064,3840,0.06363878399133682
activity/outer0/final/corrected_gnn/s9973,corrected_gnn,9973,readout.0.weight,131584,73360,58224,1.4109443426132202,96736,73360,1.4109443426132202
activity/outer0/final/corrected_gnn/s9973,corrected_gnn,9973,readout.0.bias,64,48,16,0.041339047253131866,64,48,0.041339047253131866
activity/outer0/final/corrected_gnn/s9973,corrected_gnn,9973,readout.3.weight,64,48,16,0.42537322640419006,64,48,0.42537322640419006
activity/outer0/final/corrected_gnn/s9973,corrected_gnn,9973,readout.3.bias,1,1,0,0.091332346200943,1,1,0.091332346200943
activity/outer0/final/corrected_no_message/s11027,corrected_no_message,11027,embed.weight,2976,1385,1591,0.9215389490127563,2976,1385,0.9215389490127563
activity/outer0/final/corrected_no_message/s11027,corrected_no_message,11027,embed.bias,32,32,0,0.4906651973724365,32,32,0.4906651973724365
activity/outer0/final/corrected_no_message/s11027,corrected_no_message,11027,self_layers.0.weight,1024,675,349,0.19506603479385376,1024,675,0.19506603479385376
activity/outer0/final/corrected_no_message/s11027,corrected_no_message,11027,self_layers.0.bias,32,22,10,0.4781596064567566,32,22,0.4781596064567566
activity/outer0/final/corrected_no_message/s11027,corrected_no_message,11027,self_layers.1.weight,1024,1024,0,0.15200190246105194,1024,1024,0.15200190246105194
activity/outer0/final/corrected_no_message/s11027,corrected_no_message,11027,self_layers.1.bias,32,32,0,0.029690181836485863,32,32,0.029690181836485863
activity/outer0/final/corrected_no_message/s11027,corrected_no_message,11027,norms.0.weight,32,32,0,0.04693688452243805,32,32,0.04693688452243805
activity/outer0/final/corrected_no_message/s11027,corrected_no_message,11027,norms.0.bias,32,32,0,0.05884445831179619,32,32,0.05884445831179619
activity/outer0/final/corrected_no_message/s11027,corrected_no_message,11027,norms.1.weight,32,32,0,0.03735882416367531,32,32,0.03735882416367531
activity/outer0/final/corrected_no_message/s11027,corrected_no_message,11027,norms.1.bias,32,32,0,0.052647292613983154,32,32,0.052647292613983154
activity/outer0/final/corrected_no_message/s11027,corrected_no_message,11027,message_weights.0,8192,2354,5838,0.1162317544221878,8192,2354,0.1162317544221878
activity/outer0/final/corrected_no_message/s11027,corrected_no_message,11027,message_weights.1,8192,3712,4480,0.09333524852991104,8192,3712,0.09333524852991104
activity/outer0/final/corrected_no_message/s11027,corrected_no_message,11027,readout.0.weight,131584,48736,82848,2.5386438369750977,131584,48736,2.5386438369750977
activity/outer0/final/corrected_no_message/s11027,corrected_no_message,11027,readout.0.bias,64,32,32,0.08016305416822433,64,32,0.08016305416822433
activity/outer0/final/corrected_no_message/s11027,corrected_no_message,11027,readout.3.weight,64,32,32,0.957743227481842,64,32,0.957743227481842
activity/outer0/final/corrected_no_message/s11027,corrected_no_message,11027,readout.3.bias,1,1,0,0.2515753209590912,1,1,0.2515753209590912
activity/outer0/final/corrected_no_message/s1103,corrected_no_message,1103,embed.weight,2976,1473,1503,0.31873399019241333,2976,1473,0.31873399019241333
activity/outer0/final/corrected_no_message/s1103,corrected_no_message,1103,embed.bias,32,32,0,0.1301543265581131,32,32,0.1301543265581131
activity/outer0/final/corrected_no_message/s1103,corrected_no_message,1103,self_layers.0.weight,1024,668,356,0.05318370461463928,1024,668,0.05318370461463928
activity/outer0/final/corrected_no_message/s1103,corrected_no_message,1103,self_layers.0.bias,32,21,11,0.08886035531759262,32,21,0.08886035531759262
activity/outer0/final/corrected_no_message/s1103,corrected_no_message,1103,self_layers.1.weight,1024,1024,0,0.049413006752729416,1024,1024,0.049413006752729416
activity/outer0/final/corrected_no_message/s1103,corrected_no_message,1103,self_layers.1.bias,32,32,0,0.008368403650820255,32,32,0.008368403650820255
activity/outer0/final/corrected_no_message/s1103,corrected_no_message,1103,norms.0.weight,32,32,0,0.008171401917934418,32,32,0.008171401917934418
activity/outer0/final/corrected_no_message/s1103,corrected_no_message,1103,norms.0.bias,32,32,0,0.012586020864546299,32,32,0.012586020864546299
activity/outer0/final/corrected_no_message/s1103,corrected_no_message,1103,norms.1.weight,32,32,0,0.009842497296631336,32,32,0.009842497296631336
activity/outer0/final/corrected_no_message/s1103,corrected_no_message,1103,norms.1.bias,32,32,0,0.015533844009041786,32,32,0.015533844009041786
activity/outer0/final/corrected_no_message/s1103,corrected_no_message,1103,message_weights.0,8192,2293,5899,0.032517846673727036,8192,2293,0.032517846673727036
activity/outer0/final/corrected_no_message/s1103,corrected_no_message,1103,message_weights.1,8192,3744,4448,0.030167805030941963,8192,3744,0.030167805030941963
activity/outer0/final/corrected_no_message/s1103,corrected_no_message,1103,readout.0.weight,131584,56175,75409,0.705647349357605,131584,56175,0.705647349357605
activity/outer0/final/corrected_no_message/s1103,corrected_no_message,1103,readout.0.bias,64,37,27,0.018999263644218445,64,37,0.018999263644218445
activity/outer0/final/corrected_no_message/s1103,corrected_no_message,1103,readout.3.weight,64,37,27,0.23085403442382812,64,37,0.23085403442382812
activity/outer0/final/corrected_no_message/s1103,corrected_no_message,1103,readout.3.bias,1,1,0,0.052158623933792114,1,1,0.052158623933792114
activity/outer0/final/corrected_no_message/s2207,corrected_no_message,2207,embed.weight,2976,1420,1556,0.3132896423339844,2976,1420,0.3132896423339844
activity/outer0/final/corrected_no_message/s2207,corrected_no_message,2207,embed.bias,32,31,1,0.16319744288921356,32,31,0.16319744288921356
activity/outer0/final/corrected_no_message/s2207,corrected_no_message,2207,self_layers.0.weight,1024,769,255,0.05483098328113556,1024,769,0.05483098328113556
activity/outer0/final/corrected_no_message/s2207,corrected_no_message,2207,self_layers.0.bias,32,25,7,0.0889471247792244,32,25,0.0889471247792244
activity/outer0/final/corrected_no_message/s2207,corrected_no_message,2207,self_layers.1.weight,1024,1024,0,0.04390899837017059,1024,1024,0.04390899837017059
activity/outer0/final/corrected_no_message/s2207,corrected_no_message,2207,self_layers.1.bias,32,32,0,0.008068827912211418,32,32,0.008068827912211418
activity/outer0/final/corrected_no_message/s2207,corrected_no_message,2207,norms.0.weight,32,32,0,0.012599039822816849,32,32,0.012599039822816849
activity/outer0/final/corrected_no_message/s2207,corrected_no_message,2207,norms.0.bias,32,32,0,0.017462456598877907,32,32,0.017462456598877907
activity/outer0/final/corrected_no_message/s2207,corrected_no_message,2207,norms.1.weight,32,32,0,0.015274357050657272,32,32,0.015274357050657272
activity/outer0/final/corrected_no_message/s2207,corrected_no_message,2207,norms.1.bias,32,32,0,0.018912766128778458,32,32,0.018912766128778458
activity/outer0/final/corrected_no_message/s2207,corrected_no_message,2207,message_weights.0,8192,2635,5557,0.03358486294746399,8192,2635,0.03358486294746399
activity/outer0/final/corrected_no_message/s2207,corrected_no_message,2207,message_weights.1,8192,3904,4288,0.026778200641274452,8192,3904,0.026778200641274452
activity/outer0/final/corrected_no_message/s2207,corrected_no_message,2207,readout.0.weight,131584,54860,76724,0.6809571385383606,131584,54860,0.6809571385383606
activity/outer0/final/corrected_no_message/s2207,corrected_no_message,2207,readout.0.bias,64,36,28,0.017252953723073006,64,36,0.017252953723073006
activity/outer0/final/corrected_no_message/s2207,corrected_no_message,2207,readout.3.weight,64,36,28,0.27228713035583496,64,36,0.27228713035583496
activity/outer0/final/corrected_no_message/s2207,corrected_no_message,2207,readout.3.bias,1,1,0,0.04469725862145424,1,1,0.04469725862145424
activity/outer0/final/corrected_no_message/s3301,corrected_no_message,3301,embed.weight,2976,1413,1563,0.3253704905509949,2976,1413,0.3253704905509949
activity/outer0/final/corrected_no_message/s3301,corrected_no_message,3301,embed.bias,32,32,0,0.11647620797157288,32,32,0.11647620797157288
activity/outer0/final/corrected_no_message/s3301,corrected_no_message,3301,self_layers.0.weight,1024,804,220,0.06716311722993851,1024,804,0.06716311722993851
activity/outer0/final/corrected_no_message/s3301,corrected_no_message,3301,self_layers.0.bias,32,26,6,0.08425696939229965,32,26,0.08425696939229965
activity/outer0/final/corrected_no_message/s3301,corrected_no_message,3301,self_layers.1.weight,1024,1024,0,0.06506873667240143,1024,1024,0.06506873667240143
activity/outer0/final/corrected_no_message/s3301,corrected_no_message,3301,self_layers.1.bias,32,32,0,0.010635360144078732,32,32,0.010635360144078732
activity/outer0/final/corrected_no_message/s3301,corrected_no_message,3301,norms.0.weight,32,32,0,0.017110589891672134,32,32,0.017110589891672134
activity/outer0/final/corrected_no_message/s3301,corrected_no_message,3301,norms.0.bias,32,32,0,0.012698196806013584,32,32,0.012698196806013584
activity/outer0/final/corrected_no_message/s3301,corrected_no_message,3301,norms.1.weight,32,32,0,0.013885289430618286,32,32,0.013885289430618286
activity/outer0/final/corrected_no_message/s3301,corrected_no_message,3301,norms.1.bias,32,32,0,0.007667194120585918,32,32,0.007667194120585918
activity/outer0/final/corrected_no_message/s3301,corrected_no_message,3301,message_weights.0,8192,2775,5417,0.04026791825890541,8192,2775,0.04026791825890541
activity/outer0/final/corrected_no_message/s3301,corrected_no_message,3301,message_weights.1,8192,3808,4384,0.03911260515451431,8192,3808,0.03911260515451431
activity/outer0/final/corrected_no_message/s3301,corrected_no_message,3301,readout.0.weight,131584,51558,80026,0.6175981760025024,131584,51558,0.6175981760025024
activity/outer0/final/corrected_no_message/s3301,corrected_no_message,3301,readout.0.bias,64,34,30,0.013060029596090317,64,34,0.013060029596090317
activity/outer0/final/corrected_no_message/s3301,corrected_no_message,3301,readout.3.weight,64,34,30,0.10277413576841354,64,34,0.10277413576841354
activity/outer0/final/corrected_no_message/s3301,corrected_no_message,3301,readout.3.bias,1,1,0,0.0030369162559509277,1,1,0.0030369162559509277
activity/outer0/final/corrected_no_message/s4409,corrected_no_message,4409,embed.weight,2976,1455,1521,1.2365137338638306,2976,1455,1.2365137338638306
activity/outer0/final/corrected_no_message/s4409,corrected_no_message,4409,embed.bias,32,32,0,0.6974019408226013,32,32,0.6974019408226013
activity/outer0/final/corrected_no_message/s4409,corrected_no_message,4409,self_layers.0.weight,1024,828,196,0.23979024589061737,1024,828,0.23979024589061737
activity/outer0/final/corrected_no_message/s4409,corrected_no_message,4409,self_layers.0.bias,32,27,5,0.48214423656463623,32,27,0.48214423656463623
activity/outer0/final/corrected_no_message/s4409,corrected_no_message,4409,self_layers.1.weight,1024,1024,0,0.16138750314712524,1024,1024,0.16138750314712524
activity/outer0/final/corrected_no_message/s4409,corrected_no_message,4409,self_layers.1.bias,32,32,0,0.0375434011220932,32,32,0.0375434011220932
activity/outer0/final/corrected_no_message/s4409,corrected_no_message,4409,norms.0.weight,32,32,0,0.048425495624542236,32,32,0.048425495624542236
activity/outer0/final/corrected_no_message/s4409,corrected_no_message,4409,norms.0.bias,32,32,0,0.07576306164264679,32,32,0.07576306164264679
activity/outer0/final/corrected_no_message/s4409,corrected_no_message,4409,norms.1.weight,32,32,0,0.03491140902042389,32,32,0.03491140902042389
activity/outer0/final/corrected_no_message/s4409,corrected_no_message,4409,norms.1.bias,32,32,0,0.06479143351316452,32,32,0.06479143351316452
activity/outer0/final/corrected_no_message/s4409,corrected_no_message,4409,message_weights.0,8192,2755,5437,0.14129340648651123,8192,2755,0.14129340648651123
activity/outer0/final/corrected_no_message/s4409,corrected_no_message,4409,message_weights.1,8192,3904,4288,0.09529905021190643,8192,3904,0.09529905021190643
activity/outer0/final/corrected_no_message/s4409,corrected_no_message,4409,readout.0.weight,131584,57714,73870,1.5244922637939453,131584,57714,1.5244922637939453
activity/outer0/final/corrected_no_message/s4409,corrected_no_message,4409,readout.0.bias,64,38,26,0.04775943607091904,64,38,0.04775943607091904
activity/outer0/final/corrected_no_message/s4409,corrected_no_message,4409,readout.3.weight,64,38,26,0.6730175018310547,64,38,0.6730175018310547
activity/outer0/final/corrected_no_message/s4409,corrected_no_message,4409,readout.3.bias,1,1,0,0.16763940453529358,1,1,0.16763940453529358
activity/outer0/final/corrected_no_message/s5519,corrected_no_message,5519,embed.weight,2976,1474,1502,0.6068708300590515,2976,1474,0.6068708300590515
activity/outer0/final/corrected_no_message/s5519,corrected_no_message,5519,embed.bias,32,32,0,0.30021384358406067,32,32,0.30021384358406067
activity/outer0/final/corrected_no_message/s5519,corrected_no_message,5519,self_layers.0.weight,1024,723,301,0.1195441335439682,1024,723,0.1195441335439682
activity/outer0/final/corrected_no_message/s5519,corrected_no_message,5519,self_layers.0.bias,32,23,9,0.2039082944393158,32,23,0.2039082944393158
activity/outer0/final/corrected_no_message/s5519,corrected_no_message,5519,self_layers.1.weight,1024,1024,0,0.10516586899757385,1024,1024,0.10516586899757385
activity/outer0/final/corrected_no_message/s5519,corrected_no_message,5519,self_layers.1.bias,32,32,0,0.018675731495022774,32,32,0.018675731495022774
activity/outer0/final/corrected_no_message/s5519,corrected_no_message,5519,norms.0.weight,32,32,0,0.03310301527380943,32,32,0.03310301527380943
activity/outer0/final/corrected_no_message/s5519,corrected_no_message,5519,norms.0.bias,32,32,0,0.03246815875172615,32,32,0.03246815875172615
activity/outer0/final/corrected_no_message/s5519,corrected_no_message,5519,norms.1.weight,32,32,0,0.02894769236445427,32,32,0.02894769236445427
activity/outer0/final/corrected_no_message/s5519,corrected_no_message,5519,norms.1.bias,32,32,0,0.03040306083858013,32,32,0.03040306083858013
activity/outer0/final/corrected_no_message/s5519,corrected_no_message,5519,message_weights.0,8192,2459,5733,0.07113952189683914,8192,2459,0.07113952189683914
activity/outer0/final/corrected_no_message/s5519,corrected_no_message,5519,message_weights.1,8192,3712,4480,0.06287555396556854,8192,3712,0.06287555396556854
activity/outer0/final/corrected_no_message/s5519,corrected_no_message,5519,readout.0.weight,131584,27702,103882,1.7443779706954956,131584,27702,1.7443779706954956
activity/outer0/final/corrected_no_message/s5519,corrected_no_message,5519,readout.0.bias,64,18,46,0.046471841633319855,64,18,0.046471841633319855
activity/outer0/final/corrected_no_message/s5519,corrected_no_message,5519,readout.3.weight,64,18,46,0.8605104088783264,64,18,0.8605104088783264
activity/outer0/final/corrected_no_message/s5519,corrected_no_message,5519,readout.3.bias,1,1,0,0.1783333718776703,1,1,0.1783333718776703
activity/outer0/final/corrected_no_message/s6637,corrected_no_message,6637,embed.weight,2976,1291,1685,1.072017788887024,2976,1291,1.072017788887024
activity/outer0/final/corrected_no_message/s6637,corrected_no_message,6637,embed.bias,32,31,1,0.5848895907402039,32,31,0.5848895907402039
activity/outer0/final/corrected_no_message/s6637,corrected_no_message,6637,self_layers.0.weight,1024,798,226,0.1783113181591034,1024,798,0.1783113181591034
activity/outer0/final/corrected_no_message/s6637,corrected_no_message,6637,self_layers.0.bias,32,26,6,0.39633050560951233,32,26,0.39633050560951233
activity/outer0/final/corrected_no_message/s6637,corrected_no_message,6637,self_layers.1.weight,1024,1024,0,0.16842350363731384,1024,1024,0.16842350363731384
activity/outer0/final/corrected_no_message/s6637,corrected_no_message,6637,self_layers.1.bias,32,32,0,0.03571180999279022,32,32,0.03571180999279022
activity/outer0/final/corrected_no_message/s6637,corrected_no_message,6637,norms.0.weight,32,32,0,0.0405983030796051,32,32,0.0405983030796051
activity/outer0/final/corrected_no_message/s6637,corrected_no_message,6637,norms.0.bias,32,32,0,0.06402796506881714,32,32,0.06402796506881714
activity/outer0/final/corrected_no_message/s6637,corrected_no_message,6637,norms.1.weight,32,32,0,0.04381119832396507,32,32,0.04381119832396507
activity/outer0/final/corrected_no_message/s6637,corrected_no_message,6637,norms.1.bias,32,32,0,0.05751379206776619,32,32,0.05751379206776619
activity/outer0/final/corrected_no_message/s6637,corrected_no_message,6637,message_weights.0,8192,2750,5442,0.10773982852697372,8192,2750,0.10773982852697372
activity/outer0/final/corrected_no_message/s6637,corrected_no_message,6637,message_weights.1,8192,3840,4352,0.10004241019487381,8192,3840,0.10004241019487381
activity/outer0/final/corrected_no_message/s6637,corrected_no_message,6637,readout.0.weight,131584,60536,71048,1.796798825263977,131584,60536,1.796798825263977
activity/outer0/final/corrected_no_message/s6637,corrected_no_message,6637,readout.0.bias,64,40,24,0.05201537907123566,64,40,0.05201537907123566
activity/outer0/final/corrected_no_message/s6637,corrected_no_message,6637,readout.3.weight,64,40,24,0.5682562589645386,64,40,0.5682562589645386
activity/outer0/final/corrected_no_message/s6637,corrected_no_message,6637,readout.3.bias,1,1,0,0.14329750835895538,1,1,0.14329750835895538
activity/outer0/final/corrected_no_message/s7753,corrected_no_message,7753,embed.weight,2976,1321,1655,0.2546253204345703,2976,1321,0.2546253204345703
activity/outer0/final/corrected_no_message/s7753,corrected_no_message,7753,embed.bias,32,31,1,0.10789486765861511,32,31,0.10789486765861511
activity/outer0/final/corrected_no_message/s7753,corrected_no_message,7753,self_layers.0.weight,1024,828,196,0.05506400018930435,1024,828,0.05506400018930435
activity/outer0/final/corrected_no_message/s7753,corrected_no_message,7753,self_layers.0.bias,32,27,5,0.1257903128862381,32,27,0.1257903128862381
activity/outer0/final/corrected_no_message/s7753,corrected_no_message,7753,self_layers.1.weight,1024,1024,0,0.043408092111349106,1024,1024,0.043408092111349106
activity/outer0/final/corrected_no_message/s7753,corrected_no_message,7753,self_layers.1.bias,32,32,0,0.008655552752315998,32,32,0.008655552752315998
activity/outer0/final/corrected_no_message/s7753,corrected_no_message,7753,norms.0.weight,32,32,0,0.012960231862962246,32,32,0.012960231862962246
activity/outer0/final/corrected_no_message/s7753,corrected_no_message,7753,norms.0.bias,32,32,0,0.012450272217392921,32,32,0.012450272217392921
activity/outer0/final/corrected_no_message/s7753,corrected_no_message,7753,norms.1.weight,32,32,0,0.016688257455825806,32,32,0.016688257455825806
activity/outer0/final/corrected_no_message/s7753,corrected_no_message,7753,norms.1.bias,32,32,0,0.008335539139807224,32,32,0.008335539139807224
activity/outer0/final/corrected_no_message/s7753,corrected_no_message,7753,message_weights.0,8192,2879,5313,0.03407090902328491,8192,2879,0.03407090902328491
activity/outer0/final/corrected_no_message/s7753,corrected_no_message,7753,message_weights.1,8192,3776,4416,0.027255602180957794,8192,3776,0.027255602180957794
activity/outer0/final/corrected_no_message/s7753,corrected_no_message,7753,readout.0.weight,131584,62587,68997,0.5292662978172302,131584,62587,0.5292662978172302
activity/outer0/final/corrected_no_message/s7753,corrected_no_message,7753,readout.0.bias,64,41,23,0.010587995871901512,64,41,0.010587995871901512
activity/outer0/final/corrected_no_message/s7753,corrected_no_message,7753,readout.3.weight,64,41,23,0.19995982944965363,64,41,0.19995982944965363
activity/outer0/final/corrected_no_message/s7753,corrected_no_message,7753,readout.3.bias,1,1,0,0.01727762632071972,1,1,0.01727762632071972
activity/outer0/final/corrected_no_message/s8867,corrected_no_message,8867,embed.weight,2976,1453,1523,0.710115373134613,2976,1453,0.710115373134613
activity/outer0/final/corrected_no_message/s8867,corrected_no_message,8867,embed.bias,32,32,0,0.36554956436157227,32,32,0.36554956436157227
activity/outer0/final/corrected_no_message/s8867,corrected_no_message,8867,self_layers.0.weight,1024,796,228,0.16115111112594604,1024,796,0.16115111112594604
activity/outer0/final/corrected_no_message/s8867,corrected_no_message,8867,self_layers.0.bias,32,26,6,0.2067200243473053,32,26,0.2067200243473053
activity/outer0/final/corrected_no_message/s8867,corrected_no_message,8867,self_layers.1.weight,1024,1024,0,0.15137876570224762,1024,1024,0.15137876570224762
activity/outer0/final/corrected_no_message/s8867,corrected_no_message,8867,self_layers.1.bias,32,32,0,0.029719384387135506,32,32,0.029719384387135506
activity/outer0/final/corrected_no_message/s8867,corrected_no_message,8867,norms.0.weight,32,32,0,0.036264821887016296,32,32,0.036264821887016296
activity/outer0/final/corrected_no_message/s8867,corrected_no_message,8867,norms.0.bias,32,32,0,0.0467015840113163,32,32,0.0467015840113163
activity/outer0/final/corrected_no_message/s8867,corrected_no_message,8867,norms.1.weight,32,32,0,0.029939083382487297,32,32,0.029939083382487297
activity/outer0/final/corrected_no_message/s8867,corrected_no_message,8867,norms.1.bias,32,32,0,0.03997471556067467,32,32,0.03997471556067467
activity/outer0/final/corrected_no_message/s8867,corrected_no_message,8867,message_weights.0,8192,2716,5476,0.09789144992828369,8192,2716,0.09789144992828369
activity/outer0/final/corrected_no_message/s8867,corrected_no_message,8867,message_weights.1,8192,3712,4480,0.09002284705638885,8192,3712,0.09002284705638885
activity/outer0/final/corrected_no_message/s8867,corrected_no_message,8867,readout.0.weight,131584,56239,75345,1.5053526163101196,131584,56239,1.5053526163101196
activity/outer0/final/corrected_no_message/s8867,corrected_no_message,8867,readout.0.bias,64,37,27,0.04223618283867836,64,37,0.04223618283867836
activity/outer0/final/corrected_no_message/s8867,corrected_no_message,8867,readout.3.weight,64,37,27,0.39752042293548584,64,37,0.39752042293548584
activity/outer0/final/corrected_no_message/s8867,corrected_no_message,8867,readout.3.bias,1,1,0,0.11391211301088333,1,1,0.11391211301088333
activity/outer0/final/corrected_no_message/s9973,corrected_no_message,9973,embed.weight,2976,1453,1523,0.6608260869979858,2976,1453,0.6608260869979858
activity/outer0/final/corrected_no_message/s9973,corrected_no_message,9973,embed.bias,32,32,0,0.3909745514392853,32,32,0.3909745514392853
activity/outer0/final/corrected_no_message/s9973,corrected_no_message,9973,self_layers.0.weight,1024,838,186,0.16195636987686157,1024,838,0.16195636987686157
activity/outer0/final/corrected_no_message/s9973,corrected_no_message,9973,self_layers.0.bias,32,27,5,0.27556124329566956,32,27,0.27556124329566956
activity/outer0/final/corrected_no_message/s9973,corrected_no_message,9973,self_layers.1.weight,1024,1024,0,0.12132790684700012,1024,1024,0.12132790684700012
activity/outer0/final/corrected_no_message/s9973,corrected_no_message,9973,self_layers.1.bias,32,32,0,0.02648390270769596,32,32,0.02648390270769596
activity/outer0/final/corrected_no_message/s9973,corrected_no_message,9973,norms.0.weight,32,32,0,0.03399725630879402,32,32,0.03399725630879402
activity/outer0/final/corrected_no_message/s9973,corrected_no_message,9973,norms.0.bias,32,32,0,0.04598283767700195,32,32,0.04598283767700195
activity/outer0/final/corrected_no_message/s9973,corrected_no_message,9973,norms.1.weight,32,32,0,0.028291787952184677,32,32,0.028291787952184677
activity/outer0/final/corrected_no_message/s9973,corrected_no_message,9973,norms.1.bias,32,32,0,0.0393194779753685,32,32,0.0393194779753685
activity/outer0/final/corrected_no_message/s9973,corrected_no_message,9973,message_weights.0,8192,2979,5213,0.09649933129549026,8192,2979,0.09649933129549026
activity/outer0/final/corrected_no_message/s9973,corrected_no_message,9973,message_weights.1,8192,3840,4352,0.0730937048792839,8192,3840,0.0730937048792839
activity/outer0/final/corrected_no_message/s9973,corrected_no_message,9973,readout.0.weight,131584,50211,81373,1.5757924318313599,131584,50211,1.5757924318313599
activity/outer0/final/corrected_no_message/s9973,corrected_no_message,9973,readout.0.bias,64,33,31,0.04621988534927368,64,33,0.04621988534927368
activity/outer0/final/corrected_no_message/s9973,corrected_no_message,9973,readout.3.weight,64,33,31,0.4909926950931549,64,33,0.4909926950931549
activity/outer0/final/corrected_no_message/s9973,corrected_no_message,9973,readout.3.bias,1,1,0,0.1276572048664093,1,1,0.1276572048664093
activity/outer0/final/original_gnn/s11027,original_gnn,11027,embed.weight,2976,1383,1593,0.5622177720069885,1388,1383,0.5622177720069885
activity/outer0/final/original_gnn/s11027,original_gnn,11027,embed.bias,32,32,0,0.2741914689540863,32,32,0.2741914689540863
activity/outer0/final/original_gnn/s11027,original_gnn,11027,self_layers.0.weight,1024,694,330,0.10268516838550568,695,694,0.10268516838550568
activity/outer0/final/original_gnn/s11027,original_gnn,11027,self_layers.0.bias,32,22,10,0.2219170480966568,22,22,0.2219170480966568
activity/outer0/final/original_gnn/s11027,original_gnn,11027,self_layers.1.weight,1024,1024,0,0.09995972365140915,1024,1024,0.09995972365140915
activity/outer0/final/original_gnn/s11027,original_gnn,11027,self_layers.1.bias,32,32,0,0.018058057874441147,32,32,0.018058057874441147
activity/outer0/final/original_gnn/s11027,original_gnn,11027,norms.0.weight,32,32,0,0.02881385013461113,32,32,0.02881385013461113
activity/outer0/final/original_gnn/s11027,original_gnn,11027,norms.0.bias,32,32,0,0.025501249358057976,32,32,0.025501249358057976
activity/outer0/final/original_gnn/s11027,original_gnn,11027,norms.1.weight,32,32,0,0.0347360335290432,32,32,0.0347360335290432
activity/outer0/final/original_gnn/s11027,original_gnn,11027,norms.1.bias,32,32,0,0.017607254907488823,32,32,0.017607254907488823
activity/outer0/final/original_gnn/s11027,original_gnn,11027,message_weights.0,8192,2414,5778,0.06163507699966431,2430,2414,0.06163507699966431
activity/outer0/final/original_gnn/s11027,original_gnn,11027,message_weights.1,8192,3744,4448,0.06116297468543053,3872,3744,0.06116297468543053
activity/outer0/final/original_gnn/s11027,original_gnn,11027,readout.0.weight,131584,65601,65983,1.4799542427062988,96960,65601,1.4799542427062988
activity/outer0/final/original_gnn/s11027,original_gnn,11027,readout.0.bias,64,43,21,0.03760276362299919,64,43,0.03760276362299919
activity/outer0/final/original_gnn/s11027,original_gnn,11027,readout.3.weight,64,43,21,0.4960886240005493,64,43,0.4960886240005493
activity/outer0/final/original_gnn/s11027,original_gnn,11027,readout.3.bias,1,1,0,0.09551556408405304,1,1,0.09551556408405304
activity/outer0/final/original_gnn/s1103,original_gnn,1103,embed.weight,2976,1466,1510,0.2724386155605316,1469,1466,0.2724386155605316
activity/outer0/final/original_gnn/s1103,original_gnn,1103,embed.bias,32,32,0,0.12517865002155304,32,32,0.12517865002155304
activity/outer0/final/original_gnn/s1103,original_gnn,1103,self_layers.0.weight,1024,713,311,0.05393727868795395,718,713,0.05393727868795395
activity/outer0/final/original_gnn/s1103,original_gnn,1103,self_layers.0.bias,32,23,9,0.09483825415372849,23,23,0.09483825415372849
activity/outer0/final/original_gnn/s1103,original_gnn,1103,self_layers.1.weight,1024,1024,0,0.04041117802262306,1024,1024,0.04041117802262306
activity/outer0/final/original_gnn/s1103,original_gnn,1103,self_layers.1.bias,32,32,0,0.006152252200990915,32,32,0.006152252200990915
activity/outer0/final/original_gnn/s1103,original_gnn,1103,norms.0.weight,32,32,0,0.013521281071007252,32,32,0.013521281071007252
activity/outer0/final/original_gnn/s1103,original_gnn,1103,norms.0.bias,32,32,0,0.014515100978314877,32,32,0.014515100978314877
activity/outer0/final/original_gnn/s1103,original_gnn,1103,norms.1.weight,32,32,0,0.013174282386898994,32,32,0.013174282386898994
activity/outer0/final/original_gnn/s1103,original_gnn,1103,norms.1.bias,32,32,0,0.009975986555218697,32,32,0.009975986555218697
activity/outer0/final/original_gnn/s1103,original_gnn,1103,message_weights.0,8192,2403,5789,0.031798847019672394,2439,2403,0.031798847019672394
activity/outer0/final/original_gnn/s1103,original_gnn,1103,message_weights.1,8192,3680,4512,0.02432001568377018,3936,3680,0.02432001568377018
activity/outer0/final/original_gnn/s1103,original_gnn,1103,readout.0.weight,131584,74515,57069,0.6046186685562134,96768,74515,0.6046186685562134
activity/outer0/final/original_gnn/s1103,original_gnn,1103,readout.0.bias,64,49,15,0.014112199656665325,64,49,0.014112199656665325
activity/outer0/final/original_gnn/s1103,original_gnn,1103,readout.3.weight,64,49,15,0.1381848007440567,64,49,0.1381848007440567
activity/outer0/final/original_gnn/s1103,original_gnn,1103,readout.3.bias,1,1,0,0.01818535290658474,1,1,0.01818535290658474
activity/outer0/final/original_gnn/s2207,original_gnn,2207,embed.weight,2976,1423,1553,1.5075708627700806,1428,1423,1.5075708627700806
activity/outer0/final/original_gnn/s2207,original_gnn,2207,embed.bias,32,31,1,0.8340161442756653,31,31,0.8340161442756653
activity/outer0/final/original_gnn/s2207,original_gnn,2207,self_layers.0.weight,1024,739,285,0.2583024203777313,739,739,0.2583024203777313
activity/outer0/final/original_gnn/s2207,original_gnn,2207,self_layers.0.bias,32,24,8,0.48468393087387085,24,24,0.48468393087387085
activity/outer0/final/original_gnn/s2207,original_gnn,2207,self_layers.1.weight,1024,1024,0,0.19768404960632324,1024,1024,0.19768404960632324
activity/outer0/final/original_gnn/s2207,original_gnn,2207,self_layers.1.bias,32,32,0,0.04179134964942932,32,32,0.04179134964942932
activity/outer0/final/original_gnn/s2207,original_gnn,2207,norms.0.weight,32,32,0,0.07061532884836197,32,32,0.07061532884836197
activity/outer0/final/original_gnn/s2207,original_gnn,2207,norms.0.bias,32,32,0,0.08569731563329697,32,32,0.08569731563329697
activity/outer0/final/original_gnn/s2207,original_gnn,2207,norms.1.weight,32,32,0,0.06418267637491226,32,32,0.06418267637491226
activity/outer0/final/original_gnn/s2207,original_gnn,2207,norms.1.bias,32,32,0,0.08092129230499268,32,32,0.08092129230499268
activity/outer0/final/original_gnn/s2207,original_gnn,2207,message_weights.0,8192,2569,5623,0.1566484272480011,2570,2569,0.1566484272480011
activity/outer0/final/original_gnn/s2207,original_gnn,2207,message_weights.1,8192,3872,4320,0.11927168071269989,4000,3872,0.11927168071269989
activity/outer0/final/original_gnn/s2207,original_gnn,2207,readout.0.weight,131584,74291,57293,2.460158348083496,95997,74291,2.460158348083496
activity/outer0/final/original_gnn/s2207,original_gnn,2207,readout.0.bias,64,49,15,0.07153590768575668,63,49,0.07153590768575668
activity/outer0/final/original_gnn/s2207,original_gnn,2207,readout.3.weight,64,49,15,0.765397846698761,63,49,0.765397846698761
activity/outer0/final/original_gnn/s2207,original_gnn,2207,readout.3.bias,1,1,0,0.164756640791893,1,1,0.164756640791893
activity/outer0/final/original_gnn/s3301,original_gnn,3301,embed.weight,2976,1422,1554,0.8627001047134399,1429,1422,0.8627001047134399
activity/outer0/final/original_gnn/s3301,original_gnn,3301,embed.bias,32,32,0,0.5144147276878357,32,32,0.5144147276878357
activity/outer0/final/original_gnn/s3301,original_gnn,3301,self_layers.0.weight,1024,840,184,0.23640239238739014,853,840,0.23640239238739014
activity/outer0/final/original_gnn/s3301,original_gnn,3301,self_layers.0.bias,32,27,5,0.409153550863266,28,27,0.409153550863266
activity/outer0/final/original_gnn/s3301,original_gnn,3301,self_layers.1.weight,1024,1024,0,0.21347816288471222,1024,1024,0.21347816288471222
activity/outer0/final/original_gnn/s3301,original_gnn,3301,self_layers.1.bias,32,32,0,0.04498912766575813,32,32,0.04498912766575813
activity/outer0/final/original_gnn/s3301,original_gnn,3301,norms.0.weight,32,32,0,0.041250504553318024,32,32,0.041250504553318024
activity/outer0/final/original_gnn/s3301,original_gnn,3301,norms.0.bias,32,32,0,0.06619173288345337,32,32,0.06619173288345337
activity/outer0/final/original_gnn/s3301,original_gnn,3301,norms.1.weight,32,32,0,0.03415771573781967,32,32,0.03415771573781967
activity/outer0/final/original_gnn/s3301,original_gnn,3301,norms.1.bias,32,32,0,0.06312507390975952,32,32,0.06312507390975952
activity/outer0/final/original_gnn/s3301,original_gnn,3301,message_weights.0,8192,2950,5242,0.14525426924228668,2984,2950,0.14525426924228668
activity/outer0/final/original_gnn/s3301,original_gnn,3301,message_weights.1,8192,3712,4480,0.12610095739364624,3904,3712,0.12610095739364624
activity/outer0/final/original_gnn/s3301,original_gnn,3301,readout.0.weight,131584,70026,61558,2.2552402019500732,95677,70026,2.2552402019500732
activity/outer0/final/original_gnn/s3301,original_gnn,3301,readout.0.bias,64,46,18,0.06699329614639282,63,46,0.06699329614639282
activity/outer0/final/original_gnn/s3301,original_gnn,3301,readout.3.weight,64,46,18,0.588148295879364,63,46,0.588148295879364
activity/outer0/final/original_gnn/s3301,original_gnn,3301,readout.3.bias,1,1,0,0.15974144637584686,1,1,0.15974144637584686
activity/outer0/final/original_gnn/s4409,original_gnn,4409,embed.weight,2976,1460,1516,0.7613306641578674,1460,1460,0.7613306641578674
activity/outer0/final/original_gnn/s4409,original_gnn,4409,embed.bias,32,32,0,0.41698575019836426,32,32,0.41698575019836426
activity/outer0/final/original_gnn/s4409,original_gnn,4409,self_layers.0.weight,1024,862,162,0.14960438013076782,864,862,0.14960438013076782
activity/outer0/final/original_gnn/s4409,original_gnn,4409,self_layers.0.bias,32,28,4,0.30702459812164307,28,28,0.30702459812164307
activity/outer0/final/original_gnn/s4409,original_gnn,4409,self_layers.1.weight,1024,1024,0,0.10407507419586182,1024,1024,0.10407507419586182
activity/outer0/final/original_gnn/s4409,original_gnn,4409,self_layers.1.bias,32,32,0,0.022967947646975517,32,32,0.022967947646975517
activity/outer0/final/original_gnn/s4409,original_gnn,4409,norms.0.weight,32,32,0,0.031379882246255875,32,32,0.031379882246255875
activity/outer0/final/original_gnn/s4409,original_gnn,4409,norms.0.bias,32,32,0,0.04567883908748627,32,32,0.04567883908748627
activity/outer0/final/original_gnn/s4409,original_gnn,4409,norms.1.weight,32,32,0,0.02344178594648838,32,32,0.02344178594648838
activity/outer0/final/original_gnn/s4409,original_gnn,4409,norms.1.bias,32,32,0,0.03356658294796944,32,32,0.03356658294796944
activity/outer0/final/original_gnn/s4409,original_gnn,4409,message_weights.0,8192,2927,5265,0.0925251692533493,2977,2927,0.0925251692533493
activity/outer0/final/original_gnn/s4409,original_gnn,4409,message_weights.1,8192,3840,4352,0.061986442655324936,3936,3840,0.061986442655324936
activity/outer0/final/original_gnn/s4409,original_gnn,4409,readout.0.weight,131584,78908,52676,1.1576215028762817,95869,78908,1.1576215028762817
activity/outer0/final/original_gnn/s4409,original_gnn,4409,readout.0.bias,64,52,12,0.03266244754195213,63,52,0.03266244754195213
activity/outer0/final/original_gnn/s4409,original_gnn,4409,readout.3.weight,64,52,12,0.33813175559043884,63,52,0.33813175559043884
activity/outer0/final/original_gnn/s4409,original_gnn,4409,readout.3.bias,1,1,0,0.07379557937383652,1,1,0.07379557937383652
activity/outer0/final/original_gnn/s5519,original_gnn,5519,embed.weight,2976,1477,1499,0.7155830264091492,1485,1477,0.7155830264091492
activity/outer0/final/original_gnn/s5519,original_gnn,5519,embed.bias,32,32,0,0.36510998010635376,32,32,0.36510998010635376
activity/outer0/final/original_gnn/s5519,original_gnn,5519,self_layers.0.weight,1024,718,306,0.15022243559360504,724,718,0.15022243559360504
activity/outer0/final/original_gnn/s5519,original_gnn,5519,self_layers.0.bias,32,23,9,0.26093578338623047,23,23,0.26093578338623047
activity/outer0/final/original_gnn/s5519,original_gnn,5519,self_layers.1.weight,1024,1024,0,0.14578719437122345,1024,1024,0.14578719437122345
activity/outer0/final/original_gnn/s5519,original_gnn,5519,self_layers.1.bias,32,32,0,0.02743404358625412,32,32,0.02743404358625412
activity/outer0/final/original_gnn/s5519,original_gnn,5519,norms.0.weight,32,32,0,0.03239210322499275,32,32,0.03239210322499275
activity/outer0/final/original_gnn/s5519,original_gnn,5519,norms.0.bias,32,32,0,0.04745380952954292,32,32,0.04745380952954292
activity/outer0/final/original_gnn/s5519,original_gnn,5519,norms.1.weight,32,32,0,0.036427050828933716,32,32,0.036427050828933716
activity/outer0/final/original_gnn/s5519,original_gnn,5519,norms.1.bias,32,32,0,0.0458141565322876,32,32,0.0458141565322876
activity/outer0/final/original_gnn/s5519,original_gnn,5519,message_weights.0,8192,2486,5706,0.08390873670578003,2522,2486,0.08390873670578003
activity/outer0/final/original_gnn/s5519,original_gnn,5519,message_weights.1,8192,3712,4480,0.08333241194486618,3904,3712,0.08333241194486618
activity/outer0/final/original_gnn/s5519,original_gnn,5519,readout.0.weight,131584,64254,67330,2.0386857986450195,92151,64254,2.0386857986450195
activity/outer0/final/original_gnn/s5519,original_gnn,5519,readout.0.bias,64,42,22,0.0564403161406517,61,42,0.0564403161406517
activity/outer0/final/original_gnn/s5519,original_gnn,5519,readout.3.weight,64,42,22,0.5548408031463623,61,42,0.5548408031463623
activity/outer0/final/original_gnn/s5519,original_gnn,5519,readout.3.bias,1,1,0,0.12856639921665192,1,1,0.12856639921665192
activity/outer0/final/original_gnn/s6637,original_gnn,6637,embed.weight,2976,1294,1682,0.4744616746902466,1308,1294,0.4744616746902466
activity/outer0/final/original_gnn/s6637,original_gnn,6637,embed.bias,32,31,1,0.2760677933692932,31,31,0.2760677933692932
activity/outer0/final/original_gnn/s6637,original_gnn,6637,self_layers.0.weight,1024,813,211,0.09485761821269989,814,813,0.09485761821269989
activity/outer0/final/original_gnn/s6637,original_gnn,6637,self_layers.0.bias,32,27,5,0.19509164988994598,27,27,0.19509164988994598
activity/outer0/final/original_gnn/s6637,original_gnn,6637,self_layers.1.weight,1024,1024,0,0.08940517157316208,1024,1024,0.08940517157316208
activity/outer0/final/original_gnn/s6637,original_gnn,6637,self_layers.1.bias,32,32,0,0.018649477511644363,32,32,0.018649477511644363
activity/outer0/final/original_gnn/s6637,original_gnn,6637,norms.0.weight,32,32,0,0.02353324554860592,32,32,0.02353324554860592
activity/outer0/final/original_gnn/s6637,original_gnn,6637,norms.0.bias,32,32,0,0.03301288187503815,32,32,0.03301288187503815
activity/outer0/final/original_gnn/s6637,original_gnn,6637,norms.1.weight,32,32,0,0.021805426105856895,32,32,0.021805426105856895
activity/outer0/final/original_gnn/s6637,original_gnn,6637,norms.1.bias,32,32,0,0.03227405622601509,32,32,0.03227405622601509
activity/outer0/final/original_gnn/s6637,original_gnn,6637,message_weights.0,8192,2815,5377,0.05702900141477585,2837,2815,0.05702900141477585
activity/outer0/final/original_gnn/s6637,original_gnn,6637,message_weights.1,8192,3808,4384,0.05230890214443207,3872,3808,0.05230890214443207
activity/outer0/final/original_gnn/s6637,original_gnn,6637,readout.0.weight,131584,71597,59987,1.082822561264038,97408,71597,1.082822561264038
activity/outer0/final/original_gnn/s6637,original_gnn,6637,readout.0.bias,64,47,17,0.031225325539708138,64,47,0.031225325539708138
activity/outer0/final/original_gnn/s6637,original_gnn,6637,readout.3.weight,64,47,17,0.3477383553981781,64,47,0.3477383553981781
activity/outer0/final/original_gnn/s6637,original_gnn,6637,readout.3.bias,1,1,0,0.08364434540271759,1,1,0.08364434540271759
activity/outer0/final/original_gnn/s7753,original_gnn,7753,embed.weight,2976,1326,1650,0.5380021929740906,1331,1326,0.5380021929740906
activity/outer0/final/original_gnn/s7753,original_gnn,7753,embed.bias,32,32,0,0.23540568351745605,32,32,0.23540568351745605
activity/outer0/final/original_gnn/s7753,original_gnn,7753,self_layers.0.weight,1024,822,202,0.10271093249320984,839,822,0.10271093249320984
activity/outer0/final/original_gnn/s7753,original_gnn,7753,self_layers.0.bias,32,26,6,0.2523287236690521,27,26,0.2523287236690521
activity/outer0/final/original_gnn/s7753,original_gnn,7753,self_layers.1.weight,1024,1024,0,0.07425469160079956,1024,1024,0.07425469160079956
activity/outer0/final/original_gnn/s7753,original_gnn,7753,self_layers.1.bias,32,32,0,0.01257630717009306,32,32,0.01257630717009306
activity/outer0/final/original_gnn/s7753,original_gnn,7753,norms.0.weight,32,32,0,0.022228069603443146,32,32,0.022228069603443146
activity/outer0/final/original_gnn/s7753,original_gnn,7753,norms.0.bias,32,32,0,0.023012418299913406,32,32,0.023012418299913406
activity/outer0/final/original_gnn/s7753,original_gnn,7753,norms.1.weight,32,32,0,0.022975070402026176,32,32,0.022975070402026176
activity/outer0/final/original_gnn/s7753,original_gnn,7753,norms.1.bias,32,32,0,0.022433515638113022,32,32,0.022433515638113022
activity/outer0/final/original_gnn/s7753,original_gnn,7753,message_weights.0,8192,2863,5329,0.06209417060017586,2917,2863,0.06209417060017586
activity/outer0/final/original_gnn/s7753,original_gnn,7753,message_weights.1,8192,3776,4416,0.045674879103899,3872,3776,0.045674879103899
activity/outer0/final/original_gnn/s7753,original_gnn,7753,readout.0.weight,131584,79388,52196,1.2136534452438354,95933,79388,1.2136534452438354
activity/outer0/final/original_gnn/s7753,original_gnn,7753,readout.0.bias,64,52,12,0.030784497037529945,63,52,0.030784497037529945
activity/outer0/final/original_gnn/s7753,original_gnn,7753,readout.3.weight,64,52,12,0.24629537761211395,63,52,0.24629537761211395
activity/outer0/final/original_gnn/s7753,original_gnn,7753,readout.3.bias,1,1,0,0.05980798602104187,1,1,0.05980798602104187
activity/outer0/final/original_gnn/s8867,original_gnn,8867,embed.weight,2976,1456,1520,0.2697742283344269,1462,1456,0.2697742283344269
activity/outer0/final/original_gnn/s8867,original_gnn,8867,embed.bias,32,32,0,0.0948023721575737,32,32,0.0948023721575737
activity/outer0/final/original_gnn/s8867,original_gnn,8867,self_layers.0.weight,1024,836,188,0.051703862845897675,862,836,0.051703862845897675
activity/outer0/final/original_gnn/s8867,original_gnn,8867,self_layers.0.bias,32,27,5,0.05780212953686714,28,27,0.05780212953686714
activity/outer0/final/original_gnn/s8867,original_gnn,8867,self_layers.1.weight,1024,1024,0,0.05110913887619972,1024,1024,0.05110913887619972
activity/outer0/final/original_gnn/s8867,original_gnn,8867,self_layers.1.bias,32,32,0,0.007434484548866749,32,32,0.007434484548866749
activity/outer0/final/original_gnn/s8867,original_gnn,8867,norms.0.weight,32,32,0,0.014085138216614723,32,32,0.014085138216614723
activity/outer0/final/original_gnn/s8867,original_gnn,8867,norms.0.bias,32,32,0,0.011131500825285912,32,32,0.011131500825285912
activity/outer0/final/original_gnn/s8867,original_gnn,8867,norms.1.weight,32,32,0,0.013204628601670265,32,32,0.013204628601670265
activity/outer0/final/original_gnn/s8867,original_gnn,8867,norms.1.bias,32,32,0,0.0067171622067689896,32,32,0.0067171622067689896
activity/outer0/final/original_gnn/s8867,original_gnn,8867,message_weights.0,8192,2869,5323,0.031151296570897102,2946,2869,0.031151296570897102
activity/outer0/final/original_gnn/s8867,original_gnn,8867,message_weights.1,8192,3680,4512,0.029300497844815254,3808,3680,0.029300497844815254
activity/outer0/final/original_gnn/s8867,original_gnn,8867,readout.0.weight,131584,68615,62969,0.5459811687469482,91959,68615,0.5459811687469482
activity/outer0/final/original_gnn/s8867,original_gnn,8867,readout.0.bias,64,45,19,0.009872800670564175,61,45,0.009872800670564175
activity/outer0/final/original_gnn/s8867,original_gnn,8867,readout.3.weight,64,45,19,0.13122133910655975,61,45,0.13122133910655975
activity/outer0/final/original_gnn/s8867,original_gnn,8867,readout.3.bias,1,1,0,0.00037779659032821655,1,1,0.00037779659032821655
activity/outer0/final/original_gnn/s9973,original_gnn,9973,embed.weight,2976,1449,1527,0.6152597665786743,1451,1449,0.6152597665786743
activity/outer0/final/original_gnn/s9973,original_gnn,9973,embed.bias,32,32,0,0.372705340385437,32,32,0.372705340385437
activity/outer0/final/original_gnn/s9973,original_gnn,9973,self_layers.0.weight,1024,879,145,0.15731963515281677,877,879,0.15731963515281677
activity/outer0/final/original_gnn/s9973,original_gnn,9973,self_layers.0.bias,32,28,4,0.271930992603302,28,28,0.271930992603302
activity/outer0/final/original_gnn/s9973,original_gnn,9973,self_layers.1.weight,1024,1024,0,0.10662105679512024,1024,1024,0.10662105679512024
activity/outer0/final/original_gnn/s9973,original_gnn,9973,self_layers.1.bias,32,32,0,0.02285449579358101,32,32,0.02285449579358101
activity/outer0/final/original_gnn/s9973,original_gnn,9973,norms.0.weight,32,32,0,0.026415465399622917,32,32,0.026415465399622917
activity/outer0/final/original_gnn/s9973,original_gnn,9973,norms.0.bias,32,32,0,0.042029839009046555,32,32,0.042029839009046555
activity/outer0/final/original_gnn/s9973,original_gnn,9973,norms.1.weight,32,32,0,0.022998129948973656,32,32,0.022998129948973656
activity/outer0/final/original_gnn/s9973,original_gnn,9973,norms.1.bias,32,32,0,0.03766486048698425,32,32,0.03766486048698425
activity/outer0/final/original_gnn/s9973,original_gnn,9973,message_weights.0,8192,3100,5092,0.09563253819942474,3122,3100,0.09563253819942474
activity/outer0/final/original_gnn/s9973,original_gnn,9973,message_weights.1,8192,3840,4352,0.06363878399133682,4064,3840,0.06363878399133682
activity/outer0/final/original_gnn/s9973,original_gnn,9973,readout.0.weight,131584,73360,58224,1.4109443426132202,96736,73360,1.4109443426132202
activity/outer0/final/original_gnn/s9973,original_gnn,9973,readout.0.bias,64,48,16,0.041339047253131866,64,48,0.041339047253131866
activity/outer0/final/original_gnn/s9973,original_gnn,9973,readout.3.weight,64,48,16,0.42537322640419006,64,48,0.42537322640419006
activity/outer0/final/original_gnn/s9973,original_gnn,9973,readout.3.bias,1,1,0,0.091332346200943,1,1,0.091332346200943
activity/outer0/final/original_no_message/s11027,original_no_message,11027,embed.weight,2976,1385,1591,0.9215389490127563,2976,1385,0.9215389490127563
activity/outer0/final/original_no_message/s11027,original_no_message,11027,embed.bias,32,32,0,0.4906651973724365,32,32,0.4906651973724365
activity/outer0/final/original_no_message/s11027,original_no_message,11027,self_layers.0.weight,1024,675,349,0.19506603479385376,1024,675,0.19506603479385376
activity/outer0/final/original_no_message/s11027,original_no_message,11027,self_layers.0.bias,32,22,10,0.4781596064567566,32,22,0.4781596064567566
activity/outer0/final/original_no_message/s11027,original_no_message,11027,self_layers.1.weight,1024,1024,0,0.15200190246105194,1024,1024,0.15200190246105194
activity/outer0/final/original_no_message/s11027,original_no_message,11027,self_layers.1.bias,32,32,0,0.029690181836485863,32,32,0.029690181836485863
activity/outer0/final/original_no_message/s11027,original_no_message,11027,norms.0.weight,32,32,0,0.04693688452243805,32,32,0.04693688452243805
activity/outer0/final/original_no_message/s11027,original_no_message,11027,norms.0.bias,32,32,0,0.05884445831179619,32,32,0.05884445831179619
activity/outer0/final/original_no_message/s11027,original_no_message,11027,norms.1.weight,32,32,0,0.03735882416367531,32,32,0.03735882416367531
activity/outer0/final/original_no_message/s11027,original_no_message,11027,norms.1.bias,32,32,0,0.052647292613983154,32,32,0.052647292613983154
activity/outer0/final/original_no_message/s11027,original_no_message,11027,message_weights.0,8192,2354,5838,0.1162317544221878,8192,2354,0.1162317544221878
activity/outer0/final/original_no_message/s11027,original_no_message,11027,message_weights.1,8192,3712,4480,0.09333524852991104,8192,3712,0.09333524852991104
activity/outer0/final/original_no_message/s11027,original_no_message,11027,readout.0.weight,131584,48736,82848,2.5386438369750977,131584,48736,2.5386438369750977
activity/outer0/final/original_no_message/s11027,original_no_message,11027,readout.0.bias,64,32,32,0.08016305416822433,64,32,0.08016305416822433
activity/outer0/final/original_no_message/s11027,original_no_message,11027,readout.3.weight,64,32,32,0.957743227481842,64,32,0.957743227481842
activity/outer0/final/original_no_message/s11027,original_no_message,11027,readout.3.bias,1,1,0,0.2515753209590912,1,1,0.2515753209590912
activity/outer0/final/original_no_message/s1103,original_no_message,1103,embed.weight,2976,1473,1503,0.31873399019241333,2976,1473,0.31873399019241333
activity/outer0/final/original_no_message/s1103,original_no_message,1103,embed.bias,32,32,0,0.1301543265581131,32,32,0.1301543265581131
activity/outer0/final/original_no_message/s1103,original_no_message,1103,self_layers.0.weight,1024,668,356,0.05318370461463928,1024,668,0.05318370461463928
activity/outer0/final/original_no_message/s1103,original_no_message,1103,self_layers.0.bias,32,21,11,0.08886035531759262,32,21,0.08886035531759262
activity/outer0/final/original_no_message/s1103,original_no_message,1103,self_layers.1.weight,1024,1024,0,0.049413006752729416,1024,1024,0.049413006752729416
activity/outer0/final/original_no_message/s1103,original_no_message,1103,self_layers.1.bias,32,32,0,0.008368403650820255,32,32,0.008368403650820255
activity/outer0/final/original_no_message/s1103,original_no_message,1103,norms.0.weight,32,32,0,0.008171401917934418,32,32,0.008171401917934418
activity/outer0/final/original_no_message/s1103,original_no_message,1103,norms.0.bias,32,32,0,0.012586020864546299,32,32,0.012586020864546299
activity/outer0/final/original_no_message/s1103,original_no_message,1103,norms.1.weight,32,32,0,0.009842497296631336,32,32,0.009842497296631336
activity/outer0/final/original_no_message/s1103,original_no_message,1103,norms.1.bias,32,32,0,0.015533844009041786,32,32,0.015533844009041786
activity/outer0/final/original_no_message/s1103,original_no_message,1103,message_weights.0,8192,2293,5899,0.032517846673727036,8192,2293,0.032517846673727036
activity/outer0/final/original_no_message/s1103,original_no_message,1103,message_weights.1,8192,3744,4448,0.030167805030941963,8192,3744,0.030167805030941963
activity/outer0/final/original_no_message/s1103,original_no_message,1103,readout.0.weight,131584,56175,75409,0.705647349357605,131584,56175,0.705647349357605
activity/outer0/final/original_no_message/s1103,original_no_message,1103,readout.0.bias,64,37,27,0.018999263644218445,64,37,0.018999263644218445
activity/outer0/final/original_no_message/s1103,original_no_message,1103,readout.3.weight,64,37,27,0.23085403442382812,64,37,0.23085403442382812
activity/outer0/final/original_no_message/s1103,original_no_message,1103,readout.3.bias,1,1,0,0.052158623933792114,1,1,0.052158623933792114
activity/outer0/final/original_no_message/s2207,original_no_message,2207,embed.weight,2976,1420,1556,0.3132896423339844,2976,1420,0.3132896423339844
activity/outer0/final/original_no_message/s2207,original_no_message,2207,embed.bias,32,31,1,0.16319744288921356,32,31,0.16319744288921356
activity/outer0/final/original_no_message/s2207,original_no_message,2207,self_layers.0.weight,1024,769,255,0.05483098328113556,1024,769,0.05483098328113556
activity/outer0/final/original_no_message/s2207,original_no_message,2207,self_layers.0.bias,32,25,7,0.0889471247792244,32,25,0.0889471247792244
activity/outer0/final/original_no_message/s2207,original_no_message,2207,self_layers.1.weight,1024,1024,0,0.04390899837017059,1024,1024,0.04390899837017059
activity/outer0/final/original_no_message/s2207,original_no_message,2207,self_layers.1.bias,32,32,0,0.008068827912211418,32,32,0.008068827912211418
activity/outer0/final/original_no_message/s2207,original_no_message,2207,norms.0.weight,32,32,0,0.012599039822816849,32,32,0.012599039822816849
activity/outer0/final/original_no_message/s2207,original_no_message,2207,norms.0.bias,32,32,0,0.017462456598877907,32,32,0.017462456598877907
activity/outer0/final/original_no_message/s2207,original_no_message,2207,norms.1.weight,32,32,0,0.015274357050657272,32,32,0.015274357050657272
activity/outer0/final/original_no_message/s2207,original_no_message,2207,norms.1.bias,32,32,0,0.018912766128778458,32,32,0.018912766128778458
activity/outer0/final/original_no_message/s2207,original_no_message,2207,message_weights.0,8192,2635,5557,0.03358486294746399,8192,2635,0.03358486294746399
activity/outer0/final/original_no_message/s2207,original_no_message,2207,message_weights.1,8192,3904,4288,0.026778200641274452,8192,3904,0.026778200641274452
activity/outer0/final/original_no_message/s2207,original_no_message,2207,readout.0.weight,131584,54860,76724,0.6809571385383606,131584,54860,0.6809571385383606
activity/outer0/final/original_no_message/s2207,original_no_message,2207,readout.0.bias,64,36,28,0.017252953723073006,64,36,0.017252953723073006
activity/outer0/final/original_no_message/s2207,original_no_message,2207,readout.3.weight,64,36,28,0.27228713035583496,64,36,0.27228713035583496
activity/outer0/final/original_no_message/s2207,original_no_message,2207,readout.3.bias,1,1,0,0.04469725862145424,1,1,0.04469725862145424
activity/outer0/final/original_no_message/s3301,original_no_message,3301,embed.weight,2976,1413,1563,0.3253704905509949,2976,1413,0.3253704905509949
activity/outer0/final/original_no_message/s3301,original_no_message,3301,embed.bias,32,32,0,0.11647620797157288,32,32,0.11647620797157288
activity/outer0/final/original_no_message/s3301,original_no_message,3301,self_layers.0.weight,1024,804,220,0.06716311722993851,1024,804,0.06716311722993851
activity/outer0/final/original_no_message/s3301,original_no_message,3301,self_layers.0.bias,32,26,6,0.08425696939229965,32,26,0.08425696939229965
activity/outer0/final/original_no_message/s3301,original_no_message,3301,self_layers.1.weight,1024,1024,0,0.06506873667240143,1024,1024,0.06506873667240143
activity/outer0/final/original_no_message/s3301,original_no_message,3301,self_layers.1.bias,32,32,0,0.010635360144078732,32,32,0.010635360144078732
activity/outer0/final/original_no_message/s3301,original_no_message,3301,norms.0.weight,32,32,0,0.017110589891672134,32,32,0.017110589891672134
activity/outer0/final/original_no_message/s3301,original_no_message,3301,norms.0.bias,32,32,0,0.012698196806013584,32,32,0.012698196806013584
activity/outer0/final/original_no_message/s3301,original_no_message,3301,norms.1.weight,32,32,0,0.013885289430618286,32,32,0.013885289430618286
activity/outer0/final/original_no_message/s3301,original_no_message,3301,norms.1.bias,32,32,0,0.007667194120585918,32,32,0.007667194120585918
activity/outer0/final/original_no_message/s3301,original_no_message,3301,message_weights.0,8192,2775,5417,0.04026791825890541,8192,2775,0.04026791825890541
activity/outer0/final/original_no_message/s3301,original_no_message,3301,message_weights.1,8192,3808,4384,0.03911260515451431,8192,3808,0.03911260515451431
activity/outer0/final/original_no_message/s3301,original_no_message,3301,readout.0.weight,131584,51558,80026,0.6175981760025024,131584,51558,0.6175981760025024
activity/outer0/final/original_no_message/s3301,original_no_message,3301,readout.0.bias,64,34,30,0.013060029596090317,64,34,0.013060029596090317
activity/outer0/final/original_no_message/s3301,original_no_message,3301,readout.3.weight,64,34,30,0.10277413576841354,64,34,0.10277413576841354
activity/outer0/final/original_no_message/s3301,original_no_message,3301,readout.3.bias,1,1,0,0.0030369162559509277,1,1,0.0030369162559509277
activity/outer0/final/original_no_message/s4409,original_no_message,4409,embed.weight,2976,1455,1521,1.2365137338638306,2976,1455,1.2365137338638306
activity/outer0/final/original_no_message/s4409,original_no_message,4409,embed.bias,32,32,0,0.6974019408226013,32,32,0.6974019408226013
activity/outer0/final/original_no_message/s4409,original_no_message,4409,self_layers.0.weight,1024,828,196,0.23979024589061737,1024,828,0.23979024589061737
activity/outer0/final/original_no_message/s4409,original_no_message,4409,self_layers.0.bias,32,27,5,0.48214423656463623,32,27,0.48214423656463623
activity/outer0/final/original_no_message/s4409,original_no_message,4409,self_layers.1.weight,1024,1024,0,0.16138750314712524,1024,1024,0.16138750314712524
activity/outer0/final/original_no_message/s4409,original_no_message,4409,self_layers.1.bias,32,32,0,0.0375434011220932,32,32,0.0375434011220932
activity/outer0/final/original_no_message/s4409,original_no_message,4409,norms.0.weight,32,32,0,0.048425495624542236,32,32,0.048425495624542236
activity/outer0/final/original_no_message/s4409,original_no_message,4409,norms.0.bias,32,32,0,0.07576306164264679,32,32,0.07576306164264679
activity/outer0/final/original_no_message/s4409,original_no_message,4409,norms.1.weight,32,32,0,0.03491140902042389,32,32,0.03491140902042389
activity/outer0/final/original_no_message/s4409,original_no_message,4409,norms.1.bias,32,32,0,0.06479143351316452,32,32,0.06479143351316452
activity/outer0/final/original_no_message/s4409,original_no_message,4409,message_weights.0,8192,2755,5437,0.14129340648651123,8192,2755,0.14129340648651123
activity/outer0/final/original_no_message/s4409,original_no_message,4409,message_weights.1,8192,3904,4288,0.09529905021190643,8192,3904,0.09529905021190643
activity/outer0/final/original_no_message/s4409,original_no_message,4409,readout.0.weight,131584,57714,73870,1.5244922637939453,131584,57714,1.5244922637939453
activity/outer0/final/original_no_message/s4409,original_no_message,4409,readout.0.bias,64,38,26,0.04775943607091904,64,38,0.04775943607091904
activity/outer0/final/original_no_message/s4409,original_no_message,4409,readout.3.weight,64,38,26,0.6730175018310547,64,38,0.6730175018310547
activity/outer0/final/original_no_message/s4409,original_no_message,4409,readout.3.bias,1,1,0,0.16763940453529358,1,1,0.16763940453529358
activity/outer0/final/original_no_message/s5519,original_no_message,5519,embed.weight,2976,1474,1502,0.6068708300590515,2976,1474,0.6068708300590515
activity/outer0/final/original_no_message/s5519,original_no_message,5519,embed.bias,32,32,0,0.30021384358406067,32,32,0.30021384358406067
activity/outer0/final/original_no_message/s5519,original_no_message,5519,self_layers.0.weight,1024,723,301,0.1195441335439682,1024,723,0.1195441335439682
activity/outer0/final/original_no_message/s5519,original_no_message,5519,self_layers.0.bias,32,23,9,0.2039082944393158,32,23,0.2039082944393158
activity/outer0/final/original_no_message/s5519,original_no_message,5519,self_layers.1.weight,1024,1024,0,0.10516586899757385,1024,1024,0.10516586899757385
activity/outer0/final/original_no_message/s5519,original_no_message,5519,self_layers.1.bias,32,32,0,0.018675731495022774,32,32,0.018675731495022774
activity/outer0/final/original_no_message/s5519,original_no_message,5519,norms.0.weight,32,32,0,0.03310301527380943,32,32,0.03310301527380943
activity/outer0/final/original_no_message/s5519,original_no_message,5519,norms.0.bias,32,32,0,0.03246815875172615,32,32,0.03246815875172615
activity/outer0/final/original_no_message/s5519,original_no_message,5519,norms.1.weight,32,32,0,0.02894769236445427,32,32,0.02894769236445427
activity/outer0/final/original_no_message/s5519,original_no_message,5519,norms.1.bias,32,32,0,0.03040306083858013,32,32,0.03040306083858013
activity/outer0/final/original_no_message/s5519,original_no_message,5519,message_weights.0,8192,2459,5733,0.07113952189683914,8192,2459,0.07113952189683914
activity/outer0/final/original_no_message/s5519,original_no_message,5519,message_weights.1,8192,3712,4480,0.06287555396556854,8192,3712,0.06287555396556854
activity/outer0/final/original_no_message/s5519,original_no_message,5519,readout.0.weight,131584,27702,103882,1.7443779706954956,131584,27702,1.7443779706954956
activity/outer0/final/original_no_message/s5519,original_no_message,5519,readout.0.bias,64,18,46,0.046471841633319855,64,18,0.046471841633319855
activity/outer0/final/original_no_message/s5519,original_no_message,5519,readout.3.weight,64,18,46,0.8605104088783264,64,18,0.8605104088783264
activity/outer0/final/original_no_message/s5519,original_no_message,5519,readout.3.bias,1,1,0,0.1783333718776703,1,1,0.1783333718776703
activity/outer0/final/original_no_message/s6637,original_no_message,6637,embed.weight,2976,1291,1685,1.072017788887024,2976,1291,1.072017788887024
activity/outer0/final/original_no_message/s6637,original_no_message,6637,embed.bias,32,31,1,0.5848895907402039,32,31,0.5848895907402039
activity/outer0/final/original_no_message/s6637,original_no_message,6637,self_layers.0.weight,1024,798,226,0.1783113181591034,1024,798,0.1783113181591034
activity/outer0/final/original_no_message/s6637,original_no_message,6637,self_layers.0.bias,32,26,6,0.39633050560951233,32,26,0.39633050560951233
activity/outer0/final/original_no_message/s6637,original_no_message,6637,self_layers.1.weight,1024,1024,0,0.16842350363731384,1024,1024,0.16842350363731384
activity/outer0/final/original_no_message/s6637,original_no_message,6637,self_layers.1.bias,32,32,0,0.03571180999279022,32,32,0.03571180999279022
activity/outer0/final/original_no_message/s6637,original_no_message,6637,norms.0.weight,32,32,0,0.0405983030796051,32,32,0.0405983030796051
activity/outer0/final/original_no_message/s6637,original_no_message,6637,norms.0.bias,32,32,0,0.06402796506881714,32,32,0.06402796506881714
activity/outer0/final/original_no_message/s6637,original_no_message,6637,norms.1.weight,32,32,0,0.04381119832396507,32,32,0.04381119832396507
activity/outer0/final/original_no_message/s6637,original_no_message,6637,norms.1.bias,32,32,0,0.05751379206776619,32,32,0.05751379206776619
activity/outer0/final/original_no_message/s6637,original_no_message,6637,message_weights.0,8192,2750,5442,0.10773982852697372,8192,2750,0.10773982852697372
activity/outer0/final/original_no_message/s6637,original_no_message,6637,message_weights.1,8192,3840,4352,0.10004241019487381,8192,3840,0.10004241019487381
activity/outer0/final/original_no_message/s6637,original_no_message,6637,readout.0.weight,131584,60536,71048,1.796798825263977,131584,60536,1.796798825263977
activity/outer0/final/original_no_message/s6637,original_no_message,6637,readout.0.bias,64,40,24,0.05201537907123566,64,40,0.05201537907123566
activity/outer0/final/original_no_message/s6637,original_no_message,6637,readout.3.weight,64,40,24,0.5682562589645386,64,40,0.5682562589645386
activity/outer0/final/original_no_message/s6637,original_no_message,6637,readout.3.bias,1,1,0,0.14329750835895538,1,1,0.14329750835895538
activity/outer0/final/original_no_message/s7753,original_no_message,7753,embed.weight,2976,1321,1655,0.2546253204345703,2976,1321,0.2546253204345703
activity/outer0/final/original_no_message/s7753,original_no_message,7753,embed.bias,32,31,1,0.10789486765861511,32,31,0.10789486765861511
activity/outer0/final/original_no_message/s7753,original_no_message,7753,self_layers.0.weight,1024,828,196,0.05506400018930435,1024,828,0.05506400018930435
activity/outer0/final/original_no_message/s7753,original_no_message,7753,self_layers.0.bias,32,27,5,0.1257903128862381,32,27,0.1257903128862381
activity/outer0/final/original_no_message/s7753,original_no_message,7753,self_layers.1.weight,1024,1024,0,0.043408092111349106,1024,1024,0.043408092111349106
activity/outer0/final/original_no_message/s7753,original_no_message,7753,self_layers.1.bias,32,32,0,0.008655552752315998,32,32,0.008655552752315998
activity/outer0/final/original_no_message/s7753,original_no_message,7753,norms.0.weight,32,32,0,0.012960231862962246,32,32,0.012960231862962246
activity/outer0/final/original_no_message/s7753,original_no_message,7753,norms.0.bias,32,32,0,0.012450272217392921,32,32,0.012450272217392921
activity/outer0/final/original_no_message/s7753,original_no_message,7753,norms.1.weight,32,32,0,0.016688257455825806,32,32,0.016688257455825806
activity/outer0/final/original_no_message/s7753,original_no_message,7753,norms.1.bias,32,32,0,0.008335539139807224,32,32,0.008335539139807224
activity/outer0/final/original_no_message/s7753,original_no_message,7753,message_weights.0,8192,2879,5313,0.03407090902328491,8192,2879,0.03407090902328491
activity/outer0/final/original_no_message/s7753,original_no_message,7753,message_weights.1,8192,3776,4416,0.027255602180957794,8192,3776,0.027255602180957794
activity/outer0/final/original_no_message/s7753,original_no_message,7753,readout.0.weight,131584,62587,68997,0.5292662978172302,131584,62587,0.5292662978172302
activity/outer0/final/original_no_message/s7753,original_no_message,7753,readout.0.bias,64,41,23,0.010587995871901512,64,41,0.010587995871901512
activity/outer0/final/original_no_message/s7753,original_no_message,7753,readout.3.weight,64,41,23,0.19995982944965363,64,41,0.19995982944965363
activity/outer0/final/original_no_message/s7753,original_no_message,7753,readout.3.bias,1,1,0,0.01727762632071972,1,1,0.01727762632071972
activity/outer0/final/original_no_message/s8867,original_no_message,8867,embed.weight,2976,1453,1523,0.710115373134613,2976,1453,0.710115373134613
activity/outer0/final/original_no_message/s8867,original_no_message,8867,embed.bias,32,32,0,0.36554956436157227,32,32,0.36554956436157227
activity/outer0/final/original_no_message/s8867,original_no_message,8867,self_layers.0.weight,1024,796,228,0.16115111112594604,1024,796,0.16115111112594604
activity/outer0/final/original_no_message/s8867,original_no_message,8867,self_layers.0.bias,32,26,6,0.2067200243473053,32,26,0.2067200243473053
activity/outer0/final/original_no_message/s8867,original_no_message,8867,self_layers.1.weight,1024,1024,0,0.15137876570224762,1024,1024,0.15137876570224762
activity/outer0/final/original_no_message/s8867,original_no_message,8867,self_layers.1.bias,32,32,0,0.029719384387135506,32,32,0.029719384387135506
activity/outer0/final/original_no_message/s8867,original_no_message,8867,norms.0.weight,32,32,0,0.036264821887016296,32,32,0.036264821887016296
activity/outer0/final/original_no_message/s8867,original_no_message,8867,norms.0.bias,32,32,0,0.0467015840113163,32,32,0.0467015840113163
activity/outer0/final/original_no_message/s8867,original_no_message,8867,norms.1.weight,32,32,0,0.029939083382487297,32,32,0.029939083382487297
activity/outer0/final/original_no_message/s8867,original_no_message,8867,norms.1.bias,32,32,0,0.03997471556067467,32,32,0.03997471556067467
activity/outer0/final/original_no_message/s8867,original_no_message,8867,message_weights.0,8192,2716,5476,0.09789144992828369,8192,2716,0.09789144992828369
activity/outer0/final/original_no_message/s8867,original_no_message,8867,message_weights.1,8192,3712,4480,0.09002284705638885,8192,3712,0.09002284705638885
activity/outer0/final/original_no_message/s8867,original_no_message,8867,readout.0.weight,131584,56239,75345,1.5053526163101196,131584,56239,1.5053526163101196
activity/outer0/final/original_no_message/s8867,original_no_message,8867,readout.0.bias,64,37,27,0.04223618283867836,64,37,0.04223618283867836
activity/outer0/final/original_no_message/s8867,original_no_message,8867,readout.3.weight,64,37,27,0.39752042293548584,64,37,0.39752042293548584
activity/outer0/final/original_no_message/s8867,original_no_message,8867,readout.3.bias,1,1,0,0.11391211301088333,1,1,0.11391211301088333
activity/outer0/final/original_no_message/s9973,original_no_message,9973,embed.weight,2976,1453,1523,0.6608260869979858,2976,1453,0.6608260869979858
activity/outer0/final/original_no_message/s9973,original_no_message,9973,embed.bias,32,32,0,0.3909745514392853,32,32,0.3909745514392853
activity/outer0/final/original_no_message/s9973,original_no_message,9973,self_layers.0.weight,1024,838,186,0.16195636987686157,1024,838,0.16195636987686157
activity/outer0/final/original_no_message/s9973,original_no_message,9973,self_layers.0.bias,32,27,5,0.27556124329566956,32,27,0.27556124329566956
activity/outer0/final/original_no_message/s9973,original_no_message,9973,self_layers.1.weight,1024,1024,0,0.12132790684700012,1024,1024,0.12132790684700012
activity/outer0/final/original_no_message/s9973,original_no_message,9973,self_layers.1.bias,32,32,0,0.02648390270769596,32,32,0.02648390270769596
activity/outer0/final/original_no_message/s9973,original_no_message,9973,norms.0.weight,32,32,0,0.03399725630879402,32,32,0.03399725630879402
activity/outer0/final/original_no_message/s9973,original_no_message,9973,norms.0.bias,32,32,0,0.04598283767700195,32,32,0.04598283767700195
activity/outer0/final/original_no_message/s9973,original_no_message,9973,norms.1.weight,32,32,0,0.028291787952184677,32,32,0.028291787952184677
activity/outer0/final/original_no_message/s9973,original_no_message,9973,norms.1.bias,32,32,0,0.0393194779753685,32,32,0.0393194779753685
activity/outer0/final/original_no_message/s9973,original_no_message,9973,message_weights.0,8192,2979,5213,0.09649933129549026,8192,2979,0.09649933129549026
activity/outer0/final/original_no_message/s9973,original_no_message,9973,message_weights.1,8192,3840,4352,0.0730937048792839,8192,3840,0.0730937048792839
activity/outer0/final/original_no_message/s9973,original_no_message,9973,readout.0.weight,131584,50211,81373,1.5757924318313599,131584,50211,1.5757924318313599
activity/outer0/final/original_no_message/s9973,original_no_message,9973,readout.0.bias,64,33,31,0.04621988534927368,64,33,0.04621988534927368
activity/outer0/final/original_no_message/s9973,original_no_message,9973,readout.3.weight,64,33,31,0.4909926950931549,64,33,0.4909926950931549
activity/outer0/final/original_no_message/s9973,original_no_message,9973,readout.3.bias,1,1,0,0.1276572048664093,1,1,0.1276572048664093
activity/outer0/final/token_cnn/s11027,token_cnn,11027,embed.weight,2976,1449,1527,0.2809407114982605,2976,1449,0.2809407114982605
activity/outer0/final/token_cnn/s11027,token_cnn,11027,embed.bias,32,32,0,0.12365184724330902,32,32,0.12365184724330902
activity/outer0/final/token_cnn/s11027,token_cnn,11027,layers.0.weight,3072,2874,198,0.04741952195763588,3072,2874,0.04741952195763588
activity/outer0/final/token_cnn/s11027,token_cnn,11027,layers.0.bias,32,30,2,0.042354196310043335,32,30,0.042354196310043335
activity/outer0/final/token_cnn/s11027,token_cnn,11027,layers.3.weight,3072,1794,1278,0.07030898332595825,3072,1794,0.07030898332595825
activity/outer0/final/token_cnn/s11027,token_cnn,11027,layers.3.bias,32,20,12,0.10357524454593658,32,20,0.10357524454593658
activity/outer0/final/token_cnn/s11027,token_cnn,11027,readout.0.weight,131584,47538,84046,0.2376035749912262,131584,47538,0.2376035749912262
activity/outer0/final/token_cnn/s11027,token_cnn,11027,readout.0.bias,64,32,32,0.041191209107637405,64,32,0.041191209107637405
activity/outer0/final/token_cnn/s11027,token_cnn,11027,readout.3.weight,64,32,32,0.2589150667190552,64,32,0.2589150667190552
activity/outer0/final/token_cnn/s11027,token_cnn,11027,readout.3.bias,1,1,0,0.07826326787471771,1,1,0.07826326787471771
activity/outer0/final/token_cnn/s1103,token_cnn,1103,embed.weight,2976,1510,1466,0.15860320627689362,2976,1510,0.15860320627689362
activity/outer0/final/token_cnn/s1103,token_cnn,1103,embed.bias,32,32,0,0.08609973639249802,32,32,0.08609973639249802
activity/outer0/final/token_cnn/s1103,token_cnn,1103,layers.0.weight,3072,2688,384,0.019949806854128838,3072,2688,0.019949806854128838
activity/outer0/final/token_cnn/s1103,token_cnn,1103,layers.0.bias,32,28,4,0.01836647279560566,32,28,0.01836647279560566
activity/outer0/final/token_cnn/s1103,token_cnn,1103,layers.3.weight,3072,2166,906,0.03264404460787773,3072,2166,0.03264404460787773
activity/outer0/final/token_cnn/s1103,token_cnn,1103,layers.3.bias,32,26,6,0.056107115000486374,32,26,0.056107115000486374
activity/outer0/final/token_cnn/s1103,token_cnn,1103,readout.0.weight,131584,47311,84273,0.10774840414524078,131584,47311,0.10774840414524078
activity/outer0/final/token_cnn/s1103,token_cnn,1103,readout.0.bias,64,31,33,0.02015300840139389,64,31,0.02015300840139389
activity/outer0/final/token_cnn/s1103,token_cnn,1103,readout.3.weight,64,31,33,0.28885990381240845,64,31,0.28885990381240845
activity/outer0/final/token_cnn/s1103,token_cnn,1103,readout.3.bias,1,1,0,0.03241996094584465,1,1,0.03241996094584465
activity/outer0/final/token_cnn/s2207,token_cnn,2207,embed.weight,2976,1476,1500,0.27927643060684204,2976,1476,0.27927643060684204
activity/outer0/final/token_cnn/s2207,token_cnn,2207,embed.bias,32,31,1,0.1317952275276184,32,31,0.1317952275276184
activity/outer0/final/token_cnn/s2207,token_cnn,2207,layers.0.weight,3072,2604,468,0.051805444061756134,3072,2604,0.051805444061756134
activity/outer0/final/token_cnn/s2207,token_cnn,2207,layers.0.bias,32,28,4,0.047628600150346756,32,28,0.047628600150346756
activity/outer0/final/token_cnn/s2207,token_cnn,2207,layers.3.weight,3072,2016,1056,0.05795520171523094,3072,2016,0.05795520171523094
activity/outer0/final/token_cnn/s2207,token_cnn,2207,layers.3.bias,32,24,8,0.08030740916728973,32,24,0.08030740916728973
activity/outer0/final/token_cnn/s2207,token_cnn,2207,readout.0.weight,131584,40262,91322,0.21352821588516235,131584,40262,0.21352821588516235
activity/outer0/final/token_cnn/s2207,token_cnn,2207,readout.0.bias,64,27,37,0.039972443133592606,64,27,0.039972443133592606
activity/outer0/final/token_cnn/s2207,token_cnn,2207,readout.3.weight,64,27,37,0.33958810567855835,64,27,0.33958810567855835
activity/outer0/final/token_cnn/s2207,token_cnn,2207,readout.3.bias,1,1,0,0.09560941904783249,1,1,0.09560941904783249
activity/outer0/final/token_cnn/s3301,token_cnn,3301,embed.weight,2976,1508,1468,0.1393391638994217,2976,1508,0.1393391638994217
activity/outer0/final/token_cnn/s3301,token_cnn,3301,embed.bias,32,32,0,0.07627138495445251,32,32,0.07627138495445251
activity/outer0/final/token_cnn/s3301,token_cnn,3301,layers.0.weight,3072,2976,96,0.03041110187768936,3071,2976,0.03041110187768936
activity/outer0/final/token_cnn/s3301,token_cnn,3301,layers.0.bias,32,31,1,0.023856984451413155,32,31,0.023856984451413155
activity/outer0/final/token_cnn/s3301,token_cnn,3301,layers.3.weight,3072,2511,561,0.03840812295675278,3071,2511,0.03840812295675278
activity/outer0/final/token_cnn/s3301,token_cnn,3301,layers.3.bias,32,27,5,0.0550491064786911,32,27,0.0550491064786911
activity/outer0/final/token_cnn/s3301,token_cnn,3301,readout.0.weight,131584,32042,99542,0.10325110703706741,131584,32042,0.10325110703706741
activity/outer0/final/token_cnn/s3301,token_cnn,3301,readout.0.bias,64,21,43,0.01492935698479414,64,21,0.01492935698479414
activity/outer0/final/token_cnn/s3301,token_cnn,3301,readout.3.weight,64,21,43,0.3146742582321167,64,21,0.3146742582321167
activity/outer0/final/token_cnn/s3301,token_cnn,3301,readout.3.bias,1,1,0,0.052111320197582245,1,1,0.052111320197582245
activity/outer0/final/token_cnn/s4409,token_cnn,4409,embed.weight,2976,1510,1466,0.5468794703483582,2976,1510,0.5468794703483582
activity/outer0/final/token_cnn/s4409,token_cnn,4409,embed.bias,32,32,0,0.2919922173023224,32,32,0.2919922173023224
activity/outer0/final/token_cnn/s4409,token_cnn,4409,layers.0.weight,3072,3072,0,0.03718489408493042,3072,3072,0.03718489408493042
activity/outer0/final/token_cnn/s4409,token_cnn,4409,layers.0.bias,32,32,0,0.03991985693573952,32,32,0.03991985693573952
activity/outer0/final/token_cnn/s4409,token_cnn,4409,layers.3.weight,3072,2010,1062,0.054175835102796555,3072,2010,0.054175835102796555
activity/outer0/final/token_cnn/s4409,token_cnn,4409,layers.3.bias,32,21,11,0.07377055287361145,32,21,0.07377055287361145
activity/outer0/final/token_cnn/s4409,token_cnn,4409,readout.0.weight,131584,48214,83370,0.4043053090572357,131584,48214,0.4043053090572357
activity/outer0/final/token_cnn/s4409,token_cnn,4409,readout.0.bias,64,32,32,0.09753820300102234,64,32,0.09753820300102234
activity/outer0/final/token_cnn/s4409,token_cnn,4409,readout.3.weight,64,32,32,0.5809364914894104,64,32,0.5809364914894104
activity/outer0/final/token_cnn/s4409,token_cnn,4409,readout.3.bias,1,1,0,0.2383299022912979,1,1,0.2383299022912979
activity/outer0/final/token_cnn/s5519,token_cnn,5519,embed.weight,2976,1511,1465,0.394034743309021,2976,1511,0.394034743309021
activity/outer0/final/token_cnn/s5519,token_cnn,5519,embed.bias,32,32,0,0.2166806310415268,32,32,0.2166806310415268
activity/outer0/final/token_cnn/s5519,token_cnn,5519,layers.0.weight,3072,2784,288,0.04585551097989082,3072,2784,0.04585551097989082
activity/outer0/final/token_cnn/s5519,token_cnn,5519,layers.0.bias,32,29,3,0.03251062333583832,32,29,0.03251062333583832
activity/outer0/final/token_cnn/s5519,token_cnn,5519,layers.3.weight,3072,2349,723,0.06758413463830948,3072,2349,0.06758413463830948
activity/outer0/final/token_cnn/s5519,token_cnn,5519,layers.3.bias,32,27,5,0.0858444795012474,32,27,0.0858444795012474
activity/outer0/final/token_cnn/s5519,token_cnn,5519,readout.0.weight,131584,18370,113214,0.28306612372398376,131584,18370,0.28306612372398376
activity/outer0/final/token_cnn/s5519,token_cnn,5519,readout.0.bias,64,12,52,0.05353802070021629,64,12,0.05353802070021629
activity/outer0/final/token_cnn/s5519,token_cnn,5519,readout.3.weight,64,12,52,0.3444344103336334,64,12,0.3444344103336334
activity/outer0/final/token_cnn/s5519,token_cnn,5519,readout.3.bias,1,1,0,0.019832942634820938,1,1,0.019832942634820938
activity/outer0/final/token_cnn/s6637,token_cnn,6637,embed.weight,2976,1449,1527,0.3171097934246063,2976,1449,0.3171097934246063
activity/outer0/final/token_cnn/s6637,token_cnn,6637,embed.bias,32,31,1,0.15250177681446075,32,31,0.15250177681446075
activity/outer0/final/token_cnn/s6637,token_cnn,6637,layers.0.weight,3072,2883,189,0.07732050120830536,3071,2883,0.07732050120830536
activity/outer0/final/token_cnn/s6637,token_cnn,6637,layers.0.bias,32,31,1,0.07830171287059784,32,31,0.07830171287059784
activity/outer0/final/token_cnn/s6637,token_cnn,6637,layers.3.weight,3072,2211,861,0.09357477724552155,3072,2211,0.09357477724552155
activity/outer0/final/token_cnn/s6637,token_cnn,6637,layers.3.bias,32,24,8,0.134176105260849,32,24,0.134176105260849
activity/outer0/final/token_cnn/s6637,token_cnn,6637,readout.0.weight,131584,51490,80094,0.2744556665420532,131584,51490,0.2744556665420532
activity/outer0/final/token_cnn/s6637,token_cnn,6637,readout.0.bias,64,35,29,0.05340234935283661,64,35,0.05340234935283661
activity/outer0/final/token_cnn/s6637,token_cnn,6637,readout.3.weight,64,35,29,0.3261798918247223,64,35,0.3261798918247223
activity/outer0/final/token_cnn/s6637,token_cnn,6637,readout.3.bias,1,1,0,0.1235538125038147,1,1,0.1235538125038147
activity/outer0/final/token_cnn/s7753,token_cnn,7753,embed.weight,2976,1365,1611,0.2876601219177246,2976,1365,0.2876601219177246
activity/outer0/final/token_cnn/s7753,token_cnn,7753,embed.bias,32,31,1,0.1334918886423111,32,31,0.1334918886423111
activity/outer0/final/token_cnn/s7753,token_cnn,7753,layers.0.weight,3072,2688,384,0.04775211960077286,3070,2688,0.04775211960077286
activity/outer0/final/token_cnn/s7753,token_cnn,7753,layers.0.bias,32,29,3,0.0478009432554245,32,29,0.0478009432554245
activity/outer0/final/token_cnn/s7753,token_cnn,7753,layers.3.weight,3072,2253,819,0.06727708876132965,3072,2253,0.06727708876132965
activity/outer0/final/token_cnn/s7753,token_cnn,7753,layers.3.bias,32,26,6,0.09379128366708755,32,26,0.09379128366708755
activity/outer0/final/token_cnn/s7753,token_cnn,7753,readout.0.weight,131584,32462,99122,0.22813785076141357,131584,32462,0.22813785076141357
activity/outer0/final/token_cnn/s7753,token_cnn,7753,readout.0.bias,64,22,42,0.04636267200112343,64,22,0.04636267200112343
activity/outer0/final/token_cnn/s7753,token_cnn,7753,readout.3.weight,64,22,42,0.28585565090179443,64,22,0.28585565090179443
activity/outer0/final/token_cnn/s7753,token_cnn,7753,readout.3.bias,1,1,0,0.10449190437793732,1,1,0.10449190437793732
activity/outer0/final/token_cnn/s8867,token_cnn,8867,embed.weight,2976,1500,1476,0.1282595992088318,2976,1500,0.1282595992088318
activity/outer0/final/token_cnn/s8867,token_cnn,8867,embed.bias,32,32,0,0.06890600174665451,32,32,0.06890600174665451
activity/outer0/final/token_cnn/s8867,token_cnn,8867,layers.0.weight,3072,3072,0,0.032066460698843,3072,3072,0.032066460698843
activity/outer0/final/token_cnn/s8867,token_cnn,8867,layers.0.bias,32,32,0,0.029299966990947723,32,32,0.029299966990947723
activity/outer0/final/token_cnn/s8867,token_cnn,8867,layers.3.weight,3072,2304,768,0.031198402866721153,3072,2304,0.031198402866721153
activity/outer0/final/token_cnn/s8867,token_cnn,8867,layers.3.bias,32,24,8,0.051061056554317474,32,24,0.051061056554317474
activity/outer0/final/token_cnn/s8867,token_cnn,8867,readout.0.weight,131584,25947,105637,0.09957243502140045,131584,25947,0.09957243502140045
activity/outer0/final/token_cnn/s8867,token_cnn,8867,readout.0.bias,64,17,47,0.015501616522669792,64,17,0.015501616522669792
activity/outer0/final/token_cnn/s8867,token_cnn,8867,readout.3.weight,64,17,47,0.23425805568695068,64,17,0.23425805568695068
activity/outer0/final/token_cnn/s8867,token_cnn,8867,readout.3.bias,1,1,0,0.04732421785593033,1,1,0.04732421785593033
activity/outer0/final/token_cnn/s9973,token_cnn,9973,embed.weight,2976,1504,1472,0.6128514409065247,2976,1504,0.6128514409065247
activity/outer0/final/token_cnn/s9973,token_cnn,9973,embed.bias,32,32,0,0.34536418318748474,32,32,0.34536418318748474
activity/outer0/final/token_cnn/s9973,token_cnn,9973,layers.0.weight,3072,2592,480,0.060732387006282806,3072,2592,0.060732387006282806
activity/outer0/final/token_cnn/s9973,token_cnn,9973,layers.0.bias,32,27,5,0.05701201409101486,32,27,0.05701201409101486
activity/outer0/final/token_cnn/s9973,token_cnn,9973,layers.3.weight,3072,2268,804,0.05900277569890022,3071,2268,0.05900277569890022
activity/outer0/final/token_cnn/s9973,token_cnn,9973,layers.3.bias,32,28,4,0.12224198877811432,32,28,0.12224198877811432
activity/outer0/final/token_cnn/s9973,token_cnn,9973,readout.0.weight,131584,45972,85612,0.36054304242134094,131584,45972,0.36054304242134094
activity/outer0/final/token_cnn/s9973,token_cnn,9973,readout.0.bias,64,31,33,0.07462873309850693,64,31,0.07462873309850693
activity/outer0/final/token_cnn/s9973,token_cnn,9973,readout.3.weight,64,31,33,0.3631131649017334,64,31,0.3631131649017334
activity/outer0/final/token_cnn/s9973,token_cnn,9973,readout.3.bias,1,1,0,0.16595180332660675,1,1,0.16595180332660675
activity/outer1/final/corrected_gnn/s11027,corrected_gnn,11027,embed.weight,2976,1755,1221,0.5134633183479309,1779,1755,0.5134633183479309
activity/outer1/final/corrected_gnn/s11027,corrected_gnn,11027,embed.bias,32,32,0,0.2491176724433899,32,32,0.2491176724433899
activity/outer1/final/corrected_gnn/s11027,corrected_gnn,11027,self_layers.0.weight,1024,670,354,0.09591475129127502,671,670,0.09591475129127502
activity/outer1/final/corrected_gnn/s11027,corrected_gnn,11027,self_layers.0.bias,32,21,11,0.2006024569272995,21,21,0.2006024569272995
activity/outer1/final/corrected_gnn/s11027,corrected_gnn,11027,self_layers.1.weight,1024,1024,0,0.08659400045871735,1024,1024,0.08659400045871735
activity/outer1/final/corrected_gnn/s11027,corrected_gnn,11027,self_layers.1.bias,32,32,0,0.01625865325331688,32,32,0.01625865325331688
activity/outer1/final/corrected_gnn/s11027,corrected_gnn,11027,norms.0.weight,32,32,0,0.02664308249950409,32,32,0.02664308249950409
activity/outer1/final/corrected_gnn/s11027,corrected_gnn,11027,norms.0.bias,32,32,0,0.026008404791355133,32,32,0.026008404791355133
activity/outer1/final/corrected_gnn/s11027,corrected_gnn,11027,norms.1.weight,32,32,0,0.02128617838025093,32,32,0.02128617838025093
activity/outer1/final/corrected_gnn/s11027,corrected_gnn,11027,norms.1.bias,32,32,0,0.019477395340800285,32,32,0.019477395340800285
activity/outer1/final/corrected_gnn/s11027,corrected_gnn,11027,message_weights.0,8192,2009,6183,0.0577634759247303,2010,2009,0.0577634759247303
activity/outer1/final/corrected_gnn/s11027,corrected_gnn,11027,message_weights.1,8192,3072,5120,0.0511276051402092,3072,3072,0.0511276051402092
activity/outer1/final/corrected_gnn/s11027,corrected_gnn,11027,readout.0.weight,131584,59634,71950,1.1070407629013062,93344,59634,1.1070407629013062
activity/outer1/final/corrected_gnn/s11027,corrected_gnn,11027,readout.0.bias,64,41,23,0.029721051454544067,64,41,0.029721051454544067
activity/outer1/final/corrected_gnn/s11027,corrected_gnn,11027,readout.3.weight,64,41,23,0.2627583146095276,64,41,0.2627583146095276
activity/outer1/final/corrected_gnn/s11027,corrected_gnn,11027,readout.3.bias,1,1,0,0.06833973526954651,1,1,0.06833973526954651
activity/outer1/final/corrected_gnn/s1103,corrected_gnn,1103,embed.weight,2976,1840,1136,0.870340883731842,1852,1840,0.870340883731842
activity/outer1/final/corrected_gnn/s1103,corrected_gnn,1103,embed.bias,32,32,0,0.4597378075122833,32,32,0.4597378075122833
activity/outer1/final/corrected_gnn/s1103,corrected_gnn,1103,self_layers.0.weight,1024,694,330,0.13616319000720978,718,694,0.13616319000720978
activity/outer1/final/corrected_gnn/s1103,corrected_gnn,1103,self_layers.0.bias,32,22,10,0.2465713918209076,23,22,0.2465713918209076
activity/outer1/final/corrected_gnn/s1103,corrected_gnn,1103,self_layers.1.weight,1024,1024,0,0.10850346833467484,1024,1024,0.10850346833467484
activity/outer1/final/corrected_gnn/s1103,corrected_gnn,1103,self_layers.1.bias,32,32,0,0.018985727801918983,32,32,0.018985727801918983
activity/outer1/final/corrected_gnn/s1103,corrected_gnn,1103,norms.0.weight,32,32,0,0.038427021354436874,32,32,0.038427021354436874
activity/outer1/final/corrected_gnn/s1103,corrected_gnn,1103,norms.0.bias,32,32,0,0.048536062240600586,32,32,0.048536062240600586
activity/outer1/final/corrected_gnn/s1103,corrected_gnn,1103,norms.1.weight,32,32,0,0.03406199812889099,32,32,0.03406199812889099
activity/outer1/final/corrected_gnn/s1103,corrected_gnn,1103,norms.1.bias,32,32,0,0.04554973170161247,32,32,0.04554973170161247
activity/outer1/final/corrected_gnn/s1103,corrected_gnn,1103,message_weights.0,8192,2094,6098,0.07964498549699783,2162,2094,0.07964498549699783
activity/outer1/final/corrected_gnn/s1103,corrected_gnn,1103,message_weights.1,8192,3072,5120,0.06182589754462242,3072,3072,0.06182589754462242
activity/outer1/final/corrected_gnn/s1103,corrected_gnn,1103,readout.0.weight,131584,61428,70156,1.8352479934692383,90620,61428,1.8352479934692383
activity/outer1/final/corrected_gnn/s1103,corrected_gnn,1103,readout.0.bias,64,42,22,0.05577819049358368,62,42,0.05577819049358368
activity/outer1/final/corrected_gnn/s1103,corrected_gnn,1103,readout.3.weight,64,42,22,0.502457857131958,62,42,0.502457857131958
activity/outer1/final/corrected_gnn/s1103,corrected_gnn,1103,readout.3.bias,1,1,0,0.15544092655181885,1,1,0.15544092655181885
activity/outer1/final/corrected_gnn/s2207,corrected_gnn,2207,embed.weight,2976,1773,1203,1.8686217069625854,1787,1773,1.8686217069625854
activity/outer1/final/corrected_gnn/s2207,corrected_gnn,2207,embed.bias,32,31,1,0.965106189250946,32,31,0.965106189250946
activity/outer1/final/corrected_gnn/s2207,corrected_gnn,2207,self_layers.0.weight,1024,749,275,0.41223767399787903,786,749,0.41223767399787903
activity/outer1/final/corrected_gnn/s2207,corrected_gnn,2207,self_layers.0.bias,32,25,7,0.7678570747375488,26,25,0.7678570747375488
activity/outer1/final/corrected_gnn/s2207,corrected_gnn,2207,self_layers.1.weight,1024,1024,0,0.2950238883495331,1024,1024,0.2950238883495331
activity/outer1/final/corrected_gnn/s2207,corrected_gnn,2207,self_layers.1.bias,32,32,0,0.056010499596595764,32,32,0.056010499596595764
activity/outer1/final/corrected_gnn/s2207,corrected_gnn,2207,norms.0.weight,32,32,0,0.11163721978664398,32,32,0.11163721978664398
activity/outer1/final/corrected_gnn/s2207,corrected_gnn,2207,norms.0.bias,32,32,0,0.11616282165050507,32,32,0.11616282165050507
activity/outer1/final/corrected_gnn/s2207,corrected_gnn,2207,norms.1.weight,32,32,0,0.09439834207296371,32,32,0.09439834207296371
activity/outer1/final/corrected_gnn/s2207,corrected_gnn,2207,norms.1.bias,32,32,0,0.11212386935949326,32,32,0.11212386935949326
activity/outer1/final/corrected_gnn/s2207,corrected_gnn,2207,message_weights.0,8192,2216,5976,0.24140159785747528,2337,2216,0.24140159785747528
activity/outer1/final/corrected_gnn/s2207,corrected_gnn,2207,message_weights.1,8192,3072,5120,0.1739431470632553,3072,3072,0.1739431470632553
activity/outer1/final/corrected_gnn/s2207,corrected_gnn,2207,readout.0.weight,131584,67004,64580,5.235508441925049,89338,67004,5.235508441925049
activity/outer1/final/corrected_gnn/s2207,corrected_gnn,2207,readout.0.bias,64,46,18,0.15389828383922577,61,46,0.15389828383922577
activity/outer1/final/corrected_gnn/s2207,corrected_gnn,2207,readout.3.weight,64,46,18,1.8114732503890991,61,46,1.8114732503890991
activity/outer1/final/corrected_gnn/s2207,corrected_gnn,2207,readout.3.bias,1,1,0,0.3706188499927521,1,1,0.3706188499927521
activity/outer1/final/corrected_gnn/s3301,corrected_gnn,3301,embed.weight,2976,1792,1184,0.4518603980541229,1804,1792,0.4518603980541229
activity/outer1/final/corrected_gnn/s3301,corrected_gnn,3301,embed.bias,32,32,0,0.21242894232273102,32,32,0.21242894232273102
activity/outer1/final/corrected_gnn/s3301,corrected_gnn,3301,self_layers.0.weight,1024,859,165,0.11826598644256592,881,859,0.11826598644256592
activity/outer1/final/corrected_gnn/s3301,corrected_gnn,3301,self_layers.0.bias,32,28,4,0.17656904458999634,29,28,0.17656904458999634
activity/outer1/final/corrected_gnn/s3301,corrected_gnn,3301,self_layers.1.weight,1024,1024,0,0.10560823231935501,1024,1024,0.10560823231935501
activity/outer1/final/corrected_gnn/s3301,corrected_gnn,3301,self_layers.1.bias,32,32,0,0.020031793043017387,32,32,0.020031793043017387
activity/outer1/final/corrected_gnn/s3301,corrected_gnn,3301,norms.0.weight,32,32,0,0.02723994478583336,32,32,0.02723994478583336
activity/outer1/final/corrected_gnn/s3301,corrected_gnn,3301,norms.0.bias,32,32,0,0.029850345104932785,32,32,0.029850345104932785
activity/outer1/final/corrected_gnn/s3301,corrected_gnn,3301,norms.1.weight,32,32,0,0.022440986707806587,32,32,0.022440986707806587
activity/outer1/final/corrected_gnn/s3301,corrected_gnn,3301,norms.1.bias,32,32,0,0.021363189443945885,32,32,0.021363189443945885
activity/outer1/final/corrected_gnn/s3301,corrected_gnn,3301,message_weights.0,8192,2577,5615,0.06873761862516403,2611,2577,0.06873761862516403
activity/outer1/final/corrected_gnn/s3301,corrected_gnn,3301,message_weights.1,8192,3072,5120,0.06196598336100578,3072,3072,0.06196598336100578
activity/outer1/final/corrected_gnn/s3301,corrected_gnn,3301,readout.0.weight,131584,67132,64452,0.8580877184867859,93504,67132,0.8580877184867859
activity/outer1/final/corrected_gnn/s3301,corrected_gnn,3301,readout.0.bias,64,46,18,0.020383361726999283,64,46,0.020383361726999283
activity/outer1/final/corrected_gnn/s3301,corrected_gnn,3301,readout.3.weight,64,46,18,0.25406211614608765,64,46,0.25406211614608765
activity/outer1/final/corrected_gnn/s3301,corrected_gnn,3301,readout.3.bias,1,1,0,0.03413219004869461,1,1,0.03413219004869461
activity/outer1/final/corrected_gnn/s4409,corrected_gnn,4409,embed.weight,2976,1816,1160,0.8163884282112122,1823,1816,0.8163884282112122
activity/outer1/final/corrected_gnn/s4409,corrected_gnn,4409,embed.bias,32,32,0,0.4577213227748871,32,32,0.4577213227748871
activity/outer1/final/corrected_gnn/s4409,corrected_gnn,4409,self_layers.0.weight,1024,858,166,0.15994983911514282,861,858,0.15994983911514282
activity/outer1/final/corrected_gnn/s4409,corrected_gnn,4409,self_layers.0.bias,32,28,4,0.32390153408050537,28,28,0.32390153408050537
activity/outer1/final/corrected_gnn/s4409,corrected_gnn,4409,self_layers.1.weight,1024,1024,0,0.11859510838985443,1024,1024,0.11859510838985443
activity/outer1/final/corrected_gnn/s4409,corrected_gnn,4409,self_layers.1.bias,32,32,0,0.025458412244915962,32,32,0.025458412244915962
activity/outer1/final/corrected_gnn/s4409,corrected_gnn,4409,norms.0.weight,32,32,0,0.03552116081118584,32,32,0.03552116081118584
activity/outer1/final/corrected_gnn/s4409,corrected_gnn,4409,norms.0.bias,32,32,0,0.04919932782649994,32,32,0.04919932782649994
activity/outer1/final/corrected_gnn/s4409,corrected_gnn,4409,norms.1.weight,32,32,0,0.02301529422402382,32,32,0.02301529422402382
activity/outer1/final/corrected_gnn/s4409,corrected_gnn,4409,norms.1.bias,32,32,0,0.039309047162532806,32,32,0.039309047162532806
activity/outer1/final/corrected_gnn/s4409,corrected_gnn,4409,message_weights.0,8192,2591,5601,0.09658342599868774,2596,2591,0.09658342599868774
activity/outer1/final/corrected_gnn/s4409,corrected_gnn,4409,message_weights.1,8192,3072,5120,0.06856153160333633,3072,3072,0.06856153160333633
activity/outer1/final/corrected_gnn/s4409,corrected_gnn,4409,readout.0.weight,131584,73316,58268,1.4131951332092285,90524,73316,1.4131951332092285
activity/outer1/final/corrected_gnn/s4409,corrected_gnn,4409,readout.0.bias,64,50,14,0.0403459407389164,62,50,0.0403459407389164
activity/outer1/final/corrected_gnn/s4409,corrected_gnn,4409,readout.3.weight,64,50,14,0.3080780804157257,62,50,0.3080780804157257
activity/outer1/final/corrected_gnn/s4409,corrected_gnn,4409,readout.3.bias,1,1,0,0.08787819743156433,1,1,0.08787819743156433
activity/outer1/final/corrected_gnn/s5519,corrected_gnn,5519,embed.weight,2976,1835,1141,0.5276804566383362,1843,1835,0.5276804566383362
activity/outer1/final/corrected_gnn/s5519,corrected_gnn,5519,embed.bias,32,32,0,0.25565674901008606,32,32,0.25565674901008606
activity/outer1/final/corrected_gnn/s5519,corrected_gnn,5519,self_layers.0.weight,1024,755,269,0.11406505852937698,760,755,0.11406505852937698
activity/outer1/final/corrected_gnn/s5519,corrected_gnn,5519,self_layers.0.bias,32,25,7,0.1908038705587387,25,25,0.1908038705587387
activity/outer1/final/corrected_gnn/s5519,corrected_gnn,5519,self_layers.1.weight,1024,1024,0,0.11405034363269806,1024,1024,0.11405034363269806
activity/outer1/final/corrected_gnn/s5519,corrected_gnn,5519,self_layers.1.bias,32,32,0,0.020576508715748787,32,32,0.020576508715748787
activity/outer1/final/corrected_gnn/s5519,corrected_gnn,5519,norms.0.weight,32,32,0,0.030611112713813782,32,32,0.030611112713813782
activity/outer1/final/corrected_gnn/s5519,corrected_gnn,5519,norms.0.bias,32,32,0,0.03173596411943436,32,32,0.03173596411943436
activity/outer1/final/corrected_gnn/s5519,corrected_gnn,5519,norms.1.weight,32,32,0,0.03453100100159645,32,32,0.03453100100159645
activity/outer1/final/corrected_gnn/s5519,corrected_gnn,5519,norms.1.bias,32,32,0,0.030721239745616913,32,32,0.030721239745616913
activity/outer1/final/corrected_gnn/s5519,corrected_gnn,5519,message_weights.0,8192,2295,5897,0.06492431461811066,2315,2295,0.06492431461811066
activity/outer1/final/corrected_gnn/s5519,corrected_gnn,5519,message_weights.1,8192,3072,5120,0.06723343580961227,3072,3072,0.06723343580961227
activity/outer1/final/corrected_gnn/s5519,corrected_gnn,5519,readout.0.weight,131584,64600,66984,1.8894610404968262,83570,64600,1.8894610404968262
activity/outer1/final/corrected_gnn/s5519,corrected_gnn,5519,readout.0.bias,64,44,20,0.05075959116220474,57,44,0.05075959116220474
activity/outer1/final/corrected_gnn/s5519,corrected_gnn,5519,readout.3.weight,64,44,20,0.5617362856864929,57,44,0.5617362856864929
activity/outer1/final/corrected_gnn/s5519,corrected_gnn,5519,readout.3.bias,1,1,0,0.11624719202518463,1,1,0.11624719202518463
activity/outer1/final/corrected_gnn/s6637,corrected_gnn,6637,embed.weight,2976,1620,1356,0.363803893327713,1637,1620,0.363803893327713
activity/outer1/final/corrected_gnn/s6637,corrected_gnn,6637,embed.bias,32,31,1,0.2031957358121872,31,31,0.2031957358121872
activity/outer1/final/corrected_gnn/s6637,corrected_gnn,6637,self_layers.0.weight,1024,799,225,0.07432637363672256,813,799,0.07432637363672256
activity/outer1/final/corrected_gnn/s6637,corrected_gnn,6637,self_layers.0.bias,32,26,6,0.14198797941207886,27,26,0.14198797941207886
activity/outer1/final/corrected_gnn/s6637,corrected_gnn,6637,self_layers.1.weight,1024,1024,0,0.06686122715473175,1024,1024,0.06686122715473175
activity/outer1/final/corrected_gnn/s6637,corrected_gnn,6637,self_layers.1.bias,32,32,0,0.01306251809000969,32,32,0.01306251809000969
activity/outer1/final/corrected_gnn/s6637,corrected_gnn,6637,norms.0.weight,32,32,0,0.02013874240219593,32,32,0.02013874240219593
activity/outer1/final/corrected_gnn/s6637,corrected_gnn,6637,norms.0.bias,32,32,0,0.024797137826681137,32,32,0.024797137826681137
activity/outer1/final/corrected_gnn/s6637,corrected_gnn,6637,norms.1.weight,32,32,0,0.019372403621673584,32,32,0.019372403621673584
activity/outer1/final/corrected_gnn/s6637,corrected_gnn,6637,norms.1.bias,32,32,0,0.023425016552209854,32,32,0.023425016552209854
activity/outer1/final/corrected_gnn/s6637,corrected_gnn,6637,message_weights.0,8192,2396,5796,0.0438617467880249,2453,2396,0.0438617467880249
activity/outer1/final/corrected_gnn/s6637,corrected_gnn,6637,message_weights.1,8192,3072,5120,0.04054522141814232,3072,3072,0.04054522141814232
activity/outer1/final/corrected_gnn/s6637,corrected_gnn,6637,readout.0.weight,131584,61460,70124,1.025434970855713,91582,61460,1.025434970855713
activity/outer1/final/corrected_gnn/s6637,corrected_gnn,6637,readout.0.bias,64,42,22,0.028802454471588135,63,42,0.028802454471588135
activity/outer1/final/corrected_gnn/s6637,corrected_gnn,6637,readout.3.weight,64,42,22,0.2894170582294464,63,42,0.2894170582294464
activity/outer1/final/corrected_gnn/s6637,corrected_gnn,6637,readout.3.bias,1,1,0,0.06811406463384628,1,1,0.06811406463384628
activity/outer1/final/corrected_gnn/s7753,corrected_gnn,7753,embed.weight,2976,1682,1294,0.5426520109176636,1687,1682,0.5426520109176636
activity/outer1/final/corrected_gnn/s7753,corrected_gnn,7753,embed.bias,32,32,0,0.23510685563087463,32,32,0.23510685563087463
activity/outer1/final/corrected_gnn/s7753,corrected_gnn,7753,self_layers.0.weight,1024,831,193,0.11722100526094437,831,831,0.11722100526094437
activity/outer1/final/corrected_gnn/s7753,corrected_gnn,7753,self_layers.0.bias,32,26,6,0.2948499023914337,26,26,0.2948499023914337
activity/outer1/final/corrected_gnn/s7753,corrected_gnn,7753,self_layers.1.weight,1024,1024,0,0.0996120274066925,1024,1024,0.0996120274066925
activity/outer1/final/corrected_gnn/s7753,corrected_gnn,7753,self_layers.1.bias,32,32,0,0.018116502091288567,32,32,0.018116502091288567
activity/outer1/final/corrected_gnn/s7753,corrected_gnn,7753,norms.0.weight,32,32,0,0.032325904816389084,32,32,0.032325904816389084
activity/outer1/final/corrected_gnn/s7753,corrected_gnn,7753,norms.0.bias,32,32,0,0.028188353404402733,32,32,0.028188353404402733
activity/outer1/final/corrected_gnn/s7753,corrected_gnn,7753,norms.1.weight,32,32,0,0.03480350598692894,32,32,0.03480350598692894
activity/outer1/final/corrected_gnn/s7753,corrected_gnn,7753,norms.1.bias,32,32,0,0.025122519582509995,32,32,0.025122519582509995
activity/outer1/final/corrected_gnn/s7753,corrected_gnn,7753,message_weights.0,8192,2492,5700,0.07637212425470352,2493,2492,0.07637212425470352
activity/outer1/final/corrected_gnn/s7753,corrected_gnn,7753,message_weights.1,8192,3072,5120,0.061764948070049286,3072,3072,0.061764948070049286
activity/outer1/final/corrected_gnn/s7753,corrected_gnn,7753,readout.0.weight,131584,64280,67304,1.632493019104004,87960,64280,1.632493019104004
activity/outer1/final/corrected_gnn/s7753,corrected_gnn,7753,readout.0.bias,64,44,20,0.041722338646650314,60,44,0.041722338646650314
activity/outer1/final/corrected_gnn/s7753,corrected_gnn,7753,readout.3.weight,64,44,20,0.37654054164886475,60,44,0.37654054164886475
activity/outer1/final/corrected_gnn/s7753,corrected_gnn,7753,readout.3.bias,1,1,0,0.08363432437181473,1,1,0.08363432437181473
activity/outer1/final/corrected_gnn/s8867,corrected_gnn,8867,embed.weight,2976,1834,1142,0.4522019028663635,1847,1834,0.4522019028663635
activity/outer1/final/corrected_gnn/s8867,corrected_gnn,8867,embed.bias,32,32,0,0.22724513709545135,32,32,0.22724513709545135
activity/outer1/final/corrected_gnn/s8867,corrected_gnn,8867,self_layers.0.weight,1024,821,203,0.1084020659327507,839,821,0.1084020659327507
activity/outer1/final/corrected_gnn/s8867,corrected_gnn,8867,self_layers.0.bias,32,27,5,0.1480240672826767,27,27,0.1480240672826767
activity/outer1/final/corrected_gnn/s8867,corrected_gnn,8867,self_layers.1.weight,1024,1024,0,0.08553589880466461,1024,1024,0.08553589880466461
activity/outer1/final/corrected_gnn/s8867,corrected_gnn,8867,self_layers.1.bias,32,32,0,0.016343874856829643,32,32,0.016343874856829643
activity/outer1/final/corrected_gnn/s8867,corrected_gnn,8867,norms.0.weight,32,32,0,0.021470999345183372,32,32,0.021470999345183372
activity/outer1/final/corrected_gnn/s8867,corrected_gnn,8867,norms.0.bias,32,32,0,0.02789747156202793,32,32,0.02789747156202793
activity/outer1/final/corrected_gnn/s8867,corrected_gnn,8867,norms.1.weight,32,32,0,0.021565178409218788,32,32,0.021565178409218788
activity/outer1/final/corrected_gnn/s8867,corrected_gnn,8867,norms.1.bias,32,32,0,0.02376294694840908,32,32,0.02376294694840908
activity/outer1/final/corrected_gnn/s8867,corrected_gnn,8867,message_weights.0,8192,2462,5730,0.06688840687274933,2492,2462,0.06688840687274933
activity/outer1/final/corrected_gnn/s8867,corrected_gnn,8867,message_weights.1,8192,3072,5120,0.052143603563308716,3072,3072,0.052143603563308716
activity/outer1/final/corrected_gnn/s8867,corrected_gnn,8867,readout.0.weight,131584,52808,78776,1.040786862373352,87576,52808,1.040786862373352
activity/outer1/final/corrected_gnn/s8867,corrected_gnn,8867,readout.0.bias,64,36,28,0.027389781549572945,60,36,0.027389781549572945
activity/outer1/final/corrected_gnn/s8867,corrected_gnn,8867,readout.3.weight,64,36,28,0.29976898431777954,60,36,0.29976898431777954
activity/outer1/final/corrected_gnn/s8867,corrected_gnn,8867,readout.3.bias,1,1,0,0.0605488121509552,1,1,0.0605488121509552
activity/outer1/final/corrected_gnn/s9973,corrected_gnn,9973,embed.weight,2976,1809,1167,0.3582875728607178,1822,1809,0.3582875728607178
activity/outer1/final/corrected_gnn/s9973,corrected_gnn,9973,embed.bias,32,32,0,0.09693114459514618,32,32,0.09693114459514618
activity/outer1/final/corrected_gnn/s9973,corrected_gnn,9973,self_layers.0.weight,1024,870,154,0.07854999601840973,880,870,0.07854999601840973
activity/outer1/final/corrected_gnn/s9973,corrected_gnn,9973,self_layers.0.bias,32,28,4,0.09060744941234589,28,28,0.09060744941234589
activity/outer1/final/corrected_gnn/s9973,corrected_gnn,9973,self_layers.1.weight,1024,1024,0,0.051772892475128174,1024,1024,0.051772892475128174
activity/outer1/final/corrected_gnn/s9973,corrected_gnn,9973,self_layers.1.bias,32,32,0,0.006629263516515493,32,32,0.006629263516515493
activity/outer1/final/corrected_gnn/s9973,corrected_gnn,9973,norms.0.weight,32,32,0,0.014030084013938904,32,32,0.014030084013938904
activity/outer1/final/corrected_gnn/s9973,corrected_gnn,9973,norms.0.bias,32,32,0,0.011110027320683002,32,32,0.011110027320683002
activity/outer1/final/corrected_gnn/s9973,corrected_gnn,9973,norms.1.weight,32,32,0,0.01712244190275669,32,32,0.01712244190275669
activity/outer1/final/corrected_gnn/s9973,corrected_gnn,9973,norms.1.bias,32,32,0,0.006239896174520254,32,32,0.006239896174520254
activity/outer1/final/corrected_gnn/s9973,corrected_gnn,9973,message_weights.0,8192,2623,5569,0.044396039098501205,2662,2623,0.044396039098501205
activity/outer1/final/corrected_gnn/s9973,corrected_gnn,9973,message_weights.1,8192,3072,5120,0.03109094686806202,3072,3072,0.03109094686806202
activity/outer1/final/corrected_gnn/s9973,corrected_gnn,9973,readout.0.weight,131584,65882,65702,0.5901544690132141,93376,65882,0.5901544690132141
activity/outer1/final/corrected_gnn/s9973,corrected_gnn,9973,readout.0.bias,64,45,19,0.008949831128120422,64,45,0.008949831128120422
activity/outer1/final/corrected_gnn/s9973,corrected_gnn,9973,readout.3.weight,64,45,19,0.14343562722206116,64,45,0.14343562722206116
activity/outer1/final/corrected_gnn/s9973,corrected_gnn,9973,readout.3.bias,1,1,0,0.005418352782726288,1,1,0.005418352782726288
activity/outer1/final/corrected_no_message/s11027,corrected_no_message,11027,embed.weight,2976,1757,1219,0.2634393572807312,1777,1757,0.2634393572807312
activity/outer1/final/corrected_no_message/s11027,corrected_no_message,11027,embed.bias,32,32,0,0.11507435888051987,32,32,0.11507435888051987
activity/outer1/final/corrected_no_message/s11027,corrected_no_message,11027,self_layers.0.weight,1024,665,359,0.044905886054039,666,665,0.044905886054039
activity/outer1/final/corrected_no_message/s11027,corrected_no_message,11027,self_layers.0.bias,32,21,11,0.076514832675457,21,21,0.076514832675457
activity/outer1/final/corrected_no_message/s11027,corrected_no_message,11027,self_layers.1.weight,1024,1024,0,0.04660455510020256,1024,1024,0.04660455510020256
activity/outer1/final/corrected_no_message/s11027,corrected_no_message,11027,self_layers.1.bias,32,32,0,0.008120906539261341,32,32,0.008120906539261341
activity/outer1/final/corrected_no_message/s11027,corrected_no_message,11027,norms.0.weight,32,32,0,0.012013014405965805,32,32,0.012013014405965805
activity/outer1/final/corrected_no_message/s11027,corrected_no_message,11027,norms.0.bias,32,32,0,0.012059707194566727,32,32,0.012059707194566727
activity/outer1/final/corrected_no_message/s11027,corrected_no_message,11027,norms.1.weight,32,32,0,0.01628085970878601,32,32,0.01628085970878601
activity/outer1/final/corrected_no_message/s11027,corrected_no_message,11027,norms.1.bias,32,32,0,0.009831633418798447,32,32,0.009831633418798447
activity/outer1/final/corrected_no_message/s11027,corrected_no_message,11027,message_weights.0,8192,1993,6199,0.027917619794607162,1996,1993,0.027917619794607162
activity/outer1/final/corrected_no_message/s11027,corrected_no_message,11027,message_weights.1,8192,3072,5120,0.028815239667892456,3072,3072,0.028815239667892456
activity/outer1/final/corrected_no_message/s11027,corrected_no_message,11027,readout.0.weight,131584,57006,74578,0.6955224275588989,93024,57006,0.6955224275588989
activity/outer1/final/corrected_no_message/s11027,corrected_no_message,11027,readout.0.bias,64,39,25,0.015884025022387505,64,39,0.015884025022387505
activity/outer1/final/corrected_no_message/s11027,corrected_no_message,11027,readout.3.weight,64,39,25,0.2381875067949295,64,39,0.2381875067949295
activity/outer1/final/corrected_no_message/s11027,corrected_no_message,11027,readout.3.bias,1,1,0,0.04300760105252266,1,1,0.04300760105252266
activity/outer1/final/corrected_no_message/s1103,corrected_no_message,1103,embed.weight,2976,1836,1140,1.4296256303787231,1844,1836,1.4296256303787231
activity/outer1/final/corrected_no_message/s1103,corrected_no_message,1103,embed.bias,32,32,0,0.7738908529281616,32,32,0.7738908529281616
activity/outer1/final/corrected_no_message/s1103,corrected_no_message,1103,self_layers.0.weight,1024,690,334,0.25250816345214844,693,690,0.25250816345214844
activity/outer1/final/corrected_no_message/s1103,corrected_no_message,1103,self_layers.0.bias,32,22,10,0.46791160106658936,22,22,0.46791160106658936
activity/outer1/final/corrected_no_message/s1103,corrected_no_message,1103,self_layers.1.weight,1024,1024,0,0.19449472427368164,1024,1024,0.19449472427368164
activity/outer1/final/corrected_no_message/s1103,corrected_no_message,1103,self_layers.1.bias,32,32,0,0.037045057862997055,32,32,0.037045057862997055
activity/outer1/final/corrected_no_message/s1103,corrected_no_message,1103,norms.0.weight,32,32,0,0.06046833097934723,32,32,0.06046833097934723
activity/outer1/final/corrected_no_message/s1103,corrected_no_message,1103,norms.0.bias,32,32,0,0.08581797778606415,32,32,0.08581797778606415
activity/outer1/final/corrected_no_message/s1103,corrected_no_message,1103,norms.1.weight,32,32,0,0.050557542592287064,32,32,0.050557542592287064
activity/outer1/final/corrected_no_message/s1103,corrected_no_message,1103,norms.1.bias,32,32,0,0.07965462654829025,32,32,0.07965462654829025
activity/outer1/final/corrected_no_message/s1103,corrected_no_message,1103,message_weights.0,8192,2066,6126,0.15090015530586243,2073,2066,0.15090015530586243
activity/outer1/final/corrected_no_message/s1103,corrected_no_message,1103,message_weights.1,8192,3072,5120,0.11688867211341858,3072,3072,0.11688867211341858
activity/outer1/final/corrected_no_message/s1103,corrected_no_message,1103,readout.0.weight,131584,65882,65702,3.1056673526763916,90716,65882,3.1056673526763916
activity/outer1/final/corrected_no_message/s1103,corrected_no_message,1103,readout.0.bias,64,45,19,0.09533277899026871,62,45,0.09533277899026871
activity/outer1/final/corrected_no_message/s1103,corrected_no_message,1103,readout.3.weight,64,45,19,0.928820013999939,62,45,0.928820013999939
activity/outer1/final/corrected_no_message/s1103,corrected_no_message,1103,readout.3.bias,1,1,0,0.2569335401058197,1,1,0.2569335401058197
activity/outer1/final/corrected_no_message/s2207,corrected_no_message,2207,embed.weight,2976,1782,1194,1.6997088193893433,1813,1782,1.6997088193893433
activity/outer1/final/corrected_no_message/s2207,corrected_no_message,2207,embed.bias,32,32,0,0.9217813611030579,32,32,0.9217813611030579
activity/outer1/final/corrected_no_message/s2207,corrected_no_message,2207,self_layers.0.weight,1024,782,242,0.2886736989021301,793,782,0.2886736989021301
activity/outer1/final/corrected_no_message/s2207,corrected_no_message,2207,self_layers.0.bias,32,25,7,0.5564151406288147,25,25,0.5564151406288147
activity/outer1/final/corrected_no_message/s2207,corrected_no_message,2207,self_layers.1.weight,1024,1024,0,0.2105581909418106,1024,1024,0.2105581909418106
activity/outer1/final/corrected_no_message/s2207,corrected_no_message,2207,self_layers.1.bias,32,32,0,0.04307466745376587,32,32,0.04307466745376587
activity/outer1/final/corrected_no_message/s2207,corrected_no_message,2207,norms.0.weight,32,32,0,0.07875928282737732,32,32,0.07875928282737732
activity/outer1/final/corrected_no_message/s2207,corrected_no_message,2207,norms.0.bias,32,32,0,0.09853459894657135,32,32,0.09853459894657135
activity/outer1/final/corrected_no_message/s2207,corrected_no_message,2207,norms.1.weight,32,32,0,0.06815183907747269,32,32,0.06815183907747269
activity/outer1/final/corrected_no_message/s2207,corrected_no_message,2207,norms.1.bias,32,32,0,0.09304152429103851,32,32,0.09304152429103851
activity/outer1/final/corrected_no_message/s2207,corrected_no_message,2207,message_weights.0,8192,2342,5850,0.17470982670783997,2377,2342,0.17470982670783997
activity/outer1/final/corrected_no_message/s2207,corrected_no_message,2207,message_weights.1,8192,3072,5120,0.12705804407596588,3072,3072,0.12705804407596588
activity/outer1/final/corrected_no_message/s2207,corrected_no_message,2207,readout.0.weight,131584,67164,64420,2.577702760696411,91934,67164,2.577702760696411
activity/outer1/final/corrected_no_message/s2207,corrected_no_message,2207,readout.0.bias,64,46,18,0.07783307880163193,63,46,0.07783307880163193
activity/outer1/final/corrected_no_message/s2207,corrected_no_message,2207,readout.3.weight,64,46,18,0.9857578873634338,63,46,0.9857578873634338
activity/outer1/final/corrected_no_message/s2207,corrected_no_message,2207,readout.3.bias,1,1,0,0.18525975942611694,1,1,0.18525975942611694
activity/outer1/final/corrected_no_message/s3301,corrected_no_message,3301,embed.weight,2976,1788,1188,0.687250018119812,1795,1788,0.687250018119812
activity/outer1/final/corrected_no_message/s3301,corrected_no_message,3301,embed.bias,32,32,0,0.3627166450023651,32,32,0.3627166450023651
activity/outer1/final/corrected_no_message/s3301,corrected_no_message,3301,self_layers.0.weight,1024,852,172,0.1849527657032013,857,852,0.1849527657032013
activity/outer1/final/corrected_no_message/s3301,corrected_no_message,3301,self_layers.0.bias,32,28,4,0.29083847999572754,28,28,0.29083847999572754
activity/outer1/final/corrected_no_message/s3301,corrected_no_message,3301,self_layers.1.weight,1024,1024,0,0.16451603174209595,1024,1024,0.16451603174209595
activity/outer1/final/corrected_no_message/s3301,corrected_no_message,3301,self_layers.1.bias,32,32,0,0.0315912589430809,32,32,0.0315912589430809
activity/outer1/final/corrected_no_message/s3301,corrected_no_message,3301,norms.0.weight,32,32,0,0.04351217299699783,32,32,0.04351217299699783
activity/outer1/final/corrected_no_message/s3301,corrected_no_message,3301,norms.0.bias,32,32,0,0.05133315548300743,32,32,0.05133315548300743
activity/outer1/final/corrected_no_message/s3301,corrected_no_message,3301,norms.1.weight,32,32,0,0.029288040474057198,32,32,0.029288040474057198
activity/outer1/final/corrected_no_message/s3301,corrected_no_message,3301,norms.1.bias,32,32,0,0.04422430321574211,32,32,0.04422430321574211
activity/outer1/final/corrected_no_message/s3301,corrected_no_message,3301,message_weights.0,8192,2509,5683,0.10934250801801682,2522,2509,0.10934250801801682
activity/outer1/final/corrected_no_message/s3301,corrected_no_message,3301,message_weights.1,8192,3072,5120,0.09930048137903214,3072,3072,0.09930048137903214
activity/outer1/final/corrected_no_message/s3301,corrected_no_message,3301,readout.0.weight,131584,64152,67432,2.031909942626953,92062,64152,2.031909942626953
activity/outer1/final/corrected_no_message/s3301,corrected_no_message,3301,readout.0.bias,64,44,20,0.054813820868730545,63,44,0.054813820868730545
activity/outer1/final/corrected_no_message/s3301,corrected_no_message,3301,readout.3.weight,64,44,20,0.5123196244239807,63,44,0.5123196244239807
activity/outer1/final/corrected_no_message/s3301,corrected_no_message,3301,readout.3.bias,1,1,0,0.11651015281677246,1,1,0.11651015281677246
activity/outer1/final/corrected_no_message/s4409,corrected_no_message,4409,embed.weight,2976,1817,1159,1.1074928045272827,1823,1817,1.1074928045272827
activity/outer1/final/corrected_no_message/s4409,corrected_no_message,4409,embed.bias,32,32,0,0.621505081653595,32,32,0.621505081653595
activity/outer1/final/corrected_no_message/s4409,corrected_no_message,4409,self_layers.0.weight,1024,836,188,0.2253076732158661,870,836,0.2253076732158661
activity/outer1/final/corrected_no_message/s4409,corrected_no_message,4409,self_layers.0.bias,32,27,5,0.4499071538448334,29,27,0.4499071538448334
activity/outer1/final/corrected_no_message/s4409,corrected_no_message,4409,self_layers.1.weight,1024,1024,0,0.14887773990631104,1024,1024,0.14887773990631104
activity/outer1/final/corrected_no_message/s4409,corrected_no_message,4409,self_layers.1.bias,32,32,0,0.032508112490177155,32,32,0.032508112490177155
activity/outer1/final/corrected_no_message/s4409,corrected_no_message,4409,norms.0.weight,32,32,0,0.04424595832824707,32,32,0.04424595832824707
activity/outer1/final/corrected_no_message/s4409,corrected_no_message,4409,norms.0.bias,32,32,0,0.06560996919870377,32,32,0.06560996919870377
activity/outer1/final/corrected_no_message/s4409,corrected_no_message,4409,norms.1.weight,32,32,0,0.027396537363529205,32,32,0.027396537363529205
activity/outer1/final/corrected_no_message/s4409,corrected_no_message,4409,norms.1.bias,32,32,0,0.055823080241680145,32,32,0.055823080241680145
activity/outer1/final/corrected_no_message/s4409,corrected_no_message,4409,message_weights.0,8192,2496,5696,0.13204988837242126,2568,2496,0.13204988837242126
activity/outer1/final/corrected_no_message/s4409,corrected_no_message,4409,message_weights.1,8192,3072,5120,0.0874885842204094,3072,3072,0.0874885842204094
activity/outer1/final/corrected_no_message/s4409,corrected_no_message,4409,readout.0.weight,131584,74278,57306,1.8487892150878906,92158,74278,1.8487892150878906
activity/outer1/final/corrected_no_message/s4409,corrected_no_message,4409,readout.0.bias,64,51,13,0.05423883721232414,63,51,0.05423883721232414
activity/outer1/final/corrected_no_message/s4409,corrected_no_message,4409,readout.3.weight,64,51,13,0.4227617681026459,63,51,0.4227617681026459
activity/outer1/final/corrected_no_message/s4409,corrected_no_message,4409,readout.3.bias,1,1,0,0.12439526617527008,1,1,0.12439526617527008
activity/outer1/final/corrected_no_message/s5519,corrected_no_message,5519,embed.weight,2976,1836,1140,0.6036989688873291,1842,1836,0.6036989688873291
activity/outer1/final/corrected_no_message/s5519,corrected_no_message,5519,embed.bias,32,32,0,0.2948768138885498,32,32,0.2948768138885498
activity/outer1/final/corrected_no_message/s5519,corrected_no_message,5519,self_layers.0.weight,1024,743,281,0.13675342500209808,779,743,0.13675342500209808
activity/outer1/final/corrected_no_message/s5519,corrected_no_message,5519,self_layers.0.bias,32,24,8,0.23093760013580322,26,24,0.23093760013580322
activity/outer1/final/corrected_no_message/s5519,corrected_no_message,5519,self_layers.1.weight,1024,1024,0,0.13472209870815277,1024,1024,0.13472209870815277
activity/outer1/final/corrected_no_message/s5519,corrected_no_message,5519,self_layers.1.bias,32,32,0,0.024486662819981575,32,32,0.024486662819981575
activity/outer1/final/corrected_no_message/s5519,corrected_no_message,5519,norms.0.weight,32,32,0,0.02874721772968769,32,32,0.02874721772968769
activity/outer1/final/corrected_no_message/s5519,corrected_no_message,5519,norms.0.bias,32,32,0,0.03667391091585159,32,32,0.03667391091585159
activity/outer1/final/corrected_no_message/s5519,corrected_no_message,5519,norms.1.weight,32,32,0,0.037610553205013275,32,32,0.037610553205013275
activity/outer1/final/corrected_no_message/s5519,corrected_no_message,5519,norms.1.bias,32,32,0,0.03613658994436264,32,32,0.03613658994436264
activity/outer1/final/corrected_no_message/s5519,corrected_no_message,5519,message_weights.0,8192,2227,5965,0.08075129985809326,2306,2227,0.08075129985809326
activity/outer1/final/corrected_no_message/s5519,corrected_no_message,5519,message_weights.1,8192,3072,5120,0.08036927133798599,3072,3072,0.08036927133798599
activity/outer1/final/corrected_no_message/s5519,corrected_no_message,5519,readout.0.weight,131584,66138,65446,2.2107412815093994,83730,66138,2.2107412815093994
activity/outer1/final/corrected_no_message/s5519,corrected_no_message,5519,readout.0.bias,64,45,19,0.06034450978040695,57,45,0.06034450978040695
activity/outer1/final/corrected_no_message/s5519,corrected_no_message,5519,readout.3.weight,64,45,19,0.6246346831321716,57,45,0.6246346831321716
activity/outer1/final/corrected_no_message/s5519,corrected_no_message,5519,readout.3.bias,1,1,0,0.13422906398773193,1,1,0.13422906398773193
activity/outer1/final/corrected_no_message/s6637,corrected_no_message,6637,embed.weight,2976,1624,1352,0.874875009059906,1643,1624,0.874875009059906
activity/outer1/final/corrected_no_message/s6637,corrected_no_message,6637,embed.bias,32,31,1,0.45432141423225403,31,31,0.45432141423225403
activity/outer1/final/corrected_no_message/s6637,corrected_no_message,6637,self_layers.0.weight,1024,800,224,0.13874027132987976,816,800,0.13874027132987976
activity/outer1/final/corrected_no_message/s6637,corrected_no_message,6637,self_layers.0.bias,32,26,6,0.2971264719963074,27,26,0.2971264719963074
activity/outer1/final/corrected_no_message/s6637,corrected_no_message,6637,self_layers.1.weight,1024,1024,0,0.1179073229432106,1024,1024,0.1179073229432106
activity/outer1/final/corrected_no_message/s6637,corrected_no_message,6637,self_layers.1.bias,32,32,0,0.023028666153550148,32,32,0.023028666153550148
activity/outer1/final/corrected_no_message/s6637,corrected_no_message,6637,norms.0.weight,32,32,0,0.032179638743400574,32,32,0.032179638743400574
activity/outer1/final/corrected_no_message/s6637,corrected_no_message,6637,norms.0.bias,32,32,0,0.045381758362054825,32,32,0.045381758362054825
activity/outer1/final/corrected_no_message/s6637,corrected_no_message,6637,norms.1.weight,32,32,0,0.030478261411190033,32,32,0.030478261411190033
activity/outer1/final/corrected_no_message/s6637,corrected_no_message,6637,norms.1.bias,32,32,0,0.04029015824198723,32,32,0.04029015824198723
activity/outer1/final/corrected_no_message/s6637,corrected_no_message,6637,message_weights.0,8192,2398,5794,0.08361031115055084,2447,2398,0.08361031115055084
activity/outer1/final/corrected_no_message/s6637,corrected_no_message,6637,message_weights.1,8192,3072,5120,0.07141843438148499,3072,3072,0.07141843438148499
activity/outer1/final/corrected_no_message/s6637,corrected_no_message,6637,readout.0.weight,131584,67676,63908,1.6455514430999756,91934,67676,1.6455514430999756
activity/outer1/final/corrected_no_message/s6637,corrected_no_message,6637,readout.0.bias,64,46,18,0.045189958065748215,63,46,0.045189958065748215
activity/outer1/final/corrected_no_message/s6637,corrected_no_message,6637,readout.3.weight,64,46,18,0.4453830420970917,63,46,0.4453830420970917
activity/outer1/final/corrected_no_message/s6637,corrected_no_message,6637,readout.3.bias,1,1,0,0.09594854712486267,1,1,0.09594854712486267
activity/outer1/final/corrected_no_message/s7753,corrected_no_message,7753,embed.weight,2976,1697,1279,0.5627089142799377,1704,1697,0.5627089142799377
activity/outer1/final/corrected_no_message/s7753,corrected_no_message,7753,embed.bias,32,32,0,0.22774094343185425,32,32,0.22774094343185425
activity/outer1/final/corrected_no_message/s7753,corrected_no_message,7753,self_layers.0.weight,1024,830,194,0.10278202593326569,846,830,0.10278202593326569
activity/outer1/final/corrected_no_message/s7753,corrected_no_message,7753,self_layers.0.bias,32,26,6,0.25775375962257385,27,26,0.25775375962257385
activity/outer1/final/corrected_no_message/s7753,corrected_no_message,7753,self_layers.1.weight,1024,1024,0,0.08011957257986069,1024,1024,0.08011957257986069
activity/outer1/final/corrected_no_message/s7753,corrected_no_message,7753,self_layers.1.bias,32,32,0,0.01340573187917471,32,32,0.01340573187917471
activity/outer1/final/corrected_no_message/s7753,corrected_no_message,7753,norms.0.weight,32,32,0,0.020992735400795937,32,32,0.020992735400795937
activity/outer1/final/corrected_no_message/s7753,corrected_no_message,7753,norms.0.bias,32,32,0,0.022777313366532326,32,32,0.022777313366532326
activity/outer1/final/corrected_no_message/s7753,corrected_no_message,7753,norms.1.weight,32,32,0,0.020885620266199112,32,32,0.020885620266199112
activity/outer1/final/corrected_no_message/s7753,corrected_no_message,7753,norms.1.bias,32,32,0,0.019594531506299973,32,32,0.019594531506299973
activity/outer1/final/corrected_no_message/s7753,corrected_no_message,7753,message_weights.0,8192,2489,5703,0.062025852501392365,2537,2489,0.062025852501392365
activity/outer1/final/corrected_no_message/s7753,corrected_no_message,7753,message_weights.1,8192,3072,5120,0.048250190913677216,3072,3072,0.048250190913677216
activity/outer1/final/corrected_no_message/s7753,corrected_no_message,7753,readout.0.weight,131584,68574,63010,1.101841926574707,89402,68574,1.101841926574707
activity/outer1/final/corrected_no_message/s7753,corrected_no_message,7753,readout.0.bias,64,47,17,0.025224601849913597,61,47,0.025224601849913597
activity/outer1/final/corrected_no_message/s7753,corrected_no_message,7753,readout.3.weight,64,47,17,0.15419815480709076,61,47,0.15419815480709076
activity/outer1/final/corrected_no_message/s7753,corrected_no_message,7753,readout.3.bias,1,1,0,0.03770861774682999,1,1,0.03770861774682999
activity/outer1/final/corrected_no_message/s8867,corrected_no_message,8867,embed.weight,2976,1834,1142,0.40484991669654846,1843,1834,0.40484991669654846
activity/outer1/final/corrected_no_message/s8867,corrected_no_message,8867,embed.bias,32,32,0,0.19365240633487701,32,32,0.19365240633487701
activity/outer1/final/corrected_no_message/s8867,corrected_no_message,8867,self_layers.0.weight,1024,804,220,0.09991630166769028,851,804,0.09991630166769028
activity/outer1/final/corrected_no_message/s8867,corrected_no_message,8867,self_layers.0.bias,32,27,5,0.12675416469573975,28,27,0.12675416469573975
activity/outer1/final/corrected_no_message/s8867,corrected_no_message,8867,self_layers.1.weight,1024,1024,0,0.07783275097608566,1024,1024,0.07783275097608566
activity/outer1/final/corrected_no_message/s8867,corrected_no_message,8867,self_layers.1.bias,32,32,0,0.014404695481061935,32,32,0.014404695481061935
activity/outer1/final/corrected_no_message/s8867,corrected_no_message,8867,norms.0.weight,32,32,0,0.020456435158848763,32,32,0.020456435158848763
activity/outer1/final/corrected_no_message/s8867,corrected_no_message,8867,norms.0.bias,32,32,0,0.02347646839916706,32,32,0.02347646839916706
activity/outer1/final/corrected_no_message/s8867,corrected_no_message,8867,norms.1.weight,32,32,0,0.0191789660602808,32,32,0.0191789660602808
activity/outer1/final/corrected_no_message/s8867,corrected_no_message,8867,norms.1.bias,32,32,0,0.020608408376574516,32,32,0.020608408376574516
activity/outer1/final/corrected_no_message/s8867,corrected_no_message,8867,message_weights.0,8192,2367,5825,0.0638471245765686,2510,2367,0.0638471245765686
activity/outer1/final/corrected_no_message/s8867,corrected_no_message,8867,message_weights.1,8192,3072,5120,0.04798126593232155,3072,3072,0.04798126593232155
activity/outer1/final/corrected_no_message/s8867,corrected_no_message,8867,readout.0.weight,131584,55692,75892,1.087052583694458,87288,55692,1.087052583694458
activity/outer1/final/corrected_no_message/s8867,corrected_no_message,8867,readout.0.bias,64,38,26,0.028022821992635727,60,38,0.028022821992635727
activity/outer1/final/corrected_no_message/s8867,corrected_no_message,8867,readout.3.weight,64,38,26,0.32517293095588684,60,38,0.32517293095588684
activity/outer1/final/corrected_no_message/s8867,corrected_no_message,8867,readout.3.bias,1,1,0,0.0703347772359848,1,1,0.0703347772359848
activity/outer1/final/corrected_no_message/s9973,corrected_no_message,9973,embed.weight,2976,1815,1161,0.2766166925430298,1825,1815,0.2766166925430298
activity/outer1/final/corrected_no_message/s9973,corrected_no_message,9973,embed.bias,32,32,0,0.07851535081863403,32,32,0.07851535081863403
activity/outer1/final/corrected_no_message/s9973,corrected_no_message,9973,self_layers.0.weight,1024,837,187,0.05513812229037285,843,837,0.05513812229037285
activity/outer1/final/corrected_no_message/s9973,corrected_no_message,9973,self_layers.0.bias,32,27,5,0.07553933560848236,27,27,0.07553933560848236
activity/outer1/final/corrected_no_message/s9973,corrected_no_message,9973,self_layers.1.weight,1024,1024,0,0.04703757166862488,1024,1024,0.04703757166862488
activity/outer1/final/corrected_no_message/s9973,corrected_no_message,9973,self_layers.1.bias,32,32,0,0.007356981281191111,32,32,0.007356981281191111
activity/outer1/final/corrected_no_message/s9973,corrected_no_message,9973,norms.0.weight,32,32,0,0.012607261538505554,32,32,0.012607261538505554
activity/outer1/final/corrected_no_message/s9973,corrected_no_message,9973,norms.0.bias,32,32,0,0.009607289917767048,32,32,0.009607289917767048
activity/outer1/final/corrected_no_message/s9973,corrected_no_message,9973,norms.1.weight,32,32,0,0.016951899975538254,32,32,0.016951899975538254
activity/outer1/final/corrected_no_message/s9973,corrected_no_message,9973,norms.1.bias,32,32,0,0.008425955660641193,32,32,0.008425955660641193
activity/outer1/final/corrected_no_message/s9973,corrected_no_message,9973,message_weights.0,8192,2463,5729,0.034554820507764816,2479,2463,0.034554820507764816
activity/outer1/final/corrected_no_message/s9973,corrected_no_message,9973,message_weights.1,8192,3072,5120,0.029404569417238235,3072,3072,0.029404569417238235
activity/outer1/final/corrected_no_message/s9973,corrected_no_message,9973,readout.0.weight,131584,68894,62690,0.5686075687408447,93568,68894,0.5686075687408447
activity/outer1/final/corrected_no_message/s9973,corrected_no_message,9973,readout.0.bias,64,47,17,0.01003109198063612,64,47,0.01003109198063612
activity/outer1/final/corrected_no_message/s9973,corrected_no_message,9973,readout.3.weight,64,47,17,0.1597842276096344,64,47,0.1597842276096344
activity/outer1/final/corrected_no_message/s9973,corrected_no_message,9973,readout.3.bias,1,1,0,0.01780574768781662,1,1,0.01780574768781662
activity/outer1/final/original_gnn/s11027,original_gnn,11027,embed.weight,2976,1755,1221,0.5134633183479309,1779,1755,0.5134633183479309
activity/outer1/final/original_gnn/s11027,original_gnn,11027,embed.bias,32,32,0,0.2491176724433899,32,32,0.2491176724433899
activity/outer1/final/original_gnn/s11027,original_gnn,11027,self_layers.0.weight,1024,670,354,0.09591475129127502,671,670,0.09591475129127502
activity/outer1/final/original_gnn/s11027,original_gnn,11027,self_layers.0.bias,32,21,11,0.2006024569272995,21,21,0.2006024569272995
activity/outer1/final/original_gnn/s11027,original_gnn,11027,self_layers.1.weight,1024,1024,0,0.08659400045871735,1024,1024,0.08659400045871735
activity/outer1/final/original_gnn/s11027,original_gnn,11027,self_layers.1.bias,32,32,0,0.01625865325331688,32,32,0.01625865325331688
activity/outer1/final/original_gnn/s11027,original_gnn,11027,norms.0.weight,32,32,0,0.02664308249950409,32,32,0.02664308249950409
activity/outer1/final/original_gnn/s11027,original_gnn,11027,norms.0.bias,32,32,0,0.026008404791355133,32,32,0.026008404791355133
activity/outer1/final/original_gnn/s11027,original_gnn,11027,norms.1.weight,32,32,0,0.02128617838025093,32,32,0.02128617838025093
activity/outer1/final/original_gnn/s11027,original_gnn,11027,norms.1.bias,32,32,0,0.019477395340800285,32,32,0.019477395340800285
activity/outer1/final/original_gnn/s11027,original_gnn,11027,message_weights.0,8192,2009,6183,0.0577634759247303,2010,2009,0.0577634759247303
activity/outer1/final/original_gnn/s11027,original_gnn,11027,message_weights.1,8192,3072,5120,0.0511276051402092,3072,3072,0.0511276051402092
activity/outer1/final/original_gnn/s11027,original_gnn,11027,readout.0.weight,131584,59634,71950,1.1070407629013062,93344,59634,1.1070407629013062
activity/outer1/final/original_gnn/s11027,original_gnn,11027,readout.0.bias,64,41,23,0.029721051454544067,64,41,0.029721051454544067
activity/outer1/final/original_gnn/s11027,original_gnn,11027,readout.3.weight,64,41,23,0.2627583146095276,64,41,0.2627583146095276
activity/outer1/final/original_gnn/s11027,original_gnn,11027,readout.3.bias,1,1,0,0.06833973526954651,1,1,0.06833973526954651
activity/outer1/final/original_gnn/s1103,original_gnn,1103,embed.weight,2976,1840,1136,0.870340883731842,1852,1840,0.870340883731842
activity/outer1/final/original_gnn/s1103,original_gnn,1103,embed.bias,32,32,0,0.4597378075122833,32,32,0.4597378075122833
activity/outer1/final/original_gnn/s1103,original_gnn,1103,self_layers.0.weight,1024,694,330,0.13616319000720978,718,694,0.13616319000720978
activity/outer1/final/original_gnn/s1103,original_gnn,1103,self_layers.0.bias,32,22,10,0.2465713918209076,23,22,0.2465713918209076
activity/outer1/final/original_gnn/s1103,original_gnn,1103,self_layers.1.weight,1024,1024,0,0.10850346833467484,1024,1024,0.10850346833467484
activity/outer1/final/original_gnn/s1103,original_gnn,1103,self_layers.1.bias,32,32,0,0.018985727801918983,32,32,0.018985727801918983
activity/outer1/final/original_gnn/s1103,original_gnn,1103,norms.0.weight,32,32,0,0.038427021354436874,32,32,0.038427021354436874
activity/outer1/final/original_gnn/s1103,original_gnn,1103,norms.0.bias,32,32,0,0.048536062240600586,32,32,0.048536062240600586
activity/outer1/final/original_gnn/s1103,original_gnn,1103,norms.1.weight,32,32,0,0.03406199812889099,32,32,0.03406199812889099
activity/outer1/final/original_gnn/s1103,original_gnn,1103,norms.1.bias,32,32,0,0.04554973170161247,32,32,0.04554973170161247
activity/outer1/final/original_gnn/s1103,original_gnn,1103,message_weights.0,8192,2094,6098,0.07964498549699783,2162,2094,0.07964498549699783
activity/outer1/final/original_gnn/s1103,original_gnn,1103,message_weights.1,8192,3072,5120,0.06182589754462242,3072,3072,0.06182589754462242
activity/outer1/final/original_gnn/s1103,original_gnn,1103,readout.0.weight,131584,61428,70156,1.8352479934692383,90620,61428,1.8352479934692383
activity/outer1/final/original_gnn/s1103,original_gnn,1103,readout.0.bias,64,42,22,0.05577819049358368,62,42,0.05577819049358368
activity/outer1/final/original_gnn/s1103,original_gnn,1103,readout.3.weight,64,42,22,0.502457857131958,62,42,0.502457857131958
activity/outer1/final/original_gnn/s1103,original_gnn,1103,readout.3.bias,1,1,0,0.15544092655181885,1,1,0.15544092655181885
activity/outer1/final/original_gnn/s2207,original_gnn,2207,embed.weight,2976,1773,1203,1.8686217069625854,1787,1773,1.8686217069625854
activity/outer1/final/original_gnn/s2207,original_gnn,2207,embed.bias,32,31,1,0.965106189250946,32,31,0.965106189250946
activity/outer1/final/original_gnn/s2207,original_gnn,2207,self_layers.0.weight,1024,749,275,0.41223767399787903,786,749,0.41223767399787903
activity/outer1/final/original_gnn/s2207,original_gnn,2207,self_layers.0.bias,32,25,7,0.7678570747375488,26,25,0.7678570747375488
activity/outer1/final/original_gnn/s2207,original_gnn,2207,self_layers.1.weight,1024,1024,0,0.2950238883495331,1024,1024,0.2950238883495331
activity/outer1/final/original_gnn/s2207,original_gnn,2207,self_layers.1.bias,32,32,0,0.056010499596595764,32,32,0.056010499596595764
activity/outer1/final/original_gnn/s2207,original_gnn,2207,norms.0.weight,32,32,0,0.11163721978664398,32,32,0.11163721978664398
activity/outer1/final/original_gnn/s2207,original_gnn,2207,norms.0.bias,32,32,0,0.11616282165050507,32,32,0.11616282165050507
activity/outer1/final/original_gnn/s2207,original_gnn,2207,norms.1.weight,32,32,0,0.09439834207296371,32,32,0.09439834207296371
activity/outer1/final/original_gnn/s2207,original_gnn,2207,norms.1.bias,32,32,0,0.11212386935949326,32,32,0.11212386935949326
activity/outer1/final/original_gnn/s2207,original_gnn,2207,message_weights.0,8192,2216,5976,0.24140159785747528,2337,2216,0.24140159785747528
activity/outer1/final/original_gnn/s2207,original_gnn,2207,message_weights.1,8192,3072,5120,0.1739431470632553,3072,3072,0.1739431470632553
activity/outer1/final/original_gnn/s2207,original_gnn,2207,readout.0.weight,131584,67004,64580,5.235508441925049,89338,67004,5.235508441925049
activity/outer1/final/original_gnn/s2207,original_gnn,2207,readout.0.bias,64,46,18,0.15389828383922577,61,46,0.15389828383922577
activity/outer1/final/original_gnn/s2207,original_gnn,2207,readout.3.weight,64,46,18,1.8114732503890991,61,46,1.8114732503890991
activity/outer1/final/original_gnn/s2207,original_gnn,2207,readout.3.bias,1,1,0,0.3706188499927521,1,1,0.3706188499927521
activity/outer1/final/original_gnn/s3301,original_gnn,3301,embed.weight,2976,1792,1184,0.4518603980541229,1804,1792,0.4518603980541229
activity/outer1/final/original_gnn/s3301,original_gnn,3301,embed.bias,32,32,0,0.21242894232273102,32,32,0.21242894232273102
activity/outer1/final/original_gnn/s3301,original_gnn,3301,self_layers.0.weight,1024,859,165,0.11826598644256592,881,859,0.11826598644256592
activity/outer1/final/original_gnn/s3301,original_gnn,3301,self_layers.0.bias,32,28,4,0.17656904458999634,29,28,0.17656904458999634
activity/outer1/final/original_gnn/s3301,original_gnn,3301,self_layers.1.weight,1024,1024,0,0.10560823231935501,1024,1024,0.10560823231935501
activity/outer1/final/original_gnn/s3301,original_gnn,3301,self_layers.1.bias,32,32,0,0.020031793043017387,32,32,0.020031793043017387
activity/outer1/final/original_gnn/s3301,original_gnn,3301,norms.0.weight,32,32,0,0.02723994478583336,32,32,0.02723994478583336
activity/outer1/final/original_gnn/s3301,original_gnn,3301,norms.0.bias,32,32,0,0.029850345104932785,32,32,0.029850345104932785
activity/outer1/final/original_gnn/s3301,original_gnn,3301,norms.1.weight,32,32,0,0.022440986707806587,32,32,0.022440986707806587
activity/outer1/final/original_gnn/s3301,original_gnn,3301,norms.1.bias,32,32,0,0.021363189443945885,32,32,0.021363189443945885
activity/outer1/final/original_gnn/s3301,original_gnn,3301,message_weights.0,8192,2577,5615,0.06873761862516403,2611,2577,0.06873761862516403
activity/outer1/final/original_gnn/s3301,original_gnn,3301,message_weights.1,8192,3072,5120,0.06196598336100578,3072,3072,0.06196598336100578
activity/outer1/final/original_gnn/s3301,original_gnn,3301,readout.0.weight,131584,67132,64452,0.8580877184867859,93504,67132,0.8580877184867859
activity/outer1/final/original_gnn/s3301,original_gnn,3301,readout.0.bias,64,46,18,0.020383361726999283,64,46,0.020383361726999283
activity/outer1/final/original_gnn/s3301,original_gnn,3301,readout.3.weight,64,46,18,0.25406211614608765,64,46,0.25406211614608765
activity/outer1/final/original_gnn/s3301,original_gnn,3301,readout.3.bias,1,1,0,0.03413219004869461,1,1,0.03413219004869461
activity/outer1/final/original_gnn/s4409,original_gnn,4409,embed.weight,2976,1816,1160,0.8163884282112122,1823,1816,0.8163884282112122
activity/outer1/final/original_gnn/s4409,original_gnn,4409,embed.bias,32,32,0,0.4577213227748871,32,32,0.4577213227748871
activity/outer1/final/original_gnn/s4409,original_gnn,4409,self_layers.0.weight,1024,858,166,0.15994983911514282,861,858,0.15994983911514282
activity/outer1/final/original_gnn/s4409,original_gnn,4409,self_layers.0.bias,32,28,4,0.32390153408050537,28,28,0.32390153408050537
activity/outer1/final/original_gnn/s4409,original_gnn,4409,self_layers.1.weight,1024,1024,0,0.11859510838985443,1024,1024,0.11859510838985443
activity/outer1/final/original_gnn/s4409,original_gnn,4409,self_layers.1.bias,32,32,0,0.025458412244915962,32,32,0.025458412244915962
activity/outer1/final/original_gnn/s4409,original_gnn,4409,norms.0.weight,32,32,0,0.03552116081118584,32,32,0.03552116081118584
activity/outer1/final/original_gnn/s4409,original_gnn,4409,norms.0.bias,32,32,0,0.04919932782649994,32,32,0.04919932782649994
activity/outer1/final/original_gnn/s4409,original_gnn,4409,norms.1.weight,32,32,0,0.02301529422402382,32,32,0.02301529422402382
activity/outer1/final/original_gnn/s4409,original_gnn,4409,norms.1.bias,32,32,0,0.039309047162532806,32,32,0.039309047162532806
activity/outer1/final/original_gnn/s4409,original_gnn,4409,message_weights.0,8192,2591,5601,0.09658342599868774,2596,2591,0.09658342599868774
activity/outer1/final/original_gnn/s4409,original_gnn,4409,message_weights.1,8192,3072,5120,0.06856153160333633,3072,3072,0.06856153160333633
activity/outer1/final/original_gnn/s4409,original_gnn,4409,readout.0.weight,131584,73316,58268,1.4131951332092285,90524,73316,1.4131951332092285
activity/outer1/final/original_gnn/s4409,original_gnn,4409,readout.0.bias,64,50,14,0.0403459407389164,62,50,0.0403459407389164
activity/outer1/final/original_gnn/s4409,original_gnn,4409,readout.3.weight,64,50,14,0.3080780804157257,62,50,0.3080780804157257
activity/outer1/final/original_gnn/s4409,original_gnn,4409,readout.3.bias,1,1,0,0.08787819743156433,1,1,0.08787819743156433
activity/outer1/final/original_gnn/s5519,original_gnn,5519,embed.weight,2976,1835,1141,0.5276804566383362,1843,1835,0.5276804566383362
activity/outer1/final/original_gnn/s5519,original_gnn,5519,embed.bias,32,32,0,0.25565674901008606,32,32,0.25565674901008606
activity/outer1/final/original_gnn/s5519,original_gnn,5519,self_layers.0.weight,1024,755,269,0.11406505852937698,760,755,0.11406505852937698
activity/outer1/final/original_gnn/s5519,original_gnn,5519,self_layers.0.bias,32,25,7,0.1908038705587387,25,25,0.1908038705587387
activity/outer1/final/original_gnn/s5519,original_gnn,5519,self_layers.1.weight,1024,1024,0,0.11405034363269806,1024,1024,0.11405034363269806
activity/outer1/final/original_gnn/s5519,original_gnn,5519,self_layers.1.bias,32,32,0,0.020576508715748787,32,32,0.020576508715748787
activity/outer1/final/original_gnn/s5519,original_gnn,5519,norms.0.weight,32,32,0,0.030611112713813782,32,32,0.030611112713813782
activity/outer1/final/original_gnn/s5519,original_gnn,5519,norms.0.bias,32,32,0,0.03173596411943436,32,32,0.03173596411943436
activity/outer1/final/original_gnn/s5519,original_gnn,5519,norms.1.weight,32,32,0,0.03453100100159645,32,32,0.03453100100159645
activity/outer1/final/original_gnn/s5519,original_gnn,5519,norms.1.bias,32,32,0,0.030721239745616913,32,32,0.030721239745616913
activity/outer1/final/original_gnn/s5519,original_gnn,5519,message_weights.0,8192,2295,5897,0.06492431461811066,2315,2295,0.06492431461811066
activity/outer1/final/original_gnn/s5519,original_gnn,5519,message_weights.1,8192,3072,5120,0.06723343580961227,3072,3072,0.06723343580961227
activity/outer1/final/original_gnn/s5519,original_gnn,5519,readout.0.weight,131584,64600,66984,1.8894610404968262,83570,64600,1.8894610404968262
activity/outer1/final/original_gnn/s5519,original_gnn,5519,readout.0.bias,64,44,20,0.05075959116220474,57,44,0.05075959116220474
activity/outer1/final/original_gnn/s5519,original_gnn,5519,readout.3.weight,64,44,20,0.5617362856864929,57,44,0.5617362856864929
activity/outer1/final/original_gnn/s5519,original_gnn,5519,readout.3.bias,1,1,0,0.11624719202518463,1,1,0.11624719202518463
activity/outer1/final/original_gnn/s6637,original_gnn,6637,embed.weight,2976,1620,1356,0.363803893327713,1637,1620,0.363803893327713
activity/outer1/final/original_gnn/s6637,original_gnn,6637,embed.bias,32,31,1,0.2031957358121872,31,31,0.2031957358121872
activity/outer1/final/original_gnn/s6637,original_gnn,6637,self_layers.0.weight,1024,799,225,0.07432637363672256,813,799,0.07432637363672256
activity/outer1/final/original_gnn/s6637,original_gnn,6637,self_layers.0.bias,32,26,6,0.14198797941207886,27,26,0.14198797941207886
activity/outer1/final/original_gnn/s6637,original_gnn,6637,self_layers.1.weight,1024,1024,0,0.06686122715473175,1024,1024,0.06686122715473175
activity/outer1/final/original_gnn/s6637,original_gnn,6637,self_layers.1.bias,32,32,0,0.01306251809000969,32,32,0.01306251809000969
activity/outer1/final/original_gnn/s6637,original_gnn,6637,norms.0.weight,32,32,0,0.02013874240219593,32,32,0.02013874240219593
activity/outer1/final/original_gnn/s6637,original_gnn,6637,norms.0.bias,32,32,0,0.024797137826681137,32,32,0.024797137826681137
activity/outer1/final/original_gnn/s6637,original_gnn,6637,norms.1.weight,32,32,0,0.019372403621673584,32,32,0.019372403621673584
activity/outer1/final/original_gnn/s6637,original_gnn,6637,norms.1.bias,32,32,0,0.023425016552209854,32,32,0.023425016552209854
activity/outer1/final/original_gnn/s6637,original_gnn,6637,message_weights.0,8192,2396,5796,0.0438617467880249,2453,2396,0.0438617467880249
activity/outer1/final/original_gnn/s6637,original_gnn,6637,message_weights.1,8192,3072,5120,0.04054522141814232,3072,3072,0.04054522141814232
activity/outer1/final/original_gnn/s6637,original_gnn,6637,readout.0.weight,131584,61460,70124,1.025434970855713,91582,61460,1.025434970855713
activity/outer1/final/original_gnn/s6637,original_gnn,6637,readout.0.bias,64,42,22,0.028802454471588135,63,42,0.028802454471588135
activity/outer1/final/original_gnn/s6637,original_gnn,6637,readout.3.weight,64,42,22,0.2894170582294464,63,42,0.2894170582294464
activity/outer1/final/original_gnn/s6637,original_gnn,6637,readout.3.bias,1,1,0,0.06811406463384628,1,1,0.06811406463384628
activity/outer1/final/original_gnn/s7753,original_gnn,7753,embed.weight,2976,1682,1294,0.5426520109176636,1687,1682,0.5426520109176636
activity/outer1/final/original_gnn/s7753,original_gnn,7753,embed.bias,32,32,0,0.23510685563087463,32,32,0.23510685563087463
activity/outer1/final/original_gnn/s7753,original_gnn,7753,self_layers.0.weight,1024,831,193,0.11722100526094437,831,831,0.11722100526094437
activity/outer1/final/original_gnn/s7753,original_gnn,7753,self_layers.0.bias,32,26,6,0.2948499023914337,26,26,0.2948499023914337
activity/outer1/final/original_gnn/s7753,original_gnn,7753,self_layers.1.weight,1024,1024,0,0.0996120274066925,1024,1024,0.0996120274066925
activity/outer1/final/original_gnn/s7753,original_gnn,7753,self_layers.1.bias,32,32,0,0.018116502091288567,32,32,0.018116502091288567
activity/outer1/final/original_gnn/s7753,original_gnn,7753,norms.0.weight,32,32,0,0.032325904816389084,32,32,0.032325904816389084
activity/outer1/final/original_gnn/s7753,original_gnn,7753,norms.0.bias,32,32,0,0.028188353404402733,32,32,0.028188353404402733
activity/outer1/final/original_gnn/s7753,original_gnn,7753,norms.1.weight,32,32,0,0.03480350598692894,32,32,0.03480350598692894
activity/outer1/final/original_gnn/s7753,original_gnn,7753,norms.1.bias,32,32,0,0.025122519582509995,32,32,0.025122519582509995
activity/outer1/final/original_gnn/s7753,original_gnn,7753,message_weights.0,8192,2492,5700,0.07637212425470352,2493,2492,0.07637212425470352
activity/outer1/final/original_gnn/s7753,original_gnn,7753,message_weights.1,8192,3072,5120,0.061764948070049286,3072,3072,0.061764948070049286
activity/outer1/final/original_gnn/s7753,original_gnn,7753,readout.0.weight,131584,64280,67304,1.632493019104004,87960,64280,1.632493019104004
activity/outer1/final/original_gnn/s7753,original_gnn,7753,readout.0.bias,64,44,20,0.041722338646650314,60,44,0.041722338646650314
activity/outer1/final/original_gnn/s7753,original_gnn,7753,readout.3.weight,64,44,20,0.37654054164886475,60,44,0.37654054164886475
activity/outer1/final/original_gnn/s7753,original_gnn,7753,readout.3.bias,1,1,0,0.08363432437181473,1,1,0.08363432437181473
activity/outer1/final/original_gnn/s8867,original_gnn,8867,embed.weight,2976,1834,1142,0.4522019028663635,1847,1834,0.4522019028663635
activity/outer1/final/original_gnn/s8867,original_gnn,8867,embed.bias,32,32,0,0.22724513709545135,32,32,0.22724513709545135
activity/outer1/final/original_gnn/s8867,original_gnn,8867,self_layers.0.weight,1024,821,203,0.1084020659327507,839,821,0.1084020659327507
activity/outer1/final/original_gnn/s8867,original_gnn,8867,self_layers.0.bias,32,27,5,0.1480240672826767,27,27,0.1480240672826767
activity/outer1/final/original_gnn/s8867,original_gnn,8867,self_layers.1.weight,1024,1024,0,0.08553589880466461,1024,1024,0.08553589880466461
activity/outer1/final/original_gnn/s8867,original_gnn,8867,self_layers.1.bias,32,32,0,0.016343874856829643,32,32,0.016343874856829643
activity/outer1/final/original_gnn/s8867,original_gnn,8867,norms.0.weight,32,32,0,0.021470999345183372,32,32,0.021470999345183372
activity/outer1/final/original_gnn/s8867,original_gnn,8867,norms.0.bias,32,32,0,0.02789747156202793,32,32,0.02789747156202793
activity/outer1/final/original_gnn/s8867,original_gnn,8867,norms.1.weight,32,32,0,0.021565178409218788,32,32,0.021565178409218788
activity/outer1/final/original_gnn/s8867,original_gnn,8867,norms.1.bias,32,32,0,0.02376294694840908,32,32,0.02376294694840908
activity/outer1/final/original_gnn/s8867,original_gnn,8867,message_weights.0,8192,2462,5730,0.06688840687274933,2492,2462,0.06688840687274933
activity/outer1/final/original_gnn/s8867,original_gnn,8867,message_weights.1,8192,3072,5120,0.052143603563308716,3072,3072,0.052143603563308716
activity/outer1/final/original_gnn/s8867,original_gnn,8867,readout.0.weight,131584,52808,78776,1.040786862373352,87576,52808,1.040786862373352
activity/outer1/final/original_gnn/s8867,original_gnn,8867,readout.0.bias,64,36,28,0.027389781549572945,60,36,0.027389781549572945
activity/outer1/final/original_gnn/s8867,original_gnn,8867,readout.3.weight,64,36,28,0.29976898431777954,60,36,0.29976898431777954
activity/outer1/final/original_gnn/s8867,original_gnn,8867,readout.3.bias,1,1,0,0.0605488121509552,1,1,0.0605488121509552
activity/outer1/final/original_gnn/s9973,original_gnn,9973,embed.weight,2976,1809,1167,0.3582875728607178,1822,1809,0.3582875728607178
activity/outer1/final/original_gnn/s9973,original_gnn,9973,embed.bias,32,32,0,0.09693114459514618,32,32,0.09693114459514618
activity/outer1/final/original_gnn/s9973,original_gnn,9973,self_layers.0.weight,1024,870,154,0.07854999601840973,880,870,0.07854999601840973
activity/outer1/final/original_gnn/s9973,original_gnn,9973,self_layers.0.bias,32,28,4,0.09060744941234589,28,28,0.09060744941234589
activity/outer1/final/original_gnn/s9973,original_gnn,9973,self_layers.1.weight,1024,1024,0,0.051772892475128174,1024,1024,0.051772892475128174
activity/outer1/final/original_gnn/s9973,original_gnn,9973,self_layers.1.bias,32,32,0,0.006629263516515493,32,32,0.006629263516515493
activity/outer1/final/original_gnn/s9973,original_gnn,9973,norms.0.weight,32,32,0,0.014030084013938904,32,32,0.014030084013938904
activity/outer1/final/original_gnn/s9973,original_gnn,9973,norms.0.bias,32,32,0,0.011110027320683002,32,32,0.011110027320683002
activity/outer1/final/original_gnn/s9973,original_gnn,9973,norms.1.weight,32,32,0,0.01712244190275669,32,32,0.01712244190275669
activity/outer1/final/original_gnn/s9973,original_gnn,9973,norms.1.bias,32,32,0,0.006239896174520254,32,32,0.006239896174520254
activity/outer1/final/original_gnn/s9973,original_gnn,9973,message_weights.0,8192,2623,5569,0.044396039098501205,2662,2623,0.044396039098501205
activity/outer1/final/original_gnn/s9973,original_gnn,9973,message_weights.1,8192,3072,5120,0.03109094686806202,3072,3072,0.03109094686806202
activity/outer1/final/original_gnn/s9973,original_gnn,9973,readout.0.weight,131584,65882,65702,0.5901544690132141,93376,65882,0.5901544690132141
activity/outer1/final/original_gnn/s9973,original_gnn,9973,readout.0.bias,64,45,19,0.008949831128120422,64,45,0.008949831128120422
activity/outer1/final/original_gnn/s9973,original_gnn,9973,readout.3.weight,64,45,19,0.14343562722206116,64,45,0.14343562722206116
activity/outer1/final/original_gnn/s9973,original_gnn,9973,readout.3.bias,1,1,0,0.005418352782726288,1,1,0.005418352782726288
activity/outer1/final/original_no_message/s11027,original_no_message,11027,embed.weight,2976,1757,1219,0.2634393572807312,1777,1757,0.2634393572807312
activity/outer1/final/original_no_message/s11027,original_no_message,11027,embed.bias,32,32,0,0.11507435888051987,32,32,0.11507435888051987
activity/outer1/final/original_no_message/s11027,original_no_message,11027,self_layers.0.weight,1024,665,359,0.044905886054039,666,665,0.044905886054039
activity/outer1/final/original_no_message/s11027,original_no_message,11027,self_layers.0.bias,32,21,11,0.076514832675457,21,21,0.076514832675457
activity/outer1/final/original_no_message/s11027,original_no_message,11027,self_layers.1.weight,1024,1024,0,0.04660455510020256,1024,1024,0.04660455510020256
activity/outer1/final/original_no_message/s11027,original_no_message,11027,self_layers.1.bias,32,32,0,0.008120906539261341,32,32,0.008120906539261341
activity/outer1/final/original_no_message/s11027,original_no_message,11027,norms.0.weight,32,32,0,0.012013014405965805,32,32,0.012013014405965805
activity/outer1/final/original_no_message/s11027,original_no_message,11027,norms.0.bias,32,32,0,0.012059707194566727,32,32,0.012059707194566727
activity/outer1/final/original_no_message/s11027,original_no_message,11027,norms.1.weight,32,32,0,0.01628085970878601,32,32,0.01628085970878601
activity/outer1/final/original_no_message/s11027,original_no_message,11027,norms.1.bias,32,32,0,0.009831633418798447,32,32,0.009831633418798447
activity/outer1/final/original_no_message/s11027,original_no_message,11027,message_weights.0,8192,1993,6199,0.027917619794607162,1996,1993,0.027917619794607162
activity/outer1/final/original_no_message/s11027,original_no_message,11027,message_weights.1,8192,3072,5120,0.028815239667892456,3072,3072,0.028815239667892456
activity/outer1/final/original_no_message/s11027,original_no_message,11027,readout.0.weight,131584,57006,74578,0.6955224275588989,93024,57006,0.6955224275588989
activity/outer1/final/original_no_message/s11027,original_no_message,11027,readout.0.bias,64,39,25,0.015884025022387505,64,39,0.015884025022387505
activity/outer1/final/original_no_message/s11027,original_no_message,11027,readout.3.weight,64,39,25,0.2381875067949295,64,39,0.2381875067949295
activity/outer1/final/original_no_message/s11027,original_no_message,11027,readout.3.bias,1,1,0,0.04300760105252266,1,1,0.04300760105252266
activity/outer1/final/original_no_message/s1103,original_no_message,1103,embed.weight,2976,1836,1140,1.4296256303787231,1844,1836,1.4296256303787231
activity/outer1/final/original_no_message/s1103,original_no_message,1103,embed.bias,32,32,0,0.7738908529281616,32,32,0.7738908529281616
activity/outer1/final/original_no_message/s1103,original_no_message,1103,self_layers.0.weight,1024,690,334,0.25250816345214844,693,690,0.25250816345214844
activity/outer1/final/original_no_message/s1103,original_no_message,1103,self_layers.0.bias,32,22,10,0.46791160106658936,22,22,0.46791160106658936
activity/outer1/final/original_no_message/s1103,original_no_message,1103,self_layers.1.weight,1024,1024,0,0.19449472427368164,1024,1024,0.19449472427368164
activity/outer1/final/original_no_message/s1103,original_no_message,1103,self_layers.1.bias,32,32,0,0.037045057862997055,32,32,0.037045057862997055
activity/outer1/final/original_no_message/s1103,original_no_message,1103,norms.0.weight,32,32,0,0.06046833097934723,32,32,0.06046833097934723
activity/outer1/final/original_no_message/s1103,original_no_message,1103,norms.0.bias,32,32,0,0.08581797778606415,32,32,0.08581797778606415
activity/outer1/final/original_no_message/s1103,original_no_message,1103,norms.1.weight,32,32,0,0.050557542592287064,32,32,0.050557542592287064
activity/outer1/final/original_no_message/s1103,original_no_message,1103,norms.1.bias,32,32,0,0.07965462654829025,32,32,0.07965462654829025
activity/outer1/final/original_no_message/s1103,original_no_message,1103,message_weights.0,8192,2066,6126,0.15090015530586243,2073,2066,0.15090015530586243
activity/outer1/final/original_no_message/s1103,original_no_message,1103,message_weights.1,8192,3072,5120,0.11688867211341858,3072,3072,0.11688867211341858
activity/outer1/final/original_no_message/s1103,original_no_message,1103,readout.0.weight,131584,65882,65702,3.1056673526763916,90716,65882,3.1056673526763916
activity/outer1/final/original_no_message/s1103,original_no_message,1103,readout.0.bias,64,45,19,0.09533277899026871,62,45,0.09533277899026871
activity/outer1/final/original_no_message/s1103,original_no_message,1103,readout.3.weight,64,45,19,0.928820013999939,62,45,0.928820013999939
activity/outer1/final/original_no_message/s1103,original_no_message,1103,readout.3.bias,1,1,0,0.2569335401058197,1,1,0.2569335401058197
activity/outer1/final/original_no_message/s2207,original_no_message,2207,embed.weight,2976,1782,1194,1.6997088193893433,1813,1782,1.6997088193893433
activity/outer1/final/original_no_message/s2207,original_no_message,2207,embed.bias,32,32,0,0.9217813611030579,32,32,0.9217813611030579
activity/outer1/final/original_no_message/s2207,original_no_message,2207,self_layers.0.weight,1024,782,242,0.2886736989021301,793,782,0.2886736989021301
activity/outer1/final/original_no_message/s2207,original_no_message,2207,self_layers.0.bias,32,25,7,0.5564151406288147,25,25,0.5564151406288147
activity/outer1/final/original_no_message/s2207,original_no_message,2207,self_layers.1.weight,1024,1024,0,0.2105581909418106,1024,1024,0.2105581909418106
activity/outer1/final/original_no_message/s2207,original_no_message,2207,self_layers.1.bias,32,32,0,0.04307466745376587,32,32,0.04307466745376587
activity/outer1/final/original_no_message/s2207,original_no_message,2207,norms.0.weight,32,32,0,0.07875928282737732,32,32,0.07875928282737732
activity/outer1/final/original_no_message/s2207,original_no_message,2207,norms.0.bias,32,32,0,0.09853459894657135,32,32,0.09853459894657135
activity/outer1/final/original_no_message/s2207,original_no_message,2207,norms.1.weight,32,32,0,0.06815183907747269,32,32,0.06815183907747269
activity/outer1/final/original_no_message/s2207,original_no_message,2207,norms.1.bias,32,32,0,0.09304152429103851,32,32,0.09304152429103851
activity/outer1/final/original_no_message/s2207,original_no_message,2207,message_weights.0,8192,2342,5850,0.17470982670783997,2377,2342,0.17470982670783997
activity/outer1/final/original_no_message/s2207,original_no_message,2207,message_weights.1,8192,3072,5120,0.12705804407596588,3072,3072,0.12705804407596588
activity/outer1/final/original_no_message/s2207,original_no_message,2207,readout.0.weight,131584,67164,64420,2.577702760696411,91934,67164,2.577702760696411
activity/outer1/final/original_no_message/s2207,original_no_message,2207,readout.0.bias,64,46,18,0.07783307880163193,63,46,0.07783307880163193
activity/outer1/final/original_no_message/s2207,original_no_message,2207,readout.3.weight,64,46,18,0.9857578873634338,63,46,0.9857578873634338
activity/outer1/final/original_no_message/s2207,original_no_message,2207,readout.3.bias,1,1,0,0.18525975942611694,1,1,0.18525975942611694
activity/outer1/final/original_no_message/s3301,original_no_message,3301,embed.weight,2976,1788,1188,0.687250018119812,1795,1788,0.687250018119812
activity/outer1/final/original_no_message/s3301,original_no_message,3301,embed.bias,32,32,0,0.3627166450023651,32,32,0.3627166450023651
activity/outer1/final/original_no_message/s3301,original_no_message,3301,self_layers.0.weight,1024,852,172,0.1849527657032013,857,852,0.1849527657032013
activity/outer1/final/original_no_message/s3301,original_no_message,3301,self_layers.0.bias,32,28,4,0.29083847999572754,28,28,0.29083847999572754
activity/outer1/final/original_no_message/s3301,original_no_message,3301,self_layers.1.weight,1024,1024,0,0.16451603174209595,1024,1024,0.16451603174209595
activity/outer1/final/original_no_message/s3301,original_no_message,3301,self_layers.1.bias,32,32,0,0.0315912589430809,32,32,0.0315912589430809
activity/outer1/final/original_no_message/s3301,original_no_message,3301,norms.0.weight,32,32,0,0.04351217299699783,32,32,0.04351217299699783
activity/outer1/final/original_no_message/s3301,original_no_message,3301,norms.0.bias,32,32,0,0.05133315548300743,32,32,0.05133315548300743
activity/outer1/final/original_no_message/s3301,original_no_message,3301,norms.1.weight,32,32,0,0.029288040474057198,32,32,0.029288040474057198
activity/outer1/final/original_no_message/s3301,original_no_message,3301,norms.1.bias,32,32,0,0.04422430321574211,32,32,0.04422430321574211
activity/outer1/final/original_no_message/s3301,original_no_message,3301,message_weights.0,8192,2509,5683,0.10934250801801682,2522,2509,0.10934250801801682
activity/outer1/final/original_no_message/s3301,original_no_message,3301,message_weights.1,8192,3072,5120,0.09930048137903214,3072,3072,0.09930048137903214
activity/outer1/final/original_no_message/s3301,original_no_message,3301,readout.0.weight,131584,64152,67432,2.031909942626953,92062,64152,2.031909942626953
activity/outer1/final/original_no_message/s3301,original_no_message,3301,readout.0.bias,64,44,20,0.054813820868730545,63,44,0.054813820868730545
activity/outer1/final/original_no_message/s3301,original_no_message,3301,readout.3.weight,64,44,20,0.5123196244239807,63,44,0.5123196244239807
activity/outer1/final/original_no_message/s3301,original_no_message,3301,readout.3.bias,1,1,0,0.11651015281677246,1,1,0.11651015281677246
activity/outer1/final/original_no_message/s4409,original_no_message,4409,embed.weight,2976,1817,1159,1.1074928045272827,1823,1817,1.1074928045272827
activity/outer1/final/original_no_message/s4409,original_no_message,4409,embed.bias,32,32,0,0.621505081653595,32,32,0.621505081653595
activity/outer1/final/original_no_message/s4409,original_no_message,4409,self_layers.0.weight,1024,836,188,0.2253076732158661,870,836,0.2253076732158661
activity/outer1/final/original_no_message/s4409,original_no_message,4409,self_layers.0.bias,32,27,5,0.4499071538448334,29,27,0.4499071538448334
activity/outer1/final/original_no_message/s4409,original_no_message,4409,self_layers.1.weight,1024,1024,0,0.14887773990631104,1024,1024,0.14887773990631104
activity/outer1/final/original_no_message/s4409,original_no_message,4409,self_layers.1.bias,32,32,0,0.032508112490177155,32,32,0.032508112490177155
activity/outer1/final/original_no_message/s4409,original_no_message,4409,norms.0.weight,32,32,0,0.04424595832824707,32,32,0.04424595832824707
activity/outer1/final/original_no_message/s4409,original_no_message,4409,norms.0.bias,32,32,0,0.06560996919870377,32,32,0.06560996919870377
activity/outer1/final/original_no_message/s4409,original_no_message,4409,norms.1.weight,32,32,0,0.027396537363529205,32,32,0.027396537363529205
activity/outer1/final/original_no_message/s4409,original_no_message,4409,norms.1.bias,32,32,0,0.055823080241680145,32,32,0.055823080241680145
activity/outer1/final/original_no_message/s4409,original_no_message,4409,message_weights.0,8192,2496,5696,0.13204988837242126,2568,2496,0.13204988837242126
activity/outer1/final/original_no_message/s4409,original_no_message,4409,message_weights.1,8192,3072,5120,0.0874885842204094,3072,3072,0.0874885842204094
activity/outer1/final/original_no_message/s4409,original_no_message,4409,readout.0.weight,131584,74278,57306,1.8487892150878906,92158,74278,1.8487892150878906
activity/outer1/final/original_no_message/s4409,original_no_message,4409,readout.0.bias,64,51,13,0.05423883721232414,63,51,0.05423883721232414
activity/outer1/final/original_no_message/s4409,original_no_message,4409,readout.3.weight,64,51,13,0.4227617681026459,63,51,0.4227617681026459
activity/outer1/final/original_no_message/s4409,original_no_message,4409,readout.3.bias,1,1,0,0.12439526617527008,1,1,0.12439526617527008
activity/outer1/final/original_no_message/s5519,original_no_message,5519,embed.weight,2976,1836,1140,0.6036989688873291,1842,1836,0.6036989688873291
activity/outer1/final/original_no_message/s5519,original_no_message,5519,embed.bias,32,32,0,0.2948768138885498,32,32,0.2948768138885498
activity/outer1/final/original_no_message/s5519,original_no_message,5519,self_layers.0.weight,1024,743,281,0.13675342500209808,779,743,0.13675342500209808
activity/outer1/final/original_no_message/s5519,original_no_message,5519,self_layers.0.bias,32,24,8,0.23093760013580322,26,24,0.23093760013580322
activity/outer1/final/original_no_message/s5519,original_no_message,5519,self_layers.1.weight,1024,1024,0,0.13472209870815277,1024,1024,0.13472209870815277
activity/outer1/final/original_no_message/s5519,original_no_message,5519,self_layers.1.bias,32,32,0,0.024486662819981575,32,32,0.024486662819981575
activity/outer1/final/original_no_message/s5519,original_no_message,5519,norms.0.weight,32,32,0,0.02874721772968769,32,32,0.02874721772968769
activity/outer1/final/original_no_message/s5519,original_no_message,5519,norms.0.bias,32,32,0,0.03667391091585159,32,32,0.03667391091585159
activity/outer1/final/original_no_message/s5519,original_no_message,5519,norms.1.weight,32,32,0,0.037610553205013275,32,32,0.037610553205013275
activity/outer1/final/original_no_message/s5519,original_no_message,5519,norms.1.bias,32,32,0,0.03613658994436264,32,32,0.03613658994436264
activity/outer1/final/original_no_message/s5519,original_no_message,5519,message_weights.0,8192,2227,5965,0.08075129985809326,2306,2227,0.08075129985809326
activity/outer1/final/original_no_message/s5519,original_no_message,5519,message_weights.1,8192,3072,5120,0.08036927133798599,3072,3072,0.08036927133798599
activity/outer1/final/original_no_message/s5519,original_no_message,5519,readout.0.weight,131584,66138,65446,2.2107412815093994,83730,66138,2.2107412815093994
activity/outer1/final/original_no_message/s5519,original_no_message,5519,readout.0.bias,64,45,19,0.06034450978040695,57,45,0.06034450978040695
activity/outer1/final/original_no_message/s5519,original_no_message,5519,readout.3.weight,64,45,19,0.6246346831321716,57,45,0.6246346831321716
activity/outer1/final/original_no_message/s5519,original_no_message,5519,readout.3.bias,1,1,0,0.13422906398773193,1,1,0.13422906398773193
activity/outer1/final/original_no_message/s6637,original_no_message,6637,embed.weight,2976,1624,1352,0.874875009059906,1643,1624,0.874875009059906
activity/outer1/final/original_no_message/s6637,original_no_message,6637,embed.bias,32,31,1,0.45432141423225403,31,31,0.45432141423225403
activity/outer1/final/original_no_message/s6637,original_no_message,6637,self_layers.0.weight,1024,800,224,0.13874027132987976,816,800,0.13874027132987976
activity/outer1/final/original_no_message/s6637,original_no_message,6637,self_layers.0.bias,32,26,6,0.2971264719963074,27,26,0.2971264719963074
activity/outer1/final/original_no_message/s6637,original_no_message,6637,self_layers.1.weight,1024,1024,0,0.1179073229432106,1024,1024,0.1179073229432106
activity/outer1/final/original_no_message/s6637,original_no_message,6637,self_layers.1.bias,32,32,0,0.023028666153550148,32,32,0.023028666153550148
activity/outer1/final/original_no_message/s6637,original_no_message,6637,norms.0.weight,32,32,0,0.032179638743400574,32,32,0.032179638743400574
activity/outer1/final/original_no_message/s6637,original_no_message,6637,norms.0.bias,32,32,0,0.045381758362054825,32,32,0.045381758362054825
activity/outer1/final/original_no_message/s6637,original_no_message,6637,norms.1.weight,32,32,0,0.030478261411190033,32,32,0.030478261411190033
activity/outer1/final/original_no_message/s6637,original_no_message,6637,norms.1.bias,32,32,0,0.04029015824198723,32,32,0.04029015824198723
activity/outer1/final/original_no_message/s6637,original_no_message,6637,message_weights.0,8192,2398,5794,0.08361031115055084,2447,2398,0.08361031115055084
activity/outer1/final/original_no_message/s6637,original_no_message,6637,message_weights.1,8192,3072,5120,0.07141843438148499,3072,3072,0.07141843438148499
activity/outer1/final/original_no_message/s6637,original_no_message,6637,readout.0.weight,131584,67676,63908,1.6455514430999756,91934,67676,1.6455514430999756
activity/outer1/final/original_no_message/s6637,original_no_message,6637,readout.0.bias,64,46,18,0.045189958065748215,63,46,0.045189958065748215
activity/outer1/final/original_no_message/s6637,original_no_message,6637,readout.3.weight,64,46,18,0.4453830420970917,63,46,0.4453830420970917
activity/outer1/final/original_no_message/s6637,original_no_message,6637,readout.3.bias,1,1,0,0.09594854712486267,1,1,0.09594854712486267
activity/outer1/final/original_no_message/s7753,original_no_message,7753,embed.weight,2976,1697,1279,0.5627089142799377,1704,1697,0.5627089142799377
activity/outer1/final/original_no_message/s7753,original_no_message,7753,embed.bias,32,32,0,0.22774094343185425,32,32,0.22774094343185425
activity/outer1/final/original_no_message/s7753,original_no_message,7753,self_layers.0.weight,1024,830,194,0.10278202593326569,846,830,0.10278202593326569
activity/outer1/final/original_no_message/s7753,original_no_message,7753,self_layers.0.bias,32,26,6,0.25775375962257385,27,26,0.25775375962257385
activity/outer1/final/original_no_message/s7753,original_no_message,7753,self_layers.1.weight,1024,1024,0,0.08011957257986069,1024,1024,0.08011957257986069
activity/outer1/final/original_no_message/s7753,original_no_message,7753,self_layers.1.bias,32,32,0,0.01340573187917471,32,32,0.01340573187917471
activity/outer1/final/original_no_message/s7753,original_no_message,7753,norms.0.weight,32,32,0,0.020992735400795937,32,32,0.020992735400795937
activity/outer1/final/original_no_message/s7753,original_no_message,7753,norms.0.bias,32,32,0,0.022777313366532326,32,32,0.022777313366532326
activity/outer1/final/original_no_message/s7753,original_no_message,7753,norms.1.weight,32,32,0,0.020885620266199112,32,32,0.020885620266199112
activity/outer1/final/original_no_message/s7753,original_no_message,7753,norms.1.bias,32,32,0,0.019594531506299973,32,32,0.019594531506299973
activity/outer1/final/original_no_message/s7753,original_no_message,7753,message_weights.0,8192,2489,5703,0.062025852501392365,2537,2489,0.062025852501392365
activity/outer1/final/original_no_message/s7753,original_no_message,7753,message_weights.1,8192,3072,5120,0.048250190913677216,3072,3072,0.048250190913677216
activity/outer1/final/original_no_message/s7753,original_no_message,7753,readout.0.weight,131584,68574,63010,1.101841926574707,89402,68574,1.101841926574707
activity/outer1/final/original_no_message/s7753,original_no_message,7753,readout.0.bias,64,47,17,0.025224601849913597,61,47,0.025224601849913597
activity/outer1/final/original_no_message/s7753,original_no_message,7753,readout.3.weight,64,47,17,0.15419815480709076,61,47,0.15419815480709076
activity/outer1/final/original_no_message/s7753,original_no_message,7753,readout.3.bias,1,1,0,0.03770861774682999,1,1,0.03770861774682999
activity/outer1/final/original_no_message/s8867,original_no_message,8867,embed.weight,2976,1834,1142,0.40484991669654846,1843,1834,0.40484991669654846
activity/outer1/final/original_no_message/s8867,original_no_message,8867,embed.bias,32,32,0,0.19365240633487701,32,32,0.19365240633487701
activity/outer1/final/original_no_message/s8867,original_no_message,8867,self_layers.0.weight,1024,804,220,0.09991630166769028,851,804,0.09991630166769028
activity/outer1/final/original_no_message/s8867,original_no_message,8867,self_layers.0.bias,32,27,5,0.12675416469573975,28,27,0.12675416469573975
activity/outer1/final/original_no_message/s8867,original_no_message,8867,self_layers.1.weight,1024,1024,0,0.07783275097608566,1024,1024,0.07783275097608566
activity/outer1/final/original_no_message/s8867,original_no_message,8867,self_layers.1.bias,32,32,0,0.014404695481061935,32,32,0.014404695481061935
activity/outer1/final/original_no_message/s8867,original_no_message,8867,norms.0.weight,32,32,0,0.020456435158848763,32,32,0.020456435158848763
activity/outer1/final/original_no_message/s8867,original_no_message,8867,norms.0.bias,32,32,0,0.02347646839916706,32,32,0.02347646839916706
activity/outer1/final/original_no_message/s8867,original_no_message,8867,norms.1.weight,32,32,0,0.0191789660602808,32,32,0.0191789660602808
activity/outer1/final/original_no_message/s8867,original_no_message,8867,norms.1.bias,32,32,0,0.020608408376574516,32,32,0.020608408376574516
activity/outer1/final/original_no_message/s8867,original_no_message,8867,message_weights.0,8192,2367,5825,0.0638471245765686,2510,2367,0.0638471245765686
activity/outer1/final/original_no_message/s8867,original_no_message,8867,message_weights.1,8192,3072,5120,0.04798126593232155,3072,3072,0.04798126593232155
activity/outer1/final/original_no_message/s8867,original_no_message,8867,readout.0.weight,131584,55692,75892,1.087052583694458,87288,55692,1.087052583694458
activity/outer1/final/original_no_message/s8867,original_no_message,8867,readout.0.bias,64,38,26,0.028022821992635727,60,38,0.028022821992635727
activity/outer1/final/original_no_message/s8867,original_no_message,8867,readout.3.weight,64,38,26,0.32517293095588684,60,38,0.32517293095588684
activity/outer1/final/original_no_message/s8867,original_no_message,8867,readout.3.bias,1,1,0,0.0703347772359848,1,1,0.0703347772359848
activity/outer1/final/original_no_message/s9973,original_no_message,9973,embed.weight,2976,1815,1161,0.2766166925430298,1825,1815,0.2766166925430298
activity/outer1/final/original_no_message/s9973,original_no_message,9973,embed.bias,32,32,0,0.07851535081863403,32,32,0.07851535081863403
activity/outer1/final/original_no_message/s9973,original_no_message,9973,self_layers.0.weight,1024,837,187,0.05513812229037285,843,837,0.05513812229037285
activity/outer1/final/original_no_message/s9973,original_no_message,9973,self_layers.0.bias,32,27,5,0.07553933560848236,27,27,0.07553933560848236
activity/outer1/final/original_no_message/s9973,original_no_message,9973,self_layers.1.weight,1024,1024,0,0.04703757166862488,1024,1024,0.04703757166862488
activity/outer1/final/original_no_message/s9973,original_no_message,9973,self_layers.1.bias,32,32,0,0.007356981281191111,32,32,0.007356981281191111
activity/outer1/final/original_no_message/s9973,original_no_message,9973,norms.0.weight,32,32,0,0.012607261538505554,32,32,0.012607261538505554
activity/outer1/final/original_no_message/s9973,original_no_message,9973,norms.0.bias,32,32,0,0.009607289917767048,32,32,0.009607289917767048
activity/outer1/final/original_no_message/s9973,original_no_message,9973,norms.1.weight,32,32,0,0.016951899975538254,32,32,0.016951899975538254
activity/outer1/final/original_no_message/s9973,original_no_message,9973,norms.1.bias,32,32,0,0.008425955660641193,32,32,0.008425955660641193
activity/outer1/final/original_no_message/s9973,original_no_message,9973,message_weights.0,8192,2463,5729,0.034554820507764816,2479,2463,0.034554820507764816
activity/outer1/final/original_no_message/s9973,original_no_message,9973,message_weights.1,8192,3072,5120,0.029404569417238235,3072,3072,0.029404569417238235
activity/outer1/final/original_no_message/s9973,original_no_message,9973,readout.0.weight,131584,68894,62690,0.5686075687408447,93568,68894,0.5686075687408447
activity/outer1/final/original_no_message/s9973,original_no_message,9973,readout.0.bias,64,47,17,0.01003109198063612,64,47,0.01003109198063612
activity/outer1/final/original_no_message/s9973,original_no_message,9973,readout.3.weight,64,47,17,0.1597842276096344,64,47,0.1597842276096344
activity/outer1/final/original_no_message/s9973,original_no_message,9973,readout.3.bias,1,1,0,0.01780574768781662,1,1,0.01780574768781662
activity/outer1/final/token_cnn/s11027,token_cnn,11027,embed.weight,2976,1826,1150,0.22380438446998596,1959,1826,0.22380438446998596
activity/outer1/final/token_cnn/s11027,token_cnn,11027,embed.bias,32,32,0,0.10385847836732864,32,32,0.10385847836732864
activity/outer1/final/token_cnn/s11027,token_cnn,11027,layers.0.weight,3072,2784,288,0.03919440880417824,3066,2784,0.03919440880417824
activity/outer1/final/token_cnn/s11027,token_cnn,11027,layers.0.bias,32,29,3,0.026114575564861298,32,29,0.026114575564861298
activity/outer1/final/token_cnn/s11027,token_cnn,11027,layers.3.weight,3072,2001,1071,0.03989029675722122,2871,2001,0.03989029675722122
activity/outer1/final/token_cnn/s11027,token_cnn,11027,layers.3.bias,32,23,9,0.04483918100595474,32,23,0.04483918100595474
activity/outer1/final/token_cnn/s11027,token_cnn,11027,readout.0.weight,131584,33074,98510,0.11798059940338135,84724,33074,0.11798059940338135
activity/outer1/final/token_cnn/s11027,token_cnn,11027,readout.0.bias,64,23,41,0.024350687861442566,63,23,0.024350687861442566
activity/outer1/final/token_cnn/s11027,token_cnn,11027,readout.3.weight,64,23,41,0.28217610716819763,63,23,0.28217610716819763
activity/outer1/final/token_cnn/s11027,token_cnn,11027,readout.3.bias,1,1,0,0.027774088084697723,1,1,0.027774088084697723
activity/outer1/final/token_cnn/s1103,token_cnn,1103,embed.weight,2976,1896,1080,0.28269004821777344,1930,1896,0.28269004821777344
activity/outer1/final/token_cnn/s1103,token_cnn,1103,embed.bias,32,32,0,0.13829372823238373,32,32,0.13829372823238373
activity/outer1/final/token_cnn/s1103,token_cnn,1103,layers.0.weight,3072,2496,576,0.049033842980861664,2744,2496,0.049033842980861664
activity/outer1/final/token_cnn/s1103,token_cnn,1103,layers.0.bias,32,26,6,0.05773621052503586,29,26,0.05773621052503586
activity/outer1/final/token_cnn/s1103,token_cnn,1103,layers.3.weight,3072,1716,1356,0.06367555260658264,2467,1716,0.06367555260658264
activity/outer1/final/token_cnn/s1103,token_cnn,1103,layers.3.bias,32,22,10,0.11970826238393784,30,22,0.11970826238393784
activity/outer1/final/token_cnn/s1103,token_cnn,1103,readout.0.weight,131584,42201,89383,0.3522089719772339,76287,42201,0.3522089719772339
activity/outer1/final/token_cnn/s1103,token_cnn,1103,readout.0.bias,64,30,34,0.07663349062204361,56,30,0.07663349062204361
activity/outer1/final/token_cnn/s1103,token_cnn,1103,readout.3.weight,64,30,34,0.6906628012657166,56,30,0.6906628012657166
activity/outer1/final/token_cnn/s1103,token_cnn,1103,readout.3.bias,1,1,0,0.22003908455371857,1,1,0.22003908455371857
activity/outer1/final/token_cnn/s2207,token_cnn,2207,embed.weight,2976,1807,1169,0.25870344042778015,1935,1807,0.25870344042778015
activity/outer1/final/token_cnn/s2207,token_cnn,2207,embed.bias,32,31,1,0.1470871865749359,32,31,0.1470871865749359
activity/outer1/final/token_cnn/s2207,token_cnn,2207,layers.0.weight,3072,2697,375,0.06408177316188812,3034,2697,0.06408177316188812
activity/outer1/final/token_cnn/s2207,token_cnn,2207,layers.0.bias,32,29,3,0.0836251750588417,32,29,0.0836251750588417
activity/outer1/final/token_cnn/s2207,token_cnn,2207,layers.3.weight,3072,2523,549,0.05144970864057541,3013,2523,0.05144970864057541
activity/outer1/final/token_cnn/s2207,token_cnn,2207,layers.3.bias,32,29,3,0.06830805540084839,32,29,0.06830805540084839
activity/outer1/final/token_cnn/s2207,token_cnn,2207,readout.0.weight,131584,29277,102307,0.0906912162899971,86962,29277,0.0906912162899971
activity/outer1/final/token_cnn/s2207,token_cnn,2207,readout.0.bias,64,20,44,0.017094263806939125,64,20,0.017094263806939125
activity/outer1/final/token_cnn/s2207,token_cnn,2207,readout.3.weight,64,20,44,0.24521592259407043,64,20,0.24521592259407043
activity/outer1/final/token_cnn/s2207,token_cnn,2207,readout.3.bias,1,1,0,0.05400152504444122,1,1,0.05400152504444122
activity/outer1/final/token_cnn/s3301,token_cnn,3301,embed.weight,2976,1810,1166,0.13416318595409393,1965,1810,0.13416318595409393
activity/outer1/final/token_cnn/s3301,token_cnn,3301,embed.bias,32,32,0,0.06157509610056877,32,32,0.06157509610056877
activity/outer1/final/token_cnn/s3301,token_cnn,3301,layers.0.weight,3072,2784,288,0.04166298732161522,3072,2784,0.04166298732161522
activity/outer1/final/token_cnn/s3301,token_cnn,3301,layers.0.bias,32,29,3,0.04039294645190239,32,29,0.04039294645190239
activity/outer1/final/token_cnn/s3301,token_cnn,3301,layers.3.weight,3072,2523,549,0.038827136158943176,3030,2523,0.038827136158943176
activity/outer1/final/token_cnn/s3301,token_cnn,3301,layers.3.bias,32,29,3,0.04319578409194946,32,29,0.04319578409194946
activity/outer1/final/token_cnn/s3301,token_cnn,3301,readout.0.weight,131584,35099,96485,0.07428959757089615,86211,35099,0.07428959757089615
activity/outer1/final/token_cnn/s3301,token_cnn,3301,readout.0.bias,64,24,40,0.009561913087964058,63,24,0.009561913087964058
activity/outer1/final/token_cnn/s3301,token_cnn,3301,readout.3.weight,64,24,40,0.15420272946357727,63,24,0.15420272946357727
activity/outer1/final/token_cnn/s3301,token_cnn,3301,readout.3.bias,1,1,0,0.015722505748271942,1,1,0.015722505748271942
activity/outer1/final/token_cnn/s4409,token_cnn,4409,embed.weight,2976,1849,1127,0.2886660695075989,1974,1849,0.2886660695075989
activity/outer1/final/token_cnn/s4409,token_cnn,4409,embed.bias,32,32,0,0.13012191653251648,32,32,0.13012191653251648
activity/outer1/final/token_cnn/s4409,token_cnn,4409,layers.0.weight,3072,3072,0,0.04714373126626015,3072,3072,0.04714373126626015
activity/outer1/final/token_cnn/s4409,token_cnn,4409,layers.0.bias,32,32,0,0.03908292204141617,32,32,0.03908292204141617
activity/outer1/final/token_cnn/s4409,token_cnn,4409,layers.3.weight,3072,2496,576,0.05574662610888481,3047,2496,0.05574662610888481
activity/outer1/final/token_cnn/s4409,token_cnn,4409,layers.3.bias,32,26,6,0.06385193020105362,32,26,0.06385193020105362
activity/outer1/final/token_cnn/s4409,token_cnn,4409,readout.0.weight,131584,38471,93113,0.1263779252767563,84946,38471,0.1263779252767563
activity/outer1/final/token_cnn/s4409,token_cnn,4409,readout.0.bias,64,27,37,0.027003392577171326,64,27,0.027003392577171326
activity/outer1/final/token_cnn/s4409,token_cnn,4409,readout.3.weight,64,27,37,0.30415141582489014,64,27,0.30415141582489014
activity/outer1/final/token_cnn/s4409,token_cnn,4409,readout.3.bias,1,1,0,0.005290262401103973,1,1,0.005290262401103973
activity/outer1/final/token_cnn/s5519,token_cnn,5519,embed.weight,2976,1865,1111,0.47707730531692505,1982,1865,0.47707730531692505
activity/outer1/final/token_cnn/s5519,token_cnn,5519,embed.bias,32,32,0,0.25500279664993286,32,32,0.25500279664993286
activity/outer1/final/token_cnn/s5519,token_cnn,5519,layers.0.weight,3072,2784,288,0.0401211678981781,3072,2784,0.0401211678981781
activity/outer1/final/token_cnn/s5519,token_cnn,5519,layers.0.bias,32,29,3,0.025097068399190903,32,29,0.025097068399190903
activity/outer1/final/token_cnn/s5519,token_cnn,5519,layers.3.weight,3072,2001,1071,0.0558263398706913,2994,2001,0.0558263398706913
activity/outer1/final/token_cnn/s5519,token_cnn,5519,layers.3.bias,32,23,9,0.06584272533655167,32,23,0.06584272533655167
activity/outer1/final/token_cnn/s5519,token_cnn,5519,readout.0.weight,131584,25054,106530,0.3057880997657776,89088,25054,0.3057880997657776
activity/outer1/final/token_cnn/s5519,token_cnn,5519,readout.0.bias,64,17,47,0.07119252532720566,64,17,0.07119252532720566
activity/outer1/final/token_cnn/s5519,token_cnn,5519,readout.3.weight,64,17,47,0.39316821098327637,64,17,0.39316821098327637
activity/outer1/final/token_cnn/s5519,token_cnn,5519,readout.3.bias,1,1,0,0.10223503410816193,1,1,0.10223503410816193
activity/outer1/final/token_cnn/s6637,token_cnn,6637,embed.weight,2976,1795,1181,0.33573848009109497,1894,1795,0.33573848009109497
activity/outer1/final/token_cnn/s6637,token_cnn,6637,embed.bias,32,31,1,0.2065894901752472,31,31,0.2065894901752472
activity/outer1/final/token_cnn/s6637,token_cnn,6637,layers.0.weight,3072,2883,189,0.059106990694999695,2976,2883,0.059106990694999695
activity/outer1/final/token_cnn/s6637,token_cnn,6637,layers.0.bias,32,31,1,0.08345948904752731,32,31,0.08345948904752731
activity/outer1/final/token_cnn/s6637,token_cnn,6637,layers.3.weight,3072,2592,480,0.053002502769231796,2971,2592,0.053002502769231796
activity/outer1/final/token_cnn/s6637,token_cnn,6637,layers.3.bias,32,27,5,0.08556799590587616,31,27,0.08556799590587616
activity/outer1/final/token_cnn/s6637,token_cnn,6637,readout.0.weight,131584,46640,84944,0.12998706102371216,84550,46640,0.12998706102371216
activity/outer1/final/token_cnn/s6637,token_cnn,6637,readout.0.bias,64,32,32,0.036608848720788956,64,32,0.036608848720788956
activity/outer1/final/token_cnn/s6637,token_cnn,6637,readout.3.weight,64,32,32,0.2585742473602295,64,32,0.2585742473602295
activity/outer1/final/token_cnn/s6637,token_cnn,6637,readout.3.bias,1,1,0,0.07095921039581299,1,1,0.07095921039581299
activity/outer1/final/token_cnn/s7753,token_cnn,7753,embed.weight,2976,1852,1124,0.16091914474964142,1853,1852,0.16091914474964142
activity/outer1/final/token_cnn/s7753,token_cnn,7753,embed.bias,32,32,0,0.06169810891151428,32,32,0.06169810891151428
activity/outer1/final/token_cnn/s7753,token_cnn,7753,layers.0.weight,3072,2586,486,0.026482975110411644,2837,2586,0.026482975110411644
activity/outer1/final/token_cnn/s7753,token_cnn,7753,layers.0.bias,32,27,5,0.017910461872816086,30,27,0.017910461872816086
activity/outer1/final/token_cnn/s7753,token_cnn,7753,layers.3.weight,3072,1938,1134,0.032133471220731735,2528,1938,0.032133471220731735
activity/outer1/final/token_cnn/s7753,token_cnn,7753,layers.3.bias,32,24,8,0.030925193801522255,29,24,0.030925193801522255
activity/outer1/final/token_cnn/s7753,token_cnn,7753,readout.0.weight,131584,30822,100762,0.10045140981674194,75726,30822,0.10045140981674194
activity/outer1/final/token_cnn/s7753,token_cnn,7753,readout.0.bias,64,21,43,0.01102974358946085,58,21,0.01102974358946085
activity/outer1/final/token_cnn/s7753,token_cnn,7753,readout.3.weight,64,21,43,0.30216875672340393,58,21,0.30216875672340393
activity/outer1/final/token_cnn/s7753,token_cnn,7753,readout.3.bias,1,1,0,0.0022243671119213104,1,1,0.0022243671119213104
activity/outer1/final/token_cnn/s8867,token_cnn,8867,embed.weight,2976,1793,1183,0.2160085141658783,1976,1793,0.2160085141658783
activity/outer1/final/token_cnn/s8867,token_cnn,8867,embed.bias,32,32,0,0.10609777271747589,32,32,0.10609777271747589
activity/outer1/final/token_cnn/s8867,token_cnn,8867,layers.0.weight,3072,2976,96,0.06087120249867439,3072,2976,0.06087120249867439
activity/outer1/final/token_cnn/s8867,token_cnn,8867,layers.0.bias,32,31,1,0.07093574106693268,32,31,0.07093574106693268
activity/outer1/final/token_cnn/s8867,token_cnn,8867,layers.3.weight,3072,2325,747,0.05440326780080795,2971,2325,0.05440326780080795
activity/outer1/final/token_cnn/s8867,token_cnn,8867,layers.3.bias,32,25,7,0.07301133126020432,32,25,0.07301133126020432
activity/outer1/final/token_cnn/s8867,token_cnn,8867,readout.0.weight,131584,40566,91018,0.1966594010591507,86412,40566,0.1966594010591507
activity/outer1/final/token_cnn/s8867,token_cnn,8867,readout.0.bias,64,28,36,0.04637391120195389,62,28,0.04637391120195389
activity/outer1/final/token_cnn/s8867,token_cnn,8867,readout.3.weight,64,28,36,0.2966141700744629,62,28,0.2966141700744629
activity/outer1/final/token_cnn/s8867,token_cnn,8867,readout.3.bias,1,1,0,0.040799349546432495,1,1,0.040799349546432495
activity/outer1/final/token_cnn/s9973,token_cnn,9973,embed.weight,2976,1836,1140,1.4774940013885498,1987,1836,1.4774940013885498
activity/outer1/final/token_cnn/s9973,token_cnn,9973,embed.bias,32,32,0,0.8628884553909302,32,32,0.8628884553909302
activity/outer1/final/token_cnn/s9973,token_cnn,9973,layers.0.weight,3072,2976,96,0.2170557826757431,3072,2976,0.2170557826757431
activity/outer1/final/token_cnn/s9973,token_cnn,9973,layers.0.bias,32,31,1,0.2551518380641937,32,31,0.2551518380641937
activity/outer1/final/token_cnn/s9973,token_cnn,9973,layers.3.weight,3072,2415,657,0.17773555219173431,3007,2415,0.17773555219173431
activity/outer1/final/token_cnn/s9973,token_cnn,9973,layers.3.bias,32,26,6,0.3179835081100464,32,26,0.3179835081100464
activity/outer1/final/token_cnn/s9973,token_cnn,9973,readout.0.weight,131584,43330,88254,0.5165929198265076,84309,43330,0.5165929198265076
activity/outer1/final/token_cnn/s9973,token_cnn,9973,readout.0.bias,64,30,34,0.13716797530651093,63,30,0.13716797530651093
activity/outer1/final/token_cnn/s9973,token_cnn,9973,readout.3.weight,64,30,34,0.502025842666626,63,30,0.502025842666626
activity/outer1/final/token_cnn/s9973,token_cnn,9973,readout.3.bias,1,1,0,0.26791879534721375,1,1,0.26791879534721375
activity/outer2/final/corrected_gnn/s11027,corrected_gnn,11027,embed.weight,2976,1553,1423,0.41808611154556274,1561,1553,0.41808611154556274
activity/outer2/final/corrected_gnn/s11027,corrected_gnn,11027,embed.bias,32,32,0,0.13575227558612823,32,32,0.13575227558612823
activity/outer2/final/corrected_gnn/s11027,corrected_gnn,11027,self_layers.0.weight,1024,691,333,0.07914899289608002,691,691,0.07914899289608002
activity/outer2/final/corrected_gnn/s11027,corrected_gnn,11027,self_layers.0.bias,32,22,10,0.11808951199054718,22,22,0.11808951199054718
activity/outer2/final/corrected_gnn/s11027,corrected_gnn,11027,self_layers.1.weight,1024,1024,0,0.06961395591497421,1024,1024,0.06961395591497421
activity/outer2/final/corrected_gnn/s11027,corrected_gnn,11027,self_layers.1.bias,32,32,0,0.010889288038015366,32,32,0.010889288038015366
activity/outer2/final/corrected_gnn/s11027,corrected_gnn,11027,norms.0.weight,32,32,0,0.019887883216142654,32,32,0.019887883216142654
activity/outer2/final/corrected_gnn/s11027,corrected_gnn,11027,norms.0.bias,32,32,0,0.013591467402875423,32,32,0.013591467402875423
activity/outer2/final/corrected_gnn/s11027,corrected_gnn,11027,norms.1.weight,32,32,0,0.02664046734571457,32,32,0.02664046734571457
activity/outer2/final/corrected_gnn/s11027,corrected_gnn,11027,norms.1.bias,32,32,0,0.011121688410639763,32,32,0.011121688410639763
activity/outer2/final/corrected_gnn/s11027,corrected_gnn,11027,message_weights.0,8192,2419,5773,0.04470611736178398,2401,2419,0.04470611736178398
activity/outer2/final/corrected_gnn/s11027,corrected_gnn,11027,message_weights.1,8192,3776,4416,0.04564763978123665,3776,3776,0.04564763978123665
activity/outer2/final/corrected_gnn/s11027,corrected_gnn,11027,readout.0.weight,131584,75641,55943,1.1776535511016846,96832,75641,1.1776535511016846
activity/outer2/final/corrected_gnn/s11027,corrected_gnn,11027,readout.0.bias,64,51,13,0.02560526691377163,64,51,0.02560526691377163
activity/outer2/final/corrected_gnn/s11027,corrected_gnn,11027,readout.3.weight,64,51,13,0.32638075947761536,64,51,0.32638075947761536
activity/outer2/final/corrected_gnn/s11027,corrected_gnn,11027,readout.3.bias,1,1,0,0.05440634861588478,1,1,0.05440634861588478
activity/outer2/final/corrected_gnn/s1103,corrected_gnn,1103,embed.weight,2976,1628,1348,1.124838948249817,1628,1628,1.124838948249817
activity/outer2/final/corrected_gnn/s1103,corrected_gnn,1103,embed.bias,32,32,0,0.5371445417404175,32,32,0.5371445417404175
activity/outer2/final/corrected_gnn/s1103,corrected_gnn,1103,self_layers.0.weight,1024,716,308,0.22005914151668549,719,716,0.22005914151668549
activity/outer2/final/corrected_gnn/s1103,corrected_gnn,1103,self_layers.0.bias,32,23,9,0.37721726298332214,23,23,0.37721726298332214
activity/outer2/final/corrected_gnn/s1103,corrected_gnn,1103,self_layers.1.weight,1024,1024,0,0.23179343342781067,1024,1024,0.23179343342781067
activity/outer2/final/corrected_gnn/s1103,corrected_gnn,1103,self_layers.1.bias,32,32,0,0.04222726821899414,32,32,0.04222726821899414
activity/outer2/final/corrected_gnn/s1103,corrected_gnn,1103,norms.0.weight,32,32,0,0.07035350054502487,32,32,0.07035350054502487
activity/outer2/final/corrected_gnn/s1103,corrected_gnn,1103,norms.0.bias,32,32,0,0.07929124683141708,32,32,0.07929124683141708
activity/outer2/final/corrected_gnn/s1103,corrected_gnn,1103,norms.1.weight,32,32,0,0.06717503815889359,32,32,0.06717503815889359
activity/outer2/final/corrected_gnn/s1103,corrected_gnn,1103,norms.1.bias,32,32,0,0.07585112005472183,32,32,0.07585112005472183
activity/outer2/final/corrected_gnn/s1103,corrected_gnn,1103,message_weights.0,8192,2447,5745,0.13237959146499634,2449,2447,0.13237959146499634
activity/outer2/final/corrected_gnn/s1103,corrected_gnn,1103,message_weights.1,8192,3680,4512,0.13023024797439575,3776,3680,0.13023024797439575
activity/outer2/final/corrected_gnn/s1103,corrected_gnn,1103,readout.0.weight,131584,77244,54340,3.726001262664795,94557,77244,3.726001262664795
activity/outer2/final/corrected_gnn/s1103,corrected_gnn,1103,readout.0.bias,64,52,12,0.10175640881061554,63,52,0.10175640881061554
activity/outer2/final/corrected_gnn/s1103,corrected_gnn,1103,readout.3.weight,64,52,12,0.6269567012786865,63,52,0.6269567012786865
activity/outer2/final/corrected_gnn/s1103,corrected_gnn,1103,readout.3.bias,1,1,0,0.23425115644931793,1,1,0.23425115644931793
activity/outer2/final/corrected_gnn/s2207,corrected_gnn,2207,embed.weight,2976,1565,1411,0.5766966938972473,1570,1565,0.5766966938972473
activity/outer2/final/corrected_gnn/s2207,corrected_gnn,2207,embed.bias,32,32,0,0.32608768343925476,32,32,0.32608768343925476
activity/outer2/final/corrected_gnn/s2207,corrected_gnn,2207,self_layers.0.weight,1024,759,265,0.12419047951698303,764,759,0.12419047951698303
activity/outer2/final/corrected_gnn/s2207,corrected_gnn,2207,self_layers.0.bias,32,25,7,0.21725405752658844,25,25,0.21725405752658844
activity/outer2/final/corrected_gnn/s2207,corrected_gnn,2207,self_layers.1.weight,1024,1024,0,0.08259225636720657,1024,1024,0.08259225636720657
activity/outer2/final/corrected_gnn/s2207,corrected_gnn,2207,self_layers.1.bias,32,32,0,0.017311086878180504,32,32,0.017311086878180504
activity/outer2/final/corrected_gnn/s2207,corrected_gnn,2207,norms.0.weight,32,32,0,0.02451784536242485,32,32,0.02451784536242485
activity/outer2/final/corrected_gnn/s2207,corrected_gnn,2207,norms.0.bias,32,32,0,0.03649788722395897,32,32,0.03649788722395897
activity/outer2/final/corrected_gnn/s2207,corrected_gnn,2207,norms.1.weight,32,32,0,0.036114756017923355,32,32,0.036114756017923355
activity/outer2/final/corrected_gnn/s2207,corrected_gnn,2207,norms.1.bias,32,32,0,0.03312493488192558,32,32,0.03312493488192558
activity/outer2/final/corrected_gnn/s2207,corrected_gnn,2207,message_weights.0,8192,2590,5602,0.07127732038497925,2583,2590,0.07127732038497925
activity/outer2/final/corrected_gnn/s2207,corrected_gnn,2207,message_weights.1,8192,3872,4320,0.05092039331793785,3840,3872,0.05092039331793785
activity/outer2/final/corrected_gnn/s2207,corrected_gnn,2207,readout.0.weight,131584,61176,70408,1.29816734790802,89457,61176,1.29816734790802
activity/outer2/final/corrected_gnn/s2207,corrected_gnn,2207,readout.0.bias,64,40,24,0.03593521565198898,59,40,0.03593521565198898
activity/outer2/final/corrected_gnn/s2207,corrected_gnn,2207,readout.3.weight,64,40,24,0.5121668577194214,59,40,0.5121668577194214
activity/outer2/final/corrected_gnn/s2207,corrected_gnn,2207,readout.3.bias,1,1,0,0.08568407595157623,1,1,0.08568407595157623
activity/outer2/final/corrected_gnn/s3301,corrected_gnn,3301,embed.weight,2976,1567,1409,1.4667277336120605,1573,1567,1.4667277336120605
activity/outer2/final/corrected_gnn/s3301,corrected_gnn,3301,embed.bias,32,32,0,0.926860511302948,32,32,0.926860511302948
activity/outer2/final/corrected_gnn/s3301,corrected_gnn,3301,self_layers.0.weight,1024,831,193,0.4050944745540619,833,831,0.4050944745540619
activity/outer2/final/corrected_gnn/s3301,corrected_gnn,3301,self_layers.0.bias,32,27,5,0.7291685342788696,27,27,0.7291685342788696
activity/outer2/final/corrected_gnn/s3301,corrected_gnn,3301,self_layers.1.weight,1024,1024,0,0.37875887751579285,1024,1024,0.37875887751579285
activity/outer2/final/corrected_gnn/s3301,corrected_gnn,3301,self_layers.1.bias,32,32,0,0.07857544720172882,32,32,0.07857544720172882
activity/outer2/final/corrected_gnn/s3301,corrected_gnn,3301,norms.0.weight,32,32,0,0.08292658627033234,32,32,0.08292658627033234
activity/outer2/final/corrected_gnn/s3301,corrected_gnn,3301,norms.0.bias,32,32,0,0.12201333045959473,32,32,0.12201333045959473
activity/outer2/final/corrected_gnn/s3301,corrected_gnn,3301,norms.1.weight,32,32,0,0.07634495198726654,32,32,0.07634495198726654
activity/outer2/final/corrected_gnn/s3301,corrected_gnn,3301,norms.1.bias,32,32,0,0.12029734253883362,32,32,0.12029734253883362
activity/outer2/final/corrected_gnn/s3301,corrected_gnn,3301,message_weights.0,8192,2854,5338,0.2517472803592682,2839,2854,0.2517472803592682
activity/outer2/final/corrected_gnn/s3301,corrected_gnn,3301,message_weights.1,8192,3680,4512,0.2243414670228958,3680,3680,0.2243414670228958
activity/outer2/final/corrected_gnn/s3301,corrected_gnn,3301,readout.0.weight,131584,66276,65308,4.609038352966309,94877,66276,4.609038352966309
activity/outer2/final/corrected_gnn/s3301,corrected_gnn,3301,readout.0.bias,64,44,20,0.13483111560344696,63,44,0.13483111560344696
activity/outer2/final/corrected_gnn/s3301,corrected_gnn,3301,readout.3.weight,64,44,20,1.085620403289795,63,44,1.085620403289795
activity/outer2/final/corrected_gnn/s3301,corrected_gnn,3301,readout.3.bias,1,1,0,0.34731781482696533,1,1,0.34731781482696533
activity/outer2/final/corrected_gnn/s4409,corrected_gnn,4409,embed.weight,2976,1610,1366,0.49811214208602905,1614,1610,0.49811214208602905
activity/outer2/final/corrected_gnn/s4409,corrected_gnn,4409,embed.bias,32,32,0,0.2613937258720398,32,32,0.2613937258720398
activity/outer2/final/corrected_gnn/s4409,corrected_gnn,4409,self_layers.0.weight,1024,843,181,0.12790590524673462,842,843,0.12790590524673462
activity/outer2/final/corrected_gnn/s4409,corrected_gnn,4409,self_layers.0.bias,32,27,5,0.25240546464920044,27,27,0.25240546464920044
activity/outer2/final/corrected_gnn/s4409,corrected_gnn,4409,self_layers.1.weight,1024,1024,0,0.10212820023298264,1024,1024,0.10212820023298264
activity/outer2/final/corrected_gnn/s4409,corrected_gnn,4409,self_layers.1.bias,32,32,0,0.02016281709074974,32,32,0.02016281709074974
activity/outer2/final/corrected_gnn/s4409,corrected_gnn,4409,norms.0.weight,32,32,0,0.04097448289394379,32,32,0.04097448289394379
activity/outer2/final/corrected_gnn/s4409,corrected_gnn,4409,norms.0.bias,32,32,0,0.03638948127627373,32,32,0.03638948127627373
activity/outer2/final/corrected_gnn/s4409,corrected_gnn,4409,norms.1.weight,32,32,0,0.040731947869062424,32,32,0.040731947869062424
activity/outer2/final/corrected_gnn/s4409,corrected_gnn,4409,norms.1.bias,32,32,0,0.03424999117851257,32,32,0.03424999117851257
activity/outer2/final/corrected_gnn/s4409,corrected_gnn,4409,message_weights.0,8192,2828,5364,0.07899339497089386,2828,2828,0.07899339497089386
activity/outer2/final/corrected_gnn/s4409,corrected_gnn,4409,message_weights.1,8192,3808,4384,0.06092771142721176,3680,3808,0.06092771142721176
activity/outer2/final/corrected_gnn/s4409,corrected_gnn,4409,readout.0.weight,131584,78300,53284,1.8275543451309204,92631,78300,1.8275543451309204
activity/outer2/final/corrected_gnn/s4409,corrected_gnn,4409,readout.0.bias,64,52,12,0.05187220871448517,61,52,0.05187220871448517
activity/outer2/final/corrected_gnn/s4409,corrected_gnn,4409,readout.3.weight,64,52,12,0.5391892790794373,61,52,0.5391892790794373
activity/outer2/final/corrected_gnn/s4409,corrected_gnn,4409,readout.3.bias,1,1,0,0.1482321321964264,1,1,0.1482321321964264
activity/outer2/final/corrected_gnn/s5519,corrected_gnn,5519,embed.weight,2976,1640,1336,1.6418335437774658,1647,1640,1.6418335437774658
activity/outer2/final/corrected_gnn/s5519,corrected_gnn,5519,embed.bias,32,32,0,0.9734153151512146,32,32,0.9734153151512146
activity/outer2/final/corrected_gnn/s5519,corrected_gnn,5519,self_layers.0.weight,1024,728,296,0.4189321994781494,732,728,0.4189321994781494
activity/outer2/final/corrected_gnn/s5519,corrected_gnn,5519,self_layers.0.bias,32,24,8,0.8429440855979919,24,24,0.8429440855979919
activity/outer2/final/corrected_gnn/s5519,corrected_gnn,5519,self_layers.1.weight,1024,1024,0,0.39397239685058594,1024,1024,0.39397239685058594
activity/outer2/final/corrected_gnn/s5519,corrected_gnn,5519,self_layers.1.bias,32,32,0,0.08425556868314743,32,32,0.08425556868314743
activity/outer2/final/corrected_gnn/s5519,corrected_gnn,5519,norms.0.weight,32,32,0,0.09004172682762146,32,32,0.09004172682762146
activity/outer2/final/corrected_gnn/s5519,corrected_gnn,5519,norms.0.bias,32,32,0,0.14208665490150452,32,32,0.14208665490150452
activity/outer2/final/corrected_gnn/s5519,corrected_gnn,5519,norms.1.weight,32,32,0,0.10123886168003082,32,32,0.10123886168003082
activity/outer2/final/corrected_gnn/s5519,corrected_gnn,5519,norms.1.bias,32,32,0,0.14231498539447784,32,32,0.14231498539447784
activity/outer2/final/corrected_gnn/s5519,corrected_gnn,5519,message_weights.0,8192,2550,5642,0.25201302766799927,2547,2550,0.25201302766799927
activity/outer2/final/corrected_gnn/s5519,corrected_gnn,5519,message_weights.1,8192,3712,4480,0.23514395952224731,3744,3712,0.23514395952224731
activity/outer2/final/corrected_gnn/s5519,corrected_gnn,5519,readout.0.weight,131584,76470,55114,5.094720363616943,88494,76470,5.094720363616943
activity/outer2/final/corrected_gnn/s5519,corrected_gnn,5519,readout.0.bias,64,50,14,0.14704130589962006,58,50,0.14704130589962006
activity/outer2/final/corrected_gnn/s5519,corrected_gnn,5519,readout.3.weight,64,50,14,1.1150963306427002,58,50,1.1150963306427002
activity/outer2/final/corrected_gnn/s5519,corrected_gnn,5519,readout.3.bias,1,1,0,0.33233025670051575,1,1,0.33233025670051575
activity/outer2/final/corrected_gnn/s6637,corrected_gnn,6637,embed.weight,2976,1435,1541,0.6090294718742371,1440,1435,0.6090294718742371
activity/outer2/final/corrected_gnn/s6637,corrected_gnn,6637,embed.bias,32,31,1,0.3532644212245941,31,31,0.3532644212245941
activity/outer2/final/corrected_gnn/s6637,corrected_gnn,6637,self_layers.0.weight,1024,812,212,0.1329318881034851,815,812,0.1329318881034851
activity/outer2/final/corrected_gnn/s6637,corrected_gnn,6637,self_layers.0.bias,32,27,5,0.3021022081375122,27,27,0.3021022081375122
activity/outer2/final/corrected_gnn/s6637,corrected_gnn,6637,self_layers.1.weight,1024,1024,0,0.10416058450937271,1024,1024,0.10416058450937271
activity/outer2/final/corrected_gnn/s6637,corrected_gnn,6637,self_layers.1.bias,32,32,0,0.021977409720420837,32,32,0.021977409720420837
activity/outer2/final/corrected_gnn/s6637,corrected_gnn,6637,norms.0.weight,32,32,0,0.047099024057388306,32,32,0.047099024057388306
activity/outer2/final/corrected_gnn/s6637,corrected_gnn,6637,norms.0.bias,32,32,0,0.04653116688132286,32,32,0.04653116688132286
activity/outer2/final/corrected_gnn/s6637,corrected_gnn,6637,norms.1.weight,32,32,0,0.047851428389549255,32,32,0.047851428389549255
activity/outer2/final/corrected_gnn/s6637,corrected_gnn,6637,norms.1.bias,32,32,0,0.0404876284301281,32,32,0.0404876284301281
activity/outer2/final/corrected_gnn/s6637,corrected_gnn,6637,message_weights.0,8192,2795,5397,0.08011769503355026,2795,2795,0.08011769503355026
activity/outer2/final/corrected_gnn/s6637,corrected_gnn,6637,message_weights.1,8192,3776,4416,0.06216750666499138,3808,3776,0.06216750666499138
activity/outer2/final/corrected_gnn/s6637,corrected_gnn,6637,readout.0.weight,131584,67396,64188,1.3404041528701782,95293,67396,1.3404041528701782
activity/outer2/final/corrected_gnn/s6637,corrected_gnn,6637,readout.0.bias,64,44,20,0.03731347247958183,63,44,0.03731347247958183
activity/outer2/final/corrected_gnn/s6637,corrected_gnn,6637,readout.3.weight,64,44,20,0.503399670124054,63,44,0.503399670124054
activity/outer2/final/corrected_gnn/s6637,corrected_gnn,6637,readout.3.bias,1,1,0,0.08589975535869598,1,1,0.08589975535869598
activity/outer2/final/corrected_gnn/s7753,corrected_gnn,7753,embed.weight,2976,1471,1505,0.7531638145446777,1473,1471,0.7531638145446777
activity/outer2/final/corrected_gnn/s7753,corrected_gnn,7753,embed.bias,32,32,0,0.4394986033439636,32,32,0.4394986033439636
activity/outer2/final/corrected_gnn/s7753,corrected_gnn,7753,self_layers.0.weight,1024,851,173,0.16105030477046967,846,851,0.16105030477046967
activity/outer2/final/corrected_gnn/s7753,corrected_gnn,7753,self_layers.0.bias,32,27,5,0.41238757967948914,27,27,0.41238757967948914
activity/outer2/final/corrected_gnn/s7753,corrected_gnn,7753,self_layers.1.weight,1024,1024,0,0.1070200651884079,1024,1024,0.1070200651884079
activity/outer2/final/corrected_gnn/s7753,corrected_gnn,7753,self_layers.1.bias,32,32,0,0.02351325750350952,32,32,0.02351325750350952
activity/outer2/final/corrected_gnn/s7753,corrected_gnn,7753,norms.0.weight,32,32,0,0.03793301060795784,32,32,0.03793301060795784
activity/outer2/final/corrected_gnn/s7753,corrected_gnn,7753,norms.0.bias,32,32,0,0.04948229715228081,32,32,0.04948229715228081
activity/outer2/final/corrected_gnn/s7753,corrected_gnn,7753,norms.1.weight,32,32,0,0.04434088617563248,32,32,0.04434088617563248
activity/outer2/final/corrected_gnn/s7753,corrected_gnn,7753,norms.1.bias,32,32,0,0.04336223378777504,32,32,0.04336223378777504
activity/outer2/final/corrected_gnn/s7753,corrected_gnn,7753,message_weights.0,8192,2973,5219,0.09941092878580093,2958,2973,0.09941092878580093
activity/outer2/final/corrected_gnn/s7753,corrected_gnn,7753,message_weights.1,8192,3744,4448,0.06693550944328308,3776,3744,0.06693550944328308
activity/outer2/final/corrected_gnn/s7753,corrected_gnn,7753,readout.0.weight,131584,71501,60083,1.7209677696228027,95773,71501,1.7209677696228027
activity/outer2/final/corrected_gnn/s7753,corrected_gnn,7753,readout.0.bias,64,47,17,0.050294339656829834,63,47,0.050294339656829834
activity/outer2/final/corrected_gnn/s7753,corrected_gnn,7753,readout.3.weight,64,47,17,0.4128195345401764,63,47,0.4128195345401764
activity/outer2/final/corrected_gnn/s7753,corrected_gnn,7753,readout.3.bias,1,1,0,0.09615069627761841,1,1,0.09615069627761841
activity/outer2/final/corrected_gnn/s8867,corrected_gnn,8867,embed.weight,2976,1639,1337,0.427013635635376,1645,1639,0.427013635635376
activity/outer2/final/corrected_gnn/s8867,corrected_gnn,8867,embed.bias,32,32,0,0.20120583474636078,32,32,0.20120583474636078
activity/outer2/final/corrected_gnn/s8867,corrected_gnn,8867,self_layers.0.weight,1024,767,257,0.10870185494422913,769,767,0.10870185494422913
activity/outer2/final/corrected_gnn/s8867,corrected_gnn,8867,self_layers.0.bias,32,25,7,0.1568945348262787,25,25,0.1568945348262787
activity/outer2/final/corrected_gnn/s8867,corrected_gnn,8867,self_layers.1.weight,1024,1024,0,0.0724918320775032,1024,1024,0.0724918320775032
activity/outer2/final/corrected_gnn/s8867,corrected_gnn,8867,self_layers.1.bias,32,32,0,0.011335736140608788,32,32,0.011335736140608788
activity/outer2/final/corrected_gnn/s8867,corrected_gnn,8867,norms.0.weight,32,32,0,0.032078247517347336,32,32,0.032078247517347336
activity/outer2/final/corrected_gnn/s8867,corrected_gnn,8867,norms.0.bias,32,32,0,0.023941311985254288,32,32,0.023941311985254288
activity/outer2/final/corrected_gnn/s8867,corrected_gnn,8867,norms.1.weight,32,32,0,0.03583402559161186,32,32,0.03583402559161186
activity/outer2/final/corrected_gnn/s8867,corrected_gnn,8867,norms.1.bias,32,32,0,0.021232331171631813,32,32,0.021232331171631813
activity/outer2/final/corrected_gnn/s8867,corrected_gnn,8867,message_weights.0,8192,2701,5491,0.06376465409994125,2706,2701,0.06376465409994125
activity/outer2/final/corrected_gnn/s8867,corrected_gnn,8867,message_weights.1,8192,3616,4576,0.04074019566178322,3616,3616,0.04074019566178322
activity/outer2/final/corrected_gnn/s8867,corrected_gnn,8867,readout.0.weight,131584,63998,67586,1.0255695581436157,90100,63998,1.0255695581436157
activity/outer2/final/corrected_gnn/s8867,corrected_gnn,8867,readout.0.bias,64,42,22,0.026193363592028618,60,42,0.026193363592028618
activity/outer2/final/corrected_gnn/s8867,corrected_gnn,8867,readout.3.weight,64,42,22,0.40390729904174805,60,42,0.40390729904174805
activity/outer2/final/corrected_gnn/s8867,corrected_gnn,8867,readout.3.bias,1,1,0,0.06698522716760635,1,1,0.06698522716760635
activity/outer2/final/corrected_gnn/s9973,corrected_gnn,9973,embed.weight,2976,1604,1372,0.285980224609375,1606,1604,0.285980224609375
activity/outer2/final/corrected_gnn/s9973,corrected_gnn,9973,embed.bias,32,32,0,0.10395900160074234,32,32,0.10395900160074234
activity/outer2/final/corrected_gnn/s9973,corrected_gnn,9973,self_layers.0.weight,1024,842,182,0.05769554153084755,840,842,0.05769554153084755
activity/outer2/final/corrected_gnn/s9973,corrected_gnn,9973,self_layers.0.bias,32,27,5,0.09438014030456543,27,27,0.09438014030456543
activity/outer2/final/corrected_gnn/s9973,corrected_gnn,9973,self_layers.1.weight,1024,1024,0,0.056730855256319046,1024,1024,0.056730855256319046
activity/outer2/final/corrected_gnn/s9973,corrected_gnn,9973,self_layers.1.bias,32,32,0,0.008838309906423092,32,32,0.008838309906423092
activity/outer2/final/corrected_gnn/s9973,corrected_gnn,9973,norms.0.weight,32,32,0,0.017240041866898537,32,32,0.017240041866898537
activity/outer2/final/corrected_gnn/s9973,corrected_gnn,9973,norms.0.bias,32,32,0,0.012541000731289387,32,32,0.012541000731289387
activity/outer2/final/corrected_gnn/s9973,corrected_gnn,9973,norms.1.weight,32,32,0,0.020299863070249557,32,32,0.020299863070249557
activity/outer2/final/corrected_gnn/s9973,corrected_gnn,9973,norms.1.bias,32,32,0,0.006996485870331526,32,32,0.006996485870331526
activity/outer2/final/corrected_gnn/s9973,corrected_gnn,9973,message_weights.0,8192,3049,5143,0.039193470031023026,3031,3049,0.039193470031023026
activity/outer2/final/corrected_gnn/s9973,corrected_gnn,9973,message_weights.1,8192,3840,4352,0.03580774739384651,3840,3840,0.03580774739384651
activity/outer2/final/corrected_gnn/s9973,corrected_gnn,9973,readout.0.weight,131584,69418,62166,0.8745206594467163,95357,69418,0.8745206594467163
activity/outer2/final/corrected_gnn/s9973,corrected_gnn,9973,readout.0.bias,64,46,18,0.0144956698641181,63,46,0.0144956698641181
activity/outer2/final/corrected_gnn/s9973,corrected_gnn,9973,readout.3.weight,64,46,18,0.2940327823162079,63,46,0.2940327823162079
activity/outer2/final/corrected_gnn/s9973,corrected_gnn,9973,readout.3.bias,1,1,0,0.010848373174667358,1,1,0.010848373174667358
activity/outer2/final/corrected_no_message/s11027,corrected_no_message,11027,embed.weight,2976,1553,1423,0.42926615476608276,1561,1553,0.42926615476608276
activity/outer2/final/corrected_no_message/s11027,corrected_no_message,11027,embed.bias,32,32,0,0.16241991519927979,32,32,0.16241991519927979
activity/outer2/final/corrected_no_message/s11027,corrected_no_message,11027,self_layers.0.weight,1024,673,351,0.0814911499619484,673,673,0.0814911499619484
activity/outer2/final/corrected_no_message/s11027,corrected_no_message,11027,self_layers.0.bias,32,22,10,0.14815549552440643,22,22,0.14815549552440643
activity/outer2/final/corrected_no_message/s11027,corrected_no_message,11027,self_layers.1.weight,1024,1024,0,0.070397287607193,1024,1024,0.070397287607193
activity/outer2/final/corrected_no_message/s11027,corrected_no_message,11027,self_layers.1.bias,32,32,0,0.011647800914943218,32,32,0.011647800914943218
activity/outer2/final/corrected_no_message/s11027,corrected_no_message,11027,norms.0.weight,32,32,0,0.02081645466387272,32,32,0.02081645466387272
activity/outer2/final/corrected_no_message/s11027,corrected_no_message,11027,norms.0.bias,32,32,0,0.016870321705937386,32,32,0.016870321705937386
activity/outer2/final/corrected_no_message/s11027,corrected_no_message,11027,norms.1.weight,32,32,0,0.0284205824136734,32,32,0.0284205824136734
activity/outer2/final/corrected_no_message/s11027,corrected_no_message,11027,norms.1.bias,32,32,0,0.016635701060295105,32,32,0.016635701060295105
activity/outer2/final/corrected_no_message/s11027,corrected_no_message,11027,message_weights.0,8192,2357,5835,0.049991365522146225,2342,2357,0.049991365522146225
activity/outer2/final/corrected_no_message/s11027,corrected_no_message,11027,message_weights.1,8192,3712,4480,0.044581856578588486,3776,3712,0.044581856578588486
activity/outer2/final/corrected_no_message/s11027,corrected_no_message,11027,readout.0.weight,131584,72016,59568,1.3757860660552979,96384,72016,1.3757860660552979
activity/outer2/final/corrected_no_message/s11027,corrected_no_message,11027,readout.0.bias,64,48,16,0.03466260805726051,64,48,0.03466260805726051
activity/outer2/final/corrected_no_message/s11027,corrected_no_message,11027,readout.3.weight,64,48,16,0.34425702691078186,64,48,0.34425702691078186
activity/outer2/final/corrected_no_message/s11027,corrected_no_message,11027,readout.3.bias,1,1,0,0.06540967524051666,1,1,0.06540967524051666
activity/outer2/final/corrected_no_message/s1103,corrected_no_message,1103,embed.weight,2976,1627,1349,1.1693459749221802,1627,1627,1.1693459749221802
activity/outer2/final/corrected_no_message/s1103,corrected_no_message,1103,embed.bias,32,32,0,0.5610345005989075,32,32,0.5610345005989075
activity/outer2/final/corrected_no_message/s1103,corrected_no_message,1103,self_layers.0.weight,1024,686,338,0.24116230010986328,689,686,0.24116230010986328
activity/outer2/final/corrected_no_message/s1103,corrected_no_message,1103,self_layers.0.bias,32,22,10,0.42371875047683716,22,22,0.42371875047683716
activity/outer2/final/corrected_no_message/s1103,corrected_no_message,1103,self_layers.1.weight,1024,1024,0,0.25272583961486816,1024,1024,0.25272583961486816
activity/outer2/final/corrected_no_message/s1103,corrected_no_message,1103,self_layers.1.bias,32,32,0,0.046589527279138565,32,32,0.046589527279138565
activity/outer2/final/corrected_no_message/s1103,corrected_no_message,1103,norms.0.weight,32,32,0,0.07310975342988968,32,32,0.07310975342988968
activity/outer2/final/corrected_no_message/s1103,corrected_no_message,1103,norms.0.bias,32,32,0,0.08290372788906097,32,32,0.08290372788906097
activity/outer2/final/corrected_no_message/s1103,corrected_no_message,1103,norms.1.weight,32,32,0,0.06782644987106323,32,32,0.06782644987106323
activity/outer2/final/corrected_no_message/s1103,corrected_no_message,1103,norms.1.bias,32,32,0,0.079395592212677,32,32,0.079395592212677
activity/outer2/final/corrected_no_message/s1103,corrected_no_message,1103,message_weights.0,8192,2327,5865,0.143736332654953,2359,2327,0.143736332654953
activity/outer2/final/corrected_no_message/s1103,corrected_no_message,1103,message_weights.1,8192,3680,4512,0.14886710047721863,3712,3680,0.14886710047721863
activity/outer2/final/corrected_no_message/s1103,corrected_no_message,1103,readout.0.weight,131584,80642,50942,3.7895727157592773,94653,80642,3.7895727157592773
activity/outer2/final/corrected_no_message/s1103,corrected_no_message,1103,readout.0.bias,64,54,10,0.10428191721439362,63,54,0.10428191721439362
activity/outer2/final/corrected_no_message/s1103,corrected_no_message,1103,readout.3.weight,64,54,10,0.6232321858406067,63,54,0.6232321858406067
activity/outer2/final/corrected_no_message/s1103,corrected_no_message,1103,readout.3.bias,1,1,0,0.23504726588726044,1,1,0.23504726588726044
activity/outer2/final/corrected_no_message/s2207,corrected_no_message,2207,embed.weight,2976,1564,1412,0.9691973924636841,1570,1564,0.9691973924636841
activity/outer2/final/corrected_no_message/s2207,corrected_no_message,2207,embed.bias,32,31,1,0.6112808585166931,32,31,0.6112808585166931
activity/outer2/final/corrected_no_message/s2207,corrected_no_message,2207,self_layers.0.weight,1024,747,277,0.2633137106895447,772,747,0.2633137106895447
activity/outer2/final/corrected_no_message/s2207,corrected_no_message,2207,self_layers.0.bias,32,25,7,0.4975718557834625,25,25,0.4975718557834625
activity/outer2/final/corrected_no_message/s2207,corrected_no_message,2207,self_layers.1.weight,1024,1024,0,0.15325495600700378,1024,1024,0.15325495600700378
activity/outer2/final/corrected_no_message/s2207,corrected_no_message,2207,self_layers.1.bias,32,32,0,0.03403665870428085,32,32,0.03403665870428085
activity/outer2/final/corrected_no_message/s2207,corrected_no_message,2207,norms.0.weight,32,32,0,0.04656180739402771,32,32,0.04656180739402771
activity/outer2/final/corrected_no_message/s2207,corrected_no_message,2207,norms.0.bias,32,32,0,0.07398851215839386,32,32,0.07398851215839386
activity/outer2/final/corrected_no_message/s2207,corrected_no_message,2207,norms.1.weight,32,32,0,0.04875241965055466,32,32,0.04875241965055466
activity/outer2/final/corrected_no_message/s2207,corrected_no_message,2207,norms.1.bias,32,32,0,0.07191605120897293,32,32,0.07191605120897293
activity/outer2/final/corrected_no_message/s2207,corrected_no_message,2207,message_weights.0,8192,2545,5647,0.15525875985622406,2613,2545,0.15525875985622406
activity/outer2/final/corrected_no_message/s2207,corrected_no_message,2207,message_weights.1,8192,3776,4416,0.09199947863817215,3840,3776,0.09199947863817215
activity/outer2/final/corrected_no_message/s2207,corrected_no_message,2207,readout.0.weight,131584,64254,67330,2.5266215801239014,89201,64254,2.5266215801239014
activity/outer2/final/corrected_no_message/s2207,corrected_no_message,2207,readout.0.bias,64,42,22,0.07547257095575333,59,42,0.07547257095575333
activity/outer2/final/corrected_no_message/s2207,corrected_no_message,2207,readout.3.weight,64,42,22,0.7311521172523499,59,42,0.7311521172523499
activity/outer2/final/corrected_no_message/s2207,corrected_no_message,2207,readout.3.bias,1,1,0,0.1756533682346344,1,1,0.1756533682346344
activity/outer2/final/corrected_no_message/s3301,corrected_no_message,3301,embed.weight,2976,1567,1409,1.303551435470581,1572,1567,1.303551435470581
activity/outer2/final/corrected_no_message/s3301,corrected_no_message,3301,embed.bias,32,32,0,0.8277223706245422,32,32,0.8277223706245422
activity/outer2/final/corrected_no_message/s3301,corrected_no_message,3301,self_layers.0.weight,1024,804,220,0.3675493896007538,808,804,0.3675493896007538
activity/outer2/final/corrected_no_message/s3301,corrected_no_message,3301,self_layers.0.bias,32,26,6,0.6620566844940186,26,26,0.6620566844940186
activity/outer2/final/corrected_no_message/s3301,corrected_no_message,3301,self_layers.1.weight,1024,1024,0,0.3266371190547943,1024,1024,0.3266371190547943
activity/outer2/final/corrected_no_message/s3301,corrected_no_message,3301,self_layers.1.bias,32,32,0,0.06764223426580429,32,32,0.06764223426580429
activity/outer2/final/corrected_no_message/s3301,corrected_no_message,3301,norms.0.weight,32,32,0,0.08028218150138855,32,32,0.08028218150138855
activity/outer2/final/corrected_no_message/s3301,corrected_no_message,3301,norms.0.bias,32,32,0,0.10871180891990662,32,32,0.10871180891990662
activity/outer2/final/corrected_no_message/s3301,corrected_no_message,3301,norms.1.weight,32,32,0,0.07191044092178345,32,32,0.07191044092178345
activity/outer2/final/corrected_no_message/s3301,corrected_no_message,3301,norms.1.bias,32,32,0,0.1086433008313179,32,32,0.1086433008313179
activity/outer2/final/corrected_no_message/s3301,corrected_no_message,3301,message_weights.0,8192,2772,5420,0.21508407592773438,2756,2772,0.21508407592773438
activity/outer2/final/corrected_no_message/s3301,corrected_no_message,3301,message_weights.1,8192,3712,4480,0.19153615832328796,3680,3712,0.19153615832328796
activity/outer2/final/corrected_no_message/s3301,corrected_no_message,3301,readout.0.weight,131584,68135,63449,4.220141410827637,93434,68135,4.220141410827637
activity/outer2/final/corrected_no_message/s3301,corrected_no_message,3301,readout.0.bias,64,45,19,0.12341979891061783,62,45,0.12341979891061783
activity/outer2/final/corrected_no_message/s3301,corrected_no_message,3301,readout.3.weight,64,45,19,1.019026517868042,62,45,1.019026517868042
activity/outer2/final/corrected_no_message/s3301,corrected_no_message,3301,readout.3.bias,1,1,0,0.3274964690208435,1,1,0.3274964690208435
activity/outer2/final/corrected_no_message/s4409,corrected_no_message,4409,embed.weight,2976,1609,1367,0.45483940839767456,1614,1609,0.45483940839767456
activity/outer2/final/corrected_no_message/s4409,corrected_no_message,4409,embed.bias,32,32,0,0.2286153882741928,32,32,0.2286153882741928
activity/outer2/final/corrected_no_message/s4409,corrected_no_message,4409,self_layers.0.weight,1024,845,179,0.11342718452215195,864,845,0.11342718452215195
activity/outer2/final/corrected_no_message/s4409,corrected_no_message,4409,self_layers.0.bias,32,28,4,0.21750599145889282,29,28,0.21750599145889282
activity/outer2/final/corrected_no_message/s4409,corrected_no_message,4409,self_layers.1.weight,1024,1024,0,0.09296736121177673,1024,1024,0.09296736121177673
activity/outer2/final/corrected_no_message/s4409,corrected_no_message,4409,self_layers.1.bias,32,32,0,0.017761044204235077,32,32,0.017761044204235077
activity/outer2/final/corrected_no_message/s4409,corrected_no_message,4409,norms.0.weight,32,32,0,0.03787088766694069,32,32,0.03787088766694069
activity/outer2/final/corrected_no_message/s4409,corrected_no_message,4409,norms.0.bias,32,32,0,0.030740495771169662,32,32,0.030740495771169662
activity/outer2/final/corrected_no_message/s4409,corrected_no_message,4409,norms.1.weight,32,32,0,0.03785372152924538,32,32,0.03785372152924538
activity/outer2/final/corrected_no_message/s4409,corrected_no_message,4409,norms.1.bias,32,32,0,0.027931613847613335,32,32,0.027931613847613335
activity/outer2/final/corrected_no_message/s4409,corrected_no_message,4409,message_weights.0,8192,2801,5391,0.06774291396141052,2815,2801,0.06774291396141052
activity/outer2/final/corrected_no_message/s4409,corrected_no_message,4409,message_weights.1,8192,3840,4352,0.055937059223651886,3712,3840,0.055937059223651886
activity/outer2/final/corrected_no_message/s4409,corrected_no_message,4409,readout.0.weight,131584,79647,51937,1.6330392360687256,92375,79647,1.6330392360687256
activity/outer2/final/corrected_no_message/s4409,corrected_no_message,4409,readout.0.bias,64,53,11,0.045051027089357376,61,53,0.045051027089357376
activity/outer2/final/corrected_no_message/s4409,corrected_no_message,4409,readout.3.weight,64,53,11,0.5063148140907288,61,53,0.5063148140907288
activity/outer2/final/corrected_no_message/s4409,corrected_no_message,4409,readout.3.bias,1,1,0,0.13011954724788666,1,1,0.13011954724788666
activity/outer2/final/corrected_no_message/s5519,corrected_no_message,5519,embed.weight,2976,1630,1346,0.48227405548095703,1636,1630,0.48227405548095703
activity/outer2/final/corrected_no_message/s5519,corrected_no_message,5519,embed.bias,32,32,0,0.256172239780426,32,32,0.256172239780426
activity/outer2/final/corrected_no_message/s5519,corrected_no_message,5519,self_layers.0.weight,1024,733,291,0.12071244418621063,733,733,0.12071244418621063
activity/outer2/final/corrected_no_message/s5519,corrected_no_message,5519,self_layers.0.bias,32,24,8,0.2535751760005951,24,24,0.2535751760005951
activity/outer2/final/corrected_no_message/s5519,corrected_no_message,5519,self_layers.1.weight,1024,992,32,0.11548468470573425,1024,992,0.11548468470573425
activity/outer2/final/corrected_no_message/s5519,corrected_no_message,5519,self_layers.1.bias,32,31,1,0.023546705022454262,32,31,0.023546705022454262
activity/outer2/final/corrected_no_message/s5519,corrected_no_message,5519,norms.0.weight,32,32,0,0.04252994805574417,32,32,0.04252994805574417
activity/outer2/final/corrected_no_message/s5519,corrected_no_message,5519,norms.0.bias,32,32,0,0.0367552787065506,32,32,0.0367552787065506
activity/outer2/final/corrected_no_message/s5519,corrected_no_message,5519,norms.1.weight,32,32,0,0.03540637344121933,32,32,0.03540637344121933
activity/outer2/final/corrected_no_message/s5519,corrected_no_message,5519,norms.1.bias,32,32,0,0.03140103816986084,32,32,0.03140103816986084
activity/outer2/final/corrected_no_message/s5519,corrected_no_message,5519,message_weights.0,8192,2489,5703,0.07046974450349808,2476,2489,0.07046974450349808
activity/outer2/final/corrected_no_message/s5519,corrected_no_message,5519,message_weights.1,8192,3552,4640,0.06820429861545563,3712,3552,0.06820429861545563
activity/outer2/final/corrected_no_message/s5519,corrected_no_message,5519,readout.0.weight,131584,73296,58288,1.6688823699951172,88238,73296,1.6688823699951172
activity/outer2/final/corrected_no_message/s5519,corrected_no_message,5519,readout.0.bias,64,48,16,0.04518001526594162,58,48,0.04518001526594162
activity/outer2/final/corrected_no_message/s5519,corrected_no_message,5519,readout.3.weight,64,48,16,0.4282950162887573,58,48,0.4282950162887573
activity/outer2/final/corrected_no_message/s5519,corrected_no_message,5519,readout.3.bias,1,1,0,0.11126867681741714,1,1,0.11126867681741714
activity/outer2/final/corrected_no_message/s6637,corrected_no_message,6637,embed.weight,2976,1429,1547,0.5015687346458435,1435,1429,0.5015687346458435
activity/outer2/final/corrected_no_message/s6637,corrected_no_message,6637,embed.bias,32,31,1,0.2326299399137497,31,31,0.2326299399137497
activity/outer2/final/corrected_no_message/s6637,corrected_no_message,6637,self_layers.0.weight,1024,811,213,0.10218144953250885,813,811,0.10218144953250885
activity/outer2/final/corrected_no_message/s6637,corrected_no_message,6637,self_layers.0.bias,32,27,5,0.21446244418621063,27,27,0.21446244418621063
activity/outer2/final/corrected_no_message/s6637,corrected_no_message,6637,self_layers.1.weight,1024,1024,0,0.08467894792556763,1024,1024,0.08467894792556763
activity/outer2/final/corrected_no_message/s6637,corrected_no_message,6637,self_layers.1.bias,32,32,0,0.017473585903644562,32,32,0.017473585903644562
activity/outer2/final/corrected_no_message/s6637,corrected_no_message,6637,norms.0.weight,32,32,0,0.03762301430106163,32,32,0.03762301430106163
activity/outer2/final/corrected_no_message/s6637,corrected_no_message,6637,norms.0.bias,32,32,0,0.031646374613046646,32,32,0.031646374613046646
activity/outer2/final/corrected_no_message/s6637,corrected_no_message,6637,norms.1.weight,32,32,0,0.043473608791828156,32,32,0.043473608791828156
activity/outer2/final/corrected_no_message/s6637,corrected_no_message,6637,norms.1.bias,32,32,0,0.023894188925623894,32,32,0.023894188925623894
activity/outer2/final/corrected_no_message/s6637,corrected_no_message,6637,message_weights.0,8192,2797,5395,0.05975554510951042,2806,2797,0.05975554510951042
activity/outer2/final/corrected_no_message/s6637,corrected_no_message,6637,message_weights.1,8192,3776,4416,0.049760885536670685,3840,3776,0.049760885536670685
activity/outer2/final/corrected_no_message/s6637,corrected_no_message,6637,readout.0.weight,131584,73232,58352,0.9177957773208618,95581,73232,0.9177957773208618
activity/outer2/final/corrected_no_message/s6637,corrected_no_message,6637,readout.0.bias,64,48,16,0.02248913049697876,63,48,0.02248913049697876
activity/outer2/final/corrected_no_message/s6637,corrected_no_message,6637,readout.3.weight,64,48,16,0.4371163547039032,63,48,0.4371163547039032
activity/outer2/final/corrected_no_message/s6637,corrected_no_message,6637,readout.3.bias,1,1,0,0.05239053815603256,1,1,0.05239053815603256
activity/outer2/final/corrected_no_message/s7753,corrected_no_message,7753,embed.weight,2976,1470,1506,0.870521068572998,1471,1470,0.870521068572998
activity/outer2/final/corrected_no_message/s7753,corrected_no_message,7753,embed.bias,32,32,0,0.5187680125236511,32,32,0.5187680125236511
activity/outer2/final/corrected_no_message/s7753,corrected_no_message,7753,self_layers.0.weight,1024,846,178,0.18428127467632294,847,846,0.18428127467632294
activity/outer2/final/corrected_no_message/s7753,corrected_no_message,7753,self_layers.0.bias,32,27,5,0.4738725423812866,27,27,0.4738725423812866
activity/outer2/final/corrected_no_message/s7753,corrected_no_message,7753,self_layers.1.weight,1024,1024,0,0.12632879614830017,1024,1024,0.12632879614830017
activity/outer2/final/corrected_no_message/s7753,corrected_no_message,7753,self_layers.1.bias,32,32,0,0.02787932939827442,32,32,0.02787932939827442
activity/outer2/final/corrected_no_message/s7753,corrected_no_message,7753,norms.0.weight,32,32,0,0.0424182265996933,32,32,0.0424182265996933
activity/outer2/final/corrected_no_message/s7753,corrected_no_message,7753,norms.0.bias,32,32,0,0.05875345692038536,32,32,0.05875345692038536
activity/outer2/final/corrected_no_message/s7753,corrected_no_message,7753,norms.1.weight,32,32,0,0.04986174777150154,32,32,0.04986174777150154
activity/outer2/final/corrected_no_message/s7753,corrected_no_message,7753,norms.1.bias,32,32,0,0.05228045955300331,32,32,0.05228045955300331
activity/outer2/final/corrected_no_message/s7753,corrected_no_message,7753,message_weights.0,8192,2977,5215,0.108836829662323,2980,2977,0.108836829662323
activity/outer2/final/corrected_no_message/s7753,corrected_no_message,7753,message_weights.1,8192,3776,4416,0.07550214231014252,3808,3776,0.07550214231014252
activity/outer2/final/corrected_no_message/s7753,corrected_no_message,7753,readout.0.weight,131584,72656,58928,2.0914385318756104,95805,72656,2.0914385318756104
activity/outer2/final/corrected_no_message/s7753,corrected_no_message,7753,readout.0.bias,64,48,16,0.062049973756074905,63,48,0.062049973756074905
activity/outer2/final/corrected_no_message/s7753,corrected_no_message,7753,readout.3.weight,64,48,16,0.467512309551239,63,48,0.467512309551239
activity/outer2/final/corrected_no_message/s7753,corrected_no_message,7753,readout.3.bias,1,1,0,0.11775520443916321,1,1,0.11775520443916321
activity/outer2/final/corrected_no_message/s8867,corrected_no_message,8867,embed.weight,2976,1639,1337,0.4112021327018738,1645,1639,0.4112021327018738
activity/outer2/final/corrected_no_message/s8867,corrected_no_message,8867,embed.bias,32,32,0,0.19220584630966187,32,32,0.19220584630966187
activity/outer2/final/corrected_no_message/s8867,corrected_no_message,8867,self_layers.0.weight,1024,771,253,0.10146379470825195,772,771,0.10146379470825195
activity/outer2/final/corrected_no_message/s8867,corrected_no_message,8867,self_layers.0.bias,32,25,7,0.14337044954299927,25,25,0.14337044954299927
activity/outer2/final/corrected_no_message/s8867,corrected_no_message,8867,self_layers.1.weight,1024,1024,0,0.06989797204732895,1024,1024,0.06989797204732895
activity/outer2/final/corrected_no_message/s8867,corrected_no_message,8867,self_layers.1.bias,32,32,0,0.011447961442172527,32,32,0.011447961442172527
activity/outer2/final/corrected_no_message/s8867,corrected_no_message,8867,norms.0.weight,32,32,0,0.03165583685040474,32,32,0.03165583685040474
activity/outer2/final/corrected_no_message/s8867,corrected_no_message,8867,norms.0.bias,32,32,0,0.023148933425545692,32,32,0.023148933425545692
activity/outer2/final/corrected_no_message/s8867,corrected_no_message,8867,norms.1.weight,32,32,0,0.03568752482533455,32,32,0.03568752482533455
activity/outer2/final/corrected_no_message/s8867,corrected_no_message,8867,norms.1.bias,32,32,0,0.020985033363103867,32,32,0.020985033363103867
activity/outer2/final/corrected_no_message/s8867,corrected_no_message,8867,message_weights.0,8192,2616,5576,0.060092195868492126,2635,2616,0.060092195868492126
activity/outer2/final/corrected_no_message/s8867,corrected_no_message,8867,message_weights.1,8192,3648,4544,0.042124129831790924,3648,3648,0.042124129831790924
activity/outer2/final/corrected_no_message/s8867,corrected_no_message,8867,readout.0.weight,131584,62587,68997,1.001544713973999,91703,62587,1.001544713973999
activity/outer2/final/corrected_no_message/s8867,corrected_no_message,8867,readout.0.bias,64,41,23,0.025477096438407898,61,41,0.025477096438407898
activity/outer2/final/corrected_no_message/s8867,corrected_no_message,8867,readout.3.weight,64,41,23,0.41737568378448486,61,41,0.41737568378448486
activity/outer2/final/corrected_no_message/s8867,corrected_no_message,8867,readout.3.bias,1,1,0,0.07045041024684906,1,1,0.07045041024684906
activity/outer2/final/corrected_no_message/s9973,corrected_no_message,9973,embed.weight,2976,1605,1371,0.2979089319705963,1606,1605,0.2979089319705963
activity/outer2/final/corrected_no_message/s9973,corrected_no_message,9973,embed.bias,32,32,0,0.12321294844150543,32,32,0.12321294844150543
activity/outer2/final/corrected_no_message/s9973,corrected_no_message,9973,self_layers.0.weight,1024,835,189,0.065666064620018,837,835,0.065666064620018
activity/outer2/final/corrected_no_message/s9973,corrected_no_message,9973,self_layers.0.bias,32,27,5,0.10070496797561646,27,27,0.10070496797561646
activity/outer2/final/corrected_no_message/s9973,corrected_no_message,9973,self_layers.1.weight,1024,1024,0,0.06390497833490372,1024,1024,0.06390497833490372
activity/outer2/final/corrected_no_message/s9973,corrected_no_message,9973,self_layers.1.bias,32,32,0,0.010042408481240273,32,32,0.010042408481240273
activity/outer2/final/corrected_no_message/s9973,corrected_no_message,9973,norms.0.weight,32,32,0,0.018282311037182808,32,32,0.018282311037182808
activity/outer2/final/corrected_no_message/s9973,corrected_no_message,9973,norms.0.bias,32,32,0,0.013222155161201954,32,32,0.013222155161201954
activity/outer2/final/corrected_no_message/s9973,corrected_no_message,9973,norms.1.weight,32,32,0,0.021453857421875,32,32,0.021453857421875
activity/outer2/final/corrected_no_message/s9973,corrected_no_message,9973,norms.1.bias,32,32,0,0.010698574595153332,32,32,0.010698574595153332
activity/outer2/final/corrected_no_message/s9973,corrected_no_message,9973,message_weights.0,8192,2952,5240,0.041587796062231064,2922,2952,0.041587796062231064
activity/outer2/final/corrected_no_message/s9973,corrected_no_message,9973,message_weights.1,8192,3872,4320,0.03975403681397438,3808,3872,0.03975403681397438
activity/outer2/final/corrected_no_message/s9973,corrected_no_message,9973,readout.0.weight,131584,71117,60467,1.0042353868484497,96544,71117,1.0042353868484497
activity/outer2/final/corrected_no_message/s9973,corrected_no_message,9973,readout.0.bias,64,47,17,0.02102206088602543,64,47,0.02102206088602543
activity/outer2/final/corrected_no_message/s9973,corrected_no_message,9973,readout.3.weight,64,47,17,0.28554216027259827,64,47,0.28554216027259827
activity/outer2/final/corrected_no_message/s9973,corrected_no_message,9973,readout.3.bias,1,1,0,0.01876937784254551,1,1,0.01876937784254551
activity/outer2/final/original_gnn/s11027,original_gnn,11027,embed.weight,2976,1553,1423,0.41808611154556274,1561,1553,0.41808611154556274
activity/outer2/final/original_gnn/s11027,original_gnn,11027,embed.bias,32,32,0,0.13575227558612823,32,32,0.13575227558612823
activity/outer2/final/original_gnn/s11027,original_gnn,11027,self_layers.0.weight,1024,691,333,0.07914899289608002,691,691,0.07914899289608002
activity/outer2/final/original_gnn/s11027,original_gnn,11027,self_layers.0.bias,32,22,10,0.11808951199054718,22,22,0.11808951199054718
activity/outer2/final/original_gnn/s11027,original_gnn,11027,self_layers.1.weight,1024,1024,0,0.06961395591497421,1024,1024,0.06961395591497421
activity/outer2/final/original_gnn/s11027,original_gnn,11027,self_layers.1.bias,32,32,0,0.010889288038015366,32,32,0.010889288038015366
activity/outer2/final/original_gnn/s11027,original_gnn,11027,norms.0.weight,32,32,0,0.019887883216142654,32,32,0.019887883216142654
activity/outer2/final/original_gnn/s11027,original_gnn,11027,norms.0.bias,32,32,0,0.013591467402875423,32,32,0.013591467402875423
activity/outer2/final/original_gnn/s11027,original_gnn,11027,norms.1.weight,32,32,0,0.02664046734571457,32,32,0.02664046734571457
activity/outer2/final/original_gnn/s11027,original_gnn,11027,norms.1.bias,32,32,0,0.011121688410639763,32,32,0.011121688410639763
activity/outer2/final/original_gnn/s11027,original_gnn,11027,message_weights.0,8192,2419,5773,0.04470611736178398,2401,2419,0.04470611736178398
activity/outer2/final/original_gnn/s11027,original_gnn,11027,message_weights.1,8192,3776,4416,0.04564763978123665,3776,3776,0.04564763978123665
activity/outer2/final/original_gnn/s11027,original_gnn,11027,readout.0.weight,131584,75641,55943,1.1776535511016846,96832,75641,1.1776535511016846
activity/outer2/final/original_gnn/s11027,original_gnn,11027,readout.0.bias,64,51,13,0.02560526691377163,64,51,0.02560526691377163
activity/outer2/final/original_gnn/s11027,original_gnn,11027,readout.3.weight,64,51,13,0.32638075947761536,64,51,0.32638075947761536
activity/outer2/final/original_gnn/s11027,original_gnn,11027,readout.3.bias,1,1,0,0.05440634861588478,1,1,0.05440634861588478
activity/outer2/final/original_gnn/s1103,original_gnn,1103,embed.weight,2976,1628,1348,1.124838948249817,1628,1628,1.124838948249817
activity/outer2/final/original_gnn/s1103,original_gnn,1103,embed.bias,32,32,0,0.5371445417404175,32,32,0.5371445417404175
activity/outer2/final/original_gnn/s1103,original_gnn,1103,self_layers.0.weight,1024,716,308,0.22005914151668549,719,716,0.22005914151668549
activity/outer2/final/original_gnn/s1103,original_gnn,1103,self_layers.0.bias,32,23,9,0.37721726298332214,23,23,0.37721726298332214
activity/outer2/final/original_gnn/s1103,original_gnn,1103,self_layers.1.weight,1024,1024,0,0.23179343342781067,1024,1024,0.23179343342781067
activity/outer2/final/original_gnn/s1103,original_gnn,1103,self_layers.1.bias,32,32,0,0.04222726821899414,32,32,0.04222726821899414
activity/outer2/final/original_gnn/s1103,original_gnn,1103,norms.0.weight,32,32,0,0.07035350054502487,32,32,0.07035350054502487
activity/outer2/final/original_gnn/s1103,original_gnn,1103,norms.0.bias,32,32,0,0.07929124683141708,32,32,0.07929124683141708
activity/outer2/final/original_gnn/s1103,original_gnn,1103,norms.1.weight,32,32,0,0.06717503815889359,32,32,0.06717503815889359
activity/outer2/final/original_gnn/s1103,original_gnn,1103,norms.1.bias,32,32,0,0.07585112005472183,32,32,0.07585112005472183
activity/outer2/final/original_gnn/s1103,original_gnn,1103,message_weights.0,8192,2447,5745,0.13237959146499634,2449,2447,0.13237959146499634
activity/outer2/final/original_gnn/s1103,original_gnn,1103,message_weights.1,8192,3680,4512,0.13023024797439575,3776,3680,0.13023024797439575
activity/outer2/final/original_gnn/s1103,original_gnn,1103,readout.0.weight,131584,77244,54340,3.726001262664795,94557,77244,3.726001262664795
activity/outer2/final/original_gnn/s1103,original_gnn,1103,readout.0.bias,64,52,12,0.10175640881061554,63,52,0.10175640881061554
activity/outer2/final/original_gnn/s1103,original_gnn,1103,readout.3.weight,64,52,12,0.6269567012786865,63,52,0.6269567012786865
activity/outer2/final/original_gnn/s1103,original_gnn,1103,readout.3.bias,1,1,0,0.23425115644931793,1,1,0.23425115644931793
activity/outer2/final/original_gnn/s2207,original_gnn,2207,embed.weight,2976,1565,1411,0.5766966938972473,1570,1565,0.5766966938972473
activity/outer2/final/original_gnn/s2207,original_gnn,2207,embed.bias,32,32,0,0.32608768343925476,32,32,0.32608768343925476
activity/outer2/final/original_gnn/s2207,original_gnn,2207,self_layers.0.weight,1024,759,265,0.12419047951698303,764,759,0.12419047951698303
activity/outer2/final/original_gnn/s2207,original_gnn,2207,self_layers.0.bias,32,25,7,0.21725405752658844,25,25,0.21725405752658844
activity/outer2/final/original_gnn/s2207,original_gnn,2207,self_layers.1.weight,1024,1024,0,0.08259225636720657,1024,1024,0.08259225636720657
activity/outer2/final/original_gnn/s2207,original_gnn,2207,self_layers.1.bias,32,32,0,0.017311086878180504,32,32,0.017311086878180504
activity/outer2/final/original_gnn/s2207,original_gnn,2207,norms.0.weight,32,32,0,0.02451784536242485,32,32,0.02451784536242485
activity/outer2/final/original_gnn/s2207,original_gnn,2207,norms.0.bias,32,32,0,0.03649788722395897,32,32,0.03649788722395897
activity/outer2/final/original_gnn/s2207,original_gnn,2207,norms.1.weight,32,32,0,0.036114756017923355,32,32,0.036114756017923355
activity/outer2/final/original_gnn/s2207,original_gnn,2207,norms.1.bias,32,32,0,0.03312493488192558,32,32,0.03312493488192558
activity/outer2/final/original_gnn/s2207,original_gnn,2207,message_weights.0,8192,2590,5602,0.07127732038497925,2583,2590,0.07127732038497925
activity/outer2/final/original_gnn/s2207,original_gnn,2207,message_weights.1,8192,3872,4320,0.05092039331793785,3840,3872,0.05092039331793785
activity/outer2/final/original_gnn/s2207,original_gnn,2207,readout.0.weight,131584,61176,70408,1.29816734790802,89457,61176,1.29816734790802
activity/outer2/final/original_gnn/s2207,original_gnn,2207,readout.0.bias,64,40,24,0.03593521565198898,59,40,0.03593521565198898
activity/outer2/final/original_gnn/s2207,original_gnn,2207,readout.3.weight,64,40,24,0.5121668577194214,59,40,0.5121668577194214
activity/outer2/final/original_gnn/s2207,original_gnn,2207,readout.3.bias,1,1,0,0.08568407595157623,1,1,0.08568407595157623
activity/outer2/final/original_gnn/s3301,original_gnn,3301,embed.weight,2976,1567,1409,1.4667277336120605,1573,1567,1.4667277336120605
activity/outer2/final/original_gnn/s3301,original_gnn,3301,embed.bias,32,32,0,0.926860511302948,32,32,0.926860511302948
activity/outer2/final/original_gnn/s3301,original_gnn,3301,self_layers.0.weight,1024,831,193,0.4050944745540619,833,831,0.4050944745540619
activity/outer2/final/original_gnn/s3301,original_gnn,3301,self_layers.0.bias,32,27,5,0.7291685342788696,27,27,0.7291685342788696
activity/outer2/final/original_gnn/s3301,original_gnn,3301,self_layers.1.weight,1024,1024,0,0.37875887751579285,1024,1024,0.37875887751579285
activity/outer2/final/original_gnn/s3301,original_gnn,3301,self_layers.1.bias,32,32,0,0.07857544720172882,32,32,0.07857544720172882
activity/outer2/final/original_gnn/s3301,original_gnn,3301,norms.0.weight,32,32,0,0.08292658627033234,32,32,0.08292658627033234
activity/outer2/final/original_gnn/s3301,original_gnn,3301,norms.0.bias,32,32,0,0.12201333045959473,32,32,0.12201333045959473
activity/outer2/final/original_gnn/s3301,original_gnn,3301,norms.1.weight,32,32,0,0.07634495198726654,32,32,0.07634495198726654
activity/outer2/final/original_gnn/s3301,original_gnn,3301,norms.1.bias,32,32,0,0.12029734253883362,32,32,0.12029734253883362
activity/outer2/final/original_gnn/s3301,original_gnn,3301,message_weights.0,8192,2854,5338,0.2517472803592682,2839,2854,0.2517472803592682
activity/outer2/final/original_gnn/s3301,original_gnn,3301,message_weights.1,8192,3680,4512,0.2243414670228958,3680,3680,0.2243414670228958
activity/outer2/final/original_gnn/s3301,original_gnn,3301,readout.0.weight,131584,66276,65308,4.609038352966309,94877,66276,4.609038352966309
activity/outer2/final/original_gnn/s3301,original_gnn,3301,readout.0.bias,64,44,20,0.13483111560344696,63,44,0.13483111560344696
activity/outer2/final/original_gnn/s3301,original_gnn,3301,readout.3.weight,64,44,20,1.085620403289795,63,44,1.085620403289795
activity/outer2/final/original_gnn/s3301,original_gnn,3301,readout.3.bias,1,1,0,0.34731781482696533,1,1,0.34731781482696533
activity/outer2/final/original_gnn/s4409,original_gnn,4409,embed.weight,2976,1610,1366,0.49811214208602905,1614,1610,0.49811214208602905
activity/outer2/final/original_gnn/s4409,original_gnn,4409,embed.bias,32,32,0,0.2613937258720398,32,32,0.2613937258720398
activity/outer2/final/original_gnn/s4409,original_gnn,4409,self_layers.0.weight,1024,843,181,0.12790590524673462,842,843,0.12790590524673462
activity/outer2/final/original_gnn/s4409,original_gnn,4409,self_layers.0.bias,32,27,5,0.25240546464920044,27,27,0.25240546464920044
activity/outer2/final/original_gnn/s4409,original_gnn,4409,self_layers.1.weight,1024,1024,0,0.10212820023298264,1024,1024,0.10212820023298264
activity/outer2/final/original_gnn/s4409,original_gnn,4409,self_layers.1.bias,32,32,0,0.02016281709074974,32,32,0.02016281709074974
activity/outer2/final/original_gnn/s4409,original_gnn,4409,norms.0.weight,32,32,0,0.04097448289394379,32,32,0.04097448289394379
activity/outer2/final/original_gnn/s4409,original_gnn,4409,norms.0.bias,32,32,0,0.03638948127627373,32,32,0.03638948127627373
activity/outer2/final/original_gnn/s4409,original_gnn,4409,norms.1.weight,32,32,0,0.040731947869062424,32,32,0.040731947869062424
activity/outer2/final/original_gnn/s4409,original_gnn,4409,norms.1.bias,32,32,0,0.03424999117851257,32,32,0.03424999117851257
activity/outer2/final/original_gnn/s4409,original_gnn,4409,message_weights.0,8192,2828,5364,0.07899339497089386,2828,2828,0.07899339497089386
activity/outer2/final/original_gnn/s4409,original_gnn,4409,message_weights.1,8192,3808,4384,0.06092771142721176,3680,3808,0.06092771142721176
activity/outer2/final/original_gnn/s4409,original_gnn,4409,readout.0.weight,131584,78300,53284,1.8275543451309204,92631,78300,1.8275543451309204
activity/outer2/final/original_gnn/s4409,original_gnn,4409,readout.0.bias,64,52,12,0.05187220871448517,61,52,0.05187220871448517
activity/outer2/final/original_gnn/s4409,original_gnn,4409,readout.3.weight,64,52,12,0.5391892790794373,61,52,0.5391892790794373
activity/outer2/final/original_gnn/s4409,original_gnn,4409,readout.3.bias,1,1,0,0.1482321321964264,1,1,0.1482321321964264
activity/outer2/final/original_gnn/s5519,original_gnn,5519,embed.weight,2976,1640,1336,1.6418335437774658,1647,1640,1.6418335437774658
activity/outer2/final/original_gnn/s5519,original_gnn,5519,embed.bias,32,32,0,0.9734153151512146,32,32,0.9734153151512146
activity/outer2/final/original_gnn/s5519,original_gnn,5519,self_layers.0.weight,1024,728,296,0.4189321994781494,732,728,0.4189321994781494
activity/outer2/final/original_gnn/s5519,original_gnn,5519,self_layers.0.bias,32,24,8,0.8429440855979919,24,24,0.8429440855979919
activity/outer2/final/original_gnn/s5519,original_gnn,5519,self_layers.1.weight,1024,1024,0,0.39397239685058594,1024,1024,0.39397239685058594
activity/outer2/final/original_gnn/s5519,original_gnn,5519,self_layers.1.bias,32,32,0,0.08425556868314743,32,32,0.08425556868314743
activity/outer2/final/original_gnn/s5519,original_gnn,5519,norms.0.weight,32,32,0,0.09004172682762146,32,32,0.09004172682762146
activity/outer2/final/original_gnn/s5519,original_gnn,5519,norms.0.bias,32,32,0,0.14208665490150452,32,32,0.14208665490150452
activity/outer2/final/original_gnn/s5519,original_gnn,5519,norms.1.weight,32,32,0,0.10123886168003082,32,32,0.10123886168003082
activity/outer2/final/original_gnn/s5519,original_gnn,5519,norms.1.bias,32,32,0,0.14231498539447784,32,32,0.14231498539447784
activity/outer2/final/original_gnn/s5519,original_gnn,5519,message_weights.0,8192,2550,5642,0.25201302766799927,2547,2550,0.25201302766799927
activity/outer2/final/original_gnn/s5519,original_gnn,5519,message_weights.1,8192,3712,4480,0.23514395952224731,3744,3712,0.23514395952224731
activity/outer2/final/original_gnn/s5519,original_gnn,5519,readout.0.weight,131584,76470,55114,5.094720363616943,88494,76470,5.094720363616943
activity/outer2/final/original_gnn/s5519,original_gnn,5519,readout.0.bias,64,50,14,0.14704130589962006,58,50,0.14704130589962006
activity/outer2/final/original_gnn/s5519,original_gnn,5519,readout.3.weight,64,50,14,1.1150963306427002,58,50,1.1150963306427002
activity/outer2/final/original_gnn/s5519,original_gnn,5519,readout.3.bias,1,1,0,0.33233025670051575,1,1,0.33233025670051575
activity/outer2/final/original_gnn/s6637,original_gnn,6637,embed.weight,2976,1435,1541,0.6090294718742371,1440,1435,0.6090294718742371
activity/outer2/final/original_gnn/s6637,original_gnn,6637,embed.bias,32,31,1,0.3532644212245941,31,31,0.3532644212245941
activity/outer2/final/original_gnn/s6637,original_gnn,6637,self_layers.0.weight,1024,812,212,0.1329318881034851,815,812,0.1329318881034851
activity/outer2/final/original_gnn/s6637,original_gnn,6637,self_layers.0.bias,32,27,5,0.3021022081375122,27,27,0.3021022081375122
activity/outer2/final/original_gnn/s6637,original_gnn,6637,self_layers.1.weight,1024,1024,0,0.10416058450937271,1024,1024,0.10416058450937271
activity/outer2/final/original_gnn/s6637,original_gnn,6637,self_layers.1.bias,32,32,0,0.021977409720420837,32,32,0.021977409720420837
activity/outer2/final/original_gnn/s6637,original_gnn,6637,norms.0.weight,32,32,0,0.047099024057388306,32,32,0.047099024057388306
activity/outer2/final/original_gnn/s6637,original_gnn,6637,norms.0.bias,32,32,0,0.04653116688132286,32,32,0.04653116688132286
activity/outer2/final/original_gnn/s6637,original_gnn,6637,norms.1.weight,32,32,0,0.047851428389549255,32,32,0.047851428389549255
activity/outer2/final/original_gnn/s6637,original_gnn,6637,norms.1.bias,32,32,0,0.0404876284301281,32,32,0.0404876284301281
activity/outer2/final/original_gnn/s6637,original_gnn,6637,message_weights.0,8192,2795,5397,0.08011769503355026,2795,2795,0.08011769503355026
activity/outer2/final/original_gnn/s6637,original_gnn,6637,message_weights.1,8192,3776,4416,0.06216750666499138,3808,3776,0.06216750666499138
activity/outer2/final/original_gnn/s6637,original_gnn,6637,readout.0.weight,131584,67396,64188,1.3404041528701782,95293,67396,1.3404041528701782
activity/outer2/final/original_gnn/s6637,original_gnn,6637,readout.0.bias,64,44,20,0.03731347247958183,63,44,0.03731347247958183
activity/outer2/final/original_gnn/s6637,original_gnn,6637,readout.3.weight,64,44,20,0.503399670124054,63,44,0.503399670124054
activity/outer2/final/original_gnn/s6637,original_gnn,6637,readout.3.bias,1,1,0,0.08589975535869598,1,1,0.08589975535869598
activity/outer2/final/original_gnn/s7753,original_gnn,7753,embed.weight,2976,1471,1505,0.7531638145446777,1473,1471,0.7531638145446777
activity/outer2/final/original_gnn/s7753,original_gnn,7753,embed.bias,32,32,0,0.4394986033439636,32,32,0.4394986033439636
activity/outer2/final/original_gnn/s7753,original_gnn,7753,self_layers.0.weight,1024,851,173,0.16105030477046967,846,851,0.16105030477046967
activity/outer2/final/original_gnn/s7753,original_gnn,7753,self_layers.0.bias,32,27,5,0.41238757967948914,27,27,0.41238757967948914
activity/outer2/final/original_gnn/s7753,original_gnn,7753,self_layers.1.weight,1024,1024,0,0.1070200651884079,1024,1024,0.1070200651884079
activity/outer2/final/original_gnn/s7753,original_gnn,7753,self_layers.1.bias,32,32,0,0.02351325750350952,32,32,0.02351325750350952
activity/outer2/final/original_gnn/s7753,original_gnn,7753,norms.0.weight,32,32,0,0.03793301060795784,32,32,0.03793301060795784
activity/outer2/final/original_gnn/s7753,original_gnn,7753,norms.0.bias,32,32,0,0.04948229715228081,32,32,0.04948229715228081
activity/outer2/final/original_gnn/s7753,original_gnn,7753,norms.1.weight,32,32,0,0.04434088617563248,32,32,0.04434088617563248
activity/outer2/final/original_gnn/s7753,original_gnn,7753,norms.1.bias,32,32,0,0.04336223378777504,32,32,0.04336223378777504
activity/outer2/final/original_gnn/s7753,original_gnn,7753,message_weights.0,8192,2973,5219,0.09941092878580093,2958,2973,0.09941092878580093
activity/outer2/final/original_gnn/s7753,original_gnn,7753,message_weights.1,8192,3744,4448,0.06693550944328308,3776,3744,0.06693550944328308
activity/outer2/final/original_gnn/s7753,original_gnn,7753,readout.0.weight,131584,71501,60083,1.7209677696228027,95773,71501,1.7209677696228027
activity/outer2/final/original_gnn/s7753,original_gnn,7753,readout.0.bias,64,47,17,0.050294339656829834,63,47,0.050294339656829834
activity/outer2/final/original_gnn/s7753,original_gnn,7753,readout.3.weight,64,47,17,0.4128195345401764,63,47,0.4128195345401764
activity/outer2/final/original_gnn/s7753,original_gnn,7753,readout.3.bias,1,1,0,0.09615069627761841,1,1,0.09615069627761841
activity/outer2/final/original_gnn/s8867,original_gnn,8867,embed.weight,2976,1639,1337,0.427013635635376,1645,1639,0.427013635635376
activity/outer2/final/original_gnn/s8867,original_gnn,8867,embed.bias,32,32,0,0.20120583474636078,32,32,0.20120583474636078
activity/outer2/final/original_gnn/s8867,original_gnn,8867,self_layers.0.weight,1024,767,257,0.10870185494422913,769,767,0.10870185494422913
activity/outer2/final/original_gnn/s8867,original_gnn,8867,self_layers.0.bias,32,25,7,0.1568945348262787,25,25,0.1568945348262787
activity/outer2/final/original_gnn/s8867,original_gnn,8867,self_layers.1.weight,1024,1024,0,0.0724918320775032,1024,1024,0.0724918320775032
activity/outer2/final/original_gnn/s8867,original_gnn,8867,self_layers.1.bias,32,32,0,0.011335736140608788,32,32,0.011335736140608788
activity/outer2/final/original_gnn/s8867,original_gnn,8867,norms.0.weight,32,32,0,0.032078247517347336,32,32,0.032078247517347336
activity/outer2/final/original_gnn/s8867,original_gnn,8867,norms.0.bias,32,32,0,0.023941311985254288,32,32,0.023941311985254288
activity/outer2/final/original_gnn/s8867,original_gnn,8867,norms.1.weight,32,32,0,0.03583402559161186,32,32,0.03583402559161186
activity/outer2/final/original_gnn/s8867,original_gnn,8867,norms.1.bias,32,32,0,0.021232331171631813,32,32,0.021232331171631813
activity/outer2/final/original_gnn/s8867,original_gnn,8867,message_weights.0,8192,2701,5491,0.06376465409994125,2706,2701,0.06376465409994125
activity/outer2/final/original_gnn/s8867,original_gnn,8867,message_weights.1,8192,3616,4576,0.04074019566178322,3616,3616,0.04074019566178322
activity/outer2/final/original_gnn/s8867,original_gnn,8867,readout.0.weight,131584,63998,67586,1.0255695581436157,90100,63998,1.0255695581436157
activity/outer2/final/original_gnn/s8867,original_gnn,8867,readout.0.bias,64,42,22,0.026193363592028618,60,42,0.026193363592028618
activity/outer2/final/original_gnn/s8867,original_gnn,8867,readout.3.weight,64,42,22,0.40390729904174805,60,42,0.40390729904174805
activity/outer2/final/original_gnn/s8867,original_gnn,8867,readout.3.bias,1,1,0,0.06698522716760635,1,1,0.06698522716760635
activity/outer2/final/original_gnn/s9973,original_gnn,9973,embed.weight,2976,1604,1372,0.285980224609375,1606,1604,0.285980224609375
activity/outer2/final/original_gnn/s9973,original_gnn,9973,embed.bias,32,32,0,0.10395900160074234,32,32,0.10395900160074234
activity/outer2/final/original_gnn/s9973,original_gnn,9973,self_layers.0.weight,1024,842,182,0.05769554153084755,840,842,0.05769554153084755
activity/outer2/final/original_gnn/s9973,original_gnn,9973,self_layers.0.bias,32,27,5,0.09438014030456543,27,27,0.09438014030456543
activity/outer2/final/original_gnn/s9973,original_gnn,9973,self_layers.1.weight,1024,1024,0,0.056730855256319046,1024,1024,0.056730855256319046
activity/outer2/final/original_gnn/s9973,original_gnn,9973,self_layers.1.bias,32,32,0,0.008838309906423092,32,32,0.008838309906423092
activity/outer2/final/original_gnn/s9973,original_gnn,9973,norms.0.weight,32,32,0,0.017240041866898537,32,32,0.017240041866898537
activity/outer2/final/original_gnn/s9973,original_gnn,9973,norms.0.bias,32,32,0,0.012541000731289387,32,32,0.012541000731289387
activity/outer2/final/original_gnn/s9973,original_gnn,9973,norms.1.weight,32,32,0,0.020299863070249557,32,32,0.020299863070249557
activity/outer2/final/original_gnn/s9973,original_gnn,9973,norms.1.bias,32,32,0,0.006996485870331526,32,32,0.006996485870331526
activity/outer2/final/original_gnn/s9973,original_gnn,9973,message_weights.0,8192,3049,5143,0.039193470031023026,3031,3049,0.039193470031023026
activity/outer2/final/original_gnn/s9973,original_gnn,9973,message_weights.1,8192,3840,4352,0.03580774739384651,3840,3840,0.03580774739384651
activity/outer2/final/original_gnn/s9973,original_gnn,9973,readout.0.weight,131584,69418,62166,0.8745206594467163,95357,69418,0.8745206594467163
activity/outer2/final/original_gnn/s9973,original_gnn,9973,readout.0.bias,64,46,18,0.0144956698641181,63,46,0.0144956698641181
activity/outer2/final/original_gnn/s9973,original_gnn,9973,readout.3.weight,64,46,18,0.2940327823162079,63,46,0.2940327823162079
activity/outer2/final/original_gnn/s9973,original_gnn,9973,readout.3.bias,1,1,0,0.010848373174667358,1,1,0.010848373174667358
activity/outer2/final/original_no_message/s11027,original_no_message,11027,embed.weight,2976,1553,1423,0.42926615476608276,1561,1553,0.42926615476608276
activity/outer2/final/original_no_message/s11027,original_no_message,11027,embed.bias,32,32,0,0.16241991519927979,32,32,0.16241991519927979
activity/outer2/final/original_no_message/s11027,original_no_message,11027,self_layers.0.weight,1024,673,351,0.0814911499619484,673,673,0.0814911499619484
activity/outer2/final/original_no_message/s11027,original_no_message,11027,self_layers.0.bias,32,22,10,0.14815549552440643,22,22,0.14815549552440643
activity/outer2/final/original_no_message/s11027,original_no_message,11027,self_layers.1.weight,1024,1024,0,0.070397287607193,1024,1024,0.070397287607193
activity/outer2/final/original_no_message/s11027,original_no_message,11027,self_layers.1.bias,32,32,0,0.011647800914943218,32,32,0.011647800914943218
activity/outer2/final/original_no_message/s11027,original_no_message,11027,norms.0.weight,32,32,0,0.02081645466387272,32,32,0.02081645466387272
activity/outer2/final/original_no_message/s11027,original_no_message,11027,norms.0.bias,32,32,0,0.016870321705937386,32,32,0.016870321705937386
activity/outer2/final/original_no_message/s11027,original_no_message,11027,norms.1.weight,32,32,0,0.0284205824136734,32,32,0.0284205824136734
activity/outer2/final/original_no_message/s11027,original_no_message,11027,norms.1.bias,32,32,0,0.016635701060295105,32,32,0.016635701060295105
activity/outer2/final/original_no_message/s11027,original_no_message,11027,message_weights.0,8192,2357,5835,0.049991365522146225,2342,2357,0.049991365522146225
activity/outer2/final/original_no_message/s11027,original_no_message,11027,message_weights.1,8192,3712,4480,0.044581856578588486,3776,3712,0.044581856578588486
activity/outer2/final/original_no_message/s11027,original_no_message,11027,readout.0.weight,131584,72016,59568,1.3757860660552979,96384,72016,1.3757860660552979
activity/outer2/final/original_no_message/s11027,original_no_message,11027,readout.0.bias,64,48,16,0.03466260805726051,64,48,0.03466260805726051
activity/outer2/final/original_no_message/s11027,original_no_message,11027,readout.3.weight,64,48,16,0.34425702691078186,64,48,0.34425702691078186
activity/outer2/final/original_no_message/s11027,original_no_message,11027,readout.3.bias,1,1,0,0.06540967524051666,1,1,0.06540967524051666
activity/outer2/final/original_no_message/s1103,original_no_message,1103,embed.weight,2976,1627,1349,1.1693459749221802,1627,1627,1.1693459749221802
activity/outer2/final/original_no_message/s1103,original_no_message,1103,embed.bias,32,32,0,0.5610345005989075,32,32,0.5610345005989075
activity/outer2/final/original_no_message/s1103,original_no_message,1103,self_layers.0.weight,1024,686,338,0.24116230010986328,689,686,0.24116230010986328
activity/outer2/final/original_no_message/s1103,original_no_message,1103,self_layers.0.bias,32,22,10,0.42371875047683716,22,22,0.42371875047683716
activity/outer2/final/original_no_message/s1103,original_no_message,1103,self_layers.1.weight,1024,1024,0,0.25272583961486816,1024,1024,0.25272583961486816
activity/outer2/final/original_no_message/s1103,original_no_message,1103,self_layers.1.bias,32,32,0,0.046589527279138565,32,32,0.046589527279138565
activity/outer2/final/original_no_message/s1103,original_no_message,1103,norms.0.weight,32,32,0,0.07310975342988968,32,32,0.07310975342988968
activity/outer2/final/original_no_message/s1103,original_no_message,1103,norms.0.bias,32,32,0,0.08290372788906097,32,32,0.08290372788906097
activity/outer2/final/original_no_message/s1103,original_no_message,1103,norms.1.weight,32,32,0,0.06782644987106323,32,32,0.06782644987106323
activity/outer2/final/original_no_message/s1103,original_no_message,1103,norms.1.bias,32,32,0,0.079395592212677,32,32,0.079395592212677
activity/outer2/final/original_no_message/s1103,original_no_message,1103,message_weights.0,8192,2327,5865,0.143736332654953,2359,2327,0.143736332654953
activity/outer2/final/original_no_message/s1103,original_no_message,1103,message_weights.1,8192,3680,4512,0.14886710047721863,3712,3680,0.14886710047721863
activity/outer2/final/original_no_message/s1103,original_no_message,1103,readout.0.weight,131584,80642,50942,3.7895727157592773,94653,80642,3.7895727157592773
activity/outer2/final/original_no_message/s1103,original_no_message,1103,readout.0.bias,64,54,10,0.10428191721439362,63,54,0.10428191721439362
activity/outer2/final/original_no_message/s1103,original_no_message,1103,readout.3.weight,64,54,10,0.6232321858406067,63,54,0.6232321858406067
activity/outer2/final/original_no_message/s1103,original_no_message,1103,readout.3.bias,1,1,0,0.23504726588726044,1,1,0.23504726588726044
activity/outer2/final/original_no_message/s2207,original_no_message,2207,embed.weight,2976,1564,1412,0.9691973924636841,1570,1564,0.9691973924636841
activity/outer2/final/original_no_message/s2207,original_no_message,2207,embed.bias,32,31,1,0.6112808585166931,32,31,0.6112808585166931
activity/outer2/final/original_no_message/s2207,original_no_message,2207,self_layers.0.weight,1024,747,277,0.2633137106895447,772,747,0.2633137106895447
activity/outer2/final/original_no_message/s2207,original_no_message,2207,self_layers.0.bias,32,25,7,0.4975718557834625,25,25,0.4975718557834625
activity/outer2/final/original_no_message/s2207,original_no_message,2207,self_layers.1.weight,1024,1024,0,0.15325495600700378,1024,1024,0.15325495600700378
activity/outer2/final/original_no_message/s2207,original_no_message,2207,self_layers.1.bias,32,32,0,0.03403665870428085,32,32,0.03403665870428085
activity/outer2/final/original_no_message/s2207,original_no_message,2207,norms.0.weight,32,32,0,0.04656180739402771,32,32,0.04656180739402771
activity/outer2/final/original_no_message/s2207,original_no_message,2207,norms.0.bias,32,32,0,0.07398851215839386,32,32,0.07398851215839386
activity/outer2/final/original_no_message/s2207,original_no_message,2207,norms.1.weight,32,32,0,0.04875241965055466,32,32,0.04875241965055466
activity/outer2/final/original_no_message/s2207,original_no_message,2207,norms.1.bias,32,32,0,0.07191605120897293,32,32,0.07191605120897293
activity/outer2/final/original_no_message/s2207,original_no_message,2207,message_weights.0,8192,2545,5647,0.15525875985622406,2613,2545,0.15525875985622406
activity/outer2/final/original_no_message/s2207,original_no_message,2207,message_weights.1,8192,3776,4416,0.09199947863817215,3840,3776,0.09199947863817215
activity/outer2/final/original_no_message/s2207,original_no_message,2207,readout.0.weight,131584,64254,67330,2.5266215801239014,89201,64254,2.5266215801239014
activity/outer2/final/original_no_message/s2207,original_no_message,2207,readout.0.bias,64,42,22,0.07547257095575333,59,42,0.07547257095575333
activity/outer2/final/original_no_message/s2207,original_no_message,2207,readout.3.weight,64,42,22,0.7311521172523499,59,42,0.7311521172523499
activity/outer2/final/original_no_message/s2207,original_no_message,2207,readout.3.bias,1,1,0,0.1756533682346344,1,1,0.1756533682346344
activity/outer2/final/original_no_message/s3301,original_no_message,3301,embed.weight,2976,1567,1409,1.303551435470581,1572,1567,1.303551435470581
activity/outer2/final/original_no_message/s3301,original_no_message,3301,embed.bias,32,32,0,0.8277223706245422,32,32,0.8277223706245422
activity/outer2/final/original_no_message/s3301,original_no_message,3301,self_layers.0.weight,1024,804,220,0.3675493896007538,808,804,0.3675493896007538
activity/outer2/final/original_no_message/s3301,original_no_message,3301,self_layers.0.bias,32,26,6,0.6620566844940186,26,26,0.6620566844940186
activity/outer2/final/original_no_message/s3301,original_no_message,3301,self_layers.1.weight,1024,1024,0,0.3266371190547943,1024,1024,0.3266371190547943
activity/outer2/final/original_no_message/s3301,original_no_message,3301,self_layers.1.bias,32,32,0,0.06764223426580429,32,32,0.06764223426580429
activity/outer2/final/original_no_message/s3301,original_no_message,3301,norms.0.weight,32,32,0,0.08028218150138855,32,32,0.08028218150138855
activity/outer2/final/original_no_message/s3301,original_no_message,3301,norms.0.bias,32,32,0,0.10871180891990662,32,32,0.10871180891990662
activity/outer2/final/original_no_message/s3301,original_no_message,3301,norms.1.weight,32,32,0,0.07191044092178345,32,32,0.07191044092178345
activity/outer2/final/original_no_message/s3301,original_no_message,3301,norms.1.bias,32,32,0,0.1086433008313179,32,32,0.1086433008313179
activity/outer2/final/original_no_message/s3301,original_no_message,3301,message_weights.0,8192,2772,5420,0.21508407592773438,2756,2772,0.21508407592773438
activity/outer2/final/original_no_message/s3301,original_no_message,3301,message_weights.1,8192,3712,4480,0.19153615832328796,3680,3712,0.19153615832328796
activity/outer2/final/original_no_message/s3301,original_no_message,3301,readout.0.weight,131584,68135,63449,4.220141410827637,93434,68135,4.220141410827637
activity/outer2/final/original_no_message/s3301,original_no_message,3301,readout.0.bias,64,45,19,0.12341979891061783,62,45,0.12341979891061783
activity/outer2/final/original_no_message/s3301,original_no_message,3301,readout.3.weight,64,45,19,1.019026517868042,62,45,1.019026517868042
activity/outer2/final/original_no_message/s3301,original_no_message,3301,readout.3.bias,1,1,0,0.3274964690208435,1,1,0.3274964690208435
activity/outer2/final/original_no_message/s4409,original_no_message,4409,embed.weight,2976,1609,1367,0.45483940839767456,1614,1609,0.45483940839767456
activity/outer2/final/original_no_message/s4409,original_no_message,4409,embed.bias,32,32,0,0.2286153882741928,32,32,0.2286153882741928
activity/outer2/final/original_no_message/s4409,original_no_message,4409,self_layers.0.weight,1024,845,179,0.11342718452215195,864,845,0.11342718452215195
activity/outer2/final/original_no_message/s4409,original_no_message,4409,self_layers.0.bias,32,28,4,0.21750599145889282,29,28,0.21750599145889282
activity/outer2/final/original_no_message/s4409,original_no_message,4409,self_layers.1.weight,1024,1024,0,0.09296736121177673,1024,1024,0.09296736121177673
activity/outer2/final/original_no_message/s4409,original_no_message,4409,self_layers.1.bias,32,32,0,0.017761044204235077,32,32,0.017761044204235077
activity/outer2/final/original_no_message/s4409,original_no_message,4409,norms.0.weight,32,32,0,0.03787088766694069,32,32,0.03787088766694069
activity/outer2/final/original_no_message/s4409,original_no_message,4409,norms.0.bias,32,32,0,0.030740495771169662,32,32,0.030740495771169662
activity/outer2/final/original_no_message/s4409,original_no_message,4409,norms.1.weight,32,32,0,0.03785372152924538,32,32,0.03785372152924538
activity/outer2/final/original_no_message/s4409,original_no_message,4409,norms.1.bias,32,32,0,0.027931613847613335,32,32,0.027931613847613335
activity/outer2/final/original_no_message/s4409,original_no_message,4409,message_weights.0,8192,2801,5391,0.06774291396141052,2815,2801,0.06774291396141052
activity/outer2/final/original_no_message/s4409,original_no_message,4409,message_weights.1,8192,3840,4352,0.055937059223651886,3712,3840,0.055937059223651886
activity/outer2/final/original_no_message/s4409,original_no_message,4409,readout.0.weight,131584,79647,51937,1.6330392360687256,92375,79647,1.6330392360687256
activity/outer2/final/original_no_message/s4409,original_no_message,4409,readout.0.bias,64,53,11,0.045051027089357376,61,53,0.045051027089357376
activity/outer2/final/original_no_message/s4409,original_no_message,4409,readout.3.weight,64,53,11,0.5063148140907288,61,53,0.5063148140907288
activity/outer2/final/original_no_message/s4409,original_no_message,4409,readout.3.bias,1,1,0,0.13011954724788666,1,1,0.13011954724788666
activity/outer2/final/original_no_message/s5519,original_no_message,5519,embed.weight,2976,1630,1346,0.48227405548095703,1636,1630,0.48227405548095703
activity/outer2/final/original_no_message/s5519,original_no_message,5519,embed.bias,32,32,0,0.256172239780426,32,32,0.256172239780426
activity/outer2/final/original_no_message/s5519,original_no_message,5519,self_layers.0.weight,1024,733,291,0.12071244418621063,733,733,0.12071244418621063
activity/outer2/final/original_no_message/s5519,original_no_message,5519,self_layers.0.bias,32,24,8,0.2535751760005951,24,24,0.2535751760005951
activity/outer2/final/original_no_message/s5519,original_no_message,5519,self_layers.1.weight,1024,992,32,0.11548468470573425,1024,992,0.11548468470573425
activity/outer2/final/original_no_message/s5519,original_no_message,5519,self_layers.1.bias,32,31,1,0.023546705022454262,32,31,0.023546705022454262
activity/outer2/final/original_no_message/s5519,original_no_message,5519,norms.0.weight,32,32,0,0.04252994805574417,32,32,0.04252994805574417
activity/outer2/final/original_no_message/s5519,original_no_message,5519,norms.0.bias,32,32,0,0.0367552787065506,32,32,0.0367552787065506
activity/outer2/final/original_no_message/s5519,original_no_message,5519,norms.1.weight,32,32,0,0.03540637344121933,32,32,0.03540637344121933
activity/outer2/final/original_no_message/s5519,original_no_message,5519,norms.1.bias,32,32,0,0.03140103816986084,32,32,0.03140103816986084
activity/outer2/final/original_no_message/s5519,original_no_message,5519,message_weights.0,8192,2489,5703,0.07046974450349808,2476,2489,0.07046974450349808
activity/outer2/final/original_no_message/s5519,original_no_message,5519,message_weights.1,8192,3552,4640,0.06820429861545563,3712,3552,0.06820429861545563
activity/outer2/final/original_no_message/s5519,original_no_message,5519,readout.0.weight,131584,73296,58288,1.6688823699951172,88238,73296,1.6688823699951172
activity/outer2/final/original_no_message/s5519,original_no_message,5519,readout.0.bias,64,48,16,0.04518001526594162,58,48,0.04518001526594162
activity/outer2/final/original_no_message/s5519,original_no_message,5519,readout.3.weight,64,48,16,0.4282950162887573,58,48,0.4282950162887573
activity/outer2/final/original_no_message/s5519,original_no_message,5519,readout.3.bias,1,1,0,0.11126867681741714,1,1,0.11126867681741714
activity/outer2/final/original_no_message/s6637,original_no_message,6637,embed.weight,2976,1429,1547,0.5015687346458435,1435,1429,0.5015687346458435
activity/outer2/final/original_no_message/s6637,original_no_message,6637,embed.bias,32,31,1,0.2326299399137497,31,31,0.2326299399137497
activity/outer2/final/original_no_message/s6637,original_no_message,6637,self_layers.0.weight,1024,811,213,0.10218144953250885,813,811,0.10218144953250885
activity/outer2/final/original_no_message/s6637,original_no_message,6637,self_layers.0.bias,32,27,5,0.21446244418621063,27,27,0.21446244418621063
activity/outer2/final/original_no_message/s6637,original_no_message,6637,self_layers.1.weight,1024,1024,0,0.08467894792556763,1024,1024,0.08467894792556763
activity/outer2/final/original_no_message/s6637,original_no_message,6637,self_layers.1.bias,32,32,0,0.017473585903644562,32,32,0.017473585903644562
activity/outer2/final/original_no_message/s6637,original_no_message,6637,norms.0.weight,32,32,0,0.03762301430106163,32,32,0.03762301430106163
activity/outer2/final/original_no_message/s6637,original_no_message,6637,norms.0.bias,32,32,0,0.031646374613046646,32,32,0.031646374613046646
activity/outer2/final/original_no_message/s6637,original_no_message,6637,norms.1.weight,32,32,0,0.043473608791828156,32,32,0.043473608791828156
activity/outer2/final/original_no_message/s6637,original_no_message,6637,norms.1.bias,32,32,0,0.023894188925623894,32,32,0.023894188925623894
activity/outer2/final/original_no_message/s6637,original_no_message,6637,message_weights.0,8192,2797,5395,0.05975554510951042,2806,2797,0.05975554510951042
activity/outer2/final/original_no_message/s6637,original_no_message,6637,message_weights.1,8192,3776,4416,0.049760885536670685,3840,3776,0.049760885536670685
activity/outer2/final/original_no_message/s6637,original_no_message,6637,readout.0.weight,131584,73232,58352,0.9177957773208618,95581,73232,0.9177957773208618
activity/outer2/final/original_no_message/s6637,original_no_message,6637,readout.0.bias,64,48,16,0.02248913049697876,63,48,0.02248913049697876
activity/outer2/final/original_no_message/s6637,original_no_message,6637,readout.3.weight,64,48,16,0.4371163547039032,63,48,0.4371163547039032
activity/outer2/final/original_no_message/s6637,original_no_message,6637,readout.3.bias,1,1,0,0.05239053815603256,1,1,0.05239053815603256
activity/outer2/final/original_no_message/s7753,original_no_message,7753,embed.weight,2976,1470,1506,0.870521068572998,1471,1470,0.870521068572998
activity/outer2/final/original_no_message/s7753,original_no_message,7753,embed.bias,32,32,0,0.5187680125236511,32,32,0.5187680125236511
activity/outer2/final/original_no_message/s7753,original_no_message,7753,self_layers.0.weight,1024,846,178,0.18428127467632294,847,846,0.18428127467632294
activity/outer2/final/original_no_message/s7753,original_no_message,7753,self_layers.0.bias,32,27,5,0.4738725423812866,27,27,0.4738725423812866
activity/outer2/final/original_no_message/s7753,original_no_message,7753,self_layers.1.weight,1024,1024,0,0.12632879614830017,1024,1024,0.12632879614830017
activity/outer2/final/original_no_message/s7753,original_no_message,7753,self_layers.1.bias,32,32,0,0.02787932939827442,32,32,0.02787932939827442
activity/outer2/final/original_no_message/s7753,original_no_message,7753,norms.0.weight,32,32,0,0.0424182265996933,32,32,0.0424182265996933
activity/outer2/final/original_no_message/s7753,original_no_message,7753,norms.0.bias,32,32,0,0.05875345692038536,32,32,0.05875345692038536
activity/outer2/final/original_no_message/s7753,original_no_message,7753,norms.1.weight,32,32,0,0.04986174777150154,32,32,0.04986174777150154
activity/outer2/final/original_no_message/s7753,original_no_message,7753,norms.1.bias,32,32,0,0.05228045955300331,32,32,0.05228045955300331
activity/outer2/final/original_no_message/s7753,original_no_message,7753,message_weights.0,8192,2977,5215,0.108836829662323,2980,2977,0.108836829662323
activity/outer2/final/original_no_message/s7753,original_no_message,7753,message_weights.1,8192,3776,4416,0.07550214231014252,3808,3776,0.07550214231014252
activity/outer2/final/original_no_message/s7753,original_no_message,7753,readout.0.weight,131584,72656,58928,2.0914385318756104,95805,72656,2.0914385318756104
activity/outer2/final/original_no_message/s7753,original_no_message,7753,readout.0.bias,64,48,16,0.062049973756074905,63,48,0.062049973756074905
activity/outer2/final/original_no_message/s7753,original_no_message,7753,readout.3.weight,64,48,16,0.467512309551239,63,48,0.467512309551239
activity/outer2/final/original_no_message/s7753,original_no_message,7753,readout.3.bias,1,1,0,0.11775520443916321,1,1,0.11775520443916321
activity/outer2/final/original_no_message/s8867,original_no_message,8867,embed.weight,2976,1639,1337,0.4112021327018738,1645,1639,0.4112021327018738
activity/outer2/final/original_no_message/s8867,original_no_message,8867,embed.bias,32,32,0,0.19220584630966187,32,32,0.19220584630966187
activity/outer2/final/original_no_message/s8867,original_no_message,8867,self_layers.0.weight,1024,771,253,0.10146379470825195,772,771,0.10146379470825195
activity/outer2/final/original_no_message/s8867,original_no_message,8867,self_layers.0.bias,32,25,7,0.14337044954299927,25,25,0.14337044954299927
activity/outer2/final/original_no_message/s8867,original_no_message,8867,self_layers.1.weight,1024,1024,0,0.06989797204732895,1024,1024,0.06989797204732895
activity/outer2/final/original_no_message/s8867,original_no_message,8867,self_layers.1.bias,32,32,0,0.011447961442172527,32,32,0.011447961442172527
activity/outer2/final/original_no_message/s8867,original_no_message,8867,norms.0.weight,32,32,0,0.03165583685040474,32,32,0.03165583685040474
activity/outer2/final/original_no_message/s8867,original_no_message,8867,norms.0.bias,32,32,0,0.023148933425545692,32,32,0.023148933425545692
activity/outer2/final/original_no_message/s8867,original_no_message,8867,norms.1.weight,32,32,0,0.03568752482533455,32,32,0.03568752482533455
activity/outer2/final/original_no_message/s8867,original_no_message,8867,norms.1.bias,32,32,0,0.020985033363103867,32,32,0.020985033363103867
activity/outer2/final/original_no_message/s8867,original_no_message,8867,message_weights.0,8192,2616,5576,0.060092195868492126,2635,2616,0.060092195868492126
activity/outer2/final/original_no_message/s8867,original_no_message,8867,message_weights.1,8192,3648,4544,0.042124129831790924,3648,3648,0.042124129831790924
activity/outer2/final/original_no_message/s8867,original_no_message,8867,readout.0.weight,131584,62587,68997,1.001544713973999,91703,62587,1.001544713973999
activity/outer2/final/original_no_message/s8867,original_no_message,8867,readout.0.bias,64,41,23,0.025477096438407898,61,41,0.025477096438407898
activity/outer2/final/original_no_message/s8867,original_no_message,8867,readout.3.weight,64,41,23,0.41737568378448486,61,41,0.41737568378448486
activity/outer2/final/original_no_message/s8867,original_no_message,8867,readout.3.bias,1,1,0,0.07045041024684906,1,1,0.07045041024684906
activity/outer2/final/original_no_message/s9973,original_no_message,9973,embed.weight,2976,1605,1371,0.2979089319705963,1606,1605,0.2979089319705963
activity/outer2/final/original_no_message/s9973,original_no_message,9973,embed.bias,32,32,0,0.12321294844150543,32,32,0.12321294844150543
activity/outer2/final/original_no_message/s9973,original_no_message,9973,self_layers.0.weight,1024,835,189,0.065666064620018,837,835,0.065666064620018
activity/outer2/final/original_no_message/s9973,original_no_message,9973,self_layers.0.bias,32,27,5,0.10070496797561646,27,27,0.10070496797561646
activity/outer2/final/original_no_message/s9973,original_no_message,9973,self_layers.1.weight,1024,1024,0,0.06390497833490372,1024,1024,0.06390497833490372
activity/outer2/final/original_no_message/s9973,original_no_message,9973,self_layers.1.bias,32,32,0,0.010042408481240273,32,32,0.010042408481240273
activity/outer2/final/original_no_message/s9973,original_no_message,9973,norms.0.weight,32,32,0,0.018282311037182808,32,32,0.018282311037182808
activity/outer2/final/original_no_message/s9973,original_no_message,9973,norms.0.bias,32,32,0,0.013222155161201954,32,32,0.013222155161201954
activity/outer2/final/original_no_message/s9973,original_no_message,9973,norms.1.weight,32,32,0,0.021453857421875,32,32,0.021453857421875
activity/outer2/final/original_no_message/s9973,original_no_message,9973,norms.1.bias,32,32,0,0.010698574595153332,32,32,0.010698574595153332
activity/outer2/final/original_no_message/s9973,original_no_message,9973,message_weights.0,8192,2952,5240,0.041587796062231064,2922,2952,0.041587796062231064
activity/outer2/final/original_no_message/s9973,original_no_message,9973,message_weights.1,8192,3872,4320,0.03975403681397438,3808,3872,0.03975403681397438
activity/outer2/final/original_no_message/s9973,original_no_message,9973,readout.0.weight,131584,71117,60467,1.0042353868484497,96544,71117,1.0042353868484497
activity/outer2/final/original_no_message/s9973,original_no_message,9973,readout.0.bias,64,47,17,0.02102206088602543,64,47,0.02102206088602543
activity/outer2/final/original_no_message/s9973,original_no_message,9973,readout.3.weight,64,47,17,0.28554216027259827,64,47,0.28554216027259827
activity/outer2/final/original_no_message/s9973,original_no_message,9973,readout.3.bias,1,1,0,0.01876937784254551,1,1,0.01876937784254551
activity/outer2/final/token_cnn/s11027,token_cnn,11027,embed.weight,2976,1605,1371,0.3202742338180542,1607,1605,0.3202742338180542
activity/outer2/final/token_cnn/s11027,token_cnn,11027,embed.bias,32,32,0,0.20173309743404388,32,32,0.20173309743404388
activity/outer2/final/token_cnn/s11027,token_cnn,11027,layers.0.weight,3072,2973,99,0.04070570692420006,2943,2973,0.04070570692420006
activity/outer2/final/token_cnn/s11027,token_cnn,11027,layers.0.bias,32,31,1,0.06190931051969528,31,31,0.06190931051969528
activity/outer2/final/token_cnn/s11027,token_cnn,11027,layers.3.weight,3072,1947,1125,0.07046961784362793,2144,1947,0.07046961784362793
activity/outer2/final/token_cnn/s11027,token_cnn,11027,layers.3.bias,32,21,11,0.1399572491645813,25,21,0.1399572491645813
activity/outer2/final/token_cnn/s11027,token_cnn,11027,readout.0.weight,131584,63926,67658,0.3316446542739868,81599,63926,0.3316446542739868
activity/outer2/final/token_cnn/s11027,token_cnn,11027,readout.0.bias,64,44,20,0.07268007844686508,57,44,0.07268007844686508
activity/outer2/final/token_cnn/s11027,token_cnn,11027,readout.3.weight,64,44,20,0.24920082092285156,57,44,0.24920082092285156
activity/outer2/final/token_cnn/s11027,token_cnn,11027,readout.3.bias,1,1,0,0.12711873650550842,1,1,0.12711873650550842
activity/outer2/final/token_cnn/s1103,token_cnn,1103,embed.weight,2976,1703,1273,0.44860216975212097,1704,1703,0.44860216975212097
activity/outer2/final/token_cnn/s1103,token_cnn,1103,embed.bias,32,32,0,0.3072032630443573,32,32,0.3072032630443573
activity/outer2/final/token_cnn/s1103,token_cnn,1103,layers.0.weight,3072,2688,384,0.07523824274539948,2771,2688,0.07523824274539948
activity/outer2/final/token_cnn/s1103,token_cnn,1103,layers.0.bias,32,28,4,0.07367070764303207,29,28,0.07367070764303207
activity/outer2/final/token_cnn/s1103,token_cnn,1103,layers.3.weight,3072,1920,1152,0.1148795560002327,2437,1920,0.1148795560002327
activity/outer2/final/token_cnn/s1103,token_cnn,1103,layers.3.bias,32,23,9,0.15923920273780823,29,23,0.15923920273780823
activity/outer2/final/token_cnn/s1103,token_cnn,1103,readout.0.weight,131584,58151,73433,0.4393920302391052,74357,58151,0.4393920302391052
activity/outer2/final/token_cnn/s1103,token_cnn,1103,readout.0.bias,64,39,25,0.07018035650253296,51,39,0.07018035650253296
activity/outer2/final/token_cnn/s1103,token_cnn,1103,readout.3.weight,64,39,25,0.3237171769142151,51,39,0.3237171769142151
activity/outer2/final/token_cnn/s1103,token_cnn,1103,readout.3.bias,1,1,0,0.1398429125547409,1,1,0.1398429125547409
activity/outer2/final/token_cnn/s2207,token_cnn,2207,embed.weight,2976,1647,1329,0.3439739942550659,1648,1647,0.3439739942550659
activity/outer2/final/token_cnn/s2207,token_cnn,2207,embed.bias,32,32,0,0.19506286084651947,32,32,0.19506286084651947
activity/outer2/final/token_cnn/s2207,token_cnn,2207,layers.0.weight,3072,2784,288,0.10906077921390533,2769,2784,0.10906077921390533
activity/outer2/final/token_cnn/s2207,token_cnn,2207,layers.0.bias,32,29,3,0.09277229756116867,29,29,0.09277229756116867
activity/outer2/final/token_cnn/s2207,token_cnn,2207,layers.3.weight,3072,2175,897,0.09556107968091965,2494,2175,0.09556107968091965
activity/outer2/final/token_cnn/s2207,token_cnn,2207,layers.3.bias,32,25,7,0.08391236513853073,29,25,0.08391236513853073
activity/outer2/final/token_cnn/s2207,token_cnn,2207,readout.0.weight,131584,57456,74128,0.17793108522891998,81867,57456,0.17793108522891998
activity/outer2/final/token_cnn/s2207,token_cnn,2207,readout.0.bias,64,38,26,0.017711510881781578,56,38,0.017711510881781578
activity/outer2/final/token_cnn/s2207,token_cnn,2207,readout.3.weight,64,38,26,0.35237807035446167,56,38,0.35237807035446167
activity/outer2/final/token_cnn/s2207,token_cnn,2207,readout.3.bias,1,1,0,0.03523094207048416,1,1,0.03523094207048416
activity/outer2/final/token_cnn/s3301,token_cnn,3301,embed.weight,2976,1625,1351,0.31881406903266907,1627,1625,0.31881406903266907
activity/outer2/final/token_cnn/s3301,token_cnn,3301,embed.bias,32,32,0,0.19674532115459442,32,32,0.19674532115459442
activity/outer2/final/token_cnn/s3301,token_cnn,3301,layers.0.weight,3072,3072,0,0.10489854961633682,3071,3072,0.10489854961633682
activity/outer2/final/token_cnn/s3301,token_cnn,3301,layers.0.bias,32,32,0,0.10656125098466873,32,32,0.10656125098466873
activity/outer2/final/token_cnn/s3301,token_cnn,3301,layers.3.weight,3072,2685,387,0.10487407445907593,2848,2685,0.10487407445907593
activity/outer2/final/token_cnn/s3301,token_cnn,3301,layers.3.bias,32,28,4,0.14427600800991058,30,28,0.14427600800991058
activity/outer2/final/token_cnn/s3301,token_cnn,3301,readout.0.weight,131584,57076,74508,0.23643092811107635,78685,57076,0.23643092811107635
activity/outer2/final/token_cnn/s3301,token_cnn,3301,readout.0.bias,64,38,26,0.03295661136507988,54,38,0.03295661136507988
activity/outer2/final/token_cnn/s3301,token_cnn,3301,readout.3.weight,64,38,26,0.2892054617404938,54,38,0.2892054617404938
activity/outer2/final/token_cnn/s3301,token_cnn,3301,readout.3.bias,1,1,0,0.07168570160865784,1,1,0.07168570160865784
activity/outer2/final/token_cnn/s4409,token_cnn,4409,embed.weight,2976,1674,1302,0.305907279253006,1677,1674,0.305907279253006
activity/outer2/final/token_cnn/s4409,token_cnn,4409,embed.bias,32,32,0,0.18278077244758606,32,32,0.18278077244758606
activity/outer2/final/token_cnn/s4409,token_cnn,4409,layers.0.weight,3072,2976,96,0.08737193793058395,2976,2976,0.08737193793058395
activity/outer2/final/token_cnn/s4409,token_cnn,4409,layers.0.bias,32,31,1,0.0835581123828888,31,31,0.0835581123828888
activity/outer2/final/token_cnn/s4409,token_cnn,4409,layers.3.weight,3072,2418,654,0.12242906540632248,2629,2418,0.12242906540632248
activity/outer2/final/token_cnn/s4409,token_cnn,4409,layers.3.bias,32,26,6,0.12680459022521973,29,26,0.12680459022521973
activity/outer2/final/token_cnn/s4409,token_cnn,4409,readout.0.weight,131584,66400,65184,0.18905633687973022,85066,66400,0.18905633687973022
activity/outer2/final/token_cnn/s4409,token_cnn,4409,readout.0.bias,64,44,20,0.023814696818590164,59,44,0.023814696818590164
activity/outer2/final/token_cnn/s4409,token_cnn,4409,readout.3.weight,64,44,20,0.3378048241138458,59,44,0.3378048241138458
activity/outer2/final/token_cnn/s4409,token_cnn,4409,readout.3.bias,1,1,0,0.05920899286866188,1,1,0.05920899286866188
activity/outer2/final/token_cnn/s5519,token_cnn,5519,embed.weight,2976,1666,1310,0.2218794822692871,1665,1666,0.2218794822692871
activity/outer2/final/token_cnn/s5519,token_cnn,5519,embed.bias,32,32,0,0.12956160306930542,32,32,0.12956160306930542
activity/outer2/final/token_cnn/s5519,token_cnn,5519,layers.0.weight,3072,3069,3,0.022351102903485298,2955,3069,0.022351102903485298
activity/outer2/final/token_cnn/s5519,token_cnn,5519,layers.0.bias,32,32,0,0.02258249558508396,31,32,0.02258249558508396
activity/outer2/final/token_cnn/s5519,token_cnn,5519,layers.3.weight,3072,2205,867,0.04454449191689491,2525,2205,0.04454449191689491
activity/outer2/final/token_cnn/s5519,token_cnn,5519,layers.3.bias,32,23,9,0.0654023215174675,28,23,0.0654023215174675
activity/outer2/final/token_cnn/s5519,token_cnn,5519,readout.0.weight,131584,68804,62780,0.3068115711212158,86788,68804,0.3068115711212158
activity/outer2/final/token_cnn/s5519,token_cnn,5519,readout.0.bias,64,46,18,0.05606484040617943,59,46,0.05606484040617943
activity/outer2/final/token_cnn/s5519,token_cnn,5519,readout.3.weight,64,46,18,0.1955220103263855,59,46,0.1955220103263855
activity/outer2/final/token_cnn/s5519,token_cnn,5519,readout.3.bias,1,1,0,0.11294393986463547,1,1,0.11294393986463547
activity/outer2/final/token_cnn/s6637,token_cnn,6637,embed.weight,2976,1605,1371,1.1184684038162231,1605,1605,1.1184684038162231
activity/outer2/final/token_cnn/s6637,token_cnn,6637,embed.bias,32,31,1,0.7539463043212891,31,31,0.7539463043212891
activity/outer2/final/token_cnn/s6637,token_cnn,6637,layers.0.weight,3072,2790,282,0.35956376791000366,2814,2790,0.35956376791000366
activity/outer2/final/token_cnn/s6637,token_cnn,6637,layers.0.bias,32,30,2,0.40368613600730896,31,30,0.40368613600730896
activity/outer2/final/token_cnn/s6637,token_cnn,6637,layers.3.weight,3072,2070,1002,0.3320997357368469,2329,2070,0.3320997357368469
activity/outer2/final/token_cnn/s6637,token_cnn,6637,layers.3.bias,32,23,9,0.5350796580314636,26,23,0.5350796580314636
activity/outer2/final/token_cnn/s6637,token_cnn,6637,readout.0.weight,131584,62082,69502,0.7284711003303528,85513,62082,0.7284711003303528
activity/outer2/final/token_cnn/s6637,token_cnn,6637,readout.0.bias,64,42,22,0.13531571626663208,61,42,0.13531571626663208
activity/outer2/final/token_cnn/s6637,token_cnn,6637,readout.3.weight,64,42,22,0.5399847030639648,61,42,0.5399847030639648
activity/outer2/final/token_cnn/s6637,token_cnn,6637,readout.3.bias,1,1,0,0.2647145092487335,1,1,0.2647145092487335
activity/outer2/final/token_cnn/s7753,token_cnn,7753,embed.weight,2976,1567,1409,0.5186759233474731,1562,1567,0.5186759233474731
activity/outer2/final/token_cnn/s7753,token_cnn,7753,embed.bias,32,32,0,0.34632834792137146,32,32,0.34632834792137146
activity/outer2/final/token_cnn/s7753,token_cnn,7753,layers.0.weight,3072,2784,288,0.17271214723587036,2841,2784,0.17271214723587036
activity/outer2/final/token_cnn/s7753,token_cnn,7753,layers.0.bias,32,29,3,0.21409693360328674,30,29,0.21409693360328674
activity/outer2/final/token_cnn/s7753,token_cnn,7753,layers.3.weight,3072,2259,813,0.19213572144508362,2496,2259,0.19213572144508362
activity/outer2/final/token_cnn/s7753,token_cnn,7753,layers.3.bias,32,26,6,0.28976425528526306,28,26,0.28976425528526306
activity/outer2/final/token_cnn/s7753,token_cnn,7753,readout.0.weight,131584,59134,72450,0.36534082889556885,79039,59134,0.36534082889556885
activity/outer2/final/token_cnn/s7753,token_cnn,7753,readout.0.bias,64,39,25,0.07276035845279694,56,39,0.07276035845279694
activity/outer2/final/token_cnn/s7753,token_cnn,7753,readout.3.weight,64,39,25,0.3281535506248474,56,39,0.3281535506248474
activity/outer2/final/token_cnn/s7753,token_cnn,7753,readout.3.bias,1,1,0,0.1529533863067627,1,1,0.1529533863067627
activity/outer2/final/token_cnn/s8867,token_cnn,8867,embed.weight,2976,1683,1293,0.2140350490808487,1682,1683,0.2140350490808487
activity/outer2/final/token_cnn/s8867,token_cnn,8867,embed.bias,32,32,0,0.1222788617014885,32,32,0.1222788617014885
activity/outer2/final/token_cnn/s8867,token_cnn,8867,layers.0.weight,3072,3072,0,0.047291893512010574,3066,3072,0.047291893512010574
activity/outer2/final/token_cnn/s8867,token_cnn,8867,layers.0.bias,32,32,0,0.04138913378119469,32,32,0.04138913378119469
activity/outer2/final/token_cnn/s8867,token_cnn,8867,layers.3.weight,3072,2475,597,0.0591922402381897,2731,2475,0.0591922402381897
activity/outer2/final/token_cnn/s8867,token_cnn,8867,layers.3.bias,32,26,6,0.07725383341312408,29,26,0.07725383341312408
activity/outer2/final/token_cnn/s8867,token_cnn,8867,readout.0.weight,131584,48773,82811,0.31017056107521057,75692,48773,0.31017056107521057
activity/outer2/final/token_cnn/s8867,token_cnn,8867,readout.0.bias,64,32,32,0.04812578856945038,51,32,0.04812578856945038
activity/outer2/final/token_cnn/s8867,token_cnn,8867,readout.3.weight,64,32,32,0.20143835246562958,51,32,0.20143835246562958
activity/outer2/final/token_cnn/s8867,token_cnn,8867,readout.3.bias,1,1,0,0.0986279547214508,1,1,0.0986279547214508
activity/outer2/final/token_cnn/s9973,token_cnn,9973,embed.weight,2976,1672,1304,0.8676256537437439,1671,1672,0.8676256537437439
activity/outer2/final/token_cnn/s9973,token_cnn,9973,embed.bias,32,32,0,0.5869765877723694,32,32,0.5869765877723694
activity/outer2/final/token_cnn/s9973,token_cnn,9973,layers.0.weight,3072,2976,96,0.38115447759628296,2971,2976,0.38115447759628296
activity/outer2/final/token_cnn/s9973,token_cnn,9973,layers.0.bias,32,31,1,0.33756279945373535,31,31,0.33756279945373535
activity/outer2/final/token_cnn/s9973,token_cnn,9973,layers.3.weight,3072,2325,747,0.28912150859832764,2613,2325,0.28912150859832764
activity/outer2/final/token_cnn/s9973,token_cnn,9973,layers.3.bias,32,25,7,0.482194185256958,29,25,0.482194185256958
activity/outer2/final/token_cnn/s9973,token_cnn,9973,readout.0.weight,131584,59880,71704,0.7708423733711243,77239,59880,0.7708423733711243
activity/outer2/final/token_cnn/s9973,token_cnn,9973,readout.0.bias,64,40,24,0.11526253074407578,54,40,0.11526253074407578
activity/outer2/final/token_cnn/s9973,token_cnn,9973,readout.3.weight,64,40,24,0.38763198256492615,54,40,0.38763198256492615
activity/outer2/final/token_cnn/s9973,token_cnn,9973,readout.3.bias,1,1,0,0.19515137374401093,1,1,0.19515137374401093
activity/outer3/final/corrected_gnn/s11027,corrected_gnn,11027,embed.weight,2976,1553,1423,0.41808611154556274,1561,1553,0.41808611154556274
activity/outer3/final/corrected_gnn/s11027,corrected_gnn,11027,embed.bias,32,32,0,0.13575227558612823,32,32,0.13575227558612823
activity/outer3/final/corrected_gnn/s11027,corrected_gnn,11027,self_layers.0.weight,1024,691,333,0.07914899289608002,691,691,0.07914899289608002
activity/outer3/final/corrected_gnn/s11027,corrected_gnn,11027,self_layers.0.bias,32,22,10,0.11808951199054718,22,22,0.11808951199054718
activity/outer3/final/corrected_gnn/s11027,corrected_gnn,11027,self_layers.1.weight,1024,1024,0,0.06961395591497421,1024,1024,0.06961395591497421
activity/outer3/final/corrected_gnn/s11027,corrected_gnn,11027,self_layers.1.bias,32,32,0,0.010889288038015366,32,32,0.010889288038015366
activity/outer3/final/corrected_gnn/s11027,corrected_gnn,11027,norms.0.weight,32,32,0,0.019887883216142654,32,32,0.019887883216142654
activity/outer3/final/corrected_gnn/s11027,corrected_gnn,11027,norms.0.bias,32,32,0,0.013591467402875423,32,32,0.013591467402875423
activity/outer3/final/corrected_gnn/s11027,corrected_gnn,11027,norms.1.weight,32,32,0,0.02664046734571457,32,32,0.02664046734571457
activity/outer3/final/corrected_gnn/s11027,corrected_gnn,11027,norms.1.bias,32,32,0,0.011121688410639763,32,32,0.011121688410639763
activity/outer3/final/corrected_gnn/s11027,corrected_gnn,11027,message_weights.0,8192,2419,5773,0.04470611736178398,2401,2419,0.04470611736178398
activity/outer3/final/corrected_gnn/s11027,corrected_gnn,11027,message_weights.1,8192,3776,4416,0.04564763978123665,3776,3776,0.04564763978123665
activity/outer3/final/corrected_gnn/s11027,corrected_gnn,11027,readout.0.weight,131584,75641,55943,1.1776535511016846,96832,75641,1.1776535511016846
activity/outer3/final/corrected_gnn/s11027,corrected_gnn,11027,readout.0.bias,64,51,13,0.02560526691377163,64,51,0.02560526691377163
activity/outer3/final/corrected_gnn/s11027,corrected_gnn,11027,readout.3.weight,64,51,13,0.32638075947761536,64,51,0.32638075947761536
activity/outer3/final/corrected_gnn/s11027,corrected_gnn,11027,readout.3.bias,1,1,0,0.05440634861588478,1,1,0.05440634861588478
activity/outer3/final/corrected_gnn/s1103,corrected_gnn,1103,embed.weight,2976,1629,1347,2.832961082458496,1628,1629,2.832961082458496
activity/outer3/final/corrected_gnn/s1103,corrected_gnn,1103,embed.bias,32,32,0,1.7151613235473633,32,32,1.7151613235473633
activity/outer3/final/corrected_gnn/s1103,corrected_gnn,1103,self_layers.0.weight,1024,694,330,0.48523396253585815,719,694,0.48523396253585815
activity/outer3/final/corrected_gnn/s1103,corrected_gnn,1103,self_layers.0.bias,32,22,10,0.9270077347755432,23,22,0.9270077347755432
activity/outer3/final/corrected_gnn/s1103,corrected_gnn,1103,self_layers.1.weight,1024,1024,0,0.5256773829460144,1024,1024,0.5256773829460144
activity/outer3/final/corrected_gnn/s1103,corrected_gnn,1103,self_layers.1.bias,32,32,0,0.11402188986539841,32,32,0.11402188986539841
activity/outer3/final/corrected_gnn/s1103,corrected_gnn,1103,norms.0.weight,32,32,0,0.13846056163311005,32,32,0.13846056163311005
activity/outer3/final/corrected_gnn/s1103,corrected_gnn,1103,norms.0.bias,32,32,0,0.2255607396364212,32,32,0.2255607396364212
activity/outer3/final/corrected_gnn/s1103,corrected_gnn,1103,norms.1.weight,32,32,0,0.1482676863670349,32,32,0.1482676863670349
activity/outer3/final/corrected_gnn/s1103,corrected_gnn,1103,norms.1.bias,32,32,0,0.225427508354187,32,32,0.225427508354187
activity/outer3/final/corrected_gnn/s1103,corrected_gnn,1103,message_weights.0,8192,2391,5801,0.293981671333313,2452,2391,0.293981671333313
activity/outer3/final/corrected_gnn/s1103,corrected_gnn,1103,message_weights.1,8192,3712,4480,0.3012793958187103,3840,3712,0.3012793958187103
activity/outer3/final/corrected_gnn/s1103,corrected_gnn,1103,readout.0.weight,131584,75990,55594,6.957211494445801,95101,75990,6.957211494445801
activity/outer3/final/corrected_gnn/s1103,corrected_gnn,1103,readout.0.bias,64,50,14,0.21175917983055115,63,50,0.21175917983055115
activity/outer3/final/corrected_gnn/s1103,corrected_gnn,1103,readout.3.weight,64,50,14,1.3959951400756836,63,50,1.3959951400756836
activity/outer3/final/corrected_gnn/s1103,corrected_gnn,1103,readout.3.bias,1,1,0,0.5004789233207703,1,1,0.5004789233207703
activity/outer3/final/corrected_gnn/s2207,corrected_gnn,2207,embed.weight,2976,1565,1411,0.5766966938972473,1570,1565,0.5766966938972473
activity/outer3/final/corrected_gnn/s2207,corrected_gnn,2207,embed.bias,32,32,0,0.32608768343925476,32,32,0.32608768343925476
activity/outer3/final/corrected_gnn/s2207,corrected_gnn,2207,self_layers.0.weight,1024,759,265,0.12419047951698303,764,759,0.12419047951698303
activity/outer3/final/corrected_gnn/s2207,corrected_gnn,2207,self_layers.0.bias,32,25,7,0.21725405752658844,25,25,0.21725405752658844
activity/outer3/final/corrected_gnn/s2207,corrected_gnn,2207,self_layers.1.weight,1024,1024,0,0.08259225636720657,1024,1024,0.08259225636720657
activity/outer3/final/corrected_gnn/s2207,corrected_gnn,2207,self_layers.1.bias,32,32,0,0.017311086878180504,32,32,0.017311086878180504
activity/outer3/final/corrected_gnn/s2207,corrected_gnn,2207,norms.0.weight,32,32,0,0.02451784536242485,32,32,0.02451784536242485
activity/outer3/final/corrected_gnn/s2207,corrected_gnn,2207,norms.0.bias,32,32,0,0.03649788722395897,32,32,0.03649788722395897
activity/outer3/final/corrected_gnn/s2207,corrected_gnn,2207,norms.1.weight,32,32,0,0.036114756017923355,32,32,0.036114756017923355
activity/outer3/final/corrected_gnn/s2207,corrected_gnn,2207,norms.1.bias,32,32,0,0.03312493488192558,32,32,0.03312493488192558
activity/outer3/final/corrected_gnn/s2207,corrected_gnn,2207,message_weights.0,8192,2590,5602,0.07127732038497925,2583,2590,0.07127732038497925
activity/outer3/final/corrected_gnn/s2207,corrected_gnn,2207,message_weights.1,8192,3872,4320,0.05092039331793785,3840,3872,0.05092039331793785
activity/outer3/final/corrected_gnn/s2207,corrected_gnn,2207,readout.0.weight,131584,61176,70408,1.29816734790802,89457,61176,1.29816734790802
activity/outer3/final/corrected_gnn/s2207,corrected_gnn,2207,readout.0.bias,64,40,24,0.03593521565198898,59,40,0.03593521565198898
activity/outer3/final/corrected_gnn/s2207,corrected_gnn,2207,readout.3.weight,64,40,24,0.5121668577194214,59,40,0.5121668577194214
activity/outer3/final/corrected_gnn/s2207,corrected_gnn,2207,readout.3.bias,1,1,0,0.08568407595157623,1,1,0.08568407595157623
activity/outer3/final/corrected_gnn/s3301,corrected_gnn,3301,embed.weight,2976,1567,1409,1.4667277336120605,1573,1567,1.4667277336120605
activity/outer3/final/corrected_gnn/s3301,corrected_gnn,3301,embed.bias,32,32,0,0.926860511302948,32,32,0.926860511302948
activity/outer3/final/corrected_gnn/s3301,corrected_gnn,3301,self_layers.0.weight,1024,831,193,0.4050944745540619,833,831,0.4050944745540619
activity/outer3/final/corrected_gnn/s3301,corrected_gnn,3301,self_layers.0.bias,32,27,5,0.7291685342788696,27,27,0.7291685342788696
activity/outer3/final/corrected_gnn/s3301,corrected_gnn,3301,self_layers.1.weight,1024,1024,0,0.37875887751579285,1024,1024,0.37875887751579285
activity/outer3/final/corrected_gnn/s3301,corrected_gnn,3301,self_layers.1.bias,32,32,0,0.07857544720172882,32,32,0.07857544720172882
activity/outer3/final/corrected_gnn/s3301,corrected_gnn,3301,norms.0.weight,32,32,0,0.08292658627033234,32,32,0.08292658627033234
activity/outer3/final/corrected_gnn/s3301,corrected_gnn,3301,norms.0.bias,32,32,0,0.12201333045959473,32,32,0.12201333045959473
activity/outer3/final/corrected_gnn/s3301,corrected_gnn,3301,norms.1.weight,32,32,0,0.07634495198726654,32,32,0.07634495198726654
activity/outer3/final/corrected_gnn/s3301,corrected_gnn,3301,norms.1.bias,32,32,0,0.12029734253883362,32,32,0.12029734253883362
activity/outer3/final/corrected_gnn/s3301,corrected_gnn,3301,message_weights.0,8192,2854,5338,0.2517472803592682,2839,2854,0.2517472803592682
activity/outer3/final/corrected_gnn/s3301,corrected_gnn,3301,message_weights.1,8192,3680,4512,0.2243414670228958,3680,3680,0.2243414670228958
activity/outer3/final/corrected_gnn/s3301,corrected_gnn,3301,readout.0.weight,131584,66276,65308,4.609038352966309,94877,66276,4.609038352966309
activity/outer3/final/corrected_gnn/s3301,corrected_gnn,3301,readout.0.bias,64,44,20,0.13483111560344696,63,44,0.13483111560344696
activity/outer3/final/corrected_gnn/s3301,corrected_gnn,3301,readout.3.weight,64,44,20,1.085620403289795,63,44,1.085620403289795
activity/outer3/final/corrected_gnn/s3301,corrected_gnn,3301,readout.3.bias,1,1,0,0.34731781482696533,1,1,0.34731781482696533
activity/outer3/final/corrected_gnn/s4409,corrected_gnn,4409,embed.weight,2976,1610,1366,0.49811214208602905,1614,1610,0.49811214208602905
activity/outer3/final/corrected_gnn/s4409,corrected_gnn,4409,embed.bias,32,32,0,0.2613937258720398,32,32,0.2613937258720398
activity/outer3/final/corrected_gnn/s4409,corrected_gnn,4409,self_layers.0.weight,1024,843,181,0.12790590524673462,842,843,0.12790590524673462
activity/outer3/final/corrected_gnn/s4409,corrected_gnn,4409,self_layers.0.bias,32,27,5,0.25240546464920044,27,27,0.25240546464920044
activity/outer3/final/corrected_gnn/s4409,corrected_gnn,4409,self_layers.1.weight,1024,1024,0,0.10212820023298264,1024,1024,0.10212820023298264
activity/outer3/final/corrected_gnn/s4409,corrected_gnn,4409,self_layers.1.bias,32,32,0,0.02016281709074974,32,32,0.02016281709074974
activity/outer3/final/corrected_gnn/s4409,corrected_gnn,4409,norms.0.weight,32,32,0,0.04097448289394379,32,32,0.04097448289394379
activity/outer3/final/corrected_gnn/s4409,corrected_gnn,4409,norms.0.bias,32,32,0,0.03638948127627373,32,32,0.03638948127627373
activity/outer3/final/corrected_gnn/s4409,corrected_gnn,4409,norms.1.weight,32,32,0,0.040731947869062424,32,32,0.040731947869062424
activity/outer3/final/corrected_gnn/s4409,corrected_gnn,4409,norms.1.bias,32,32,0,0.03424999117851257,32,32,0.03424999117851257
activity/outer3/final/corrected_gnn/s4409,corrected_gnn,4409,message_weights.0,8192,2828,5364,0.07899339497089386,2828,2828,0.07899339497089386
activity/outer3/final/corrected_gnn/s4409,corrected_gnn,4409,message_weights.1,8192,3808,4384,0.06092771142721176,3680,3808,0.06092771142721176
activity/outer3/final/corrected_gnn/s4409,corrected_gnn,4409,readout.0.weight,131584,78300,53284,1.8275543451309204,92631,78300,1.8275543451309204
activity/outer3/final/corrected_gnn/s4409,corrected_gnn,4409,readout.0.bias,64,52,12,0.05187220871448517,61,52,0.05187220871448517
activity/outer3/final/corrected_gnn/s4409,corrected_gnn,4409,readout.3.weight,64,52,12,0.5391892790794373,61,52,0.5391892790794373
activity/outer3/final/corrected_gnn/s4409,corrected_gnn,4409,readout.3.bias,1,1,0,0.1482321321964264,1,1,0.1482321321964264
activity/outer3/final/corrected_gnn/s5519,corrected_gnn,5519,embed.weight,2976,1631,1345,0.42611756920814514,1635,1631,0.42611756920814514
activity/outer3/final/corrected_gnn/s5519,corrected_gnn,5519,embed.bias,32,32,0,0.20976532995700836,32,32,0.20976532995700836
activity/outer3/final/corrected_gnn/s5519,corrected_gnn,5519,self_layers.0.weight,1024,730,294,0.10145936906337738,732,730,0.10145936906337738
activity/outer3/final/corrected_gnn/s5519,corrected_gnn,5519,self_layers.0.bias,32,24,8,0.206523597240448,24,24,0.206523597240448
activity/outer3/final/corrected_gnn/s5519,corrected_gnn,5519,self_layers.1.weight,1024,992,32,0.1022363007068634,1024,992,0.1022363007068634
activity/outer3/final/corrected_gnn/s5519,corrected_gnn,5519,self_layers.1.bias,32,31,1,0.02020074427127838,32,31,0.02020074427127838
activity/outer3/final/corrected_gnn/s5519,corrected_gnn,5519,norms.0.weight,32,32,0,0.04063456505537033,32,32,0.04063456505537033
activity/outer3/final/corrected_gnn/s5519,corrected_gnn,5519,norms.0.bias,32,32,0,0.029770150780677795,32,32,0.029770150780677795
activity/outer3/final/corrected_gnn/s5519,corrected_gnn,5519,norms.1.weight,32,32,0,0.03130323067307472,32,32,0.03130323067307472
activity/outer3/final/corrected_gnn/s5519,corrected_gnn,5519,norms.1.bias,32,32,0,0.021856365725398064,32,32,0.021856365725398064
activity/outer3/final/corrected_gnn/s5519,corrected_gnn,5519,message_weights.0,8192,2552,5640,0.06117802485823631,2525,2552,0.06117802485823631
activity/outer3/final/corrected_gnn/s5519,corrected_gnn,5519,message_weights.1,8192,3584,4608,0.059594783931970596,3712,3584,0.059594783931970596
activity/outer3/final/corrected_gnn/s5519,corrected_gnn,5519,readout.0.weight,131584,74803,56781,1.2997164726257324,87019,74803,1.2997164726257324
activity/outer3/final/corrected_gnn/s5519,corrected_gnn,5519,readout.0.bias,64,49,15,0.03278226777911186,57,49,0.03278226777911186
activity/outer3/final/corrected_gnn/s5519,corrected_gnn,5519,readout.3.weight,64,49,15,0.39510729908943176,57,49,0.39510729908943176
activity/outer3/final/corrected_gnn/s5519,corrected_gnn,5519,readout.3.bias,1,1,0,0.07830888032913208,1,1,0.07830888032913208
activity/outer3/final/corrected_gnn/s6637,corrected_gnn,6637,embed.weight,2976,1415,1561,0.3775593042373657,1417,1415,0.3775593042373657
activity/outer3/final/corrected_gnn/s6637,corrected_gnn,6637,embed.bias,32,31,1,0.09857164323329926,31,31,0.09857164323329926
activity/outer3/final/corrected_gnn/s6637,corrected_gnn,6637,self_layers.0.weight,1024,811,213,0.07035791128873825,812,811,0.07035791128873825
activity/outer3/final/corrected_gnn/s6637,corrected_gnn,6637,self_layers.0.bias,32,27,5,0.12357404083013535,27,27,0.12357404083013535
activity/outer3/final/corrected_gnn/s6637,corrected_gnn,6637,self_layers.1.weight,1024,1024,0,0.05730737745761871,1024,1024,0.05730737745761871
activity/outer3/final/corrected_gnn/s6637,corrected_gnn,6637,self_layers.1.bias,32,32,0,0.009861757047474384,32,32,0.009861757047474384
activity/outer3/final/corrected_gnn/s6637,corrected_gnn,6637,norms.0.weight,32,32,0,0.022531917318701744,32,32,0.022531917318701744
activity/outer3/final/corrected_gnn/s6637,corrected_gnn,6637,norms.0.bias,32,32,0,0.013907155022025108,32,32,0.013907155022025108
activity/outer3/final/corrected_gnn/s6637,corrected_gnn,6637,norms.1.weight,32,32,0,0.02750561758875847,32,32,0.02750561758875847
activity/outer3/final/corrected_gnn/s6637,corrected_gnn,6637,norms.1.bias,32,32,0,0.008403968065977097,32,32,0.008403968065977097
activity/outer3/final/corrected_gnn/s6637,corrected_gnn,6637,message_weights.0,8192,2791,5401,0.04494063928723335,2764,2791,0.04494063928723335
activity/outer3/final/corrected_gnn/s6637,corrected_gnn,6637,message_weights.1,8192,3776,4416,0.03662087023258209,3808,3776,0.03662087023258209
activity/outer3/final/corrected_gnn/s6637,corrected_gnn,6637,readout.0.weight,131584,65281,66303,0.9609078764915466,93370,65281,0.9609078764915466
activity/outer3/final/corrected_gnn/s6637,corrected_gnn,6637,readout.0.bias,64,43,21,0.018087124451994896,62,43,0.018087124451994896
activity/outer3/final/corrected_gnn/s6637,corrected_gnn,6637,readout.3.weight,64,43,21,0.24302051961421967,62,43,0.24302051961421967
activity/outer3/final/corrected_gnn/s6637,corrected_gnn,6637,readout.3.bias,1,1,0,0.022227749228477478,1,1,0.022227749228477478
activity/outer3/final/corrected_gnn/s7753,corrected_gnn,7753,embed.weight,2976,1459,1517,0.5424352884292603,1461,1459,0.5424352884292603
activity/outer3/final/corrected_gnn/s7753,corrected_gnn,7753,embed.bias,32,32,0,0.2150256335735321,32,32,0.2150256335735321
activity/outer3/final/corrected_gnn/s7753,corrected_gnn,7753,self_layers.0.weight,1024,850,174,0.10237838327884674,843,850,0.10237838327884674
activity/outer3/final/corrected_gnn/s7753,corrected_gnn,7753,self_layers.0.bias,32,27,5,0.19339850544929504,27,27,0.19339850544929504
activity/outer3/final/corrected_gnn/s7753,corrected_gnn,7753,self_layers.1.weight,1024,1024,0,0.09596244245767593,1024,1024,0.09596244245767593
activity/outer3/final/corrected_gnn/s7753,corrected_gnn,7753,self_layers.1.bias,32,32,0,0.01783403381705284,32,32,0.01783403381705284
activity/outer3/final/corrected_gnn/s7753,corrected_gnn,7753,norms.0.weight,32,32,0,0.029520273208618164,32,32,0.029520273208618164
activity/outer3/final/corrected_gnn/s7753,corrected_gnn,7753,norms.0.bias,32,32,0,0.021160755306482315,32,32,0.021160755306482315
activity/outer3/final/corrected_gnn/s7753,corrected_gnn,7753,norms.1.weight,32,32,0,0.030153028666973114,32,32,0.030153028666973114
activity/outer3/final/corrected_gnn/s7753,corrected_gnn,7753,norms.1.bias,32,32,0,0.017658237367868423,32,32,0.017658237367868423
activity/outer3/final/corrected_gnn/s7753,corrected_gnn,7753,message_weights.0,8192,2970,5222,0.06356513500213623,2918,2970,0.06356513500213623
activity/outer3/final/corrected_gnn/s7753,corrected_gnn,7753,message_weights.1,8192,3744,4448,0.06276648491621017,3744,3744,0.06276648491621017
activity/outer3/final/corrected_gnn/s7753,corrected_gnn,7753,readout.0.weight,131584,71469,60115,1.5652682781219482,92887,71469,1.5652682781219482
activity/outer3/final/corrected_gnn/s7753,corrected_gnn,7753,readout.0.bias,64,47,17,0.03292473405599594,61,47,0.03292473405599594
activity/outer3/final/corrected_gnn/s7753,corrected_gnn,7753,readout.3.weight,64,47,17,0.31117066740989685,61,47,0.31117066740989685
activity/outer3/final/corrected_gnn/s7753,corrected_gnn,7753,readout.3.bias,1,1,0,0.03203077241778374,1,1,0.03203077241778374
activity/outer3/final/corrected_gnn/s8867,corrected_gnn,8867,embed.weight,2976,1639,1337,0.427013635635376,1645,1639,0.427013635635376
activity/outer3/final/corrected_gnn/s8867,corrected_gnn,8867,embed.bias,32,32,0,0.20120583474636078,32,32,0.20120583474636078
activity/outer3/final/corrected_gnn/s8867,corrected_gnn,8867,self_layers.0.weight,1024,767,257,0.10870185494422913,769,767,0.10870185494422913
activity/outer3/final/corrected_gnn/s8867,corrected_gnn,8867,self_layers.0.bias,32,25,7,0.1568945348262787,25,25,0.1568945348262787
activity/outer3/final/corrected_gnn/s8867,corrected_gnn,8867,self_layers.1.weight,1024,1024,0,0.0724918320775032,1024,1024,0.0724918320775032
activity/outer3/final/corrected_gnn/s8867,corrected_gnn,8867,self_layers.1.bias,32,32,0,0.011335736140608788,32,32,0.011335736140608788
activity/outer3/final/corrected_gnn/s8867,corrected_gnn,8867,norms.0.weight,32,32,0,0.032078247517347336,32,32,0.032078247517347336
activity/outer3/final/corrected_gnn/s8867,corrected_gnn,8867,norms.0.bias,32,32,0,0.023941311985254288,32,32,0.023941311985254288
activity/outer3/final/corrected_gnn/s8867,corrected_gnn,8867,norms.1.weight,32,32,0,0.03583402559161186,32,32,0.03583402559161186
activity/outer3/final/corrected_gnn/s8867,corrected_gnn,8867,norms.1.bias,32,32,0,0.021232331171631813,32,32,0.021232331171631813
activity/outer3/final/corrected_gnn/s8867,corrected_gnn,8867,message_weights.0,8192,2701,5491,0.06376465409994125,2706,2701,0.06376465409994125
activity/outer3/final/corrected_gnn/s8867,corrected_gnn,8867,message_weights.1,8192,3616,4576,0.04074019566178322,3616,3616,0.04074019566178322
activity/outer3/final/corrected_gnn/s8867,corrected_gnn,8867,readout.0.weight,131584,63998,67586,1.0255695581436157,90100,63998,1.0255695581436157
activity/outer3/final/corrected_gnn/s8867,corrected_gnn,8867,readout.0.bias,64,42,22,0.026193363592028618,60,42,0.026193363592028618
activity/outer3/final/corrected_gnn/s8867,corrected_gnn,8867,readout.3.weight,64,42,22,0.40390729904174805,60,42,0.40390729904174805
activity/outer3/final/corrected_gnn/s8867,corrected_gnn,8867,readout.3.bias,1,1,0,0.06698522716760635,1,1,0.06698522716760635
activity/outer3/final/corrected_gnn/s9973,corrected_gnn,9973,embed.weight,2976,1604,1372,0.285980224609375,1606,1604,0.285980224609375
activity/outer3/final/corrected_gnn/s9973,corrected_gnn,9973,embed.bias,32,32,0,0.10395900160074234,32,32,0.10395900160074234
activity/outer3/final/corrected_gnn/s9973,corrected_gnn,9973,self_layers.0.weight,1024,842,182,0.05769554153084755,840,842,0.05769554153084755
activity/outer3/final/corrected_gnn/s9973,corrected_gnn,9973,self_layers.0.bias,32,27,5,0.09438014030456543,27,27,0.09438014030456543
activity/outer3/final/corrected_gnn/s9973,corrected_gnn,9973,self_layers.1.weight,1024,1024,0,0.056730855256319046,1024,1024,0.056730855256319046
activity/outer3/final/corrected_gnn/s9973,corrected_gnn,9973,self_layers.1.bias,32,32,0,0.008838309906423092,32,32,0.008838309906423092
activity/outer3/final/corrected_gnn/s9973,corrected_gnn,9973,norms.0.weight,32,32,0,0.017240041866898537,32,32,0.017240041866898537
activity/outer3/final/corrected_gnn/s9973,corrected_gnn,9973,norms.0.bias,32,32,0,0.012541000731289387,32,32,0.012541000731289387
activity/outer3/final/corrected_gnn/s9973,corrected_gnn,9973,norms.1.weight,32,32,0,0.020299863070249557,32,32,0.020299863070249557
activity/outer3/final/corrected_gnn/s9973,corrected_gnn,9973,norms.1.bias,32,32,0,0.006996485870331526,32,32,0.006996485870331526
activity/outer3/final/corrected_gnn/s9973,corrected_gnn,9973,message_weights.0,8192,3049,5143,0.039193470031023026,3031,3049,0.039193470031023026
activity/outer3/final/corrected_gnn/s9973,corrected_gnn,9973,message_weights.1,8192,3840,4352,0.03580774739384651,3840,3840,0.03580774739384651
activity/outer3/final/corrected_gnn/s9973,corrected_gnn,9973,readout.0.weight,131584,69418,62166,0.8745206594467163,95357,69418,0.8745206594467163
activity/outer3/final/corrected_gnn/s9973,corrected_gnn,9973,readout.0.bias,64,46,18,0.0144956698641181,63,46,0.0144956698641181
activity/outer3/final/corrected_gnn/s9973,corrected_gnn,9973,readout.3.weight,64,46,18,0.2940327823162079,63,46,0.2940327823162079
activity/outer3/final/corrected_gnn/s9973,corrected_gnn,9973,readout.3.bias,1,1,0,0.010848373174667358,1,1,0.010848373174667358
activity/outer3/final/corrected_no_message/s11027,corrected_no_message,11027,embed.weight,2976,1553,1423,0.42926615476608276,1561,1553,0.42926615476608276
activity/outer3/final/corrected_no_message/s11027,corrected_no_message,11027,embed.bias,32,32,0,0.16241991519927979,32,32,0.16241991519927979
activity/outer3/final/corrected_no_message/s11027,corrected_no_message,11027,self_layers.0.weight,1024,673,351,0.0814911499619484,673,673,0.0814911499619484
activity/outer3/final/corrected_no_message/s11027,corrected_no_message,11027,self_layers.0.bias,32,22,10,0.14815549552440643,22,22,0.14815549552440643
activity/outer3/final/corrected_no_message/s11027,corrected_no_message,11027,self_layers.1.weight,1024,1024,0,0.070397287607193,1024,1024,0.070397287607193
activity/outer3/final/corrected_no_message/s11027,corrected_no_message,11027,self_layers.1.bias,32,32,0,0.011647800914943218,32,32,0.011647800914943218
activity/outer3/final/corrected_no_message/s11027,corrected_no_message,11027,norms.0.weight,32,32,0,0.02081645466387272,32,32,0.02081645466387272
activity/outer3/final/corrected_no_message/s11027,corrected_no_message,11027,norms.0.bias,32,32,0,0.016870321705937386,32,32,0.016870321705937386
activity/outer3/final/corrected_no_message/s11027,corrected_no_message,11027,norms.1.weight,32,32,0,0.0284205824136734,32,32,0.0284205824136734
activity/outer3/final/corrected_no_message/s11027,corrected_no_message,11027,norms.1.bias,32,32,0,0.016635701060295105,32,32,0.016635701060295105
activity/outer3/final/corrected_no_message/s11027,corrected_no_message,11027,message_weights.0,8192,2357,5835,0.049991365522146225,2342,2357,0.049991365522146225
activity/outer3/final/corrected_no_message/s11027,corrected_no_message,11027,message_weights.1,8192,3712,4480,0.044581856578588486,3776,3712,0.044581856578588486
activity/outer3/final/corrected_no_message/s11027,corrected_no_message,11027,readout.0.weight,131584,72016,59568,1.3757860660552979,96384,72016,1.3757860660552979
activity/outer3/final/corrected_no_message/s11027,corrected_no_message,11027,readout.0.bias,64,48,16,0.03466260805726051,64,48,0.03466260805726051
activity/outer3/final/corrected_no_message/s11027,corrected_no_message,11027,readout.3.weight,64,48,16,0.34425702691078186,64,48,0.34425702691078186
activity/outer3/final/corrected_no_message/s11027,corrected_no_message,11027,readout.3.bias,1,1,0,0.06540967524051666,1,1,0.06540967524051666
activity/outer3/final/corrected_no_message/s1103,corrected_no_message,1103,embed.weight,2976,1630,1346,3.1922526359558105,1629,1630,3.1922526359558105
activity/outer3/final/corrected_no_message/s1103,corrected_no_message,1103,embed.bias,32,32,0,1.9306073188781738,32,32,1.9306073188781738
activity/outer3/final/corrected_no_message/s1103,corrected_no_message,1103,self_layers.0.weight,1024,686,338,0.5482943654060364,689,686,0.5482943654060364
activity/outer3/final/corrected_no_message/s1103,corrected_no_message,1103,self_layers.0.bias,32,22,10,1.0486466884613037,22,22,1.0486466884613037
activity/outer3/final/corrected_no_message/s1103,corrected_no_message,1103,self_layers.1.weight,1024,1024,0,0.5961964726448059,1024,1024,0.5961964726448059
activity/outer3/final/corrected_no_message/s1103,corrected_no_message,1103,self_layers.1.bias,32,32,0,0.13056865334510803,32,32,0.13056865334510803
activity/outer3/final/corrected_no_message/s1103,corrected_no_message,1103,norms.0.weight,32,32,0,0.156823068857193,32,32,0.156823068857193
activity/outer3/final/corrected_no_message/s1103,corrected_no_message,1103,norms.0.bias,32,32,0,0.24916401505470276,32,32,0.24916401505470276
activity/outer3/final/corrected_no_message/s1103,corrected_no_message,1103,norms.1.weight,32,32,0,0.16246329247951508,32,32,0.16246329247951508
activity/outer3/final/corrected_no_message/s1103,corrected_no_message,1103,norms.1.bias,32,32,0,0.24902774393558502,32,32,0.24902774393558502
activity/outer3/final/corrected_no_message/s1103,corrected_no_message,1103,message_weights.0,8192,2325,5867,0.3262864649295807,2366,2325,0.3262864649295807
activity/outer3/final/corrected_no_message/s1103,corrected_no_message,1103,message_weights.1,8192,3680,4512,0.34945064783096313,3712,3680,0.34945064783096313
activity/outer3/final/corrected_no_message/s1103,corrected_no_message,1103,readout.0.weight,131584,74579,57005,7.719343662261963,95229,74579,7.719343662261963
activity/outer3/final/corrected_no_message/s1103,corrected_no_message,1103,readout.0.bias,64,49,15,0.2353745549917221,63,49,0.2353745549917221
activity/outer3/final/corrected_no_message/s1103,corrected_no_message,1103,readout.3.weight,64,49,15,1.549999713897705,63,49,1.549999713897705
activity/outer3/final/corrected_no_message/s1103,corrected_no_message,1103,readout.3.bias,1,1,0,0.5439988374710083,1,1,0.5439988374710083
activity/outer3/final/corrected_no_message/s2207,corrected_no_message,2207,embed.weight,2976,1564,1412,0.9691973924636841,1570,1564,0.9691973924636841
activity/outer3/final/corrected_no_message/s2207,corrected_no_message,2207,embed.bias,32,31,1,0.6112808585166931,32,31,0.6112808585166931
activity/outer3/final/corrected_no_message/s2207,corrected_no_message,2207,self_layers.0.weight,1024,747,277,0.2633137106895447,772,747,0.2633137106895447
activity/outer3/final/corrected_no_message/s2207,corrected_no_message,2207,self_layers.0.bias,32,25,7,0.4975718557834625,25,25,0.4975718557834625
activity/outer3/final/corrected_no_message/s2207,corrected_no_message,2207,self_layers.1.weight,1024,1024,0,0.15325495600700378,1024,1024,0.15325495600700378
activity/outer3/final/corrected_no_message/s2207,corrected_no_message,2207,self_layers.1.bias,32,32,0,0.03403665870428085,32,32,0.03403665870428085
activity/outer3/final/corrected_no_message/s2207,corrected_no_message,2207,norms.0.weight,32,32,0,0.04656180739402771,32,32,0.04656180739402771
activity/outer3/final/corrected_no_message/s2207,corrected_no_message,2207,norms.0.bias,32,32,0,0.07398851215839386,32,32,0.07398851215839386
activity/outer3/final/corrected_no_message/s2207,corrected_no_message,2207,norms.1.weight,32,32,0,0.04875241965055466,32,32,0.04875241965055466
activity/outer3/final/corrected_no_message/s2207,corrected_no_message,2207,norms.1.bias,32,32,0,0.07191605120897293,32,32,0.07191605120897293
activity/outer3/final/corrected_no_message/s2207,corrected_no_message,2207,message_weights.0,8192,2545,5647,0.15525875985622406,2613,2545,0.15525875985622406
activity/outer3/final/corrected_no_message/s2207,corrected_no_message,2207,message_weights.1,8192,3776,4416,0.09199947863817215,3840,3776,0.09199947863817215
activity/outer3/final/corrected_no_message/s2207,corrected_no_message,2207,readout.0.weight,131584,64254,67330,2.5266215801239014,89201,64254,2.5266215801239014
activity/outer3/final/corrected_no_message/s2207,corrected_no_message,2207,readout.0.bias,64,42,22,0.07547257095575333,59,42,0.07547257095575333
activity/outer3/final/corrected_no_message/s2207,corrected_no_message,2207,readout.3.weight,64,42,22,0.7311521172523499,59,42,0.7311521172523499
activity/outer3/final/corrected_no_message/s2207,corrected_no_message,2207,readout.3.bias,1,1,0,0.1756533682346344,1,1,0.1756533682346344
activity/outer3/final/corrected_no_message/s3301,corrected_no_message,3301,embed.weight,2976,1567,1409,1.303551435470581,1572,1567,1.303551435470581
activity/outer3/final/corrected_no_message/s3301,corrected_no_message,3301,embed.bias,32,32,0,0.8277223706245422,32,32,0.8277223706245422
activity/outer3/final/corrected_no_message/s3301,corrected_no_message,3301,self_layers.0.weight,1024,804,220,0.3675493896007538,808,804,0.3675493896007538
activity/outer3/final/corrected_no_message/s3301,corrected_no_message,3301,self_layers.0.bias,32,26,6,0.6620566844940186,26,26,0.6620566844940186
activity/outer3/final/corrected_no_message/s3301,corrected_no_message,3301,self_layers.1.weight,1024,1024,0,0.3266371190547943,1024,1024,0.3266371190547943
activity/outer3/final/corrected_no_message/s3301,corrected_no_message,3301,self_layers.1.bias,32,32,0,0.06764223426580429,32,32,0.06764223426580429
activity/outer3/final/corrected_no_message/s3301,corrected_no_message,3301,norms.0.weight,32,32,0,0.08028218150138855,32,32,0.08028218150138855
activity/outer3/final/corrected_no_message/s3301,corrected_no_message,3301,norms.0.bias,32,32,0,0.10871180891990662,32,32,0.10871180891990662
activity/outer3/final/corrected_no_message/s3301,corrected_no_message,3301,norms.1.weight,32,32,0,0.07191044092178345,32,32,0.07191044092178345
activity/outer3/final/corrected_no_message/s3301,corrected_no_message,3301,norms.1.bias,32,32,0,0.1086433008313179,32,32,0.1086433008313179
activity/outer3/final/corrected_no_message/s3301,corrected_no_message,3301,message_weights.0,8192,2772,5420,0.21508407592773438,2756,2772,0.21508407592773438
activity/outer3/final/corrected_no_message/s3301,corrected_no_message,3301,message_weights.1,8192,3712,4480,0.19153615832328796,3680,3712,0.19153615832328796
activity/outer3/final/corrected_no_message/s3301,corrected_no_message,3301,readout.0.weight,131584,68135,63449,4.220141410827637,93434,68135,4.220141410827637
activity/outer3/final/corrected_no_message/s3301,corrected_no_message,3301,readout.0.bias,64,45,19,0.12341979891061783,62,45,0.12341979891061783
activity/outer3/final/corrected_no_message/s3301,corrected_no_message,3301,readout.3.weight,64,45,19,1.019026517868042,62,45,1.019026517868042
activity/outer3/final/corrected_no_message/s3301,corrected_no_message,3301,readout.3.bias,1,1,0,0.3274964690208435,1,1,0.3274964690208435
activity/outer3/final/corrected_no_message/s4409,corrected_no_message,4409,embed.weight,2976,1609,1367,0.45483940839767456,1614,1609,0.45483940839767456
activity/outer3/final/corrected_no_message/s4409,corrected_no_message,4409,embed.bias,32,32,0,0.2286153882741928,32,32,0.2286153882741928
activity/outer3/final/corrected_no_message/s4409,corrected_no_message,4409,self_layers.0.weight,1024,845,179,0.11342718452215195,864,845,0.11342718452215195
activity/outer3/final/corrected_no_message/s4409,corrected_no_message,4409,self_layers.0.bias,32,28,4,0.21750599145889282,29,28,0.21750599145889282
activity/outer3/final/corrected_no_message/s4409,corrected_no_message,4409,self_layers.1.weight,1024,1024,0,0.09296736121177673,1024,1024,0.09296736121177673
activity/outer3/final/corrected_no_message/s4409,corrected_no_message,4409,self_layers.1.bias,32,32,0,0.017761044204235077,32,32,0.017761044204235077
activity/outer3/final/corrected_no_message/s4409,corrected_no_message,4409,norms.0.weight,32,32,0,0.03787088766694069,32,32,0.03787088766694069
activity/outer3/final/corrected_no_message/s4409,corrected_no_message,4409,norms.0.bias,32,32,0,0.030740495771169662,32,32,0.030740495771169662
activity/outer3/final/corrected_no_message/s4409,corrected_no_message,4409,norms.1.weight,32,32,0,0.03785372152924538,32,32,0.03785372152924538
activity/outer3/final/corrected_no_message/s4409,corrected_no_message,4409,norms.1.bias,32,32,0,0.027931613847613335,32,32,0.027931613847613335
activity/outer3/final/corrected_no_message/s4409,corrected_no_message,4409,message_weights.0,8192,2801,5391,0.06774291396141052,2815,2801,0.06774291396141052
activity/outer3/final/corrected_no_message/s4409,corrected_no_message,4409,message_weights.1,8192,3840,4352,0.055937059223651886,3712,3840,0.055937059223651886
activity/outer3/final/corrected_no_message/s4409,corrected_no_message,4409,readout.0.weight,131584,79647,51937,1.6330392360687256,92375,79647,1.6330392360687256
activity/outer3/final/corrected_no_message/s4409,corrected_no_message,4409,readout.0.bias,64,53,11,0.045051027089357376,61,53,0.045051027089357376
activity/outer3/final/corrected_no_message/s4409,corrected_no_message,4409,readout.3.weight,64,53,11,0.5063148140907288,61,53,0.5063148140907288
activity/outer3/final/corrected_no_message/s4409,corrected_no_message,4409,readout.3.bias,1,1,0,0.13011954724788666,1,1,0.13011954724788666
activity/outer3/final/corrected_no_message/s5519,corrected_no_message,5519,embed.weight,2976,1630,1346,0.48227405548095703,1636,1630,0.48227405548095703
activity/outer3/final/corrected_no_message/s5519,corrected_no_message,5519,embed.bias,32,32,0,0.256172239780426,32,32,0.256172239780426
activity/outer3/final/corrected_no_message/s5519,corrected_no_message,5519,self_layers.0.weight,1024,733,291,0.12071244418621063,733,733,0.12071244418621063
activity/outer3/final/corrected_no_message/s5519,corrected_no_message,5519,self_layers.0.bias,32,24,8,0.2535751760005951,24,24,0.2535751760005951
activity/outer3/final/corrected_no_message/s5519,corrected_no_message,5519,self_layers.1.weight,1024,992,32,0.11548468470573425,1024,992,0.11548468470573425
activity/outer3/final/corrected_no_message/s5519,corrected_no_message,5519,self_layers.1.bias,32,31,1,0.023546705022454262,32,31,0.023546705022454262
activity/outer3/final/corrected_no_message/s5519,corrected_no_message,5519,norms.0.weight,32,32,0,0.04252994805574417,32,32,0.04252994805574417
activity/outer3/final/corrected_no_message/s5519,corrected_no_message,5519,norms.0.bias,32,32,0,0.0367552787065506,32,32,0.0367552787065506
activity/outer3/final/corrected_no_message/s5519,corrected_no_message,5519,norms.1.weight,32,32,0,0.03540637344121933,32,32,0.03540637344121933
activity/outer3/final/corrected_no_message/s5519,corrected_no_message,5519,norms.1.bias,32,32,0,0.03140103816986084,32,32,0.03140103816986084
activity/outer3/final/corrected_no_message/s5519,corrected_no_message,5519,message_weights.0,8192,2489,5703,0.07046974450349808,2476,2489,0.07046974450349808
activity/outer3/final/corrected_no_message/s5519,corrected_no_message,5519,message_weights.1,8192,3552,4640,0.06820429861545563,3712,3552,0.06820429861545563
activity/outer3/final/corrected_no_message/s5519,corrected_no_message,5519,readout.0.weight,131584,73296,58288,1.6688823699951172,88238,73296,1.6688823699951172
activity/outer3/final/corrected_no_message/s5519,corrected_no_message,5519,readout.0.bias,64,48,16,0.04518001526594162,58,48,0.04518001526594162
activity/outer3/final/corrected_no_message/s5519,corrected_no_message,5519,readout.3.weight,64,48,16,0.4282950162887573,58,48,0.4282950162887573
activity/outer3/final/corrected_no_message/s5519,corrected_no_message,5519,readout.3.bias,1,1,0,0.11126867681741714,1,1,0.11126867681741714
activity/outer3/final/corrected_no_message/s6637,corrected_no_message,6637,embed.weight,2976,1417,1559,0.4385806620121002,1419,1417,0.4385806620121002
activity/outer3/final/corrected_no_message/s6637,corrected_no_message,6637,embed.bias,32,31,1,0.13931125402450562,31,31,0.13931125402450562
activity/outer3/final/corrected_no_message/s6637,corrected_no_message,6637,self_layers.0.weight,1024,811,213,0.07868258655071259,812,811,0.07868258655071259
activity/outer3/final/corrected_no_message/s6637,corrected_no_message,6637,self_layers.0.bias,32,27,5,0.14576980471611023,27,27,0.14576980471611023
activity/outer3/final/corrected_no_message/s6637,corrected_no_message,6637,self_layers.1.weight,1024,1024,0,0.06168254837393761,1024,1024,0.06168254837393761
activity/outer3/final/corrected_no_message/s6637,corrected_no_message,6637,self_layers.1.bias,32,32,0,0.010506471619009972,32,32,0.010506471619009972
activity/outer3/final/corrected_no_message/s6637,corrected_no_message,6637,norms.0.weight,32,32,0,0.02688160166144371,32,32,0.02688160166144371
activity/outer3/final/corrected_no_message/s6637,corrected_no_message,6637,norms.0.bias,32,32,0,0.016040051355957985,32,32,0.016040051355957985
activity/outer3/final/corrected_no_message/s6637,corrected_no_message,6637,norms.1.weight,32,32,0,0.03015228733420372,32,32,0.03015228733420372
activity/outer3/final/corrected_no_message/s6637,corrected_no_message,6637,norms.1.bias,32,32,0,0.009281780570745468,32,32,0.009281780570745468
activity/outer3/final/corrected_no_message/s6637,corrected_no_message,6637,message_weights.0,8192,2802,5390,0.04721817374229431,2793,2802,0.04721817374229431
activity/outer3/final/corrected_no_message/s6637,corrected_no_message,6637,message_weights.1,8192,3776,4416,0.037949852645397186,3808,3776,0.037949852645397186
activity/outer3/final/corrected_no_message/s6637,corrected_no_message,6637,readout.0.weight,131584,72688,58896,1.0216326713562012,93498,72688,1.0216326713562012
activity/outer3/final/corrected_no_message/s6637,corrected_no_message,6637,readout.0.bias,64,48,16,0.01774607226252556,62,48,0.01774607226252556
activity/outer3/final/corrected_no_message/s6637,corrected_no_message,6637,readout.3.weight,64,48,16,0.24881450831890106,62,48,0.24881450831890106
activity/outer3/final/corrected_no_message/s6637,corrected_no_message,6637,readout.3.bias,1,1,0,0.001269959844648838,1,1,0.001269959844648838
activity/outer3/final/corrected_no_message/s7753,corrected_no_message,7753,embed.weight,2976,1457,1519,0.4759354889392853,1460,1457,0.4759354889392853
activity/outer3/final/corrected_no_message/s7753,corrected_no_message,7753,embed.bias,32,32,0,0.1829146444797516,32,32,0.1829146444797516
activity/outer3/final/corrected_no_message/s7753,corrected_no_message,7753,self_layers.0.weight,1024,844,180,0.09253811091184616,845,844,0.09253811091184616
activity/outer3/final/corrected_no_message/s7753,corrected_no_message,7753,self_layers.0.bias,32,27,5,0.1778130680322647,27,27,0.1778130680322647
activity/outer3/final/corrected_no_message/s7753,corrected_no_message,7753,self_layers.1.weight,1024,1024,0,0.07685496658086777,1024,1024,0.07685496658086777
activity/outer3/final/corrected_no_message/s7753,corrected_no_message,7753,self_layers.1.bias,32,32,0,0.013913149945437908,32,32,0.013913149945437908
activity/outer3/final/corrected_no_message/s7753,corrected_no_message,7753,norms.0.weight,32,32,0,0.026183050125837326,32,32,0.026183050125837326
activity/outer3/final/corrected_no_message/s7753,corrected_no_message,7753,norms.0.bias,32,32,0,0.018768709152936935,32,32,0.018768709152936935
activity/outer3/final/corrected_no_message/s7753,corrected_no_message,7753,norms.1.weight,32,32,0,0.025447141379117966,32,32,0.025447141379117966
activity/outer3/final/corrected_no_message/s7753,corrected_no_message,7753,norms.1.bias,32,32,0,0.011633496731519699,32,32,0.011633496731519699
activity/outer3/final/corrected_no_message/s7753,corrected_no_message,7753,message_weights.0,8192,2970,5222,0.05629734322428703,2939,2970,0.05629734322428703
activity/outer3/final/corrected_no_message/s7753,corrected_no_message,7753,message_weights.1,8192,3744,4448,0.04663780331611633,3744,3744,0.04663780331611633
activity/outer3/final/corrected_no_message/s7753,corrected_no_message,7753,readout.0.weight,131584,72432,59152,1.2975717782974243,94105,72432,1.2975717782974243
activity/outer3/final/corrected_no_message/s7753,corrected_no_message,7753,readout.0.bias,64,48,16,0.02226552553474903,62,48,0.02226552553474903
activity/outer3/final/corrected_no_message/s7753,corrected_no_message,7753,readout.3.weight,64,48,16,0.30344638228416443,62,48,0.30344638228416443
activity/outer3/final/corrected_no_message/s7753,corrected_no_message,7753,readout.3.bias,1,1,0,0.014446219429373741,1,1,0.014446219429373741
activity/outer3/final/corrected_no_message/s8867,corrected_no_message,8867,embed.weight,2976,1639,1337,0.4112021327018738,1645,1639,0.4112021327018738
activity/outer3/final/corrected_no_message/s8867,corrected_no_message,8867,embed.bias,32,32,0,0.19220584630966187,32,32,0.19220584630966187
activity/outer3/final/corrected_no_message/s8867,corrected_no_message,8867,self_layers.0.weight,1024,771,253,0.10146379470825195,772,771,0.10146379470825195
activity/outer3/final/corrected_no_message/s8867,corrected_no_message,8867,self_layers.0.bias,32,25,7,0.14337044954299927,25,25,0.14337044954299927
activity/outer3/final/corrected_no_message/s8867,corrected_no_message,8867,self_layers.1.weight,1024,1024,0,0.06989797204732895,1024,1024,0.06989797204732895
activity/outer3/final/corrected_no_message/s8867,corrected_no_message,8867,self_layers.1.bias,32,32,0,0.011447961442172527,32,32,0.011447961442172527
activity/outer3/final/corrected_no_message/s8867,corrected_no_message,8867,norms.0.weight,32,32,0,0.03165583685040474,32,32,0.03165583685040474
activity/outer3/final/corrected_no_message/s8867,corrected_no_message,8867,norms.0.bias,32,32,0,0.023148933425545692,32,32,0.023148933425545692
activity/outer3/final/corrected_no_message/s8867,corrected_no_message,8867,norms.1.weight,32,32,0,0.03568752482533455,32,32,0.03568752482533455
activity/outer3/final/corrected_no_message/s8867,corrected_no_message,8867,norms.1.bias,32,32,0,0.020985033363103867,32,32,0.020985033363103867
activity/outer3/final/corrected_no_message/s8867,corrected_no_message,8867,message_weights.0,8192,2616,5576,0.060092195868492126,2635,2616,0.060092195868492126
activity/outer3/final/corrected_no_message/s8867,corrected_no_message,8867,message_weights.1,8192,3648,4544,0.042124129831790924,3648,3648,0.042124129831790924
activity/outer3/final/corrected_no_message/s8867,corrected_no_message,8867,readout.0.weight,131584,62587,68997,1.001544713973999,91703,62587,1.001544713973999
activity/outer3/final/corrected_no_message/s8867,corrected_no_message,8867,readout.0.bias,64,41,23,0.025477096438407898,61,41,0.025477096438407898
activity/outer3/final/corrected_no_message/s8867,corrected_no_message,8867,readout.3.weight,64,41,23,0.41737568378448486,61,41,0.41737568378448486
activity/outer3/final/corrected_no_message/s8867,corrected_no_message,8867,readout.3.bias,1,1,0,0.07045041024684906,1,1,0.07045041024684906
activity/outer3/final/corrected_no_message/s9973,corrected_no_message,9973,embed.weight,2976,1605,1371,0.2979089319705963,1606,1605,0.2979089319705963
activity/outer3/final/corrected_no_message/s9973,corrected_no_message,9973,embed.bias,32,32,0,0.12321294844150543,32,32,0.12321294844150543
activity/outer3/final/corrected_no_message/s9973,corrected_no_message,9973,self_layers.0.weight,1024,835,189,0.065666064620018,837,835,0.065666064620018
activity/outer3/final/corrected_no_message/s9973,corrected_no_message,9973,self_layers.0.bias,32,27,5,0.10070496797561646,27,27,0.10070496797561646
activity/outer3/final/corrected_no_message/s9973,corrected_no_message,9973,self_layers.1.weight,1024,1024,0,0.06390497833490372,1024,1024,0.06390497833490372
activity/outer3/final/corrected_no_message/s9973,corrected_no_message,9973,self_layers.1.bias,32,32,0,0.010042408481240273,32,32,0.010042408481240273
activity/outer3/final/corrected_no_message/s9973,corrected_no_message,9973,norms.0.weight,32,32,0,0.018282311037182808,32,32,0.018282311037182808
activity/outer3/final/corrected_no_message/s9973,corrected_no_message,9973,norms.0.bias,32,32,0,0.013222155161201954,32,32,0.013222155161201954
activity/outer3/final/corrected_no_message/s9973,corrected_no_message,9973,norms.1.weight,32,32,0,0.021453857421875,32,32,0.021453857421875
activity/outer3/final/corrected_no_message/s9973,corrected_no_message,9973,norms.1.bias,32,32,0,0.010698574595153332,32,32,0.010698574595153332
activity/outer3/final/corrected_no_message/s9973,corrected_no_message,9973,message_weights.0,8192,2952,5240,0.041587796062231064,2922,2952,0.041587796062231064
activity/outer3/final/corrected_no_message/s9973,corrected_no_message,9973,message_weights.1,8192,3872,4320,0.03975403681397438,3808,3872,0.03975403681397438
activity/outer3/final/corrected_no_message/s9973,corrected_no_message,9973,readout.0.weight,131584,71117,60467,1.0042353868484497,96544,71117,1.0042353868484497
activity/outer3/final/corrected_no_message/s9973,corrected_no_message,9973,readout.0.bias,64,47,17,0.02102206088602543,64,47,0.02102206088602543
activity/outer3/final/corrected_no_message/s9973,corrected_no_message,9973,readout.3.weight,64,47,17,0.28554216027259827,64,47,0.28554216027259827
activity/outer3/final/corrected_no_message/s9973,corrected_no_message,9973,readout.3.bias,1,1,0,0.01876937784254551,1,1,0.01876937784254551
activity/outer3/final/original_gnn/s11027,original_gnn,11027,embed.weight,2976,1553,1423,0.41808611154556274,1561,1553,0.41808611154556274
activity/outer3/final/original_gnn/s11027,original_gnn,11027,embed.bias,32,32,0,0.13575227558612823,32,32,0.13575227558612823
activity/outer3/final/original_gnn/s11027,original_gnn,11027,self_layers.0.weight,1024,691,333,0.07914899289608002,691,691,0.07914899289608002
activity/outer3/final/original_gnn/s11027,original_gnn,11027,self_layers.0.bias,32,22,10,0.11808951199054718,22,22,0.11808951199054718
activity/outer3/final/original_gnn/s11027,original_gnn,11027,self_layers.1.weight,1024,1024,0,0.06961395591497421,1024,1024,0.06961395591497421
activity/outer3/final/original_gnn/s11027,original_gnn,11027,self_layers.1.bias,32,32,0,0.010889288038015366,32,32,0.010889288038015366
activity/outer3/final/original_gnn/s11027,original_gnn,11027,norms.0.weight,32,32,0,0.019887883216142654,32,32,0.019887883216142654
activity/outer3/final/original_gnn/s11027,original_gnn,11027,norms.0.bias,32,32,0,0.013591467402875423,32,32,0.013591467402875423
activity/outer3/final/original_gnn/s11027,original_gnn,11027,norms.1.weight,32,32,0,0.02664046734571457,32,32,0.02664046734571457
activity/outer3/final/original_gnn/s11027,original_gnn,11027,norms.1.bias,32,32,0,0.011121688410639763,32,32,0.011121688410639763
activity/outer3/final/original_gnn/s11027,original_gnn,11027,message_weights.0,8192,2419,5773,0.04470611736178398,2401,2419,0.04470611736178398
activity/outer3/final/original_gnn/s11027,original_gnn,11027,message_weights.1,8192,3776,4416,0.04564763978123665,3776,3776,0.04564763978123665
activity/outer3/final/original_gnn/s11027,original_gnn,11027,readout.0.weight,131584,75641,55943,1.1776535511016846,96832,75641,1.1776535511016846
activity/outer3/final/original_gnn/s11027,original_gnn,11027,readout.0.bias,64,51,13,0.02560526691377163,64,51,0.02560526691377163
activity/outer3/final/original_gnn/s11027,original_gnn,11027,readout.3.weight,64,51,13,0.32638075947761536,64,51,0.32638075947761536
activity/outer3/final/original_gnn/s11027,original_gnn,11027,readout.3.bias,1,1,0,0.05440634861588478,1,1,0.05440634861588478
activity/outer3/final/original_gnn/s1103,original_gnn,1103,embed.weight,2976,1629,1347,2.832961082458496,1628,1629,2.832961082458496
activity/outer3/final/original_gnn/s1103,original_gnn,1103,embed.bias,32,32,0,1.7151613235473633,32,32,1.7151613235473633
activity/outer3/final/original_gnn/s1103,original_gnn,1103,self_layers.0.weight,1024,694,330,0.48523396253585815,719,694,0.48523396253585815
activity/outer3/final/original_gnn/s1103,original_gnn,1103,self_layers.0.bias,32,22,10,0.9270077347755432,23,22,0.9270077347755432
activity/outer3/final/original_gnn/s1103,original_gnn,1103,self_layers.1.weight,1024,1024,0,0.5256773829460144,1024,1024,0.5256773829460144
activity/outer3/final/original_gnn/s1103,original_gnn,1103,self_layers.1.bias,32,32,0,0.11402188986539841,32,32,0.11402188986539841
activity/outer3/final/original_gnn/s1103,original_gnn,1103,norms.0.weight,32,32,0,0.13846056163311005,32,32,0.13846056163311005
activity/outer3/final/original_gnn/s1103,original_gnn,1103,norms.0.bias,32,32,0,0.2255607396364212,32,32,0.2255607396364212
activity/outer3/final/original_gnn/s1103,original_gnn,1103,norms.1.weight,32,32,0,0.1482676863670349,32,32,0.1482676863670349
activity/outer3/final/original_gnn/s1103,original_gnn,1103,norms.1.bias,32,32,0,0.225427508354187,32,32,0.225427508354187
activity/outer3/final/original_gnn/s1103,original_gnn,1103,message_weights.0,8192,2391,5801,0.293981671333313,2452,2391,0.293981671333313
activity/outer3/final/original_gnn/s1103,original_gnn,1103,message_weights.1,8192,3712,4480,0.3012793958187103,3840,3712,0.3012793958187103
activity/outer3/final/original_gnn/s1103,original_gnn,1103,readout.0.weight,131584,75990,55594,6.957211494445801,95101,75990,6.957211494445801
activity/outer3/final/original_gnn/s1103,original_gnn,1103,readout.0.bias,64,50,14,0.21175917983055115,63,50,0.21175917983055115
activity/outer3/final/original_gnn/s1103,original_gnn,1103,readout.3.weight,64,50,14,1.3959951400756836,63,50,1.3959951400756836
activity/outer3/final/original_gnn/s1103,original_gnn,1103,readout.3.bias,1,1,0,0.5004789233207703,1,1,0.5004789233207703
activity/outer3/final/original_gnn/s2207,original_gnn,2207,embed.weight,2976,1565,1411,0.5766966938972473,1570,1565,0.5766966938972473
activity/outer3/final/original_gnn/s2207,original_gnn,2207,embed.bias,32,32,0,0.32608768343925476,32,32,0.32608768343925476
activity/outer3/final/original_gnn/s2207,original_gnn,2207,self_layers.0.weight,1024,759,265,0.12419047951698303,764,759,0.12419047951698303
activity/outer3/final/original_gnn/s2207,original_gnn,2207,self_layers.0.bias,32,25,7,0.21725405752658844,25,25,0.21725405752658844
activity/outer3/final/original_gnn/s2207,original_gnn,2207,self_layers.1.weight,1024,1024,0,0.08259225636720657,1024,1024,0.08259225636720657
activity/outer3/final/original_gnn/s2207,original_gnn,2207,self_layers.1.bias,32,32,0,0.017311086878180504,32,32,0.017311086878180504
activity/outer3/final/original_gnn/s2207,original_gnn,2207,norms.0.weight,32,32,0,0.02451784536242485,32,32,0.02451784536242485
activity/outer3/final/original_gnn/s2207,original_gnn,2207,norms.0.bias,32,32,0,0.03649788722395897,32,32,0.03649788722395897
activity/outer3/final/original_gnn/s2207,original_gnn,2207,norms.1.weight,32,32,0,0.036114756017923355,32,32,0.036114756017923355
activity/outer3/final/original_gnn/s2207,original_gnn,2207,norms.1.bias,32,32,0,0.03312493488192558,32,32,0.03312493488192558
activity/outer3/final/original_gnn/s2207,original_gnn,2207,message_weights.0,8192,2590,5602,0.07127732038497925,2583,2590,0.07127732038497925
activity/outer3/final/original_gnn/s2207,original_gnn,2207,message_weights.1,8192,3872,4320,0.05092039331793785,3840,3872,0.05092039331793785
activity/outer3/final/original_gnn/s2207,original_gnn,2207,readout.0.weight,131584,61176,70408,1.29816734790802,89457,61176,1.29816734790802
activity/outer3/final/original_gnn/s2207,original_gnn,2207,readout.0.bias,64,40,24,0.03593521565198898,59,40,0.03593521565198898
activity/outer3/final/original_gnn/s2207,original_gnn,2207,readout.3.weight,64,40,24,0.5121668577194214,59,40,0.5121668577194214
activity/outer3/final/original_gnn/s2207,original_gnn,2207,readout.3.bias,1,1,0,0.08568407595157623,1,1,0.08568407595157623
activity/outer3/final/original_gnn/s3301,original_gnn,3301,embed.weight,2976,1567,1409,1.4667277336120605,1573,1567,1.4667277336120605
activity/outer3/final/original_gnn/s3301,original_gnn,3301,embed.bias,32,32,0,0.926860511302948,32,32,0.926860511302948
activity/outer3/final/original_gnn/s3301,original_gnn,3301,self_layers.0.weight,1024,831,193,0.4050944745540619,833,831,0.4050944745540619
activity/outer3/final/original_gnn/s3301,original_gnn,3301,self_layers.0.bias,32,27,5,0.7291685342788696,27,27,0.7291685342788696
activity/outer3/final/original_gnn/s3301,original_gnn,3301,self_layers.1.weight,1024,1024,0,0.37875887751579285,1024,1024,0.37875887751579285
activity/outer3/final/original_gnn/s3301,original_gnn,3301,self_layers.1.bias,32,32,0,0.07857544720172882,32,32,0.07857544720172882
activity/outer3/final/original_gnn/s3301,original_gnn,3301,norms.0.weight,32,32,0,0.08292658627033234,32,32,0.08292658627033234
activity/outer3/final/original_gnn/s3301,original_gnn,3301,norms.0.bias,32,32,0,0.12201333045959473,32,32,0.12201333045959473
activity/outer3/final/original_gnn/s3301,original_gnn,3301,norms.1.weight,32,32,0,0.07634495198726654,32,32,0.07634495198726654
activity/outer3/final/original_gnn/s3301,original_gnn,3301,norms.1.bias,32,32,0,0.12029734253883362,32,32,0.12029734253883362
activity/outer3/final/original_gnn/s3301,original_gnn,3301,message_weights.0,8192,2854,5338,0.2517472803592682,2839,2854,0.2517472803592682
activity/outer3/final/original_gnn/s3301,original_gnn,3301,message_weights.1,8192,3680,4512,0.2243414670228958,3680,3680,0.2243414670228958
activity/outer3/final/original_gnn/s3301,original_gnn,3301,readout.0.weight,131584,66276,65308,4.609038352966309,94877,66276,4.609038352966309
activity/outer3/final/original_gnn/s3301,original_gnn,3301,readout.0.bias,64,44,20,0.13483111560344696,63,44,0.13483111560344696
activity/outer3/final/original_gnn/s3301,original_gnn,3301,readout.3.weight,64,44,20,1.085620403289795,63,44,1.085620403289795
activity/outer3/final/original_gnn/s3301,original_gnn,3301,readout.3.bias,1,1,0,0.34731781482696533,1,1,0.34731781482696533
activity/outer3/final/original_gnn/s4409,original_gnn,4409,embed.weight,2976,1610,1366,0.49811214208602905,1614,1610,0.49811214208602905
activity/outer3/final/original_gnn/s4409,original_gnn,4409,embed.bias,32,32,0,0.2613937258720398,32,32,0.2613937258720398
activity/outer3/final/original_gnn/s4409,original_gnn,4409,self_layers.0.weight,1024,843,181,0.12790590524673462,842,843,0.12790590524673462
activity/outer3/final/original_gnn/s4409,original_gnn,4409,self_layers.0.bias,32,27,5,0.25240546464920044,27,27,0.25240546464920044
activity/outer3/final/original_gnn/s4409,original_gnn,4409,self_layers.1.weight,1024,1024,0,0.10212820023298264,1024,1024,0.10212820023298264
activity/outer3/final/original_gnn/s4409,original_gnn,4409,self_layers.1.bias,32,32,0,0.02016281709074974,32,32,0.02016281709074974
activity/outer3/final/original_gnn/s4409,original_gnn,4409,norms.0.weight,32,32,0,0.04097448289394379,32,32,0.04097448289394379
activity/outer3/final/original_gnn/s4409,original_gnn,4409,norms.0.bias,32,32,0,0.03638948127627373,32,32,0.03638948127627373
activity/outer3/final/original_gnn/s4409,original_gnn,4409,norms.1.weight,32,32,0,0.040731947869062424,32,32,0.040731947869062424
activity/outer3/final/original_gnn/s4409,original_gnn,4409,norms.1.bias,32,32,0,0.03424999117851257,32,32,0.03424999117851257
activity/outer3/final/original_gnn/s4409,original_gnn,4409,message_weights.0,8192,2828,5364,0.07899339497089386,2828,2828,0.07899339497089386
activity/outer3/final/original_gnn/s4409,original_gnn,4409,message_weights.1,8192,3808,4384,0.06092771142721176,3680,3808,0.06092771142721176
activity/outer3/final/original_gnn/s4409,original_gnn,4409,readout.0.weight,131584,78300,53284,1.8275543451309204,92631,78300,1.8275543451309204
activity/outer3/final/original_gnn/s4409,original_gnn,4409,readout.0.bias,64,52,12,0.05187220871448517,61,52,0.05187220871448517
activity/outer3/final/original_gnn/s4409,original_gnn,4409,readout.3.weight,64,52,12,0.5391892790794373,61,52,0.5391892790794373
activity/outer3/final/original_gnn/s4409,original_gnn,4409,readout.3.bias,1,1,0,0.1482321321964264,1,1,0.1482321321964264
activity/outer3/final/original_gnn/s5519,original_gnn,5519,embed.weight,2976,1631,1345,0.42611756920814514,1635,1631,0.42611756920814514
activity/outer3/final/original_gnn/s5519,original_gnn,5519,embed.bias,32,32,0,0.20976532995700836,32,32,0.20976532995700836
activity/outer3/final/original_gnn/s5519,original_gnn,5519,self_layers.0.weight,1024,730,294,0.10145936906337738,732,730,0.10145936906337738
activity/outer3/final/original_gnn/s5519,original_gnn,5519,self_layers.0.bias,32,24,8,0.206523597240448,24,24,0.206523597240448
activity/outer3/final/original_gnn/s5519,original_gnn,5519,self_layers.1.weight,1024,992,32,0.1022363007068634,1024,992,0.1022363007068634
activity/outer3/final/original_gnn/s5519,original_gnn,5519,self_layers.1.bias,32,31,1,0.02020074427127838,32,31,0.02020074427127838
activity/outer3/final/original_gnn/s5519,original_gnn,5519,norms.0.weight,32,32,0,0.04063456505537033,32,32,0.04063456505537033
activity/outer3/final/original_gnn/s5519,original_gnn,5519,norms.0.bias,32,32,0,0.029770150780677795,32,32,0.029770150780677795
activity/outer3/final/original_gnn/s5519,original_gnn,5519,norms.1.weight,32,32,0,0.03130323067307472,32,32,0.03130323067307472
activity/outer3/final/original_gnn/s5519,original_gnn,5519,norms.1.bias,32,32,0,0.021856365725398064,32,32,0.021856365725398064
activity/outer3/final/original_gnn/s5519,original_gnn,5519,message_weights.0,8192,2552,5640,0.06117802485823631,2525,2552,0.06117802485823631
activity/outer3/final/original_gnn/s5519,original_gnn,5519,message_weights.1,8192,3584,4608,0.059594783931970596,3712,3584,0.059594783931970596
activity/outer3/final/original_gnn/s5519,original_gnn,5519,readout.0.weight,131584,74803,56781,1.2997164726257324,87019,74803,1.2997164726257324
activity/outer3/final/original_gnn/s5519,original_gnn,5519,readout.0.bias,64,49,15,0.03278226777911186,57,49,0.03278226777911186
activity/outer3/final/original_gnn/s5519,original_gnn,5519,readout.3.weight,64,49,15,0.39510729908943176,57,49,0.39510729908943176
activity/outer3/final/original_gnn/s5519,original_gnn,5519,readout.3.bias,1,1,0,0.07830888032913208,1,1,0.07830888032913208
activity/outer3/final/original_gnn/s6637,original_gnn,6637,embed.weight,2976,1415,1561,0.3775593042373657,1417,1415,0.3775593042373657
activity/outer3/final/original_gnn/s6637,original_gnn,6637,embed.bias,32,31,1,0.09857164323329926,31,31,0.09857164323329926
activity/outer3/final/original_gnn/s6637,original_gnn,6637,self_layers.0.weight,1024,811,213,0.07035791128873825,812,811,0.07035791128873825
activity/outer3/final/original_gnn/s6637,original_gnn,6637,self_layers.0.bias,32,27,5,0.12357404083013535,27,27,0.12357404083013535
activity/outer3/final/original_gnn/s6637,original_gnn,6637,self_layers.1.weight,1024,1024,0,0.05730737745761871,1024,1024,0.05730737745761871
activity/outer3/final/original_gnn/s6637,original_gnn,6637,self_layers.1.bias,32,32,0,0.009861757047474384,32,32,0.009861757047474384
activity/outer3/final/original_gnn/s6637,original_gnn,6637,norms.0.weight,32,32,0,0.022531917318701744,32,32,0.022531917318701744
activity/outer3/final/original_gnn/s6637,original_gnn,6637,norms.0.bias,32,32,0,0.013907155022025108,32,32,0.013907155022025108
activity/outer3/final/original_gnn/s6637,original_gnn,6637,norms.1.weight,32,32,0,0.02750561758875847,32,32,0.02750561758875847
activity/outer3/final/original_gnn/s6637,original_gnn,6637,norms.1.bias,32,32,0,0.008403968065977097,32,32,0.008403968065977097
activity/outer3/final/original_gnn/s6637,original_gnn,6637,message_weights.0,8192,2791,5401,0.04494063928723335,2764,2791,0.04494063928723335
activity/outer3/final/original_gnn/s6637,original_gnn,6637,message_weights.1,8192,3776,4416,0.03662087023258209,3808,3776,0.03662087023258209
activity/outer3/final/original_gnn/s6637,original_gnn,6637,readout.0.weight,131584,65281,66303,0.9609078764915466,93370,65281,0.9609078764915466
activity/outer3/final/original_gnn/s6637,original_gnn,6637,readout.0.bias,64,43,21,0.018087124451994896,62,43,0.018087124451994896
activity/outer3/final/original_gnn/s6637,original_gnn,6637,readout.3.weight,64,43,21,0.24302051961421967,62,43,0.24302051961421967
activity/outer3/final/original_gnn/s6637,original_gnn,6637,readout.3.bias,1,1,0,0.022227749228477478,1,1,0.022227749228477478
activity/outer3/final/original_gnn/s7753,original_gnn,7753,embed.weight,2976,1459,1517,0.5424352884292603,1461,1459,0.5424352884292603
activity/outer3/final/original_gnn/s7753,original_gnn,7753,embed.bias,32,32,0,0.2150256335735321,32,32,0.2150256335735321
activity/outer3/final/original_gnn/s7753,original_gnn,7753,self_layers.0.weight,1024,850,174,0.10237838327884674,843,850,0.10237838327884674
activity/outer3/final/original_gnn/s7753,original_gnn,7753,self_layers.0.bias,32,27,5,0.19339850544929504,27,27,0.19339850544929504
activity/outer3/final/original_gnn/s7753,original_gnn,7753,self_layers.1.weight,1024,1024,0,0.09596244245767593,1024,1024,0.09596244245767593
activity/outer3/final/original_gnn/s7753,original_gnn,7753,self_layers.1.bias,32,32,0,0.01783403381705284,32,32,0.01783403381705284
activity/outer3/final/original_gnn/s7753,original_gnn,7753,norms.0.weight,32,32,0,0.029520273208618164,32,32,0.029520273208618164
activity/outer3/final/original_gnn/s7753,original_gnn,7753,norms.0.bias,32,32,0,0.021160755306482315,32,32,0.021160755306482315
activity/outer3/final/original_gnn/s7753,original_gnn,7753,norms.1.weight,32,32,0,0.030153028666973114,32,32,0.030153028666973114
activity/outer3/final/original_gnn/s7753,original_gnn,7753,norms.1.bias,32,32,0,0.017658237367868423,32,32,0.017658237367868423
activity/outer3/final/original_gnn/s7753,original_gnn,7753,message_weights.0,8192,2970,5222,0.06356513500213623,2918,2970,0.06356513500213623
activity/outer3/final/original_gnn/s7753,original_gnn,7753,message_weights.1,8192,3744,4448,0.06276648491621017,3744,3744,0.06276648491621017
activity/outer3/final/original_gnn/s7753,original_gnn,7753,readout.0.weight,131584,71469,60115,1.5652682781219482,92887,71469,1.5652682781219482
activity/outer3/final/original_gnn/s7753,original_gnn,7753,readout.0.bias,64,47,17,0.03292473405599594,61,47,0.03292473405599594
activity/outer3/final/original_gnn/s7753,original_gnn,7753,readout.3.weight,64,47,17,0.31117066740989685,61,47,0.31117066740989685
activity/outer3/final/original_gnn/s7753,original_gnn,7753,readout.3.bias,1,1,0,0.03203077241778374,1,1,0.03203077241778374
activity/outer3/final/original_gnn/s8867,original_gnn,8867,embed.weight,2976,1639,1337,0.427013635635376,1645,1639,0.427013635635376
activity/outer3/final/original_gnn/s8867,original_gnn,8867,embed.bias,32,32,0,0.20120583474636078,32,32,0.20120583474636078
activity/outer3/final/original_gnn/s8867,original_gnn,8867,self_layers.0.weight,1024,767,257,0.10870185494422913,769,767,0.10870185494422913
activity/outer3/final/original_gnn/s8867,original_gnn,8867,self_layers.0.bias,32,25,7,0.1568945348262787,25,25,0.1568945348262787
activity/outer3/final/original_gnn/s8867,original_gnn,8867,self_layers.1.weight,1024,1024,0,0.0724918320775032,1024,1024,0.0724918320775032
activity/outer3/final/original_gnn/s8867,original_gnn,8867,self_layers.1.bias,32,32,0,0.011335736140608788,32,32,0.011335736140608788
activity/outer3/final/original_gnn/s8867,original_gnn,8867,norms.0.weight,32,32,0,0.032078247517347336,32,32,0.032078247517347336
activity/outer3/final/original_gnn/s8867,original_gnn,8867,norms.0.bias,32,32,0,0.023941311985254288,32,32,0.023941311985254288
activity/outer3/final/original_gnn/s8867,original_gnn,8867,norms.1.weight,32,32,0,0.03583402559161186,32,32,0.03583402559161186
activity/outer3/final/original_gnn/s8867,original_gnn,8867,norms.1.bias,32,32,0,0.021232331171631813,32,32,0.021232331171631813
activity/outer3/final/original_gnn/s8867,original_gnn,8867,message_weights.0,8192,2701,5491,0.06376465409994125,2706,2701,0.06376465409994125
activity/outer3/final/original_gnn/s8867,original_gnn,8867,message_weights.1,8192,3616,4576,0.04074019566178322,3616,3616,0.04074019566178322
activity/outer3/final/original_gnn/s8867,original_gnn,8867,readout.0.weight,131584,63998,67586,1.0255695581436157,90100,63998,1.0255695581436157
activity/outer3/final/original_gnn/s8867,original_gnn,8867,readout.0.bias,64,42,22,0.026193363592028618,60,42,0.026193363592028618
activity/outer3/final/original_gnn/s8867,original_gnn,8867,readout.3.weight,64,42,22,0.40390729904174805,60,42,0.40390729904174805
activity/outer3/final/original_gnn/s8867,original_gnn,8867,readout.3.bias,1,1,0,0.06698522716760635,1,1,0.06698522716760635
activity/outer3/final/original_gnn/s9973,original_gnn,9973,embed.weight,2976,1604,1372,0.285980224609375,1606,1604,0.285980224609375
activity/outer3/final/original_gnn/s9973,original_gnn,9973,embed.bias,32,32,0,0.10395900160074234,32,32,0.10395900160074234
activity/outer3/final/original_gnn/s9973,original_gnn,9973,self_layers.0.weight,1024,842,182,0.05769554153084755,840,842,0.05769554153084755
activity/outer3/final/original_gnn/s9973,original_gnn,9973,self_layers.0.bias,32,27,5,0.09438014030456543,27,27,0.09438014030456543
activity/outer3/final/original_gnn/s9973,original_gnn,9973,self_layers.1.weight,1024,1024,0,0.056730855256319046,1024,1024,0.056730855256319046
activity/outer3/final/original_gnn/s9973,original_gnn,9973,self_layers.1.bias,32,32,0,0.008838309906423092,32,32,0.008838309906423092
activity/outer3/final/original_gnn/s9973,original_gnn,9973,norms.0.weight,32,32,0,0.017240041866898537,32,32,0.017240041866898537
activity/outer3/final/original_gnn/s9973,original_gnn,9973,norms.0.bias,32,32,0,0.012541000731289387,32,32,0.012541000731289387
activity/outer3/final/original_gnn/s9973,original_gnn,9973,norms.1.weight,32,32,0,0.020299863070249557,32,32,0.020299863070249557
activity/outer3/final/original_gnn/s9973,original_gnn,9973,norms.1.bias,32,32,0,0.006996485870331526,32,32,0.006996485870331526
activity/outer3/final/original_gnn/s9973,original_gnn,9973,message_weights.0,8192,3049,5143,0.039193470031023026,3031,3049,0.039193470031023026
activity/outer3/final/original_gnn/s9973,original_gnn,9973,message_weights.1,8192,3840,4352,0.03580774739384651,3840,3840,0.03580774739384651
activity/outer3/final/original_gnn/s9973,original_gnn,9973,readout.0.weight,131584,69418,62166,0.8745206594467163,95357,69418,0.8745206594467163
activity/outer3/final/original_gnn/s9973,original_gnn,9973,readout.0.bias,64,46,18,0.0144956698641181,63,46,0.0144956698641181
activity/outer3/final/original_gnn/s9973,original_gnn,9973,readout.3.weight,64,46,18,0.2940327823162079,63,46,0.2940327823162079
activity/outer3/final/original_gnn/s9973,original_gnn,9973,readout.3.bias,1,1,0,0.010848373174667358,1,1,0.010848373174667358
activity/outer3/final/original_no_message/s11027,original_no_message,11027,embed.weight,2976,1553,1423,0.42926615476608276,1561,1553,0.42926615476608276
activity/outer3/final/original_no_message/s11027,original_no_message,11027,embed.bias,32,32,0,0.16241991519927979,32,32,0.16241991519927979
activity/outer3/final/original_no_message/s11027,original_no_message,11027,self_layers.0.weight,1024,673,351,0.0814911499619484,673,673,0.0814911499619484
activity/outer3/final/original_no_message/s11027,original_no_message,11027,self_layers.0.bias,32,22,10,0.14815549552440643,22,22,0.14815549552440643
activity/outer3/final/original_no_message/s11027,original_no_message,11027,self_layers.1.weight,1024,1024,0,0.070397287607193,1024,1024,0.070397287607193
activity/outer3/final/original_no_message/s11027,original_no_message,11027,self_layers.1.bias,32,32,0,0.011647800914943218,32,32,0.011647800914943218
activity/outer3/final/original_no_message/s11027,original_no_message,11027,norms.0.weight,32,32,0,0.02081645466387272,32,32,0.02081645466387272
activity/outer3/final/original_no_message/s11027,original_no_message,11027,norms.0.bias,32,32,0,0.016870321705937386,32,32,0.016870321705937386
activity/outer3/final/original_no_message/s11027,original_no_message,11027,norms.1.weight,32,32,0,0.0284205824136734,32,32,0.0284205824136734
activity/outer3/final/original_no_message/s11027,original_no_message,11027,norms.1.bias,32,32,0,0.016635701060295105,32,32,0.016635701060295105
activity/outer3/final/original_no_message/s11027,original_no_message,11027,message_weights.0,8192,2357,5835,0.049991365522146225,2342,2357,0.049991365522146225
activity/outer3/final/original_no_message/s11027,original_no_message,11027,message_weights.1,8192,3712,4480,0.044581856578588486,3776,3712,0.044581856578588486
activity/outer3/final/original_no_message/s11027,original_no_message,11027,readout.0.weight,131584,72016,59568,1.3757860660552979,96384,72016,1.3757860660552979
activity/outer3/final/original_no_message/s11027,original_no_message,11027,readout.0.bias,64,48,16,0.03466260805726051,64,48,0.03466260805726051
activity/outer3/final/original_no_message/s11027,original_no_message,11027,readout.3.weight,64,48,16,0.34425702691078186,64,48,0.34425702691078186
activity/outer3/final/original_no_message/s11027,original_no_message,11027,readout.3.bias,1,1,0,0.06540967524051666,1,1,0.06540967524051666
activity/outer3/final/original_no_message/s1103,original_no_message,1103,embed.weight,2976,1630,1346,3.1922526359558105,1629,1630,3.1922526359558105
activity/outer3/final/original_no_message/s1103,original_no_message,1103,embed.bias,32,32,0,1.9306073188781738,32,32,1.9306073188781738
activity/outer3/final/original_no_message/s1103,original_no_message,1103,self_layers.0.weight,1024,686,338,0.5482943654060364,689,686,0.5482943654060364
activity/outer3/final/original_no_message/s1103,original_no_message,1103,self_layers.0.bias,32,22,10,1.0486466884613037,22,22,1.0486466884613037
activity/outer3/final/original_no_message/s1103,original_no_message,1103,self_layers.1.weight,1024,1024,0,0.5961964726448059,1024,1024,0.5961964726448059
activity/outer3/final/original_no_message/s1103,original_no_message,1103,self_layers.1.bias,32,32,0,0.13056865334510803,32,32,0.13056865334510803
activity/outer3/final/original_no_message/s1103,original_no_message,1103,norms.0.weight,32,32,0,0.156823068857193,32,32,0.156823068857193
activity/outer3/final/original_no_message/s1103,original_no_message,1103,norms.0.bias,32,32,0,0.24916401505470276,32,32,0.24916401505470276
activity/outer3/final/original_no_message/s1103,original_no_message,1103,norms.1.weight,32,32,0,0.16246329247951508,32,32,0.16246329247951508
activity/outer3/final/original_no_message/s1103,original_no_message,1103,norms.1.bias,32,32,0,0.24902774393558502,32,32,0.24902774393558502
activity/outer3/final/original_no_message/s1103,original_no_message,1103,message_weights.0,8192,2325,5867,0.3262864649295807,2366,2325,0.3262864649295807
activity/outer3/final/original_no_message/s1103,original_no_message,1103,message_weights.1,8192,3680,4512,0.34945064783096313,3712,3680,0.34945064783096313
activity/outer3/final/original_no_message/s1103,original_no_message,1103,readout.0.weight,131584,74579,57005,7.719343662261963,95229,74579,7.719343662261963
activity/outer3/final/original_no_message/s1103,original_no_message,1103,readout.0.bias,64,49,15,0.2353745549917221,63,49,0.2353745549917221
activity/outer3/final/original_no_message/s1103,original_no_message,1103,readout.3.weight,64,49,15,1.549999713897705,63,49,1.549999713897705
activity/outer3/final/original_no_message/s1103,original_no_message,1103,readout.3.bias,1,1,0,0.5439988374710083,1,1,0.5439988374710083
activity/outer3/final/original_no_message/s2207,original_no_message,2207,embed.weight,2976,1564,1412,0.9691973924636841,1570,1564,0.9691973924636841
activity/outer3/final/original_no_message/s2207,original_no_message,2207,embed.bias,32,31,1,0.6112808585166931,32,31,0.6112808585166931
activity/outer3/final/original_no_message/s2207,original_no_message,2207,self_layers.0.weight,1024,747,277,0.2633137106895447,772,747,0.2633137106895447
activity/outer3/final/original_no_message/s2207,original_no_message,2207,self_layers.0.bias,32,25,7,0.4975718557834625,25,25,0.4975718557834625
activity/outer3/final/original_no_message/s2207,original_no_message,2207,self_layers.1.weight,1024,1024,0,0.15325495600700378,1024,1024,0.15325495600700378
activity/outer3/final/original_no_message/s2207,original_no_message,2207,self_layers.1.bias,32,32,0,0.03403665870428085,32,32,0.03403665870428085
activity/outer3/final/original_no_message/s2207,original_no_message,2207,norms.0.weight,32,32,0,0.04656180739402771,32,32,0.04656180739402771
activity/outer3/final/original_no_message/s2207,original_no_message,2207,norms.0.bias,32,32,0,0.07398851215839386,32,32,0.07398851215839386
activity/outer3/final/original_no_message/s2207,original_no_message,2207,norms.1.weight,32,32,0,0.04875241965055466,32,32,0.04875241965055466
activity/outer3/final/original_no_message/s2207,original_no_message,2207,norms.1.bias,32,32,0,0.07191605120897293,32,32,0.07191605120897293
activity/outer3/final/original_no_message/s2207,original_no_message,2207,message_weights.0,8192,2545,5647,0.15525875985622406,2613,2545,0.15525875985622406
activity/outer3/final/original_no_message/s2207,original_no_message,2207,message_weights.1,8192,3776,4416,0.09199947863817215,3840,3776,0.09199947863817215
activity/outer3/final/original_no_message/s2207,original_no_message,2207,readout.0.weight,131584,64254,67330,2.5266215801239014,89201,64254,2.5266215801239014
activity/outer3/final/original_no_message/s2207,original_no_message,2207,readout.0.bias,64,42,22,0.07547257095575333,59,42,0.07547257095575333
activity/outer3/final/original_no_message/s2207,original_no_message,2207,readout.3.weight,64,42,22,0.7311521172523499,59,42,0.7311521172523499
activity/outer3/final/original_no_message/s2207,original_no_message,2207,readout.3.bias,1,1,0,0.1756533682346344,1,1,0.1756533682346344
activity/outer3/final/original_no_message/s3301,original_no_message,3301,embed.weight,2976,1567,1409,1.303551435470581,1572,1567,1.303551435470581
activity/outer3/final/original_no_message/s3301,original_no_message,3301,embed.bias,32,32,0,0.8277223706245422,32,32,0.8277223706245422
activity/outer3/final/original_no_message/s3301,original_no_message,3301,self_layers.0.weight,1024,804,220,0.3675493896007538,808,804,0.3675493896007538
activity/outer3/final/original_no_message/s3301,original_no_message,3301,self_layers.0.bias,32,26,6,0.6620566844940186,26,26,0.6620566844940186
activity/outer3/final/original_no_message/s3301,original_no_message,3301,self_layers.1.weight,1024,1024,0,0.3266371190547943,1024,1024,0.3266371190547943
activity/outer3/final/original_no_message/s3301,original_no_message,3301,self_layers.1.bias,32,32,0,0.06764223426580429,32,32,0.06764223426580429
activity/outer3/final/original_no_message/s3301,original_no_message,3301,norms.0.weight,32,32,0,0.08028218150138855,32,32,0.08028218150138855
activity/outer3/final/original_no_message/s3301,original_no_message,3301,norms.0.bias,32,32,0,0.10871180891990662,32,32,0.10871180891990662
activity/outer3/final/original_no_message/s3301,original_no_message,3301,norms.1.weight,32,32,0,0.07191044092178345,32,32,0.07191044092178345
activity/outer3/final/original_no_message/s3301,original_no_message,3301,norms.1.bias,32,32,0,0.1086433008313179,32,32,0.1086433008313179
activity/outer3/final/original_no_message/s3301,original_no_message,3301,message_weights.0,8192,2772,5420,0.21508407592773438,2756,2772,0.21508407592773438
activity/outer3/final/original_no_message/s3301,original_no_message,3301,message_weights.1,8192,3712,4480,0.19153615832328796,3680,3712,0.19153615832328796
activity/outer3/final/original_no_message/s3301,original_no_message,3301,readout.0.weight,131584,68135,63449,4.220141410827637,93434,68135,4.220141410827637
activity/outer3/final/original_no_message/s3301,original_no_message,3301,readout.0.bias,64,45,19,0.12341979891061783,62,45,0.12341979891061783
activity/outer3/final/original_no_message/s3301,original_no_message,3301,readout.3.weight,64,45,19,1.019026517868042,62,45,1.019026517868042
activity/outer3/final/original_no_message/s3301,original_no_message,3301,readout.3.bias,1,1,0,0.3274964690208435,1,1,0.3274964690208435
activity/outer3/final/original_no_message/s4409,original_no_message,4409,embed.weight,2976,1609,1367,0.45483940839767456,1614,1609,0.45483940839767456
activity/outer3/final/original_no_message/s4409,original_no_message,4409,embed.bias,32,32,0,0.2286153882741928,32,32,0.2286153882741928
activity/outer3/final/original_no_message/s4409,original_no_message,4409,self_layers.0.weight,1024,845,179,0.11342718452215195,864,845,0.11342718452215195
activity/outer3/final/original_no_message/s4409,original_no_message,4409,self_layers.0.bias,32,28,4,0.21750599145889282,29,28,0.21750599145889282
activity/outer3/final/original_no_message/s4409,original_no_message,4409,self_layers.1.weight,1024,1024,0,0.09296736121177673,1024,1024,0.09296736121177673
activity/outer3/final/original_no_message/s4409,original_no_message,4409,self_layers.1.bias,32,32,0,0.017761044204235077,32,32,0.017761044204235077
activity/outer3/final/original_no_message/s4409,original_no_message,4409,norms.0.weight,32,32,0,0.03787088766694069,32,32,0.03787088766694069
activity/outer3/final/original_no_message/s4409,original_no_message,4409,norms.0.bias,32,32,0,0.030740495771169662,32,32,0.030740495771169662
activity/outer3/final/original_no_message/s4409,original_no_message,4409,norms.1.weight,32,32,0,0.03785372152924538,32,32,0.03785372152924538
activity/outer3/final/original_no_message/s4409,original_no_message,4409,norms.1.bias,32,32,0,0.027931613847613335,32,32,0.027931613847613335
activity/outer3/final/original_no_message/s4409,original_no_message,4409,message_weights.0,8192,2801,5391,0.06774291396141052,2815,2801,0.06774291396141052
activity/outer3/final/original_no_message/s4409,original_no_message,4409,message_weights.1,8192,3840,4352,0.055937059223651886,3712,3840,0.055937059223651886
activity/outer3/final/original_no_message/s4409,original_no_message,4409,readout.0.weight,131584,79647,51937,1.6330392360687256,92375,79647,1.6330392360687256
activity/outer3/final/original_no_message/s4409,original_no_message,4409,readout.0.bias,64,53,11,0.045051027089357376,61,53,0.045051027089357376
activity/outer3/final/original_no_message/s4409,original_no_message,4409,readout.3.weight,64,53,11,0.5063148140907288,61,53,0.5063148140907288
activity/outer3/final/original_no_message/s4409,original_no_message,4409,readout.3.bias,1,1,0,0.13011954724788666,1,1,0.13011954724788666
activity/outer3/final/original_no_message/s5519,original_no_message,5519,embed.weight,2976,1630,1346,0.48227405548095703,1636,1630,0.48227405548095703
activity/outer3/final/original_no_message/s5519,original_no_message,5519,embed.bias,32,32,0,0.256172239780426,32,32,0.256172239780426
activity/outer3/final/original_no_message/s5519,original_no_message,5519,self_layers.0.weight,1024,733,291,0.12071244418621063,733,733,0.12071244418621063
activity/outer3/final/original_no_message/s5519,original_no_message,5519,self_layers.0.bias,32,24,8,0.2535751760005951,24,24,0.2535751760005951
activity/outer3/final/original_no_message/s5519,original_no_message,5519,self_layers.1.weight,1024,992,32,0.11548468470573425,1024,992,0.11548468470573425
activity/outer3/final/original_no_message/s5519,original_no_message,5519,self_layers.1.bias,32,31,1,0.023546705022454262,32,31,0.023546705022454262
activity/outer3/final/original_no_message/s5519,original_no_message,5519,norms.0.weight,32,32,0,0.04252994805574417,32,32,0.04252994805574417
activity/outer3/final/original_no_message/s5519,original_no_message,5519,norms.0.bias,32,32,0,0.0367552787065506,32,32,0.0367552787065506
activity/outer3/final/original_no_message/s5519,original_no_message,5519,norms.1.weight,32,32,0,0.03540637344121933,32,32,0.03540637344121933
activity/outer3/final/original_no_message/s5519,original_no_message,5519,norms.1.bias,32,32,0,0.03140103816986084,32,32,0.03140103816986084
activity/outer3/final/original_no_message/s5519,original_no_message,5519,message_weights.0,8192,2489,5703,0.07046974450349808,2476,2489,0.07046974450349808
activity/outer3/final/original_no_message/s5519,original_no_message,5519,message_weights.1,8192,3552,4640,0.06820429861545563,3712,3552,0.06820429861545563
activity/outer3/final/original_no_message/s5519,original_no_message,5519,readout.0.weight,131584,73296,58288,1.6688823699951172,88238,73296,1.6688823699951172
activity/outer3/final/original_no_message/s5519,original_no_message,5519,readout.0.bias,64,48,16,0.04518001526594162,58,48,0.04518001526594162
activity/outer3/final/original_no_message/s5519,original_no_message,5519,readout.3.weight,64,48,16,0.4282950162887573,58,48,0.4282950162887573
activity/outer3/final/original_no_message/s5519,original_no_message,5519,readout.3.bias,1,1,0,0.11126867681741714,1,1,0.11126867681741714
activity/outer3/final/original_no_message/s6637,original_no_message,6637,embed.weight,2976,1417,1559,0.4385806620121002,1419,1417,0.4385806620121002
activity/outer3/final/original_no_message/s6637,original_no_message,6637,embed.bias,32,31,1,0.13931125402450562,31,31,0.13931125402450562
activity/outer3/final/original_no_message/s6637,original_no_message,6637,self_layers.0.weight,1024,811,213,0.07868258655071259,812,811,0.07868258655071259
activity/outer3/final/original_no_message/s6637,original_no_message,6637,self_layers.0.bias,32,27,5,0.14576980471611023,27,27,0.14576980471611023
activity/outer3/final/original_no_message/s6637,original_no_message,6637,self_layers.1.weight,1024,1024,0,0.06168254837393761,1024,1024,0.06168254837393761
activity/outer3/final/original_no_message/s6637,original_no_message,6637,self_layers.1.bias,32,32,0,0.010506471619009972,32,32,0.010506471619009972
activity/outer3/final/original_no_message/s6637,original_no_message,6637,norms.0.weight,32,32,0,0.02688160166144371,32,32,0.02688160166144371
activity/outer3/final/original_no_message/s6637,original_no_message,6637,norms.0.bias,32,32,0,0.016040051355957985,32,32,0.016040051355957985
activity/outer3/final/original_no_message/s6637,original_no_message,6637,norms.1.weight,32,32,0,0.03015228733420372,32,32,0.03015228733420372
activity/outer3/final/original_no_message/s6637,original_no_message,6637,norms.1.bias,32,32,0,0.009281780570745468,32,32,0.009281780570745468
activity/outer3/final/original_no_message/s6637,original_no_message,6637,message_weights.0,8192,2802,5390,0.04721817374229431,2793,2802,0.04721817374229431
activity/outer3/final/original_no_message/s6637,original_no_message,6637,message_weights.1,8192,3776,4416,0.037949852645397186,3808,3776,0.037949852645397186
activity/outer3/final/original_no_message/s6637,original_no_message,6637,readout.0.weight,131584,72688,58896,1.0216326713562012,93498,72688,1.0216326713562012
activity/outer3/final/original_no_message/s6637,original_no_message,6637,readout.0.bias,64,48,16,0.01774607226252556,62,48,0.01774607226252556
activity/outer3/final/original_no_message/s6637,original_no_message,6637,readout.3.weight,64,48,16,0.24881450831890106,62,48,0.24881450831890106
activity/outer3/final/original_no_message/s6637,original_no_message,6637,readout.3.bias,1,1,0,0.001269959844648838,1,1,0.001269959844648838
activity/outer3/final/original_no_message/s7753,original_no_message,7753,embed.weight,2976,1457,1519,0.4759354889392853,1460,1457,0.4759354889392853
activity/outer3/final/original_no_message/s7753,original_no_message,7753,embed.bias,32,32,0,0.1829146444797516,32,32,0.1829146444797516
activity/outer3/final/original_no_message/s7753,original_no_message,7753,self_layers.0.weight,1024,844,180,0.09253811091184616,845,844,0.09253811091184616
activity/outer3/final/original_no_message/s7753,original_no_message,7753,self_layers.0.bias,32,27,5,0.1778130680322647,27,27,0.1778130680322647
activity/outer3/final/original_no_message/s7753,original_no_message,7753,self_layers.1.weight,1024,1024,0,0.07685496658086777,1024,1024,0.07685496658086777
activity/outer3/final/original_no_message/s7753,original_no_message,7753,self_layers.1.bias,32,32,0,0.013913149945437908,32,32,0.013913149945437908
activity/outer3/final/original_no_message/s7753,original_no_message,7753,norms.0.weight,32,32,0,0.026183050125837326,32,32,0.026183050125837326
activity/outer3/final/original_no_message/s7753,original_no_message,7753,norms.0.bias,32,32,0,0.018768709152936935,32,32,0.018768709152936935
activity/outer3/final/original_no_message/s7753,original_no_message,7753,norms.1.weight,32,32,0,0.025447141379117966,32,32,0.025447141379117966
activity/outer3/final/original_no_message/s7753,original_no_message,7753,norms.1.bias,32,32,0,0.011633496731519699,32,32,0.011633496731519699
activity/outer3/final/original_no_message/s7753,original_no_message,7753,message_weights.0,8192,2970,5222,0.05629734322428703,2939,2970,0.05629734322428703
activity/outer3/final/original_no_message/s7753,original_no_message,7753,message_weights.1,8192,3744,4448,0.04663780331611633,3744,3744,0.04663780331611633
activity/outer3/final/original_no_message/s7753,original_no_message,7753,readout.0.weight,131584,72432,59152,1.2975717782974243,94105,72432,1.2975717782974243
activity/outer3/final/original_no_message/s7753,original_no_message,7753,readout.0.bias,64,48,16,0.02226552553474903,62,48,0.02226552553474903
activity/outer3/final/original_no_message/s7753,original_no_message,7753,readout.3.weight,64,48,16,0.30344638228416443,62,48,0.30344638228416443
activity/outer3/final/original_no_message/s7753,original_no_message,7753,readout.3.bias,1,1,0,0.014446219429373741,1,1,0.014446219429373741
activity/outer3/final/original_no_message/s8867,original_no_message,8867,embed.weight,2976,1639,1337,0.4112021327018738,1645,1639,0.4112021327018738
activity/outer3/final/original_no_message/s8867,original_no_message,8867,embed.bias,32,32,0,0.19220584630966187,32,32,0.19220584630966187
activity/outer3/final/original_no_message/s8867,original_no_message,8867,self_layers.0.weight,1024,771,253,0.10146379470825195,772,771,0.10146379470825195
activity/outer3/final/original_no_message/s8867,original_no_message,8867,self_layers.0.bias,32,25,7,0.14337044954299927,25,25,0.14337044954299927
activity/outer3/final/original_no_message/s8867,original_no_message,8867,self_layers.1.weight,1024,1024,0,0.06989797204732895,1024,1024,0.06989797204732895
activity/outer3/final/original_no_message/s8867,original_no_message,8867,self_layers.1.bias,32,32,0,0.011447961442172527,32,32,0.011447961442172527
activity/outer3/final/original_no_message/s8867,original_no_message,8867,norms.0.weight,32,32,0,0.03165583685040474,32,32,0.03165583685040474
activity/outer3/final/original_no_message/s8867,original_no_message,8867,norms.0.bias,32,32,0,0.023148933425545692,32,32,0.023148933425545692
activity/outer3/final/original_no_message/s8867,original_no_message,8867,norms.1.weight,32,32,0,0.03568752482533455,32,32,0.03568752482533455
activity/outer3/final/original_no_message/s8867,original_no_message,8867,norms.1.bias,32,32,0,0.020985033363103867,32,32,0.020985033363103867
activity/outer3/final/original_no_message/s8867,original_no_message,8867,message_weights.0,8192,2616,5576,0.060092195868492126,2635,2616,0.060092195868492126
activity/outer3/final/original_no_message/s8867,original_no_message,8867,message_weights.1,8192,3648,4544,0.042124129831790924,3648,3648,0.042124129831790924
activity/outer3/final/original_no_message/s8867,original_no_message,8867,readout.0.weight,131584,62587,68997,1.001544713973999,91703,62587,1.001544713973999
activity/outer3/final/original_no_message/s8867,original_no_message,8867,readout.0.bias,64,41,23,0.025477096438407898,61,41,0.025477096438407898
activity/outer3/final/original_no_message/s8867,original_no_message,8867,readout.3.weight,64,41,23,0.41737568378448486,61,41,0.41737568378448486
activity/outer3/final/original_no_message/s8867,original_no_message,8867,readout.3.bias,1,1,0,0.07045041024684906,1,1,0.07045041024684906
activity/outer3/final/original_no_message/s9973,original_no_message,9973,embed.weight,2976,1605,1371,0.2979089319705963,1606,1605,0.2979089319705963
activity/outer3/final/original_no_message/s9973,original_no_message,9973,embed.bias,32,32,0,0.12321294844150543,32,32,0.12321294844150543
activity/outer3/final/original_no_message/s9973,original_no_message,9973,self_layers.0.weight,1024,835,189,0.065666064620018,837,835,0.065666064620018
activity/outer3/final/original_no_message/s9973,original_no_message,9973,self_layers.0.bias,32,27,5,0.10070496797561646,27,27,0.10070496797561646
activity/outer3/final/original_no_message/s9973,original_no_message,9973,self_layers.1.weight,1024,1024,0,0.06390497833490372,1024,1024,0.06390497833490372
activity/outer3/final/original_no_message/s9973,original_no_message,9973,self_layers.1.bias,32,32,0,0.010042408481240273,32,32,0.010042408481240273
activity/outer3/final/original_no_message/s9973,original_no_message,9973,norms.0.weight,32,32,0,0.018282311037182808,32,32,0.018282311037182808
activity/outer3/final/original_no_message/s9973,original_no_message,9973,norms.0.bias,32,32,0,0.013222155161201954,32,32,0.013222155161201954
activity/outer3/final/original_no_message/s9973,original_no_message,9973,norms.1.weight,32,32,0,0.021453857421875,32,32,0.021453857421875
activity/outer3/final/original_no_message/s9973,original_no_message,9973,norms.1.bias,32,32,0,0.010698574595153332,32,32,0.010698574595153332
activity/outer3/final/original_no_message/s9973,original_no_message,9973,message_weights.0,8192,2952,5240,0.041587796062231064,2922,2952,0.041587796062231064
activity/outer3/final/original_no_message/s9973,original_no_message,9973,message_weights.1,8192,3872,4320,0.03975403681397438,3808,3872,0.03975403681397438
activity/outer3/final/original_no_message/s9973,original_no_message,9973,readout.0.weight,131584,71117,60467,1.0042353868484497,96544,71117,1.0042353868484497
activity/outer3/final/original_no_message/s9973,original_no_message,9973,readout.0.bias,64,47,17,0.02102206088602543,64,47,0.02102206088602543
activity/outer3/final/original_no_message/s9973,original_no_message,9973,readout.3.weight,64,47,17,0.28554216027259827,64,47,0.28554216027259827
activity/outer3/final/original_no_message/s9973,original_no_message,9973,readout.3.bias,1,1,0,0.01876937784254551,1,1,0.01876937784254551
activity/outer3/final/token_cnn/s11027,token_cnn,11027,embed.weight,2976,1570,1406,0.15836478769779205,1574,1570,0.15836478769779205
activity/outer3/final/token_cnn/s11027,token_cnn,11027,embed.bias,32,32,0,0.09379898011684418,32,32,0.09379898011684418
activity/outer3/final/token_cnn/s11027,token_cnn,11027,layers.0.weight,3072,2874,198,0.01586129702627659,2852,2874,0.01586129702627659
activity/outer3/final/token_cnn/s11027,token_cnn,11027,layers.0.bias,32,30,2,0.02468975819647312,30,30,0.02468975819647312
activity/outer3/final/token_cnn/s11027,token_cnn,11027,layers.3.weight,3072,1788,1284,0.031103575602173805,1953,1788,0.031103575602173805
activity/outer3/final/token_cnn/s11027,token_cnn,11027,layers.3.bias,32,20,12,0.06702197343111038,23,20,0.06702197343111038
activity/outer3/final/token_cnn/s11027,token_cnn,11027,readout.0.weight,131584,54415,77169,0.2619340121746063,78224,54415,0.2619340121746063
activity/outer3/final/token_cnn/s11027,token_cnn,11027,readout.0.bias,64,39,25,0.06122034415602684,57,39,0.06122034415602684
activity/outer3/final/token_cnn/s11027,token_cnn,11027,readout.3.weight,64,39,25,0.14232654869556427,57,39,0.14232654869556427
activity/outer3/final/token_cnn/s11027,token_cnn,11027,readout.3.bias,1,1,0,0.11201652139425278,1,1,0.11201652139425278
activity/outer3/final/token_cnn/s1103,token_cnn,1103,embed.weight,2976,1679,1297,0.3953394889831543,1678,1679,0.3953394889831543
activity/outer3/final/token_cnn/s1103,token_cnn,1103,embed.bias,32,32,0,0.26555630564689636,32,32,0.26555630564689636
activity/outer3/final/token_cnn/s1103,token_cnn,1103,layers.0.weight,3072,2688,384,0.05705970898270607,2671,2688,0.05705970898270607
activity/outer3/final/token_cnn/s1103,token_cnn,1103,layers.0.bias,32,28,4,0.05914083868265152,28,28,0.05914083868265152
activity/outer3/final/token_cnn/s1103,token_cnn,1103,layers.3.weight,3072,1764,1308,0.09039885550737381,2270,1764,0.09039885550737381
activity/outer3/final/token_cnn/s1103,token_cnn,1103,layers.3.bias,32,21,11,0.1382303237915039,28,21,0.1382303237915039
activity/outer3/final/token_cnn/s1103,token_cnn,1103,readout.0.weight,131584,50616,80968,0.47962430119514465,72568,50616,0.47962430119514465
activity/outer3/final/token_cnn/s1103,token_cnn,1103,readout.0.bias,64,34,30,0.08626507222652435,51,34,0.08626507222652435
activity/outer3/final/token_cnn/s1103,token_cnn,1103,readout.3.weight,64,34,30,0.269469290971756,51,34,0.269469290971756
activity/outer3/final/token_cnn/s1103,token_cnn,1103,readout.3.bias,1,1,0,0.1740042269229889,1,1,0.1740042269229889
activity/outer3/final/token_cnn/s2207,token_cnn,2207,embed.weight,2976,1680,1296,0.9838085174560547,1679,1680,0.9838085174560547
activity/outer3/final/token_cnn/s2207,token_cnn,2207,embed.bias,32,32,0,0.6483436822891235,32,32,0.6483436822891235
activity/outer3/final/token_cnn/s2207,token_cnn,2207,layers.0.weight,3072,2688,384,0.3882027566432953,2780,2688,0.3882027566432953
activity/outer3/final/token_cnn/s2207,token_cnn,2207,layers.0.bias,32,28,4,0.39095303416252136,29,28,0.39095303416252136
activity/outer3/final/token_cnn/s2207,token_cnn,2207,layers.3.weight,3072,2181,891,0.30844423174858093,2477,2181,0.30844423174858093
activity/outer3/final/token_cnn/s2207,token_cnn,2207,layers.3.bias,32,26,6,0.43741393089294434,29,26,0.43741393089294434
activity/outer3/final/token_cnn/s2207,token_cnn,2207,readout.0.weight,131584,42077,89507,0.5159280300140381,80069,42077,0.5159280300140381
activity/outer3/final/token_cnn/s2207,token_cnn,2207,readout.0.bias,64,28,36,0.0902101993560791,56,28,0.0902101993560791
activity/outer3/final/token_cnn/s2207,token_cnn,2207,readout.3.weight,64,28,36,0.5697083473205566,56,28,0.5697083473205566
activity/outer3/final/token_cnn/s2207,token_cnn,2207,readout.3.bias,1,1,0,0.24194417893886566,1,1,0.24194417893886566
activity/outer3/final/token_cnn/s3301,token_cnn,3301,embed.weight,2976,1569,1407,0.276643306016922,1574,1569,0.276643306016922
activity/outer3/final/token_cnn/s3301,token_cnn,3301,embed.bias,32,32,0,0.17886990308761597,32,32,0.17886990308761597
activity/outer3/final/token_cnn/s3301,token_cnn,3301,layers.0.weight,3072,3072,0,0.05477338284254074,3068,3072,0.05477338284254074
activity/outer3/final/token_cnn/s3301,token_cnn,3301,layers.0.bias,32,32,0,0.05958789587020874,32,32,0.05958789587020874
activity/outer3/final/token_cnn/s3301,token_cnn,3301,layers.3.weight,3072,2583,489,0.07867246121168137,2742,2583,0.07867246121168137
activity/outer3/final/token_cnn/s3301,token_cnn,3301,layers.3.bias,32,27,5,0.14947845041751862,29,27,0.14947845041751862
activity/outer3/final/token_cnn/s3301,token_cnn,3301,readout.0.weight,131584,50651,80933,0.85511314868927,73665,50651,0.85511314868927
activity/outer3/final/token_cnn/s3301,token_cnn,3301,readout.0.bias,64,35,29,0.15884394943714142,51,35,0.15884394943714142
activity/outer3/final/token_cnn/s3301,token_cnn,3301,readout.3.weight,64,35,29,0.26450660824775696,51,35,0.26450660824775696
activity/outer3/final/token_cnn/s3301,token_cnn,3301,readout.3.bias,1,1,0,0.31134679913520813,1,1,0.31134679913520813
activity/outer3/final/token_cnn/s4409,token_cnn,4409,embed.weight,2976,1622,1354,0.09063807129859924,1623,1622,0.09063807129859924
activity/outer3/final/token_cnn/s4409,token_cnn,4409,embed.bias,32,32,0,0.04557506740093231,32,32,0.04557506740093231
activity/outer3/final/token_cnn/s4409,token_cnn,4409,layers.0.weight,3072,2976,96,0.008735304698348045,2976,2976,0.008735304698348045
activity/outer3/final/token_cnn/s4409,token_cnn,4409,layers.0.bias,32,31,1,0.006240567192435265,31,31,0.006240567192435265
activity/outer3/final/token_cnn/s4409,token_cnn,4409,layers.3.weight,3072,2133,939,0.013945232145488262,2554,2133,0.013945232145488262
activity/outer3/final/token_cnn/s4409,token_cnn,4409,layers.3.bias,32,23,9,0.01515843067318201,28,23,0.01515843067318201
activity/outer3/final/token_cnn/s4409,token_cnn,4409,readout.0.weight,131584,44003,87581,0.14566229283809662,78926,44003,0.14566229283809662
activity/outer3/final/token_cnn/s4409,token_cnn,4409,readout.0.bias,64,31,33,0.020413842052221298,58,31,0.020413842052221298
activity/outer3/final/token_cnn/s4409,token_cnn,4409,readout.3.weight,64,31,33,0.09814660996198654,58,31,0.09814660996198654
activity/outer3/final/token_cnn/s4409,token_cnn,4409,readout.3.bias,1,1,0,0.05137069523334503,1,1,0.05137069523334503
activity/outer3/final/token_cnn/s5519,token_cnn,5519,embed.weight,2976,1669,1307,0.26248982548713684,1667,1669,0.26248982548713684
activity/outer3/final/token_cnn/s5519,token_cnn,5519,embed.bias,32,32,0,0.1568889617919922,32,32,0.1568889617919922
activity/outer3/final/token_cnn/s5519,token_cnn,5519,layers.0.weight,3072,2976,96,0.030594589188694954,3033,2976,0.030594589188694954
activity/outer3/final/token_cnn/s5519,token_cnn,5519,layers.0.bias,32,31,1,0.03283333778381348,32,31,0.03283333778381348
activity/outer3/final/token_cnn/s5519,token_cnn,5519,layers.3.weight,3072,2232,840,0.05930024012923241,2587,2232,0.05930024012923241
activity/outer3/final/token_cnn/s5519,token_cnn,5519,layers.3.bias,32,24,8,0.08863818645477295,28,24,0.08863818645477295
activity/outer3/final/token_cnn/s5519,token_cnn,5519,readout.0.weight,131584,65893,65691,0.2922040820121765,85987,65893,0.2922040820121765
activity/outer3/final/token_cnn/s5519,token_cnn,5519,readout.0.bias,64,44,20,0.05440506339073181,59,44,0.05440506339073181
activity/outer3/final/token_cnn/s5519,token_cnn,5519,readout.3.weight,64,44,20,0.2587781250476837,59,44,0.2587781250476837
activity/outer3/final/token_cnn/s5519,token_cnn,5519,readout.3.bias,1,1,0,0.10971026122570038,1,1,0.10971026122570038
activity/outer3/final/token_cnn/s6637,token_cnn,6637,embed.weight,2976,1498,1478,0.16581308841705322,1488,1498,0.16581308841705322
activity/outer3/final/token_cnn/s6637,token_cnn,6637,embed.bias,32,31,1,0.07257010787725449,31,31,0.07257010787725449
activity/outer3/final/token_cnn/s6637,token_cnn,6637,layers.0.weight,3072,2604,468,0.015084593556821346,2622,2604,0.015084593556821346
activity/outer3/final/token_cnn/s6637,token_cnn,6637,layers.0.bias,32,28,4,0.008314848877489567,29,28,0.008314848877489567
activity/outer3/final/token_cnn/s6637,token_cnn,6637,layers.3.weight,3072,1764,1308,0.016897371038794518,2138,1764,0.016897371038794518
activity/outer3/final/token_cnn/s6637,token_cnn,6637,layers.3.bias,32,21,11,0.021467939019203186,26,21,0.021467939019203186
activity/outer3/final/token_cnn/s6637,token_cnn,6637,readout.0.weight,131584,48750,82834,0.11989876627922058,75657,48750,0.11989876627922058
activity/outer3/final/token_cnn/s6637,token_cnn,6637,readout.0.bias,64,35,29,0.013367258943617344,57,35,0.013367258943617344
activity/outer3/final/token_cnn/s6637,token_cnn,6637,readout.3.weight,64,35,29,0.17534857988357544,57,35,0.17534857988357544
activity/outer3/final/token_cnn/s6637,token_cnn,6637,readout.3.bias,1,1,0,0.0013795224949717522,1,1,0.0013795224949717522
activity/outer3/final/token_cnn/s7753,token_cnn,7753,embed.weight,2976,1548,1428,0.2896544337272644,1549,1548,0.2896544337272644
activity/outer3/final/token_cnn/s7753,token_cnn,7753,embed.bias,32,32,0,0.14423348009586334,32,32,0.14423348009586334
activity/outer3/final/token_cnn/s7753,token_cnn,7753,layers.0.weight,3072,2682,390,0.06903702765703201,2832,2682,0.06903702765703201
activity/outer3/final/token_cnn/s7753,token_cnn,7753,layers.0.bias,32,28,4,0.06834816187620163,30,28,0.06834816187620163
activity/outer3/final/token_cnn/s7753,token_cnn,7753,layers.3.weight,3072,2180,892,0.07825858145952225,2463,2180,0.07825858145952225
activity/outer3/final/token_cnn/s7753,token_cnn,7753,layers.3.bias,32,26,6,0.09081925451755524,28,26,0.09081925451755524
activity/outer3/final/token_cnn/s7753,token_cnn,7753,readout.0.weight,131584,48228,83356,0.14721617102622986,74297,48228,0.14721617102622986
activity/outer3/final/token_cnn/s7753,token_cnn,7753,readout.0.bias,64,32,32,0.011816308833658695,54,32,0.011816308833658695
activity/outer3/final/token_cnn/s7753,token_cnn,7753,readout.3.weight,64,32,32,0.3097854256629944,54,32,0.3097854256629944
activity/outer3/final/token_cnn/s7753,token_cnn,7753,readout.3.bias,1,1,0,0.0275716632604599,1,1,0.0275716632604599
activity/outer3/final/token_cnn/s8867,token_cnn,8867,embed.weight,2976,1691,1285,0.38029491901397705,1691,1691,0.38029491901397705
activity/outer3/final/token_cnn/s8867,token_cnn,8867,embed.bias,32,32,0,0.2504989206790924,32,32,0.2504989206790924
activity/outer3/final/token_cnn/s8867,token_cnn,8867,layers.0.weight,3072,3072,0,0.115048348903656,3070,3072,0.115048348903656
activity/outer3/final/token_cnn/s8867,token_cnn,8867,layers.0.bias,32,32,0,0.09656474739313126,32,32,0.09656474739313126
activity/outer3/final/token_cnn/s8867,token_cnn,8867,layers.3.weight,3072,2394,678,0.1530551016330719,2813,2394,0.1530551016330719
activity/outer3/final/token_cnn/s8867,token_cnn,8867,layers.3.bias,32,25,7,0.18640172481536865,30,25,0.18640172481536865
activity/outer3/final/token_cnn/s8867,token_cnn,8867,readout.0.weight,131584,33705,97879,0.6653882265090942,76429,33705,0.6653882265090942
activity/outer3/final/token_cnn/s8867,token_cnn,8867,readout.0.bias,64,22,42,0.10573918372392654,52,22,0.10573918372392654
activity/outer3/final/token_cnn/s8867,token_cnn,8867,readout.3.weight,64,22,42,0.29256245493888855,52,22,0.29256245493888855
activity/outer3/final/token_cnn/s8867,token_cnn,8867,readout.3.bias,1,1,0,0.27517032623291016,1,1,0.27517032623291016
activity/outer3/final/token_cnn/s9973,token_cnn,9973,embed.weight,2976,1608,1368,0.11569381505250931,1617,1608,0.11569381505250931
activity/outer3/final/token_cnn/s9973,token_cnn,9973,embed.bias,32,32,0,0.03775900974869728,32,32,0.03775900974869728
activity/outer3/final/token_cnn/s9973,token_cnn,9973,layers.0.weight,3072,2976,96,0.018999334424734116,2938,2976,0.018999334424734116
activity/outer3/final/token_cnn/s9973,token_cnn,9973,layers.0.bias,32,31,1,0.010212582536041737,31,31,0.010212582536041737
activity/outer3/final/token_cnn/s9973,token_cnn,9973,layers.3.weight,3072,2304,768,0.018241142854094505,2440,2304,0.018241142854094505
activity/outer3/final/token_cnn/s9973,token_cnn,9973,layers.3.bias,32,25,7,0.025834055617451668,27,25,0.025834055617451668
activity/outer3/final/token_cnn/s9973,token_cnn,9973,readout.0.weight,131584,41208,90376,0.25951218605041504,71626,41208,0.25951218605041504
activity/outer3/final/token_cnn/s9973,token_cnn,9973,readout.0.bias,64,29,35,0.028003806248307228,52,29,0.028003806248307228
activity/outer3/final/token_cnn/s9973,token_cnn,9973,readout.3.weight,64,29,35,0.10746846348047256,52,29,0.10746846348047256
activity/outer3/final/token_cnn/s9973,token_cnn,9973,readout.3.bias,1,1,0,0.06267598271369934,1,1,0.06267598271369934
activity/outer4/final/corrected_gnn/s11027,corrected_gnn,11027,embed.weight,2976,1572,1404,0.6364898681640625,2976,1572,0.6364898681640625
activity/outer4/final/corrected_gnn/s11027,corrected_gnn,11027,embed.bias,32,32,0,0.3479105532169342,32,32,0.3479105532169342
activity/outer4/final/corrected_gnn/s11027,corrected_gnn,11027,self_layers.0.weight,1024,693,331,0.09097415208816528,1024,693,0.09097415208816528
activity/outer4/final/corrected_gnn/s11027,corrected_gnn,11027,self_layers.0.bias,32,22,10,0.19823747873306274,32,22,0.19823747873306274
activity/outer4/final/corrected_gnn/s11027,corrected_gnn,11027,self_layers.1.weight,1024,1024,0,0.06730763614177704,1024,1024,0.06730763614177704
activity/outer4/final/corrected_gnn/s11027,corrected_gnn,11027,self_layers.1.bias,32,32,0,0.01563454419374466,32,32,0.01563454419374466
activity/outer4/final/corrected_gnn/s11027,corrected_gnn,11027,norms.0.weight,32,32,0,0.02215604856610298,32,32,0.02215604856610298
activity/outer4/final/corrected_gnn/s11027,corrected_gnn,11027,norms.0.bias,32,32,0,0.03336746245622635,32,32,0.03336746245622635
activity/outer4/final/corrected_gnn/s11027,corrected_gnn,11027,norms.1.weight,32,32,0,0.025271719321608543,32,32,0.025271719321608543
activity/outer4/final/corrected_gnn/s11027,corrected_gnn,11027,norms.1.bias,32,32,0,0.029745901003479958,32,32,0.029745901003479958
activity/outer4/final/corrected_gnn/s11027,corrected_gnn,11027,message_weights.0,8192,2463,5729,0.05458800867199898,8192,2463,0.05458800867199898
activity/outer4/final/corrected_gnn/s11027,corrected_gnn,11027,message_weights.1,8192,3680,4512,0.03897403925657272,8192,3680,0.03897403925657272
activity/outer4/final/corrected_gnn/s11027,corrected_gnn,11027,readout.0.weight,131584,61016,70568,0.592549741268158,131584,61016,0.592549741268158
activity/outer4/final/corrected_gnn/s11027,corrected_gnn,11027,readout.0.bias,64,40,24,0.017418287694454193,64,40,0.017418287694454193
activity/outer4/final/corrected_gnn/s11027,corrected_gnn,11027,readout.3.weight,64,40,24,0.20084694027900696,64,40,0.20084694027900696
activity/outer4/final/corrected_gnn/s11027,corrected_gnn,11027,readout.3.bias,1,1,0,0.04097064584493637,1,1,0.04097064584493637
activity/outer4/final/corrected_gnn/s1103,corrected_gnn,1103,embed.weight,2976,1637,1339,3.4994571208953857,2976,1637,3.4994571208953857
activity/outer4/final/corrected_gnn/s1103,corrected_gnn,1103,embed.bias,32,32,0,1.909852385520935,32,32,1.909852385520935
activity/outer4/final/corrected_gnn/s1103,corrected_gnn,1103,self_layers.0.weight,1024,687,337,0.4805089235305786,1024,687,0.4805089235305786
activity/outer4/final/corrected_gnn/s1103,corrected_gnn,1103,self_layers.0.bias,32,22,10,0.9630659818649292,32,22,0.9630659818649292
activity/outer4/final/corrected_gnn/s1103,corrected_gnn,1103,self_layers.1.weight,1024,1024,0,0.3725104033946991,1024,1024,0.3725104033946991
activity/outer4/final/corrected_gnn/s1103,corrected_gnn,1103,self_layers.1.bias,32,32,0,0.08235751837491989,32,32,0.08235751837491989
activity/outer4/final/corrected_gnn/s1103,corrected_gnn,1103,norms.0.weight,32,32,0,0.1089114248752594,32,32,0.1089114248752594
activity/outer4/final/corrected_gnn/s1103,corrected_gnn,1103,norms.0.bias,32,32,0,0.20717072486877441,32,32,0.20717072486877441
activity/outer4/final/corrected_gnn/s1103,corrected_gnn,1103,norms.1.weight,32,32,0,0.09141188114881516,32,32,0.09141188114881516
activity/outer4/final/corrected_gnn/s1103,corrected_gnn,1103,norms.1.bias,32,32,0,0.20184360444545746,32,32,0.20184360444545746
activity/outer4/final/corrected_gnn/s1103,corrected_gnn,1103,message_weights.0,8192,2384,5808,0.2876260280609131,8192,2384,0.2876260280609131
activity/outer4/final/corrected_gnn/s1103,corrected_gnn,1103,message_weights.1,8192,3840,4352,0.2148093730211258,8192,3840,0.2148093730211258
activity/outer4/final/corrected_gnn/s1103,corrected_gnn,1103,readout.0.weight,131584,58965,72619,2.654755115509033,131584,58965,2.654755115509033
activity/outer4/final/corrected_gnn/s1103,corrected_gnn,1103,readout.0.bias,64,39,25,0.0880967527627945,64,39,0.0880967527627945
activity/outer4/final/corrected_gnn/s1103,corrected_gnn,1103,readout.3.weight,64,39,25,0.5375209450721741,64,39,0.5375209450721741
activity/outer4/final/corrected_gnn/s1103,corrected_gnn,1103,readout.3.bias,1,1,0,0.238417387008667,1,1,0.238417387008667
activity/outer4/final/corrected_gnn/s2207,corrected_gnn,2207,embed.weight,2976,1595,1381,1.8426897525787354,2976,1595,1.8426897525787354
activity/outer4/final/corrected_gnn/s2207,corrected_gnn,2207,embed.bias,32,31,1,0.9944321513175964,32,31,0.9944321513175964
activity/outer4/final/corrected_gnn/s2207,corrected_gnn,2207,self_layers.0.weight,1024,769,255,0.22292666137218475,1024,769,0.22292666137218475
activity/outer4/final/corrected_gnn/s2207,corrected_gnn,2207,self_layers.0.bias,32,25,7,0.44062596559524536,32,25,0.44062596559524536
activity/outer4/final/corrected_gnn/s2207,corrected_gnn,2207,self_layers.1.weight,1024,1024,0,0.15456779301166534,1024,1024,0.15456779301166534
activity/outer4/final/corrected_gnn/s2207,corrected_gnn,2207,self_layers.1.bias,32,32,0,0.03248443454504013,32,32,0.03248443454504013
activity/outer4/final/corrected_gnn/s2207,corrected_gnn,2207,norms.0.weight,32,32,0,0.04674458131194115,32,32,0.04674458131194115
activity/outer4/final/corrected_gnn/s2207,corrected_gnn,2207,norms.0.bias,32,32,0,0.09036874026060104,32,32,0.09036874026060104
activity/outer4/final/corrected_gnn/s2207,corrected_gnn,2207,norms.1.weight,32,32,0,0.054075732827186584,32,32,0.054075732827186584
activity/outer4/final/corrected_gnn/s2207,corrected_gnn,2207,norms.1.bias,32,32,0,0.08308811485767365,32,32,0.08308811485767365
activity/outer4/final/corrected_gnn/s2207,corrected_gnn,2207,message_weights.0,8192,2651,5541,0.13126152753829956,8192,2651,0.13126152753829956
activity/outer4/final/corrected_gnn/s2207,corrected_gnn,2207,message_weights.1,8192,3840,4352,0.09160995483398438,8192,3840,0.09160995483398438
activity/outer4/final/corrected_gnn/s2207,corrected_gnn,2207,readout.0.weight,131584,53289,78295,1.1700053215026855,131584,53289,1.1700053215026855
activity/outer4/final/corrected_gnn/s2207,corrected_gnn,2207,readout.0.bias,64,35,29,0.036485012620687485,64,35,0.036485012620687485
activity/outer4/final/corrected_gnn/s2207,corrected_gnn,2207,readout.3.weight,64,35,29,0.33834272623062134,64,35,0.33834272623062134
activity/outer4/final/corrected_gnn/s2207,corrected_gnn,2207,readout.3.bias,1,1,0,0.09040160477161407,1,1,0.09040160477161407
activity/outer4/final/corrected_gnn/s3301,corrected_gnn,3301,embed.weight,2976,1637,1339,2.8881428241729736,2976,1637,2.8881428241729736
activity/outer4/final/corrected_gnn/s3301,corrected_gnn,3301,embed.bias,32,32,0,1.5804190635681152,32,32,1.5804190635681152
activity/outer4/final/corrected_gnn/s3301,corrected_gnn,3301,self_layers.0.weight,1024,797,227,0.47964000701904297,1024,797,0.47964000701904297
activity/outer4/final/corrected_gnn/s3301,corrected_gnn,3301,self_layers.0.bias,32,25,7,0.8343586921691895,32,25,0.8343586921691895
activity/outer4/final/corrected_gnn/s3301,corrected_gnn,3301,self_layers.1.weight,1024,1024,0,0.34768468141555786,1024,1024,0.34768468141555786
activity/outer4/final/corrected_gnn/s3301,corrected_gnn,3301,self_layers.1.bias,32,32,0,0.08017279952764511,32,32,0.08017279952764511
activity/outer4/final/corrected_gnn/s3301,corrected_gnn,3301,norms.0.weight,32,32,0,0.0973539873957634,32,32,0.0973539873957634
activity/outer4/final/corrected_gnn/s3301,corrected_gnn,3301,norms.0.bias,32,32,0,0.16923534870147705,32,32,0.16923534870147705
activity/outer4/final/corrected_gnn/s3301,corrected_gnn,3301,norms.1.weight,32,32,0,0.09013692289590836,32,32,0.09013692289590836
activity/outer4/final/corrected_gnn/s3301,corrected_gnn,3301,norms.1.bias,32,32,0,0.1848795861005783,32,32,0.1848795861005783
activity/outer4/final/corrected_gnn/s3301,corrected_gnn,3301,message_weights.0,8192,2867,5325,0.307556688785553,8192,2867,0.307556688785553
activity/outer4/final/corrected_gnn/s3301,corrected_gnn,3301,message_weights.1,8192,3680,4512,0.20513108372688293,8192,3680,0.20513108372688293
activity/outer4/final/corrected_gnn/s3301,corrected_gnn,3301,readout.0.weight,131584,60824,70760,2.058206558227539,131584,60824,2.058206558227539
activity/outer4/final/corrected_gnn/s3301,corrected_gnn,3301,readout.0.bias,64,40,24,0.06733927130699158,64,40,0.06733927130699158
activity/outer4/final/corrected_gnn/s3301,corrected_gnn,3301,readout.3.weight,64,40,24,0.42205771803855896,64,40,0.42205771803855896
activity/outer4/final/corrected_gnn/s3301,corrected_gnn,3301,readout.3.bias,1,1,0,0.17533446848392487,1,1,0.17533446848392487
activity/outer4/final/corrected_gnn/s4409,corrected_gnn,4409,embed.weight,2976,1641,1335,7.771430969238281,2976,1641,7.771430969238281
activity/outer4/final/corrected_gnn/s4409,corrected_gnn,4409,embed.bias,32,32,0,4.076167106628418,32,32,4.076167106628418
activity/outer4/final/corrected_gnn/s4409,corrected_gnn,4409,self_layers.0.weight,1024,830,194,0.8378090262413025,1024,830,0.8378090262413025
activity/outer4/final/corrected_gnn/s4409,corrected_gnn,4409,self_layers.0.bias,32,26,6,1.7019567489624023,32,26,1.7019567489624023
activity/outer4/final/corrected_gnn/s4409,corrected_gnn,4409,self_layers.1.weight,1024,1024,0,0.6248473525047302,1024,1024,0.6248473525047302
activity/outer4/final/corrected_gnn/s4409,corrected_gnn,4409,self_layers.1.bias,32,32,0,0.12909701466560364,32,32,0.12909701466560364
activity/outer4/final/corrected_gnn/s4409,corrected_gnn,4409,norms.0.weight,32,32,0,0.2053336352109909,32,32,0.2053336352109909
activity/outer4/final/corrected_gnn/s4409,corrected_gnn,4409,norms.0.bias,32,32,0,0.35580208897590637,32,32,0.35580208897590637
activity/outer4/final/corrected_gnn/s4409,corrected_gnn,4409,norms.1.weight,32,32,0,0.17368824779987335,32,32,0.17368824779987335
activity/outer4/final/corrected_gnn/s4409,corrected_gnn,4409,norms.1.bias,32,32,0,0.3526388704776764,32,32,0.3526388704776764
activity/outer4/final/corrected_gnn/s4409,corrected_gnn,4409,message_weights.0,8192,2818,5374,0.5489633679389954,8192,2818,0.5489633679389954
activity/outer4/final/corrected_gnn/s4409,corrected_gnn,4409,message_weights.1,8192,3744,4448,0.37884002923965454,8192,3744,0.37884002923965454
activity/outer4/final/corrected_gnn/s4409,corrected_gnn,4409,readout.0.weight,131584,57778,73806,4.651063919067383,131584,57778,4.651063919067383
activity/outer4/final/corrected_gnn/s4409,corrected_gnn,4409,readout.0.bias,64,38,26,0.14747795462608337,64,38,0.14747795462608337
activity/outer4/final/corrected_gnn/s4409,corrected_gnn,4409,readout.3.weight,64,38,26,0.9945030808448792,64,38,0.9945030808448792
activity/outer4/final/corrected_gnn/s4409,corrected_gnn,4409,readout.3.bias,1,1,0,0.3958241641521454,1,1,0.3958241641521454
activity/outer4/final/corrected_gnn/s5519,corrected_gnn,5519,embed.weight,2976,1666,1310,1.3450020551681519,2976,1666,1.3450020551681519
activity/outer4/final/corrected_gnn/s5519,corrected_gnn,5519,embed.bias,32,32,0,0.6601585149765015,32,32,0.6601585149765015
activity/outer4/final/corrected_gnn/s5519,corrected_gnn,5519,self_layers.0.weight,1024,792,232,0.145259290933609,1024,792,0.145259290933609
activity/outer4/final/corrected_gnn/s5519,corrected_gnn,5519,self_layers.0.bias,32,25,7,0.25885123014450073,32,25,0.25885123014450073
activity/outer4/final/corrected_gnn/s5519,corrected_gnn,5519,self_layers.1.weight,1024,1024,0,0.14261318743228912,1024,1024,0.14261318743228912
activity/outer4/final/corrected_gnn/s5519,corrected_gnn,5519,self_layers.1.bias,32,32,0,0.031871017068624496,32,32,0.031871017068624496
activity/outer4/final/corrected_gnn/s5519,corrected_gnn,5519,norms.0.weight,32,32,0,0.045238859951496124,32,32,0.045238859951496124
activity/outer4/final/corrected_gnn/s5519,corrected_gnn,5519,norms.0.bias,32,32,0,0.05921252444386482,32,32,0.05921252444386482
activity/outer4/final/corrected_gnn/s5519,corrected_gnn,5519,norms.1.weight,32,32,0,0.05122606083750725,32,32,0.05122606083750725
activity/outer4/final/corrected_gnn/s5519,corrected_gnn,5519,norms.1.bias,32,32,0,0.06059766560792923,32,32,0.06059766560792923
activity/outer4/final/corrected_gnn/s5519,corrected_gnn,5519,message_weights.0,8192,2652,5540,0.08927907049655914,8192,2652,0.08927907049655914
activity/outer4/final/corrected_gnn/s5519,corrected_gnn,5519,message_weights.1,8192,3584,4608,0.08386377990245819,8192,3584,0.08386377990245819
activity/outer4/final/corrected_gnn/s5519,corrected_gnn,5519,readout.0.weight,131584,73104,58480,1.1407954692840576,131584,73104,1.1407954692840576
activity/outer4/final/corrected_gnn/s5519,corrected_gnn,5519,readout.0.bias,64,48,16,0.03524933382868767,64,48,0.03524933382868767
activity/outer4/final/corrected_gnn/s5519,corrected_gnn,5519,readout.3.weight,64,48,16,0.28017938137054443,64,48,0.28017938137054443
activity/outer4/final/corrected_gnn/s5519,corrected_gnn,5519,readout.3.bias,1,1,0,0.07789681851863861,1,1,0.07789681851863861
activity/outer4/final/corrected_gnn/s6637,corrected_gnn,6637,embed.weight,2976,1512,1464,0.5207468867301941,2976,1512,0.5207468867301941
activity/outer4/final/corrected_gnn/s6637,corrected_gnn,6637,embed.bias,32,31,1,0.29187995195388794,32,31,0.29187995195388794
activity/outer4/final/corrected_gnn/s6637,corrected_gnn,6637,self_layers.0.weight,1024,863,161,0.04161259904503822,1024,863,0.04161259904503822
activity/outer4/final/corrected_gnn/s6637,corrected_gnn,6637,self_layers.0.bias,32,28,4,0.09502921998500824,32,28,0.09502921998500824
activity/outer4/final/corrected_gnn/s6637,corrected_gnn,6637,self_layers.1.weight,1024,1024,0,0.04461635649204254,1024,1024,0.04461635649204254
activity/outer4/final/corrected_gnn/s6637,corrected_gnn,6637,self_layers.1.bias,32,32,0,0.010467144660651684,32,32,0.010467144660651684
activity/outer4/final/corrected_gnn/s6637,corrected_gnn,6637,norms.0.weight,32,32,0,0.021727966144680977,32,32,0.021727966144680977
activity/outer4/final/corrected_gnn/s6637,corrected_gnn,6637,norms.0.bias,32,32,0,0.027403928339481354,32,32,0.027403928339481354
activity/outer4/final/corrected_gnn/s6637,corrected_gnn,6637,norms.1.weight,32,32,0,0.016046971082687378,32,32,0.016046971082687378
activity/outer4/final/corrected_gnn/s6637,corrected_gnn,6637,norms.1.bias,32,32,0,0.022268956527113914,32,32,0.022268956527113914
activity/outer4/final/corrected_gnn/s6637,corrected_gnn,6637,message_weights.0,8192,2822,5370,0.028184467926621437,8192,2822,0.028184467926621437
activity/outer4/final/corrected_gnn/s6637,corrected_gnn,6637,message_weights.1,8192,3712,4480,0.024646973237395287,8192,3712,0.024646973237395287
activity/outer4/final/corrected_gnn/s6637,corrected_gnn,6637,readout.0.weight,131584,53868,77716,0.38596633076667786,131584,53868,0.38596633076667786
activity/outer4/final/corrected_gnn/s6637,corrected_gnn,6637,readout.0.bias,64,36,28,0.011976445093750954,64,36,0.011976445093750954
activity/outer4/final/corrected_gnn/s6637,corrected_gnn,6637,readout.3.weight,64,36,28,0.05659825727343559,64,36,0.05659825727343559
activity/outer4/final/corrected_gnn/s6637,corrected_gnn,6637,readout.3.bias,1,1,0,0.02494300901889801,1,1,0.02494300901889801
activity/outer4/final/corrected_gnn/s7753,corrected_gnn,7753,embed.weight,2976,1554,1422,1.473008394241333,2976,1554,1.473008394241333
activity/outer4/final/corrected_gnn/s7753,corrected_gnn,7753,embed.bias,32,32,0,0.783164381980896,32,32,0.783164381980896
activity/outer4/final/corrected_gnn/s7753,corrected_gnn,7753,self_layers.0.weight,1024,828,196,0.20332202315330505,1024,828,0.20332202315330505
activity/outer4/final/corrected_gnn/s7753,corrected_gnn,7753,self_layers.0.bias,32,26,6,0.5066378116607666,32,26,0.5066378116607666
activity/outer4/final/corrected_gnn/s7753,corrected_gnn,7753,self_layers.1.weight,1024,1024,0,0.09877025336027145,1024,1024,0.09877025336027145
activity/outer4/final/corrected_gnn/s7753,corrected_gnn,7753,self_layers.1.bias,32,32,0,0.022286279127001762,32,32,0.022286279127001762
activity/outer4/final/corrected_gnn/s7753,corrected_gnn,7753,norms.0.weight,32,32,0,0.03722813352942467,32,32,0.03722813352942467
activity/outer4/final/corrected_gnn/s7753,corrected_gnn,7753,norms.0.bias,32,32,0,0.06398745626211166,32,32,0.06398745626211166
activity/outer4/final/corrected_gnn/s7753,corrected_gnn,7753,norms.1.weight,32,32,0,0.04092824086546898,32,32,0.04092824086546898
activity/outer4/final/corrected_gnn/s7753,corrected_gnn,7753,norms.1.bias,32,32,0,0.06083356961607933,32,32,0.06083356961607933
activity/outer4/final/corrected_gnn/s7753,corrected_gnn,7753,message_weights.0,8192,2851,5341,0.12772849202156067,8192,2851,0.12772849202156067
activity/outer4/final/corrected_gnn/s7753,corrected_gnn,7753,message_weights.1,8192,3616,4576,0.06238529086112976,8192,3616,0.06238529086112976
activity/outer4/final/corrected_gnn/s7753,corrected_gnn,7753,readout.0.weight,131584,70029,61555,1.2330806255340576,131584,70029,1.2330806255340576
activity/outer4/final/corrected_gnn/s7753,corrected_gnn,7753,readout.0.bias,64,47,17,0.04078109934926033,64,47,0.04078109934926033
activity/outer4/final/corrected_gnn/s7753,corrected_gnn,7753,readout.3.weight,64,47,17,0.2185819149017334,64,47,0.2185819149017334
activity/outer4/final/corrected_gnn/s7753,corrected_gnn,7753,readout.3.bias,1,1,0,0.06378036737442017,1,1,0.06378036737442017
activity/outer4/final/corrected_gnn/s8867,corrected_gnn,8867,embed.weight,2976,1658,1318,6.400539398193359,2976,1658,6.400539398193359
activity/outer4/final/corrected_gnn/s8867,corrected_gnn,8867,embed.bias,32,32,0,3.4938201904296875,32,32,3.4938201904296875
activity/outer4/final/corrected_gnn/s8867,corrected_gnn,8867,self_layers.0.weight,1024,767,257,1.348400592803955,1024,767,1.348400592803955
activity/outer4/final/corrected_gnn/s8867,corrected_gnn,8867,self_layers.0.bias,32,24,8,2.0508313179016113,32,24,2.0508313179016113
activity/outer4/final/corrected_gnn/s8867,corrected_gnn,8867,self_layers.1.weight,1024,1024,0,0.804659366607666,1024,1024,0.804659366607666
activity/outer4/final/corrected_gnn/s8867,corrected_gnn,8867,self_layers.1.bias,32,32,0,0.1755964756011963,32,32,0.1755964756011963
activity/outer4/final/corrected_gnn/s8867,corrected_gnn,8867,norms.0.weight,32,32,0,0.21300935745239258,32,32,0.21300935745239258
activity/outer4/final/corrected_gnn/s8867,corrected_gnn,8867,norms.0.bias,32,32,0,0.38611167669296265,32,32,0.38611167669296265
activity/outer4/final/corrected_gnn/s8867,corrected_gnn,8867,norms.1.weight,32,32,0,0.17108911275863647,32,32,0.17108911275863647
activity/outer4/final/corrected_gnn/s8867,corrected_gnn,8867,norms.1.bias,32,32,0,0.39339524507522583,32,32,0.39339524507522583
activity/outer4/final/corrected_gnn/s8867,corrected_gnn,8867,message_weights.0,8192,2651,5541,0.8629193902015686,8192,2651,0.8629193902015686
activity/outer4/final/corrected_gnn/s8867,corrected_gnn,8867,message_weights.1,8192,3712,4480,0.5008627772331238,8192,3712,0.5008627772331238
activity/outer4/final/corrected_gnn/s8867,corrected_gnn,8867,readout.0.weight,131584,58418,73166,5.526824951171875,131584,58418,5.526824951171875
activity/outer4/final/corrected_gnn/s8867,corrected_gnn,8867,readout.0.bias,64,38,26,0.16782577335834503,64,38,0.16782577335834503
activity/outer4/final/corrected_gnn/s8867,corrected_gnn,8867,readout.3.weight,64,38,26,1.9305901527404785,64,38,1.9305901527404785
activity/outer4/final/corrected_gnn/s8867,corrected_gnn,8867,readout.3.bias,1,1,0,0.43198469281196594,1,1,0.43198469281196594
activity/outer4/final/corrected_gnn/s9973,corrected_gnn,9973,embed.weight,2976,1627,1349,4.942159652709961,2976,1627,4.942159652709961
activity/outer4/final/corrected_gnn/s9973,corrected_gnn,9973,embed.bias,32,32,0,2.692917585372925,32,32,2.692917585372925
activity/outer4/final/corrected_gnn/s9973,corrected_gnn,9973,self_layers.0.weight,1024,827,197,0.7179520130157471,1024,827,0.7179520130157471
activity/outer4/final/corrected_gnn/s9973,corrected_gnn,9973,self_layers.0.bias,32,26,6,1.1555752754211426,32,26,1.1555752754211426
activity/outer4/final/corrected_gnn/s9973,corrected_gnn,9973,self_layers.1.weight,1024,1024,0,0.6132628917694092,1024,1024,0.6132628917694092
activity/outer4/final/corrected_gnn/s9973,corrected_gnn,9973,self_layers.1.bias,32,32,0,0.12286513298749924,32,32,0.12286513298749924
activity/outer4/final/corrected_gnn/s9973,corrected_gnn,9973,norms.0.weight,32,32,0,0.18354532122612,32,32,0.18354532122612
activity/outer4/final/corrected_gnn/s9973,corrected_gnn,9973,norms.0.bias,32,32,0,0.2735511064529419,32,32,0.2735511064529419
activity/outer4/final/corrected_gnn/s9973,corrected_gnn,9973,norms.1.weight,32,32,0,0.12057840824127197,32,32,0.12057840824127197
activity/outer4/final/corrected_gnn/s9973,corrected_gnn,9973,norms.1.bias,32,32,0,0.24611103534698486,32,32,0.24611103534698486
activity/outer4/final/corrected_gnn/s9973,corrected_gnn,9973,message_weights.0,8192,3020,5172,0.48167601227760315,8192,3020,0.48167601227760315
activity/outer4/final/corrected_gnn/s9973,corrected_gnn,9973,message_weights.1,8192,3808,4384,0.36245614290237427,8192,3808,0.36245614290237427
activity/outer4/final/corrected_gnn/s9973,corrected_gnn,9973,readout.0.weight,131584,48704,82880,3.6706345081329346,131584,48704,3.6706345081329346
activity/outer4/final/corrected_gnn/s9973,corrected_gnn,9973,readout.0.bias,64,32,32,0.11052609980106354,64,32,0.11052609980106354
activity/outer4/final/corrected_gnn/s9973,corrected_gnn,9973,readout.3.weight,64,32,32,0.9947635531425476,64,32,0.9947635531425476
activity/outer4/final/corrected_gnn/s9973,corrected_gnn,9973,readout.3.bias,1,1,0,0.32826778292655945,1,1,0.32826778292655945
activity/outer4/final/corrected_no_message/s11027,corrected_no_message,11027,embed.weight,2976,1581,1395,2.245521306991577,1651,1581,2.245521306991577
activity/outer4/final/corrected_no_message/s11027,corrected_no_message,11027,embed.bias,32,32,0,1.241542100906372,32,32,1.241542100906372
activity/outer4/final/corrected_no_message/s11027,corrected_no_message,11027,self_layers.0.weight,1024,669,355,0.1942165642976761,698,669,0.1942165642976761
activity/outer4/final/corrected_no_message/s11027,corrected_no_message,11027,self_layers.0.bias,32,21,11,0.4082493484020233,22,21,0.4082493484020233
activity/outer4/final/corrected_no_message/s11027,corrected_no_message,11027,self_layers.1.weight,1024,1024,0,0.16756004095077515,1024,1024,0.16756004095077515
activity/outer4/final/corrected_no_message/s11027,corrected_no_message,11027,self_layers.1.bias,32,32,0,0.04062700644135475,32,32,0.04062700644135475
activity/outer4/final/corrected_no_message/s11027,corrected_no_message,11027,norms.0.weight,32,32,0,0.06851992756128311,32,32,0.06851992756128311
activity/outer4/final/corrected_no_message/s11027,corrected_no_message,11027,norms.0.bias,32,32,0,0.11152146756649017,32,32,0.11152146756649017
activity/outer4/final/corrected_no_message/s11027,corrected_no_message,11027,norms.1.weight,32,32,0,0.05998333543539047,32,32,0.05998333543539047
activity/outer4/final/corrected_no_message/s11027,corrected_no_message,11027,norms.1.bias,32,32,0,0.11219616234302521,32,32,0.11219616234302521
activity/outer4/final/corrected_no_message/s11027,corrected_no_message,11027,message_weights.0,8192,2357,5835,0.11644209176301956,2506,2357,0.11644209176301956
activity/outer4/final/corrected_no_message/s11027,corrected_no_message,11027,message_weights.1,8192,3712,4480,0.10084809362888336,3968,3712,0.10084809362888336
activity/outer4/final/corrected_no_message/s11027,corrected_no_message,11027,readout.0.weight,131584,70605,60979,1.2280328273773193,97216,70605,1.2280328273773193
activity/outer4/final/corrected_no_message/s11027,corrected_no_message,11027,readout.0.bias,64,47,17,0.039979543536901474,64,47,0.039979543536901474
activity/outer4/final/corrected_no_message/s11027,corrected_no_message,11027,readout.3.weight,64,47,17,0.2257554680109024,64,47,0.2257554680109024
activity/outer4/final/corrected_no_message/s11027,corrected_no_message,11027,readout.3.bias,1,1,0,0.10199465602636337,1,1,0.10199465602636337
activity/outer4/final/corrected_no_message/s1103,corrected_no_message,1103,embed.weight,2976,1641,1335,1.2436820268630981,1683,1641,1.2436820268630981
activity/outer4/final/corrected_no_message/s1103,corrected_no_message,1103,embed.bias,32,32,0,0.6797553896903992,32,32,0.6797553896903992
activity/outer4/final/corrected_no_message/s1103,corrected_no_message,1103,self_layers.0.weight,1024,634,390,0.16361095011234283,710,634,0.16361095011234283
activity/outer4/final/corrected_no_message/s1103,corrected_no_message,1103,self_layers.0.bias,32,20,12,0.32802391052246094,23,20,0.32802391052246094
activity/outer4/final/corrected_no_message/s1103,corrected_no_message,1103,self_layers.1.weight,1024,1024,0,0.14140422642230988,1024,1024,0.14140422642230988
activity/outer4/final/corrected_no_message/s1103,corrected_no_message,1103,self_layers.1.bias,32,32,0,0.03321235626935959,32,32,0.03321235626935959
activity/outer4/final/corrected_no_message/s1103,corrected_no_message,1103,norms.0.weight,32,32,0,0.04526348039507866,32,32,0.04526348039507866
activity/outer4/final/corrected_no_message/s1103,corrected_no_message,1103,norms.0.bias,32,32,0,0.07664600014686584,32,32,0.07664600014686584
activity/outer4/final/corrected_no_message/s1103,corrected_no_message,1103,norms.1.weight,32,32,0,0.04247012361884117,32,32,0.04247012361884117
activity/outer4/final/corrected_no_message/s1103,corrected_no_message,1103,norms.1.bias,32,32,0,0.07582489401102066,32,32,0.07582489401102066
activity/outer4/final/corrected_no_message/s1103,corrected_no_message,1103,message_weights.0,8192,2237,5955,0.10589765757322311,2522,2237,0.10589765757322311
activity/outer4/final/corrected_no_message/s1103,corrected_no_message,1103,message_weights.1,8192,3712,4480,0.08484819531440735,4000,3712,0.08484819531440735
activity/outer4/final/corrected_no_message/s1103,corrected_no_message,1103,readout.0.weight,131584,63518,68066,1.0750679969787598,96704,63518,1.0750679969787598
activity/outer4/final/corrected_no_message/s1103,corrected_no_message,1103,readout.0.bias,64,42,22,0.03612177446484566,64,42,0.03612177446484566
activity/outer4/final/corrected_no_message/s1103,corrected_no_message,1103,readout.3.weight,64,42,22,0.2509573996067047,64,42,0.2509573996067047
activity/outer4/final/corrected_no_message/s1103,corrected_no_message,1103,readout.3.bias,1,1,0,0.09279932081699371,1,1,0.09279932081699371
activity/outer4/final/corrected_no_message/s2207,corrected_no_message,2207,embed.weight,2976,1589,1387,3.968590259552002,1650,1589,3.968590259552002
activity/outer4/final/corrected_no_message/s2207,corrected_no_message,2207,embed.bias,32,31,1,2.095452308654785,32,31,2.095452308654785
activity/outer4/final/corrected_no_message/s2207,corrected_no_message,2207,self_layers.0.weight,1024,741,283,0.3820819556713104,789,741,0.3820819556713104
activity/outer4/final/corrected_no_message/s2207,corrected_no_message,2207,self_layers.0.bias,32,24,8,0.7358358502388,25,24,0.7358358502388
activity/outer4/final/corrected_no_message/s2207,corrected_no_message,2207,self_layers.1.weight,1024,1024,0,0.3088048994541168,1024,1024,0.3088048994541168
activity/outer4/final/corrected_no_message/s2207,corrected_no_message,2207,self_layers.1.bias,32,32,0,0.06423481553792953,32,32,0.06423481553792953
activity/outer4/final/corrected_no_message/s2207,corrected_no_message,2207,norms.0.weight,32,32,0,0.10551013052463531,32,32,0.10551013052463531
activity/outer4/final/corrected_no_message/s2207,corrected_no_message,2207,norms.0.bias,32,32,0,0.20499388873577118,32,32,0.20499388873577118
activity/outer4/final/corrected_no_message/s2207,corrected_no_message,2207,norms.1.weight,32,32,0,0.10623634606599808,32,32,0.10623634606599808
activity/outer4/final/corrected_no_message/s2207,corrected_no_message,2207,norms.1.bias,32,32,0,0.2046527862548828,32,32,0.2046527862548828
activity/outer4/final/corrected_no_message/s2207,corrected_no_message,2207,message_weights.0,8192,2523,5669,0.23078098893165588,2755,2523,0.23078098893165588
activity/outer4/final/corrected_no_message/s2207,corrected_no_message,2207,message_weights.1,8192,3744,4448,0.1889687329530716,3968,3744,0.1889687329530716
activity/outer4/final/corrected_no_message/s2207,corrected_no_message,2207,readout.0.weight,131584,61851,69733,2.409621000289917,96576,61851,2.409621000289917
activity/outer4/final/corrected_no_message/s2207,corrected_no_message,2207,readout.0.bias,64,41,23,0.07827705889940262,64,41,0.07827705889940262
activity/outer4/final/corrected_no_message/s2207,corrected_no_message,2207,readout.3.weight,64,41,23,0.4872894287109375,64,41,0.4872894287109375
activity/outer4/final/corrected_no_message/s2207,corrected_no_message,2207,readout.3.bias,1,1,0,0.21303632855415344,1,1,0.21303632855415344
activity/outer4/final/corrected_no_message/s3301,corrected_no_message,3301,embed.weight,2976,1639,1337,1.4865134954452515,1685,1639,1.4865134954452515
activity/outer4/final/corrected_no_message/s3301,corrected_no_message,3301,embed.bias,32,32,0,0.7708227634429932,32,32,0.7708227634429932
activity/outer4/final/corrected_no_message/s3301,corrected_no_message,3301,self_layers.0.weight,1024,831,193,0.14958123862743378,869,831,0.14958123862743378
activity/outer4/final/corrected_no_message/s3301,corrected_no_message,3301,self_layers.0.bias,32,26,6,0.23695482313632965,28,26,0.23695482313632965
activity/outer4/final/corrected_no_message/s3301,corrected_no_message,3301,self_layers.1.weight,1024,1024,0,0.16609962284564972,1024,1024,0.16609962284564972
activity/outer4/final/corrected_no_message/s3301,corrected_no_message,3301,self_layers.1.bias,32,32,0,0.03741712123155594,32,32,0.03741712123155594
activity/outer4/final/corrected_no_message/s3301,corrected_no_message,3301,norms.0.weight,32,32,0,0.055320557206869125,32,32,0.055320557206869125
activity/outer4/final/corrected_no_message/s3301,corrected_no_message,3301,norms.0.bias,32,32,0,0.08961590379476547,32,32,0.08961590379476547
activity/outer4/final/corrected_no_message/s3301,corrected_no_message,3301,norms.1.weight,32,32,0,0.057958271354436874,32,32,0.057958271354436874
activity/outer4/final/corrected_no_message/s3301,corrected_no_message,3301,norms.1.bias,32,32,0,0.10560940951108932,32,32,0.10560940951108932
activity/outer4/final/corrected_no_message/s3301,corrected_no_message,3301,message_weights.0,8192,2878,5314,0.09253664314746857,3074,2878,0.09253664314746857
activity/outer4/final/corrected_no_message/s3301,corrected_no_message,3301,message_weights.1,8192,3648,4544,0.0987849086523056,4064,3648,0.0987849086523056
activity/outer4/final/corrected_no_message/s3301,corrected_no_message,3301,readout.0.weight,131584,60792,70792,1.2312471866607666,96608,60792,1.2312471866607666
activity/outer4/final/corrected_no_message/s3301,corrected_no_message,3301,readout.0.bias,64,40,24,0.03923552483320236,64,40,0.03923552483320236
activity/outer4/final/corrected_no_message/s3301,corrected_no_message,3301,readout.3.weight,64,40,24,0.2198472023010254,64,40,0.2198472023010254
activity/outer4/final/corrected_no_message/s3301,corrected_no_message,3301,readout.3.bias,1,1,0,0.09209106862545013,1,1,0.09209106862545013
activity/outer4/final/corrected_no_message/s4409,corrected_no_message,4409,embed.weight,2976,1624,1352,2.0568478107452393,1669,1624,2.0568478107452393
activity/outer4/final/corrected_no_message/s4409,corrected_no_message,4409,embed.bias,32,32,0,1.1151056289672852,32,32,1.1151056289672852
activity/outer4/final/corrected_no_message/s4409,corrected_no_message,4409,self_layers.0.weight,1024,794,230,0.251201331615448,884,794,0.251201331615448
activity/outer4/final/corrected_no_message/s4409,corrected_no_message,4409,self_layers.0.bias,32,26,6,0.5078264474868774,29,26,0.5078264474868774
activity/outer4/final/corrected_no_message/s4409,corrected_no_message,4409,self_layers.1.weight,1024,1024,0,0.16377811133861542,1024,1024,0.16377811133861542
activity/outer4/final/corrected_no_message/s4409,corrected_no_message,4409,self_layers.1.bias,32,32,0,0.03617006912827492,32,32,0.03617006912827492
activity/outer4/final/corrected_no_message/s4409,corrected_no_message,4409,norms.0.weight,32,32,0,0.05676223337650299,32,32,0.05676223337650299
activity/outer4/final/corrected_no_message/s4409,corrected_no_message,4409,norms.0.bias,32,32,0,0.1008777990937233,32,32,0.1008777990937233
activity/outer4/final/corrected_no_message/s4409,corrected_no_message,4409,norms.1.weight,32,32,0,0.049225788563489914,32,32,0.049225788563489914
activity/outer4/final/corrected_no_message/s4409,corrected_no_message,4409,norms.1.bias,32,32,0,0.0948605015873909,32,32,0.0948605015873909
activity/outer4/final/corrected_no_message/s4409,corrected_no_message,4409,message_weights.0,8192,2721,5471,0.15262426435947418,2992,2721,0.15262426435947418
activity/outer4/final/corrected_no_message/s4409,corrected_no_message,4409,message_weights.1,8192,3840,4352,0.10061822086572647,4000,3840,0.10061822086572647
activity/outer4/final/corrected_no_message/s4409,corrected_no_message,4409,readout.0.weight,131584,58354,73230,1.314206600189209,96576,58354,1.314206600189209
activity/outer4/final/corrected_no_message/s4409,corrected_no_message,4409,readout.0.bias,64,38,26,0.04248276352882385,64,38,0.04248276352882385
activity/outer4/final/corrected_no_message/s4409,corrected_no_message,4409,readout.3.weight,64,38,26,0.36210915446281433,64,38,0.36210915446281433
activity/outer4/final/corrected_no_message/s4409,corrected_no_message,4409,readout.3.bias,1,1,0,0.11651962250471115,1,1,0.11651962250471115
activity/outer4/final/corrected_no_message/s5519,corrected_no_message,5519,embed.weight,2976,1653,1323,1.4380601644515991,1715,1653,1.4380601644515991
activity/outer4/final/corrected_no_message/s5519,corrected_no_message,5519,embed.bias,32,32,0,0.7196481227874756,32,32,0.7196481227874756
activity/outer4/final/corrected_no_message/s5519,corrected_no_message,5519,self_layers.0.weight,1024,753,271,0.08238713443279266,873,753,0.08238713443279266
activity/outer4/final/corrected_no_message/s5519,corrected_no_message,5519,self_layers.0.bias,32,24,8,0.13002942502498627,30,24,0.13002942502498627
activity/outer4/final/corrected_no_message/s5519,corrected_no_message,5519,self_layers.1.weight,1024,1024,0,0.10760542750358582,1024,1024,0.10760542750358582
activity/outer4/final/corrected_no_message/s5519,corrected_no_message,5519,self_layers.1.bias,32,32,0,0.02363770827651024,32,32,0.02363770827651024
activity/outer4/final/corrected_no_message/s5519,corrected_no_message,5519,norms.0.weight,32,32,0,0.04548932611942291,32,32,0.04548932611942291
activity/outer4/final/corrected_no_message/s5519,corrected_no_message,5519,norms.0.bias,32,32,0,0.06103986129164696,32,32,0.06103986129164696
activity/outer4/final/corrected_no_message/s5519,corrected_no_message,5519,norms.1.weight,32,32,0,0.05243778973817825,32,32,0.05243778973817825
activity/outer4/final/corrected_no_message/s5519,corrected_no_message,5519,norms.1.bias,32,32,0,0.06177541986107826,32,32,0.06177541986107826
activity/outer4/final/corrected_no_message/s5519,corrected_no_message,5519,message_weights.0,8192,2522,5670,0.05331684648990631,2935,2522,0.05331684648990631
activity/outer4/final/corrected_no_message/s5519,corrected_no_message,5519,message_weights.1,8192,3520,4672,0.0665128231048584,4000,3520,0.0665128231048584
activity/outer4/final/corrected_no_message/s5519,corrected_no_message,5519,readout.0.weight,131584,69834,61750,1.0770397186279297,97312,69834,1.0770397186279297
activity/outer4/final/corrected_no_message/s5519,corrected_no_message,5519,readout.0.bias,64,46,18,0.034689076244831085,64,46,0.034689076244831085
activity/outer4/final/corrected_no_message/s5519,corrected_no_message,5519,readout.3.weight,64,46,18,0.25781846046447754,64,46,0.25781846046447754
activity/outer4/final/corrected_no_message/s5519,corrected_no_message,5519,readout.3.bias,1,1,0,0.09211558103561401,1,1,0.09211558103561401
activity/outer4/final/corrected_no_message/s6637,corrected_no_message,6637,embed.weight,2976,1515,1461,3.795102119445801,1606,1515,3.795102119445801
activity/outer4/final/corrected_no_message/s6637,corrected_no_message,6637,embed.bias,32,31,1,2.071666955947876,31,31,2.071666955947876
activity/outer4/final/corrected_no_message/s6637,corrected_no_message,6637,self_layers.0.weight,1024,829,195,0.30212631821632385,864,829,0.30212631821632385
activity/outer4/final/corrected_no_message/s6637,corrected_no_message,6637,self_layers.0.bias,32,27,5,0.7686237692832947,28,27,0.7686237692832947
activity/outer4/final/corrected_no_message/s6637,corrected_no_message,6637,self_layers.1.weight,1024,1024,0,0.24204815924167633,1024,1024,0.24204815924167633
activity/outer4/final/corrected_no_message/s6637,corrected_no_message,6637,self_layers.1.bias,32,32,0,0.05049864947795868,32,32,0.05049864947795868
activity/outer4/final/corrected_no_message/s6637,corrected_no_message,6637,norms.0.weight,32,32,0,0.10070891678333282,32,32,0.10070891678333282
activity/outer4/final/corrected_no_message/s6637,corrected_no_message,6637,norms.0.bias,32,32,0,0.18811024725437164,32,32,0.18811024725437164
activity/outer4/final/corrected_no_message/s6637,corrected_no_message,6637,norms.1.weight,32,32,0,0.10968272387981415,32,32,0.10968272387981415
activity/outer4/final/corrected_no_message/s6637,corrected_no_message,6637,norms.1.bias,32,32,0,0.20095418393611908,32,32,0.20095418393611908
activity/outer4/final/corrected_no_message/s6637,corrected_no_message,6637,message_weights.0,8192,2764,5428,0.18204647302627563,3038,2764,0.18204647302627563
activity/outer4/final/corrected_no_message/s6637,corrected_no_message,6637,message_weights.1,8192,3648,4544,0.14734987914562225,4000,3648,0.14734987914562225
activity/outer4/final/corrected_no_message/s6637,corrected_no_message,6637,readout.0.weight,131584,58997,72587,2.245011568069458,96544,58997,2.245011568069458
activity/outer4/final/corrected_no_message/s6637,corrected_no_message,6637,readout.0.bias,64,39,25,0.07253842055797577,64,39,0.07253842055797577
activity/outer4/final/corrected_no_message/s6637,corrected_no_message,6637,readout.3.weight,64,39,25,0.3523576855659485,64,39,0.3523576855659485
activity/outer4/final/corrected_no_message/s6637,corrected_no_message,6637,readout.3.bias,1,1,0,0.177726611495018,1,1,0.177726611495018
activity/outer4/final/corrected_no_message/s7753,corrected_no_message,7753,embed.weight,2976,1541,1435,1.7765843868255615,1618,1541,1.7765843868255615
activity/outer4/final/corrected_no_message/s7753,corrected_no_message,7753,embed.bias,32,31,1,0.8336005806922913,32,31,0.8336005806922913
activity/outer4/final/corrected_no_message/s7753,corrected_no_message,7753,self_layers.0.weight,1024,802,222,0.23324890434741974,855,802,0.23324890434741974
activity/outer4/final/corrected_no_message/s7753,corrected_no_message,7753,self_layers.0.bias,32,26,6,0.5391645431518555,27,26,0.5391645431518555
activity/outer4/final/corrected_no_message/s7753,corrected_no_message,7753,self_layers.1.weight,1024,1024,0,0.1421356499195099,1024,1024,0.1421356499195099
activity/outer4/final/corrected_no_message/s7753,corrected_no_message,7753,self_layers.1.bias,32,32,0,0.025607885792851448,32,32,0.025607885792851448
activity/outer4/final/corrected_no_message/s7753,corrected_no_message,7753,norms.0.weight,32,32,0,0.05182762071490288,32,32,0.05182762071490288
activity/outer4/final/corrected_no_message/s7753,corrected_no_message,7753,norms.0.bias,32,32,0,0.05820590630173683,32,32,0.05820590630173683
activity/outer4/final/corrected_no_message/s7753,corrected_no_message,7753,norms.1.weight,32,32,0,0.05759076774120331,32,32,0.05759076774120331
activity/outer4/final/corrected_no_message/s7753,corrected_no_message,7753,norms.1.bias,32,32,0,0.06504981219768524,32,32,0.06504981219768524
activity/outer4/final/corrected_no_message/s7753,corrected_no_message,7753,message_weights.0,8192,2814,5378,0.14080825448036194,3077,2814,0.14080825448036194
activity/outer4/final/corrected_no_message/s7753,corrected_no_message,7753,message_weights.1,8192,3616,4576,0.08630675077438354,3936,3616,0.08630675077438354
activity/outer4/final/corrected_no_message/s7753,corrected_no_message,7753,readout.0.weight,131584,69418,62166,1.3892654180526733,97184,69418,1.3892654180526733
activity/outer4/final/corrected_no_message/s7753,corrected_no_message,7753,readout.0.bias,64,46,18,0.04213700070977211,64,46,0.04213700070977211
activity/outer4/final/corrected_no_message/s7753,corrected_no_message,7753,readout.3.weight,64,46,18,0.21556922793388367,64,46,0.21556922793388367
activity/outer4/final/corrected_no_message/s7753,corrected_no_message,7753,readout.3.bias,1,1,0,0.09628408402204514,1,1,0.09628408402204514
activity/outer4/final/corrected_no_message/s8867,corrected_no_message,8867,embed.weight,2976,1659,1317,3.917396306991577,1684,1659,3.917396306991577
activity/outer4/final/corrected_no_message/s8867,corrected_no_message,8867,embed.bias,32,32,0,2.141869068145752,32,32,2.141869068145752
activity/outer4/final/corrected_no_message/s8867,corrected_no_message,8867,self_layers.0.weight,1024,784,240,0.7868652939796448,829,784,0.7868652939796448
activity/outer4/final/corrected_no_message/s8867,corrected_no_message,8867,self_layers.0.bias,32,25,7,1.2111518383026123,27,25,1.2111518383026123
activity/outer4/final/corrected_no_message/s8867,corrected_no_message,8867,self_layers.1.weight,1024,1024,0,0.4809325933456421,1024,1024,0.4809325933456421
activity/outer4/final/corrected_no_message/s8867,corrected_no_message,8867,self_layers.1.bias,32,32,0,0.10464783012866974,32,32,0.10464783012866974
activity/outer4/final/corrected_no_message/s8867,corrected_no_message,8867,norms.0.weight,32,32,0,0.1222653016448021,32,32,0.1222653016448021
activity/outer4/final/corrected_no_message/s8867,corrected_no_message,8867,norms.0.bias,32,32,0,0.2312181442975998,32,32,0.2312181442975998
activity/outer4/final/corrected_no_message/s8867,corrected_no_message,8867,norms.1.weight,32,32,0,0.1018650159239769,32,32,0.1018650159239769
activity/outer4/final/corrected_no_message/s8867,corrected_no_message,8867,norms.1.bias,32,32,0,0.24389736354351044,32,32,0.24389736354351044
activity/outer4/final/corrected_no_message/s8867,corrected_no_message,8867,message_weights.0,8192,2672,5520,0.47879353165626526,2851,2672,0.47879353165626526
activity/outer4/final/corrected_no_message/s8867,corrected_no_message,8867,message_weights.1,8192,3680,4512,0.29208725690841675,3744,3680,0.29208725690841675
activity/outer4/final/corrected_no_message/s8867,corrected_no_message,8867,readout.0.weight,131584,59957,71627,3.5032479763031006,94237,59957,3.5032479763031006
activity/outer4/final/corrected_no_message/s8867,corrected_no_message,8867,readout.0.bias,64,39,25,0.10667119920253754,63,39,0.10667119920253754
activity/outer4/final/corrected_no_message/s8867,corrected_no_message,8867,readout.3.weight,64,39,25,1.0780342817306519,63,39,1.0780342817306519
activity/outer4/final/corrected_no_message/s8867,corrected_no_message,8867,readout.3.bias,1,1,0,0.2642926871776581,1,1,0.2642926871776581
activity/outer4/final/corrected_no_message/s9973,corrected_no_message,9973,embed.weight,2976,1638,1338,1.928100347518921,1695,1638,1.928100347518921
activity/outer4/final/corrected_no_message/s9973,corrected_no_message,9973,embed.bias,32,32,0,1.0211282968521118,32,32,1.0211282968521118
activity/outer4/final/corrected_no_message/s9973,corrected_no_message,9973,self_layers.0.weight,1024,798,226,0.18528077006340027,849,798,0.18528077006340027
activity/outer4/final/corrected_no_message/s9973,corrected_no_message,9973,self_layers.0.bias,32,25,7,0.28973057866096497,27,25,0.28973057866096497
activity/outer4/final/corrected_no_message/s9973,corrected_no_message,9973,self_layers.1.weight,1024,1024,0,0.18368616700172424,1024,1024,0.18368616700172424
activity/outer4/final/corrected_no_message/s9973,corrected_no_message,9973,self_layers.1.bias,32,32,0,0.038356903940439224,32,32,0.038356903940439224
activity/outer4/final/corrected_no_message/s9973,corrected_no_message,9973,norms.0.weight,32,32,0,0.07511758804321289,32,32,0.07511758804321289
activity/outer4/final/corrected_no_message/s9973,corrected_no_message,9973,norms.0.bias,32,32,0,0.09525391459465027,32,32,0.09525391459465027
activity/outer4/final/corrected_no_message/s9973,corrected_no_message,9973,norms.1.weight,32,32,0,0.05565367639064789,32,32,0.05565367639064789
activity/outer4/final/corrected_no_message/s9973,corrected_no_message,9973,norms.1.bias,32,32,0,0.09250547736883163,32,32,0.09250547736883163
activity/outer4/final/corrected_no_message/s9973,corrected_no_message,9973,message_weights.0,8192,2773,5419,0.11695859581232071,3095,2773,0.11695859581232071
activity/outer4/final/corrected_no_message/s9973,corrected_no_message,9973,message_weights.1,8192,3680,4512,0.114466592669487,3968,3680,0.114466592669487
activity/outer4/final/corrected_no_message/s9973,corrected_no_message,9973,readout.0.weight,131584,57266,74318,1.3071378469467163,97184,57266,1.3071378469467163
activity/outer4/final/corrected_no_message/s9973,corrected_no_message,9973,readout.0.bias,64,38,26,0.042375802993774414,64,38,0.042375802993774414
activity/outer4/final/corrected_no_message/s9973,corrected_no_message,9973,readout.3.weight,64,38,26,0.37723562121391296,64,38,0.37723562121391296
activity/outer4/final/corrected_no_message/s9973,corrected_no_message,9973,readout.3.bias,1,1,0,0.12164847552776337,1,1,0.12164847552776337
activity/outer4/final/original_gnn/s11027,original_gnn,11027,embed.weight,2976,1572,1404,0.6364898681640625,2976,1572,0.6364898681640625
activity/outer4/final/original_gnn/s11027,original_gnn,11027,embed.bias,32,32,0,0.3479105532169342,32,32,0.3479105532169342
activity/outer4/final/original_gnn/s11027,original_gnn,11027,self_layers.0.weight,1024,693,331,0.09097415208816528,1024,693,0.09097415208816528
activity/outer4/final/original_gnn/s11027,original_gnn,11027,self_layers.0.bias,32,22,10,0.19823747873306274,32,22,0.19823747873306274
activity/outer4/final/original_gnn/s11027,original_gnn,11027,self_layers.1.weight,1024,1024,0,0.06730763614177704,1024,1024,0.06730763614177704
activity/outer4/final/original_gnn/s11027,original_gnn,11027,self_layers.1.bias,32,32,0,0.01563454419374466,32,32,0.01563454419374466
activity/outer4/final/original_gnn/s11027,original_gnn,11027,norms.0.weight,32,32,0,0.02215604856610298,32,32,0.02215604856610298
activity/outer4/final/original_gnn/s11027,original_gnn,11027,norms.0.bias,32,32,0,0.03336746245622635,32,32,0.03336746245622635
activity/outer4/final/original_gnn/s11027,original_gnn,11027,norms.1.weight,32,32,0,0.025271719321608543,32,32,0.025271719321608543
activity/outer4/final/original_gnn/s11027,original_gnn,11027,norms.1.bias,32,32,0,0.029745901003479958,32,32,0.029745901003479958
activity/outer4/final/original_gnn/s11027,original_gnn,11027,message_weights.0,8192,2463,5729,0.05458800867199898,8192,2463,0.05458800867199898
activity/outer4/final/original_gnn/s11027,original_gnn,11027,message_weights.1,8192,3680,4512,0.03897403925657272,8192,3680,0.03897403925657272
activity/outer4/final/original_gnn/s11027,original_gnn,11027,readout.0.weight,131584,61016,70568,0.592549741268158,131584,61016,0.592549741268158
activity/outer4/final/original_gnn/s11027,original_gnn,11027,readout.0.bias,64,40,24,0.017418287694454193,64,40,0.017418287694454193
activity/outer4/final/original_gnn/s11027,original_gnn,11027,readout.3.weight,64,40,24,0.20084694027900696,64,40,0.20084694027900696
activity/outer4/final/original_gnn/s11027,original_gnn,11027,readout.3.bias,1,1,0,0.04097064584493637,1,1,0.04097064584493637
activity/outer4/final/original_gnn/s1103,original_gnn,1103,embed.weight,2976,1637,1339,3.4994571208953857,2976,1637,3.4994571208953857
activity/outer4/final/original_gnn/s1103,original_gnn,1103,embed.bias,32,32,0,1.909852385520935,32,32,1.909852385520935
activity/outer4/final/original_gnn/s1103,original_gnn,1103,self_layers.0.weight,1024,687,337,0.4805089235305786,1024,687,0.4805089235305786
activity/outer4/final/original_gnn/s1103,original_gnn,1103,self_layers.0.bias,32,22,10,0.9630659818649292,32,22,0.9630659818649292
activity/outer4/final/original_gnn/s1103,original_gnn,1103,self_layers.1.weight,1024,1024,0,0.3725104033946991,1024,1024,0.3725104033946991
activity/outer4/final/original_gnn/s1103,original_gnn,1103,self_layers.1.bias,32,32,0,0.08235751837491989,32,32,0.08235751837491989
activity/outer4/final/original_gnn/s1103,original_gnn,1103,norms.0.weight,32,32,0,0.1089114248752594,32,32,0.1089114248752594
activity/outer4/final/original_gnn/s1103,original_gnn,1103,norms.0.bias,32,32,0,0.20717072486877441,32,32,0.20717072486877441
activity/outer4/final/original_gnn/s1103,original_gnn,1103,norms.1.weight,32,32,0,0.09141188114881516,32,32,0.09141188114881516
activity/outer4/final/original_gnn/s1103,original_gnn,1103,norms.1.bias,32,32,0,0.20184360444545746,32,32,0.20184360444545746
activity/outer4/final/original_gnn/s1103,original_gnn,1103,message_weights.0,8192,2384,5808,0.2876260280609131,8192,2384,0.2876260280609131
activity/outer4/final/original_gnn/s1103,original_gnn,1103,message_weights.1,8192,3840,4352,0.2148093730211258,8192,3840,0.2148093730211258
activity/outer4/final/original_gnn/s1103,original_gnn,1103,readout.0.weight,131584,58965,72619,2.654755115509033,131584,58965,2.654755115509033
activity/outer4/final/original_gnn/s1103,original_gnn,1103,readout.0.bias,64,39,25,0.0880967527627945,64,39,0.0880967527627945
activity/outer4/final/original_gnn/s1103,original_gnn,1103,readout.3.weight,64,39,25,0.5375209450721741,64,39,0.5375209450721741
activity/outer4/final/original_gnn/s1103,original_gnn,1103,readout.3.bias,1,1,0,0.238417387008667,1,1,0.238417387008667
activity/outer4/final/original_gnn/s2207,original_gnn,2207,embed.weight,2976,1595,1381,1.8426897525787354,2976,1595,1.8426897525787354
activity/outer4/final/original_gnn/s2207,original_gnn,2207,embed.bias,32,31,1,0.9944321513175964,32,31,0.9944321513175964
activity/outer4/final/original_gnn/s2207,original_gnn,2207,self_layers.0.weight,1024,769,255,0.22292666137218475,1024,769,0.22292666137218475
activity/outer4/final/original_gnn/s2207,original_gnn,2207,self_layers.0.bias,32,25,7,0.44062596559524536,32,25,0.44062596559524536
activity/outer4/final/original_gnn/s2207,original_gnn,2207,self_layers.1.weight,1024,1024,0,0.15456779301166534,1024,1024,0.15456779301166534
activity/outer4/final/original_gnn/s2207,original_gnn,2207,self_layers.1.bias,32,32,0,0.03248443454504013,32,32,0.03248443454504013
activity/outer4/final/original_gnn/s2207,original_gnn,2207,norms.0.weight,32,32,0,0.04674458131194115,32,32,0.04674458131194115
activity/outer4/final/original_gnn/s2207,original_gnn,2207,norms.0.bias,32,32,0,0.09036874026060104,32,32,0.09036874026060104
activity/outer4/final/original_gnn/s2207,original_gnn,2207,norms.1.weight,32,32,0,0.054075732827186584,32,32,0.054075732827186584
activity/outer4/final/original_gnn/s2207,original_gnn,2207,norms.1.bias,32,32,0,0.08308811485767365,32,32,0.08308811485767365
activity/outer4/final/original_gnn/s2207,original_gnn,2207,message_weights.0,8192,2651,5541,0.13126152753829956,8192,2651,0.13126152753829956
activity/outer4/final/original_gnn/s2207,original_gnn,2207,message_weights.1,8192,3840,4352,0.09160995483398438,8192,3840,0.09160995483398438
activity/outer4/final/original_gnn/s2207,original_gnn,2207,readout.0.weight,131584,53289,78295,1.1700053215026855,131584,53289,1.1700053215026855
activity/outer4/final/original_gnn/s2207,original_gnn,2207,readout.0.bias,64,35,29,0.036485012620687485,64,35,0.036485012620687485
activity/outer4/final/original_gnn/s2207,original_gnn,2207,readout.3.weight,64,35,29,0.33834272623062134,64,35,0.33834272623062134
activity/outer4/final/original_gnn/s2207,original_gnn,2207,readout.3.bias,1,1,0,0.09040160477161407,1,1,0.09040160477161407
activity/outer4/final/original_gnn/s3301,original_gnn,3301,embed.weight,2976,1637,1339,2.8881428241729736,2976,1637,2.8881428241729736
activity/outer4/final/original_gnn/s3301,original_gnn,3301,embed.bias,32,32,0,1.5804190635681152,32,32,1.5804190635681152
activity/outer4/final/original_gnn/s3301,original_gnn,3301,self_layers.0.weight,1024,797,227,0.47964000701904297,1024,797,0.47964000701904297
activity/outer4/final/original_gnn/s3301,original_gnn,3301,self_layers.0.bias,32,25,7,0.8343586921691895,32,25,0.8343586921691895
activity/outer4/final/original_gnn/s3301,original_gnn,3301,self_layers.1.weight,1024,1024,0,0.34768468141555786,1024,1024,0.34768468141555786
activity/outer4/final/original_gnn/s3301,original_gnn,3301,self_layers.1.bias,32,32,0,0.08017279952764511,32,32,0.08017279952764511
activity/outer4/final/original_gnn/s3301,original_gnn,3301,norms.0.weight,32,32,0,0.0973539873957634,32,32,0.0973539873957634
activity/outer4/final/original_gnn/s3301,original_gnn,3301,norms.0.bias,32,32,0,0.16923534870147705,32,32,0.16923534870147705
activity/outer4/final/original_gnn/s3301,original_gnn,3301,norms.1.weight,32,32,0,0.09013692289590836,32,32,0.09013692289590836
activity/outer4/final/original_gnn/s3301,original_gnn,3301,norms.1.bias,32,32,0,0.1848795861005783,32,32,0.1848795861005783
activity/outer4/final/original_gnn/s3301,original_gnn,3301,message_weights.0,8192,2867,5325,0.307556688785553,8192,2867,0.307556688785553
activity/outer4/final/original_gnn/s3301,original_gnn,3301,message_weights.1,8192,3680,4512,0.20513108372688293,8192,3680,0.20513108372688293
activity/outer4/final/original_gnn/s3301,original_gnn,3301,readout.0.weight,131584,60824,70760,2.058206558227539,131584,60824,2.058206558227539
activity/outer4/final/original_gnn/s3301,original_gnn,3301,readout.0.bias,64,40,24,0.06733927130699158,64,40,0.06733927130699158
activity/outer4/final/original_gnn/s3301,original_gnn,3301,readout.3.weight,64,40,24,0.42205771803855896,64,40,0.42205771803855896
activity/outer4/final/original_gnn/s3301,original_gnn,3301,readout.3.bias,1,1,0,0.17533446848392487,1,1,0.17533446848392487
activity/outer4/final/original_gnn/s4409,original_gnn,4409,embed.weight,2976,1641,1335,7.771430969238281,2976,1641,7.771430969238281
activity/outer4/final/original_gnn/s4409,original_gnn,4409,embed.bias,32,32,0,4.076167106628418,32,32,4.076167106628418
activity/outer4/final/original_gnn/s4409,original_gnn,4409,self_layers.0.weight,1024,830,194,0.8378090262413025,1024,830,0.8378090262413025
activity/outer4/final/original_gnn/s4409,original_gnn,4409,self_layers.0.bias,32,26,6,1.7019567489624023,32,26,1.7019567489624023
activity/outer4/final/original_gnn/s4409,original_gnn,4409,self_layers.1.weight,1024,1024,0,0.6248473525047302,1024,1024,0.6248473525047302
activity/outer4/final/original_gnn/s4409,original_gnn,4409,self_layers.1.bias,32,32,0,0.12909701466560364,32,32,0.12909701466560364
activity/outer4/final/original_gnn/s4409,original_gnn,4409,norms.0.weight,32,32,0,0.2053336352109909,32,32,0.2053336352109909
activity/outer4/final/original_gnn/s4409,original_gnn,4409,norms.0.bias,32,32,0,0.35580208897590637,32,32,0.35580208897590637
activity/outer4/final/original_gnn/s4409,original_gnn,4409,norms.1.weight,32,32,0,0.17368824779987335,32,32,0.17368824779987335
activity/outer4/final/original_gnn/s4409,original_gnn,4409,norms.1.bias,32,32,0,0.3526388704776764,32,32,0.3526388704776764
activity/outer4/final/original_gnn/s4409,original_gnn,4409,message_weights.0,8192,2818,5374,0.5489633679389954,8192,2818,0.5489633679389954
activity/outer4/final/original_gnn/s4409,original_gnn,4409,message_weights.1,8192,3744,4448,0.37884002923965454,8192,3744,0.37884002923965454
activity/outer4/final/original_gnn/s4409,original_gnn,4409,readout.0.weight,131584,57778,73806,4.651063919067383,131584,57778,4.651063919067383
activity/outer4/final/original_gnn/s4409,original_gnn,4409,readout.0.bias,64,38,26,0.14747795462608337,64,38,0.14747795462608337
activity/outer4/final/original_gnn/s4409,original_gnn,4409,readout.3.weight,64,38,26,0.9945030808448792,64,38,0.9945030808448792
activity/outer4/final/original_gnn/s4409,original_gnn,4409,readout.3.bias,1,1,0,0.3958241641521454,1,1,0.3958241641521454
activity/outer4/final/original_gnn/s5519,original_gnn,5519,embed.weight,2976,1666,1310,1.3450020551681519,2976,1666,1.3450020551681519
activity/outer4/final/original_gnn/s5519,original_gnn,5519,embed.bias,32,32,0,0.6601585149765015,32,32,0.6601585149765015
activity/outer4/final/original_gnn/s5519,original_gnn,5519,self_layers.0.weight,1024,792,232,0.145259290933609,1024,792,0.145259290933609
activity/outer4/final/original_gnn/s5519,original_gnn,5519,self_layers.0.bias,32,25,7,0.25885123014450073,32,25,0.25885123014450073
activity/outer4/final/original_gnn/s5519,original_gnn,5519,self_layers.1.weight,1024,1024,0,0.14261318743228912,1024,1024,0.14261318743228912
activity/outer4/final/original_gnn/s5519,original_gnn,5519,self_layers.1.bias,32,32,0,0.031871017068624496,32,32,0.031871017068624496
activity/outer4/final/original_gnn/s5519,original_gnn,5519,norms.0.weight,32,32,0,0.045238859951496124,32,32,0.045238859951496124
activity/outer4/final/original_gnn/s5519,original_gnn,5519,norms.0.bias,32,32,0,0.05921252444386482,32,32,0.05921252444386482
activity/outer4/final/original_gnn/s5519,original_gnn,5519,norms.1.weight,32,32,0,0.05122606083750725,32,32,0.05122606083750725
activity/outer4/final/original_gnn/s5519,original_gnn,5519,norms.1.bias,32,32,0,0.06059766560792923,32,32,0.06059766560792923
activity/outer4/final/original_gnn/s5519,original_gnn,5519,message_weights.0,8192,2652,5540,0.08927907049655914,8192,2652,0.08927907049655914
activity/outer4/final/original_gnn/s5519,original_gnn,5519,message_weights.1,8192,3584,4608,0.08386377990245819,8192,3584,0.08386377990245819
activity/outer4/final/original_gnn/s5519,original_gnn,5519,readout.0.weight,131584,73104,58480,1.1407954692840576,131584,73104,1.1407954692840576
activity/outer4/final/original_gnn/s5519,original_gnn,5519,readout.0.bias,64,48,16,0.03524933382868767,64,48,0.03524933382868767
activity/outer4/final/original_gnn/s5519,original_gnn,5519,readout.3.weight,64,48,16,0.28017938137054443,64,48,0.28017938137054443
activity/outer4/final/original_gnn/s5519,original_gnn,5519,readout.3.bias,1,1,0,0.07789681851863861,1,1,0.07789681851863861
activity/outer4/final/original_gnn/s6637,original_gnn,6637,embed.weight,2976,1512,1464,0.5207468867301941,2976,1512,0.5207468867301941
activity/outer4/final/original_gnn/s6637,original_gnn,6637,embed.bias,32,31,1,0.29187995195388794,32,31,0.29187995195388794
activity/outer4/final/original_gnn/s6637,original_gnn,6637,self_layers.0.weight,1024,863,161,0.04161259904503822,1024,863,0.04161259904503822
activity/outer4/final/original_gnn/s6637,original_gnn,6637,self_layers.0.bias,32,28,4,0.09502921998500824,32,28,0.09502921998500824
activity/outer4/final/original_gnn/s6637,original_gnn,6637,self_layers.1.weight,1024,1024,0,0.04461635649204254,1024,1024,0.04461635649204254
activity/outer4/final/original_gnn/s6637,original_gnn,6637,self_layers.1.bias,32,32,0,0.010467144660651684,32,32,0.010467144660651684
activity/outer4/final/original_gnn/s6637,original_gnn,6637,norms.0.weight,32,32,0,0.021727966144680977,32,32,0.021727966144680977
activity/outer4/final/original_gnn/s6637,original_gnn,6637,norms.0.bias,32,32,0,0.027403928339481354,32,32,0.027403928339481354
activity/outer4/final/original_gnn/s6637,original_gnn,6637,norms.1.weight,32,32,0,0.016046971082687378,32,32,0.016046971082687378
activity/outer4/final/original_gnn/s6637,original_gnn,6637,norms.1.bias,32,32,0,0.022268956527113914,32,32,0.022268956527113914
activity/outer4/final/original_gnn/s6637,original_gnn,6637,message_weights.0,8192,2822,5370,0.028184467926621437,8192,2822,0.028184467926621437
activity/outer4/final/original_gnn/s6637,original_gnn,6637,message_weights.1,8192,3712,4480,0.024646973237395287,8192,3712,0.024646973237395287
activity/outer4/final/original_gnn/s6637,original_gnn,6637,readout.0.weight,131584,53868,77716,0.38596633076667786,131584,53868,0.38596633076667786
activity/outer4/final/original_gnn/s6637,original_gnn,6637,readout.0.bias,64,36,28,0.011976445093750954,64,36,0.011976445093750954
activity/outer4/final/original_gnn/s6637,original_gnn,6637,readout.3.weight,64,36,28,0.05659825727343559,64,36,0.05659825727343559
activity/outer4/final/original_gnn/s6637,original_gnn,6637,readout.3.bias,1,1,0,0.02494300901889801,1,1,0.02494300901889801
activity/outer4/final/original_gnn/s7753,original_gnn,7753,embed.weight,2976,1554,1422,1.473008394241333,2976,1554,1.473008394241333
activity/outer4/final/original_gnn/s7753,original_gnn,7753,embed.bias,32,32,0,0.783164381980896,32,32,0.783164381980896
activity/outer4/final/original_gnn/s7753,original_gnn,7753,self_layers.0.weight,1024,828,196,0.20332202315330505,1024,828,0.20332202315330505
activity/outer4/final/original_gnn/s7753,original_gnn,7753,self_layers.0.bias,32,26,6,0.5066378116607666,32,26,0.5066378116607666
activity/outer4/final/original_gnn/s7753,original_gnn,7753,self_layers.1.weight,1024,1024,0,0.09877025336027145,1024,1024,0.09877025336027145
activity/outer4/final/original_gnn/s7753,original_gnn,7753,self_layers.1.bias,32,32,0,0.022286279127001762,32,32,0.022286279127001762
activity/outer4/final/original_gnn/s7753,original_gnn,7753,norms.0.weight,32,32,0,0.03722813352942467,32,32,0.03722813352942467
activity/outer4/final/original_gnn/s7753,original_gnn,7753,norms.0.bias,32,32,0,0.06398745626211166,32,32,0.06398745626211166
activity/outer4/final/original_gnn/s7753,original_gnn,7753,norms.1.weight,32,32,0,0.04092824086546898,32,32,0.04092824086546898
activity/outer4/final/original_gnn/s7753,original_gnn,7753,norms.1.bias,32,32,0,0.06083356961607933,32,32,0.06083356961607933
activity/outer4/final/original_gnn/s7753,original_gnn,7753,message_weights.0,8192,2851,5341,0.12772849202156067,8192,2851,0.12772849202156067
activity/outer4/final/original_gnn/s7753,original_gnn,7753,message_weights.1,8192,3616,4576,0.06238529086112976,8192,3616,0.06238529086112976
activity/outer4/final/original_gnn/s7753,original_gnn,7753,readout.0.weight,131584,70029,61555,1.2330806255340576,131584,70029,1.2330806255340576
activity/outer4/final/original_gnn/s7753,original_gnn,7753,readout.0.bias,64,47,17,0.04078109934926033,64,47,0.04078109934926033
activity/outer4/final/original_gnn/s7753,original_gnn,7753,readout.3.weight,64,47,17,0.2185819149017334,64,47,0.2185819149017334
activity/outer4/final/original_gnn/s7753,original_gnn,7753,readout.3.bias,1,1,0,0.06378036737442017,1,1,0.06378036737442017
activity/outer4/final/original_gnn/s8867,original_gnn,8867,embed.weight,2976,1658,1318,6.400539398193359,2976,1658,6.400539398193359
activity/outer4/final/original_gnn/s8867,original_gnn,8867,embed.bias,32,32,0,3.4938201904296875,32,32,3.4938201904296875
activity/outer4/final/original_gnn/s8867,original_gnn,8867,self_layers.0.weight,1024,767,257,1.348400592803955,1024,767,1.348400592803955
activity/outer4/final/original_gnn/s8867,original_gnn,8867,self_layers.0.bias,32,24,8,2.0508313179016113,32,24,2.0508313179016113
activity/outer4/final/original_gnn/s8867,original_gnn,8867,self_layers.1.weight,1024,1024,0,0.804659366607666,1024,1024,0.804659366607666
activity/outer4/final/original_gnn/s8867,original_gnn,8867,self_layers.1.bias,32,32,0,0.1755964756011963,32,32,0.1755964756011963
activity/outer4/final/original_gnn/s8867,original_gnn,8867,norms.0.weight,32,32,0,0.21300935745239258,32,32,0.21300935745239258
activity/outer4/final/original_gnn/s8867,original_gnn,8867,norms.0.bias,32,32,0,0.38611167669296265,32,32,0.38611167669296265
activity/outer4/final/original_gnn/s8867,original_gnn,8867,norms.1.weight,32,32,0,0.17108911275863647,32,32,0.17108911275863647
activity/outer4/final/original_gnn/s8867,original_gnn,8867,norms.1.bias,32,32,0,0.39339524507522583,32,32,0.39339524507522583
activity/outer4/final/original_gnn/s8867,original_gnn,8867,message_weights.0,8192,2651,5541,0.8629193902015686,8192,2651,0.8629193902015686
activity/outer4/final/original_gnn/s8867,original_gnn,8867,message_weights.1,8192,3712,4480,0.5008627772331238,8192,3712,0.5008627772331238
activity/outer4/final/original_gnn/s8867,original_gnn,8867,readout.0.weight,131584,58418,73166,5.526824951171875,131584,58418,5.526824951171875
activity/outer4/final/original_gnn/s8867,original_gnn,8867,readout.0.bias,64,38,26,0.16782577335834503,64,38,0.16782577335834503
activity/outer4/final/original_gnn/s8867,original_gnn,8867,readout.3.weight,64,38,26,1.9305901527404785,64,38,1.9305901527404785
activity/outer4/final/original_gnn/s8867,original_gnn,8867,readout.3.bias,1,1,0,0.43198469281196594,1,1,0.43198469281196594
activity/outer4/final/original_gnn/s9973,original_gnn,9973,embed.weight,2976,1627,1349,4.942159652709961,2976,1627,4.942159652709961
activity/outer4/final/original_gnn/s9973,original_gnn,9973,embed.bias,32,32,0,2.692917585372925,32,32,2.692917585372925
activity/outer4/final/original_gnn/s9973,original_gnn,9973,self_layers.0.weight,1024,827,197,0.7179520130157471,1024,827,0.7179520130157471
activity/outer4/final/original_gnn/s9973,original_gnn,9973,self_layers.0.bias,32,26,6,1.1555752754211426,32,26,1.1555752754211426
activity/outer4/final/original_gnn/s9973,original_gnn,9973,self_layers.1.weight,1024,1024,0,0.6132628917694092,1024,1024,0.6132628917694092
activity/outer4/final/original_gnn/s9973,original_gnn,9973,self_layers.1.bias,32,32,0,0.12286513298749924,32,32,0.12286513298749924
activity/outer4/final/original_gnn/s9973,original_gnn,9973,norms.0.weight,32,32,0,0.18354532122612,32,32,0.18354532122612
activity/outer4/final/original_gnn/s9973,original_gnn,9973,norms.0.bias,32,32,0,0.2735511064529419,32,32,0.2735511064529419
activity/outer4/final/original_gnn/s9973,original_gnn,9973,norms.1.weight,32,32,0,0.12057840824127197,32,32,0.12057840824127197
activity/outer4/final/original_gnn/s9973,original_gnn,9973,norms.1.bias,32,32,0,0.24611103534698486,32,32,0.24611103534698486
activity/outer4/final/original_gnn/s9973,original_gnn,9973,message_weights.0,8192,3020,5172,0.48167601227760315,8192,3020,0.48167601227760315
activity/outer4/final/original_gnn/s9973,original_gnn,9973,message_weights.1,8192,3808,4384,0.36245614290237427,8192,3808,0.36245614290237427
activity/outer4/final/original_gnn/s9973,original_gnn,9973,readout.0.weight,131584,48704,82880,3.6706345081329346,131584,48704,3.6706345081329346
activity/outer4/final/original_gnn/s9973,original_gnn,9973,readout.0.bias,64,32,32,0.11052609980106354,64,32,0.11052609980106354
activity/outer4/final/original_gnn/s9973,original_gnn,9973,readout.3.weight,64,32,32,0.9947635531425476,64,32,0.9947635531425476
activity/outer4/final/original_gnn/s9973,original_gnn,9973,readout.3.bias,1,1,0,0.32826778292655945,1,1,0.32826778292655945
activity/outer4/final/original_no_message/s11027,original_no_message,11027,embed.weight,2976,1581,1395,2.245521306991577,1651,1581,2.245521306991577
activity/outer4/final/original_no_message/s11027,original_no_message,11027,embed.bias,32,32,0,1.241542100906372,32,32,1.241542100906372
activity/outer4/final/original_no_message/s11027,original_no_message,11027,self_layers.0.weight,1024,669,355,0.1942165642976761,698,669,0.1942165642976761
activity/outer4/final/original_no_message/s11027,original_no_message,11027,self_layers.0.bias,32,21,11,0.4082493484020233,22,21,0.4082493484020233
activity/outer4/final/original_no_message/s11027,original_no_message,11027,self_layers.1.weight,1024,1024,0,0.16756004095077515,1024,1024,0.16756004095077515
activity/outer4/final/original_no_message/s11027,original_no_message,11027,self_layers.1.bias,32,32,0,0.04062700644135475,32,32,0.04062700644135475
activity/outer4/final/original_no_message/s11027,original_no_message,11027,norms.0.weight,32,32,0,0.06851992756128311,32,32,0.06851992756128311
activity/outer4/final/original_no_message/s11027,original_no_message,11027,norms.0.bias,32,32,0,0.11152146756649017,32,32,0.11152146756649017
activity/outer4/final/original_no_message/s11027,original_no_message,11027,norms.1.weight,32,32,0,0.05998333543539047,32,32,0.05998333543539047
activity/outer4/final/original_no_message/s11027,original_no_message,11027,norms.1.bias,32,32,0,0.11219616234302521,32,32,0.11219616234302521
activity/outer4/final/original_no_message/s11027,original_no_message,11027,message_weights.0,8192,2357,5835,0.11644209176301956,2506,2357,0.11644209176301956
activity/outer4/final/original_no_message/s11027,original_no_message,11027,message_weights.1,8192,3712,4480,0.10084809362888336,3968,3712,0.10084809362888336
activity/outer4/final/original_no_message/s11027,original_no_message,11027,readout.0.weight,131584,70605,60979,1.2280328273773193,97216,70605,1.2280328273773193
activity/outer4/final/original_no_message/s11027,original_no_message,11027,readout.0.bias,64,47,17,0.039979543536901474,64,47,0.039979543536901474
activity/outer4/final/original_no_message/s11027,original_no_message,11027,readout.3.weight,64,47,17,0.2257554680109024,64,47,0.2257554680109024
activity/outer4/final/original_no_message/s11027,original_no_message,11027,readout.3.bias,1,1,0,0.10199465602636337,1,1,0.10199465602636337
activity/outer4/final/original_no_message/s1103,original_no_message,1103,embed.weight,2976,1641,1335,1.2436820268630981,1683,1641,1.2436820268630981
activity/outer4/final/original_no_message/s1103,original_no_message,1103,embed.bias,32,32,0,0.6797553896903992,32,32,0.6797553896903992
activity/outer4/final/original_no_message/s1103,original_no_message,1103,self_layers.0.weight,1024,634,390,0.16361095011234283,710,634,0.16361095011234283
activity/outer4/final/original_no_message/s1103,original_no_message,1103,self_layers.0.bias,32,20,12,0.32802391052246094,23,20,0.32802391052246094
activity/outer4/final/original_no_message/s1103,original_no_message,1103,self_layers.1.weight,1024,1024,0,0.14140422642230988,1024,1024,0.14140422642230988
activity/outer4/final/original_no_message/s1103,original_no_message,1103,self_layers.1.bias,32,32,0,0.03321235626935959,32,32,0.03321235626935959
activity/outer4/final/original_no_message/s1103,original_no_message,1103,norms.0.weight,32,32,0,0.04526348039507866,32,32,0.04526348039507866
activity/outer4/final/original_no_message/s1103,original_no_message,1103,norms.0.bias,32,32,0,0.07664600014686584,32,32,0.07664600014686584
activity/outer4/final/original_no_message/s1103,original_no_message,1103,norms.1.weight,32,32,0,0.04247012361884117,32,32,0.04247012361884117
activity/outer4/final/original_no_message/s1103,original_no_message,1103,norms.1.bias,32,32,0,0.07582489401102066,32,32,0.07582489401102066
activity/outer4/final/original_no_message/s1103,original_no_message,1103,message_weights.0,8192,2237,5955,0.10589765757322311,2522,2237,0.10589765757322311
activity/outer4/final/original_no_message/s1103,original_no_message,1103,message_weights.1,8192,3712,4480,0.08484819531440735,4000,3712,0.08484819531440735
activity/outer4/final/original_no_message/s1103,original_no_message,1103,readout.0.weight,131584,63518,68066,1.0750679969787598,96704,63518,1.0750679969787598
activity/outer4/final/original_no_message/s1103,original_no_message,1103,readout.0.bias,64,42,22,0.03612177446484566,64,42,0.03612177446484566
activity/outer4/final/original_no_message/s1103,original_no_message,1103,readout.3.weight,64,42,22,0.2509573996067047,64,42,0.2509573996067047
activity/outer4/final/original_no_message/s1103,original_no_message,1103,readout.3.bias,1,1,0,0.09279932081699371,1,1,0.09279932081699371
activity/outer4/final/original_no_message/s2207,original_no_message,2207,embed.weight,2976,1589,1387,3.968590259552002,1650,1589,3.968590259552002
activity/outer4/final/original_no_message/s2207,original_no_message,2207,embed.bias,32,31,1,2.095452308654785,32,31,2.095452308654785
activity/outer4/final/original_no_message/s2207,original_no_message,2207,self_layers.0.weight,1024,741,283,0.3820819556713104,789,741,0.3820819556713104
activity/outer4/final/original_no_message/s2207,original_no_message,2207,self_layers.0.bias,32,24,8,0.7358358502388,25,24,0.7358358502388
activity/outer4/final/original_no_message/s2207,original_no_message,2207,self_layers.1.weight,1024,1024,0,0.3088048994541168,1024,1024,0.3088048994541168
activity/outer4/final/original_no_message/s2207,original_no_message,2207,self_layers.1.bias,32,32,0,0.06423481553792953,32,32,0.06423481553792953
activity/outer4/final/original_no_message/s2207,original_no_message,2207,norms.0.weight,32,32,0,0.10551013052463531,32,32,0.10551013052463531
activity/outer4/final/original_no_message/s2207,original_no_message,2207,norms.0.bias,32,32,0,0.20499388873577118,32,32,0.20499388873577118
activity/outer4/final/original_no_message/s2207,original_no_message,2207,norms.1.weight,32,32,0,0.10623634606599808,32,32,0.10623634606599808
activity/outer4/final/original_no_message/s2207,original_no_message,2207,norms.1.bias,32,32,0,0.2046527862548828,32,32,0.2046527862548828
activity/outer4/final/original_no_message/s2207,original_no_message,2207,message_weights.0,8192,2523,5669,0.23078098893165588,2755,2523,0.23078098893165588
activity/outer4/final/original_no_message/s2207,original_no_message,2207,message_weights.1,8192,3744,4448,0.1889687329530716,3968,3744,0.1889687329530716
activity/outer4/final/original_no_message/s2207,original_no_message,2207,readout.0.weight,131584,61851,69733,2.409621000289917,96576,61851,2.409621000289917
activity/outer4/final/original_no_message/s2207,original_no_message,2207,readout.0.bias,64,41,23,0.07827705889940262,64,41,0.07827705889940262
activity/outer4/final/original_no_message/s2207,original_no_message,2207,readout.3.weight,64,41,23,0.4872894287109375,64,41,0.4872894287109375
activity/outer4/final/original_no_message/s2207,original_no_message,2207,readout.3.bias,1,1,0,0.21303632855415344,1,1,0.21303632855415344
activity/outer4/final/original_no_message/s3301,original_no_message,3301,embed.weight,2976,1639,1337,1.4865134954452515,1685,1639,1.4865134954452515
activity/outer4/final/original_no_message/s3301,original_no_message,3301,embed.bias,32,32,0,0.7708227634429932,32,32,0.7708227634429932
activity/outer4/final/original_no_message/s3301,original_no_message,3301,self_layers.0.weight,1024,831,193,0.14958123862743378,869,831,0.14958123862743378
activity/outer4/final/original_no_message/s3301,original_no_message,3301,self_layers.0.bias,32,26,6,0.23695482313632965,28,26,0.23695482313632965
activity/outer4/final/original_no_message/s3301,original_no_message,3301,self_layers.1.weight,1024,1024,0,0.16609962284564972,1024,1024,0.16609962284564972
activity/outer4/final/original_no_message/s3301,original_no_message,3301,self_layers.1.bias,32,32,0,0.03741712123155594,32,32,0.03741712123155594
activity/outer4/final/original_no_message/s3301,original_no_message,3301,norms.0.weight,32,32,0,0.055320557206869125,32,32,0.055320557206869125
activity/outer4/final/original_no_message/s3301,original_no_message,3301,norms.0.bias,32,32,0,0.08961590379476547,32,32,0.08961590379476547
activity/outer4/final/original_no_message/s3301,original_no_message,3301,norms.1.weight,32,32,0,0.057958271354436874,32,32,0.057958271354436874
activity/outer4/final/original_no_message/s3301,original_no_message,3301,norms.1.bias,32,32,0,0.10560940951108932,32,32,0.10560940951108932
activity/outer4/final/original_no_message/s3301,original_no_message,3301,message_weights.0,8192,2878,5314,0.09253664314746857,3074,2878,0.09253664314746857
activity/outer4/final/original_no_message/s3301,original_no_message,3301,message_weights.1,8192,3648,4544,0.0987849086523056,4064,3648,0.0987849086523056
activity/outer4/final/original_no_message/s3301,original_no_message,3301,readout.0.weight,131584,60792,70792,1.2312471866607666,96608,60792,1.2312471866607666
activity/outer4/final/original_no_message/s3301,original_no_message,3301,readout.0.bias,64,40,24,0.03923552483320236,64,40,0.03923552483320236
activity/outer4/final/original_no_message/s3301,original_no_message,3301,readout.3.weight,64,40,24,0.2198472023010254,64,40,0.2198472023010254
activity/outer4/final/original_no_message/s3301,original_no_message,3301,readout.3.bias,1,1,0,0.09209106862545013,1,1,0.09209106862545013
activity/outer4/final/original_no_message/s4409,original_no_message,4409,embed.weight,2976,1624,1352,2.0568478107452393,1669,1624,2.0568478107452393
activity/outer4/final/original_no_message/s4409,original_no_message,4409,embed.bias,32,32,0,1.1151056289672852,32,32,1.1151056289672852
activity/outer4/final/original_no_message/s4409,original_no_message,4409,self_layers.0.weight,1024,794,230,0.251201331615448,884,794,0.251201331615448
activity/outer4/final/original_no_message/s4409,original_no_message,4409,self_layers.0.bias,32,26,6,0.5078264474868774,29,26,0.5078264474868774
activity/outer4/final/original_no_message/s4409,original_no_message,4409,self_layers.1.weight,1024,1024,0,0.16377811133861542,1024,1024,0.16377811133861542
activity/outer4/final/original_no_message/s4409,original_no_message,4409,self_layers.1.bias,32,32,0,0.03617006912827492,32,32,0.03617006912827492
activity/outer4/final/original_no_message/s4409,original_no_message,4409,norms.0.weight,32,32,0,0.05676223337650299,32,32,0.05676223337650299
activity/outer4/final/original_no_message/s4409,original_no_message,4409,norms.0.bias,32,32,0,0.1008777990937233,32,32,0.1008777990937233
activity/outer4/final/original_no_message/s4409,original_no_message,4409,norms.1.weight,32,32,0,0.049225788563489914,32,32,0.049225788563489914
activity/outer4/final/original_no_message/s4409,original_no_message,4409,norms.1.bias,32,32,0,0.0948605015873909,32,32,0.0948605015873909
activity/outer4/final/original_no_message/s4409,original_no_message,4409,message_weights.0,8192,2721,5471,0.15262426435947418,2992,2721,0.15262426435947418
activity/outer4/final/original_no_message/s4409,original_no_message,4409,message_weights.1,8192,3840,4352,0.10061822086572647,4000,3840,0.10061822086572647
activity/outer4/final/original_no_message/s4409,original_no_message,4409,readout.0.weight,131584,58354,73230,1.314206600189209,96576,58354,1.314206600189209
activity/outer4/final/original_no_message/s4409,original_no_message,4409,readout.0.bias,64,38,26,0.04248276352882385,64,38,0.04248276352882385
activity/outer4/final/original_no_message/s4409,original_no_message,4409,readout.3.weight,64,38,26,0.36210915446281433,64,38,0.36210915446281433
activity/outer4/final/original_no_message/s4409,original_no_message,4409,readout.3.bias,1,1,0,0.11651962250471115,1,1,0.11651962250471115
activity/outer4/final/original_no_message/s5519,original_no_message,5519,embed.weight,2976,1653,1323,1.4380601644515991,1715,1653,1.4380601644515991
activity/outer4/final/original_no_message/s5519,original_no_message,5519,embed.bias,32,32,0,0.7196481227874756,32,32,0.7196481227874756
activity/outer4/final/original_no_message/s5519,original_no_message,5519,self_layers.0.weight,1024,753,271,0.08238713443279266,873,753,0.08238713443279266
activity/outer4/final/original_no_message/s5519,original_no_message,5519,self_layers.0.bias,32,24,8,0.13002942502498627,30,24,0.13002942502498627
activity/outer4/final/original_no_message/s5519,original_no_message,5519,self_layers.1.weight,1024,1024,0,0.10760542750358582,1024,1024,0.10760542750358582
activity/outer4/final/original_no_message/s5519,original_no_message,5519,self_layers.1.bias,32,32,0,0.02363770827651024,32,32,0.02363770827651024
activity/outer4/final/original_no_message/s5519,original_no_message,5519,norms.0.weight,32,32,0,0.04548932611942291,32,32,0.04548932611942291
activity/outer4/final/original_no_message/s5519,original_no_message,5519,norms.0.bias,32,32,0,0.06103986129164696,32,32,0.06103986129164696
activity/outer4/final/original_no_message/s5519,original_no_message,5519,norms.1.weight,32,32,0,0.05243778973817825,32,32,0.05243778973817825
activity/outer4/final/original_no_message/s5519,original_no_message,5519,norms.1.bias,32,32,0,0.06177541986107826,32,32,0.06177541986107826
activity/outer4/final/original_no_message/s5519,original_no_message,5519,message_weights.0,8192,2522,5670,0.05331684648990631,2935,2522,0.05331684648990631
activity/outer4/final/original_no_message/s5519,original_no_message,5519,message_weights.1,8192,3520,4672,0.0665128231048584,4000,3520,0.0665128231048584
activity/outer4/final/original_no_message/s5519,original_no_message,5519,readout.0.weight,131584,69834,61750,1.0770397186279297,97312,69834,1.0770397186279297
activity/outer4/final/original_no_message/s5519,original_no_message,5519,readout.0.bias,64,46,18,0.034689076244831085,64,46,0.034689076244831085
activity/outer4/final/original_no_message/s5519,original_no_message,5519,readout.3.weight,64,46,18,0.25781846046447754,64,46,0.25781846046447754
activity/outer4/final/original_no_message/s5519,original_no_message,5519,readout.3.bias,1,1,0,0.09211558103561401,1,1,0.09211558103561401
activity/outer4/final/original_no_message/s6637,original_no_message,6637,embed.weight,2976,1515,1461,3.795102119445801,1606,1515,3.795102119445801
activity/outer4/final/original_no_message/s6637,original_no_message,6637,embed.bias,32,31,1,2.071666955947876,31,31,2.071666955947876
activity/outer4/final/original_no_message/s6637,original_no_message,6637,self_layers.0.weight,1024,829,195,0.30212631821632385,864,829,0.30212631821632385
activity/outer4/final/original_no_message/s6637,original_no_message,6637,self_layers.0.bias,32,27,5,0.7686237692832947,28,27,0.7686237692832947
activity/outer4/final/original_no_message/s6637,original_no_message,6637,self_layers.1.weight,1024,1024,0,0.24204815924167633,1024,1024,0.24204815924167633
activity/outer4/final/original_no_message/s6637,original_no_message,6637,self_layers.1.bias,32,32,0,0.05049864947795868,32,32,0.05049864947795868
activity/outer4/final/original_no_message/s6637,original_no_message,6637,norms.0.weight,32,32,0,0.10070891678333282,32,32,0.10070891678333282
activity/outer4/final/original_no_message/s6637,original_no_message,6637,norms.0.bias,32,32,0,0.18811024725437164,32,32,0.18811024725437164
activity/outer4/final/original_no_message/s6637,original_no_message,6637,norms.1.weight,32,32,0,0.10968272387981415,32,32,0.10968272387981415
activity/outer4/final/original_no_message/s6637,original_no_message,6637,norms.1.bias,32,32,0,0.20095418393611908,32,32,0.20095418393611908
activity/outer4/final/original_no_message/s6637,original_no_message,6637,message_weights.0,8192,2764,5428,0.18204647302627563,3038,2764,0.18204647302627563
activity/outer4/final/original_no_message/s6637,original_no_message,6637,message_weights.1,8192,3648,4544,0.14734987914562225,4000,3648,0.14734987914562225
activity/outer4/final/original_no_message/s6637,original_no_message,6637,readout.0.weight,131584,58997,72587,2.245011568069458,96544,58997,2.245011568069458
activity/outer4/final/original_no_message/s6637,original_no_message,6637,readout.0.bias,64,39,25,0.07253842055797577,64,39,0.07253842055797577
activity/outer4/final/original_no_message/s6637,original_no_message,6637,readout.3.weight,64,39,25,0.3523576855659485,64,39,0.3523576855659485
activity/outer4/final/original_no_message/s6637,original_no_message,6637,readout.3.bias,1,1,0,0.177726611495018,1,1,0.177726611495018
activity/outer4/final/original_no_message/s7753,original_no_message,7753,embed.weight,2976,1541,1435,1.7765843868255615,1618,1541,1.7765843868255615
activity/outer4/final/original_no_message/s7753,original_no_message,7753,embed.bias,32,31,1,0.8336005806922913,32,31,0.8336005806922913
activity/outer4/final/original_no_message/s7753,original_no_message,7753,self_layers.0.weight,1024,802,222,0.23324890434741974,855,802,0.23324890434741974
activity/outer4/final/original_no_message/s7753,original_no_message,7753,self_layers.0.bias,32,26,6,0.5391645431518555,27,26,0.5391645431518555
activity/outer4/final/original_no_message/s7753,original_no_message,7753,self_layers.1.weight,1024,1024,0,0.1421356499195099,1024,1024,0.1421356499195099
activity/outer4/final/original_no_message/s7753,original_no_message,7753,self_layers.1.bias,32,32,0,0.025607885792851448,32,32,0.025607885792851448
activity/outer4/final/original_no_message/s7753,original_no_message,7753,norms.0.weight,32,32,0,0.05182762071490288,32,32,0.05182762071490288
activity/outer4/final/original_no_message/s7753,original_no_message,7753,norms.0.bias,32,32,0,0.05820590630173683,32,32,0.05820590630173683
activity/outer4/final/original_no_message/s7753,original_no_message,7753,norms.1.weight,32,32,0,0.05759076774120331,32,32,0.05759076774120331
activity/outer4/final/original_no_message/s7753,original_no_message,7753,norms.1.bias,32,32,0,0.06504981219768524,32,32,0.06504981219768524
activity/outer4/final/original_no_message/s7753,original_no_message,7753,message_weights.0,8192,2814,5378,0.14080825448036194,3077,2814,0.14080825448036194
activity/outer4/final/original_no_message/s7753,original_no_message,7753,message_weights.1,8192,3616,4576,0.08630675077438354,3936,3616,0.08630675077438354
activity/outer4/final/original_no_message/s7753,original_no_message,7753,readout.0.weight,131584,69418,62166,1.3892654180526733,97184,69418,1.3892654180526733
activity/outer4/final/original_no_message/s7753,original_no_message,7753,readout.0.bias,64,46,18,0.04213700070977211,64,46,0.04213700070977211
activity/outer4/final/original_no_message/s7753,original_no_message,7753,readout.3.weight,64,46,18,0.21556922793388367,64,46,0.21556922793388367
activity/outer4/final/original_no_message/s7753,original_no_message,7753,readout.3.bias,1,1,0,0.09628408402204514,1,1,0.09628408402204514
activity/outer4/final/original_no_message/s8867,original_no_message,8867,embed.weight,2976,1659,1317,3.917396306991577,1684,1659,3.917396306991577
activity/outer4/final/original_no_message/s8867,original_no_message,8867,embed.bias,32,32,0,2.141869068145752,32,32,2.141869068145752
activity/outer4/final/original_no_message/s8867,original_no_message,8867,self_layers.0.weight,1024,784,240,0.7868652939796448,829,784,0.7868652939796448
activity/outer4/final/original_no_message/s8867,original_no_message,8867,self_layers.0.bias,32,25,7,1.2111518383026123,27,25,1.2111518383026123
activity/outer4/final/original_no_message/s8867,original_no_message,8867,self_layers.1.weight,1024,1024,0,0.4809325933456421,1024,1024,0.4809325933456421
activity/outer4/final/original_no_message/s8867,original_no_message,8867,self_layers.1.bias,32,32,0,0.10464783012866974,32,32,0.10464783012866974
activity/outer4/final/original_no_message/s8867,original_no_message,8867,norms.0.weight,32,32,0,0.1222653016448021,32,32,0.1222653016448021
activity/outer4/final/original_no_message/s8867,original_no_message,8867,norms.0.bias,32,32,0,0.2312181442975998,32,32,0.2312181442975998
activity/outer4/final/original_no_message/s8867,original_no_message,8867,norms.1.weight,32,32,0,0.1018650159239769,32,32,0.1018650159239769
activity/outer4/final/original_no_message/s8867,original_no_message,8867,norms.1.bias,32,32,0,0.24389736354351044,32,32,0.24389736354351044
activity/outer4/final/original_no_message/s8867,original_no_message,8867,message_weights.0,8192,2672,5520,0.47879353165626526,2851,2672,0.47879353165626526
activity/outer4/final/original_no_message/s8867,original_no_message,8867,message_weights.1,8192,3680,4512,0.29208725690841675,3744,3680,0.29208725690841675
activity/outer4/final/original_no_message/s8867,original_no_message,8867,readout.0.weight,131584,59957,71627,3.5032479763031006,94237,59957,3.5032479763031006
activity/outer4/final/original_no_message/s8867,original_no_message,8867,readout.0.bias,64,39,25,0.10667119920253754,63,39,0.10667119920253754
activity/outer4/final/original_no_message/s8867,original_no_message,8867,readout.3.weight,64,39,25,1.0780342817306519,63,39,1.0780342817306519
activity/outer4/final/original_no_message/s8867,original_no_message,8867,readout.3.bias,1,1,0,0.2642926871776581,1,1,0.2642926871776581
activity/outer4/final/original_no_message/s9973,original_no_message,9973,embed.weight,2976,1638,1338,1.928100347518921,1695,1638,1.928100347518921
activity/outer4/final/original_no_message/s9973,original_no_message,9973,embed.bias,32,32,0,1.0211282968521118,32,32,1.0211282968521118
activity/outer4/final/original_no_message/s9973,original_no_message,9973,self_layers.0.weight,1024,798,226,0.18528077006340027,849,798,0.18528077006340027
activity/outer4/final/original_no_message/s9973,original_no_message,9973,self_layers.0.bias,32,25,7,0.28973057866096497,27,25,0.28973057866096497
activity/outer4/final/original_no_message/s9973,original_no_message,9973,self_layers.1.weight,1024,1024,0,0.18368616700172424,1024,1024,0.18368616700172424
activity/outer4/final/original_no_message/s9973,original_no_message,9973,self_layers.1.bias,32,32,0,0.038356903940439224,32,32,0.038356903940439224
activity/outer4/final/original_no_message/s9973,original_no_message,9973,norms.0.weight,32,32,0,0.07511758804321289,32,32,0.07511758804321289
activity/outer4/final/original_no_message/s9973,original_no_message,9973,norms.0.bias,32,32,0,0.09525391459465027,32,32,0.09525391459465027
activity/outer4/final/original_no_message/s9973,original_no_message,9973,norms.1.weight,32,32,0,0.05565367639064789,32,32,0.05565367639064789
activity/outer4/final/original_no_message/s9973,original_no_message,9973,norms.1.bias,32,32,0,0.09250547736883163,32,32,0.09250547736883163
activity/outer4/final/original_no_message/s9973,original_no_message,9973,message_weights.0,8192,2773,5419,0.11695859581232071,3095,2773,0.11695859581232071
activity/outer4/final/original_no_message/s9973,original_no_message,9973,message_weights.1,8192,3680,4512,0.114466592669487,3968,3680,0.114466592669487
activity/outer4/final/original_no_message/s9973,original_no_message,9973,readout.0.weight,131584,57266,74318,1.3071378469467163,97184,57266,1.3071378469467163
activity/outer4/final/original_no_message/s9973,original_no_message,9973,readout.0.bias,64,38,26,0.042375802993774414,64,38,0.042375802993774414
activity/outer4/final/original_no_message/s9973,original_no_message,9973,readout.3.weight,64,38,26,0.37723562121391296,64,38,0.37723562121391296
activity/outer4/final/original_no_message/s9973,original_no_message,9973,readout.3.bias,1,1,0,0.12164847552776337,1,1,0.12164847552776337
activity/outer4/final/token_cnn/s11027,token_cnn,11027,embed.weight,2976,1637,1339,1.5785191059112549,2976,1637,1.5785191059112549
activity/outer4/final/token_cnn/s11027,token_cnn,11027,embed.bias,32,32,0,0.760064959526062,32,32,0.760064959526062
activity/outer4/final/token_cnn/s11027,token_cnn,11027,layers.0.weight,3072,2784,288,0.15664780139923096,3072,2784,0.15664780139923096
activity/outer4/final/token_cnn/s11027,token_cnn,11027,layers.0.bias,32,29,3,0.12387200444936752,32,29,0.12387200444936752
activity/outer4/final/token_cnn/s11027,token_cnn,11027,layers.3.weight,3072,2088,984,0.18002469837665558,3072,2088,0.18002469837665558
activity/outer4/final/token_cnn/s11027,token_cnn,11027,layers.3.bias,32,24,8,0.31158536672592163,32,24,0.31158536672592163
activity/outer4/final/token_cnn/s11027,token_cnn,11027,readout.0.weight,131584,57214,74370,0.7414181232452393,131584,57214,0.7414181232452393
activity/outer4/final/token_cnn/s11027,token_cnn,11027,readout.0.bias,64,38,26,0.20085974037647247,64,38,0.20085974037647247
activity/outer4/final/token_cnn/s11027,token_cnn,11027,readout.3.weight,64,38,26,0.286123663187027,64,38,0.286123663187027
activity/outer4/final/token_cnn/s11027,token_cnn,11027,readout.3.bias,1,1,0,0.2636757791042328,1,1,0.2636757791042328
activity/outer4/final/token_cnn/s1103,token_cnn,1103,embed.weight,2976,1707,1269,1.5499517917633057,2976,1707,1.5499517917633057
activity/outer4/final/token_cnn/s1103,token_cnn,1103,embed.bias,32,32,0,0.8557448983192444,32,32,0.8557448983192444
activity/outer4/final/token_cnn/s1103,token_cnn,1103,layers.0.weight,3072,2688,384,0.2414412945508957,3072,2688,0.2414412945508957
activity/outer4/final/token_cnn/s1103,token_cnn,1103,layers.0.bias,32,28,4,0.22866052389144897,32,28,0.22866052389144897
activity/outer4/final/token_cnn/s1103,token_cnn,1103,layers.3.weight,3072,2604,468,0.25915905833244324,3072,2604,0.25915905833244324
activity/outer4/final/token_cnn/s1103,token_cnn,1103,layers.3.bias,32,31,1,0.3914465606212616,32,31,0.3914465606212616
activity/outer4/final/token_cnn/s1103,token_cnn,1103,readout.0.weight,131584,35176,96408,0.6904334425926208,131584,35176,0.6904334425926208
activity/outer4/final/token_cnn/s1103,token_cnn,1103,readout.0.bias,64,23,41,0.13726358115673065,64,23,0.13726358115673065
activity/outer4/final/token_cnn/s1103,token_cnn,1103,readout.3.weight,64,23,41,0.5977489948272705,64,23,0.5977489948272705
activity/outer4/final/token_cnn/s1103,token_cnn,1103,readout.3.bias,1,1,0,0.24516081809997559,1,1,0.24516081809997559
activity/outer4/final/token_cnn/s2207,token_cnn,2207,embed.weight,2976,1674,1302,0.6919400095939636,2976,1674,0.6919400095939636
activity/outer4/final/token_cnn/s2207,token_cnn,2207,embed.bias,32,32,0,0.2959468364715576,32,32,0.2959468364715576
activity/outer4/final/token_cnn/s2207,token_cnn,2207,layers.0.weight,3072,2880,192,0.10258593410253525,3072,2880,0.10258593410253525
activity/outer4/final/token_cnn/s2207,token_cnn,2207,layers.0.bias,32,30,2,0.0939304307103157,32,30,0.0939304307103157
activity/outer4/final/token_cnn/s2207,token_cnn,2207,layers.3.weight,3072,2520,552,0.0987149327993393,3072,2520,0.0987149327993393
activity/outer4/final/token_cnn/s2207,token_cnn,2207,layers.3.bias,32,28,4,0.16425970196723938,32,28,0.16425970196723938
activity/outer4/final/token_cnn/s2207,token_cnn,2207,readout.0.weight,131584,38114,93470,0.3381367325782776,131584,38114,0.3381367325782776
activity/outer4/final/token_cnn/s2207,token_cnn,2207,readout.0.bias,64,25,39,0.08436867594718933,64,25,0.08436867594718933
activity/outer4/final/token_cnn/s2207,token_cnn,2207,readout.3.weight,64,25,39,0.18114106357097626,64,25,0.18114106357097626
activity/outer4/final/token_cnn/s2207,token_cnn,2207,readout.3.bias,1,1,0,0.12415353953838348,1,1,0.12415353953838348
activity/outer4/final/token_cnn/s3301,token_cnn,3301,embed.weight,2976,1598,1378,0.4202393591403961,2976,1598,0.4202393591403961
activity/outer4/final/token_cnn/s3301,token_cnn,3301,embed.bias,32,31,1,0.20418773591518402,32,31,0.20418773591518402
activity/outer4/final/token_cnn/s3301,token_cnn,3301,layers.0.weight,3072,2883,189,0.07114701718091965,3072,2883,0.07114701718091965
activity/outer4/final/token_cnn/s3301,token_cnn,3301,layers.0.bias,32,31,1,0.06813134253025055,32,31,0.06813134253025055
activity/outer4/final/token_cnn/s3301,token_cnn,3301,layers.3.weight,3072,2697,375,0.08835490047931671,3072,2697,0.08835490047931671
activity/outer4/final/token_cnn/s3301,token_cnn,3301,layers.3.bias,32,29,3,0.1297476887702942,32,29,0.1297476887702942
activity/outer4/final/token_cnn/s3301,token_cnn,3301,readout.0.weight,131584,41036,90548,0.27146652340888977,131584,41036,0.27146652340888977
activity/outer4/final/token_cnn/s3301,token_cnn,3301,readout.0.bias,64,27,37,0.05833498761057854,64,27,0.05833498761057854
activity/outer4/final/token_cnn/s3301,token_cnn,3301,readout.3.weight,64,27,37,0.1730186641216278,64,27,0.1730186641216278
activity/outer4/final/token_cnn/s3301,token_cnn,3301,readout.3.bias,1,1,0,0.06396178901195526,1,1,0.06396178901195526
activity/outer4/final/token_cnn/s4409,token_cnn,4409,embed.weight,2976,1665,1311,0.5913958549499512,2976,1665,0.5913958549499512
activity/outer4/final/token_cnn/s4409,token_cnn,4409,embed.bias,32,32,0,0.28773850202560425,32,32,0.28773850202560425
activity/outer4/final/token_cnn/s4409,token_cnn,4409,layers.0.weight,3072,2976,96,0.08383437246084213,3072,2976,0.08383437246084213
activity/outer4/final/token_cnn/s4409,token_cnn,4409,layers.0.bias,32,31,1,0.05641496554017067,32,31,0.05641496554017067
activity/outer4/final/token_cnn/s4409,token_cnn,4409,layers.3.weight,3072,2511,561,0.07913725078105927,3072,2511,0.07913725078105927
activity/outer4/final/token_cnn/s4409,token_cnn,4409,layers.3.bias,32,27,5,0.09741584211587906,32,27,0.09741584211587906
activity/outer4/final/token_cnn/s4409,token_cnn,4409,readout.0.weight,131584,24445,107139,0.3011808693408966,131584,24445,0.3011808693408966
activity/outer4/final/token_cnn/s4409,token_cnn,4409,readout.0.bias,64,16,48,0.06799470633268356,64,16,0.06799470633268356
activity/outer4/final/token_cnn/s4409,token_cnn,4409,readout.3.weight,64,16,48,0.20659080147743225,64,16,0.20659080147743225
activity/outer4/final/token_cnn/s4409,token_cnn,4409,readout.3.bias,1,1,0,0.1199958473443985,1,1,0.1199958473443985
activity/outer4/final/token_cnn/s5519,token_cnn,5519,embed.weight,2976,1668,1308,1.054945945739746,2976,1668,1.054945945739746
activity/outer4/final/token_cnn/s5519,token_cnn,5519,embed.bias,32,32,0,0.5744278430938721,32,32,0.5744278430938721
activity/outer4/final/token_cnn/s5519,token_cnn,5519,layers.0.weight,3072,2880,192,0.14774584770202637,3072,2880,0.14774584770202637
activity/outer4/final/token_cnn/s5519,token_cnn,5519,layers.0.bias,32,30,2,0.1252860724925995,32,30,0.1252860724925995
activity/outer4/final/token_cnn/s5519,token_cnn,5519,layers.3.weight,3072,2700,372,0.15821483731269836,3072,2700,0.15821483731269836
activity/outer4/final/token_cnn/s5519,token_cnn,5519,layers.3.bias,32,30,2,0.2417111098766327,32,30,0.2417111098766327
activity/outer4/final/token_cnn/s5519,token_cnn,5519,readout.0.weight,131584,39644,91940,0.45039889216423035,131584,39644,0.45039889216423035
activity/outer4/final/token_cnn/s5519,token_cnn,5519,readout.0.bias,64,26,38,0.09772610664367676,64,26,0.09772610664367676
activity/outer4/final/token_cnn/s5519,token_cnn,5519,readout.3.weight,64,26,38,0.3565641939640045,64,26,0.3565641939640045
activity/outer4/final/token_cnn/s5519,token_cnn,5519,readout.3.bias,1,1,0,0.17045938968658447,1,1,0.17045938968658447
activity/outer4/final/token_cnn/s6637,token_cnn,6637,embed.weight,2976,1581,1395,0.45100754499435425,2976,1581,0.45100754499435425
activity/outer4/final/token_cnn/s6637,token_cnn,6637,embed.bias,32,31,1,0.23259438574314117,32,31,0.23259438574314117
activity/outer4/final/token_cnn/s6637,token_cnn,6637,layers.0.weight,3072,2883,189,0.05388029292225838,3072,2883,0.05388029292225838
activity/outer4/final/token_cnn/s6637,token_cnn,6637,layers.0.bias,32,31,1,0.04765097424387932,32,31,0.04765097424387932
activity/outer4/final/token_cnn/s6637,token_cnn,6637,layers.3.weight,3072,1953,1119,0.055157456547021866,3072,1953,0.055157456547021866
activity/outer4/final/token_cnn/s6637,token_cnn,6637,layers.3.bias,32,21,11,0.10646110028028488,32,21,0.10646110028028488
activity/outer4/final/token_cnn/s6637,token_cnn,6637,readout.0.weight,131584,45480,86104,0.23490922152996063,131584,45480,0.23490922152996063
activity/outer4/final/token_cnn/s6637,token_cnn,6637,readout.0.bias,64,30,34,0.064810611307621,64,30,0.064810611307621
activity/outer4/final/token_cnn/s6637,token_cnn,6637,readout.3.weight,64,30,34,0.12582853436470032,64,30,0.12582853436470032
activity/outer4/final/token_cnn/s6637,token_cnn,6637,readout.3.bias,1,1,0,0.08757980912923813,1,1,0.08757980912923813
activity/outer4/final/token_cnn/s7753,token_cnn,7753,embed.weight,2976,1682,1294,1.2293490171432495,2976,1682,1.2293490171432495
activity/outer4/final/token_cnn/s7753,token_cnn,7753,embed.bias,32,32,0,0.6970471739768982,32,32,0.6970471739768982
activity/outer4/final/token_cnn/s7753,token_cnn,7753,layers.0.weight,3072,2976,96,0.2774876058101654,3072,2976,0.2774876058101654
activity/outer4/final/token_cnn/s7753,token_cnn,7753,layers.0.bias,32,31,1,0.319519966840744,32,31,0.319519966840744
activity/outer4/final/token_cnn/s7753,token_cnn,7753,layers.3.weight,3072,2787,285,0.18826009333133698,3072,2787,0.18826009333133698
activity/outer4/final/token_cnn/s7753,token_cnn,7753,layers.3.bias,32,30,2,0.3056338429450989,32,30,0.3056338429450989
activity/outer4/final/token_cnn/s7753,token_cnn,7753,readout.0.weight,131584,24371,107213,0.5753164291381836,131584,24371,0.5753164291381836
activity/outer4/final/token_cnn/s7753,token_cnn,7753,readout.0.bias,64,16,48,0.14087940752506256,64,16,0.14087940752506256
activity/outer4/final/token_cnn/s7753,token_cnn,7753,readout.3.weight,64,16,48,0.3218578100204468,64,16,0.3218578100204468
activity/outer4/final/token_cnn/s7753,token_cnn,7753,readout.3.bias,1,1,0,0.1800529807806015,1,1,0.1800529807806015
activity/outer4/final/token_cnn/s8867,token_cnn,8867,embed.weight,2976,1682,1294,0.499051034450531,2976,1682,0.499051034450531
activity/outer4/final/token_cnn/s8867,token_cnn,8867,embed.bias,32,32,0,0.28451430797576904,32,32,0.28451430797576904
activity/outer4/final/token_cnn/s8867,token_cnn,8867,layers.0.weight,3072,2976,96,0.11491069197654724,3072,2976,0.11491069197654724
activity/outer4/final/token_cnn/s8867,token_cnn,8867,layers.0.bias,32,31,1,0.10032522678375244,32,31,0.10032522678375244
activity/outer4/final/token_cnn/s8867,token_cnn,8867,layers.3.weight,3072,2697,375,0.07298628240823746,3072,2697,0.07298628240823746
activity/outer4/final/token_cnn/s8867,token_cnn,8867,layers.3.bias,32,29,3,0.07084567099809647,32,29,0.07084567099809647
activity/outer4/final/token_cnn/s8867,token_cnn,8867,readout.0.weight,131584,26092,105492,0.2329782098531723,131584,26092,0.2329782098531723
activity/outer4/final/token_cnn/s8867,token_cnn,8867,readout.0.bias,64,17,47,0.03708196058869362,64,17,0.03708196058869362
activity/outer4/final/token_cnn/s8867,token_cnn,8867,readout.3.weight,64,17,47,0.1413622349500656,64,17,0.1413622349500656
activity/outer4/final/token_cnn/s8867,token_cnn,8867,readout.3.bias,1,1,0,0.03451327979564667,1,1,0.03451327979564667
activity/outer4/final/token_cnn/s9973,token_cnn,9973,embed.weight,2976,1632,1344,0.4724237322807312,2976,1632,0.4724237322807312
activity/outer4/final/token_cnn/s9973,token_cnn,9973,embed.bias,32,32,0,0.24704623222351074,32,32,0.24704623222351074
activity/outer4/final/token_cnn/s9973,token_cnn,9973,layers.0.weight,3072,2976,96,0.0924675315618515,3072,2976,0.0924675315618515
activity/outer4/final/token_cnn/s9973,token_cnn,9973,layers.0.bias,32,31,1,0.06702450662851334,32,31,0.06702450662851334
activity/outer4/final/token_cnn/s9973,token_cnn,9973,layers.3.weight,3072,2604,468,0.07573385536670685,3072,2604,0.07573385536670685
activity/outer4/final/token_cnn/s9973,token_cnn,9973,layers.3.bias,32,28,4,0.12088725715875626,32,28,0.12088725715875626
activity/outer4/final/token_cnn/s9973,token_cnn,9973,readout.0.weight,131584,29164,102420,0.19352905452251434,131584,29164,0.19352905452251434
activity/outer4/final/token_cnn/s9973,token_cnn,9973,readout.0.bias,64,19,45,0.039042647927999496,64,19,0.039042647927999496
activity/outer4/final/token_cnn/s9973,token_cnn,9973,readout.3.weight,64,19,45,0.06580362468957901,64,19,0.06580362468957901
activity/outer4/final/token_cnn/s9973,token_cnn,9973,readout.3.bias,1,1,0,0.053083088248968124,1,1,0.053083088248968124
pair/b2outer0/final/activity_gnn/s11027,corrected_gnn,11027,embed.weight,2976,945,2031,0.8833206295967102,2976,945,0.8833206295967102
pair/b2outer0/final/activity_gnn/s11027,corrected_gnn,11027,embed.bias,32,31,1,0.3419821858406067,32,31,0.3419821858406067
pair/b2outer0/final/activity_gnn/s11027,corrected_gnn,11027,self_layers.0.weight,1024,633,391,0.18852023780345917,1024,633,0.18852023780345917
pair/b2outer0/final/activity_gnn/s11027,corrected_gnn,11027,self_layers.0.bias,32,21,11,0.41830161213874817,32,21,0.41830161213874817
pair/b2outer0/final/activity_gnn/s11027,corrected_gnn,11027,self_layers.1.weight,1024,1024,0,0.20274260640144348,1024,1024,0.20274260640144348
pair/b2outer0/final/activity_gnn/s11027,corrected_gnn,11027,self_layers.1.bias,32,32,0,0.03521084040403366,32,32,0.03521084040403366
pair/b2outer0/final/activity_gnn/s11027,corrected_gnn,11027,norms.0.weight,32,32,0,0.05358005687594414,32,32,0.05358005687594414
pair/b2outer0/final/activity_gnn/s11027,corrected_gnn,11027,norms.0.bias,32,32,0,0.05484197661280632,32,32,0.05484197661280632
pair/b2outer0/final/activity_gnn/s11027,corrected_gnn,11027,norms.1.weight,32,32,0,0.05340695008635521,32,32,0.05340695008635521
pair/b2outer0/final/activity_gnn/s11027,corrected_gnn,11027,norms.1.bias,32,32,0,0.06054578348994255,32,32,0.06054578348994255
pair/b2outer0/final/activity_gnn/s11027,corrected_gnn,11027,message_weights.0,8192,4192,4000,0.15355682373046875,8192,4192,0.15355682373046875
pair/b2outer0/final/activity_gnn/s11027,corrected_gnn,11027,message_weights.1,8192,7008,1184,0.16331323981285095,8192,7008,0.16331323981285095
pair/b2outer0/final/activity_gnn/s11027,corrected_gnn,11027,readout.0.weight,131584,25362,106222,4.766349792480469,131584,25362,4.766349792480469
pair/b2outer0/final/activity_gnn/s11027,corrected_gnn,11027,readout.0.bias,64,18,46,0.1372298151254654,64,18,0.1372298151254654
pair/b2outer0/final/activity_gnn/s11027,corrected_gnn,11027,readout.3.weight,64,18,46,2.9566283226013184,64,18,2.9566283226013184
pair/b2outer0/final/activity_gnn/s11027,corrected_gnn,11027,readout.3.bias,1,1,0,0.5426228642463684,1,1,0.5426228642463684
pair/b2outer0/final/activity_gnn/s1103,corrected_gnn,1103,embed.weight,2976,1024,1952,1.9852749109268188,2976,1024,1.9852749109268188
pair/b2outer0/final/activity_gnn/s1103,corrected_gnn,1103,embed.bias,32,32,0,0.8394579887390137,32,32,0.8394579887390137
pair/b2outer0/final/activity_gnn/s1103,corrected_gnn,1103,self_layers.0.weight,1024,635,389,0.43094801902770996,1024,635,0.43094801902770996
pair/b2outer0/final/activity_gnn/s1103,corrected_gnn,1103,self_layers.0.bias,32,21,11,0.6439245343208313,32,21,0.6439245343208313
pair/b2outer0/final/activity_gnn/s1103,corrected_gnn,1103,self_layers.1.weight,1024,1024,0,0.35553064942359924,1024,1024,0.35553064942359924
pair/b2outer0/final/activity_gnn/s1103,corrected_gnn,1103,self_layers.1.bias,32,32,0,0.06259382516145706,32,32,0.06259382516145706
pair/b2outer0/final/activity_gnn/s1103,corrected_gnn,1103,norms.0.weight,32,32,0,0.10514151304960251,32,32,0.10514151304960251
pair/b2outer0/final/activity_gnn/s1103,corrected_gnn,1103,norms.0.bias,32,32,0,0.09958108514547348,32,32,0.09958108514547348
pair/b2outer0/final/activity_gnn/s1103,corrected_gnn,1103,norms.1.weight,32,32,0,0.07623329013586044,32,32,0.07623329013586044
pair/b2outer0/final/activity_gnn/s1103,corrected_gnn,1103,norms.1.bias,32,32,0,0.10108744353055954,32,32,0.10108744353055954
pair/b2outer0/final/activity_gnn/s1103,corrected_gnn,1103,message_weights.0,8192,4230,3962,0.30878153443336487,8192,4230,0.30878153443336487
pair/b2outer0/final/activity_gnn/s1103,corrected_gnn,1103,message_weights.1,8192,7104,1088,0.2750892639160156,8192,7104,0.2750892639160156
pair/b2outer0/final/activity_gnn/s1103,corrected_gnn,1103,readout.0.weight,131584,38043,93541,7.734369277954102,131584,38043,7.734369277954102
pair/b2outer0/final/activity_gnn/s1103,corrected_gnn,1103,readout.0.bias,64,27,37,0.22396475076675415,64,27,0.22396475076675415
pair/b2outer0/final/activity_gnn/s1103,corrected_gnn,1103,readout.3.weight,64,27,37,3.5383777618408203,64,27,3.5383777618408203
pair/b2outer0/final/activity_gnn/s1103,corrected_gnn,1103,readout.3.bias,1,1,0,0.6995506286621094,1,1,0.6995506286621094
pair/b2outer0/final/activity_gnn/s2207,corrected_gnn,2207,embed.weight,2976,973,2003,1.760506510734558,2976,973,1.760506510734558
pair/b2outer0/final/activity_gnn/s2207,corrected_gnn,2207,embed.bias,32,31,1,0.8299965262413025,32,31,0.8299965262413025
pair/b2outer0/final/activity_gnn/s2207,corrected_gnn,2207,self_layers.0.weight,1024,702,322,0.38867437839508057,1024,702,0.38867437839508057
pair/b2outer0/final/activity_gnn/s2207,corrected_gnn,2207,self_layers.0.bias,32,23,9,0.6275168657302856,32,23,0.6275168657302856
pair/b2outer0/final/activity_gnn/s2207,corrected_gnn,2207,self_layers.1.weight,1024,1024,0,0.29534712433815,1024,1024,0.29534712433815
pair/b2outer0/final/activity_gnn/s2207,corrected_gnn,2207,self_layers.1.bias,32,32,0,0.0560188926756382,32,32,0.0560188926756382
pair/b2outer0/final/activity_gnn/s2207,corrected_gnn,2207,norms.0.weight,32,32,0,0.08198083192110062,32,32,0.08198083192110062
pair/b2outer0/final/activity_gnn/s2207,corrected_gnn,2207,norms.0.bias,32,32,0,0.09964702278375626,32,32,0.09964702278375626
pair/b2outer0/final/activity_gnn/s2207,corrected_gnn,2207,norms.1.weight,32,32,0,0.10248687118291855,32,32,0.10248687118291855
pair/b2outer0/final/activity_gnn/s2207,corrected_gnn,2207,norms.1.bias,32,32,0,0.11721254885196686,32,32,0.11721254885196686
pair/b2outer0/final/activity_gnn/s2207,corrected_gnn,2207,message_weights.0,8192,4650,3542,0.3195507526397705,8192,4650,0.3195507526397705
pair/b2outer0/final/activity_gnn/s2207,corrected_gnn,2207,message_weights.1,8192,6912,1280,0.24010317027568817,8192,6912,0.24010317027568817
pair/b2outer0/final/activity_gnn/s2207,corrected_gnn,2207,readout.0.weight,131584,28180,103404,6.9499030113220215,131584,28180,6.9499030113220215
pair/b2outer0/final/activity_gnn/s2207,corrected_gnn,2207,readout.0.bias,64,20,44,0.1962079256772995,64,20,0.1962079256772995
pair/b2outer0/final/activity_gnn/s2207,corrected_gnn,2207,readout.3.weight,64,20,44,4.485689163208008,64,20,4.485689163208008
pair/b2outer0/final/activity_gnn/s2207,corrected_gnn,2207,readout.3.bias,1,1,0,0.76636803150177,1,1,0.76636803150177
pair/b2outer0/final/activity_gnn/s3301,corrected_gnn,3301,embed.weight,2976,981,1995,1.4417455196380615,2976,981,1.4417455196380615
pair/b2outer0/final/activity_gnn/s3301,corrected_gnn,3301,embed.bias,32,31,1,0.5852580666542053,32,31,0.5852580666542053
pair/b2outer0/final/activity_gnn/s3301,corrected_gnn,3301,self_layers.0.weight,1024,759,265,0.3523716628551483,1024,759,0.3523716628551483
pair/b2outer0/final/activity_gnn/s3301,corrected_gnn,3301,self_layers.0.bias,32,26,6,0.5799897909164429,32,26,0.5799897909164429
pair/b2outer0/final/activity_gnn/s3301,corrected_gnn,3301,self_layers.1.weight,1024,1024,0,0.3459462821483612,1024,1024,0.3459462821483612
pair/b2outer0/final/activity_gnn/s3301,corrected_gnn,3301,self_layers.1.bias,32,32,0,0.06052102521061897,32,32,0.06052102521061897
pair/b2outer0/final/activity_gnn/s3301,corrected_gnn,3301,norms.0.weight,32,32,0,0.1242670789361,32,32,0.1242670789361
pair/b2outer0/final/activity_gnn/s3301,corrected_gnn,3301,norms.0.bias,32,32,0,0.1055404543876648,32,32,0.1055404543876648
pair/b2outer0/final/activity_gnn/s3301,corrected_gnn,3301,norms.1.weight,32,32,0,0.1370808333158493,32,32,0.1370808333158493
pair/b2outer0/final/activity_gnn/s3301,corrected_gnn,3301,norms.1.bias,32,32,0,0.12093702703714371,32,32,0.12093702703714371
pair/b2outer0/final/activity_gnn/s3301,corrected_gnn,3301,message_weights.0,8192,4937,3255,0.27730655670166016,8192,4937,0.27730655670166016
pair/b2outer0/final/activity_gnn/s3301,corrected_gnn,3301,message_weights.1,8192,6912,1280,0.2619936764240265,8192,6912,0.2619936764240265
pair/b2outer0/final/activity_gnn/s3301,corrected_gnn,3301,readout.0.weight,131584,22544,109040,7.9928812980651855,131584,22544,7.9928812980651855
pair/b2outer0/final/activity_gnn/s3301,corrected_gnn,3301,readout.0.bias,64,16,48,0.22276124358177185,64,16,0.22276124358177185
pair/b2outer0/final/activity_gnn/s3301,corrected_gnn,3301,readout.3.weight,64,16,48,4.781368732452393,64,16,4.781368732452393
pair/b2outer0/final/activity_gnn/s3301,corrected_gnn,3301,readout.3.bias,1,1,0,0.8026829957962036,1,1,0.8026829957962036
pair/b2outer0/final/activity_gnn/s4409,corrected_gnn,4409,embed.weight,2976,1060,1916,0.8976575136184692,2976,1060,0.8976575136184692
pair/b2outer0/final/activity_gnn/s4409,corrected_gnn,4409,embed.bias,32,32,0,0.28982993960380554,32,32,0.28982993960380554
pair/b2outer0/final/activity_gnn/s4409,corrected_gnn,4409,self_layers.0.weight,1024,792,232,0.18931415677070618,1024,792,0.18931415677070618
pair/b2outer0/final/activity_gnn/s4409,corrected_gnn,4409,self_layers.0.bias,32,26,6,0.2957456111907959,32,26,0.2957456111907959
pair/b2outer0/final/activity_gnn/s4409,corrected_gnn,4409,self_layers.1.weight,1024,992,32,0.17201432585716248,1024,992,0.17201432585716248
pair/b2outer0/final/activity_gnn/s4409,corrected_gnn,4409,self_layers.1.bias,32,31,1,0.02806284837424755,32,31,0.02806284837424755
pair/b2outer0/final/activity_gnn/s4409,corrected_gnn,4409,norms.0.weight,32,32,0,0.0489346869289875,32,32,0.0489346869289875
pair/b2outer0/final/activity_gnn/s4409,corrected_gnn,4409,norms.0.bias,32,32,0,0.050211936235427856,32,32,0.050211936235427856
pair/b2outer0/final/activity_gnn/s4409,corrected_gnn,4409,norms.1.weight,32,32,0,0.05350420996546745,32,32,0.05350420996546745
pair/b2outer0/final/activity_gnn/s4409,corrected_gnn,4409,norms.1.bias,32,32,0,0.05255400016903877,32,32,0.05255400016903877
pair/b2outer0/final/activity_gnn/s4409,corrected_gnn,4409,message_weights.0,8192,5186,3006,0.16938111186027527,8192,5186,0.16938111186027527
pair/b2outer0/final/activity_gnn/s4409,corrected_gnn,4409,message_weights.1,8192,6848,1344,0.14525267481803894,8192,6848,0.14525267481803894
pair/b2outer0/final/activity_gnn/s4409,corrected_gnn,4409,readout.0.weight,131584,22544,109040,4.110472202301025,131584,22544,4.110472202301025
pair/b2outer0/final/activity_gnn/s4409,corrected_gnn,4409,readout.0.bias,64,16,48,0.12152651697397232,64,16,0.12152651697397232
pair/b2outer0/final/activity_gnn/s4409,corrected_gnn,4409,readout.3.weight,64,16,48,2.3900034427642822,64,16,2.3900034427642822
pair/b2outer0/final/activity_gnn/s4409,corrected_gnn,4409,readout.3.bias,1,1,0,0.4862781763076782,1,1,0.4862781763076782
pair/b2outer0/final/activity_gnn/s5519,corrected_gnn,5519,embed.weight,2976,1076,1900,1.0078811645507812,2976,1076,1.0078811645507812
pair/b2outer0/final/activity_gnn/s5519,corrected_gnn,5519,embed.bias,32,32,0,0.38293224573135376,32,32,0.38293224573135376
pair/b2outer0/final/activity_gnn/s5519,corrected_gnn,5519,self_layers.0.weight,1024,696,328,0.17991599440574646,1024,696,0.17991599440574646
pair/b2outer0/final/activity_gnn/s5519,corrected_gnn,5519,self_layers.0.bias,32,23,9,0.3446601927280426,32,23,0.3446601927280426
pair/b2outer0/final/activity_gnn/s5519,corrected_gnn,5519,self_layers.1.weight,1024,992,32,0.18224024772644043,1024,992,0.18224024772644043
pair/b2outer0/final/activity_gnn/s5519,corrected_gnn,5519,self_layers.1.bias,32,31,1,0.028812510892748833,32,31,0.028812510892748833
pair/b2outer0/final/activity_gnn/s5519,corrected_gnn,5519,norms.0.weight,32,32,0,0.04665052890777588,32,32,0.04665052890777588
pair/b2outer0/final/activity_gnn/s5519,corrected_gnn,5519,norms.0.bias,32,32,0,0.05306638777256012,32,32,0.05306638777256012
pair/b2outer0/final/activity_gnn/s5519,corrected_gnn,5519,norms.1.weight,32,32,0,0.047262195497751236,32,32,0.047262195497751236
pair/b2outer0/final/activity_gnn/s5519,corrected_gnn,5519,norms.1.bias,32,32,0,0.06498131155967712,32,32,0.06498131155967712
pair/b2outer0/final/activity_gnn/s5519,corrected_gnn,5519,message_weights.0,8192,4575,3617,0.1543409675359726,8192,4575,0.1543409675359726
pair/b2outer0/final/activity_gnn/s5519,corrected_gnn,5519,message_weights.1,8192,6816,1376,0.14584021270275116,8192,6816,0.14584021270275116
pair/b2outer0/final/activity_gnn/s5519,corrected_gnn,5519,readout.0.weight,131584,18317,113267,4.537079811096191,131584,18317,4.537079811096191
pair/b2outer0/final/activity_gnn/s5519,corrected_gnn,5519,readout.0.bias,64,13,51,0.12857741117477417,64,13,0.12857741117477417
pair/b2outer0/final/activity_gnn/s5519,corrected_gnn,5519,readout.3.weight,64,13,51,2.925800085067749,64,13,2.925800085067749
pair/b2outer0/final/activity_gnn/s5519,corrected_gnn,5519,readout.3.bias,1,1,0,0.5933165550231934,1,1,0.5933165550231934
pair/b2outer0/final/activity_gnn/s6637,corrected_gnn,6637,embed.weight,2976,917,2059,0.9938260912895203,2976,917,0.9938260912895203
pair/b2outer0/final/activity_gnn/s6637,corrected_gnn,6637,embed.bias,32,30,2,0.5035442113876343,32,30,0.5035442113876343
pair/b2outer0/final/activity_gnn/s6637,corrected_gnn,6637,self_layers.0.weight,1024,749,275,0.2803023159503937,1024,749,0.2803023159503937
pair/b2outer0/final/activity_gnn/s6637,corrected_gnn,6637,self_layers.0.bias,32,26,6,0.5559186935424805,32,26,0.5559186935424805
pair/b2outer0/final/activity_gnn/s6637,corrected_gnn,6637,self_layers.1.weight,1024,960,64,0.17607435584068298,1024,960,0.17607435584068298
pair/b2outer0/final/activity_gnn/s6637,corrected_gnn,6637,self_layers.1.bias,32,30,2,0.032112155109643936,32,30,0.032112155109643936
pair/b2outer0/final/activity_gnn/s6637,corrected_gnn,6637,norms.0.weight,32,32,0,0.06597699970006943,32,32,0.06597699970006943
pair/b2outer0/final/activity_gnn/s6637,corrected_gnn,6637,norms.0.bias,32,32,0,0.06080856919288635,32,32,0.06080856919288635
pair/b2outer0/final/activity_gnn/s6637,corrected_gnn,6637,norms.1.weight,32,32,0,0.05742151662707329,32,32,0.05742151662707329
pair/b2outer0/final/activity_gnn/s6637,corrected_gnn,6637,norms.1.bias,32,32,0,0.055750321596860886,32,32,0.055750321596860886
pair/b2outer0/final/activity_gnn/s6637,corrected_gnn,6637,message_weights.0,8192,4846,3346,0.23859702050685883,8192,4846,0.23859702050685883
pair/b2outer0/final/activity_gnn/s6637,corrected_gnn,6637,message_weights.1,8192,6560,1632,0.14917400479316711,8192,6560,0.14917400479316711
pair/b2outer0/final/activity_gnn/s6637,corrected_gnn,6637,readout.0.weight,131584,8454,123130,3.941054582595825,131584,8454,3.941054582595825
pair/b2outer0/final/activity_gnn/s6637,corrected_gnn,6637,readout.0.bias,64,6,58,0.11065834015607834,64,6,0.11065834015607834
pair/b2outer0/final/activity_gnn/s6637,corrected_gnn,6637,readout.3.weight,64,6,58,1.6510251760482788,64,6,1.6510251760482788
pair/b2outer0/final/activity_gnn/s6637,corrected_gnn,6637,readout.3.bias,1,1,0,0.4922252595424652,1,1,0.4922252595424652
pair/b2outer0/final/activity_gnn/s7753,corrected_gnn,7753,embed.weight,2976,889,2087,1.6533218622207642,2976,889,1.6533218622207642
pair/b2outer0/final/activity_gnn/s7753,corrected_gnn,7753,embed.bias,32,29,3,0.6852521300315857,32,29,0.6852521300315857
pair/b2outer0/final/activity_gnn/s7753,corrected_gnn,7753,self_layers.0.weight,1024,765,259,0.3278929591178894,1024,765,0.3278929591178894
pair/b2outer0/final/activity_gnn/s7753,corrected_gnn,7753,self_layers.0.bias,32,27,5,0.6714681386947632,32,27,0.6714681386947632
pair/b2outer0/final/activity_gnn/s7753,corrected_gnn,7753,self_layers.1.weight,1024,1024,0,0.2621630132198334,1024,1024,0.2621630132198334
pair/b2outer0/final/activity_gnn/s7753,corrected_gnn,7753,self_layers.1.bias,32,32,0,0.050233855843544006,32,32,0.050233855843544006
pair/b2outer0/final/activity_gnn/s7753,corrected_gnn,7753,norms.0.weight,32,32,0,0.07463647425174713,32,32,0.07463647425174713
pair/b2outer0/final/activity_gnn/s7753,corrected_gnn,7753,norms.0.bias,32,32,0,0.0781746506690979,32,32,0.0781746506690979
pair/b2outer0/final/activity_gnn/s7753,corrected_gnn,7753,norms.1.weight,32,32,0,0.08006194233894348,32,32,0.08006194233894348
pair/b2outer0/final/activity_gnn/s7753,corrected_gnn,7753,norms.1.bias,32,32,0,0.08768685162067413,32,32,0.08768685162067413
pair/b2outer0/final/activity_gnn/s7753,corrected_gnn,7753,message_weights.0,8192,5111,3081,0.2606710195541382,8192,5111,0.2606710195541382
pair/b2outer0/final/activity_gnn/s7753,corrected_gnn,7753,message_weights.1,8192,6944,1248,0.20990291237831116,8192,6944,0.20990291237831116
pair/b2outer0/final/activity_gnn/s7753,corrected_gnn,7753,readout.0.weight,131584,15499,116085,6.1717209815979,131584,15499,6.1717209815979
pair/b2outer0/final/activity_gnn/s7753,corrected_gnn,7753,readout.0.bias,64,11,53,0.17737062275409698,64,11,0.17737062275409698
pair/b2outer0/final/activity_gnn/s7753,corrected_gnn,7753,readout.3.weight,64,11,53,2.932633399963379,64,11,2.932633399963379
pair/b2outer0/final/activity_gnn/s7753,corrected_gnn,7753,readout.3.bias,1,1,0,0.653938889503479,1,1,0.653938889503479
pair/b2outer0/final/activity_gnn/s8867,corrected_gnn,8867,embed.weight,2976,1108,1868,0.9673902988433838,2976,1108,0.9673902988433838
pair/b2outer0/final/activity_gnn/s8867,corrected_gnn,8867,embed.bias,32,32,0,0.41797879338264465,32,32,0.41797879338264465
pair/b2outer0/final/activity_gnn/s8867,corrected_gnn,8867,self_layers.0.weight,1024,755,269,0.3240957260131836,1024,755,0.3240957260131836
pair/b2outer0/final/activity_gnn/s8867,corrected_gnn,8867,self_layers.0.bias,32,24,8,0.43804246187210083,32,24,0.43804246187210083
pair/b2outer0/final/activity_gnn/s8867,corrected_gnn,8867,self_layers.1.weight,1024,1024,0,0.23123905062675476,1024,1024,0.23123905062675476
pair/b2outer0/final/activity_gnn/s8867,corrected_gnn,8867,self_layers.1.bias,32,32,0,0.04046693444252014,32,32,0.04046693444252014
pair/b2outer0/final/activity_gnn/s8867,corrected_gnn,8867,norms.0.weight,32,32,0,0.09843656420707703,32,32,0.09843656420707703
pair/b2outer0/final/activity_gnn/s8867,corrected_gnn,8867,norms.0.bias,32,32,0,0.08293718099594116,32,32,0.08293718099594116
pair/b2outer0/final/activity_gnn/s8867,corrected_gnn,8867,norms.1.weight,32,32,0,0.09778067469596863,32,32,0.09778067469596863
pair/b2outer0/final/activity_gnn/s8867,corrected_gnn,8867,norms.1.bias,32,32,0,0.09488604217767715,32,32,0.09488604217767715
pair/b2outer0/final/activity_gnn/s8867,corrected_gnn,8867,message_weights.0,8192,5092,3100,0.2507270872592926,8192,5092,0.2507270872592926
pair/b2outer0/final/activity_gnn/s8867,corrected_gnn,8867,message_weights.1,8192,7104,1088,0.18773548305034637,8192,7104,0.18773548305034637
pair/b2outer0/final/activity_gnn/s8867,corrected_gnn,8867,readout.0.weight,131584,18317,113267,4.741888046264648,131584,18317,4.741888046264648
pair/b2outer0/final/activity_gnn/s8867,corrected_gnn,8867,readout.0.bias,64,13,51,0.13219775259494781,64,13,0.13219775259494781
pair/b2outer0/final/activity_gnn/s8867,corrected_gnn,8867,readout.3.weight,64,13,51,3.1711950302124023,64,13,3.1711950302124023
pair/b2outer0/final/activity_gnn/s8867,corrected_gnn,8867,readout.3.bias,1,1,0,0.7740227580070496,1,1,0.7740227580070496
pair/b2outer0/final/activity_gnn/s9973,corrected_gnn,9973,embed.weight,2976,1064,1912,0.7186605930328369,2976,1064,0.7186605930328369
pair/b2outer0/final/activity_gnn/s9973,corrected_gnn,9973,embed.bias,32,32,0,0.31821808218955994,32,32,0.31821808218955994
pair/b2outer0/final/activity_gnn/s9973,corrected_gnn,9973,self_layers.0.weight,1024,779,245,0.17737977206707,1024,779,0.17737977206707
pair/b2outer0/final/activity_gnn/s9973,corrected_gnn,9973,self_layers.0.bias,32,25,7,0.30223119258880615,32,25,0.30223119258880615
pair/b2outer0/final/activity_gnn/s9973,corrected_gnn,9973,self_layers.1.weight,1024,1024,0,0.13370934128761292,1024,1024,0.13370934128761292
pair/b2outer0/final/activity_gnn/s9973,corrected_gnn,9973,self_layers.1.bias,32,32,0,0.023404179140925407,32,32,0.023404179140925407
pair/b2outer0/final/activity_gnn/s9973,corrected_gnn,9973,norms.0.weight,32,32,0,0.037853069603443146,32,32,0.037853069603443146
pair/b2outer0/final/activity_gnn/s9973,corrected_gnn,9973,norms.0.bias,32,32,0,0.040830545127391815,32,32,0.040830545127391815
pair/b2outer0/final/activity_gnn/s9973,corrected_gnn,9973,norms.1.weight,32,32,0,0.038106389343738556,32,32,0.038106389343738556
pair/b2outer0/final/activity_gnn/s9973,corrected_gnn,9973,norms.1.bias,32,32,0,0.042919792234897614,32,32,0.042919792234897614
pair/b2outer0/final/activity_gnn/s9973,corrected_gnn,9973,message_weights.0,8192,5287,2905,0.14157025516033173,8192,5287,0.14157025516033173
pair/b2outer0/final/activity_gnn/s9973,corrected_gnn,9973,message_weights.1,8192,7168,1024,0.10746323317289352,8192,7168,0.10746323317289352
pair/b2outer0/final/activity_gnn/s9973,corrected_gnn,9973,readout.0.weight,131584,19726,111858,2.7912161350250244,131584,19726,2.7912161350250244
pair/b2outer0/final/activity_gnn/s9973,corrected_gnn,9973,readout.0.bias,64,14,50,0.07653935998678207,64,14,0.07653935998678207
pair/b2outer0/final/activity_gnn/s9973,corrected_gnn,9973,readout.3.weight,64,14,50,1.2932815551757812,64,14,1.2932815551757812
pair/b2outer0/final/activity_gnn/s9973,corrected_gnn,9973,readout.3.bias,1,1,0,0.43494975566864014,1,1,0.43494975566864014
pair/b2outer0/final/pair_gnn/s11027,corrected_gnn,11027,embed.weight,2976,949,2027,1.1339178085327148,2976,949,15.79356861114502
pair/b2outer0/final/pair_gnn/s11027,corrected_gnn,11027,embed.bias,32,31,1,0.4843672811985016,32,31,4.198993682861328
pair/b2outer0/final/pair_gnn/s11027,corrected_gnn,11027,self_layers.0.weight,1024,627,397,0.21902431547641754,1024,627,2.8960509300231934
pair/b2outer0/final/pair_gnn/s11027,corrected_gnn,11027,self_layers.0.bias,32,21,11,0.4450269043445587,32,21,4.53013277053833
pair/b2outer0/final/pair_gnn/s11027,corrected_gnn,11027,self_layers.1.weight,1024,1024,0,0.228296160697937,1024,1024,2.812727451324463
pair/b2outer0/final/pair_gnn/s11027,corrected_gnn,11027,self_layers.1.bias,32,32,0,0.03831479325890541,32,32,0.4444819688796997
pair/b2outer0/final/pair_gnn/s11027,corrected_gnn,11027,norms.0.weight,32,32,0,0.06206440180540085,32,32,0.807011604309082
pair/b2outer0/final/pair_gnn/s11027,corrected_gnn,11027,norms.0.bias,32,32,0,0.061253830790519714,32,32,0.5807076692581177
pair/b2outer0/final/pair_gnn/s11027,corrected_gnn,11027,norms.1.weight,32,32,0,0.06690467149019241,32,32,0.822955846786499
pair/b2outer0/final/pair_gnn/s11027,corrected_gnn,11027,norms.1.bias,32,32,0,0.061869848519563675,32,32,0.3840338885784149
pair/b2outer0/final/pair_gnn/s11027,corrected_gnn,11027,message_weights.0,8192,4141,4051,0.1827908754348755,8192,4141,2.088942527770996
pair/b2outer0/final/pair_gnn/s11027,corrected_gnn,11027,message_weights.1,8192,6976,1216,0.1860298216342926,8192,6976,2.20306658744812
pair/b2outer0/final/pair_gnn/s11027,corrected_gnn,11027,readout.0.weight,131584,46497,85087,4.877752780914307,131584,46497,47.61582946777344
pair/b2outer0/final/pair_gnn/s11027,corrected_gnn,11027,readout.0.bias,64,33,31,0.12929661571979523,64,33,0.9473334550857544
pair/b2outer0/final/pair_gnn/s11027,corrected_gnn,11027,readout.3.weight,64,33,31,2.5159761905670166,64,33,9.333449363708496
pair/b2outer0/final/pair_gnn/s11027,corrected_gnn,11027,readout.3.bias,1,1,0,0.31554025411605835,1,1,0.3155404329299927
pair/b2outer0/final/pair_gnn/s1103,corrected_gnn,1103,embed.weight,2976,1027,1949,0.6619178652763367,2976,1027,17.400157928466797
pair/b2outer0/final/pair_gnn/s1103,corrected_gnn,1103,embed.bias,32,32,0,0.24406881630420685,32,32,6.188597202301025
pair/b2outer0/final/pair_gnn/s1103,corrected_gnn,1103,self_layers.0.weight,1024,662,362,0.10383892804384232,1024,662,2.3584134578704834
pair/b2outer0/final/pair_gnn/s1103,corrected_gnn,1103,self_layers.0.bias,32,22,10,0.14412248134613037,32,22,2.150053024291992
pair/b2outer0/final/pair_gnn/s1103,corrected_gnn,1103,self_layers.1.weight,1024,1024,0,0.09201441705226898,1024,1024,2.2866032123565674
pair/b2outer0/final/pair_gnn/s1103,corrected_gnn,1103,self_layers.1.bias,32,32,0,0.012281197123229504,32,32,0.35963454842567444
pair/b2outer0/final/pair_gnn/s1103,corrected_gnn,1103,norms.0.weight,32,32,0,0.025264665484428406,32,32,0.804797887802124
pair/b2outer0/final/pair_gnn/s1103,corrected_gnn,1103,norms.0.bias,32,32,0,0.018162688240408897,32,32,0.4750315845012665
pair/b2outer0/final/pair_gnn/s1103,corrected_gnn,1103,norms.1.weight,32,32,0,0.028802335262298584,32,32,0.6474814414978027
pair/b2outer0/final/pair_gnn/s1103,corrected_gnn,1103,norms.1.bias,32,32,0,0.008515198715031147,32,32,0.10887257754802704
pair/b2outer0/final/pair_gnn/s1103,corrected_gnn,1103,message_weights.0,8192,4300,3892,0.08291306346654892,8192,4300,1.5387847423553467
pair/b2outer0/final/pair_gnn/s1103,corrected_gnn,1103,message_weights.1,8192,7040,1152,0.07203879952430725,8192,7040,1.683593988418579
pair/b2outer0/final/pair_gnn/s1103,corrected_gnn,1103,readout.0.weight,131584,42270,89314,1.5208574533462524,131584,42270,29.138996124267578
pair/b2outer0/final/pair_gnn/s1103,corrected_gnn,1103,readout.0.bias,64,30,34,0.020105797797441483,64,30,0.293077290058136
pair/b2outer0/final/pair_gnn/s1103,corrected_gnn,1103,readout.3.weight,64,30,34,0.36326345801353455,64,30,8.92248821258545
pair/b2outer0/final/pair_gnn/s1103,corrected_gnn,1103,readout.3.bias,1,1,0,0.016666129231452942,1,1,0.016666650772094727
pair/b2outer0/final/pair_gnn/s2207,corrected_gnn,2207,embed.weight,2976,976,2000,0.7439250946044922,2976,976,22.512319564819336
pair/b2outer0/final/pair_gnn/s2207,corrected_gnn,2207,embed.bias,32,31,1,0.3307260572910309,32,31,10.483927726745605
pair/b2outer0/final/pair_gnn/s2207,corrected_gnn,2207,self_layers.0.weight,1024,699,325,0.1756998598575592,1024,699,5.305012226104736
pair/b2outer0/final/pair_gnn/s2207,corrected_gnn,2207,self_layers.0.bias,32,23,9,0.2869223952293396,32,23,8.597601890563965
pair/b2outer0/final/pair_gnn/s2207,corrected_gnn,2207,self_layers.1.weight,1024,1024,0,0.11890542507171631,1024,1024,3.7542974948883057
pair/b2outer0/final/pair_gnn/s2207,corrected_gnn,2207,self_layers.1.bias,32,32,0,0.018252575770020485,32,32,0.6403397917747498
pair/b2outer0/final/pair_gnn/s2207,corrected_gnn,2207,norms.0.weight,32,32,0,0.03881417587399483,32,32,1.282875657081604
pair/b2outer0/final/pair_gnn/s2207,corrected_gnn,2207,norms.0.bias,32,32,0,0.033587802201509476,32,32,1.1638530492782593
pair/b2outer0/final/pair_gnn/s2207,corrected_gnn,2207,norms.1.weight,32,32,0,0.039153482764959335,32,32,1.3230195045471191
pair/b2outer0/final/pair_gnn/s2207,corrected_gnn,2207,norms.1.bias,32,32,0,0.02956368587911129,32,32,0.9595913887023926
pair/b2outer0/final/pair_gnn/s2207,corrected_gnn,2207,message_weights.0,8192,4573,3619,0.13332965970039368,8192,4573,3.9202442169189453
pair/b2outer0/final/pair_gnn/s2207,corrected_gnn,2207,message_weights.1,8192,7008,1184,0.09700512140989304,8192,7008,2.98988938331604
pair/b2outer0/final/pair_gnn/s2207,corrected_gnn,2207,readout.0.weight,131584,47906,83678,2.6986420154571533,131584,47906,86.06458282470703
pair/b2outer0/final/pair_gnn/s2207,corrected_gnn,2207,readout.0.bias,64,34,30,0.06277742981910706,64,34,2.1114375591278076
pair/b2outer0/final/pair_gnn/s2207,corrected_gnn,2207,readout.3.weight,64,34,30,0.3409265875816345,64,34,9.09231948852539
pair/b2outer0/final/pair_gnn/s2207,corrected_gnn,2207,readout.3.bias,1,1,0,0.030461646616458893,1,1,0.030460834503173828
pair/b2outer0/final/pair_gnn/s3301,corrected_gnn,3301,embed.weight,2976,992,1984,4.6922197341918945,2976,992,16.59237289428711
pair/b2outer0/final/pair_gnn/s3301,corrected_gnn,3301,embed.bias,32,31,1,2.2915756702423096,32,31,5.668132305145264
pair/b2outer0/final/pair_gnn/s3301,corrected_gnn,3301,self_layers.0.weight,1024,768,256,1.114945888519287,1024,768,2.9946203231811523
pair/b2outer0/final/pair_gnn/s3301,corrected_gnn,3301,self_layers.0.bias,32,26,6,1.9776006937026978,32,26,4.965898036956787
pair/b2outer0/final/pair_gnn/s3301,corrected_gnn,3301,self_layers.1.weight,1024,992,32,1.0277239084243774,1024,992,3.009840965270996
pair/b2outer0/final/pair_gnn/s3301,corrected_gnn,3301,self_layers.1.bias,32,31,1,0.18800708651542664,32,31,0.45408734679222107
pair/b2outer0/final/pair_gnn/s3301,corrected_gnn,3301,norms.0.weight,32,32,0,0.27357035875320435,32,32,0.7993570566177368
pair/b2outer0/final/pair_gnn/s3301,corrected_gnn,3301,norms.0.bias,32,32,0,0.3434875011444092,32,32,0.8039461374282837
pair/b2outer0/final/pair_gnn/s3301,corrected_gnn,3301,norms.1.weight,32,32,0,0.33646631240844727,32,32,0.7706800103187561
pair/b2outer0/final/pair_gnn/s3301,corrected_gnn,3301,norms.1.bias,32,32,0,0.34702616930007935,32,32,0.39199382066726685
pair/b2outer0/final/pair_gnn/s3301,corrected_gnn,3301,message_weights.0,8192,4993,3199,0.8851621150970459,8192,4993,2.414191722869873
pair/b2outer0/final/pair_gnn/s3301,corrected_gnn,3301,message_weights.1,8192,6752,1440,0.7698565125465393,8192,6752,2.0273056030273438
pair/b2outer0/final/pair_gnn/s3301,corrected_gnn,3301,readout.0.weight,131584,50724,80860,20.21990394592285,131584,50724,34.80680465698242
pair/b2outer0/final/pair_gnn/s3301,corrected_gnn,3301,readout.0.bias,64,36,28,0.5629795789718628,64,36,0.6365585327148438
pair/b2outer0/final/pair_gnn/s3301,corrected_gnn,3301,readout.3.weight,64,36,28,9.310530662536621,64,36,12.452484130859375
pair/b2outer0/final/pair_gnn/s3301,corrected_gnn,3301,readout.3.bias,1,1,0,1.280704379081726,1,1,1.2807040214538574
pair/b2outer0/final/pair_gnn/s4409,corrected_gnn,4409,embed.weight,2976,1052,1924,0.8264235258102417,2976,1052,15.420214653015137
pair/b2outer0/final/pair_gnn/s4409,corrected_gnn,4409,embed.bias,32,32,0,0.3456677198410034,32,32,5.291089057922363
pair/b2outer0/final/pair_gnn/s4409,corrected_gnn,4409,self_layers.0.weight,1024,795,229,0.15241274237632751,1024,795,2.7311863899230957
pair/b2outer0/final/pair_gnn/s4409,corrected_gnn,4409,self_layers.0.bias,32,26,6,0.2338401973247528,32,26,3.9148480892181396
pair/b2outer0/final/pair_gnn/s4409,corrected_gnn,4409,self_layers.1.weight,1024,992,32,0.16002939641475677,1024,992,2.5876379013061523
pair/b2outer0/final/pair_gnn/s4409,corrected_gnn,4409,self_layers.1.bias,32,31,1,0.02527221105992794,32,31,0.3679356873035431
pair/b2outer0/final/pair_gnn/s4409,corrected_gnn,4409,norms.0.weight,32,32,0,0.04783867299556732,32,32,1.0648422241210938
pair/b2outer0/final/pair_gnn/s4409,corrected_gnn,4409,norms.0.bias,32,32,0,0.03569890186190605,32,32,0.5533239841461182
pair/b2outer0/final/pair_gnn/s4409,corrected_gnn,4409,norms.1.weight,32,32,0,0.03893301263451576,32,32,0.9322838187217712
pair/b2outer0/final/pair_gnn/s4409,corrected_gnn,4409,norms.1.bias,32,32,0,0.02651544287800789,32,32,0.16409112513065338
pair/b2outer0/final/pair_gnn/s4409,corrected_gnn,4409,message_weights.0,8192,5308,2884,0.12302271276712418,8192,5308,1.8879910707473755
pair/b2outer0/final/pair_gnn/s4409,corrected_gnn,4409,message_weights.1,8192,6784,1408,0.12240196764469147,8192,6784,1.7466031312942505
pair/b2outer0/final/pair_gnn/s4409,corrected_gnn,4409,readout.0.weight,131584,50724,80860,2.531559467315674,131584,50724,29.12459945678711
pair/b2outer0/final/pair_gnn/s4409,corrected_gnn,4409,readout.0.bias,64,36,28,0.05155082046985626,64,36,0.40583887696266174
pair/b2outer0/final/pair_gnn/s4409,corrected_gnn,4409,readout.3.weight,64,36,28,1.222883939743042,64,36,10.0365571975708
pair/b2outer0/final/pair_gnn/s4409,corrected_gnn,4409,readout.3.bias,1,1,0,0.1221066489815712,1,1,0.12210661172866821
pair/b2outer0/final/pair_gnn/s5519,corrected_gnn,5519,embed.weight,2976,1075,1901,1.547166347503662,2976,1075,17.502517700195312
pair/b2outer0/final/pair_gnn/s5519,corrected_gnn,5519,embed.bias,32,32,0,0.6122334003448486,32,32,7.5281243324279785
pair/b2outer0/final/pair_gnn/s5519,corrected_gnn,5519,self_layers.0.weight,1024,701,323,0.2879697382450104,1024,701,2.8064258098602295
pair/b2outer0/final/pair_gnn/s5519,corrected_gnn,5519,self_layers.0.bias,32,23,9,0.5275756120681763,32,23,5.037336349487305
pair/b2outer0/final/pair_gnn/s5519,corrected_gnn,5519,self_layers.1.weight,1024,1024,0,0.34467780590057373,1024,1024,3.178514003753662
pair/b2outer0/final/pair_gnn/s5519,corrected_gnn,5519,self_layers.1.bias,32,32,0,0.05929606035351753,32,32,0.5970422625541687
pair/b2outer0/final/pair_gnn/s5519,corrected_gnn,5519,norms.0.weight,32,32,0,0.09742766618728638,32,32,0.9907278418540955
pair/b2outer0/final/pair_gnn/s5519,corrected_gnn,5519,norms.0.bias,32,32,0,0.08068067580461502,32,32,0.649702250957489
pair/b2outer0/final/pair_gnn/s5519,corrected_gnn,5519,norms.1.weight,32,32,0,0.1037592887878418,32,32,0.9216119647026062
pair/b2outer0/final/pair_gnn/s5519,corrected_gnn,5519,norms.1.bias,32,32,0,0.08656784892082214,32,32,0.38404762744903564
pair/b2outer0/final/pair_gnn/s5519,corrected_gnn,5519,message_weights.0,8192,4586,3606,0.23168423771858215,8192,4586,1.9463324546813965
pair/b2outer0/final/pair_gnn/s5519,corrected_gnn,5519,message_weights.1,8192,6976,1216,0.2585757374763489,8192,6976,2.356813430786133
pair/b2outer0/final/pair_gnn/s5519,corrected_gnn,5519,readout.0.weight,131584,35225,96359,7.184580326080322,131584,35225,35.801597595214844
pair/b2outer0/final/pair_gnn/s5519,corrected_gnn,5519,readout.0.bias,64,25,39,0.19689463078975677,64,25,0.8083274960517883
pair/b2outer0/final/pair_gnn/s5519,corrected_gnn,5519,readout.3.weight,64,25,39,4.742994785308838,64,25,11.006126403808594
pair/b2outer0/final/pair_gnn/s5519,corrected_gnn,5519,readout.3.bias,1,1,0,0.5557783246040344,1,1,0.5557778477668762
pair/b2outer0/final/pair_gnn/s6637,corrected_gnn,6637,embed.weight,2976,907,2069,1.863911747932434,2976,907,17.214969635009766
pair/b2outer0/final/pair_gnn/s6637,corrected_gnn,6637,embed.bias,32,30,2,0.8969709277153015,32,30,6.916285037994385
pair/b2outer0/final/pair_gnn/s6637,corrected_gnn,6637,self_layers.0.weight,1024,768,256,0.517389178276062,1024,768,3.609712839126587
pair/b2outer0/final/pair_gnn/s6637,corrected_gnn,6637,self_layers.0.bias,32,27,5,0.9325467944145203,32,27,6.267543315887451
pair/b2outer0/final/pair_gnn/s6637,corrected_gnn,6637,self_layers.1.weight,1024,1024,0,0.3868158459663391,1024,1024,2.8315608501434326
pair/b2outer0/final/pair_gnn/s6637,corrected_gnn,6637,self_layers.1.bias,32,32,0,0.07377805560827255,32,32,0.426566481590271
pair/b2outer0/final/pair_gnn/s6637,corrected_gnn,6637,norms.0.weight,32,32,0,0.1051199659705162,32,32,0.8589945435523987
pair/b2outer0/final/pair_gnn/s6637,corrected_gnn,6637,norms.0.bias,32,32,0,0.12191549688577652,32,32,0.6836110949516296
pair/b2outer0/final/pair_gnn/s6637,corrected_gnn,6637,norms.1.weight,32,32,0,0.11173482984304428,32,32,0.7044151425361633
pair/b2outer0/final/pair_gnn/s6637,corrected_gnn,6637,norms.1.bias,32,32,0,0.11875207722187042,32,32,0.34061551094055176
pair/b2outer0/final/pair_gnn/s6637,corrected_gnn,6637,message_weights.0,8192,5070,3122,0.4180145561695099,8192,5070,2.7419614791870117
pair/b2outer0/final/pair_gnn/s6637,corrected_gnn,6637,message_weights.1,8192,6912,1280,0.3039393126964569,8192,6912,1.9701765775680542
pair/b2outer0/final/pair_gnn/s6637,corrected_gnn,6637,readout.0.weight,131584,46497,85087,8.692899703979492,131584,46497,39.17188262939453
pair/b2outer0/final/pair_gnn/s6637,corrected_gnn,6637,readout.0.bias,64,33,31,0.23971836268901825,64,33,0.6779378056526184
pair/b2outer0/final/pair_gnn/s6637,corrected_gnn,6637,readout.3.weight,64,33,31,4.552618503570557,64,33,10.507407188415527
pair/b2outer0/final/pair_gnn/s6637,corrected_gnn,6637,readout.3.bias,1,1,0,0.559650182723999,1,1,0.5596500635147095
pair/b2outer0/final/pair_gnn/s7753,corrected_gnn,7753,embed.weight,2976,899,2077,1.0403233766555786,2976,899,15.783045768737793
pair/b2outer0/final/pair_gnn/s7753,corrected_gnn,7753,embed.bias,32,30,2,0.4280579388141632,32,30,6.193358898162842
pair/b2outer0/final/pair_gnn/s7753,corrected_gnn,7753,self_layers.0.weight,1024,784,240,0.2507152557373047,1024,784,2.9429571628570557
pair/b2outer0/final/pair_gnn/s7753,corrected_gnn,7753,self_layers.0.bias,32,27,5,0.5821194052696228,32,27,5.960233688354492
pair/b2outer0/final/pair_gnn/s7753,corrected_gnn,7753,self_layers.1.weight,1024,1024,0,0.18078264594078064,1024,1024,2.3903636932373047
pair/b2outer0/final/pair_gnn/s7753,corrected_gnn,7753,self_layers.1.bias,32,32,0,0.03247913345694542,32,32,0.3936000168323517
pair/b2outer0/final/pair_gnn/s7753,corrected_gnn,7753,norms.0.weight,32,32,0,0.044836558401584625,32,32,0.7849928736686707
pair/b2outer0/final/pair_gnn/s7753,corrected_gnn,7753,norms.0.bias,32,32,0,0.06300337612628937,32,32,0.636132538318634
pair/b2outer0/final/pair_gnn/s7753,corrected_gnn,7753,norms.1.weight,32,32,0,0.050722457468509674,32,32,0.8376047611236572
pair/b2outer0/final/pair_gnn/s7753,corrected_gnn,7753,norms.1.bias,32,32,0,0.05484597757458687,32,32,0.34115123748779297
pair/b2outer0/final/pair_gnn/s7753,corrected_gnn,7753,message_weights.0,8192,5193,2999,0.20979076623916626,8192,5193,2.2023401260375977
pair/b2outer0/final/pair_gnn/s7753,corrected_gnn,7753,message_weights.1,8192,6944,1248,0.15122464299201965,8192,6944,1.8749433755874634
pair/b2outer0/final/pair_gnn/s7753,corrected_gnn,7753,readout.0.weight,131584,43679,87905,4.06633996963501,131584,43679,37.81837844848633
pair/b2outer0/final/pair_gnn/s7753,corrected_gnn,7753,readout.0.bias,64,31,33,0.1088305190205574,64,31,0.6431910395622253
pair/b2outer0/final/pair_gnn/s7753,corrected_gnn,7753,readout.3.weight,64,31,33,1.690140724182129,64,31,10.43015193939209
pair/b2outer0/final/pair_gnn/s7753,corrected_gnn,7753,readout.3.bias,1,1,0,0.2953965961933136,1,1,0.29539668560028076
pair/b2outer0/final/pair_gnn/s8867,corrected_gnn,8867,embed.weight,2976,1102,1874,0.977046549320221,2976,1102,14.447819709777832
pair/b2outer0/final/pair_gnn/s8867,corrected_gnn,8867,embed.bias,32,32,0,0.41496697068214417,32,32,5.456977367401123
pair/b2outer0/final/pair_gnn/s8867,corrected_gnn,8867,self_layers.0.weight,1024,724,300,0.2990362048149109,1024,724,3.2598464488983154
pair/b2outer0/final/pair_gnn/s8867,corrected_gnn,8867,self_layers.0.bias,32,23,9,0.3942355513572693,32,23,4.0308051109313965
pair/b2outer0/final/pair_gnn/s8867,corrected_gnn,8867,self_layers.1.weight,1024,1024,0,0.23764386773109436,1024,1024,2.5488383769989014
pair/b2outer0/final/pair_gnn/s8867,corrected_gnn,8867,self_layers.1.bias,32,32,0,0.04012608900666237,32,32,0.3319249749183655
pair/b2outer0/final/pair_gnn/s8867,corrected_gnn,8867,norms.0.weight,32,32,0,0.07894422113895416,32,32,0.9003626704216003
pair/b2outer0/final/pair_gnn/s8867,corrected_gnn,8867,norms.0.bias,32,32,0,0.06343584507703781,32,32,0.539236843585968
pair/b2outer0/final/pair_gnn/s8867,corrected_gnn,8867,norms.1.weight,32,32,0,0.07054848968982697,32,32,0.867214024066925
pair/b2outer0/final/pair_gnn/s8867,corrected_gnn,8867,norms.1.bias,32,32,0,0.056424830108881,32,32,0.33113253116607666
pair/b2outer0/final/pair_gnn/s8867,corrected_gnn,8867,message_weights.0,8192,4878,3314,0.2218642234802246,8192,4878,2.300896167755127
pair/b2outer0/final/pair_gnn/s8867,corrected_gnn,8867,message_weights.1,8192,7072,1120,0.17994637787342072,8192,7072,1.7028635740280151
pair/b2outer0/final/pair_gnn/s8867,corrected_gnn,8867,readout.0.weight,131584,46497,85087,4.583523750305176,131584,46497,35.26405334472656
pair/b2outer0/final/pair_gnn/s8867,corrected_gnn,8867,readout.0.bias,64,33,31,0.12164757400751114,64,33,0.5698032379150391
pair/b2outer0/final/pair_gnn/s8867,corrected_gnn,8867,readout.3.weight,64,33,31,2.266284465789795,64,33,9.764437675476074
pair/b2outer0/final/pair_gnn/s8867,corrected_gnn,8867,readout.3.bias,1,1,0,0.31649598479270935,1,1,0.31649577617645264
pair/b2outer0/final/pair_gnn/s9973,corrected_gnn,9973,embed.weight,2976,1066,1910,0.8560100793838501,2976,1066,17.194576263427734
pair/b2outer0/final/pair_gnn/s9973,corrected_gnn,9973,embed.bias,32,32,0,0.362450510263443,32,32,6.273636341094971
pair/b2outer0/final/pair_gnn/s9973,corrected_gnn,9973,self_layers.0.weight,1024,772,252,0.15945063531398773,1024,772,2.9174442291259766
pair/b2outer0/final/pair_gnn/s9973,corrected_gnn,9973,self_layers.0.bias,32,25,7,0.23462644219398499,32,25,4.327897071838379
pair/b2outer0/final/pair_gnn/s9973,corrected_gnn,9973,self_layers.1.weight,1024,1024,0,0.14529378712177277,1024,1024,2.5155861377716064
pair/b2outer0/final/pair_gnn/s9973,corrected_gnn,9973,self_layers.1.bias,32,32,0,0.02381359599530697,32,32,0.3812001645565033
pair/b2outer0/final/pair_gnn/s9973,corrected_gnn,9973,norms.0.weight,32,32,0,0.03146311268210411,32,32,0.7659366726875305
pair/b2outer0/final/pair_gnn/s9973,corrected_gnn,9973,norms.0.bias,32,32,0,0.030236341059207916,32,32,0.46099773049354553
pair/b2outer0/final/pair_gnn/s9973,corrected_gnn,9973,norms.1.weight,32,32,0,0.03507807105779648,32,32,0.6698096990585327
pair/b2outer0/final/pair_gnn/s9973,corrected_gnn,9973,norms.1.bias,32,32,0,0.027604030445218086,32,32,0.054445941001176834
pair/b2outer0/final/pair_gnn/s9973,corrected_gnn,9973,message_weights.0,8192,5185,3007,0.12357687950134277,8192,5185,2.057276964187622
pair/b2outer0/final/pair_gnn/s9973,corrected_gnn,9973,message_weights.1,8192,7040,1152,0.11071143299341202,8192,7040,1.7237306833267212
pair/b2outer0/final/pair_gnn/s9973,corrected_gnn,9973,readout.0.weight,131584,49315,82269,2.4480202198028564,131584,49315,28.998714447021484
pair/b2outer0/final/pair_gnn/s9973,corrected_gnn,9973,readout.0.bias,64,35,29,0.05762951821088791,64,35,0.10604895651340485
pair/b2outer0/final/pair_gnn/s9973,corrected_gnn,9973,readout.3.weight,64,35,29,1.1661953926086426,64,35,10.238197326660156
pair/b2outer0/final/pair_gnn/s9973,corrected_gnn,9973,readout.3.bias,1,1,0,0.15807493031024933,1,1,0.15807467699050903
pair/b2outer0/final/pair_no_message/s11027,corrected_no_message,11027,embed.weight,2976,943,2033,0.7575193047523499,2976,943,1.8985463380813599
pair/b2outer0/final/pair_no_message/s11027,corrected_no_message,11027,embed.bias,32,31,1,0.29666846990585327,32,31,0.6366730332374573
pair/b2outer0/final/pair_no_message/s11027,corrected_no_message,11027,self_layers.0.weight,1024,625,399,0.15289750695228577,1024,625,0.30652371048927307
pair/b2outer0/final/pair_no_message/s11027,corrected_no_message,11027,self_layers.0.bias,32,21,11,0.3314686715602875,32,21,0.45155367255210876
pair/b2outer0/final/pair_no_message/s11027,corrected_no_message,11027,self_layers.1.weight,1024,1024,0,0.13740631937980652,1024,1024,0.2822157144546509
pair/b2outer0/final/pair_no_message/s11027,corrected_no_message,11027,self_layers.1.bias,32,32,0,0.022344442084431648,32,32,0.041551437228918076
pair/b2outer0/final/pair_no_message/s11027,corrected_no_message,11027,norms.0.weight,32,32,0,0.041460368782281876,32,32,0.08052443712949753
pair/b2outer0/final/pair_no_message/s11027,corrected_no_message,11027,norms.0.bias,32,32,0,0.039950016885995865,32,32,0.06424525380134583
pair/b2outer0/final/pair_no_message/s11027,corrected_no_message,11027,norms.1.weight,32,32,0,0.03715024143457413,32,32,0.09930380433797836
pair/b2outer0/final/pair_no_message/s11027,corrected_no_message,11027,norms.1.bias,32,32,0,0.040390804409980774,32,32,0.042386047542095184
pair/b2outer0/final/pair_no_message/s11027,corrected_no_message,11027,message_weights.0,8192,4072,4120,0.11867944151163101,8192,4072,0.23171934485435486
pair/b2outer0/final/pair_no_message/s11027,corrected_no_message,11027,message_weights.1,8192,7008,1184,0.10769008100032806,8192,7008,0.2130802720785141
pair/b2outer0/final/pair_no_message/s11027,corrected_no_message,11027,readout.0.weight,131584,32407,99177,2.895106554031372,131584,32407,4.1150898933410645
pair/b2outer0/final/pair_no_message/s11027,corrected_no_message,11027,readout.0.bias,64,23,41,0.08061627298593521,64,23,0.08209158480167389
pair/b2outer0/final/pair_no_message/s11027,corrected_no_message,11027,readout.3.weight,64,23,41,1.393088936805725,64,23,1.7914836406707764
pair/b2outer0/final/pair_no_message/s11027,corrected_no_message,11027,readout.3.bias,1,1,0,0.23186174035072327,1,1,0.23186182975769043
pair/b2outer0/final/pair_no_message/s1103,corrected_no_message,1103,embed.weight,2976,1029,1947,3.3859031200408936,2976,1029,4.025638580322266
pair/b2outer0/final/pair_no_message/s1103,corrected_no_message,1103,embed.bias,32,32,0,1.5011109113693237,32,32,1.7188146114349365
pair/b2outer0/final/pair_no_message/s1103,corrected_no_message,1103,self_layers.0.weight,1024,638,386,0.7053735256195068,1024,638,0.7858231663703918
pair/b2outer0/final/pair_no_message/s1103,corrected_no_message,1103,self_layers.0.bias,32,21,11,1.0489063262939453,32,21,1.1087558269500732
pair/b2outer0/final/pair_no_message/s1103,corrected_no_message,1103,self_layers.1.weight,1024,1024,0,0.5869643092155457,1024,1024,0.6978313326835632
pair/b2outer0/final/pair_no_message/s1103,corrected_no_message,1103,self_layers.1.bias,32,32,0,0.0977540984749794,32,32,0.1192239299416542
pair/b2outer0/final/pair_no_message/s1103,corrected_no_message,1103,norms.0.weight,32,32,0,0.16297779977321625,32,32,0.14739000797271729
pair/b2outer0/final/pair_no_message/s1103,corrected_no_message,1103,norms.0.bias,32,32,0,0.17576803267002106,32,32,0.1892555058002472
pair/b2outer0/final/pair_no_message/s1103,corrected_no_message,1103,norms.1.weight,32,32,0,0.13740873336791992,32,32,0.12885095179080963
pair/b2outer0/final/pair_no_message/s1103,corrected_no_message,1103,norms.1.bias,32,32,0,0.18317265808582306,32,32,0.18759199976921082
pair/b2outer0/final/pair_no_message/s1103,corrected_no_message,1103,message_weights.0,8192,4178,4014,0.5520620942115784,8192,4178,0.6098487377166748
pair/b2outer0/final/pair_no_message/s1103,corrected_no_message,1103,message_weights.1,8192,7040,1152,0.4550997316837311,8192,7040,0.5314357280731201
pair/b2outer0/final/pair_no_message/s1103,corrected_no_message,1103,readout.0.weight,131584,39452,92132,12.46456527709961,131584,39452,13.136675834655762
pair/b2outer0/final/pair_no_message/s1103,corrected_no_message,1103,readout.0.bias,64,28,36,0.3624436855316162,64,28,0.3713189363479614
pair/b2outer0/final/pair_no_message/s1103,corrected_no_message,1103,readout.3.weight,64,28,36,5.73490571975708,64,28,5.614546775817871
pair/b2outer0/final/pair_no_message/s1103,corrected_no_message,1103,readout.3.bias,1,1,0,1.0898641347885132,1,1,1.0898641347885132
pair/b2outer0/final/pair_no_message/s2207,corrected_no_message,2207,embed.weight,2976,980,1996,0.5425286293029785,2976,980,1.4690688848495483
pair/b2outer0/final/pair_no_message/s2207,corrected_no_message,2207,embed.bias,32,31,1,0.20803925395011902,32,31,0.5349803566932678
pair/b2outer0/final/pair_no_message/s2207,corrected_no_message,2207,self_layers.0.weight,1024,701,323,0.12436459213495255,1024,701,0.3453075587749481
pair/b2outer0/final/pair_no_message/s2207,corrected_no_message,2207,self_layers.0.bias,32,23,9,0.1830994188785553,32,23,0.5167802572250366
pair/b2outer0/final/pair_no_message/s2207,corrected_no_message,2207,self_layers.1.weight,1024,992,32,0.11424535512924194,1024,992,0.3118148744106293
pair/b2outer0/final/pair_no_message/s2207,corrected_no_message,2207,self_layers.1.bias,32,31,1,0.01973186805844307,32,31,0.05025511980056763
pair/b2outer0/final/pair_no_message/s2207,corrected_no_message,2207,norms.0.weight,32,32,0,0.03199293836951256,32,32,0.08272021263837814
pair/b2outer0/final/pair_no_message/s2207,corrected_no_message,2207,norms.0.bias,32,32,0,0.02699100412428379,32,32,0.05673379823565483
pair/b2outer0/final/pair_no_message/s2207,corrected_no_message,2207,norms.1.weight,32,32,0,0.03500038757920265,32,32,0.10065220296382904
pair/b2outer0/final/pair_no_message/s2207,corrected_no_message,2207,norms.1.bias,32,32,0,0.028080904856324196,32,32,0.028222335502505302
pair/b2outer0/final/pair_no_message/s2207,corrected_no_message,2207,message_weights.0,8192,4567,3625,0.09991554170846939,8192,4567,0.2594353258609772
pair/b2outer0/final/pair_no_message/s2207,corrected_no_message,2207,message_weights.1,8192,6784,1408,0.0876777321100235,8192,6784,0.2331603616476059
pair/b2outer0/final/pair_no_message/s2207,corrected_no_message,2207,readout.0.weight,131584,38043,93541,2.137836456298828,131584,38043,4.564653396606445
pair/b2outer0/final/pair_no_message/s2207,corrected_no_message,2207,readout.0.bias,64,27,37,0.05180203169584274,64,27,0.054517898708581924
pair/b2outer0/final/pair_no_message/s2207,corrected_no_message,2207,readout.3.weight,64,27,37,0.8164644837379456,64,27,1.589551568031311
pair/b2outer0/final/pair_no_message/s2207,corrected_no_message,2207,readout.3.bias,1,1,0,0.16494157910346985,1,1,0.16494157910346985
pair/b2outer0/final/pair_no_message/s3301,corrected_no_message,3301,embed.weight,2976,988,1988,1.468981385231018,2976,988,2.5981624126434326
pair/b2outer0/final/pair_no_message/s3301,corrected_no_message,3301,embed.bias,32,31,1,0.6981746554374695,32,31,1.0433251857757568
pair/b2outer0/final/pair_no_message/s3301,corrected_no_message,3301,self_layers.0.weight,1024,778,246,0.32758185267448425,1024,778,0.4737354516983032
pair/b2outer0/final/pair_no_message/s3301,corrected_no_message,3301,self_layers.0.bias,32,27,5,0.5824400782585144,32,27,0.8198608160018921
pair/b2outer0/final/pair_no_message/s3301,corrected_no_message,3301,self_layers.1.weight,1024,1024,0,0.3329569399356842,1024,1024,0.5047982335090637
pair/b2outer0/final/pair_no_message/s3301,corrected_no_message,3301,self_layers.1.bias,32,32,0,0.060246676206588745,32,32,0.08530785143375397
pair/b2outer0/final/pair_no_message/s3301,corrected_no_message,3301,norms.0.weight,32,32,0,0.12218449264764786,32,32,0.16473151743412018
pair/b2outer0/final/pair_no_message/s3301,corrected_no_message,3301,norms.0.bias,32,32,0,0.10238100588321686,32,32,0.13285833597183228
pair/b2outer0/final/pair_no_message/s3301,corrected_no_message,3301,norms.1.weight,32,32,0,0.12343627214431763,32,32,0.15741387009620667
pair/b2outer0/final/pair_no_message/s3301,corrected_no_message,3301,norms.1.bias,32,32,0,0.09612218290567398,32,32,0.09389882534742355
pair/b2outer0/final/pair_no_message/s3301,corrected_no_message,3301,message_weights.0,8192,4975,3217,0.2570767104625702,8192,4975,0.36317822337150574
pair/b2outer0/final/pair_no_message/s3301,corrected_no_message,3301,message_weights.1,8192,6880,1312,0.2593548893928528,8192,6880,0.38103896379470825
pair/b2outer0/final/pair_no_message/s3301,corrected_no_message,3301,readout.0.weight,131584,38043,93541,6.566057205200195,131584,38043,7.115987777709961
pair/b2outer0/final/pair_no_message/s3301,corrected_no_message,3301,readout.0.bias,64,27,37,0.18055012822151184,64,27,0.18188944458961487
pair/b2outer0/final/pair_no_message/s3301,corrected_no_message,3301,readout.3.weight,64,27,37,3.6745498180389404,64,27,3.8566362857818604
pair/b2outer0/final/pair_no_message/s3301,corrected_no_message,3301,readout.3.bias,1,1,0,0.5020433664321899,1,1,0.5020433068275452
pair/b2outer0/final/pair_no_message/s4409,corrected_no_message,4409,embed.weight,2976,1054,1922,1.3074840307235718,2976,1054,2.2113025188446045
pair/b2outer0/final/pair_no_message/s4409,corrected_no_message,4409,embed.bias,32,32,0,0.6332541704177856,32,32,0.8108524680137634
pair/b2outer0/final/pair_no_message/s4409,corrected_no_message,4409,self_layers.0.weight,1024,783,241,0.31080910563468933,1024,783,0.466866672039032
pair/b2outer0/final/pair_no_message/s4409,corrected_no_message,4409,self_layers.0.bias,32,26,6,0.5384339094161987,32,26,0.7317468523979187
pair/b2outer0/final/pair_no_message/s4409,corrected_no_message,4409,self_layers.1.weight,1024,960,64,0.23831325769424438,1024,960,0.3733609914779663
pair/b2outer0/final/pair_no_message/s4409,corrected_no_message,4409,self_layers.1.bias,32,30,2,0.04287148267030716,32,30,0.055533505976200104
pair/b2outer0/final/pair_no_message/s4409,corrected_no_message,4409,norms.0.weight,32,32,0,0.08452626317739487,32,32,0.1377330720424652
pair/b2outer0/final/pair_no_message/s4409,corrected_no_message,4409,norms.0.bias,32,32,0,0.08663249760866165,32,32,0.11139717698097229
pair/b2outer0/final/pair_no_message/s4409,corrected_no_message,4409,norms.1.weight,32,32,0,0.0705682784318924,32,32,0.13435304164886475
pair/b2outer0/final/pair_no_message/s4409,corrected_no_message,4409,norms.1.bias,32,32,0,0.0766119733452797,32,32,0.07899754494428635
pair/b2outer0/final/pair_no_message/s4409,corrected_no_message,4409,message_weights.0,8192,5054,3138,0.24441128969192505,8192,5054,0.3639011085033417
pair/b2outer0/final/pair_no_message/s4409,corrected_no_message,4409,message_weights.1,8192,6528,1664,0.18966837227344513,8192,6528,0.290256142616272
pair/b2outer0/final/pair_no_message/s4409,corrected_no_message,4409,readout.0.weight,131584,40861,90723,5.169651985168457,131584,40861,7.0721540451049805
pair/b2outer0/final/pair_no_message/s4409,corrected_no_message,4409,readout.0.bias,64,29,35,0.14590343832969666,64,29,0.18057650327682495
pair/b2outer0/final/pair_no_message/s4409,corrected_no_message,4409,readout.3.weight,64,29,35,2.5577714443206787,64,29,2.7620689868927
pair/b2outer0/final/pair_no_message/s4409,corrected_no_message,4409,readout.3.bias,1,1,0,0.39440107345581055,1,1,0.3944011330604553
pair/b2outer0/final/pair_no_message/s5519,corrected_no_message,5519,embed.weight,2976,1071,1905,1.939928650856018,2976,1071,2.679234504699707
pair/b2outer0/final/pair_no_message/s5519,corrected_no_message,5519,embed.bias,32,32,0,0.7425249218940735,32,32,0.9402976036071777
pair/b2outer0/final/pair_no_message/s5519,corrected_no_message,5519,self_layers.0.weight,1024,696,328,0.3546545207500458,1024,696,0.44316133856773376
pair/b2outer0/final/pair_no_message/s5519,corrected_no_message,5519,self_layers.0.bias,32,23,9,0.7565234303474426,32,23,0.9988632202148438
pair/b2outer0/final/pair_no_message/s5519,corrected_no_message,5519,self_layers.1.weight,1024,992,32,0.46456649899482727,1024,992,0.5687050819396973
pair/b2outer0/final/pair_no_message/s5519,corrected_no_message,5519,self_layers.1.bias,32,31,1,0.08592325448989868,32,31,0.10255582630634308
pair/b2outer0/final/pair_no_message/s5519,corrected_no_message,5519,norms.0.weight,32,32,0,0.11538399755954742,32,32,0.12825292348861694
pair/b2outer0/final/pair_no_message/s5519,corrected_no_message,5519,norms.0.bias,32,32,0,0.11765963584184647,32,32,0.12975913286209106
pair/b2outer0/final/pair_no_message/s5519,corrected_no_message,5519,norms.1.weight,32,32,0,0.11557616293430328,32,32,0.12468305230140686
pair/b2outer0/final/pair_no_message/s5519,corrected_no_message,5519,norms.1.bias,32,32,0,0.12461289763450623,32,32,0.1254299283027649
pair/b2outer0/final/pair_no_message/s5519,corrected_no_message,5519,message_weights.0,8192,4567,3625,0.2761317193508148,8192,4567,0.3429011106491089
pair/b2outer0/final/pair_no_message/s5519,corrected_no_message,5519,message_weights.1,8192,6784,1408,0.35149669647216797,8192,6784,0.4259348511695862
pair/b2outer0/final/pair_no_message/s5519,corrected_no_message,5519,readout.0.weight,131584,38043,93541,9.681543350219727,131584,38043,10.305590629577637
pair/b2outer0/final/pair_no_message/s5519,corrected_no_message,5519,readout.0.bias,64,27,37,0.26943936944007874,64,27,0.279279500246048
pair/b2outer0/final/pair_no_message/s5519,corrected_no_message,5519,readout.3.weight,64,27,37,6.290737628936768,64,27,6.169182300567627
pair/b2outer0/final/pair_no_message/s5519,corrected_no_message,5519,readout.3.bias,1,1,0,0.7836041450500488,1,1,0.7836041450500488
pair/b2outer0/final/pair_no_message/s6637,corrected_no_message,6637,embed.weight,2976,904,2072,4.5482563972473145,2976,904,4.822282791137695
pair/b2outer0/final/pair_no_message/s6637,corrected_no_message,6637,embed.bias,32,30,2,2.1685616970062256,32,30,2.22226619720459
pair/b2outer0/final/pair_no_message/s6637,corrected_no_message,6637,self_layers.0.weight,1024,720,304,1.5674220323562622,1024,720,1.616242527961731
pair/b2outer0/final/pair_no_message/s6637,corrected_no_message,6637,self_layers.0.bias,32,25,7,2.83451509475708,32,25,2.8668532371520996
pair/b2outer0/final/pair_no_message/s6637,corrected_no_message,6637,self_layers.1.weight,1024,1024,0,1.1692166328430176,1024,1024,1.1839466094970703
pair/b2outer0/final/pair_no_message/s6637,corrected_no_message,6637,self_layers.1.bias,32,32,0,0.2278822958469391,32,32,0.22550565004348755
pair/b2outer0/final/pair_no_message/s6637,corrected_no_message,6637,norms.0.weight,32,32,0,0.3428952097892761,32,32,0.35580721497535706
pair/b2outer0/final/pair_no_message/s6637,corrected_no_message,6637,norms.0.bias,32,32,0,0.3814554810523987,32,32,0.38608670234680176
pair/b2outer0/final/pair_no_message/s6637,corrected_no_message,6637,norms.1.weight,32,32,0,0.4581107497215271,32,32,0.4478118121623993
pair/b2outer0/final/pair_no_message/s6637,corrected_no_message,6637,norms.1.bias,32,32,0,0.4748196601867676,32,32,0.47461676597595215
pair/b2outer0/final/pair_no_message/s6637,corrected_no_message,6637,message_weights.0,8192,4760,3432,1.1779839992523193,8192,4760,1.2174965143203735
pair/b2outer0/final/pair_no_message/s6637,corrected_no_message,6637,message_weights.1,8192,6752,1440,0.9382910132408142,8192,6752,0.9478402733802795
pair/b2outer0/final/pair_no_message/s6637,corrected_no_message,6637,readout.0.weight,131584,39452,92132,24.06555938720703,131584,39452,24.723220825195312
pair/b2outer0/final/pair_no_message/s6637,corrected_no_message,6637,readout.0.bias,64,28,36,0.6745135188102722,64,28,0.6869006156921387
pair/b2outer0/final/pair_no_message/s6637,corrected_no_message,6637,readout.3.weight,64,28,36,13.04831600189209,64,28,12.795076370239258
pair/b2outer0/final/pair_no_message/s6637,corrected_no_message,6637,readout.3.bias,1,1,0,1.8483763933181763,1,1,1.8483762741088867
pair/b2outer0/final/pair_no_message/s7753,corrected_no_message,7753,embed.weight,2976,900,2076,3.8926217555999756,2976,900,4.378791809082031
pair/b2outer0/final/pair_no_message/s7753,corrected_no_message,7753,embed.bias,32,30,2,1.4766333103179932,32,30,1.6901930570602417
pair/b2outer0/final/pair_no_message/s7753,corrected_no_message,7753,self_layers.0.weight,1024,764,260,0.9703302383422852,1024,764,1.0887153148651123
pair/b2outer0/final/pair_no_message/s7753,corrected_no_message,7753,self_layers.0.bias,32,26,6,2.126739740371704,32,26,2.3952040672302246
pair/b2outer0/final/pair_no_message/s7753,corrected_no_message,7753,self_layers.1.weight,1024,1024,0,0.7489300966262817,1024,1024,0.8210830688476562
pair/b2outer0/final/pair_no_message/s7753,corrected_no_message,7753,self_layers.1.bias,32,32,0,0.11326349526643753,32,32,0.13195249438285828
pair/b2outer0/final/pair_no_message/s7753,corrected_no_message,7753,norms.0.weight,32,32,0,0.1979607492685318,32,32,0.20760869979858398
pair/b2outer0/final/pair_no_message/s7753,corrected_no_message,7753,norms.0.bias,32,32,0,0.22132667899131775,32,32,0.24500519037246704
pair/b2outer0/final/pair_no_message/s7753,corrected_no_message,7753,norms.1.weight,32,32,0,0.2583925724029541,32,32,0.2482321411371231
pair/b2outer0/final/pair_no_message/s7753,corrected_no_message,7753,norms.1.bias,32,32,0,0.25642305612564087,32,32,0.26449811458587646
pair/b2outer0/final/pair_no_message/s7753,corrected_no_message,7753,message_weights.0,8192,5101,3091,0.8105228543281555,8192,5101,0.8966802954673767
pair/b2outer0/final/pair_no_message/s7753,corrected_no_message,7753,message_weights.1,8192,6976,1216,0.6245262026786804,8192,6976,0.6773229837417603
pair/b2outer0/final/pair_no_message/s7753,corrected_no_message,7753,readout.0.weight,131584,45088,86496,19.9468936920166,131584,45088,20.79890251159668
pair/b2outer0/final/pair_no_message/s7753,corrected_no_message,7753,readout.0.bias,64,32,32,0.569198489189148,64,32,0.582683801651001
pair/b2outer0/final/pair_no_message/s7753,corrected_no_message,7753,readout.3.weight,64,32,32,8.147665977478027,64,32,8.1405029296875
pair/b2outer0/final/pair_no_message/s7753,corrected_no_message,7753,readout.3.bias,1,1,0,1.3580231666564941,1,1,1.3580231666564941
pair/b2outer0/final/pair_no_message/s8867,corrected_no_message,8867,embed.weight,2976,1110,1866,2.613381862640381,2976,1110,2.915548324584961
pair/b2outer0/final/pair_no_message/s8867,corrected_no_message,8867,embed.bias,32,32,0,1.3133983612060547,32,32,1.3398406505584717
pair/b2outer0/final/pair_no_message/s8867,corrected_no_message,8867,self_layers.0.weight,1024,729,295,0.8615217208862305,1024,729,0.972873866558075
pair/b2outer0/final/pair_no_message/s8867,corrected_no_message,8867,self_layers.0.bias,32,23,9,1.2076375484466553,32,23,1.3417332172393799
pair/b2outer0/final/pair_no_message/s8867,corrected_no_message,8867,self_layers.1.weight,1024,1024,0,0.5742628574371338,1024,1024,0.6432626843452454
pair/b2outer0/final/pair_no_message/s8867,corrected_no_message,8867,self_layers.1.bias,32,32,0,0.10500539094209671,32,32,0.1139816865324974
pair/b2outer0/final/pair_no_message/s8867,corrected_no_message,8867,norms.0.weight,32,32,0,0.2213718593120575,32,32,0.248449444770813
pair/b2outer0/final/pair_no_message/s8867,corrected_no_message,8867,norms.0.bias,32,32,0,0.1965198814868927,32,32,0.21448300778865814
pair/b2outer0/final/pair_no_message/s8867,corrected_no_message,8867,norms.1.weight,32,32,0,0.20235133171081543,32,32,0.20438392460346222
pair/b2outer0/final/pair_no_message/s8867,corrected_no_message,8867,norms.1.bias,32,32,0,0.19252963364124298,32,32,0.19428670406341553
pair/b2outer0/final/pair_no_message/s8867,corrected_no_message,8867,message_weights.0,8192,4888,3304,0.6483908295631409,8192,4888,0.7273889780044556
pair/b2outer0/final/pair_no_message/s8867,corrected_no_message,8867,message_weights.1,8192,7104,1088,0.4516027867794037,8192,7104,0.5033522844314575
pair/b2outer0/final/pair_no_message/s8867,corrected_no_message,8867,readout.0.weight,131584,43679,87905,11.96010971069336,131584,43679,12.324271202087402
pair/b2outer0/final/pair_no_message/s8867,corrected_no_message,8867,readout.0.bias,64,31,33,0.3368690609931946,64,31,0.33580318093299866
pair/b2outer0/final/pair_no_message/s8867,corrected_no_message,8867,readout.3.weight,64,31,33,7.0071702003479,64,31,6.909276962280273
pair/b2outer0/final/pair_no_message/s8867,corrected_no_message,8867,readout.3.bias,1,1,0,0.9949305653572083,1,1,0.994930624961853
pair/b2outer0/final/pair_no_message/s9973,corrected_no_message,9973,embed.weight,2976,1058,1918,0.807970404624939,2976,1058,2.191314458847046
pair/b2outer0/final/pair_no_message/s9973,corrected_no_message,9973,embed.bias,32,32,0,0.3257732689380646,32,32,0.837275505065918
pair/b2outer0/final/pair_no_message/s9973,corrected_no_message,9973,self_layers.0.weight,1024,738,286,0.20094890892505646,1024,738,0.437042236328125
pair/b2outer0/final/pair_no_message/s9973,corrected_no_message,9973,self_layers.0.bias,32,24,8,0.3069019913673401,32,24,0.6581279039382935
pair/b2outer0/final/pair_no_message/s9973,corrected_no_message,9973,self_layers.1.weight,1024,1024,0,0.1476277858018875,1024,1024,0.3447374105453491
pair/b2outer0/final/pair_no_message/s9973,corrected_no_message,9973,self_layers.1.bias,32,32,0,0.025013979524374008,32,32,0.056388434022665024
pair/b2outer0/final/pair_no_message/s9973,corrected_no_message,9973,norms.0.weight,32,32,0,0.04650463908910751,32,32,0.10818596184253693
pair/b2outer0/final/pair_no_message/s9973,corrected_no_message,9973,norms.0.bias,32,32,0,0.040226373821496964,32,32,0.08616911619901657
pair/b2outer0/final/pair_no_message/s9973,corrected_no_message,9973,norms.1.weight,32,32,0,0.04516436159610748,32,32,0.10437675565481186
pair/b2outer0/final/pair_no_message/s9973,corrected_no_message,9973,norms.1.bias,32,32,0,0.034297049045562744,32,32,0.05888224020600319
pair/b2outer0/final/pair_no_message/s9973,corrected_no_message,9973,message_weights.0,8192,4917,3275,0.15667369961738586,8192,4917,0.32595834136009216
pair/b2outer0/final/pair_no_message/s9973,corrected_no_message,9973,message_weights.1,8192,7072,1120,0.1138090193271637,8192,7072,0.2610740661621094
pair/b2outer0/final/pair_no_message/s9973,corrected_no_message,9973,readout.0.weight,131584,28180,103404,2.9290928840637207,131584,28180,5.0456671714782715
pair/b2outer0/final/pair_no_message/s9973,corrected_no_message,9973,readout.0.bias,64,20,44,0.08129358291625977,64,20,0.1195310726761818
pair/b2outer0/final/pair_no_message/s9973,corrected_no_message,9973,readout.3.weight,64,20,44,1.8880093097686768,64,20,2.657352924346924
pair/b2outer0/final/pair_no_message/s9973,corrected_no_message,9973,readout.3.bias,1,1,0,0.3053359389305115,1,1,0.3053359389305115
pair/b2outer1/final/activity_gnn/s11027,corrected_gnn,11027,embed.weight,2976,939,2037,0.2930966019630432,968,939,0.2930966019630432
pair/b2outer1/final/activity_gnn/s11027,corrected_gnn,11027,embed.bias,32,31,1,0.08954650908708572,31,31,0.08954650908708572
pair/b2outer1/final/activity_gnn/s11027,corrected_gnn,11027,self_layers.0.weight,1024,639,385,0.047091856598854065,654,639,0.047091856598854065
pair/b2outer1/final/activity_gnn/s11027,corrected_gnn,11027,self_layers.0.bias,32,21,11,0.07435176521539688,22,21,0.07435176521539688
pair/b2outer1/final/activity_gnn/s11027,corrected_gnn,11027,self_layers.1.weight,1024,1024,0,0.0521874763071537,1024,1024,0.0521874763071537
pair/b2outer1/final/activity_gnn/s11027,corrected_gnn,11027,self_layers.1.bias,32,32,0,0.0088689299300313,32,32,0.0088689299300313
pair/b2outer1/final/activity_gnn/s11027,corrected_gnn,11027,norms.0.weight,32,32,0,0.013155889697372913,32,32,0.013155889697372913
pair/b2outer1/final/activity_gnn/s11027,corrected_gnn,11027,norms.0.bias,32,32,0,0.01052145753055811,32,32,0.01052145753055811
pair/b2outer1/final/activity_gnn/s11027,corrected_gnn,11027,norms.1.weight,32,32,0,0.01959538459777832,32,32,0.01959538459777832
pair/b2outer1/final/activity_gnn/s11027,corrected_gnn,11027,norms.1.bias,32,32,0,0.0038817396853119135,32,32,0.0038817396853119135
pair/b2outer1/final/activity_gnn/s11027,corrected_gnn,11027,message_weights.0,8192,4208,3984,0.031249571591615677,4321,4208,0.031249571591615677
pair/b2outer1/final/activity_gnn/s11027,corrected_gnn,11027,message_weights.1,8192,7072,1120,0.03862127289175987,7168,7072,0.03862127289175987
pair/b2outer1/final/activity_gnn/s11027,corrected_gnn,11027,readout.0.weight,131584,21135,110449,0.5338060259819031,88767,21135,0.5338060259819031
pair/b2outer1/final/activity_gnn/s11027,corrected_gnn,11027,readout.0.bias,64,15,49,0.007243385538458824,63,15,0.007243385538458824
pair/b2outer1/final/activity_gnn/s11027,corrected_gnn,11027,readout.3.weight,64,15,49,0.36116084456443787,63,15,0.36116084456443787
pair/b2outer1/final/activity_gnn/s11027,corrected_gnn,11027,readout.3.bias,1,1,0,0.025894958525896072,1,1,0.025894958525896072
pair/b2outer1/final/activity_gnn/s1103,corrected_gnn,1103,embed.weight,2976,1029,1947,1.2154005765914917,1032,1029,1.2154005765914917
pair/b2outer1/final/activity_gnn/s1103,corrected_gnn,1103,embed.bias,32,32,0,0.5366988182067871,32,32,0.5366988182067871
pair/b2outer1/final/activity_gnn/s1103,corrected_gnn,1103,self_layers.0.weight,1024,643,381,0.23090797662734985,646,643,0.23090797662734985
pair/b2outer1/final/activity_gnn/s1103,corrected_gnn,1103,self_layers.0.bias,32,21,11,0.34631842374801636,21,21,0.34631842374801636
pair/b2outer1/final/activity_gnn/s1103,corrected_gnn,1103,self_layers.1.weight,1024,1024,0,0.19957254827022552,1024,1024,0.19957254827022552
pair/b2outer1/final/activity_gnn/s1103,corrected_gnn,1103,self_layers.1.bias,32,32,0,0.0347248874604702,32,32,0.0347248874604702
pair/b2outer1/final/activity_gnn/s1103,corrected_gnn,1103,norms.0.weight,32,32,0,0.07407204806804657,32,32,0.07407204806804657
pair/b2outer1/final/activity_gnn/s1103,corrected_gnn,1103,norms.0.bias,32,32,0,0.056933142244815826,32,32,0.056933142244815826
pair/b2outer1/final/activity_gnn/s1103,corrected_gnn,1103,norms.1.weight,32,32,0,0.0446772426366806,32,32,0.0446772426366806
pair/b2outer1/final/activity_gnn/s1103,corrected_gnn,1103,norms.1.bias,32,32,0,0.053681571036577225,32,32,0.053681571036577225
pair/b2outer1/final/activity_gnn/s1103,corrected_gnn,1103,message_weights.0,8192,4235,3957,0.18478047847747803,4259,4235,0.18478047847747803
pair/b2outer1/final/activity_gnn/s1103,corrected_gnn,1103,message_weights.1,8192,7008,1184,0.15909668803215027,7136,7008,0.15909668803215027
pair/b2outer1/final/activity_gnn/s1103,corrected_gnn,1103,readout.0.weight,131584,40861,90723,4.136354446411133,76086,40861,4.136354446411133
pair/b2outer1/final/activity_gnn/s1103,corrected_gnn,1103,readout.0.bias,64,29,35,0.11865127086639404,54,29,0.11865127086639404
pair/b2outer1/final/activity_gnn/s1103,corrected_gnn,1103,readout.3.weight,64,29,35,2.091371774673462,54,29,2.091371774673462
pair/b2outer1/final/activity_gnn/s1103,corrected_gnn,1103,readout.3.bias,1,1,0,0.37761884927749634,1,1,0.37761884927749634
pair/b2outer1/final/activity_gnn/s2207,corrected_gnn,2207,embed.weight,2976,986,1990,0.8215314149856567,996,986,0.8215314149856567
pair/b2outer1/final/activity_gnn/s2207,corrected_gnn,2207,embed.bias,32,31,1,0.30542752146720886,31,31,0.30542752146720886
pair/b2outer1/final/activity_gnn/s2207,corrected_gnn,2207,self_layers.0.weight,1024,701,323,0.17293968796730042,707,701,0.17293968796730042
pair/b2outer1/final/activity_gnn/s2207,corrected_gnn,2207,self_layers.0.bias,32,23,9,0.24600359797477722,23,23,0.24600359797477722
pair/b2outer1/final/activity_gnn/s2207,corrected_gnn,2207,self_layers.1.weight,1024,1024,0,0.15732048451900482,1024,1024,0.15732048451900482
pair/b2outer1/final/activity_gnn/s2207,corrected_gnn,2207,self_layers.1.bias,32,32,0,0.028432734310626984,32,32,0.028432734310626984
pair/b2outer1/final/activity_gnn/s2207,corrected_gnn,2207,norms.0.weight,32,32,0,0.04686429351568222,32,32,0.04686429351568222
pair/b2outer1/final/activity_gnn/s2207,corrected_gnn,2207,norms.0.bias,32,32,0,0.03561116382479668,32,32,0.03561116382479668
pair/b2outer1/final/activity_gnn/s2207,corrected_gnn,2207,norms.1.weight,32,32,0,0.05110078305006027,32,32,0.05110078305006027
pair/b2outer1/final/activity_gnn/s2207,corrected_gnn,2207,norms.1.bias,32,32,0,0.03733339533209801,32,32,0.03733339533209801
pair/b2outer1/final/activity_gnn/s2207,corrected_gnn,2207,message_weights.0,8192,4636,3556,0.1307222694158554,4695,4636,0.1307222694158554
pair/b2outer1/final/activity_gnn/s2207,corrected_gnn,2207,message_weights.1,8192,6976,1216,0.12052782624959946,7168,6976,0.12052782624959946
pair/b2outer1/final/activity_gnn/s2207,corrected_gnn,2207,readout.0.weight,131584,18317,113267,2.9241943359375,83131,18317,2.9241943359375
pair/b2outer1/final/activity_gnn/s2207,corrected_gnn,2207,readout.0.bias,64,13,51,0.08312647044658661,59,13,0.08312647044658661
pair/b2outer1/final/activity_gnn/s2207,corrected_gnn,2207,readout.3.weight,64,13,51,1.8119087219238281,59,13,1.8119087219238281
pair/b2outer1/final/activity_gnn/s2207,corrected_gnn,2207,readout.3.bias,1,1,0,0.3754131495952606,1,1,0.3754131495952606
pair/b2outer1/final/activity_gnn/s3301,corrected_gnn,3301,embed.weight,2976,987,1989,0.8005828857421875,1008,987,0.8005828857421875
pair/b2outer1/final/activity_gnn/s3301,corrected_gnn,3301,embed.bias,32,31,1,0.31668251752853394,31,31,0.31668251752853394
pair/b2outer1/final/activity_gnn/s3301,corrected_gnn,3301,self_layers.0.weight,1024,756,268,0.16652560234069824,800,756,0.16652560234069824
pair/b2outer1/final/activity_gnn/s3301,corrected_gnn,3301,self_layers.0.bias,32,25,7,0.22922378778457642,27,25,0.22922378778457642
pair/b2outer1/final/activity_gnn/s3301,corrected_gnn,3301,self_layers.1.weight,1024,1024,0,0.14088572561740875,1024,1024,0.14088572561740875
pair/b2outer1/final/activity_gnn/s3301,corrected_gnn,3301,self_layers.1.bias,32,32,0,0.021373866125941277,32,32,0.021373866125941277
pair/b2outer1/final/activity_gnn/s3301,corrected_gnn,3301,norms.0.weight,32,32,0,0.061905138194561005,32,32,0.061905138194561005
pair/b2outer1/final/activity_gnn/s3301,corrected_gnn,3301,norms.0.bias,32,32,0,0.03652046248316765,32,32,0.03652046248316765
pair/b2outer1/final/activity_gnn/s3301,corrected_gnn,3301,norms.1.weight,32,32,0,0.055091314017772675,32,32,0.055091314017772675
pair/b2outer1/final/activity_gnn/s3301,corrected_gnn,3301,norms.1.bias,32,32,0,0.03593103587627411,32,32,0.03593103587627411
pair/b2outer1/final/activity_gnn/s3301,corrected_gnn,3301,message_weights.0,8192,5000,3192,0.1252494901418686,5269,5000,0.1252494901418686
pair/b2outer1/final/activity_gnn/s3301,corrected_gnn,3301,message_weights.1,8192,7040,1152,0.10724790394306183,7168,7040,0.10724790394306183
pair/b2outer1/final/activity_gnn/s3301,corrected_gnn,3301,readout.0.weight,131584,25362,106222,2.6515891551971436,83131,25362,2.6515891551971436
pair/b2outer1/final/activity_gnn/s3301,corrected_gnn,3301,readout.0.bias,64,18,46,0.07556763291358948,59,18,0.07556763291358948
pair/b2outer1/final/activity_gnn/s3301,corrected_gnn,3301,readout.3.weight,64,18,46,1.2992944717407227,59,18,1.2992944717407227
pair/b2outer1/final/activity_gnn/s3301,corrected_gnn,3301,readout.3.bias,1,1,0,0.257498174905777,1,1,0.257498174905777
pair/b2outer1/final/activity_gnn/s4409,corrected_gnn,4409,embed.weight,2976,1047,1929,0.30084228515625,1065,1047,0.30084228515625
pair/b2outer1/final/activity_gnn/s4409,corrected_gnn,4409,embed.bias,32,32,0,0.10838845372200012,32,32,0.10838845372200012
pair/b2outer1/final/activity_gnn/s4409,corrected_gnn,4409,self_layers.0.weight,1024,774,250,0.05439256876707077,813,774,0.05439256876707077
pair/b2outer1/final/activity_gnn/s4409,corrected_gnn,4409,self_layers.0.bias,32,25,7,0.07635142654180527,26,25,0.07635142654180527
pair/b2outer1/final/activity_gnn/s4409,corrected_gnn,4409,self_layers.1.weight,1024,992,32,0.050306059420108795,1024,992,0.050306059420108795
pair/b2outer1/final/activity_gnn/s4409,corrected_gnn,4409,self_layers.1.bias,32,31,1,0.005452977959066629,32,31,0.005452977959066629
pair/b2outer1/final/activity_gnn/s4409,corrected_gnn,4409,norms.0.weight,32,32,0,0.020108794793486595,32,32,0.020108794793486595
pair/b2outer1/final/activity_gnn/s4409,corrected_gnn,4409,norms.0.bias,32,32,0,0.008019802160561085,32,32,0.008019802160561085
pair/b2outer1/final/activity_gnn/s4409,corrected_gnn,4409,norms.1.weight,32,32,0,0.01955191045999527,32,32,0.01955191045999527
pair/b2outer1/final/activity_gnn/s4409,corrected_gnn,4409,norms.1.bias,32,32,0,0.002311919815838337,32,32,0.002311919815838337
pair/b2outer1/final/activity_gnn/s4409,corrected_gnn,4409,message_weights.0,8192,5082,3110,0.0395532064139843,5376,5082,0.0395532064139843
pair/b2outer1/final/activity_gnn/s4409,corrected_gnn,4409,message_weights.1,8192,6880,1312,0.03416089341044426,7168,6880,0.03416089341044426
pair/b2outer1/final/activity_gnn/s4409,corrected_gnn,4409,readout.0.weight,131584,18317,113267,0.5877190828323364,88767,18317,0.5877190828323364
pair/b2outer1/final/activity_gnn/s4409,corrected_gnn,4409,readout.0.bias,64,13,51,0.004375087097287178,63,13,0.004375087097287178
pair/b2outer1/final/activity_gnn/s4409,corrected_gnn,4409,readout.3.weight,64,13,51,0.2763313353061676,63,13,0.2763313353061676
pair/b2outer1/final/activity_gnn/s4409,corrected_gnn,4409,readout.3.bias,1,1,0,0.011482871137559414,1,1,0.011482871137559414
pair/b2outer1/final/activity_gnn/s5519,corrected_gnn,5519,embed.weight,2976,1067,1909,0.8042746782302856,1086,1067,0.8042746782302856
pair/b2outer1/final/activity_gnn/s5519,corrected_gnn,5519,embed.bias,32,32,0,0.23809091746807098,32,32,0.23809091746807098
pair/b2outer1/final/activity_gnn/s5519,corrected_gnn,5519,self_layers.0.weight,1024,698,326,0.1444741040468216,707,698,0.1444741040468216
pair/b2outer1/final/activity_gnn/s5519,corrected_gnn,5519,self_layers.0.bias,32,23,9,0.24562467634677887,23,23,0.24562467634677887
pair/b2outer1/final/activity_gnn/s5519,corrected_gnn,5519,self_layers.1.weight,1024,1024,0,0.1616945117712021,1024,1024,0.1616945117712021
pair/b2outer1/final/activity_gnn/s5519,corrected_gnn,5519,self_layers.1.bias,32,32,0,0.02801235020160675,32,32,0.02801235020160675
pair/b2outer1/final/activity_gnn/s5519,corrected_gnn,5519,norms.0.weight,32,32,0,0.039936475455760956,32,32,0.039936475455760956
pair/b2outer1/final/activity_gnn/s5519,corrected_gnn,5519,norms.0.bias,32,32,0,0.04281742125749588,32,32,0.04281742125749588
pair/b2outer1/final/activity_gnn/s5519,corrected_gnn,5519,norms.1.weight,32,32,0,0.04090569540858269,32,32,0.04090569540858269
pair/b2outer1/final/activity_gnn/s5519,corrected_gnn,5519,norms.1.bias,32,32,0,0.043104078620672226,32,32,0.043104078620672226
pair/b2outer1/final/activity_gnn/s5519,corrected_gnn,5519,message_weights.0,8192,4621,3571,0.11311498284339905,4759,4621,0.11311498284339905
pair/b2outer1/final/activity_gnn/s5519,corrected_gnn,5519,message_weights.1,8192,7008,1184,0.11910969763994217,7168,7008,0.11910969763994217
pair/b2outer1/final/activity_gnn/s5519,corrected_gnn,5519,readout.0.weight,131584,22544,109040,2.9527485370635986,80313,22544,2.9527485370635986
pair/b2outer1/final/activity_gnn/s5519,corrected_gnn,5519,readout.0.bias,64,16,48,0.08414658159017563,57,16,0.08414658159017563
pair/b2outer1/final/activity_gnn/s5519,corrected_gnn,5519,readout.3.weight,64,16,48,1.8183645009994507,57,16,1.8183645009994507
pair/b2outer1/final/activity_gnn/s5519,corrected_gnn,5519,readout.3.bias,1,1,0,0.3020631670951843,1,1,0.3020631670951843
pair/b2outer1/final/activity_gnn/s6637,corrected_gnn,6637,embed.weight,2976,939,2037,0.6006050109863281,961,939,0.6006050109863281
pair/b2outer1/final/activity_gnn/s6637,corrected_gnn,6637,embed.bias,32,30,2,0.24288345873355865,30,30,0.24288345873355865
pair/b2outer1/final/activity_gnn/s6637,corrected_gnn,6637,self_layers.0.weight,1024,733,291,0.15341706573963165,759,733,0.15341706573963165
pair/b2outer1/final/activity_gnn/s6637,corrected_gnn,6637,self_layers.0.bias,32,25,7,0.28773996233940125,26,25,0.28773996233940125
pair/b2outer1/final/activity_gnn/s6637,corrected_gnn,6637,self_layers.1.weight,1024,992,32,0.10587920248508453,1024,992,0.10587920248508453
pair/b2outer1/final/activity_gnn/s6637,corrected_gnn,6637,self_layers.1.bias,32,31,1,0.021268734708428383,32,31,0.021268734708428383
pair/b2outer1/final/activity_gnn/s6637,corrected_gnn,6637,norms.0.weight,32,32,0,0.020954051986336708,32,32,0.020954051986336708
pair/b2outer1/final/activity_gnn/s6637,corrected_gnn,6637,norms.0.bias,32,32,0,0.035386648029088974,32,32,0.035386648029088974
pair/b2outer1/final/activity_gnn/s6637,corrected_gnn,6637,norms.1.weight,32,32,0,0.026881365105509758,32,32,0.026881365105509758
pair/b2outer1/final/activity_gnn/s6637,corrected_gnn,6637,norms.1.bias,32,32,0,0.03323345258831978,32,32,0.03323345258831978
pair/b2outer1/final/activity_gnn/s6637,corrected_gnn,6637,message_weights.0,8192,4846,3346,0.12825027108192444,5116,4846,0.12825027108192444
pair/b2outer1/final/activity_gnn/s6637,corrected_gnn,6637,message_weights.1,8192,6784,1408,0.08245911449193954,7168,6784,0.08245911449193954
pair/b2outer1/final/activity_gnn/s6637,corrected_gnn,6637,readout.0.weight,131584,2818,128766,1.4629149436950684,84540,2818,1.4629149436950684
pair/b2outer1/final/activity_gnn/s6637,corrected_gnn,6637,readout.0.bias,64,2,62,0.04348184913396835,60,2,0.04348184913396835
pair/b2outer1/final/activity_gnn/s6637,corrected_gnn,6637,readout.3.weight,64,2,62,0.8044198155403137,60,2,0.8044198155403137
pair/b2outer1/final/activity_gnn/s6637,corrected_gnn,6637,readout.3.bias,1,1,0,0.050522174686193466,1,1,0.050522174686193466
pair/b2outer1/final/activity_gnn/s7753,corrected_gnn,7753,embed.weight,2976,899,2077,0.8888031840324402,928,899,0.8888031840324402
pair/b2outer1/final/activity_gnn/s7753,corrected_gnn,7753,embed.bias,32,29,3,0.3165833353996277,30,29,0.3165833353996277
pair/b2outer1/final/activity_gnn/s7753,corrected_gnn,7753,self_layers.0.weight,1024,772,252,0.1510787010192871,800,772,0.1510787010192871
pair/b2outer1/final/activity_gnn/s7753,corrected_gnn,7753,self_layers.0.bias,32,27,5,0.3233775198459625,27,27,0.3233775198459625
pair/b2outer1/final/activity_gnn/s7753,corrected_gnn,7753,self_layers.1.weight,1024,1024,0,0.11260215193033218,1024,1024,0.11260215193033218
pair/b2outer1/final/activity_gnn/s7753,corrected_gnn,7753,self_layers.1.bias,32,32,0,0.017609551548957825,32,32,0.017609551548957825
pair/b2outer1/final/activity_gnn/s7753,corrected_gnn,7753,norms.0.weight,32,32,0,0.045371055603027344,32,32,0.045371055603027344
pair/b2outer1/final/activity_gnn/s7753,corrected_gnn,7753,norms.0.bias,32,32,0,0.037957563996315,32,32,0.037957563996315
pair/b2outer1/final/activity_gnn/s7753,corrected_gnn,7753,norms.1.weight,32,32,0,0.04866710305213928,32,32,0.04866710305213928
pair/b2outer1/final/activity_gnn/s7753,corrected_gnn,7753,norms.1.bias,32,32,0,0.03717777132987976,32,32,0.03717777132987976
pair/b2outer1/final/activity_gnn/s7753,corrected_gnn,7753,message_weights.0,8192,5103,3089,0.12804636359214783,5370,5103,0.12804636359214783
pair/b2outer1/final/activity_gnn/s7753,corrected_gnn,7753,message_weights.1,8192,7040,1152,0.09117206186056137,7136,7040,0.09117206186056137
pair/b2outer1/final/activity_gnn/s7753,corrected_gnn,7753,readout.0.weight,131584,26771,104813,2.689446210861206,84540,26771,2.689446210861206
pair/b2outer1/final/activity_gnn/s7753,corrected_gnn,7753,readout.0.bias,64,19,45,0.07691161334514618,60,19,0.07691161334514618
pair/b2outer1/final/activity_gnn/s7753,corrected_gnn,7753,readout.3.weight,64,19,45,1.4447216987609863,60,19,1.4447216987609863
pair/b2outer1/final/activity_gnn/s7753,corrected_gnn,7753,readout.3.bias,1,1,0,0.2709692418575287,1,1,0.2709692418575287
pair/b2outer1/final/activity_gnn/s8867,corrected_gnn,8867,embed.weight,2976,1115,1861,0.6032972931861877,1121,1115,0.6032972931861877
pair/b2outer1/final/activity_gnn/s8867,corrected_gnn,8867,embed.bias,32,32,0,0.26423966884613037,32,32,0.26423966884613037
pair/b2outer1/final/activity_gnn/s8867,corrected_gnn,8867,self_layers.0.weight,1024,757,267,0.13555589318275452,761,757,0.13555589318275452
pair/b2outer1/final/activity_gnn/s8867,corrected_gnn,8867,self_layers.0.bias,32,24,8,0.15074069797992706,24,24,0.15074069797992706
pair/b2outer1/final/activity_gnn/s8867,corrected_gnn,8867,self_layers.1.weight,1024,1024,0,0.10430529713630676,1024,1024,0.10430529713630676
pair/b2outer1/final/activity_gnn/s8867,corrected_gnn,8867,self_layers.1.bias,32,32,0,0.016114911064505577,32,32,0.016114911064505577
pair/b2outer1/final/activity_gnn/s8867,corrected_gnn,8867,norms.0.weight,32,32,0,0.036315735429525375,32,32,0.036315735429525375
pair/b2outer1/final/activity_gnn/s8867,corrected_gnn,8867,norms.0.bias,32,32,0,0.031231213361024857,32,32,0.031231213361024857
pair/b2outer1/final/activity_gnn/s8867,corrected_gnn,8867,norms.1.weight,32,32,0,0.0354936309158802,32,32,0.0354936309158802
pair/b2outer1/final/activity_gnn/s8867,corrected_gnn,8867,norms.1.bias,32,32,0,0.02927250787615776,32,32,0.02927250787615776
pair/b2outer1/final/activity_gnn/s8867,corrected_gnn,8867,message_weights.0,8192,5153,3039,0.1040339469909668,5157,5153,0.1040339469909668
pair/b2outer1/final/activity_gnn/s8867,corrected_gnn,8867,message_weights.1,8192,7168,1024,0.08415871858596802,7168,7168,0.08415871858596802
pair/b2outer1/final/activity_gnn/s8867,corrected_gnn,8867,readout.0.weight,131584,26771,104813,2.213754653930664,80313,26771,2.213754653930664
pair/b2outer1/final/activity_gnn/s8867,corrected_gnn,8867,readout.0.bias,64,19,45,0.061617106199264526,57,19,0.061617106199264526
pair/b2outer1/final/activity_gnn/s8867,corrected_gnn,8867,readout.3.weight,64,19,45,1.615014910697937,57,19,1.615014910697937
pair/b2outer1/final/activity_gnn/s8867,corrected_gnn,8867,readout.3.bias,1,1,0,0.28395339846611023,1,1,0.28395339846611023
pair/b2outer1/final/activity_gnn/s9973,corrected_gnn,9973,embed.weight,2976,1085,1891,0.26306864619255066,1104,1085,0.26306864619255066
pair/b2outer1/final/activity_gnn/s9973,corrected_gnn,9973,embed.bias,32,32,0,0.09523658454418182,32,32,0.09523658454418182
pair/b2outer1/final/activity_gnn/s9973,corrected_gnn,9973,self_layers.0.weight,1024,778,246,0.055615633726119995,865,778,0.055615633726119995
pair/b2outer1/final/activity_gnn/s9973,corrected_gnn,9973,self_layers.0.bias,32,25,7,0.09581991285085678,28,25,0.09581991285085678
pair/b2outer1/final/activity_gnn/s9973,corrected_gnn,9973,self_layers.1.weight,1024,1024,0,0.03638540208339691,1024,1024,0.03638540208339691
pair/b2outer1/final/activity_gnn/s9973,corrected_gnn,9973,self_layers.1.bias,32,32,0,0.006316036451607943,32,32,0.006316036451607943
pair/b2outer1/final/activity_gnn/s9973,corrected_gnn,9973,norms.0.weight,32,32,0,0.010660666972398758,32,32,0.010660666972398758
pair/b2outer1/final/activity_gnn/s9973,corrected_gnn,9973,norms.0.bias,32,32,0,0.011722305789589882,32,32,0.011722305789589882
pair/b2outer1/final/activity_gnn/s9973,corrected_gnn,9973,norms.1.weight,32,32,0,0.016169782727956772,32,32,0.016169782727956772
pair/b2outer1/final/activity_gnn/s9973,corrected_gnn,9973,norms.1.bias,32,32,0,0.007409681100398302,32,32,0.007409681100398302
pair/b2outer1/final/activity_gnn/s9973,corrected_gnn,9973,message_weights.0,8192,5384,2808,0.04144509136676788,5778,5384,0.04144509136676788
pair/b2outer1/final/activity_gnn/s9973,corrected_gnn,9973,message_weights.1,8192,7104,1088,0.027321195229887962,7168,7104,0.027321195229887962
pair/b2outer1/final/activity_gnn/s9973,corrected_gnn,9973,readout.0.weight,131584,5636,125948,0.4151265025138855,88767,5636,0.4151265025138855
pair/b2outer1/final/activity_gnn/s9973,corrected_gnn,9973,readout.0.bias,64,4,60,0.010840223170816898,63,4,0.010840223170816898
pair/b2outer1/final/activity_gnn/s9973,corrected_gnn,9973,readout.3.weight,64,4,60,1.0579739809036255,63,4,1.0579739809036255
pair/b2outer1/final/activity_gnn/s9973,corrected_gnn,9973,readout.3.bias,1,1,0,0.09628072381019592,1,1,0.09628072381019592
pair/b2outer1/final/pair_gnn/s11027,corrected_gnn,11027,embed.weight,2976,942,2034,0.5053959488868713,969,942,0.5514970421791077
pair/b2outer1/final/pair_gnn/s11027,corrected_gnn,11027,embed.bias,32,31,1,0.1777815967798233,31,31,0.19084523618221283
pair/b2outer1/final/pair_gnn/s11027,corrected_gnn,11027,self_layers.0.weight,1024,639,385,0.0906287282705307,652,639,0.0969836637377739
pair/b2outer1/final/pair_gnn/s11027,corrected_gnn,11027,self_layers.0.bias,32,21,11,0.19323913753032684,22,21,0.20092052221298218
pair/b2outer1/final/pair_gnn/s11027,corrected_gnn,11027,self_layers.1.weight,1024,1024,0,0.11063572764396667,1024,1024,0.12002605199813843
pair/b2outer1/final/pair_gnn/s11027,corrected_gnn,11027,self_layers.1.bias,32,32,0,0.02038344368338585,32,32,0.021970588713884354
pair/b2outer1/final/pair_gnn/s11027,corrected_gnn,11027,norms.0.weight,32,32,0,0.02554735541343689,32,32,0.026857605203986168
pair/b2outer1/final/pair_gnn/s11027,corrected_gnn,11027,norms.0.bias,32,32,0,0.026955660432577133,32,32,0.028538420796394348
pair/b2outer1/final/pair_gnn/s11027,corrected_gnn,11027,norms.1.weight,32,32,0,0.03056102618575096,32,32,0.035194601863622665
pair/b2outer1/final/pair_gnn/s11027,corrected_gnn,11027,norms.1.bias,32,32,0,0.026876047253608704,32,32,0.027329500764608383
pair/b2outer1/final/pair_gnn/s11027,corrected_gnn,11027,message_weights.0,8192,4221,3971,0.07516976445913315,4316,4221,0.07928799092769623
pair/b2outer1/final/pair_gnn/s11027,corrected_gnn,11027,message_weights.1,8192,7072,1120,0.08330459892749786,7168,7072,0.08925601840019226
pair/b2outer1/final/pair_gnn/s11027,corrected_gnn,11027,readout.0.weight,131584,22544,109040,1.7345714569091797,88767,22544,1.7930059432983398
pair/b2outer1/final/pair_gnn/s11027,corrected_gnn,11027,readout.0.bias,64,16,48,0.05110877752304077,63,16,0.051960431039333344
pair/b2outer1/final/pair_gnn/s11027,corrected_gnn,11027,readout.3.weight,64,16,48,1.1173418760299683,63,16,1.1653268337249756
pair/b2outer1/final/pair_gnn/s11027,corrected_gnn,11027,readout.3.bias,1,1,0,0.19773933291435242,1,1,0.19773930311203003
pair/b2outer1/final/pair_gnn/s1103,corrected_gnn,1103,embed.weight,2976,1038,1938,0.963107705116272,1040,1038,1.0110093355178833
pair/b2outer1/final/pair_gnn/s1103,corrected_gnn,1103,embed.bias,32,32,0,0.4133490324020386,32,32,0.42678114771842957
pair/b2outer1/final/pair_gnn/s1103,corrected_gnn,1103,self_layers.0.weight,1024,653,371,0.15241645276546478,649,653,0.1587156355381012
pair/b2outer1/final/pair_gnn/s1103,corrected_gnn,1103,self_layers.0.bias,32,21,11,0.18046051263809204,21,21,0.18462756276130676
pair/b2outer1/final/pair_gnn/s1103,corrected_gnn,1103,self_layers.1.weight,1024,1024,0,0.1399214118719101,1024,1024,0.14775264263153076
pair/b2outer1/final/pair_gnn/s1103,corrected_gnn,1103,self_layers.1.bias,32,32,0,0.02195926569402218,32,32,0.022938672453165054
pair/b2outer1/final/pair_gnn/s1103,corrected_gnn,1103,norms.0.weight,32,32,0,0.04847097769379616,32,32,0.054358579218387604
pair/b2outer1/final/pair_gnn/s1103,corrected_gnn,1103,norms.0.bias,32,32,0,0.03423232212662697,32,32,0.03422205150127411
pair/b2outer1/final/pair_gnn/s1103,corrected_gnn,1103,norms.1.weight,32,32,0,0.032446034252643585,32,32,0.03376023843884468
pair/b2outer1/final/pair_gnn/s1103,corrected_gnn,1103,norms.1.bias,32,32,0,0.036797381937503815,32,32,0.03672162443399429
pair/b2outer1/final/pair_gnn/s1103,corrected_gnn,1103,message_weights.0,8192,4287,3905,0.11669149249792099,4278,4287,0.12113098055124283
pair/b2outer1/final/pair_gnn/s1103,corrected_gnn,1103,message_weights.1,8192,7008,1184,0.10950377583503723,7168,7008,0.1156623512506485
pair/b2outer1/final/pair_gnn/s1103,corrected_gnn,1103,readout.0.weight,131584,40861,90723,2.4543540477752686,81722,40861,2.5174856185913086
pair/b2outer1/final/pair_gnn/s1103,corrected_gnn,1103,readout.0.bias,64,29,35,0.07023492455482483,58,29,0.0714450255036354
pair/b2outer1/final/pair_gnn/s1103,corrected_gnn,1103,readout.3.weight,64,29,35,1.1732828617095947,58,29,1.165655255317688
pair/b2outer1/final/pair_gnn/s1103,corrected_gnn,1103,readout.3.bias,1,1,0,0.2020634263753891,1,1,0.2020634114742279
pair/b2outer1/final/pair_gnn/s2207,corrected_gnn,2207,embed.weight,2976,990,1986,0.5865400433540344,996,990,0.6119587421417236
pair/b2outer1/final/pair_gnn/s2207,corrected_gnn,2207,embed.bias,32,31,1,0.22537685930728912,31,31,0.23646818101406097
pair/b2outer1/final/pair_gnn/s2207,corrected_gnn,2207,self_layers.0.weight,1024,700,324,0.12746818363666534,706,700,0.13686564564704895
pair/b2outer1/final/pair_gnn/s2207,corrected_gnn,2207,self_layers.0.bias,32,23,9,0.18835514783859253,23,23,0.20314139127731323
pair/b2outer1/final/pair_gnn/s2207,corrected_gnn,2207,self_layers.1.weight,1024,1024,0,0.11460059136152267,1024,1024,0.11931540817022324
pair/b2outer1/final/pair_gnn/s2207,corrected_gnn,2207,self_layers.1.bias,32,32,0,0.02123156189918518,32,32,0.02210334502160549
pair/b2outer1/final/pair_gnn/s2207,corrected_gnn,2207,norms.0.weight,32,32,0,0.037340376526117325,32,32,0.04023714363574982
pair/b2outer1/final/pair_gnn/s2207,corrected_gnn,2207,norms.0.bias,32,32,0,0.0260964073240757,32,32,0.02764856070280075
pair/b2outer1/final/pair_gnn/s2207,corrected_gnn,2207,norms.1.weight,32,32,0,0.034768618643283844,32,32,0.03637917339801788
pair/b2outer1/final/pair_gnn/s2207,corrected_gnn,2207,norms.1.bias,32,32,0,0.02402094006538391,32,32,0.02391873672604561
pair/b2outer1/final/pair_gnn/s2207,corrected_gnn,2207,message_weights.0,8192,4643,3549,0.09705676138401031,4695,4643,0.10258080065250397
pair/b2outer1/final/pair_gnn/s2207,corrected_gnn,2207,message_weights.1,8192,7008,1184,0.08800949156284332,7168,7008,0.09165946394205093
pair/b2outer1/final/pair_gnn/s2207,corrected_gnn,2207,readout.0.weight,131584,19726,111858,2.0002517700195312,83131,19726,2.032999277114868
pair/b2outer1/final/pair_gnn/s2207,corrected_gnn,2207,readout.0.bias,64,14,50,0.056153666228055954,59,14,0.05635720491409302
pair/b2outer1/final/pair_gnn/s2207,corrected_gnn,2207,readout.3.weight,64,14,50,1.2905895709991455,59,14,1.3189315795898438
pair/b2outer1/final/pair_gnn/s2207,corrected_gnn,2207,readout.3.bias,1,1,0,0.251772403717041,1,1,0.2517724633216858
pair/b2outer1/final/pair_gnn/s3301,corrected_gnn,3301,embed.weight,2976,987,1989,0.6126477718353271,1006,987,0.6791532635688782
pair/b2outer1/final/pair_gnn/s3301,corrected_gnn,3301,embed.bias,32,31,1,0.24601349234580994,31,31,0.2706705927848816
pair/b2outer1/final/pair_gnn/s3301,corrected_gnn,3301,self_layers.0.weight,1024,747,277,0.1296534687280655,799,747,0.14569933712482452
pair/b2outer1/final/pair_gnn/s3301,corrected_gnn,3301,self_layers.0.bias,32,25,7,0.2252618372440338,27,25,0.25789570808410645
pair/b2outer1/final/pair_gnn/s3301,corrected_gnn,3301,self_layers.1.weight,1024,1024,0,0.11637286841869354,1024,1024,0.12786847352981567
pair/b2outer1/final/pair_gnn/s3301,corrected_gnn,3301,self_layers.1.bias,32,32,0,0.019631285220384598,32,32,0.02143729291856289
pair/b2outer1/final/pair_gnn/s3301,corrected_gnn,3301,norms.0.weight,32,32,0,0.04167361184954643,32,32,0.045064527541399
pair/b2outer1/final/pair_gnn/s3301,corrected_gnn,3301,norms.0.bias,32,32,0,0.03314021974802017,32,32,0.036673881113529205
pair/b2outer1/final/pair_gnn/s3301,corrected_gnn,3301,norms.1.weight,32,32,0,0.03893158584833145,32,32,0.04237660765647888
pair/b2outer1/final/pair_gnn/s3301,corrected_gnn,3301,norms.1.bias,32,32,0,0.023576993495225906,32,32,0.024208011105656624
pair/b2outer1/final/pair_gnn/s3301,corrected_gnn,3301,message_weights.0,8192,4975,3217,0.10548941791057587,5250,4975,0.11817823350429535
pair/b2outer1/final/pair_gnn/s3301,corrected_gnn,3301,message_weights.1,8192,6976,1216,0.08756711333990097,7168,6976,0.09505417197942734
pair/b2outer1/final/pair_gnn/s3301,corrected_gnn,3301,readout.0.weight,131584,26771,104813,1.9133834838867188,83131,26771,1.983130931854248
pair/b2outer1/final/pair_gnn/s3301,corrected_gnn,3301,readout.0.bias,64,19,45,0.05348857119679451,59,19,0.05483262613415718
pair/b2outer1/final/pair_gnn/s3301,corrected_gnn,3301,readout.3.weight,64,19,45,1.2258700132369995,59,19,1.2660433053970337
pair/b2outer1/final/pair_gnn/s3301,corrected_gnn,3301,readout.3.bias,1,1,0,0.18192538619041443,1,1,0.18192537128925323
pair/b2outer1/final/pair_gnn/s4409,corrected_gnn,4409,embed.weight,2976,1057,1919,0.614801287651062,1064,1057,0.6595538854598999
pair/b2outer1/final/pair_gnn/s4409,corrected_gnn,4409,embed.bias,32,32,0,0.2501784861087799,32,32,0.2617095112800598
pair/b2outer1/final/pair_gnn/s4409,corrected_gnn,4409,self_layers.0.weight,1024,797,227,0.11638975143432617,810,797,0.12349988520145416
pair/b2outer1/final/pair_gnn/s4409,corrected_gnn,4409,self_layers.0.bias,32,26,6,0.18225599825382233,26,26,0.18867221474647522
pair/b2outer1/final/pair_gnn/s4409,corrected_gnn,4409,self_layers.1.weight,1024,992,32,0.09994076192378998,1024,992,0.10606960207223892
pair/b2outer1/final/pair_gnn/s4409,corrected_gnn,4409,self_layers.1.bias,32,31,1,0.017934909090399742,32,31,0.018662450835108757
pair/b2outer1/final/pair_gnn/s4409,corrected_gnn,4409,norms.0.weight,32,32,0,0.0278792604804039,32,32,0.031158361583948135
pair/b2outer1/final/pair_gnn/s4409,corrected_gnn,4409,norms.0.bias,32,32,0,0.034199461340904236,32,32,0.035469383001327515
pair/b2outer1/final/pair_gnn/s4409,corrected_gnn,4409,norms.1.weight,32,32,0,0.03206200525164604,32,32,0.035773955285549164
pair/b2outer1/final/pair_gnn/s4409,corrected_gnn,4409,norms.1.bias,32,32,0,0.02966819331049919,32,32,0.029375342652201653
pair/b2outer1/final/pair_gnn/s4409,corrected_gnn,4409,message_weights.0,8192,5183,3009,0.09341198951005936,5345,5183,0.09777579456567764
pair/b2outer1/final/pair_gnn/s4409,corrected_gnn,4409,message_weights.1,8192,6784,1408,0.08050704747438431,7168,6784,0.08478229492902756
pair/b2outer1/final/pair_gnn/s4409,corrected_gnn,4409,readout.0.weight,131584,18317,113267,1.9829304218292236,88767,18317,2.0422754287719727
pair/b2outer1/final/pair_gnn/s4409,corrected_gnn,4409,readout.0.bias,64,13,51,0.05689498037099838,63,13,0.05771154537796974
pair/b2outer1/final/pair_gnn/s4409,corrected_gnn,4409,readout.3.weight,64,13,51,0.9794817566871643,63,13,1.0447465181350708
pair/b2outer1/final/pair_gnn/s4409,corrected_gnn,4409,readout.3.bias,1,1,0,0.25085118412971497,1,1,0.25085118412971497
pair/b2outer1/final/pair_gnn/s5519,corrected_gnn,5519,embed.weight,2976,1068,1908,0.9367201328277588,1085,1068,0.9676796197891235
pair/b2outer1/final/pair_gnn/s5519,corrected_gnn,5519,embed.bias,32,32,0,0.3119121491909027,32,32,0.32584628462791443
pair/b2outer1/final/pair_gnn/s5519,corrected_gnn,5519,self_layers.0.weight,1024,685,339,0.18600115180015564,706,685,0.18717066943645477
pair/b2outer1/final/pair_gnn/s5519,corrected_gnn,5519,self_layers.0.bias,32,22,10,0.3452179729938507,23,22,0.35238009691238403
pair/b2outer1/final/pair_gnn/s5519,corrected_gnn,5519,self_layers.1.weight,1024,1024,0,0.21037885546684265,1024,1024,0.2131272554397583
pair/b2outer1/final/pair_gnn/s5519,corrected_gnn,5519,self_layers.1.bias,32,32,0,0.03632144257426262,32,32,0.03667062520980835
pair/b2outer1/final/pair_gnn/s5519,corrected_gnn,5519,norms.0.weight,32,32,0,0.0537051223218441,32,32,0.05335674807429314
pair/b2outer1/final/pair_gnn/s5519,corrected_gnn,5519,norms.0.bias,32,32,0,0.05730295553803444,32,32,0.057604171335697174
pair/b2outer1/final/pair_gnn/s5519,corrected_gnn,5519,norms.1.weight,32,32,0,0.06748205423355103,32,32,0.06836862117052078
pair/b2outer1/final/pair_gnn/s5519,corrected_gnn,5519,norms.1.bias,32,32,0,0.06108066812157631,32,32,0.06072869896888733
pair/b2outer1/final/pair_gnn/s5519,corrected_gnn,5519,message_weights.0,8192,4598,3594,0.14019908010959625,4759,4598,0.142652228474617
pair/b2outer1/final/pair_gnn/s5519,corrected_gnn,5519,message_weights.1,8192,6912,1280,0.15528377890586853,7168,6912,0.15702837705612183
pair/b2outer1/final/pair_gnn/s5519,corrected_gnn,5519,readout.0.weight,131584,30998,100586,3.808973550796509,78904,30998,3.8125803470611572
pair/b2outer1/final/pair_gnn/s5519,corrected_gnn,5519,readout.0.bias,64,22,42,0.1073007732629776,56,22,0.10704052448272705
pair/b2outer1/final/pair_gnn/s5519,corrected_gnn,5519,readout.3.weight,64,22,42,2.4502055644989014,56,22,2.4513959884643555
pair/b2outer1/final/pair_gnn/s5519,corrected_gnn,5519,readout.3.bias,1,1,0,0.3688315153121948,1,1,0.3688315153121948
pair/b2outer1/final/pair_gnn/s6637,corrected_gnn,6637,embed.weight,2976,916,2060,0.6477438807487488,942,916,0.6709994673728943
pair/b2outer1/final/pair_gnn/s6637,corrected_gnn,6637,embed.bias,32,30,2,0.2672455310821533,30,30,0.285232812166214
pair/b2outer1/final/pair_gnn/s6637,corrected_gnn,6637,self_layers.0.weight,1024,736,288,0.17774827778339386,759,736,0.18344564735889435
pair/b2outer1/final/pair_gnn/s6637,corrected_gnn,6637,self_layers.0.bias,32,25,7,0.3341999351978302,26,25,0.35000160336494446
pair/b2outer1/final/pair_gnn/s6637,corrected_gnn,6637,self_layers.1.weight,1024,1024,0,0.12041348963975906,1024,1024,0.12303857505321503
pair/b2outer1/final/pair_gnn/s6637,corrected_gnn,6637,self_layers.1.bias,32,32,0,0.021578779444098473,32,32,0.021905692294239998
pair/b2outer1/final/pair_gnn/s6637,corrected_gnn,6637,norms.0.weight,32,32,0,0.043541070073843,32,32,0.04611733555793762
pair/b2outer1/final/pair_gnn/s6637,corrected_gnn,6637,norms.0.bias,32,32,0,0.040935542434453964,32,32,0.042021267116069794
pair/b2outer1/final/pair_gnn/s6637,corrected_gnn,6637,norms.1.weight,32,32,0,0.03694860264658928,32,32,0.03854754567146301
pair/b2outer1/final/pair_gnn/s6637,corrected_gnn,6637,norms.1.bias,32,32,0,0.036945149302482605,32,32,0.03654997795820236
pair/b2outer1/final/pair_gnn/s6637,corrected_gnn,6637,message_weights.0,8192,4848,3344,0.14699199795722961,5088,4848,0.15162648260593414
pair/b2outer1/final/pair_gnn/s6637,corrected_gnn,6637,message_weights.1,8192,6688,1504,0.09689664840698242,7168,6688,0.09751191735267639
pair/b2outer1/final/pair_gnn/s6637,corrected_gnn,6637,readout.0.weight,131584,9863,121721,2.4496607780456543,84540,9863,2.4422872066497803
pair/b2outer1/final/pair_gnn/s6637,corrected_gnn,6637,readout.0.bias,64,7,57,0.07050640136003494,60,7,0.0697888508439064
pair/b2outer1/final/pair_gnn/s6637,corrected_gnn,6637,readout.3.weight,64,7,57,1.090583086013794,60,7,1.1181107759475708
pair/b2outer1/final/pair_gnn/s6637,corrected_gnn,6637,readout.3.bias,1,1,0,0.3161870241165161,1,1,0.3161869943141937
pair/b2outer1/final/pair_gnn/s7753,corrected_gnn,7753,embed.weight,2976,915,2061,1.337409496307373,924,915,1.3562651872634888
pair/b2outer1/final/pair_gnn/s7753,corrected_gnn,7753,embed.bias,32,30,2,0.5255743265151978,30,30,0.5353628396987915
pair/b2outer1/final/pair_gnn/s7753,corrected_gnn,7753,self_layers.0.weight,1024,792,232,0.24593162536621094,795,792,0.25102952122688293
pair/b2outer1/final/pair_gnn/s7753,corrected_gnn,7753,self_layers.0.bias,32,27,5,0.5853439569473267,27,27,0.6068975925445557
pair/b2outer1/final/pair_gnn/s7753,corrected_gnn,7753,self_layers.1.weight,1024,1024,0,0.21109133958816528,1024,1024,0.21767640113830566
pair/b2outer1/final/pair_gnn/s7753,corrected_gnn,7753,self_layers.1.bias,32,32,0,0.03781194984912872,32,32,0.039525337517261505
pair/b2outer1/final/pair_gnn/s7753,corrected_gnn,7753,norms.0.weight,32,32,0,0.0711638480424881,32,32,0.07190763205289841
pair/b2outer1/final/pair_gnn/s7753,corrected_gnn,7753,norms.0.bias,32,32,0,0.07310447096824646,32,32,0.07502216845750809
pair/b2outer1/final/pair_gnn/s7753,corrected_gnn,7753,norms.1.weight,32,32,0,0.08303268998861313,32,32,0.08384331315755844
pair/b2outer1/final/pair_gnn/s7753,corrected_gnn,7753,norms.1.bias,32,32,0,0.0721210315823555,32,32,0.07267417013645172
pair/b2outer1/final/pair_gnn/s7753,corrected_gnn,7753,message_weights.0,8192,5262,2930,0.21934014558792114,5351,5262,0.22453978657722473
pair/b2outer1/final/pair_gnn/s7753,corrected_gnn,7753,message_weights.1,8192,6976,1216,0.16690753400325775,7168,6976,0.17188535630702972
pair/b2outer1/final/pair_gnn/s7753,corrected_gnn,7753,readout.0.weight,131584,26771,104813,4.714957237243652,84540,26771,4.7422027587890625
pair/b2outer1/final/pair_gnn/s7753,corrected_gnn,7753,readout.0.bias,64,19,45,0.1345442682504654,60,19,0.1347464770078659
pair/b2outer1/final/pair_gnn/s7753,corrected_gnn,7753,readout.3.weight,64,19,45,2.3150033950805664,60,19,2.331462860107422
pair/b2outer1/final/pair_gnn/s7753,corrected_gnn,7753,readout.3.bias,1,1,0,0.3732198476791382,1,1,0.3732198178768158
pair/b2outer1/final/pair_gnn/s8867,corrected_gnn,8867,embed.weight,2976,1115,1861,0.4124487340450287,1123,1115,0.4582742154598236
pair/b2outer1/final/pair_gnn/s8867,corrected_gnn,8867,embed.bias,32,32,0,0.19007740914821625,32,32,0.21090318262577057
pair/b2outer1/final/pair_gnn/s8867,corrected_gnn,8867,self_layers.0.weight,1024,759,265,0.09801823645830154,761,759,0.10866991430521011
pair/b2outer1/final/pair_gnn/s8867,corrected_gnn,8867,self_layers.0.bias,32,24,8,0.12749981880187988,24,24,0.14652559161186218
pair/b2outer1/final/pair_gnn/s8867,corrected_gnn,8867,self_layers.1.weight,1024,1024,0,0.06853911280632019,1024,1024,0.07599075883626938
pair/b2outer1/final/pair_gnn/s8867,corrected_gnn,8867,self_layers.1.bias,32,32,0,0.010271498002111912,32,32,0.011263798922300339
pair/b2outer1/final/pair_gnn/s8867,corrected_gnn,8867,norms.0.weight,32,32,0,0.026158493012189865,32,32,0.029090309515595436
pair/b2outer1/final/pair_gnn/s8867,corrected_gnn,8867,norms.0.bias,32,32,0,0.021338827908039093,32,32,0.023576846346259117
pair/b2outer1/final/pair_gnn/s8867,corrected_gnn,8867,norms.1.weight,32,32,0,0.026989363133907318,32,32,0.03183289244771004
pair/b2outer1/final/pair_gnn/s8867,corrected_gnn,8867,norms.1.bias,32,32,0,0.014977697283029556,32,32,0.015441294759511948
pair/b2outer1/final/pair_gnn/s8867,corrected_gnn,8867,message_weights.0,8192,5162,3030,0.07523983716964722,5169,5162,0.08427189290523529
pair/b2outer1/final/pair_gnn/s8867,corrected_gnn,8867,message_weights.1,8192,7136,1056,0.05219225957989693,7168,7136,0.05699044093489647
pair/b2outer1/final/pair_gnn/s8867,corrected_gnn,8867,readout.0.weight,131584,29589,101995,1.2477093935012817,78904,29589,1.3082393407821655
pair/b2outer1/final/pair_gnn/s8867,corrected_gnn,8867,readout.0.bias,64,21,43,0.03284214437007904,56,21,0.033436134457588196
pair/b2outer1/final/pair_gnn/s8867,corrected_gnn,8867,readout.3.weight,64,21,43,0.8683289885520935,56,21,0.9184100031852722
pair/b2outer1/final/pair_gnn/s8867,corrected_gnn,8867,readout.3.bias,1,1,0,0.13081540167331696,1,1,0.13081540167331696
pair/b2outer1/final/pair_gnn/s9973,corrected_gnn,9973,embed.weight,2976,1081,1895,0.24892157316207886,1102,1081,0.35305362939834595
pair/b2outer1/final/pair_gnn/s9973,corrected_gnn,9973,embed.bias,32,32,0,0.09389720112085342,32,32,0.14057691395282745
pair/b2outer1/final/pair_gnn/s9973,corrected_gnn,9973,self_layers.0.weight,1024,786,238,0.04167966544628143,861,786,0.05185650661587715
pair/b2outer1/final/pair_gnn/s9973,corrected_gnn,9973,self_layers.0.bias,32,26,6,0.062042515724897385,28,26,0.07571421563625336
pair/b2outer1/final/pair_gnn/s9973,corrected_gnn,9973,self_layers.1.weight,1024,1024,0,0.03549329563975334,1024,1024,0.04762190207839012
pair/b2outer1/final/pair_gnn/s9973,corrected_gnn,9973,self_layers.1.bias,32,32,0,0.005063496530056,32,32,0.007058827206492424
pair/b2outer1/final/pair_gnn/s9973,corrected_gnn,9973,norms.0.weight,32,32,0,0.008930278941988945,32,32,0.013691180385649204
pair/b2outer1/final/pair_gnn/s9973,corrected_gnn,9973,norms.0.bias,32,32,0,0.007555964402854443,32,32,0.009830808266997337
pair/b2outer1/final/pair_gnn/s9973,corrected_gnn,9973,norms.1.weight,32,32,0,0.014312103390693665,32,32,0.019170716404914856
pair/b2outer1/final/pair_gnn/s9973,corrected_gnn,9973,norms.1.bias,32,32,0,0.008599205873906612,32,32,0.011358228512108326
pair/b2outer1/final/pair_gnn/s9973,corrected_gnn,9973,message_weights.0,8192,5416,2776,0.03462981805205345,5774,5416,0.04374256357550621
pair/b2outer1/final/pair_gnn/s9973,corrected_gnn,9973,message_weights.1,8192,7104,1088,0.026414187625050545,7168,7104,0.03458553925156593
pair/b2outer1/final/pair_gnn/s9973,corrected_gnn,9973,readout.0.weight,131584,7045,124539,0.5282214879989624,88767,7045,0.6808629035949707
pair/b2outer1/final/pair_gnn/s9973,corrected_gnn,9973,readout.0.bias,64,5,59,0.013805907219648361,63,5,0.01747078076004982
pair/b2outer1/final/pair_gnn/s9973,corrected_gnn,9973,readout.3.weight,64,5,59,1.097757339477539,63,5,1.199347734451294
pair/b2outer1/final/pair_gnn/s9973,corrected_gnn,9973,readout.3.bias,1,1,0,0.13269904255867004,1,1,0.13269898295402527
pair/b2outer1/final/pair_no_message/s11027,corrected_no_message,11027,embed.weight,2976,941,2035,0.36725950241088867,970,941,0.4302874505519867
pair/b2outer1/final/pair_no_message/s11027,corrected_no_message,11027,embed.bias,32,31,1,0.12121585756540298,31,31,0.1372220367193222
pair/b2outer1/final/pair_no_message/s11027,corrected_no_message,11027,self_layers.0.weight,1024,616,408,0.062315866351127625,645,616,0.07164738327264786
pair/b2outer1/final/pair_no_message/s11027,corrected_no_message,11027,self_layers.0.bias,32,21,11,0.12638075649738312,22,21,0.13857349753379822
pair/b2outer1/final/pair_no_message/s11027,corrected_no_message,11027,self_layers.1.weight,1024,1024,0,0.07539059221744537,1024,1024,0.0856563001871109
pair/b2outer1/final/pair_no_message/s11027,corrected_no_message,11027,self_layers.1.bias,32,32,0,0.014036781154572964,32,32,0.015777649357914925
pair/b2outer1/final/pair_no_message/s11027,corrected_no_message,11027,norms.0.weight,32,32,0,0.017925716936588287,32,32,0.019566871225833893
pair/b2outer1/final/pair_no_message/s11027,corrected_no_message,11027,norms.0.bias,32,32,0,0.017915578559041023,32,32,0.019459983333945274
pair/b2outer1/final/pair_no_message/s11027,corrected_no_message,11027,norms.1.weight,32,32,0,0.02565045841038227,32,32,0.030385904014110565
pair/b2outer1/final/pair_no_message/s11027,corrected_no_message,11027,norms.1.bias,32,32,0,0.016131607815623283,32,32,0.016371769830584526
pair/b2outer1/final/pair_no_message/s11027,corrected_no_message,11027,message_weights.0,8192,4060,4132,0.05021405220031738,4221,4060,0.05700600892305374
pair/b2outer1/final/pair_no_message/s11027,corrected_no_message,11027,message_weights.1,8192,7040,1152,0.057513248175382614,7167,7040,0.0648694634437561
pair/b2outer1/final/pair_no_message/s11027,corrected_no_message,11027,readout.0.weight,131584,21135,110449,1.0876424312591553,88767,21135,1.1387958526611328
pair/b2outer1/final/pair_no_message/s11027,corrected_no_message,11027,readout.0.bias,64,15,49,0.030517596751451492,63,15,0.03086710162460804
pair/b2outer1/final/pair_no_message/s11027,corrected_no_message,11027,readout.3.weight,64,15,49,0.6550672650337219,63,15,0.7209242582321167
pair/b2outer1/final/pair_no_message/s11027,corrected_no_message,11027,readout.3.bias,1,1,0,0.1140919029712677,1,1,0.1140918880701065
pair/b2outer1/final/pair_no_message/s1103,corrected_no_message,1103,embed.weight,2976,1035,1941,2.8505494594573975,1037,1035,2.850263833999634
pair/b2outer1/final/pair_no_message/s1103,corrected_no_message,1103,embed.bias,32,32,0,1.1533446311950684,32,32,1.1534647941589355
pair/b2outer1/final/pair_no_message/s1103,corrected_no_message,1103,self_layers.0.weight,1024,645,379,0.4790888726711273,649,645,0.4792281985282898
pair/b2outer1/final/pair_no_message/s1103,corrected_no_message,1103,self_layers.0.bias,32,21,11,0.6024734973907471,21,21,0.599470317363739
pair/b2outer1/final/pair_no_message/s1103,corrected_no_message,1103,self_layers.1.weight,1024,1024,0,0.46725544333457947,1024,1024,0.4683786630630493
pair/b2outer1/final/pair_no_message/s1103,corrected_no_message,1103,self_layers.1.bias,32,32,0,0.07674133032560349,32,32,0.07691728323698044
pair/b2outer1/final/pair_no_message/s1103,corrected_no_message,1103,norms.0.weight,32,32,0,0.14753323793411255,32,32,0.14447180926799774
pair/b2outer1/final/pair_no_message/s1103,corrected_no_message,1103,norms.0.bias,32,32,0,0.11836972832679749,32,32,0.11875308305025101
pair/b2outer1/final/pair_no_message/s1103,corrected_no_message,1103,norms.1.weight,32,32,0,0.117383673787117,32,32,0.11553362756967545
pair/b2outer1/final/pair_no_message/s1103,corrected_no_message,1103,norms.1.bias,32,32,0,0.1392253339290619,32,32,0.1385861486196518
pair/b2outer1/final/pair_no_message/s1103,corrected_no_message,1103,message_weights.0,8192,4214,3978,0.40640395879745483,4241,4214,0.4057849049568176
pair/b2outer1/final/pair_no_message/s1103,corrected_no_message,1103,message_weights.1,8192,7104,1088,0.3692251145839691,7168,7104,0.36992567777633667
pair/b2outer1/final/pair_no_message/s1103,corrected_no_message,1103,readout.0.weight,131584,42270,89314,9.194694519042969,85949,42270,9.186442375183105
pair/b2outer1/final/pair_no_message/s1103,corrected_no_message,1103,readout.0.bias,64,30,34,0.2716349959373474,61,30,0.271171897649765
pair/b2outer1/final/pair_no_message/s1103,corrected_no_message,1103,readout.3.weight,64,30,34,5.868220806121826,61,30,5.8661298751831055
pair/b2outer1/final/pair_no_message/s1103,corrected_no_message,1103,readout.3.bias,1,1,0,0.8174028992652893,1,1,0.8174028396606445
pair/b2outer1/final/pair_no_message/s2207,corrected_no_message,2207,embed.weight,2976,979,1997,0.6896507740020752,988,979,0.7110556364059448
pair/b2outer1/final/pair_no_message/s2207,corrected_no_message,2207,embed.bias,32,31,1,0.24982210993766785,31,31,0.2596001625061035
pair/b2outer1/final/pair_no_message/s2207,corrected_no_message,2207,self_layers.0.weight,1024,674,350,0.1506911814212799,695,674,0.15966863930225372
pair/b2outer1/final/pair_no_message/s2207,corrected_no_message,2207,self_layers.0.bias,32,22,10,0.23205633461475372,23,22,0.24555446207523346
pair/b2outer1/final/pair_no_message/s2207,corrected_no_message,2207,self_layers.1.weight,1024,992,32,0.13084302842617035,1024,992,0.13683773577213287
pair/b2outer1/final/pair_no_message/s2207,corrected_no_message,2207,self_layers.1.bias,32,31,1,0.02463064342737198,32,31,0.025692863389849663
pair/b2outer1/final/pair_no_message/s2207,corrected_no_message,2207,norms.0.weight,32,32,0,0.04245031625032425,32,32,0.04571637138724327
pair/b2outer1/final/pair_no_message/s2207,corrected_no_message,2207,norms.0.bias,32,32,0,0.03321462869644165,32,32,0.03424007073044777
pair/b2outer1/final/pair_no_message/s2207,corrected_no_message,2207,norms.1.weight,32,32,0,0.05046864598989487,32,32,0.051817264407873154
pair/b2outer1/final/pair_no_message/s2207,corrected_no_message,2207,norms.1.bias,32,32,0,0.037157945334911346,32,32,0.037043217569589615
pair/b2outer1/final/pair_no_message/s2207,corrected_no_message,2207,message_weights.0,8192,4442,3750,0.12155801057815552,4575,4442,0.1276879757642746
pair/b2outer1/final/pair_no_message/s2207,corrected_no_message,2207,message_weights.1,8192,6784,1408,0.10289161652326584,7168,6784,0.10709245502948761
pair/b2outer1/final/pair_no_message/s2207,corrected_no_message,2207,readout.0.weight,131584,23953,107631,2.8179123401641846,81722,23953,2.86031436920166
pair/b2outer1/final/pair_no_message/s2207,corrected_no_message,2207,readout.0.bias,64,17,47,0.07885825634002686,58,17,0.0792570561170578
pair/b2outer1/final/pair_no_message/s2207,corrected_no_message,2207,readout.3.weight,64,17,47,1.5320159196853638,58,17,1.5385175943374634
pair/b2outer1/final/pair_no_message/s2207,corrected_no_message,2207,readout.3.bias,1,1,0,0.3038579225540161,1,1,0.3038579523563385
pair/b2outer1/final/pair_no_message/s3301,corrected_no_message,3301,embed.weight,2976,1000,1976,0.5106633305549622,1014,1000,0.5458871722221375
pair/b2outer1/final/pair_no_message/s3301,corrected_no_message,3301,embed.bias,32,31,1,0.1809217780828476,31,31,0.19047804176807404
pair/b2outer1/final/pair_no_message/s3301,corrected_no_message,3301,self_layers.0.weight,1024,755,269,0.10593131184577942,807,755,0.11291947960853577
pair/b2outer1/final/pair_no_message/s3301,corrected_no_message,3301,self_layers.0.bias,32,25,7,0.15256699919700623,27,25,0.16140973567962646
pair/b2outer1/final/pair_no_message/s3301,corrected_no_message,3301,self_layers.1.weight,1024,992,32,0.09655360132455826,1024,992,0.0999722108244896
pair/b2outer1/final/pair_no_message/s3301,corrected_no_message,3301,self_layers.1.bias,32,31,1,0.015302561223506927,32,31,0.015638675540685654
pair/b2outer1/final/pair_no_message/s3301,corrected_no_message,3301,norms.0.weight,32,32,0,0.03441064804792404,32,32,0.03727570176124573
pair/b2outer1/final/pair_no_message/s3301,corrected_no_message,3301,norms.0.bias,32,32,0,0.02545851655304432,32,32,0.02648959867656231
pair/b2outer1/final/pair_no_message/s3301,corrected_no_message,3301,norms.1.weight,32,32,0,0.032932911068201065,32,32,0.03552443906664848
pair/b2outer1/final/pair_no_message/s3301,corrected_no_message,3301,norms.1.bias,32,32,0,0.022208645939826965,32,32,0.0222526416182518
pair/b2outer1/final/pair_no_message/s3301,corrected_no_message,3301,message_weights.0,8192,5002,3190,0.08296516537666321,5318,5002,0.08792294561862946
pair/b2outer1/final/pair_no_message/s3301,corrected_no_message,3301,message_weights.1,8192,6784,1408,0.0755145475268364,7104,6784,0.07790570706129074
pair/b2outer1/final/pair_no_message/s3301,corrected_no_message,3301,readout.0.weight,131584,22544,109040,1.6323370933532715,83131,22544,1.640849232673645
pair/b2outer1/final/pair_no_message/s3301,corrected_no_message,3301,readout.0.bias,64,16,48,0.04599886015057564,59,16,0.04566828906536102
pair/b2outer1/final/pair_no_message/s3301,corrected_no_message,3301,readout.3.weight,64,16,48,1.0913218259811401,59,16,1.1172579526901245
pair/b2outer1/final/pair_no_message/s3301,corrected_no_message,3301,readout.3.bias,1,1,0,0.21239730715751648,1,1,0.21239733695983887
pair/b2outer1/final/pair_no_message/s4409,corrected_no_message,4409,embed.weight,2976,1051,1925,0.525205671787262,1070,1051,0.580746591091156
pair/b2outer1/final/pair_no_message/s4409,corrected_no_message,4409,embed.bias,32,32,0,0.20978382229804993,32,32,0.22655929625034332
pair/b2outer1/final/pair_no_message/s4409,corrected_no_message,4409,self_layers.0.weight,1024,800,224,0.10213775187730789,815,800,0.11323173344135284
pair/b2outer1/final/pair_no_message/s4409,corrected_no_message,4409,self_layers.0.bias,32,26,6,0.16809488832950592,26,26,0.18544229865074158
pair/b2outer1/final/pair_no_message/s4409,corrected_no_message,4409,self_layers.1.weight,1024,992,32,0.07809171825647354,1024,992,0.0855526402592659
pair/b2outer1/final/pair_no_message/s4409,corrected_no_message,4409,self_layers.1.bias,32,31,1,0.013424891047179699,32,31,0.014483855105936527
pair/b2outer1/final/pair_no_message/s4409,corrected_no_message,4409,norms.0.weight,32,32,0,0.023814592510461807,32,32,0.027956468984484673
pair/b2outer1/final/pair_no_message/s4409,corrected_no_message,4409,norms.0.bias,32,32,0,0.025200175121426582,32,32,0.027245838195085526
pair/b2outer1/final/pair_no_message/s4409,corrected_no_message,4409,norms.1.weight,32,32,0,0.027790598571300507,32,32,0.0329199843108654
pair/b2outer1/final/pair_no_message/s4409,corrected_no_message,4409,norms.1.bias,32,32,0,0.024439558386802673,32,32,0.02494262345135212
pair/b2outer1/final/pair_no_message/s4409,corrected_no_message,4409,message_weights.0,8192,5186,3006,0.08011174947023392,5367,5186,0.08807121217250824
pair/b2outer1/final/pair_no_message/s4409,corrected_no_message,4409,message_weights.1,8192,6688,1504,0.06333877146244049,7168,6688,0.06880290061235428
pair/b2outer1/final/pair_no_message/s4409,corrected_no_message,4409,readout.0.weight,131584,19726,111858,1.4291319847106934,87358,19726,1.4929122924804688
pair/b2outer1/final/pair_no_message/s4409,corrected_no_message,4409,readout.0.bias,64,14,50,0.04144727438688278,62,14,0.042465690523386
pair/b2outer1/final/pair_no_message/s4409,corrected_no_message,4409,readout.3.weight,64,14,50,0.9318365454673767,62,14,1.0102301836013794
pair/b2outer1/final/pair_no_message/s4409,corrected_no_message,4409,readout.3.bias,1,1,0,0.20283152163028717,1,1,0.20283158123493195
pair/b2outer1/final/pair_no_message/s5519,corrected_no_message,5519,embed.weight,2976,1061,1915,0.7953848838806152,1083,1061,0.836945116519928
pair/b2outer1/final/pair_no_message/s5519,corrected_no_message,5519,embed.bias,32,32,0,0.2323657125234604,32,32,0.2497531622648239
pair/b2outer1/final/pair_no_message/s5519,corrected_no_message,5519,self_layers.0.weight,1024,689,335,0.15796682238578796,712,689,0.16962683200836182
pair/b2outer1/final/pair_no_message/s5519,corrected_no_message,5519,self_layers.0.bias,32,23,9,0.28231409192085266,24,23,0.30502206087112427
pair/b2outer1/final/pair_no_message/s5519,corrected_no_message,5519,self_layers.1.weight,1024,1024,0,0.17603792250156403,1024,1024,0.18352067470550537
pair/b2outer1/final/pair_no_message/s5519,corrected_no_message,5519,self_layers.1.bias,32,32,0,0.03147882968187332,32,32,0.032718103379011154
pair/b2outer1/final/pair_no_message/s5519,corrected_no_message,5519,norms.0.weight,32,32,0,0.05224132910370827,32,32,0.057215455919504166
pair/b2outer1/final/pair_no_message/s5519,corrected_no_message,5519,norms.0.bias,32,32,0,0.04563966393470764,32,32,0.04781391844153404
pair/b2outer1/final/pair_no_message/s5519,corrected_no_message,5519,norms.1.weight,32,32,0,0.05071325600147247,32,32,0.053216226398944855
pair/b2outer1/final/pair_no_message/s5519,corrected_no_message,5519,norms.1.bias,32,32,0,0.04763416945934296,32,32,0.04806789383292198
pair/b2outer1/final/pair_no_message/s5519,corrected_no_message,5519,message_weights.0,8192,4469,3723,0.1239188015460968,4619,4469,0.1326548159122467
pair/b2outer1/final/pair_no_message/s5519,corrected_no_message,5519,message_weights.1,8192,6944,1248,0.13509076833724976,7168,6944,0.14088191092014313
pair/b2outer1/final/pair_no_message/s5519,corrected_no_message,5519,readout.0.weight,131584,30998,100586,2.807366371154785,78904,30998,2.842698812484741
pair/b2outer1/final/pair_no_message/s5519,corrected_no_message,5519,readout.0.bias,64,22,42,0.07912163436412811,56,22,0.0797390267252922
pair/b2outer1/final/pair_no_message/s5519,corrected_no_message,5519,readout.3.weight,64,22,42,1.5698256492614746,56,22,1.5838613510131836
pair/b2outer1/final/pair_no_message/s5519,corrected_no_message,5519,readout.3.bias,1,1,0,0.2570471167564392,1,1,0.257047176361084
pair/b2outer1/final/pair_no_message/s6637,corrected_no_message,6637,embed.weight,2976,912,2064,0.5553852319717407,952,912,0.5047515034675598
pair/b2outer1/final/pair_no_message/s6637,corrected_no_message,6637,embed.bias,32,29,3,0.2714744806289673,30,29,0.25495031476020813
pair/b2outer1/final/pair_no_message/s6637,corrected_no_message,6637,self_layers.0.weight,1024,660,364,0.09212661534547806,729,660,0.0846634954214096
pair/b2outer1/final/pair_no_message/s6637,corrected_no_message,6637,self_layers.0.bias,32,24,8,0.15902969241142273,25,24,0.14724113047122955
pair/b2outer1/final/pair_no_message/s6637,corrected_no_message,6637,self_layers.1.weight,1024,960,64,0.08983135968446732,1024,960,0.08725490421056747
pair/b2outer1/final/pair_no_message/s6637,corrected_no_message,6637,self_layers.1.bias,32,30,2,0.017980577424168587,32,30,0.017478400841355324
pair/b2outer1/final/pair_no_message/s6637,corrected_no_message,6637,norms.0.weight,32,32,0,0.020584192126989365,32,32,0.021461142227053642
pair/b2outer1/final/pair_no_message/s6637,corrected_no_message,6637,norms.0.bias,32,32,0,0.02691289782524109,32,32,0.02496320754289627
pair/b2outer1/final/pair_no_message/s6637,corrected_no_message,6637,norms.1.weight,32,32,0,0.025015240535140038,32,32,0.02491471730172634
pair/b2outer1/final/pair_no_message/s6637,corrected_no_message,6637,norms.1.bias,32,32,0,0.02448483742773533,32,32,0.022791648283600807
pair/b2outer1/final/pair_no_message/s6637,corrected_no_message,6637,message_weights.0,8192,4401,3791,0.0747787281870842,4904,4401,0.06863761693239212
pair/b2outer1/final/pair_no_message/s6637,corrected_no_message,6637,message_weights.1,8192,6432,1760,0.07137659937143326,7104,6432,0.06923315674066544
pair/b2outer1/final/pair_no_message/s6637,corrected_no_message,6637,readout.0.weight,131584,4227,127357,1.5115691423416138,84540,4227,1.5072914361953735
pair/b2outer1/final/pair_no_message/s6637,corrected_no_message,6637,readout.0.bias,64,3,61,0.0442434698343277,60,3,0.04378752410411835
pair/b2outer1/final/pair_no_message/s6637,corrected_no_message,6637,readout.3.weight,64,3,61,0.28430867195129395,60,3,0.16964192688465118
pair/b2outer1/final/pair_no_message/s6637,corrected_no_message,6637,readout.3.bias,1,1,0,0.5211595892906189,1,1,0.5211595892906189
pair/b2outer1/final/pair_no_message/s7753,corrected_no_message,7753,embed.weight,2976,916,2060,0.8431890606880188,923,916,0.8698907494544983
pair/b2outer1/final/pair_no_message/s7753,corrected_no_message,7753,embed.bias,32,30,2,0.373393177986145,30,30,0.38418102264404297
pair/b2outer1/final/pair_no_message/s7753,corrected_no_message,7753,self_layers.0.weight,1024,754,270,0.14935095608234406,767,754,0.15601107478141785
pair/b2outer1/final/pair_no_message/s7753,corrected_no_message,7753,self_layers.0.bias,32,26,6,0.35794514417648315,26,26,0.38144198060035706
pair/b2outer1/final/pair_no_message/s7753,corrected_no_message,7753,self_layers.1.weight,1024,1024,0,0.13802406191825867,1024,1024,0.1436229795217514
pair/b2outer1/final/pair_no_message/s7753,corrected_no_message,7753,self_layers.1.bias,32,32,0,0.02594323456287384,32,32,0.02720729075372219
pair/b2outer1/final/pair_no_message/s7753,corrected_no_message,7753,norms.0.weight,32,32,0,0.04747309163212776,32,32,0.04911869764328003
pair/b2outer1/final/pair_no_message/s7753,corrected_no_message,7753,norms.0.bias,32,32,0,0.04501884803175926,32,32,0.0466184988617897
pair/b2outer1/final/pair_no_message/s7753,corrected_no_message,7753,norms.1.weight,32,32,0,0.05899757519364357,32,32,0.06124686822295189
pair/b2outer1/final/pair_no_message/s7753,corrected_no_message,7753,norms.1.bias,32,32,0,0.041490763425827026,32,32,0.04125986993312836
pair/b2outer1/final/pair_no_message/s7753,corrected_no_message,7753,message_weights.0,8192,5042,3150,0.11920297145843506,5179,5042,0.12404222786426544
pair/b2outer1/final/pair_no_message/s7753,corrected_no_message,7753,message_weights.1,8192,6880,1312,0.10666696727275848,7168,6880,0.11085233837366104
pair/b2outer1/final/pair_no_message/s7753,corrected_no_message,7753,readout.0.weight,131584,28180,103404,2.847371816635132,83131,28180,2.8812999725341797
pair/b2outer1/final/pair_no_message/s7753,corrected_no_message,7753,readout.0.bias,64,20,44,0.08007916063070297,59,20,0.08005045354366302
pair/b2outer1/final/pair_no_message/s7753,corrected_no_message,7753,readout.3.weight,64,20,44,1.4011688232421875,59,20,1.4290987253189087
pair/b2outer1/final/pair_no_message/s7753,corrected_no_message,7753,readout.3.bias,1,1,0,0.22745198011398315,1,1,0.22745196521282196
pair/b2outer1/final/pair_no_message/s8867,corrected_no_message,8867,embed.weight,2976,1120,1856,0.7639106512069702,1128,1120,0.8077238202095032
pair/b2outer1/final/pair_no_message/s8867,corrected_no_message,8867,embed.bias,32,32,0,0.2779600918292999,32,32,0.2959226369857788
pair/b2outer1/final/pair_no_message/s8867,corrected_no_message,8867,self_layers.0.weight,1024,730,294,0.19318853318691254,749,730,0.20844435691833496
pair/b2outer1/final/pair_no_message/s8867,corrected_no_message,8867,self_layers.0.bias,32,23,9,0.252244770526886,24,23,0.27839234471321106
pair/b2outer1/final/pair_no_message/s8867,corrected_no_message,8867,self_layers.1.weight,1024,1024,0,0.14318126440048218,1024,1024,0.15256591141223907
pair/b2outer1/final/pair_no_message/s8867,corrected_no_message,8867,self_layers.1.bias,32,32,0,0.023821095004677773,32,32,0.02558470144867897
pair/b2outer1/final/pair_no_message/s8867,corrected_no_message,8867,norms.0.weight,32,32,0,0.04224789887666702,32,32,0.04621325060725212
pair/b2outer1/final/pair_no_message/s8867,corrected_no_message,8867,norms.0.bias,32,32,0,0.04083261266350746,32,32,0.04430866986513138
pair/b2outer1/final/pair_no_message/s8867,corrected_no_message,8867,norms.1.weight,32,32,0,0.03821122646331787,32,32,0.04255111515522003
pair/b2outer1/final/pair_no_message/s8867,corrected_no_message,8867,norms.1.bias,32,32,0,0.034318968653678894,32,32,0.03562933951616287
pair/b2outer1/final/pair_no_message/s8867,corrected_no_message,8867,message_weights.0,8192,4945,3247,0.14692258834838867,5029,4945,0.15828070044517517
pair/b2outer1/final/pair_no_message/s8867,corrected_no_message,8867,message_weights.1,8192,7072,1120,0.11433855444192886,7168,7072,0.12175188958644867
pair/b2outer1/final/pair_no_message/s8867,corrected_no_message,8867,readout.0.weight,131584,28180,103404,2.5540101528167725,84540,28180,2.6485068798065186
pair/b2outer1/final/pair_no_message/s8867,corrected_no_message,8867,readout.0.bias,64,20,44,0.07299137860536575,60,20,0.07518884539604187
pair/b2outer1/final/pair_no_message/s8867,corrected_no_message,8867,readout.3.weight,64,20,44,1.6924047470092773,60,20,1.7096352577209473
pair/b2outer1/final/pair_no_message/s8867,corrected_no_message,8867,readout.3.bias,1,1,0,0.326282262802124,1,1,0.326282262802124
pair/b2outer1/final/pair_no_message/s9973,corrected_no_message,9973,embed.weight,2976,1066,1910,0.23748987913131714,1091,1066,0.3166593909263611
pair/b2outer1/final/pair_no_message/s9973,corrected_no_message,9973,embed.bias,32,32,0,0.08554643392562866,32,32,0.11244537681341171
pair/b2outer1/final/pair_no_message/s9973,corrected_no_message,9973,self_layers.0.weight,1024,747,277,0.04390260577201843,788,747,0.05560832470655441
pair/b2outer1/final/pair_no_message/s9973,corrected_no_message,9973,self_layers.0.bias,32,24,8,0.06868322193622589,25,24,0.09112310409545898
pair/b2outer1/final/pair_no_message/s9973,corrected_no_message,9973,self_layers.1.weight,1024,1024,0,0.03712552413344383,1024,1024,0.04650058224797249
pair/b2outer1/final/pair_no_message/s9973,corrected_no_message,9973,self_layers.1.bias,32,32,0,0.005966451484709978,32,32,0.007327518425881863
pair/b2outer1/final/pair_no_message/s9973,corrected_no_message,9973,norms.0.weight,32,32,0,0.011712387204170227,32,32,0.01528538204729557
pair/b2outer1/final/pair_no_message/s9973,corrected_no_message,9973,norms.0.bias,32,32,0,0.007979199290275574,32,32,0.00993177480995655
pair/b2outer1/final/pair_no_message/s9973,corrected_no_message,9973,norms.1.weight,32,32,0,0.01729738898575306,32,32,0.021978767588734627
pair/b2outer1/final/pair_no_message/s9973,corrected_no_message,9973,norms.1.bias,32,32,0,0.004438106436282396,32,32,0.004893806762993336
pair/b2outer1/final/pair_no_message/s9973,corrected_no_message,9973,message_weights.0,8192,5022,3170,0.033106110990047455,5323,5022,0.04182664677500725
pair/b2outer1/final/pair_no_message/s9973,corrected_no_message,9973,message_weights.1,8192,7040,1152,0.02796063758432865,7168,7040,0.035055384039878845
pair/b2outer1/final/pair_no_message/s9973,corrected_no_message,9973,readout.0.weight,131584,12681,118903,0.361057311296463,88767,12681,0.43877455592155457
pair/b2outer1/final/pair_no_message/s9973,corrected_no_message,9973,readout.0.bias,64,9,55,0.007590573746711016,63,9,0.008757092989981174
pair/b2outer1/final/pair_no_message/s9973,corrected_no_message,9973,readout.3.weight,64,9,55,0.4994060695171356,63,9,0.6315271258354187
pair/b2outer1/final/pair_no_message/s9973,corrected_no_message,9973,readout.3.bias,1,1,0,0.04838158190250397,1,1,0.04838162660598755
pair/b2outer2/final/activity_gnn/s11027,corrected_gnn,11027,embed.weight,2976,954,2022,0.7761296033859253,983,954,0.7761296033859253
pair/b2outer2/final/activity_gnn/s11027,corrected_gnn,11027,embed.bias,32,30,2,0.2598295509815216,31,30,0.2598295509815216
pair/b2outer2/final/activity_gnn/s11027,corrected_gnn,11027,self_layers.0.weight,1024,611,413,0.15581877529621124,638,611,0.15581877529621124
pair/b2outer2/final/activity_gnn/s11027,corrected_gnn,11027,self_layers.0.bias,32,21,11,0.3163374662399292,21,21,0.3163374662399292
pair/b2outer2/final/activity_gnn/s11027,corrected_gnn,11027,self_layers.1.weight,1024,1024,0,0.16022725403308868,1024,1024,0.16022725403308868
pair/b2outer2/final/activity_gnn/s11027,corrected_gnn,11027,self_layers.1.bias,32,32,0,0.029378851875662804,32,32,0.029378851875662804
pair/b2outer2/final/activity_gnn/s11027,corrected_gnn,11027,norms.0.weight,32,32,0,0.04007643833756447,32,32,0.04007643833756447
pair/b2outer2/final/activity_gnn/s11027,corrected_gnn,11027,norms.0.bias,32,32,0,0.0414326973259449,32,32,0.0414326973259449
pair/b2outer2/final/activity_gnn/s11027,corrected_gnn,11027,norms.1.weight,32,32,0,0.040833063423633575,32,32,0.040833063423633575
pair/b2outer2/final/activity_gnn/s11027,corrected_gnn,11027,norms.1.bias,32,32,0,0.03766685351729393,32,32,0.03766685351729393
pair/b2outer2/final/activity_gnn/s11027,corrected_gnn,11027,message_weights.0,8192,4098,4094,0.12253150343894958,4261,4098,0.12253150343894958
pair/b2outer2/final/activity_gnn/s11027,corrected_gnn,11027,message_weights.1,8192,7072,1120,0.12450484931468964,7168,7072,0.12450484931468964
pair/b2outer2/final/activity_gnn/s11027,corrected_gnn,11027,readout.0.weight,131584,22544,109040,2.572113275527954,87358,22544,2.572113275527954
pair/b2outer2/final/activity_gnn/s11027,corrected_gnn,11027,readout.0.bias,64,16,48,0.07771618664264679,62,16,0.07771618664264679
pair/b2outer2/final/activity_gnn/s11027,corrected_gnn,11027,readout.3.weight,64,16,48,1.3272533416748047,62,16,1.3272533416748047
pair/b2outer2/final/activity_gnn/s11027,corrected_gnn,11027,readout.3.bias,1,1,0,0.32524219155311584,1,1,0.32524219155311584
pair/b2outer2/final/activity_gnn/s1103,corrected_gnn,1103,embed.weight,2976,1027,1949,1.765770673751831,1032,1027,1.765770673751831
pair/b2outer2/final/activity_gnn/s1103,corrected_gnn,1103,embed.bias,32,32,0,0.7853411436080933,32,32,0.7853411436080933
pair/b2outer2/final/activity_gnn/s1103,corrected_gnn,1103,self_layers.0.weight,1024,639,385,0.3786742687225342,647,639,0.3786742687225342
pair/b2outer2/final/activity_gnn/s1103,corrected_gnn,1103,self_layers.0.bias,32,21,11,0.552023708820343,21,21,0.552023708820343
pair/b2outer2/final/activity_gnn/s1103,corrected_gnn,1103,self_layers.1.weight,1024,1024,0,0.3229697346687317,1024,1024,0.3229697346687317
pair/b2outer2/final/activity_gnn/s1103,corrected_gnn,1103,self_layers.1.bias,32,32,0,0.0603550523519516,32,32,0.0603550523519516
pair/b2outer2/final/activity_gnn/s1103,corrected_gnn,1103,norms.0.weight,32,32,0,0.10624027997255325,32,32,0.10624027997255325
pair/b2outer2/final/activity_gnn/s1103,corrected_gnn,1103,norms.0.bias,32,32,0,0.09086353331804276,32,32,0.09086353331804276
pair/b2outer2/final/activity_gnn/s1103,corrected_gnn,1103,norms.1.weight,32,32,0,0.08833188563585281,32,32,0.08833188563585281
pair/b2outer2/final/activity_gnn/s1103,corrected_gnn,1103,norms.1.bias,32,32,0,0.09031927585601807,32,32,0.09031927585601807
pair/b2outer2/final/activity_gnn/s1103,corrected_gnn,1103,message_weights.0,8192,4208,3984,0.28940075635910034,4253,4208,0.28940075635910034
pair/b2outer2/final/activity_gnn/s1103,corrected_gnn,1103,message_weights.1,8192,6880,1312,0.2507574260234833,7136,6880,0.2507574260234833
pair/b2outer2/final/activity_gnn/s1103,corrected_gnn,1103,readout.0.weight,131584,39452,92132,6.623692989349365,80313,39452,6.623692989349365
pair/b2outer2/final/activity_gnn/s1103,corrected_gnn,1103,readout.0.bias,64,28,36,0.191970095038414,57,28,0.191970095038414
pair/b2outer2/final/activity_gnn/s1103,corrected_gnn,1103,readout.3.weight,64,28,36,3.4836201667785645,57,28,3.4836201667785645
pair/b2outer2/final/activity_gnn/s1103,corrected_gnn,1103,readout.3.bias,1,1,0,0.5424325466156006,1,1,0.5424325466156006
pair/b2outer2/final/activity_gnn/s2207,corrected_gnn,2207,embed.weight,2976,979,1997,0.9073832035064697,997,979,0.9073832035064697
pair/b2outer2/final/activity_gnn/s2207,corrected_gnn,2207,embed.bias,32,31,1,0.3856833875179291,31,31,0.3856833875179291
pair/b2outer2/final/activity_gnn/s2207,corrected_gnn,2207,self_layers.0.weight,1024,704,320,0.2068958282470703,706,704,0.2068958282470703
pair/b2outer2/final/activity_gnn/s2207,corrected_gnn,2207,self_layers.0.bias,32,23,9,0.3481523096561432,23,23,0.3481523096561432
pair/b2outer2/final/activity_gnn/s2207,corrected_gnn,2207,self_layers.1.weight,1024,1024,0,0.1653701364994049,1024,1024,0.1653701364994049
pair/b2outer2/final/activity_gnn/s2207,corrected_gnn,2207,self_layers.1.bias,32,32,0,0.03041541390120983,32,32,0.03041541390120983
pair/b2outer2/final/activity_gnn/s2207,corrected_gnn,2207,norms.0.weight,32,32,0,0.046992480754852295,32,32,0.046992480754852295
pair/b2outer2/final/activity_gnn/s2207,corrected_gnn,2207,norms.0.bias,32,32,0,0.04970405995845795,32,32,0.04970405995845795
pair/b2outer2/final/activity_gnn/s2207,corrected_gnn,2207,norms.1.weight,32,32,0,0.06694646924734116,32,32,0.06694646924734116
pair/b2outer2/final/activity_gnn/s2207,corrected_gnn,2207,norms.1.bias,32,32,0,0.05441250279545784,32,32,0.05441250279545784
pair/b2outer2/final/activity_gnn/s2207,corrected_gnn,2207,message_weights.0,8192,4641,3551,0.16683761775493622,4706,4641,0.16683761775493622
pair/b2outer2/final/activity_gnn/s2207,corrected_gnn,2207,message_weights.1,8192,6976,1216,0.12967053055763245,7136,6976,0.12967053055763245
pair/b2outer2/final/activity_gnn/s2207,corrected_gnn,2207,readout.0.weight,131584,16908,114676,3.7774174213409424,81722,16908,3.7774174213409424
pair/b2outer2/final/activity_gnn/s2207,corrected_gnn,2207,readout.0.bias,64,12,52,0.10803072154521942,58,12,0.10803072154521942
pair/b2outer2/final/activity_gnn/s2207,corrected_gnn,2207,readout.3.weight,64,12,52,1.634142518043518,58,12,1.634142518043518
pair/b2outer2/final/activity_gnn/s2207,corrected_gnn,2207,readout.3.bias,1,1,0,0.4943971633911133,1,1,0.4943971633911133
pair/b2outer2/final/activity_gnn/s3301,corrected_gnn,3301,embed.weight,2976,985,1991,0.5932190418243408,1012,985,0.5932190418243408
pair/b2outer2/final/activity_gnn/s3301,corrected_gnn,3301,embed.bias,32,31,1,0.20511169731616974,31,31,0.20511169731616974
pair/b2outer2/final/activity_gnn/s3301,corrected_gnn,3301,self_layers.0.weight,1024,733,291,0.11758463829755783,780,733,0.11758463829755783
pair/b2outer2/final/activity_gnn/s3301,corrected_gnn,3301,self_layers.0.bias,32,24,8,0.17874766886234283,26,24,0.17874766886234283
pair/b2outer2/final/activity_gnn/s3301,corrected_gnn,3301,self_layers.1.weight,1024,1024,0,0.09967454522848129,1024,1024,0.09967454522848129
pair/b2outer2/final/activity_gnn/s3301,corrected_gnn,3301,self_layers.1.bias,32,32,0,0.015561451204121113,32,32,0.015561451204121113
pair/b2outer2/final/activity_gnn/s3301,corrected_gnn,3301,norms.0.weight,32,32,0,0.036034002900123596,32,32,0.036034002900123596
pair/b2outer2/final/activity_gnn/s3301,corrected_gnn,3301,norms.0.bias,32,32,0,0.027325229719281197,32,32,0.027325229719281197
pair/b2outer2/final/activity_gnn/s3301,corrected_gnn,3301,norms.1.weight,32,32,0,0.03230952471494675,32,32,0.03230952471494675
pair/b2outer2/final/activity_gnn/s3301,corrected_gnn,3301,norms.1.bias,32,32,0,0.025910504162311554,32,32,0.025910504162311554
pair/b2outer2/final/activity_gnn/s3301,corrected_gnn,3301,message_weights.0,8192,4883,3309,0.09412713348865509,5118,4883,0.09412713348865509
pair/b2outer2/final/activity_gnn/s3301,corrected_gnn,3301,message_weights.1,8192,7040,1152,0.08281349390745163,7168,7040,0.08281349390745163
pair/b2outer2/final/activity_gnn/s3301,corrected_gnn,3301,readout.0.weight,131584,12681,118903,2.025067090988159,81722,12681,2.025067090988159
pair/b2outer2/final/activity_gnn/s3301,corrected_gnn,3301,readout.0.bias,64,9,55,0.05913219973444939,58,9,0.05913219973444939
pair/b2outer2/final/activity_gnn/s3301,corrected_gnn,3301,readout.3.weight,64,9,55,1.0329475402832031,58,9,1.0329475402832031
pair/b2outer2/final/activity_gnn/s3301,corrected_gnn,3301,readout.3.bias,1,1,0,0.3624851107597351,1,1,0.3624851107597351
pair/b2outer2/final/activity_gnn/s4409,corrected_gnn,4409,embed.weight,2976,1069,1907,0.9687362313270569,1079,1069,0.9687362313270569
pair/b2outer2/final/activity_gnn/s4409,corrected_gnn,4409,embed.bias,32,32,0,0.45348891615867615,32,32,0.45348891615867615
pair/b2outer2/final/activity_gnn/s4409,corrected_gnn,4409,self_layers.0.weight,1024,758,266,0.21980872750282288,805,758,0.21980872750282288
pair/b2outer2/final/activity_gnn/s4409,corrected_gnn,4409,self_layers.0.bias,32,25,7,0.39431893825531006,26,25,0.39431893825531006
pair/b2outer2/final/activity_gnn/s4409,corrected_gnn,4409,self_layers.1.weight,1024,992,32,0.1571381837129593,1024,992,0.1571381837129593
pair/b2outer2/final/activity_gnn/s4409,corrected_gnn,4409,self_layers.1.bias,32,31,1,0.029000241309404373,32,31,0.029000241309404373
pair/b2outer2/final/activity_gnn/s4409,corrected_gnn,4409,norms.0.weight,32,32,0,0.04866816848516464,32,32,0.04866816848516464
pair/b2outer2/final/activity_gnn/s4409,corrected_gnn,4409,norms.0.bias,32,32,0,0.057289913296699524,32,32,0.057289913296699524
pair/b2outer2/final/activity_gnn/s4409,corrected_gnn,4409,norms.1.weight,32,32,0,0.051585111767053604,32,32,0.051585111767053604
pair/b2outer2/final/activity_gnn/s4409,corrected_gnn,4409,norms.1.bias,32,32,0,0.05565401166677475,32,32,0.05565401166677475
pair/b2outer2/final/activity_gnn/s4409,corrected_gnn,4409,message_weights.0,8192,5094,3098,0.17200349271297455,5408,5094,0.17200349271297455
pair/b2outer2/final/activity_gnn/s4409,corrected_gnn,4409,message_weights.1,8192,6912,1280,0.12342547625303268,7168,6912,0.12342547625303268
pair/b2outer2/final/activity_gnn/s4409,corrected_gnn,4409,readout.0.weight,131584,22544,109040,2.7609035968780518,85949,22544,2.7609035968780518
pair/b2outer2/final/activity_gnn/s4409,corrected_gnn,4409,readout.0.bias,64,16,48,0.08194632828235626,61,16,0.08194632828235626
pair/b2outer2/final/activity_gnn/s4409,corrected_gnn,4409,readout.3.weight,64,16,48,1.5937789678573608,61,16,1.5937789678573608
pair/b2outer2/final/activity_gnn/s4409,corrected_gnn,4409,readout.3.bias,1,1,0,0.3304537832736969,1,1,0.3304537832736969
pair/b2outer2/final/activity_gnn/s5519,corrected_gnn,5519,embed.weight,2976,1056,1920,0.269745409488678,1089,1056,0.269745409488678
pair/b2outer2/final/activity_gnn/s5519,corrected_gnn,5519,embed.bias,32,32,0,0.12099231779575348,32,32,0.12099231779575348
pair/b2outer2/final/activity_gnn/s5519,corrected_gnn,5519,self_layers.0.weight,1024,697,327,0.04434381425380707,710,697,0.04434381425380707
pair/b2outer2/final/activity_gnn/s5519,corrected_gnn,5519,self_layers.0.bias,32,23,9,0.09331540018320084,23,23,0.09331540018320084
pair/b2outer2/final/activity_gnn/s5519,corrected_gnn,5519,self_layers.1.weight,1024,1024,0,0.05033273994922638,1024,1024,0.05033273994922638
pair/b2outer2/final/activity_gnn/s5519,corrected_gnn,5519,self_layers.1.bias,32,32,0,0.009647323749959469,32,32,0.009647323749959469
pair/b2outer2/final/activity_gnn/s5519,corrected_gnn,5519,norms.0.weight,32,32,0,0.016863659024238586,32,32,0.016863659024238586
pair/b2outer2/final/activity_gnn/s5519,corrected_gnn,5519,norms.0.bias,32,32,0,0.015951471403241158,32,32,0.015951471403241158
pair/b2outer2/final/activity_gnn/s5519,corrected_gnn,5519,norms.1.weight,32,32,0,0.01873360574245453,32,32,0.01873360574245453
pair/b2outer2/final/activity_gnn/s5519,corrected_gnn,5519,norms.1.bias,32,32,0,0.00917118601500988,32,32,0.00917118601500988
pair/b2outer2/final/activity_gnn/s5519,corrected_gnn,5519,message_weights.0,8192,4612,3580,0.03560733050107956,4846,4612,0.03560733050107956
pair/b2outer2/final/activity_gnn/s5519,corrected_gnn,5519,message_weights.1,8192,7040,1152,0.03634743019938469,7168,7040,0.03634743019938469
pair/b2outer2/final/activity_gnn/s5519,corrected_gnn,5519,readout.0.weight,131584,15499,116085,0.5523409247398376,80313,15499,0.5523409247398376
pair/b2outer2/final/activity_gnn/s5519,corrected_gnn,5519,readout.0.bias,64,11,53,0.013727099634706974,57,11,0.013727099634706974
pair/b2outer2/final/activity_gnn/s5519,corrected_gnn,5519,readout.3.weight,64,11,53,0.9860568046569824,57,11,0.9860568046569824
pair/b2outer2/final/activity_gnn/s5519,corrected_gnn,5519,readout.3.bias,1,1,0,0.13686054944992065,1,1,0.13686054944992065
pair/b2outer2/final/activity_gnn/s6637,corrected_gnn,6637,embed.weight,2976,911,2065,0.40531814098358154,939,911,0.40531814098358154
pair/b2outer2/final/activity_gnn/s6637,corrected_gnn,6637,embed.bias,32,30,2,0.1904769390821457,30,30,0.1904769390821457
pair/b2outer2/final/activity_gnn/s6637,corrected_gnn,6637,self_layers.0.weight,1024,684,340,0.07719782739877701,755,684,0.07719782739877701
pair/b2outer2/final/activity_gnn/s6637,corrected_gnn,6637,self_layers.0.bias,32,24,8,0.12517450749874115,26,24,0.12517450749874115
pair/b2outer2/final/activity_gnn/s6637,corrected_gnn,6637,self_layers.1.weight,1024,960,64,0.0720439925789833,1024,960,0.0720439925789833
pair/b2outer2/final/activity_gnn/s6637,corrected_gnn,6637,self_layers.1.bias,32,30,2,0.01338853407651186,32,30,0.01338853407651186
pair/b2outer2/final/activity_gnn/s6637,corrected_gnn,6637,norms.0.weight,32,32,0,0.021179189905524254,32,32,0.021179189905524254
pair/b2outer2/final/activity_gnn/s6637,corrected_gnn,6637,norms.0.bias,32,32,0,0.021819543093442917,32,32,0.021819543093442917
pair/b2outer2/final/activity_gnn/s6637,corrected_gnn,6637,norms.1.weight,32,32,0,0.02616044506430626,32,32,0.02616044506430626
pair/b2outer2/final/activity_gnn/s6637,corrected_gnn,6637,norms.1.bias,32,32,0,0.019092584028840065,32,32,0.019092584028840065
pair/b2outer2/final/activity_gnn/s6637,corrected_gnn,6637,message_weights.0,8192,4486,3706,0.06544719636440277,4954,4486,0.06544719636440277
pair/b2outer2/final/activity_gnn/s6637,corrected_gnn,6637,message_weights.1,8192,6432,1760,0.05649983510375023,7168,6432,0.05649983510375023
pair/b2outer2/final/activity_gnn/s6637,corrected_gnn,6637,readout.0.weight,131584,8454,123130,1.2081079483032227,83131,8454,1.2081079483032227
pair/b2outer2/final/activity_gnn/s6637,corrected_gnn,6637,readout.0.bias,64,6,58,0.034297678619623184,59,6,0.034297678619623184
pair/b2outer2/final/activity_gnn/s6637,corrected_gnn,6637,readout.3.weight,64,6,58,0.5768885016441345,59,6,0.5768885016441345
pair/b2outer2/final/activity_gnn/s6637,corrected_gnn,6637,readout.3.bias,1,1,0,0.044312164187431335,1,1,0.044312164187431335
pair/b2outer2/final/activity_gnn/s7753,corrected_gnn,7753,embed.weight,2976,899,2077,1.023825764656067,939,899,1.023825764656067
pair/b2outer2/final/activity_gnn/s7753,corrected_gnn,7753,embed.bias,32,28,4,0.3385201096534729,30,28,0.3385201096534729
pair/b2outer2/final/activity_gnn/s7753,corrected_gnn,7753,self_layers.0.weight,1024,747,277,0.18996508419513702,798,747,0.18996508419513702
pair/b2outer2/final/activity_gnn/s7753,corrected_gnn,7753,self_layers.0.bias,32,27,5,0.42166584730148315,27,27,0.42166584730148315
pair/b2outer2/final/activity_gnn/s7753,corrected_gnn,7753,self_layers.1.weight,1024,1024,0,0.13980525732040405,1024,1024,0.13980525732040405
pair/b2outer2/final/activity_gnn/s7753,corrected_gnn,7753,self_layers.1.bias,32,32,0,0.02063923142850399,32,32,0.02063923142850399
pair/b2outer2/final/activity_gnn/s7753,corrected_gnn,7753,norms.0.weight,32,32,0,0.043480467051267624,32,32,0.043480467051267624
pair/b2outer2/final/activity_gnn/s7753,corrected_gnn,7753,norms.0.bias,32,32,0,0.042256247252225876,32,32,0.042256247252225876
pair/b2outer2/final/activity_gnn/s7753,corrected_gnn,7753,norms.1.weight,32,32,0,0.053099606186151505,32,32,0.053099606186151505
pair/b2outer2/final/activity_gnn/s7753,corrected_gnn,7753,norms.1.bias,32,32,0,0.04313209280371666,32,32,0.04313209280371666
pair/b2outer2/final/activity_gnn/s7753,corrected_gnn,7753,message_weights.0,8192,5023,3169,0.18135999143123627,5354,5023,0.18135999143123627
pair/b2outer2/final/activity_gnn/s7753,corrected_gnn,7753,message_weights.1,8192,7072,1120,0.126351997256279,7168,7072,0.126351997256279
pair/b2outer2/final/activity_gnn/s7753,corrected_gnn,7753,readout.0.weight,131584,25362,106222,3.7752764225006104,84540,25362,3.7752764225006104
pair/b2outer2/final/activity_gnn/s7753,corrected_gnn,7753,readout.0.bias,64,18,46,0.11098495125770569,60,18,0.11098495125770569
pair/b2outer2/final/activity_gnn/s7753,corrected_gnn,7753,readout.3.weight,64,18,46,1.611953616142273,60,18,1.611953616142273
pair/b2outer2/final/activity_gnn/s7753,corrected_gnn,7753,readout.3.bias,1,1,0,0.34989988803863525,1,1,0.34989988803863525
pair/b2outer2/final/activity_gnn/s8867,corrected_gnn,8867,embed.weight,2976,1115,1861,0.6241964101791382,1129,1115,0.6241964101791382
pair/b2outer2/final/activity_gnn/s8867,corrected_gnn,8867,embed.bias,32,32,0,0.26830148696899414,32,32,0.26830148696899414
pair/b2outer2/final/activity_gnn/s8867,corrected_gnn,8867,self_layers.0.weight,1024,727,297,0.15548965334892273,752,727,0.15548965334892273
pair/b2outer2/final/activity_gnn/s8867,corrected_gnn,8867,self_layers.0.bias,32,23,9,0.18047012388706207,24,23,0.18047012388706207
pair/b2outer2/final/activity_gnn/s8867,corrected_gnn,8867,self_layers.1.weight,1024,1024,0,0.11180317401885986,1024,1024,0.11180317401885986
pair/b2outer2/final/activity_gnn/s8867,corrected_gnn,8867,self_layers.1.bias,32,32,0,0.01879575289785862,32,32,0.01879575289785862
pair/b2outer2/final/activity_gnn/s8867,corrected_gnn,8867,norms.0.weight,32,32,0,0.033804018050432205,32,32,0.033804018050432205
pair/b2outer2/final/activity_gnn/s8867,corrected_gnn,8867,norms.0.bias,32,32,0,0.03387690335512161,32,32,0.03387690335512161
pair/b2outer2/final/activity_gnn/s8867,corrected_gnn,8867,norms.1.weight,32,32,0,0.03355352580547333,32,32,0.03355352580547333
pair/b2outer2/final/activity_gnn/s8867,corrected_gnn,8867,norms.1.bias,32,32,0,0.03185470774769783,32,32,0.03185470774769783
pair/b2outer2/final/activity_gnn/s8867,corrected_gnn,8867,message_weights.0,8192,4939,3253,0.11616028100252151,5067,4939,0.11616028100252151
pair/b2outer2/final/activity_gnn/s8867,corrected_gnn,8867,message_weights.1,8192,7136,1056,0.08917529135942459,7168,7136,0.08917529135942459
pair/b2outer2/final/activity_gnn/s8867,corrected_gnn,8867,readout.0.weight,131584,21135,110449,2.1050846576690674,81722,21135,2.1050846576690674
pair/b2outer2/final/activity_gnn/s8867,corrected_gnn,8867,readout.0.bias,64,15,49,0.06037703529000282,58,15,0.06037703529000282
pair/b2outer2/final/activity_gnn/s8867,corrected_gnn,8867,readout.3.weight,64,15,49,1.6075416803359985,58,15,1.6075416803359985
pair/b2outer2/final/activity_gnn/s8867,corrected_gnn,8867,readout.3.bias,1,1,0,0.2548809349536896,1,1,0.2548809349536896
pair/b2outer2/final/activity_gnn/s9973,corrected_gnn,9973,embed.weight,2976,0,2976,0.0,1076,0,0.0
pair/b2outer2/final/activity_gnn/s9973,corrected_gnn,9973,embed.bias,32,0,32,0.0,32,0,0.0
pair/b2outer2/final/activity_gnn/s9973,corrected_gnn,9973,self_layers.0.weight,1024,0,1024,0.0,858,0,0.0
pair/b2outer2/final/activity_gnn/s9973,corrected_gnn,9973,self_layers.0.bias,32,0,32,0.0,28,0,0.0
pair/b2outer2/final/activity_gnn/s9973,corrected_gnn,9973,self_layers.1.weight,1024,0,1024,0.0,1024,0,0.0
pair/b2outer2/final/activity_gnn/s9973,corrected_gnn,9973,self_layers.1.bias,32,0,32,0.0,32,0,0.0
pair/b2outer2/final/activity_gnn/s9973,corrected_gnn,9973,norms.0.weight,32,0,32,0.0,32,0,0.0
pair/b2outer2/final/activity_gnn/s9973,corrected_gnn,9973,norms.0.bias,32,0,32,0.0,32,0,0.0
pair/b2outer2/final/activity_gnn/s9973,corrected_gnn,9973,norms.1.weight,32,0,32,0.0,32,0,0.0
pair/b2outer2/final/activity_gnn/s9973,corrected_gnn,9973,norms.1.bias,32,0,32,0.0,32,0,0.0
pair/b2outer2/final/activity_gnn/s9973,corrected_gnn,9973,message_weights.0,8192,0,8192,0.0,5711,0,0.0
pair/b2outer2/final/activity_gnn/s9973,corrected_gnn,9973,message_weights.1,8192,0,8192,0.0,7168,0,0.0
pair/b2outer2/final/activity_gnn/s9973,corrected_gnn,9973,readout.0.weight,131584,0,131584,0.0,87358,0,0.0
pair/b2outer2/final/activity_gnn/s9973,corrected_gnn,9973,readout.0.bias,64,0,64,0.0,62,0,0.0
pair/b2outer2/final/activity_gnn/s9973,corrected_gnn,9973,readout.3.weight,64,0,64,0.0,62,0,0.0
pair/b2outer2/final/activity_gnn/s9973,corrected_gnn,9973,readout.3.bias,1,1,0,0.11824508756399155,1,1,0.11824508756399155
pair/b2outer2/final/pair_gnn/s11027,corrected_gnn,11027,embed.weight,2976,961,2015,0.6315035223960876,970,961,1.0665472745895386
pair/b2outer2/final/pair_gnn/s11027,corrected_gnn,11027,embed.bias,32,30,2,0.2790755331516266,31,30,0.483293354511261
pair/b2outer2/final/pair_gnn/s11027,corrected_gnn,11027,self_layers.0.weight,1024,611,413,0.11942386627197266,629,611,0.1640491634607315
pair/b2outer2/final/pair_gnn/s11027,corrected_gnn,11027,self_layers.0.bias,32,21,11,0.26798343658447266,21,21,0.3717185854911804
pair/b2outer2/final/pair_gnn/s11027,corrected_gnn,11027,self_layers.1.weight,1024,1024,0,0.129717156291008,1024,1024,0.1821965128183365
pair/b2outer2/final/pair_gnn/s11027,corrected_gnn,11027,self_layers.1.bias,32,32,0,0.023742787539958954,32,32,0.031228063628077507
pair/b2outer2/final/pair_gnn/s11027,corrected_gnn,11027,norms.0.weight,32,32,0,0.037047043442726135,32,32,0.04674262925982475
pair/b2outer2/final/pair_gnn/s11027,corrected_gnn,11027,norms.0.bias,32,32,0,0.03471391275525093,32,32,0.04582250118255615
pair/b2outer2/final/pair_gnn/s11027,corrected_gnn,11027,norms.1.weight,32,32,0,0.03448682278394699,32,32,0.05109405890107155
pair/b2outer2/final/pair_gnn/s11027,corrected_gnn,11027,norms.1.bias,32,32,0,0.03421107679605484,32,32,0.03485764190554619
pair/b2outer2/final/pair_gnn/s11027,corrected_gnn,11027,message_weights.0,8192,4086,4106,0.10130346566438675,4177,4086,0.13109464943408966
pair/b2outer2/final/pair_gnn/s11027,corrected_gnn,11027,message_weights.1,8192,6976,1216,0.10160134732723236,7168,6976,0.14225007593631744
pair/b2outer2/final/pair_gnn/s11027,corrected_gnn,11027,readout.0.weight,131584,32407,99177,2.2431440353393555,84540,32407,2.5476956367492676
pair/b2outer2/final/pair_gnn/s11027,corrected_gnn,11027,readout.0.bias,64,23,41,0.06492568552494049,60,23,0.07056792080402374
pair/b2outer2/final/pair_gnn/s11027,corrected_gnn,11027,readout.3.weight,64,23,41,1.3402526378631592,60,23,1.4593446254730225
pair/b2outer2/final/pair_gnn/s11027,corrected_gnn,11027,readout.3.bias,1,1,0,0.2109905183315277,1,1,0.2109905481338501
pair/b2outer2/final/pair_gnn/s1103,corrected_gnn,1103,embed.weight,2976,1039,1937,1.068648338317871,1048,1039,1.4257959127426147
pair/b2outer2/final/pair_gnn/s1103,corrected_gnn,1103,embed.bias,32,32,0,0.40541964769363403,32,32,0.5324022769927979
pair/b2outer2/final/pair_gnn/s1103,corrected_gnn,1103,self_layers.0.weight,1024,645,379,0.22763821482658386,654,645,0.2649001181125641
pair/b2outer2/final/pair_gnn/s1103,corrected_gnn,1103,self_layers.0.bias,32,21,11,0.27584996819496155,21,21,0.3437711000442505
pair/b2outer2/final/pair_gnn/s1103,corrected_gnn,1103,self_layers.1.weight,1024,1024,0,0.1964183896780014,1024,1024,0.23590628802776337
pair/b2outer2/final/pair_gnn/s1103,corrected_gnn,1103,self_layers.1.bias,32,32,0,0.032368242740631104,32,32,0.03638928383588791
pair/b2outer2/final/pair_gnn/s1103,corrected_gnn,1103,norms.0.weight,32,32,0,0.05572116747498512,32,32,0.06958836317062378
pair/b2outer2/final/pair_gnn/s1103,corrected_gnn,1103,norms.0.bias,32,32,0,0.047085534781217575,32,32,0.05342656001448631
pair/b2outer2/final/pair_gnn/s1103,corrected_gnn,1103,norms.1.weight,32,32,0,0.055487267673015594,32,32,0.06276171654462814
pair/b2outer2/final/pair_gnn/s1103,corrected_gnn,1103,norms.1.bias,32,32,0,0.048215121030807495,32,32,0.050660911947488785
pair/b2outer2/final/pair_gnn/s1103,corrected_gnn,1103,message_weights.0,8192,4272,3920,0.18082474172115326,4326,4272,0.20949368178844452
pair/b2outer2/final/pair_gnn/s1103,corrected_gnn,1103,message_weights.1,8192,7008,1184,0.15259262919425964,7136,7008,0.1812150776386261
pair/b2outer2/final/pair_gnn/s1103,corrected_gnn,1103,readout.0.weight,131584,45088,86496,3.7229039669036865,81722,45088,3.987523078918457
pair/b2outer2/final/pair_gnn/s1103,corrected_gnn,1103,readout.0.bias,64,32,32,0.10792558640241623,58,32,0.11386913061141968
pair/b2outer2/final/pair_gnn/s1103,corrected_gnn,1103,readout.3.weight,64,32,32,2.3261866569519043,58,32,2.3441455364227295
pair/b2outer2/final/pair_gnn/s1103,corrected_gnn,1103,readout.3.bias,1,1,0,0.270099401473999,1,1,0.270099401473999
pair/b2outer2/final/pair_gnn/s2207,corrected_gnn,2207,embed.weight,2976,1021,1955,0.5903358459472656,1036,1021,1.1243245601654053
pair/b2outer2/final/pair_gnn/s2207,corrected_gnn,2207,embed.bias,32,31,1,0.2646428346633911,31,31,0.5346263647079468
pair/b2outer2/final/pair_gnn/s2207,corrected_gnn,2207,self_layers.0.weight,1024,707,317,0.10400568693876266,708,707,0.19965483248233795
pair/b2outer2/final/pair_gnn/s2207,corrected_gnn,2207,self_layers.0.bias,32,23,9,0.18007688224315643,23,23,0.35773468017578125
pair/b2outer2/final/pair_gnn/s2207,corrected_gnn,2207,self_layers.1.weight,1024,1024,0,0.07466677576303482,1024,1024,0.13597138226032257
pair/b2outer2/final/pair_gnn/s2207,corrected_gnn,2207,self_layers.1.bias,32,32,0,0.013599315658211708,32,32,0.026154790073633194
pair/b2outer2/final/pair_gnn/s2207,corrected_gnn,2207,norms.0.weight,32,32,0,0.018608620390295982,32,32,0.04041891172528267
pair/b2outer2/final/pair_gnn/s2207,corrected_gnn,2207,norms.0.bias,32,32,0,0.02446979656815529,32,32,0.04690077528357506
pair/b2outer2/final/pair_gnn/s2207,corrected_gnn,2207,norms.1.weight,32,32,0,0.01847950555384159,32,32,0.04856588691473007
pair/b2outer2/final/pair_gnn/s2207,corrected_gnn,2207,norms.1.bias,32,32,0,0.02365167811512947,32,32,0.03716868907213211
pair/b2outer2/final/pair_gnn/s2207,corrected_gnn,2207,message_weights.0,8192,4722,3470,0.08456385135650635,4763,4722,0.1580527275800705
pair/b2outer2/final/pair_gnn/s2207,corrected_gnn,2207,message_weights.1,8192,7040,1152,0.05436975136399269,7136,7040,0.09797338396310806
pair/b2outer2/final/pair_gnn/s2207,corrected_gnn,2207,readout.0.weight,131584,32407,99177,0.9309728145599365,87358,32407,1.625278353691101
pair/b2outer2/final/pair_gnn/s2207,corrected_gnn,2207,readout.0.bias,64,23,41,0.027015183120965958,62,23,0.04640784114599228
pair/b2outer2/final/pair_gnn/s2207,corrected_gnn,2207,readout.3.weight,64,23,41,0.5981752276420593,62,23,0.9110596179962158
pair/b2outer2/final/pair_gnn/s2207,corrected_gnn,2207,readout.3.bias,1,1,0,0.10870330780744553,1,1,0.10870334506034851
pair/b2outer2/final/pair_gnn/s3301,corrected_gnn,3301,embed.weight,2976,1020,1956,0.2927178740501404,1063,1020,0.4007498621940613
pair/b2outer2/final/pair_gnn/s3301,corrected_gnn,3301,embed.bias,32,31,1,0.15545421838760376,31,31,0.21037961542606354
pair/b2outer2/final/pair_gnn/s3301,corrected_gnn,3301,self_layers.0.weight,1024,734,290,0.05023406073451042,823,734,0.06944585591554642
pair/b2outer2/final/pair_gnn/s3301,corrected_gnn,3301,self_layers.0.bias,32,24,8,0.09980656951665878,28,24,0.13631069660186768
pair/b2outer2/final/pair_gnn/s3301,corrected_gnn,3301,self_layers.1.weight,1024,1024,0,0.0325331836938858,1024,1024,0.048636846244335175
pair/b2outer2/final/pair_gnn/s3301,corrected_gnn,3301,self_layers.1.bias,32,32,0,0.006516012828797102,32,32,0.009801377542316914
pair/b2outer2/final/pair_gnn/s3301,corrected_gnn,3301,norms.0.weight,32,32,0,0.009340967983007431,32,32,0.013570844195783138
pair/b2outer2/final/pair_gnn/s3301,corrected_gnn,3301,norms.0.bias,32,32,0,0.012388636358082294,32,32,0.017446260899305344
pair/b2outer2/final/pair_gnn/s3301,corrected_gnn,3301,norms.1.weight,32,32,0,0.01258130557835102,32,32,0.02215900830924511
pair/b2outer2/final/pair_gnn/s3301,corrected_gnn,3301,norms.1.bias,32,32,0,0.010622781701385975,32,32,0.01397197786718607
pair/b2outer2/final/pair_gnn/s3301,corrected_gnn,3301,message_weights.0,8192,4950,3242,0.04120589420199394,5381,4950,0.055807653814554214
pair/b2outer2/final/pair_gnn/s3301,corrected_gnn,3301,message_weights.1,8192,7040,1152,0.0251076128333807,7168,7040,0.036458052694797516
pair/b2outer2/final/pair_gnn/s3301,corrected_gnn,3301,readout.0.weight,131584,23953,107631,0.3549468219280243,90176,23953,0.549363374710083
pair/b2outer2/final/pair_gnn/s3301,corrected_gnn,3301,readout.0.bias,64,17,47,0.011152041144669056,64,17,0.016921918839216232
pair/b2outer2/final/pair_gnn/s3301,corrected_gnn,3301,readout.3.weight,64,17,47,0.4479450583457947,64,17,0.6064122319221497
pair/b2outer2/final/pair_gnn/s3301,corrected_gnn,3301,readout.3.bias,1,1,0,0.07692468166351318,1,1,0.07692471146583557
pair/b2outer2/final/pair_gnn/s4409,corrected_gnn,4409,embed.weight,2976,1052,1924,0.7624920010566711,1063,1052,1.3957645893096924
pair/b2outer2/final/pair_gnn/s4409,corrected_gnn,4409,embed.bias,32,32,0,0.37184518575668335,32,32,0.6646692752838135
pair/b2outer2/final/pair_gnn/s4409,corrected_gnn,4409,self_layers.0.weight,1024,747,277,0.17534293234348297,803,747,0.2951591908931732
pair/b2outer2/final/pair_gnn/s4409,corrected_gnn,4409,self_layers.0.bias,32,24,8,0.32635563611984253,26,24,0.5337772369384766
pair/b2outer2/final/pair_gnn/s4409,corrected_gnn,4409,self_layers.1.weight,1024,960,64,0.13144288957118988,1024,960,0.21674789488315582
pair/b2outer2/final/pair_gnn/s4409,corrected_gnn,4409,self_layers.1.bias,32,30,2,0.025534145534038544,32,30,0.040590882301330566
pair/b2outer2/final/pair_gnn/s4409,corrected_gnn,4409,norms.0.weight,32,32,0,0.04214218258857727,32,32,0.07754994928836823
pair/b2outer2/final/pair_gnn/s4409,corrected_gnn,4409,norms.0.bias,32,32,0,0.044543199241161346,32,32,0.07892680913209915
pair/b2outer2/final/pair_gnn/s4409,corrected_gnn,4409,norms.1.weight,32,32,0,0.04023796692490578,32,32,0.076991006731987
pair/b2outer2/final/pair_gnn/s4409,corrected_gnn,4409,norms.1.bias,32,32,0,0.04147687926888466,32,32,0.06687300652265549
pair/b2outer2/final/pair_gnn/s4409,corrected_gnn,4409,message_weights.0,8192,5023,3169,0.14051680266857147,5399,5023,0.23241394758224487
pair/b2outer2/final/pair_gnn/s4409,corrected_gnn,4409,message_weights.1,8192,6592,1600,0.10450269281864166,7168,6592,0.17331384122371674
pair/b2outer2/final/pair_gnn/s4409,corrected_gnn,4409,readout.0.weight,131584,29589,101995,2.3183720111846924,85949,29589,3.9160375595092773
pair/b2outer2/final/pair_gnn/s4409,corrected_gnn,4409,readout.0.bias,64,21,43,0.06664685904979706,61,21,0.10918384790420532
pair/b2outer2/final/pair_gnn/s4409,corrected_gnn,4409,readout.3.weight,64,21,43,1.742727279663086,61,21,2.0223419666290283
pair/b2outer2/final/pair_gnn/s4409,corrected_gnn,4409,readout.3.bias,1,1,0,0.24703434109687805,1,1,0.24703431129455566
pair/b2outer2/final/pair_gnn/s5519,corrected_gnn,5519,embed.weight,2976,1068,1908,1.1099445819854736,1083,1068,1.426403284072876
pair/b2outer2/final/pair_gnn/s5519,corrected_gnn,5519,embed.bias,32,32,0,0.5154213905334473,32,32,0.6073638796806335
pair/b2outer2/final/pair_gnn/s5519,corrected_gnn,5519,self_layers.0.weight,1024,702,322,0.23458711802959442,707,702,0.27831366658210754
pair/b2outer2/final/pair_gnn/s5519,corrected_gnn,5519,self_layers.0.bias,32,23,9,0.49861735105514526,23,23,0.6178785562515259
pair/b2outer2/final/pair_gnn/s5519,corrected_gnn,5519,self_layers.1.weight,1024,1024,0,0.26183950901031494,1024,1024,0.3280259072780609
pair/b2outer2/final/pair_gnn/s5519,corrected_gnn,5519,self_layers.1.bias,32,32,0,0.05077839270234108,32,32,0.06352626532316208
pair/b2outer2/final/pair_gnn/s5519,corrected_gnn,5519,norms.0.weight,32,32,0,0.06121334061026573,32,32,0.0659397691488266
pair/b2outer2/final/pair_gnn/s5519,corrected_gnn,5519,norms.0.bias,32,32,0,0.08624082803726196,32,32,0.09158980846405029
pair/b2outer2/final/pair_gnn/s5519,corrected_gnn,5519,norms.1.weight,32,32,0,0.06257094442844391,32,32,0.07916179299354553
pair/b2outer2/final/pair_gnn/s5519,corrected_gnn,5519,norms.1.bias,32,32,0,0.08109833300113678,32,32,0.08392243832349777
pair/b2outer2/final/pair_gnn/s5519,corrected_gnn,5519,message_weights.0,8192,4650,3542,0.1830594390630722,4726,4650,0.2254132330417633
pair/b2outer2/final/pair_gnn/s5519,corrected_gnn,5519,message_weights.1,8192,6912,1280,0.1944083869457245,7168,6912,0.24360446631908417
pair/b2outer2/final/pair_gnn/s5519,corrected_gnn,5519,readout.0.weight,131584,30998,100586,3.8917064666748047,77495,30998,4.7670698165893555
pair/b2outer2/final/pair_gnn/s5519,corrected_gnn,5519,readout.0.bias,64,22,42,0.10839294642210007,55,22,0.13065508008003235
pair/b2outer2/final/pair_gnn/s5519,corrected_gnn,5519,readout.3.weight,64,22,42,2.5091466903686523,55,22,2.5362837314605713
pair/b2outer2/final/pair_gnn/s5519,corrected_gnn,5519,readout.3.bias,1,1,0,0.34799471497535706,1,1,0.34799468517303467
pair/b2outer2/final/pair_gnn/s6637,corrected_gnn,6637,embed.weight,2976,917,2059,0.336775541305542,931,917,0.8542505502700806
pair/b2outer2/final/pair_gnn/s6637,corrected_gnn,6637,embed.bias,32,30,2,0.1336366981267929,30,30,0.3570893406867981
pair/b2outer2/final/pair_gnn/s6637,corrected_gnn,6637,self_layers.0.weight,1024,711,313,0.08184795081615448,753,711,0.18647648394107819
pair/b2outer2/final/pair_gnn/s6637,corrected_gnn,6637,self_layers.0.bias,32,24,8,0.14673224091529846,26,24,0.350829154253006
pair/b2outer2/final/pair_gnn/s6637,corrected_gnn,6637,self_layers.1.weight,1024,992,32,0.06300941854715347,1024,992,0.15078149735927582
pair/b2outer2/final/pair_gnn/s6637,corrected_gnn,6637,self_layers.1.bias,32,31,1,0.010852955281734467,32,31,0.024773895740509033
pair/b2outer2/final/pair_gnn/s6637,corrected_gnn,6637,norms.0.weight,32,32,0,0.01850905269384384,32,32,0.04853871464729309
pair/b2outer2/final/pair_gnn/s6637,corrected_gnn,6637,norms.0.bias,32,32,0,0.016511285677552223,32,32,0.035678453743457794
pair/b2outer2/final/pair_gnn/s6637,corrected_gnn,6637,norms.1.weight,32,32,0,0.021993927657604218,32,32,0.05379790440201759
pair/b2outer2/final/pair_gnn/s6637,corrected_gnn,6637,norms.1.bias,32,32,0,0.014343774877488613,32,32,0.026768215000629425
pair/b2outer2/final/pair_gnn/s6637,corrected_gnn,6637,message_weights.0,8192,4675,3517,0.06747665256261826,4966,4675,0.15095224976539612
pair/b2outer2/final/pair_gnn/s6637,corrected_gnn,6637,message_weights.1,8192,6752,1440,0.04948417469859123,7168,6752,0.11042650043964386
pair/b2outer2/final/pair_gnn/s6637,corrected_gnn,6637,readout.0.weight,131584,11272,120312,1.1212644577026367,84540,11272,2.1774871349334717
pair/b2outer2/final/pair_gnn/s6637,corrected_gnn,6637,readout.0.bias,64,8,56,0.028233934193849564,60,8,0.052126407623291016
pair/b2outer2/final/pair_gnn/s6637,corrected_gnn,6637,readout.3.weight,64,8,56,0.36270496249198914,60,8,0.9031611084938049
pair/b2outer2/final/pair_gnn/s6637,corrected_gnn,6637,readout.3.bias,1,1,0,0.07591402530670166,1,1,0.07591402530670166
pair/b2outer2/final/pair_gnn/s7753,corrected_gnn,7753,embed.weight,2976,914,2062,2.420401096343994,920,914,2.644010543823242
pair/b2outer2/final/pair_gnn/s7753,corrected_gnn,7753,embed.bias,32,30,2,1.1452877521514893,30,30,1.242995262145996
pair/b2outer2/final/pair_gnn/s7753,corrected_gnn,7753,self_layers.0.weight,1024,789,235,0.5314799547195435,790,789,0.5528920888900757
pair/b2outer2/final/pair_gnn/s7753,corrected_gnn,7753,self_layers.0.bias,32,27,5,1.1381758451461792,27,27,1.1563462018966675
pair/b2outer2/final/pair_gnn/s7753,corrected_gnn,7753,self_layers.1.weight,1024,1024,0,0.32927924394607544,1024,1024,0.35503554344177246
pair/b2outer2/final/pair_gnn/s7753,corrected_gnn,7753,self_layers.1.bias,32,32,0,0.05247343331575394,32,32,0.05583307147026062
pair/b2outer2/final/pair_gnn/s7753,corrected_gnn,7753,norms.0.weight,32,32,0,0.10672363638877869,32,32,0.12220548093318939
pair/b2outer2/final/pair_gnn/s7753,corrected_gnn,7753,norms.0.bias,32,32,0,0.1303003430366516,32,32,0.13518543541431427
pair/b2outer2/final/pair_gnn/s7753,corrected_gnn,7753,norms.1.weight,32,32,0,0.12842170894145966,32,32,0.13704954087734222
pair/b2outer2/final/pair_gnn/s7753,corrected_gnn,7753,norms.1.bias,32,32,0,0.13958382606506348,32,32,0.14354407787322998
pair/b2outer2/final/pair_gnn/s7753,corrected_gnn,7753,message_weights.0,8192,5287,2905,0.44261518120765686,5310,5287,0.4575375020503998
pair/b2outer2/final/pair_gnn/s7753,corrected_gnn,7753,message_weights.1,8192,7008,1184,0.2853866219520569,7168,7008,0.3029167354106903
pair/b2outer2/final/pair_gnn/s7753,corrected_gnn,7753,readout.0.weight,131584,40861,90723,8.741217613220215,83131,40861,8.904011726379395
pair/b2outer2/final/pair_gnn/s7753,corrected_gnn,7753,readout.0.bias,64,29,35,0.24923986196517944,59,29,0.25280988216400146
pair/b2outer2/final/pair_gnn/s7753,corrected_gnn,7753,readout.3.weight,64,29,35,4.496127605438232,59,29,4.464840888977051
pair/b2outer2/final/pair_gnn/s7753,corrected_gnn,7753,readout.3.bias,1,1,0,0.6378746032714844,1,1,0.6378746628761292
pair/b2outer2/final/pair_gnn/s8867,corrected_gnn,8867,embed.weight,2976,1098,1878,0.24621181190013885,1135,1098,0.5809018611907959
pair/b2outer2/final/pair_gnn/s8867,corrected_gnn,8867,embed.bias,32,32,0,0.10948703438043594,32,32,0.2576424479484558
pair/b2outer2/final/pair_gnn/s8867,corrected_gnn,8867,self_layers.0.weight,1024,698,326,0.064081110060215,775,698,0.16344577074050903
pair/b2outer2/final/pair_gnn/s8867,corrected_gnn,8867,self_layers.0.bias,32,22,10,0.09618155658245087,25,22,0.2610020637512207
pair/b2outer2/final/pair_gnn/s8867,corrected_gnn,8867,self_layers.1.weight,1024,1024,0,0.0476917065680027,1024,1024,0.11537374556064606
pair/b2outer2/final/pair_gnn/s8867,corrected_gnn,8867,self_layers.1.bias,32,32,0,0.0087411068379879,32,32,0.020872093737125397
pair/b2outer2/final/pair_gnn/s8867,corrected_gnn,8867,norms.0.weight,32,32,0,0.014575128443539143,32,32,0.04283631592988968
pair/b2outer2/final/pair_gnn/s8867,corrected_gnn,8867,norms.0.bias,32,32,0,0.01368893962353468,32,32,0.03768894821405411
pair/b2outer2/final/pair_gnn/s8867,corrected_gnn,8867,norms.1.weight,32,32,0,0.016950642690062523,32,32,0.04194524511694908
pair/b2outer2/final/pair_gnn/s8867,corrected_gnn,8867,norms.1.bias,32,32,0,0.009612111374735832,32,32,0.02903665229678154
pair/b2outer2/final/pair_gnn/s8867,corrected_gnn,8867,message_weights.0,8192,4773,3419,0.050669409334659576,5148,4773,0.1298752725124359
pair/b2outer2/final/pair_gnn/s8867,corrected_gnn,8867,message_weights.1,8192,7168,1024,0.036747198551893234,7168,7168,0.08714686334133148
pair/b2outer2/final/pair_gnn/s8867,corrected_gnn,8867,readout.0.weight,131584,32407,99177,0.6227629780769348,83131,32407,1.7289925813674927
pair/b2outer2/final/pair_gnn/s8867,corrected_gnn,8867,readout.0.bias,64,23,41,0.015888741239905357,59,23,0.046106401830911636
pair/b2outer2/final/pair_gnn/s8867,corrected_gnn,8867,readout.3.weight,64,23,41,0.35114845633506775,59,23,0.6181350946426392
pair/b2outer2/final/pair_gnn/s8867,corrected_gnn,8867,readout.3.bias,1,1,0,0.04646669700741768,1,1,0.046466708183288574
pair/b2outer2/final/pair_gnn/s9973,corrected_gnn,9973,embed.weight,2976,1051,1925,0.7312602400779724,1078,1051,1.3900078535079956
pair/b2outer2/final/pair_gnn/s9973,corrected_gnn,9973,embed.bias,32,32,0,0.3135288655757904,32,32,0.5941704511642456
pair/b2outer2/final/pair_gnn/s9973,corrected_gnn,9973,self_layers.0.weight,1024,804,220,0.12190251052379608,861,804,0.22443461418151855
pair/b2outer2/final/pair_gnn/s9973,corrected_gnn,9973,self_layers.0.bias,32,26,6,0.18503069877624512,28,26,0.34372469782829285
pair/b2outer2/final/pair_gnn/s9973,corrected_gnn,9973,self_layers.1.weight,1024,1024,0,0.10630238056182861,1024,1024,0.2058485597372055
pair/b2outer2/final/pair_gnn/s9973,corrected_gnn,9973,self_layers.1.bias,32,32,0,0.015949804335832596,32,32,0.031966280192136765
pair/b2outer2/final/pair_gnn/s9973,corrected_gnn,9973,norms.0.weight,32,32,0,0.03578907623887062,32,32,0.05814840644598007
pair/b2outer2/final/pair_gnn/s9973,corrected_gnn,9973,norms.0.bias,32,32,0,0.03355497494339943,32,32,0.05868903547525406
pair/b2outer2/final/pair_gnn/s9973,corrected_gnn,9973,norms.1.weight,32,32,0,0.033815473318099976,32,32,0.06135651841759682
pair/b2outer2/final/pair_gnn/s9973,corrected_gnn,9973,norms.1.bias,32,32,0,0.02998536266386509,32,32,0.054085198789834976
pair/b2outer2/final/pair_gnn/s9973,corrected_gnn,9973,message_weights.0,8192,5344,2848,0.1057768315076828,5643,5344,0.19955159723758698
pair/b2outer2/final/pair_gnn/s9973,corrected_gnn,9973,message_weights.1,8192,7104,1088,0.0828581377863884,7168,7104,0.15947569906711578
pair/b2outer2/final/pair_gnn/s9973,corrected_gnn,9973,readout.0.weight,131584,23953,107631,2.041098117828369,87358,23953,3.7009217739105225
pair/b2outer2/final/pair_gnn/s9973,corrected_gnn,9973,readout.0.bias,64,17,47,0.05823512747883797,62,17,0.10450386255979538
pair/b2outer2/final/pair_gnn/s9973,corrected_gnn,9973,readout.3.weight,64,17,47,0.8748555779457092,62,17,1.0557057857513428
pair/b2outer2/final/pair_gnn/s9973,corrected_gnn,9973,readout.3.bias,1,1,0,0.17900238931179047,1,1,0.17900246381759644
pair/b2outer2/final/pair_no_message/s11027,corrected_no_message,11027,embed.weight,2976,956,2020,0.258823037147522,1030,956,2.7873411178588867
pair/b2outer2/final/pair_no_message/s11027,corrected_no_message,11027,embed.bias,32,31,1,0.11949978768825531,31,31,1.193448543548584
pair/b2outer2/final/pair_no_message/s11027,corrected_no_message,11027,self_layers.0.weight,1024,629,395,0.0510459803044796,664,629,0.430020809173584
pair/b2outer2/final/pair_no_message/s11027,corrected_no_message,11027,self_layers.0.bias,32,21,11,0.12336952239274979,22,21,1.0853712558746338
pair/b2outer2/final/pair_no_message/s11027,corrected_no_message,11027,self_layers.1.weight,1024,1024,0,0.04151678830385208,1024,1024,0.4033549427986145
pair/b2outer2/final/pair_no_message/s11027,corrected_no_message,11027,self_layers.1.bias,32,32,0,0.008042672649025917,32,32,0.08180942386388779
pair/b2outer2/final/pair_no_message/s11027,corrected_no_message,11027,norms.0.weight,32,32,0,0.013907160609960556,32,32,0.09085389226675034
pair/b2outer2/final/pair_no_message/s11027,corrected_no_message,11027,norms.0.bias,32,32,0,0.01236136443912983,32,32,0.12563739717006683
pair/b2outer2/final/pair_no_message/s11027,corrected_no_message,11027,norms.1.weight,32,32,0,0.018554089590907097,32,32,0.1712288111448288
pair/b2outer2/final/pair_no_message/s11027,corrected_no_message,11027,norms.1.bias,32,32,0,0.00684700720012188,32,32,0.09815748780965805
pair/b2outer2/final/pair_no_message/s11027,corrected_no_message,11027,message_weights.0,8192,4129,4063,0.037692055106163025,4436,4129,0.32357585430145264
pair/b2outer2/final/pair_no_message/s11027,corrected_no_message,11027,message_weights.1,8192,7104,1088,0.03137117996811867,7168,7104,0.3146975040435791
pair/b2outer2/final/pair_no_message/s11027,corrected_no_message,11027,readout.0.weight,131584,21135,110449,0.45787063241004944,90176,21135,5.049003601074219
pair/b2outer2/final/pair_no_message/s11027,corrected_no_message,11027,readout.0.bias,64,15,49,0.010584261268377304,64,15,0.1414371281862259
pair/b2outer2/final/pair_no_message/s11027,corrected_no_message,11027,readout.3.weight,64,15,49,0.3388431668281555,64,15,3.836522340774536
pair/b2outer2/final/pair_no_message/s11027,corrected_no_message,11027,readout.3.bias,1,1,0,0.045616649091243744,1,1,0.045616745948791504
pair/b2outer2/final/pair_no_message/s1103,corrected_no_message,1103,embed.weight,2976,1041,1935,0.8947694897651672,1044,1041,6.625866413116455
pair/b2outer2/final/pair_no_message/s1103,corrected_no_message,1103,embed.bias,32,32,0,0.3887503445148468,32,32,2.2184202671051025
pair/b2outer2/final/pair_no_message/s1103,corrected_no_message,1103,self_layers.0.weight,1024,654,370,0.17072278261184692,655,654,1.0549806356430054
pair/b2outer2/final/pair_no_message/s1103,corrected_no_message,1103,self_layers.0.bias,32,21,11,0.27890855073928833,21,21,1.5964268445968628
pair/b2outer2/final/pair_no_message/s1103,corrected_no_message,1103,self_layers.1.weight,1024,1024,0,0.12934786081314087,1024,1024,1.199140191078186
pair/b2outer2/final/pair_no_message/s1103,corrected_no_message,1103,self_layers.1.bias,32,32,0,0.01895691081881523,32,32,0.19633585214614868
pair/b2outer2/final/pair_no_message/s1103,corrected_no_message,1103,norms.0.weight,32,32,0,0.04891747236251831,32,32,0.2107437252998352
pair/b2outer2/final/pair_no_message/s1103,corrected_no_message,1103,norms.0.bias,32,32,0,0.037997689098119736,32,32,0.20830120146274567
pair/b2outer2/final/pair_no_message/s1103,corrected_no_message,1103,norms.1.weight,32,32,0,0.04651973769068718,32,32,0.2038368433713913
pair/b2outer2/final/pair_no_message/s1103,corrected_no_message,1103,norms.1.bias,32,32,0,0.03882158175110817,32,32,0.13796092569828033
pair/b2outer2/final/pair_no_message/s1103,corrected_no_message,1103,message_weights.0,8192,4275,3917,0.13262274861335754,4273,4275,0.7818688750267029
pair/b2outer2/final/pair_no_message/s1103,corrected_no_message,1103,message_weights.1,8192,7040,1152,0.1039801612496376,7168,7040,0.8963195085525513
pair/b2outer2/final/pair_no_message/s1103,corrected_no_message,1103,readout.0.weight,131584,45088,86496,2.639270782470703,85949,45088,12.046706199645996
pair/b2outer2/final/pair_no_message/s1103,corrected_no_message,1103,readout.0.bias,64,32,32,0.06768042594194412,61,32,0.2975790202617645
pair/b2outer2/final/pair_no_message/s1103,corrected_no_message,1103,readout.3.weight,64,32,32,1.7136104106903076,61,32,2.35976505279541
pair/b2outer2/final/pair_no_message/s1103,corrected_no_message,1103,readout.3.bias,1,1,0,0.1633259505033493,1,1,0.16332602500915527
pair/b2outer2/final/pair_no_message/s2207,corrected_no_message,2207,embed.weight,2976,972,2004,1.0065715312957764,997,972,5.932833194732666
pair/b2outer2/final/pair_no_message/s2207,corrected_no_message,2207,embed.bias,32,31,1,0.45608529448509216,31,31,2.6219680309295654
pair/b2outer2/final/pair_no_message/s2207,corrected_no_message,2207,self_layers.0.weight,1024,674,350,0.20304033160209656,697,674,1.2736576795578003
pair/b2outer2/final/pair_no_message/s2207,corrected_no_message,2207,self_layers.0.bias,32,22,10,0.3058950901031494,23,22,2.2817065715789795
pair/b2outer2/final/pair_no_message/s2207,corrected_no_message,2207,self_layers.1.weight,1024,992,32,0.1736515462398529,1024,992,0.8356353044509888
pair/b2outer2/final/pair_no_message/s2207,corrected_no_message,2207,self_layers.1.bias,32,31,1,0.03258097171783447,32,31,0.14379312098026276
pair/b2outer2/final/pair_no_message/s2207,corrected_no_message,2207,norms.0.weight,32,32,0,0.049708615988492966,32,32,0.2872229516506195
pair/b2outer2/final/pair_no_message/s2207,corrected_no_message,2207,norms.0.bias,32,32,0,0.0525658093392849,32,32,0.2626054883003235
pair/b2outer2/final/pair_no_message/s2207,corrected_no_message,2207,norms.1.weight,32,32,0,0.05002713203430176,32,32,0.2967038154602051
pair/b2outer2/final/pair_no_message/s2207,corrected_no_message,2207,norms.1.bias,32,32,0,0.05512409284710884,32,32,0.21886464953422546
pair/b2outer2/final/pair_no_message/s2207,corrected_no_message,2207,message_weights.0,8192,4416,3776,0.16776563227176666,4579,4416,0.9725552797317505
pair/b2outer2/final/pair_no_message/s2207,corrected_no_message,2207,message_weights.1,8192,6784,1408,0.1359649896621704,7168,6784,0.6485642790794373
pair/b2outer2/final/pair_no_message/s2207,corrected_no_message,2207,readout.0.weight,131584,36634,94950,3.058897018432617,81722,36634,14.534162521362305
pair/b2outer2/final/pair_no_message/s2207,corrected_no_message,2207,readout.0.bias,64,26,38,0.0864463746547699,58,26,0.3806512653827667
pair/b2outer2/final/pair_no_message/s2207,corrected_no_message,2207,readout.3.weight,64,26,38,2.6937601566314697,58,26,5.217375755310059
pair/b2outer2/final/pair_no_message/s2207,corrected_no_message,2207,readout.3.bias,1,1,0,0.3293689489364624,1,1,0.32936882972717285
pair/b2outer2/final/pair_no_message/s3301,corrected_no_message,3301,embed.weight,2976,982,1994,0.6571233868598938,1017,982,4.560573101043701
pair/b2outer2/final/pair_no_message/s3301,corrected_no_message,3301,embed.bias,32,31,1,0.2504098415374756,31,31,1.952319860458374
pair/b2outer2/final/pair_no_message/s3301,corrected_no_message,3301,self_layers.0.weight,1024,720,304,0.15475210547447205,802,720,0.8775310516357422
pair/b2outer2/final/pair_no_message/s3301,corrected_no_message,3301,self_layers.0.bias,32,24,8,0.2739168405532837,27,24,1.7334989309310913
pair/b2outer2/final/pair_no_message/s3301,corrected_no_message,3301,self_layers.1.weight,1024,1024,0,0.11994617432355881,1024,1024,0.7057834267616272
pair/b2outer2/final/pair_no_message/s3301,corrected_no_message,3301,self_layers.1.bias,32,32,0,0.021774644032120705,32,32,0.1312035620212555
pair/b2outer2/final/pair_no_message/s3301,corrected_no_message,3301,norms.0.weight,32,32,0,0.023259585723280907,32,32,0.22413480281829834
pair/b2outer2/final/pair_no_message/s3301,corrected_no_message,3301,norms.0.bias,32,32,0,0.031620100140571594,32,32,0.22051386535167694
pair/b2outer2/final/pair_no_message/s3301,corrected_no_message,3301,norms.1.weight,32,32,0,0.025055615231394768,32,32,0.2565193176269531
pair/b2outer2/final/pair_no_message/s3301,corrected_no_message,3301,norms.1.bias,32,32,0,0.027845053002238274,32,32,0.1544576734304428
pair/b2outer2/final/pair_no_message/s3301,corrected_no_message,3301,message_weights.0,8192,4703,3489,0.12053097784519196,5223,4703,0.6672574281692505
pair/b2outer2/final/pair_no_message/s3301,corrected_no_message,3301,message_weights.1,8192,7008,1184,0.09414921700954437,7168,7008,0.5359968543052673
pair/b2outer2/final/pair_no_message/s3301,corrected_no_message,3301,readout.0.weight,131584,35225,96359,1.7823646068572998,84540,35225,9.200035095214844
pair/b2outer2/final/pair_no_message/s3301,corrected_no_message,3301,readout.0.bias,64,25,39,0.0503760501742363,60,25,0.2492147833108902
pair/b2outer2/final/pair_no_message/s3301,corrected_no_message,3301,readout.3.weight,64,25,39,1.4931622743606567,60,25,3.9745593070983887
pair/b2outer2/final/pair_no_message/s3301,corrected_no_message,3301,readout.3.bias,1,1,0,0.20060256123542786,1,1,0.20060229301452637
pair/b2outer2/final/pair_no_message/s4409,corrected_no_message,4409,embed.weight,2976,1044,1932,0.3599812686443329,1060,1044,6.422117710113525
pair/b2outer2/final/pair_no_message/s4409,corrected_no_message,4409,embed.bias,32,32,0,0.13029883801937103,32,32,2.424194812774658
pair/b2outer2/final/pair_no_message/s4409,corrected_no_message,4409,self_layers.0.weight,1024,776,248,0.07409655302762985,805,776,1.3059585094451904
pair/b2outer2/final/pair_no_message/s4409,corrected_no_message,4409,self_layers.0.bias,32,26,6,0.09972797334194183,26,26,2.0070369243621826
pair/b2outer2/final/pair_no_message/s4409,corrected_no_message,4409,self_layers.1.weight,1024,960,64,0.06346441805362701,1024,960,1.120802640914917
pair/b2outer2/final/pair_no_message/s4409,corrected_no_message,4409,self_layers.1.bias,32,30,2,0.00886449497193098,32,30,0.1735939234495163
pair/b2outer2/final/pair_no_message/s4409,corrected_no_message,4409,norms.0.weight,32,32,0,0.017893267795443535,32,32,0.36534440517425537
pair/b2outer2/final/pair_no_message/s4409,corrected_no_message,4409,norms.0.bias,32,32,0,0.010178463533520699,32,32,0.27508893609046936
pair/b2outer2/final/pair_no_message/s4409,corrected_no_message,4409,norms.1.weight,32,32,0,0.015794366598129272,32,32,0.3200308084487915
pair/b2outer2/final/pair_no_message/s4409,corrected_no_message,4409,norms.1.bias,32,32,0,0.008799317292869091,32,32,0.1686093658208847
pair/b2outer2/final/pair_no_message/s4409,corrected_no_message,4409,message_weights.0,8192,4885,3307,0.057311490178108215,5237,4885,1.0029380321502686
pair/b2outer2/final/pair_no_message/s4409,corrected_no_message,4409,message_weights.1,8192,6464,1728,0.04977692663669586,7168,6464,0.8726823925971985
pair/b2outer2/final/pair_no_message/s4409,corrected_no_message,4409,readout.0.weight,131584,38043,93541,1.0836337804794312,84540,38043,17.282968521118164
pair/b2outer2/final/pair_no_message/s4409,corrected_no_message,4409,readout.0.bias,64,27,37,0.021070411428809166,60,27,0.4552488625049591
pair/b2outer2/final/pair_no_message/s4409,corrected_no_message,4409,readout.3.weight,64,27,37,0.3108464479446411,60,27,4.447849273681641
pair/b2outer2/final/pair_no_message/s4409,corrected_no_message,4409,readout.3.bias,1,1,0,0.00043756933882832527,1,1,0.00043773651123046875
pair/b2outer2/final/pair_no_message/s5519,corrected_no_message,5519,embed.weight,2976,1063,1913,0.39910680055618286,1088,1063,8.635980606079102
pair/b2outer2/final/pair_no_message/s5519,corrected_no_message,5519,embed.bias,32,32,0,0.13594728708267212,32,32,3.4172744750976562
pair/b2outer2/final/pair_no_message/s5519,corrected_no_message,5519,self_layers.0.weight,1024,672,352,0.06680132448673248,715,672,1.6057226657867432
pair/b2outer2/final/pair_no_message/s5519,corrected_no_message,5519,self_layers.0.bias,32,22,10,0.1365954577922821,24,22,3.7942986488342285
pair/b2outer2/final/pair_no_message/s5519,corrected_no_message,5519,self_layers.1.weight,1024,1024,0,0.06666737049818039,1024,1024,1.604375958442688
pair/b2outer2/final/pair_no_message/s5519,corrected_no_message,5519,self_layers.1.bias,32,32,0,0.009679201990365982,32,32,0.27202096581459045
pair/b2outer2/final/pair_no_message/s5519,corrected_no_message,5519,norms.0.weight,32,32,0,0.02256014384329319,32,32,0.5395315885543823
pair/b2outer2/final/pair_no_message/s5519,corrected_no_message,5519,norms.0.bias,32,32,0,0.01665400341153145,32,32,0.5432840585708618
pair/b2outer2/final/pair_no_message/s5519,corrected_no_message,5519,norms.1.weight,32,32,0,0.02133803442120552,32,32,0.5753554701805115
pair/b2outer2/final/pair_no_message/s5519,corrected_no_message,5519,norms.1.bias,32,32,0,0.012375165708363056,32,32,0.3826909363269806
pair/b2outer2/final/pair_no_message/s5519,corrected_no_message,5519,message_weights.0,8192,4325,3867,0.050349343568086624,4616,4325,1.2299714088439941
pair/b2outer2/final/pair_no_message/s5519,corrected_no_message,5519,message_weights.1,8192,6848,1344,0.051011014729738235,7168,6848,1.220535397529602
pair/b2outer2/final/pair_no_message/s5519,corrected_no_message,5519,readout.0.weight,131584,35225,96359,0.9877439141273499,78904,35225,28.993576049804688
pair/b2outer2/final/pair_no_message/s5519,corrected_no_message,5519,readout.0.bias,64,25,39,0.02132340893149376,56,25,0.7719038128852844
pair/b2outer2/final/pair_no_message/s5519,corrected_no_message,5519,readout.3.weight,64,25,39,0.3854154944419861,56,25,7.564172267913818
pair/b2outer2/final/pair_no_message/s5519,corrected_no_message,5519,readout.3.bias,1,1,0,0.016591070219874382,1,1,0.01659083366394043
pair/b2outer2/final/pair_no_message/s6637,corrected_no_message,6637,embed.weight,2976,902,2074,0.7096624374389648,927,902,9.34505844116211
pair/b2outer2/final/pair_no_message/s6637,corrected_no_message,6637,embed.bias,32,30,2,0.34213441610336304,30,30,4.371546268463135
pair/b2outer2/final/pair_no_message/s6637,corrected_no_message,6637,self_layers.0.weight,1024,708,316,0.18239599466323853,759,708,1.7935150861740112
pair/b2outer2/final/pair_no_message/s6637,corrected_no_message,6637,self_layers.0.bias,32,25,7,0.3804410398006439,27,25,3.766388416290283
pair/b2outer2/final/pair_no_message/s6637,corrected_no_message,6637,self_layers.1.weight,1024,992,32,0.14004287123680115,1024,992,1.3789353370666504
pair/b2outer2/final/pair_no_message/s6637,corrected_no_message,6637,self_layers.1.bias,32,31,1,0.02868996001780033,32,31,0.24322117865085602
pair/b2outer2/final/pair_no_message/s6637,corrected_no_message,6637,norms.0.weight,32,32,0,0.02426733821630478,32,32,0.47376513481140137
pair/b2outer2/final/pair_no_message/s6637,corrected_no_message,6637,norms.0.bias,32,32,0,0.045941226184368134,32,32,0.429912805557251
pair/b2outer2/final/pair_no_message/s6637,corrected_no_message,6637,norms.1.weight,32,32,0,0.02701352722942829,32,32,0.4524823725223541
pair/b2outer2/final/pair_no_message/s6637,corrected_no_message,6637,norms.1.bias,32,32,0,0.0405719131231308,32,32,0.20032382011413574
pair/b2outer2/final/pair_no_message/s6637,corrected_no_message,6637,message_weights.0,8192,4578,3614,0.13378587365150452,5022,4578,1.318074345588684
pair/b2outer2/final/pair_no_message/s6637,corrected_no_message,6637,message_weights.1,8192,6720,1472,0.10439533740282059,7136,6720,1.0346602201461792
pair/b2outer2/final/pair_no_message/s6637,corrected_no_message,6637,readout.0.weight,131584,29589,101995,1.697792410850525,85949,29589,16.1925048828125
pair/b2outer2/final/pair_no_message/s6637,corrected_no_message,6637,readout.0.bias,64,21,43,0.04706006869673729,61,21,0.39747947454452515
pair/b2outer2/final/pair_no_message/s6637,corrected_no_message,6637,readout.3.weight,64,21,43,1.2023457288742065,61,21,8.60771369934082
pair/b2outer2/final/pair_no_message/s6637,corrected_no_message,6637,readout.3.bias,1,1,0,0.21240094304084778,1,1,0.2124013900756836
pair/b2outer2/final/pair_no_message/s7753,corrected_no_message,7753,embed.weight,2976,898,2078,2.7129552364349365,917,898,8.219939231872559
pair/b2outer2/final/pair_no_message/s7753,corrected_no_message,7753,embed.bias,32,30,2,1.3491419553756714,30,30,3.9968979358673096
pair/b2outer2/final/pair_no_message/s7753,corrected_no_message,7753,self_layers.0.weight,1024,765,259,0.5124491453170776,768,765,1.3966808319091797
pair/b2outer2/final/pair_no_message/s7753,corrected_no_message,7753,self_layers.0.bias,32,26,6,1.018322229385376,26,26,2.92671537399292
pair/b2outer2/final/pair_no_message/s7753,corrected_no_message,7753,self_layers.1.weight,1024,1024,0,0.3990005850791931,1024,1024,1.0277773141860962
pair/b2outer2/final/pair_no_message/s7753,corrected_no_message,7753,self_layers.1.bias,32,32,0,0.0754576325416565,32,32,0.16503413021564484
pair/b2outer2/final/pair_no_message/s7753,corrected_no_message,7753,norms.0.weight,32,32,0,0.13053029775619507,32,32,0.3462158441543579
pair/b2outer2/final/pair_no_message/s7753,corrected_no_message,7753,norms.0.bias,32,32,0,0.1586305946111679,32,32,0.3181714713573456
pair/b2outer2/final/pair_no_message/s7753,corrected_no_message,7753,norms.1.weight,32,32,0,0.1400417536497116,32,32,0.3250598907470703
pair/b2outer2/final/pair_no_message/s7753,corrected_no_message,7753,norms.1.bias,32,32,0,0.14802969992160797,32,32,0.19910193979740143
pair/b2outer2/final/pair_no_message/s7753,corrected_no_message,7753,message_weights.0,8192,5137,3055,0.3987233638763428,5182,5137,1.036631464958191
pair/b2outer2/final/pair_no_message/s7753,corrected_no_message,7753,message_weights.1,8192,6880,1312,0.30576246976852417,7168,6880,0.7724519371986389
pair/b2outer2/final/pair_no_message/s7753,corrected_no_message,7753,readout.0.weight,131584,35225,96359,8.983939170837402,81722,35225,15.819584846496582
pair/b2outer2/final/pair_no_message/s7753,corrected_no_message,7753,readout.0.bias,64,25,39,0.25573495030403137,58,25,0.3545539379119873
pair/b2outer2/final/pair_no_message/s7753,corrected_no_message,7753,readout.3.weight,64,25,39,5.50735330581665,58,25,6.053038120269775
pair/b2outer2/final/pair_no_message/s7753,corrected_no_message,7753,readout.3.bias,1,1,0,0.7447734475135803,1,1,0.7447729110717773
pair/b2outer2/final/pair_no_message/s8867,corrected_no_message,8867,embed.weight,2976,1104,1872,0.543247401714325,1122,1104,5.410645008087158
pair/b2outer2/final/pair_no_message/s8867,corrected_no_message,8867,embed.bias,32,32,0,0.24529708921909332,32,32,2.237614631652832
pair/b2outer2/final/pair_no_message/s8867,corrected_no_message,8867,self_layers.0.weight,1024,727,297,0.14993076026439667,750,727,1.2300165891647339
pair/b2outer2/final/pair_no_message/s8867,corrected_no_message,8867,self_layers.0.bias,32,23,9,0.21216082572937012,24,23,1.6691442728042603
pair/b2outer2/final/pair_no_message/s8867,corrected_no_message,8867,self_layers.1.weight,1024,992,32,0.11902721226215363,1024,992,1.1875863075256348
pair/b2outer2/final/pair_no_message/s8867,corrected_no_message,8867,self_layers.1.bias,32,31,1,0.022756008431315422,32,31,0.1933884173631668
pair/b2outer2/final/pair_no_message/s8867,corrected_no_message,8867,norms.0.weight,32,32,0,0.039713215082883835,32,32,0.36088642477989197
pair/b2outer2/final/pair_no_message/s8867,corrected_no_message,8867,norms.0.bias,32,32,0,0.03619701415300369,32,32,0.26850640773773193
pair/b2outer2/final/pair_no_message/s8867,corrected_no_message,8867,norms.1.weight,32,32,0,0.03661052882671356,32,32,0.32326263189315796
pair/b2outer2/final/pair_no_message/s8867,corrected_no_message,8867,norms.1.bias,32,32,0,0.03424885496497154,32,32,0.21475979685783386
pair/b2outer2/final/pair_no_message/s8867,corrected_no_message,8867,message_weights.0,8192,4805,3387,0.11403919756412506,5039,4805,0.9561854004859924
pair/b2outer2/final/pair_no_message/s8867,corrected_no_message,8867,message_weights.1,8192,6880,1312,0.09625277668237686,7168,6880,0.9435142874717712
pair/b2outer2/final/pair_no_message/s8867,corrected_no_message,8867,readout.0.weight,131584,30998,100586,2.235861301422119,80313,30998,20.644962310791016
pair/b2outer2/final/pair_no_message/s8867,corrected_no_message,8867,readout.0.bias,64,22,42,0.061462778598070145,57,22,0.561369776725769
pair/b2outer2/final/pair_no_message/s8867,corrected_no_message,8867,readout.3.weight,64,22,42,1.7927147150039673,57,22,4.362614631652832
pair/b2outer2/final/pair_no_message/s8867,corrected_no_message,8867,readout.3.bias,1,1,0,0.2457106113433838,1,1,0.2457103729248047
pair/b2outer2/final/pair_no_message/s9973,corrected_no_message,9973,embed.weight,2976,1069,1907,0.5262312889099121,1075,1069,6.002564430236816
pair/b2outer2/final/pair_no_message/s9973,corrected_no_message,9973,embed.bias,32,32,0,0.19573594629764557,32,32,2.2428503036499023
pair/b2outer2/final/pair_no_message/s9973,corrected_no_message,9973,self_layers.0.weight,1024,767,257,0.10091333091259003,777,767,1.039901614189148
pair/b2outer2/final/pair_no_message/s9973,corrected_no_message,9973,self_layers.0.bias,32,25,7,0.1298040747642517,25,25,1.512536644935608
pair/b2outer2/final/pair_no_message/s9973,corrected_no_message,9973,self_layers.1.weight,1024,1024,0,0.10873619467020035,1024,1024,1.0145798921585083
pair/b2outer2/final/pair_no_message/s9973,corrected_no_message,9973,self_layers.1.bias,32,32,0,0.01946813426911831,32,32,0.1567854881286621
pair/b2outer2/final/pair_no_message/s9973,corrected_no_message,9973,norms.0.weight,32,32,0,0.02640884555876255,32,32,0.20543600618839264
pair/b2outer2/final/pair_no_message/s9973,corrected_no_message,9973,norms.0.bias,32,32,0,0.020182466134428978,32,32,0.1715357005596161
pair/b2outer2/final/pair_no_message/s9973,corrected_no_message,9973,norms.1.weight,32,32,0,0.024180015549063683,32,32,0.1672501116991043
pair/b2outer2/final/pair_no_message/s9973,corrected_no_message,9973,norms.1.bias,32,32,0,0.018563007935881615,32,32,0.16887763142585754
pair/b2outer2/final/pair_no_message/s9973,corrected_no_message,9973,message_weights.0,8192,5125,3067,0.07808232307434082,5200,5125,0.8063983917236328
pair/b2outer2/final/pair_no_message/s9973,corrected_no_message,9973,message_weights.1,8192,7104,1088,0.08245667815208435,7168,7104,0.7902376651763916
pair/b2outer2/final/pair_no_message/s9973,corrected_no_message,9973,readout.0.weight,131584,40861,90723,1.6461764574050903,85949,40861,16.744709014892578
pair/b2outer2/final/pair_no_message/s9973,corrected_no_message,9973,readout.0.bias,64,29,35,0.03818463534116745,61,29,0.435212105512619
pair/b2outer2/final/pair_no_message/s9973,corrected_no_message,9973,readout.3.weight,64,29,35,0.7767893075942993,61,29,2.51120924949646
pair/b2outer2/final/pair_no_message/s9973,corrected_no_message,9973,readout.3.bias,1,1,0,0.08790107071399689,1,1,0.08790135383605957
pair/b2outer3/final/activity_gnn/s11027,corrected_gnn,11027,embed.weight,2976,948,2028,0.7041728496551514,959,948,0.7041728496551514
pair/b2outer3/final/activity_gnn/s11027,corrected_gnn,11027,embed.bias,32,31,1,0.25280603766441345,31,31,0.25280603766441345
pair/b2outer3/final/activity_gnn/s11027,corrected_gnn,11027,self_layers.0.weight,1024,638,386,0.12884443998336792,639,638,0.12884443998336792
pair/b2outer3/final/activity_gnn/s11027,corrected_gnn,11027,self_layers.0.bias,32,21,11,0.2563506066799164,21,21,0.2563506066799164
pair/b2outer3/final/activity_gnn/s11027,corrected_gnn,11027,self_layers.1.weight,1024,1024,0,0.11040715128183365,1024,1024,0.11040715128183365
pair/b2outer3/final/activity_gnn/s11027,corrected_gnn,11027,self_layers.1.bias,32,32,0,0.017321614548563957,32,32,0.017321614548563957
pair/b2outer3/final/activity_gnn/s11027,corrected_gnn,11027,norms.0.weight,32,32,0,0.03012988530099392,32,32,0.03012988530099392
pair/b2outer3/final/activity_gnn/s11027,corrected_gnn,11027,norms.0.bias,32,32,0,0.03088683821260929,32,32,0.03088683821260929
pair/b2outer3/final/activity_gnn/s11027,corrected_gnn,11027,norms.1.weight,32,32,0,0.02741951309144497,32,32,0.02741951309144497
pair/b2outer3/final/activity_gnn/s11027,corrected_gnn,11027,norms.1.bias,32,32,0,0.03072250261902809,32,32,0.03072250261902809
pair/b2outer3/final/activity_gnn/s11027,corrected_gnn,11027,message_weights.0,8192,4198,3994,0.08937019854784012,4217,4198,0.08937019854784012
pair/b2outer3/final/activity_gnn/s11027,corrected_gnn,11027,message_weights.1,8192,7072,1120,0.09261780977249146,7168,7072,0.09261780977249146
pair/b2outer3/final/activity_gnn/s11027,corrected_gnn,11027,readout.0.weight,131584,46497,85087,2.4023516178131104,90176,46497,2.4023516178131104
pair/b2outer3/final/activity_gnn/s11027,corrected_gnn,11027,readout.0.bias,64,33,31,0.0676209107041359,64,33,0.0676209107041359
pair/b2outer3/final/activity_gnn/s11027,corrected_gnn,11027,readout.3.weight,64,33,31,0.6503117680549622,64,33,0.6503117680549622
pair/b2outer3/final/activity_gnn/s11027,corrected_gnn,11027,readout.3.bias,1,1,0,0.21093511581420898,1,1,0.21093511581420898
pair/b2outer3/final/activity_gnn/s1103,corrected_gnn,1103,embed.weight,2976,1031,1945,0.8282150030136108,1032,1031,0.8282150030136108
pair/b2outer3/final/activity_gnn/s1103,corrected_gnn,1103,embed.bias,32,32,0,0.3511582314968109,32,32,0.3511582314968109
pair/b2outer3/final/activity_gnn/s1103,corrected_gnn,1103,self_layers.0.weight,1024,624,400,0.13957194983959198,624,624,0.13957194983959198
pair/b2outer3/final/activity_gnn/s1103,corrected_gnn,1103,self_layers.0.bias,32,20,12,0.21269792318344116,20,20,0.21269792318344116
pair/b2outer3/final/activity_gnn/s1103,corrected_gnn,1103,self_layers.1.weight,1024,1024,0,0.12989580631256104,1024,1024,0.12989580631256104
pair/b2outer3/final/activity_gnn/s1103,corrected_gnn,1103,self_layers.1.bias,32,32,0,0.018824541941285133,32,32,0.018824541941285133
pair/b2outer3/final/activity_gnn/s1103,corrected_gnn,1103,norms.0.weight,32,32,0,0.031808558851480484,32,32,0.031808558851480484
pair/b2outer3/final/activity_gnn/s1103,corrected_gnn,1103,norms.0.bias,32,32,0,0.03404569998383522,32,32,0.03404569998383522
pair/b2outer3/final/activity_gnn/s1103,corrected_gnn,1103,norms.1.weight,32,32,0,0.035374630242586136,32,32,0.035374630242586136
pair/b2outer3/final/activity_gnn/s1103,corrected_gnn,1103,norms.1.bias,32,32,0,0.03143744170665741,32,32,0.03143744170665741
pair/b2outer3/final/activity_gnn/s1103,corrected_gnn,1103,message_weights.0,8192,4142,4050,0.11883768439292908,4140,4142,0.11883768439292908
pair/b2outer3/final/activity_gnn/s1103,corrected_gnn,1103,message_weights.1,8192,6976,1216,0.10034539550542831,7136,6976,0.10034539550542831
pair/b2outer3/final/activity_gnn/s1103,corrected_gnn,1103,readout.0.weight,131584,60587,70997,2.7383272647857666,78904,60587,2.7383272647857666
pair/b2outer3/final/activity_gnn/s1103,corrected_gnn,1103,readout.0.bias,64,43,21,0.06943514943122864,56,43,0.06943514943122864
pair/b2outer3/final/activity_gnn/s1103,corrected_gnn,1103,readout.3.weight,64,43,21,0.602572500705719,56,43,0.602572500705719
pair/b2outer3/final/activity_gnn/s1103,corrected_gnn,1103,readout.3.bias,1,1,0,0.17502330243587494,1,1,0.17502330243587494
pair/b2outer3/final/activity_gnn/s2207,corrected_gnn,2207,embed.weight,2976,984,1992,0.6900933980941772,986,984,0.6900933980941772
pair/b2outer3/final/activity_gnn/s2207,corrected_gnn,2207,embed.bias,32,31,1,0.32153186202049255,31,31,0.32153186202049255
pair/b2outer3/final/activity_gnn/s2207,corrected_gnn,2207,self_layers.0.weight,1024,700,324,0.13123542070388794,702,700,0.13123542070388794
pair/b2outer3/final/activity_gnn/s2207,corrected_gnn,2207,self_layers.0.bias,32,23,9,0.19820068776607513,23,23,0.19820068776607513
pair/b2outer3/final/activity_gnn/s2207,corrected_gnn,2207,self_layers.1.weight,1024,1024,0,0.11754699051380157,1024,1024,0.11754699051380157
pair/b2outer3/final/activity_gnn/s2207,corrected_gnn,2207,self_layers.1.bias,32,32,0,0.02017129957675934,32,32,0.02017129957675934
pair/b2outer3/final/activity_gnn/s2207,corrected_gnn,2207,norms.0.weight,32,32,0,0.030685024335980415,32,32,0.030685024335980415
pair/b2outer3/final/activity_gnn/s2207,corrected_gnn,2207,norms.0.bias,32,32,0,0.039244912564754486,32,32,0.039244912564754486
pair/b2outer3/final/activity_gnn/s2207,corrected_gnn,2207,norms.1.weight,32,32,0,0.04031442105770111,32,32,0.04031442105770111
pair/b2outer3/final/activity_gnn/s2207,corrected_gnn,2207,norms.1.bias,32,32,0,0.039111360907554626,32,32,0.039111360907554626
pair/b2outer3/final/activity_gnn/s2207,corrected_gnn,2207,message_weights.0,8192,4590,3602,0.1118040606379509,4606,4590,0.1118040606379509
pair/b2outer3/final/activity_gnn/s2207,corrected_gnn,2207,message_weights.1,8192,7040,1152,0.09182276576757431,7136,7040,0.09182276576757431
pair/b2outer3/final/activity_gnn/s2207,corrected_gnn,2207,readout.0.weight,131584,52133,79451,2.64223051071167,80313,52133,2.64223051071167
pair/b2outer3/final/activity_gnn/s2207,corrected_gnn,2207,readout.0.bias,64,37,27,0.06780718266963959,57,37,0.06780718266963959
pair/b2outer3/final/activity_gnn/s2207,corrected_gnn,2207,readout.3.weight,64,37,27,0.5965809226036072,57,37,0.5965809226036072
pair/b2outer3/final/activity_gnn/s2207,corrected_gnn,2207,readout.3.bias,1,1,0,0.16367971897125244,1,1,0.16367971897125244
pair/b2outer3/final/activity_gnn/s3301,corrected_gnn,3301,embed.weight,2976,995,1981,0.4843769371509552,1000,995,0.4843769371509552
pair/b2outer3/final/activity_gnn/s3301,corrected_gnn,3301,embed.bias,32,31,1,0.1629132330417633,31,31,0.1629132330417633
pair/b2outer3/final/activity_gnn/s3301,corrected_gnn,3301,self_layers.0.weight,1024,776,248,0.10543353110551834,777,776,0.10543353110551834
pair/b2outer3/final/activity_gnn/s3301,corrected_gnn,3301,self_layers.0.bias,32,26,6,0.14049774408340454,26,26,0.14049774408340454
pair/b2outer3/final/activity_gnn/s3301,corrected_gnn,3301,self_layers.1.weight,1024,1024,0,0.0891086608171463,1024,1024,0.0891086608171463
pair/b2outer3/final/activity_gnn/s3301,corrected_gnn,3301,self_layers.1.bias,32,32,0,0.013341054320335388,32,32,0.013341054320335388
pair/b2outer3/final/activity_gnn/s3301,corrected_gnn,3301,norms.0.weight,32,32,0,0.03069092519581318,32,32,0.03069092519581318
pair/b2outer3/final/activity_gnn/s3301,corrected_gnn,3301,norms.0.bias,32,32,0,0.021099723875522614,32,32,0.021099723875522614
pair/b2outer3/final/activity_gnn/s3301,corrected_gnn,3301,norms.1.weight,32,32,0,0.0324094183743,32,32,0.0324094183743
pair/b2outer3/final/activity_gnn/s3301,corrected_gnn,3301,norms.1.bias,32,32,0,0.022453386336565018,32,32,0.022453386336565018
pair/b2outer3/final/activity_gnn/s3301,corrected_gnn,3301,message_weights.0,8192,5020,3172,0.07603128254413605,5021,5020,0.07603128254413605
pair/b2outer3/final/activity_gnn/s3301,corrected_gnn,3301,message_weights.1,8192,6912,1280,0.06466897577047348,7168,6912,0.06466897577047348
pair/b2outer3/final/activity_gnn/s3301,corrected_gnn,3301,readout.0.weight,131584,50724,80860,1.5440442562103271,83131,50724,1.5440442562103271
pair/b2outer3/final/activity_gnn/s3301,corrected_gnn,3301,readout.0.bias,64,36,28,0.03893565759062767,59,36,0.03893565759062767
pair/b2outer3/final/activity_gnn/s3301,corrected_gnn,3301,readout.3.weight,64,36,28,0.32351958751678467,59,36,0.32351958751678467
pair/b2outer3/final/activity_gnn/s3301,corrected_gnn,3301,readout.3.bias,1,1,0,0.07545222342014313,1,1,0.07545222342014313
pair/b2outer3/final/activity_gnn/s4409,corrected_gnn,4409,embed.weight,2976,1054,1922,0.44941991567611694,1055,1054,0.44941991567611694
pair/b2outer3/final/activity_gnn/s4409,corrected_gnn,4409,embed.bias,32,32,0,0.1721673458814621,32,32,0.1721673458814621
pair/b2outer3/final/activity_gnn/s4409,corrected_gnn,4409,self_layers.0.weight,1024,806,218,0.08949970453977585,802,806,0.08949970453977585
pair/b2outer3/final/activity_gnn/s4409,corrected_gnn,4409,self_layers.0.bias,32,26,6,0.1400388479232788,26,26,0.1400388479232788
pair/b2outer3/final/activity_gnn/s4409,corrected_gnn,4409,self_layers.1.weight,1024,992,32,0.07165525108575821,1024,992,0.07165525108575821
pair/b2outer3/final/activity_gnn/s4409,corrected_gnn,4409,self_layers.1.bias,32,31,1,0.011019017547369003,32,31,0.011019017547369003
pair/b2outer3/final/activity_gnn/s4409,corrected_gnn,4409,norms.0.weight,32,32,0,0.026990246027708054,32,32,0.026990246027708054
pair/b2outer3/final/activity_gnn/s4409,corrected_gnn,4409,norms.0.bias,32,32,0,0.017851660028100014,32,32,0.017851660028100014
pair/b2outer3/final/activity_gnn/s4409,corrected_gnn,4409,norms.1.weight,32,32,0,0.024361364543437958,32,32,0.024361364543437958
pair/b2outer3/final/activity_gnn/s4409,corrected_gnn,4409,norms.1.bias,32,32,0,0.016427820548415184,32,32,0.016427820548415184
pair/b2outer3/final/activity_gnn/s4409,corrected_gnn,4409,message_weights.0,8192,5379,2813,0.06644460558891296,5385,5379,0.06644460558891296
pair/b2outer3/final/activity_gnn/s4409,corrected_gnn,4409,message_weights.1,8192,6720,1472,0.05417304113507271,7168,6720,0.05417304113507271
pair/b2outer3/final/activity_gnn/s4409,corrected_gnn,4409,readout.0.weight,131584,53542,78042,1.4719388484954834,85949,53542,1.4719388484954834
pair/b2outer3/final/activity_gnn/s4409,corrected_gnn,4409,readout.0.bias,64,38,26,0.03685121238231659,61,38,0.03685121238231659
pair/b2outer3/final/activity_gnn/s4409,corrected_gnn,4409,readout.3.weight,64,38,26,0.31889280676841736,61,38,0.31889280676841736
pair/b2outer3/final/activity_gnn/s4409,corrected_gnn,4409,readout.3.bias,1,1,0,0.06626678258180618,1,1,0.06626678258180618
pair/b2outer3/final/activity_gnn/s5519,corrected_gnn,5519,embed.weight,2976,1059,1917,0.3530269265174866,1072,1059,0.3530269265174866
pair/b2outer3/final/activity_gnn/s5519,corrected_gnn,5519,embed.bias,32,32,0,0.16727204620838165,32,32,0.16727204620838165
pair/b2outer3/final/activity_gnn/s5519,corrected_gnn,5519,self_layers.0.weight,1024,699,325,0.049455754458904266,686,699,0.049455754458904266
pair/b2outer3/final/activity_gnn/s5519,corrected_gnn,5519,self_layers.0.bias,32,23,9,0.08795181661844254,22,23,0.08795181661844254
pair/b2outer3/final/activity_gnn/s5519,corrected_gnn,5519,self_layers.1.weight,1024,1024,0,0.06430089473724365,1024,1024,0.06430089473724365
pair/b2outer3/final/activity_gnn/s5519,corrected_gnn,5519,self_layers.1.bias,32,32,0,0.010661132633686066,32,32,0.010661132633686066
pair/b2outer3/final/activity_gnn/s5519,corrected_gnn,5519,norms.0.weight,32,32,0,0.015829723328351974,32,32,0.015829723328351974
pair/b2outer3/final/activity_gnn/s5519,corrected_gnn,5519,norms.0.bias,32,32,0,0.01184956356883049,32,32,0.01184956356883049
pair/b2outer3/final/activity_gnn/s5519,corrected_gnn,5519,norms.1.weight,32,32,0,0.01572243683040142,32,32,0.01572243683040142
pair/b2outer3/final/activity_gnn/s5519,corrected_gnn,5519,norms.1.bias,32,32,0,0.006841818802058697,32,32,0.006841818802058697
pair/b2outer3/final/activity_gnn/s5519,corrected_gnn,5519,message_weights.0,8192,4664,3528,0.03857997804880142,4606,4664,0.03857997804880142
pair/b2outer3/final/activity_gnn/s5519,corrected_gnn,5519,message_weights.1,8192,6944,1248,0.04844135046005249,7168,6944,0.04844135046005249
pair/b2outer3/final/activity_gnn/s5519,corrected_gnn,5519,readout.0.weight,131584,47906,83678,0.810504138469696,78904,47906,0.810504138469696
pair/b2outer3/final/activity_gnn/s5519,corrected_gnn,5519,readout.0.bias,64,34,30,0.015096149407327175,56,34,0.015096149407327175
pair/b2outer3/final/activity_gnn/s5519,corrected_gnn,5519,readout.3.weight,64,34,30,0.2583499252796173,56,34,0.2583499252796173
pair/b2outer3/final/activity_gnn/s5519,corrected_gnn,5519,readout.3.bias,1,1,0,0.03157937154173851,1,1,0.03157937154173851
pair/b2outer3/final/activity_gnn/s6637,corrected_gnn,6637,embed.weight,2976,898,2078,0.7040631771087646,903,898,0.7040631771087646
pair/b2outer3/final/activity_gnn/s6637,corrected_gnn,6637,embed.bias,32,30,2,0.35403114557266235,30,30,0.35403114557266235
pair/b2outer3/final/activity_gnn/s6637,corrected_gnn,6637,self_layers.0.weight,1024,751,273,0.17204448580741882,757,751,0.17204448580741882
pair/b2outer3/final/activity_gnn/s6637,corrected_gnn,6637,self_layers.0.bias,32,26,6,0.283217191696167,26,26,0.283217191696167
pair/b2outer3/final/activity_gnn/s6637,corrected_gnn,6637,self_layers.1.weight,1024,992,32,0.15329185128211975,1024,992,0.15329185128211975
pair/b2outer3/final/activity_gnn/s6637,corrected_gnn,6637,self_layers.1.bias,32,31,1,0.027436934411525726,32,31,0.027436934411525726
pair/b2outer3/final/activity_gnn/s6637,corrected_gnn,6637,norms.0.weight,32,32,0,0.04589156433939934,32,32,0.04589156433939934
pair/b2outer3/final/activity_gnn/s6637,corrected_gnn,6637,norms.0.bias,32,32,0,0.037972863763570786,32,32,0.037972863763570786
pair/b2outer3/final/activity_gnn/s6637,corrected_gnn,6637,norms.1.weight,32,32,0,0.04220957309007645,32,32,0.04220957309007645
pair/b2outer3/final/activity_gnn/s6637,corrected_gnn,6637,norms.1.bias,32,32,0,0.03927210345864296,32,32,0.03927210345864296
pair/b2outer3/final/activity_gnn/s6637,corrected_gnn,6637,message_weights.0,8192,4841,3351,0.13867144286632538,4882,4841,0.13867144286632538
pair/b2outer3/final/activity_gnn/s6637,corrected_gnn,6637,message_weights.1,8192,6688,1504,0.11693156510591507,7136,6688,0.11693156510591507
pair/b2outer3/final/activity_gnn/s6637,corrected_gnn,6637,readout.0.weight,131584,43679,87905,2.8684988021850586,78904,43679,2.8684988021850586
pair/b2outer3/final/activity_gnn/s6637,corrected_gnn,6637,readout.0.bias,64,31,33,0.0716114342212677,56,31,0.0716114342212677
pair/b2outer3/final/activity_gnn/s6637,corrected_gnn,6637,readout.3.weight,64,31,33,0.5804181694984436,56,31,0.5804181694984436
pair/b2outer3/final/activity_gnn/s6637,corrected_gnn,6637,readout.3.bias,1,1,0,0.203006774187088,1,1,0.203006774187088
pair/b2outer3/final/activity_gnn/s7753,corrected_gnn,7753,embed.weight,2976,903,2073,1.3853524923324585,907,903,1.3853524923324585
pair/b2outer3/final/activity_gnn/s7753,corrected_gnn,7753,embed.bias,32,30,2,0.665227472782135,30,30,0.665227472782135
pair/b2outer3/final/activity_gnn/s7753,corrected_gnn,7753,self_layers.0.weight,1024,784,240,0.2785176932811737,786,784,0.2785176932811737
pair/b2outer3/final/activity_gnn/s7753,corrected_gnn,7753,self_layers.0.bias,32,27,5,0.5602385401725769,27,27,0.5602385401725769
pair/b2outer3/final/activity_gnn/s7753,corrected_gnn,7753,self_layers.1.weight,1024,1024,0,0.2180592119693756,1024,1024,0.2180592119693756
pair/b2outer3/final/activity_gnn/s7753,corrected_gnn,7753,self_layers.1.bias,32,32,0,0.03963248431682587,32,32,0.03963248431682587
pair/b2outer3/final/activity_gnn/s7753,corrected_gnn,7753,norms.0.weight,32,32,0,0.057676833122968674,32,32,0.057676833122968674
pair/b2outer3/final/activity_gnn/s7753,corrected_gnn,7753,norms.0.bias,32,32,0,0.06514045596122742,32,32,0.06514045596122742
pair/b2outer3/final/activity_gnn/s7753,corrected_gnn,7753,norms.1.weight,32,32,0,0.06766348332166672,32,32,0.06766348332166672
pair/b2outer3/final/activity_gnn/s7753,corrected_gnn,7753,norms.1.bias,32,32,0,0.06408809125423431,32,32,0.06408809125423431
pair/b2outer3/final/activity_gnn/s7753,corrected_gnn,7753,message_weights.0,8192,5251,2941,0.2190360724925995,5279,5251,0.2190360724925995
pair/b2outer3/final/activity_gnn/s7753,corrected_gnn,7753,message_weights.1,8192,6944,1248,0.17646139860153198,7168,6944,0.17646139860153198
pair/b2outer3/final/activity_gnn/s7753,corrected_gnn,7753,readout.0.weight,131584,57769,73815,5.2617316246032715,80313,57769,5.2617316246032715
pair/b2outer3/final/activity_gnn/s7753,corrected_gnn,7753,readout.0.bias,64,41,23,0.140512615442276,57,41,0.140512615442276
pair/b2outer3/final/activity_gnn/s7753,corrected_gnn,7753,readout.3.weight,64,41,23,0.817920446395874,57,41,0.817920446395874
pair/b2outer3/final/activity_gnn/s7753,corrected_gnn,7753,readout.3.bias,1,1,0,0.3126547336578369,1,1,0.3126547336578369
pair/b2outer3/final/activity_gnn/s8867,corrected_gnn,8867,embed.weight,2976,1102,1874,0.7052211165428162,1108,1102,0.7052211165428162
pair/b2outer3/final/activity_gnn/s8867,corrected_gnn,8867,embed.bias,32,32,0,0.26426342129707336,32,32,0.26426342129707336
pair/b2outer3/final/activity_gnn/s8867,corrected_gnn,8867,self_layers.0.weight,1024,753,271,0.1483365148305893,757,753,0.1483365148305893
pair/b2outer3/final/activity_gnn/s8867,corrected_gnn,8867,self_layers.0.bias,32,24,8,0.17879219353199005,24,24,0.17879219353199005
pair/b2outer3/final/activity_gnn/s8867,corrected_gnn,8867,self_layers.1.weight,1024,1024,0,0.13446296751499176,1024,1024,0.13446296751499176
pair/b2outer3/final/activity_gnn/s8867,corrected_gnn,8867,self_layers.1.bias,32,32,0,0.01638707146048546,32,32,0.01638707146048546
pair/b2outer3/final/activity_gnn/s8867,corrected_gnn,8867,norms.0.weight,32,32,0,0.04379098862409592,32,32,0.04379098862409592
pair/b2outer3/final/activity_gnn/s8867,corrected_gnn,8867,norms.0.bias,32,32,0,0.02934103086590767,32,32,0.02934103086590767
pair/b2outer3/final/activity_gnn/s8867,corrected_gnn,8867,norms.1.weight,32,32,0,0.035936176776885986,32,32,0.035936176776885986
pair/b2outer3/final/activity_gnn/s8867,corrected_gnn,8867,norms.1.bias,32,32,0,0.029038431122899055,32,32,0.029038431122899055
pair/b2outer3/final/activity_gnn/s8867,corrected_gnn,8867,message_weights.0,8192,5085,3107,0.10850006341934204,5120,5085,0.10850006341934204
pair/b2outer3/final/activity_gnn/s8867,corrected_gnn,8867,message_weights.1,8192,7136,1056,0.089753158390522,7168,7136,0.089753158390522
pair/b2outer3/final/activity_gnn/s8867,corrected_gnn,8867,readout.0.weight,131584,47906,83678,2.5012028217315674,77495,47906,2.5012028217315674
pair/b2outer3/final/activity_gnn/s8867,corrected_gnn,8867,readout.0.bias,64,34,30,0.06896092742681503,55,34,0.06896092742681503
pair/b2outer3/final/activity_gnn/s8867,corrected_gnn,8867,readout.3.weight,64,34,30,0.6901997327804565,55,34,0.6901997327804565
pair/b2outer3/final/activity_gnn/s8867,corrected_gnn,8867,readout.3.bias,1,1,0,0.19500401616096497,1,1,0.19500401616096497
pair/b2outer3/final/activity_gnn/s9973,corrected_gnn,9973,embed.weight,2976,1072,1904,0.5471420884132385,1072,1072,0.5471420884132385
pair/b2outer3/final/activity_gnn/s9973,corrected_gnn,9973,embed.bias,32,32,0,0.2175506353378296,32,32,0.2175506353378296
pair/b2outer3/final/activity_gnn/s9973,corrected_gnn,9973,self_layers.0.weight,1024,787,237,0.12565511465072632,841,787,0.12565511465072632
pair/b2outer3/final/activity_gnn/s9973,corrected_gnn,9973,self_layers.0.bias,32,25,7,0.17522114515304565,28,25,0.17522114515304565
pair/b2outer3/final/activity_gnn/s9973,corrected_gnn,9973,self_layers.1.weight,1024,1024,0,0.11543992161750793,1024,1024,0.11543992161750793
pair/b2outer3/final/activity_gnn/s9973,corrected_gnn,9973,self_layers.1.bias,32,32,0,0.01992325857281685,32,32,0.01992325857281685
pair/b2outer3/final/activity_gnn/s9973,corrected_gnn,9973,norms.0.weight,32,32,0,0.028200456872582436,32,32,0.028200456872582436
pair/b2outer3/final/activity_gnn/s9973,corrected_gnn,9973,norms.0.bias,32,32,0,0.02762504294514656,32,32,0.02762504294514656
pair/b2outer3/final/activity_gnn/s9973,corrected_gnn,9973,norms.1.weight,32,32,0,0.024875475093722343,32,32,0.024875475093722343
pair/b2outer3/final/activity_gnn/s9973,corrected_gnn,9973,norms.1.bias,32,32,0,0.02224910818040371,32,32,0.02224910818040371
pair/b2outer3/final/activity_gnn/s9973,corrected_gnn,9973,message_weights.0,8192,5251,2941,0.09469388425350189,5559,5251,0.09469388425350189
pair/b2outer3/final/activity_gnn/s9973,corrected_gnn,9973,message_weights.1,8192,7104,1088,0.08359626680612564,7168,7104,0.08359626680612564
pair/b2outer3/final/activity_gnn/s9973,corrected_gnn,9973,readout.0.weight,131584,50724,80860,1.8095169067382812,84540,50724,1.8095169067382812
pair/b2outer3/final/activity_gnn/s9973,corrected_gnn,9973,readout.0.bias,64,36,28,0.04607193171977997,60,36,0.04607193171977997
pair/b2outer3/final/activity_gnn/s9973,corrected_gnn,9973,readout.3.weight,64,36,28,0.47130486369132996,60,36,0.47130486369132996
pair/b2outer3/final/activity_gnn/s9973,corrected_gnn,9973,readout.3.bias,1,1,0,0.1259952187538147,1,1,0.1259952187538147
pair/b2outer3/final/pair_gnn/s11027,corrected_gnn,11027,embed.weight,2976,953,2023,1.0171352624893188,975,953,2.295793056488037
pair/b2outer3/final/pair_gnn/s11027,corrected_gnn,11027,embed.bias,32,31,1,0.4456355571746826,31,31,0.8388636112213135
pair/b2outer3/final/pair_gnn/s11027,corrected_gnn,11027,self_layers.0.weight,1024,641,383,0.17731785774230957,642,641,0.3979932367801666
pair/b2outer3/final/pair_gnn/s11027,corrected_gnn,11027,self_layers.0.bias,32,21,11,0.3871331214904785,21,21,0.5846104025840759
pair/b2outer3/final/pair_gnn/s11027,corrected_gnn,11027,self_layers.1.weight,1024,1024,0,0.1520376354455948,1024,1024,0.4003698229789734
pair/b2outer3/final/pair_gnn/s11027,corrected_gnn,11027,self_layers.1.bias,32,32,0,0.02587387152016163,32,32,0.06880667805671692
pair/b2outer3/final/pair_gnn/s11027,corrected_gnn,11027,norms.0.weight,32,32,0,0.049458980560302734,32,32,0.10822499543428421
pair/b2outer3/final/pair_gnn/s11027,corrected_gnn,11027,norms.0.bias,32,32,0,0.04323902353644371,32,32,0.0842125415802002
pair/b2outer3/final/pair_gnn/s11027,corrected_gnn,11027,norms.1.weight,32,32,0,0.042519766837358475,32,32,0.13528841733932495
pair/b2outer3/final/pair_gnn/s11027,corrected_gnn,11027,norms.1.bias,32,32,0,0.04518907144665718,32,32,0.07117341458797455
pair/b2outer3/final/pair_gnn/s11027,corrected_gnn,11027,message_weights.0,8192,4197,3995,0.14132557809352875,4278,4197,0.2886645793914795
pair/b2outer3/final/pair_gnn/s11027,corrected_gnn,11027,message_weights.1,8192,7040,1152,0.12502840161323547,7168,7040,0.32284781336784363
pair/b2outer3/final/pair_gnn/s11027,corrected_gnn,11027,readout.0.weight,131584,46497,85087,2.7335119247436523,90176,46497,6.834603786468506
pair/b2outer3/final/pair_gnn/s11027,corrected_gnn,11027,readout.0.bias,64,33,31,0.07210703194141388,64,33,0.17536433041095734
pair/b2outer3/final/pair_gnn/s11027,corrected_gnn,11027,readout.3.weight,64,33,31,0.8843889832496643,64,33,1.104548692703247
pair/b2outer3/final/pair_gnn/s11027,corrected_gnn,11027,readout.3.bias,1,1,0,0.12233272194862366,1,1,0.12233304977416992
pair/b2outer3/final/pair_gnn/s1103,corrected_gnn,1103,embed.weight,2976,1031,1945,1.112078070640564,1035,1031,13.692758560180664
pair/b2outer3/final/pair_gnn/s1103,corrected_gnn,1103,embed.bias,32,32,0,0.5047301650047302,32,32,5.034084320068359
pair/b2outer3/final/pair_gnn/s1103,corrected_gnn,1103,self_layers.0.weight,1024,622,402,0.20793041586875916,644,622,2.1261491775512695
pair/b2outer3/final/pair_gnn/s1103,corrected_gnn,1103,self_layers.0.bias,32,20,12,0.3310938775539398,21,20,2.6666018962860107
pair/b2outer3/final/pair_gnn/s1103,corrected_gnn,1103,self_layers.1.weight,1024,1024,0,0.16231286525726318,1024,1024,1.8403054475784302
pair/b2outer3/final/pair_gnn/s1103,corrected_gnn,1103,self_layers.1.bias,32,32,0,0.025622393935918808,32,32,0.2749097943305969
pair/b2outer3/final/pair_gnn/s1103,corrected_gnn,1103,norms.0.weight,32,32,0,0.046376075595617294,32,32,0.6014801859855652
pair/b2outer3/final/pair_gnn/s1103,corrected_gnn,1103,norms.0.bias,32,32,0,0.04705445468425751,32,32,0.414628803730011
pair/b2outer3/final/pair_gnn/s1103,corrected_gnn,1103,norms.1.weight,32,32,0,0.05626995861530304,32,32,0.578928530216217
pair/b2outer3/final/pair_gnn/s1103,corrected_gnn,1103,norms.1.bias,32,32,0,0.04150424525141716,32,32,0.23886117339134216
pair/b2outer3/final/pair_gnn/s1103,corrected_gnn,1103,message_weights.0,8192,4131,4061,0.1659565269947052,4241,4131,1.5299208164215088
pair/b2outer3/final/pair_gnn/s1103,corrected_gnn,1103,message_weights.1,8192,6976,1216,0.12881244719028473,7168,6976,1.3567237854003906
pair/b2outer3/final/pair_gnn/s1103,corrected_gnn,1103,readout.0.weight,131584,45088,86496,3.3168654441833496,81722,45088,29.581205368041992
pair/b2outer3/final/pair_gnn/s1103,corrected_gnn,1103,readout.0.bias,64,32,32,0.08322665840387344,58,32,0.521418571472168
pair/b2outer3/final/pair_gnn/s1103,corrected_gnn,1103,readout.3.weight,64,32,32,0.9895230531692505,58,32,7.183640956878662
pair/b2outer3/final/pair_gnn/s1103,corrected_gnn,1103,readout.3.bias,1,1,0,0.22991789877414703,1,1,0.22991806268692017
pair/b2outer3/final/pair_gnn/s2207,corrected_gnn,2207,embed.weight,2976,996,1980,0.4726469814777374,1015,996,0.850001335144043
pair/b2outer3/final/pair_gnn/s2207,corrected_gnn,2207,embed.bias,32,31,1,0.17135894298553467,31,31,0.3399736285209656
pair/b2outer3/final/pair_gnn/s2207,corrected_gnn,2207,self_layers.0.weight,1024,699,325,0.09022492915391922,708,699,0.1727839857339859
pair/b2outer3/final/pair_gnn/s2207,corrected_gnn,2207,self_layers.0.bias,32,23,9,0.13875219225883484,23,23,0.2893122732639313
pair/b2outer3/final/pair_gnn/s2207,corrected_gnn,2207,self_layers.1.weight,1024,1024,0,0.07249948382377625,1024,1024,0.138675257563591
pair/b2outer3/final/pair_gnn/s2207,corrected_gnn,2207,self_layers.1.bias,32,32,0,0.01268878486007452,32,32,0.0218341201543808
pair/b2outer3/final/pair_gnn/s2207,corrected_gnn,2207,norms.0.weight,32,32,0,0.015129312872886658,32,32,0.0363268107175827
pair/b2outer3/final/pair_gnn/s2207,corrected_gnn,2207,norms.0.bias,32,32,0,0.01796748861670494,32,32,0.03480692580342293
pair/b2outer3/final/pair_gnn/s2207,corrected_gnn,2207,norms.1.weight,32,32,0,0.02169640362262726,32,32,0.03296393156051636
pair/b2outer3/final/pair_gnn/s2207,corrected_gnn,2207,norms.1.bias,32,32,0,0.01690513826906681,32,32,0.031688518822193146
pair/b2outer3/final/pair_gnn/s2207,corrected_gnn,2207,message_weights.0,8192,4643,3549,0.07255261391401291,4713,4643,0.14328423142433167
pair/b2outer3/final/pair_gnn/s2207,corrected_gnn,2207,message_weights.1,8192,7040,1152,0.058069318532943726,7168,7040,0.10784856230020523
pair/b2outer3/final/pair_gnn/s2207,corrected_gnn,2207,readout.0.weight,131584,47906,83678,1.381727933883667,90176,47906,2.495420217514038
pair/b2outer3/final/pair_gnn/s2207,corrected_gnn,2207,readout.0.bias,64,34,30,0.03434773534536362,64,34,0.0587027482688427
pair/b2outer3/final/pair_gnn/s2207,corrected_gnn,2207,readout.3.weight,64,34,30,0.8898001313209534,64,34,0.86013263463974
pair/b2outer3/final/pair_gnn/s2207,corrected_gnn,2207,readout.3.bias,1,1,0,0.1356884092092514,1,1,0.13568854331970215
pair/b2outer3/final/pair_gnn/s3301,corrected_gnn,3301,embed.weight,2976,995,1981,1.068712830543518,996,995,13.94258975982666
pair/b2outer3/final/pair_gnn/s3301,corrected_gnn,3301,embed.bias,32,31,1,0.46747931838035583,31,31,4.110794544219971
pair/b2outer3/final/pair_gnn/s3301,corrected_gnn,3301,self_layers.0.weight,1024,775,249,0.22339469194412231,774,775,2.588982582092285
pair/b2outer3/final/pair_gnn/s3301,corrected_gnn,3301,self_layers.0.bias,32,26,6,0.38458916544914246,26,26,3.8110127449035645
pair/b2outer3/final/pair_gnn/s3301,corrected_gnn,3301,self_layers.1.weight,1024,992,32,0.2072443962097168,1024,992,2.607340097427368
pair/b2outer3/final/pair_gnn/s3301,corrected_gnn,3301,self_layers.1.bias,32,31,1,0.03465094789862633,32,31,0.39434361457824707
pair/b2outer3/final/pair_gnn/s3301,corrected_gnn,3301,norms.0.weight,32,32,0,0.0732361227273941,32,32,0.6205719709396362
pair/b2outer3/final/pair_gnn/s3301,corrected_gnn,3301,norms.0.bias,32,32,0,0.05682278797030449,32,32,0.5191553831100464
pair/b2outer3/final/pair_gnn/s3301,corrected_gnn,3301,norms.1.weight,32,32,0,0.07136104255914688,32,32,0.7446410655975342
pair/b2outer3/final/pair_gnn/s3301,corrected_gnn,3301,norms.1.bias,32,32,0,0.05014156550168991,32,32,0.08969756215810776
pair/b2outer3/final/pair_gnn/s3301,corrected_gnn,3301,message_weights.0,8192,5028,3164,0.1827390044927597,5018,5028,1.9455492496490479
pair/b2outer3/final/pair_gnn/s3301,corrected_gnn,3301,message_weights.1,8192,6752,1440,0.1625829041004181,7168,6752,1.7938920259475708
pair/b2outer3/final/pair_gnn/s3301,corrected_gnn,3301,readout.0.weight,131584,54951,76633,3.91131329536438,83131,54951,25.987260818481445
pair/b2outer3/final/pair_gnn/s3301,corrected_gnn,3301,readout.0.bias,64,39,25,0.09692372381687164,59,39,0.19768163561820984
pair/b2outer3/final/pair_gnn/s3301,corrected_gnn,3301,readout.3.weight,64,39,25,1.0042487382888794,59,39,7.5050950050354
pair/b2outer3/final/pair_gnn/s3301,corrected_gnn,3301,readout.3.bias,1,1,0,0.21439430117607117,1,1,0.2143951654434204
pair/b2outer3/final/pair_gnn/s4409,corrected_gnn,4409,embed.weight,2976,1068,1908,0.4872376322746277,1077,1068,2.864590644836426
pair/b2outer3/final/pair_gnn/s4409,corrected_gnn,4409,embed.bias,32,32,0,0.1750241369009018,32,32,1.0813696384429932
pair/b2outer3/final/pair_gnn/s4409,corrected_gnn,4409,self_layers.0.weight,1024,793,231,0.08202559500932693,804,793,0.5390890836715698
pair/b2outer3/final/pair_gnn/s4409,corrected_gnn,4409,self_layers.0.bias,32,26,6,0.12879297137260437,26,26,0.9594514966011047
pair/b2outer3/final/pair_gnn/s4409,corrected_gnn,4409,self_layers.1.weight,1024,1024,0,0.07876468449831009,1024,1024,0.45162782073020935
pair/b2outer3/final/pair_gnn/s4409,corrected_gnn,4409,self_layers.1.bias,32,32,0,0.010544582270085812,32,32,0.07267913222312927
pair/b2outer3/final/pair_gnn/s4409,corrected_gnn,4409,norms.0.weight,32,32,0,0.023506490513682365,32,32,0.1724945306777954
pair/b2outer3/final/pair_gnn/s4409,corrected_gnn,4409,norms.0.bias,32,32,0,0.017307791858911514,32,32,0.13366709649562836
pair/b2outer3/final/pair_gnn/s4409,corrected_gnn,4409,norms.1.weight,32,32,0,0.024162789806723595,32,32,0.1916799396276474
pair/b2outer3/final/pair_gnn/s4409,corrected_gnn,4409,norms.1.bias,32,32,0,0.018412519246339798,32,32,0.07591132819652557
pair/b2outer3/final/pair_gnn/s4409,corrected_gnn,4409,message_weights.0,8192,5330,2862,0.06759554147720337,5434,5330,0.41686370968818665
pair/b2outer3/final/pair_gnn/s4409,corrected_gnn,4409,message_weights.1,8192,7104,1088,0.058843452483415604,7168,7104,0.337755411863327
pair/b2outer3/final/pair_gnn/s4409,corrected_gnn,4409,readout.0.weight,131584,47906,83678,1.348929524421692,88767,47906,6.453207015991211
pair/b2outer3/final/pair_gnn/s4409,corrected_gnn,4409,readout.0.bias,64,34,30,0.034159060567617416,63,34,0.16050653159618378
pair/b2outer3/final/pair_gnn/s4409,corrected_gnn,4409,readout.3.weight,64,34,30,0.4903421103954315,63,34,2.5174074172973633
pair/b2outer3/final/pair_gnn/s4409,corrected_gnn,4409,readout.3.bias,1,1,0,0.013412423431873322,1,1,0.013412237167358398
pair/b2outer3/final/pair_gnn/s5519,corrected_gnn,5519,embed.weight,2976,1069,1907,0.4223743677139282,1112,1069,1.1494239568710327
pair/b2outer3/final/pair_gnn/s5519,corrected_gnn,5519,embed.bias,32,32,0,0.15719832479953766,32,32,0.46391022205352783
pair/b2outer3/final/pair_gnn/s5519,corrected_gnn,5519,self_layers.0.weight,1024,700,324,0.07716278731822968,712,700,0.1624320149421692
pair/b2outer3/final/pair_gnn/s5519,corrected_gnn,5519,self_layers.0.bias,32,23,9,0.15934255719184875,23,23,0.30683985352516174
pair/b2outer3/final/pair_gnn/s5519,corrected_gnn,5519,self_layers.1.weight,1024,1024,0,0.06417115032672882,1024,1024,0.171609565615654
pair/b2outer3/final/pair_gnn/s5519,corrected_gnn,5519,self_layers.1.bias,32,32,0,0.010867665521800518,32,32,0.029478270560503006
pair/b2outer3/final/pair_gnn/s5519,corrected_gnn,5519,norms.0.weight,32,32,0,0.01698475331068039,32,32,0.04634621739387512
pair/b2outer3/final/pair_gnn/s5519,corrected_gnn,5519,norms.0.bias,32,32,0,0.01847868412733078,32,32,0.037239816039800644
pair/b2outer3/final/pair_gnn/s5519,corrected_gnn,5519,norms.1.weight,32,32,0,0.01863064244389534,32,32,0.046044640243053436
pair/b2outer3/final/pair_gnn/s5519,corrected_gnn,5519,norms.1.bias,32,32,0,0.01623285375535488,32,32,0.03529111668467522
pair/b2outer3/final/pair_gnn/s5519,corrected_gnn,5519,message_weights.0,8192,4709,3483,0.05813215672969818,4902,4709,0.136018767952919
pair/b2outer3/final/pair_gnn/s5519,corrected_gnn,5519,message_weights.1,8192,7104,1088,0.048235803842544556,7168,7104,0.1327468901872635
pair/b2outer3/final/pair_gnn/s5519,corrected_gnn,5519,readout.0.weight,131584,36634,94950,0.8252900242805481,88767,36634,2.6240551471710205
pair/b2outer3/final/pair_gnn/s5519,corrected_gnn,5519,readout.0.bias,64,26,38,0.02198638767004013,63,26,0.06433428823947906
pair/b2outer3/final/pair_gnn/s5519,corrected_gnn,5519,readout.3.weight,64,26,38,0.5897546410560608,63,26,0.9470821022987366
pair/b2outer3/final/pair_gnn/s5519,corrected_gnn,5519,readout.3.bias,1,1,0,0.08742731809616089,1,1,0.08742725849151611
pair/b2outer3/final/pair_gnn/s6637,corrected_gnn,6637,embed.weight,2976,938,2038,0.7742165923118591,963,938,2.121948003768921
pair/b2outer3/final/pair_gnn/s6637,corrected_gnn,6637,embed.bias,32,30,2,0.3351355195045471,30,30,0.8360012173652649
pair/b2outer3/final/pair_gnn/s6637,corrected_gnn,6637,self_layers.0.weight,1024,718,306,0.1512163281440735,761,718,0.42444494366645813
pair/b2outer3/final/pair_gnn/s6637,corrected_gnn,6637,self_layers.0.bias,32,24,8,0.25533637404441833,26,24,0.6634897589683533
pair/b2outer3/final/pair_gnn/s6637,corrected_gnn,6637,self_layers.1.weight,1024,1024,0,0.14344680309295654,1024,1024,0.3777272701263428
pair/b2outer3/final/pair_gnn/s6637,corrected_gnn,6637,self_layers.1.bias,32,32,0,0.026578765362501144,32,32,0.063473179936409
pair/b2outer3/final/pair_gnn/s6637,corrected_gnn,6637,norms.0.weight,32,32,0,0.02496718242764473,32,32,0.10131891816854477
pair/b2outer3/final/pair_gnn/s6637,corrected_gnn,6637,norms.0.bias,32,32,0,0.03973717242479324,32,32,0.11389075964689255
pair/b2outer3/final/pair_gnn/s6637,corrected_gnn,6637,norms.1.weight,32,32,0,0.023849135264754295,32,32,0.09449212998151779
pair/b2outer3/final/pair_gnn/s6637,corrected_gnn,6637,norms.1.bias,32,32,0,0.03542216494679451,32,32,0.09449906647205353
pair/b2outer3/final/pair_gnn/s6637,corrected_gnn,6637,message_weights.0,8192,4795,3397,0.12055371701717377,5013,4795,0.3285346031188965
pair/b2outer3/final/pair_gnn/s6637,corrected_gnn,6637,message_weights.1,8192,6976,1216,0.10878245532512665,7168,6976,0.2902332544326782
pair/b2outer3/final/pair_gnn/s6637,corrected_gnn,6637,readout.0.weight,131584,43679,87905,1.8871275186538696,87358,43679,5.409360408782959
pair/b2outer3/final/pair_gnn/s6637,corrected_gnn,6637,readout.0.bias,64,31,33,0.04956457391381264,62,31,0.1403198540210724
pair/b2outer3/final/pair_gnn/s6637,corrected_gnn,6637,readout.3.weight,64,31,33,0.735019862651825,62,31,1.4186574220657349
pair/b2outer3/final/pair_gnn/s6637,corrected_gnn,6637,readout.3.bias,1,1,0,0.09415922313928604,1,1,0.09415948390960693
pair/b2outer3/final/pair_gnn/s7753,corrected_gnn,7753,embed.weight,2976,902,2074,0.29618051648139954,943,902,1.684347152709961
pair/b2outer3/final/pair_gnn/s7753,corrected_gnn,7753,embed.bias,32,28,4,0.12049312889575958,30,28,0.7361947298049927
pair/b2outer3/final/pair_gnn/s7753,corrected_gnn,7753,self_layers.0.weight,1024,750,274,0.05608626827597618,801,750,0.3305410146713257
pair/b2outer3/final/pair_gnn/s7753,corrected_gnn,7753,self_layers.0.bias,32,27,5,0.11397908627986908,27,27,0.8445950150489807
pair/b2outer3/final/pair_gnn/s7753,corrected_gnn,7753,self_layers.1.weight,1024,1024,0,0.036515332758426666,1024,1024,0.22354631125926971
pair/b2outer3/final/pair_gnn/s7753,corrected_gnn,7753,self_layers.1.bias,32,32,0,0.0055259536020457745,32,32,0.04137619584798813
pair/b2outer3/final/pair_gnn/s7753,corrected_gnn,7753,norms.0.weight,32,32,0,0.013312796130776405,32,32,0.06718318164348602
pair/b2outer3/final/pair_gnn/s7753,corrected_gnn,7753,norms.0.bias,32,32,0,0.009543200023472309,32,32,0.07491806149482727
pair/b2outer3/final/pair_gnn/s7753,corrected_gnn,7753,norms.1.weight,32,32,0,0.016566013917326927,32,32,0.08828660845756531
pair/b2outer3/final/pair_gnn/s7753,corrected_gnn,7753,norms.1.bias,32,32,0,0.00868912786245346,32,32,0.04888349771499634
pair/b2outer3/final/pair_gnn/s7753,corrected_gnn,7753,message_weights.0,8192,5089,3103,0.04395538568496704,5422,5089,0.26035138964653015
pair/b2outer3/final/pair_gnn/s7753,corrected_gnn,7753,message_weights.1,8192,7104,1088,0.02917375974357128,7168,7104,0.1704815924167633
pair/b2outer3/final/pair_gnn/s7753,corrected_gnn,7753,readout.0.weight,131584,30998,100586,0.7456565499305725,85949,30998,3.4636447429656982
pair/b2outer3/final/pair_gnn/s7753,corrected_gnn,7753,readout.0.bias,64,22,42,0.01970195770263672,61,22,0.08504468202590942
pair/b2outer3/final/pair_gnn/s7753,corrected_gnn,7753,readout.3.weight,64,22,42,0.6445475816726685,61,22,1.301731824874878
pair/b2outer3/final/pair_gnn/s7753,corrected_gnn,7753,readout.3.bias,1,1,0,0.11159812659025192,1,1,0.11159777641296387
pair/b2outer3/final/pair_gnn/s8867,corrected_gnn,8867,embed.weight,2976,1117,1859,0.2843959629535675,1142,1117,1.0263619422912598
pair/b2outer3/final/pair_gnn/s8867,corrected_gnn,8867,embed.bias,32,32,0,0.13852670788764954,32,32,0.4594860076904297
pair/b2outer3/final/pair_gnn/s8867,corrected_gnn,8867,self_layers.0.weight,1024,750,274,0.06398133933544159,761,750,0.2647748589515686
pair/b2outer3/final/pair_gnn/s8867,corrected_gnn,8867,self_layers.0.bias,32,24,8,0.09222595393657684,24,24,0.40360766649246216
pair/b2outer3/final/pair_gnn/s8867,corrected_gnn,8867,self_layers.1.weight,1024,1024,0,0.04982371628284454,1024,1024,0.19429942965507507
pair/b2outer3/final/pair_gnn/s8867,corrected_gnn,8867,self_layers.1.bias,32,32,0,0.009227816946804523,32,32,0.03490109369158745
pair/b2outer3/final/pair_gnn/s8867,corrected_gnn,8867,norms.0.weight,32,32,0,0.015364968217909336,32,32,0.034585218876600266
pair/b2outer3/final/pair_gnn/s8867,corrected_gnn,8867,norms.0.bias,32,32,0,0.013051859103143215,32,32,0.05419806018471718
pair/b2outer3/final/pair_gnn/s8867,corrected_gnn,8867,norms.1.weight,32,32,0,0.016540639102458954,32,32,0.05062012001872063
pair/b2outer3/final/pair_gnn/s8867,corrected_gnn,8867,norms.1.bias,32,32,0,0.009035851806402206,32,32,0.03565625101327896
pair/b2outer3/final/pair_gnn/s8867,corrected_gnn,8867,message_weights.0,8192,5056,3136,0.05033614858984947,5190,5056,0.2032238394021988
pair/b2outer3/final/pair_gnn/s8867,corrected_gnn,8867,message_weights.1,8192,7168,1024,0.036475252360105515,7168,7168,0.13794100284576416
pair/b2outer3/final/pair_gnn/s8867,corrected_gnn,8867,readout.0.weight,131584,39452,92132,0.7291349172592163,88767,39452,2.5875701904296875
pair/b2outer3/final/pair_gnn/s8867,corrected_gnn,8867,readout.0.bias,64,28,36,0.01847146451473236,63,28,0.0644957646727562
pair/b2outer3/final/pair_gnn/s8867,corrected_gnn,8867,readout.3.weight,64,28,36,0.5754475593566895,63,28,0.8787314295768738
pair/b2outer3/final/pair_gnn/s8867,corrected_gnn,8867,readout.3.bias,1,1,0,0.12848897278308868,1,1,0.12848937511444092
pair/b2outer3/final/pair_gnn/s9973,corrected_gnn,9973,embed.weight,2976,1076,1900,0.7133263349533081,1094,1076,1.6288197040557861
pair/b2outer3/final/pair_gnn/s9973,corrected_gnn,9973,embed.bias,32,32,0,0.32097765803337097,32,32,0.699273943901062
pair/b2outer3/final/pair_gnn/s9973,corrected_gnn,9973,self_layers.0.weight,1024,757,267,0.17842935025691986,852,757,0.3335643410682678
pair/b2outer3/final/pair_gnn/s9973,corrected_gnn,9973,self_layers.0.bias,32,24,8,0.31099098920822144,28,24,0.5051183700561523
pair/b2outer3/final/pair_gnn/s9973,corrected_gnn,9973,self_layers.1.weight,1024,1024,0,0.1139645203948021,1024,1024,0.28645220398902893
pair/b2outer3/final/pair_gnn/s9973,corrected_gnn,9973,self_layers.1.bias,32,32,0,0.020985107868909836,32,32,0.051030233502388
pair/b2outer3/final/pair_gnn/s9973,corrected_gnn,9973,norms.0.weight,32,32,0,0.026040485128760338,32,32,0.07087010890245438
pair/b2outer3/final/pair_gnn/s9973,corrected_gnn,9973,norms.0.bias,32,32,0,0.03417157009243965,32,32,0.07349365949630737
pair/b2outer3/final/pair_gnn/s9973,corrected_gnn,9973,norms.1.weight,32,32,0,0.02598954364657402,32,32,0.06750192493200302
pair/b2outer3/final/pair_gnn/s9973,corrected_gnn,9973,norms.1.bias,32,32,0,0.03411725163459778,32,32,0.058456748723983765
pair/b2outer3/final/pair_gnn/s9973,corrected_gnn,9973,message_weights.0,8192,5059,3133,0.14432227611541748,5644,5059,0.2682642936706543
pair/b2outer3/final/pair_gnn/s9973,corrected_gnn,9973,message_weights.1,8192,7168,1024,0.08843142539262772,7168,7168,0.21401852369308472
pair/b2outer3/final/pair_gnn/s9973,corrected_gnn,9973,readout.0.weight,131584,50724,80860,1.7941762208938599,85949,50724,4.059515476226807
pair/b2outer3/final/pair_gnn/s9973,corrected_gnn,9973,readout.0.bias,64,36,28,0.05052395910024643,61,36,0.10331621766090393
pair/b2outer3/final/pair_gnn/s9973,corrected_gnn,9973,readout.3.weight,64,36,28,1.5553098917007446,61,36,1.6018553972244263
pair/b2outer3/final/pair_gnn/s9973,corrected_gnn,9973,readout.3.bias,1,1,0,0.2656979560852051,1,1,0.2656978368759155
pair/b2outer3/final/pair_no_message/s11027,corrected_no_message,11027,embed.weight,2976,950,2026,0.430980384349823,2976,950,4.534099578857422
pair/b2outer3/final/pair_no_message/s11027,corrected_no_message,11027,embed.bias,32,31,1,0.19897086918354034,32,31,1.876340627670288
pair/b2outer3/final/pair_no_message/s11027,corrected_no_message,11027,self_layers.0.weight,1024,635,389,0.0656454786658287,1024,635,0.6923094987869263
pair/b2outer3/final/pair_no_message/s11027,corrected_no_message,11027,self_layers.0.bias,32,21,11,0.13231001794338226,32,21,1.1838047504425049
pair/b2outer3/final/pair_no_message/s11027,corrected_no_message,11027,self_layers.1.weight,1024,1024,0,0.05607113614678383,1024,1024,0.6792382001876831
pair/b2outer3/final/pair_no_message/s11027,corrected_no_message,11027,self_layers.1.bias,32,32,0,0.008964166045188904,32,32,0.13285772502422333
pair/b2outer3/final/pair_no_message/s11027,corrected_no_message,11027,norms.0.weight,32,32,0,0.0157846100628376,32,32,0.1787203848361969
pair/b2outer3/final/pair_no_message/s11027,corrected_no_message,11027,norms.0.bias,32,32,0,0.014566931873559952,32,32,0.21433785557746887
pair/b2outer3/final/pair_no_message/s11027,corrected_no_message,11027,norms.1.weight,32,32,0,0.015784839168190956,32,32,0.3093967139720917
pair/b2outer3/final/pair_no_message/s11027,corrected_no_message,11027,norms.1.bias,32,32,0,0.015215170569717884,32,32,0.1259148269891739
pair/b2outer3/final/pair_no_message/s11027,corrected_no_message,11027,message_weights.0,8192,4177,4015,0.0513148307800293,8192,4177,0.5234231352806091
pair/b2outer3/final/pair_no_message/s11027,corrected_no_message,11027,message_weights.1,8192,7072,1120,0.04383750259876251,8192,7072,0.509967565536499
pair/b2outer3/final/pair_no_message/s11027,corrected_no_message,11027,readout.0.weight,131584,39452,92132,0.8943324685096741,131584,39452,7.565804958343506
pair/b2outer3/final/pair_no_message/s11027,corrected_no_message,11027,readout.0.bias,64,28,36,0.022074643522500992,64,28,0.18041172623634338
pair/b2outer3/final/pair_no_message/s11027,corrected_no_message,11027,readout.3.weight,64,28,36,0.3587673008441925,64,28,3.6227309703826904
pair/b2outer3/final/pair_no_message/s11027,corrected_no_message,11027,readout.3.bias,1,1,0,0.055509477853775024,1,1,0.055509328842163086
pair/b2outer3/final/pair_no_message/s1103,corrected_no_message,1103,embed.weight,2976,1056,1920,0.34241390228271484,2976,1056,1.2792785167694092
pair/b2outer3/final/pair_no_message/s1103,corrected_no_message,1103,embed.bias,32,32,0,0.16613338887691498,32,32,0.557024359703064
pair/b2outer3/final/pair_no_message/s1103,corrected_no_message,1103,self_layers.0.weight,1024,573,451,0.04988245293498039,1024,573,0.23896805942058563
pair/b2outer3/final/pair_no_message/s1103,corrected_no_message,1103,self_layers.0.bias,32,19,13,0.07425663620233536,32,19,0.42505207657814026
pair/b2outer3/final/pair_no_message/s1103,corrected_no_message,1103,self_layers.1.weight,1024,1024,0,0.054226309061050415,1024,1024,0.18853893876075745
pair/b2outer3/final/pair_no_message/s1103,corrected_no_message,1103,self_layers.1.bias,32,32,0,0.010832845233380795,32,32,0.03119664452970028
pair/b2outer3/final/pair_no_message/s1103,corrected_no_message,1103,norms.0.weight,32,32,0,0.011096003465354443,32,32,0.05271858349442482
pair/b2outer3/final/pair_no_message/s1103,corrected_no_message,1103,norms.0.bias,32,32,0,0.014866841956973076,32,32,0.04570974037051201
pair/b2outer3/final/pair_no_message/s1103,corrected_no_message,1103,norms.1.weight,32,32,0,0.016804011538624763,32,32,0.05943082273006439
pair/b2outer3/final/pair_no_message/s1103,corrected_no_message,1103,norms.1.bias,32,32,0,0.011204077862203121,32,32,0.04154200851917267
pair/b2outer3/final/pair_no_message/s1103,corrected_no_message,1103,message_weights.0,8192,3724,4468,0.03884342685341835,8192,3724,0.1836216002702713
pair/b2outer3/final/pair_no_message/s1103,corrected_no_message,1103,message_weights.1,8192,7104,1088,0.041753970086574554,8192,7104,0.14386142790317535
pair/b2outer3/final/pair_no_message/s1103,corrected_no_message,1103,readout.0.weight,131584,33816,97768,0.8617146015167236,131584,33816,3.12180233001709
pair/b2outer3/final/pair_no_message/s1103,corrected_no_message,1103,readout.0.bias,64,24,40,0.022978590801358223,64,24,0.08131533861160278
pair/b2outer3/final/pair_no_message/s1103,corrected_no_message,1103,readout.3.weight,64,24,40,0.42566296458244324,64,24,1.023219347000122
pair/b2outer3/final/pair_no_message/s1103,corrected_no_message,1103,readout.3.bias,1,1,0,0.12070231139659882,1,1,0.12070232629776001
pair/b2outer3/final/pair_no_message/s2207,corrected_no_message,2207,embed.weight,2976,993,1983,0.563750147819519,2976,993,1.4826732873916626
pair/b2outer3/final/pair_no_message/s2207,corrected_no_message,2207,embed.bias,32,31,1,0.2345421314239502,32,31,0.5433593988418579
pair/b2outer3/final/pair_no_message/s2207,corrected_no_message,2207,self_layers.0.weight,1024,704,320,0.11043465882539749,1024,704,0.3358268141746521
pair/b2outer3/final/pair_no_message/s2207,corrected_no_message,2207,self_layers.0.bias,32,23,9,0.1936812400817871,32,23,0.4866989552974701
pair/b2outer3/final/pair_no_message/s2207,corrected_no_message,2207,self_layers.1.weight,1024,1024,0,0.0865631029009819,1024,1024,0.27288344502449036
pair/b2outer3/final/pair_no_message/s2207,corrected_no_message,2207,self_layers.1.bias,32,32,0,0.015458165667951107,32,32,0.04552031308412552
pair/b2outer3/final/pair_no_message/s2207,corrected_no_message,2207,norms.0.weight,32,32,0,0.015498597174882889,32,32,0.06286706030368805
pair/b2outer3/final/pair_no_message/s2207,corrected_no_message,2207,norms.0.bias,32,32,0,0.024324294179677963,32,32,0.059107523411512375
pair/b2outer3/final/pair_no_message/s2207,corrected_no_message,2207,norms.1.weight,32,32,0,0.016298336908221245,32,32,0.06810416281223297
pair/b2outer3/final/pair_no_message/s2207,corrected_no_message,2207,norms.1.bias,32,32,0,0.02985946275293827,32,32,0.05196818336844444
pair/b2outer3/final/pair_no_message/s2207,corrected_no_message,2207,message_weights.0,8192,4586,3606,0.08613714575767517,8192,4586,0.25528016686439514
pair/b2outer3/final/pair_no_message/s2207,corrected_no_message,2207,message_weights.1,8192,7072,1120,0.06691912561655045,8192,7072,0.2053992748260498
pair/b2outer3/final/pair_no_message/s2207,corrected_no_message,2207,readout.0.weight,131584,39452,92132,1.595832109451294,131584,39451,4.721768856048584
pair/b2outer3/final/pair_no_message/s2207,corrected_no_message,2207,readout.0.bias,64,28,36,0.0434936061501503,64,28,0.11681657284498215
pair/b2outer3/final/pair_no_message/s2207,corrected_no_message,2207,readout.3.weight,64,28,36,2.0951406955718994,64,28,2.281557321548462
pair/b2outer3/final/pair_no_message/s2207,corrected_no_message,2207,readout.3.bias,1,1,0,0.31113022565841675,1,1,0.311130166053772
pair/b2outer3/final/pair_no_message/s3301,corrected_no_message,3301,embed.weight,2976,991,1985,1.1710156202316284,2976,991,15.23229694366455
pair/b2outer3/final/pair_no_message/s3301,corrected_no_message,3301,embed.bias,32,31,1,0.5307345986366272,32,31,4.979963779449463
pair/b2outer3/final/pair_no_message/s3301,corrected_no_message,3301,self_layers.0.weight,1024,801,223,0.2522183954715729,1024,801,2.6776785850524902
pair/b2outer3/final/pair_no_message/s3301,corrected_no_message,3301,self_layers.0.bias,32,27,5,0.4530773460865021,32,27,4.025465488433838
pair/b2outer3/final/pair_no_message/s3301,corrected_no_message,3301,self_layers.1.weight,1024,1024,0,0.25812265276908875,1024,1024,2.925842761993408
pair/b2outer3/final/pair_no_message/s3301,corrected_no_message,3301,self_layers.1.bias,32,32,0,0.04619095101952553,32,32,0.43568211793899536
pair/b2outer3/final/pair_no_message/s3301,corrected_no_message,3301,norms.0.weight,32,32,0,0.0749242752790451,32,32,0.829939067363739
pair/b2outer3/final/pair_no_message/s3301,corrected_no_message,3301,norms.0.bias,32,32,0,0.0736018717288971,32,32,0.6119550466537476
pair/b2outer3/final/pair_no_message/s3301,corrected_no_message,3301,norms.1.weight,32,32,0,0.06332401186227798,32,32,0.8207381367683411
pair/b2outer3/final/pair_no_message/s3301,corrected_no_message,3301,norms.1.bias,32,32,0,0.06446605920791626,32,32,0.21310484409332275
pair/b2outer3/final/pair_no_message/s3301,corrected_no_message,3301,message_weights.0,8192,5158,3034,0.19526547193527222,8192,5158,1.9932416677474976
pair/b2outer3/final/pair_no_message/s3301,corrected_no_message,3301,message_weights.1,8192,6880,1312,0.2009444683790207,8192,6880,2.1931612491607666
pair/b2outer3/final/pair_no_message/s3301,corrected_no_message,3301,readout.0.weight,131584,49315,82269,4.500914573669434,131584,49315,30.91094398498535
pair/b2outer3/final/pair_no_message/s3301,corrected_no_message,3301,readout.0.bias,64,35,29,0.11602562665939331,64,35,0.5313725471496582
pair/b2outer3/final/pair_no_message/s3301,corrected_no_message,3301,readout.3.weight,64,35,29,1.3223077058792114,64,35,7.9547576904296875
pair/b2outer3/final/pair_no_message/s3301,corrected_no_message,3301,readout.3.bias,1,1,0,0.26866236329078674,1,1,0.2686614990234375
pair/b2outer3/final/pair_no_message/s4409,corrected_no_message,4409,embed.weight,2976,1078,1898,0.46831515431404114,2976,1078,2.807260513305664
pair/b2outer3/final/pair_no_message/s4409,corrected_no_message,4409,embed.bias,32,32,0,0.21132837235927582,32,32,0.9592944383621216
pair/b2outer3/final/pair_no_message/s4409,corrected_no_message,4409,self_layers.0.weight,1024,750,274,0.1027967631816864,1024,750,0.5873537659645081
pair/b2outer3/final/pair_no_message/s4409,corrected_no_message,4409,self_layers.0.bias,32,24,8,0.19691970944404602,32,24,1.0629851818084717
pair/b2outer3/final/pair_no_message/s4409,corrected_no_message,4409,self_layers.1.weight,1024,1024,0,0.07917997986078262,1024,1024,0.4095448851585388
pair/b2outer3/final/pair_no_message/s4409,corrected_no_message,4409,self_layers.1.bias,32,32,0,0.01505475863814354,32,32,0.06352924555540085
pair/b2outer3/final/pair_no_message/s4409,corrected_no_message,4409,norms.0.weight,32,32,0,0.023156367242336273,32,32,0.14701417088508606
pair/b2outer3/final/pair_no_message/s4409,corrected_no_message,4409,norms.0.bias,32,32,0,0.023037172853946686,32,32,0.12664304673671722
pair/b2outer3/final/pair_no_message/s4409,corrected_no_message,4409,norms.1.weight,32,32,0,0.024047473445534706,32,32,0.1910845786333084
pair/b2outer3/final/pair_no_message/s4409,corrected_no_message,4409,norms.1.bias,32,32,0,0.0214318186044693,32,32,0.10589215904474258
pair/b2outer3/final/pair_no_message/s4409,corrected_no_message,4409,message_weights.0,8192,4864,3328,0.07943573594093323,8192,4864,0.4541172385215759
pair/b2outer3/final/pair_no_message/s4409,corrected_no_message,4409,message_weights.1,8192,7136,1056,0.06097126379609108,8192,7136,0.31434524059295654
pair/b2outer3/final/pair_no_message/s4409,corrected_no_message,4409,readout.0.weight,131584,50724,80860,1.4779064655303955,131584,50724,6.872253894805908
pair/b2outer3/final/pair_no_message/s4409,corrected_no_message,4409,readout.0.bias,64,36,28,0.04230649024248123,64,36,0.17272299528121948
pair/b2outer3/final/pair_no_message/s4409,corrected_no_message,4409,readout.3.weight,64,36,28,0.6526762247085571,64,36,2.374025583267212
pair/b2outer3/final/pair_no_message/s4409,corrected_no_message,4409,readout.3.bias,1,1,0,0.17303743958473206,1,1,0.17303705215454102
pair/b2outer3/final/pair_no_message/s5519,corrected_no_message,5519,embed.weight,2976,1069,1907,0.42201122641563416,2976,1069,3.8700788021087646
pair/b2outer3/final/pair_no_message/s5519,corrected_no_message,5519,embed.bias,32,32,0,0.16300280392169952,32,32,1.678453803062439
pair/b2outer3/final/pair_no_message/s5519,corrected_no_message,5519,self_layers.0.weight,1024,687,337,0.08131874352693558,1024,687,0.653541088104248
pair/b2outer3/final/pair_no_message/s5519,corrected_no_message,5519,self_layers.0.bias,32,22,10,0.1715252846479416,32,22,1.3950622081756592
pair/b2outer3/final/pair_no_message/s5519,corrected_no_message,5519,self_layers.1.weight,1024,1024,0,0.07824795693159103,1024,1024,0.5896231532096863
pair/b2outer3/final/pair_no_message/s5519,corrected_no_message,5519,self_layers.1.bias,32,32,0,0.015176522545516491,32,32,0.09475627541542053
pair/b2outer3/final/pair_no_message/s5519,corrected_no_message,5519,norms.0.weight,32,32,0,0.019762063398957253,32,32,0.19243928790092468
pair/b2outer3/final/pair_no_message/s5519,corrected_no_message,5519,norms.0.bias,32,32,0,0.022203871980309486,32,32,0.1743910312652588
pair/b2outer3/final/pair_no_message/s5519,corrected_no_message,5519,norms.1.weight,32,32,0,0.01936395838856697,32,32,0.30904948711395264
pair/b2outer3/final/pair_no_message/s5519,corrected_no_message,5519,norms.1.bias,32,32,0,0.019034912809729576,32,32,0.10641559213399887
pair/b2outer3/final/pair_no_message/s5519,corrected_no_message,5519,message_weights.0,8192,4573,3619,0.06261960417032242,8192,4573,0.4975709915161133
pair/b2outer3/final/pair_no_message/s5519,corrected_no_message,5519,message_weights.1,8192,7072,1120,0.0598631352186203,8192,7072,0.4449803829193115
pair/b2outer3/final/pair_no_message/s5519,corrected_no_message,5519,readout.0.weight,131584,36634,94950,1.0432400703430176,131584,36634,7.1879048347473145
pair/b2outer3/final/pair_no_message/s5519,corrected_no_message,5519,readout.0.bias,64,26,38,0.028630107641220093,64,26,0.1851648986339569
pair/b2outer3/final/pair_no_message/s5519,corrected_no_message,5519,readout.3.weight,64,26,38,0.632597029209137,64,26,4.032944202423096
pair/b2outer3/final/pair_no_message/s5519,corrected_no_message,5519,readout.3.bias,1,1,0,0.09087365120649338,1,1,0.09087324142456055
pair/b2outer3/final/pair_no_message/s6637,corrected_no_message,6637,embed.weight,2976,937,2039,0.49636030197143555,2976,937,1.9227486848831177
pair/b2outer3/final/pair_no_message/s6637,corrected_no_message,6637,embed.bias,32,30,2,0.22468429803848267,32,30,0.8269269466400146
pair/b2outer3/final/pair_no_message/s6637,corrected_no_message,6637,self_layers.0.weight,1024,718,306,0.09409251064062119,1024,718,0.40527647733688354
pair/b2outer3/final/pair_no_message/s6637,corrected_no_message,6637,self_layers.0.bias,32,25,7,0.17259424924850464,32,25,0.7683078646659851
pair/b2outer3/final/pair_no_message/s6637,corrected_no_message,6637,self_layers.1.weight,1024,1024,0,0.08820684999227524,1024,1024,0.3510402739048004
pair/b2outer3/final/pair_no_message/s6637,corrected_no_message,6637,self_layers.1.bias,32,32,0,0.017657199874520302,32,32,0.0688210055232048
pair/b2outer3/final/pair_no_message/s6637,corrected_no_message,6637,norms.0.weight,32,32,0,0.01774095557630062,32,32,0.08722887188196182
pair/b2outer3/final/pair_no_message/s6637,corrected_no_message,6637,norms.0.bias,32,32,0,0.021967489272356033,32,32,0.09982682019472122
pair/b2outer3/final/pair_no_message/s6637,corrected_no_message,6637,norms.1.weight,32,32,0,0.022038672119379044,32,32,0.09176074713468552
pair/b2outer3/final/pair_no_message/s6637,corrected_no_message,6637,norms.1.bias,32,32,0,0.023561017587780952,32,32,0.07025345414876938
pair/b2outer3/final/pair_no_message/s6637,corrected_no_message,6637,message_weights.0,8192,4713,3479,0.07257689535617828,8192,4713,0.30232903361320496
pair/b2outer3/final/pair_no_message/s6637,corrected_no_message,6637,message_weights.1,8192,6944,1248,0.06774608790874481,8192,6944,0.26708656549453735
pair/b2outer3/final/pair_no_message/s6637,corrected_no_message,6637,readout.0.weight,131584,42270,89314,1.4824512004852295,131584,42270,5.059742450714111
pair/b2outer3/final/pair_no_message/s6637,corrected_no_message,6637,readout.0.bias,64,30,34,0.04211742430925369,64,30,0.13040582835674286
pair/b2outer3/final/pair_no_message/s6637,corrected_no_message,6637,readout.3.weight,64,30,34,0.6519371867179871,64,30,1.4053175449371338
pair/b2outer3/final/pair_no_message/s6637,corrected_no_message,6637,readout.3.bias,1,1,0,0.1697218120098114,1,1,0.1697220802307129
pair/b2outer3/final/pair_no_message/s7753,corrected_no_message,7753,embed.weight,2976,910,2066,0.2939099967479706,2976,910,2.758714437484741
pair/b2outer3/final/pair_no_message/s7753,corrected_no_message,7753,embed.bias,32,30,2,0.11297252029180527,32,30,1.1757534742355347
pair/b2outer3/final/pair_no_message/s7753,corrected_no_message,7753,self_layers.0.weight,1024,764,260,0.05754845216870308,1024,764,0.5861793160438538
pair/b2outer3/final/pair_no_message/s7753,corrected_no_message,7753,self_layers.0.bias,32,26,6,0.10800102353096008,32,26,1.4200797080993652
pair/b2outer3/final/pair_no_message/s7753,corrected_no_message,7753,self_layers.1.weight,1024,1024,0,0.042597606778144836,1024,1024,0.3724910616874695
pair/b2outer3/final/pair_no_message/s7753,corrected_no_message,7753,self_layers.1.bias,32,32,0,0.006956909317523241,32,32,0.06034446880221367
pair/b2outer3/final/pair_no_message/s7753,corrected_no_message,7753,norms.0.weight,32,32,0,0.013233793899416924,32,32,0.1207418143749237
pair/b2outer3/final/pair_no_message/s7753,corrected_no_message,7753,norms.0.bias,32,32,0,0.011169979348778725,32,32,0.13739286363124847
pair/b2outer3/final/pair_no_message/s7753,corrected_no_message,7753,norms.1.weight,32,32,0,0.01532473973929882,32,32,0.15722410380840302
pair/b2outer3/final/pair_no_message/s7753,corrected_no_message,7753,norms.1.bias,32,32,0,0.010470963083207607,32,32,0.0918232724070549
pair/b2outer3/final/pair_no_message/s7753,corrected_no_message,7753,message_weights.0,8192,5131,3061,0.04338868707418442,8192,5131,0.4463462829589844
pair/b2outer3/final/pair_no_message/s7753,corrected_no_message,7753,message_weights.1,8192,7072,1120,0.03276288881897926,8192,7072,0.28212565183639526
pair/b2outer3/final/pair_no_message/s7753,corrected_no_message,7753,readout.0.weight,131584,36634,94950,0.7890116572380066,131584,36634,5.750977993011475
pair/b2outer3/final/pair_no_message/s7753,corrected_no_message,7753,readout.0.bias,64,26,38,0.020220009610056877,64,26,0.1408505141735077
pair/b2outer3/final/pair_no_message/s7753,corrected_no_message,7753,readout.3.weight,64,26,38,0.5610588788986206,64,26,2.1053647994995117
pair/b2outer3/final/pair_no_message/s7753,corrected_no_message,7753,readout.3.bias,1,1,0,0.09957854449748993,1,1,0.09957849979400635
pair/b2outer3/final/pair_no_message/s8867,corrected_no_message,8867,embed.weight,2976,1112,1864,0.41838231682777405,2976,1112,1.8155637979507446
pair/b2outer3/final/pair_no_message/s8867,corrected_no_message,8867,embed.bias,32,32,0,0.19653774797916412,32,32,0.6968093514442444
pair/b2outer3/final/pair_no_message/s8867,corrected_no_message,8867,self_layers.0.weight,1024,731,293,0.09696579724550247,1024,731,0.47048065066337585
pair/b2outer3/final/pair_no_message/s8867,corrected_no_message,8867,self_layers.0.bias,32,23,9,0.11809368431568146,32,23,0.6485060453414917
pair/b2outer3/final/pair_no_message/s8867,corrected_no_message,8867,self_layers.1.weight,1024,1024,0,0.08025896549224854,1024,1024,0.3674416244029999
pair/b2outer3/final/pair_no_message/s8867,corrected_no_message,8867,self_layers.1.bias,32,32,0,0.014213872142136097,32,32,0.05669287592172623
pair/b2outer3/final/pair_no_message/s8867,corrected_no_message,8867,norms.0.weight,32,32,0,0.0255878958851099,32,32,0.08974932134151459
pair/b2outer3/final/pair_no_message/s8867,corrected_no_message,8867,norms.0.bias,32,32,0,0.021493487060070038,32,32,0.09231597185134888
pair/b2outer3/final/pair_no_message/s8867,corrected_no_message,8867,norms.1.weight,32,32,0,0.026338936761021614,32,32,0.11784975230693817
pair/b2outer3/final/pair_no_message/s8867,corrected_no_message,8867,norms.1.bias,32,32,0,0.01911425217986107,32,32,0.06683215498924255
pair/b2outer3/final/pair_no_message/s8867,corrected_no_message,8867,message_weights.0,8192,4971,3221,0.07609044015407562,8192,4971,0.35607340931892395
pair/b2outer3/final/pair_no_message/s8867,corrected_no_message,8867,message_weights.1,8192,7168,1024,0.06304754316806793,8192,7168,0.28564557433128357
pair/b2outer3/final/pair_no_message/s8867,corrected_no_message,8867,readout.0.weight,131584,43679,87905,1.3580507040023804,131584,43679,5.86305046081543
pair/b2outer3/final/pair_no_message/s8867,corrected_no_message,8867,readout.0.bias,64,31,33,0.03755016252398491,64,31,0.1371404379606247
pair/b2outer3/final/pair_no_message/s8867,corrected_no_message,8867,readout.3.weight,64,31,33,0.5644475817680359,64,31,1.3150124549865723
pair/b2outer3/final/pair_no_message/s8867,corrected_no_message,8867,readout.3.bias,1,1,0,0.18397274613380432,1,1,0.18397259712219238
pair/b2outer3/final/pair_no_message/s9973,corrected_no_message,9973,embed.weight,2976,1065,1911,0.7135974764823914,2976,1065,15.770147323608398
pair/b2outer3/final/pair_no_message/s9973,corrected_no_message,9973,embed.bias,32,32,0,0.2430499643087387,32,32,4.708423137664795
pair/b2outer3/final/pair_no_message/s9973,corrected_no_message,9973,self_layers.0.weight,1024,775,249,0.12421911954879761,1024,775,3.112900495529175
pair/b2outer3/final/pair_no_message/s9973,corrected_no_message,9973,self_layers.0.bias,32,25,7,0.14898598194122314,32,25,4.265743255615234
pair/b2outer3/final/pair_no_message/s9973,corrected_no_message,9973,self_layers.1.weight,1024,1024,0,0.11910635977983475,1024,1024,2.6989238262176514
pair/b2outer3/final/pair_no_message/s9973,corrected_no_message,9973,self_layers.1.bias,32,32,0,0.01350878644734621,32,32,0.45033586025238037
pair/b2outer3/final/pair_no_message/s9973,corrected_no_message,9973,norms.0.weight,32,32,0,0.025228556245565414,32,32,0.8343144059181213
pair/b2outer3/final/pair_no_message/s9973,corrected_no_message,9973,norms.0.bias,32,32,0,0.01598634570837021,32,32,0.5832814574241638
pair/b2outer3/final/pair_no_message/s9973,corrected_no_message,9973,norms.1.weight,32,32,0,0.022036505863070488,32,32,0.6809269785881042
pair/b2outer3/final/pair_no_message/s9973,corrected_no_message,9973,norms.1.bias,32,32,0,0.011968557722866535,32,32,0.3854472041130066
pair/b2outer3/final/pair_no_message/s9973,corrected_no_message,9973,message_weights.0,8192,5142,3050,0.09555699676275253,8192,5142,2.3032658100128174
pair/b2outer3/final/pair_no_message/s9973,corrected_no_message,9973,message_weights.1,8192,7040,1152,0.09237410128116608,8192,7040,2.0092480182647705
pair/b2outer3/final/pair_no_message/s9973,corrected_no_message,9973,readout.0.weight,131584,59178,72406,2.0062217712402344,131584,59178,39.654354095458984
pair/b2outer3/final/pair_no_message/s9973,corrected_no_message,9973,readout.0.bias,64,42,22,0.025156211107969284,64,42,0.6785869002342224
pair/b2outer3/final/pair_no_message/s9973,corrected_no_message,9973,readout.3.weight,64,42,22,0.3644915819168091,64,42,8.893281936645508
pair/b2outer3/final/pair_no_message/s9973,corrected_no_message,9973,readout.3.bias,1,1,0,0.04385078325867653,1,1,0.04385077953338623
