pair_id,reference_id,changed_id,assay_id,background_id,observed_difference,measurement_sd_reference,measurement_sd_changed,mean_difference_se,uncertainty_gap,model,predicted_difference,sequence_group,difference_error
93389904f33e7718,cmAPP:1770,cmAPP:1815,US20220002724A1|Table17|Be(2)C cell line|0.1nM|24h,0776c55821f47af8,-1.6145,0.0704,0.13849999999999998,,Replicate number and shared-control covariance not resolved; SDs are not SEs.,chemistry_tree,0.0024631867619858694,151435cc8a45853a,1.616963186761986
e24b7d2aa22bb55c,cmAPP:1775,cmAPP:1821,US20220002724A1|Table17|Be(2)C cell line|0.1nM|24h,3e9731dfbff94adf,-0.9341,0.0596,0.3439,,Replicate number and shared-control covariance not resolved; SDs are not SEs.,chemistry_tree,0.0006515366996558969,2c34ab854a6ad95b,0.9347515366996559
c5b8e137a303cb45,cmAPP:1773,cmAPP:1818,US20220002724A1|Table17|Be(2)C cell line|0.1nM|24h,eb357f6ecf50b6e8,-0.021100000000000008,0.0848,0.1288,,Replicate number and shared-control covariance not resolved; SDs are not SEs.,chemistry_tree,5.0371791219805395e-05,151435cc8a45853a,0.021150371791219813
5b10002dc6e9b311,cmAPP:1805,cmAPP:1850,US20220002724A1|Table17|Be(2)C cell line|0.1nM|24h,fade1d64d4e768d6,0.3319,0.2754,0.0858,,Replicate number and shared-control covariance not resolved; SDs are not SEs.,chemistry_tree,0.0005648445948012726,28639edc531a2e1a,-0.3313351554051987
34a0cf77853c520f,cmAPP:1808,cmAPP:1853,US20220002724A1|Table17|Be(2)C cell line|0.1nM|24h,f6ee2f45d0df4f59,0.5641999999999998,0.4637,0.4285,,Replicate number and shared-control covariance not resolved; SDs are not SEs.,chemistry_tree,0.00048783121602957724,5848c205ff64ecf8,-0.5637121687839702
53bd4571937b65d8,cmAPP:1777,cmAPP:1820,US20220002724A1|Table17|Be(2)C cell line|0.1nM|24h,3e6cac1d7a027cc7,-1.8657,0.1051,0.4839,,Replicate number and shared-control covariance not resolved; SDs are not SEs.,chemistry_tree,0.0003539391808167758,9fea29da568e9bc1,1.8660539391808166
c8e8c0b442f5a1a1,cmAPP:1771,cmAPP:1816,US20220002724A1|Table17|Be(2)C cell line|0.1nM|24h,45af11f0ecbd8a55,-0.8776,0.047599999999999996,0.087,,Replicate number and shared-control covariance not resolved; SDs are not SEs.,chemistry_tree,0.002333697958136649,1212da56aac7a198,0.8799336979581367
ac1b30806815ea4e,cmAPP:1787,cmAPP:1832,US20220002724A1|Table17|Be(2)C cell line|0.1nM|24h,74fc9298d8663f62,-0.8095999999999999,0.1321,0.4403,,Replicate number and shared-control covariance not resolved; SDs are not SEs.,chemistry_tree,0.0003343328391745559,2c34ab854a6ad95b,0.8099343328391744
8aa63b5c3ecd924d,cmAPP:1795,cmAPP:1844,US20220002724A1|Table17|Be(2)C cell line|0.1nM|24h,5a42a7b5778aafe4,-0.5152,0.2846,0.19870000000000002,,Replicate number and shared-control covariance not resolved; SDs are not SEs.,chemistry_tree,0.0002687020691172215,28639edc531a2e1a,0.5154687020691172
d3de99befe559e4d,cmAPP:1781,cmAPP:1826,US20220002724A1|Table17|Be(2)C cell line|0.1nM|24h,a50d407955561c5c,-0.22190000000000004,0.1041,0.2195,,Replicate number and shared-control covariance not resolved; SDs are not SEs.,chemistry_tree,0.000546517103455102,1212da56aac7a198,0.22244651710345514
7145b489500dbd80,cmAPP:1803,cmAPP:1848,US20220002724A1|Table17|Be(2)C cell line|0.1nM|24h,85329346f986aa0e,-0.8083999999999999,0.061200000000000004,0.2516,,Replicate number and shared-control covariance not resolved; SDs are not SEs.,chemistry_tree,0.00038080050667171905,10c405d304cc4e37,0.8087808005066717
05b4895f7bcd4c42,cmAPP:1799,cmAPP:1840,US20220002724A1|Table17|Be(2)C cell line|0.1nM|24h,820566fd78cb47f2,0.3812,0.0344,0.2104,,Replicate number and shared-control covariance not resolved; SDs are not SEs.,chemistry_tree,0.00020107305397804032,1c10d86ec1a802f4,-0.38099892694602194
b6967a59b842adff,cmAPP:1784,cmAPP:1829,US20220002724A1|Table17|Be(2)C cell line|0.1nM|24h,79a2a66f9d75e712,-2.8806,0.11789999999999999,0.5047999999999999,,Replicate number and shared-control covariance not resolved; SDs are not SEs.,chemistry_tree,0.0011483777767375969,9620aee947fd49ea,2.8817483777767374
059e26913d78b631,cmAPP:1778,cmAPP:1823,US20220002724A1|Table17|Be(2)C cell line|0.1nM|24h,aa8876968f9c4717,-1.8751,0.1424,0.1273,,Replicate number and shared-control covariance not resolved; SDs are not SEs.,chemistry_tree,0.002852760015761402,1c10d86ec1a802f4,1.8779527600157615
6ca5840cef4726ff,cmAPP:1807,cmAPP:1852,US20220002724A1|Table17|Be(2)C cell line|0.1nM|24h,2bd44ce61ea23b9f,0.17810000000000004,0.1475,0.1971,,Replicate number and shared-control covariance not resolved; SDs are not SEs.,chemistry_tree,0.001842450679819585,2c34ab854a6ad95b,-0.17625754932018045
327843b402480d74,cmAPP:1800,cmAPP:1841,US20220002724A1|Table17|Be(2)C cell line|0.1nM|24h,b5c37d5063356d65,0.5433,0.4465,0.1478,,Replicate number and shared-control covariance not resolved; SDs are not SEs.,chemistry_tree,-0.00022920186944230814,5848c205ff64ecf8,-0.5435292018694423
1d5a6a30d03d4ace,cmAPP:1765,cmAPP:1810,US20220002724A1|Table17|Be(2)C cell line|0.1nM|24h,4683b2d184b687a0,-0.4945,0.12050000000000001,0.1419,,Replicate number and shared-control covariance not resolved; SDs are not SEs.,chemistry_tree,7.161763187080172e-05,17103b04fab21cdc,0.4945716176318708
a1cbdd76747c5064,cmAPP:1776,cmAPP:1822,US20220002724A1|Table17|Be(2)C cell line|0.1nM|24h,e8641df94cf5d311,-0.6519000000000001,0.0775,0.17120000000000002,,Replicate number and shared-control covariance not resolved; SDs are not SEs.,chemistry_tree,0.004204128699534793,2c34ab854a6ad95b,0.6561041286995349
4490c940bfdaa814,cmAPP:1768,cmAPP:1813,US20220002724A1|Table17|Be(2)C cell line|0.1nM|24h,a7b957bcca2f20cf,-0.935,0.1338,0.09609999999999999,,Replicate number and shared-control covariance not resolved; SDs are not SEs.,chemistry_tree,0.0001875600762075713,17103b04fab21cdc,0.9351875600762076
382a0a377b849c67,cmAPP:1806,cmAPP:1851,US20220002724A1|Table17|Be(2)C cell line|0.1nM|24h,cf253444cfae0542,0.2361,0.3618,0.3897,,Replicate number and shared-control covariance not resolved; SDs are not SEs.,chemistry_tree,0.0007917341733296168,28639edc531a2e1a,-0.2353082658266704
50548dbd9fb26ec9,cmAPP:1792,cmAPP:1837,US20220002724A1|Table17|Be(2)C cell line|0.1nM|24h,f158caa9d2d33d64,-0.3258999999999999,0.3096,0.0693,,Replicate number and shared-control covariance not resolved; SDs are not SEs.,chemistry_tree,-0.0004106006451026767,2c34ab854a6ad95b,0.32548939935489724
b5c2328a2c4ba021,cmAPP:1791,cmAPP:1836,US20220002724A1|Table17|Be(2)C cell line|0.1nM|24h,28e3362d3f9b2da2,-1.0455,0.030600000000000002,0.2801,,Replicate number and shared-control covariance not resolved; SDs are not SEs.,chemistry_tree,-0.0005234341426498257,28639edc531a2e1a,1.0449765658573502
086646f70e89b7e8,cmAPP:1804,cmAPP:1849,US20220002724A1|Table17|Be(2)C cell line|0.1nM|24h,99751c2cb3cfdf23,-0.6019,0.1164,0.5791,,Replicate number and shared-control covariance not resolved; SDs are not SEs.,chemistry_tree,0.0006579423269542639,28639edc531a2e1a,0.6025579423269543
dbf5b6e05f2fd199,cmAPP:1802,cmAPP:1847,US20220002724A1|Table17|Be(2)C cell line|0.1nM|24h,485d856ba812fc3a,-0.8087999999999997,0.5171,0.0882,,Replicate number and shared-control covariance not resolved; SDs are not SEs.,chemistry_tree,0.00030665390343154186,72478f51d38ee208,0.8091066539034313
ae0b1f16d5b39dea,cmAPP:1801,cmAPP:1842,US20220002724A1|Table17|Be(2)C cell line|0.1nM|24h,f8e112462608f680,0.43200000000000005,0.13390000000000002,0.1041,,Replicate number and shared-control covariance not resolved; SDs are not SEs.,chemistry_tree,0.003456258347514729,5848c205ff64ecf8,-0.4285437416524853
dff31405206d397b,cmAPP:1797,cmAPP:1846,US20220002724A1|Table17|Be(2)C cell line|0.1nM|24h,fc5b0d0c97a6e528,-1.5217999999999998,0.1784,0.1663,,Replicate number and shared-control covariance not resolved; SDs are not SEs.,chemistry_tree,0.0003112938543631816,8a110cbb1ec4bb37,1.522111293854363
66ba2338161aed27,cmAPP:1680,cmAPP:1725,US20220002724A1|Table17|Be(2)C cell line|1.0nM|24h,0776c55821f47af8,-0.12819999999999987,0.026000000000000002,0.013500000000000002,,Replicate number and shared-control covariance not resolved; SDs are not SEs.,chemistry_tree,0.0024631867619858694,151435cc8a45853a,0.13066318676198574
a85eb0b11202f59e,cmAPP:1685,cmAPP:1731,US20220002724A1|Table17|Be(2)C cell line|1.0nM|24h,3e9731dfbff94adf,-0.07189999999999996,0.0286,0.0496,,Replicate number and shared-control covariance not resolved; SDs are not SEs.,chemistry_tree,0.0006515366996558969,2c34ab854a6ad95b,0.07255153669965586
c09f8ea736c8479d,cmAPP:1683,cmAPP:1728,US20220002724A1|Table17|Be(2)C cell line|1.0nM|24h,eb357f6ecf50b6e8,-0.014399999999999968,0.0364,0.0256,,Replicate number and shared-control covariance not resolved; SDs are not SEs.,chemistry_tree,5.0371791219805395e-05,151435cc8a45853a,0.014450371791219774
0ee5a5f6520a7c7a,cmAPP:1715,cmAPP:1760,US20220002724A1|Table17|Be(2)C cell line|1.0nM|24h,fade1d64d4e768d6,-0.17490000000000006,0.0608,0.1155,,Replicate number and shared-control covariance not resolved; SDs are not SEs.,chemistry_tree,0.0005648445948012726,28639edc531a2e1a,0.17546484459480133
e52464c3fde0c9de,cmAPP:1718,cmAPP:1763,US20220002724A1|Table17|Be(2)C cell line|1.0nM|24h,f6ee2f45d0df4f59,-0.361,0.0562,0.1673,,Replicate number and shared-control covariance not resolved; SDs are not SEs.,chemistry_tree,0.00048783121602957724,5848c205ff64ecf8,0.36148783121602956
2f48d456f6284b36,cmAPP:1687,cmAPP:1730,US20220002724A1|Table17|Be(2)C cell line|1.0nM|24h,3e6cac1d7a027cc7,-0.3121,0.0704,0.0848,,Replicate number and shared-control covariance not resolved; SDs are not SEs.,chemistry_tree,0.0003539391808167758,9fea29da568e9bc1,0.31245393918081676
5b8cb0fffb026635,cmAPP:1681,cmAPP:1726,US20220002724A1|Table17|Be(2)C cell line|1.0nM|24h,45af11f0ecbd8a55,0.011099999999999999,0.008,0.0649,,Replicate number and shared-control covariance not resolved; SDs are not SEs.,chemistry_tree,0.002333697958136649,1212da56aac7a198,-0.00876630204186335
63008ff058569c96,cmAPP:1697,cmAPP:1742,US20220002724A1|Table17|Be(2)C cell line|1.0nM|24h,74fc9298d8663f62,0.005700000000000149,0.06269999999999999,0.1005,,Replicate number and shared-control covariance not resolved; SDs are not SEs.,chemistry_tree,0.0003343328391745559,2c34ab854a6ad95b,-0.0053656671608255935
97a210f808788925,cmAPP:1705,cmAPP:1754,US20220002724A1|Table17|Be(2)C cell line|1.0nM|24h,5a42a7b5778aafe4,-0.03459999999999985,0.0934,0.13369999999999999,,Replicate number and shared-control covariance not resolved; SDs are not SEs.,chemistry_tree,0.0002687020691172215,28639edc531a2e1a,0.034868702069117075
9f45bd9c2c0e94ba,cmAPP:1691,cmAPP:1736,US20220002724A1|Table17|Be(2)C cell line|1.0nM|24h,a50d407955561c5c,-0.1439999999999999,0.10619999999999999,0.07780000000000001,,Replicate number and shared-control covariance not resolved; SDs are not SEs.,chemistry_tree,0.000546517103455102,1212da56aac7a198,0.144546517103455
c6b1006bae31a2f4,cmAPP:1713,cmAPP:1758,US20220002724A1|Table17|Be(2)C cell line|1.0nM|24h,85329346f986aa0e,-0.21630000000000005,0.0141,0.059000000000000004,,Replicate number and shared-control covariance not resolved; SDs are not SEs.,chemistry_tree,0.00038080050667171905,10c405d304cc4e37,0.21668080050667177
f98feef4cdda1f7a,cmAPP:1709,cmAPP:1750,US20220002724A1|Table17|Be(2)C cell line|1.0nM|24h,820566fd78cb47f2,0.5236000000000001,0.2509,0.2433,,Replicate number and shared-control covariance not resolved; SDs are not SEs.,chemistry_tree,0.00020107305397804032,1c10d86ec1a802f4,-0.523398926946022
7a921af808b2dfa6,cmAPP:1694,cmAPP:1739,US20220002724A1|Table17|Be(2)C cell line|1.0nM|24h,79a2a66f9d75e712,-0.5276000000000001,0.0654,0.09939999999999999,,Replicate number and shared-control covariance not resolved; SDs are not SEs.,chemistry_tree,0.0011483777767375969,9620aee947fd49ea,0.5287483777767377
eb09d956be8bc0bd,cmAPP:1688,cmAPP:1733,US20220002724A1|Table17|Be(2)C cell line|1.0nM|24h,aa8876968f9c4717,0.14549999999999996,0.2898,0.028399999999999998,,Replicate number and shared-control covariance not resolved; SDs are not SEs.,chemistry_tree,0.002852760015761402,1c10d86ec1a802f4,-0.14264723998423856
a15328e82188e58f,cmAPP:1717,cmAPP:1762,US20220002724A1|Table17|Be(2)C cell line|1.0nM|24h,2bd44ce61ea23b9f,-0.13879999999999992,0.0291,0.0843,,Replicate number and shared-control covariance not resolved; SDs are not SEs.,chemistry_tree,0.001842450679819585,2c34ab854a6ad95b,0.1406424506798195
c118eab8e379718c,cmAPP:1710,cmAPP:1751,US20220002724A1|Table17|Be(2)C cell line|1.0nM|24h,b5c37d5063356d65,0.2778999999999999,0.0418,0.0371,,Replicate number and shared-control covariance not resolved; SDs are not SEs.,chemistry_tree,-0.00022920186944230814,5848c205ff64ecf8,-0.27812920186944223
bb68ab734a60ad5c,cmAPP:1675,cmAPP:1720,US20220002724A1|Table17|Be(2)C cell line|1.0nM|24h,4683b2d184b687a0,0.022400000000000087,0.0253,0.006999999999999999,,Replicate number and shared-control covariance not resolved; SDs are not SEs.,chemistry_tree,7.161763187080172e-05,17103b04fab21cdc,-0.022328382368129285
70da5f6f47632dfe,cmAPP:1686,cmAPP:1732,US20220002724A1|Table17|Be(2)C cell line|1.0nM|24h,e8641df94cf5d311,0.015100000000000113,0.049100000000000005,0.027000000000000003,,Replicate number and shared-control covariance not resolved; SDs are not SEs.,chemistry_tree,0.004204128699534793,2c34ab854a6ad95b,-0.01089587130046532
0d965a5abd1a268c,cmAPP:1678,cmAPP:1723,US20220002724A1|Table17|Be(2)C cell line|1.0nM|24h,a7b957bcca2f20cf,-0.05410000000000015,0.023799999999999998,0.057699999999999994,,Replicate number and shared-control covariance not resolved; SDs are not SEs.,chemistry_tree,0.0001875600762075713,17103b04fab21cdc,0.05428756007620772
b994b3eb1c0af55d,cmAPP:1716,cmAPP:1761,US20220002724A1|Table17|Be(2)C cell line|1.0nM|24h,cf253444cfae0542,-0.4706,0.0717,0.13419999999999999,,Replicate number and shared-control covariance not resolved; SDs are not SEs.,chemistry_tree,0.0007917341733296168,28639edc531a2e1a,0.47139173417332964
fd3f38efafcec3ac,cmAPP:1702,cmAPP:1747,US20220002724A1|Table17|Be(2)C cell line|1.0nM|24h,f158caa9d2d33d64,-0.03489999999999993,0.0555,0.046,,Replicate number and shared-control covariance not resolved; SDs are not SEs.,chemistry_tree,-0.0004106006451026767,2c34ab854a6ad95b,0.034489399354897254
45289904b26c1459,cmAPP:1701,cmAPP:1746,US20220002724A1|Table17|Be(2)C cell line|1.0nM|24h,28e3362d3f9b2da2,-0.29069999999999996,0.01,0.1063,,Replicate number and shared-control covariance not resolved; SDs are not SEs.,chemistry_tree,-0.0005234341426498257,28639edc531a2e1a,0.29017656585735013
f762503ebcc65c82,cmAPP:1714,cmAPP:1759,US20220002724A1|Table17|Be(2)C cell line|1.0nM|24h,99751c2cb3cfdf23,-0.08540000000000003,0.0706,0.081,,Replicate number and shared-control covariance not resolved; SDs are not SEs.,chemistry_tree,0.0006579423269542639,28639edc531a2e1a,0.0860579423269543
d26bc154c6f7f7ab,cmAPP:1712,cmAPP:1757,US20220002724A1|Table17|Be(2)C cell line|1.0nM|24h,485d856ba812fc3a,-0.36310000000000003,0.0767,0.16260000000000002,,Replicate number and shared-control covariance not resolved; SDs are not SEs.,chemistry_tree,0.00030665390343154186,72478f51d38ee208,0.3634066539034316
62cb9585f226cf4c,cmAPP:1711,cmAPP:1752,US20220002724A1|Table17|Be(2)C cell line|1.0nM|24h,f8e112462608f680,-0.5549,0.009399999999999999,0.0779,,Replicate number and shared-control covariance not resolved; SDs are not SEs.,chemistry_tree,0.003456258347514729,5848c205ff64ecf8,0.5583562583475147
e7cdd445b47734ce,cmAPP:1707,cmAPP:1756,US20220002724A1|Table17|Be(2)C cell line|1.0nM|24h,fc5b0d0c97a6e528,-0.3610000000000001,0.0946,0.1015,,Replicate number and shared-control covariance not resolved; SDs are not SEs.,chemistry_tree,0.0003112938543631816,8a110cbb1ec4bb37,0.3613112938543633
0eed2d75f2cde72d,cmAPP:1590,cmAPP:1635,US20220002724A1|Table17|Be(2)C cell line|10.0nM|24h,0776c55821f47af8,-0.40340000000000004,0.0241,0.029500000000000002,,Replicate number and shared-control covariance not resolved; SDs are not SEs.,chemistry_tree,0.001080445096461824,151435cc8a45853a,0.40448044509646186
1a6c9baac85f3629,cmAPP:1595,cmAPP:1641,US20220002724A1|Table17|Be(2)C cell line|10.0nM|24h,3e9731dfbff94adf,-0.20189999999999997,0.0129,0.0771,,Replicate number and shared-control covariance not resolved; SDs are not SEs.,chemistry_tree,0.0006515366996560079,2c34ab854a6ad95b,0.20255153669965598
76e24e5164a31a01,cmAPP:1593,cmAPP:1638,US20220002724A1|Table17|Be(2)C cell line|10.0nM|24h,eb357f6ecf50b6e8,-0.21689999999999998,0.028399999999999998,0.0443,,Replicate number and shared-control covariance not resolved; SDs are not SEs.,chemistry_tree,5.037179121969437e-05,151435cc8a45853a,0.21695037179121968
e284e40848b79caf,cmAPP:1625,cmAPP:1670,US20220002724A1|Table17|Be(2)C cell line|10.0nM|24h,fade1d64d4e768d6,0.14149999999999996,0.0601,0.052000000000000005,,Replicate number and shared-control covariance not resolved; SDs are not SEs.,chemistry_tree,0.0005648445948012171,28639edc531a2e1a,-0.14093515540519874
9bf5f3d125221e4c,cmAPP:1628,cmAPP:1673,US20220002724A1|Table17|Be(2)C cell line|10.0nM|24h,f6ee2f45d0df4f59,0.1386,0.1333,0.0969,,Replicate number and shared-control covariance not resolved; SDs are not SEs.,chemistry_tree,-0.0008695064116432949,5848c205ff64ecf8,-0.1394695064116433
db264d54acc9cc94,cmAPP:1597,cmAPP:1640,US20220002724A1|Table17|Be(2)C cell line|10.0nM|24h,3e6cac1d7a027cc7,-0.79,0.0475,0.1617,,Replicate number and shared-control covariance not resolved; SDs are not SEs.,chemistry_tree,0.0003539391808168868,9fea29da568e9bc1,0.790353939180817
421212f430fb6217,cmAPP:1591,cmAPP:1636,US20220002724A1|Table17|Be(2)C cell line|10.0nM|24h,45af11f0ecbd8a55,-0.04060000000000008,0.024,0.0765,,Replicate number and shared-control covariance not resolved; SDs are not SEs.,chemistry_tree,0.0019742535236925707,1212da56aac7a198,0.04257425352369265
7ad1ff1601478950,cmAPP:1607,cmAPP:1652,US20220002724A1|Table17|Be(2)C cell line|10.0nM|24h,74fc9298d8663f62,0.0006999999999999229,0.0691,0.026099999999999998,,Replicate number and shared-control covariance not resolved; SDs are not SEs.,chemistry_tree,0.0003343328391745559,2c34ab854a6ad95b,-0.000365667160825367
600169b9f0f80551,cmAPP:1615,cmAPP:1664,US20220002724A1|Table17|Be(2)C cell line|10.0nM|24h,5a42a7b5778aafe4,0.02199999999999991,0.07150000000000001,0.0554,,Replicate number and shared-control covariance not resolved; SDs are not SEs.,chemistry_tree,-0.0006026110374145466,28639edc531a2e1a,-0.022602611037414455
409122d11d642bec,cmAPP:1601,cmAPP:1646,US20220002724A1|Table17|Be(2)C cell line|10.0nM|24h,a50d407955561c5c,-0.45020000000000004,0.0212,0.3306,,Replicate number and shared-control covariance not resolved; SDs are not SEs.,chemistry_tree,7.985045135849855e-05,1212da56aac7a198,0.45027985045135854
c465d631789b7798,cmAPP:1623,cmAPP:1668,US20220002724A1|Table17|Be(2)C cell line|10.0nM|24h,85329346f986aa0e,-0.05489999999999995,0.0616,0.0323,,Replicate number and shared-control covariance not resolved; SDs are not SEs.,chemistry_tree,-0.00033421630434410377,10c405d304cc4e37,0.054565783695655845
dd70d7ef8a4c9374,cmAPP:1619,cmAPP:1660,US20220002724A1|Table17|Be(2)C cell line|10.0nM|24h,820566fd78cb47f2,2.0336,0.2964,0.10300000000000001,,Replicate number and shared-control covariance not resolved; SDs are not SEs.,chemistry_tree,0.00020107305397787378,1c10d86ec1a802f4,-2.033398926946022
d69a2449a6634854,cmAPP:1604,cmAPP:1649,US20220002724A1|Table17|Be(2)C cell line|10.0nM|24h,79a2a66f9d75e712,-1.4533999999999998,0.061399999999999996,0.5695,,Replicate number and shared-control covariance not resolved; SDs are not SEs.,chemistry_tree,-0.00012714167113375696,9620aee947fd49ea,1.453272858328866
e9d357b8d3d85a4e,cmAPP:1598,cmAPP:1643,US20220002724A1|Table17|Be(2)C cell line|10.0nM|24h,aa8876968f9c4717,-0.10759999999999997,0.0746,0.0934,,Replicate number and shared-control covariance not resolved; SDs are not SEs.,chemistry_tree,0.0026078217599330156,1c10d86ec1a802f4,0.11020782175993299
f3e88314b57e616d,cmAPP:1627,cmAPP:1672,US20220002724A1|Table17|Be(2)C cell line|10.0nM|24h,2bd44ce61ea23b9f,0.1450999999999999,0.075,0.0417,,Replicate number and shared-control covariance not resolved; SDs are not SEs.,chemistry_tree,0.0008893193934863541,2c34ab854a6ad95b,-0.14421068060651354
450bf38c165fbd1a,cmAPP:1620,cmAPP:1661,US20220002724A1|Table17|Be(2)C cell line|10.0nM|24h,b5c37d5063356d65,0.23629999999999995,0.0346,0.0215,,Replicate number and shared-control covariance not resolved; SDs are not SEs.,chemistry_tree,-0.00022920186944219711,5848c205ff64ecf8,-0.23652920186944215
d2d72d8278e8ff2f,cmAPP:1585,cmAPP:1630,US20220002724A1|Table17|Be(2)C cell line|10.0nM|24h,4683b2d184b687a0,-0.16439999999999988,0.0392,0.0429,,Replicate number and shared-control covariance not resolved; SDs are not SEs.,chemistry_tree,-0.000333028822564696,17103b04fab21cdc,0.16406697117743518
8ab257e2caab32a6,cmAPP:1596,cmAPP:1642,US20220002724A1|Table17|Be(2)C cell line|10.0nM|24h,e8641df94cf5d311,-0.16900000000000015,0.0141,0.028399999999999998,,Replicate number and shared-control covariance not resolved; SDs are not SEs.,chemistry_tree,0.003043115430279353,2c34ab854a6ad95b,0.1720431154302795
cf3a3e7485b31ba0,cmAPP:1588,cmAPP:1633,US20220002724A1|Table17|Be(2)C cell line|10.0nM|24h,a7b957bcca2f20cf,-0.2547999999999999,0.03,0.09269999999999999,,Replicate number and shared-control covariance not resolved; SDs are not SEs.,chemistry_tree,-5.737817962037095e-05,17103b04fab21cdc,0.25474262182037954
fca0701bd3bac2f3,cmAPP:1626,cmAPP:1671,US20220002724A1|Table17|Be(2)C cell line|10.0nM|24h,cf253444cfae0542,-0.2828999999999999,0.14429999999999998,0.0999,,Replicate number and shared-control covariance not resolved; SDs are not SEs.,chemistry_tree,-0.00020615901989912144,28639edc531a2e1a,0.28269384098010075
134f453b89ce7319,cmAPP:1612,cmAPP:1657,US20220002724A1|Table17|Be(2)C cell line|10.0nM|24h,f158caa9d2d33d64,0.18099999999999994,0.0599,0.0075,,Replicate number and shared-control covariance not resolved; SDs are not SEs.,chemistry_tree,-0.0004106006451026767,2c34ab854a6ad95b,-0.18141060064510262
34038dbdd4553f7d,cmAPP:1611,cmAPP:1656,US20220002724A1|Table17|Be(2)C cell line|10.0nM|24h,28e3362d3f9b2da2,-0.014200000000000101,0.0373,0.048,,Replicate number and shared-control covariance not resolved; SDs are not SEs.,chemistry_tree,-0.0005234341426497147,28639edc531a2e1a,0.013676565857350387
d17517694a996e9b,cmAPP:1624,cmAPP:1669,US20220002724A1|Table17|Be(2)C cell line|10.0nM|24h,99751c2cb3cfdf23,-0.19910000000000005,0.008199999999999999,0.069,,Replicate number and shared-control covariance not resolved; SDs are not SEs.,chemistry_tree,0.0002984978925100745,28639edc531a2e1a,0.19939849789251013
2b34f2d44b307ee1,cmAPP:1622,cmAPP:1667,US20220002724A1|Table17|Be(2)C cell line|10.0nM|24h,485d856ba812fc3a,-0.012800000000000034,0.06,0.1607,,Replicate number and shared-control covariance not resolved; SDs are not SEs.,chemistry_tree,6.171564760348858e-05,72478f51d38ee208,0.012861715647603522
58b9f1849445a903,cmAPP:1621,cmAPP:1662,US20220002724A1|Table17|Be(2)C cell line|10.0nM|24h,f8e112462608f680,-0.10060000000000002,0.0401,0.1016,,Replicate number and shared-control covariance not resolved; SDs are not SEs.,chemistry_tree,0.0032113200916865647,5848c205ff64ecf8,0.10381132009168659
a5c36e48fb124d82,cmAPP:1617,cmAPP:1666,US20220002724A1|Table17|Be(2)C cell line|10.0nM|24h,fc5b0d0c97a6e528,-0.45020000000000004,0.1369,0.18719999999999998,,Replicate number and shared-control covariance not resolved; SDs are not SEs.,chemistry_tree,0.0003112938543632926,8a110cbb1ec4bb37,0.45051129385436334
6297178908babdb2,cmAPP:2040,cmAPP:2085,US20220002724A1|Table18|Neuro2A cell line|0.1nM|24h,0776c55821f47af8,-0.28669999999999995,0.0592,0.0308,,Replicate number and shared-control covariance not resolved; SDs are not SEs.,chemistry_tree,0.0024631867619858694,151435cc8a45853a,0.2891631867619858
e07fbd2f23396c88,cmAPP:2045,cmAPP:2091,US20220002724A1|Table18|Neuro2A cell line|0.1nM|24h,3e9731dfbff94adf,-0.11920000000000008,0.0538,0.0915,,Replicate number and shared-control covariance not resolved; SDs are not SEs.,chemistry_tree,0.0006515366996558969,2c34ab854a6ad95b,0.11985153669965598
ea69375d6e637f0b,cmAPP:2043,cmAPP:2088,US20220002724A1|Table18|Neuro2A cell line|0.1nM|24h,eb357f6ecf50b6e8,-0.13270000000000004,0.0908,0.026699999999999998,,Replicate number and shared-control covariance not resolved; SDs are not SEs.,chemistry_tree,5.0371791219805395e-05,151435cc8a45853a,0.13275037179121985
c805543d26a64bde,cmAPP:2075,cmAPP:2120,US20220002724A1|Table18|Neuro2A cell line|0.1nM|24h,fade1d64d4e768d6,-0.11869999999999992,0.09,0.1231,,Replicate number and shared-control covariance not resolved; SDs are not SEs.,chemistry_tree,0.0005648445948012726,28639edc531a2e1a,0.11926484459480119
f56e1ddec22a1688,cmAPP:2078,cmAPP:2123,US20220002724A1|Table18|Neuro2A cell line|0.1nM|24h,f6ee2f45d0df4f59,-0.21069999999999994,0.0633,0.09269999999999999,,Replicate number and shared-control covariance not resolved; SDs are not SEs.,chemistry_tree,0.00048783121602957724,5848c205ff64ecf8,0.21118783121602952
e4cc745fd18c9923,cmAPP:2047,cmAPP:2090,US20220002724A1|Table18|Neuro2A cell line|0.1nM|24h,3e6cac1d7a027cc7,-0.6328999999999999,0.0196,0.1439,,Replicate number and shared-control covariance not resolved; SDs are not SEs.,chemistry_tree,0.0003539391808167758,9fea29da568e9bc1,0.6332539391808167
fd2a262963837b7f,cmAPP:2041,cmAPP:2086,US20220002724A1|Table18|Neuro2A cell line|0.1nM|24h,45af11f0ecbd8a55,-0.12370000000000003,0.059000000000000004,0.0151,,Replicate number and shared-control covariance not resolved; SDs are not SEs.,chemistry_tree,0.002333697958136649,1212da56aac7a198,0.12603369795813668
51c13c0eaed60726,cmAPP:2057,cmAPP:2102,US20220002724A1|Table18|Neuro2A cell line|0.1nM|24h,74fc9298d8663f62,0.14069999999999994,0.0353,0.0542,,Replicate number and shared-control covariance not resolved; SDs are not SEs.,chemistry_tree,0.0003343328391745559,2c34ab854a6ad95b,-0.14036566716082538
396bdc7f9386d193,cmAPP:2065,cmAPP:2114,US20220002724A1|Table18|Neuro2A cell line|0.1nM|24h,5a42a7b5778aafe4,-0.24690000000000012,0.0611,0.1293,,Replicate number and shared-control covariance not resolved; SDs are not SEs.,chemistry_tree,0.0002687020691172215,28639edc531a2e1a,0.24716870206911734
fdbf57627003ba04,cmAPP:2051,cmAPP:2096,US20220002724A1|Table18|Neuro2A cell line|0.1nM|24h,a50d407955561c5c,-0.23420000000000007,0.0968,0.0231,,Replicate number and shared-control covariance not resolved; SDs are not SEs.,chemistry_tree,0.000546517103455102,1212da56aac7a198,0.23474651710345518
676b84ca4669fe18,cmAPP:2073,cmAPP:2118,US20220002724A1|Table18|Neuro2A cell line|0.1nM|24h,85329346f986aa0e,-0.6031,0.086,0.0694,,Replicate number and shared-control covariance not resolved; SDs are not SEs.,chemistry_tree,0.00038080050667171905,10c405d304cc4e37,0.6034808005066716
594ae7af3b916cd2,cmAPP:2069,cmAPP:2110,US20220002724A1|Table18|Neuro2A cell line|0.1nM|24h,820566fd78cb47f2,-0.14290000000000003,0.1174,0.079,,Replicate number and shared-control covariance not resolved; SDs are not SEs.,chemistry_tree,0.00020107305397804032,1c10d86ec1a802f4,0.14310107305397807
bfb561a0d6a8fc27,cmAPP:2054,cmAPP:2099,US20220002724A1|Table18|Neuro2A cell line|0.1nM|24h,79a2a66f9d75e712,-0.4963,0.0258,0.115,,Replicate number and shared-control covariance not resolved; SDs are not SEs.,chemistry_tree,0.0011483777767375969,9620aee947fd49ea,0.4974483777767376
5b2264ddc1a7af6c,cmAPP:2048,cmAPP:2093,US20220002724A1|Table18|Neuro2A cell line|0.1nM|24h,aa8876968f9c4717,-0.2509,0.1604,0.0731,,Replicate number and shared-control covariance not resolved; SDs are not SEs.,chemistry_tree,0.002852760015761402,1c10d86ec1a802f4,0.2537527600157614
ff45b277fb60624e,cmAPP:2077,cmAPP:2122,US20220002724A1|Table18|Neuro2A cell line|0.1nM|24h,2bd44ce61ea23b9f,-0.1391,0.0673,0.1009,,Replicate number and shared-control covariance not resolved; SDs are not SEs.,chemistry_tree,0.001842450679819585,2c34ab854a6ad95b,0.1409424506798196
6a678b00b934044e,cmAPP:2070,cmAPP:2111,US20220002724A1|Table18|Neuro2A cell line|0.1nM|24h,b5c37d5063356d65,0.26859999999999995,0.067,0.06269999999999999,,Replicate number and shared-control covariance not resolved; SDs are not SEs.,chemistry_tree,-0.00022920186944230814,5848c205ff64ecf8,-0.26882920186944226
d52d528f0aa9bd30,cmAPP:2035,cmAPP:2080,US20220002724A1|Table18|Neuro2A cell line|0.1nM|24h,4683b2d184b687a0,-0.22899999999999987,0.0641,0.0755,,Replicate number and shared-control covariance not resolved; SDs are not SEs.,chemistry_tree,7.161763187080172e-05,17103b04fab21cdc,0.22907161763187067
98341947aa56f870,cmAPP:2046,cmAPP:2092,US20220002724A1|Table18|Neuro2A cell line|0.1nM|24h,e8641df94cf5d311,-0.10649999999999982,0.050499999999999996,0.0414,,Replicate number and shared-control covariance not resolved; SDs are not SEs.,chemistry_tree,0.004204128699534793,2c34ab854a6ad95b,0.11070412869953461
e6bc6fc3ddc258ff,cmAPP:2038,cmAPP:2083,US20220002724A1|Table18|Neuro2A cell line|0.1nM|24h,a7b957bcca2f20cf,-0.1522,0.05,0.047400000000000005,,Replicate number and shared-control covariance not resolved; SDs are not SEs.,chemistry_tree,0.0001875600762075713,17103b04fab21cdc,0.15238756007620757
96c1bc434b0cc0dd,cmAPP:2076,cmAPP:2121,US20220002724A1|Table18|Neuro2A cell line|0.1nM|24h,cf253444cfae0542,-0.3479000000000001,0.0617,0.13119999999999998,,Replicate number and shared-control covariance not resolved; SDs are not SEs.,chemistry_tree,0.0007917341733296168,28639edc531a2e1a,0.3486917341733297
5fb5972af28fa281,cmAPP:2062,cmAPP:2107,US20220002724A1|Table18|Neuro2A cell line|0.1nM|24h,f158caa9d2d33d64,-0.118,0.1033,0.051100000000000007,,Replicate number and shared-control covariance not resolved; SDs are not SEs.,chemistry_tree,-0.0004106006451026767,2c34ab854a6ad95b,0.11758939935489732
849edfe135b4a285,cmAPP:2061,cmAPP:2106,US20220002724A1|Table18|Neuro2A cell line|0.1nM|24h,28e3362d3f9b2da2,-0.3863000000000001,0.0817,0.08310000000000001,,Replicate number and shared-control covariance not resolved; SDs are not SEs.,chemistry_tree,-0.0005234341426498257,28639edc531a2e1a,0.38577656585735026
0f5070b79250194c,cmAPP:2074,cmAPP:2119,US20220002724A1|Table18|Neuro2A cell line|0.1nM|24h,99751c2cb3cfdf23,-0.42489999999999994,0.0526,0.0729,,Replicate number and shared-control covariance not resolved; SDs are not SEs.,chemistry_tree,0.0006579423269542639,28639edc531a2e1a,0.4255579423269542
fd35c25e6b032569,cmAPP:2072,cmAPP:2117,US20220002724A1|Table18|Neuro2A cell line|0.1nM|24h,485d856ba812fc3a,-0.12709999999999994,0.1127,0.10310000000000001,,Replicate number and shared-control covariance not resolved; SDs are not SEs.,chemistry_tree,0.00030665390343154186,72478f51d38ee208,0.12740665390343148
0c7a97d50dabb197,cmAPP:2071,cmAPP:2112,US20220002724A1|Table18|Neuro2A cell line|0.1nM|24h,f8e112462608f680,-0.4119,0.0747,0.18719999999999998,,Replicate number and shared-control covariance not resolved; SDs are not SEs.,chemistry_tree,0.003456258347514729,5848c205ff64ecf8,0.4153562583475147
473de2be4f7d6584,cmAPP:2067,cmAPP:2116,US20220002724A1|Table18|Neuro2A cell line|0.1nM|24h,fc5b0d0c97a6e528,-0.6101000000000001,0.061500000000000006,0.3147,,Replicate number and shared-control covariance not resolved; SDs are not SEs.,chemistry_tree,0.0003112938543631816,8a110cbb1ec4bb37,0.6104112938543633
8baebb96c0af3c90,cmAPP:1950,cmAPP:1995,US20220002724A1|Table18|Neuro2A cell line|1.0nM|24h,0776c55821f47af8,-0.09720000000000006,0.024300000000000002,0.0365,,Replicate number and shared-control covariance not resolved; SDs are not SEs.,chemistry_tree,0.0024631867619858694,151435cc8a45853a,0.09966318676198593
c55d3bcca2d2a449,cmAPP:1955,cmAPP:2001,US20220002724A1|Table18|Neuro2A cell line|1.0nM|24h,3e9731dfbff94adf,0.023700000000000054,0.0421,0.0274,,Replicate number and shared-control covariance not resolved; SDs are not SEs.,chemistry_tree,0.0006515366996558969,2c34ab854a6ad95b,-0.023048463300344157
ef7b3a1b137a6db8,cmAPP:1953,cmAPP:1998,US20220002724A1|Table18|Neuro2A cell line|1.0nM|24h,eb357f6ecf50b6e8,-0.022199999999999998,0.0733,0.0483,,Replicate number and shared-control covariance not resolved; SDs are not SEs.,chemistry_tree,5.0371791219805395e-05,151435cc8a45853a,0.022250371791219803
675d15d359e354d5,cmAPP:1985,cmAPP:2030,US20220002724A1|Table18|Neuro2A cell line|1.0nM|24h,fade1d64d4e768d6,-0.09120000000000006,0.0105,0.04769999999999999,,Replicate number and shared-control covariance not resolved; SDs are not SEs.,chemistry_tree,0.0005648445948012726,28639edc531a2e1a,0.09176484459480133
5e97508244c8c76c,cmAPP:1988,cmAPP:2033,US20220002724A1|Table18|Neuro2A cell line|1.0nM|24h,f6ee2f45d0df4f59,-0.16470000000000007,0.08710000000000001,0.025699999999999997,,Replicate number and shared-control covariance not resolved; SDs are not SEs.,chemistry_tree,0.00048783121602957724,5848c205ff64ecf8,0.16518783121602965
1711355de18f68c1,cmAPP:1957,cmAPP:2000,US20220002724A1|Table18|Neuro2A cell line|1.0nM|24h,3e6cac1d7a027cc7,-0.3823999999999999,0.036000000000000004,0.054400000000000004,,Replicate number and shared-control covariance not resolved; SDs are not SEs.,chemistry_tree,0.0003539391808167758,9fea29da568e9bc1,0.3827539391808167
7d9ac8b735ba4661,cmAPP:1951,cmAPP:1996,US20220002724A1|Table18|Neuro2A cell line|1.0nM|24h,45af11f0ecbd8a55,0.03709999999999991,0.0533,0.0337,,Replicate number and shared-control covariance not resolved; SDs are not SEs.,chemistry_tree,0.002333697958136649,1212da56aac7a198,-0.03476630204186326
98f93e5fbbd41ec8,cmAPP:1967,cmAPP:2012,US20220002724A1|Table18|Neuro2A cell line|1.0nM|24h,74fc9298d8663f62,0.10929999999999995,0.0698,0.0123,,Replicate number and shared-control covariance not resolved; SDs are not SEs.,chemistry_tree,0.0003343328391745559,2c34ab854a6ad95b,-0.1089656671608254
a15df525a6a379e5,cmAPP:1975,cmAPP:2024,US20220002724A1|Table18|Neuro2A cell line|1.0nM|24h,5a42a7b5778aafe4,0.030400000000000094,0.0661,0.0528,,Replicate number and shared-control covariance not resolved; SDs are not SEs.,chemistry_tree,0.0002687020691172215,28639edc531a2e1a,-0.030131297930882872
8ab99b4d0257f181,cmAPP:1961,cmAPP:2006,US20220002724A1|Table18|Neuro2A cell line|1.0nM|24h,a50d407955561c5c,-0.07660000000000011,0.0401,0.09820000000000001,,Replicate number and shared-control covariance not resolved; SDs are not SEs.,chemistry_tree,0.000546517103455102,1212da56aac7a198,0.07714651710345521
62524e0c73da8dd0,cmAPP:1983,cmAPP:2028,US20220002724A1|Table18|Neuro2A cell line|1.0nM|24h,85329346f986aa0e,-0.512,0.0333,0.0638,,Replicate number and shared-control covariance not resolved; SDs are not SEs.,chemistry_tree,0.00038080050667171905,10c405d304cc4e37,0.5123808005066717
dbc2ab9cc107017b,cmAPP:1979,cmAPP:2020,US20220002724A1|Table18|Neuro2A cell line|1.0nM|24h,820566fd78cb47f2,0.039799999999999836,0.1002,0.11699999999999999,,Replicate number and shared-control covariance not resolved; SDs are not SEs.,chemistry_tree,0.00020107305397804032,1c10d86ec1a802f4,-0.039598926946021795
de9de367cfd0516a,cmAPP:1964,cmAPP:2009,US20220002724A1|Table18|Neuro2A cell line|1.0nM|24h,79a2a66f9d75e712,-0.6374,0.0904,0.1176,,Replicate number and shared-control covariance not resolved; SDs are not SEs.,chemistry_tree,0.0011483777767375969,9620aee947fd49ea,0.6385483777767376
ca0223cac79b16f0,cmAPP:1958,cmAPP:2003,US20220002724A1|Table18|Neuro2A cell line|1.0nM|24h,aa8876968f9c4717,-0.010599999999999943,0.0891,0.08070000000000001,,Replicate number and shared-control covariance not resolved; SDs are not SEs.,chemistry_tree,0.002852760015761402,1c10d86ec1a802f4,0.013452760015761345
c78c802f0ed94739,cmAPP:1987,cmAPP:2032,US20220002724A1|Table18|Neuro2A cell line|1.0nM|24h,2bd44ce61ea23b9f,-0.0394000000000001,0.0444,0.031200000000000002,,Replicate number and shared-control covariance not resolved; SDs are not SEs.,chemistry_tree,0.001842450679819585,2c34ab854a6ad95b,0.04124245067981969
18c6d9223a20ba73,cmAPP:1980,cmAPP:2021,US20220002724A1|Table18|Neuro2A cell line|1.0nM|24h,b5c37d5063356d65,0.15689999999999993,0.0768,0.0052,,Replicate number and shared-control covariance not resolved; SDs are not SEs.,chemistry_tree,-0.00022920186944230814,5848c205ff64ecf8,-0.15712920186944224
61808a59ae1e72f6,cmAPP:1945,cmAPP:1990,US20220002724A1|Table18|Neuro2A cell line|1.0nM|24h,4683b2d184b687a0,-0.022299999999999986,0.0379,0.0414,,Replicate number and shared-control covariance not resolved; SDs are not SEs.,chemistry_tree,7.161763187080172e-05,17103b04fab21cdc,0.022371617631870788
4aba9407294ef0a7,cmAPP:1956,cmAPP:2002,US20220002724A1|Table18|Neuro2A cell line|1.0nM|24h,e8641df94cf5d311,0.011099999999999999,0.045,0.0151,,Replicate number and shared-control covariance not resolved; SDs are not SEs.,chemistry_tree,0.004204128699534793,2c34ab854a6ad95b,-0.006895871300465206
aae93bc901d599ee,cmAPP:1948,cmAPP:1993,US20220002724A1|Table18|Neuro2A cell line|1.0nM|24h,a7b957bcca2f20cf,0.015799999999999925,0.0304,0.06,,Replicate number and shared-control covariance not resolved; SDs are not SEs.,chemistry_tree,0.0001875600762075713,17103b04fab21cdc,-0.015612439923792354
f77d454e0640bee9,cmAPP:1986,cmAPP:2031,US20220002724A1|Table18|Neuro2A cell line|1.0nM|24h,cf253444cfae0542,-0.25849999999999995,0.027200000000000002,0.0181,,Replicate number and shared-control covariance not resolved; SDs are not SEs.,chemistry_tree,0.0007917341733296168,28639edc531a2e1a,0.25929173417332957
29266f87dbea9446,cmAPP:1972,cmAPP:2017,US20220002724A1|Table18|Neuro2A cell line|1.0nM|24h,f158caa9d2d33d64,-0.011599999999999944,0.0276,0.037200000000000004,,Replicate number and shared-control covariance not resolved; SDs are not SEs.,chemistry_tree,-0.0004106006451026767,2c34ab854a6ad95b,0.011189399354897267
4c96170b7a5e6348,cmAPP:1971,cmAPP:2016,US20220002724A1|Table18|Neuro2A cell line|1.0nM|24h,28e3362d3f9b2da2,-0.11339999999999983,0.0482,0.0404,,Replicate number and shared-control covariance not resolved; SDs are not SEs.,chemistry_tree,-0.0005234341426498257,28639edc531a2e1a,0.11287656585735001
0ef70c3bf1ed6748,cmAPP:1984,cmAPP:2029,US20220002724A1|Table18|Neuro2A cell line|1.0nM|24h,99751c2cb3cfdf23,-0.07260000000000011,0.0481,0.08990000000000001,,Replicate number and shared-control covariance not resolved; SDs are not SEs.,chemistry_tree,0.0006579423269542639,28639edc531a2e1a,0.07325794232695437
349eec1ddda15478,cmAPP:1982,cmAPP:2027,US20220002724A1|Table18|Neuro2A cell line|1.0nM|24h,485d856ba812fc3a,-0.36660000000000004,0.127,0.09949999999999999,,Replicate number and shared-control covariance not resolved; SDs are not SEs.,chemistry_tree,0.00030665390343154186,72478f51d38ee208,0.3669066539034316
c516136711beb154,cmAPP:1981,cmAPP:2022,US20220002724A1|Table18|Neuro2A cell line|1.0nM|24h,f8e112462608f680,-0.43430000000000013,0.0325,0.1017,,Replicate number and shared-control covariance not resolved; SDs are not SEs.,chemistry_tree,0.003456258347514729,5848c205ff64ecf8,0.43775625834751486
becdd89127e663db,cmAPP:1977,cmAPP:2026,US20220002724A1|Table18|Neuro2A cell line|1.0nM|24h,fc5b0d0c97a6e528,-0.5430999999999999,0.047599999999999996,0.062400000000000004,,Replicate number and shared-control covariance not resolved; SDs are not SEs.,chemistry_tree,0.0003112938543631816,8a110cbb1ec4bb37,0.5434112938543632
eb05d8fd23cb21a3,cmAPP:1860,cmAPP:1905,US20220002724A1|Table18|Neuro2A cell line|10.0nM|24h,0776c55821f47af8,-0.10529999999999995,0.0024,0.021,,Replicate number and shared-control covariance not resolved; SDs are not SEs.,chemistry_tree,0.001080445096461824,151435cc8a45853a,0.10638044509646177
db6359943b17ecc7,cmAPP:1865,cmAPP:1911,US20220002724A1|Table18|Neuro2A cell line|10.0nM|24h,3e9731dfbff94adf,-0.019300000000000095,0.0095,0.0076,,Replicate number and shared-control covariance not resolved; SDs are not SEs.,chemistry_tree,0.0006515366996560079,2c34ab854a6ad95b,0.019951536699656103
4e91bc478f4a4aaa,cmAPP:1863,cmAPP:1908,US20220002724A1|Table18|Neuro2A cell line|10.0nM|24h,eb357f6ecf50b6e8,-0.006599999999999939,0.0008,0.0070999999999999995,,Replicate number and shared-control covariance not resolved; SDs are not SEs.,chemistry_tree,5.037179121969437e-05,151435cc8a45853a,0.006650371791219634
aa3134d53203d34e,cmAPP:1895,cmAPP:1940,US20220002724A1|Table18|Neuro2A cell line|10.0nM|24h,fade1d64d4e768d6,-0.028799999999999937,0.0143,0.052199999999999996,,Replicate number and shared-control covariance not resolved; SDs are not SEs.,chemistry_tree,0.0005648445948012171,28639edc531a2e1a,0.029364844594801154
ffc888cf36b05bc2,cmAPP:1898,cmAPP:1943,US20220002724A1|Table18|Neuro2A cell line|10.0nM|24h,f6ee2f45d0df4f59,-0.1835,0.0184,0.0542,,Replicate number and shared-control covariance not resolved; SDs are not SEs.,chemistry_tree,-0.0008695064116432949,5848c205ff64ecf8,0.1826304935883567
5c37a4bb04018995,cmAPP:1867,cmAPP:1910,US20220002724A1|Table18|Neuro2A cell line|10.0nM|24h,3e6cac1d7a027cc7,-0.276,0.0181,0.1264,,Replicate number and shared-control covariance not resolved; SDs are not SEs.,chemistry_tree,0.0003539391808168868,9fea29da568e9bc1,0.2763539391808169
dd6c1c7202e5a255,cmAPP:1861,cmAPP:1906,US20220002724A1|Table18|Neuro2A cell line|10.0nM|24h,45af11f0ecbd8a55,-0.012000000000000122,0.0007000000000000001,0.0051,,Replicate number and shared-control covariance not resolved; SDs are not SEs.,chemistry_tree,0.0019742535236925707,1212da56aac7a198,0.013974253523692692
db76931262b18262,cmAPP:1877,cmAPP:1922,US20220002724A1|Table18|Neuro2A cell line|10.0nM|24h,74fc9298d8663f62,-0.022599999999999842,0.0347,0.0526,,Replicate number and shared-control covariance not resolved; SDs are not SEs.,chemistry_tree,0.0003343328391745559,2c34ab854a6ad95b,0.0229343328391744
fb01500214324543,cmAPP:1885,cmAPP:1934,US20220002724A1|Table18|Neuro2A cell line|10.0nM|24h,5a42a7b5778aafe4,-0.0014000000000000679,0.0278,0.0077,,Replicate number and shared-control covariance not resolved; SDs are not SEs.,chemistry_tree,-0.0006026110374145466,28639edc531a2e1a,0.0007973889625855213
edbdac59a2065c45,cmAPP:1871,cmAPP:1916,US20220002724A1|Table18|Neuro2A cell line|10.0nM|24h,a50d407955561c5c,-0.011399999999999966,0.0015,0.012199999999999999,,Replicate number and shared-control covariance not resolved; SDs are not SEs.,chemistry_tree,7.985045135849855e-05,1212da56aac7a198,0.011479850451358464
bdc3962cc20e139b,cmAPP:1893,cmAPP:1938,US20220002724A1|Table18|Neuro2A cell line|10.0nM|24h,85329346f986aa0e,-0.2084999999999999,0.020499999999999997,0.0317,,Replicate number and shared-control covariance not resolved; SDs are not SEs.,chemistry_tree,-0.00033421630434410377,10c405d304cc4e37,0.2081657836956558
a40c86511b365ffd,cmAPP:1889,cmAPP:1930,US20220002724A1|Table18|Neuro2A cell line|10.0nM|24h,820566fd78cb47f2,-0.26639999999999997,0.0363,0.12179999999999999,,Replicate number and shared-control covariance not resolved; SDs are not SEs.,chemistry_tree,0.00020107305397787378,1c10d86ec1a802f4,0.26660107305397784
c748ab46e40eb3c6,cmAPP:1874,cmAPP:1919,US20220002724A1|Table18|Neuro2A cell line|10.0nM|24h,79a2a66f9d75e712,-0.7228,0.0068000000000000005,0.22719999999999999,,Replicate number and shared-control covariance not resolved; SDs are not SEs.,chemistry_tree,-0.00012714167113375696,9620aee947fd49ea,0.7226728583288662
8462c3a551411df3,cmAPP:1868,cmAPP:1913,US20220002724A1|Table18|Neuro2A cell line|10.0nM|24h,aa8876968f9c4717,-0.24370000000000014,0.0321,0.1251,,Replicate number and shared-control covariance not resolved; SDs are not SEs.,chemistry_tree,0.0026078217599330156,1c10d86ec1a802f4,0.24630782175993315
72fdff714d1fc08e,cmAPP:1897,cmAPP:1942,US20220002724A1|Table18|Neuro2A cell line|10.0nM|24h,2bd44ce61ea23b9f,-0.06989999999999996,0.019,0.037000000000000005,,Replicate number and shared-control covariance not resolved; SDs are not SEs.,chemistry_tree,0.0008893193934863541,2c34ab854a6ad95b,0.07078931939348632
5216d53e06ede17c,cmAPP:1890,cmAPP:1931,US20220002724A1|Table18|Neuro2A cell line|10.0nM|24h,b5c37d5063356d65,0.017800000000000038,0.0196,0.001,,Replicate number and shared-control covariance not resolved; SDs are not SEs.,chemistry_tree,-0.00022920186944219711,5848c205ff64ecf8,-0.018029201869442235
1b4f407ebbaeb5b2,cmAPP:1855,cmAPP:1900,US20220002724A1|Table18|Neuro2A cell line|10.0nM|24h,4683b2d184b687a0,-0.04720000000000002,0.0007000000000000001,0.030699999999999998,,Replicate number and shared-control covariance not resolved; SDs are not SEs.,chemistry_tree,-0.000333028822564696,17103b04fab21cdc,0.046866971177435324
a4c4b94f50336897,cmAPP:1866,cmAPP:1912,US20220002724A1|Table18|Neuro2A cell line|10.0nM|24h,e8641df94cf5d311,-0.0341999999999999,0.0053,0.011899999999999999,,Replicate number and shared-control covariance not resolved; SDs are not SEs.,chemistry_tree,0.003043115430279353,2c34ab854a6ad95b,0.03724311543027925
790c224fb15729e8,cmAPP:1858,cmAPP:1903,US20220002724A1|Table18|Neuro2A cell line|10.0nM|24h,a7b957bcca2f20cf,-0.03939999999999999,0.012,0.013999999999999999,,Replicate number and shared-control covariance not resolved; SDs are not SEs.,chemistry_tree,-5.737817962037095e-05,17103b04fab21cdc,0.03934262182037962
8cfd4f27b028eb77,cmAPP:1896,cmAPP:1941,US20220002724A1|Table18|Neuro2A cell line|10.0nM|24h,cf253444cfae0542,-0.242,0.0068000000000000005,0.0691,,Replicate number and shared-control covariance not resolved; SDs are not SEs.,chemistry_tree,-0.00020615901989912144,28639edc531a2e1a,0.24179384098010087
46898ba7d044be9b,cmAPP:1882,cmAPP:1927,US20220002724A1|Table18|Neuro2A cell line|10.0nM|24h,f158caa9d2d33d64,0.0007000000000000339,0.0242,0.0287,,Replicate number and shared-control covariance not resolved; SDs are not SEs.,chemistry_tree,-0.0004106006451026767,2c34ab854a6ad95b,-0.0011106006451027106
9b2d1052c5390363,cmAPP:1881,cmAPP:1926,US20220002724A1|Table18|Neuro2A cell line|10.0nM|24h,28e3362d3f9b2da2,-0.018500000000000072,0.0043,0.0105,,Replicate number and shared-control covariance not resolved; SDs are not SEs.,chemistry_tree,-0.0005234341426497147,28639edc531a2e1a,0.017976565857350357
3cf75a1628ce2443,cmAPP:1894,cmAPP:1939,US20220002724A1|Table18|Neuro2A cell line|10.0nM|24h,99751c2cb3cfdf23,-0.07340000000000002,0.0017000000000000001,0.0179,,Replicate number and shared-control covariance not resolved; SDs are not SEs.,chemistry_tree,0.0002984978925100745,28639edc531a2e1a,0.0736984978925101
78964639effd56c0,cmAPP:1892,cmAPP:1937,US20220002724A1|Table18|Neuro2A cell line|10.0nM|24h,485d856ba812fc3a,-0.33120000000000005,0.046799999999999994,0.11320000000000001,,Replicate number and shared-control covariance not resolved; SDs are not SEs.,chemistry_tree,6.171564760348858e-05,72478f51d38ee208,0.33126171564760354
d1d883357891e048,cmAPP:1891,cmAPP:1932,US20220002724A1|Table18|Neuro2A cell line|10.0nM|24h,f8e112462608f680,-0.3360000000000001,0.0024,0.1892,,Replicate number and shared-control covariance not resolved; SDs are not SEs.,chemistry_tree,0.0032113200916865647,5848c205ff64ecf8,0.33921132009168664
6e2a61766f596436,cmAPP:1887,cmAPP:1936,US20220002724A1|Table18|Neuro2A cell line|10.0nM|24h,fc5b0d0c97a6e528,-0.4691000000000001,0.0074,0.055099999999999996,,Replicate number and shared-control covariance not resolved; SDs are not SEs.,chemistry_tree,0.0003112938543632926,8a110cbb1ec4bb37,0.46941129385436337
93389904f33e7718,cmAPP:1770,cmAPP:1815,US20220002724A1|Table17|Be(2)C cell line|0.1nM|24h,0776c55821f47af8,-1.6145,0.0704,0.13849999999999998,,Replicate number and shared-control covariance not resolved; SDs are not SEs.,gnn,0.023614833752314213,151435cc8a45853a,1.6381148337523141
e24b7d2aa22bb55c,cmAPP:1775,cmAPP:1821,US20220002724A1|Table17|Be(2)C cell line|0.1nM|24h,3e9731dfbff94adf,-0.9341,0.0596,0.3439,,Replicate number and shared-control covariance not resolved; SDs are not SEs.,gnn,0.012502839167912783,2c34ab854a6ad95b,0.9466028391679129
c5b8e137a303cb45,cmAPP:1773,cmAPP:1818,US20220002724A1|Table17|Be(2)C cell line|0.1nM|24h,eb357f6ecf50b6e8,-0.021100000000000008,0.0848,0.1288,,Replicate number and shared-control covariance not resolved; SDs are not SEs.,gnn,0.060002764066060366,151435cc8a45853a,0.08110276406606037
5b10002dc6e9b311,cmAPP:1805,cmAPP:1850,US20220002724A1|Table17|Be(2)C cell line|0.1nM|24h,fade1d64d4e768d6,0.3319,0.2754,0.0858,,Replicate number and shared-control covariance not resolved; SDs are not SEs.,gnn,0.05810784300168348,28639edc531a2e1a,-0.2737921569983165
34a0cf77853c520f,cmAPP:1808,cmAPP:1853,US20220002724A1|Table17|Be(2)C cell line|0.1nM|24h,f6ee2f45d0df4f59,0.5641999999999998,0.4637,0.4285,,Replicate number and shared-control covariance not resolved; SDs are not SEs.,gnn,0.0384058952331543,5848c205ff64ecf8,-0.5257941047668455
53bd4571937b65d8,cmAPP:1777,cmAPP:1820,US20220002724A1|Table17|Be(2)C cell line|0.1nM|24h,3e6cac1d7a027cc7,-1.8657,0.1051,0.4839,,Replicate number and shared-control covariance not resolved; SDs are not SEs.,gnn,0.010948558648427309,9fea29da568e9bc1,1.8766485586484272
c8e8c0b442f5a1a1,cmAPP:1771,cmAPP:1816,US20220002724A1|Table17|Be(2)C cell line|0.1nM|24h,45af11f0ecbd8a55,-0.8776,0.047599999999999996,0.087,,Replicate number and shared-control covariance not resolved; SDs are not SEs.,gnn,0.024304956197738703,1212da56aac7a198,0.9019049561977388
ac1b30806815ea4e,cmAPP:1787,cmAPP:1832,US20220002724A1|Table17|Be(2)C cell line|0.1nM|24h,74fc9298d8663f62,-0.8095999999999999,0.1321,0.4403,,Replicate number and shared-control covariance not resolved; SDs are not SEs.,gnn,0.029764304558436094,2c34ab854a6ad95b,0.839364304558436
8aa63b5c3ecd924d,cmAPP:1795,cmAPP:1844,US20220002724A1|Table17|Be(2)C cell line|0.1nM|24h,5a42a7b5778aafe4,-0.5152,0.2846,0.19870000000000002,,Replicate number and shared-control covariance not resolved; SDs are not SEs.,gnn,0.03173197309176129,28639edc531a2e1a,0.5469319730917612
d3de99befe559e4d,cmAPP:1781,cmAPP:1826,US20220002724A1|Table17|Be(2)C cell line|0.1nM|24h,a50d407955561c5c,-0.22190000000000004,0.1041,0.2195,,Replicate number and shared-control covariance not resolved; SDs are not SEs.,gnn,0.05199187000592548,1212da56aac7a198,0.2738918700059255
7145b489500dbd80,cmAPP:1803,cmAPP:1848,US20220002724A1|Table17|Be(2)C cell line|0.1nM|24h,85329346f986aa0e,-0.8083999999999999,0.061200000000000004,0.2516,,Replicate number and shared-control covariance not resolved; SDs are not SEs.,gnn,0.001074671745300293,10c405d304cc4e37,0.8094746717453002
05b4895f7bcd4c42,cmAPP:1799,cmAPP:1840,US20220002724A1|Table17|Be(2)C cell line|0.1nM|24h,820566fd78cb47f2,0.3812,0.0344,0.2104,,Replicate number and shared-control covariance not resolved; SDs are not SEs.,gnn,0.05908135573069262,1c10d86ec1a802f4,-0.32211864426930736
b6967a59b842adff,cmAPP:1784,cmAPP:1829,US20220002724A1|Table17|Be(2)C cell line|0.1nM|24h,79a2a66f9d75e712,-2.8806,0.11789999999999999,0.5047999999999999,,Replicate number and shared-control covariance not resolved; SDs are not SEs.,gnn,0.03138244152069092,9620aee947fd49ea,2.9119824415206907
059e26913d78b631,cmAPP:1778,cmAPP:1823,US20220002724A1|Table17|Be(2)C cell line|0.1nM|24h,aa8876968f9c4717,-1.8751,0.1424,0.1273,,Replicate number and shared-control covariance not resolved; SDs are not SEs.,gnn,0.04262749354044587,1c10d86ec1a802f4,1.9177274935404458
6ca5840cef4726ff,cmAPP:1807,cmAPP:1852,US20220002724A1|Table17|Be(2)C cell line|0.1nM|24h,2bd44ce61ea23b9f,0.17810000000000004,0.1475,0.1971,,Replicate number and shared-control covariance not resolved; SDs are not SEs.,gnn,0.019208014011383112,2c34ab854a6ad95b,-0.15889198598861692
327843b402480d74,cmAPP:1800,cmAPP:1841,US20220002724A1|Table17|Be(2)C cell line|0.1nM|24h,b5c37d5063356d65,0.5433,0.4465,0.1478,,Replicate number and shared-control covariance not resolved; SDs are not SEs.,gnn,0.0018828213214874268,5848c205ff64ecf8,-0.5414171786785126
1d5a6a30d03d4ace,cmAPP:1765,cmAPP:1810,US20220002724A1|Table17|Be(2)C cell line|0.1nM|24h,4683b2d184b687a0,-0.4945,0.12050000000000001,0.1419,,Replicate number and shared-control covariance not resolved; SDs are not SEs.,gnn,0.022564580043157034,17103b04fab21cdc,0.517064580043157
a1cbdd76747c5064,cmAPP:1776,cmAPP:1822,US20220002724A1|Table17|Be(2)C cell line|0.1nM|24h,e8641df94cf5d311,-0.6519000000000001,0.0775,0.17120000000000002,,Replicate number and shared-control covariance not resolved; SDs are not SEs.,gnn,0.03925253947575891,2c34ab854a6ad95b,0.691152539475759
4490c940bfdaa814,cmAPP:1768,cmAPP:1813,US20220002724A1|Table17|Be(2)C cell line|0.1nM|24h,a7b957bcca2f20cf,-0.935,0.1338,0.09609999999999999,,Replicate number and shared-control covariance not resolved; SDs are not SEs.,gnn,0.027417659759521484,17103b04fab21cdc,0.9624176597595215
382a0a377b849c67,cmAPP:1806,cmAPP:1851,US20220002724A1|Table17|Be(2)C cell line|0.1nM|24h,cf253444cfae0542,0.2361,0.3618,0.3897,,Replicate number and shared-control covariance not resolved; SDs are not SEs.,gnn,0.019775787989298466,28639edc531a2e1a,-0.21632421201070154
50548dbd9fb26ec9,cmAPP:1792,cmAPP:1837,US20220002724A1|Table17|Be(2)C cell line|0.1nM|24h,f158caa9d2d33d64,-0.3258999999999999,0.3096,0.0693,,Replicate number and shared-control covariance not resolved; SDs are not SEs.,gnn,0.03329896926879883,2c34ab854a6ad95b,0.35919896926879874
b5c2328a2c4ba021,cmAPP:1791,cmAPP:1836,US20220002724A1|Table17|Be(2)C cell line|0.1nM|24h,28e3362d3f9b2da2,-1.0455,0.030600000000000002,0.2801,,Replicate number and shared-control covariance not resolved; SDs are not SEs.,gnn,0.043716748555501284,28639edc531a2e1a,1.0892167485555013
086646f70e89b7e8,cmAPP:1804,cmAPP:1849,US20220002724A1|Table17|Be(2)C cell line|0.1nM|24h,99751c2cb3cfdf23,-0.6019,0.1164,0.5791,,Replicate number and shared-control covariance not resolved; SDs are not SEs.,gnn,0.023681352535883604,28639edc531a2e1a,0.6255813525358835
dbf5b6e05f2fd199,cmAPP:1802,cmAPP:1847,US20220002724A1|Table17|Be(2)C cell line|0.1nM|24h,485d856ba812fc3a,-0.8087999999999997,0.5171,0.0882,,Replicate number and shared-control covariance not resolved; SDs are not SEs.,gnn,0.010749687751134218,72478f51d38ee208,0.8195496877511339
ae0b1f16d5b39dea,cmAPP:1801,cmAPP:1842,US20220002724A1|Table17|Be(2)C cell line|0.1nM|24h,f8e112462608f680,0.43200000000000005,0.13390000000000002,0.1041,,Replicate number and shared-control covariance not resolved; SDs are not SEs.,gnn,0.028034319480260195,5848c205ff64ecf8,-0.40396568051973986
dff31405206d397b,cmAPP:1797,cmAPP:1846,US20220002724A1|Table17|Be(2)C cell line|0.1nM|24h,fc5b0d0c97a6e528,-1.5217999999999998,0.1784,0.1663,,Replicate number and shared-control covariance not resolved; SDs are not SEs.,gnn,0.002659181753794315,8a110cbb1ec4bb37,1.524459181753794
66ba2338161aed27,cmAPP:1680,cmAPP:1725,US20220002724A1|Table17|Be(2)C cell line|1.0nM|24h,0776c55821f47af8,-0.12819999999999987,0.026000000000000002,0.013500000000000002,,Replicate number and shared-control covariance not resolved; SDs are not SEs.,gnn,0.024340053399403816,151435cc8a45853a,0.15254005339940369
a85eb0b11202f59e,cmAPP:1685,cmAPP:1731,US20220002724A1|Table17|Be(2)C cell line|1.0nM|24h,3e9731dfbff94adf,-0.07189999999999996,0.0286,0.0496,,Replicate number and shared-control covariance not resolved; SDs are not SEs.,gnn,0.01360629995663959,2c34ab854a6ad95b,0.08550629995663955
c09f8ea736c8479d,cmAPP:1683,cmAPP:1728,US20220002724A1|Table17|Be(2)C cell line|1.0nM|24h,eb357f6ecf50b6e8,-0.014399999999999968,0.0364,0.0256,,Replicate number and shared-control covariance not resolved; SDs are not SEs.,gnn,0.06128264466921479,151435cc8a45853a,0.07568264466921476
0ee5a5f6520a7c7a,cmAPP:1715,cmAPP:1760,US20220002724A1|Table17|Be(2)C cell line|1.0nM|24h,fade1d64d4e768d6,-0.17490000000000006,0.0608,0.1155,,Replicate number and shared-control covariance not resolved; SDs are not SEs.,gnn,0.060795863469441824,28639edc531a2e1a,0.23569586346944188
e52464c3fde0c9de,cmAPP:1718,cmAPP:1763,US20220002724A1|Table17|Be(2)C cell line|1.0nM|24h,f6ee2f45d0df4f59,-0.361,0.0562,0.1673,,Replicate number and shared-control covariance not resolved; SDs are not SEs.,gnn,0.039356738328933716,5848c205ff64ecf8,0.4003567383289337
2f48d456f6284b36,cmAPP:1687,cmAPP:1730,US20220002724A1|Table17|Be(2)C cell line|1.0nM|24h,3e6cac1d7a027cc7,-0.3121,0.0704,0.0848,,Replicate number and shared-control covariance not resolved; SDs are not SEs.,gnn,0.011568566163380922,9fea29da568e9bc1,0.3236685661633809
5b8cb0fffb026635,cmAPP:1681,cmAPP:1726,US20220002724A1|Table17|Be(2)C cell line|1.0nM|24h,45af11f0ecbd8a55,0.011099999999999999,0.008,0.0649,,Replicate number and shared-control covariance not resolved; SDs are not SEs.,gnn,0.025494863589604677,1212da56aac7a198,0.014394863589604678
63008ff058569c96,cmAPP:1697,cmAPP:1742,US20220002724A1|Table17|Be(2)C cell line|1.0nM|24h,74fc9298d8663f62,0.005700000000000149,0.06269999999999999,0.1005,,Replicate number and shared-control covariance not resolved; SDs are not SEs.,gnn,0.029764334360758482,2c34ab854a6ad95b,0.024064334360758333
97a210f808788925,cmAPP:1705,cmAPP:1754,US20220002724A1|Table17|Be(2)C cell line|1.0nM|24h,5a42a7b5778aafe4,-0.03459999999999985,0.0934,0.13369999999999999,,Replicate number and shared-control covariance not resolved; SDs are not SEs.,gnn,0.03296353419621789,28639edc531a2e1a,0.06756353419621774
9f45bd9c2c0e94ba,cmAPP:1691,cmAPP:1736,US20220002724A1|Table17|Be(2)C cell line|1.0nM|24h,a50d407955561c5c,-0.1439999999999999,0.10619999999999999,0.07780000000000001,,Replicate number and shared-control covariance not resolved; SDs are not SEs.,gnn,0.0522251923878988,1212da56aac7a198,0.1962251923878987
c6b1006bae31a2f4,cmAPP:1713,cmAPP:1758,US20220002724A1|Table17|Be(2)C cell line|1.0nM|24h,85329346f986aa0e,-0.21630000000000005,0.0141,0.059000000000000004,,Replicate number and shared-control covariance not resolved; SDs are not SEs.,gnn,0.001328965028127016,10c405d304cc4e37,0.21762896502812706
f98feef4cdda1f7a,cmAPP:1709,cmAPP:1750,US20220002724A1|Table17|Be(2)C cell line|1.0nM|24h,820566fd78cb47f2,0.5236000000000001,0.2509,0.2433,,Replicate number and shared-control covariance not resolved; SDs are not SEs.,gnn,0.05887040495872492,1c10d86ec1a802f4,-0.46472959504127515
7a921af808b2dfa6,cmAPP:1694,cmAPP:1739,US20220002724A1|Table17|Be(2)C cell line|1.0nM|24h,79a2a66f9d75e712,-0.5276000000000001,0.0654,0.09939999999999999,,Replicate number and shared-control covariance not resolved; SDs are not SEs.,gnn,0.032338629166285104,9620aee947fd49ea,0.5599386291662851
eb09d956be8bc0bd,cmAPP:1688,cmAPP:1733,US20220002724A1|Table17|Be(2)C cell line|1.0nM|24h,aa8876968f9c4717,0.14549999999999996,0.2898,0.028399999999999998,,Replicate number and shared-control covariance not resolved; SDs are not SEs.,gnn,0.04409200946489972,1c10d86ec1a802f4,-0.10140799053510025
a15328e82188e58f,cmAPP:1717,cmAPP:1762,US20220002724A1|Table17|Be(2)C cell line|1.0nM|24h,2bd44ce61ea23b9f,-0.13879999999999992,0.0291,0.0843,,Replicate number and shared-control covariance not resolved; SDs are not SEs.,gnn,0.01940765976905834,2c34ab854a6ad95b,0.15820765976905826
c118eab8e379718c,cmAPP:1710,cmAPP:1751,US20220002724A1|Table17|Be(2)C cell line|1.0nM|24h,b5c37d5063356d65,0.2778999999999999,0.0418,0.0371,,Replicate number and shared-control covariance not resolved; SDs are not SEs.,gnn,0.0018598536650338837,5848c205ff64ecf8,-0.27604014633496604
bb68ab734a60ad5c,cmAPP:1675,cmAPP:1720,US20220002724A1|Table17|Be(2)C cell line|1.0nM|24h,4683b2d184b687a0,0.022400000000000087,0.0253,0.006999999999999999,,Replicate number and shared-control covariance not resolved; SDs are not SEs.,gnn,0.023663957913716616,17103b04fab21cdc,0.001263957913716529
70da5f6f47632dfe,cmAPP:1686,cmAPP:1732,US20220002724A1|Table17|Be(2)C cell line|1.0nM|24h,e8641df94cf5d311,0.015100000000000113,0.049100000000000005,0.027000000000000003,,Replicate number and shared-control covariance not resolved; SDs are not SEs.,gnn,0.03961056470870977,2c34ab854a6ad95b,0.02451056470870966
0d965a5abd1a268c,cmAPP:1678,cmAPP:1723,US20220002724A1|Table17|Be(2)C cell line|1.0nM|24h,a7b957bcca2f20cf,-0.05410000000000015,0.023799999999999998,0.057699999999999994,,Replicate number and shared-control covariance not resolved; SDs are not SEs.,gnn,0.028623640537261907,17103b04fab21cdc,0.08272364053726206
b994b3eb1c0af55d,cmAPP:1716,cmAPP:1761,US20220002724A1|Table17|Be(2)C cell line|1.0nM|24h,cf253444cfae0542,-0.4706,0.0717,0.13419999999999999,,Replicate number and shared-control covariance not resolved; SDs are not SEs.,gnn,0.019708822170893425,28639edc531a2e1a,0.49030882217089344
fd3f38efafcec3ac,cmAPP:1702,cmAPP:1747,US20220002724A1|Table17|Be(2)C cell line|1.0nM|24h,f158caa9d2d33d64,-0.03489999999999993,0.0555,0.046,,Replicate number and shared-control covariance not resolved; SDs are not SEs.,gnn,0.03333187103271479,2c34ab854a6ad95b,0.06823187103271472
45289904b26c1459,cmAPP:1701,cmAPP:1746,US20220002724A1|Table17|Be(2)C cell line|1.0nM|24h,28e3362d3f9b2da2,-0.29069999999999996,0.01,0.1063,,Replicate number and shared-control covariance not resolved; SDs are not SEs.,gnn,0.045018961032231575,28639edc531a2e1a,0.33571896103223153
f762503ebcc65c82,cmAPP:1714,cmAPP:1759,US20220002724A1|Table17|Be(2)C cell line|1.0nM|24h,99751c2cb3cfdf23,-0.08540000000000003,0.0706,0.081,,Replicate number and shared-control covariance not resolved; SDs are not SEs.,gnn,0.02469933032989502,28639edc531a2e1a,0.11009933032989505
d26bc154c6f7f7ab,cmAPP:1712,cmAPP:1757,US20220002724A1|Table17|Be(2)C cell line|1.0nM|24h,485d856ba812fc3a,-0.36310000000000003,0.0767,0.16260000000000002,,Replicate number and shared-control covariance not resolved; SDs are not SEs.,gnn,0.01046896974245709,72478f51d38ee208,0.3735689697424571
62cb9585f226cf4c,cmAPP:1711,cmAPP:1752,US20220002724A1|Table17|Be(2)C cell line|1.0nM|24h,f8e112462608f680,-0.5549,0.009399999999999999,0.0779,,Replicate number and shared-control covariance not resolved; SDs are not SEs.,gnn,0.030019611120224,5848c205ff64ecf8,0.584919611120224
e7cdd445b47734ce,cmAPP:1707,cmAPP:1756,US20220002724A1|Table17|Be(2)C cell line|1.0nM|24h,fc5b0d0c97a6e528,-0.3610000000000001,0.0946,0.1015,,Replicate number and shared-control covariance not resolved; SDs are not SEs.,gnn,0.002881099780400631,8a110cbb1ec4bb37,0.36388109978040073
0eed2d75f2cde72d,cmAPP:1590,cmAPP:1635,US20220002724A1|Table17|Be(2)C cell line|10.0nM|24h,0776c55821f47af8,-0.40340000000000004,0.0241,0.029500000000000002,,Replicate number and shared-control covariance not resolved; SDs are not SEs.,gnn,0.027682791153589903,151435cc8a45853a,0.43108279115358994
1a6c9baac85f3629,cmAPP:1595,cmAPP:1641,US20220002724A1|Table17|Be(2)C cell line|10.0nM|24h,3e9731dfbff94adf,-0.20189999999999997,0.0129,0.0771,,Replicate number and shared-control covariance not resolved; SDs are not SEs.,gnn,0.015133887529373113,2c34ab854a6ad95b,0.21703388752937308
76e24e5164a31a01,cmAPP:1593,cmAPP:1638,US20220002724A1|Table17|Be(2)C cell line|10.0nM|24h,eb357f6ecf50b6e8,-0.21689999999999998,0.028399999999999998,0.0443,,Replicate number and shared-control covariance not resolved; SDs are not SEs.,gnn,0.06424549221992493,151435cc8a45853a,0.2811454922199249
e284e40848b79caf,cmAPP:1625,cmAPP:1670,US20220002724A1|Table17|Be(2)C cell line|10.0nM|24h,fade1d64d4e768d6,0.14149999999999996,0.0601,0.052000000000000005,,Replicate number and shared-control covariance not resolved; SDs are not SEs.,gnn,0.06715489427248628,28639edc531a2e1a,-0.07434510572751368
9bf5f3d125221e4c,cmAPP:1628,cmAPP:1673,US20220002724A1|Table17|Be(2)C cell line|10.0nM|24h,f6ee2f45d0df4f59,0.1386,0.1333,0.0969,,Replicate number and shared-control covariance not resolved; SDs are not SEs.,gnn,0.04281642039616901,5848c205ff64ecf8,-0.09578357960383099
db264d54acc9cc94,cmAPP:1597,cmAPP:1640,US20220002724A1|Table17|Be(2)C cell line|10.0nM|24h,3e6cac1d7a027cc7,-0.79,0.0475,0.1617,,Replicate number and shared-control covariance not resolved; SDs are not SEs.,gnn,0.011067410310109493,9fea29da568e9bc1,0.8010674103101095
421212f430fb6217,cmAPP:1591,cmAPP:1636,US20220002724A1|Table17|Be(2)C cell line|10.0nM|24h,45af11f0ecbd8a55,-0.04060000000000008,0.024,0.0765,,Replicate number and shared-control covariance not resolved; SDs are not SEs.,gnn,0.027234206597010202,1212da56aac7a198,0.06783420659701028
7ad1ff1601478950,cmAPP:1607,cmAPP:1652,US20220002724A1|Table17|Be(2)C cell line|10.0nM|24h,74fc9298d8663f62,0.0006999999999999229,0.0691,0.026099999999999998,,Replicate number and shared-control covariance not resolved; SDs are not SEs.,gnn,0.030342717965443855,2c34ab854a6ad95b,0.029642717965443932
600169b9f0f80551,cmAPP:1615,cmAPP:1664,US20220002724A1|Table17|Be(2)C cell line|10.0nM|24h,5a42a7b5778aafe4,0.02199999999999991,0.07150000000000001,0.0554,,Replicate number and shared-control covariance not resolved; SDs are not SEs.,gnn,0.03582552075386053,28639edc531a2e1a,0.01382552075386062
409122d11d642bec,cmAPP:1601,cmAPP:1646,US20220002724A1|Table17|Be(2)C cell line|10.0nM|24h,a50d407955561c5c,-0.45020000000000004,0.0212,0.3306,,Replicate number and shared-control covariance not resolved; SDs are not SEs.,gnn,0.05230521162350965,1212da56aac7a198,0.5025052116235097
c465d631789b7798,cmAPP:1623,cmAPP:1668,US20220002724A1|Table17|Be(2)C cell line|10.0nM|24h,85329346f986aa0e,-0.05489999999999995,0.0616,0.0323,,Replicate number and shared-control covariance not resolved; SDs are not SEs.,gnn,0.0014823774496713904,10c405d304cc4e37,0.05638237744967134
dd70d7ef8a4c9374,cmAPP:1619,cmAPP:1660,US20220002724A1|Table17|Be(2)C cell line|10.0nM|24h,820566fd78cb47f2,2.0336,0.2964,0.10300000000000001,,Replicate number and shared-control covariance not resolved; SDs are not SEs.,gnn,0.05891653895378113,1c10d86ec1a802f4,-1.9746834610462187
d69a2449a6634854,cmAPP:1604,cmAPP:1649,US20220002724A1|Table17|Be(2)C cell line|10.0nM|24h,79a2a66f9d75e712,-1.4533999999999998,0.061399999999999996,0.5695,,Replicate number and shared-control covariance not resolved; SDs are not SEs.,gnn,0.03481137752532959,9620aee947fd49ea,1.4882113775253294
e9d357b8d3d85a4e,cmAPP:1598,cmAPP:1643,US20220002724A1|Table17|Be(2)C cell line|10.0nM|24h,aa8876968f9c4717,-0.10759999999999997,0.0746,0.0934,,Replicate number and shared-control covariance not resolved; SDs are not SEs.,gnn,0.04837097724278766,1c10d86ec1a802f4,0.15597097724278763
f3e88314b57e616d,cmAPP:1627,cmAPP:1672,US20220002724A1|Table17|Be(2)C cell line|10.0nM|24h,2bd44ce61ea23b9f,0.1450999999999999,0.075,0.0417,,Replicate number and shared-control covariance not resolved; SDs are not SEs.,gnn,0.0226299564043681,2c34ab854a6ad95b,-0.1224700435956318
450bf38c165fbd1a,cmAPP:1620,cmAPP:1661,US20220002724A1|Table17|Be(2)C cell line|10.0nM|24h,b5c37d5063356d65,0.23629999999999995,0.0346,0.0215,,Replicate number and shared-control covariance not resolved; SDs are not SEs.,gnn,0.0015407204627991278,5848c205ff64ecf8,-0.23475927953720083
d2d72d8278e8ff2f,cmAPP:1585,cmAPP:1630,US20220002724A1|Table17|Be(2)C cell line|10.0nM|24h,4683b2d184b687a0,-0.16439999999999988,0.0392,0.0429,,Replicate number and shared-control covariance not resolved; SDs are not SEs.,gnn,0.028345475594202585,17103b04fab21cdc,0.19274547559420246
8ab257e2caab32a6,cmAPP:1596,cmAPP:1642,US20220002724A1|Table17|Be(2)C cell line|10.0nM|24h,e8641df94cf5d311,-0.16900000000000015,0.0141,0.028399999999999998,,Replicate number and shared-control covariance not resolved; SDs are not SEs.,gnn,0.04252775510152185,2c34ab854a6ad95b,0.211527755101522
cf3a3e7485b31ba0,cmAPP:1588,cmAPP:1633,US20220002724A1|Table17|Be(2)C cell line|10.0nM|24h,a7b957bcca2f20cf,-0.2547999999999999,0.03,0.09269999999999999,,Replicate number and shared-control covariance not resolved; SDs are not SEs.,gnn,0.030813425779342707,17103b04fab21cdc,0.2856134257793426
fca0701bd3bac2f3,cmAPP:1626,cmAPP:1671,US20220002724A1|Table17|Be(2)C cell line|10.0nM|24h,cf253444cfae0542,-0.2828999999999999,0.14429999999999998,0.0999,,Replicate number and shared-control covariance not resolved; SDs are not SEs.,gnn,0.019148369630177797,28639edc531a2e1a,0.30204836963017767
134f453b89ce7319,cmAPP:1612,cmAPP:1657,US20220002724A1|Table17|Be(2)C cell line|10.0nM|24h,f158caa9d2d33d64,0.18099999999999994,0.0599,0.0075,,Replicate number and shared-control covariance not resolved; SDs are not SEs.,gnn,0.03238971034685778,2c34ab854a6ad95b,-0.14861028965314216
34038dbdd4553f7d,cmAPP:1611,cmAPP:1656,US20220002724A1|Table17|Be(2)C cell line|10.0nM|24h,28e3362d3f9b2da2,-0.014200000000000101,0.0373,0.048,,Replicate number and shared-control covariance not resolved; SDs are not SEs.,gnn,0.0505852301915487,28639edc531a2e1a,0.0647852301915488
d17517694a996e9b,cmAPP:1624,cmAPP:1669,US20220002724A1|Table17|Be(2)C cell line|10.0nM|24h,99751c2cb3cfdf23,-0.19910000000000005,0.008199999999999999,0.069,,Replicate number and shared-control covariance not resolved; SDs are not SEs.,gnn,0.028412063916524177,28639edc531a2e1a,0.22751206391652423
2b34f2d44b307ee1,cmAPP:1622,cmAPP:1667,US20220002724A1|Table17|Be(2)C cell line|10.0nM|24h,485d856ba812fc3a,-0.012800000000000034,0.06,0.1607,,Replicate number and shared-control covariance not resolved; SDs are not SEs.,gnn,0.01040996114412951,72478f51d38ee208,0.023209961144129543
58b9f1849445a903,cmAPP:1621,cmAPP:1662,US20220002724A1|Table17|Be(2)C cell line|10.0nM|24h,f8e112462608f680,-0.10060000000000002,0.0401,0.1016,,Replicate number and shared-control covariance not resolved; SDs are not SEs.,gnn,0.03603481252988183,5848c205ff64ecf8,0.13663481252988185
a5c36e48fb124d82,cmAPP:1617,cmAPP:1666,US20220002724A1|Table17|Be(2)C cell line|10.0nM|24h,fc5b0d0c97a6e528,-0.45020000000000004,0.1369,0.18719999999999998,,Replicate number and shared-control covariance not resolved; SDs are not SEs.,gnn,0.0032595793406168805,8a110cbb1ec4bb37,0.4534595793406169
6297178908babdb2,cmAPP:2040,cmAPP:2085,US20220002724A1|Table18|Neuro2A cell line|0.1nM|24h,0776c55821f47af8,-0.28669999999999995,0.0592,0.0308,,Replicate number and shared-control covariance not resolved; SDs are not SEs.,gnn,0.023614813884099306,151435cc8a45853a,0.31031481388409926
e07fbd2f23396c88,cmAPP:2045,cmAPP:2091,US20220002724A1|Table18|Neuro2A cell line|0.1nM|24h,3e9731dfbff94adf,-0.11920000000000008,0.0538,0.0915,,Replicate number and shared-control covariance not resolved; SDs are not SEs.,gnn,0.012502839167912783,2c34ab854a6ad95b,0.13170283916791287
ea69375d6e637f0b,cmAPP:2043,cmAPP:2088,US20220002724A1|Table18|Neuro2A cell line|0.1nM|24h,eb357f6ecf50b6e8,-0.13270000000000004,0.0908,0.026699999999999998,,Replicate number and shared-control covariance not resolved; SDs are not SEs.,gnn,0.06000278393427538,151435cc8a45853a,0.19270278393427542
c805543d26a64bde,cmAPP:2075,cmAPP:2120,US20220002724A1|Table18|Neuro2A cell line|0.1nM|24h,fade1d64d4e768d6,-0.11869999999999992,0.09,0.1231,,Replicate number and shared-control covariance not resolved; SDs are not SEs.,gnn,0.05810782313346857,28639edc531a2e1a,0.1768078231334685
f56e1ddec22a1688,cmAPP:2078,cmAPP:2123,US20220002724A1|Table18|Neuro2A cell line|0.1nM|24h,f6ee2f45d0df4f59,-0.21069999999999994,0.0633,0.09269999999999999,,Replicate number and shared-control covariance not resolved; SDs are not SEs.,gnn,0.03840587536493928,5848c205ff64ecf8,0.24910587536493922
e4cc745fd18c9923,cmAPP:2047,cmAPP:2090,US20220002724A1|Table18|Neuro2A cell line|0.1nM|24h,3e6cac1d7a027cc7,-0.6328999999999999,0.0196,0.1439,,Replicate number and shared-control covariance not resolved; SDs are not SEs.,gnn,0.010948568582534846,9fea29da568e9bc1,0.6438485685825348
fd2a262963837b7f,cmAPP:2041,cmAPP:2086,US20220002724A1|Table18|Neuro2A cell line|0.1nM|24h,45af11f0ecbd8a55,-0.12370000000000003,0.059000000000000004,0.0151,,Replicate number and shared-control covariance not resolved; SDs are not SEs.,gnn,0.024304956197738703,1212da56aac7a198,0.14800495619773874
51c13c0eaed60726,cmAPP:2057,cmAPP:2102,US20220002724A1|Table18|Neuro2A cell line|0.1nM|24h,74fc9298d8663f62,0.14069999999999994,0.0353,0.0542,,Replicate number and shared-control covariance not resolved; SDs are not SEs.,gnn,0.029764284690221188,2c34ab854a6ad95b,-0.11093571530977875
396bdc7f9386d193,cmAPP:2065,cmAPP:2114,US20220002724A1|Table18|Neuro2A cell line|0.1nM|24h,5a42a7b5778aafe4,-0.24690000000000012,0.0611,0.1293,,Replicate number and shared-control covariance not resolved; SDs are not SEs.,gnn,0.03173196315765381,28639edc531a2e1a,0.27863196315765393
fdbf57627003ba04,cmAPP:2051,cmAPP:2096,US20220002724A1|Table18|Neuro2A cell line|0.1nM|24h,a50d407955561c5c,-0.23420000000000007,0.0968,0.0231,,Replicate number and shared-control covariance not resolved; SDs are not SEs.,gnn,0.051991879940033014,1212da56aac7a198,0.2861918799400331
676b84ca4669fe18,cmAPP:2073,cmAPP:2118,US20220002724A1|Table18|Neuro2A cell line|0.1nM|24h,85329346f986aa0e,-0.6031,0.086,0.0694,,Replicate number and shared-control covariance not resolved; SDs are not SEs.,gnn,0.0010747114817301617,10c405d304cc4e37,0.6041747114817302
594ae7af3b916cd2,cmAPP:2069,cmAPP:2110,US20220002724A1|Table18|Neuro2A cell line|0.1nM|24h,820566fd78cb47f2,-0.14290000000000003,0.1174,0.079,,Replicate number and shared-control covariance not resolved; SDs are not SEs.,gnn,0.05908133586247771,1c10d86ec1a802f4,0.20198133586247774
bfb561a0d6a8fc27,cmAPP:2054,cmAPP:2099,US20220002724A1|Table18|Neuro2A cell line|0.1nM|24h,79a2a66f9d75e712,-0.4963,0.0258,0.115,,Replicate number and shared-control covariance not resolved; SDs are not SEs.,gnn,0.031382471323013306,9620aee947fd49ea,0.5276824713230133
5b2264ddc1a7af6c,cmAPP:2048,cmAPP:2093,US20220002724A1|Table18|Neuro2A cell line|0.1nM|24h,aa8876968f9c4717,-0.2509,0.1604,0.0731,,Replicate number and shared-control covariance not resolved; SDs are not SEs.,gnn,0.0426274836063385,1c10d86ec1a802f4,0.2935274836063385
ff45b277fb60624e,cmAPP:2077,cmAPP:2122,US20220002724A1|Table18|Neuro2A cell line|0.1nM|24h,2bd44ce61ea23b9f,-0.1391,0.0673,0.1009,,Replicate number and shared-control covariance not resolved; SDs are not SEs.,gnn,0.019208014011383112,2c34ab854a6ad95b,0.1583080140113831
6a678b00b934044e,cmAPP:2070,cmAPP:2111,US20220002724A1|Table18|Neuro2A cell line|0.1nM|24h,b5c37d5063356d65,0.26859999999999995,0.067,0.06269999999999999,,Replicate number and shared-control covariance not resolved; SDs are not SEs.,gnn,0.0018828411897024444,5848c205ff64ecf8,-0.2667171588102975
d52d528f0aa9bd30,cmAPP:2035,cmAPP:2080,US20220002724A1|Table18|Neuro2A cell line|0.1nM|24h,4683b2d184b687a0,-0.22899999999999987,0.0641,0.0755,,Replicate number and shared-control covariance not resolved; SDs are not SEs.,gnn,0.022564580043157034,17103b04fab21cdc,0.2515645800431569
98341947aa56f870,cmAPP:2046,cmAPP:2092,US20220002724A1|Table18|Neuro2A cell line|0.1nM|24h,e8641df94cf5d311,-0.10649999999999982,0.050499999999999996,0.0414,,Replicate number and shared-control covariance not resolved; SDs are not SEs.,gnn,0.03925252954165126,2c34ab854a6ad95b,0.14575252954165108
e6bc6fc3ddc258ff,cmAPP:2038,cmAPP:2083,US20220002724A1|Table18|Neuro2A cell line|0.1nM|24h,a7b957bcca2f20cf,-0.1522,0.05,0.047400000000000005,,Replicate number and shared-control covariance not resolved; SDs are not SEs.,gnn,0.027417659759521484,17103b04fab21cdc,0.1796176597595215
96c1bc434b0cc0dd,cmAPP:2076,cmAPP:2121,US20220002724A1|Table18|Neuro2A cell line|0.1nM|24h,cf253444cfae0542,-0.3479000000000001,0.0617,0.13119999999999998,,Replicate number and shared-control covariance not resolved; SDs are not SEs.,gnn,0.019775787989298466,28639edc531a2e1a,0.36767578798929856
5fb5972af28fa281,cmAPP:2062,cmAPP:2107,US20220002724A1|Table18|Neuro2A cell line|0.1nM|24h,f158caa9d2d33d64,-0.118,0.1033,0.051100000000000007,,Replicate number and shared-control covariance not resolved; SDs are not SEs.,gnn,0.03329898913701368,2c34ab854a6ad95b,0.15129898913701367
849edfe135b4a285,cmAPP:2061,cmAPP:2106,US20220002724A1|Table18|Neuro2A cell line|0.1nM|24h,28e3362d3f9b2da2,-0.3863000000000001,0.0817,0.08310000000000001,,Replicate number and shared-control covariance not resolved; SDs are not SEs.,gnn,0.043716748555501284,28639edc531a2e1a,0.43001674855550137
0f5070b79250194c,cmAPP:2074,cmAPP:2119,US20220002724A1|Table18|Neuro2A cell line|0.1nM|24h,99751c2cb3cfdf23,-0.42489999999999994,0.0526,0.0729,,Replicate number and shared-control covariance not resolved; SDs are not SEs.,gnn,0.023681332667668697,28639edc531a2e1a,0.44858133266766864
fd35c25e6b032569,cmAPP:2072,cmAPP:2117,US20220002724A1|Table18|Neuro2A cell line|0.1nM|24h,485d856ba812fc3a,-0.12709999999999994,0.1127,0.10310000000000001,,Replicate number and shared-control covariance not resolved; SDs are not SEs.,gnn,0.010749667882919312,72478f51d38ee208,0.13784966788291925
0c7a97d50dabb197,cmAPP:2071,cmAPP:2112,US20220002724A1|Table18|Neuro2A cell line|0.1nM|24h,f8e112462608f680,-0.4119,0.0747,0.18719999999999998,,Replicate number and shared-control covariance not resolved; SDs are not SEs.,gnn,0.028034319480260195,5848c205ff64ecf8,0.4399343194802602
473de2be4f7d6584,cmAPP:2067,cmAPP:2116,US20220002724A1|Table18|Neuro2A cell line|0.1nM|24h,fc5b0d0c97a6e528,-0.6101000000000001,0.061500000000000006,0.3147,,Replicate number and shared-control covariance not resolved; SDs are not SEs.,gnn,0.002659181753794315,8a110cbb1ec4bb37,0.6127591817537944
8baebb96c0af3c90,cmAPP:1950,cmAPP:1995,US20220002724A1|Table18|Neuro2A cell line|1.0nM|24h,0776c55821f47af8,-0.09720000000000006,0.024300000000000002,0.0365,,Replicate number and shared-control covariance not resolved; SDs are not SEs.,gnn,0.024340053399403816,151435cc8a45853a,0.12154005339940388
c55d3bcca2d2a449,cmAPP:1955,cmAPP:2001,US20220002724A1|Table18|Neuro2A cell line|1.0nM|24h,3e9731dfbff94adf,0.023700000000000054,0.0421,0.0274,,Replicate number and shared-control covariance not resolved; SDs are not SEs.,gnn,0.01360629995663959,2c34ab854a6ad95b,-0.010093700043360465
ef7b3a1b137a6db8,cmAPP:1953,cmAPP:1998,US20220002724A1|Table18|Neuro2A cell line|1.0nM|24h,eb357f6ecf50b6e8,-0.022199999999999998,0.0733,0.0483,,Replicate number and shared-control covariance not resolved; SDs are not SEs.,gnn,0.06128264466921479,151435cc8a45853a,0.08348264466921479
675d15d359e354d5,cmAPP:1985,cmAPP:2030,US20220002724A1|Table18|Neuro2A cell line|1.0nM|24h,fade1d64d4e768d6,-0.09120000000000006,0.0105,0.04769999999999999,,Replicate number and shared-control covariance not resolved; SDs are not SEs.,gnn,0.060795863469441824,28639edc531a2e1a,0.15199586346944188
5e97508244c8c76c,cmAPP:1988,cmAPP:2033,US20220002724A1|Table18|Neuro2A cell line|1.0nM|24h,f6ee2f45d0df4f59,-0.16470000000000007,0.08710000000000001,0.025699999999999997,,Replicate number and shared-control covariance not resolved; SDs are not SEs.,gnn,0.039356738328933716,5848c205ff64ecf8,0.20405673832893378
1711355de18f68c1,cmAPP:1957,cmAPP:2000,US20220002724A1|Table18|Neuro2A cell line|1.0nM|24h,3e6cac1d7a027cc7,-0.3823999999999999,0.036000000000000004,0.054400000000000004,,Replicate number and shared-control covariance not resolved; SDs are not SEs.,gnn,0.011568566163380922,9fea29da568e9bc1,0.39396856616338083
7d9ac8b735ba4661,cmAPP:1951,cmAPP:1996,US20220002724A1|Table18|Neuro2A cell line|1.0nM|24h,45af11f0ecbd8a55,0.03709999999999991,0.0533,0.0337,,Replicate number and shared-control covariance not resolved; SDs are not SEs.,gnn,0.025494863589604677,1212da56aac7a198,-0.011605136410395234
98f93e5fbbd41ec8,cmAPP:1967,cmAPP:2012,US20220002724A1|Table18|Neuro2A cell line|1.0nM|24h,74fc9298d8663f62,0.10929999999999995,0.0698,0.0123,,Replicate number and shared-control covariance not resolved; SDs are not SEs.,gnn,0.029764334360758482,2c34ab854a6ad95b,-0.07953566563924147
a15df525a6a379e5,cmAPP:1975,cmAPP:2024,US20220002724A1|Table18|Neuro2A cell line|1.0nM|24h,5a42a7b5778aafe4,0.030400000000000094,0.0661,0.0528,,Replicate number and shared-control covariance not resolved; SDs are not SEs.,gnn,0.03296353419621789,28639edc531a2e1a,0.002563534196217798
8ab99b4d0257f181,cmAPP:1961,cmAPP:2006,US20220002724A1|Table18|Neuro2A cell line|1.0nM|24h,a50d407955561c5c,-0.07660000000000011,0.0401,0.09820000000000001,,Replicate number and shared-control covariance not resolved; SDs are not SEs.,gnn,0.0522251923878988,1212da56aac7a198,0.1288251923878989
62524e0c73da8dd0,cmAPP:1983,cmAPP:2028,US20220002724A1|Table18|Neuro2A cell line|1.0nM|24h,85329346f986aa0e,-0.512,0.0333,0.0638,,Replicate number and shared-control covariance not resolved; SDs are not SEs.,gnn,0.001328965028127016,10c405d304cc4e37,0.513328965028127
dbc2ab9cc107017b,cmAPP:1979,cmAPP:2020,US20220002724A1|Table18|Neuro2A cell line|1.0nM|24h,820566fd78cb47f2,0.039799999999999836,0.1002,0.11699999999999999,,Replicate number and shared-control covariance not resolved; SDs are not SEs.,gnn,0.05887040495872492,1c10d86ec1a802f4,0.019070404958725085
de9de367cfd0516a,cmAPP:1964,cmAPP:2009,US20220002724A1|Table18|Neuro2A cell line|1.0nM|24h,79a2a66f9d75e712,-0.6374,0.0904,0.1176,,Replicate number and shared-control covariance not resolved; SDs are not SEs.,gnn,0.032338629166285104,9620aee947fd49ea,0.669738629166285
ca0223cac79b16f0,cmAPP:1958,cmAPP:2003,US20220002724A1|Table18|Neuro2A cell line|1.0nM|24h,aa8876968f9c4717,-0.010599999999999943,0.0891,0.08070000000000001,,Replicate number and shared-control covariance not resolved; SDs are not SEs.,gnn,0.04409200946489972,1c10d86ec1a802f4,0.05469200946489966
c78c802f0ed94739,cmAPP:1987,cmAPP:2032,US20220002724A1|Table18|Neuro2A cell line|1.0nM|24h,2bd44ce61ea23b9f,-0.0394000000000001,0.0444,0.031200000000000002,,Replicate number and shared-control covariance not resolved; SDs are not SEs.,gnn,0.01940765976905834,2c34ab854a6ad95b,0.05880765976905844
18c6d9223a20ba73,cmAPP:1980,cmAPP:2021,US20220002724A1|Table18|Neuro2A cell line|1.0nM|24h,b5c37d5063356d65,0.15689999999999993,0.0768,0.0052,,Replicate number and shared-control covariance not resolved; SDs are not SEs.,gnn,0.0018598536650338837,5848c205ff64ecf8,-0.15504014633496604
61808a59ae1e72f6,cmAPP:1945,cmAPP:1990,US20220002724A1|Table18|Neuro2A cell line|1.0nM|24h,4683b2d184b687a0,-0.022299999999999986,0.0379,0.0414,,Replicate number and shared-control covariance not resolved; SDs are not SEs.,gnn,0.023663957913716616,17103b04fab21cdc,0.0459639579137166
4aba9407294ef0a7,cmAPP:1956,cmAPP:2002,US20220002724A1|Table18|Neuro2A cell line|1.0nM|24h,e8641df94cf5d311,0.011099999999999999,0.045,0.0151,,Replicate number and shared-control covariance not resolved; SDs are not SEs.,gnn,0.03961056470870977,2c34ab854a6ad95b,0.028510564708709774
aae93bc901d599ee,cmAPP:1948,cmAPP:1993,US20220002724A1|Table18|Neuro2A cell line|1.0nM|24h,a7b957bcca2f20cf,0.015799999999999925,0.0304,0.06,,Replicate number and shared-control covariance not resolved; SDs are not SEs.,gnn,0.028623640537261907,17103b04fab21cdc,0.012823640537261982
f77d454e0640bee9,cmAPP:1986,cmAPP:2031,US20220002724A1|Table18|Neuro2A cell line|1.0nM|24h,cf253444cfae0542,-0.25849999999999995,0.027200000000000002,0.0181,,Replicate number and shared-control covariance not resolved; SDs are not SEs.,gnn,0.019708822170893425,28639edc531a2e1a,0.2782088221708934
29266f87dbea9446,cmAPP:1972,cmAPP:2017,US20220002724A1|Table18|Neuro2A cell line|1.0nM|24h,f158caa9d2d33d64,-0.011599999999999944,0.0276,0.037200000000000004,,Replicate number and shared-control covariance not resolved; SDs are not SEs.,gnn,0.03333187103271479,2c34ab854a6ad95b,0.04493187103271473
4c96170b7a5e6348,cmAPP:1971,cmAPP:2016,US20220002724A1|Table18|Neuro2A cell line|1.0nM|24h,28e3362d3f9b2da2,-0.11339999999999983,0.0482,0.0404,,Replicate number and shared-control covariance not resolved; SDs are not SEs.,gnn,0.045018961032231575,28639edc531a2e1a,0.1584189610322314
0ef70c3bf1ed6748,cmAPP:1984,cmAPP:2029,US20220002724A1|Table18|Neuro2A cell line|1.0nM|24h,99751c2cb3cfdf23,-0.07260000000000011,0.0481,0.08990000000000001,,Replicate number and shared-control covariance not resolved; SDs are not SEs.,gnn,0.02469933032989502,28639edc531a2e1a,0.09729933032989513
349eec1ddda15478,cmAPP:1982,cmAPP:2027,US20220002724A1|Table18|Neuro2A cell line|1.0nM|24h,485d856ba812fc3a,-0.36660000000000004,0.127,0.09949999999999999,,Replicate number and shared-control covariance not resolved; SDs are not SEs.,gnn,0.01046896974245709,72478f51d38ee208,0.3770689697424571
c516136711beb154,cmAPP:1981,cmAPP:2022,US20220002724A1|Table18|Neuro2A cell line|1.0nM|24h,f8e112462608f680,-0.43430000000000013,0.0325,0.1017,,Replicate number and shared-control covariance not resolved; SDs are not SEs.,gnn,0.030019611120224,5848c205ff64ecf8,0.46431961112022413
becdd89127e663db,cmAPP:1977,cmAPP:2026,US20220002724A1|Table18|Neuro2A cell line|1.0nM|24h,fc5b0d0c97a6e528,-0.5430999999999999,0.047599999999999996,0.062400000000000004,,Replicate number and shared-control covariance not resolved; SDs are not SEs.,gnn,0.002881099780400631,8a110cbb1ec4bb37,0.5459810997804005
eb05d8fd23cb21a3,cmAPP:1860,cmAPP:1905,US20220002724A1|Table18|Neuro2A cell line|10.0nM|24h,0776c55821f47af8,-0.10529999999999995,0.0024,0.021,,Replicate number and shared-control covariance not resolved; SDs are not SEs.,gnn,0.027682791153589903,151435cc8a45853a,0.13298279115358985
db6359943b17ecc7,cmAPP:1865,cmAPP:1911,US20220002724A1|Table18|Neuro2A cell line|10.0nM|24h,3e9731dfbff94adf,-0.019300000000000095,0.0095,0.0076,,Replicate number and shared-control covariance not resolved; SDs are not SEs.,gnn,0.015133887529373113,2c34ab854a6ad95b,0.03443388752937321
4e91bc478f4a4aaa,cmAPP:1863,cmAPP:1908,US20220002724A1|Table18|Neuro2A cell line|10.0nM|24h,eb357f6ecf50b6e8,-0.006599999999999939,0.0008,0.0070999999999999995,,Replicate number and shared-control covariance not resolved; SDs are not SEs.,gnn,0.06424549221992493,151435cc8a45853a,0.07084549221992487
aa3134d53203d34e,cmAPP:1895,cmAPP:1940,US20220002724A1|Table18|Neuro2A cell line|10.0nM|24h,fade1d64d4e768d6,-0.028799999999999937,0.0143,0.052199999999999996,,Replicate number and shared-control covariance not resolved; SDs are not SEs.,gnn,0.06715489427248628,28639edc531a2e1a,0.09595489427248621
ffc888cf36b05bc2,cmAPP:1898,cmAPP:1943,US20220002724A1|Table18|Neuro2A cell line|10.0nM|24h,f6ee2f45d0df4f59,-0.1835,0.0184,0.0542,,Replicate number and shared-control covariance not resolved; SDs are not SEs.,gnn,0.04281642039616901,5848c205ff64ecf8,0.226316420396169
5c37a4bb04018995,cmAPP:1867,cmAPP:1910,US20220002724A1|Table18|Neuro2A cell line|10.0nM|24h,3e6cac1d7a027cc7,-0.276,0.0181,0.1264,,Replicate number and shared-control covariance not resolved; SDs are not SEs.,gnn,0.011067410310109493,9fea29da568e9bc1,0.2870674103101095
dd6c1c7202e5a255,cmAPP:1861,cmAPP:1906,US20220002724A1|Table18|Neuro2A cell line|10.0nM|24h,45af11f0ecbd8a55,-0.012000000000000122,0.0007000000000000001,0.0051,,Replicate number and shared-control covariance not resolved; SDs are not SEs.,gnn,0.027234206597010202,1212da56aac7a198,0.039234206597010324
db76931262b18262,cmAPP:1877,cmAPP:1922,US20220002724A1|Table18|Neuro2A cell line|10.0nM|24h,74fc9298d8663f62,-0.022599999999999842,0.0347,0.0526,,Replicate number and shared-control covariance not resolved; SDs are not SEs.,gnn,0.030342717965443855,2c34ab854a6ad95b,0.0529427179654437
fb01500214324543,cmAPP:1885,cmAPP:1934,US20220002724A1|Table18|Neuro2A cell line|10.0nM|24h,5a42a7b5778aafe4,-0.0014000000000000679,0.0278,0.0077,,Replicate number and shared-control covariance not resolved; SDs are not SEs.,gnn,0.03582552075386053,28639edc531a2e1a,0.0372255207538606
edbdac59a2065c45,cmAPP:1871,cmAPP:1916,US20220002724A1|Table18|Neuro2A cell line|10.0nM|24h,a50d407955561c5c,-0.011399999999999966,0.0015,0.012199999999999999,,Replicate number and shared-control covariance not resolved; SDs are not SEs.,gnn,0.05230521162350965,1212da56aac7a198,0.06370521162350962
bdc3962cc20e139b,cmAPP:1893,cmAPP:1938,US20220002724A1|Table18|Neuro2A cell line|10.0nM|24h,85329346f986aa0e,-0.2084999999999999,0.020499999999999997,0.0317,,Replicate number and shared-control covariance not resolved; SDs are not SEs.,gnn,0.0014823774496713904,10c405d304cc4e37,0.2099823774496713
a40c86511b365ffd,cmAPP:1889,cmAPP:1930,US20220002724A1|Table18|Neuro2A cell line|10.0nM|24h,820566fd78cb47f2,-0.26639999999999997,0.0363,0.12179999999999999,,Replicate number and shared-control covariance not resolved; SDs are not SEs.,gnn,0.05891653895378113,1c10d86ec1a802f4,0.3253165389537811
c748ab46e40eb3c6,cmAPP:1874,cmAPP:1919,US20220002724A1|Table18|Neuro2A cell line|10.0nM|24h,79a2a66f9d75e712,-0.7228,0.0068000000000000005,0.22719999999999999,,Replicate number and shared-control covariance not resolved; SDs are not SEs.,gnn,0.03481137752532959,9620aee947fd49ea,0.7576113775253296
8462c3a551411df3,cmAPP:1868,cmAPP:1913,US20220002724A1|Table18|Neuro2A cell line|10.0nM|24h,aa8876968f9c4717,-0.24370000000000014,0.0321,0.1251,,Replicate number and shared-control covariance not resolved; SDs are not SEs.,gnn,0.04837097724278766,1c10d86ec1a802f4,0.2920709772427878
72fdff714d1fc08e,cmAPP:1897,cmAPP:1942,US20220002724A1|Table18|Neuro2A cell line|10.0nM|24h,2bd44ce61ea23b9f,-0.06989999999999996,0.019,0.037000000000000005,,Replicate number and shared-control covariance not resolved; SDs are not SEs.,gnn,0.0226299564043681,2c34ab854a6ad95b,0.09252995640436806
5216d53e06ede17c,cmAPP:1890,cmAPP:1931,US20220002724A1|Table18|Neuro2A cell line|10.0nM|24h,b5c37d5063356d65,0.017800000000000038,0.0196,0.001,,Replicate number and shared-control covariance not resolved; SDs are not SEs.,gnn,0.0015407204627991278,5848c205ff64ecf8,-0.01625927953720091
1b4f407ebbaeb5b2,cmAPP:1855,cmAPP:1900,US20220002724A1|Table18|Neuro2A cell line|10.0nM|24h,4683b2d184b687a0,-0.04720000000000002,0.0007000000000000001,0.030699999999999998,,Replicate number and shared-control covariance not resolved; SDs are not SEs.,gnn,0.028345475594202585,17103b04fab21cdc,0.0755454755942026
a4c4b94f50336897,cmAPP:1866,cmAPP:1912,US20220002724A1|Table18|Neuro2A cell line|10.0nM|24h,e8641df94cf5d311,-0.0341999999999999,0.0053,0.011899999999999999,,Replicate number and shared-control covariance not resolved; SDs are not SEs.,gnn,0.04252775510152185,2c34ab854a6ad95b,0.07672775510152174
790c224fb15729e8,cmAPP:1858,cmAPP:1903,US20220002724A1|Table18|Neuro2A cell line|10.0nM|24h,a7b957bcca2f20cf,-0.03939999999999999,0.012,0.013999999999999999,,Replicate number and shared-control covariance not resolved; SDs are not SEs.,gnn,0.030813425779342707,17103b04fab21cdc,0.0702134257793427
8cfd4f27b028eb77,cmAPP:1896,cmAPP:1941,US20220002724A1|Table18|Neuro2A cell line|10.0nM|24h,cf253444cfae0542,-0.242,0.0068000000000000005,0.0691,,Replicate number and shared-control covariance not resolved; SDs are not SEs.,gnn,0.019148369630177797,28639edc531a2e1a,0.2611483696301778
46898ba7d044be9b,cmAPP:1882,cmAPP:1927,US20220002724A1|Table18|Neuro2A cell line|10.0nM|24h,f158caa9d2d33d64,0.0007000000000000339,0.0242,0.0287,,Replicate number and shared-control covariance not resolved; SDs are not SEs.,gnn,0.03238971034685778,2c34ab854a6ad95b,0.03168971034685775
9b2d1052c5390363,cmAPP:1881,cmAPP:1926,US20220002724A1|Table18|Neuro2A cell line|10.0nM|24h,28e3362d3f9b2da2,-0.018500000000000072,0.0043,0.0105,,Replicate number and shared-control covariance not resolved; SDs are not SEs.,gnn,0.0505852301915487,28639edc531a2e1a,0.06908523019154877
3cf75a1628ce2443,cmAPP:1894,cmAPP:1939,US20220002724A1|Table18|Neuro2A cell line|10.0nM|24h,99751c2cb3cfdf23,-0.07340000000000002,0.0017000000000000001,0.0179,,Replicate number and shared-control covariance not resolved; SDs are not SEs.,gnn,0.028412063916524177,28639edc531a2e1a,0.1018120639165242
78964639effd56c0,cmAPP:1892,cmAPP:1937,US20220002724A1|Table18|Neuro2A cell line|10.0nM|24h,485d856ba812fc3a,-0.33120000000000005,0.046799999999999994,0.11320000000000001,,Replicate number and shared-control covariance not resolved; SDs are not SEs.,gnn,0.01040996114412951,72478f51d38ee208,0.34160996114412956
d1d883357891e048,cmAPP:1891,cmAPP:1932,US20220002724A1|Table18|Neuro2A cell line|10.0nM|24h,f8e112462608f680,-0.3360000000000001,0.0024,0.1892,,Replicate number and shared-control covariance not resolved; SDs are not SEs.,gnn,0.03603481252988183,5848c205ff64ecf8,0.3720348125298819
6e2a61766f596436,cmAPP:1887,cmAPP:1936,US20220002724A1|Table18|Neuro2A cell line|10.0nM|24h,fc5b0d0c97a6e528,-0.4691000000000001,0.0074,0.055099999999999996,,Replicate number and shared-control covariance not resolved; SDs are not SEs.,gnn,0.0032595793406168805,8a110cbb1ec4bb37,0.47235957934061695
93389904f33e7718,cmAPP:1770,cmAPP:1815,US20220002724A1|Table17|Be(2)C cell line|0.1nM|24h,0776c55821f47af8,-1.6145,0.0704,0.13849999999999998,,Replicate number and shared-control covariance not resolved; SDs are not SEs.,gnn_no_chemistry,0.0,151435cc8a45853a,1.6145
e24b7d2aa22bb55c,cmAPP:1775,cmAPP:1821,US20220002724A1|Table17|Be(2)C cell line|0.1nM|24h,3e9731dfbff94adf,-0.9341,0.0596,0.3439,,Replicate number and shared-control covariance not resolved; SDs are not SEs.,gnn_no_chemistry,0.0,2c34ab854a6ad95b,0.9341
c5b8e137a303cb45,cmAPP:1773,cmAPP:1818,US20220002724A1|Table17|Be(2)C cell line|0.1nM|24h,eb357f6ecf50b6e8,-0.021100000000000008,0.0848,0.1288,,Replicate number and shared-control covariance not resolved; SDs are not SEs.,gnn_no_chemistry,0.0,151435cc8a45853a,0.021100000000000008
5b10002dc6e9b311,cmAPP:1805,cmAPP:1850,US20220002724A1|Table17|Be(2)C cell line|0.1nM|24h,fade1d64d4e768d6,0.3319,0.2754,0.0858,,Replicate number and shared-control covariance not resolved; SDs are not SEs.,gnn_no_chemistry,0.0,28639edc531a2e1a,-0.3319
34a0cf77853c520f,cmAPP:1808,cmAPP:1853,US20220002724A1|Table17|Be(2)C cell line|0.1nM|24h,f6ee2f45d0df4f59,0.5641999999999998,0.4637,0.4285,,Replicate number and shared-control covariance not resolved; SDs are not SEs.,gnn_no_chemistry,0.0,5848c205ff64ecf8,-0.5641999999999998
53bd4571937b65d8,cmAPP:1777,cmAPP:1820,US20220002724A1|Table17|Be(2)C cell line|0.1nM|24h,3e6cac1d7a027cc7,-1.8657,0.1051,0.4839,,Replicate number and shared-control covariance not resolved; SDs are not SEs.,gnn_no_chemistry,0.0,9fea29da568e9bc1,1.8657
c8e8c0b442f5a1a1,cmAPP:1771,cmAPP:1816,US20220002724A1|Table17|Be(2)C cell line|0.1nM|24h,45af11f0ecbd8a55,-0.8776,0.047599999999999996,0.087,,Replicate number and shared-control covariance not resolved; SDs are not SEs.,gnn_no_chemistry,0.0,1212da56aac7a198,0.8776
ac1b30806815ea4e,cmAPP:1787,cmAPP:1832,US20220002724A1|Table17|Be(2)C cell line|0.1nM|24h,74fc9298d8663f62,-0.8095999999999999,0.1321,0.4403,,Replicate number and shared-control covariance not resolved; SDs are not SEs.,gnn_no_chemistry,0.0,2c34ab854a6ad95b,0.8095999999999999
8aa63b5c3ecd924d,cmAPP:1795,cmAPP:1844,US20220002724A1|Table17|Be(2)C cell line|0.1nM|24h,5a42a7b5778aafe4,-0.5152,0.2846,0.19870000000000002,,Replicate number and shared-control covariance not resolved; SDs are not SEs.,gnn_no_chemistry,0.0,28639edc531a2e1a,0.5152
d3de99befe559e4d,cmAPP:1781,cmAPP:1826,US20220002724A1|Table17|Be(2)C cell line|0.1nM|24h,a50d407955561c5c,-0.22190000000000004,0.1041,0.2195,,Replicate number and shared-control covariance not resolved; SDs are not SEs.,gnn_no_chemistry,0.0,1212da56aac7a198,0.22190000000000004
7145b489500dbd80,cmAPP:1803,cmAPP:1848,US20220002724A1|Table17|Be(2)C cell line|0.1nM|24h,85329346f986aa0e,-0.8083999999999999,0.061200000000000004,0.2516,,Replicate number and shared-control covariance not resolved; SDs are not SEs.,gnn_no_chemistry,0.0,10c405d304cc4e37,0.8083999999999999
05b4895f7bcd4c42,cmAPP:1799,cmAPP:1840,US20220002724A1|Table17|Be(2)C cell line|0.1nM|24h,820566fd78cb47f2,0.3812,0.0344,0.2104,,Replicate number and shared-control covariance not resolved; SDs are not SEs.,gnn_no_chemistry,0.0,1c10d86ec1a802f4,-0.3812
b6967a59b842adff,cmAPP:1784,cmAPP:1829,US20220002724A1|Table17|Be(2)C cell line|0.1nM|24h,79a2a66f9d75e712,-2.8806,0.11789999999999999,0.5047999999999999,,Replicate number and shared-control covariance not resolved; SDs are not SEs.,gnn_no_chemistry,0.0,9620aee947fd49ea,2.8806
059e26913d78b631,cmAPP:1778,cmAPP:1823,US20220002724A1|Table17|Be(2)C cell line|0.1nM|24h,aa8876968f9c4717,-1.8751,0.1424,0.1273,,Replicate number and shared-control covariance not resolved; SDs are not SEs.,gnn_no_chemistry,0.0,1c10d86ec1a802f4,1.8751
6ca5840cef4726ff,cmAPP:1807,cmAPP:1852,US20220002724A1|Table17|Be(2)C cell line|0.1nM|24h,2bd44ce61ea23b9f,0.17810000000000004,0.1475,0.1971,,Replicate number and shared-control covariance not resolved; SDs are not SEs.,gnn_no_chemistry,0.0,2c34ab854a6ad95b,-0.17810000000000004
327843b402480d74,cmAPP:1800,cmAPP:1841,US20220002724A1|Table17|Be(2)C cell line|0.1nM|24h,b5c37d5063356d65,0.5433,0.4465,0.1478,,Replicate number and shared-control covariance not resolved; SDs are not SEs.,gnn_no_chemistry,0.0,5848c205ff64ecf8,-0.5433
1d5a6a30d03d4ace,cmAPP:1765,cmAPP:1810,US20220002724A1|Table17|Be(2)C cell line|0.1nM|24h,4683b2d184b687a0,-0.4945,0.12050000000000001,0.1419,,Replicate number and shared-control covariance not resolved; SDs are not SEs.,gnn_no_chemistry,0.0,17103b04fab21cdc,0.4945
a1cbdd76747c5064,cmAPP:1776,cmAPP:1822,US20220002724A1|Table17|Be(2)C cell line|0.1nM|24h,e8641df94cf5d311,-0.6519000000000001,0.0775,0.17120000000000002,,Replicate number and shared-control covariance not resolved; SDs are not SEs.,gnn_no_chemistry,0.0,2c34ab854a6ad95b,0.6519000000000001
4490c940bfdaa814,cmAPP:1768,cmAPP:1813,US20220002724A1|Table17|Be(2)C cell line|0.1nM|24h,a7b957bcca2f20cf,-0.935,0.1338,0.09609999999999999,,Replicate number and shared-control covariance not resolved; SDs are not SEs.,gnn_no_chemistry,0.0,17103b04fab21cdc,0.935
382a0a377b849c67,cmAPP:1806,cmAPP:1851,US20220002724A1|Table17|Be(2)C cell line|0.1nM|24h,cf253444cfae0542,0.2361,0.3618,0.3897,,Replicate number and shared-control covariance not resolved; SDs are not SEs.,gnn_no_chemistry,0.0,28639edc531a2e1a,-0.2361
50548dbd9fb26ec9,cmAPP:1792,cmAPP:1837,US20220002724A1|Table17|Be(2)C cell line|0.1nM|24h,f158caa9d2d33d64,-0.3258999999999999,0.3096,0.0693,,Replicate number and shared-control covariance not resolved; SDs are not SEs.,gnn_no_chemistry,0.0,2c34ab854a6ad95b,0.3258999999999999
b5c2328a2c4ba021,cmAPP:1791,cmAPP:1836,US20220002724A1|Table17|Be(2)C cell line|0.1nM|24h,28e3362d3f9b2da2,-1.0455,0.030600000000000002,0.2801,,Replicate number and shared-control covariance not resolved; SDs are not SEs.,gnn_no_chemistry,0.0,28639edc531a2e1a,1.0455
086646f70e89b7e8,cmAPP:1804,cmAPP:1849,US20220002724A1|Table17|Be(2)C cell line|0.1nM|24h,99751c2cb3cfdf23,-0.6019,0.1164,0.5791,,Replicate number and shared-control covariance not resolved; SDs are not SEs.,gnn_no_chemistry,0.0,28639edc531a2e1a,0.6019
dbf5b6e05f2fd199,cmAPP:1802,cmAPP:1847,US20220002724A1|Table17|Be(2)C cell line|0.1nM|24h,485d856ba812fc3a,-0.8087999999999997,0.5171,0.0882,,Replicate number and shared-control covariance not resolved; SDs are not SEs.,gnn_no_chemistry,0.0,72478f51d38ee208,0.8087999999999997
ae0b1f16d5b39dea,cmAPP:1801,cmAPP:1842,US20220002724A1|Table17|Be(2)C cell line|0.1nM|24h,f8e112462608f680,0.43200000000000005,0.13390000000000002,0.1041,,Replicate number and shared-control covariance not resolved; SDs are not SEs.,gnn_no_chemistry,0.0,5848c205ff64ecf8,-0.43200000000000005
dff31405206d397b,cmAPP:1797,cmAPP:1846,US20220002724A1|Table17|Be(2)C cell line|0.1nM|24h,fc5b0d0c97a6e528,-1.5217999999999998,0.1784,0.1663,,Replicate number and shared-control covariance not resolved; SDs are not SEs.,gnn_no_chemistry,0.0,8a110cbb1ec4bb37,1.5217999999999998
66ba2338161aed27,cmAPP:1680,cmAPP:1725,US20220002724A1|Table17|Be(2)C cell line|1.0nM|24h,0776c55821f47af8,-0.12819999999999987,0.026000000000000002,0.013500000000000002,,Replicate number and shared-control covariance not resolved; SDs are not SEs.,gnn_no_chemistry,0.0,151435cc8a45853a,0.12819999999999987
a85eb0b11202f59e,cmAPP:1685,cmAPP:1731,US20220002724A1|Table17|Be(2)C cell line|1.0nM|24h,3e9731dfbff94adf,-0.07189999999999996,0.0286,0.0496,,Replicate number and shared-control covariance not resolved; SDs are not SEs.,gnn_no_chemistry,0.0,2c34ab854a6ad95b,0.07189999999999996
c09f8ea736c8479d,cmAPP:1683,cmAPP:1728,US20220002724A1|Table17|Be(2)C cell line|1.0nM|24h,eb357f6ecf50b6e8,-0.014399999999999968,0.0364,0.0256,,Replicate number and shared-control covariance not resolved; SDs are not SEs.,gnn_no_chemistry,0.0,151435cc8a45853a,0.014399999999999968
0ee5a5f6520a7c7a,cmAPP:1715,cmAPP:1760,US20220002724A1|Table17|Be(2)C cell line|1.0nM|24h,fade1d64d4e768d6,-0.17490000000000006,0.0608,0.1155,,Replicate number and shared-control covariance not resolved; SDs are not SEs.,gnn_no_chemistry,0.0,28639edc531a2e1a,0.17490000000000006
e52464c3fde0c9de,cmAPP:1718,cmAPP:1763,US20220002724A1|Table17|Be(2)C cell line|1.0nM|24h,f6ee2f45d0df4f59,-0.361,0.0562,0.1673,,Replicate number and shared-control covariance not resolved; SDs are not SEs.,gnn_no_chemistry,0.0,5848c205ff64ecf8,0.361
2f48d456f6284b36,cmAPP:1687,cmAPP:1730,US20220002724A1|Table17|Be(2)C cell line|1.0nM|24h,3e6cac1d7a027cc7,-0.3121,0.0704,0.0848,,Replicate number and shared-control covariance not resolved; SDs are not SEs.,gnn_no_chemistry,0.0,9fea29da568e9bc1,0.3121
5b8cb0fffb026635,cmAPP:1681,cmAPP:1726,US20220002724A1|Table17|Be(2)C cell line|1.0nM|24h,45af11f0ecbd8a55,0.011099999999999999,0.008,0.0649,,Replicate number and shared-control covariance not resolved; SDs are not SEs.,gnn_no_chemistry,0.0,1212da56aac7a198,-0.011099999999999999
63008ff058569c96,cmAPP:1697,cmAPP:1742,US20220002724A1|Table17|Be(2)C cell line|1.0nM|24h,74fc9298d8663f62,0.005700000000000149,0.06269999999999999,0.1005,,Replicate number and shared-control covariance not resolved; SDs are not SEs.,gnn_no_chemistry,0.0,2c34ab854a6ad95b,-0.005700000000000149
97a210f808788925,cmAPP:1705,cmAPP:1754,US20220002724A1|Table17|Be(2)C cell line|1.0nM|24h,5a42a7b5778aafe4,-0.03459999999999985,0.0934,0.13369999999999999,,Replicate number and shared-control covariance not resolved; SDs are not SEs.,gnn_no_chemistry,0.0,28639edc531a2e1a,0.03459999999999985
9f45bd9c2c0e94ba,cmAPP:1691,cmAPP:1736,US20220002724A1|Table17|Be(2)C cell line|1.0nM|24h,a50d407955561c5c,-0.1439999999999999,0.10619999999999999,0.07780000000000001,,Replicate number and shared-control covariance not resolved; SDs are not SEs.,gnn_no_chemistry,0.0,1212da56aac7a198,0.1439999999999999
c6b1006bae31a2f4,cmAPP:1713,cmAPP:1758,US20220002724A1|Table17|Be(2)C cell line|1.0nM|24h,85329346f986aa0e,-0.21630000000000005,0.0141,0.059000000000000004,,Replicate number and shared-control covariance not resolved; SDs are not SEs.,gnn_no_chemistry,0.0,10c405d304cc4e37,0.21630000000000005
f98feef4cdda1f7a,cmAPP:1709,cmAPP:1750,US20220002724A1|Table17|Be(2)C cell line|1.0nM|24h,820566fd78cb47f2,0.5236000000000001,0.2509,0.2433,,Replicate number and shared-control covariance not resolved; SDs are not SEs.,gnn_no_chemistry,0.0,1c10d86ec1a802f4,-0.5236000000000001
7a921af808b2dfa6,cmAPP:1694,cmAPP:1739,US20220002724A1|Table17|Be(2)C cell line|1.0nM|24h,79a2a66f9d75e712,-0.5276000000000001,0.0654,0.09939999999999999,,Replicate number and shared-control covariance not resolved; SDs are not SEs.,gnn_no_chemistry,0.0,9620aee947fd49ea,0.5276000000000001
eb09d956be8bc0bd,cmAPP:1688,cmAPP:1733,US20220002724A1|Table17|Be(2)C cell line|1.0nM|24h,aa8876968f9c4717,0.14549999999999996,0.2898,0.028399999999999998,,Replicate number and shared-control covariance not resolved; SDs are not SEs.,gnn_no_chemistry,0.0,1c10d86ec1a802f4,-0.14549999999999996
a15328e82188e58f,cmAPP:1717,cmAPP:1762,US20220002724A1|Table17|Be(2)C cell line|1.0nM|24h,2bd44ce61ea23b9f,-0.13879999999999992,0.0291,0.0843,,Replicate number and shared-control covariance not resolved; SDs are not SEs.,gnn_no_chemistry,0.0,2c34ab854a6ad95b,0.13879999999999992
c118eab8e379718c,cmAPP:1710,cmAPP:1751,US20220002724A1|Table17|Be(2)C cell line|1.0nM|24h,b5c37d5063356d65,0.2778999999999999,0.0418,0.0371,,Replicate number and shared-control covariance not resolved; SDs are not SEs.,gnn_no_chemistry,0.0,5848c205ff64ecf8,-0.2778999999999999
bb68ab734a60ad5c,cmAPP:1675,cmAPP:1720,US20220002724A1|Table17|Be(2)C cell line|1.0nM|24h,4683b2d184b687a0,0.022400000000000087,0.0253,0.006999999999999999,,Replicate number and shared-control covariance not resolved; SDs are not SEs.,gnn_no_chemistry,0.0,17103b04fab21cdc,-0.022400000000000087
70da5f6f47632dfe,cmAPP:1686,cmAPP:1732,US20220002724A1|Table17|Be(2)C cell line|1.0nM|24h,e8641df94cf5d311,0.015100000000000113,0.049100000000000005,0.027000000000000003,,Replicate number and shared-control covariance not resolved; SDs are not SEs.,gnn_no_chemistry,0.0,2c34ab854a6ad95b,-0.015100000000000113
0d965a5abd1a268c,cmAPP:1678,cmAPP:1723,US20220002724A1|Table17|Be(2)C cell line|1.0nM|24h,a7b957bcca2f20cf,-0.05410000000000015,0.023799999999999998,0.057699999999999994,,Replicate number and shared-control covariance not resolved; SDs are not SEs.,gnn_no_chemistry,0.0,17103b04fab21cdc,0.05410000000000015
b994b3eb1c0af55d,cmAPP:1716,cmAPP:1761,US20220002724A1|Table17|Be(2)C cell line|1.0nM|24h,cf253444cfae0542,-0.4706,0.0717,0.13419999999999999,,Replicate number and shared-control covariance not resolved; SDs are not SEs.,gnn_no_chemistry,0.0,28639edc531a2e1a,0.4706
fd3f38efafcec3ac,cmAPP:1702,cmAPP:1747,US20220002724A1|Table17|Be(2)C cell line|1.0nM|24h,f158caa9d2d33d64,-0.03489999999999993,0.0555,0.046,,Replicate number and shared-control covariance not resolved; SDs are not SEs.,gnn_no_chemistry,0.0,2c34ab854a6ad95b,0.03489999999999993
45289904b26c1459,cmAPP:1701,cmAPP:1746,US20220002724A1|Table17|Be(2)C cell line|1.0nM|24h,28e3362d3f9b2da2,-0.29069999999999996,0.01,0.1063,,Replicate number and shared-control covariance not resolved; SDs are not SEs.,gnn_no_chemistry,0.0,28639edc531a2e1a,0.29069999999999996
f762503ebcc65c82,cmAPP:1714,cmAPP:1759,US20220002724A1|Table17|Be(2)C cell line|1.0nM|24h,99751c2cb3cfdf23,-0.08540000000000003,0.0706,0.081,,Replicate number and shared-control covariance not resolved; SDs are not SEs.,gnn_no_chemistry,0.0,28639edc531a2e1a,0.08540000000000003
d26bc154c6f7f7ab,cmAPP:1712,cmAPP:1757,US20220002724A1|Table17|Be(2)C cell line|1.0nM|24h,485d856ba812fc3a,-0.36310000000000003,0.0767,0.16260000000000002,,Replicate number and shared-control covariance not resolved; SDs are not SEs.,gnn_no_chemistry,0.0,72478f51d38ee208,0.36310000000000003
62cb9585f226cf4c,cmAPP:1711,cmAPP:1752,US20220002724A1|Table17|Be(2)C cell line|1.0nM|24h,f8e112462608f680,-0.5549,0.009399999999999999,0.0779,,Replicate number and shared-control covariance not resolved; SDs are not SEs.,gnn_no_chemistry,0.0,5848c205ff64ecf8,0.5549
e7cdd445b47734ce,cmAPP:1707,cmAPP:1756,US20220002724A1|Table17|Be(2)C cell line|1.0nM|24h,fc5b0d0c97a6e528,-0.3610000000000001,0.0946,0.1015,,Replicate number and shared-control covariance not resolved; SDs are not SEs.,gnn_no_chemistry,0.0,8a110cbb1ec4bb37,0.3610000000000001
0eed2d75f2cde72d,cmAPP:1590,cmAPP:1635,US20220002724A1|Table17|Be(2)C cell line|10.0nM|24h,0776c55821f47af8,-0.40340000000000004,0.0241,0.029500000000000002,,Replicate number and shared-control covariance not resolved; SDs are not SEs.,gnn_no_chemistry,0.0,151435cc8a45853a,0.40340000000000004
1a6c9baac85f3629,cmAPP:1595,cmAPP:1641,US20220002724A1|Table17|Be(2)C cell line|10.0nM|24h,3e9731dfbff94adf,-0.20189999999999997,0.0129,0.0771,,Replicate number and shared-control covariance not resolved; SDs are not SEs.,gnn_no_chemistry,0.0,2c34ab854a6ad95b,0.20189999999999997
76e24e5164a31a01,cmAPP:1593,cmAPP:1638,US20220002724A1|Table17|Be(2)C cell line|10.0nM|24h,eb357f6ecf50b6e8,-0.21689999999999998,0.028399999999999998,0.0443,,Replicate number and shared-control covariance not resolved; SDs are not SEs.,gnn_no_chemistry,0.0,151435cc8a45853a,0.21689999999999998
e284e40848b79caf,cmAPP:1625,cmAPP:1670,US20220002724A1|Table17|Be(2)C cell line|10.0nM|24h,fade1d64d4e768d6,0.14149999999999996,0.0601,0.052000000000000005,,Replicate number and shared-control covariance not resolved; SDs are not SEs.,gnn_no_chemistry,0.0,28639edc531a2e1a,-0.14149999999999996
9bf5f3d125221e4c,cmAPP:1628,cmAPP:1673,US20220002724A1|Table17|Be(2)C cell line|10.0nM|24h,f6ee2f45d0df4f59,0.1386,0.1333,0.0969,,Replicate number and shared-control covariance not resolved; SDs are not SEs.,gnn_no_chemistry,0.0,5848c205ff64ecf8,-0.1386
db264d54acc9cc94,cmAPP:1597,cmAPP:1640,US20220002724A1|Table17|Be(2)C cell line|10.0nM|24h,3e6cac1d7a027cc7,-0.79,0.0475,0.1617,,Replicate number and shared-control covariance not resolved; SDs are not SEs.,gnn_no_chemistry,0.0,9fea29da568e9bc1,0.79
421212f430fb6217,cmAPP:1591,cmAPP:1636,US20220002724A1|Table17|Be(2)C cell line|10.0nM|24h,45af11f0ecbd8a55,-0.04060000000000008,0.024,0.0765,,Replicate number and shared-control covariance not resolved; SDs are not SEs.,gnn_no_chemistry,0.0,1212da56aac7a198,0.04060000000000008
7ad1ff1601478950,cmAPP:1607,cmAPP:1652,US20220002724A1|Table17|Be(2)C cell line|10.0nM|24h,74fc9298d8663f62,0.0006999999999999229,0.0691,0.026099999999999998,,Replicate number and shared-control covariance not resolved; SDs are not SEs.,gnn_no_chemistry,0.0,2c34ab854a6ad95b,-0.0006999999999999229
600169b9f0f80551,cmAPP:1615,cmAPP:1664,US20220002724A1|Table17|Be(2)C cell line|10.0nM|24h,5a42a7b5778aafe4,0.02199999999999991,0.07150000000000001,0.0554,,Replicate number and shared-control covariance not resolved; SDs are not SEs.,gnn_no_chemistry,0.0,28639edc531a2e1a,-0.02199999999999991
409122d11d642bec,cmAPP:1601,cmAPP:1646,US20220002724A1|Table17|Be(2)C cell line|10.0nM|24h,a50d407955561c5c,-0.45020000000000004,0.0212,0.3306,,Replicate number and shared-control covariance not resolved; SDs are not SEs.,gnn_no_chemistry,0.0,1212da56aac7a198,0.45020000000000004
c465d631789b7798,cmAPP:1623,cmAPP:1668,US20220002724A1|Table17|Be(2)C cell line|10.0nM|24h,85329346f986aa0e,-0.05489999999999995,0.0616,0.0323,,Replicate number and shared-control covariance not resolved; SDs are not SEs.,gnn_no_chemistry,0.0,10c405d304cc4e37,0.05489999999999995
dd70d7ef8a4c9374,cmAPP:1619,cmAPP:1660,US20220002724A1|Table17|Be(2)C cell line|10.0nM|24h,820566fd78cb47f2,2.0336,0.2964,0.10300000000000001,,Replicate number and shared-control covariance not resolved; SDs are not SEs.,gnn_no_chemistry,0.0,1c10d86ec1a802f4,-2.0336
d69a2449a6634854,cmAPP:1604,cmAPP:1649,US20220002724A1|Table17|Be(2)C cell line|10.0nM|24h,79a2a66f9d75e712,-1.4533999999999998,0.061399999999999996,0.5695,,Replicate number and shared-control covariance not resolved; SDs are not SEs.,gnn_no_chemistry,0.0,9620aee947fd49ea,1.4533999999999998
e9d357b8d3d85a4e,cmAPP:1598,cmAPP:1643,US20220002724A1|Table17|Be(2)C cell line|10.0nM|24h,aa8876968f9c4717,-0.10759999999999997,0.0746,0.0934,,Replicate number and shared-control covariance not resolved; SDs are not SEs.,gnn_no_chemistry,0.0,1c10d86ec1a802f4,0.10759999999999997
f3e88314b57e616d,cmAPP:1627,cmAPP:1672,US20220002724A1|Table17|Be(2)C cell line|10.0nM|24h,2bd44ce61ea23b9f,0.1450999999999999,0.075,0.0417,,Replicate number and shared-control covariance not resolved; SDs are not SEs.,gnn_no_chemistry,0.0,2c34ab854a6ad95b,-0.1450999999999999
450bf38c165fbd1a,cmAPP:1620,cmAPP:1661,US20220002724A1|Table17|Be(2)C cell line|10.0nM|24h,b5c37d5063356d65,0.23629999999999995,0.0346,0.0215,,Replicate number and shared-control covariance not resolved; SDs are not SEs.,gnn_no_chemistry,0.0,5848c205ff64ecf8,-0.23629999999999995
d2d72d8278e8ff2f,cmAPP:1585,cmAPP:1630,US20220002724A1|Table17|Be(2)C cell line|10.0nM|24h,4683b2d184b687a0,-0.16439999999999988,0.0392,0.0429,,Replicate number and shared-control covariance not resolved; SDs are not SEs.,gnn_no_chemistry,0.0,17103b04fab21cdc,0.16439999999999988
8ab257e2caab32a6,cmAPP:1596,cmAPP:1642,US20220002724A1|Table17|Be(2)C cell line|10.0nM|24h,e8641df94cf5d311,-0.16900000000000015,0.0141,0.028399999999999998,,Replicate number and shared-control covariance not resolved; SDs are not SEs.,gnn_no_chemistry,0.0,2c34ab854a6ad95b,0.16900000000000015
cf3a3e7485b31ba0,cmAPP:1588,cmAPP:1633,US20220002724A1|Table17|Be(2)C cell line|10.0nM|24h,a7b957bcca2f20cf,-0.2547999999999999,0.03,0.09269999999999999,,Replicate number and shared-control covariance not resolved; SDs are not SEs.,gnn_no_chemistry,0.0,17103b04fab21cdc,0.2547999999999999
fca0701bd3bac2f3,cmAPP:1626,cmAPP:1671,US20220002724A1|Table17|Be(2)C cell line|10.0nM|24h,cf253444cfae0542,-0.2828999999999999,0.14429999999999998,0.0999,,Replicate number and shared-control covariance not resolved; SDs are not SEs.,gnn_no_chemistry,0.0,28639edc531a2e1a,0.2828999999999999
134f453b89ce7319,cmAPP:1612,cmAPP:1657,US20220002724A1|Table17|Be(2)C cell line|10.0nM|24h,f158caa9d2d33d64,0.18099999999999994,0.0599,0.0075,,Replicate number and shared-control covariance not resolved; SDs are not SEs.,gnn_no_chemistry,0.0,2c34ab854a6ad95b,-0.18099999999999994
34038dbdd4553f7d,cmAPP:1611,cmAPP:1656,US20220002724A1|Table17|Be(2)C cell line|10.0nM|24h,28e3362d3f9b2da2,-0.014200000000000101,0.0373,0.048,,Replicate number and shared-control covariance not resolved; SDs are not SEs.,gnn_no_chemistry,0.0,28639edc531a2e1a,0.014200000000000101
d17517694a996e9b,cmAPP:1624,cmAPP:1669,US20220002724A1|Table17|Be(2)C cell line|10.0nM|24h,99751c2cb3cfdf23,-0.19910000000000005,0.008199999999999999,0.069,,Replicate number and shared-control covariance not resolved; SDs are not SEs.,gnn_no_chemistry,0.0,28639edc531a2e1a,0.19910000000000005
2b34f2d44b307ee1,cmAPP:1622,cmAPP:1667,US20220002724A1|Table17|Be(2)C cell line|10.0nM|24h,485d856ba812fc3a,-0.012800000000000034,0.06,0.1607,,Replicate number and shared-control covariance not resolved; SDs are not SEs.,gnn_no_chemistry,0.0,72478f51d38ee208,0.012800000000000034
58b9f1849445a903,cmAPP:1621,cmAPP:1662,US20220002724A1|Table17|Be(2)C cell line|10.0nM|24h,f8e112462608f680,-0.10060000000000002,0.0401,0.1016,,Replicate number and shared-control covariance not resolved; SDs are not SEs.,gnn_no_chemistry,0.0,5848c205ff64ecf8,0.10060000000000002
a5c36e48fb124d82,cmAPP:1617,cmAPP:1666,US20220002724A1|Table17|Be(2)C cell line|10.0nM|24h,fc5b0d0c97a6e528,-0.45020000000000004,0.1369,0.18719999999999998,,Replicate number and shared-control covariance not resolved; SDs are not SEs.,gnn_no_chemistry,0.0,8a110cbb1ec4bb37,0.45020000000000004
6297178908babdb2,cmAPP:2040,cmAPP:2085,US20220002724A1|Table18|Neuro2A cell line|0.1nM|24h,0776c55821f47af8,-0.28669999999999995,0.0592,0.0308,,Replicate number and shared-control covariance not resolved; SDs are not SEs.,gnn_no_chemistry,0.0,151435cc8a45853a,0.28669999999999995
e07fbd2f23396c88,cmAPP:2045,cmAPP:2091,US20220002724A1|Table18|Neuro2A cell line|0.1nM|24h,3e9731dfbff94adf,-0.11920000000000008,0.0538,0.0915,,Replicate number and shared-control covariance not resolved; SDs are not SEs.,gnn_no_chemistry,-1.986821485111534e-08,2c34ab854a6ad95b,0.11919998013178523
ea69375d6e637f0b,cmAPP:2043,cmAPP:2088,US20220002724A1|Table18|Neuro2A cell line|0.1nM|24h,eb357f6ecf50b6e8,-0.13270000000000004,0.0908,0.026699999999999998,,Replicate number and shared-control covariance not resolved; SDs are not SEs.,gnn_no_chemistry,0.0,151435cc8a45853a,0.13270000000000004
c805543d26a64bde,cmAPP:2075,cmAPP:2120,US20220002724A1|Table18|Neuro2A cell line|0.1nM|24h,fade1d64d4e768d6,-0.11869999999999992,0.09,0.1231,,Replicate number and shared-control covariance not resolved; SDs are not SEs.,gnn_no_chemistry,0.0,28639edc531a2e1a,0.11869999999999992
f56e1ddec22a1688,cmAPP:2078,cmAPP:2123,US20220002724A1|Table18|Neuro2A cell line|0.1nM|24h,f6ee2f45d0df4f59,-0.21069999999999994,0.0633,0.09269999999999999,,Replicate number and shared-control covariance not resolved; SDs are not SEs.,gnn_no_chemistry,0.0,5848c205ff64ecf8,0.21069999999999994
e4cc745fd18c9923,cmAPP:2047,cmAPP:2090,US20220002724A1|Table18|Neuro2A cell line|0.1nM|24h,3e6cac1d7a027cc7,-0.6328999999999999,0.0196,0.1439,,Replicate number and shared-control covariance not resolved; SDs are not SEs.,gnn_no_chemistry,0.0,9fea29da568e9bc1,0.6328999999999999
fd2a262963837b7f,cmAPP:2041,cmAPP:2086,US20220002724A1|Table18|Neuro2A cell line|0.1nM|24h,45af11f0ecbd8a55,-0.12370000000000003,0.059000000000000004,0.0151,,Replicate number and shared-control covariance not resolved; SDs are not SEs.,gnn_no_chemistry,0.0,1212da56aac7a198,0.12370000000000003
51c13c0eaed60726,cmAPP:2057,cmAPP:2102,US20220002724A1|Table18|Neuro2A cell line|0.1nM|24h,74fc9298d8663f62,0.14069999999999994,0.0353,0.0542,,Replicate number and shared-control covariance not resolved; SDs are not SEs.,gnn_no_chemistry,0.0,2c34ab854a6ad95b,-0.14069999999999994
396bdc7f9386d193,cmAPP:2065,cmAPP:2114,US20220002724A1|Table18|Neuro2A cell line|0.1nM|24h,5a42a7b5778aafe4,-0.24690000000000012,0.0611,0.1293,,Replicate number and shared-control covariance not resolved; SDs are not SEs.,gnn_no_chemistry,0.0,28639edc531a2e1a,0.24690000000000012
fdbf57627003ba04,cmAPP:2051,cmAPP:2096,US20220002724A1|Table18|Neuro2A cell line|0.1nM|24h,a50d407955561c5c,-0.23420000000000007,0.0968,0.0231,,Replicate number and shared-control covariance not resolved; SDs are not SEs.,gnn_no_chemistry,0.0,1212da56aac7a198,0.23420000000000007
676b84ca4669fe18,cmAPP:2073,cmAPP:2118,US20220002724A1|Table18|Neuro2A cell line|0.1nM|24h,85329346f986aa0e,-0.6031,0.086,0.0694,,Replicate number and shared-control covariance not resolved; SDs are not SEs.,gnn_no_chemistry,0.0,10c405d304cc4e37,0.6031
594ae7af3b916cd2,cmAPP:2069,cmAPP:2110,US20220002724A1|Table18|Neuro2A cell line|0.1nM|24h,820566fd78cb47f2,-0.14290000000000003,0.1174,0.079,,Replicate number and shared-control covariance not resolved; SDs are not SEs.,gnn_no_chemistry,0.0,1c10d86ec1a802f4,0.14290000000000003
bfb561a0d6a8fc27,cmAPP:2054,cmAPP:2099,US20220002724A1|Table18|Neuro2A cell line|0.1nM|24h,79a2a66f9d75e712,-0.4963,0.0258,0.115,,Replicate number and shared-control covariance not resolved; SDs are not SEs.,gnn_no_chemistry,0.0,9620aee947fd49ea,0.4963
5b2264ddc1a7af6c,cmAPP:2048,cmAPP:2093,US20220002724A1|Table18|Neuro2A cell line|0.1nM|24h,aa8876968f9c4717,-0.2509,0.1604,0.0731,,Replicate number and shared-control covariance not resolved; SDs are not SEs.,gnn_no_chemistry,0.0,1c10d86ec1a802f4,0.2509
ff45b277fb60624e,cmAPP:2077,cmAPP:2122,US20220002724A1|Table18|Neuro2A cell line|0.1nM|24h,2bd44ce61ea23b9f,-0.1391,0.0673,0.1009,,Replicate number and shared-control covariance not resolved; SDs are not SEs.,gnn_no_chemistry,0.0,2c34ab854a6ad95b,0.1391
6a678b00b934044e,cmAPP:2070,cmAPP:2111,US20220002724A1|Table18|Neuro2A cell line|0.1nM|24h,b5c37d5063356d65,0.26859999999999995,0.067,0.06269999999999999,,Replicate number and shared-control covariance not resolved; SDs are not SEs.,gnn_no_chemistry,-1.9868214740093038e-08,5848c205ff64ecf8,-0.2686000198682147
d52d528f0aa9bd30,cmAPP:2035,cmAPP:2080,US20220002724A1|Table18|Neuro2A cell line|0.1nM|24h,4683b2d184b687a0,-0.22899999999999987,0.0641,0.0755,,Replicate number and shared-control covariance not resolved; SDs are not SEs.,gnn_no_chemistry,0.0,17103b04fab21cdc,0.22899999999999987
98341947aa56f870,cmAPP:2046,cmAPP:2092,US20220002724A1|Table18|Neuro2A cell line|0.1nM|24h,e8641df94cf5d311,-0.10649999999999982,0.050499999999999996,0.0414,,Replicate number and shared-control covariance not resolved; SDs are not SEs.,gnn_no_chemistry,0.0,2c34ab854a6ad95b,0.10649999999999982
e6bc6fc3ddc258ff,cmAPP:2038,cmAPP:2083,US20220002724A1|Table18|Neuro2A cell line|0.1nM|24h,a7b957bcca2f20cf,-0.1522,0.05,0.047400000000000005,,Replicate number and shared-control covariance not resolved; SDs are not SEs.,gnn_no_chemistry,0.0,17103b04fab21cdc,0.1522
96c1bc434b0cc0dd,cmAPP:2076,cmAPP:2121,US20220002724A1|Table18|Neuro2A cell line|0.1nM|24h,cf253444cfae0542,-0.3479000000000001,0.0617,0.13119999999999998,,Replicate number and shared-control covariance not resolved; SDs are not SEs.,gnn_no_chemistry,0.0,28639edc531a2e1a,0.3479000000000001
5fb5972af28fa281,cmAPP:2062,cmAPP:2107,US20220002724A1|Table18|Neuro2A cell line|0.1nM|24h,f158caa9d2d33d64,-0.118,0.1033,0.051100000000000007,,Replicate number and shared-control covariance not resolved; SDs are not SEs.,gnn_no_chemistry,0.0,2c34ab854a6ad95b,0.118
849edfe135b4a285,cmAPP:2061,cmAPP:2106,US20220002724A1|Table18|Neuro2A cell line|0.1nM|24h,28e3362d3f9b2da2,-0.3863000000000001,0.0817,0.08310000000000001,,Replicate number and shared-control covariance not resolved; SDs are not SEs.,gnn_no_chemistry,1.986821485111534e-08,28639edc531a2e1a,0.38630001986821494
0f5070b79250194c,cmAPP:2074,cmAPP:2119,US20220002724A1|Table18|Neuro2A cell line|0.1nM|24h,99751c2cb3cfdf23,-0.42489999999999994,0.0526,0.0729,,Replicate number and shared-control covariance not resolved; SDs are not SEs.,gnn_no_chemistry,0.0,28639edc531a2e1a,0.42489999999999994
fd35c25e6b032569,cmAPP:2072,cmAPP:2117,US20220002724A1|Table18|Neuro2A cell line|0.1nM|24h,485d856ba812fc3a,-0.12709999999999994,0.1127,0.10310000000000001,,Replicate number and shared-control covariance not resolved; SDs are not SEs.,gnn_no_chemistry,0.0,72478f51d38ee208,0.12709999999999994
0c7a97d50dabb197,cmAPP:2071,cmAPP:2112,US20220002724A1|Table18|Neuro2A cell line|0.1nM|24h,f8e112462608f680,-0.4119,0.0747,0.18719999999999998,,Replicate number and shared-control covariance not resolved; SDs are not SEs.,gnn_no_chemistry,0.0,5848c205ff64ecf8,0.4119
473de2be4f7d6584,cmAPP:2067,cmAPP:2116,US20220002724A1|Table18|Neuro2A cell line|0.1nM|24h,fc5b0d0c97a6e528,-0.6101000000000001,0.061500000000000006,0.3147,,Replicate number and shared-control covariance not resolved; SDs are not SEs.,gnn_no_chemistry,0.0,8a110cbb1ec4bb37,0.6101000000000001
8baebb96c0af3c90,cmAPP:1950,cmAPP:1995,US20220002724A1|Table18|Neuro2A cell line|1.0nM|24h,0776c55821f47af8,-0.09720000000000006,0.024300000000000002,0.0365,,Replicate number and shared-control covariance not resolved; SDs are not SEs.,gnn_no_chemistry,0.0,151435cc8a45853a,0.09720000000000006
c55d3bcca2d2a449,cmAPP:1955,cmAPP:2001,US20220002724A1|Table18|Neuro2A cell line|1.0nM|24h,3e9731dfbff94adf,0.023700000000000054,0.0421,0.0274,,Replicate number and shared-control covariance not resolved; SDs are not SEs.,gnn_no_chemistry,0.0,2c34ab854a6ad95b,-0.023700000000000054
ef7b3a1b137a6db8,cmAPP:1953,cmAPP:1998,US20220002724A1|Table18|Neuro2A cell line|1.0nM|24h,eb357f6ecf50b6e8,-0.022199999999999998,0.0733,0.0483,,Replicate number and shared-control covariance not resolved; SDs are not SEs.,gnn_no_chemistry,0.0,151435cc8a45853a,0.022199999999999998
675d15d359e354d5,cmAPP:1985,cmAPP:2030,US20220002724A1|Table18|Neuro2A cell line|1.0nM|24h,fade1d64d4e768d6,-0.09120000000000006,0.0105,0.04769999999999999,,Replicate number and shared-control covariance not resolved; SDs are not SEs.,gnn_no_chemistry,0.0,28639edc531a2e1a,0.09120000000000006
5e97508244c8c76c,cmAPP:1988,cmAPP:2033,US20220002724A1|Table18|Neuro2A cell line|1.0nM|24h,f6ee2f45d0df4f59,-0.16470000000000007,0.08710000000000001,0.025699999999999997,,Replicate number and shared-control covariance not resolved; SDs are not SEs.,gnn_no_chemistry,0.0,5848c205ff64ecf8,0.16470000000000007
1711355de18f68c1,cmAPP:1957,cmAPP:2000,US20220002724A1|Table18|Neuro2A cell line|1.0nM|24h,3e6cac1d7a027cc7,-0.3823999999999999,0.036000000000000004,0.054400000000000004,,Replicate number and shared-control covariance not resolved; SDs are not SEs.,gnn_no_chemistry,0.0,9fea29da568e9bc1,0.3823999999999999
7d9ac8b735ba4661,cmAPP:1951,cmAPP:1996,US20220002724A1|Table18|Neuro2A cell line|1.0nM|24h,45af11f0ecbd8a55,0.03709999999999991,0.0533,0.0337,,Replicate number and shared-control covariance not resolved; SDs are not SEs.,gnn_no_chemistry,0.0,1212da56aac7a198,-0.03709999999999991
98f93e5fbbd41ec8,cmAPP:1967,cmAPP:2012,US20220002724A1|Table18|Neuro2A cell line|1.0nM|24h,74fc9298d8663f62,0.10929999999999995,0.0698,0.0123,,Replicate number and shared-control covariance not resolved; SDs are not SEs.,gnn_no_chemistry,0.0,2c34ab854a6ad95b,-0.10929999999999995
a15df525a6a379e5,cmAPP:1975,cmAPP:2024,US20220002724A1|Table18|Neuro2A cell line|1.0nM|24h,5a42a7b5778aafe4,0.030400000000000094,0.0661,0.0528,,Replicate number and shared-control covariance not resolved; SDs are not SEs.,gnn_no_chemistry,0.0,28639edc531a2e1a,-0.030400000000000094
8ab99b4d0257f181,cmAPP:1961,cmAPP:2006,US20220002724A1|Table18|Neuro2A cell line|1.0nM|24h,a50d407955561c5c,-0.07660000000000011,0.0401,0.09820000000000001,,Replicate number and shared-control covariance not resolved; SDs are not SEs.,gnn_no_chemistry,0.0,1212da56aac7a198,0.07660000000000011
62524e0c73da8dd0,cmAPP:1983,cmAPP:2028,US20220002724A1|Table18|Neuro2A cell line|1.0nM|24h,85329346f986aa0e,-0.512,0.0333,0.0638,,Replicate number and shared-control covariance not resolved; SDs are not SEs.,gnn_no_chemistry,0.0,10c405d304cc4e37,0.512
dbc2ab9cc107017b,cmAPP:1979,cmAPP:2020,US20220002724A1|Table18|Neuro2A cell line|1.0nM|24h,820566fd78cb47f2,0.039799999999999836,0.1002,0.11699999999999999,,Replicate number and shared-control covariance not resolved; SDs are not SEs.,gnn_no_chemistry,0.0,1c10d86ec1a802f4,-0.039799999999999836
de9de367cfd0516a,cmAPP:1964,cmAPP:2009,US20220002724A1|Table18|Neuro2A cell line|1.0nM|24h,79a2a66f9d75e712,-0.6374,0.0904,0.1176,,Replicate number and shared-control covariance not resolved; SDs are not SEs.,gnn_no_chemistry,0.0,9620aee947fd49ea,0.6374
ca0223cac79b16f0,cmAPP:1958,cmAPP:2003,US20220002724A1|Table18|Neuro2A cell line|1.0nM|24h,aa8876968f9c4717,-0.010599999999999943,0.0891,0.08070000000000001,,Replicate number and shared-control covariance not resolved; SDs are not SEs.,gnn_no_chemistry,0.0,1c10d86ec1a802f4,0.010599999999999943
c78c802f0ed94739,cmAPP:1987,cmAPP:2032,US20220002724A1|Table18|Neuro2A cell line|1.0nM|24h,2bd44ce61ea23b9f,-0.0394000000000001,0.0444,0.031200000000000002,,Replicate number and shared-control covariance not resolved; SDs are not SEs.,gnn_no_chemistry,0.0,2c34ab854a6ad95b,0.0394000000000001
18c6d9223a20ba73,cmAPP:1980,cmAPP:2021,US20220002724A1|Table18|Neuro2A cell line|1.0nM|24h,b5c37d5063356d65,0.15689999999999993,0.0768,0.0052,,Replicate number and shared-control covariance not resolved; SDs are not SEs.,gnn_no_chemistry,0.0,5848c205ff64ecf8,-0.15689999999999993
61808a59ae1e72f6,cmAPP:1945,cmAPP:1990,US20220002724A1|Table18|Neuro2A cell line|1.0nM|24h,4683b2d184b687a0,-0.022299999999999986,0.0379,0.0414,,Replicate number and shared-control covariance not resolved; SDs are not SEs.,gnn_no_chemistry,0.0,17103b04fab21cdc,0.022299999999999986
4aba9407294ef0a7,cmAPP:1956,cmAPP:2002,US20220002724A1|Table18|Neuro2A cell line|1.0nM|24h,e8641df94cf5d311,0.011099999999999999,0.045,0.0151,,Replicate number and shared-control covariance not resolved; SDs are not SEs.,gnn_no_chemistry,0.0,2c34ab854a6ad95b,-0.011099999999999999
aae93bc901d599ee,cmAPP:1948,cmAPP:1993,US20220002724A1|Table18|Neuro2A cell line|1.0nM|24h,a7b957bcca2f20cf,0.015799999999999925,0.0304,0.06,,Replicate number and shared-control covariance not resolved; SDs are not SEs.,gnn_no_chemistry,0.0,17103b04fab21cdc,-0.015799999999999925
f77d454e0640bee9,cmAPP:1986,cmAPP:2031,US20220002724A1|Table18|Neuro2A cell line|1.0nM|24h,cf253444cfae0542,-0.25849999999999995,0.027200000000000002,0.0181,,Replicate number and shared-control covariance not resolved; SDs are not SEs.,gnn_no_chemistry,0.0,28639edc531a2e1a,0.25849999999999995
29266f87dbea9446,cmAPP:1972,cmAPP:2017,US20220002724A1|Table18|Neuro2A cell line|1.0nM|24h,f158caa9d2d33d64,-0.011599999999999944,0.0276,0.037200000000000004,,Replicate number and shared-control covariance not resolved; SDs are not SEs.,gnn_no_chemistry,0.0,2c34ab854a6ad95b,0.011599999999999944
4c96170b7a5e6348,cmAPP:1971,cmAPP:2016,US20220002724A1|Table18|Neuro2A cell line|1.0nM|24h,28e3362d3f9b2da2,-0.11339999999999983,0.0482,0.0404,,Replicate number and shared-control covariance not resolved; SDs are not SEs.,gnn_no_chemistry,0.0,28639edc531a2e1a,0.11339999999999983
0ef70c3bf1ed6748,cmAPP:1984,cmAPP:2029,US20220002724A1|Table18|Neuro2A cell line|1.0nM|24h,99751c2cb3cfdf23,-0.07260000000000011,0.0481,0.08990000000000001,,Replicate number and shared-control covariance not resolved; SDs are not SEs.,gnn_no_chemistry,0.0,28639edc531a2e1a,0.07260000000000011
349eec1ddda15478,cmAPP:1982,cmAPP:2027,US20220002724A1|Table18|Neuro2A cell line|1.0nM|24h,485d856ba812fc3a,-0.36660000000000004,0.127,0.09949999999999999,,Replicate number and shared-control covariance not resolved; SDs are not SEs.,gnn_no_chemistry,0.0,72478f51d38ee208,0.36660000000000004
c516136711beb154,cmAPP:1981,cmAPP:2022,US20220002724A1|Table18|Neuro2A cell line|1.0nM|24h,f8e112462608f680,-0.43430000000000013,0.0325,0.1017,,Replicate number and shared-control covariance not resolved; SDs are not SEs.,gnn_no_chemistry,0.0,5848c205ff64ecf8,0.43430000000000013
becdd89127e663db,cmAPP:1977,cmAPP:2026,US20220002724A1|Table18|Neuro2A cell line|1.0nM|24h,fc5b0d0c97a6e528,-0.5430999999999999,0.047599999999999996,0.062400000000000004,,Replicate number and shared-control covariance not resolved; SDs are not SEs.,gnn_no_chemistry,0.0,8a110cbb1ec4bb37,0.5430999999999999
eb05d8fd23cb21a3,cmAPP:1860,cmAPP:1905,US20220002724A1|Table18|Neuro2A cell line|10.0nM|24h,0776c55821f47af8,-0.10529999999999995,0.0024,0.021,,Replicate number and shared-control covariance not resolved; SDs are not SEs.,gnn_no_chemistry,0.0,151435cc8a45853a,0.10529999999999995
db6359943b17ecc7,cmAPP:1865,cmAPP:1911,US20220002724A1|Table18|Neuro2A cell line|10.0nM|24h,3e9731dfbff94adf,-0.019300000000000095,0.0095,0.0076,,Replicate number and shared-control covariance not resolved; SDs are not SEs.,gnn_no_chemistry,0.0,2c34ab854a6ad95b,0.019300000000000095
4e91bc478f4a4aaa,cmAPP:1863,cmAPP:1908,US20220002724A1|Table18|Neuro2A cell line|10.0nM|24h,eb357f6ecf50b6e8,-0.006599999999999939,0.0008,0.0070999999999999995,,Replicate number and shared-control covariance not resolved; SDs are not SEs.,gnn_no_chemistry,0.0,151435cc8a45853a,0.006599999999999939
aa3134d53203d34e,cmAPP:1895,cmAPP:1940,US20220002724A1|Table18|Neuro2A cell line|10.0nM|24h,fade1d64d4e768d6,-0.028799999999999937,0.0143,0.052199999999999996,,Replicate number and shared-control covariance not resolved; SDs are not SEs.,gnn_no_chemistry,0.0,28639edc531a2e1a,0.028799999999999937
ffc888cf36b05bc2,cmAPP:1898,cmAPP:1943,US20220002724A1|Table18|Neuro2A cell line|10.0nM|24h,f6ee2f45d0df4f59,-0.1835,0.0184,0.0542,,Replicate number and shared-control covariance not resolved; SDs are not SEs.,gnn_no_chemistry,0.0,5848c205ff64ecf8,0.1835
5c37a4bb04018995,cmAPP:1867,cmAPP:1910,US20220002724A1|Table18|Neuro2A cell line|10.0nM|24h,3e6cac1d7a027cc7,-0.276,0.0181,0.1264,,Replicate number and shared-control covariance not resolved; SDs are not SEs.,gnn_no_chemistry,0.0,9fea29da568e9bc1,0.276
dd6c1c7202e5a255,cmAPP:1861,cmAPP:1906,US20220002724A1|Table18|Neuro2A cell line|10.0nM|24h,45af11f0ecbd8a55,-0.012000000000000122,0.0007000000000000001,0.0051,,Replicate number and shared-control covariance not resolved; SDs are not SEs.,gnn_no_chemistry,0.0,1212da56aac7a198,0.012000000000000122
db76931262b18262,cmAPP:1877,cmAPP:1922,US20220002724A1|Table18|Neuro2A cell line|10.0nM|24h,74fc9298d8663f62,-0.022599999999999842,0.0347,0.0526,,Replicate number and shared-control covariance not resolved; SDs are not SEs.,gnn_no_chemistry,0.0,2c34ab854a6ad95b,0.022599999999999842
fb01500214324543,cmAPP:1885,cmAPP:1934,US20220002724A1|Table18|Neuro2A cell line|10.0nM|24h,5a42a7b5778aafe4,-0.0014000000000000679,0.0278,0.0077,,Replicate number and shared-control covariance not resolved; SDs are not SEs.,gnn_no_chemistry,0.0,28639edc531a2e1a,0.0014000000000000679
edbdac59a2065c45,cmAPP:1871,cmAPP:1916,US20220002724A1|Table18|Neuro2A cell line|10.0nM|24h,a50d407955561c5c,-0.011399999999999966,0.0015,0.012199999999999999,,Replicate number and shared-control covariance not resolved; SDs are not SEs.,gnn_no_chemistry,0.0,1212da56aac7a198,0.011399999999999966
bdc3962cc20e139b,cmAPP:1893,cmAPP:1938,US20220002724A1|Table18|Neuro2A cell line|10.0nM|24h,85329346f986aa0e,-0.2084999999999999,0.020499999999999997,0.0317,,Replicate number and shared-control covariance not resolved; SDs are not SEs.,gnn_no_chemistry,0.0,10c405d304cc4e37,0.2084999999999999
a40c86511b365ffd,cmAPP:1889,cmAPP:1930,US20220002724A1|Table18|Neuro2A cell line|10.0nM|24h,820566fd78cb47f2,-0.26639999999999997,0.0363,0.12179999999999999,,Replicate number and shared-control covariance not resolved; SDs are not SEs.,gnn_no_chemistry,0.0,1c10d86ec1a802f4,0.26639999999999997
c748ab46e40eb3c6,cmAPP:1874,cmAPP:1919,US20220002724A1|Table18|Neuro2A cell line|10.0nM|24h,79a2a66f9d75e712,-0.7228,0.0068000000000000005,0.22719999999999999,,Replicate number and shared-control covariance not resolved; SDs are not SEs.,gnn_no_chemistry,0.0,9620aee947fd49ea,0.7228
8462c3a551411df3,cmAPP:1868,cmAPP:1913,US20220002724A1|Table18|Neuro2A cell line|10.0nM|24h,aa8876968f9c4717,-0.24370000000000014,0.0321,0.1251,,Replicate number and shared-control covariance not resolved; SDs are not SEs.,gnn_no_chemistry,0.0,1c10d86ec1a802f4,0.24370000000000014
72fdff714d1fc08e,cmAPP:1897,cmAPP:1942,US20220002724A1|Table18|Neuro2A cell line|10.0nM|24h,2bd44ce61ea23b9f,-0.06989999999999996,0.019,0.037000000000000005,,Replicate number and shared-control covariance not resolved; SDs are not SEs.,gnn_no_chemistry,0.0,2c34ab854a6ad95b,0.06989999999999996
5216d53e06ede17c,cmAPP:1890,cmAPP:1931,US20220002724A1|Table18|Neuro2A cell line|10.0nM|24h,b5c37d5063356d65,0.017800000000000038,0.0196,0.001,,Replicate number and shared-control covariance not resolved; SDs are not SEs.,gnn_no_chemistry,0.0,5848c205ff64ecf8,-0.017800000000000038
1b4f407ebbaeb5b2,cmAPP:1855,cmAPP:1900,US20220002724A1|Table18|Neuro2A cell line|10.0nM|24h,4683b2d184b687a0,-0.04720000000000002,0.0007000000000000001,0.030699999999999998,,Replicate number and shared-control covariance not resolved; SDs are not SEs.,gnn_no_chemistry,0.0,17103b04fab21cdc,0.04720000000000002
a4c4b94f50336897,cmAPP:1866,cmAPP:1912,US20220002724A1|Table18|Neuro2A cell line|10.0nM|24h,e8641df94cf5d311,-0.0341999999999999,0.0053,0.011899999999999999,,Replicate number and shared-control covariance not resolved; SDs are not SEs.,gnn_no_chemistry,0.0,2c34ab854a6ad95b,0.0341999999999999
790c224fb15729e8,cmAPP:1858,cmAPP:1903,US20220002724A1|Table18|Neuro2A cell line|10.0nM|24h,a7b957bcca2f20cf,-0.03939999999999999,0.012,0.013999999999999999,,Replicate number and shared-control covariance not resolved; SDs are not SEs.,gnn_no_chemistry,0.0,17103b04fab21cdc,0.03939999999999999
8cfd4f27b028eb77,cmAPP:1896,cmAPP:1941,US20220002724A1|Table18|Neuro2A cell line|10.0nM|24h,cf253444cfae0542,-0.242,0.0068000000000000005,0.0691,,Replicate number and shared-control covariance not resolved; SDs are not SEs.,gnn_no_chemistry,0.0,28639edc531a2e1a,0.242
46898ba7d044be9b,cmAPP:1882,cmAPP:1927,US20220002724A1|Table18|Neuro2A cell line|10.0nM|24h,f158caa9d2d33d64,0.0007000000000000339,0.0242,0.0287,,Replicate number and shared-control covariance not resolved; SDs are not SEs.,gnn_no_chemistry,0.0,2c34ab854a6ad95b,-0.0007000000000000339
9b2d1052c5390363,cmAPP:1881,cmAPP:1926,US20220002724A1|Table18|Neuro2A cell line|10.0nM|24h,28e3362d3f9b2da2,-0.018500000000000072,0.0043,0.0105,,Replicate number and shared-control covariance not resolved; SDs are not SEs.,gnn_no_chemistry,0.0,28639edc531a2e1a,0.018500000000000072
3cf75a1628ce2443,cmAPP:1894,cmAPP:1939,US20220002724A1|Table18|Neuro2A cell line|10.0nM|24h,99751c2cb3cfdf23,-0.07340000000000002,0.0017000000000000001,0.0179,,Replicate number and shared-control covariance not resolved; SDs are not SEs.,gnn_no_chemistry,0.0,28639edc531a2e1a,0.07340000000000002
78964639effd56c0,cmAPP:1892,cmAPP:1937,US20220002724A1|Table18|Neuro2A cell line|10.0nM|24h,485d856ba812fc3a,-0.33120000000000005,0.046799999999999994,0.11320000000000001,,Replicate number and shared-control covariance not resolved; SDs are not SEs.,gnn_no_chemistry,0.0,72478f51d38ee208,0.33120000000000005
d1d883357891e048,cmAPP:1891,cmAPP:1932,US20220002724A1|Table18|Neuro2A cell line|10.0nM|24h,f8e112462608f680,-0.3360000000000001,0.0024,0.1892,,Replicate number and shared-control covariance not resolved; SDs are not SEs.,gnn_no_chemistry,0.0,5848c205ff64ecf8,0.3360000000000001
6e2a61766f596436,cmAPP:1887,cmAPP:1936,US20220002724A1|Table18|Neuro2A cell line|10.0nM|24h,fc5b0d0c97a6e528,-0.4691000000000001,0.0074,0.055099999999999996,,Replicate number and shared-control covariance not resolved; SDs are not SEs.,gnn_no_chemistry,0.0,8a110cbb1ec4bb37,0.4691000000000001
93389904f33e7718,cmAPP:1770,cmAPP:1815,US20220002724A1|Table17|Be(2)C cell line|0.1nM|24h,0776c55821f47af8,-1.6145,0.0704,0.13849999999999998,,Replicate number and shared-control covariance not resolved; SDs are not SEs.,guide_pairwise_ridge,0.0,151435cc8a45853a,1.6145
e24b7d2aa22bb55c,cmAPP:1775,cmAPP:1821,US20220002724A1|Table17|Be(2)C cell line|0.1nM|24h,3e9731dfbff94adf,-0.9341,0.0596,0.3439,,Replicate number and shared-control covariance not resolved; SDs are not SEs.,guide_pairwise_ridge,0.0,2c34ab854a6ad95b,0.9341
c5b8e137a303cb45,cmAPP:1773,cmAPP:1818,US20220002724A1|Table17|Be(2)C cell line|0.1nM|24h,eb357f6ecf50b6e8,-0.021100000000000008,0.0848,0.1288,,Replicate number and shared-control covariance not resolved; SDs are not SEs.,guide_pairwise_ridge,0.0,151435cc8a45853a,0.021100000000000008
5b10002dc6e9b311,cmAPP:1805,cmAPP:1850,US20220002724A1|Table17|Be(2)C cell line|0.1nM|24h,fade1d64d4e768d6,0.3319,0.2754,0.0858,,Replicate number and shared-control covariance not resolved; SDs are not SEs.,guide_pairwise_ridge,0.0,28639edc531a2e1a,-0.3319
34a0cf77853c520f,cmAPP:1808,cmAPP:1853,US20220002724A1|Table17|Be(2)C cell line|0.1nM|24h,f6ee2f45d0df4f59,0.5641999999999998,0.4637,0.4285,,Replicate number and shared-control covariance not resolved; SDs are not SEs.,guide_pairwise_ridge,0.0,5848c205ff64ecf8,-0.5641999999999998
53bd4571937b65d8,cmAPP:1777,cmAPP:1820,US20220002724A1|Table17|Be(2)C cell line|0.1nM|24h,3e6cac1d7a027cc7,-1.8657,0.1051,0.4839,,Replicate number and shared-control covariance not resolved; SDs are not SEs.,guide_pairwise_ridge,0.0,9fea29da568e9bc1,1.8657
c8e8c0b442f5a1a1,cmAPP:1771,cmAPP:1816,US20220002724A1|Table17|Be(2)C cell line|0.1nM|24h,45af11f0ecbd8a55,-0.8776,0.047599999999999996,0.087,,Replicate number and shared-control covariance not resolved; SDs are not SEs.,guide_pairwise_ridge,0.0,1212da56aac7a198,0.8776
ac1b30806815ea4e,cmAPP:1787,cmAPP:1832,US20220002724A1|Table17|Be(2)C cell line|0.1nM|24h,74fc9298d8663f62,-0.8095999999999999,0.1321,0.4403,,Replicate number and shared-control covariance not resolved; SDs are not SEs.,guide_pairwise_ridge,0.0,2c34ab854a6ad95b,0.8095999999999999
8aa63b5c3ecd924d,cmAPP:1795,cmAPP:1844,US20220002724A1|Table17|Be(2)C cell line|0.1nM|24h,5a42a7b5778aafe4,-0.5152,0.2846,0.19870000000000002,,Replicate number and shared-control covariance not resolved; SDs are not SEs.,guide_pairwise_ridge,0.0,28639edc531a2e1a,0.5152
d3de99befe559e4d,cmAPP:1781,cmAPP:1826,US20220002724A1|Table17|Be(2)C cell line|0.1nM|24h,a50d407955561c5c,-0.22190000000000004,0.1041,0.2195,,Replicate number and shared-control covariance not resolved; SDs are not SEs.,guide_pairwise_ridge,0.0,1212da56aac7a198,0.22190000000000004
7145b489500dbd80,cmAPP:1803,cmAPP:1848,US20220002724A1|Table17|Be(2)C cell line|0.1nM|24h,85329346f986aa0e,-0.8083999999999999,0.061200000000000004,0.2516,,Replicate number and shared-control covariance not resolved; SDs are not SEs.,guide_pairwise_ridge,0.0,10c405d304cc4e37,0.8083999999999999
05b4895f7bcd4c42,cmAPP:1799,cmAPP:1840,US20220002724A1|Table17|Be(2)C cell line|0.1nM|24h,820566fd78cb47f2,0.3812,0.0344,0.2104,,Replicate number and shared-control covariance not resolved; SDs are not SEs.,guide_pairwise_ridge,0.0,1c10d86ec1a802f4,-0.3812
b6967a59b842adff,cmAPP:1784,cmAPP:1829,US20220002724A1|Table17|Be(2)C cell line|0.1nM|24h,79a2a66f9d75e712,-2.8806,0.11789999999999999,0.5047999999999999,,Replicate number and shared-control covariance not resolved; SDs are not SEs.,guide_pairwise_ridge,0.0,9620aee947fd49ea,2.8806
059e26913d78b631,cmAPP:1778,cmAPP:1823,US20220002724A1|Table17|Be(2)C cell line|0.1nM|24h,aa8876968f9c4717,-1.8751,0.1424,0.1273,,Replicate number and shared-control covariance not resolved; SDs are not SEs.,guide_pairwise_ridge,0.0,1c10d86ec1a802f4,1.8751
6ca5840cef4726ff,cmAPP:1807,cmAPP:1852,US20220002724A1|Table17|Be(2)C cell line|0.1nM|24h,2bd44ce61ea23b9f,0.17810000000000004,0.1475,0.1971,,Replicate number and shared-control covariance not resolved; SDs are not SEs.,guide_pairwise_ridge,0.0,2c34ab854a6ad95b,-0.17810000000000004
327843b402480d74,cmAPP:1800,cmAPP:1841,US20220002724A1|Table17|Be(2)C cell line|0.1nM|24h,b5c37d5063356d65,0.5433,0.4465,0.1478,,Replicate number and shared-control covariance not resolved; SDs are not SEs.,guide_pairwise_ridge,0.0,5848c205ff64ecf8,-0.5433
1d5a6a30d03d4ace,cmAPP:1765,cmAPP:1810,US20220002724A1|Table17|Be(2)C cell line|0.1nM|24h,4683b2d184b687a0,-0.4945,0.12050000000000001,0.1419,,Replicate number and shared-control covariance not resolved; SDs are not SEs.,guide_pairwise_ridge,0.0,17103b04fab21cdc,0.4945
a1cbdd76747c5064,cmAPP:1776,cmAPP:1822,US20220002724A1|Table17|Be(2)C cell line|0.1nM|24h,e8641df94cf5d311,-0.6519000000000001,0.0775,0.17120000000000002,,Replicate number and shared-control covariance not resolved; SDs are not SEs.,guide_pairwise_ridge,0.0,2c34ab854a6ad95b,0.6519000000000001
4490c940bfdaa814,cmAPP:1768,cmAPP:1813,US20220002724A1|Table17|Be(2)C cell line|0.1nM|24h,a7b957bcca2f20cf,-0.935,0.1338,0.09609999999999999,,Replicate number and shared-control covariance not resolved; SDs are not SEs.,guide_pairwise_ridge,0.0,17103b04fab21cdc,0.935
382a0a377b849c67,cmAPP:1806,cmAPP:1851,US20220002724A1|Table17|Be(2)C cell line|0.1nM|24h,cf253444cfae0542,0.2361,0.3618,0.3897,,Replicate number and shared-control covariance not resolved; SDs are not SEs.,guide_pairwise_ridge,0.0,28639edc531a2e1a,-0.2361
50548dbd9fb26ec9,cmAPP:1792,cmAPP:1837,US20220002724A1|Table17|Be(2)C cell line|0.1nM|24h,f158caa9d2d33d64,-0.3258999999999999,0.3096,0.0693,,Replicate number and shared-control covariance not resolved; SDs are not SEs.,guide_pairwise_ridge,0.0,2c34ab854a6ad95b,0.3258999999999999
b5c2328a2c4ba021,cmAPP:1791,cmAPP:1836,US20220002724A1|Table17|Be(2)C cell line|0.1nM|24h,28e3362d3f9b2da2,-1.0455,0.030600000000000002,0.2801,,Replicate number and shared-control covariance not resolved; SDs are not SEs.,guide_pairwise_ridge,0.0,28639edc531a2e1a,1.0455
086646f70e89b7e8,cmAPP:1804,cmAPP:1849,US20220002724A1|Table17|Be(2)C cell line|0.1nM|24h,99751c2cb3cfdf23,-0.6019,0.1164,0.5791,,Replicate number and shared-control covariance not resolved; SDs are not SEs.,guide_pairwise_ridge,0.0,28639edc531a2e1a,0.6019
dbf5b6e05f2fd199,cmAPP:1802,cmAPP:1847,US20220002724A1|Table17|Be(2)C cell line|0.1nM|24h,485d856ba812fc3a,-0.8087999999999997,0.5171,0.0882,,Replicate number and shared-control covariance not resolved; SDs are not SEs.,guide_pairwise_ridge,0.0,72478f51d38ee208,0.8087999999999997
ae0b1f16d5b39dea,cmAPP:1801,cmAPP:1842,US20220002724A1|Table17|Be(2)C cell line|0.1nM|24h,f8e112462608f680,0.43200000000000005,0.13390000000000002,0.1041,,Replicate number and shared-control covariance not resolved; SDs are not SEs.,guide_pairwise_ridge,0.0,5848c205ff64ecf8,-0.43200000000000005
dff31405206d397b,cmAPP:1797,cmAPP:1846,US20220002724A1|Table17|Be(2)C cell line|0.1nM|24h,fc5b0d0c97a6e528,-1.5217999999999998,0.1784,0.1663,,Replicate number and shared-control covariance not resolved; SDs are not SEs.,guide_pairwise_ridge,0.0,8a110cbb1ec4bb37,1.5217999999999998
66ba2338161aed27,cmAPP:1680,cmAPP:1725,US20220002724A1|Table17|Be(2)C cell line|1.0nM|24h,0776c55821f47af8,-0.12819999999999987,0.026000000000000002,0.013500000000000002,,Replicate number and shared-control covariance not resolved; SDs are not SEs.,guide_pairwise_ridge,0.0,151435cc8a45853a,0.12819999999999987
a85eb0b11202f59e,cmAPP:1685,cmAPP:1731,US20220002724A1|Table17|Be(2)C cell line|1.0nM|24h,3e9731dfbff94adf,-0.07189999999999996,0.0286,0.0496,,Replicate number and shared-control covariance not resolved; SDs are not SEs.,guide_pairwise_ridge,0.0,2c34ab854a6ad95b,0.07189999999999996
c09f8ea736c8479d,cmAPP:1683,cmAPP:1728,US20220002724A1|Table17|Be(2)C cell line|1.0nM|24h,eb357f6ecf50b6e8,-0.014399999999999968,0.0364,0.0256,,Replicate number and shared-control covariance not resolved; SDs are not SEs.,guide_pairwise_ridge,0.0,151435cc8a45853a,0.014399999999999968
0ee5a5f6520a7c7a,cmAPP:1715,cmAPP:1760,US20220002724A1|Table17|Be(2)C cell line|1.0nM|24h,fade1d64d4e768d6,-0.17490000000000006,0.0608,0.1155,,Replicate number and shared-control covariance not resolved; SDs are not SEs.,guide_pairwise_ridge,0.0,28639edc531a2e1a,0.17490000000000006
e52464c3fde0c9de,cmAPP:1718,cmAPP:1763,US20220002724A1|Table17|Be(2)C cell line|1.0nM|24h,f6ee2f45d0df4f59,-0.361,0.0562,0.1673,,Replicate number and shared-control covariance not resolved; SDs are not SEs.,guide_pairwise_ridge,0.0,5848c205ff64ecf8,0.361
2f48d456f6284b36,cmAPP:1687,cmAPP:1730,US20220002724A1|Table17|Be(2)C cell line|1.0nM|24h,3e6cac1d7a027cc7,-0.3121,0.0704,0.0848,,Replicate number and shared-control covariance not resolved; SDs are not SEs.,guide_pairwise_ridge,0.0,9fea29da568e9bc1,0.3121
5b8cb0fffb026635,cmAPP:1681,cmAPP:1726,US20220002724A1|Table17|Be(2)C cell line|1.0nM|24h,45af11f0ecbd8a55,0.011099999999999999,0.008,0.0649,,Replicate number and shared-control covariance not resolved; SDs are not SEs.,guide_pairwise_ridge,0.0,1212da56aac7a198,-0.011099999999999999
63008ff058569c96,cmAPP:1697,cmAPP:1742,US20220002724A1|Table17|Be(2)C cell line|1.0nM|24h,74fc9298d8663f62,0.005700000000000149,0.06269999999999999,0.1005,,Replicate number and shared-control covariance not resolved; SDs are not SEs.,guide_pairwise_ridge,0.0,2c34ab854a6ad95b,-0.005700000000000149
97a210f808788925,cmAPP:1705,cmAPP:1754,US20220002724A1|Table17|Be(2)C cell line|1.0nM|24h,5a42a7b5778aafe4,-0.03459999999999985,0.0934,0.13369999999999999,,Replicate number and shared-control covariance not resolved; SDs are not SEs.,guide_pairwise_ridge,0.0,28639edc531a2e1a,0.03459999999999985
9f45bd9c2c0e94ba,cmAPP:1691,cmAPP:1736,US20220002724A1|Table17|Be(2)C cell line|1.0nM|24h,a50d407955561c5c,-0.1439999999999999,0.10619999999999999,0.07780000000000001,,Replicate number and shared-control covariance not resolved; SDs are not SEs.,guide_pairwise_ridge,0.0,1212da56aac7a198,0.1439999999999999
c6b1006bae31a2f4,cmAPP:1713,cmAPP:1758,US20220002724A1|Table17|Be(2)C cell line|1.0nM|24h,85329346f986aa0e,-0.21630000000000005,0.0141,0.059000000000000004,,Replicate number and shared-control covariance not resolved; SDs are not SEs.,guide_pairwise_ridge,0.0,10c405d304cc4e37,0.21630000000000005
f98feef4cdda1f7a,cmAPP:1709,cmAPP:1750,US20220002724A1|Table17|Be(2)C cell line|1.0nM|24h,820566fd78cb47f2,0.5236000000000001,0.2509,0.2433,,Replicate number and shared-control covariance not resolved; SDs are not SEs.,guide_pairwise_ridge,0.0,1c10d86ec1a802f4,-0.5236000000000001
7a921af808b2dfa6,cmAPP:1694,cmAPP:1739,US20220002724A1|Table17|Be(2)C cell line|1.0nM|24h,79a2a66f9d75e712,-0.5276000000000001,0.0654,0.09939999999999999,,Replicate number and shared-control covariance not resolved; SDs are not SEs.,guide_pairwise_ridge,0.0,9620aee947fd49ea,0.5276000000000001
eb09d956be8bc0bd,cmAPP:1688,cmAPP:1733,US20220002724A1|Table17|Be(2)C cell line|1.0nM|24h,aa8876968f9c4717,0.14549999999999996,0.2898,0.028399999999999998,,Replicate number and shared-control covariance not resolved; SDs are not SEs.,guide_pairwise_ridge,0.0,1c10d86ec1a802f4,-0.14549999999999996
a15328e82188e58f,cmAPP:1717,cmAPP:1762,US20220002724A1|Table17|Be(2)C cell line|1.0nM|24h,2bd44ce61ea23b9f,-0.13879999999999992,0.0291,0.0843,,Replicate number and shared-control covariance not resolved; SDs are not SEs.,guide_pairwise_ridge,0.0,2c34ab854a6ad95b,0.13879999999999992
c118eab8e379718c,cmAPP:1710,cmAPP:1751,US20220002724A1|Table17|Be(2)C cell line|1.0nM|24h,b5c37d5063356d65,0.2778999999999999,0.0418,0.0371,,Replicate number and shared-control covariance not resolved; SDs are not SEs.,guide_pairwise_ridge,0.0,5848c205ff64ecf8,-0.2778999999999999
bb68ab734a60ad5c,cmAPP:1675,cmAPP:1720,US20220002724A1|Table17|Be(2)C cell line|1.0nM|24h,4683b2d184b687a0,0.022400000000000087,0.0253,0.006999999999999999,,Replicate number and shared-control covariance not resolved; SDs are not SEs.,guide_pairwise_ridge,0.0,17103b04fab21cdc,-0.022400000000000087
70da5f6f47632dfe,cmAPP:1686,cmAPP:1732,US20220002724A1|Table17|Be(2)C cell line|1.0nM|24h,e8641df94cf5d311,0.015100000000000113,0.049100000000000005,0.027000000000000003,,Replicate number and shared-control covariance not resolved; SDs are not SEs.,guide_pairwise_ridge,0.0,2c34ab854a6ad95b,-0.015100000000000113
0d965a5abd1a268c,cmAPP:1678,cmAPP:1723,US20220002724A1|Table17|Be(2)C cell line|1.0nM|24h,a7b957bcca2f20cf,-0.05410000000000015,0.023799999999999998,0.057699999999999994,,Replicate number and shared-control covariance not resolved; SDs are not SEs.,guide_pairwise_ridge,0.0,17103b04fab21cdc,0.05410000000000015
b994b3eb1c0af55d,cmAPP:1716,cmAPP:1761,US20220002724A1|Table17|Be(2)C cell line|1.0nM|24h,cf253444cfae0542,-0.4706,0.0717,0.13419999999999999,,Replicate number and shared-control covariance not resolved; SDs are not SEs.,guide_pairwise_ridge,0.0,28639edc531a2e1a,0.4706
fd3f38efafcec3ac,cmAPP:1702,cmAPP:1747,US20220002724A1|Table17|Be(2)C cell line|1.0nM|24h,f158caa9d2d33d64,-0.03489999999999993,0.0555,0.046,,Replicate number and shared-control covariance not resolved; SDs are not SEs.,guide_pairwise_ridge,0.0,2c34ab854a6ad95b,0.03489999999999993
45289904b26c1459,cmAPP:1701,cmAPP:1746,US20220002724A1|Table17|Be(2)C cell line|1.0nM|24h,28e3362d3f9b2da2,-0.29069999999999996,0.01,0.1063,,Replicate number and shared-control covariance not resolved; SDs are not SEs.,guide_pairwise_ridge,0.0,28639edc531a2e1a,0.29069999999999996
f762503ebcc65c82,cmAPP:1714,cmAPP:1759,US20220002724A1|Table17|Be(2)C cell line|1.0nM|24h,99751c2cb3cfdf23,-0.08540000000000003,0.0706,0.081,,Replicate number and shared-control covariance not resolved; SDs are not SEs.,guide_pairwise_ridge,0.0,28639edc531a2e1a,0.08540000000000003
d26bc154c6f7f7ab,cmAPP:1712,cmAPP:1757,US20220002724A1|Table17|Be(2)C cell line|1.0nM|24h,485d856ba812fc3a,-0.36310000000000003,0.0767,0.16260000000000002,,Replicate number and shared-control covariance not resolved; SDs are not SEs.,guide_pairwise_ridge,0.0,72478f51d38ee208,0.36310000000000003
62cb9585f226cf4c,cmAPP:1711,cmAPP:1752,US20220002724A1|Table17|Be(2)C cell line|1.0nM|24h,f8e112462608f680,-0.5549,0.009399999999999999,0.0779,,Replicate number and shared-control covariance not resolved; SDs are not SEs.,guide_pairwise_ridge,0.0,5848c205ff64ecf8,0.5549
e7cdd445b47734ce,cmAPP:1707,cmAPP:1756,US20220002724A1|Table17|Be(2)C cell line|1.0nM|24h,fc5b0d0c97a6e528,-0.3610000000000001,0.0946,0.1015,,Replicate number and shared-control covariance not resolved; SDs are not SEs.,guide_pairwise_ridge,0.0,8a110cbb1ec4bb37,0.3610000000000001
0eed2d75f2cde72d,cmAPP:1590,cmAPP:1635,US20220002724A1|Table17|Be(2)C cell line|10.0nM|24h,0776c55821f47af8,-0.40340000000000004,0.0241,0.029500000000000002,,Replicate number and shared-control covariance not resolved; SDs are not SEs.,guide_pairwise_ridge,0.0,151435cc8a45853a,0.40340000000000004
1a6c9baac85f3629,cmAPP:1595,cmAPP:1641,US20220002724A1|Table17|Be(2)C cell line|10.0nM|24h,3e9731dfbff94adf,-0.20189999999999997,0.0129,0.0771,,Replicate number and shared-control covariance not resolved; SDs are not SEs.,guide_pairwise_ridge,0.0,2c34ab854a6ad95b,0.20189999999999997
76e24e5164a31a01,cmAPP:1593,cmAPP:1638,US20220002724A1|Table17|Be(2)C cell line|10.0nM|24h,eb357f6ecf50b6e8,-0.21689999999999998,0.028399999999999998,0.0443,,Replicate number and shared-control covariance not resolved; SDs are not SEs.,guide_pairwise_ridge,0.0,151435cc8a45853a,0.21689999999999998
e284e40848b79caf,cmAPP:1625,cmAPP:1670,US20220002724A1|Table17|Be(2)C cell line|10.0nM|24h,fade1d64d4e768d6,0.14149999999999996,0.0601,0.052000000000000005,,Replicate number and shared-control covariance not resolved; SDs are not SEs.,guide_pairwise_ridge,0.0,28639edc531a2e1a,-0.14149999999999996
9bf5f3d125221e4c,cmAPP:1628,cmAPP:1673,US20220002724A1|Table17|Be(2)C cell line|10.0nM|24h,f6ee2f45d0df4f59,0.1386,0.1333,0.0969,,Replicate number and shared-control covariance not resolved; SDs are not SEs.,guide_pairwise_ridge,0.0,5848c205ff64ecf8,-0.1386
db264d54acc9cc94,cmAPP:1597,cmAPP:1640,US20220002724A1|Table17|Be(2)C cell line|10.0nM|24h,3e6cac1d7a027cc7,-0.79,0.0475,0.1617,,Replicate number and shared-control covariance not resolved; SDs are not SEs.,guide_pairwise_ridge,0.0,9fea29da568e9bc1,0.79
421212f430fb6217,cmAPP:1591,cmAPP:1636,US20220002724A1|Table17|Be(2)C cell line|10.0nM|24h,45af11f0ecbd8a55,-0.04060000000000008,0.024,0.0765,,Replicate number and shared-control covariance not resolved; SDs are not SEs.,guide_pairwise_ridge,0.0,1212da56aac7a198,0.04060000000000008
7ad1ff1601478950,cmAPP:1607,cmAPP:1652,US20220002724A1|Table17|Be(2)C cell line|10.0nM|24h,74fc9298d8663f62,0.0006999999999999229,0.0691,0.026099999999999998,,Replicate number and shared-control covariance not resolved; SDs are not SEs.,guide_pairwise_ridge,0.0,2c34ab854a6ad95b,-0.0006999999999999229
600169b9f0f80551,cmAPP:1615,cmAPP:1664,US20220002724A1|Table17|Be(2)C cell line|10.0nM|24h,5a42a7b5778aafe4,0.02199999999999991,0.07150000000000001,0.0554,,Replicate number and shared-control covariance not resolved; SDs are not SEs.,guide_pairwise_ridge,0.0,28639edc531a2e1a,-0.02199999999999991
409122d11d642bec,cmAPP:1601,cmAPP:1646,US20220002724A1|Table17|Be(2)C cell line|10.0nM|24h,a50d407955561c5c,-0.45020000000000004,0.0212,0.3306,,Replicate number and shared-control covariance not resolved; SDs are not SEs.,guide_pairwise_ridge,0.0,1212da56aac7a198,0.45020000000000004
c465d631789b7798,cmAPP:1623,cmAPP:1668,US20220002724A1|Table17|Be(2)C cell line|10.0nM|24h,85329346f986aa0e,-0.05489999999999995,0.0616,0.0323,,Replicate number and shared-control covariance not resolved; SDs are not SEs.,guide_pairwise_ridge,0.0,10c405d304cc4e37,0.05489999999999995
dd70d7ef8a4c9374,cmAPP:1619,cmAPP:1660,US20220002724A1|Table17|Be(2)C cell line|10.0nM|24h,820566fd78cb47f2,2.0336,0.2964,0.10300000000000001,,Replicate number and shared-control covariance not resolved; SDs are not SEs.,guide_pairwise_ridge,0.0,1c10d86ec1a802f4,-2.0336
d69a2449a6634854,cmAPP:1604,cmAPP:1649,US20220002724A1|Table17|Be(2)C cell line|10.0nM|24h,79a2a66f9d75e712,-1.4533999999999998,0.061399999999999996,0.5695,,Replicate number and shared-control covariance not resolved; SDs are not SEs.,guide_pairwise_ridge,0.0,9620aee947fd49ea,1.4533999999999998
e9d357b8d3d85a4e,cmAPP:1598,cmAPP:1643,US20220002724A1|Table17|Be(2)C cell line|10.0nM|24h,aa8876968f9c4717,-0.10759999999999997,0.0746,0.0934,,Replicate number and shared-control covariance not resolved; SDs are not SEs.,guide_pairwise_ridge,0.0,1c10d86ec1a802f4,0.10759999999999997
f3e88314b57e616d,cmAPP:1627,cmAPP:1672,US20220002724A1|Table17|Be(2)C cell line|10.0nM|24h,2bd44ce61ea23b9f,0.1450999999999999,0.075,0.0417,,Replicate number and shared-control covariance not resolved; SDs are not SEs.,guide_pairwise_ridge,0.0,2c34ab854a6ad95b,-0.1450999999999999
450bf38c165fbd1a,cmAPP:1620,cmAPP:1661,US20220002724A1|Table17|Be(2)C cell line|10.0nM|24h,b5c37d5063356d65,0.23629999999999995,0.0346,0.0215,,Replicate number and shared-control covariance not resolved; SDs are not SEs.,guide_pairwise_ridge,0.0,5848c205ff64ecf8,-0.23629999999999995
d2d72d8278e8ff2f,cmAPP:1585,cmAPP:1630,US20220002724A1|Table17|Be(2)C cell line|10.0nM|24h,4683b2d184b687a0,-0.16439999999999988,0.0392,0.0429,,Replicate number and shared-control covariance not resolved; SDs are not SEs.,guide_pairwise_ridge,0.0,17103b04fab21cdc,0.16439999999999988
8ab257e2caab32a6,cmAPP:1596,cmAPP:1642,US20220002724A1|Table17|Be(2)C cell line|10.0nM|24h,e8641df94cf5d311,-0.16900000000000015,0.0141,0.028399999999999998,,Replicate number and shared-control covariance not resolved; SDs are not SEs.,guide_pairwise_ridge,0.0,2c34ab854a6ad95b,0.16900000000000015
cf3a3e7485b31ba0,cmAPP:1588,cmAPP:1633,US20220002724A1|Table17|Be(2)C cell line|10.0nM|24h,a7b957bcca2f20cf,-0.2547999999999999,0.03,0.09269999999999999,,Replicate number and shared-control covariance not resolved; SDs are not SEs.,guide_pairwise_ridge,0.0,17103b04fab21cdc,0.2547999999999999
fca0701bd3bac2f3,cmAPP:1626,cmAPP:1671,US20220002724A1|Table17|Be(2)C cell line|10.0nM|24h,cf253444cfae0542,-0.2828999999999999,0.14429999999999998,0.0999,,Replicate number and shared-control covariance not resolved; SDs are not SEs.,guide_pairwise_ridge,0.0,28639edc531a2e1a,0.2828999999999999
134f453b89ce7319,cmAPP:1612,cmAPP:1657,US20220002724A1|Table17|Be(2)C cell line|10.0nM|24h,f158caa9d2d33d64,0.18099999999999994,0.0599,0.0075,,Replicate number and shared-control covariance not resolved; SDs are not SEs.,guide_pairwise_ridge,0.0,2c34ab854a6ad95b,-0.18099999999999994
34038dbdd4553f7d,cmAPP:1611,cmAPP:1656,US20220002724A1|Table17|Be(2)C cell line|10.0nM|24h,28e3362d3f9b2da2,-0.014200000000000101,0.0373,0.048,,Replicate number and shared-control covariance not resolved; SDs are not SEs.,guide_pairwise_ridge,0.0,28639edc531a2e1a,0.014200000000000101
d17517694a996e9b,cmAPP:1624,cmAPP:1669,US20220002724A1|Table17|Be(2)C cell line|10.0nM|24h,99751c2cb3cfdf23,-0.19910000000000005,0.008199999999999999,0.069,,Replicate number and shared-control covariance not resolved; SDs are not SEs.,guide_pairwise_ridge,0.0,28639edc531a2e1a,0.19910000000000005
2b34f2d44b307ee1,cmAPP:1622,cmAPP:1667,US20220002724A1|Table17|Be(2)C cell line|10.0nM|24h,485d856ba812fc3a,-0.012800000000000034,0.06,0.1607,,Replicate number and shared-control covariance not resolved; SDs are not SEs.,guide_pairwise_ridge,0.0,72478f51d38ee208,0.012800000000000034
58b9f1849445a903,cmAPP:1621,cmAPP:1662,US20220002724A1|Table17|Be(2)C cell line|10.0nM|24h,f8e112462608f680,-0.10060000000000002,0.0401,0.1016,,Replicate number and shared-control covariance not resolved; SDs are not SEs.,guide_pairwise_ridge,0.0,5848c205ff64ecf8,0.10060000000000002
a5c36e48fb124d82,cmAPP:1617,cmAPP:1666,US20220002724A1|Table17|Be(2)C cell line|10.0nM|24h,fc5b0d0c97a6e528,-0.45020000000000004,0.1369,0.18719999999999998,,Replicate number and shared-control covariance not resolved; SDs are not SEs.,guide_pairwise_ridge,0.0,8a110cbb1ec4bb37,0.45020000000000004
6297178908babdb2,cmAPP:2040,cmAPP:2085,US20220002724A1|Table18|Neuro2A cell line|0.1nM|24h,0776c55821f47af8,-0.28669999999999995,0.0592,0.0308,,Replicate number and shared-control covariance not resolved; SDs are not SEs.,guide_pairwise_ridge,0.0,151435cc8a45853a,0.28669999999999995
e07fbd2f23396c88,cmAPP:2045,cmAPP:2091,US20220002724A1|Table18|Neuro2A cell line|0.1nM|24h,3e9731dfbff94adf,-0.11920000000000008,0.0538,0.0915,,Replicate number and shared-control covariance not resolved; SDs are not SEs.,guide_pairwise_ridge,0.0,2c34ab854a6ad95b,0.11920000000000008
ea69375d6e637f0b,cmAPP:2043,cmAPP:2088,US20220002724A1|Table18|Neuro2A cell line|0.1nM|24h,eb357f6ecf50b6e8,-0.13270000000000004,0.0908,0.026699999999999998,,Replicate number and shared-control covariance not resolved; SDs are not SEs.,guide_pairwise_ridge,0.0,151435cc8a45853a,0.13270000000000004
c805543d26a64bde,cmAPP:2075,cmAPP:2120,US20220002724A1|Table18|Neuro2A cell line|0.1nM|24h,fade1d64d4e768d6,-0.11869999999999992,0.09,0.1231,,Replicate number and shared-control covariance not resolved; SDs are not SEs.,guide_pairwise_ridge,0.0,28639edc531a2e1a,0.11869999999999992
f56e1ddec22a1688,cmAPP:2078,cmAPP:2123,US20220002724A1|Table18|Neuro2A cell line|0.1nM|24h,f6ee2f45d0df4f59,-0.21069999999999994,0.0633,0.09269999999999999,,Replicate number and shared-control covariance not resolved; SDs are not SEs.,guide_pairwise_ridge,0.0,5848c205ff64ecf8,0.21069999999999994
e4cc745fd18c9923,cmAPP:2047,cmAPP:2090,US20220002724A1|Table18|Neuro2A cell line|0.1nM|24h,3e6cac1d7a027cc7,-0.6328999999999999,0.0196,0.1439,,Replicate number and shared-control covariance not resolved; SDs are not SEs.,guide_pairwise_ridge,0.0,9fea29da568e9bc1,0.6328999999999999
fd2a262963837b7f,cmAPP:2041,cmAPP:2086,US20220002724A1|Table18|Neuro2A cell line|0.1nM|24h,45af11f0ecbd8a55,-0.12370000000000003,0.059000000000000004,0.0151,,Replicate number and shared-control covariance not resolved; SDs are not SEs.,guide_pairwise_ridge,0.0,1212da56aac7a198,0.12370000000000003
51c13c0eaed60726,cmAPP:2057,cmAPP:2102,US20220002724A1|Table18|Neuro2A cell line|0.1nM|24h,74fc9298d8663f62,0.14069999999999994,0.0353,0.0542,,Replicate number and shared-control covariance not resolved; SDs are not SEs.,guide_pairwise_ridge,0.0,2c34ab854a6ad95b,-0.14069999999999994
396bdc7f9386d193,cmAPP:2065,cmAPP:2114,US20220002724A1|Table18|Neuro2A cell line|0.1nM|24h,5a42a7b5778aafe4,-0.24690000000000012,0.0611,0.1293,,Replicate number and shared-control covariance not resolved; SDs are not SEs.,guide_pairwise_ridge,0.0,28639edc531a2e1a,0.24690000000000012
fdbf57627003ba04,cmAPP:2051,cmAPP:2096,US20220002724A1|Table18|Neuro2A cell line|0.1nM|24h,a50d407955561c5c,-0.23420000000000007,0.0968,0.0231,,Replicate number and shared-control covariance not resolved; SDs are not SEs.,guide_pairwise_ridge,0.0,1212da56aac7a198,0.23420000000000007
676b84ca4669fe18,cmAPP:2073,cmAPP:2118,US20220002724A1|Table18|Neuro2A cell line|0.1nM|24h,85329346f986aa0e,-0.6031,0.086,0.0694,,Replicate number and shared-control covariance not resolved; SDs are not SEs.,guide_pairwise_ridge,0.0,10c405d304cc4e37,0.6031
594ae7af3b916cd2,cmAPP:2069,cmAPP:2110,US20220002724A1|Table18|Neuro2A cell line|0.1nM|24h,820566fd78cb47f2,-0.14290000000000003,0.1174,0.079,,Replicate number and shared-control covariance not resolved; SDs are not SEs.,guide_pairwise_ridge,0.0,1c10d86ec1a802f4,0.14290000000000003
bfb561a0d6a8fc27,cmAPP:2054,cmAPP:2099,US20220002724A1|Table18|Neuro2A cell line|0.1nM|24h,79a2a66f9d75e712,-0.4963,0.0258,0.115,,Replicate number and shared-control covariance not resolved; SDs are not SEs.,guide_pairwise_ridge,0.0,9620aee947fd49ea,0.4963
5b2264ddc1a7af6c,cmAPP:2048,cmAPP:2093,US20220002724A1|Table18|Neuro2A cell line|0.1nM|24h,aa8876968f9c4717,-0.2509,0.1604,0.0731,,Replicate number and shared-control covariance not resolved; SDs are not SEs.,guide_pairwise_ridge,0.0,1c10d86ec1a802f4,0.2509
ff45b277fb60624e,cmAPP:2077,cmAPP:2122,US20220002724A1|Table18|Neuro2A cell line|0.1nM|24h,2bd44ce61ea23b9f,-0.1391,0.0673,0.1009,,Replicate number and shared-control covariance not resolved; SDs are not SEs.,guide_pairwise_ridge,0.0,2c34ab854a6ad95b,0.1391
6a678b00b934044e,cmAPP:2070,cmAPP:2111,US20220002724A1|Table18|Neuro2A cell line|0.1nM|24h,b5c37d5063356d65,0.26859999999999995,0.067,0.06269999999999999,,Replicate number and shared-control covariance not resolved; SDs are not SEs.,guide_pairwise_ridge,0.0,5848c205ff64ecf8,-0.26859999999999995
d52d528f0aa9bd30,cmAPP:2035,cmAPP:2080,US20220002724A1|Table18|Neuro2A cell line|0.1nM|24h,4683b2d184b687a0,-0.22899999999999987,0.0641,0.0755,,Replicate number and shared-control covariance not resolved; SDs are not SEs.,guide_pairwise_ridge,0.0,17103b04fab21cdc,0.22899999999999987
98341947aa56f870,cmAPP:2046,cmAPP:2092,US20220002724A1|Table18|Neuro2A cell line|0.1nM|24h,e8641df94cf5d311,-0.10649999999999982,0.050499999999999996,0.0414,,Replicate number and shared-control covariance not resolved; SDs are not SEs.,guide_pairwise_ridge,0.0,2c34ab854a6ad95b,0.10649999999999982
e6bc6fc3ddc258ff,cmAPP:2038,cmAPP:2083,US20220002724A1|Table18|Neuro2A cell line|0.1nM|24h,a7b957bcca2f20cf,-0.1522,0.05,0.047400000000000005,,Replicate number and shared-control covariance not resolved; SDs are not SEs.,guide_pairwise_ridge,0.0,17103b04fab21cdc,0.1522
96c1bc434b0cc0dd,cmAPP:2076,cmAPP:2121,US20220002724A1|Table18|Neuro2A cell line|0.1nM|24h,cf253444cfae0542,-0.3479000000000001,0.0617,0.13119999999999998,,Replicate number and shared-control covariance not resolved; SDs are not SEs.,guide_pairwise_ridge,0.0,28639edc531a2e1a,0.3479000000000001
5fb5972af28fa281,cmAPP:2062,cmAPP:2107,US20220002724A1|Table18|Neuro2A cell line|0.1nM|24h,f158caa9d2d33d64,-0.118,0.1033,0.051100000000000007,,Replicate number and shared-control covariance not resolved; SDs are not SEs.,guide_pairwise_ridge,0.0,2c34ab854a6ad95b,0.118
849edfe135b4a285,cmAPP:2061,cmAPP:2106,US20220002724A1|Table18|Neuro2A cell line|0.1nM|24h,28e3362d3f9b2da2,-0.3863000000000001,0.0817,0.08310000000000001,,Replicate number and shared-control covariance not resolved; SDs are not SEs.,guide_pairwise_ridge,0.0,28639edc531a2e1a,0.3863000000000001
0f5070b79250194c,cmAPP:2074,cmAPP:2119,US20220002724A1|Table18|Neuro2A cell line|0.1nM|24h,99751c2cb3cfdf23,-0.42489999999999994,0.0526,0.0729,,Replicate number and shared-control covariance not resolved; SDs are not SEs.,guide_pairwise_ridge,0.0,28639edc531a2e1a,0.42489999999999994
fd35c25e6b032569,cmAPP:2072,cmAPP:2117,US20220002724A1|Table18|Neuro2A cell line|0.1nM|24h,485d856ba812fc3a,-0.12709999999999994,0.1127,0.10310000000000001,,Replicate number and shared-control covariance not resolved; SDs are not SEs.,guide_pairwise_ridge,0.0,72478f51d38ee208,0.12709999999999994
0c7a97d50dabb197,cmAPP:2071,cmAPP:2112,US20220002724A1|Table18|Neuro2A cell line|0.1nM|24h,f8e112462608f680,-0.4119,0.0747,0.18719999999999998,,Replicate number and shared-control covariance not resolved; SDs are not SEs.,guide_pairwise_ridge,0.0,5848c205ff64ecf8,0.4119
473de2be4f7d6584,cmAPP:2067,cmAPP:2116,US20220002724A1|Table18|Neuro2A cell line|0.1nM|24h,fc5b0d0c97a6e528,-0.6101000000000001,0.061500000000000006,0.3147,,Replicate number and shared-control covariance not resolved; SDs are not SEs.,guide_pairwise_ridge,0.0,8a110cbb1ec4bb37,0.6101000000000001
8baebb96c0af3c90,cmAPP:1950,cmAPP:1995,US20220002724A1|Table18|Neuro2A cell line|1.0nM|24h,0776c55821f47af8,-0.09720000000000006,0.024300000000000002,0.0365,,Replicate number and shared-control covariance not resolved; SDs are not SEs.,guide_pairwise_ridge,0.0,151435cc8a45853a,0.09720000000000006
c55d3bcca2d2a449,cmAPP:1955,cmAPP:2001,US20220002724A1|Table18|Neuro2A cell line|1.0nM|24h,3e9731dfbff94adf,0.023700000000000054,0.0421,0.0274,,Replicate number and shared-control covariance not resolved; SDs are not SEs.,guide_pairwise_ridge,0.0,2c34ab854a6ad95b,-0.023700000000000054
ef7b3a1b137a6db8,cmAPP:1953,cmAPP:1998,US20220002724A1|Table18|Neuro2A cell line|1.0nM|24h,eb357f6ecf50b6e8,-0.022199999999999998,0.0733,0.0483,,Replicate number and shared-control covariance not resolved; SDs are not SEs.,guide_pairwise_ridge,0.0,151435cc8a45853a,0.022199999999999998
675d15d359e354d5,cmAPP:1985,cmAPP:2030,US20220002724A1|Table18|Neuro2A cell line|1.0nM|24h,fade1d64d4e768d6,-0.09120000000000006,0.0105,0.04769999999999999,,Replicate number and shared-control covariance not resolved; SDs are not SEs.,guide_pairwise_ridge,0.0,28639edc531a2e1a,0.09120000000000006
5e97508244c8c76c,cmAPP:1988,cmAPP:2033,US20220002724A1|Table18|Neuro2A cell line|1.0nM|24h,f6ee2f45d0df4f59,-0.16470000000000007,0.08710000000000001,0.025699999999999997,,Replicate number and shared-control covariance not resolved; SDs are not SEs.,guide_pairwise_ridge,0.0,5848c205ff64ecf8,0.16470000000000007
1711355de18f68c1,cmAPP:1957,cmAPP:2000,US20220002724A1|Table18|Neuro2A cell line|1.0nM|24h,3e6cac1d7a027cc7,-0.3823999999999999,0.036000000000000004,0.054400000000000004,,Replicate number and shared-control covariance not resolved; SDs are not SEs.,guide_pairwise_ridge,0.0,9fea29da568e9bc1,0.3823999999999999
7d9ac8b735ba4661,cmAPP:1951,cmAPP:1996,US20220002724A1|Table18|Neuro2A cell line|1.0nM|24h,45af11f0ecbd8a55,0.03709999999999991,0.0533,0.0337,,Replicate number and shared-control covariance not resolved; SDs are not SEs.,guide_pairwise_ridge,0.0,1212da56aac7a198,-0.03709999999999991
98f93e5fbbd41ec8,cmAPP:1967,cmAPP:2012,US20220002724A1|Table18|Neuro2A cell line|1.0nM|24h,74fc9298d8663f62,0.10929999999999995,0.0698,0.0123,,Replicate number and shared-control covariance not resolved; SDs are not SEs.,guide_pairwise_ridge,0.0,2c34ab854a6ad95b,-0.10929999999999995
a15df525a6a379e5,cmAPP:1975,cmAPP:2024,US20220002724A1|Table18|Neuro2A cell line|1.0nM|24h,5a42a7b5778aafe4,0.030400000000000094,0.0661,0.0528,,Replicate number and shared-control covariance not resolved; SDs are not SEs.,guide_pairwise_ridge,0.0,28639edc531a2e1a,-0.030400000000000094
8ab99b4d0257f181,cmAPP:1961,cmAPP:2006,US20220002724A1|Table18|Neuro2A cell line|1.0nM|24h,a50d407955561c5c,-0.07660000000000011,0.0401,0.09820000000000001,,Replicate number and shared-control covariance not resolved; SDs are not SEs.,guide_pairwise_ridge,0.0,1212da56aac7a198,0.07660000000000011
62524e0c73da8dd0,cmAPP:1983,cmAPP:2028,US20220002724A1|Table18|Neuro2A cell line|1.0nM|24h,85329346f986aa0e,-0.512,0.0333,0.0638,,Replicate number and shared-control covariance not resolved; SDs are not SEs.,guide_pairwise_ridge,0.0,10c405d304cc4e37,0.512
dbc2ab9cc107017b,cmAPP:1979,cmAPP:2020,US20220002724A1|Table18|Neuro2A cell line|1.0nM|24h,820566fd78cb47f2,0.039799999999999836,0.1002,0.11699999999999999,,Replicate number and shared-control covariance not resolved; SDs are not SEs.,guide_pairwise_ridge,0.0,1c10d86ec1a802f4,-0.039799999999999836
de9de367cfd0516a,cmAPP:1964,cmAPP:2009,US20220002724A1|Table18|Neuro2A cell line|1.0nM|24h,79a2a66f9d75e712,-0.6374,0.0904,0.1176,,Replicate number and shared-control covariance not resolved; SDs are not SEs.,guide_pairwise_ridge,0.0,9620aee947fd49ea,0.6374
ca0223cac79b16f0,cmAPP:1958,cmAPP:2003,US20220002724A1|Table18|Neuro2A cell line|1.0nM|24h,aa8876968f9c4717,-0.010599999999999943,0.0891,0.08070000000000001,,Replicate number and shared-control covariance not resolved; SDs are not SEs.,guide_pairwise_ridge,0.0,1c10d86ec1a802f4,0.010599999999999943
c78c802f0ed94739,cmAPP:1987,cmAPP:2032,US20220002724A1|Table18|Neuro2A cell line|1.0nM|24h,2bd44ce61ea23b9f,-0.0394000000000001,0.0444,0.031200000000000002,,Replicate number and shared-control covariance not resolved; SDs are not SEs.,guide_pairwise_ridge,0.0,2c34ab854a6ad95b,0.0394000000000001
18c6d9223a20ba73,cmAPP:1980,cmAPP:2021,US20220002724A1|Table18|Neuro2A cell line|1.0nM|24h,b5c37d5063356d65,0.15689999999999993,0.0768,0.0052,,Replicate number and shared-control covariance not resolved; SDs are not SEs.,guide_pairwise_ridge,0.0,5848c205ff64ecf8,-0.15689999999999993
61808a59ae1e72f6,cmAPP:1945,cmAPP:1990,US20220002724A1|Table18|Neuro2A cell line|1.0nM|24h,4683b2d184b687a0,-0.022299999999999986,0.0379,0.0414,,Replicate number and shared-control covariance not resolved; SDs are not SEs.,guide_pairwise_ridge,0.0,17103b04fab21cdc,0.022299999999999986
4aba9407294ef0a7,cmAPP:1956,cmAPP:2002,US20220002724A1|Table18|Neuro2A cell line|1.0nM|24h,e8641df94cf5d311,0.011099999999999999,0.045,0.0151,,Replicate number and shared-control covariance not resolved; SDs are not SEs.,guide_pairwise_ridge,0.0,2c34ab854a6ad95b,-0.011099999999999999
aae93bc901d599ee,cmAPP:1948,cmAPP:1993,US20220002724A1|Table18|Neuro2A cell line|1.0nM|24h,a7b957bcca2f20cf,0.015799999999999925,0.0304,0.06,,Replicate number and shared-control covariance not resolved; SDs are not SEs.,guide_pairwise_ridge,0.0,17103b04fab21cdc,-0.015799999999999925
f77d454e0640bee9,cmAPP:1986,cmAPP:2031,US20220002724A1|Table18|Neuro2A cell line|1.0nM|24h,cf253444cfae0542,-0.25849999999999995,0.027200000000000002,0.0181,,Replicate number and shared-control covariance not resolved; SDs are not SEs.,guide_pairwise_ridge,0.0,28639edc531a2e1a,0.25849999999999995
29266f87dbea9446,cmAPP:1972,cmAPP:2017,US20220002724A1|Table18|Neuro2A cell line|1.0nM|24h,f158caa9d2d33d64,-0.011599999999999944,0.0276,0.037200000000000004,,Replicate number and shared-control covariance not resolved; SDs are not SEs.,guide_pairwise_ridge,0.0,2c34ab854a6ad95b,0.011599999999999944
4c96170b7a5e6348,cmAPP:1971,cmAPP:2016,US20220002724A1|Table18|Neuro2A cell line|1.0nM|24h,28e3362d3f9b2da2,-0.11339999999999983,0.0482,0.0404,,Replicate number and shared-control covariance not resolved; SDs are not SEs.,guide_pairwise_ridge,0.0,28639edc531a2e1a,0.11339999999999983
0ef70c3bf1ed6748,cmAPP:1984,cmAPP:2029,US20220002724A1|Table18|Neuro2A cell line|1.0nM|24h,99751c2cb3cfdf23,-0.07260000000000011,0.0481,0.08990000000000001,,Replicate number and shared-control covariance not resolved; SDs are not SEs.,guide_pairwise_ridge,0.0,28639edc531a2e1a,0.07260000000000011
349eec1ddda15478,cmAPP:1982,cmAPP:2027,US20220002724A1|Table18|Neuro2A cell line|1.0nM|24h,485d856ba812fc3a,-0.36660000000000004,0.127,0.09949999999999999,,Replicate number and shared-control covariance not resolved; SDs are not SEs.,guide_pairwise_ridge,0.0,72478f51d38ee208,0.36660000000000004
c516136711beb154,cmAPP:1981,cmAPP:2022,US20220002724A1|Table18|Neuro2A cell line|1.0nM|24h,f8e112462608f680,-0.43430000000000013,0.0325,0.1017,,Replicate number and shared-control covariance not resolved; SDs are not SEs.,guide_pairwise_ridge,0.0,5848c205ff64ecf8,0.43430000000000013
becdd89127e663db,cmAPP:1977,cmAPP:2026,US20220002724A1|Table18|Neuro2A cell line|1.0nM|24h,fc5b0d0c97a6e528,-0.5430999999999999,0.047599999999999996,0.062400000000000004,,Replicate number and shared-control covariance not resolved; SDs are not SEs.,guide_pairwise_ridge,0.0,8a110cbb1ec4bb37,0.5430999999999999
eb05d8fd23cb21a3,cmAPP:1860,cmAPP:1905,US20220002724A1|Table18|Neuro2A cell line|10.0nM|24h,0776c55821f47af8,-0.10529999999999995,0.0024,0.021,,Replicate number and shared-control covariance not resolved; SDs are not SEs.,guide_pairwise_ridge,0.0,151435cc8a45853a,0.10529999999999995
db6359943b17ecc7,cmAPP:1865,cmAPP:1911,US20220002724A1|Table18|Neuro2A cell line|10.0nM|24h,3e9731dfbff94adf,-0.019300000000000095,0.0095,0.0076,,Replicate number and shared-control covariance not resolved; SDs are not SEs.,guide_pairwise_ridge,0.0,2c34ab854a6ad95b,0.019300000000000095
4e91bc478f4a4aaa,cmAPP:1863,cmAPP:1908,US20220002724A1|Table18|Neuro2A cell line|10.0nM|24h,eb357f6ecf50b6e8,-0.006599999999999939,0.0008,0.0070999999999999995,,Replicate number and shared-control covariance not resolved; SDs are not SEs.,guide_pairwise_ridge,0.0,151435cc8a45853a,0.006599999999999939
aa3134d53203d34e,cmAPP:1895,cmAPP:1940,US20220002724A1|Table18|Neuro2A cell line|10.0nM|24h,fade1d64d4e768d6,-0.028799999999999937,0.0143,0.052199999999999996,,Replicate number and shared-control covariance not resolved; SDs are not SEs.,guide_pairwise_ridge,0.0,28639edc531a2e1a,0.028799999999999937
ffc888cf36b05bc2,cmAPP:1898,cmAPP:1943,US20220002724A1|Table18|Neuro2A cell line|10.0nM|24h,f6ee2f45d0df4f59,-0.1835,0.0184,0.0542,,Replicate number and shared-control covariance not resolved; SDs are not SEs.,guide_pairwise_ridge,0.0,5848c205ff64ecf8,0.1835
5c37a4bb04018995,cmAPP:1867,cmAPP:1910,US20220002724A1|Table18|Neuro2A cell line|10.0nM|24h,3e6cac1d7a027cc7,-0.276,0.0181,0.1264,,Replicate number and shared-control covariance not resolved; SDs are not SEs.,guide_pairwise_ridge,0.0,9fea29da568e9bc1,0.276
dd6c1c7202e5a255,cmAPP:1861,cmAPP:1906,US20220002724A1|Table18|Neuro2A cell line|10.0nM|24h,45af11f0ecbd8a55,-0.012000000000000122,0.0007000000000000001,0.0051,,Replicate number and shared-control covariance not resolved; SDs are not SEs.,guide_pairwise_ridge,0.0,1212da56aac7a198,0.012000000000000122
db76931262b18262,cmAPP:1877,cmAPP:1922,US20220002724A1|Table18|Neuro2A cell line|10.0nM|24h,74fc9298d8663f62,-0.022599999999999842,0.0347,0.0526,,Replicate number and shared-control covariance not resolved; SDs are not SEs.,guide_pairwise_ridge,0.0,2c34ab854a6ad95b,0.022599999999999842
fb01500214324543,cmAPP:1885,cmAPP:1934,US20220002724A1|Table18|Neuro2A cell line|10.0nM|24h,5a42a7b5778aafe4,-0.0014000000000000679,0.0278,0.0077,,Replicate number and shared-control covariance not resolved; SDs are not SEs.,guide_pairwise_ridge,0.0,28639edc531a2e1a,0.0014000000000000679
edbdac59a2065c45,cmAPP:1871,cmAPP:1916,US20220002724A1|Table18|Neuro2A cell line|10.0nM|24h,a50d407955561c5c,-0.011399999999999966,0.0015,0.012199999999999999,,Replicate number and shared-control covariance not resolved; SDs are not SEs.,guide_pairwise_ridge,0.0,1212da56aac7a198,0.011399999999999966
bdc3962cc20e139b,cmAPP:1893,cmAPP:1938,US20220002724A1|Table18|Neuro2A cell line|10.0nM|24h,85329346f986aa0e,-0.2084999999999999,0.020499999999999997,0.0317,,Replicate number and shared-control covariance not resolved; SDs are not SEs.,guide_pairwise_ridge,0.0,10c405d304cc4e37,0.2084999999999999
a40c86511b365ffd,cmAPP:1889,cmAPP:1930,US20220002724A1|Table18|Neuro2A cell line|10.0nM|24h,820566fd78cb47f2,-0.26639999999999997,0.0363,0.12179999999999999,,Replicate number and shared-control covariance not resolved; SDs are not SEs.,guide_pairwise_ridge,0.0,1c10d86ec1a802f4,0.26639999999999997
c748ab46e40eb3c6,cmAPP:1874,cmAPP:1919,US20220002724A1|Table18|Neuro2A cell line|10.0nM|24h,79a2a66f9d75e712,-0.7228,0.0068000000000000005,0.22719999999999999,,Replicate number and shared-control covariance not resolved; SDs are not SEs.,guide_pairwise_ridge,0.0,9620aee947fd49ea,0.7228
8462c3a551411df3,cmAPP:1868,cmAPP:1913,US20220002724A1|Table18|Neuro2A cell line|10.0nM|24h,aa8876968f9c4717,-0.24370000000000014,0.0321,0.1251,,Replicate number and shared-control covariance not resolved; SDs are not SEs.,guide_pairwise_ridge,0.0,1c10d86ec1a802f4,0.24370000000000014
72fdff714d1fc08e,cmAPP:1897,cmAPP:1942,US20220002724A1|Table18|Neuro2A cell line|10.0nM|24h,2bd44ce61ea23b9f,-0.06989999999999996,0.019,0.037000000000000005,,Replicate number and shared-control covariance not resolved; SDs are not SEs.,guide_pairwise_ridge,0.0,2c34ab854a6ad95b,0.06989999999999996
5216d53e06ede17c,cmAPP:1890,cmAPP:1931,US20220002724A1|Table18|Neuro2A cell line|10.0nM|24h,b5c37d5063356d65,0.017800000000000038,0.0196,0.001,,Replicate number and shared-control covariance not resolved; SDs are not SEs.,guide_pairwise_ridge,0.0,5848c205ff64ecf8,-0.017800000000000038
1b4f407ebbaeb5b2,cmAPP:1855,cmAPP:1900,US20220002724A1|Table18|Neuro2A cell line|10.0nM|24h,4683b2d184b687a0,-0.04720000000000002,0.0007000000000000001,0.030699999999999998,,Replicate number and shared-control covariance not resolved; SDs are not SEs.,guide_pairwise_ridge,0.0,17103b04fab21cdc,0.04720000000000002
a4c4b94f50336897,cmAPP:1866,cmAPP:1912,US20220002724A1|Table18|Neuro2A cell line|10.0nM|24h,e8641df94cf5d311,-0.0341999999999999,0.0053,0.011899999999999999,,Replicate number and shared-control covariance not resolved; SDs are not SEs.,guide_pairwise_ridge,0.0,2c34ab854a6ad95b,0.0341999999999999
790c224fb15729e8,cmAPP:1858,cmAPP:1903,US20220002724A1|Table18|Neuro2A cell line|10.0nM|24h,a7b957bcca2f20cf,-0.03939999999999999,0.012,0.013999999999999999,,Replicate number and shared-control covariance not resolved; SDs are not SEs.,guide_pairwise_ridge,0.0,17103b04fab21cdc,0.03939999999999999
8cfd4f27b028eb77,cmAPP:1896,cmAPP:1941,US20220002724A1|Table18|Neuro2A cell line|10.0nM|24h,cf253444cfae0542,-0.242,0.0068000000000000005,0.0691,,Replicate number and shared-control covariance not resolved; SDs are not SEs.,guide_pairwise_ridge,0.0,28639edc531a2e1a,0.242
46898ba7d044be9b,cmAPP:1882,cmAPP:1927,US20220002724A1|Table18|Neuro2A cell line|10.0nM|24h,f158caa9d2d33d64,0.0007000000000000339,0.0242,0.0287,,Replicate number and shared-control covariance not resolved; SDs are not SEs.,guide_pairwise_ridge,0.0,2c34ab854a6ad95b,-0.0007000000000000339
9b2d1052c5390363,cmAPP:1881,cmAPP:1926,US20220002724A1|Table18|Neuro2A cell line|10.0nM|24h,28e3362d3f9b2da2,-0.018500000000000072,0.0043,0.0105,,Replicate number and shared-control covariance not resolved; SDs are not SEs.,guide_pairwise_ridge,0.0,28639edc531a2e1a,0.018500000000000072
3cf75a1628ce2443,cmAPP:1894,cmAPP:1939,US20220002724A1|Table18|Neuro2A cell line|10.0nM|24h,99751c2cb3cfdf23,-0.07340000000000002,0.0017000000000000001,0.0179,,Replicate number and shared-control covariance not resolved; SDs are not SEs.,guide_pairwise_ridge,0.0,28639edc531a2e1a,0.07340000000000002
78964639effd56c0,cmAPP:1892,cmAPP:1937,US20220002724A1|Table18|Neuro2A cell line|10.0nM|24h,485d856ba812fc3a,-0.33120000000000005,0.046799999999999994,0.11320000000000001,,Replicate number and shared-control covariance not resolved; SDs are not SEs.,guide_pairwise_ridge,0.0,72478f51d38ee208,0.33120000000000005
d1d883357891e048,cmAPP:1891,cmAPP:1932,US20220002724A1|Table18|Neuro2A cell line|10.0nM|24h,f8e112462608f680,-0.3360000000000001,0.0024,0.1892,,Replicate number and shared-control covariance not resolved; SDs are not SEs.,guide_pairwise_ridge,0.0,5848c205ff64ecf8,0.3360000000000001
6e2a61766f596436,cmAPP:1887,cmAPP:1936,US20220002724A1|Table18|Neuro2A cell line|10.0nM|24h,fc5b0d0c97a6e528,-0.4691000000000001,0.0074,0.055099999999999996,,Replicate number and shared-control covariance not resolved; SDs are not SEs.,guide_pairwise_ridge,0.0,8a110cbb1ec4bb37,0.4691000000000001
93389904f33e7718,cmAPP:1770,cmAPP:1815,US20220002724A1|Table17|Be(2)C cell line|0.1nM|24h,0776c55821f47af8,-1.6145,0.0704,0.13849999999999998,,Replicate number and shared-control covariance not resolved; SDs are not SEs.,guide_ridge,0.0,151435cc8a45853a,1.6145
e24b7d2aa22bb55c,cmAPP:1775,cmAPP:1821,US20220002724A1|Table17|Be(2)C cell line|0.1nM|24h,3e9731dfbff94adf,-0.9341,0.0596,0.3439,,Replicate number and shared-control covariance not resolved; SDs are not SEs.,guide_ridge,0.0,2c34ab854a6ad95b,0.9341
c5b8e137a303cb45,cmAPP:1773,cmAPP:1818,US20220002724A1|Table17|Be(2)C cell line|0.1nM|24h,eb357f6ecf50b6e8,-0.021100000000000008,0.0848,0.1288,,Replicate number and shared-control covariance not resolved; SDs are not SEs.,guide_ridge,0.0,151435cc8a45853a,0.021100000000000008
5b10002dc6e9b311,cmAPP:1805,cmAPP:1850,US20220002724A1|Table17|Be(2)C cell line|0.1nM|24h,fade1d64d4e768d6,0.3319,0.2754,0.0858,,Replicate number and shared-control covariance not resolved; SDs are not SEs.,guide_ridge,0.0,28639edc531a2e1a,-0.3319
34a0cf77853c520f,cmAPP:1808,cmAPP:1853,US20220002724A1|Table17|Be(2)C cell line|0.1nM|24h,f6ee2f45d0df4f59,0.5641999999999998,0.4637,0.4285,,Replicate number and shared-control covariance not resolved; SDs are not SEs.,guide_ridge,0.0,5848c205ff64ecf8,-0.5641999999999998
53bd4571937b65d8,cmAPP:1777,cmAPP:1820,US20220002724A1|Table17|Be(2)C cell line|0.1nM|24h,3e6cac1d7a027cc7,-1.8657,0.1051,0.4839,,Replicate number and shared-control covariance not resolved; SDs are not SEs.,guide_ridge,0.0,9fea29da568e9bc1,1.8657
c8e8c0b442f5a1a1,cmAPP:1771,cmAPP:1816,US20220002724A1|Table17|Be(2)C cell line|0.1nM|24h,45af11f0ecbd8a55,-0.8776,0.047599999999999996,0.087,,Replicate number and shared-control covariance not resolved; SDs are not SEs.,guide_ridge,0.0,1212da56aac7a198,0.8776
ac1b30806815ea4e,cmAPP:1787,cmAPP:1832,US20220002724A1|Table17|Be(2)C cell line|0.1nM|24h,74fc9298d8663f62,-0.8095999999999999,0.1321,0.4403,,Replicate number and shared-control covariance not resolved; SDs are not SEs.,guide_ridge,0.0,2c34ab854a6ad95b,0.8095999999999999
8aa63b5c3ecd924d,cmAPP:1795,cmAPP:1844,US20220002724A1|Table17|Be(2)C cell line|0.1nM|24h,5a42a7b5778aafe4,-0.5152,0.2846,0.19870000000000002,,Replicate number and shared-control covariance not resolved; SDs are not SEs.,guide_ridge,0.0,28639edc531a2e1a,0.5152
d3de99befe559e4d,cmAPP:1781,cmAPP:1826,US20220002724A1|Table17|Be(2)C cell line|0.1nM|24h,a50d407955561c5c,-0.22190000000000004,0.1041,0.2195,,Replicate number and shared-control covariance not resolved; SDs are not SEs.,guide_ridge,0.0,1212da56aac7a198,0.22190000000000004
7145b489500dbd80,cmAPP:1803,cmAPP:1848,US20220002724A1|Table17|Be(2)C cell line|0.1nM|24h,85329346f986aa0e,-0.8083999999999999,0.061200000000000004,0.2516,,Replicate number and shared-control covariance not resolved; SDs are not SEs.,guide_ridge,0.0,10c405d304cc4e37,0.8083999999999999
05b4895f7bcd4c42,cmAPP:1799,cmAPP:1840,US20220002724A1|Table17|Be(2)C cell line|0.1nM|24h,820566fd78cb47f2,0.3812,0.0344,0.2104,,Replicate number and shared-control covariance not resolved; SDs are not SEs.,guide_ridge,0.0,1c10d86ec1a802f4,-0.3812
b6967a59b842adff,cmAPP:1784,cmAPP:1829,US20220002724A1|Table17|Be(2)C cell line|0.1nM|24h,79a2a66f9d75e712,-2.8806,0.11789999999999999,0.5047999999999999,,Replicate number and shared-control covariance not resolved; SDs are not SEs.,guide_ridge,0.0,9620aee947fd49ea,2.8806
059e26913d78b631,cmAPP:1778,cmAPP:1823,US20220002724A1|Table17|Be(2)C cell line|0.1nM|24h,aa8876968f9c4717,-1.8751,0.1424,0.1273,,Replicate number and shared-control covariance not resolved; SDs are not SEs.,guide_ridge,0.0,1c10d86ec1a802f4,1.8751
6ca5840cef4726ff,cmAPP:1807,cmAPP:1852,US20220002724A1|Table17|Be(2)C cell line|0.1nM|24h,2bd44ce61ea23b9f,0.17810000000000004,0.1475,0.1971,,Replicate number and shared-control covariance not resolved; SDs are not SEs.,guide_ridge,0.0,2c34ab854a6ad95b,-0.17810000000000004
327843b402480d74,cmAPP:1800,cmAPP:1841,US20220002724A1|Table17|Be(2)C cell line|0.1nM|24h,b5c37d5063356d65,0.5433,0.4465,0.1478,,Replicate number and shared-control covariance not resolved; SDs are not SEs.,guide_ridge,0.0,5848c205ff64ecf8,-0.5433
1d5a6a30d03d4ace,cmAPP:1765,cmAPP:1810,US20220002724A1|Table17|Be(2)C cell line|0.1nM|24h,4683b2d184b687a0,-0.4945,0.12050000000000001,0.1419,,Replicate number and shared-control covariance not resolved; SDs are not SEs.,guide_ridge,0.0,17103b04fab21cdc,0.4945
a1cbdd76747c5064,cmAPP:1776,cmAPP:1822,US20220002724A1|Table17|Be(2)C cell line|0.1nM|24h,e8641df94cf5d311,-0.6519000000000001,0.0775,0.17120000000000002,,Replicate number and shared-control covariance not resolved; SDs are not SEs.,guide_ridge,0.0,2c34ab854a6ad95b,0.6519000000000001
4490c940bfdaa814,cmAPP:1768,cmAPP:1813,US20220002724A1|Table17|Be(2)C cell line|0.1nM|24h,a7b957bcca2f20cf,-0.935,0.1338,0.09609999999999999,,Replicate number and shared-control covariance not resolved; SDs are not SEs.,guide_ridge,0.0,17103b04fab21cdc,0.935
382a0a377b849c67,cmAPP:1806,cmAPP:1851,US20220002724A1|Table17|Be(2)C cell line|0.1nM|24h,cf253444cfae0542,0.2361,0.3618,0.3897,,Replicate number and shared-control covariance not resolved; SDs are not SEs.,guide_ridge,0.0,28639edc531a2e1a,-0.2361
50548dbd9fb26ec9,cmAPP:1792,cmAPP:1837,US20220002724A1|Table17|Be(2)C cell line|0.1nM|24h,f158caa9d2d33d64,-0.3258999999999999,0.3096,0.0693,,Replicate number and shared-control covariance not resolved; SDs are not SEs.,guide_ridge,0.0,2c34ab854a6ad95b,0.3258999999999999
b5c2328a2c4ba021,cmAPP:1791,cmAPP:1836,US20220002724A1|Table17|Be(2)C cell line|0.1nM|24h,28e3362d3f9b2da2,-1.0455,0.030600000000000002,0.2801,,Replicate number and shared-control covariance not resolved; SDs are not SEs.,guide_ridge,0.0,28639edc531a2e1a,1.0455
086646f70e89b7e8,cmAPP:1804,cmAPP:1849,US20220002724A1|Table17|Be(2)C cell line|0.1nM|24h,99751c2cb3cfdf23,-0.6019,0.1164,0.5791,,Replicate number and shared-control covariance not resolved; SDs are not SEs.,guide_ridge,0.0,28639edc531a2e1a,0.6019
dbf5b6e05f2fd199,cmAPP:1802,cmAPP:1847,US20220002724A1|Table17|Be(2)C cell line|0.1nM|24h,485d856ba812fc3a,-0.8087999999999997,0.5171,0.0882,,Replicate number and shared-control covariance not resolved; SDs are not SEs.,guide_ridge,0.0,72478f51d38ee208,0.8087999999999997
ae0b1f16d5b39dea,cmAPP:1801,cmAPP:1842,US20220002724A1|Table17|Be(2)C cell line|0.1nM|24h,f8e112462608f680,0.43200000000000005,0.13390000000000002,0.1041,,Replicate number and shared-control covariance not resolved; SDs are not SEs.,guide_ridge,0.0,5848c205ff64ecf8,-0.43200000000000005
dff31405206d397b,cmAPP:1797,cmAPP:1846,US20220002724A1|Table17|Be(2)C cell line|0.1nM|24h,fc5b0d0c97a6e528,-1.5217999999999998,0.1784,0.1663,,Replicate number and shared-control covariance not resolved; SDs are not SEs.,guide_ridge,0.0,8a110cbb1ec4bb37,1.5217999999999998
66ba2338161aed27,cmAPP:1680,cmAPP:1725,US20220002724A1|Table17|Be(2)C cell line|1.0nM|24h,0776c55821f47af8,-0.12819999999999987,0.026000000000000002,0.013500000000000002,,Replicate number and shared-control covariance not resolved; SDs are not SEs.,guide_ridge,0.0,151435cc8a45853a,0.12819999999999987
a85eb0b11202f59e,cmAPP:1685,cmAPP:1731,US20220002724A1|Table17|Be(2)C cell line|1.0nM|24h,3e9731dfbff94adf,-0.07189999999999996,0.0286,0.0496,,Replicate number and shared-control covariance not resolved; SDs are not SEs.,guide_ridge,0.0,2c34ab854a6ad95b,0.07189999999999996
c09f8ea736c8479d,cmAPP:1683,cmAPP:1728,US20220002724A1|Table17|Be(2)C cell line|1.0nM|24h,eb357f6ecf50b6e8,-0.014399999999999968,0.0364,0.0256,,Replicate number and shared-control covariance not resolved; SDs are not SEs.,guide_ridge,0.0,151435cc8a45853a,0.014399999999999968
0ee5a5f6520a7c7a,cmAPP:1715,cmAPP:1760,US20220002724A1|Table17|Be(2)C cell line|1.0nM|24h,fade1d64d4e768d6,-0.17490000000000006,0.0608,0.1155,,Replicate number and shared-control covariance not resolved; SDs are not SEs.,guide_ridge,0.0,28639edc531a2e1a,0.17490000000000006
e52464c3fde0c9de,cmAPP:1718,cmAPP:1763,US20220002724A1|Table17|Be(2)C cell line|1.0nM|24h,f6ee2f45d0df4f59,-0.361,0.0562,0.1673,,Replicate number and shared-control covariance not resolved; SDs are not SEs.,guide_ridge,0.0,5848c205ff64ecf8,0.361
2f48d456f6284b36,cmAPP:1687,cmAPP:1730,US20220002724A1|Table17|Be(2)C cell line|1.0nM|24h,3e6cac1d7a027cc7,-0.3121,0.0704,0.0848,,Replicate number and shared-control covariance not resolved; SDs are not SEs.,guide_ridge,0.0,9fea29da568e9bc1,0.3121
5b8cb0fffb026635,cmAPP:1681,cmAPP:1726,US20220002724A1|Table17|Be(2)C cell line|1.0nM|24h,45af11f0ecbd8a55,0.011099999999999999,0.008,0.0649,,Replicate number and shared-control covariance not resolved; SDs are not SEs.,guide_ridge,0.0,1212da56aac7a198,-0.011099999999999999
63008ff058569c96,cmAPP:1697,cmAPP:1742,US20220002724A1|Table17|Be(2)C cell line|1.0nM|24h,74fc9298d8663f62,0.005700000000000149,0.06269999999999999,0.1005,,Replicate number and shared-control covariance not resolved; SDs are not SEs.,guide_ridge,0.0,2c34ab854a6ad95b,-0.005700000000000149
97a210f808788925,cmAPP:1705,cmAPP:1754,US20220002724A1|Table17|Be(2)C cell line|1.0nM|24h,5a42a7b5778aafe4,-0.03459999999999985,0.0934,0.13369999999999999,,Replicate number and shared-control covariance not resolved; SDs are not SEs.,guide_ridge,0.0,28639edc531a2e1a,0.03459999999999985
9f45bd9c2c0e94ba,cmAPP:1691,cmAPP:1736,US20220002724A1|Table17|Be(2)C cell line|1.0nM|24h,a50d407955561c5c,-0.1439999999999999,0.10619999999999999,0.07780000000000001,,Replicate number and shared-control covariance not resolved; SDs are not SEs.,guide_ridge,0.0,1212da56aac7a198,0.1439999999999999
c6b1006bae31a2f4,cmAPP:1713,cmAPP:1758,US20220002724A1|Table17|Be(2)C cell line|1.0nM|24h,85329346f986aa0e,-0.21630000000000005,0.0141,0.059000000000000004,,Replicate number and shared-control covariance not resolved; SDs are not SEs.,guide_ridge,0.0,10c405d304cc4e37,0.21630000000000005
f98feef4cdda1f7a,cmAPP:1709,cmAPP:1750,US20220002724A1|Table17|Be(2)C cell line|1.0nM|24h,820566fd78cb47f2,0.5236000000000001,0.2509,0.2433,,Replicate number and shared-control covariance not resolved; SDs are not SEs.,guide_ridge,0.0,1c10d86ec1a802f4,-0.5236000000000001
7a921af808b2dfa6,cmAPP:1694,cmAPP:1739,US20220002724A1|Table17|Be(2)C cell line|1.0nM|24h,79a2a66f9d75e712,-0.5276000000000001,0.0654,0.09939999999999999,,Replicate number and shared-control covariance not resolved; SDs are not SEs.,guide_ridge,0.0,9620aee947fd49ea,0.5276000000000001
eb09d956be8bc0bd,cmAPP:1688,cmAPP:1733,US20220002724A1|Table17|Be(2)C cell line|1.0nM|24h,aa8876968f9c4717,0.14549999999999996,0.2898,0.028399999999999998,,Replicate number and shared-control covariance not resolved; SDs are not SEs.,guide_ridge,0.0,1c10d86ec1a802f4,-0.14549999999999996
a15328e82188e58f,cmAPP:1717,cmAPP:1762,US20220002724A1|Table17|Be(2)C cell line|1.0nM|24h,2bd44ce61ea23b9f,-0.13879999999999992,0.0291,0.0843,,Replicate number and shared-control covariance not resolved; SDs are not SEs.,guide_ridge,0.0,2c34ab854a6ad95b,0.13879999999999992
c118eab8e379718c,cmAPP:1710,cmAPP:1751,US20220002724A1|Table17|Be(2)C cell line|1.0nM|24h,b5c37d5063356d65,0.2778999999999999,0.0418,0.0371,,Replicate number and shared-control covariance not resolved; SDs are not SEs.,guide_ridge,0.0,5848c205ff64ecf8,-0.2778999999999999
bb68ab734a60ad5c,cmAPP:1675,cmAPP:1720,US20220002724A1|Table17|Be(2)C cell line|1.0nM|24h,4683b2d184b687a0,0.022400000000000087,0.0253,0.006999999999999999,,Replicate number and shared-control covariance not resolved; SDs are not SEs.,guide_ridge,0.0,17103b04fab21cdc,-0.022400000000000087
70da5f6f47632dfe,cmAPP:1686,cmAPP:1732,US20220002724A1|Table17|Be(2)C cell line|1.0nM|24h,e8641df94cf5d311,0.015100000000000113,0.049100000000000005,0.027000000000000003,,Replicate number and shared-control covariance not resolved; SDs are not SEs.,guide_ridge,0.0,2c34ab854a6ad95b,-0.015100000000000113
0d965a5abd1a268c,cmAPP:1678,cmAPP:1723,US20220002724A1|Table17|Be(2)C cell line|1.0nM|24h,a7b957bcca2f20cf,-0.05410000000000015,0.023799999999999998,0.057699999999999994,,Replicate number and shared-control covariance not resolved; SDs are not SEs.,guide_ridge,0.0,17103b04fab21cdc,0.05410000000000015
b994b3eb1c0af55d,cmAPP:1716,cmAPP:1761,US20220002724A1|Table17|Be(2)C cell line|1.0nM|24h,cf253444cfae0542,-0.4706,0.0717,0.13419999999999999,,Replicate number and shared-control covariance not resolved; SDs are not SEs.,guide_ridge,0.0,28639edc531a2e1a,0.4706
fd3f38efafcec3ac,cmAPP:1702,cmAPP:1747,US20220002724A1|Table17|Be(2)C cell line|1.0nM|24h,f158caa9d2d33d64,-0.03489999999999993,0.0555,0.046,,Replicate number and shared-control covariance not resolved; SDs are not SEs.,guide_ridge,0.0,2c34ab854a6ad95b,0.03489999999999993
45289904b26c1459,cmAPP:1701,cmAPP:1746,US20220002724A1|Table17|Be(2)C cell line|1.0nM|24h,28e3362d3f9b2da2,-0.29069999999999996,0.01,0.1063,,Replicate number and shared-control covariance not resolved; SDs are not SEs.,guide_ridge,0.0,28639edc531a2e1a,0.29069999999999996
f762503ebcc65c82,cmAPP:1714,cmAPP:1759,US20220002724A1|Table17|Be(2)C cell line|1.0nM|24h,99751c2cb3cfdf23,-0.08540000000000003,0.0706,0.081,,Replicate number and shared-control covariance not resolved; SDs are not SEs.,guide_ridge,0.0,28639edc531a2e1a,0.08540000000000003
d26bc154c6f7f7ab,cmAPP:1712,cmAPP:1757,US20220002724A1|Table17|Be(2)C cell line|1.0nM|24h,485d856ba812fc3a,-0.36310000000000003,0.0767,0.16260000000000002,,Replicate number and shared-control covariance not resolved; SDs are not SEs.,guide_ridge,0.0,72478f51d38ee208,0.36310000000000003
62cb9585f226cf4c,cmAPP:1711,cmAPP:1752,US20220002724A1|Table17|Be(2)C cell line|1.0nM|24h,f8e112462608f680,-0.5549,0.009399999999999999,0.0779,,Replicate number and shared-control covariance not resolved; SDs are not SEs.,guide_ridge,0.0,5848c205ff64ecf8,0.5549
e7cdd445b47734ce,cmAPP:1707,cmAPP:1756,US20220002724A1|Table17|Be(2)C cell line|1.0nM|24h,fc5b0d0c97a6e528,-0.3610000000000001,0.0946,0.1015,,Replicate number and shared-control covariance not resolved; SDs are not SEs.,guide_ridge,0.0,8a110cbb1ec4bb37,0.3610000000000001
0eed2d75f2cde72d,cmAPP:1590,cmAPP:1635,US20220002724A1|Table17|Be(2)C cell line|10.0nM|24h,0776c55821f47af8,-0.40340000000000004,0.0241,0.029500000000000002,,Replicate number and shared-control covariance not resolved; SDs are not SEs.,guide_ridge,0.0,151435cc8a45853a,0.40340000000000004
1a6c9baac85f3629,cmAPP:1595,cmAPP:1641,US20220002724A1|Table17|Be(2)C cell line|10.0nM|24h,3e9731dfbff94adf,-0.20189999999999997,0.0129,0.0771,,Replicate number and shared-control covariance not resolved; SDs are not SEs.,guide_ridge,0.0,2c34ab854a6ad95b,0.20189999999999997
76e24e5164a31a01,cmAPP:1593,cmAPP:1638,US20220002724A1|Table17|Be(2)C cell line|10.0nM|24h,eb357f6ecf50b6e8,-0.21689999999999998,0.028399999999999998,0.0443,,Replicate number and shared-control covariance not resolved; SDs are not SEs.,guide_ridge,0.0,151435cc8a45853a,0.21689999999999998
e284e40848b79caf,cmAPP:1625,cmAPP:1670,US20220002724A1|Table17|Be(2)C cell line|10.0nM|24h,fade1d64d4e768d6,0.14149999999999996,0.0601,0.052000000000000005,,Replicate number and shared-control covariance not resolved; SDs are not SEs.,guide_ridge,0.0,28639edc531a2e1a,-0.14149999999999996
9bf5f3d125221e4c,cmAPP:1628,cmAPP:1673,US20220002724A1|Table17|Be(2)C cell line|10.0nM|24h,f6ee2f45d0df4f59,0.1386,0.1333,0.0969,,Replicate number and shared-control covariance not resolved; SDs are not SEs.,guide_ridge,0.0,5848c205ff64ecf8,-0.1386
db264d54acc9cc94,cmAPP:1597,cmAPP:1640,US20220002724A1|Table17|Be(2)C cell line|10.0nM|24h,3e6cac1d7a027cc7,-0.79,0.0475,0.1617,,Replicate number and shared-control covariance not resolved; SDs are not SEs.,guide_ridge,0.0,9fea29da568e9bc1,0.79
421212f430fb6217,cmAPP:1591,cmAPP:1636,US20220002724A1|Table17|Be(2)C cell line|10.0nM|24h,45af11f0ecbd8a55,-0.04060000000000008,0.024,0.0765,,Replicate number and shared-control covariance not resolved; SDs are not SEs.,guide_ridge,0.0,1212da56aac7a198,0.04060000000000008
7ad1ff1601478950,cmAPP:1607,cmAPP:1652,US20220002724A1|Table17|Be(2)C cell line|10.0nM|24h,74fc9298d8663f62,0.0006999999999999229,0.0691,0.026099999999999998,,Replicate number and shared-control covariance not resolved; SDs are not SEs.,guide_ridge,0.0,2c34ab854a6ad95b,-0.0006999999999999229
600169b9f0f80551,cmAPP:1615,cmAPP:1664,US20220002724A1|Table17|Be(2)C cell line|10.0nM|24h,5a42a7b5778aafe4,0.02199999999999991,0.07150000000000001,0.0554,,Replicate number and shared-control covariance not resolved; SDs are not SEs.,guide_ridge,0.0,28639edc531a2e1a,-0.02199999999999991
409122d11d642bec,cmAPP:1601,cmAPP:1646,US20220002724A1|Table17|Be(2)C cell line|10.0nM|24h,a50d407955561c5c,-0.45020000000000004,0.0212,0.3306,,Replicate number and shared-control covariance not resolved; SDs are not SEs.,guide_ridge,0.0,1212da56aac7a198,0.45020000000000004
c465d631789b7798,cmAPP:1623,cmAPP:1668,US20220002724A1|Table17|Be(2)C cell line|10.0nM|24h,85329346f986aa0e,-0.05489999999999995,0.0616,0.0323,,Replicate number and shared-control covariance not resolved; SDs are not SEs.,guide_ridge,0.0,10c405d304cc4e37,0.05489999999999995
dd70d7ef8a4c9374,cmAPP:1619,cmAPP:1660,US20220002724A1|Table17|Be(2)C cell line|10.0nM|24h,820566fd78cb47f2,2.0336,0.2964,0.10300000000000001,,Replicate number and shared-control covariance not resolved; SDs are not SEs.,guide_ridge,0.0,1c10d86ec1a802f4,-2.0336
d69a2449a6634854,cmAPP:1604,cmAPP:1649,US20220002724A1|Table17|Be(2)C cell line|10.0nM|24h,79a2a66f9d75e712,-1.4533999999999998,0.061399999999999996,0.5695,,Replicate number and shared-control covariance not resolved; SDs are not SEs.,guide_ridge,0.0,9620aee947fd49ea,1.4533999999999998
e9d357b8d3d85a4e,cmAPP:1598,cmAPP:1643,US20220002724A1|Table17|Be(2)C cell line|10.0nM|24h,aa8876968f9c4717,-0.10759999999999997,0.0746,0.0934,,Replicate number and shared-control covariance not resolved; SDs are not SEs.,guide_ridge,0.0,1c10d86ec1a802f4,0.10759999999999997
f3e88314b57e616d,cmAPP:1627,cmAPP:1672,US20220002724A1|Table17|Be(2)C cell line|10.0nM|24h,2bd44ce61ea23b9f,0.1450999999999999,0.075,0.0417,,Replicate number and shared-control covariance not resolved; SDs are not SEs.,guide_ridge,0.0,2c34ab854a6ad95b,-0.1450999999999999
450bf38c165fbd1a,cmAPP:1620,cmAPP:1661,US20220002724A1|Table17|Be(2)C cell line|10.0nM|24h,b5c37d5063356d65,0.23629999999999995,0.0346,0.0215,,Replicate number and shared-control covariance not resolved; SDs are not SEs.,guide_ridge,0.0,5848c205ff64ecf8,-0.23629999999999995
d2d72d8278e8ff2f,cmAPP:1585,cmAPP:1630,US20220002724A1|Table17|Be(2)C cell line|10.0nM|24h,4683b2d184b687a0,-0.16439999999999988,0.0392,0.0429,,Replicate number and shared-control covariance not resolved; SDs are not SEs.,guide_ridge,0.0,17103b04fab21cdc,0.16439999999999988
8ab257e2caab32a6,cmAPP:1596,cmAPP:1642,US20220002724A1|Table17|Be(2)C cell line|10.0nM|24h,e8641df94cf5d311,-0.16900000000000015,0.0141,0.028399999999999998,,Replicate number and shared-control covariance not resolved; SDs are not SEs.,guide_ridge,0.0,2c34ab854a6ad95b,0.16900000000000015
cf3a3e7485b31ba0,cmAPP:1588,cmAPP:1633,US20220002724A1|Table17|Be(2)C cell line|10.0nM|24h,a7b957bcca2f20cf,-0.2547999999999999,0.03,0.09269999999999999,,Replicate number and shared-control covariance not resolved; SDs are not SEs.,guide_ridge,0.0,17103b04fab21cdc,0.2547999999999999
fca0701bd3bac2f3,cmAPP:1626,cmAPP:1671,US20220002724A1|Table17|Be(2)C cell line|10.0nM|24h,cf253444cfae0542,-0.2828999999999999,0.14429999999999998,0.0999,,Replicate number and shared-control covariance not resolved; SDs are not SEs.,guide_ridge,0.0,28639edc531a2e1a,0.2828999999999999
134f453b89ce7319,cmAPP:1612,cmAPP:1657,US20220002724A1|Table17|Be(2)C cell line|10.0nM|24h,f158caa9d2d33d64,0.18099999999999994,0.0599,0.0075,,Replicate number and shared-control covariance not resolved; SDs are not SEs.,guide_ridge,0.0,2c34ab854a6ad95b,-0.18099999999999994
34038dbdd4553f7d,cmAPP:1611,cmAPP:1656,US20220002724A1|Table17|Be(2)C cell line|10.0nM|24h,28e3362d3f9b2da2,-0.014200000000000101,0.0373,0.048,,Replicate number and shared-control covariance not resolved; SDs are not SEs.,guide_ridge,0.0,28639edc531a2e1a,0.014200000000000101
d17517694a996e9b,cmAPP:1624,cmAPP:1669,US20220002724A1|Table17|Be(2)C cell line|10.0nM|24h,99751c2cb3cfdf23,-0.19910000000000005,0.008199999999999999,0.069,,Replicate number and shared-control covariance not resolved; SDs are not SEs.,guide_ridge,0.0,28639edc531a2e1a,0.19910000000000005
2b34f2d44b307ee1,cmAPP:1622,cmAPP:1667,US20220002724A1|Table17|Be(2)C cell line|10.0nM|24h,485d856ba812fc3a,-0.012800000000000034,0.06,0.1607,,Replicate number and shared-control covariance not resolved; SDs are not SEs.,guide_ridge,0.0,72478f51d38ee208,0.012800000000000034
58b9f1849445a903,cmAPP:1621,cmAPP:1662,US20220002724A1|Table17|Be(2)C cell line|10.0nM|24h,f8e112462608f680,-0.10060000000000002,0.0401,0.1016,,Replicate number and shared-control covariance not resolved; SDs are not SEs.,guide_ridge,0.0,5848c205ff64ecf8,0.10060000000000002
a5c36e48fb124d82,cmAPP:1617,cmAPP:1666,US20220002724A1|Table17|Be(2)C cell line|10.0nM|24h,fc5b0d0c97a6e528,-0.45020000000000004,0.1369,0.18719999999999998,,Replicate number and shared-control covariance not resolved; SDs are not SEs.,guide_ridge,0.0,8a110cbb1ec4bb37,0.45020000000000004
6297178908babdb2,cmAPP:2040,cmAPP:2085,US20220002724A1|Table18|Neuro2A cell line|0.1nM|24h,0776c55821f47af8,-0.28669999999999995,0.0592,0.0308,,Replicate number and shared-control covariance not resolved; SDs are not SEs.,guide_ridge,0.0,151435cc8a45853a,0.28669999999999995
e07fbd2f23396c88,cmAPP:2045,cmAPP:2091,US20220002724A1|Table18|Neuro2A cell line|0.1nM|24h,3e9731dfbff94adf,-0.11920000000000008,0.0538,0.0915,,Replicate number and shared-control covariance not resolved; SDs are not SEs.,guide_ridge,0.0,2c34ab854a6ad95b,0.11920000000000008
ea69375d6e637f0b,cmAPP:2043,cmAPP:2088,US20220002724A1|Table18|Neuro2A cell line|0.1nM|24h,eb357f6ecf50b6e8,-0.13270000000000004,0.0908,0.026699999999999998,,Replicate number and shared-control covariance not resolved; SDs are not SEs.,guide_ridge,0.0,151435cc8a45853a,0.13270000000000004
c805543d26a64bde,cmAPP:2075,cmAPP:2120,US20220002724A1|Table18|Neuro2A cell line|0.1nM|24h,fade1d64d4e768d6,-0.11869999999999992,0.09,0.1231,,Replicate number and shared-control covariance not resolved; SDs are not SEs.,guide_ridge,0.0,28639edc531a2e1a,0.11869999999999992
f56e1ddec22a1688,cmAPP:2078,cmAPP:2123,US20220002724A1|Table18|Neuro2A cell line|0.1nM|24h,f6ee2f45d0df4f59,-0.21069999999999994,0.0633,0.09269999999999999,,Replicate number and shared-control covariance not resolved; SDs are not SEs.,guide_ridge,0.0,5848c205ff64ecf8,0.21069999999999994
e4cc745fd18c9923,cmAPP:2047,cmAPP:2090,US20220002724A1|Table18|Neuro2A cell line|0.1nM|24h,3e6cac1d7a027cc7,-0.6328999999999999,0.0196,0.1439,,Replicate number and shared-control covariance not resolved; SDs are not SEs.,guide_ridge,0.0,9fea29da568e9bc1,0.6328999999999999
fd2a262963837b7f,cmAPP:2041,cmAPP:2086,US20220002724A1|Table18|Neuro2A cell line|0.1nM|24h,45af11f0ecbd8a55,-0.12370000000000003,0.059000000000000004,0.0151,,Replicate number and shared-control covariance not resolved; SDs are not SEs.,guide_ridge,0.0,1212da56aac7a198,0.12370000000000003
51c13c0eaed60726,cmAPP:2057,cmAPP:2102,US20220002724A1|Table18|Neuro2A cell line|0.1nM|24h,74fc9298d8663f62,0.14069999999999994,0.0353,0.0542,,Replicate number and shared-control covariance not resolved; SDs are not SEs.,guide_ridge,0.0,2c34ab854a6ad95b,-0.14069999999999994
396bdc7f9386d193,cmAPP:2065,cmAPP:2114,US20220002724A1|Table18|Neuro2A cell line|0.1nM|24h,5a42a7b5778aafe4,-0.24690000000000012,0.0611,0.1293,,Replicate number and shared-control covariance not resolved; SDs are not SEs.,guide_ridge,0.0,28639edc531a2e1a,0.24690000000000012
fdbf57627003ba04,cmAPP:2051,cmAPP:2096,US20220002724A1|Table18|Neuro2A cell line|0.1nM|24h,a50d407955561c5c,-0.23420000000000007,0.0968,0.0231,,Replicate number and shared-control covariance not resolved; SDs are not SEs.,guide_ridge,0.0,1212da56aac7a198,0.23420000000000007
676b84ca4669fe18,cmAPP:2073,cmAPP:2118,US20220002724A1|Table18|Neuro2A cell line|0.1nM|24h,85329346f986aa0e,-0.6031,0.086,0.0694,,Replicate number and shared-control covariance not resolved; SDs are not SEs.,guide_ridge,0.0,10c405d304cc4e37,0.6031
594ae7af3b916cd2,cmAPP:2069,cmAPP:2110,US20220002724A1|Table18|Neuro2A cell line|0.1nM|24h,820566fd78cb47f2,-0.14290000000000003,0.1174,0.079,,Replicate number and shared-control covariance not resolved; SDs are not SEs.,guide_ridge,0.0,1c10d86ec1a802f4,0.14290000000000003
bfb561a0d6a8fc27,cmAPP:2054,cmAPP:2099,US20220002724A1|Table18|Neuro2A cell line|0.1nM|24h,79a2a66f9d75e712,-0.4963,0.0258,0.115,,Replicate number and shared-control covariance not resolved; SDs are not SEs.,guide_ridge,0.0,9620aee947fd49ea,0.4963
5b2264ddc1a7af6c,cmAPP:2048,cmAPP:2093,US20220002724A1|Table18|Neuro2A cell line|0.1nM|24h,aa8876968f9c4717,-0.2509,0.1604,0.0731,,Replicate number and shared-control covariance not resolved; SDs are not SEs.,guide_ridge,0.0,1c10d86ec1a802f4,0.2509
ff45b277fb60624e,cmAPP:2077,cmAPP:2122,US20220002724A1|Table18|Neuro2A cell line|0.1nM|24h,2bd44ce61ea23b9f,-0.1391,0.0673,0.1009,,Replicate number and shared-control covariance not resolved; SDs are not SEs.,guide_ridge,0.0,2c34ab854a6ad95b,0.1391
6a678b00b934044e,cmAPP:2070,cmAPP:2111,US20220002724A1|Table18|Neuro2A cell line|0.1nM|24h,b5c37d5063356d65,0.26859999999999995,0.067,0.06269999999999999,,Replicate number and shared-control covariance not resolved; SDs are not SEs.,guide_ridge,0.0,5848c205ff64ecf8,-0.26859999999999995
d52d528f0aa9bd30,cmAPP:2035,cmAPP:2080,US20220002724A1|Table18|Neuro2A cell line|0.1nM|24h,4683b2d184b687a0,-0.22899999999999987,0.0641,0.0755,,Replicate number and shared-control covariance not resolved; SDs are not SEs.,guide_ridge,0.0,17103b04fab21cdc,0.22899999999999987
98341947aa56f870,cmAPP:2046,cmAPP:2092,US20220002724A1|Table18|Neuro2A cell line|0.1nM|24h,e8641df94cf5d311,-0.10649999999999982,0.050499999999999996,0.0414,,Replicate number and shared-control covariance not resolved; SDs are not SEs.,guide_ridge,0.0,2c34ab854a6ad95b,0.10649999999999982
e6bc6fc3ddc258ff,cmAPP:2038,cmAPP:2083,US20220002724A1|Table18|Neuro2A cell line|0.1nM|24h,a7b957bcca2f20cf,-0.1522,0.05,0.047400000000000005,,Replicate number and shared-control covariance not resolved; SDs are not SEs.,guide_ridge,0.0,17103b04fab21cdc,0.1522
96c1bc434b0cc0dd,cmAPP:2076,cmAPP:2121,US20220002724A1|Table18|Neuro2A cell line|0.1nM|24h,cf253444cfae0542,-0.3479000000000001,0.0617,0.13119999999999998,,Replicate number and shared-control covariance not resolved; SDs are not SEs.,guide_ridge,0.0,28639edc531a2e1a,0.3479000000000001
5fb5972af28fa281,cmAPP:2062,cmAPP:2107,US20220002724A1|Table18|Neuro2A cell line|0.1nM|24h,f158caa9d2d33d64,-0.118,0.1033,0.051100000000000007,,Replicate number and shared-control covariance not resolved; SDs are not SEs.,guide_ridge,0.0,2c34ab854a6ad95b,0.118
849edfe135b4a285,cmAPP:2061,cmAPP:2106,US20220002724A1|Table18|Neuro2A cell line|0.1nM|24h,28e3362d3f9b2da2,-0.3863000000000001,0.0817,0.08310000000000001,,Replicate number and shared-control covariance not resolved; SDs are not SEs.,guide_ridge,0.0,28639edc531a2e1a,0.3863000000000001
0f5070b79250194c,cmAPP:2074,cmAPP:2119,US20220002724A1|Table18|Neuro2A cell line|0.1nM|24h,99751c2cb3cfdf23,-0.42489999999999994,0.0526,0.0729,,Replicate number and shared-control covariance not resolved; SDs are not SEs.,guide_ridge,0.0,28639edc531a2e1a,0.42489999999999994
fd35c25e6b032569,cmAPP:2072,cmAPP:2117,US20220002724A1|Table18|Neuro2A cell line|0.1nM|24h,485d856ba812fc3a,-0.12709999999999994,0.1127,0.10310000000000001,,Replicate number and shared-control covariance not resolved; SDs are not SEs.,guide_ridge,0.0,72478f51d38ee208,0.12709999999999994
0c7a97d50dabb197,cmAPP:2071,cmAPP:2112,US20220002724A1|Table18|Neuro2A cell line|0.1nM|24h,f8e112462608f680,-0.4119,0.0747,0.18719999999999998,,Replicate number and shared-control covariance not resolved; SDs are not SEs.,guide_ridge,0.0,5848c205ff64ecf8,0.4119
473de2be4f7d6584,cmAPP:2067,cmAPP:2116,US20220002724A1|Table18|Neuro2A cell line|0.1nM|24h,fc5b0d0c97a6e528,-0.6101000000000001,0.061500000000000006,0.3147,,Replicate number and shared-control covariance not resolved; SDs are not SEs.,guide_ridge,0.0,8a110cbb1ec4bb37,0.6101000000000001
8baebb96c0af3c90,cmAPP:1950,cmAPP:1995,US20220002724A1|Table18|Neuro2A cell line|1.0nM|24h,0776c55821f47af8,-0.09720000000000006,0.024300000000000002,0.0365,,Replicate number and shared-control covariance not resolved; SDs are not SEs.,guide_ridge,0.0,151435cc8a45853a,0.09720000000000006
c55d3bcca2d2a449,cmAPP:1955,cmAPP:2001,US20220002724A1|Table18|Neuro2A cell line|1.0nM|24h,3e9731dfbff94adf,0.023700000000000054,0.0421,0.0274,,Replicate number and shared-control covariance not resolved; SDs are not SEs.,guide_ridge,0.0,2c34ab854a6ad95b,-0.023700000000000054
ef7b3a1b137a6db8,cmAPP:1953,cmAPP:1998,US20220002724A1|Table18|Neuro2A cell line|1.0nM|24h,eb357f6ecf50b6e8,-0.022199999999999998,0.0733,0.0483,,Replicate number and shared-control covariance not resolved; SDs are not SEs.,guide_ridge,0.0,151435cc8a45853a,0.022199999999999998
675d15d359e354d5,cmAPP:1985,cmAPP:2030,US20220002724A1|Table18|Neuro2A cell line|1.0nM|24h,fade1d64d4e768d6,-0.09120000000000006,0.0105,0.04769999999999999,,Replicate number and shared-control covariance not resolved; SDs are not SEs.,guide_ridge,0.0,28639edc531a2e1a,0.09120000000000006
5e97508244c8c76c,cmAPP:1988,cmAPP:2033,US20220002724A1|Table18|Neuro2A cell line|1.0nM|24h,f6ee2f45d0df4f59,-0.16470000000000007,0.08710000000000001,0.025699999999999997,,Replicate number and shared-control covariance not resolved; SDs are not SEs.,guide_ridge,0.0,5848c205ff64ecf8,0.16470000000000007
1711355de18f68c1,cmAPP:1957,cmAPP:2000,US20220002724A1|Table18|Neuro2A cell line|1.0nM|24h,3e6cac1d7a027cc7,-0.3823999999999999,0.036000000000000004,0.054400000000000004,,Replicate number and shared-control covariance not resolved; SDs are not SEs.,guide_ridge,0.0,9fea29da568e9bc1,0.3823999999999999
7d9ac8b735ba4661,cmAPP:1951,cmAPP:1996,US20220002724A1|Table18|Neuro2A cell line|1.0nM|24h,45af11f0ecbd8a55,0.03709999999999991,0.0533,0.0337,,Replicate number and shared-control covariance not resolved; SDs are not SEs.,guide_ridge,0.0,1212da56aac7a198,-0.03709999999999991
98f93e5fbbd41ec8,cmAPP:1967,cmAPP:2012,US20220002724A1|Table18|Neuro2A cell line|1.0nM|24h,74fc9298d8663f62,0.10929999999999995,0.0698,0.0123,,Replicate number and shared-control covariance not resolved; SDs are not SEs.,guide_ridge,0.0,2c34ab854a6ad95b,-0.10929999999999995
a15df525a6a379e5,cmAPP:1975,cmAPP:2024,US20220002724A1|Table18|Neuro2A cell line|1.0nM|24h,5a42a7b5778aafe4,0.030400000000000094,0.0661,0.0528,,Replicate number and shared-control covariance not resolved; SDs are not SEs.,guide_ridge,0.0,28639edc531a2e1a,-0.030400000000000094
8ab99b4d0257f181,cmAPP:1961,cmAPP:2006,US20220002724A1|Table18|Neuro2A cell line|1.0nM|24h,a50d407955561c5c,-0.07660000000000011,0.0401,0.09820000000000001,,Replicate number and shared-control covariance not resolved; SDs are not SEs.,guide_ridge,0.0,1212da56aac7a198,0.07660000000000011
62524e0c73da8dd0,cmAPP:1983,cmAPP:2028,US20220002724A1|Table18|Neuro2A cell line|1.0nM|24h,85329346f986aa0e,-0.512,0.0333,0.0638,,Replicate number and shared-control covariance not resolved; SDs are not SEs.,guide_ridge,0.0,10c405d304cc4e37,0.512
dbc2ab9cc107017b,cmAPP:1979,cmAPP:2020,US20220002724A1|Table18|Neuro2A cell line|1.0nM|24h,820566fd78cb47f2,0.039799999999999836,0.1002,0.11699999999999999,,Replicate number and shared-control covariance not resolved; SDs are not SEs.,guide_ridge,0.0,1c10d86ec1a802f4,-0.039799999999999836
de9de367cfd0516a,cmAPP:1964,cmAPP:2009,US20220002724A1|Table18|Neuro2A cell line|1.0nM|24h,79a2a66f9d75e712,-0.6374,0.0904,0.1176,,Replicate number and shared-control covariance not resolved; SDs are not SEs.,guide_ridge,0.0,9620aee947fd49ea,0.6374
ca0223cac79b16f0,cmAPP:1958,cmAPP:2003,US20220002724A1|Table18|Neuro2A cell line|1.0nM|24h,aa8876968f9c4717,-0.010599999999999943,0.0891,0.08070000000000001,,Replicate number and shared-control covariance not resolved; SDs are not SEs.,guide_ridge,0.0,1c10d86ec1a802f4,0.010599999999999943
c78c802f0ed94739,cmAPP:1987,cmAPP:2032,US20220002724A1|Table18|Neuro2A cell line|1.0nM|24h,2bd44ce61ea23b9f,-0.0394000000000001,0.0444,0.031200000000000002,,Replicate number and shared-control covariance not resolved; SDs are not SEs.,guide_ridge,0.0,2c34ab854a6ad95b,0.0394000000000001
18c6d9223a20ba73,cmAPP:1980,cmAPP:2021,US20220002724A1|Table18|Neuro2A cell line|1.0nM|24h,b5c37d5063356d65,0.15689999999999993,0.0768,0.0052,,Replicate number and shared-control covariance not resolved; SDs are not SEs.,guide_ridge,0.0,5848c205ff64ecf8,-0.15689999999999993
61808a59ae1e72f6,cmAPP:1945,cmAPP:1990,US20220002724A1|Table18|Neuro2A cell line|1.0nM|24h,4683b2d184b687a0,-0.022299999999999986,0.0379,0.0414,,Replicate number and shared-control covariance not resolved; SDs are not SEs.,guide_ridge,0.0,17103b04fab21cdc,0.022299999999999986
4aba9407294ef0a7,cmAPP:1956,cmAPP:2002,US20220002724A1|Table18|Neuro2A cell line|1.0nM|24h,e8641df94cf5d311,0.011099999999999999,0.045,0.0151,,Replicate number and shared-control covariance not resolved; SDs are not SEs.,guide_ridge,0.0,2c34ab854a6ad95b,-0.011099999999999999
aae93bc901d599ee,cmAPP:1948,cmAPP:1993,US20220002724A1|Table18|Neuro2A cell line|1.0nM|24h,a7b957bcca2f20cf,0.015799999999999925,0.0304,0.06,,Replicate number and shared-control covariance not resolved; SDs are not SEs.,guide_ridge,0.0,17103b04fab21cdc,-0.015799999999999925
f77d454e0640bee9,cmAPP:1986,cmAPP:2031,US20220002724A1|Table18|Neuro2A cell line|1.0nM|24h,cf253444cfae0542,-0.25849999999999995,0.027200000000000002,0.0181,,Replicate number and shared-control covariance not resolved; SDs are not SEs.,guide_ridge,0.0,28639edc531a2e1a,0.25849999999999995
29266f87dbea9446,cmAPP:1972,cmAPP:2017,US20220002724A1|Table18|Neuro2A cell line|1.0nM|24h,f158caa9d2d33d64,-0.011599999999999944,0.0276,0.037200000000000004,,Replicate number and shared-control covariance not resolved; SDs are not SEs.,guide_ridge,0.0,2c34ab854a6ad95b,0.011599999999999944
4c96170b7a5e6348,cmAPP:1971,cmAPP:2016,US20220002724A1|Table18|Neuro2A cell line|1.0nM|24h,28e3362d3f9b2da2,-0.11339999999999983,0.0482,0.0404,,Replicate number and shared-control covariance not resolved; SDs are not SEs.,guide_ridge,0.0,28639edc531a2e1a,0.11339999999999983
0ef70c3bf1ed6748,cmAPP:1984,cmAPP:2029,US20220002724A1|Table18|Neuro2A cell line|1.0nM|24h,99751c2cb3cfdf23,-0.07260000000000011,0.0481,0.08990000000000001,,Replicate number and shared-control covariance not resolved; SDs are not SEs.,guide_ridge,0.0,28639edc531a2e1a,0.07260000000000011
349eec1ddda15478,cmAPP:1982,cmAPP:2027,US20220002724A1|Table18|Neuro2A cell line|1.0nM|24h,485d856ba812fc3a,-0.36660000000000004,0.127,0.09949999999999999,,Replicate number and shared-control covariance not resolved; SDs are not SEs.,guide_ridge,0.0,72478f51d38ee208,0.36660000000000004
c516136711beb154,cmAPP:1981,cmAPP:2022,US20220002724A1|Table18|Neuro2A cell line|1.0nM|24h,f8e112462608f680,-0.43430000000000013,0.0325,0.1017,,Replicate number and shared-control covariance not resolved; SDs are not SEs.,guide_ridge,0.0,5848c205ff64ecf8,0.43430000000000013
becdd89127e663db,cmAPP:1977,cmAPP:2026,US20220002724A1|Table18|Neuro2A cell line|1.0nM|24h,fc5b0d0c97a6e528,-0.5430999999999999,0.047599999999999996,0.062400000000000004,,Replicate number and shared-control covariance not resolved; SDs are not SEs.,guide_ridge,0.0,8a110cbb1ec4bb37,0.5430999999999999
eb05d8fd23cb21a3,cmAPP:1860,cmAPP:1905,US20220002724A1|Table18|Neuro2A cell line|10.0nM|24h,0776c55821f47af8,-0.10529999999999995,0.0024,0.021,,Replicate number and shared-control covariance not resolved; SDs are not SEs.,guide_ridge,0.0,151435cc8a45853a,0.10529999999999995
db6359943b17ecc7,cmAPP:1865,cmAPP:1911,US20220002724A1|Table18|Neuro2A cell line|10.0nM|24h,3e9731dfbff94adf,-0.019300000000000095,0.0095,0.0076,,Replicate number and shared-control covariance not resolved; SDs are not SEs.,guide_ridge,0.0,2c34ab854a6ad95b,0.019300000000000095
4e91bc478f4a4aaa,cmAPP:1863,cmAPP:1908,US20220002724A1|Table18|Neuro2A cell line|10.0nM|24h,eb357f6ecf50b6e8,-0.006599999999999939,0.0008,0.0070999999999999995,,Replicate number and shared-control covariance not resolved; SDs are not SEs.,guide_ridge,0.0,151435cc8a45853a,0.006599999999999939
aa3134d53203d34e,cmAPP:1895,cmAPP:1940,US20220002724A1|Table18|Neuro2A cell line|10.0nM|24h,fade1d64d4e768d6,-0.028799999999999937,0.0143,0.052199999999999996,,Replicate number and shared-control covariance not resolved; SDs are not SEs.,guide_ridge,0.0,28639edc531a2e1a,0.028799999999999937
ffc888cf36b05bc2,cmAPP:1898,cmAPP:1943,US20220002724A1|Table18|Neuro2A cell line|10.0nM|24h,f6ee2f45d0df4f59,-0.1835,0.0184,0.0542,,Replicate number and shared-control covariance not resolved; SDs are not SEs.,guide_ridge,0.0,5848c205ff64ecf8,0.1835
5c37a4bb04018995,cmAPP:1867,cmAPP:1910,US20220002724A1|Table18|Neuro2A cell line|10.0nM|24h,3e6cac1d7a027cc7,-0.276,0.0181,0.1264,,Replicate number and shared-control covariance not resolved; SDs are not SEs.,guide_ridge,0.0,9fea29da568e9bc1,0.276
dd6c1c7202e5a255,cmAPP:1861,cmAPP:1906,US20220002724A1|Table18|Neuro2A cell line|10.0nM|24h,45af11f0ecbd8a55,-0.012000000000000122,0.0007000000000000001,0.0051,,Replicate number and shared-control covariance not resolved; SDs are not SEs.,guide_ridge,0.0,1212da56aac7a198,0.012000000000000122
db76931262b18262,cmAPP:1877,cmAPP:1922,US20220002724A1|Table18|Neuro2A cell line|10.0nM|24h,74fc9298d8663f62,-0.022599999999999842,0.0347,0.0526,,Replicate number and shared-control covariance not resolved; SDs are not SEs.,guide_ridge,0.0,2c34ab854a6ad95b,0.022599999999999842
fb01500214324543,cmAPP:1885,cmAPP:1934,US20220002724A1|Table18|Neuro2A cell line|10.0nM|24h,5a42a7b5778aafe4,-0.0014000000000000679,0.0278,0.0077,,Replicate number and shared-control covariance not resolved; SDs are not SEs.,guide_ridge,0.0,28639edc531a2e1a,0.0014000000000000679
edbdac59a2065c45,cmAPP:1871,cmAPP:1916,US20220002724A1|Table18|Neuro2A cell line|10.0nM|24h,a50d407955561c5c,-0.011399999999999966,0.0015,0.012199999999999999,,Replicate number and shared-control covariance not resolved; SDs are not SEs.,guide_ridge,0.0,1212da56aac7a198,0.011399999999999966
bdc3962cc20e139b,cmAPP:1893,cmAPP:1938,US20220002724A1|Table18|Neuro2A cell line|10.0nM|24h,85329346f986aa0e,-0.2084999999999999,0.020499999999999997,0.0317,,Replicate number and shared-control covariance not resolved; SDs are not SEs.,guide_ridge,0.0,10c405d304cc4e37,0.2084999999999999
a40c86511b365ffd,cmAPP:1889,cmAPP:1930,US20220002724A1|Table18|Neuro2A cell line|10.0nM|24h,820566fd78cb47f2,-0.26639999999999997,0.0363,0.12179999999999999,,Replicate number and shared-control covariance not resolved; SDs are not SEs.,guide_ridge,0.0,1c10d86ec1a802f4,0.26639999999999997
c748ab46e40eb3c6,cmAPP:1874,cmAPP:1919,US20220002724A1|Table18|Neuro2A cell line|10.0nM|24h,79a2a66f9d75e712,-0.7228,0.0068000000000000005,0.22719999999999999,,Replicate number and shared-control covariance not resolved; SDs are not SEs.,guide_ridge,0.0,9620aee947fd49ea,0.7228
8462c3a551411df3,cmAPP:1868,cmAPP:1913,US20220002724A1|Table18|Neuro2A cell line|10.0nM|24h,aa8876968f9c4717,-0.24370000000000014,0.0321,0.1251,,Replicate number and shared-control covariance not resolved; SDs are not SEs.,guide_ridge,0.0,1c10d86ec1a802f4,0.24370000000000014
72fdff714d1fc08e,cmAPP:1897,cmAPP:1942,US20220002724A1|Table18|Neuro2A cell line|10.0nM|24h,2bd44ce61ea23b9f,-0.06989999999999996,0.019,0.037000000000000005,,Replicate number and shared-control covariance not resolved; SDs are not SEs.,guide_ridge,0.0,2c34ab854a6ad95b,0.06989999999999996
5216d53e06ede17c,cmAPP:1890,cmAPP:1931,US20220002724A1|Table18|Neuro2A cell line|10.0nM|24h,b5c37d5063356d65,0.017800000000000038,0.0196,0.001,,Replicate number and shared-control covariance not resolved; SDs are not SEs.,guide_ridge,0.0,5848c205ff64ecf8,-0.017800000000000038
1b4f407ebbaeb5b2,cmAPP:1855,cmAPP:1900,US20220002724A1|Table18|Neuro2A cell line|10.0nM|24h,4683b2d184b687a0,-0.04720000000000002,0.0007000000000000001,0.030699999999999998,,Replicate number and shared-control covariance not resolved; SDs are not SEs.,guide_ridge,0.0,17103b04fab21cdc,0.04720000000000002
a4c4b94f50336897,cmAPP:1866,cmAPP:1912,US20220002724A1|Table18|Neuro2A cell line|10.0nM|24h,e8641df94cf5d311,-0.0341999999999999,0.0053,0.011899999999999999,,Replicate number and shared-control covariance not resolved; SDs are not SEs.,guide_ridge,0.0,2c34ab854a6ad95b,0.0341999999999999
790c224fb15729e8,cmAPP:1858,cmAPP:1903,US20220002724A1|Table18|Neuro2A cell line|10.0nM|24h,a7b957bcca2f20cf,-0.03939999999999999,0.012,0.013999999999999999,,Replicate number and shared-control covariance not resolved; SDs are not SEs.,guide_ridge,0.0,17103b04fab21cdc,0.03939999999999999
8cfd4f27b028eb77,cmAPP:1896,cmAPP:1941,US20220002724A1|Table18|Neuro2A cell line|10.0nM|24h,cf253444cfae0542,-0.242,0.0068000000000000005,0.0691,,Replicate number and shared-control covariance not resolved; SDs are not SEs.,guide_ridge,0.0,28639edc531a2e1a,0.242
46898ba7d044be9b,cmAPP:1882,cmAPP:1927,US20220002724A1|Table18|Neuro2A cell line|10.0nM|24h,f158caa9d2d33d64,0.0007000000000000339,0.0242,0.0287,,Replicate number and shared-control covariance not resolved; SDs are not SEs.,guide_ridge,0.0,2c34ab854a6ad95b,-0.0007000000000000339
9b2d1052c5390363,cmAPP:1881,cmAPP:1926,US20220002724A1|Table18|Neuro2A cell line|10.0nM|24h,28e3362d3f9b2da2,-0.018500000000000072,0.0043,0.0105,,Replicate number and shared-control covariance not resolved; SDs are not SEs.,guide_ridge,0.0,28639edc531a2e1a,0.018500000000000072
3cf75a1628ce2443,cmAPP:1894,cmAPP:1939,US20220002724A1|Table18|Neuro2A cell line|10.0nM|24h,99751c2cb3cfdf23,-0.07340000000000002,0.0017000000000000001,0.0179,,Replicate number and shared-control covariance not resolved; SDs are not SEs.,guide_ridge,0.0,28639edc531a2e1a,0.07340000000000002
78964639effd56c0,cmAPP:1892,cmAPP:1937,US20220002724A1|Table18|Neuro2A cell line|10.0nM|24h,485d856ba812fc3a,-0.33120000000000005,0.046799999999999994,0.11320000000000001,,Replicate number and shared-control covariance not resolved; SDs are not SEs.,guide_ridge,0.0,72478f51d38ee208,0.33120000000000005
d1d883357891e048,cmAPP:1891,cmAPP:1932,US20220002724A1|Table18|Neuro2A cell line|10.0nM|24h,f8e112462608f680,-0.3360000000000001,0.0024,0.1892,,Replicate number and shared-control covariance not resolved; SDs are not SEs.,guide_ridge,0.0,5848c205ff64ecf8,0.3360000000000001
6e2a61766f596436,cmAPP:1887,cmAPP:1936,US20220002724A1|Table18|Neuro2A cell line|10.0nM|24h,fc5b0d0c97a6e528,-0.4691000000000001,0.0074,0.055099999999999996,,Replicate number and shared-control covariance not resolved; SDs are not SEs.,guide_ridge,0.0,8a110cbb1ec4bb37,0.4691000000000001
93389904f33e7718,cmAPP:1770,cmAPP:1815,US20220002724A1|Table17|Be(2)C cell line|0.1nM|24h,0776c55821f47af8,-1.6145,0.0704,0.13849999999999998,,Replicate number and shared-control covariance not resolved; SDs are not SEs.,nongraph,0.006226271390914917,151435cc8a45853a,1.620726271390915
e24b7d2aa22bb55c,cmAPP:1775,cmAPP:1821,US20220002724A1|Table17|Be(2)C cell line|0.1nM|24h,3e9731dfbff94adf,-0.9341,0.0596,0.3439,,Replicate number and shared-control covariance not resolved; SDs are not SEs.,nongraph,0.0029198626677195416,2c34ab854a6ad95b,0.9370198626677195
c5b8e137a303cb45,cmAPP:1773,cmAPP:1818,US20220002724A1|Table17|Be(2)C cell line|0.1nM|24h,eb357f6ecf50b6e8,-0.021100000000000008,0.0848,0.1288,,Replicate number and shared-control covariance not resolved; SDs are not SEs.,nongraph,0.0026429990927377967,151435cc8a45853a,0.023742999092737804
5b10002dc6e9b311,cmAPP:1805,cmAPP:1850,US20220002724A1|Table17|Be(2)C cell line|0.1nM|24h,fade1d64d4e768d6,0.3319,0.2754,0.0858,,Replicate number and shared-control covariance not resolved; SDs are not SEs.,nongraph,0.0067569712797800885,28639edc531a2e1a,-0.3251430287202199
34a0cf77853c520f,cmAPP:1808,cmAPP:1853,US20220002724A1|Table17|Be(2)C cell line|0.1nM|24h,f6ee2f45d0df4f59,0.5641999999999998,0.4637,0.4285,,Replicate number and shared-control covariance not resolved; SDs are not SEs.,nongraph,0.0029904544353485107,5848c205ff64ecf8,-0.5612095455646513
53bd4571937b65d8,cmAPP:1777,cmAPP:1820,US20220002724A1|Table17|Be(2)C cell line|0.1nM|24h,3e6cac1d7a027cc7,-1.8657,0.1051,0.4839,,Replicate number and shared-control covariance not resolved; SDs are not SEs.,nongraph,0.00030069549878442015,9fea29da568e9bc1,1.8660006954987844
c8e8c0b442f5a1a1,cmAPP:1771,cmAPP:1816,US20220002724A1|Table17|Be(2)C cell line|0.1nM|24h,45af11f0ecbd8a55,-0.8776,0.047599999999999996,0.087,,Replicate number and shared-control covariance not resolved; SDs are not SEs.,nongraph,0.008899301290512085,1212da56aac7a198,0.8864993012905121
ac1b30806815ea4e,cmAPP:1787,cmAPP:1832,US20220002724A1|Table17|Be(2)C cell line|0.1nM|24h,74fc9298d8663f62,-0.8095999999999999,0.1321,0.4403,,Replicate number and shared-control covariance not resolved; SDs are not SEs.,nongraph,0.002192199230194092,2c34ab854a6ad95b,0.811792199230194
8aa63b5c3ecd924d,cmAPP:1795,cmAPP:1844,US20220002724A1|Table17|Be(2)C cell line|0.1nM|24h,5a42a7b5778aafe4,-0.5152,0.2846,0.19870000000000002,,Replicate number and shared-control covariance not resolved; SDs are not SEs.,nongraph,0.0007242063681285327,28639edc531a2e1a,0.5159242063681285
d3de99befe559e4d,cmAPP:1781,cmAPP:1826,US20220002724A1|Table17|Be(2)C cell line|0.1nM|24h,a50d407955561c5c,-0.22190000000000004,0.1041,0.2195,,Replicate number and shared-control covariance not resolved; SDs are not SEs.,nongraph,0.005297283331553104,1212da56aac7a198,0.22719728333155315
7145b489500dbd80,cmAPP:1803,cmAPP:1848,US20220002724A1|Table17|Be(2)C cell line|0.1nM|24h,85329346f986aa0e,-0.8083999999999999,0.061200000000000004,0.2516,,Replicate number and shared-control covariance not resolved; SDs are not SEs.,nongraph,0.0017406443754831025,10c405d304cc4e37,0.810140644375483
05b4895f7bcd4c42,cmAPP:1799,cmAPP:1840,US20220002724A1|Table17|Be(2)C cell line|0.1nM|24h,820566fd78cb47f2,0.3812,0.0344,0.2104,,Replicate number and shared-control covariance not resolved; SDs are not SEs.,nongraph,0.0013441244761149274,1c10d86ec1a802f4,-0.37985587552388506
b6967a59b842adff,cmAPP:1784,cmAPP:1829,US20220002724A1|Table17|Be(2)C cell line|0.1nM|24h,79a2a66f9d75e712,-2.8806,0.11789999999999999,0.5047999999999999,,Replicate number and shared-control covariance not resolved; SDs are not SEs.,nongraph,0.01289620995521551,9620aee947fd49ea,2.8934962099552153
059e26913d78b631,cmAPP:1778,cmAPP:1823,US20220002724A1|Table17|Be(2)C cell line|0.1nM|24h,aa8876968f9c4717,-1.8751,0.1424,0.1273,,Replicate number and shared-control covariance not resolved; SDs are not SEs.,nongraph,0.003081659475962284,1c10d86ec1a802f4,1.8781816594759624
6ca5840cef4726ff,cmAPP:1807,cmAPP:1852,US20220002724A1|Table17|Be(2)C cell line|0.1nM|24h,2bd44ce61ea23b9f,0.17810000000000004,0.1475,0.1971,,Replicate number and shared-control covariance not resolved; SDs are not SEs.,nongraph,0.007038940985997499,2c34ab854a6ad95b,-0.17106105901400254
327843b402480d74,cmAPP:1800,cmAPP:1841,US20220002724A1|Table17|Be(2)C cell line|0.1nM|24h,b5c37d5063356d65,0.5433,0.4465,0.1478,,Replicate number and shared-control covariance not resolved; SDs are not SEs.,nongraph,-0.0017833908398946496,5848c205ff64ecf8,-0.5450833908398947
1d5a6a30d03d4ace,cmAPP:1765,cmAPP:1810,US20220002724A1|Table17|Be(2)C cell line|0.1nM|24h,4683b2d184b687a0,-0.4945,0.12050000000000001,0.1419,,Replicate number and shared-control covariance not resolved; SDs are not SEs.,nongraph,-0.0008926590283711566,17103b04fab21cdc,0.49360734097162884
a1cbdd76747c5064,cmAPP:1776,cmAPP:1822,US20220002724A1|Table17|Be(2)C cell line|0.1nM|24h,e8641df94cf5d311,-0.6519000000000001,0.0775,0.17120000000000002,,Replicate number and shared-control covariance not resolved; SDs are not SEs.,nongraph,0.00933926304181415,2c34ab854a6ad95b,0.6612392630418142
4490c940bfdaa814,cmAPP:1768,cmAPP:1813,US20220002724A1|Table17|Be(2)C cell line|0.1nM|24h,a7b957bcca2f20cf,-0.935,0.1338,0.09609999999999999,,Replicate number and shared-control covariance not resolved; SDs are not SEs.,nongraph,0.0084965427716574,17103b04fab21cdc,0.9434965427716575
382a0a377b849c67,cmAPP:1806,cmAPP:1851,US20220002724A1|Table17|Be(2)C cell line|0.1nM|24h,cf253444cfae0542,0.2361,0.3618,0.3897,,Replicate number and shared-control covariance not resolved; SDs are not SEs.,nongraph,-0.00962459047635389,28639edc531a2e1a,-0.2457245904763539
50548dbd9fb26ec9,cmAPP:1792,cmAPP:1837,US20220002724A1|Table17|Be(2)C cell line|0.1nM|24h,f158caa9d2d33d64,-0.3258999999999999,0.3096,0.0693,,Replicate number and shared-control covariance not resolved; SDs are not SEs.,nongraph,-0.002261181672414181,2c34ab854a6ad95b,0.32363881832758573
b5c2328a2c4ba021,cmAPP:1791,cmAPP:1836,US20220002724A1|Table17|Be(2)C cell line|0.1nM|24h,28e3362d3f9b2da2,-1.0455,0.030600000000000002,0.2801,,Replicate number and shared-control covariance not resolved; SDs are not SEs.,nongraph,0.004091004530588804,28639edc531a2e1a,1.049591004530589
086646f70e89b7e8,cmAPP:1804,cmAPP:1849,US20220002724A1|Table17|Be(2)C cell line|0.1nM|24h,99751c2cb3cfdf23,-0.6019,0.1164,0.5791,,Replicate number and shared-control covariance not resolved; SDs are not SEs.,nongraph,0.009254366159439142,28639edc531a2e1a,0.6111543661594392
dbf5b6e05f2fd199,cmAPP:1802,cmAPP:1847,US20220002724A1|Table17|Be(2)C cell line|0.1nM|24h,485d856ba812fc3a,-0.8087999999999997,0.5171,0.0882,,Replicate number and shared-control covariance not resolved; SDs are not SEs.,nongraph,0.011362036069234083,72478f51d38ee208,0.8201620360692339
ae0b1f16d5b39dea,cmAPP:1801,cmAPP:1842,US20220002724A1|Table17|Be(2)C cell line|0.1nM|24h,f8e112462608f680,0.43200000000000005,0.13390000000000002,0.1041,,Replicate number and shared-control covariance not resolved; SDs are not SEs.,nongraph,0.00720486044883728,5848c205ff64ecf8,-0.42479513955116277
dff31405206d397b,cmAPP:1797,cmAPP:1846,US20220002724A1|Table17|Be(2)C cell line|0.1nM|24h,fc5b0d0c97a6e528,-1.5217999999999998,0.1784,0.1663,,Replicate number and shared-control covariance not resolved; SDs are not SEs.,nongraph,-0.0004349946975708008,8a110cbb1ec4bb37,1.521365005302429
66ba2338161aed27,cmAPP:1680,cmAPP:1725,US20220002724A1|Table17|Be(2)C cell line|1.0nM|24h,0776c55821f47af8,-0.12819999999999987,0.026000000000000002,0.013500000000000002,,Replicate number and shared-control covariance not resolved; SDs are not SEs.,nongraph,0.006564925114313724,151435cc8a45853a,0.1347649251143136
a85eb0b11202f59e,cmAPP:1685,cmAPP:1731,US20220002724A1|Table17|Be(2)C cell line|1.0nM|24h,3e9731dfbff94adf,-0.07189999999999996,0.0286,0.0496,,Replicate number and shared-control covariance not resolved; SDs are not SEs.,nongraph,0.0031758944193523153,2c34ab854a6ad95b,0.07507589441935228
c09f8ea736c8479d,cmAPP:1683,cmAPP:1728,US20220002724A1|Table17|Be(2)C cell line|1.0nM|24h,eb357f6ecf50b6e8,-0.014399999999999968,0.0364,0.0256,,Replicate number and shared-control covariance not resolved; SDs are not SEs.,nongraph,0.0026634633541107178,151435cc8a45853a,0.017063463354110686
0ee5a5f6520a7c7a,cmAPP:1715,cmAPP:1760,US20220002724A1|Table17|Be(2)C cell line|1.0nM|24h,fade1d64d4e768d6,-0.17490000000000006,0.0608,0.1155,,Replicate number and shared-control covariance not resolved; SDs are not SEs.,nongraph,0.006787767012914114,28639edc531a2e1a,0.18168776701291417
e52464c3fde0c9de,cmAPP:1718,cmAPP:1763,US20220002724A1|Table17|Be(2)C cell line|1.0nM|24h,f6ee2f45d0df4f59,-0.361,0.0562,0.1673,,Replicate number and shared-control covariance not resolved; SDs are not SEs.,nongraph,0.0034008622169495184,5848c205ff64ecf8,0.3644008622169495
2f48d456f6284b36,cmAPP:1687,cmAPP:1730,US20220002724A1|Table17|Be(2)C cell line|1.0nM|24h,3e6cac1d7a027cc7,-0.3121,0.0704,0.0848,,Replicate number and shared-control covariance not resolved; SDs are not SEs.,nongraph,0.0005562603473663885,9fea29da568e9bc1,0.3126562603473664
5b8cb0fffb026635,cmAPP:1681,cmAPP:1726,US20220002724A1|Table17|Be(2)C cell line|1.0nM|24h,45af11f0ecbd8a55,0.011099999999999999,0.008,0.0649,,Replicate number and shared-control covariance not resolved; SDs are not SEs.,nongraph,0.008911699056625422,1212da56aac7a198,-0.002188300943374577
63008ff058569c96,cmAPP:1697,cmAPP:1742,US20220002724A1|Table17|Be(2)C cell line|1.0nM|24h,74fc9298d8663f62,0.005700000000000149,0.06269999999999999,0.1005,,Replicate number and shared-control covariance not resolved; SDs are not SEs.,nongraph,0.002192179361979213,2c34ab854a6ad95b,-0.0035078206380209365
97a210f808788925,cmAPP:1705,cmAPP:1754,US20220002724A1|Table17|Be(2)C cell line|1.0nM|24h,5a42a7b5778aafe4,-0.03459999999999985,0.0934,0.13369999999999999,,Replicate number and shared-control covariance not resolved; SDs are not SEs.,nongraph,0.0007242063681284772,28639edc531a2e1a,0.03532420636812833
9f45bd9c2c0e94ba,cmAPP:1691,cmAPP:1736,US20220002724A1|Table17|Be(2)C cell line|1.0nM|24h,a50d407955561c5c,-0.1439999999999999,0.10619999999999999,0.07780000000000001,,Replicate number and shared-control covariance not resolved; SDs are not SEs.,nongraph,0.005302707354227665,1212da56aac7a198,0.14930270735422757
c6b1006bae31a2f4,cmAPP:1713,cmAPP:1758,US20220002724A1|Table17|Be(2)C cell line|1.0nM|24h,85329346f986aa0e,-0.21630000000000005,0.0141,0.059000000000000004,,Replicate number and shared-control covariance not resolved; SDs are not SEs.,nongraph,0.0018867552280426025,10c405d304cc4e37,0.21818675522804265
f98feef4cdda1f7a,cmAPP:1709,cmAPP:1750,US20220002724A1|Table17|Be(2)C cell line|1.0nM|24h,820566fd78cb47f2,0.5236000000000001,0.2509,0.2433,,Replicate number and shared-control covariance not resolved; SDs are not SEs.,nongraph,0.0012579162915548059,1c10d86ec1a802f4,-0.5223420837084453
7a921af808b2dfa6,cmAPP:1694,cmAPP:1739,US20220002724A1|Table17|Be(2)C cell line|1.0nM|24h,79a2a66f9d75e712,-0.5276000000000001,0.0654,0.09939999999999999,,Replicate number and shared-control covariance not resolved; SDs are not SEs.,nongraph,0.01325623194376635,9620aee947fd49ea,0.5408562319437664
eb09d956be8bc0bd,cmAPP:1688,cmAPP:1733,US20220002724A1|Table17|Be(2)C cell line|1.0nM|24h,aa8876968f9c4717,0.14549999999999996,0.2898,0.028399999999999998,,Replicate number and shared-control covariance not resolved; SDs are not SEs.,nongraph,0.0030940373738606586,1c10d86ec1a802f4,-0.1424059626261393
a15328e82188e58f,cmAPP:1717,cmAPP:1762,US20220002724A1|Table17|Be(2)C cell line|1.0nM|24h,2bd44ce61ea23b9f,-0.13879999999999992,0.0291,0.0843,,Replicate number and shared-control covariance not resolved; SDs are not SEs.,nongraph,0.007038990656534905,2c34ab854a6ad95b,0.14583899065653483
c118eab8e379718c,cmAPP:1710,cmAPP:1751,US20220002724A1|Table17|Be(2)C cell line|1.0nM|24h,b5c37d5063356d65,0.2778999999999999,0.0418,0.0371,,Replicate number and shared-control covariance not resolved; SDs are not SEs.,nongraph,-0.0018154382705689032,5848c205ff64ecf8,-0.27971543827056883
bb68ab734a60ad5c,cmAPP:1675,cmAPP:1720,US20220002724A1|Table17|Be(2)C cell line|1.0nM|24h,4683b2d184b687a0,0.022400000000000087,0.0253,0.006999999999999999,,Replicate number and shared-control covariance not resolved; SDs are not SEs.,nongraph,-0.0005230506261189038,17103b04fab21cdc,-0.02292305062611899
70da5f6f47632dfe,cmAPP:1686,cmAPP:1732,US20220002724A1|Table17|Be(2)C cell line|1.0nM|24h,e8641df94cf5d311,0.015100000000000113,0.049100000000000005,0.027000000000000003,,Replicate number and shared-control covariance not resolved; SDs are not SEs.,nongraph,0.009339272975921742,2c34ab854a6ad95b,-0.0057607270240783714
0d965a5abd1a268c,cmAPP:1678,cmAPP:1723,US20220002724A1|Table17|Be(2)C cell line|1.0nM|24h,a7b957bcca2f20cf,-0.05410000000000015,0.023799999999999998,0.057699999999999994,,Replicate number and shared-control covariance not resolved; SDs are not SEs.,nongraph,0.008835196495056097,17103b04fab21cdc,0.06293519649505624
b994b3eb1c0af55d,cmAPP:1716,cmAPP:1761,US20220002724A1|Table17|Be(2)C cell line|1.0nM|24h,cf253444cfae0542,-0.4706,0.0717,0.13419999999999999,,Replicate number and shared-control covariance not resolved; SDs are not SEs.,nongraph,-0.009154548247655159,28639edc531a2e1a,0.46144545175234486
fd3f38efafcec3ac,cmAPP:1702,cmAPP:1747,US20220002724A1|Table17|Be(2)C cell line|1.0nM|24h,f158caa9d2d33d64,-0.03489999999999993,0.0555,0.046,,Replicate number and shared-control covariance not resolved; SDs are not SEs.,nongraph,-0.0023815731207530444,2c34ab854a6ad95b,0.03251842687924689
45289904b26c1459,cmAPP:1701,cmAPP:1746,US20220002724A1|Table17|Be(2)C cell line|1.0nM|24h,28e3362d3f9b2da2,-0.29069999999999996,0.01,0.1063,,Replicate number and shared-control covariance not resolved; SDs are not SEs.,nongraph,0.004107842842737797,28639edc531a2e1a,0.29480784284273776
f762503ebcc65c82,cmAPP:1714,cmAPP:1759,US20220002724A1|Table17|Be(2)C cell line|1.0nM|24h,99751c2cb3cfdf23,-0.08540000000000003,0.0706,0.081,,Replicate number and shared-control covariance not resolved; SDs are not SEs.,nongraph,0.009285281101862608,28639edc531a2e1a,0.09468528110186264
d26bc154c6f7f7ab,cmAPP:1712,cmAPP:1757,US20220002724A1|Table17|Be(2)C cell line|1.0nM|24h,485d856ba812fc3a,-0.36310000000000003,0.0767,0.16260000000000002,,Replicate number and shared-control covariance not resolved; SDs are not SEs.,nongraph,0.011689901351928711,72478f51d38ee208,0.37478990135192874
62cb9585f226cf4c,cmAPP:1711,cmAPP:1752,US20220002724A1|Table17|Be(2)C cell line|1.0nM|24h,f8e112462608f680,-0.5549,0.009399999999999999,0.0779,,Replicate number and shared-control covariance not resolved; SDs are not SEs.,nongraph,0.007204890251159557,5848c205ff64ecf8,0.5621048902511595
e7cdd445b47734ce,cmAPP:1707,cmAPP:1756,US20220002724A1|Table17|Be(2)C cell line|1.0nM|24h,fc5b0d0c97a6e528,-0.3610000000000001,0.0946,0.1015,,Replicate number and shared-control covariance not resolved; SDs are not SEs.,nongraph,0.0002692540486654016,8a110cbb1ec4bb37,0.3612692540486655
0eed2d75f2cde72d,cmAPP:1590,cmAPP:1635,US20220002724A1|Table17|Be(2)C cell line|10.0nM|24h,0776c55821f47af8,-0.40340000000000004,0.0241,0.029500000000000002,,Replicate number and shared-control covariance not resolved; SDs are not SEs.,nongraph,0.007530609766642271,151435cc8a45853a,0.4109306097666423
1a6c9baac85f3629,cmAPP:1595,cmAPP:1641,US20220002724A1|Table17|Be(2)C cell line|10.0nM|24h,3e9731dfbff94adf,-0.20189999999999997,0.0129,0.0771,,Replicate number and shared-control covariance not resolved; SDs are not SEs.,nongraph,0.0032075146834054935,2c34ab854a6ad95b,0.20510751468340546
76e24e5164a31a01,cmAPP:1593,cmAPP:1638,US20220002724A1|Table17|Be(2)C cell line|10.0nM|24h,eb357f6ecf50b6e8,-0.21689999999999998,0.028399999999999998,0.0443,,Replicate number and shared-control covariance not resolved; SDs are not SEs.,nongraph,0.002663453420003292,151435cc8a45853a,0.21956345342000327
e284e40848b79caf,cmAPP:1625,cmAPP:1670,US20220002724A1|Table17|Be(2)C cell line|10.0nM|24h,fade1d64d4e768d6,0.14149999999999996,0.0601,0.052000000000000005,,Replicate number and shared-control covariance not resolved; SDs are not SEs.,nongraph,0.0068757633368174975,28639edc531a2e1a,-0.13462423666318246
9bf5f3d125221e4c,cmAPP:1628,cmAPP:1673,US20220002724A1|Table17|Be(2)C cell line|10.0nM|24h,f6ee2f45d0df4f59,0.1386,0.1333,0.0969,,Replicate number and shared-control covariance not resolved; SDs are not SEs.,nongraph,0.0061772068341574005,5848c205ff64ecf8,-0.1324227931658426
db264d54acc9cc94,cmAPP:1597,cmAPP:1640,US20220002724A1|Table17|Be(2)C cell line|10.0nM|24h,3e6cac1d7a027cc7,-0.79,0.0475,0.1617,,Replicate number and shared-control covariance not resolved; SDs are not SEs.,nongraph,0.0016771256923675537,9fea29da568e9bc1,0.7916771256923676
421212f430fb6217,cmAPP:1591,cmAPP:1636,US20220002724A1|Table17|Be(2)C cell line|10.0nM|24h,45af11f0ecbd8a55,-0.04060000000000008,0.024,0.0765,,Replicate number and shared-control covariance not resolved; SDs are not SEs.,nongraph,0.008947064479192135,1212da56aac7a198,0.049547064479192215
7ad1ff1601478950,cmAPP:1607,cmAPP:1652,US20220002724A1|Table17|Be(2)C cell line|10.0nM|24h,74fc9298d8663f62,0.0006999999999999229,0.0691,0.026099999999999998,,Replicate number and shared-control covariance not resolved; SDs are not SEs.,nongraph,0.0031043291091918945,2c34ab854a6ad95b,0.0024043291091919716
600169b9f0f80551,cmAPP:1615,cmAPP:1664,US20220002724A1|Table17|Be(2)C cell line|10.0nM|24h,5a42a7b5778aafe4,0.02199999999999991,0.07150000000000001,0.0554,,Replicate number and shared-control covariance not resolved; SDs are not SEs.,nongraph,0.0011526048183441162,28639edc531a2e1a,-0.020847395181655792
409122d11d642bec,cmAPP:1601,cmAPP:1646,US20220002724A1|Table17|Be(2)C cell line|10.0nM|24h,a50d407955561c5c,-0.45020000000000004,0.0212,0.3306,,Replicate number and shared-control covariance not resolved; SDs are not SEs.,nongraph,0.005442122618357359,1212da56aac7a198,0.4556421226183574
c465d631789b7798,cmAPP:1623,cmAPP:1668,US20220002724A1|Table17|Be(2)C cell line|10.0nM|24h,85329346f986aa0e,-0.05489999999999995,0.0616,0.0323,,Replicate number and shared-control covariance not resolved; SDs are not SEs.,nongraph,0.0017800231774648956,10c405d304cc4e37,0.056680023177464844
dd70d7ef8a4c9374,cmAPP:1619,cmAPP:1660,US20220002724A1|Table17|Be(2)C cell line|10.0nM|24h,820566fd78cb47f2,2.0336,0.2964,0.10300000000000001,,Replicate number and shared-control covariance not resolved; SDs are not SEs.,nongraph,0.0015481313069661273,1c10d86ec1a802f4,-2.0320518686930336
d69a2449a6634854,cmAPP:1604,cmAPP:1649,US20220002724A1|Table17|Be(2)C cell line|10.0nM|24h,79a2a66f9d75e712,-1.4533999999999998,0.061399999999999996,0.5695,,Replicate number and shared-control covariance not resolved; SDs are not SEs.,nongraph,0.014257282018661499,9620aee947fd49ea,1.4676572820186613
e9d357b8d3d85a4e,cmAPP:1598,cmAPP:1643,US20220002724A1|Table17|Be(2)C cell line|10.0nM|24h,aa8876968f9c4717,-0.10759999999999997,0.0746,0.0934,,Replicate number and shared-control covariance not resolved; SDs are not SEs.,nongraph,0.0033979415893554688,1c10d86ec1a802f4,0.11099794158935544
f3e88314b57e616d,cmAPP:1627,cmAPP:1672,US20220002724A1|Table17|Be(2)C cell line|10.0nM|24h,2bd44ce61ea23b9f,0.1450999999999999,0.075,0.0417,,Replicate number and shared-control covariance not resolved; SDs are not SEs.,nongraph,0.007655074199040712,2c34ab854a6ad95b,-0.13744492580095918
450bf38c165fbd1a,cmAPP:1620,cmAPP:1661,US20220002724A1|Table17|Be(2)C cell line|10.0nM|24h,b5c37d5063356d65,0.23629999999999995,0.0346,0.0215,,Replicate number and shared-control covariance not resolved; SDs are not SEs.,nongraph,-0.0017626086870828894,5848c205ff64ecf8,-0.23806260868708284
d2d72d8278e8ff2f,cmAPP:1585,cmAPP:1630,US20220002724A1|Table17|Be(2)C cell line|10.0nM|24h,4683b2d184b687a0,-0.16439999999999988,0.0392,0.0429,,Replicate number and shared-control covariance not resolved; SDs are not SEs.,nongraph,0.00017398595809942075,17103b04fab21cdc,0.1645739859580993
8ab257e2caab32a6,cmAPP:1596,cmAPP:1642,US20220002724A1|Table17|Be(2)C cell line|10.0nM|24h,e8641df94cf5d311,-0.16900000000000015,0.0141,0.028399999999999998,,Replicate number and shared-control covariance not resolved; SDs are not SEs.,nongraph,0.009339282910029112,2c34ab854a6ad95b,0.17833928291002926
cf3a3e7485b31ba0,cmAPP:1588,cmAPP:1633,US20220002724A1|Table17|Be(2)C cell line|10.0nM|24h,a7b957bcca2f20cf,-0.2547999999999999,0.03,0.09269999999999999,,Replicate number and shared-control covariance not resolved; SDs are not SEs.,nongraph,0.010017255942026793,17103b04fab21cdc,0.2648172559420267
fca0701bd3bac2f3,cmAPP:1626,cmAPP:1671,US20220002724A1|Table17|Be(2)C cell line|10.0nM|24h,cf253444cfae0542,-0.2828999999999999,0.14429999999999998,0.0999,,Replicate number and shared-control covariance not resolved; SDs are not SEs.,nongraph,-0.008036037286122566,28639edc531a2e1a,0.2748639627138773
134f453b89ce7319,cmAPP:1612,cmAPP:1657,US20220002724A1|Table17|Be(2)C cell line|10.0nM|24h,f158caa9d2d33d64,0.18099999999999994,0.0599,0.0075,,Replicate number and shared-control covariance not resolved; SDs are not SEs.,nongraph,-0.00226118167241407,2c34ab854a6ad95b,-0.183261181672414
34038dbdd4553f7d,cmAPP:1611,cmAPP:1656,US20220002724A1|Table17|Be(2)C cell line|10.0nM|24h,28e3362d3f9b2da2,-0.014200000000000101,0.0373,0.048,,Replicate number and shared-control covariance not resolved; SDs are not SEs.,nongraph,0.004496296246846498,28639edc531a2e1a,0.0186962962468466
d17517694a996e9b,cmAPP:1624,cmAPP:1669,US20220002724A1|Table17|Be(2)C cell line|10.0nM|24h,99751c2cb3cfdf23,-0.19910000000000005,0.008199999999999999,0.069,,Replicate number and shared-control covariance not resolved; SDs are not SEs.,nongraph,0.010074853897094671,28639edc531a2e1a,0.20917485389709473
2b34f2d44b307ee1,cmAPP:1622,cmAPP:1667,US20220002724A1|Table17|Be(2)C cell line|10.0nM|24h,485d856ba812fc3a,-0.012800000000000034,0.06,0.1607,,Replicate number and shared-control covariance not resolved; SDs are not SEs.,nongraph,0.013289670149485289,72478f51d38ee208,0.026089670149485322
58b9f1849445a903,cmAPP:1621,cmAPP:1662,US20220002724A1|Table17|Be(2)C cell line|10.0nM|24h,f8e112462608f680,-0.10060000000000002,0.0401,0.1016,,Replicate number and shared-control covariance not resolved; SDs are not SEs.,nongraph,0.007684051990509144,5848c205ff64ecf8,0.10828405199050917
a5c36e48fb124d82,cmAPP:1617,cmAPP:1666,US20220002724A1|Table17|Be(2)C cell line|10.0nM|24h,fc5b0d0c97a6e528,-0.45020000000000004,0.1369,0.18719999999999998,,Replicate number and shared-control covariance not resolved; SDs are not SEs.,nongraph,0.0015518267949422015,8a110cbb1ec4bb37,0.45175182679494225
6297178908babdb2,cmAPP:2040,cmAPP:2085,US20220002724A1|Table18|Neuro2A cell line|0.1nM|24h,0776c55821f47af8,-0.28669999999999995,0.0592,0.0308,,Replicate number and shared-control covariance not resolved; SDs are not SEs.,nongraph,0.006226241588592474,151435cc8a45853a,0.29292624158859243
e07fbd2f23396c88,cmAPP:2045,cmAPP:2091,US20220002724A1|Table18|Neuro2A cell line|0.1nM|24h,3e9731dfbff94adf,-0.11920000000000008,0.0538,0.0915,,Replicate number and shared-control covariance not resolved; SDs are not SEs.,nongraph,0.002919842799504635,2c34ab854a6ad95b,0.12211984279950472
ea69375d6e637f0b,cmAPP:2043,cmAPP:2088,US20220002724A1|Table18|Neuro2A cell line|0.1nM|24h,eb357f6ecf50b6e8,-0.13270000000000004,0.0908,0.026699999999999998,,Replicate number and shared-control covariance not resolved; SDs are not SEs.,nongraph,0.0026429990927377967,151435cc8a45853a,0.13534299909273784
c805543d26a64bde,cmAPP:2075,cmAPP:2120,US20220002724A1|Table18|Neuro2A cell line|0.1nM|24h,fade1d64d4e768d6,-0.11869999999999992,0.09,0.1231,,Replicate number and shared-control covariance not resolved; SDs are not SEs.,nongraph,0.006756931543350164,28639edc531a2e1a,0.12545693154335008
f56e1ddec22a1688,cmAPP:2078,cmAPP:2123,US20220002724A1|Table18|Neuro2A cell line|0.1nM|24h,f6ee2f45d0df4f59,-0.21069999999999994,0.0633,0.09269999999999999,,Replicate number and shared-control covariance not resolved; SDs are not SEs.,nongraph,0.0029904047648113274,5848c205ff64ecf8,0.21369040476481127
e4cc745fd18c9923,cmAPP:2047,cmAPP:2090,US20220002724A1|Table18|Neuro2A cell line|0.1nM|24h,3e6cac1d7a027cc7,-0.6328999999999999,0.0196,0.1439,,Replicate number and shared-control covariance not resolved; SDs are not SEs.,nongraph,0.00030071536699932677,9fea29da568e9bc1,0.6332007153669992
fd2a262963837b7f,cmAPP:2041,cmAPP:2086,US20220002724A1|Table18|Neuro2A cell line|0.1nM|24h,45af11f0ecbd8a55,-0.12370000000000003,0.059000000000000004,0.0151,,Replicate number and shared-control covariance not resolved; SDs are not SEs.,nongraph,0.008899291356404548,1212da56aac7a198,0.13259929135640458
51c13c0eaed60726,cmAPP:2057,cmAPP:2102,US20220002724A1|Table18|Neuro2A cell line|0.1nM|24h,74fc9298d8663f62,0.14069999999999994,0.0353,0.0542,,Replicate number and shared-control covariance not resolved; SDs are not SEs.,nongraph,0.002192199230194092,2c34ab854a6ad95b,-0.13850780076980584
396bdc7f9386d193,cmAPP:2065,cmAPP:2114,US20220002724A1|Table18|Neuro2A cell line|0.1nM|24h,5a42a7b5778aafe4,-0.24690000000000012,0.0611,0.1293,,Replicate number and shared-control covariance not resolved; SDs are not SEs.,nongraph,0.0007241964340209961,28639edc531a2e1a,0.24762419643402112
fdbf57627003ba04,cmAPP:2051,cmAPP:2096,US20220002724A1|Table18|Neuro2A cell line|0.1nM|24h,a50d407955561c5c,-0.23420000000000007,0.0968,0.0231,,Replicate number and shared-control covariance not resolved; SDs are not SEs.,nongraph,0.005297283331553104,1212da56aac7a198,0.23949728333155318
676b84ca4669fe18,cmAPP:2073,cmAPP:2118,US20220002724A1|Table18|Neuro2A cell line|0.1nM|24h,85329346f986aa0e,-0.6031,0.086,0.0694,,Replicate number and shared-control covariance not resolved; SDs are not SEs.,nongraph,0.0017406245072681958,10c405d304cc4e37,0.6048406245072682
594ae7af3b916cd2,cmAPP:2069,cmAPP:2110,US20220002724A1|Table18|Neuro2A cell line|0.1nM|24h,820566fd78cb47f2,-0.14290000000000003,0.1174,0.079,,Replicate number and shared-control covariance not resolved; SDs are not SEs.,nongraph,0.0013441145420074463,1c10d86ec1a802f4,0.14424411454200747
bfb561a0d6a8fc27,cmAPP:2054,cmAPP:2099,US20220002724A1|Table18|Neuro2A cell line|0.1nM|24h,79a2a66f9d75e712,-0.4963,0.0258,0.115,,Replicate number and shared-control covariance not resolved; SDs are not SEs.,nongraph,0.012896200021107973,9620aee947fd49ea,0.509196200021108
5b2264ddc1a7af6c,cmAPP:2048,cmAPP:2093,US20220002724A1|Table18|Neuro2A cell line|0.1nM|24h,aa8876968f9c4717,-0.2509,0.1604,0.0731,,Replicate number and shared-control covariance not resolved; SDs are not SEs.,nongraph,0.003081619739532526,1c10d86ec1a802f4,0.25398161973953254
ff45b277fb60624e,cmAPP:2077,cmAPP:2122,US20220002724A1|Table18|Neuro2A cell line|0.1nM|24h,2bd44ce61ea23b9f,-0.1391,0.0673,0.1009,,Replicate number and shared-control covariance not resolved; SDs are not SEs.,nongraph,0.007038931051889963,2c34ab854a6ad95b,0.14613893105188996
6a678b00b934044e,cmAPP:2070,cmAPP:2111,US20220002724A1|Table18|Neuro2A cell line|0.1nM|24h,b5c37d5063356d65,0.26859999999999995,0.067,0.06269999999999999,,Replicate number and shared-control covariance not resolved; SDs are not SEs.,nongraph,-0.001783370971679743,5848c205ff64ecf8,-0.2703833709716797
d52d528f0aa9bd30,cmAPP:2035,cmAPP:2080,US20220002724A1|Table18|Neuro2A cell line|0.1nM|24h,4683b2d184b687a0,-0.22899999999999987,0.0641,0.0755,,Replicate number and shared-control covariance not resolved; SDs are not SEs.,nongraph,-0.0008926788965860633,17103b04fab21cdc,0.2281073211034138
98341947aa56f870,cmAPP:2046,cmAPP:2092,US20220002724A1|Table18|Neuro2A cell line|0.1nM|24h,e8641df94cf5d311,-0.10649999999999982,0.050499999999999996,0.0414,,Replicate number and shared-control covariance not resolved; SDs are not SEs.,nongraph,0.009339272975921575,2c34ab854a6ad95b,0.11583927297592139
e6bc6fc3ddc258ff,cmAPP:2038,cmAPP:2083,US20220002724A1|Table18|Neuro2A cell line|0.1nM|24h,a7b957bcca2f20cf,-0.1522,0.05,0.047400000000000005,,Replicate number and shared-control covariance not resolved; SDs are not SEs.,nongraph,0.008496552705764826,17103b04fab21cdc,0.16069655270576483
96c1bc434b0cc0dd,cmAPP:2076,cmAPP:2121,US20220002724A1|Table18|Neuro2A cell line|0.1nM|24h,cf253444cfae0542,-0.3479000000000001,0.0617,0.13119999999999998,,Replicate number and shared-control covariance not resolved; SDs are not SEs.,nongraph,-0.009624620278676277,28639edc531a2e1a,0.3382753797213238
5fb5972af28fa281,cmAPP:2062,cmAPP:2107,US20220002724A1|Table18|Neuro2A cell line|0.1nM|24h,f158caa9d2d33d64,-0.118,0.1033,0.051100000000000007,,Replicate number and shared-control covariance not resolved; SDs are not SEs.,nongraph,-0.002261181672414181,2c34ab854a6ad95b,0.11573881832758581
849edfe135b4a285,cmAPP:2061,cmAPP:2106,US20220002724A1|Table18|Neuro2A cell line|0.1nM|24h,28e3362d3f9b2da2,-0.3863000000000001,0.0817,0.08310000000000001,,Replicate number and shared-control covariance not resolved; SDs are not SEs.,nongraph,0.004091014464696285,28639edc531a2e1a,0.3903910144646964
0f5070b79250194c,cmAPP:2074,cmAPP:2119,US20220002724A1|Table18|Neuro2A cell line|0.1nM|24h,99751c2cb3cfdf23,-0.42489999999999994,0.0526,0.0729,,Replicate number and shared-control covariance not resolved; SDs are not SEs.,nongraph,0.00925439596176153,28639edc531a2e1a,0.4341543959617615
fd35c25e6b032569,cmAPP:2072,cmAPP:2117,US20220002724A1|Table18|Neuro2A cell line|0.1nM|24h,485d856ba812fc3a,-0.12709999999999994,0.1127,0.10310000000000001,,Replicate number and shared-control covariance not resolved; SDs are not SEs.,nongraph,0.011362016201019176,72478f51d38ee208,0.1384620162010191
0c7a97d50dabb197,cmAPP:2071,cmAPP:2112,US20220002724A1|Table18|Neuro2A cell line|0.1nM|24h,f8e112462608f680,-0.4119,0.0747,0.18719999999999998,,Replicate number and shared-control covariance not resolved; SDs are not SEs.,nongraph,0.007204890251159668,5848c205ff64ecf8,0.41910489025115966
473de2be4f7d6584,cmAPP:2067,cmAPP:2116,US20220002724A1|Table18|Neuro2A cell line|0.1nM|24h,fc5b0d0c97a6e528,-0.6101000000000001,0.061500000000000006,0.3147,,Replicate number and shared-control covariance not resolved; SDs are not SEs.,nongraph,-0.0004349946975708008,8a110cbb1ec4bb37,0.6096650053024293
8baebb96c0af3c90,cmAPP:1950,cmAPP:1995,US20220002724A1|Table18|Neuro2A cell line|1.0nM|24h,0776c55821f47af8,-0.09720000000000006,0.024300000000000002,0.0365,,Replicate number and shared-control covariance not resolved; SDs are not SEs.,nongraph,0.006564925114313724,151435cc8a45853a,0.10376492511431379
c55d3bcca2d2a449,cmAPP:1955,cmAPP:2001,US20220002724A1|Table18|Neuro2A cell line|1.0nM|24h,3e9731dfbff94adf,0.023700000000000054,0.0421,0.0274,,Replicate number and shared-control covariance not resolved; SDs are not SEs.,nongraph,0.0031758944193523153,2c34ab854a6ad95b,-0.02052410558064774
ef7b3a1b137a6db8,cmAPP:1953,cmAPP:1998,US20220002724A1|Table18|Neuro2A cell line|1.0nM|24h,eb357f6ecf50b6e8,-0.022199999999999998,0.0733,0.0483,,Replicate number and shared-control covariance not resolved; SDs are not SEs.,nongraph,0.0026634633541107178,151435cc8a45853a,0.024863463354110715
675d15d359e354d5,cmAPP:1985,cmAPP:2030,US20220002724A1|Table18|Neuro2A cell line|1.0nM|24h,fade1d64d4e768d6,-0.09120000000000006,0.0105,0.04769999999999999,,Replicate number and shared-control covariance not resolved; SDs are not SEs.,nongraph,0.006787767012914114,28639edc531a2e1a,0.09798776701291417
5e97508244c8c76c,cmAPP:1988,cmAPP:2033,US20220002724A1|Table18|Neuro2A cell line|1.0nM|24h,f6ee2f45d0df4f59,-0.16470000000000007,0.08710000000000001,0.025699999999999997,,Replicate number and shared-control covariance not resolved; SDs are not SEs.,nongraph,0.0034008622169495184,5848c205ff64ecf8,0.1681008622169496
1711355de18f68c1,cmAPP:1957,cmAPP:2000,US20220002724A1|Table18|Neuro2A cell line|1.0nM|24h,3e6cac1d7a027cc7,-0.3823999999999999,0.036000000000000004,0.054400000000000004,,Replicate number and shared-control covariance not resolved; SDs are not SEs.,nongraph,0.0005562603473663885,9fea29da568e9bc1,0.3829562603473663
7d9ac8b735ba4661,cmAPP:1951,cmAPP:1996,US20220002724A1|Table18|Neuro2A cell line|1.0nM|24h,45af11f0ecbd8a55,0.03709999999999991,0.0533,0.0337,,Replicate number and shared-control covariance not resolved; SDs are not SEs.,nongraph,0.008911699056625422,1212da56aac7a198,-0.02818830094337449
98f93e5fbbd41ec8,cmAPP:1967,cmAPP:2012,US20220002724A1|Table18|Neuro2A cell line|1.0nM|24h,74fc9298d8663f62,0.10929999999999995,0.0698,0.0123,,Replicate number and shared-control covariance not resolved; SDs are not SEs.,nongraph,0.002192179361979213,2c34ab854a6ad95b,-0.10710782063802074
a15df525a6a379e5,cmAPP:1975,cmAPP:2024,US20220002724A1|Table18|Neuro2A cell line|1.0nM|24h,5a42a7b5778aafe4,0.030400000000000094,0.0661,0.0528,,Replicate number and shared-control covariance not resolved; SDs are not SEs.,nongraph,0.0007242063681284772,28639edc531a2e1a,-0.029675793631871616
8ab99b4d0257f181,cmAPP:1961,cmAPP:2006,US20220002724A1|Table18|Neuro2A cell line|1.0nM|24h,a50d407955561c5c,-0.07660000000000011,0.0401,0.09820000000000001,,Replicate number and shared-control covariance not resolved; SDs are not SEs.,nongraph,0.005302707354227665,1212da56aac7a198,0.08190270735422778
62524e0c73da8dd0,cmAPP:1983,cmAPP:2028,US20220002724A1|Table18|Neuro2A cell line|1.0nM|24h,85329346f986aa0e,-0.512,0.0333,0.0638,,Replicate number and shared-control covariance not resolved; SDs are not SEs.,nongraph,0.0018867552280426025,10c405d304cc4e37,0.5138867552280426
dbc2ab9cc107017b,cmAPP:1979,cmAPP:2020,US20220002724A1|Table18|Neuro2A cell line|1.0nM|24h,820566fd78cb47f2,0.039799999999999836,0.1002,0.11699999999999999,,Replicate number and shared-control covariance not resolved; SDs are not SEs.,nongraph,0.0012579162915548059,1c10d86ec1a802f4,-0.03854208370844503
de9de367cfd0516a,cmAPP:1964,cmAPP:2009,US20220002724A1|Table18|Neuro2A cell line|1.0nM|24h,79a2a66f9d75e712,-0.6374,0.0904,0.1176,,Replicate number and shared-control covariance not resolved; SDs are not SEs.,nongraph,0.01325623194376635,9620aee947fd49ea,0.6506562319437663
ca0223cac79b16f0,cmAPP:1958,cmAPP:2003,US20220002724A1|Table18|Neuro2A cell line|1.0nM|24h,aa8876968f9c4717,-0.010599999999999943,0.0891,0.08070000000000001,,Replicate number and shared-control covariance not resolved; SDs are not SEs.,nongraph,0.0030940373738606586,1c10d86ec1a802f4,0.013694037373860601
c78c802f0ed94739,cmAPP:1987,cmAPP:2032,US20220002724A1|Table18|Neuro2A cell line|1.0nM|24h,2bd44ce61ea23b9f,-0.0394000000000001,0.0444,0.031200000000000002,,Replicate number and shared-control covariance not resolved; SDs are not SEs.,nongraph,0.007038990656534905,2c34ab854a6ad95b,0.046438990656535006
18c6d9223a20ba73,cmAPP:1980,cmAPP:2021,US20220002724A1|Table18|Neuro2A cell line|1.0nM|24h,b5c37d5063356d65,0.15689999999999993,0.0768,0.0052,,Replicate number and shared-control covariance not resolved; SDs are not SEs.,nongraph,-0.0018154382705689032,5848c205ff64ecf8,-0.15871543827056883
61808a59ae1e72f6,cmAPP:1945,cmAPP:1990,US20220002724A1|Table18|Neuro2A cell line|1.0nM|24h,4683b2d184b687a0,-0.022299999999999986,0.0379,0.0414,,Replicate number and shared-control covariance not resolved; SDs are not SEs.,nongraph,-0.0005230506261189038,17103b04fab21cdc,0.021776949373881083
4aba9407294ef0a7,cmAPP:1956,cmAPP:2002,US20220002724A1|Table18|Neuro2A cell line|1.0nM|24h,e8641df94cf5d311,0.011099999999999999,0.045,0.0151,,Replicate number and shared-control covariance not resolved; SDs are not SEs.,nongraph,0.009339272975921742,2c34ab854a6ad95b,-0.0017607270240782569
aae93bc901d599ee,cmAPP:1948,cmAPP:1993,US20220002724A1|Table18|Neuro2A cell line|1.0nM|24h,a7b957bcca2f20cf,0.015799999999999925,0.0304,0.06,,Replicate number and shared-control covariance not resolved; SDs are not SEs.,nongraph,0.008835196495056097,17103b04fab21cdc,-0.006964803504943828
f77d454e0640bee9,cmAPP:1986,cmAPP:2031,US20220002724A1|Table18|Neuro2A cell line|1.0nM|24h,cf253444cfae0542,-0.25849999999999995,0.027200000000000002,0.0181,,Replicate number and shared-control covariance not resolved; SDs are not SEs.,nongraph,-0.009154548247655159,28639edc531a2e1a,0.2493454517523448
29266f87dbea9446,cmAPP:1972,cmAPP:2017,US20220002724A1|Table18|Neuro2A cell line|1.0nM|24h,f158caa9d2d33d64,-0.011599999999999944,0.0276,0.037200000000000004,,Replicate number and shared-control covariance not resolved; SDs are not SEs.,nongraph,-0.0023815731207530444,2c34ab854a6ad95b,0.0092184268792469
4c96170b7a5e6348,cmAPP:1971,cmAPP:2016,US20220002724A1|Table18|Neuro2A cell line|1.0nM|24h,28e3362d3f9b2da2,-0.11339999999999983,0.0482,0.0404,,Replicate number and shared-control covariance not resolved; SDs are not SEs.,nongraph,0.004107842842737797,28639edc531a2e1a,0.11750784284273763
0ef70c3bf1ed6748,cmAPP:1984,cmAPP:2029,US20220002724A1|Table18|Neuro2A cell line|1.0nM|24h,99751c2cb3cfdf23,-0.07260000000000011,0.0481,0.08990000000000001,,Replicate number and shared-control covariance not resolved; SDs are not SEs.,nongraph,0.009285281101862608,28639edc531a2e1a,0.08188528110186272
349eec1ddda15478,cmAPP:1982,cmAPP:2027,US20220002724A1|Table18|Neuro2A cell line|1.0nM|24h,485d856ba812fc3a,-0.36660000000000004,0.127,0.09949999999999999,,Replicate number and shared-control covariance not resolved; SDs are not SEs.,nongraph,0.011689901351928711,72478f51d38ee208,0.37828990135192875
c516136711beb154,cmAPP:1981,cmAPP:2022,US20220002724A1|Table18|Neuro2A cell line|1.0nM|24h,f8e112462608f680,-0.43430000000000013,0.0325,0.1017,,Replicate number and shared-control covariance not resolved; SDs are not SEs.,nongraph,0.007204890251159557,5848c205ff64ecf8,0.4415048902511597
becdd89127e663db,cmAPP:1977,cmAPP:2026,US20220002724A1|Table18|Neuro2A cell line|1.0nM|24h,fc5b0d0c97a6e528,-0.5430999999999999,0.047599999999999996,0.062400000000000004,,Replicate number and shared-control covariance not resolved; SDs are not SEs.,nongraph,0.0002692540486654016,8a110cbb1ec4bb37,0.5433692540486653
eb05d8fd23cb21a3,cmAPP:1860,cmAPP:1905,US20220002724A1|Table18|Neuro2A cell line|10.0nM|24h,0776c55821f47af8,-0.10529999999999995,0.0024,0.021,,Replicate number and shared-control covariance not resolved; SDs are not SEs.,nongraph,0.007530609766642271,151435cc8a45853a,0.11283060976664222
db6359943b17ecc7,cmAPP:1865,cmAPP:1911,US20220002724A1|Table18|Neuro2A cell line|10.0nM|24h,3e9731dfbff94adf,-0.019300000000000095,0.0095,0.0076,,Replicate number and shared-control covariance not resolved; SDs are not SEs.,nongraph,0.0032075146834054935,2c34ab854a6ad95b,0.02250751468340559
4e91bc478f4a4aaa,cmAPP:1863,cmAPP:1908,US20220002724A1|Table18|Neuro2A cell line|10.0nM|24h,eb357f6ecf50b6e8,-0.006599999999999939,0.0008,0.0070999999999999995,,Replicate number and shared-control covariance not resolved; SDs are not SEs.,nongraph,0.002663453420003292,151435cc8a45853a,0.009263453420003231
aa3134d53203d34e,cmAPP:1895,cmAPP:1940,US20220002724A1|Table18|Neuro2A cell line|10.0nM|24h,fade1d64d4e768d6,-0.028799999999999937,0.0143,0.052199999999999996,,Replicate number and shared-control covariance not resolved; SDs are not SEs.,nongraph,0.0068757633368174975,28639edc531a2e1a,0.035675763336817434
ffc888cf36b05bc2,cmAPP:1898,cmAPP:1943,US20220002724A1|Table18|Neuro2A cell line|10.0nM|24h,f6ee2f45d0df4f59,-0.1835,0.0184,0.0542,,Replicate number and shared-control covariance not resolved; SDs are not SEs.,nongraph,0.0061772068341574005,5848c205ff64ecf8,0.1896772068341574
5c37a4bb04018995,cmAPP:1867,cmAPP:1910,US20220002724A1|Table18|Neuro2A cell line|10.0nM|24h,3e6cac1d7a027cc7,-0.276,0.0181,0.1264,,Replicate number and shared-control covariance not resolved; SDs are not SEs.,nongraph,0.0016771256923675537,9fea29da568e9bc1,0.2776771256923676
dd6c1c7202e5a255,cmAPP:1861,cmAPP:1906,US20220002724A1|Table18|Neuro2A cell line|10.0nM|24h,45af11f0ecbd8a55,-0.012000000000000122,0.0007000000000000001,0.0051,,Replicate number and shared-control covariance not resolved; SDs are not SEs.,nongraph,0.008947064479192135,1212da56aac7a198,0.020947064479192257
db76931262b18262,cmAPP:1877,cmAPP:1922,US20220002724A1|Table18|Neuro2A cell line|10.0nM|24h,74fc9298d8663f62,-0.022599999999999842,0.0347,0.0526,,Replicate number and shared-control covariance not resolved; SDs are not SEs.,nongraph,0.0031043291091918945,2c34ab854a6ad95b,0.025704329109191737
fb01500214324543,cmAPP:1885,cmAPP:1934,US20220002724A1|Table18|Neuro2A cell line|10.0nM|24h,5a42a7b5778aafe4,-0.0014000000000000679,0.0278,0.0077,,Replicate number and shared-control covariance not resolved; SDs are not SEs.,nongraph,0.0011526048183441162,28639edc531a2e1a,0.002552604818344184
edbdac59a2065c45,cmAPP:1871,cmAPP:1916,US20220002724A1|Table18|Neuro2A cell line|10.0nM|24h,a50d407955561c5c,-0.011399999999999966,0.0015,0.012199999999999999,,Replicate number and shared-control covariance not resolved; SDs are not SEs.,nongraph,0.005442122618357359,1212da56aac7a198,0.016842122618357325
bdc3962cc20e139b,cmAPP:1893,cmAPP:1938,US20220002724A1|Table18|Neuro2A cell line|10.0nM|24h,85329346f986aa0e,-0.2084999999999999,0.020499999999999997,0.0317,,Replicate number and shared-control covariance not resolved; SDs are not SEs.,nongraph,0.0017800231774648956,10c405d304cc4e37,0.2102800231774648
a40c86511b365ffd,cmAPP:1889,cmAPP:1930,US20220002724A1|Table18|Neuro2A cell line|10.0nM|24h,820566fd78cb47f2,-0.26639999999999997,0.0363,0.12179999999999999,,Replicate number and shared-control covariance not resolved; SDs are not SEs.,nongraph,0.0015481313069661273,1c10d86ec1a802f4,0.2679481313069661
c748ab46e40eb3c6,cmAPP:1874,cmAPP:1919,US20220002724A1|Table18|Neuro2A cell line|10.0nM|24h,79a2a66f9d75e712,-0.7228,0.0068000000000000005,0.22719999999999999,,Replicate number and shared-control covariance not resolved; SDs are not SEs.,nongraph,0.014257282018661499,9620aee947fd49ea,0.7370572820186615
8462c3a551411df3,cmAPP:1868,cmAPP:1913,US20220002724A1|Table18|Neuro2A cell line|10.0nM|24h,aa8876968f9c4717,-0.24370000000000014,0.0321,0.1251,,Replicate number and shared-control covariance not resolved; SDs are not SEs.,nongraph,0.0033979415893554688,1c10d86ec1a802f4,0.2470979415893556
72fdff714d1fc08e,cmAPP:1897,cmAPP:1942,US20220002724A1|Table18|Neuro2A cell line|10.0nM|24h,2bd44ce61ea23b9f,-0.06989999999999996,0.019,0.037000000000000005,,Replicate number and shared-control covariance not resolved; SDs are not SEs.,nongraph,0.007655074199040712,2c34ab854a6ad95b,0.07755507419904067
5216d53e06ede17c,cmAPP:1890,cmAPP:1931,US20220002724A1|Table18|Neuro2A cell line|10.0nM|24h,b5c37d5063356d65,0.017800000000000038,0.0196,0.001,,Replicate number and shared-control covariance not resolved; SDs are not SEs.,nongraph,-0.0017626086870828894,5848c205ff64ecf8,-0.019562608687082927
1b4f407ebbaeb5b2,cmAPP:1855,cmAPP:1900,US20220002724A1|Table18|Neuro2A cell line|10.0nM|24h,4683b2d184b687a0,-0.04720000000000002,0.0007000000000000001,0.030699999999999998,,Replicate number and shared-control covariance not resolved; SDs are not SEs.,nongraph,0.00017398595809942075,17103b04fab21cdc,0.04737398595809944
a4c4b94f50336897,cmAPP:1866,cmAPP:1912,US20220002724A1|Table18|Neuro2A cell line|10.0nM|24h,e8641df94cf5d311,-0.0341999999999999,0.0053,0.011899999999999999,,Replicate number and shared-control covariance not resolved; SDs are not SEs.,nongraph,0.009339282910029112,2c34ab854a6ad95b,0.04353928291002901
790c224fb15729e8,cmAPP:1858,cmAPP:1903,US20220002724A1|Table18|Neuro2A cell line|10.0nM|24h,a7b957bcca2f20cf,-0.03939999999999999,0.012,0.013999999999999999,,Replicate number and shared-control covariance not resolved; SDs are not SEs.,nongraph,0.010017255942026793,17103b04fab21cdc,0.04941725594202678
8cfd4f27b028eb77,cmAPP:1896,cmAPP:1941,US20220002724A1|Table18|Neuro2A cell line|10.0nM|24h,cf253444cfae0542,-0.242,0.0068000000000000005,0.0691,,Replicate number and shared-control covariance not resolved; SDs are not SEs.,nongraph,-0.008036037286122566,28639edc531a2e1a,0.23396396271387743
46898ba7d044be9b,cmAPP:1882,cmAPP:1927,US20220002724A1|Table18|Neuro2A cell line|10.0nM|24h,f158caa9d2d33d64,0.0007000000000000339,0.0242,0.0287,,Replicate number and shared-control covariance not resolved; SDs are not SEs.,nongraph,-0.00226118167241407,2c34ab854a6ad95b,-0.002961181672414104
9b2d1052c5390363,cmAPP:1881,cmAPP:1926,US20220002724A1|Table18|Neuro2A cell line|10.0nM|24h,28e3362d3f9b2da2,-0.018500000000000072,0.0043,0.0105,,Replicate number and shared-control covariance not resolved; SDs are not SEs.,nongraph,0.004496296246846498,28639edc531a2e1a,0.02299629624684657
3cf75a1628ce2443,cmAPP:1894,cmAPP:1939,US20220002724A1|Table18|Neuro2A cell line|10.0nM|24h,99751c2cb3cfdf23,-0.07340000000000002,0.0017000000000000001,0.0179,,Replicate number and shared-control covariance not resolved; SDs are not SEs.,nongraph,0.010074853897094671,28639edc531a2e1a,0.08347485389709469
78964639effd56c0,cmAPP:1892,cmAPP:1937,US20220002724A1|Table18|Neuro2A cell line|10.0nM|24h,485d856ba812fc3a,-0.33120000000000005,0.046799999999999994,0.11320000000000001,,Replicate number and shared-control covariance not resolved; SDs are not SEs.,nongraph,0.013289670149485289,72478f51d38ee208,0.34448967014948534
d1d883357891e048,cmAPP:1891,cmAPP:1932,US20220002724A1|Table18|Neuro2A cell line|10.0nM|24h,f8e112462608f680,-0.3360000000000001,0.0024,0.1892,,Replicate number and shared-control covariance not resolved; SDs are not SEs.,nongraph,0.007684051990509144,5848c205ff64ecf8,0.3436840519905092
6e2a61766f596436,cmAPP:1887,cmAPP:1936,US20220002724A1|Table18|Neuro2A cell line|10.0nM|24h,fc5b0d0c97a6e528,-0.4691000000000001,0.0074,0.055099999999999996,,Replicate number and shared-control covariance not resolved; SDs are not SEs.,nongraph,0.0015518267949422015,8a110cbb1ec4bb37,0.4706518267949423
93389904f33e7718,cmAPP:1770,cmAPP:1815,US20220002724A1|Table17|Be(2)C cell line|0.1nM|24h,0776c55821f47af8,-1.6145,0.0704,0.13849999999999998,,Replicate number and shared-control covariance not resolved; SDs are not SEs.,token_cnn,0.0075111488501230506,151435cc8a45853a,1.622011148850123
e24b7d2aa22bb55c,cmAPP:1775,cmAPP:1821,US20220002724A1|Table17|Be(2)C cell line|0.1nM|24h,3e9731dfbff94adf,-0.9341,0.0596,0.3439,,Replicate number and shared-control covariance not resolved; SDs are not SEs.,token_cnn,0.0037805338700612756,2c34ab854a6ad95b,0.9378805338700613
c5b8e137a303cb45,cmAPP:1773,cmAPP:1818,US20220002724A1|Table17|Be(2)C cell line|0.1nM|24h,eb357f6ecf50b6e8,-0.021100000000000008,0.0848,0.1288,,Replicate number and shared-control covariance not resolved; SDs are not SEs.,token_cnn,0.006695826848348019,151435cc8a45853a,0.027795826848348026
5b10002dc6e9b311,cmAPP:1805,cmAPP:1850,US20220002724A1|Table17|Be(2)C cell line|0.1nM|24h,fade1d64d4e768d6,0.3319,0.2754,0.0858,,Replicate number and shared-control covariance not resolved; SDs are not SEs.,token_cnn,0.00909273823102319,28639edc531a2e1a,-0.3228072617689768
34a0cf77853c520f,cmAPP:1808,cmAPP:1853,US20220002724A1|Table17|Be(2)C cell line|0.1nM|24h,f6ee2f45d0df4f59,0.5641999999999998,0.4637,0.4285,,Replicate number and shared-control covariance not resolved; SDs are not SEs.,token_cnn,0.010562519232431955,5848c205ff64ecf8,-0.5536374807675679
53bd4571937b65d8,cmAPP:1777,cmAPP:1820,US20220002724A1|Table17|Be(2)C cell line|0.1nM|24h,3e6cac1d7a027cc7,-1.8657,0.1051,0.4839,,Replicate number and shared-control covariance not resolved; SDs are not SEs.,token_cnn,0.007841636737187685,9fea29da568e9bc1,1.8735416367371875
c8e8c0b442f5a1a1,cmAPP:1771,cmAPP:1816,US20220002724A1|Table17|Be(2)C cell line|0.1nM|24h,45af11f0ecbd8a55,-0.8776,0.047599999999999996,0.087,,Replicate number and shared-control covariance not resolved; SDs are not SEs.,token_cnn,0.0064982573191325055,1212da56aac7a198,0.8840982573191325
ac1b30806815ea4e,cmAPP:1787,cmAPP:1832,US20220002724A1|Table17|Be(2)C cell line|0.1nM|24h,74fc9298d8663f62,-0.8095999999999999,0.1321,0.4403,,Replicate number and shared-control covariance not resolved; SDs are not SEs.,token_cnn,0.007784664630889893,2c34ab854a6ad95b,0.8173846646308898
8aa63b5c3ecd924d,cmAPP:1795,cmAPP:1844,US20220002724A1|Table17|Be(2)C cell line|0.1nM|24h,5a42a7b5778aafe4,-0.5152,0.2846,0.19870000000000002,,Replicate number and shared-control covariance not resolved; SDs are not SEs.,token_cnn,0.005564063787460272,28639edc531a2e1a,0.5207640637874602
d3de99befe559e4d,cmAPP:1781,cmAPP:1826,US20220002724A1|Table17|Be(2)C cell line|0.1nM|24h,a50d407955561c5c,-0.22190000000000004,0.1041,0.2195,,Replicate number and shared-control covariance not resolved; SDs are not SEs.,token_cnn,0.0061151882012684955,1212da56aac7a198,0.22801518820126854
7145b489500dbd80,cmAPP:1803,cmAPP:1848,US20220002724A1|Table17|Be(2)C cell line|0.1nM|24h,85329346f986aa0e,-0.8083999999999999,0.061200000000000004,0.2516,,Replicate number and shared-control covariance not resolved; SDs are not SEs.,token_cnn,0.003606428702672304,10c405d304cc4e37,0.8120064287026723
05b4895f7bcd4c42,cmAPP:1799,cmAPP:1840,US20220002724A1|Table17|Be(2)C cell line|0.1nM|24h,820566fd78cb47f2,0.3812,0.0344,0.2104,,Replicate number and shared-control covariance not resolved; SDs are not SEs.,token_cnn,0.007533599932988522,1c10d86ec1a802f4,-0.37366640006701146
b6967a59b842adff,cmAPP:1784,cmAPP:1829,US20220002724A1|Table17|Be(2)C cell line|0.1nM|24h,79a2a66f9d75e712,-2.8806,0.11789999999999999,0.5047999999999999,,Replicate number and shared-control covariance not resolved; SDs are not SEs.,token_cnn,0.01023887594540912,9620aee947fd49ea,2.890838875945409
059e26913d78b631,cmAPP:1778,cmAPP:1823,US20220002724A1|Table17|Be(2)C cell line|0.1nM|24h,aa8876968f9c4717,-1.8751,0.1424,0.1273,,Replicate number and shared-control covariance not resolved; SDs are not SEs.,token_cnn,0.006387044986088997,1c10d86ec1a802f4,1.881487044986089
6ca5840cef4726ff,cmAPP:1807,cmAPP:1852,US20220002724A1|Table17|Be(2)C cell line|0.1nM|24h,2bd44ce61ea23b9f,0.17810000000000004,0.1475,0.1971,,Replicate number and shared-control covariance not resolved; SDs are not SEs.,token_cnn,0.009479254484176747,2c34ab854a6ad95b,-0.1686207455158233
327843b402480d74,cmAPP:1800,cmAPP:1841,US20220002724A1|Table17|Be(2)C cell line|0.1nM|24h,b5c37d5063356d65,0.5433,0.4465,0.1478,,Replicate number and shared-control covariance not resolved; SDs are not SEs.,token_cnn,0.005026350418726622,5848c205ff64ecf8,-0.5382736495812734
1d5a6a30d03d4ace,cmAPP:1765,cmAPP:1810,US20220002724A1|Table17|Be(2)C cell line|0.1nM|24h,4683b2d184b687a0,-0.4945,0.12050000000000001,0.1419,,Replicate number and shared-control covariance not resolved; SDs are not SEs.,token_cnn,0.00596541166305542,17103b04fab21cdc,0.5004654116630554
a1cbdd76747c5064,cmAPP:1776,cmAPP:1822,US20220002724A1|Table17|Be(2)C cell line|0.1nM|24h,e8641df94cf5d311,-0.6519000000000001,0.0775,0.17120000000000002,,Replicate number and shared-control covariance not resolved; SDs are not SEs.,token_cnn,0.00980018575986219,2c34ab854a6ad95b,0.6617001857598623
4490c940bfdaa814,cmAPP:1768,cmAPP:1813,US20220002724A1|Table17|Be(2)C cell line|0.1nM|24h,a7b957bcca2f20cf,-0.935,0.1338,0.09609999999999999,,Replicate number and shared-control covariance not resolved; SDs are not SEs.,token_cnn,0.008343845605850164,17103b04fab21cdc,0.9433438456058503
382a0a377b849c67,cmAPP:1806,cmAPP:1851,US20220002724A1|Table17|Be(2)C cell line|0.1nM|24h,cf253444cfae0542,0.2361,0.3618,0.3897,,Replicate number and shared-control covariance not resolved; SDs are not SEs.,token_cnn,0.006024728218714415,28639edc531a2e1a,-0.2300752717812856
50548dbd9fb26ec9,cmAPP:1792,cmAPP:1837,US20220002724A1|Table17|Be(2)C cell line|0.1nM|24h,f158caa9d2d33d64,-0.3258999999999999,0.3096,0.0693,,Replicate number and shared-control covariance not resolved; SDs are not SEs.,token_cnn,0.005918582280477036,2c34ab854a6ad95b,0.33181858228047695
b5c2328a2c4ba021,cmAPP:1791,cmAPP:1836,US20220002724A1|Table17|Be(2)C cell line|0.1nM|24h,28e3362d3f9b2da2,-1.0455,0.030600000000000002,0.2801,,Replicate number and shared-control covariance not resolved; SDs are not SEs.,token_cnn,0.007337262233098385,28639edc531a2e1a,1.0528372622330986
086646f70e89b7e8,cmAPP:1804,cmAPP:1849,US20220002724A1|Table17|Be(2)C cell line|0.1nM|24h,99751c2cb3cfdf23,-0.6019,0.1164,0.5791,,Replicate number and shared-control covariance not resolved; SDs are not SEs.,token_cnn,0.007905334234237726,28639edc531a2e1a,0.6098053342342378
dbf5b6e05f2fd199,cmAPP:1802,cmAPP:1847,US20220002724A1|Table17|Be(2)C cell line|0.1nM|24h,485d856ba812fc3a,-0.8087999999999997,0.5171,0.0882,,Replicate number and shared-control covariance not resolved; SDs are not SEs.,token_cnn,0.007548213005065918,72478f51d38ee208,0.8163482130050657
ae0b1f16d5b39dea,cmAPP:1801,cmAPP:1842,US20220002724A1|Table17|Be(2)C cell line|0.1nM|24h,f8e112462608f680,0.43200000000000005,0.13390000000000002,0.1041,,Replicate number and shared-control covariance not resolved; SDs are not SEs.,token_cnn,0.0062319934368133545,5848c205ff64ecf8,-0.4257680065631867
dff31405206d397b,cmAPP:1797,cmAPP:1846,US20220002724A1|Table17|Be(2)C cell line|0.1nM|24h,fc5b0d0c97a6e528,-1.5217999999999998,0.1784,0.1663,,Replicate number and shared-control covariance not resolved; SDs are not SEs.,token_cnn,0.00640001893043507,8a110cbb1ec4bb37,1.528200018930435
66ba2338161aed27,cmAPP:1680,cmAPP:1725,US20220002724A1|Table17|Be(2)C cell line|1.0nM|24h,0776c55821f47af8,-0.12819999999999987,0.026000000000000002,0.013500000000000002,,Replicate number and shared-control covariance not resolved; SDs are not SEs.,token_cnn,0.0075196127096812115,151435cc8a45853a,0.13571961270968108
a85eb0b11202f59e,cmAPP:1685,cmAPP:1731,US20220002724A1|Table17|Be(2)C cell line|1.0nM|24h,3e9731dfbff94adf,-0.07189999999999996,0.0286,0.0496,,Replicate number and shared-control covariance not resolved; SDs are not SEs.,token_cnn,0.003812690575917599,2c34ab854a6ad95b,0.07571269057591756
c09f8ea736c8479d,cmAPP:1683,cmAPP:1728,US20220002724A1|Table17|Be(2)C cell line|1.0nM|24h,eb357f6ecf50b6e8,-0.014399999999999968,0.0364,0.0256,,Replicate number and shared-control covariance not resolved; SDs are not SEs.,token_cnn,0.00650577743848163,151435cc8a45853a,0.0209057774384816
0ee5a5f6520a7c7a,cmAPP:1715,cmAPP:1760,US20220002724A1|Table17|Be(2)C cell line|1.0nM|24h,fade1d64d4e768d6,-0.17490000000000006,0.0608,0.1155,,Replicate number and shared-control covariance not resolved; SDs are not SEs.,token_cnn,0.009012927611668886,28639edc531a2e1a,0.18391292761166894
e52464c3fde0c9de,cmAPP:1718,cmAPP:1763,US20220002724A1|Table17|Be(2)C cell line|1.0nM|24h,f6ee2f45d0df4f59,-0.361,0.0562,0.1673,,Replicate number and shared-control covariance not resolved; SDs are not SEs.,token_cnn,0.010440597931543893,5848c205ff64ecf8,0.3714405979315439
2f48d456f6284b36,cmAPP:1687,cmAPP:1730,US20220002724A1|Table17|Be(2)C cell line|1.0nM|24h,3e6cac1d7a027cc7,-0.3121,0.0704,0.0848,,Replicate number and shared-control covariance not resolved; SDs are not SEs.,token_cnn,0.00756499171257019,9fea29da568e9bc1,0.3196649917125702
5b8cb0fffb026635,cmAPP:1681,cmAPP:1726,US20220002724A1|Table17|Be(2)C cell line|1.0nM|24h,45af11f0ecbd8a55,0.011099999999999999,0.008,0.0649,,Replicate number and shared-control covariance not resolved; SDs are not SEs.,token_cnn,0.006498247385025024,1212da56aac7a198,-0.004601752614974974
63008ff058569c96,cmAPP:1697,cmAPP:1742,US20220002724A1|Table17|Be(2)C cell line|1.0nM|24h,74fc9298d8663f62,0.005700000000000149,0.06269999999999999,0.1005,,Replicate number and shared-control covariance not resolved; SDs are not SEs.,token_cnn,0.007811605930328425,2c34ab854a6ad95b,0.0021116059303282753
97a210f808788925,cmAPP:1705,cmAPP:1754,US20220002724A1|Table17|Be(2)C cell line|1.0nM|24h,5a42a7b5778aafe4,-0.03459999999999985,0.0934,0.13369999999999999,,Replicate number and shared-control covariance not resolved; SDs are not SEs.,token_cnn,0.005381484826405769,28639edc531a2e1a,0.03998148482640562
9f45bd9c2c0e94ba,cmAPP:1691,cmAPP:1736,US20220002724A1|Table17|Be(2)C cell line|1.0nM|24h,a50d407955561c5c,-0.1439999999999999,0.10619999999999999,0.07780000000000001,,Replicate number and shared-control covariance not resolved; SDs are not SEs.,token_cnn,0.006115158398946108,1212da56aac7a198,0.150115158398946
c6b1006bae31a2f4,cmAPP:1713,cmAPP:1758,US20220002724A1|Table17|Be(2)C cell line|1.0nM|24h,85329346f986aa0e,-0.21630000000000005,0.0141,0.059000000000000004,,Replicate number and shared-control covariance not resolved; SDs are not SEs.,token_cnn,0.0036445856094360907,10c405d304cc4e37,0.21994458560943614
f98feef4cdda1f7a,cmAPP:1709,cmAPP:1750,US20220002724A1|Table17|Be(2)C cell line|1.0nM|24h,820566fd78cb47f2,0.5236000000000001,0.2509,0.2433,,Replicate number and shared-control covariance not resolved; SDs are not SEs.,token_cnn,0.0075598458449046,1c10d86ec1a802f4,-0.5160401541550954
7a921af808b2dfa6,cmAPP:1694,cmAPP:1739,US20220002724A1|Table17|Be(2)C cell line|1.0nM|24h,79a2a66f9d75e712,-0.5276000000000001,0.0654,0.09939999999999999,,Replicate number and shared-control covariance not resolved; SDs are not SEs.,token_cnn,0.01005005836486822,9620aee947fd49ea,0.5376500583648682
eb09d956be8bc0bd,cmAPP:1688,cmAPP:1733,US20220002724A1|Table17|Be(2)C cell line|1.0nM|24h,aa8876968f9c4717,0.14549999999999996,0.2898,0.028399999999999998,,Replicate number and shared-control covariance not resolved; SDs are not SEs.,token_cnn,0.006262570619583074,1c10d86ec1a802f4,-0.1392374293804169
a15328e82188e58f,cmAPP:1717,cmAPP:1762,US20220002724A1|Table17|Be(2)C cell line|1.0nM|24h,2bd44ce61ea23b9f,-0.13879999999999992,0.0291,0.0843,,Replicate number and shared-control covariance not resolved; SDs are not SEs.,token_cnn,0.009509573380152347,2c34ab854a6ad95b,0.14830957338015227
c118eab8e379718c,cmAPP:1710,cmAPP:1751,US20220002724A1|Table17|Be(2)C cell line|1.0nM|24h,b5c37d5063356d65,0.2778999999999999,0.0418,0.0371,,Replicate number and shared-control covariance not resolved; SDs are not SEs.,token_cnn,0.005045423905054691,5848c205ff64ecf8,-0.27285457609494523
bb68ab734a60ad5c,cmAPP:1675,cmAPP:1720,US20220002724A1|Table17|Be(2)C cell line|1.0nM|24h,4683b2d184b687a0,0.022400000000000087,0.0253,0.006999999999999999,,Replicate number and shared-control covariance not resolved; SDs are not SEs.,token_cnn,0.005965451399485344,17103b04fab21cdc,-0.016434548600514742
70da5f6f47632dfe,cmAPP:1686,cmAPP:1732,US20220002724A1|Table17|Be(2)C cell line|1.0nM|24h,e8641df94cf5d311,0.015100000000000113,0.049100000000000005,0.027000000000000003,,Replicate number and shared-control covariance not resolved; SDs are not SEs.,token_cnn,0.009800175825754764,2c34ab854a6ad95b,-0.005299824174245349
0d965a5abd1a268c,cmAPP:1678,cmAPP:1723,US20220002724A1|Table17|Be(2)C cell line|1.0nM|24h,a7b957bcca2f20cf,-0.05410000000000015,0.023799999999999998,0.057699999999999994,,Replicate number and shared-control covariance not resolved; SDs are not SEs.,token_cnn,0.008365323146184267,17103b04fab21cdc,0.062465323146184415
b994b3eb1c0af55d,cmAPP:1716,cmAPP:1761,US20220002724A1|Table17|Be(2)C cell line|1.0nM|24h,cf253444cfae0542,-0.4706,0.0717,0.13419999999999999,,Replicate number and shared-control covariance not resolved; SDs are not SEs.,token_cnn,0.006024738152821785,28639edc531a2e1a,0.4766247381528218
fd3f38efafcec3ac,cmAPP:1702,cmAPP:1747,US20220002724A1|Table17|Be(2)C cell line|1.0nM|24h,f158caa9d2d33d64,-0.03489999999999993,0.0555,0.046,,Replicate number and shared-control covariance not resolved; SDs are not SEs.,token_cnn,0.00587491194407147,2c34ab854a6ad95b,0.0407749119440714
45289904b26c1459,cmAPP:1701,cmAPP:1746,US20220002724A1|Table17|Be(2)C cell line|1.0nM|24h,28e3362d3f9b2da2,-0.29069999999999996,0.01,0.1063,,Replicate number and shared-control covariance not resolved; SDs are not SEs.,token_cnn,0.007326811552047785,28639edc531a2e1a,0.29802681155204774
f762503ebcc65c82,cmAPP:1714,cmAPP:1759,US20220002724A1|Table17|Be(2)C cell line|1.0nM|24h,99751c2cb3cfdf23,-0.08540000000000003,0.0706,0.081,,Replicate number and shared-control covariance not resolved; SDs are not SEs.,token_cnn,0.007905304431915339,28639edc531a2e1a,0.09330530443191537
d26bc154c6f7f7ab,cmAPP:1712,cmAPP:1757,US20220002724A1|Table17|Be(2)C cell line|1.0nM|24h,485d856ba812fc3a,-0.36310000000000003,0.0767,0.16260000000000002,,Replicate number and shared-control covariance not resolved; SDs are not SEs.,token_cnn,0.00757205486297613,72478f51d38ee208,0.37067205486297616
62cb9585f226cf4c,cmAPP:1711,cmAPP:1752,US20220002724A1|Table17|Be(2)C cell line|1.0nM|24h,f8e112462608f680,-0.5549,0.009399999999999999,0.0779,,Replicate number and shared-control covariance not resolved; SDs are not SEs.,token_cnn,0.006059249242146847,5848c205ff64ecf8,0.5609592492421468
e7cdd445b47734ce,cmAPP:1707,cmAPP:1756,US20220002724A1|Table17|Be(2)C cell line|1.0nM|24h,fc5b0d0c97a6e528,-0.3610000000000001,0.0946,0.1015,,Replicate number and shared-control covariance not resolved; SDs are not SEs.,token_cnn,0.006398618221282848,8a110cbb1ec4bb37,0.36739861822128295
0eed2d75f2cde72d,cmAPP:1590,cmAPP:1635,US20220002724A1|Table17|Be(2)C cell line|10.0nM|24h,0776c55821f47af8,-0.40340000000000004,0.0241,0.029500000000000002,,Replicate number and shared-control covariance not resolved; SDs are not SEs.,token_cnn,0.007063647111256899,151435cc8a45853a,0.41046364711125694
1a6c9baac85f3629,cmAPP:1595,cmAPP:1641,US20220002724A1|Table17|Be(2)C cell line|10.0nM|24h,3e9731dfbff94adf,-0.20189999999999997,0.0129,0.0771,,Replicate number and shared-control covariance not resolved; SDs are not SEs.,token_cnn,0.0037292838096619207,2c34ab854a6ad95b,0.2056292838096619
76e24e5164a31a01,cmAPP:1593,cmAPP:1638,US20220002724A1|Table17|Be(2)C cell line|10.0nM|24h,eb357f6ecf50b6e8,-0.21689999999999998,0.028399999999999998,0.0443,,Replicate number and shared-control covariance not resolved; SDs are not SEs.,token_cnn,0.006424099206924383,151435cc8a45853a,0.22332409920692436
e284e40848b79caf,cmAPP:1625,cmAPP:1670,US20220002724A1|Table17|Be(2)C cell line|10.0nM|24h,fade1d64d4e768d6,0.14149999999999996,0.0601,0.052000000000000005,,Replicate number and shared-control covariance not resolved; SDs are not SEs.,token_cnn,0.008743176857630375,28639edc531a2e1a,-0.13275682314236958
9bf5f3d125221e4c,cmAPP:1628,cmAPP:1673,US20220002724A1|Table17|Be(2)C cell line|10.0nM|24h,f6ee2f45d0df4f59,0.1386,0.1333,0.0969,,Replicate number and shared-control covariance not resolved; SDs are not SEs.,token_cnn,0.009991367657979311,5848c205ff64ecf8,-0.1286086323420207
db264d54acc9cc94,cmAPP:1597,cmAPP:1640,US20220002724A1|Table17|Be(2)C cell line|10.0nM|24h,3e6cac1d7a027cc7,-0.79,0.0475,0.1617,,Replicate number and shared-control covariance not resolved; SDs are not SEs.,token_cnn,0.007400254408518436,9fea29da568e9bc1,0.7974002544085185
421212f430fb6217,cmAPP:1591,cmAPP:1636,US20220002724A1|Table17|Be(2)C cell line|10.0nM|24h,45af11f0ecbd8a55,-0.04060000000000008,0.024,0.0765,,Replicate number and shared-control covariance not resolved; SDs are not SEs.,token_cnn,0.006309201320012392,1212da56aac7a198,0.04690920132001247
7ad1ff1601478950,cmAPP:1607,cmAPP:1652,US20220002724A1|Table17|Be(2)C cell line|10.0nM|24h,74fc9298d8663f62,0.0006999999999999229,0.0691,0.026099999999999998,,Replicate number and shared-control covariance not resolved; SDs are not SEs.,token_cnn,0.007728844881057684,2c34ab854a6ad95b,0.007028844881057761
600169b9f0f80551,cmAPP:1615,cmAPP:1664,US20220002724A1|Table17|Be(2)C cell line|10.0nM|24h,5a42a7b5778aafe4,0.02199999999999991,0.07150000000000001,0.0554,,Replicate number and shared-control covariance not resolved; SDs are not SEs.,token_cnn,0.005316227674484253,28639edc531a2e1a,-0.016683772325515656
409122d11d642bec,cmAPP:1601,cmAPP:1646,US20220002724A1|Table17|Be(2)C cell line|10.0nM|24h,a50d407955561c5c,-0.45020000000000004,0.0212,0.3306,,Replicate number and shared-control covariance not resolved; SDs are not SEs.,token_cnn,0.006044586499532101,1212da56aac7a198,0.45624458649953215
c465d631789b7798,cmAPP:1623,cmAPP:1668,US20220002724A1|Table17|Be(2)C cell line|10.0nM|24h,85329346f986aa0e,-0.05489999999999995,0.0616,0.0323,,Replicate number and shared-control covariance not resolved; SDs are not SEs.,token_cnn,0.003596266110738211,10c405d304cc4e37,0.05849626611073816
dd70d7ef8a4c9374,cmAPP:1619,cmAPP:1660,US20220002724A1|Table17|Be(2)C cell line|10.0nM|24h,820566fd78cb47f2,2.0336,0.2964,0.10300000000000001,,Replicate number and shared-control covariance not resolved; SDs are not SEs.,token_cnn,0.007265925407409668,1c10d86ec1a802f4,-2.02633407459259
d69a2449a6634854,cmAPP:1604,cmAPP:1649,US20220002724A1|Table17|Be(2)C cell line|10.0nM|24h,79a2a66f9d75e712,-1.4533999999999998,0.061399999999999996,0.5695,,Replicate number and shared-control covariance not resolved; SDs are not SEs.,token_cnn,0.009992480278015137,9620aee947fd49ea,1.463392480278015
e9d357b8d3d85a4e,cmAPP:1598,cmAPP:1643,US20220002724A1|Table17|Be(2)C cell line|10.0nM|24h,aa8876968f9c4717,-0.10759999999999997,0.0746,0.0934,,Replicate number and shared-control covariance not resolved; SDs are not SEs.,token_cnn,0.006184498469034905,1c10d86ec1a802f4,0.11378449846903488
f3e88314b57e616d,cmAPP:1627,cmAPP:1672,US20220002724A1|Table17|Be(2)C cell line|10.0nM|24h,2bd44ce61ea23b9f,0.1450999999999999,0.075,0.0417,,Replicate number and shared-control covariance not resolved; SDs are not SEs.,token_cnn,0.0091517368952434,2c34ab854a6ad95b,-0.1359482631047565
450bf38c165fbd1a,cmAPP:1620,cmAPP:1661,US20220002724A1|Table17|Be(2)C cell line|10.0nM|24h,b5c37d5063356d65,0.23629999999999995,0.0346,0.0215,,Replicate number and shared-control covariance not resolved; SDs are not SEs.,token_cnn,0.00501223405202228,5848c205ff64ecf8,-0.23128776594797767
d2d72d8278e8ff2f,cmAPP:1585,cmAPP:1630,US20220002724A1|Table17|Be(2)C cell line|10.0nM|24h,4683b2d184b687a0,-0.16439999999999988,0.0392,0.0429,,Replicate number and shared-control covariance not resolved; SDs are not SEs.,token_cnn,0.005801945924758911,17103b04fab21cdc,0.1702019459247588
8ab257e2caab32a6,cmAPP:1596,cmAPP:1642,US20220002724A1|Table17|Be(2)C cell line|10.0nM|24h,e8641df94cf5d311,-0.16900000000000015,0.0141,0.028399999999999998,,Replicate number and shared-control covariance not resolved; SDs are not SEs.,token_cnn,0.009100963672002194,2c34ab854a6ad95b,0.17810096367200234
cf3a3e7485b31ba0,cmAPP:1588,cmAPP:1633,US20220002724A1|Table17|Be(2)C cell line|10.0nM|24h,a7b957bcca2f20cf,-0.2547999999999999,0.03,0.09269999999999999,,Replicate number and shared-control covariance not resolved; SDs are not SEs.,token_cnn,0.008042683204015244,17103b04fab21cdc,0.26284268320401516
fca0701bd3bac2f3,cmAPP:1626,cmAPP:1671,US20220002724A1|Table17|Be(2)C cell line|10.0nM|24h,cf253444cfae0542,-0.2828999999999999,0.14429999999999998,0.0999,,Replicate number and shared-control covariance not resolved; SDs are not SEs.,token_cnn,0.005911280711491884,28639edc531a2e1a,0.28881128071149176
134f453b89ce7319,cmAPP:1612,cmAPP:1657,US20220002724A1|Table17|Be(2)C cell line|10.0nM|24h,f158caa9d2d33d64,0.18099999999999994,0.0599,0.0075,,Replicate number and shared-control covariance not resolved; SDs are not SEs.,token_cnn,0.0057578186194102154,2c34ab854a6ad95b,-0.17524218138058972
34038dbdd4553f7d,cmAPP:1611,cmAPP:1656,US20220002724A1|Table17|Be(2)C cell line|10.0nM|24h,28e3362d3f9b2da2,-0.014200000000000101,0.0373,0.048,,Replicate number and shared-control covariance not resolved; SDs are not SEs.,token_cnn,0.0070468087991079065,28639edc531a2e1a,0.021246808799108008
d17517694a996e9b,cmAPP:1624,cmAPP:1669,US20220002724A1|Table17|Be(2)C cell line|10.0nM|24h,99751c2cb3cfdf23,-0.19910000000000005,0.008199999999999999,0.069,,Replicate number and shared-control covariance not resolved; SDs are not SEs.,token_cnn,0.007833898067474254,28639edc531a2e1a,0.2069338980674743
2b34f2d44b307ee1,cmAPP:1622,cmAPP:1667,US20220002724A1|Table17|Be(2)C cell line|10.0nM|24h,485d856ba812fc3a,-0.012800000000000034,0.06,0.1607,,Replicate number and shared-control covariance not resolved; SDs are not SEs.,token_cnn,0.007548083861668886,72478f51d38ee208,0.02034808386166892
58b9f1849445a903,cmAPP:1621,cmAPP:1662,US20220002724A1|Table17|Be(2)C cell line|10.0nM|24h,f8e112462608f680,-0.10060000000000002,0.0401,0.1016,,Replicate number and shared-control covariance not resolved; SDs are not SEs.,token_cnn,0.005936364332834898,5848c205ff64ecf8,0.10653636433283492
a5c36e48fb124d82,cmAPP:1617,cmAPP:1666,US20220002724A1|Table17|Be(2)C cell line|10.0nM|24h,fc5b0d0c97a6e528,-0.45020000000000004,0.1369,0.18719999999999998,,Replicate number and shared-control covariance not resolved; SDs are not SEs.,token_cnn,0.006368319193522098,8a110cbb1ec4bb37,0.45656831919352214
6297178908babdb2,cmAPP:2040,cmAPP:2085,US20220002724A1|Table18|Neuro2A cell line|0.1nM|24h,0776c55821f47af8,-0.28669999999999995,0.0592,0.0308,,Replicate number and shared-control covariance not resolved; SDs are not SEs.,token_cnn,0.007511158784230587,151435cc8a45853a,0.29421115878423054
e07fbd2f23396c88,cmAPP:2045,cmAPP:2091,US20220002724A1|Table18|Neuro2A cell line|0.1nM|24h,3e9731dfbff94adf,-0.11920000000000008,0.0538,0.0915,,Replicate number and shared-control covariance not resolved; SDs are not SEs.,token_cnn,0.003780514001846369,2c34ab854a6ad95b,0.12298051400184645
ea69375d6e637f0b,cmAPP:2043,cmAPP:2088,US20220002724A1|Table18|Neuro2A cell line|0.1nM|24h,eb357f6ecf50b6e8,-0.13270000000000004,0.0908,0.026699999999999998,,Replicate number and shared-control covariance not resolved; SDs are not SEs.,token_cnn,0.006695806980133112,151435cc8a45853a,0.13939580698013315
c805543d26a64bde,cmAPP:2075,cmAPP:2120,US20220002724A1|Table18|Neuro2A cell line|0.1nM|24h,fade1d64d4e768d6,-0.11869999999999992,0.09,0.1231,,Replicate number and shared-control covariance not resolved; SDs are not SEs.,token_cnn,0.00909273823102319,28639edc531a2e1a,0.1277927382310231
f56e1ddec22a1688,cmAPP:2078,cmAPP:2123,US20220002724A1|Table18|Neuro2A cell line|0.1nM|24h,f6ee2f45d0df4f59,-0.21069999999999994,0.0633,0.09269999999999999,,Replicate number and shared-control covariance not resolved; SDs are not SEs.,token_cnn,0.010562539100647028,5848c205ff64ecf8,0.22126253910064697
e4cc745fd18c9923,cmAPP:2047,cmAPP:2090,US20220002724A1|Table18|Neuro2A cell line|0.1nM|24h,3e6cac1d7a027cc7,-0.6328999999999999,0.0196,0.1439,,Replicate number and shared-control covariance not resolved; SDs are not SEs.,token_cnn,0.007841636737187685,9fea29da568e9bc1,0.6407416367371876
fd2a262963837b7f,cmAPP:2041,cmAPP:2086,US20220002724A1|Table18|Neuro2A cell line|0.1nM|24h,45af11f0ecbd8a55,-0.12370000000000003,0.059000000000000004,0.0151,,Replicate number and shared-control covariance not resolved; SDs are not SEs.,token_cnn,0.0064982573191325055,1212da56aac7a198,0.13019825731913254
51c13c0eaed60726,cmAPP:2057,cmAPP:2102,US20220002724A1|Table18|Neuro2A cell line|0.1nM|24h,74fc9298d8663f62,0.14069999999999994,0.0353,0.0542,,Replicate number and shared-control covariance not resolved; SDs are not SEs.,token_cnn,0.0077846546967824115,2c34ab854a6ad95b,-0.13291534530321752
396bdc7f9386d193,cmAPP:2065,cmAPP:2114,US20220002724A1|Table18|Neuro2A cell line|0.1nM|24h,5a42a7b5778aafe4,-0.24690000000000012,0.0611,0.1293,,Replicate number and shared-control covariance not resolved; SDs are not SEs.,token_cnn,0.0055640439192453095,28639edc531a2e1a,0.25246404391924543
fdbf57627003ba04,cmAPP:2051,cmAPP:2096,US20220002724A1|Table18|Neuro2A cell line|0.1nM|24h,a50d407955561c5c,-0.23420000000000007,0.0968,0.0231,,Replicate number and shared-control covariance not resolved; SDs are not SEs.,token_cnn,0.006115198135376032,1212da56aac7a198,0.2403151981353761
676b84ca4669fe18,cmAPP:2073,cmAPP:2118,US20220002724A1|Table18|Neuro2A cell line|0.1nM|24h,85329346f986aa0e,-0.6031,0.086,0.0694,,Replicate number and shared-control covariance not resolved; SDs are not SEs.,token_cnn,0.0036064485708872662,10c405d304cc4e37,0.6067064485708873
594ae7af3b916cd2,cmAPP:2069,cmAPP:2110,US20220002724A1|Table18|Neuro2A cell line|0.1nM|24h,820566fd78cb47f2,-0.14290000000000003,0.1174,0.079,,Replicate number and shared-control covariance not resolved; SDs are not SEs.,token_cnn,0.007533589998880985,1c10d86ec1a802f4,0.150433589998881
bfb561a0d6a8fc27,cmAPP:2054,cmAPP:2099,US20220002724A1|Table18|Neuro2A cell line|0.1nM|24h,79a2a66f9d75e712,-0.4963,0.0258,0.115,,Replicate number and shared-control covariance not resolved; SDs are not SEs.,token_cnn,0.010238856077194214,9620aee947fd49ea,0.5065388560771942
5b2264ddc1a7af6c,cmAPP:2048,cmAPP:2093,US20220002724A1|Table18|Neuro2A cell line|0.1nM|24h,aa8876968f9c4717,-0.2509,0.1604,0.0731,,Replicate number and shared-control covariance not resolved; SDs are not SEs.,token_cnn,0.00638702511787409,1c10d86ec1a802f4,0.2572870251178741
ff45b277fb60624e,cmAPP:2077,cmAPP:2122,US20220002724A1|Table18|Neuro2A cell line|0.1nM|24h,2bd44ce61ea23b9f,-0.1391,0.0673,0.1009,,Replicate number and shared-control covariance not resolved; SDs are not SEs.,token_cnn,0.009479234615961729,2c34ab854a6ad95b,0.14857923461596173
6a678b00b934044e,cmAPP:2070,cmAPP:2111,US20220002724A1|Table18|Neuro2A cell line|0.1nM|24h,b5c37d5063356d65,0.26859999999999995,0.067,0.06269999999999999,,Replicate number and shared-control covariance not resolved; SDs are not SEs.,token_cnn,0.005026350418726622,5848c205ff64ecf8,-0.26357364958127333
d52d528f0aa9bd30,cmAPP:2035,cmAPP:2080,US20220002724A1|Table18|Neuro2A cell line|0.1nM|24h,4683b2d184b687a0,-0.22899999999999987,0.0641,0.0755,,Replicate number and shared-control covariance not resolved; SDs are not SEs.,token_cnn,0.005965441465377808,17103b04fab21cdc,0.23496544146537768
98341947aa56f870,cmAPP:2046,cmAPP:2092,US20220002724A1|Table18|Neuro2A cell line|0.1nM|24h,e8641df94cf5d311,-0.10649999999999982,0.050499999999999996,0.0414,,Replicate number and shared-control covariance not resolved; SDs are not SEs.,token_cnn,0.00980018575986219,2c34ab854a6ad95b,0.11630018575986201
e6bc6fc3ddc258ff,cmAPP:2038,cmAPP:2083,US20220002724A1|Table18|Neuro2A cell line|0.1nM|24h,a7b957bcca2f20cf,-0.1522,0.05,0.047400000000000005,,Replicate number and shared-control covariance not resolved; SDs are not SEs.,token_cnn,0.0083438555399577,17103b04fab21cdc,0.1605438555399577
96c1bc434b0cc0dd,cmAPP:2076,cmAPP:2121,US20220002724A1|Table18|Neuro2A cell line|0.1nM|24h,cf253444cfae0542,-0.3479000000000001,0.0617,0.13119999999999998,,Replicate number and shared-control covariance not resolved; SDs are not SEs.,token_cnn,0.006024738152821785,28639edc531a2e1a,0.3539247381528219
5fb5972af28fa281,cmAPP:2062,cmAPP:2107,US20220002724A1|Table18|Neuro2A cell line|0.1nM|24h,f158caa9d2d33d64,-0.118,0.1033,0.051100000000000007,,Replicate number and shared-control covariance not resolved; SDs are not SEs.,token_cnn,0.005918602148691943,2c34ab854a6ad95b,0.12391860214869194
849edfe135b4a285,cmAPP:2061,cmAPP:2106,US20220002724A1|Table18|Neuro2A cell line|0.1nM|24h,28e3362d3f9b2da2,-0.3863000000000001,0.0817,0.08310000000000001,,Replicate number and shared-control covariance not resolved; SDs are not SEs.,token_cnn,0.007337252298990904,28639edc531a2e1a,0.393637252298991
0f5070b79250194c,cmAPP:2074,cmAPP:2119,US20220002724A1|Table18|Neuro2A cell line|0.1nM|24h,99751c2cb3cfdf23,-0.42489999999999994,0.0526,0.0729,,Replicate number and shared-control covariance not resolved; SDs are not SEs.,token_cnn,0.00790531436602282,28639edc531a2e1a,0.43280531436602276
fd35c25e6b032569,cmAPP:2072,cmAPP:2117,US20220002724A1|Table18|Neuro2A cell line|0.1nM|24h,485d856ba812fc3a,-0.12709999999999994,0.1127,0.10310000000000001,,Replicate number and shared-control covariance not resolved; SDs are not SEs.,token_cnn,0.007548232873280769,72478f51d38ee208,0.1346482328732807
0c7a97d50dabb197,cmAPP:2071,cmAPP:2112,US20220002724A1|Table18|Neuro2A cell line|0.1nM|24h,f8e112462608f680,-0.4119,0.0747,0.18719999999999998,,Replicate number and shared-control covariance not resolved; SDs are not SEs.,token_cnn,0.006231973568598448,5848c205ff64ecf8,0.41813197356859844
473de2be4f7d6584,cmAPP:2067,cmAPP:2116,US20220002724A1|Table18|Neuro2A cell line|0.1nM|24h,fc5b0d0c97a6e528,-0.6101000000000001,0.061500000000000006,0.3147,,Replicate number and shared-control covariance not resolved; SDs are not SEs.,token_cnn,0.006400038798650087,8a110cbb1ec4bb37,0.6165000387986501
8baebb96c0af3c90,cmAPP:1950,cmAPP:1995,US20220002724A1|Table18|Neuro2A cell line|1.0nM|24h,0776c55821f47af8,-0.09720000000000006,0.024300000000000002,0.0365,,Replicate number and shared-control covariance not resolved; SDs are not SEs.,token_cnn,0.0075196127096812115,151435cc8a45853a,0.10471961270968128
c55d3bcca2d2a449,cmAPP:1955,cmAPP:2001,US20220002724A1|Table18|Neuro2A cell line|1.0nM|24h,3e9731dfbff94adf,0.023700000000000054,0.0421,0.0274,,Replicate number and shared-control covariance not resolved; SDs are not SEs.,token_cnn,0.003812690575917599,2c34ab854a6ad95b,-0.019887309424082456
ef7b3a1b137a6db8,cmAPP:1953,cmAPP:1998,US20220002724A1|Table18|Neuro2A cell line|1.0nM|24h,eb357f6ecf50b6e8,-0.022199999999999998,0.0733,0.0483,,Replicate number and shared-control covariance not resolved; SDs are not SEs.,token_cnn,0.00650577743848163,151435cc8a45853a,0.028705777438481628
675d15d359e354d5,cmAPP:1985,cmAPP:2030,US20220002724A1|Table18|Neuro2A cell line|1.0nM|24h,fade1d64d4e768d6,-0.09120000000000006,0.0105,0.04769999999999999,,Replicate number and shared-control covariance not resolved; SDs are not SEs.,token_cnn,0.009012927611668886,28639edc531a2e1a,0.10021292761166894
5e97508244c8c76c,cmAPP:1988,cmAPP:2033,US20220002724A1|Table18|Neuro2A cell line|1.0nM|24h,f6ee2f45d0df4f59,-0.16470000000000007,0.08710000000000001,0.025699999999999997,,Replicate number and shared-control covariance not resolved; SDs are not SEs.,token_cnn,0.010440597931543893,5848c205ff64ecf8,0.17514059793154396
1711355de18f68c1,cmAPP:1957,cmAPP:2000,US20220002724A1|Table18|Neuro2A cell line|1.0nM|24h,3e6cac1d7a027cc7,-0.3823999999999999,0.036000000000000004,0.054400000000000004,,Replicate number and shared-control covariance not resolved; SDs are not SEs.,token_cnn,0.00756499171257019,9fea29da568e9bc1,0.3899649917125701
7d9ac8b735ba4661,cmAPP:1951,cmAPP:1996,US20220002724A1|Table18|Neuro2A cell line|1.0nM|24h,45af11f0ecbd8a55,0.03709999999999991,0.0533,0.0337,,Replicate number and shared-control covariance not resolved; SDs are not SEs.,token_cnn,0.006498247385025024,1212da56aac7a198,-0.030601752614974886
98f93e5fbbd41ec8,cmAPP:1967,cmAPP:2012,US20220002724A1|Table18|Neuro2A cell line|1.0nM|24h,74fc9298d8663f62,0.10929999999999995,0.0698,0.0123,,Replicate number and shared-control covariance not resolved; SDs are not SEs.,token_cnn,0.007811605930328425,2c34ab854a6ad95b,-0.10148839406967153
a15df525a6a379e5,cmAPP:1975,cmAPP:2024,US20220002724A1|Table18|Neuro2A cell line|1.0nM|24h,5a42a7b5778aafe4,0.030400000000000094,0.0661,0.0528,,Replicate number and shared-control covariance not resolved; SDs are not SEs.,token_cnn,0.005381484826405769,28639edc531a2e1a,-0.025018515173594325
8ab99b4d0257f181,cmAPP:1961,cmAPP:2006,US20220002724A1|Table18|Neuro2A cell line|1.0nM|24h,a50d407955561c5c,-0.07660000000000011,0.0401,0.09820000000000001,,Replicate number and shared-control covariance not resolved; SDs are not SEs.,token_cnn,0.006115158398946108,1212da56aac7a198,0.08271515839894622
62524e0c73da8dd0,cmAPP:1983,cmAPP:2028,US20220002724A1|Table18|Neuro2A cell line|1.0nM|24h,85329346f986aa0e,-0.512,0.0333,0.0638,,Replicate number and shared-control covariance not resolved; SDs are not SEs.,token_cnn,0.0036445856094360907,10c405d304cc4e37,0.515644585609436
dbc2ab9cc107017b,cmAPP:1979,cmAPP:2020,US20220002724A1|Table18|Neuro2A cell line|1.0nM|24h,820566fd78cb47f2,0.039799999999999836,0.1002,0.11699999999999999,,Replicate number and shared-control covariance not resolved; SDs are not SEs.,token_cnn,0.0075598458449046,1c10d86ec1a802f4,-0.032240154155095235
de9de367cfd0516a,cmAPP:1964,cmAPP:2009,US20220002724A1|Table18|Neuro2A cell line|1.0nM|24h,79a2a66f9d75e712,-0.6374,0.0904,0.1176,,Replicate number and shared-control covariance not resolved; SDs are not SEs.,token_cnn,0.01005005836486822,9620aee947fd49ea,0.6474500583648681
ca0223cac79b16f0,cmAPP:1958,cmAPP:2003,US20220002724A1|Table18|Neuro2A cell line|1.0nM|24h,aa8876968f9c4717,-0.010599999999999943,0.0891,0.08070000000000001,,Replicate number and shared-control covariance not resolved; SDs are not SEs.,token_cnn,0.006262570619583074,1c10d86ec1a802f4,0.016862570619583017
c78c802f0ed94739,cmAPP:1987,cmAPP:2032,US20220002724A1|Table18|Neuro2A cell line|1.0nM|24h,2bd44ce61ea23b9f,-0.0394000000000001,0.0444,0.031200000000000002,,Replicate number and shared-control covariance not resolved; SDs are not SEs.,token_cnn,0.009509573380152347,2c34ab854a6ad95b,0.04890957338015245
18c6d9223a20ba73,cmAPP:1980,cmAPP:2021,US20220002724A1|Table18|Neuro2A cell line|1.0nM|24h,b5c37d5063356d65,0.15689999999999993,0.0768,0.0052,,Replicate number and shared-control covariance not resolved; SDs are not SEs.,token_cnn,0.005045423905054691,5848c205ff64ecf8,-0.15185457609494524
61808a59ae1e72f6,cmAPP:1945,cmAPP:1990,US20220002724A1|Table18|Neuro2A cell line|1.0nM|24h,4683b2d184b687a0,-0.022299999999999986,0.0379,0.0414,,Replicate number and shared-control covariance not resolved; SDs are not SEs.,token_cnn,0.005965451399485344,17103b04fab21cdc,0.02826545139948533
4aba9407294ef0a7,cmAPP:1956,cmAPP:2002,US20220002724A1|Table18|Neuro2A cell line|1.0nM|24h,e8641df94cf5d311,0.011099999999999999,0.045,0.0151,,Replicate number and shared-control covariance not resolved; SDs are not SEs.,token_cnn,0.009800175825754764,2c34ab854a6ad95b,-0.0012998241742452343
aae93bc901d599ee,cmAPP:1948,cmAPP:1993,US20220002724A1|Table18|Neuro2A cell line|1.0nM|24h,a7b957bcca2f20cf,0.015799999999999925,0.0304,0.06,,Replicate number and shared-control covariance not resolved; SDs are not SEs.,token_cnn,0.008365323146184267,17103b04fab21cdc,-0.007434676853815658
f77d454e0640bee9,cmAPP:1986,cmAPP:2031,US20220002724A1|Table18|Neuro2A cell line|1.0nM|24h,cf253444cfae0542,-0.25849999999999995,0.027200000000000002,0.0181,,Replicate number and shared-control covariance not resolved; SDs are not SEs.,token_cnn,0.006024738152821785,28639edc531a2e1a,0.26452473815282174
29266f87dbea9446,cmAPP:1972,cmAPP:2017,US20220002724A1|Table18|Neuro2A cell line|1.0nM|24h,f158caa9d2d33d64,-0.011599999999999944,0.0276,0.037200000000000004,,Replicate number and shared-control covariance not resolved; SDs are not SEs.,token_cnn,0.00587491194407147,2c34ab854a6ad95b,0.017474911944071414
4c96170b7a5e6348,cmAPP:1971,cmAPP:2016,US20220002724A1|Table18|Neuro2A cell line|1.0nM|24h,28e3362d3f9b2da2,-0.11339999999999983,0.0482,0.0404,,Replicate number and shared-control covariance not resolved; SDs are not SEs.,token_cnn,0.007326811552047785,28639edc531a2e1a,0.12072681155204762
0ef70c3bf1ed6748,cmAPP:1984,cmAPP:2029,US20220002724A1|Table18|Neuro2A cell line|1.0nM|24h,99751c2cb3cfdf23,-0.07260000000000011,0.0481,0.08990000000000001,,Replicate number and shared-control covariance not resolved; SDs are not SEs.,token_cnn,0.007905304431915339,28639edc531a2e1a,0.08050530443191545
349eec1ddda15478,cmAPP:1982,cmAPP:2027,US20220002724A1|Table18|Neuro2A cell line|1.0nM|24h,485d856ba812fc3a,-0.36660000000000004,0.127,0.09949999999999999,,Replicate number and shared-control covariance not resolved; SDs are not SEs.,token_cnn,0.00757205486297613,72478f51d38ee208,0.37417205486297617
c516136711beb154,cmAPP:1981,cmAPP:2022,US20220002724A1|Table18|Neuro2A cell line|1.0nM|24h,f8e112462608f680,-0.43430000000000013,0.0325,0.1017,,Replicate number and shared-control covariance not resolved; SDs are not SEs.,token_cnn,0.006059249242146847,5848c205ff64ecf8,0.440359249242147
becdd89127e663db,cmAPP:1977,cmAPP:2026,US20220002724A1|Table18|Neuro2A cell line|1.0nM|24h,fc5b0d0c97a6e528,-0.5430999999999999,0.047599999999999996,0.062400000000000004,,Replicate number and shared-control covariance not resolved; SDs are not SEs.,token_cnn,0.006398618221282848,8a110cbb1ec4bb37,0.5494986182212828
eb05d8fd23cb21a3,cmAPP:1860,cmAPP:1905,US20220002724A1|Table18|Neuro2A cell line|10.0nM|24h,0776c55821f47af8,-0.10529999999999995,0.0024,0.021,,Replicate number and shared-control covariance not resolved; SDs are not SEs.,token_cnn,0.007063647111256899,151435cc8a45853a,0.11236364711125685
db6359943b17ecc7,cmAPP:1865,cmAPP:1911,US20220002724A1|Table18|Neuro2A cell line|10.0nM|24h,3e9731dfbff94adf,-0.019300000000000095,0.0095,0.0076,,Replicate number and shared-control covariance not resolved; SDs are not SEs.,token_cnn,0.0037292838096619207,2c34ab854a6ad95b,0.023029283809662016
4e91bc478f4a4aaa,cmAPP:1863,cmAPP:1908,US20220002724A1|Table18|Neuro2A cell line|10.0nM|24h,eb357f6ecf50b6e8,-0.006599999999999939,0.0008,0.0070999999999999995,,Replicate number and shared-control covariance not resolved; SDs are not SEs.,token_cnn,0.006424099206924383,151435cc8a45853a,0.013024099206924322
aa3134d53203d34e,cmAPP:1895,cmAPP:1940,US20220002724A1|Table18|Neuro2A cell line|10.0nM|24h,fade1d64d4e768d6,-0.028799999999999937,0.0143,0.052199999999999996,,Replicate number and shared-control covariance not resolved; SDs are not SEs.,token_cnn,0.008743176857630375,28639edc531a2e1a,0.03754317685763031
ffc888cf36b05bc2,cmAPP:1898,cmAPP:1943,US20220002724A1|Table18|Neuro2A cell line|10.0nM|24h,f6ee2f45d0df4f59,-0.1835,0.0184,0.0542,,Replicate number and shared-control covariance not resolved; SDs are not SEs.,token_cnn,0.009991367657979311,5848c205ff64ecf8,0.1934913676579793
5c37a4bb04018995,cmAPP:1867,cmAPP:1910,US20220002724A1|Table18|Neuro2A cell line|10.0nM|24h,3e6cac1d7a027cc7,-0.276,0.0181,0.1264,,Replicate number and shared-control covariance not resolved; SDs are not SEs.,token_cnn,0.007400254408518436,9fea29da568e9bc1,0.28340025440851846
dd6c1c7202e5a255,cmAPP:1861,cmAPP:1906,US20220002724A1|Table18|Neuro2A cell line|10.0nM|24h,45af11f0ecbd8a55,-0.012000000000000122,0.0007000000000000001,0.0051,,Replicate number and shared-control covariance not resolved; SDs are not SEs.,token_cnn,0.006309201320012392,1212da56aac7a198,0.018309201320012514
db76931262b18262,cmAPP:1877,cmAPP:1922,US20220002724A1|Table18|Neuro2A cell line|10.0nM|24h,74fc9298d8663f62,-0.022599999999999842,0.0347,0.0526,,Replicate number and shared-control covariance not resolved; SDs are not SEs.,token_cnn,0.007728844881057684,2c34ab854a6ad95b,0.030328844881057526
fb01500214324543,cmAPP:1885,cmAPP:1934,US20220002724A1|Table18|Neuro2A cell line|10.0nM|24h,5a42a7b5778aafe4,-0.0014000000000000679,0.0278,0.0077,,Replicate number and shared-control covariance not resolved; SDs are not SEs.,token_cnn,0.005316227674484253,28639edc531a2e1a,0.006716227674484321
edbdac59a2065c45,cmAPP:1871,cmAPP:1916,US20220002724A1|Table18|Neuro2A cell line|10.0nM|24h,a50d407955561c5c,-0.011399999999999966,0.0015,0.012199999999999999,,Replicate number and shared-control covariance not resolved; SDs are not SEs.,token_cnn,0.006044586499532101,1212da56aac7a198,0.017444586499532067
bdc3962cc20e139b,cmAPP:1893,cmAPP:1938,US20220002724A1|Table18|Neuro2A cell line|10.0nM|24h,85329346f986aa0e,-0.2084999999999999,0.020499999999999997,0.0317,,Replicate number and shared-control covariance not resolved; SDs are not SEs.,token_cnn,0.003596266110738211,10c405d304cc4e37,0.21209626611073812
a40c86511b365ffd,cmAPP:1889,cmAPP:1930,US20220002724A1|Table18|Neuro2A cell line|10.0nM|24h,820566fd78cb47f2,-0.26639999999999997,0.0363,0.12179999999999999,,Replicate number and shared-control covariance not resolved; SDs are not SEs.,token_cnn,0.007265925407409668,1c10d86ec1a802f4,0.27366592540740964
c748ab46e40eb3c6,cmAPP:1874,cmAPP:1919,US20220002724A1|Table18|Neuro2A cell line|10.0nM|24h,79a2a66f9d75e712,-0.7228,0.0068000000000000005,0.22719999999999999,,Replicate number and shared-control covariance not resolved; SDs are not SEs.,token_cnn,0.009992480278015137,9620aee947fd49ea,0.7327924802780151
8462c3a551411df3,cmAPP:1868,cmAPP:1913,US20220002724A1|Table18|Neuro2A cell line|10.0nM|24h,aa8876968f9c4717,-0.24370000000000014,0.0321,0.1251,,Replicate number and shared-control covariance not resolved; SDs are not SEs.,token_cnn,0.006184498469034905,1c10d86ec1a802f4,0.24988449846903504
72fdff714d1fc08e,cmAPP:1897,cmAPP:1942,US20220002724A1|Table18|Neuro2A cell line|10.0nM|24h,2bd44ce61ea23b9f,-0.06989999999999996,0.019,0.037000000000000005,,Replicate number and shared-control covariance not resolved; SDs are not SEs.,token_cnn,0.0091517368952434,2c34ab854a6ad95b,0.07905173689524336
5216d53e06ede17c,cmAPP:1890,cmAPP:1931,US20220002724A1|Table18|Neuro2A cell line|10.0nM|24h,b5c37d5063356d65,0.017800000000000038,0.0196,0.001,,Replicate number and shared-control covariance not resolved; SDs are not SEs.,token_cnn,0.00501223405202228,5848c205ff64ecf8,-0.012787765947977758
1b4f407ebbaeb5b2,cmAPP:1855,cmAPP:1900,US20220002724A1|Table18|Neuro2A cell line|10.0nM|24h,4683b2d184b687a0,-0.04720000000000002,0.0007000000000000001,0.030699999999999998,,Replicate number and shared-control covariance not resolved; SDs are not SEs.,token_cnn,0.005801945924758911,17103b04fab21cdc,0.05300194592475893
a4c4b94f50336897,cmAPP:1866,cmAPP:1912,US20220002724A1|Table18|Neuro2A cell line|10.0nM|24h,e8641df94cf5d311,-0.0341999999999999,0.0053,0.011899999999999999,,Replicate number and shared-control covariance not resolved; SDs are not SEs.,token_cnn,0.009100963672002194,2c34ab854a6ad95b,0.04330096367200209
790c224fb15729e8,cmAPP:1858,cmAPP:1903,US20220002724A1|Table18|Neuro2A cell line|10.0nM|24h,a7b957bcca2f20cf,-0.03939999999999999,0.012,0.013999999999999999,,Replicate number and shared-control covariance not resolved; SDs are not SEs.,token_cnn,0.008042683204015244,17103b04fab21cdc,0.047442683204015235
8cfd4f27b028eb77,cmAPP:1896,cmAPP:1941,US20220002724A1|Table18|Neuro2A cell line|10.0nM|24h,cf253444cfae0542,-0.242,0.0068000000000000005,0.0691,,Replicate number and shared-control covariance not resolved; SDs are not SEs.,token_cnn,0.005911280711491884,28639edc531a2e1a,0.24791128071149188
46898ba7d044be9b,cmAPP:1882,cmAPP:1927,US20220002724A1|Table18|Neuro2A cell line|10.0nM|24h,f158caa9d2d33d64,0.0007000000000000339,0.0242,0.0287,,Replicate number and shared-control covariance not resolved; SDs are not SEs.,token_cnn,0.0057578186194102154,2c34ab854a6ad95b,0.0050578186194101815
9b2d1052c5390363,cmAPP:1881,cmAPP:1926,US20220002724A1|Table18|Neuro2A cell line|10.0nM|24h,28e3362d3f9b2da2,-0.018500000000000072,0.0043,0.0105,,Replicate number and shared-control covariance not resolved; SDs are not SEs.,token_cnn,0.0070468087991079065,28639edc531a2e1a,0.02554680879910798
3cf75a1628ce2443,cmAPP:1894,cmAPP:1939,US20220002724A1|Table18|Neuro2A cell line|10.0nM|24h,99751c2cb3cfdf23,-0.07340000000000002,0.0017000000000000001,0.0179,,Replicate number and shared-control covariance not resolved; SDs are not SEs.,token_cnn,0.007833898067474254,28639edc531a2e1a,0.08123389806747427
78964639effd56c0,cmAPP:1892,cmAPP:1937,US20220002724A1|Table18|Neuro2A cell line|10.0nM|24h,485d856ba812fc3a,-0.33120000000000005,0.046799999999999994,0.11320000000000001,,Replicate number and shared-control covariance not resolved; SDs are not SEs.,token_cnn,0.007548083861668886,72478f51d38ee208,0.33874808386166894
d1d883357891e048,cmAPP:1891,cmAPP:1932,US20220002724A1|Table18|Neuro2A cell line|10.0nM|24h,f8e112462608f680,-0.3360000000000001,0.0024,0.1892,,Replicate number and shared-control covariance not resolved; SDs are not SEs.,token_cnn,0.005936364332834898,5848c205ff64ecf8,0.341936364332835
6e2a61766f596436,cmAPP:1887,cmAPP:1936,US20220002724A1|Table18|Neuro2A cell line|10.0nM|24h,fc5b0d0c97a6e528,-0.4691000000000001,0.0074,0.055099999999999996,,Replicate number and shared-control covariance not resolved; SDs are not SEs.,token_cnn,0.006368319193522098,8a110cbb1ec4bb37,0.47546831919352217
