sheet,excel_row,compound,raw_guide,raw_passenger,raw_target,guide,passenger,target,guide_target_sense_13mer,guide_target_reverse_complement_13mer,guide_passenger_reverse_complement_13mer
Supplemental Table 1,7,APP_280_Blunt_2'-OMe/-F,P(mU)#(fA)#(mC)(fA)(fU)(fG)(mA)(fA)(mU)(fG)(mU)(fC)(mC)#(fA)#(mG)#(fA)#(mA)#(mU)#(mG)#(fG),(mC)#(mA)#(mC)(fA)(mU)(mG)(mA)(fA)(mU)(fG)(mU)(fC)(mC)(fA)(mG)(mA)(mA)(fU)#(mG)#(mA)-TegChol,CACAUGAAUGUCCAGAAUGG,UACAUGAAUGUCCAGAAUGG,CACAUGAAUGUCCAGAAUGA,CACAUGAAUGUCCAGAAUGG,True,False,False
Supplemental Table 1,8,APP_333_Blunt_2'-OMe/-F,P(mU)#(fU)#(mG)(fC)(fA)(fU)(mU)(fG)(mA)(fU)(mA)(fC)(mC)#(fA)#(mA)#(fG)#(mG)#(mA)#(mA)#(fG),(mC)#(mU)#(mG)(fC)(mA)(mU)(mU)(fG)(mA)(fU)(mA)(fC)(mC)(fA)(mA)(mG)(mG)(fA)#(mA)#(mA)-TegChol,CUGCAUUGAUACCAAGGAAG,UUGCAUUGAUACCAAGGAAG,CUGCAUUGAUACCAAGGAAA,CUGCAUUGAUACCAAGGAAG,True,False,False
Supplemental Table 1,9,APP_387_Blunt_2'-OMe/-F,P(mU)#(fC)#(mU)(fG)(fC)(fA)(mG)(fA)(mU)(fC)(mA)(fC)(mC)#(fA)#(mA)#(fU)#(mG)#(mU)#(mG)#(fG),(mA)#(mC)#(mU)(fG)(mC)(mA)(mG)(fA)(mU)(fC)(mA)(fC)(mC)(fA)(mA)(mU)(mG)(fU)#(mG)#(mA)-TegChol,ACUGCAGAUCACCAAUGUGG,UCUGCAGAUCACCAAUGUGG,ACUGCAGAUCACCAAUGUGA,ACUGCAGAUCACCAAUGUGG,True,False,False
Supplemental Table 1,10,APP_480_Blunt_2'-OMe/-F,P(mU)#(fU)#(mU)(fU)(fG)(fU)(mG)(fA)(mU)(fU)(mC)(fC)(mC)#(fU)#(mA)#(fC)#(mC)#(mG)#(mC)#(fU),(mC)#(mU)#(mU)(fU)(mG)(mU)(mG)(fA)(mU)(fU)(mC)(fC)(mC)(fU)(mA)(mC)(mC)(fG)#(mC)#(mA)-TegChol,CUUUGUGAUUCCCUACCGCU,UUUUGUGAUUCCCUACCGCU,CUUUGUGAUUCCCUACCGCA,CUUUGUGAUUCCCUACCGCU,True,False,False
Supplemental Table 1,11,APP_531_Blunt_2'-OMe/-F,P(mU)#(fC)#(mU)(fC)(fG)(fU)(mU)(fC)(mC)(fU)(mG)(fA)(mC)#(fA)#(mA)#(fG)#(mU)#(mG)#(mC)#(fA),(mU)#(mC)#(mU)(fC)(mG)(mU)(mU)(fC)(mC)(fU)(mG)(fA)(mC)(fA)(mA)(mG)(mU)(fG)#(mC)#(mA)-TegChol,UCUCGUUCCUGACAAGUGCA,UCUCGUUCCUGACAAGUGCA,UCUCGUUCCUGACAAGUGCA,UCUCGUUCCUGACAAGUGCA,True,False,False
Supplemental Table 1,12,APP_582_Blunt_2'-OMe/-F,P(mU)#(fG)#(mA)(fA)(fA)(fC)(mU)(fC)(mA)(fU)(mC)(fU)(mU)#(fC)#(mA)#(fC)#(mU)#(mG)#(mG)#(fC),(mC)#(mG)#(mA)(fA)(mA)(mC)(mU)(fC)(mA)(fU)(mC)(fU)(mU)(fC)(mA)(mC)(mU)(fG)#(mG)#(mA)-TegChol,CGAAACUCAUCUUCACUGGC,UGAAACUCAUCUUCACUGGC,CGAAACUCAUCUUCACUGGA,CGAAACUCAUCUUCACUGGC,True,False,False
Supplemental Table 1,13,APP_729_Blunt_2'-OMe/-F,P(mU)#(fG)#(mA)(fC)(fA)(fA)(mU)(fG)(mU)(fG)(mG)(fA)(mU)#(fU)#(mC)#(fU)#(mG)#(mC)#(mU)#(fG),(mU)#(mG)#(mA)(fC)(mA)(mA)(mU)(fG)(mU)(fG)(mG)(fA)(mU)(fU)(mC)(mU)(mG)(fC)#(mU)#(mA)-TegChol,UGACAAUGUGGAUUCUGCUG,UGACAAUGUGGAUUCUGCUG,UGACAAUGUGGAUUCUGCUA,UGACAAUGUGGAUUCUGCUG,True,False,False
Supplemental Table 1,14,APP_814_Blunt_2'-OMe/-F,P(mU)#(fA)#(mA)(fG)(fA)(fC)(mA)(fA)(mA)(fG)(mU)(fA)(mG)#(fU)#(mA)#(fG)#(mA)#(mA)#(mG)#(fU),(mG)#(mA)#(mA)(fG)(mA)(mC)(mA)(fA)(mA)(fG)(mU)(fA)(mG)(fU)(mA)(mG)(mA)(fA)#(mG)#(mA)-TegChol,GAAGACAAAGUAGUAGAAGU,UAAGACAAAGUAGUAGAAGU,GAAGACAAAGUAGUAGAAGA,GAAGACAAAGUAGUAGAAGU,True,False,False
Supplemental Table 1,15,APP_905_Blunt_2'-OMe/-F,P(mU)#(fU)#(mG)(fA)(fG)(fG)(mU)(fA)(mG)(fA)(mG)(fG)(mA)#(fA)#(mG)#(fA)#(mG)#(mG)#(mC)#(fU),(mA)#(mU)#(mG)(fA)(mG)(mG)(mU)(fA)(mG)(fA)(mG)(fG)(mA)(fA)(mG)(mA)(mG)(fG)#(mC)#(mA)-TegChol,AUGAGGUAGAGGAAGAGGCU,UUGAGGUAGAGGAAGAGGCU,AUGAGGUAGAGGAAGAGGCA,AUGAGGUAGAGGAAGAGGCU,True,False,False
Supplemental Table 1,16,APP_1001_Blunt_2'-OMe/-F,P(mU)#(fA)#(mG)(fA)(fG)(fG)(mU)(fG)(mG)(fU)(mU)(fC)(mG)#(fA)#(mG)#(fA)#(mG)#(mG)#(mU)#(fG),(mA)#(mA)#(mG)(fA)(mG)(mG)(mU)(fG)(mG)(fU)(mU)(fC)(mG)(fA)(mG)(mA)(mG)(fG)#(mU)#(mA)-TegChol,AAGAGGUGGUUCGAGAGGUG,UAGAGGUGGUUCGAGAGGUG,AAGAGGUGGUUCGAGAGGUA,AAGAGGUGGUUCGAGAGGUG,True,False,False
Supplemental Table 1,17,APP_1106_Blunt_2'-OMe/-F,P(mU)#(fC)#(mU)(fU)(fU)(fU)(mA)(fC)(mG)(fG)(mC)(fG)(mG)#(fA)#(mU)#(fG)#(mU)#(mG)#(mG)#(fC),(mU)#(mC)#(mU)(fU)(mU)(mU)(mA)(fC)(mG)(fG)(mC)(fG)(mG)(fA)(mU)(mG)(mU)(fG)#(mG)#(mA)-TegChol,UCUUUUACGGCGGAUGUGGC,UCUUUUACGGCGGAUGUGGC,UCUUUUACGGCGGAUGUGGA,UCUUUUACGGCGGAUGUGGC,True,False,False
Supplemental Table 1,18,APP_1197_Blunt_2'-OMe/-F,P(mU)#(fC)#(mU)(fC)(fA)(fA)(mG)(fA)(mC)(fU)(mA)(fC)(mC)#(fC)#(mA)#(fG)#(mG)#(mA)#(mA)#(fC),(mA)#(mC)#(mU)(fC)(mA)(mA)(mG)(fA)(mC)(fU)(mA)(fC)(mC)(fC)(mA)(mG)(mG)(fA)#(mA)#(mA)-TegChol,ACUCAAGACUACCCAGGAAC,UCUCAAGACUACCCAGGAAC,ACUCAAGACUACCCAGGAAA,ACUCAAGACUACCCAGGAAC,True,False,False
Supplemental Table 1,19,APP_1363_Blunt_2'-OMe/-F,P(mU)#(fG)#(mA)(fA)(fU)(fG)(mU)(fC)(mC)(fC)(mA)(fG)(mG)#(fU)#(mC)#(fA)#(mU)#(mG)#(mA)#(fG),(mA)#(mG)#(mA)(fA)(mU)(mG)(mU)(fC)(mC)(fC)(mA)(fG)(mG)(fU)(mC)(mA)(mU)(fG)#(mA)#(mA)-TegChol,AGAAUGUCCCAGGUCAUGAG,UGAAUGUCCCAGGUCAUGAG,AGAAUGUCCCAGGUCAUGAA,AGAAUGUCCCAGGUCAUGAG,True,False,False
Supplemental Table 1,20,APP_1419_Blunt_2'-OMe/-F,P(mU)#(fC)#(mC)(fU)(fA)(fA)(mA)(fG)(mC)(fU)(mG)(fA)(mU)#(fA)#(mA)#(fG)#(mA)#(mA)#(mG)#(fG),(mG)#(mC)#(mC)(fU)(mA)(mA)(mA)(fG)(mC)(fU)(mG)(fA)(mU)(fA)(mA)(mG)(mA)(fA)#(mG)#(mA)-TegChol,GCCUAAAGCUGAUAAGAAGG,UCCUAAAGCUGAUAAGAAGG,GCCUAAAGCUGAUAAGAAGA,GCCUAAAGCUGAUAAGAAGG,True,False,False
Supplemental Table 1,21,APP_1477_Blunt_2'-OMe/-F,P(mU)#(fA)#(mA)(fC)(fA)(fG)(mG)(fA)(mA)(fG)(mC)(fA)(mG)#(fC)#(mC)#(fA)#(mA)#(mC)#(mG)#(fA),(mG)#(mA)#(mA)(fC)(mA)(mG)(mG)(fA)(mA)(fG)(mC)(fA)(mG)(fC)(mC)(mA)(mA)(fC)#(mG)#(mA)-TegChol,GAACAGGAAGCAGCCAACGA,UAACAGGAAGCAGCCAACGA,GAACAGGAAGCAGCCAACGA,GAACAGGAAGCAGCCAACGA,True,False,False
Supplemental Table 1,22,APP_1621_Blunt_2'-OMe/-F,P(mU)#(fU)#(mC)(fA)(fA)(fU)(mA)(fU)(mG)(fC)(mU)(fA)(mA)#(fA)#(mG)#(fA)#(mA)#(mG)#(mU)#(fA),(mU)#(mU)#(mC)(fA)(mA)(mU)(mA)(fU)(mG)(fC)(mU)(fA)(mA)(fA)(mG)(mA)(mA)(fG)#(mU)#(mA)-TegChol,UUCAAUAUGCUAAAGAAGUA,UUCAAUAUGCUAAAGAAGUA,UUCAAUAUGCUAAAGAAGUA,UUCAAUAUGCUAAAGAAGUA,True,False,False
Supplemental Table 1,23,APP_1677_Blunt_2'-OMe/-F,P(mU)#(fA)#(mA)(fG)(fC)(fA)(mU)(fU)(mU)(fC)(mG)(fA)(mG)#(fC)#(mA)#(fU)#(mG)#(mU)#(mG)#(fC),(mA)#(mA)#(mA)(fG)(mC)(mA)(mU)(fU)(mU)(fC)(mG)(fA)(mG)(fC)(mA)(mU)(mG)(fU)#(mG)#(mA)-TegChol,AAAGCAUUUCGAGCAUGUGC,UAAGCAUUUCGAGCAUGUGC,AAAGCAUUUCGAGCAUGUGA,AAAGCAUUUCGAGCAUGUGC,True,False,False
Supplemental Table 1,24,APP_1754_Blunt_2'-OMe/-F,P(mU)#(fU)#(mG)(fU)(fG)(fA)(mU)(fU)(mU)(fA)(mU)(fG)(mA)#(fG)#(mC)#(fG)#(mC)#(mA)#(mU)#(fG),(mG)#(mU)#(mG)(fU)(mG)(mA)(mU)(fU)(mU)(fA)(mU)(fG)(mA)(fG)(mC)(mG)(mC)(fA)#(mU)#(mA)-TegChol,GUGUGAUUUAUGAGCGCAUG,UUGUGAUUUAUGAGCGCAUG,GUGUGAUUUAUGAGCGCAUA,GUGUGAUUUAUGAGCGCAUG,True,False,False
Supplemental Table 1,25,APP_1885_Blunt_2'-OMe/-F,P(mU)#(fA)#(mC)(fA)(fU)(fG)(mA)(fU)(mU)(fA)(mG)(fU)(mG)#(fA)#(mA)#(fC)#(mC)#(mA)#(mA)#(fG),(mA)#(mA)#(mC)(fA)(mU)(mG)(mA)(fU)(mU)(fA)(mG)(fU)(mG)(fA)(mA)(mC)(mC)(fA)#(mA)#(mA)-TegChol,AACAUGAUUAGUGAACCAAG,UACAUGAUUAGUGAACCAAG,AACAUGAUUAGUGAACCAAA,AACAUGAUUAGUGAACCAAG,True,False,False
Supplemental Table 1,26,APP_1935_Blunt_2'-OMe/-F,P(mU)#(fU)#(mC)(fU)(fU)(fU)(mG)(fA)(mC)(fC)(mG)(fA)(mA)#(fA)#(mC)#(fG)#(mA)#(mA)#(mA)#(fA),(mA)#(mU)#(mC)(fU)(mU)(mU)(mG)(fA)(mC)(fC)(mG)(fA)(mA)(fA)(mC)(mG)(mA)(fA)#(mA)#(mA)-TegChol,AUCUUUGACCGAAACGAAAA,UUCUUUGACCGAAACGAAAA,AUCUUUGACCGAAACGAAAA,AUCUUUGACCGAAACGAAAA,True,False,False
Supplemental Table 1,27,APP_2039_Blunt_2'-OMe/-F,P(mU)#(fA)#(mG)(fC)(fC)(fA)(mA)(fC)(mA)(fC)(mA)(fG)(mA)#(fA)#(mA)#(fA)#(mC)#(mG)#(mA)#(fA),(mC)#(mA)#(mG)(fC)(mC)(mA)(mA)(fC)(mA)(fC)(mA)(fG)(mA)(fA)(mA)(mA)(mC)(fG)#(mA)#(mA)-TegChol,CAGCCAACACAGAAAACGAA,UAGCCAACACAGAAAACGAA,CAGCCAACACAGAAAACGAA,CAGCCAACACAGAAAACGAA,True,False,False
Supplemental Table 1,28,APP_2135_Blunt_2'-OMe/-F,P(mU)#(fG)#(mA)(fC)(fG)(fG)(mA)(fG)(mG)(fA)(mG)(fA)(mU)#(fC)#(mU)#(fC)#(mU)#(mG)#(mA)#(fA),(mA)#(mG)#(mA)(fC)(mG)(mG)(mA)(fG)(mG)(fA)(mG)(fA)(mU)(fC)(mU)(mC)(mU)(fG)#(mA)#(mA)-TegChol,AGACGGAGGAGAUCUCUGAA,UGACGGAGGAGAUCUCUGAA,AGACGGAGGAGAUCUCUGAA,AGACGGAGGAGAUCUCUGAA,True,False,False
Supplemental Table 1,29,APP_2185_Blunt_2'-OMe/-F,P(mU)#(fC)#(mA)(fG)(fG)(fA)(mU)(fA)(mU)(fG)(mA)(fA)(mG)#(fU)#(mU)#(fC)#(mA)#(mU)#(mC)#(fA),(mU)#(mC)#(mA)(fG)(mG)(mA)(mU)(fA)(mU)(fG)(mA)(fA)(mG)(fU)(mU)(mC)(mA)(fU)#(mC)#(mA)-TegChol,UCAGGAUAUGAAGUUCAUCA,UCAGGAUAUGAAGUUCAUCA,UCAGGAUAUGAAGUUCAUCA,UCAGGAUAUGAAGUUCAUCA,True,False,False
Supplemental Table 1,30,APP_2238_Blunt_2'-OMe/-F,P(mU)#(fU)#(mC)(fA)(fA)(fA)(mC)(fA)(mA)(fA)(mG)(fG)(mU)#(fG)#(mC)#(fA)#(mA)#(mU)#(mC)#(fA),(mU)#(mU)#(mC)(fA)(mA)(mA)(mC)(fA)(mA)(fA)(mG)(fG)(mU)(fG)(mC)(mA)(mA)(fU)#(mC)#(mA)-TegChol,UUCAAACAAAGGUGCAAUCA,UUCAAACAAAGGUGCAAUCA,UUCAAACAAAGGUGCAAUCA,UUCAAACAAAGGUGCAAUCA,True,False,False
Supplemental Table 1,31,APP_2404_Blunt_2'-OMe/-F,P(mU)#(fU)#(mG)(fC)(fA)(fG)(mC)(fA)(mG)(fA)(mA)(fC)(mG)#(fG)#(mC)#(fU)#(mA)#(mC)#(mG)#(fA),(mA)#(mU)#(mG)(fC)(mA)(mG)(mC)(fA)(mG)(fA)(mA)(fC)(mG)(fG)(mC)(mU)(mA)(fC)#(mG)#(mA)-TegChol,AUGCAGCAGAACGGCUACGA,UUGCAGCAGAACGGCUACGA,AUGCAGCAGAACGGCUACGA,AUGCAGCAGAACGGCUACGA,True,False,False
Supplemental Table 1,32,APP_2478_Blunt_2'-OMe/-F,P(mU)#(fG)#(mC)(fC)(fU)(fC)(mU)(fG)(mA)(fA)(mG)(fU)(mU)#(fG)#(mG)#(fA)#(mC)#(mA)#(mG)#(fC),(mA)#(mG)#(mC)(fC)(mU)(mC)(mU)(fG)(mA)(fA)(mG)(fU)(mU)(fG)(mG)(mA)(mC)(fA)#(mG)#(mA)-TegChol,AGCCUCUGAAGUUGGACAGC,UGCCUCUGAAGUUGGACAGC,AGCCUCUGAAGUUGGACAGA,AGCCUCUGAAGUUGGACAGC,True,False,False
Supplemental Table 1,33,APP_2528_Blunt_2'-OMe/-F,P(mU)#(fA)#(mU)(fU)(fU)(fA)(mU)(fA)(mG)(fA)(mA)(fU)(mA)#(fA)#(mU)#(fG)#(mU)#(mG)#(mG)#(fG),(mC)#(mA)#(mU)(fU)(mU)(mA)(mU)(fA)(mG)(fA)(mA)(fU)(mA)(fA)(mU)(mG)(mU)(fG)#(mG)#(mA)-TegChol,CAUUUAUAGAAUAAUGUGGG,UAUUUAUAGAAUAAUGUGGG,CAUUUAUAGAAUAAUGUGGA,CAUUUAUAGAAUAAUGUGGG,True,False,False
Supplemental Table 1,34,APP_2579_Blunt_2'-OMe/-F,P(mU)#(fA)#(mU)(fC)(fG)(fC)(mC)(fU)(mU)(fU)(mU)(fG)(mA)#(fC)#(mA)#(fG)#(mC)#(mU)#(mG)#(fU),(mU)#(mA)#(mU)(fC)(mG)(mC)(mC)(fU)(mU)(fU)(mU)(fG)(mA)(fC)(mA)(mG)(mC)(fU)#(mG)#(mA)-TegChol,UAUCGCCUUUUGACAGCUGU,UAUCGCCUUUUGACAGCUGU,UAUCGCCUUUUGACAGCUGA,UAUCGCCUUUUGACAGCUGU,True,False,False
Supplemental Table 1,35,APP_2630_Blunt_2'-OMe/-F,P(mU)#(fU)#(mA)(fA)(fU)(fC)(mC)(fA)(mC)(fA)(mC)(fA)(mU)#(fC)#(mA)#(fG)#(mU)#(mA)#(mA)#(fU),(mU)#(mU)#(mA)(fA)(mU)(mC)(mC)(fA)(mC)(fA)(mC)(fA)(mU)(fC)(mA)(mG)(mU)(fA)#(mA)#(mA)-TegChol,UUAAUCCACACAUCAGUAAU,UUAAUCCACACAUCAGUAAU,UUAAUCCACACAUCAGUAAA,UUAAUCCACACAUCAGUAAU,True,False,False
Supplemental Table 1,36,APP_2682_Blunt_2'-OMe/-F,P(mU)#(fA)#(mC)(fU)(fA)(fC)(mA)(fU)(mU)(fA)(mU)(fU)(mA)#(fA)#(mU)#(fG)#(mG)#(mG)#(mU)#(fU),(mU)#(mA)#(mC)(fU)(mA)(mC)(mA)(fU)(mU)(fA)(mU)(fU)(mA)(fA)(mU)(mG)(mG)(fG)#(mU)#(mA)-TegChol,UACUACAUUAUUAAUGGGUU,UACUACAUUAUUAAUGGGUU,UACUACAUUAUUAAUGGGUA,UACUACAUUAUUAAUGGGUU,True,False,False
Supplemental Table 1,37,APP_2735_Blunt_2'-OMe/-F,P(mU)#(fA)#(mG)(fU)(fG)(fC)(mA)(fU)(mG)(fA)(mA)(fU)(mA)#(fG)#(mA)#(fU)#(mU)#(mC)#(mU)#(fC),(mU)#(mA)#(mG)(fU)(mG)(mC)(mA)(fU)(mG)(fA)(mA)(fU)(mA)(fG)(mA)(mU)(mU)(fC)#(mU)#(mA)-TegChol,UAGUGCAUGAAUAGAUUCUC,UAGUGCAUGAAUAGAUUCUC,UAGUGCAUGAAUAGAUUCUA,UAGUGCAUGAAUAGAUUCUC,True,False,False
Supplemental Table 1,38,APP_2802_Blunt_2'-OMe/-F,P(mU)#(fG)#(mU)(fG)(fG)(fU)(mU)(fU)(mG)(fU)(mG)(fA)(mC)#(fC)#(mC)#(fA)#(mA)#(mU)#(mU)#(fA),(mU)#(mG)#(mU)(fG)(mG)(mU)(mU)(fU)(mG)(fU)(mG)(fA)(mC)(fC)(mC)(mA)(mA)(fU)#(mU)#(mA)-TegChol,UGUGGUUUGUGACCCAAUUA,UGUGGUUUGUGACCCAAUUA,UGUGGUUUGUGACCCAAUUA,UGUGGUUUGUGACCCAAUUA,True,False,False
Supplemental Table 1,39,APP_2874_Blunt_2'-OMe/-F,P(mU)#(fU)#(mG)(fG)(fG)(fA)(mG)(fU)(mU)(fC)(mA)(fG)(mC)#(fU)#(mG)#(fC)#(mU)#(mU)#(mC)#(fU),(mG)#(mU)#(mG)(fG)(mG)(mA)(mG)(fU)(mU)(fC)(mA)(fG)(mC)(fU)(mG)(mC)(mU)(fU)#(mC)#(mA)-TegChol,GUGGGAGUUCAGCUGCUUCU,UUGGGAGUUCAGCUGCUUCU,GUGGGAGUUCAGCUGCUUCA,GUGGGAGUUCAGCUGCUUCU,True,False,False
Supplemental Table 1,40,APP_2930_Blunt_2'-OMe/-F,P(mU)#(fU)#(mA)(fA)(fA)(fG)(mU)(fU)(mA)(fA)(mA)(fC)(mA)#(fU)#(mU)#(fU)#(mU)#(mU)#(mA)#(fA),(mU)#(mU)#(mA)(fA)(mA)(mG)(mU)(fU)(mA)(fA)(mA)(fC)(mA)(fU)(mU)(mU)(mU)(fU)#(mA)#(mA)-TegChol,UUAAAGUUAAACAUUUUUAA,UUAAAGUUAAACAUUUUUAA,UUAAAGUUAAACAUUUUUAA,UUAAAGUUAAACAUUUUUAA,True,False,False
Supplemental Table 1,41,APP_2989_Blunt_2'-OMe/-F,P(mU)#(fC)#(mA)(fU)(fU)(fU)(mU)(fA)(mC)(fU)(mG)(fU)(mA)#(fC)#(mA)#(fG)#(mA)#(mU)#(mU)#(fG),(mG)#(mC)#(mA)(fU)(mU)(mU)(mU)(fA)(mC)(fU)(mG)(fU)(mA)(fC)(mA)(mG)(mA)(fU)#(mU)#(mA)-TegChol,GCAUUUUACUGUACAGAUUG,UCAUUUUACUGUACAGAUUG,GCAUUUUACUGUACAGAUUA,GCAUUUUACUGUACAGAUUG,True,False,False
Supplemental Table 1,42,APP_3041_Blunt_2'-OMe/-F,P(mU)#(fG)#(mA)(fG)(fG)(fA)(mU)(fA)(mC)(fA)(mC)(fA)(mC)#(fG)#(mU)#(fU)#(mU)#(mG)#(mU)#(fU),(mA)#(mG)#(mA)(fG)(mG)(mA)(mU)(fA)(mC)(fA)(mC)(fA)(mC)(fG)(mU)(mU)(mU)(fG)#(mU)#(mA)-TegChol,AGAGGAUACACACGUUUGUU,UGAGGAUACACACGUUUGUU,AGAGGAUACACACGUUUGUA,AGAGGAUACACACGUUUGUU,True,False,False
Supplemental Table 1,43,APP_3093_Blunt_2'-OMe/-F,P(mU)#(fA)#(mU)(fU)(fG)(fA)(mG)(fA)(mC)(fU)(mU)(fC)(mA)#(fA)#(mG)#(fC)#(mU)#(mU)#(mU)#(fU),(mC)#(mA)#(mU)(fU)(mG)(mA)(mG)(fA)(mC)(fU)(mU)(fC)(mA)(fA)(mG)(mC)(mU)(fU)#(mU)#(mA)-TegChol,CAUUGAGACUUCAAGCUUUU,UAUUGAGACUUCAAGCUUUU,CAUUGAGACUUCAAGCUUUA,CAUUGAGACUUCAAGCUUUU,True,False,False
Supplemental Table 1,44,APP_3145_Blunt_2'-OMe/-F,P(mU)#(fA)#(mA)(fA)(fG)(fA)(mA)(fA)(mA)(fG)(mA)(fA)(mU)#(fC)#(mC)#(fC)#(mU)#(mG)#(mU)#(fU),(mU)#(mA)#(mA)(fA)(mG)(mA)(mA)(fA)(mA)(fG)(mA)(fA)(mU)(fC)(mC)(mC)(mU)(fG)#(mU)#(mA)-TegChol,UAAAGAAAAGAAUCCCUGUU,UAAAGAAAAGAAUCCCUGUU,UAAAGAAAAGAAUCCCUGUA,UAAAGAAAAGAAUCCCUGUU,True,False,False
Supplemental Table 1,45,APP_3228_Blunt_2'-OMe/-F,P(mU)#(fU)#(mU)(fC)(fU)(fC)(mC)(fA)(mA)(fA)(mA)(fC)(mA)#(fA)#(mU)#(fU)#(mU)#(mU)#(mC)#(fU),(mA)#(mU)#(mU)(fC)(mU)(mC)(mC)(fA)(mA)(fA)(mA)(fC)(mA)(fA)(mU)(mU)(mU)(fU)#(mC)#(mA)-TegChol,AUUCUCCAAAACAAUUUUCU,UUUCUCCAAAACAAUUUUCU,AUUCUCCAAAACAAUUUUCA,AUUCUCCAAAACAAUUUUCU,True,False,False
Supplemental Table 1,46,APP_3281_Blunt_2'-OMe/-F,P(mU)#(fU)#(mG)(fA)(fU)(fC)(mG)(fC)(mU)(fU)(mU)(fC)(mU)#(fA)#(mC)#(fA)#(mC)#(mU)#(mG)#(fU),(mA)#(mU)#(mG)(fA)(mU)(mC)(mG)(fC)(mU)(fU)(mU)(fC)(mU)(fA)(mC)(mA)(mC)(fU)#(mG)#(mA)-TegChol,AUGAUCGCUUUCUACACUGU,UUGAUCGCUUUCUACACUGU,AUGAUCGCUUUCUACACUGA,AUGAUCGCUUUCUACACUGU,True,False,False
Supplemental Table 1,47,APP_3299_Blunt_2'-OMe/-F,P(mU)#(fU)#(mA)(fU)(fU)(fA)(mC)(fA)(mU)(fA)(mA)(fA)(mU)#(fA)#(mA)#(fA)#(mU)#(mU)#(mA)#(fA),(mG)#(mU)#(mA)(fU)(mU)(mA)(mC)(fA)(mU)(fA)(mA)(fA)(mU)(fA)(mA)(mA)(mU)(fU)#(mA)#(mA)-TegChol,GUAUUACAUAAAUAAAUUAA,UUAUUACAUAAAUAAAUUAA,GUAUUACAUAAAUAAAUUAA,GUAUUACAUAAAUAAAUUAA,True,False,False
Supplemental Table 1,48,APP_3352_Blunt_2'-OMe/-F,P(mU)#(fG)#(mA)(fU)(fG)(fA)(mC)(fU)(mA)(fC)(mA)(fG)(mA)#(fC)#(mA)#(fU)#(mU)#(mA)#(mA)#(fA),(mG)#(mG)#(mA)(fU)(mG)(mA)(mC)(fU)(mA)(fC)(mA)(fG)(mA)(fC)(mA)(mU)(mU)(fA)#(mA)#(mA)-TegChol,GGAUGACUACAGACAUUAAA,UGAUGACUACAGACAUUAAA,GGAUGACUACAGACAUUAAA,GGAUGACUACAGACAUUAAA,True,False,False
Supplemental Table 1,49,APP_3422_Blunt_2'-OMe/-F,P(mU)#(fC)#(mC)(fA)(fG)(fU)(mC)(fU)(mG)(fA)(mA)(fG)(mU)#(fU)#(mU)#(fC)#(mA)#(mU)#(mU)#(fU),(mA)#(mC)#(mC)(fA)(mG)(mU)(mC)(fU)(mG)(fA)(mA)(fG)(mU)(fU)(mU)(mC)(mA)(fU)#(mU)#(mA)-TegChol,ACCAGUCUGAAGUUUCAUUU,UCCAGUCUGAAGUUUCAUUU,ACCAGUCUGAAGUUUCAUUA,ACCAGUCUGAAGUUUCAUUU,True,False,False
Supplemental Table 1,50,APP_3501_Blunt_2'-OMe/-F,P(mU)#(fG)#(mG)(fA)(fC)(fA)(mA)(fA)(mC)(fC)(mC)(fU)(mU)#(fC)#(mU)#(fU)#(mU)#(mU)#(mA)#(fA),(mU)#(mG)#(mG)(fA)(mC)(mA)(mA)(fA)(mC)(fC)(mC)(fU)(mU)(fC)(mU)(mU)(mU)(fU)#(mA)#(mA)-TegChol,UGGACAAACCCUUCUUUUAA,UGGACAAACCCUUCUUUUAA,UGGACAAACCCUUCUUUUAA,UGGACAAACCCUUCUUUUAA,True,False,False
Supplemental Table 1,51,APP_3549_Blunt_2'-OMe/-F,P(mU)#(fU)#(mU)(fU)(fU)(fC)(mA)(fU)(mG)(fU)(mA)(fA)(mA)#(fU)#(mA)#(fA)#(mA)#(mU)#(mA)#(fC),(mG)#(mU)#(mU)(fU)(mU)(mC)(mA)(fU)(mG)(fU)(mA)(fA)(mA)(fU)(mA)(mA)(mA)(fU)#(mA)#(mA)-TegChol,GUUUUCAUGUAAAUAAAUAC,UUUUUCAUGUAAAUAAAUAC,GUUUUCAUGUAAAUAAAUAA,GUUUUCAUGUAAAUAAAUAC,True,False,False
Supplemental Table 1,52,APP_3555_Blunt_2'-OMe/-F,P(mU)#(fU)#(mG)(fU)(fA)(fA)(mA)(fU)(mA)(fA)(mA)(fU)(mA)#(fC)#(mA)#(fU)#(mU)#(mC)#(mU)#(fU),(mA)#(mU)#(mG)(fU)(mA)(mA)(mA)(fU)(mA)(fA)(mA)(fU)(mA)(fC)(mA)(mU)(mU)(fC)#(mU)#(mA)-TegChol,AUGUAAAUAAAUACAUUCUU,UUGUAAAUAAAUACAUUCUU,AUGUAAAUAAAUACAUUCUA,AUGUAAAUAAAUACAUUCUU,True,False,False
Supplemental Table 1,53,APP_3556_Blunt_2'-OMe/-F,P(mU)#(fG)#(mU)(fA)(fA)(fA)(mU)(fA)(mA)(fA)(mU)(fA)(mC)#(fA)#(mU)#(fU)#(mC)#(mU)#(mU)#(fG),(mU)#(mG)#(mU)(fA)(mA)(mA)(mU)(fA)(mA)(fA)(mU)(fA)(mC)(fA)(mU)(mU)(mC)(fU)#(mU)#(mA)-TegChol,UGUAAAUAAAUACAUUCUUG,UGUAAAUAAAUACAUUCUUG,UGUAAAUAAAUACAUUCUUA,UGUAAAUAAAUACAUUCUUG,True,False,False
Supplemental Table 1,54,BACE1_740_Blunt_2'-OMe/-F,P(mU)#(fA)#(mC)(fA)(fG)(fG)(mC)(fA)(mG)(fC)(mA)(fG)(mU)#(fA)#(mA)#(fC)#(mU)#(mU)#(mU)#(fG),(mU)#(mA)#(mC)(fA)(mG)(mG)(mC)(fA)(mG)(fC)(mA)(fG)(mU)(fA)(mA)(mC)(mU)(fU)#(mU)#(mA)-TegChol,UACAGGCAGCAGUAACUUUG,UACAGGCAGCAGUAACUUUG,UACAGGCAGCAGUAACUUUA,UACAGGCAGCAGUAACUUUG,True,False,False
Supplemental Table 1,55,BACE1_1013_Blunt_2'-OMe/-F,P(mU)#(fC)#(mA)(fU)(fU)(fG)(mC)(fU)(mG)(fC)(mC)(fA)(mU)#(fC)#(mA)#(fC)#(mU)#(mG)#(mA)#(fA),(mA)#(mC)#(mA)(fU)(mU)(mG)(mC)(fU)(mG)(fC)(mC)(fA)(mU)(fC)(mA)(mC)(mU)(fG)#(mA)#(mA)-TegChol,ACAUUGCUGCCAUCACUGAA,UCAUUGCUGCCAUCACUGAA,ACAUUGCUGCCAUCACUGAA,ACAUUGCUGCCAUCACUGAA,True,False,False
Supplemental Table 1,56,BACE1_1118_Blunt_2'-OMe/-F,P(mU)#(fG)#(mG)(fA)(fG)(fC)(mC)(fU)(mU)(fU)(mC)(fU)(mU)#(fU)#(mG)#(fA)#(mC)#(mU)#(mC)#(fU),(mU)#(mG)#(mG)(fA)(mG)(mC)(mC)(fU)(mU)(fU)(mC)(fU)(mU)(fU)(mG)(mA)(mC)(fU)#(mC)#(mA)-TegChol,UGGAGCCUUUCUUUGACUCU,UGGAGCCUUUCUUUGACUCU,UGGAGCCUUUCUUUGACUCA,UGGAGCCUUUCUUUGACUCU,True,False,False
Supplemental Table 1,57,BACE1_1229_Blunt_2'-OMe/-F,P(mU)#(fC)#(mG)(fG)(fA)(fG)(mG)(fG)(mA)(fG)(mC)(fA)(mU)#(fG)#(mA)#(fU)#(mC)#(mA)#(mU)#(fU),(mU)#(mC)#(mG)(fG)(mA)(mG)(mG)(fG)(mA)(fG)(mC)(fA)(mU)(fG)(mA)(mU)(mC)(fA)#(mU)#(mA)-TegChol,UCGGAGGGAGCAUGAUCAUU,UCGGAGGGAGCAUGAUCAUU,UCGGAGGGAGCAUGAUCAUA,UCGGAGGGAGCAUGAUCAUU,True,False,False
Supplemental Table 1,58,BACE1_1304_Blunt_2'-OMe/-F,P(mU)#(fG)#(mG)(fA)(fG)(fU)(mG)(fG)(mU)(fA)(mU)(fU)(mA)#(fU)#(mG)#(fA)#(mG)#(mG)#(mU)#(fG),(mG)#(mG)#(mG)(fA)(mG)(mU)(mG)(fG)(mU)(fA)(mU)(fU)(mA)(fU)(mG)(mA)(mG)(fG)#(mU)#(mA)-TegChol,GGGAGUGGUAUUAUGAGGUG,UGGAGUGGUAUUAUGAGGUG,GGGAGUGGUAUUAUGAGGUA,GGGAGUGGUAUUAUGAGGUG,True,False,False
Supplemental Table 1,59,BACE1_1361_Blunt_2'-OMe/-F,P(mU)#(fA)#(mA)(fU)(fG)(fG)(mA)(fC)(mU)(fG)(mC)(fA)(mA)#(fG)#(mG)#(fA)#(mG)#(mU)#(mA)#(fC),(mA)#(mA)#(mA)(fU)(mG)(mG)(mA)(fC)(mU)(fG)(mC)(fA)(mA)(fG)(mG)(mA)(mG)(fU)#(mA)#(mA)-TegChol,AAAUGGACUGCAAGGAGUAC,UAAUGGACUGCAAGGAGUAC,AAAUGGACUGCAAGGAGUAA,AAAUGGACUGCAAGGAGUAC,True,False,False
Supplemental Table 1,60,BACE1_1426_Blunt_2'-OMe/-F,P(mU)#(fU)#(mG)(fC)(fC)(fC)(mA)(fA)(mG)(fA)(mA)(fA)(mG)#(fU)#(mG)#(fU)#(mU)#(mU)#(mG)#(fA),(mU)#(mU)#(mG)(fC)(mC)(mC)(mA)(fA)(mG)(fA)(mA)(fA)(mG)(fU)(mG)(mU)(mU)(fU)#(mG)#(mA)-TegChol,UUGCCCAAGAAAGUGUUUGA,UUGCCCAAGAAAGUGUUUGA,UUGCCCAAGAAAGUGUUUGA,UUGCCCAAGAAAGUGUUUGA,True,False,False
Supplemental Table 1,61,BACE1_1496_Blunt_2'-OMe/-F,P(mU)#(fU)#(mG)(fG)(fU)(fU)(mU)(fC)(mU)(fG)(mG)(fC)(mU)#(fA)#(mG)#(fG)#(mA)#(mG)#(mA)#(fG),(mA)#(mU)#(mG)(fG)(mU)(mU)(mU)(fC)(mU)(fG)(mG)(fC)(mU)(fA)(mG)(mG)(mA)(fG)#(mA)#(mA)-TegChol,AUGGUUUCUGGCUAGGAGAG,UUGGUUUCUGGCUAGGAGAG,AUGGUUUCUGGCUAGGAGAA,AUGGUUUCUGGCUAGGAGAG,True,False,False
Supplemental Table 1,62,BACE1_1591_Blunt_2'-OMe/-F,P(mU)#(fU)#(mU)(fA)(fC)(fC)(mA)(fA)(mC)(fC)(mA)(fG)(mU)#(fC)#(mC)#(fU)#(mU)#(mC)#(mC)#(fG),(mG)#(mU)#(mU)(fA)(mC)(mC)(mA)(fA)(mC)(fC)(mA)(fG)(mU)(fC)(mC)(mU)(mU)(fC)#(mC)#(mA)-TegChol,GUUACCAACCAGUCCUUCCG,UUUACCAACCAGUCCUUCCG,GUUACCAACCAGUCCUUCCA,GUUACCAACCAGUCCUUCCG,True,False,False
Supplemental Table 1,63,BACE1_1687_Blunt_2'-OMe/-F,P(mU)#(fC)#(mC)(fA)(fU)(fC)(mU)(fC)(mA)(fC)(mA)(fG)(mU)#(fC)#(mA)#(fU)#(mC)#(mC)#(mA)#(fC),(mG)#(mC)#(mC)(fA)(mU)(mC)(mU)(fC)(mA)(fC)(mA)(fG)(mU)(fC)(mA)(mU)(mC)(fC)#(mA)#(mA)-TegChol,GCCAUCUCACAGUCAUCCAC,UCCAUCUCACAGUCAUCCAC,GCCAUCUCACAGUCAUCCAA,GCCAUCUCACAGUCAUCCAC,True,False,False
Supplemental Table 1,64,BACE1_1755_Blunt_2'-OMe/-F,P(mU)#(fG)#(mA)(fU)(fC)(fG)(mG)(fG)(mC)(fC)(mC)(fG)(mA)#(fA)#(mA)#(fA)#(mC)#(mG)#(mA)#(fA),(mU)#(mG)#(mA)(fU)(mC)(mG)(mG)(fG)(mC)(fC)(mC)(fG)(mA)(fA)(mA)(mA)(mC)(fG)#(mA)#(mA)-TegChol,UGAUCGGGCCCGAAAACGAA,UGAUCGGGCCCGAAAACGAA,UGAUCGGGCCCGAAAACGAA,UGAUCGGGCCCGAAAACGAA,True,False,False
Supplemental Table 1,65,BACE1_1846_Blunt_2'-OMe/-F,P(mU)#(fC)#(mC)(fU)(fU)(fG)(mG)(fA)(mC)(fA)(mU)(fG)(mG)#(fA)#(mA)#(fG)#(mA)#(mC)#(mU)#(fG),(mA)#(mC)#(mC)(fU)(mU)(mG)(mG)(fA)(mC)(fA)(mU)(fG)(mG)(fA)(mA)(mG)(mA)(fC)#(mU)#(mA)-TegChol,ACCUUGGACAUGGAAGACUG,UCCUUGGACAUGGAAGACUG,ACCUUGGACAUGGAAGACUA,ACCUUGGACAUGGAAGACUG,True,False,False
Supplemental Table 1,66,BACE1_1901_Blunt_2'-OMe/-F,P(mU)#(fC)#(mA)(fU)(fG)(fA)(mC)(fC)(mA)(fU)(mA)(fG)(mC)#(fC)#(mU)#(fA)#(mU)#(mG)#(mU)#(fC),(mU)#(mC)#(mA)(fU)(mG)(mA)(mC)(fC)(mA)(fU)(mA)(fG)(mC)(fC)(mU)(mA)(mU)(fG)#(mU)#(mA)-TegChol,UCAUGACCAUAGCCUAUGUC,UCAUGACCAUAGCCUAUGUC,UCAUGACCAUAGCCUAUGUA,UCAUGACCAUAGCCUAUGUC,True,False,False
Supplemental Table 1,67,BACE1_2027_Blunt_2'-OMe/-F,P(mU)#(fC)#(mU)(fC)(fC)(fC)(mU)(fG)(mC)(fU)(mG)(fA)(mA)#(fG)#(mU)#(fG)#(mA)#(mG)#(mG)#(fA),(mU)#(mC)#(mU)(fC)(mC)(mC)(mU)(fG)(mC)(fU)(mG)(fA)(mA)(fG)(mU)(mG)(mA)(fG)#(mG)#(mA)-TegChol,UCUCCCUGCUGAAGUGAGGA,UCUCCCUGCUGAAGUGAGGA,UCUCCCUGCUGAAGUGAGGA,UCUCCCUGCUGAAGUGAGGA,True,False,False
Supplemental Table 1,68,BACE1_2179_Blunt_2'-OMe/-F,P(mU)#(fU)#(mU)(fG)(fA)(fU)(mG)(fG)(mA)(fG)(mA)(fA)(mG)#(fG)#(mA)#(fA)#(mA)#(mA)#(mG)#(fG),(mC)#(mU)#(mU)(fG)(mA)(mU)(mG)(fG)(mA)(fG)(mA)(fA)(mG)(fG)(mA)(mA)(mA)(fA)#(mG)#(mA)-TegChol,CUUGAUGGAGAAGGAAAAGG,UUUGAUGGAGAAGGAAAAGG,CUUGAUGGAGAAGGAAAAGA,CUUGAUGGAGAAGGAAAAGG,True,False,False
Supplemental Table 1,69,BACE1_2326_Blunt_2'-OMe/-F,P(mU)#(fG)#(mC)(fC)(fC)(fU)(mG)(fA)(mA)(fC)(mC)(fU)(mU)#(fU)#(mG)#(fU)#(mC)#(mC)#(mA)#(fC),(mA)#(mG)#(mC)(fC)(mC)(mU)(mG)(fA)(mA)(fC)(mC)(fU)(mU)(fU)(mG)(mU)(mC)(fC)#(mA)#(mA)-TegChol,AGCCCUGAACCUUUGUCCAC,UGCCCUGAACCUUUGUCCAC,AGCCCUGAACCUUUGUCCAA,AGCCCUGAACCUUUGUCCAC,True,False,False
Supplemental Table 1,70,BACE1_2469_Blunt_2'-OMe/-F,P(mU)#(fU)#(mU)(fU)(fC)(fC)(mC)(fU)(mG)(fC)(mU)(fG)(mG)#(fC)#(mC)#(fA)#(mA)#(mA)#(mG)#(fU),(mG)#(mU)#(mU)(fU)(mC)(mC)(mC)(fU)(mG)(fC)(mU)(fG)(mG)(fC)(mC)(mA)(mA)(fA)#(mG)#(mA)-TegChol,GUUUCCCUGCUGGCCAAAGU,UUUUCCCUGCUGGCCAAAGU,GUUUCCCUGCUGGCCAAAGA,GUUUCCCUGCUGGCCAAAGU,True,False,False
Supplemental Table 1,71,BACE1_2579_Blunt_2'-OMe/-F,P(mU)#(fU)#(mA)(fA)(fA)(fA)(mA)(fA)(mA)(fA)(mA)(fA)(mA)#(fC)#(mU)#(fA)#(mG)#(mA)#(mU)#(fU),(mU)#(mU)#(mA)(fA)(mA)(mA)(mA)(fA)(mA)(fA)(mA)(fA)(mA)(fC)(mU)(mA)(mG)(fA)#(mU)#(mA)-TegChol,UUAAAAAAAAAAACUAGAUU,UUAAAAAAAAAAACUAGAUU,UUAAAAAAAAAAACUAGAUA,UUAAAAAAAAAAACUAGAUU,True,False,False
Supplemental Table 1,72,BACE1_2711_Blunt_2'-OMe/-F,P(mU)#(fU)#(mA)(fG)(fU)(fU)(mU)(fU)(mA)(fG)(mA)(fC)(mC)#(fU)#(mC)#(fA)#(mU)#(mC)#(mU)#(fC),(mC)#(mU)#(mA)(fG)(mU)(mU)(mU)(fU)(mA)(fG)(mA)(fC)(mC)(fU)(mC)(mA)(mU)(fC)#(mU)#(mA)-TegChol,CUAGUUUUAGACCUCAUCUC,UUAGUUUUAGACCUCAUCUC,CUAGUUUUAGACCUCAUCUA,CUAGUUUUAGACCUCAUCUC,True,False,False
Supplemental Table 1,73,BACE1_2820_Blunt_2'-OMe/-F,P(mU)#(fC)#(mU)(fU)(fA)(fU)(mC)(fU)(mA)(fG)(mC)(fC)(mA)#(fA)#(mA)#(fG)#(mA)#(mG)#(mC)#(fU),(mG)#(mC)#(mU)(fU)(mA)(mU)(mC)(fU)(mA)(fG)(mC)(fC)(mA)(fA)(mA)(mG)(mA)(fG)#(mC)#(mA)-TegChol,GCUUAUCUAGCCAAAGAGCU,UCUUAUCUAGCCAAAGAGCU,GCUUAUCUAGCCAAAGAGCA,GCUUAUCUAGCCAAAGAGCU,True,False,False
Supplemental Table 1,74,BACE1_2926_Blunt_2'-OMe/-F,P(mU)#(fU)#(mG)(fA)(fA)(fC)(mC)(fA)(mC)(fC)(mC)(fU)(mU)#(fU)#(mA)#(fU)#(mU)#(mC)#(mU)#(fA),(mC)#(mU)#(mG)(fA)(mA)(mC)(mC)(fA)(mC)(fC)(mC)(fU)(mU)(fU)(mA)(mU)(mU)(fC)#(mU)#(mA)-TegChol,CUGAACCACCCUUUAUUCUA,UUGAACCACCCUUUAUUCUA,CUGAACCACCCUUUAUUCUA,CUGAACCACCCUUUAUUCUA,True,False,False
Supplemental Table 1,75,BACE1_3107_Blunt_2'-OMe/-F,P(mU)#(fA)#(mU)(fA)(fG)(fG)(mU)(fA)(mG)(fG)(mA)(fG)(mA)#(fC)#(mC)#(fU)#(mC)#(mU)#(mU)#(fC),(mA)#(mA)#(mU)(fA)(mG)(mG)(mU)(fA)(mG)(fG)(mA)(fG)(mA)(fC)(mC)(mU)(mC)(fU)#(mU)#(mA)-TegChol,AAUAGGUAGGAGACCUCUUC,UAUAGGUAGGAGACCUCUUC,AAUAGGUAGGAGACCUCUUA,AAUAGGUAGGAGACCUCUUC,True,False,False
Supplemental Table 1,76,BACE1_3226_Blunt_2'-OMe/-F,P(mU)#(fG)#(mA)(fU)(fC)(fU)(mU)(fU)(mA)(fC)(mA)(fU)(mA)#(fA)#(mU)#(fU)#(mC)#(mA)#(mG)#(fA),(mA)#(mG)#(mA)(fU)(mC)(mU)(mU)(fU)(mA)(fC)(mA)(fU)(mA)(fA)(mU)(mU)(mC)(fA)#(mG)#(mA)-TegChol,AGAUCUUUACAUAAUUCAGA,UGAUCUUUACAUAAUUCAGA,AGAUCUUUACAUAAUUCAGA,AGAUCUUUACAUAAUUCAGA,True,False,False
Supplemental Table 1,77,BACE1_3344_Blunt_2'-OMe/-F,P(mU)#(fA)#(mC)(fA)(fG)(fU)(mG)(fC)(mU)(fU)(mU)(fA)(mU)#(fG)#(mG)#(fC)#(mU)#(mC)#(mU)#(fA),(mU)#(mA)#(mC)(fA)(mG)(mU)(mG)(fC)(mU)(fU)(mU)(fA)(mU)(fG)(mG)(mC)(mU)(fC)#(mU)#(mA)-TegChol,UACAGUGCUUUAUGGCUCUA,UACAGUGCUUUAUGGCUCUA,UACAGUGCUUUAUGGCUCUA,UACAGUGCUUUAUGGCUCUA,True,False,False
Supplemental Table 1,78,BACE1_3545_Blunt_2'-OMe/-F,P(mU)#(fC)#(mC)(fA)(fA)(fG)(mU)(fU)(mC)(fA)(mU)(fU)(mA)#(fC)#(mC)#(fU)#(mC)#(mC)#(mC)#(fU),(mA)#(mC)#(mC)(fA)(mA)(mG)(mU)(fU)(mC)(fA)(mU)(fU)(mA)(fC)(mC)(mU)(mC)(fC)#(mC)#(mA)-TegChol,ACCAAGUUCAUUACCUCCCU,UCCAAGUUCAUUACCUCCCU,ACCAAGUUCAUUACCUCCCA,ACCAAGUUCAUUACCUCCCU,True,False,False
Supplemental Table 1,79,BACE1_3669_Blunt_2'-OMe/-F,P(mU)#(fC)#(mA)(fG)(fG)(fU)(mA)(fU)(mG)(fG)(mG)(fA)(mC)#(fC)#(mU)#(fG)#(mC)#(mU)#(mA)#(fA),(mC)#(mC)#(mA)(fG)(mG)(mU)(mA)(fU)(mG)(fG)(mG)(fA)(mC)(fC)(mU)(mG)(mC)(fU)#(mA)#(mA)-TegChol,CCAGGUAUGGGACCUGCUAA,UCAGGUAUGGGACCUGCUAA,CCAGGUAUGGGACCUGCUAA,CCAGGUAUGGGACCUGCUAA,True,False,False
Supplemental Table 1,80,BACE1_3768_Blunt_2'-OMe/-F,P(mU)#(fC)#(mA)(fU)(fA)(fA)(mA)(fC)(mC)(fA)(mA)(fU)(mA)#(fA)#(mA)#(fA)#(mC)#(mA)#(mA)#(fG),(mC)#(mC)#(mA)(fU)(mA)(mA)(mA)(fC)(mC)(fA)(mA)(fU)(mA)(fA)(mA)(mA)(mC)(fA)#(mA)#(mA)-TegChol,CCAUAAACCAAUAAAACAAG,UCAUAAACCAAUAAAACAAG,CCAUAAACCAAUAAAACAAA,CCAUAAACCAAUAAAACAAG,True,False,False
Supplemental Table 1,81,BACE1_3777_Blunt_2'-OMe/-F,P(mU)#(fA)#(mU)(fA)(fA)(fA)(mA)(fC)(mA)(fA)(mG)(fA)(mA)#(fU)#(mA)#(fC)#(mU)#(mG)#(mA)#(fG),(mA)#(mA)#(mU)(fA)(mA)(mA)(mA)(fC)(mA)(fA)(mG)(fA)(mA)(fU)(mA)(mC)(mU)(fG)#(mA)#(mA)-TegChol,AAUAAAACAAGAAUACUGAG,UAUAAAACAAGAAUACUGAG,AAUAAAACAAGAAUACUGAA,AAUAAAACAAGAAUACUGAG,True,False,False
Supplemental Table 1,82,BACE1_3807_Blunt_2'-OMe/-F,P(mU)#(fU)#(mC)(fU)(fG)(fG)(mG)(fU)(mU)(fC)(mU)(fC)(mU)#(fU)#(mC)#(fA)#(mU)#(mU)#(mC)#(fC),(mA)#(mU)#(mC)(fU)(mG)(mG)(mG)(fU)(mU)(fC)(mU)(fC)(mU)(fU)(mC)(mA)(mU)(fU)#(mC)#(mA)-TegChol,AUCUGGGUUCUCUUCAUUCC,UUCUGGGUUCUCUUCAUUCC,AUCUGGGUUCUCUUCAUUCA,AUCUGGGUUCUCUUCAUUCC,True,False,False
Supplemental Table 1,83,BACE1_3927_Blunt_2'-OMe/-F,P(mU)#(fG)#(mU)(fA)(fA)(fA)(mU)(fA)(mA)(fA)(mC)(fU)(mU)#(fU)#(mC)#(fA)#(mG)#(mA)#(mA)#(fC),(mU)#(mG)#(mU)(fA)(mA)(mA)(mU)(fA)(mA)(fA)(mC)(fU)(mU)(fU)(mC)(mA)(mG)(fA)#(mA)#(mA)-TegChol,UGUAAAUAAACUUUCAGAAC,UGUAAAUAAACUUUCAGAAC,UGUAAAUAAACUUUCAGAAA,UGUAAAUAAACUUUCAGAAC,True,False,False
Supplemental Table 1,84,BACE1_3936_Blunt_2'-OMe/-F,P(mU)#(fC)#(mU)(fU)(fU)(fC)(mA)(fG)(mA)(fA)(mC)(fU)(mG)#(fC)#(mU)#(fA)#(mC)#(mC)#(mA)#(fU),(mA)#(mC)#(mU)(fU)(mU)(mC)(mA)(fG)(mA)(fA)(mC)(fU)(mG)(fC)(mU)(mA)(mC)(fC)#(mA)#(mA)-TegChol,ACUUUCAGAACUGCUACCAU,UCUUUCAGAACUGCUACCAU,ACUUUCAGAACUGCUACCAA,ACUUUCAGAACUGCUACCAU,True,False,False
Supplemental Table 1,85,BACE1_4062_Blunt_2'-OMe/-F,P(mU)#(fU)#(mC)(fC)(fC)(fA)(mU)(fC)(mA)(fG)(mC)(fC)(mU)#(fA)#(mU)#(fU)#(mA)#(mU)#(mU)#(fU),(mG)#(mU)#(mC)(fC)(mC)(mA)(mU)(fC)(mA)(fG)(mC)(fC)(mU)(fA)(mU)(mU)(mA)(fU)#(mU)#(mA)-TegChol,GUCCCAUCAGCCUAUUAUUU,UUCCCAUCAGCCUAUUAUUU,GUCCCAUCAGCCUAUUAUUA,GUCCCAUCAGCCUAUUAUUU,True,False,False
Supplemental Table 1,86,BACE1_4197_Blunt_2'-OMe/-F,P(mU)#(fU)#(mG)(fU)(fA)(fU)(mU)(fA)(mU)(fA)(mC)(fA)(mU)#(fC)#(mU)#(fG)#(mU)#(mA)#(mU)#(fU),(mA)#(mU)#(mG)(fU)(mA)(mU)(mU)(fA)(mU)(fA)(mC)(fA)(mU)(fC)(mU)(mG)(mU)(fA)#(mU)#(mA)-TegChol,AUGUAUUAUACAUCUGUAUU,UUGUAUUAUACAUCUGUAUU,AUGUAUUAUACAUCUGUAUA,AUGUAUUAUACAUCUGUAUU,True,False,False
Supplemental Table 1,87,BACE1_4361_Blunt_2'-OMe/-F,P(mU)#(fU)#(mU)(fU)(fC)(fU)(mG)(fA)(mC)(fU)(mG)(fA)(mU)#(fC)#(mC)#(fU)#(mG)#(mA)#(mA)#(fC),(mC)#(mU)#(mU)(fU)(mC)(mU)(mG)(fA)(mC)(fU)(mG)(fA)(mU)(fC)(mC)(mU)(mG)(fA)#(mA)#(mA)-TegChol,CUUUCUGACUGAUCCUGAAC,UUUUCUGACUGAUCCUGAAC,CUUUCUGACUGAUCCUGAAA,CUUUCUGACUGAUCCUGAAC,True,False,False
Supplemental Table 1,88,BACE1_4523_Blunt_2'-OMe/-F,P(mU)#(fU)#(mU)(fU)(fG)(fG)(mC)(fU)(mU)(fC)(mA)(fA)(mA)#(fG)#(mG)#(fA)#(mU)#(mU)#(mU)#(fU),(mC)#(mU)#(mU)(fU)(mG)(mG)(mC)(fU)(mU)(fC)(mA)(fA)(mA)(fG)(mG)(mA)(mU)(fU)#(mU)#(mA)-TegChol,CUUUGGCUUCAAAGGAUUUU,UUUUGGCUUCAAAGGAUUUU,CUUUGGCUUCAAAGGAUUUA,CUUUGGCUUCAAAGGAUUUU,True,False,False
Supplemental Table 1,89,BACE1_4693_Blunt_2'-OMe/-F,P(mU)#(fA)#(mG)(fA)(fA)(fC)(mA)(fA)(mU)(fA)(mG)(fA)(mA)#(fC)#(mU)#(fG)#(mG)#(mU)#(mC)#(fU),(mA)#(mA)#(mG)(fA)(mA)(mC)(mA)(fA)(mU)(fA)(mG)(fA)(mA)(fC)(mU)(mG)(mG)(fU)#(mC)#(mA)-TegChol,AAGAACAAUAGAACUGGUCU,UAGAACAAUAGAACUGGUCU,AAGAACAAUAGAACUGGUCA,AAGAACAAUAGAACUGGUCU,True,False,False
Supplemental Table 1,90,BACE1_4799_Blunt_2'-OMe/-F,P(mU)#(fU)#(mC)(fU)(fG)(fA)(mA)(fG)(mA)(fG)(mC)(fU)(mG)#(fA)#(mG)#(fU)#(mA)#(mC)#(mU)#(fC),(mC)#(mU)#(mC)(fU)(mG)(mA)(mA)(fG)(mA)(fG)(mC)(fU)(mG)(fA)(mG)(mU)(mA)(fC)#(mU)#(mA)-TegChol,CUCUGAAGAGCUGAGUACUC,UUCUGAAGAGCUGAGUACUC,CUCUGAAGAGCUGAGUACUA,CUCUGAAGAGCUGAGUACUC,True,False,False
Supplemental Table 1,91,BACE1_4877_Blunt_2'-OMe/-F,P(mU)#(fA)#(mC)(fU)(fG)(fA)(mC)(fG)(mC)(fU)(mA)(fG)(mU)#(fC)#(mA)#(fA)#(mU)#(mA)#(mA)#(fA),(mA)#(mA)#(mC)(fU)(mG)(mA)(mC)(fG)(mC)(fU)(mA)(fG)(mU)(fC)(mA)(mA)(mU)(fA)#(mA)#(mA)-TegChol,AACUGACGCUAGUCAAUAAA,UACUGACGCUAGUCAAUAAA,AACUGACGCUAGUCAAUAAA,AACUGACGCUAGUCAAUAAA,True,False,False
Supplemental Table 1,92,BACE1_4886_Blunt_2'-OMe/-F,P(mU)#(fA)#(mG)(fU)(fC)(fA)(mA)(fU)(mA)(fA)(mA)(fC)(mC)#(fU)#(mG)#(fG)#(mG)#(mC)#(mA)#(fA),(mU)#(mA)#(mG)(fU)(mC)(mA)(mA)(fU)(mA)(fA)(mA)(fC)(mC)(fU)(mG)(mG)(mG)(fC)#(mA)#(mA)-TegChol,UAGUCAAUAAACCUGGGCAA,UAGUCAAUAAACCUGGGCAA,UAGUCAAUAAACCUGGGCAA,UAGUCAAUAAACCUGGGCAA,True,False,False
Supplemental Table 1,93,BACE1_5044_Blunt_2'-OMe/-F,P(mU)#(fU)#(mA)(fC)(fU)(fG)(mC)(fU)(mA)(fG)(mU)(fA)(mC)#(fC)#(mU)#(fG)#(mU)#(mA)#(mA)#(fG),(mG)#(mU)#(mA)(fC)(mU)(mG)(mC)(fU)(mA)(fG)(mU)(fA)(mC)(fC)(mU)(mG)(mU)(fA)#(mA)#(mA)-TegChol,GUACUGCUAGUACCUGUAAG,UUACUGCUAGUACCUGUAAG,GUACUGCUAGUACCUGUAAA,GUACUGCUAGUACCUGUAAG,True,False,False
Supplemental Table 1,94,BACE1_5163_Blunt_2'-OMe/-F,P(mU)#(fA)#(mC)(fU)(fU)(fG)(mU)(fU)(mU)(fA)(mA)(fU)(mU)#(fC)#(mU)#(fA)#(mA)#(mA)#(mA)#(fG),(mU)#(mA)#(mC)(fU)(mU)(mG)(mU)(fU)(mU)(fA)(mA)(fU)(mU)(fC)(mU)(mA)(mA)(fA)#(mA)#(mA)-TegChol,UACUUGUUUAAUUCUAAAAG,UACUUGUUUAAUUCUAAAAG,UACUUGUUUAAUUCUAAAAA,UACUUGUUUAAUUCUAAAAG,True,False,False
Supplemental Table 1,95,BACE1_5283_Blunt_2'-OMe/-F,P(mU)#(fA)#(mA)(fU)(fU)(fA)(mA)(fG)(mA)(fA)(mG)(fU)(mA)#(fC)#(mA)#(fA)#(mU)#(mA)#(mA)#(fG),(mA)#(mA)#(mA)(fU)(mU)(mA)(mA)(fG)(mA)(fA)(mG)(fU)(mA)(fC)(mA)(mA)(mU)(fA)#(mA)#(mA)-TegChol,AAAUUAAGAAGUACAAUAAG,UAAUUAAGAAGUACAAUAAG,AAAUUAAGAAGUACAAUAAA,AAAUUAAGAAGUACAAUAAG,True,False,False
Supplemental Table 1,96,BACE1_5387_Blunt_2'-OMe/-F,P(mU)#(fU)#(mC)(fA)(fC)(fU)(mU)(fU)(mG)(fG)(mU)(fC)(mU)#(fC)#(mC)#(fA)#(mU)#(mU)#(mU)#(fU),(mA)#(mU)#(mC)(fA)(mC)(mU)(mU)(fU)(mG)(fG)(mU)(fC)(mU)(fC)(mC)(mA)(mU)(fU)#(mU)#(mA)-TegChol,AUCACUUUGGUCUCCAUUUU,UUCACUUUGGUCUCCAUUUU,AUCACUUUGGUCUCCAUUUA,AUCACUUUGGUCUCCAUUUU,True,False,False
Supplemental Table 1,97,BACE1_5548_Blunt_2'-OMe/-F,P(mU)#(fC)#(mA)(fA)(fC)(fU)(mU)(fG)(mG)(fU)(mU)(fG)(mU)#(fG)#(mA)#(fA)#(mC)#(mC)#(mA)#(fA),(mA)#(mC)#(mA)(fA)(mC)(mU)(mU)(fG)(mG)(fU)(mU)(fG)(mU)(fG)(mA)(mA)(mC)(fC)#(mA)#(mA)-TegChol,ACAACUUGGUUGUGAACCAA,UCAACUUGGUUGUGAACCAA,ACAACUUGGUUGUGAACCAA,ACAACUUGGUUGUGAACCAA,True,False,False
Supplemental Table 1,98,BACE1_5678_Blunt_2'-OMe/-F,P(mU)#(fG)#(mA)(fC)(fA)(fG)(mU)(fG)(mG)(fC)(mA)(fG)(mC)#(fA)#(mA)#(fA)#(mG)#(mG)#(mA)#(fA),(mA)#(mG)#(mA)(fC)(mA)(mG)(mU)(fG)(mG)(fC)(mA)(fG)(mC)(fA)(mA)(mA)(mG)(fG)#(mA)#(mA)-TegChol,AGACAGUGGCAGCAAAGGAA,UGACAGUGGCAGCAAAGGAA,AGACAGUGGCAGCAAAGGAA,AGACAGUGGCAGCAAAGGAA,True,False,False
Supplemental Table 1,99,BACE1_5804_Blunt_2'-OMe/-F,P(mU)#(fA)#(mU)(fU)(fC)(fU)(mC)(fG)(mG)(fA)(mC)(fU)(mG)#(fU)#(mG)#(fA)#(mA)#(mU)#(mU)#(fU),(mU)#(mA)#(mU)(fU)(mC)(mU)(mC)(fG)(mG)(fA)(mC)(fU)(mG)(fU)(mG)(mA)(mA)(fU)#(mU)#(mA)-TegChol,UAUUCUCGGACUGUGAAUUU,UAUUCUCGGACUGUGAAUUU,UAUUCUCGGACUGUGAAUUA,UAUUCUCGGACUGUGAAUUU,True,False,False
Supplemental Table 1,100,MAPT_185_Blunt_2'-OMe/-F,P(mU)#(fA)#(mG)(fA)(fU)(fC)(mA)(fC)(mG)(fC)(mU)(fG)(mG)#(fG)#(mA)#(fC)#(mG)#(mU)#(mA)#(fC),(mA)#(mA)#(mG)(fA)(mU)(mC)(mA)(fC)(mG)(fC)(mU)(fG)(mG)(fG)(mA)(mC)(mG)(fU)#(mA)#(mA)-TegChol,AAGAUCACGCUGGGACGUAC,UAGAUCACGCUGGGACGUAC,AAGAUCACGCUGGGACGUAA,AAGAUCACGCUGGGACGUAC,True,False,False
Supplemental Table 1,101,MAPT_350_Blunt_2'-OMe/-F,P(mU)#(fG)#(mA)(fG)(fC)(fA)(mC)(fU)(mC)(fC)(mA)(fA)(mC)#(fA)#(mG)#(fC)#(mG)#(mG)#(mA)#(fA),(mA)#(mG)#(mA)(fG)(mC)(mA)(mC)(fU)(mC)(fC)(mA)(fA)(mC)(fA)(mG)(mC)(mG)(fG)#(mA)#(mA)-TegChol,AGAGCACUCCAACAGCGGAA,UGAGCACUCCAACAGCGGAA,AGAGCACUCCAACAGCGGAA,AGAGCACUCCAACAGCGGAA,True,False,False
Supplemental Table 1,102,MAPT_454_Blunt_2'-OMe/-F,P(mU)#(fC)#(mA)(fG)(fC)(fU)(mG)(fA)(mA)(fG)(mA)(fA)(mG)#(fC)#(mA)#(fG)#(mG)#(mC)#(mA)#(fU),(mA)#(mC)#(mA)(fG)(mC)(mU)(mG)(fA)(mA)(fG)(mA)(fA)(mG)(fC)(mA)(mG)(mG)(fC)#(mA)#(mA)-TegChol,ACAGCUGAAGAAGCAGGCAU,UCAGCUGAAGAAGCAGGCAU,ACAGCUGAAGAAGCAGGCAA,ACAGCUGAAGAAGCAGGCAU,True,False,False
Supplemental Table 1,103,MAPT_724_Blunt_2'-OMe/-F,P(mU)#(fU)#(mU)(fC)(fU)(fA)(mG)(fG)(mA)(fG)(mA)(fC)(mC)#(fU)#(mG)#(fC)#(mA)#(mC)#(mC)#(fA),(mC)#(mU)#(mU)(fC)(mU)(mA)(mG)(fG)(mA)(fG)(mA)(fC)(mC)(fU)(mG)(mC)(mA)(fC)#(mC)#(mA)-TegChol,CUUCUAGGAGACCUGCACCA,UUUCUAGGAGACCUGCACCA,CUUCUAGGAGACCUGCACCA,CUUCUAGGAGACCUGCACCA,True,False,False
Supplemental Table 1,104,MAPT_1059_Blunt_2'-OMe/-F,P(mU)#(fC)#(mA)(fC)(fG)(fU)(mG)(fG)(mA)(fA)(mA)(fU)(mC)#(fA)#(mC)#(fA)#(mC)#(mC)#(mC)#(fA),(mU)#(mC)#(mA)(fC)(mG)(mU)(mG)(fG)(mA)(fA)(mA)(fU)(mC)(fA)(mC)(mA)(mC)(fC)#(mC)#(mA)-TegChol,UCACGUGGAAAUCACACCCA,UCACGUGGAAAUCACACCCA,UCACGUGGAAAUCACACCCA,UCACGUGGAAAUCACACCCA,True,False,False
Supplemental Table 1,105,MAPT_1213_Blunt_2'-OMe/-F,P(mU)#(fC)#(mU)(fG)(fA)(fA)(mA)(fA)(mG)(fC)(mA)(fG)(mC)#(fC)#(mU)#(fG)#(mC)#(mU)#(mG)#(fC),(mU)#(mC)#(mU)(fG)(mA)(mA)(mA)(fA)(mG)(fC)(mA)(fG)(mC)(fC)(mU)(mG)(mC)(fU)#(mG)#(mA)-TegChol,UCUGAAAAGCAGCCUGCUGC,UCUGAAAAGCAGCCUGCUGC,UCUGAAAAGCAGCCUGCUGA,UCUGAAAAGCAGCCUGCUGC,True,False,False
Supplemental Table 1,106,MAPT_1312_Blunt_2'-OMe/-F,P(mU)#(fG)#(mC)(fG)(fA)(fU)(mG)(fA)(mC)(fA)(mA)(fA)(mA)#(fA)#(mA)#(fG)#(mC)#(mC)#(mA)#(fA),(mA)#(mG)#(mC)(fG)(mA)(mU)(mG)(fA)(mC)(fA)(mA)(fA)(mA)(fA)(mA)(mG)(mC)(fC)#(mA)#(mA)-TegChol,AGCGAUGACAAAAAAGCCAA,UGCGAUGACAAAAAAGCCAA,AGCGAUGACAAAAAAGCCAA,AGCGAUGACAAAAAAGCCAA,True,False,False
Supplemental Table 1,107,MAPT_1402_Blunt_2'-OMe/-F,P(mU)#(fG)#(mU)(fA)(fG)(fC)(mU)(fC)(mA)(fG)(mA)(fC)(mC)#(fC)#(mU)#(fC)#(mU)#(mG)#(mA)#(fU),(mG)#(mG)#(mU)(fA)(mG)(mC)(mU)(fC)(mA)(fG)(mA)(fC)(mC)(fC)(mU)(mC)(mU)(fG)#(mA)#(mA)-TegChol,GGUAGCUCAGACCCUCUGAU,UGUAGCUCAGACCCUCUGAU,GGUAGCUCAGACCCUCUGAA,GGUAGCUCAGACCCUCUGAU,True,False,False
Supplemental Table 1,108,MAPT_1498_Blunt_2'-OMe/-F,P(mU)#(fG)#(mC)(fA)(fG)(fU)(mU)(fC)(mU)(fG)(mG)(fA)(mG)#(fC)#(mA)#(fA)#(mA)#(mG)#(mG)#(fA),(mG)#(mG)#(mC)(fA)(mG)(mU)(mU)(fC)(mU)(fG)(mG)(fA)(mG)(fC)(mA)(mA)(mA)(fG)#(mG)#(mA)-TegChol,GGCAGUUCUGGAGCAAAGGA,UGCAGUUCUGGAGCAAAGGA,GGCAGUUCUGGAGCAAAGGA,GGCAGUUCUGGAGCAAAGGA,True,False,False
Supplemental Table 1,109,MAPT_1943_Blunt_2'-OMe/-F,P(mU)#(fU)#(mG)(fA)(fG)(fA)(mA)(fC)(mC)(fU)(mG)(fA)(mA)#(fG)#(mC)#(fA)#(mC)#(mC)#(mA)#(fG),(mC)#(mU)#(mG)(fA)(mG)(mA)(mA)(fC)(mC)(fU)(mG)(fA)(mA)(fG)(mC)(mA)(mC)(fC)#(mA)#(mA)-TegChol,CUGAGAACCUGAAGCACCAG,UUGAGAACCUGAAGCACCAG,CUGAGAACCUGAAGCACCAA,CUGAGAACCUGAAGCACCAG,True,False,False
Supplemental Table 1,110,MAPT_2019_Blunt_2'-OMe/-F,P(mU)#(fU)#(mC)(fC)(fA)(fA)(mG)(fU)(mG)(fU)(mG)(fG)(mC)#(fU)#(mC)#(fA)#(mA)#(mA)#(mG)#(fG),(mG)#(mU)#(mC)(fC)(mA)(mA)(mG)(fU)(mG)(fU)(mG)(fG)(mC)(fU)(mC)(mA)(mA)(fA)#(mG)#(mA)-TegChol,GUCCAAGUGUGGCUCAAAGG,UUCCAAGUGUGGCUCAAAGG,GUCCAAGUGUGGCUCAAAGA,GUCCAAGUGUGGCUCAAAGG,True,False,False
Supplemental Table 1,111,MAPT_2085_Blunt_2'-OMe/-F,P(mU)#(fA)#(mA)(fA)(fC)(fC)(mA)(fG)(mU)(fU)(mG)(fA)(mC)#(fC)#(mU)#(fG)#(mA)#(mG)#(mC)#(fA),(mC)#(mA)#(mA)(fA)(mC)(mC)(mA)(fG)(mU)(fU)(mG)(fA)(mC)(fC)(mU)(mG)(mA)(fG)#(mC)#(mA)-TegChol,CAAACCAGUUGACCUGAGCA,UAAACCAGUUGACCUGAGCA,CAAACCAGUUGACCUGAGCA,CAAACCAGUUGACCUGAGCA,True,False,False
Supplemental Table 1,112,MAPT_2142_Blunt_2'-OMe/-F,P(mU)#(fC)#(mA)(fU)(fA)(fA)(mA)(fC)(mC)(fA)(mG)(fG)(mA)#(fG)#(mG)#(fU)#(mG)#(mG)#(mC)#(fC),(mU)#(mC)#(mA)(fU)(mA)(mA)(mA)(fC)(mC)(fA)(mG)(fG)(mA)(fG)(mG)(mU)(mG)(fG)#(mC)#(mA)-TegChol,UCAUAAACCAGGAGGUGGCC,UCAUAAACCAGGAGGUGGCC,UCAUAAACCAGGAGGUGGCA,UCAUAAACCAGGAGGUGGCC,True,False,False
Supplemental Table 1,113,MAPT_2206_Blunt_2'-OMe/-F,P(mU)#(fA)#(mG)(fU)(fC)(fG)(mA)(fA)(mG)(fA)(mU)(fU)(mG)#(fG)#(mG)#(fU)#(mC)#(mC)#(mC)#(fU),(mC)#(mA)#(mG)(fU)(mC)(mG)(mA)(fA)(mG)(fA)(mU)(fU)(mG)(fG)(mG)(mU)(mC)(fC)#(mC)#(mA)-TegChol,CAGUCGAAGAUUGGGUCCCU,UAGUCGAAGAUUGGGUCCCU,CAGUCGAAGAUUGGGUCCCA,CAGUCGAAGAUUGGGUCCCU,True,False,False
Supplemental Table 1,114,MAPT_2245_Blunt_2'-OMe/-F,P(mU)#(fC)#(mU)(fG)(fG)(fC)(mG)(fG)(mA)(fG)(mG)(fA)(mA)#(fA)#(mU)#(fA)#(mA)#(mA)#(mA)#(fA),(mC)#(mC)#(mU)(fG)(mG)(mC)(mG)(fG)(mA)(fG)(mG)(fA)(mA)(fA)(mU)(mA)(mA)(fA)#(mA)#(mA)-TegChol,CCUGGCGGAGGAAAUAAAAA,UCUGGCGGAGGAAAUAAAAA,CCUGGCGGAGGAAAUAAAAA,CCUGGCGGAGGAAAUAAAAA,True,False,False
Supplemental Table 1,115,MAPT_2256_Blunt_2'-OMe/-F,P(mU)#(fA)#(mA)(fU)(fA)(fA)(mA)(fA)(mA)(fG)(mA)(fU)(mU)#(fG)#(mA)#(fA)#(mA)#(mC)#(mC)#(fC),(mA)#(mA)#(mA)(fU)(mA)(mA)(mA)(fA)(mA)(fG)(mA)(fU)(mU)(fG)(mA)(mA)(mA)(fC)#(mC)#(mA)-TegChol,AAAUAAAAAGAUUGAAACCC,UAAUAAAAAGAUUGAAACCC,AAAUAAAAAGAUUGAAACCA,AAAUAAAAAGAUUGAAACCC,True,False,False
Supplemental Table 1,116,MAPT_2271_Blunt_2'-OMe/-F,P(mU)#(fA)#(mC)(fC)(fC)(fA)(mC)(fA)(mA)(fG)(mC)(fU)(mG)#(fA)#(mC)#(fC)#(mU)#(mU)#(mC)#(fC),(mA)#(mA)#(mC)(fC)(mC)(mA)(mC)(fA)(mA)(fG)(mC)(fU)(mG)(fA)(mC)(mC)(mU)(fU)#(mC)#(mA)-TegChol,AACCCACAAGCUGACCUUCC,UACCCACAAGCUGACCUUCC,AACCCACAAGCUGACCUUCA,AACCCACAAGCUGACCUUCC,True,False,False
Supplemental Table 1,117,MAPT_2494_Blunt_2'-OMe/-F,P(mU)#(fG)#(mC)(fG)(fG)(fU)(mC)(fA)(mA)(fU)(mA)(fA)(mU)#(fU)#(mG)#(fU)#(mG)#(mG)#(mA)#(fG),(mG)#(mG)#(mC)(fG)(mG)(mU)(mC)(fA)(mA)(fU)(mA)(fA)(mU)(fU)(mG)(mU)(mG)(fG)#(mA)#(mA)-TegChol,GGCGGUCAAUAAUUGUGGAG,UGCGGUCAAUAAUUGUGGAG,GGCGGUCAAUAAUUGUGGAA,GGCGGUCAAUAAUUGUGGAG,True,False,False
Supplemental Table 1,118,MAPT_2586_Blunt_2'-OMe/-F,P(mU)#(fC)#(mG)(fC)(fA)(fG)(mU)(fU)(mC)(fG)(mG)(fU)(mU)#(fA)#(mA)#(fU)#(mU)#(mG)#(mG)#(fU),(mU)#(mC)#(mG)(fC)(mA)(mG)(mU)(fU)(mC)(fG)(mG)(fU)(mU)(fA)(mA)(mU)(mU)(fG)#(mG)#(mA)-TegChol,UCGCAGUUCGGUUAAUUGGU,UCGCAGUUCGGUUAAUUGGU,UCGCAGUUCGGUUAAUUGGA,UCGCAGUUCGGUUAAUUGGU,True,False,False
Supplemental Table 1,119,MAPT_2647_Blunt_2'-OMe/-F,P(mU)#(fC)#(mU)(fU)(fC)(fA)(mA)(fA)(mA)(fU)(mC)(fA)(mG)#(fU)#(mG)#(fA)#(mU)#(mG)#(mG)#(fG),(mA)#(mC)#(mU)(fU)(mC)(mA)(mA)(fA)(mA)(fU)(mC)(fA)(mG)(fU)(mG)(mA)(mU)(fG)#(mG)#(mA)-TegChol,ACUUCAAAAUCAGUGAUGGG,UCUUCAAAAUCAGUGAUGGG,ACUUCAAAAUCAGUGAUGGA,ACUUCAAAAUCAGUGAUGGG,True,False,False
Supplemental Table 1,120,MAPT_2699_Blunt_2'-OMe/-F,P(mU)#(fG)#(mG)(fU)(fG)(fG)(mG)(fC)(mU)(fA)(mG)(fU)(mA)#(fA)#(mU)#(fA)#(mA)#(mA)#(mA)#(fU),(mG)#(mG)#(mG)(fU)(mG)(mG)(mG)(fC)(mU)(fA)(mG)(fU)(mA)(fA)(mU)(mA)(mA)(fA)#(mA)#(mA)-TegChol,GGGUGGGCUAGUAAUAAAAU,UGGUGGGCUAGUAAUAAAAU,GGGUGGGCUAGUAAUAAAAA,GGGUGGGCUAGUAAUAAAAU,True,False,False
Supplemental Table 1,121,MAPT_2701_Blunt_2'-OMe/-F,P(mU)#(fU)#(mG)(fG)(fG)(fC)(mU)(fA)(mG)(fU)(mA)(fA)(mU)#(fA)#(mA)#(fA)#(mA)#(mU)#(mA)#(fU),(mG)#(mU)#(mG)(fG)(mG)(mC)(mU)(fA)(mG)(fU)(mA)(fA)(mU)(fA)(mA)(mA)(mA)(fU)#(mA)#(mA)-TegChol,GUGGGCUAGUAAUAAAAUAU,UUGGGCUAGUAAUAAAAUAU,GUGGGCUAGUAAUAAAAUAA,GUGGGCUAGUAAUAAAAUAU,True,False,False
Supplemental Table 1,122,MAPT_2929_Blunt_2'-OMe/-F,P(mU)#(fA)#(mA)(fA)(fC)(fU)(mU)(fG)(mG)(fU)(mG)(fU)(mG)#(fU)#(mU)#(fC)#(mG)#(mU)#(mG)#(fG),(mG)#(mA)#(mA)(fA)(mC)(mU)(mU)(fG)(mG)(fU)(mG)(fU)(mG)(fU)(mU)(mC)(mG)(fU)#(mG)#(mA)-TegChol,GAAACUUGGUGUGUUCGUGG,UAAACUUGGUGUGUUCGUGG,GAAACUUGGUGUGUUCGUGA,GAAACUUGGUGUGUUCGUGG,True,False,False
Supplemental Table 1,123,MAPT_3239_Blunt_2'-OMe/-F,P(mU)#(fG)#(mG)(fG)(fA)(fC)(mA)(fG)(mC)(fG)(mG)(fG)(mU)#(fA)#(mA)#(fA)#(mA)#(mA)#(mG)#(fA),(mA)#(mG)#(mG)(fG)(mA)(mC)(mA)(fG)(mC)(fG)(mG)(fG)(mU)(fA)(mA)(mA)(mA)(fA)#(mG)#(mA)-TegChol,AGGGACAGCGGGUAAAAAGA,UGGGACAGCGGGUAAAAAGA,AGGGACAGCGGGUAAAAAGA,AGGGACAGCGGGUAAAAAGA,True,False,False
Supplemental Table 1,124,MAPT_3435_Blunt_2'-OMe/-F,P(mU)#(fG)#(mC)(fU)(fG)(fC)(mC)(fA)(mU)(fG)(mA)(fU)(mU)#(fU)#(mU)#(fG)#(mG)#(mC)#(mC)#(fA),(mU)#(mG)#(mC)(fU)(mG)(mC)(mC)(fA)(mU)(fG)(mA)(fU)(mU)(fU)(mU)(mG)(mG)(fC)#(mC)#(mA)-TegChol,UGCUGCCAUGAUUUUGGCCA,UGCUGCCAUGAUUUUGGCCA,UGCUGCCAUGAUUUUGGCCA,UGCUGCCAUGAUUUUGGCCA,True,False,False
Supplemental Table 1,125,MAPT_3494_Blunt_2'-OMe/-F,P(mU)#(fG)#(mU)(fA)(fA)(fG)(mG)(fA)(mC)(fU)(mU)(fG)(mU)#(fG)#(mC)#(fC)#(mU)#(mC)#(mU)#(fU),(mU)#(mG)#(mU)(fA)(mA)(mG)(mG)(fA)(mC)(fU)(mU)(fG)(mU)(fG)(mC)(mC)(mU)(fC)#(mU)#(mA)-TegChol,UGUAAGGACUUGUGCCUCUU,UGUAAGGACUUGUGCCUCUU,UGUAAGGACUUGUGCCUCUA,UGUAAGGACUUGUGCCUCUU,True,False,False
Supplemental Table 1,126,MAPT_3795_Blunt_2'-OMe/-F,P(mU)#(fA)#(mA)(fA)(fG)(fU)(mC)(fC)(mA)(fG)(mG)(fC)(mA)#(fC)#(mA)#(fA)#(mG)#(mA)#(mG)#(fU),(mC)#(mA)#(mA)(fA)(mG)(mU)(mC)(fC)(mA)(fG)(mG)(fC)(mA)(fC)(mA)(mA)(mG)(fA)#(mG)#(mA)-TegChol,CAAAGUCCAGGCACAAGAGU,UAAAGUCCAGGCACAAGAGU,CAAAGUCCAGGCACAAGAGA,CAAAGUCCAGGCACAAGAGU,True,False,False
Supplemental Table 1,127,MAPT_3883_Blunt_2'-OMe/-F,P(mU)#(fA)#(mU)(fU)(fC)(fG)(mG)(fU)(mU)(fC)(mC)(fC)(mU)#(fG)#(mU)#(fC)#(mU)#(mC)#(mC)#(fU),(mG)#(mA)#(mU)(fU)(mC)(mG)(mG)(fU)(mU)(fC)(mC)(fC)(mU)(fG)(mU)(mC)(mU)(fC)#(mC)#(mA)-TegChol,GAUUCGGUUCCCUGUCUCCU,UAUUCGGUUCCCUGUCUCCU,GAUUCGGUUCCCUGUCUCCA,GAUUCGGUUCCCUGUCUCCU,True,False,False
Supplemental Table 1,128,MAPT_4275_Blunt_2'-OMe/-F,P(mU)#(fU)#(mG)(fC)(fU)(fG)(mG)(fA)(mG)(fC)(mA)(fG)(mC)#(fU)#(mG)#(fA)#(mA)#(mC)#(mA)#(fU),(mC)#(mU)#(mG)(fC)(mU)(mG)(mG)(fA)(mG)(fC)(mA)(fG)(mC)(fU)(mG)(mA)(mA)(fC)#(mA)#(mA)-TegChol,CUGCUGGAGCAGCUGAACAU,UUGCUGGAGCAGCUGAACAU,CUGCUGGAGCAGCUGAACAA,CUGCUGGAGCAGCUGAACAU,True,False,False
Supplemental Table 1,129,MAPT_4346_Blunt_2'-OMe/-F,P(mU)#(fG)#(mG)(fA)(fU)(fU)(mU)(fG)(mU)(fC)(mU)(fG)(mU)#(fU)#(mU)#(fA)#(mU)#(mG)#(mC)#(fU),(mU)#(mG)#(mG)(fA)(mU)(mU)(mU)(fG)(mU)(fC)(mU)(fG)(mU)(fU)(mU)(mA)(mU)(fG)#(mC)#(mA)-TegChol,UGGAUUUGUCUGUUUAUGCU,UGGAUUUGUCUGUUUAUGCU,UGGAUUUGUCUGUUUAUGCA,UGGAUUUGUCUGUUUAUGCU,True,False,False
Supplemental Table 1,130,MAPT_4538_Blunt_2'-OMe/-F,P(mU)#(fU)#(mU)(fU)(fG)(fA)(mA)(fA)(mG)(fG)(mC)(fU)(mU)#(fU)#(mC)#(fC)#(mU)#(mC)#(mA)#(fG),(mU)#(mU)#(mU)(fU)(mG)(mA)(mA)(fA)(mG)(fG)(mC)(fU)(mU)(fU)(mC)(mC)(mU)(fC)#(mA)#(mA)-TegChol,UUUUGAAAGGCUUUCCUCAG,UUUUGAAAGGCUUUCCUCAG,UUUUGAAAGGCUUUCCUCAA,UUUUGAAAGGCUUUCCUCAG,True,False,False
Supplemental Table 1,131,MAPT_4636_Blunt_2'-OMe/-F,P(mU)#(fA)#(mG)(fG)(fA)(fC)(mU)(fG)(mA)(fA)(mG)(fC)(mG)#(fA)#(mU)#(fG)#(mA)#(mU)#(mG)#(fU),(mU)#(mA)#(mG)(fG)(mA)(mC)(mU)(fG)(mA)(fA)(mG)(fC)(mG)(fA)(mU)(mG)(mA)(fU)#(mG)#(mA)-TegChol,UAGGACUGAAGCGAUGAUGU,UAGGACUGAAGCGAUGAUGU,UAGGACUGAAGCGAUGAUGA,UAGGACUGAAGCGAUGAUGU,True,False,False
Supplemental Table 1,132,MAPT_4954_Blunt_2'-OMe/-F,P(mU)#(fG)#(mG)(fA)(fU)(fU)(mG)(fG)(mG)(fA)(mU)(fG)(mA)#(fA)#(mU)#(fU)#(mG)#(mC)#(mC)#(fU),(mG)#(mG)#(mG)(fA)(mU)(mU)(mG)(fG)(mG)(fA)(mU)(fG)(mA)(fA)(mU)(mU)(mG)(fC)#(mC)#(mA)-TegChol,GGGAUUGGGAUGAAUUGCCU,UGGAUUGGGAUGAAUUGCCU,GGGAUUGGGAUGAAUUGCCA,GGGAUUGGGAUGAAUUGCCU,True,False,False
Supplemental Table 1,133,MAPT_5036_Blunt_2'-OMe/-F,P(mU)#(fA)#(mG)(fA)(fC)(fA)(mC)(fU)(mG)(fU)(mU)(fC)(mC)#(fC)#(mA)#(fA)#(mA)#(mG)#(mC)#(fC),(mG)#(mA)#(mG)(fA)(mC)(mA)(mC)(fU)(mG)(fU)(mU)(fC)(mC)(fC)(mA)(mA)(mA)(fG)#(mC)#(mA)-TegChol,GAGACACUGUUCCCAAAGCC,UAGACACUGUUCCCAAAGCC,GAGACACUGUUCCCAAAGCA,GAGACACUGUUCCCAAAGCC,True,False,False
Supplemental Table 1,134,MAPT_5178_Blunt_2'-OMe/-F,P(mU)#(fC)#(mC)(fA)(fC)(fU)(mU)(fC)(mU)(fG)(mG)(fU)(mU)#(fU)#(mG)#(fG)#(mG)#(mU)#(mA)#(fC),(mG)#(mC)#(mC)(fA)(mC)(mU)(mU)(fC)(mU)(fG)(mG)(fU)(mU)(fU)(mG)(mG)(mG)(fU)#(mA)#(mA)-TegChol,GCCACUUCUGGUUUGGGUAC,UCCACUUCUGGUUUGGGUAC,GCCACUUCUGGUUUGGGUAA,GCCACUUCUGGUUUGGGUAC,True,False,False
Supplemental Table 1,135,MAPT_5269_Blunt_2'-OMe/-F,P(mU)#(fA)#(mG)(fC)(fU)(fA)(mG)(fA)(mG)(fC)(mU)(fU)(mU)#(fA)#(mC)#(fC)#(mU)#(mG)#(mA)#(fA),(mC)#(mA)#(mG)(fC)(mU)(mA)(mG)(fA)(mG)(fC)(mU)(fU)(mU)(fA)(mC)(mC)(mU)(fG)#(mA)#(mA)-TegChol,CAGCUAGAGCUUUACCUGAA,UAGCUAGAGCUUUACCUGAA,CAGCUAGAGCUUUACCUGAA,CAGCUAGAGCUUUACCUGAA,True,False,False
Supplemental Table 1,136,MAPT_5468_Blunt_2'-OMe/-F,P(mU)#(fC)#(mC)(fU)(fC)(fG)(mG)(fU)(mU)(fC)(mC)(fU)(mC)#(fU)#(mU)#(fC)#(mC)#(mU)#(mG)#(fA),(mA)#(mC)#(mC)(fU)(mC)(mG)(mG)(fU)(mU)(fC)(mC)(fU)(mC)(fU)(mU)(mC)(mC)(fU)#(mG)#(mA)-TegChol,ACCUCGGUUCCUCUUCCUGA,UCCUCGGUUCCUCUUCCUGA,ACCUCGGUUCCUCUUCCUGA,ACCUCGGUUCCUCUUCCUGA,True,False,False
Supplemental Table 1,137,MAPT_5573_Blunt_2'-OMe/-F,P(mU)#(fC)#(mC)(fA)(fG)(fC)(mC)(fU)(mA)(fA)(mG)(fA)(mU)#(fC)#(mA)#(fU)#(mG)#(mG)#(mU)#(fU),(mG)#(mC)#(mC)(fA)(mG)(mC)(mC)(fU)(mA)(fA)(mG)(fA)(mU)(fC)(mA)(mU)(mG)(fG)#(mU)#(mA)-TegChol,GCCAGCCUAAGAUCAUGGUU,UCCAGCCUAAGAUCAUGGUU,GCCAGCCUAAGAUCAUGGUA,GCCAGCCUAAGAUCAUGGUU,True,False,False
Supplemental Table 1,138,MAPT_5762_Blunt_2'-OMe/-F,P(mU)#(fA)#(mG)(fC)(fU)(fG)(mC)(fU)(mG)(fA)(mC)(fU)(mC)#(fA)#(mC)#(fU)#(mU)#(mU)#(mA)#(fU),(mA)#(mA)#(mG)(fC)(mU)(mG)(mC)(fU)(mG)(fA)(mC)(fU)(mC)(fA)(mC)(mU)(mU)(fU)#(mA)#(mA)-TegChol,AAGCUGCUGACUCACUUUAU,UAGCUGCUGACUCACUUUAU,AAGCUGCUGACUCACUUUAA,AAGCUGCUGACUCACUUUAU,True,False,False
Supplemental Table 1,139,MAPT_5812_Blunt_2'-OMe/-F,P(mU)#(fG)#(mA)(fG)(fA)(fC)(mU)(fG)(mU)(fA)(mU)(fC)(mC)#(fU)#(mG)#(fU)#(mU)#(mU)#(mG)#(fC),(mU)#(mG)#(mA)(fG)(mA)(mC)(mU)(fG)(mU)(fA)(mU)(fC)(mC)(fU)(mG)(mU)(mU)(fU)#(mG)#(mA)-TegChol,UGAGACUGUAUCCUGUUUGC,UGAGACUGUAUCCUGUUUGC,UGAGACUGUAUCCUGUUUGA,UGAGACUGUAUCCUGUUUGC,True,False,False
Supplemental Table 1,140,MAPT_5998_Blunt_2'-OMe/-F,P(mU)#(fG)#(mU)(fU)(fU)(fC)(mU)(fC)(mU)(fU)(mU)(fU)(mC)#(fC)#(mA)#(fC)#(mU)#(mG)#(mA)#(fC),(mG)#(mG)#(mU)(fU)(mU)(mC)(mU)(fC)(mU)(fU)(mU)(fU)(mC)(fC)(mA)(mC)(mU)(fG)#(mA)#(mA)-TegChol,GGUUUCUCUUUUCCACUGAC,UGUUUCUCUUUUCCACUGAC,GGUUUCUCUUUUCCACUGAA,GGUUUCUCUUUUCCACUGAC,True,False,False
Supplemental Table 1,141,MAPT_6118_Blunt_2'-OMe/-F,P(mU)#(fG)#(mU)(fC)(fC)(fU)(mA)(fA)(mG)(fC)(mC)(fC)(mA)#(fC)#(mA)#(fA)#(mU)#(mC)#(mA)#(fU),(mG)#(mG)#(mU)(fC)(mC)(mU)(mA)(fA)(mG)(fC)(mC)(fC)(mA)(fC)(mA)(mA)(mU)(fC)#(mA)#(mA)-TegChol,GGUCCUAAGCCCACAAUCAU,UGUCCUAAGCCCACAAUCAU,GGUCCUAAGCCCACAAUCAA,GGUCCUAAGCCCACAAUCAU,True,False,False
Supplemental Table 1,142,MAPT_6310_Blunt_2'-OMe/-F,P(mU)#(fC)#(mA)(fC)(fC)(fU)(mG)(fC)(mG)(fU)(mG)(fU)(mC)#(fC)#(mC)#(fA)#(mU)#(mC)#(mU)#(fA),(mU)#(mC)#(mA)(fC)(mC)(mU)(mG)(fC)(mG)(fU)(mG)(fU)(mC)(fC)(mC)(mA)(mU)(fC)#(mU)#(mA)-TegChol,UCACCUGCGUGUCCCAUCUA,UCACCUGCGUGUCCCAUCUA,UCACCUGCGUGUCCCAUCUA,UCACCUGCGUGUCCCAUCUA,True,False,False
Supplemental Table 1,143,MAPT_6369_Blunt_2'-OMe/-F,P(mU)#(fU)#(mU)(fU)(fG)(fA)(mA)(fA)(mA)(fG)(mG)(fG)(mU)#(fU)#(mA)#(fC)#(mC)#(mC)#(mU)#(fG),(mC)#(mU)#(mU)(fU)(mG)(mA)(mA)(fA)(mA)(fG)(mG)(fG)(mU)(fU)(mA)(mC)(mC)(fC)#(mU)#(mA)-TegChol,CUUUGAAAAGGGUUACCCUG,UUUUGAAAAGGGUUACCCUG,CUUUGAAAAGGGUUACCCUA,CUUUGAAAAGGGUUACCCUG,True,False,False
Supplemental Table 1,144,MAPT_6527_Blunt_2'-OMe/-F,P(mU)#(fU)#(mA)(fG)(fC)(fU)(mU)(fA)(mG)(fC)(mU)(fU)(mU)#(fC)#(mU)#(fG)#(mU)#(mC)#(mU)#(fG),(mU)#(mU)#(mA)(fG)(mC)(mU)(mU)(fA)(mG)(fC)(mU)(fU)(mU)(fC)(mU)(mG)(mU)(fC)#(mU)#(mA)-TegChol,UUAGCUUAGCUUUCUGUCUG,UUAGCUUAGCUUUCUGUCUG,UUAGCUUAGCUUUCUGUCUA,UUAGCUUAGCUUUCUGUCUG,True,False,False
Supplemental Table 1,145,MAPT_6578_Blunt_2'-OMe/-F,P(mU)#(fC)#(mA)(fA)(fA)(fU)(mG)(fA)(mU)(fU)(mU)(fA)(mC)#(fA)#(mC)#(fU)#(mG)#(mA)#(mC)#(fU),(mA)#(mC)#(mA)(fA)(mA)(mU)(mG)(fA)(mU)(fU)(mU)(fA)(mC)(fA)(mC)(mU)(mG)(fA)#(mC)#(mA)-TegChol,ACAAAUGAUUUACACUGACU,UCAAAUGAUUUACACUGACU,ACAAAUGAUUUACACUGACA,ACAAAUGAUUUACACUGACU,True,False,False
Supplemental Table 1,146,MAPT_6612_Blunt_2'-OMe/-F,P(mU)#(fA)#(mA)(fU)(fU)(fU)(mG)(fG)(mA)(fA)(mA)(fU)(mA)#(fA)#(mA)#(fG)#(mU)#(mU)#(mA)#(fU),(mG)#(mA)#(mA)(fU)(mU)(mU)(mG)(fG)(mA)(fA)(mA)(fU)(mA)(fA)(mA)(mG)(mU)(fU)#(mA)#(mA)-TegChol,GAAUUUGGAAAUAAAGUUAU,UAAUUUGGAAAUAAAGUUAU,GAAUUUGGAAAUAAAGUUAA,GAAUUUGGAAAUAAAGUUAU,True,False,False
Supplemental Table 1,147,SNCA_486_Blunt_2'-OMe/-F,P(mU)#(fA)#(mU)(fU)(fC)(fA)(mU)(fU)(mA)(fG)(mC)(fC)(mA)#(fU)#(mG)#(fG)#(mA)#(mU)#(mG)#(fU),(mA)#(mA)#(mU)(fU)(mC)(mA)(mU)(fU)(mA)(fG)(mC)(fC)(mA)(fU)(mG)(mG)(mA)(fU)#(mG)#(mA)-TegChol,AAUUCAUUAGCCAUGGAUGU,UAUUCAUUAGCCAUGGAUGU,AAUUCAUUAGCCAUGGAUGA,AAUUCAUUAGCCAUGGAUGU,True,False,False
Supplemental Table 1,148,SNCA_549_Blunt_2'-OMe/-F,P(mU)#(fC)#(mU)(fG)(fC)(fU)(mG)(fA)(mG)(fA)(mA)(fA)(mA)#(fC)#(mC)#(fA)#(mA)#(mA)#(mC)#(fA),(mG)#(mC)#(mU)(fG)(mC)(mU)(mG)(fA)(mG)(fA)(mA)(fA)(mA)(fC)(mC)(mA)(mA)(fA)#(mC)#(mA)-TegChol,GCUGCUGAGAAAACCAAACA,UCUGCUGAGAAAACCAAACA,GCUGCUGAGAAAACCAAACA,GCUGCUGAGAAAACCAAACA,True,False,False
Supplemental Table 1,149,SNCA_610_Blunt_2'-OMe/-F,P(mU)#(fC)#(mU)(fA)(fU)(fG)(mU)(fA)(mG)(fG)(mC)(fU)(mC)#(fC)#(mA)#(fA)#(mA)#(mA)#(mC)#(fC),(mU)#(mC)#(mU)(fA)(mU)(mG)(mU)(fA)(mG)(fG)(mC)(fU)(mC)(fC)(mA)(mA)(mA)(fA)#(mC)#(mA)-TegChol,UCUAUGUAGGCUCCAAAACC,UCUAUGUAGGCUCCAAAACC,UCUAUGUAGGCUCCAAAACA,UCUAUGUAGGCUCCAAAACC,True,False,False
Supplemental Table 1,150,SNCA_681_Blunt_2'-OMe/-F,P(mU)#(fA)#(mA)(fG)(fU)(fG)(mA)(fC)(mA)(fA)(mA)(fU)(mG)#(fU)#(mU)#(fG)#(mG)#(mA)#(mG)#(fG),(mC)#(mA)#(mA)(fG)(mU)(mG)(mA)(fC)(mA)(fA)(mA)(fU)(mG)(fU)(mU)(mG)(mG)(fA)#(mG)#(mA)-TegChol,CAAGUGACAAAUGUUGGAGG,UAAGUGACAAAUGUUGGAGG,CAAGUGACAAAUGUUGGAGA,CAAGUGACAAAUGUUGGAGG,True,False,False
Supplemental Table 1,151,SNCA_1200_Blunt_2'-OMe/-F,P(mU)#(fU)#(mG)(fA)(fG)(fG)(mC)(fU)(mU)(fA)(mU)(fG)(mA)#(fA)#(mA)#(fU)#(mG)#(mC)#(mC)#(fU),(mA)#(mU)#(mG)(fA)(mG)(mG)(mC)(fU)(mU)(fA)(mU)(fG)(mA)(fA)(mA)(mU)(mG)(fC)#(mC)#(mA)-TegChol,AUGAGGCUUAUGAAAUGCCU,UUGAGGCUUAUGAAAUGCCU,AUGAGGCUUAUGAAAUGCCA,AUGAGGCUUAUGAAAUGCCU,True,False,False
Supplemental Table 1,152,SNCA_1252_Blunt_2'-OMe/-F,P(mU)#(fG)#(mC)(fC)(fU)(fA)(mA)(fG)(mA)(fA)(mA)(fU)(mA)#(fU)#(mC)#(fU)#(mU)#(mU)#(mG)#(fC),(mA)#(mG)#(mC)(fC)(mU)(mA)(mA)(fG)(mA)(fA)(mA)(fU)(mA)(fU)(mC)(mU)(mU)(fU)#(mG)#(mA)-TegChol,AGCCUAAGAAAUAUCUUUGC,UGCCUAAGAAAUAUCUUUGC,AGCCUAAGAAAUAUCUUUGA,AGCCUAAGAAAUAUCUUUGC,True,False,False
Supplemental Table 1,153,SNCA_1304_Blunt_2'-OMe/-F,P(mU)#(fC)#(mA)(fU)(fC)(fC)(mU)(fG)(mU)(fA)(mC)(fA)(mA)#(fG)#(mU)#(fG)#(mC)#(mU)#(mC)#(fA),(mC)#(mC)#(mA)(fU)(mC)(mC)(mU)(fG)(mU)(fA)(mC)(fA)(mA)(fG)(mU)(mG)(mC)(fU)#(mC)#(mA)-TegChol,CCAUCCUGUACAAGUGCUCA,UCAUCCUGUACAAGUGCUCA,CCAUCCUGUACAAGUGCUCA,CCAUCCUGUACAAGUGCUCA,True,False,False
Supplemental Table 1,154,SNCA_1355_Blunt_2'-OMe/-F,P(mU)#(fA)#(mG)(fU)(fU)(fU)(mU)(fU)(mA)(fC)(mA)(fG)(mU)#(fG)#(mU)#(fA)#(mU)#(mC)#(mU)#(fC),(mA)#(mA)#(mG)(fU)(mU)(mU)(mU)(fU)(mA)(fC)(mA)(fG)(mU)(fG)(mU)(mA)(mU)(fC)#(mU)#(mA)-TegChol,AAGUUUUUACAGUGUAUCUC,UAGUUUUUACAGUGUAUCUC,AAGUUUUUACAGUGUAUCUA,AAGUUUUUACAGUGUAUCUC,True,False,False
Supplemental Table 1,155,SNCA_1424_Blunt_2'-OMe/-F,P(mU)#(fC)#(mA)(fU)(fU)(fU)(mC)(fG)(mG)(fU)(mG)(fC)(mU)#(fU)#(mC)#(fC)#(mC)#(mU)#(mU)#(fU),(mG)#(mC)#(mA)(fU)(mU)(mU)(mC)(fG)(mG)(fU)(mG)(fC)(mU)(fU)(mC)(mC)(mC)(fU)#(mU)#(mA)-TegChol,GCAUUUCGGUGCUUCCCUUU,UCAUUUCGGUGCUUCCCUUU,GCAUUUCGGUGCUUCCCUUA,GCAUUUCGGUGCUUCCCUUU,True,False,False
Supplemental Table 1,156,SNCA_1475_Blunt_2'-OMe/-F,P(mU)#(fG)#(mU)(fG)(fU)(fG)(mC)(fU)(mG)(fU)(mG)(fG)(mA)#(fU)#(mU)#(fU)#(mU)#(mG)#(mU)#(fG),(mU)#(mG)#(mU)(fG)(mU)(mG)(mC)(fU)(mG)(fU)(mG)(fG)(mA)(fU)(mU)(mU)(mU)(fG)#(mU)#(mA)-TegChol,UGUGUGCUGUGGAUUUUGUG,UGUGUGCUGUGGAUUUUGUG,UGUGUGCUGUGGAUUUUGUA,UGUGUGCUGUGGAUUUUGUG,True,False,False
Supplemental Table 1,157,SNCA_1530_Blunt_2'-OMe/-F,P(mU)#(fC)#(mU)(fA)(fA)(fG)(mU)(fG)(mA)(fC)(mU)(fA)(mC)#(fC)#(mA)#(fC)#(mU)#(mU)#(mA)#(fU),(mC)#(mC)#(mU)(fA)(mA)(mG)(mU)(fG)(mA)(fC)(mU)(fA)(mC)(fC)(mA)(mC)(mU)(fU)#(mA)#(mA)-TegChol,CCUAAGUGACUACCACUUAU,UCUAAGUGACUACCACUUAU,CCUAAGUGACUACCACUUAA,CCUAAGUGACUACCACUUAU,True,False,False
Supplemental Table 1,158,SNCA_1586_Blunt_2'-OMe/-F,P(mU)#(fG)#(mA)(fA)(fG)(fU)(mU)(fG)(mU)(fU)(mA)(fG)(mU)#(fG)#(mA)#(fU)#(mU)#(mU)#(mG)#(fC),(mA)#(mG)#(mA)(fA)(mG)(mU)(mU)(fG)(mU)(fU)(mA)(fG)(mU)(fG)(mA)(mU)(mU)(fU)#(mG)#(mA)-TegChol,AGAAGUUGUUAGUGAUUUGC,UGAAGUUGUUAGUGAUUUGC,AGAAGUUGUUAGUGAUUUGA,AGAAGUUGUUAGUGAUUUGC,True,False,False
Supplemental Table 1,159,SNCA_1636_Blunt_2'-OMe/-F,P(mU)#(fU)#(mU)(fA)(fA)(fU)(mG)(fA)(mU)(fA)(mC)(fU)(mG)#(fU)#(mC)#(fU)#(mA)#(mA)#(mG)#(fA),(mU)#(mU)#(mU)(fA)(mA)(mU)(mG)(fA)(mU)(fA)(mC)(fU)(mG)(fU)(mC)(mU)(mA)(fA)#(mG)#(mA)-TegChol,UUUAAUGAUACUGUCUAAGA,UUUAAUGAUACUGUCUAAGA,UUUAAUGAUACUGUCUAAGA,UUUAAUGAUACUGUCUAAGA,True,False,False
Supplemental Table 1,160,SNCA_1743_Blunt_2'-OMe/-F,P(mU)#(fA)#(mA)(fU)(fU)(fU)(mU)(fA)(mC)(fC)(mA)(fU)(mU)#(fU)#(mU)#(fG)#(mC)#(mG)#(mA)#(fU),(mA)#(mA)#(mA)(fU)(mU)(mU)(mU)(fA)(mC)(fC)(mA)(fU)(mU)(fU)(mU)(mG)(mC)(fG)#(mA)#(mA)-TegChol,AAAUUUUACCAUUUUGCGAU,UAAUUUUACCAUUUUGCGAU,AAAUUUUACCAUUUUGCGAA,AAAUUUUACCAUUUUGCGAU,True,False,False
Supplemental Table 1,161,SNCA_1799_Blunt_2'-OMe/-F,P(mU)#(fA)#(mA)(fU)(fU)(fA)(mA)(fA)(mA)(fU)(mA)(fA)(mA)#(fA)#(mC)#(fG)#(mU)#(mU)#(mA)#(fU),(mG)#(mA)#(mA)(fU)(mU)(mA)(mA)(fA)(mA)(fU)(mA)(fA)(mA)(fA)(mC)(mG)(mU)(fU)#(mA)#(mA)-TegChol,GAAUUAAAAUAAAACGUUAU,UAAUUAAAAUAAAACGUUAU,GAAUUAAAAUAAAACGUUAA,GAAUUAAAAUAAAACGUUAU,True,False,False
Supplemental Table 1,162,SNCA_1859_Blunt_2'-OMe/-F,P(mU)#(fA)#(mU)(fA)(fA)(fU)(mA)(fA)(mA)(fA)(mA)(fU)(mC)#(fA)#(mU)#(fG)#(mC)#(mU)#(mU)#(fA),(mA)#(mA)#(mU)(fA)(mA)(mU)(mA)(fA)(mA)(fA)(mA)(fU)(mC)(fA)(mU)(mG)(mC)(fU)#(mU)#(mA)-TegChol,AAUAAUAAAAAUCAUGCUUA,UAUAAUAAAAAUCAUGCUUA,AAUAAUAAAAAUCAUGCUUA,AAUAAUAAAAAUCAUGCUUA,True,False,False
Supplemental Table 1,163,SNCA_1911_Blunt_2'-OMe/-F,P(mU)#(fC)#(mA)(fA)(fA)(fA)(mA)(fU)(mA)(fU)(mA)(fA)(mA)#(fG)#(mU)#(fU)#(mA)#(mU)#(mU)#(fA),(mA)#(mC)#(mA)(fA)(mA)(mA)(mA)(fU)(mA)(fU)(mA)(fA)(mA)(fG)(mU)(mU)(mA)(fU)#(mU)#(mA)-TegChol,ACAAAAAUAUAAAGUUAUUA,UCAAAAAUAUAAAGUUAUUA,ACAAAAAUAUAAAGUUAUUA,ACAAAAAUAUAAAGUUAUUA,True,False,False
Supplemental Table 1,164,SNCA_1969_Blunt_2'-OMe/-F,P(mU)#(fG)#(mA)(fA)(fA)(fA)(mU)(fG)(mG)(fA)(mA)(fC)(mA)#(fU)#(mU)#(fA)#(mA)#(mC)#(mC)#(fC),(mA)#(mG)#(mA)(fA)(mA)(mA)(mU)(fG)(mG)(fA)(mA)(fC)(mA)(fU)(mU)(mA)(mA)(fC)#(mC)#(mA)-TegChol,AGAAAAUGGAACAUUAACCC,UGAAAAUGGAACAUUAACCC,AGAAAAUGGAACAUUAACCA,AGAAAAUGGAACAUUAACCC,True,False,False
Supplemental Table 1,165,SNCA_2022_Blunt_2'-OMe/-F,P(mU)#(fA)#(mG)(fU)(fG)(fU)(mG)(fU)(mU)(fU)(mU)(fG)(mG)#(fU)#(mA)#(fU)#(mG)#(mC)#(mA)#(fC),(mA)#(mA)#(mG)(fU)(mG)(mU)(mG)(fU)(mU)(fU)(mU)(fG)(mG)(fU)(mA)(mU)(mG)(fC)#(mA)#(mA)-TegChol,AAGUGUGUUUUGGUAUGCAC,UAGUGUGUUUUGGUAUGCAC,AAGUGUGUUUUGGUAUGCAA,AAGUGUGUUUUGGUAUGCAC,True,False,False
Supplemental Table 1,166,SNCA_2103_Blunt_2'-OMe/-F,P(mU)#(fU)#(mG)(fU)(fA)(fG)(mA)(fG)(mU)(fG)(mG)(fU)(mC)#(fU)#(mA)#(fU)#(mU)#(mU)#(mC)#(fU),(mU)#(mU)#(mG)(fU)(mA)(mG)(mA)(fG)(mU)(fG)(mG)(fU)(mC)(fU)(mA)(mU)(mU)(fU)#(mC)#(mA)-TegChol,UUGUAGAGUGGUCUAUUUCU,UUGUAGAGUGGUCUAUUUCU,UUGUAGAGUGGUCUAUUUCA,UUGUAGAGUGGUCUAUUUCU,True,False,False
Supplemental Table 1,167,SNCA_2174_Blunt_2'-OMe/-F,P(mU)#(fA)#(mU)(fG)(fU)(fG)(mU)(fA)(mU)(fG)(mU)(fG)(mU)#(fU)#(mU)#(fA)#(mU)#(mA)#(mA)#(fU),(mG)#(mA)#(mU)(fG)(mU)(mG)(mU)(fA)(mU)(fG)(mU)(fG)(mU)(fU)(mU)(mA)(mU)(fA)#(mA)#(mA)-TegChol,GAUGUGUAUGUGUUUAUAAU,UAUGUGUAUGUGUUUAUAAU,GAUGUGUAUGUGUUUAUAAA,GAUGUGUAUGUGUUUAUAAU,True,False,False
Supplemental Table 1,168,SNCA_2229_Blunt_2'-OMe/-F,P(mU)#(fU)#(mA)(fU)(fU)(fG)(mU)(fU)(mA)(fU)(mU)(fU)(mU)#(fU)#(mG)#(fU)#(mC)#(mU)#(mC)#(fG),(mA)#(mU)#(mA)(fU)(mU)(mG)(mU)(fU)(mA)(fU)(mU)(fU)(mU)(fU)(mG)(mU)(mC)(fU)#(mC)#(mA)-TegChol,AUAUUGUUAUUUUUGUCUCG,UUAUUGUUAUUUUUGUCUCG,AUAUUGUUAUUUUUGUCUCA,AUAUUGUUAUUUUUGUCUCG,True,False,False
Supplemental Table 1,169,SNCA_2305_Blunt_2'-OMe/-F,P(mU)#(fU)#(mC)(fU)(fG)(fA)(mC)(fA)(mA)(fU)(mA)(fA)(mA)#(fU)#(mA)#(fA)#(mU)#(mA)#(mU)#(fU),(mU)#(mU)#(mC)(fU)(mG)(mA)(mC)(fA)(mA)(fU)(mA)(fA)(mA)(fU)(mA)(mA)(mU)(fA)#(mU)#(mA)-TegChol,UUCUGACAAUAAAUAAUAUU,UUCUGACAAUAAAUAAUAUU,UUCUGACAAUAAAUAAUAUA,UUCUGACAAUAAAUAAUAUU,True,False,False
Supplemental Table 1,170,SNCA_2321_Blunt_2'-OMe/-F,P(mU)#(fA)#(mU)(fU)(fC)(fG)(mA)(fC)(mC)(fA)(mU)(fG)(mA)#(fA)#(mU)#(fA)#(mA)#(mA)#(mA)#(fA),(mU)#(mA)#(mU)(fU)(mC)(mG)(mA)(fC)(mC)(fA)(mU)(fG)(mA)(fA)(mU)(mA)(mA)(fA)#(mA)#(mA)-TegChol,UAUUCGACCAUGAAUAAAAA,UAUUCGACCAUGAAUAAAAA,UAUUCGACCAUGAAUAAAAA,UAUUCGACCAUGAAUAAAAA,True,False,False
Supplemental Table 1,171,SNCA_2341_Blunt_2'-OMe/-F,P(mU)#(fA)#(mA)(fA)(fA)(fA)(mA)(fA)(mA)(fA)(mG)(fU)(mG)#(fG)#(mG)#(fU)#(mU)#(mC)#(mC)#(fC),(mA)#(mA)#(mA)(fA)(mA)(mA)(mA)(fA)(mA)(fA)(mG)(fU)(mG)(fG)(mG)(mU)(mU)(fC)#(mC)#(mA)-TegChol,AAAAAAAAAAGUGGGUUCCC,UAAAAAAAAAGUGGGUUCCC,AAAAAAAAAAGUGGGUUCCA,AAAAAAAAAAGUGGGUUCCC,True,False,False
Supplemental Table 1,172,SNCA_2399_Blunt_2'-OMe/-F,P(mU)#(fU)#(mC)(fC)(fU)(fU)(mA)(fG)(mA)(fG)(mA)(fG)(mC)#(fC)#(mA)#(fU)#(mA)#(mA)#(mG)#(fA),(mC)#(mU)#(mC)(fC)(mU)(mU)(mA)(fG)(mA)(fG)(mA)(fG)(mC)(fC)(mA)(mU)(mA)(fA)#(mG)#(mA)-TegChol,CUCCUUAGAGAGCCAUAAGA,UUCCUUAGAGAGCCAUAAGA,CUCCUUAGAGAGCCAUAAGA,CUCCUUAGAGAGCCAUAAGA,True,False,False
Supplemental Table 1,173,SNCA_2450_Blunt_2'-OMe/-F,P(mU)#(fU)#(mG)(fA)(fG)(fA)(mG)(fA)(mA)(fU)(mG)(fU)(mG)#(fG)#(mU)#(fU)#(mA)#(mA)#(mC)#(fU),(mC)#(mU)#(mG)(fA)(mG)(mA)(mG)(fA)(mA)(fU)(mG)(fU)(mG)(fG)(mU)(mU)(mA)(fA)#(mC)#(mA)-TegChol,CUGAGAGAAUGUGGUUAACU,UUGAGAGAAUGUGGUUAACU,CUGAGAGAAUGUGGUUAACA,CUGAGAGAAUGUGGUUAACU,True,False,False
Supplemental Table 1,174,SNCA_2529_Blunt_2'-OMe/-F,P(mU)#(fC)#(mU)(fC)(fU)(fC)(mU)(fU)(mU)(fU)(mU)(fC)(mU)#(fC)#(mU)#(fC)#(mG)#(mC)#(mU)#(fC),(mU)#(mC)#(mU)(fC)(mU)(mC)(mU)(fU)(mU)(fU)(mU)(fC)(mU)(fC)(mU)(mC)(mG)(fC)#(mU)#(mA)-TegChol,UCUCUCUUUUUCUCUCGCUC,UCUCUCUUUUUCUCUCGCUC,UCUCUCUUUUUCUCUCGCUA,UCUCUCUUUUUCUCUCGCUC,True,False,False
Supplemental Table 1,175,SNCA_2605_Blunt_2'-OMe/-F,P(mU)#(fU)#(mC)(fA)(fC)(fC)(mU)(fU)(mA)(fA)(mA)(fG)(mG)#(fA)#(mG)#(fA)#(mU)#(mC)#(mA)#(fA),(mG)#(mU)#(mC)(fA)(mC)(mC)(mU)(fU)(mA)(fA)(mA)(fG)(mG)(fA)(mG)(mA)(mU)(fC)#(mA)#(mA)-TegChol,GUCACCUUAAAGGAGAUCAA,UUCACCUUAAAGGAGAUCAA,GUCACCUUAAAGGAGAUCAA,GUCACCUUAAAGGAGAUCAA,True,False,False
Supplemental Table 1,176,SNCA_2655_Blunt_2'-OMe/-F,P(mU)#(fC)#(mU)(fU)(fU)(fA)(mA)(fA)(mU)(fG)(mU)(fU)(mG)#(fC)#(mC)#(fA)#(mA)#(mA)#(mU)#(fA),(mC)#(mC)#(mU)(fU)(mU)(mA)(mA)(fA)(mU)(fG)(mU)(fU)(mG)(fC)(mC)(mA)(mA)(fA)#(mU)#(mA)-TegChol,CCUUUAAAUGUUGCCAAAUA,UCUUUAAAUGUUGCCAAAUA,CCUUUAAAUGUUGCCAAAUA,CCUUUAAAUGUUGCCAAAUA,True,False,False
Supplemental Table 1,177,SNCA_2706_Blunt_2'-OMe/-F,P(mU)#(fU)#(mU)(fU)(fU)(fC)(mU)(fC)(mU)(fU)(mU)(fC)(mA)#(fG)#(mG)#(fG)#(mA)#(mA)#(mG)#(fA),(mU)#(mU)#(mU)(fU)(mU)(mC)(mU)(fC)(mU)(fU)(mU)(fC)(mA)(fG)(mG)(mG)(mA)(fA)#(mG)#(mA)-TegChol,UUUUUCUCUUUCAGGGAAGA,UUUUUCUCUUUCAGGGAAGA,UUUUUCUCUUUCAGGGAAGA,UUUUUCUCUUUCAGGGAAGA,True,False,False
Supplemental Table 1,178,SNCA_2740_Blunt_2'-OMe/-F,P(mU)#(fU)#(mG)(fG)(fG)(fU)(mG)(fC)(mU)(fG)(mA)(fA)(mA)#(fA)#(mU)#(fA)#(mA)#(mA)#(mC)#(fU),(mA)#(mU)#(mG)(fG)(mG)(mU)(mG)(fC)(mU)(fG)(mA)(fA)(mA)(fA)(mU)(mA)(mA)(fA)#(mC)#(mA)-TegChol,AUGGGUGCUGAAAAUAAACU,UUGGGUGCUGAAAAUAAACU,AUGGGUGCUGAAAAUAAACA,AUGGGUGCUGAAAAUAAACU,True,False,False
Supplemental Table 1,179,SNCA_2849_Blunt_2'-OMe/-F,P(mU)#(fU)#(mA)(fG)(fU)(fA)(mG)(fA)(mA)(fA)(mG)(fU)(mA)#(fU)#(mA)#(fA)#(mU)#(mU)#(mU)#(fC),(mC)#(mU)#(mA)(fG)(mU)(mA)(mG)(fA)(mA)(fA)(mG)(fU)(mA)(fU)(mA)(mA)(mU)(fU)#(mU)#(mA)-TegChol,CUAGUAGAAAGUAUAAUUUC,UUAGUAGAAAGUAUAAUUUC,CUAGUAGAAAGUAUAAUUUA,CUAGUAGAAAGUAUAAUUUC,True,False,False
Supplemental Table 1,180,SNCA_2901_Blunt_2'-OMe/-F,P(mU)#(fU)#(mA)(fU)(fG)(fU)(mA)(fU)(mU)(fC)(mA)(fU)(mG)#(fA)#(mG)#(fU)#(mA)#(mA)#(mU)#(fG),(mA)#(mU)#(mA)(fU)(mG)(mU)(mA)(fU)(mU)(fC)(mA)(fU)(mG)(fA)(mG)(mU)(mA)(fA)#(mU)#(mA)-TegChol,AUAUGUAUUCAUGAGUAAUG,UUAUGUAUUCAUGAGUAAUG,AUAUGUAUUCAUGAGUAAUA,AUAUGUAUUCAUGAGUAAUG,True,False,False
Supplemental Table 1,181,SNCA_2968_Blunt_2'-OMe/-F,P(mU)#(fU)#(mA)(fA)(fG)(fG)(mA)(fU)(mG)(fG)(mU)(fU)(mA)#(fC)#(mC)#(fA)#(mU)#(mA)#(mG)#(fA),(mA)#(mU)#(mA)(fA)(mG)(mG)(mA)(fU)(mG)(fG)(mU)(fU)(mA)(fC)(mC)(mA)(mU)(fA)#(mG)#(mA)-TegChol,AUAAGGAUGGUUACCAUAGA,UUAAGGAUGGUUACCAUAGA,AUAAGGAUGGUUACCAUAGA,AUAAGGAUGGUUACCAUAGA,True,False,False
Supplemental Table 1,182,SNCA_3020_Blunt_2'-OMe/-F,P(mU)#(fC)#(mU)(fA)(fC)(fA)(mG)(fA)(mG)(fU)(mG)(fC)(mU)#(fA)#(mA)#(fG)#(mC)#(mU)#(mG)#(fC),(mA)#(mC)#(mU)(fA)(mC)(mA)(mG)(fA)(mG)(fU)(mG)(fC)(mU)(fA)(mA)(mG)(mC)(fU)#(mG)#(mA)-TegChol,ACUACAGAGUGCUAAGCUGC,UCUACAGAGUGCUAAGCUGC,ACUACAGAGUGCUAAGCUGA,ACUACAGAGUGCUAAGCUGC,True,False,False
Supplemental Table 1,183,SNCA_3075_Blunt_2'-OMe/-F,P(mU)#(fC)#(mU)(fU)(fG)(fU)(mU)(fU)(mU)(fA)(mU)(fU)(mU)#(fA)#(mA)#(fG)#(mU)#(mU)#(mA)#(fU),(mU)#(mC)#(mU)(fU)(mG)(mU)(mU)(fU)(mU)(fA)(mU)(fU)(mU)(fA)(mA)(mG)(mU)(fU)#(mA)#(mA)-TegChol,UCUUGUUUUAUUUAAGUUAU,UCUUGUUUUAUUUAAGUUAU,UCUUGUUUUAUUUAAGUUAA,UCUUGUUUUAUUUAAGUUAU,True,False,False
Supplemental Table 1,184,SNCA_3128_Blunt_2'-OMe/-F,P(mU)#(fA)#(mU)(fA)(fU)(fU)(mU)(fC)(mA)(fG)(mG)(fA)(mA)#(fG)#(mG)#(fU)#(mU)#(mA)#(mG)#(fA),(mU)#(mA)#(mU)(fA)(mU)(mU)(mU)(fC)(mA)(fG)(mG)(fA)(mA)(fG)(mG)(mU)(mU)(fA)#(mG)#(mA)-TegChol,UAUAUUUCAGGAAGGUUAGA,UAUAUUUCAGGAAGGUUAGA,UAUAUUUCAGGAAGGUUAGA,UAUAUUUCAGGAAGGUUAGA,True,False,False
Supplemental Table 1,185,SNCA_3182_Blunt_2'-OMe/-F,P(mU)#(fA)#(mG)(fC)(fA)(fG)(mC)(fA)(mU)(fA)(mU)(fU)(mU)#(fU)#(mA)#(fA)#(mA)#(mA)#(mA)#(fU),(mA)#(mA)#(mG)(fC)(mA)(mG)(mC)(fA)(mU)(fA)(mU)(fU)(mU)(fU)(mA)(mA)(mA)(fA)#(mA)#(mA)-TegChol,AAGCAGCAUAUUUUAAAAAU,UAGCAGCAUAUUUUAAAAAU,AAGCAGCAUAUUUUAAAAAA,AAGCAGCAUAUUUUAAAAAU,True,False,False
Supplemental Table 1,186,SNCA_3298_Blunt_2'-OMe/-F,P(mU)#(fU)#(mU)(fU)(fA)(fA)(mG)(fG)(mA)(fU)(mU)(fU)(mA)#(fU)#(mG)#(fU)#(mG)#(mG)#(mA)#(fU),(mA)#(mU)#(mU)(fU)(mA)(mA)(mG)(fG)(mA)(fU)(mU)(fU)(mA)(fU)(mG)(mU)(mG)(fG)#(mA)#(mA)-TegChol,AUUUAAGGAUUUAUGUGGAU,UUUUAAGGAUUUAUGUGGAU,AUUUAAGGAUUUAUGUGGAA,AUUUAAGGAUUUAUGUGGAU,True,False,False
Supplemental Table 1,187,SNCA_3349_Blunt_2'-OMe/-F,P(mU)#(fA)#(mU)(fA)(fU)(fU)(mU)(fA)(mU)(fC)(mU)(fG)(mA)#(fC)#(mG)#(fG)#(mU)#(mA)#(mA)#(fU),(mA)#(mA)#(mU)(fA)(mU)(mU)(mU)(fA)(mU)(fC)(mU)(fG)(mA)(fC)(mG)(mG)(mU)(fA)#(mA)#(mA)-TegChol,AAUAUUUAUCUGACGGUAAU,UAUAUUUAUCUGACGGUAAU,AAUAUUUAUCUGACGGUAAA,AAUAUUUAUCUGACGGUAAU,True,False,False
Supplemental Table 1,188,SNCA_3400_Blunt_2'-OMe/-F,P(mU)#(fU)#(mA)(fG)(fU)(fU)(mU)(fA)(mU)(fU)(mU)(fG)(mG)#(fG)#(mA)#(fC)#(mC)#(mA)#(mA)#(fA),(mA)#(mU)#(mA)(fG)(mU)(mU)(mU)(fA)(mU)(fU)(mU)(fG)(mG)(fG)(mA)(mC)(mC)(fA)#(mA)#(mA)-TegChol,AUAGUUUAUUUGGGACCAAA,UUAGUUUAUUUGGGACCAAA,AUAGUUUAUUUGGGACCAAA,AUAGUUUAUUUGGGACCAAA,True,False,False
Supplemental Table 1,189,SNCA_3451_Blunt_2'-OMe/-F,P(mU)#(fG)#(mC)(fC)(fU)(fU)(mU)(fU)(mC)(fA)(mG)(fG)(mA)#(fA)#(mG)#(fC)#(mU)#(mU)#(mG)#(fU),(mA)#(mG)#(mC)(fC)(mU)(mU)(mU)(fU)(mC)(fA)(mG)(fG)(mA)(fA)(mG)(mC)(mU)(fU)#(mG)#(mA)-TegChol,AGCCUUUUCAGGAAGCUUGU,UGCCUUUUCAGGAAGCUUGU,AGCCUUUUCAGGAAGCUUGA,AGCCUUUUCAGGAAGCUUGU,True,False,False
Supplemental Table 1,190,SNCA_3513_Blunt_2'-OMe/-F,P(mU)#(fG)#(mA)(fU)(fC)(fA)(mA)(fU)(mC)(fC)(mA)(fG)(mU)#(fC)#(mC)#(fU)#(mA)#(mG)#(mG)#(fU),(mG)#(mG)#(mA)(fU)(mC)(mA)(mA)(fU)(mC)(fC)(mA)(fG)(mU)(fC)(mC)(mU)(mA)(fG)#(mG)#(mA)-TegChol,GGAUCAAUCCAGUCCUAGGU,UGAUCAAUCCAGUCCUAGGU,GGAUCAAUCCAGUCCUAGGA,GGAUCAAUCCAGUCCUAGGU,True,False,False
Supplemental Table 1,191,SNCA_3564_Blunt_2'-OMe/-F,P(mU)#(fU)#(mC)(fA)(fG)(fC)(mC)(fU)(mC)(fA)(mU)(fA)(mU)#(fG)#(mA)#(fC)#(mU)#(mC)#(mC)#(fA),(mU)#(mU)#(mC)(fA)(mG)(mC)(mC)(fU)(mC)(fA)(mU)(fA)(mU)(fG)(mA)(mC)(mU)(fC)#(mC)#(mA)-TegChol,UUCAGCCUCAUAUGACUCCA,UUCAGCCUCAUAUGACUCCA,UUCAGCCUCAUAUGACUCCA,UUCAGCCUCAUAUGACUCCA,True,False,False
Supplemental Table 1,192,SNCA_3618_Blunt_2'-OMe/-F,P(mU)#(fU)#(mG)(fG)(fC)(fA)(mC)(fA)(mC)(fA)(mA)(fU)(mU)#(fG)#(mG)#(fG)#(mA)#(mA)#(mC)#(fA),(mU)#(mU)#(mG)(fG)(mC)(mA)(mC)(fA)(mC)(fA)(mA)(fU)(mU)(fG)(mG)(mG)(mA)(fA)#(mC)#(mA)-TegChol,UUGGCACACAAUUGGGAACA,UUGGCACACAAUUGGGAACA,UUGGCACACAAUUGGGAACA,UUGGCACACAAUUGGGAACA,True,False,False
Supplemental Table 1,193,SNCA_3740_Blunt_2'-OMe/-F,P(mU)#(fG)#(mU)(fA)(fU)(fG)(mU)(fA)(mG)(fC)(mU)(fA)(mU)#(fU)#(mU)#(fG)#(mU)#(mG)#(mA)#(fC),(mA)#(mG)#(mU)(fA)(mU)(mG)(mU)(fA)(mG)(fC)(mU)(fA)(mU)(fU)(mU)(mG)(mU)(fG)#(mA)#(mA)-TegChol,AGUAUGUAGCUAUUUGUGAC,UGUAUGUAGCUAUUUGUGAC,AGUAUGUAGCUAUUUGUGAA,AGUAUGUAGCUAUUUGUGAC,True,False,False
Supplemental Table 1,194,APP_280_Asymmetric_2'-OMe/-F,P(mU)#(fA)#(mC)(fA)(fU)(fG)(mA)(fA)(mU)(fG)(mU)(fC)(mC)#(fA)#(mG)#(fA)#(mA)#(mU)#(mG)#(fG),(mC)#(mA)#(fC)(mA)(fU)(mG)(fA)(mA)(fU)(mG)(mU)(mC)(fC)#(mA)#(mA)-TegChol,CACAUGAAUGUCCAGAAUGG,UACAUGAAUGUCCAGAAUGG,CACAUGAAUGUCCAA,CACAUGAAUGUCCAGAAUGG,True,False,False
Supplemental Table 1,195,APP_333_Asymmetric_2'-OMe/-F,P(mU)#(fU)#(mG)(fC)(fA)(fU)(mU)(fG)(mA)(fU)(mA)(fC)(mC)#(fA)#(mA)#(fG)#(mG)#(mA)#(mA)#(fG),(mC)#(mU)#(fG)(mC)(fA)(mU)(fU)(mG)(fA)(mU)(mA)(mC)(fC)#(mA)#(mA)-TegChol,CUGCAUUGAUACCAAGGAAG,UUGCAUUGAUACCAAGGAAG,CUGCAUUGAUACCAA,CUGCAUUGAUACCAAGGAAG,True,False,False
Supplemental Table 1,196,APP_387_Asymmetric_2'-OMe/-F,P(mU)#(fC)#(mU)(fG)(fC)(fA)(mG)(fA)(mU)(fC)(mA)(fC)(mC)#(fA)#(mA)#(fU)#(mG)#(mU)#(mG)#(fG),(mA)#(mC)#(fU)(mG)(fC)(mA)(fG)(mA)(fU)(mC)(mA)(mC)(fC)#(mA)#(mA)-TegChol,ACUGCAGAUCACCAAUGUGG,UCUGCAGAUCACCAAUGUGG,ACUGCAGAUCACCAA,ACUGCAGAUCACCAAUGUGG,True,False,False
Supplemental Table 1,197,APP_480_Asymmetric_2'-OMe/-F,P(mU)#(fU)#(mU)(fU)(fG)(fU)(mG)(fA)(mU)(fU)(mC)(fC)(mC)#(fU)#(mA)#(fC)#(mC)#(mG)#(mC)#(fU),(mC)#(mU)#(fU)(mU)(fG)(mU)(fG)(mA)(fU)(mU)(mC)(mC)(fC)#(mU)#(mA)-TegChol,CUUUGUGAUUCCCUACCGCU,UUUUGUGAUUCCCUACCGCU,CUUUGUGAUUCCCUA,CUUUGUGAUUCCCUACCGCU,True,False,False
Supplemental Table 1,198,APP_531_Asymmetric_2'-OMe/-F,P(mU)#(fC)#(mU)(fC)(fG)(fU)(mU)(fC)(mC)(fU)(mG)(fA)(mC)#(fA)#(mA)#(fG)#(mU)#(mG)#(mC)#(fA),(mU)#(mC)#(fU)(mC)(fG)(mU)(fU)(mC)(fC)(mU)(mG)(mA)(fC)#(mA)#(mA)-TegChol,UCUCGUUCCUGACAAGUGCA,UCUCGUUCCUGACAAGUGCA,UCUCGUUCCUGACAA,UCUCGUUCCUGACAAGUGCA,True,False,False
Supplemental Table 1,199,APP_582_Asymmetric_2'-OMe/-F,P(mU)#(fG)#(mA)(fA)(fA)(fC)(mU)(fC)(mA)(fU)(mC)(fU)(mU)#(fC)#(mA)#(fC)#(mU)#(mG)#(mG)#(fC),(mC)#(mG)#(fA)(mA)(fA)(mC)(fU)(mC)(fA)(mU)(mC)(mU)(fU)#(mC)#(mA)-TegChol,CGAAACUCAUCUUCACUGGC,UGAAACUCAUCUUCACUGGC,CGAAACUCAUCUUCA,CGAAACUCAUCUUCACUGGC,True,False,False
Supplemental Table 1,200,APP_729_Asymmetric_2'-OMe/-F,P(mU)#(fG)#(mA)(fC)(fA)(fA)(mU)(fG)(mU)(fG)(mG)(fA)(mU)#(fU)#(mC)#(fU)#(mG)#(mC)#(mU)#(fG),(mU)#(mG)#(fA)(mC)(fA)(mA)(fU)(mG)(fU)(mG)(mG)(mA)(fU)#(mU)#(mA)-TegChol,UGACAAUGUGGAUUCUGCUG,UGACAAUGUGGAUUCUGCUG,UGACAAUGUGGAUUA,UGACAAUGUGGAUUCUGCUG,True,False,False
Supplemental Table 1,201,APP_814_Asymmetric_2'-OMe/-F,P(mU)#(fA)#(mA)(fG)(fA)(fC)(mA)(fA)(mA)(fG)(mU)(fA)(mG)#(fU)#(mA)#(fG)#(mA)#(mA)#(mG)#(fU),(mG)#(mA)#(fA)(mG)(fA)(mC)(fA)(mA)(fA)(mG)(mU)(mA)(fG)#(mU)#(mA)-TegChol,GAAGACAAAGUAGUAGAAGU,UAAGACAAAGUAGUAGAAGU,GAAGACAAAGUAGUA,GAAGACAAAGUAGUAGAAGU,True,False,False
Supplemental Table 1,202,APP_905_Asymmetric_2'-OMe/-F,P(mU)#(fU)#(mG)(fA)(fG)(fG)(mU)(fA)(mG)(fA)(mG)(fG)(mA)#(fA)#(mG)#(fA)#(mG)#(mG)#(mC)#(fU),(mA)#(mU)#(fG)(mA)(fG)(mG)(fU)(mA)(fG)(mA)(mG)(mG)(fA)#(mA)#(mA)-TegChol,AUGAGGUAGAGGAAGAGGCU,UUGAGGUAGAGGAAGAGGCU,AUGAGGUAGAGGAAA,AUGAGGUAGAGGAAGAGGCU,True,False,False
Supplemental Table 1,203,APP_1001_Asymmetric_2'-OMe/-F,P(mU)#(fA)#(mG)(fA)(fG)(fG)(mU)(fG)(mG)(fU)(mU)(fC)(mG)#(fA)#(mG)#(fA)#(mG)#(mG)#(mU)#(fG),(mA)#(mA)#(fG)(mA)(fG)(mG)(fU)(mG)(fG)(mU)(mU)(mC)(fG)#(mA)#(mA)-TegChol,AAGAGGUGGUUCGAGAGGUG,UAGAGGUGGUUCGAGAGGUG,AAGAGGUGGUUCGAA,AAGAGGUGGUUCGAGAGGUG,True,False,False
Supplemental Table 1,204,APP_1106_Asymmetric_2'-OMe/-F,P(mU)#(fC)#(mU)(fU)(fU)(fU)(mA)(fC)(mG)(fG)(mC)(fG)(mG)#(fA)#(mU)#(fG)#(mU)#(mG)#(mG)#(fC),(mU)#(mC)#(fU)(mU)(fU)(mU)(fA)(mC)(fG)(mG)(mC)(mG)(fG)#(mA)#(mA)-TegChol,UCUUUUACGGCGGAUGUGGC,UCUUUUACGGCGGAUGUGGC,UCUUUUACGGCGGAA,UCUUUUACGGCGGAUGUGGC,True,False,False
Supplemental Table 1,205,APP_1197_Asymmetric_2'-OMe/-F,P(mU)#(fC)#(mU)(fC)(fA)(fA)(mG)(fA)(mC)(fU)(mA)(fC)(mC)#(fC)#(mA)#(fG)#(mG)#(mA)#(mA)#(fC),(mA)#(mC)#(fU)(mC)(fA)(mA)(fG)(mA)(fC)(mU)(mA)(mC)(fC)#(mC)#(mA)-TegChol,ACUCAAGACUACCCAGGAAC,UCUCAAGACUACCCAGGAAC,ACUCAAGACUACCCA,ACUCAAGACUACCCAGGAAC,True,False,False
Supplemental Table 1,206,APP_1363_Asymmetric_2'-OMe/-F,P(mU)#(fG)#(mA)(fA)(fU)(fG)(mU)(fC)(mC)(fC)(mA)(fG)(mG)#(fU)#(mC)#(fA)#(mU)#(mG)#(mA)#(fG),(mA)#(mG)#(fA)(mA)(fU)(mG)(fU)(mC)(fC)(mC)(mA)(mG)(fG)#(mU)#(mA)-TegChol,AGAAUGUCCCAGGUCAUGAG,UGAAUGUCCCAGGUCAUGAG,AGAAUGUCCCAGGUA,AGAAUGUCCCAGGUCAUGAG,True,False,False
Supplemental Table 1,207,APP_1419_Asymmetric_2'-OMe/-F,P(mU)#(fC)#(mC)(fU)(fA)(fA)(mA)(fG)(mC)(fU)(mG)(fA)(mU)#(fA)#(mA)#(fG)#(mA)#(mA)#(mG)#(fG),(mG)#(mC)#(fC)(mU)(fA)(mA)(fA)(mG)(fC)(mU)(mG)(mA)(fU)#(mA)#(mA)-TegChol,GCCUAAAGCUGAUAAGAAGG,UCCUAAAGCUGAUAAGAAGG,GCCUAAAGCUGAUAA,GCCUAAAGCUGAUAAGAAGG,True,False,False
Supplemental Table 1,208,APP_1477_Asymmetric_2'-OMe/-F,P(mU)#(fA)#(mA)(fC)(fA)(fG)(mG)(fA)(mA)(fG)(mC)(fA)(mG)#(fC)#(mC)#(fA)#(mA)#(mC)#(mG)#(fA),(mG)#(mA)#(fA)(mC)(fA)(mG)(fG)(mA)(fA)(mG)(mC)(mA)(fG)#(mC)#(mA)-TegChol,GAACAGGAAGCAGCCAACGA,UAACAGGAAGCAGCCAACGA,GAACAGGAAGCAGCA,GAACAGGAAGCAGCCAACGA,True,False,False
Supplemental Table 1,209,APP_1621_Asymmetric_2'-OMe/-F,P(mU)#(fU)#(mC)(fA)(fA)(fU)(mA)(fU)(mG)(fC)(mU)(fA)(mA)#(fA)#(mG)#(fA)#(mA)#(mG)#(mU)#(fA),(mU)#(mU)#(fC)(mA)(fA)(mU)(fA)(mU)(fG)(mC)(mU)(mA)(fA)#(mA)#(mA)-TegChol,UUCAAUAUGCUAAAGAAGUA,UUCAAUAUGCUAAAGAAGUA,UUCAAUAUGCUAAAA,UUCAAUAUGCUAAAGAAGUA,True,False,False
Supplemental Table 1,210,APP_1677_Asymmetric_2'-OMe/-F,P(mU)#(fA)#(mA)(fG)(fC)(fA)(mU)(fU)(mU)(fC)(mG)(fA)(mG)#(fC)#(mA)#(fU)#(mG)#(mU)#(mG)#(fC),(mA)#(mA)#(fA)(mG)(fC)(mA)(fU)(mU)(fU)(mC)(mG)(mA)(fG)#(mC)#(mA)-TegChol,AAAGCAUUUCGAGCAUGUGC,UAAGCAUUUCGAGCAUGUGC,AAAGCAUUUCGAGCA,AAAGCAUUUCGAGCAUGUGC,True,False,False
Supplemental Table 1,211,APP_1746_Asymmetric_2'-OMe/-F,P(mU)#(fC)#(mA)(fC)(fC)(fU)(mC)(fC)(mG)(fU)(mG)(fU)(mG)#(fA)#(mU)#(fU)#(mU)#(mA)#(mU)#(fG),(mA)#(mC)#(fA)(mC)(fC)(mU)(fC)(mC)(fG)(mU)(mG)(mU)(fG)#(mA)#(mA)-TegChol,ACACCUCCGUGUGAUUUAUG,UCACCUCCGUGUGAUUUAUG,ACACCUCCGUGUGAA,ACACCUCCGUGUGAUUUAUG,True,False,False
Supplemental Table 1,212,APP_1748_Asymmetric_2'-OMe/-F,P(mU)#(fC)#(mC)(fU)(fC)(fC)(mG)(fU)(mG)(fU)(mG)(fA)(mU)#(fU)#(mU)#(fA)#(mU)#(mG)#(mA)#(fG),(mA)#(mC)#(fC)(mU)(fC)(mC)(fG)(mU)(fG)(mU)(mG)(mA)(fU)#(mU)#(mA)-TegChol,ACCUCCGUGUGAUUUAUGAG,UCCUCCGUGUGAUUUAUGAG,ACCUCCGUGUGAUUA,ACCUCCGUGUGAUUUAUGAG,True,False,False
Supplemental Table 1,213,APP_1750_Asymmetric_2'-OMe/-F,P(mU)#(fU)#(mC)(fC)(fG)(fU)(mG)(fU)(mG)(fA)(mU)(fU)(mU)#(fA)#(mU)#(fG)#(mA)#(mG)#(mC)#(fG),(mC)#(mU)#(fC)(mC)(fG)(mU)(fG)(mU)(fG)(mA)(mU)(mU)(fU)#(mA)#(mA)-TegChol,CUCCGUGUGAUUUAUGAGCG,UUCCGUGUGAUUUAUGAGCG,CUCCGUGUGAUUUAA,CUCCGUGUGAUUUAUGAGCG,True,False,False
Supplemental Table 1,214,APP_1752_Asymmetric_2'-OMe/-F,P(mU)#(fC)#(mG)(fU)(fG)(fU)(mG)(fA)(mU)(fU)(mU)(fA)(mU)#(fG)#(mA)#(fG)#(mC)#(mG)#(mC)#(fA),(mC)#(mC)#(fG)(mU)(fG)(mU)(fG)(mA)(fU)(mU)(mU)(mA)(fU)#(mG)#(mA)-TegChol,CCGUGUGAUUUAUGAGCGCA,UCGUGUGAUUUAUGAGCGCA,CCGUGUGAUUUAUGA,CCGUGUGAUUUAUGAGCGCA,True,False,False
Supplemental Table 1,215,APP_1754_Asymmetric_2'-OMe/-F,P(mU)#(fU)#(mG)(fU)(fG)(fA)(mU)(fU)(mU)(fA)(mU)(fG)(mA)#(fG)#(mC)#(fG)#(mC)#(mA)#(mU)#(fG),(mG)#(mU)#(fG)(mU)(fG)(mA)(fU)(mU)(fU)(mA)(mU)(mG)(fA)#(mG)#(mA)-TegChol,GUGUGAUUUAUGAGCGCAUG,UUGUGAUUUAUGAGCGCAUG,GUGUGAUUUAUGAGA,GUGUGAUUUAUGAGCGCAUG,True,False,False
Supplemental Table 1,216,APP_1756_Asymmetric_2'-OMe/-F,P(mU)#(fU)#(mG)(fA)(fU)(fU)(mU)(fA)(mU)(fG)(mA)(fG)(mC)#(fG)#(mC)#(fA)#(mU)#(mG)#(mA)#(fA),(mG)#(mU)#(fG)(mA)(fU)(mU)(fU)(mA)(fU)(mG)(mA)(mG)(fC)#(mG)#(mA)-TegChol,GUGAUUUAUGAGCGCAUGAA,UUGAUUUAUGAGCGCAUGAA,GUGAUUUAUGAGCGA,GUGAUUUAUGAGCGCAUGAA,True,False,False
Supplemental Table 1,217,APP_1758_Asymmetric_2'-OMe/-F,P(mU)#(fA)#(mU)(fU)(fU)(fA)(mU)(fG)(mA)(fG)(mC)(fG)(mC)#(fA)#(mU)#(fG)#(mA)#(mA)#(mU)#(fC),(mG)#(mA)#(fU)(mU)(fU)(mA)(fU)(mG)(fA)(mG)(mC)(mG)(fC)#(mA)#(mA)-TegChol,GAUUUAUGAGCGCAUGAAUC,UAUUUAUGAGCGCAUGAAUC,GAUUUAUGAGCGCAA,GAUUUAUGAGCGCAUGAAUC,True,False,False
Supplemental Table 1,218,APP_1760_Asymmetric_2'-OMe/-F,P(mU)#(fU)#(mU)(fA)(fU)(fG)(mA)(fG)(mC)(fG)(mC)(fA)(mU)#(fG)#(mA)#(fA)#(mU)#(mC)#(mA)#(fG),(mU)#(mU)#(fU)(mA)(fU)(mG)(fA)(mG)(fC)(mG)(mC)(mA)(fU)#(mG)#(mA)-TegChol,UUUAUGAGCGCAUGAAUCAG,UUUAUGAGCGCAUGAAUCAG,UUUAUGAGCGCAUGA,UUUAUGAGCGCAUGAAUCAG,True,False,False
Supplemental Table 1,219,APP_1762_Asymmetric_2'-OMe/-F,P(mU)#(fA)#(mU)(fG)(fA)(fG)(mC)(fG)(mC)(fA)(mU)(fG)(mA)#(fA)#(mU)#(fC)#(mA)#(mG)#(mU)#(fC),(mU)#(mA)#(fU)(mG)(fA)(mG)(fC)(mG)(fC)(mA)(mU)(mG)(fA)#(mA)#(mA)-TegChol,UAUGAGCGCAUGAAUCAGUC,UAUGAGCGCAUGAAUCAGUC,UAUGAGCGCAUGAAA,UAUGAGCGCAUGAAUCAGUC,True,False,False
Supplemental Table 1,220,APP_1885_Asymmetric_2'-OMe/-F,P(mU)#(fA)#(mC)(fA)(fU)(fG)(mA)(fU)(mU)(fA)(mG)(fU)(mG)#(fA)#(mA)#(fC)#(mC)#(mA)#(mA)#(fG),(mA)#(mA)#(fC)(mA)(fU)(mG)(fA)(mU)(fU)(mA)(mG)(mU)(fG)#(mA)#(mA)-TegChol,AACAUGAUUAGUGAACCAAG,UACAUGAUUAGUGAACCAAG,AACAUGAUUAGUGAA,AACAUGAUUAGUGAACCAAG,True,False,False
Supplemental Table 1,221,APP_1935_Asymmetric_2'-OMe/-F,P(mU)#(fU)#(mC)(fU)(fU)(fU)(mG)(fA)(mC)(fC)(mG)(fA)(mA)#(fA)#(mC)#(fG)#(mA)#(mA)#(mA)#(fA),(mA)#(mU)#(fC)(mU)(fU)(mU)(fG)(mA)(fC)(mC)(mG)(mA)(fA)#(mA)#(mA)-TegChol,AUCUUUGACCGAAACGAAAA,UUCUUUGACCGAAACGAAAA,AUCUUUGACCGAAAA,AUCUUUGACCGAAACGAAAA,True,False,False
Supplemental Table 1,222,APP_2039_Asymmetric_2'-OMe/-F,P(mU)#(fA)#(mG)(fC)(fC)(fA)(mA)(fC)(mA)(fC)(mA)(fG)(mA)#(fA)#(mA)#(fA)#(mC)#(mG)#(mA)#(fA),(mC)#(mA)#(fG)(mC)(fC)(mA)(fA)(mC)(fA)(mC)(mA)(mG)(fA)#(mA)#(mA)-TegChol,CAGCCAACACAGAAAACGAA,UAGCCAACACAGAAAACGAA,CAGCCAACACAGAAA,CAGCCAACACAGAAAACGAA,True,False,False
Supplemental Table 1,223,APP_2135_Asymmetric_2'-OMe/-F,P(mU)#(fG)#(mA)(fC)(fG)(fG)(mA)(fG)(mG)(fA)(mG)(fA)(mU)#(fC)#(mU)#(fC)#(mU)#(mG)#(mA)#(fA),(mA)#(mG)#(fA)(mC)(fG)(mG)(fA)(mG)(fG)(mA)(mG)(mA)(fU)#(mC)#(mA)-TegChol,AGACGGAGGAGAUCUCUGAA,UGACGGAGGAGAUCUCUGAA,AGACGGAGGAGAUCA,AGACGGAGGAGAUCUCUGAA,True,False,False
Supplemental Table 1,224,APP_2185_Asymmetric_2'-OMe/-F,P(mU)#(fC)#(mA)(fG)(fG)(fA)(mU)(fA)(mU)(fG)(mA)(fA)(mG)#(fU)#(mU)#(fC)#(mA)#(mU)#(mC)#(fA),(mU)#(mC)#(fA)(mG)(fG)(mA)(fU)(mA)(fU)(mG)(mA)(mA)(fG)#(mU)#(mA)-TegChol,UCAGGAUAUGAAGUUCAUCA,UCAGGAUAUGAAGUUCAUCA,UCAGGAUAUGAAGUA,UCAGGAUAUGAAGUUCAUCA,True,False,False
Supplemental Table 1,225,APP_2238_Asymmetric_2'-OMe/-F,P(mU)#(fU)#(mC)(fA)(fA)(fA)(mC)(fA)(mA)(fA)(mG)(fG)(mU)#(fG)#(mC)#(fA)#(mA)#(mU)#(mC)#(fA),(mU)#(mU)#(fC)(mA)(fA)(mA)(fC)(mA)(fA)(mA)(mG)(mG)(fU)#(mG)#(mA)-TegChol,UUCAAACAAAGGUGCAAUCA,UUCAAACAAAGGUGCAAUCA,UUCAAACAAAGGUGA,UUCAAACAAAGGUGCAAUCA,True,False,False
Supplemental Table 1,226,APP_2404_Asymmetric_2'-OMe/-F,P(mU)#(fU)#(mG)(fC)(fA)(fG)(mC)(fA)(mG)(fA)(mA)(fC)(mG)#(fG)#(mC)#(fU)#(mA)#(mC)#(mG)#(fA),(mA)#(mU)#(fG)(mC)(fA)(mG)(fC)(mA)(fG)(mA)(mA)(mC)(fG)#(mG)#(mA)-TegChol,AUGCAGCAGAACGGCUACGA,UUGCAGCAGAACGGCUACGA,AUGCAGCAGAACGGA,AUGCAGCAGAACGGCUACGA,True,False,False
Supplemental Table 1,227,APP_2472_Asymmetric_2'-OMe/-F,P(mU)#(fA)#(mC)(fA)(fG)(fC)(mA)(fG)(mC)(fC)(mU)(fC)(mU)#(fG)#(mA)#(fA)#(mG)#(mU)#(mU)#(fG),(mC)#(mA)#(fC)(mA)(fG)(mC)(fA)(mG)(fC)(mC)(mU)(mC)(fU)#(mG)#(mA)-TegChol,CACAGCAGCCUCUGAAGUUG,UACAGCAGCCUCUGAAGUUG,CACAGCAGCCUCUGA,CACAGCAGCCUCUGAAGUUG,True,False,False
Supplemental Table 1,228,APP_2474_Asymmetric_2'-OMe/-F,P(mU)#(fA)#(mG)(fC)(fA)(fG)(mC)(fC)(mU)(fC)(mU)(fG)(mA)#(fA)#(mG)#(fU)#(mU)#(mG)#(mG)#(fA),(mC)#(mA)#(fG)(mC)(fA)(mG)(fC)(mC)(fU)(mC)(mU)(mG)(fA)#(mA)#(mA)-TegChol,CAGCAGCCUCUGAAGUUGGA,UAGCAGCCUCUGAAGUUGGA,CAGCAGCCUCUGAAA,CAGCAGCCUCUGAAGUUGGA,True,False,False
Supplemental Table 1,229,APP_2478_Asymmetric_2'-OMe/-F,P(mU)#(fG)#(mC)(fC)(fU)(fC)(mU)(fG)(mA)(fA)(mG)(fU)(mU)#(fG)#(mG)#(fA)#(mC)#(mA)#(mG)#(fC),(mA)#(mG)#(fC)(mC)(fU)(mC)(fU)(mG)(fA)(mA)(mG)(mU)(fU)#(mG)#(mA)-TegChol,AGCCUCUGAAGUUGGACAGC,UGCCUCUGAAGUUGGACAGC,AGCCUCUGAAGUUGA,AGCCUCUGAAGUUGGACAGC,True,False,False
Supplemental Table 1,230,APP_2480_Asymmetric_2'-OMe/-F,P(mU)#(fC)#(mU)(fC)(fU)(fG)(mA)(fA)(mG)(fU)(mU)(fG)(mG)#(fA)#(mC)#(fA)#(mG)#(mC)#(mA)#(fA),(mC)#(mC)#(fU)(mC)(fU)(mG)(fA)(mA)(fG)(mU)(mU)(mG)(fG)#(mA)#(mA)-TegChol,CCUCUGAAGUUGGACAGCAA,UCUCUGAAGUUGGACAGCAA,CCUCUGAAGUUGGAA,CCUCUGAAGUUGGACAGCAA,True,False,False
Supplemental Table 1,231,APP_2482_Asymmetric_2'-OMe/-F,P(mU)#(fC)#(mU)(fG)(fA)(fA)(mG)(fU)(mU)(fG)(mG)(fA)(mC)#(fA)#(mG)#(fC)#(mA)#(mA)#(mA)#(fA),(mU)#(mC)#(fU)(mG)(fA)(mA)(fG)(mU)(fU)(mG)(mG)(mA)(fC)#(mA)#(mA)-TegChol,UCUGAAGUUGGACAGCAAAA,UCUGAAGUUGGACAGCAAAA,UCUGAAGUUGGACAA,UCUGAAGUUGGACAGCAAAA,True,False,False
Supplemental Table 1,232,APP_2484_Asymmetric_2'-OMe/-F,P(mU)#(fG)#(mA)(fA)(fG)(fU)(mU)(fG)(mG)(fA)(mC)(fA)(mG)#(fC)#(mA)#(fA)#(mA)#(mA)#(mC)#(fC),(mU)#(mG)#(fA)(mA)(fG)(mU)(fU)(mG)(fG)(mA)(mC)(mA)(fG)#(mC)#(mA)-TegChol,UGAAGUUGGACAGCAAAACC,UGAAGUUGGACAGCAAAACC,UGAAGUUGGACAGCA,UGAAGUUGGACAGCAAAACC,True,False,False
Supplemental Table 1,233,APP_2486_Asymmetric_2'-OMe/-F,P(mU)#(fA)#(mG)(fU)(fU)(fG)(mG)(fA)(mC)(fA)(mG)(fC)(mA)#(fA)#(mA)#(fA)#(mC)#(mC)#(mA)#(fU),(mA)#(mA)#(fG)(mU)(fU)(mG)(fG)(mA)(fC)(mA)(mG)(mC)(fA)#(mA)#(mA)-TegChol,AAGUUGGACAGCAAAACCAU,UAGUUGGACAGCAAAACCAU,AAGUUGGACAGCAAA,AAGUUGGACAGCAAAACCAU,True,False,False
Supplemental Table 1,234,APP_2488_Asymmetric_2'-OMe/-F,P(mU)#(fU)#(mU)(fG)(fG)(fA)(mC)(fA)(mG)(fC)(mA)(fA)(mA)#(fA)#(mC)#(fC)#(mA)#(mU)#(mU)#(fG),(mG)#(mU)#(fU)(mG)(fG)(mA)(fC)(mA)(fG)(mC)(mA)(mA)(fA)#(mA)#(mA)-TegChol,GUUGGACAGCAAAACCAUUG,UUUGGACAGCAAAACCAUUG,GUUGGACAGCAAAAA,GUUGGACAGCAAAACCAUUG,True,False,False
Supplemental Table 1,235,APP_2528_Asymmetric_2'-OMe/-F,P(mU)#(fA)#(mU)(fU)(fU)(fA)(mU)(fA)(mG)(fA)(mA)(fU)(mA)#(fA)#(mU)#(fG)#(mU)#(mG)#(mG)#(fG),(mC)#(mA)#(fU)(mU)(fU)(mA)(fU)(mA)(fG)(mA)(mA)(mU)(fA)#(mA)#(mA)-TegChol,CAUUUAUAGAAUAAUGUGGG,UAUUUAUAGAAUAAUGUGGG,CAUUUAUAGAAUAAA,CAUUUAUAGAAUAAUGUGGG,True,False,False
Supplemental Table 1,236,APP_2569_Asymmetric_2'-OMe/-F,P(mU)#(fU)#(mU)(fU)(fA)(fC)(mU)(fC)(mA)(fU)(mU)(fA)(mU)#(fC)#(mG)#(fC)#(mC)#(mU)#(mU)#(fU),(mA)#(mU)#(fU)(mU)(fA)(mC)(fU)(mC)(fA)(mU)(mU)(mA)(fU)#(mC)#(mA)-TegChol,AUUUACUCAUUAUCGCCUUU,UUUUACUCAUUAUCGCCUUU,AUUUACUCAUUAUCA,AUUUACUCAUUAUCGCCUUU,True,False,False
Supplemental Table 1,237,APP_2571_Asymmetric_2'-OMe/-F,P(mU)#(fU)#(mA)(fC)(fU)(fC)(mA)(fU)(mU)(fA)(mU)(fC)(mG)#(fC)#(mC)#(fU)#(mU)#(mU)#(mU)#(fG),(mU)#(mU)#(fA)(mC)(fU)(mC)(fA)(mU)(fU)(mA)(mU)(mC)(fG)#(mC)#(mA)-TegChol,UUACUCAUUAUCGCCUUUUG,UUACUCAUUAUCGCCUUUUG,UUACUCAUUAUCGCA,UUACUCAUUAUCGCCUUUUG,True,False,False
Supplemental Table 1,238,APP_2573_Asymmetric_2'-OMe/-F,P(mU)#(fC)#(mU)(fC)(fA)(fU)(mU)(fA)(mU)(fC)(mG)(fC)(mC)#(fU)#(mU)#(fU)#(mU)#(mG)#(mA)#(fC),(mA)#(mC)#(fU)(mC)(fA)(mU)(fU)(mA)(fU)(mC)(mG)(mC)(fC)#(mU)#(mA)-TegChol,ACUCAUUAUCGCCUUUUGAC,UCUCAUUAUCGCCUUUUGAC,ACUCAUUAUCGCCUA,ACUCAUUAUCGCCUUUUGAC,True,False,False
Supplemental Table 1,239,APP_2575_Asymmetric_2'-OMe/-F,P(mU)#(fC)#(mA)(fU)(fU)(fA)(mU)(fC)(mG)(fC)(mC)(fU)(mU)#(fU)#(mU)#(fG)#(mA)#(mC)#(mA)#(fG),(mU)#(mC)#(fA)(mU)(fU)(mA)(fU)(mC)(fG)(mC)(mC)(mU)(fU)#(mU)#(mA)-TegChol,UCAUUAUCGCCUUUUGACAG,UCAUUAUCGCCUUUUGACAG,UCAUUAUCGCCUUUA,UCAUUAUCGCCUUUUGACAG,True,False,False
Supplemental Table 1,240,APP_2577_Asymmetric_2'-OMe/-F,P(mU)#(fU)#(mU)(fA)(fU)(fC)(mG)(fC)(mC)(fU)(mU)(fU)(mU)#(fG)#(mA)#(fC)#(mA)#(mG)#(mC)#(fU),(mA)#(mU)#(fU)(mA)(fU)(mC)(fG)(mC)(fC)(mU)(mU)(mU)(fU)#(mG)#(mA)-TegChol,AUUAUCGCCUUUUGACAGCU,UUUAUCGCCUUUUGACAGCU,AUUAUCGCCUUUUGA,AUUAUCGCCUUUUGACAGCU,True,False,False
Supplemental Table 1,241,APP_2579_Asymmetric_2'-OMe/-F,P(mU)#(fA)#(mU)(fC)(fG)(fC)(mC)(fU)(mU)(fU)(mU)(fG)(mA)#(fC)#(mA)#(fG)#(mC)#(mU)#(mG)#(fU),(mU)#(mA)#(fU)(mC)(fG)(mC)(fC)(mU)(fU)(mU)(mU)(mG)(fA)#(mC)#(mA)-TegChol,UAUCGCCUUUUGACAGCUGU,UAUCGCCUUUUGACAGCUGU,UAUCGCCUUUUGACA,UAUCGCCUUUUGACAGCUGU,True,False,False
Supplemental Table 1,242,APP_2581_Asymmetric_2'-OMe/-F,P(mU)#(fC)#(mG)(fC)(fC)(fU)(mU)(fU)(mU)(fG)(mA)(fC)(mA)#(fG)#(mC)#(fU)#(mG)#(mU)#(mG)#(fC),(mU)#(mC)#(fG)(mC)(fC)(mU)(fU)(mU)(fU)(mG)(mA)(mC)(fA)#(mG)#(mA)-TegChol,UCGCCUUUUGACAGCUGUGC,UCGCCUUUUGACAGCUGUGC,UCGCCUUUUGACAGA,UCGCCUUUUGACAGCUGUGC,True,False,False
Supplemental Table 1,243,APP_2583_Asymmetric_2'-OMe/-F,P(mU)#(fC)#(mC)(fU)(fU)(fU)(mU)(fG)(mA)(fC)(mA)(fG)(mC)#(fU)#(mG)#(fU)#(mG)#(mC)#(mU)#(fG),(mG)#(mC)#(fC)(mU)(fU)(mU)(fU)(mG)(fA)(mC)(mA)(mG)(fC)#(mU)#(mA)-TegChol,GCCUUUUGACAGCUGUGCUG,UCCUUUUGACAGCUGUGCUG,GCCUUUUGACAGCUA,GCCUUUUGACAGCUGUGCUG,True,False,False
Supplemental Table 1,244,APP_2585_Asymmetric_2'-OMe/-F,P(mU)#(fU)#(mU)(fU)(fU)(fG)(mA)(fC)(mA)(fG)(mC)(fU)(mG)#(fU)#(mG)#(fC)#(mU)#(mG)#(mU)#(fA),(mC)#(mU)#(fU)(mU)(fU)(mG)(fA)(mC)(fA)(mG)(mC)(mU)(fG)#(mU)#(mA)-TegChol,CUUUUGACAGCUGUGCUGUA,UUUUUGACAGCUGUGCUGUA,CUUUUGACAGCUGUA,CUUUUGACAGCUGUGCUGUA,True,False,False
Supplemental Table 1,245,APP_2587_Asymmetric_2'-OMe/-F,P(mU)#(fU)#(mU)(fG)(fA)(fC)(mA)(fG)(mC)(fU)(mG)(fU)(mG)#(fC)#(mU)#(fG)#(mU)#(mA)#(mA)#(fC),(mU)#(mU)#(fU)(mG)(fA)(mC)(fA)(mG)(fC)(mU)(mG)(mU)(fG)#(mC)#(mA)-TegChol,UUUGACAGCUGUGCUGUAAC,UUUGACAGCUGUGCUGUAAC,UUUGACAGCUGUGCA,UUUGACAGCUGUGCUGUAAC,True,False,False
Supplemental Table 1,246,APP_2589_Asymmetric_2'-OMe/-F,P(mU)#(fG)#(mA)(fC)(fA)(fG)(mC)(fU)(mG)(fU)(mG)(fC)(mU)#(fG)#(mU)#(fA)#(mA)#(mC)#(mA)#(fC),(mU)#(mG)#(fA)(mC)(fA)(mG)(fC)(mU)(fG)(mU)(mG)(mC)(fU)#(mG)#(mA)-TegChol,UGACAGCUGUGCUGUAACAC,UGACAGCUGUGCUGUAACAC,UGACAGCUGUGCUGA,UGACAGCUGUGCUGUAACAC,True,False,False
Supplemental Table 1,247,APP_2620_Asymmetric_2'-OMe/-F,P(mU)#(fG)#(mA)(fA)(fC)(fU)(mU)(fG)(mA)(fA)(mU)(fU)(mA)#(fA)#(mU)#(fC)#(mC)#(mA)#(mC)#(fA),(mU)#(mG)#(fA)(mA)(fC)(mU)(fU)(mG)(fA)(mA)(mU)(mU)(fA)#(mA)#(mA)-TegChol,UGAACUUGAAUUAAUCCACA,UGAACUUGAAUUAAUCCACA,UGAACUUGAAUUAAA,UGAACUUGAAUUAAUCCACA,True,False,False
Supplemental Table 1,248,APP_2622_Asymmetric_2'-OMe/-F,P(mU)#(fA)#(mC)(fU)(fU)(fG)(mA)(fA)(mU)(fU)(mA)(fA)(mU)#(fC)#(mC)#(fA)#(mC)#(mA)#(mC)#(fA),(mA)#(mA)#(fC)(mU)(fU)(mG)(fA)(mA)(fU)(mU)(mA)(mA)(fU)#(mC)#(mA)-TegChol,AACUUGAAUUAAUCCACACA,UACUUGAAUUAAUCCACACA,AACUUGAAUUAAUCA,AACUUGAAUUAAUCCACACA,True,False,False
Supplemental Table 1,249,APP_2624_Asymmetric_2'-OMe/-F,P(mU)#(fU)#(mU)(fG)(fA)(fA)(mU)(fU)(mA)(fA)(mU)(fC)(mC)#(fA)#(mC)#(fA)#(mC)#(mA)#(mU)#(fC),(mC)#(mU)#(fU)(mG)(fA)(mA)(fU)(mU)(fA)(mA)(mU)(mC)(fC)#(mA)#(mA)-TegChol,CUUGAAUUAAUCCACACAUC,UUUGAAUUAAUCCACACAUC,CUUGAAUUAAUCCAA,CUUGAAUUAAUCCACACAUC,True,False,False
Supplemental Table 1,250,APP_2626_Asymmetric_2'-OMe/-F,P(mU)#(fG)#(mA)(fA)(fU)(fU)(mA)(fA)(mU)(fC)(mC)(fA)(mC)#(fA)#(mC)#(fA)#(mU)#(mC)#(mA)#(fG),(mU)#(mG)#(fA)(mA)(fU)(mU)(fA)(mA)(fU)(mC)(mC)(mA)(fC)#(mA)#(mA)-TegChol,UGAAUUAAUCCACACAUCAG,UGAAUUAAUCCACACAUCAG,UGAAUUAAUCCACAA,UGAAUUAAUCCACACAUCAG,True,False,False
Supplemental Table 1,251,APP_2628_Asymmetric_2'-OMe/-F,P(mU)#(fA)#(mU)(fU)(fA)(fA)(mU)(fC)(mC)(fA)(mC)(fA)(mC)#(fA)#(mU)#(fC)#(mA)#(mG)#(mU)#(fA),(mA)#(mA)#(fU)(mU)(fA)(mA)(fU)(mC)(fC)(mA)(mC)(mA)(fC)#(mA)#(mA)-TegChol,AAUUAAUCCACACAUCAGUA,UAUUAAUCCACACAUCAGUA,AAUUAAUCCACACAA,AAUUAAUCCACACAUCAGUA,True,False,False
Supplemental Table 1,252,APP_2630_Asymmetric_2'-OMe/-F,P(mU)#(fU)#(mA)(fA)(fU)(fC)(mC)(fA)(mC)(fA)(mC)(fA)(mU)#(fC)#(mA)#(fG)#(mU)#(mA)#(mA)#(fU),(mU)#(mU)#(fA)(mA)(fU)(mC)(fC)(mA)(fC)(mA)(mC)(mA)(fU)#(mC)#(mA)-TegChol,UUAAUCCACACAUCAGUAAU,UUAAUCCACACAUCAGUAAU,UUAAUCCACACAUCA,UUAAUCCACACAUCAGUAAU,True,False,False
Supplemental Table 1,253,APP_2632_Asymmetric_2'-OMe/-F,P(mU)#(fA)#(mU)(fC)(fC)(fA)(mC)(fA)(mC)(fA)(mU)(fC)(mA)#(fG)#(mU)#(fA)#(mA)#(mU)#(mG)#(fU),(mA)#(mA)#(fU)(mC)(fC)(mA)(fC)(mA)(fC)(mA)(mU)(mC)(fA)#(mG)#(mA)-TegChol,AAUCCACACAUCAGUAAUGU,UAUCCACACAUCAGUAAUGU,AAUCCACACAUCAGA,AAUCCACACAUCAGUAAUGU,True,False,False
Supplemental Table 1,254,APP_2634_Asymmetric_2'-OMe/-F,P(mU)#(fC)#(mC)(fA)(fC)(fA)(mC)(fA)(mU)(fC)(mA)(fG)(mU)#(fA)#(mA)#(fU)#(mG)#(mU)#(mA)#(fU),(mU)#(mC)#(fC)(mA)(fC)(mA)(fC)(mA)(fU)(mC)(mA)(mG)(fU)#(mA)#(mA)-TegChol,UCCACACAUCAGUAAUGUAU,UCCACACAUCAGUAAUGUAU,UCCACACAUCAGUAA,UCCACACAUCAGUAAUGUAU,True,False,False
Supplemental Table 1,255,APP_2636_Asymmetric_2'-OMe/-F,P(mU)#(fA)#(mC)(fA)(fC)(fA)(mU)(fC)(mA)(fG)(mU)(fA)(mA)#(fU)#(mG)#(fU)#(mA)#(mU)#(mU)#(fC),(mC)#(mA)#(fC)(mA)(fC)(mA)(fU)(mC)(fA)(mG)(mU)(mA)(fA)#(mU)#(mA)-TegChol,CACACAUCAGUAAUGUAUUC,UACACAUCAGUAAUGUAUUC,CACACAUCAGUAAUA,CACACAUCAGUAAUGUAUUC,True,False,False
Supplemental Table 1,256,APP_2638_Asymmetric_2'-OMe/-F,P(mU)#(fA)#(mC)(fA)(fU)(fC)(mA)(fG)(mU)(fA)(mA)(fU)(mG)#(fU)#(mA)#(fU)#(mU)#(mC)#(mU)#(fA),(mC)#(mA)#(fC)(mA)(fU)(mC)(fA)(mG)(fU)(mA)(mA)(mU)(fG)#(mU)#(mA)-TegChol,CACAUCAGUAAUGUAUUCUA,UACAUCAGUAAUGUAUUCUA,CACAUCAGUAAUGUA,CACAUCAGUAAUGUAUUCUA,True,False,False
Supplemental Table 1,257,APP_2640_Asymmetric_2'-OMe/-F,P(mU)#(fA)#(mU)(fC)(fA)(fG)(mU)(fA)(mA)(fU)(mG)(fU)(mA)#(fU)#(mU)#(fC)#(mU)#(mA)#(mU)#(fC),(mC)#(mA)#(fU)(mC)(fA)(mG)(fU)(mA)(fA)(mU)(mG)(mU)(fA)#(mU)#(mA)-TegChol,CAUCAGUAAUGUAUUCUAUC,UAUCAGUAAUGUAUUCUAUC,CAUCAGUAAUGUAUA,CAUCAGUAAUGUAUUCUAUC,True,False,False
Supplemental Table 1,258,APP_2672_Asymmetric_2'-OMe/-F,P(mU)#(fU)#(mG)(fG)(fU)(fC)(mU)(fC)(mU)(fA)(mU)(fA)(mC)#(fU)#(mA)#(fC)#(mA)#(mU)#(mU)#(fA),(mU)#(mU)#(fG)(mG)(fU)(mC)(fU)(mC)(fU)(mA)(mU)(mA)(fC)#(mU)#(mA)-TegChol,UUGGUCUCUAUACUACAUUA,UUGGUCUCUAUACUACAUUA,UUGGUCUCUAUACUA,UUGGUCUCUAUACUACAUUA,True,False,False
Supplemental Table 1,259,APP_2674_Asymmetric_2'-OMe/-F,P(mU)#(fG)#(mU)(fC)(fU)(fC)(mU)(fA)(mU)(fA)(mC)(fU)(mA)#(fC)#(mA)#(fU)#(mU)#(mA)#(mU)#(fU),(mG)#(mG)#(fU)(mC)(fU)(mC)(fU)(mA)(fU)(mA)(mC)(mU)(fA)#(mC)#(mA)-TegChol,GGUCUCUAUACUACAUUAUU,UGUCUCUAUACUACAUUAUU,GGUCUCUAUACUACA,GGUCUCUAUACUACAUUAUU,True,False,False
Supplemental Table 1,260,APP_2676_Asymmetric_2'-OMe/-F,P(mU)#(fC)#(mU)(fC)(fU)(fA)(mU)(fA)(mC)(fU)(mA)(fC)(mA)#(fU)#(mU)#(fA)#(mU)#(mU)#(mA)#(fA),(mU)#(mC)#(fU)(mC)(fU)(mA)(fU)(mA)(fC)(mU)(mA)(mC)(fA)#(mU)#(mA)-TegChol,UCUCUAUACUACAUUAUUAA,UCUCUAUACUACAUUAUUAA,UCUCUAUACUACAUA,UCUCUAUACUACAUUAUUAA,True,False,False
Supplemental Table 1,261,APP_2678_Asymmetric_2'-OMe/-F,P(mU)#(fC)#(mU)(fA)(fU)(fA)(mC)(fU)(mA)(fC)(mA)(fU)(mU)#(fA)#(mU)#(fU)#(mA)#(mA)#(mU)#(fG),(mU)#(mC)#(fU)(mA)(fU)(mA)(fC)(mU)(fA)(mC)(mA)(mU)(fU)#(mA)#(mA)-TegChol,UCUAUACUACAUUAUUAAUG,UCUAUACUACAUUAUUAAUG,UCUAUACUACAUUAA,UCUAUACUACAUUAUUAAUG,True,False,False
Supplemental Table 1,262,APP_2680_Asymmetric_2'-OMe/-F,P(mU)#(fA)#(mU)(fA)(fC)(fU)(mA)(fC)(mA)(fU)(mU)(fA)(mU)#(fU)#(mA)#(fA)#(mU)#(mG)#(mG)#(fG),(mU)#(mA)#(fU)(mA)(fC)(mU)(fA)(mC)(fA)(mU)(mU)(mA)(fU)#(mU)#(mA)-TegChol,UAUACUACAUUAUUAAUGGG,UAUACUACAUUAUUAAUGGG,UAUACUACAUUAUUA,UAUACUACAUUAUUAAUGGG,True,False,False
Supplemental Table 1,263,APP_2682_Asymmetric_2'-OMe/-F,P(mU)#(fA)#(mC)(fU)(fA)(fC)(mA)(fU)(mU)(fA)(mU)(fU)(mA)#(fA)#(mU)#(fG)#(mG)#(mG)#(mU)#(fU),(mU)#(mA)#(fC)(mU)(fA)(mC)(fA)(mU)(fU)(mA)(mU)(mU)(fA)#(mA)#(mA)-TegChol,UACUACAUUAUUAAUGGGUU,UACUACAUUAUUAAUGGGUU,UACUACAUUAUUAAA,UACUACAUUAUUAAUGGGUU,True,False,False
Supplemental Table 1,264,APP_2684_Asymmetric_2'-OMe/-F,P(mU)#(fU)#(mA)(fC)(fA)(fU)(mU)(fA)(mU)(fU)(mA)(fA)(mU)#(fG)#(mG)#(fG)#(mU)#(mU)#(mU)#(fU),(mC)#(mU)#(fA)(mC)(fA)(mU)(fU)(mA)(fU)(mU)(mA)(mA)(fU)#(mG)#(mA)-TegChol,CUACAUUAUUAAUGGGUUUU,UUACAUUAUUAAUGGGUUUU,CUACAUUAUUAAUGA,CUACAUUAUUAAUGGGUUUU,True,False,False
Supplemental Table 1,265,APP_2686_Asymmetric_2'-OMe/-F,P(mU)#(fC)#(mA)(fU)(fU)(fA)(mU)(fU)(mA)(fA)(mU)(fG)(mG)#(fG)#(mU)#(fU)#(mU)#(mU)#(mG)#(fU),(mA)#(mC)#(fA)(mU)(fU)(mA)(fU)(mU)(fA)(mA)(mU)(mG)(fG)#(mG)#(mA)-TegChol,ACAUUAUUAAUGGGUUUUGU,UCAUUAUUAAUGGGUUUUGU,ACAUUAUUAAUGGGA,ACAUUAUUAAUGGGUUUUGU,True,False,False
Supplemental Table 1,266,APP_2688_Asymmetric_2'-OMe/-F,P(mU)#(fU)#(mU)(fA)(fU)(fU)(mA)(fA)(mU)(fG)(mG)(fG)(mU)#(fU)#(mU)#(fU)#(mG)#(mU)#(mG)#(fU),(mA)#(mU)#(fU)(mA)(fU)(mU)(fA)(mA)(fU)(mG)(mG)(mG)(fU)#(mU)#(mA)-TegChol,AUUAUUAAUGGGUUUUGUGU,UUUAUUAAUGGGUUUUGUGU,AUUAUUAAUGGGUUA,AUUAUUAAUGGGUUUUGUGU,True,False,False
Supplemental Table 1,267,APP_2690_Asymmetric_2'-OMe/-F,P(mU)#(fA)#(mU)(fU)(fA)(fA)(mU)(fG)(mG)(fG)(mU)(fU)(mU)#(fU)#(mG)#(fU)#(mG)#(mU)#(mA)#(fC),(mU)#(mA)#(fU)(mU)(fA)(mA)(fU)(mG)(fG)(mG)(mU)(mU)(fU)#(mU)#(mA)-TegChol,UAUUAAUGGGUUUUGUGUAC,UAUUAAUGGGUUUUGUGUAC,UAUUAAUGGGUUUUA,UAUUAAUGGGUUUUGUGUAC,True,False,False
Supplemental Table 1,268,APP_2692_Asymmetric_2'-OMe/-F,P(mU)#(fU)#(mA)(fA)(fU)(fG)(mG)(fG)(mU)(fU)(mU)(fU)(mG)#(fU)#(mG)#(fU)#(mA)#(mC)#(mU)#(fG),(mU)#(mU)#(fA)(mA)(fU)(mG)(fG)(mG)(fU)(mU)(mU)(mU)(fG)#(mU)#(mA)-TegChol,UUAAUGGGUUUUGUGUACUG,UUAAUGGGUUUUGUGUACUG,UUAAUGGGUUUUGUA,UUAAUGGGUUUUGUGUACUG,True,False,False
Supplemental Table 1,269,APP_2693_Asymmetric_2'-OMe/-F,P(mU)#(fA)#(mA)(fU)(fG)(fG)(mG)(fU)(mU)(fU)(mU)(fG)(mU)#(fG)#(mU)#(fA)#(mC)#(mU)#(mG)#(fU),(mU)#(mA)#(fA)(mU)(fG)(mG)(fG)(mU)(fU)(mU)(mU)(mG)(fU)#(mG)#(mA)-TegChol,UAAUGGGUUUUGUGUACUGU,UAAUGGGUUUUGUGUACUGU,UAAUGGGUUUUGUGA,UAAUGGGUUUUGUGUACUGU,True,False,False
Supplemental Table 1,270,APP_2694_Asymmetric_2'-OMe/-F,P(mU)#(fA)#(mU)(fG)(fG)(fG)(mU)(fU)(mU)(fU)(mG)(fU)(mG)#(fU)#(mA)#(fC)#(mU)#(mG)#(mU)#(fA),(mA)#(mA)#(fU)(mG)(fG)(mG)(fU)(mU)(fU)(mU)(mG)(mU)(fG)#(mU)#(mA)-TegChol,AAUGGGUUUUGUGUACUGUA,UAUGGGUUUUGUGUACUGUA,AAUGGGUUUUGUGUA,AAUGGGUUUUGUGUACUGUA,True,False,False
Supplemental Table 1,271,APP_2695_Asymmetric_2'-OMe/-F,P(mU)#(fU)#(mG)(fG)(fG)(fU)(mU)(fU)(mU)(fG)(mU)(fG)(mU)#(fA)#(mC)#(fU)#(mG)#(mU)#(mA)#(fA),(mA)#(mU)#(fG)(mG)(fG)(mU)(fU)(mU)(fU)(mG)(mU)(mG)(fU)#(mA)#(mA)-TegChol,AUGGGUUUUGUGUACUGUAA,UUGGGUUUUGUGUACUGUAA,AUGGGUUUUGUGUAA,AUGGGUUUUGUGUACUGUAA,True,False,False
Supplemental Table 1,272,APP_2696_Asymmetric_2'-OMe/-F,P(mU)#(fG)#(mG)(fG)(fU)(fU)(mU)(fU)(mG)(fU)(mG)(fU)(mA)#(fC)#(mU)#(fG)#(mU)#(mA)#(mA)#(fA),(mU)#(mG)#(fG)(mG)(fU)(mU)(fU)(mU)(fG)(mU)(mG)(mU)(fA)#(mC)#(mA)-TegChol,UGGGUUUUGUGUACUGUAAA,UGGGUUUUGUGUACUGUAAA,UGGGUUUUGUGUACA,UGGGUUUUGUGUACUGUAAA,True,False,False
Supplemental Table 1,273,APP_2697_Asymmetric_2'-OMe/-F,P(mU)#(fG)#(mG)(fU)(fU)(fU)(mU)(fG)(mU)(fG)(mU)(fA)(mC)#(fU)#(mG)#(fU)#(mA)#(mA)#(mA)#(fG),(mG)#(mG)#(fG)(mU)(fU)(mU)(fU)(mG)(fU)(mG)(mU)(mA)(fC)#(mU)#(mA)-TegChol,GGGUUUUGUGUACUGUAAAG,UGGUUUUGUGUACUGUAAAG,GGGUUUUGUGUACUA,GGGUUUUGUGUACUGUAAAG,True,False,False
Supplemental Table 1,274,APP_2698_Asymmetric_2'-OMe/-F,P(mU)#(fG)#(mU)(fU)(fU)(fU)(mG)(fU)(mG)(fU)(mA)(fC)(mU)#(fG)#(mU)#(fA)#(mA)#(mA)#(mG)#(fA),(mG)#(mG)#(fU)(mU)(fU)(mU)(fG)(mU)(fG)(mU)(mA)(mC)(fU)#(mG)#(mA)-TegChol,GGUUUUGUGUACUGUAAAGA,UGUUUUGUGUACUGUAAAGA,GGUUUUGUGUACUGA,GGUUUUGUGUACUGUAAAGA,True,False,False
Supplemental Table 1,275,APP_2699_Asymmetric_2'-OMe/-F,P(mU)#(fU)#(mU)(fU)(fU)(fG)(mU)(fG)(mU)(fA)(mC)(fU)(mG)#(fU)#(mA)#(fA)#(mA)#(mG)#(mA)#(fA),(mG)#(mU)#(fU)(mU)(fU)(mG)(fU)(mG)(fU)(mA)(mC)(mU)(fG)#(mU)#(mA)-TegChol,GUUUUGUGUACUGUAAAGAA,UUUUUGUGUACUGUAAAGAA,GUUUUGUGUACUGUA,GUUUUGUGUACUGUAAAGAA,True,False,False
Supplemental Table 1,276,APP_2700_Asymmetric_2'-OMe/-F,P(mU)#(fU)#(mU)(fU)(fG)(fU)(mG)(fU)(mA)(fC)(mU)(fG)(mU)#(fA)#(mA)#(fA)#(mG)#(mA)#(mA)#(fU),(mU)#(mU)#(fU)(mU)(fG)(mU)(fG)(mU)(fA)(mC)(mU)(mG)(fU)#(mA)#(mA)-TegChol,UUUUGUGUACUGUAAAGAAU,UUUUGUGUACUGUAAAGAAU,UUUUGUGUACUGUAA,UUUUGUGUACUGUAAAGAAU,True,False,False
Supplemental Table 1,277,APP_2701_Asymmetric_2'-OMe/-F,P(mU)#(fU)#(mU)(fG)(fU)(fG)(mU)(fA)(mC)(fU)(mG)(fU)(mA)#(fA)#(mA)#(fG)#(mA)#(mA)#(mU)#(fU),(mU)#(mU)#(fU)(mG)(fU)(mG)(fU)(mA)(fC)(mU)(mG)(mU)(fA)#(mA)#(mA)-TegChol,UUUGUGUACUGUAAAGAAUU,UUUGUGUACUGUAAAGAAUU,UUUGUGUACUGUAAA,UUUGUGUACUGUAAAGAAUU,True,False,False
Supplemental Table 1,278,APP_2702_Asymmetric_2'-OMe/-F,P(mU)#(fU)#(mG)(fU)(fG)(fU)(mA)(fC)(mU)(fG)(mU)(fA)(mA)#(fA)#(mG)#(fA)#(mA)#(mU)#(mU)#(fU),(mU)#(mU)#(fG)(mU)(fG)(mU)(fA)(mC)(fU)(mG)(mU)(mA)(fA)#(mA)#(mA)-TegChol,UUGUGUACUGUAAAGAAUUU,UUGUGUACUGUAAAGAAUUU,UUGUGUACUGUAAAA,UUGUGUACUGUAAAGAAUUU,True,False,False
Supplemental Table 1,279,APP_2703_Asymmetric_2'-OMe/-F,P(mU)#(fG)#(mU)(fG)(fU)(fA)(mC)(fU)(mG)(fU)(mA)(fA)(mA)#(fG)#(mA)#(fA)#(mU)#(mU)#(mU)#(fA),(mU)#(mG)#(fU)(mG)(fU)(mA)(fC)(mU)(fG)(mU)(mA)(mA)(fA)#(mG)#(mA)-TegChol,UGUGUACUGUAAAGAAUUUA,UGUGUACUGUAAAGAAUUUA,UGUGUACUGUAAAGA,UGUGUACUGUAAAGAAUUUA,True,False,False
Supplemental Table 1,280,APP_2704_Asymmetric_2'-OMe/-F,P(mU)#(fU)#(mG)(fU)(fA)(fC)(mU)(fG)(mU)(fA)(mA)(fA)(mG)#(fA)#(mA)#(fU)#(mU)#(mU)#(mA)#(fG),(mG)#(mU)#(fG)(mU)(fA)(mC)(fU)(mG)(fU)(mA)(mA)(mA)(fG)#(mA)#(mA)-TegChol,GUGUACUGUAAAGAAUUUAG,UUGUACUGUAAAGAAUUUAG,GUGUACUGUAAAGAA,GUGUACUGUAAAGAAUUUAG,True,False,False
Supplemental Table 1,281,APP_2705_Asymmetric_2'-OMe/-F,P(mU)#(fG)#(mU)(fA)(fC)(fU)(mG)(fU)(mA)(fA)(mA)(fG)(mA)#(fA)#(mU)#(fU)#(mU)#(mA)#(mG)#(fC),(mU)#(mG)#(fU)(mA)(fC)(mU)(fG)(mU)(fA)(mA)(mA)(mG)(fA)#(mA)#(mA)-TegChol,UGUACUGUAAAGAAUUUAGC,UGUACUGUAAAGAAUUUAGC,UGUACUGUAAAGAAA,UGUACUGUAAAGAAUUUAGC,True,False,False
Supplemental Table 1,282,APP_2706_Asymmetric_2'-OMe/-F,P(mU)#(fU)#(mA)(fC)(fU)(fG)(mU)(fA)(mA)(fA)(mG)(fA)(mA)#(fU)#(mU)#(fU)#(mA)#(mG)#(mC)#(fU),(mG)#(mU)#(fA)(mC)(fU)(mG)(fU)(mA)(fA)(mA)(mG)(mA)(fA)#(mU)#(mA)-TegChol,GUACUGUAAAGAAUUUAGCU,UUACUGUAAAGAAUUUAGCU,GUACUGUAAAGAAUA,GUACUGUAAAGAAUUUAGCU,True,False,False
Supplemental Table 1,283,APP_2707_Asymmetric_2'-OMe/-F,P(mU)#(fA)#(mC)(fU)(fG)(fU)(mA)(fA)(mA)(fG)(mA)(fA)(mU)#(fU)#(mU)#(fA)#(mG)#(mC)#(mU)#(fG),(mU)#(mA)#(fC)(mU)(fG)(mU)(fA)(mA)(fA)(mG)(mA)(mA)(fU)#(mU)#(mA)-TegChol,UACUGUAAAGAAUUUAGCUG,UACUGUAAAGAAUUUAGCUG,UACUGUAAAGAAUUA,UACUGUAAAGAAUUUAGCUG,True,False,False
Supplemental Table 1,284,APP_2708_Asymmetric_2'-OMe/-F,P(mU)#(fC)#(mU)(fG)(fU)(fA)(mA)(fA)(mG)(fA)(mA)(fU)(mU)#(fU)#(mA)#(fG)#(mC)#(mU)#(mG)#(fU),(mA)#(mC)#(fU)(mG)(fU)(mA)(fA)(mA)(fG)(mA)(mA)(mU)(fU)#(mU)#(mA)-TegChol,ACUGUAAAGAAUUUAGCUGU,UCUGUAAAGAAUUUAGCUGU,ACUGUAAAGAAUUUA,ACUGUAAAGAAUUUAGCUGU,True,False,False
Supplemental Table 1,285,APP_2709_Asymmetric_2'-OMe/-F,P(mU)#(fU)#(mG)(fU)(fA)(fA)(mA)(fG)(mA)(fA)(mU)(fU)(mU)#(fA)#(mG)#(fC)#(mU)#(mG)#(mU)#(fA),(mC)#(mU)#(fG)(mU)(fA)(mA)(fA)(mG)(fA)(mA)(mU)(mU)(fU)#(mA)#(mA)-TegChol,CUGUAAAGAAUUUAGCUGUA,UUGUAAAGAAUUUAGCUGUA,CUGUAAAGAAUUUAA,CUGUAAAGAAUUUAGCUGUA,True,False,False
Supplemental Table 1,286,APP_2710_Asymmetric_2'-OMe/-F,P(mU)#(fG)#(mU)(fA)(fA)(fA)(mG)(fA)(mA)(fU)(mU)(fU)(mA)#(fG)#(mC)#(fU)#(mG)#(mU)#(mA)#(fU),(mU)#(mG)#(fU)(mA)(fA)(mA)(fG)(mA)(fA)(mU)(mU)(mU)(fA)#(mG)#(mA)-TegChol,UGUAAAGAAUUUAGCUGUAU,UGUAAAGAAUUUAGCUGUAU,UGUAAAGAAUUUAGA,UGUAAAGAAUUUAGCUGUAU,True,False,False
Supplemental Table 1,287,APP_2711_Asymmetric_2'-OMe/-F,P(mU)#(fU)#(mA)(fA)(fA)(fG)(mA)(fA)(mU)(fU)(mU)(fA)(mG)#(fC)#(mU)#(fG)#(mU)#(mA)#(mU)#(fC),(mG)#(mU)#(fA)(mA)(fA)(mG)(fA)(mA)(fU)(mU)(mU)(mA)(fG)#(mC)#(mA)-TegChol,GUAAAGAAUUUAGCUGUAUC,UUAAAGAAUUUAGCUGUAUC,GUAAAGAAUUUAGCA,GUAAAGAAUUUAGCUGUAUC,True,False,False
Supplemental Table 1,288,APP_2712_Asymmetric_2'-OMe/-F,P(mU)#(fA)#(mA)(fA)(fG)(fA)(mA)(fU)(mU)(fU)(mA)(fG)(mC)#(fU)#(mG)#(fU)#(mA)#(mU)#(mC)#(fA),(mU)#(mA)#(fA)(mA)(fG)(mA)(fA)(mU)(fU)(mU)(mA)(mG)(fC)#(mU)#(mA)-TegChol,UAAAGAAUUUAGCUGUAUCA,UAAAGAAUUUAGCUGUAUCA,UAAAGAAUUUAGCUA,UAAAGAAUUUAGCUGUAUCA,True,False,False
Supplemental Table 1,289,APP_2713_Asymmetric_2'-OMe/-F,P(mU)#(fA)#(mA)(fG)(fA)(fA)(mU)(fU)(mU)(fA)(mG)(fC)(mU)#(fG)#(mU)#(fA)#(mU)#(mC)#(mA)#(fA),(mA)#(mA)#(fA)(mG)(fA)(mA)(fU)(mU)(fU)(mA)(mG)(mC)(fU)#(mG)#(mA)-TegChol,AAAGAAUUUAGCUGUAUCAA,UAAGAAUUUAGCUGUAUCAA,AAAGAAUUUAGCUGA,AAAGAAUUUAGCUGUAUCAA,True,False,False
Supplemental Table 1,290,APP_2714_Asymmetric_2'-OMe/-F,P(mU)#(fA)#(mG)(fA)(fA)(fU)(mU)(fU)(mA)(fG)(mC)(fU)(mG)#(fU)#(mA)#(fU)#(mC)#(mA)#(mA)#(fA),(mA)#(mA)#(fG)(mA)(fA)(mU)(fU)(mU)(fA)(mG)(mC)(mU)(fG)#(mU)#(mA)-TegChol,AAGAAUUUAGCUGUAUCAAA,UAGAAUUUAGCUGUAUCAAA,AAGAAUUUAGCUGUA,AAGAAUUUAGCUGUAUCAAA,True,False,False
Supplemental Table 1,291,APP_2716_Asymmetric_2'-OMe/-F,P(mU)#(fA)#(mA)(fU)(fU)(fU)(mA)(fG)(mC)(fU)(mG)(fU)(mA)#(fU)#(mC)#(fA)#(mA)#(mA)#(mC)#(fU),(mG)#(mA)#(fA)(mU)(fU)(mU)(fA)(mG)(fC)(mU)(mG)(mU)(fA)#(mU)#(mA)-TegChol,GAAUUUAGCUGUAUCAAACU,UAAUUUAGCUGUAUCAAACU,GAAUUUAGCUGUAUA,GAAUUUAGCUGUAUCAAACU,True,False,False
Supplemental Table 1,292,APP_2718_Asymmetric_2'-OMe/-F,P(mU)#(fU)#(mU)(fU)(fA)(fG)(mC)(fU)(mG)(fU)(mA)(fU)(mC)#(fA)#(mA)#(fA)#(mC)#(mU)#(mA)#(fG),(mA)#(mU)#(fU)(mU)(fA)(mG)(fC)(mU)(fG)(mU)(mA)(mU)(fC)#(mA)#(mA)-TegChol,AUUUAGCUGUAUCAAACUAG,UUUUAGCUGUAUCAAACUAG,AUUUAGCUGUAUCAA,AUUUAGCUGUAUCAAACUAG,True,False,False
Supplemental Table 1,293,APP_2720_Asymmetric_2'-OMe/-F,P(mU)#(fU)#(mA)(fG)(fC)(fU)(mG)(fU)(mA)(fU)(mC)(fA)(mA)#(fA)#(mC)#(fU)#(mA)#(mG)#(mU)#(fG),(mU)#(mU)#(fA)(mG)(fC)(mU)(fG)(mU)(fA)(mU)(mC)(mA)(fA)#(mA)#(mA)-TegChol,UUAGCUGUAUCAAACUAGUG,UUAGCUGUAUCAAACUAGUG,UUAGCUGUAUCAAAA,UUAGCUGUAUCAAACUAGUG,True,False,False
Supplemental Table 1,294,APP_2722_Asymmetric_2'-OMe/-F,P(mU)#(fG)#(mC)(fU)(fG)(fU)(mA)(fU)(mC)(fA)(mA)(fA)(mC)#(fU)#(mA)#(fG)#(mU)#(mG)#(mC)#(fA),(mA)#(mG)#(fC)(mU)(fG)(mU)(fA)(mU)(fC)(mA)(mA)(mA)(fC)#(mU)#(mA)-TegChol,AGCUGUAUCAAACUAGUGCA,UGCUGUAUCAAACUAGUGCA,AGCUGUAUCAAACUA,AGCUGUAUCAAACUAGUGCA,True,False,False
Supplemental Table 1,295,APP_2724_Asymmetric_2'-OMe/-F,P(mU)#(fU)#(mG)(fU)(fA)(fU)(mC)(fA)(mA)(fA)(mC)(fU)(mA)#(fG)#(mU)#(fG)#(mC)#(mA)#(mU)#(fG),(mC)#(mU)#(fG)(mU)(fA)(mU)(fC)(mA)(fA)(mA)(mC)(mU)(fA)#(mG)#(mA)-TegChol,CUGUAUCAAACUAGUGCAUG,UUGUAUCAAACUAGUGCAUG,CUGUAUCAAACUAGA,CUGUAUCAAACUAGUGCAUG,True,False,False
Supplemental Table 1,296,APP_2725_Asymmetric_2'-OMe/-F,P(mU)#(fG)#(mU)(fA)(fU)(fC)(mA)(fA)(mA)(fC)(mU)(fA)(mG)#(fU)#(mG)#(fC)#(mA)#(mU)#(mG)#(fA),(mU)#(mG)#(fU)(mA)(fU)(mC)(fA)(mA)(fA)(mC)(mU)(mA)(fG)#(mU)#(mA)-TegChol,UGUAUCAAACUAGUGCAUGA,UGUAUCAAACUAGUGCAUGA,UGUAUCAAACUAGUA,UGUAUCAAACUAGUGCAUGA,True,False,False
Supplemental Table 1,297,APP_2726_Asymmetric_2'-OMe/-F,P(mU)#(fU)#(mA)(fU)(fC)(fA)(mA)(fA)(mC)(fU)(mA)(fG)(mU)#(fG)#(mC)#(fA)#(mU)#(mG)#(mA)#(fA),(mG)#(mU)#(fA)(mU)(fC)(mA)(fA)(mA)(fC)(mU)(mA)(mG)(fU)#(mG)#(mA)-TegChol,GUAUCAAACUAGUGCAUGAA,UUAUCAAACUAGUGCAUGAA,GUAUCAAACUAGUGA,GUAUCAAACUAGUGCAUGAA,True,False,False
Supplemental Table 1,298,APP_2727_Asymmetric_2'-OMe/-F,P(mU)#(fA)#(mU)(fC)(fA)(fA)(mA)(fC)(mU)(fA)(mG)(fU)(mG)#(fC)#(mA)#(fU)#(mG)#(mA)#(mA)#(fU),(mU)#(mA)#(fU)(mC)(fA)(mA)(fA)(mC)(fU)(mA)(mG)(mU)(fG)#(mC)#(mA)-TegChol,UAUCAAACUAGUGCAUGAAU,UAUCAAACUAGUGCAUGAAU,UAUCAAACUAGUGCA,UAUCAAACUAGUGCAUGAAU,True,False,False
Supplemental Table 1,299,APP_2728_Asymmetric_2'-OMe/-F,P(mU)#(fU)#(mC)(fA)(fA)(fA)(mC)(fU)(mA)(fG)(mU)(fG)(mC)#(fA)#(mU)#(fG)#(mA)#(mA)#(mU)#(fA),(mA)#(mU)#(fC)(mA)(fA)(mA)(fC)(mU)(fA)(mG)(mU)(mG)(fC)#(mA)#(mA)-TegChol,AUCAAACUAGUGCAUGAAUA,UUCAAACUAGUGCAUGAAUA,AUCAAACUAGUGCAA,AUCAAACUAGUGCAUGAAUA,True,False,False
Supplemental Table 1,300,APP_2729_Asymmetric_2'-OMe/-F,P(mU)#(fC)#(mA)(fA)(fA)(fC)(mU)(fA)(mG)(fU)(mG)(fC)(mA)#(fU)#(mG)#(fA)#(mA)#(mU)#(mA)#(fG),(mU)#(mC)#(fA)(mA)(fA)(mC)(fU)(mA)(fG)(mU)(mG)(mC)(fA)#(mU)#(mA)-TegChol,UCAAACUAGUGCAUGAAUAG,UCAAACUAGUGCAUGAAUAG,UCAAACUAGUGCAUA,UCAAACUAGUGCAUGAAUAG,True,False,False
Supplemental Table 1,301,APP_2730_Asymmetric_2'-OMe/-F,P(mU)#(fA)#(mA)(fA)(fC)(fU)(mA)(fG)(mU)(fG)(mC)(fA)(mU)#(fG)#(mA)#(fA)#(mU)#(mA)#(mG)#(fA),(mC)#(mA)#(fA)(mA)(fC)(mU)(fA)(mG)(fU)(mG)(mC)(mA)(fU)#(mG)#(mA)-TegChol,CAAACUAGUGCAUGAAUAGA,UAAACUAGUGCAUGAAUAGA,CAAACUAGUGCAUGA,CAAACUAGUGCAUGAAUAGA,True,False,False
Supplemental Table 1,302,APP_2731_Asymmetric_2'-OMe/-F,P(mU)#(fA)#(mA)(fC)(fU)(fA)(mG)(fU)(mG)(fC)(mA)(fU)(mG)#(fA)#(mA)#(fU)#(mA)#(mG)#(mA)#(fU),(mA)#(mA)#(fA)(mC)(fU)(mA)(fG)(mU)(fG)(mC)(mA)(mU)(fG)#(mA)#(mA)-TegChol,AAACUAGUGCAUGAAUAGAU,UAACUAGUGCAUGAAUAGAU,AAACUAGUGCAUGAA,AAACUAGUGCAUGAAUAGAU,True,False,False
Supplemental Table 1,303,APP_2732_Asymmetric_2'-OMe/-F,P(mU)#(fA)#(mC)(fU)(fA)(fG)(mU)(fG)(mC)(fA)(mU)(fG)(mA)#(fA)#(mU)#(fA)#(mG)#(mA)#(mU)#(fU),(mA)#(mA)#(fC)(mU)(fA)(mG)(fU)(mG)(fC)(mA)(mU)(mG)(fA)#(mA)#(mA)-TegChol,AACUAGUGCAUGAAUAGAUU,UACUAGUGCAUGAAUAGAUU,AACUAGUGCAUGAAA,AACUAGUGCAUGAAUAGAUU,True,False,False
Supplemental Table 1,304,APP_2733_Asymmetric_2'-OMe/-F,P(mU)#(fC)#(mU)(fA)(fG)(fU)(mG)(fC)(mA)(fU)(mG)(fA)(mA)#(fU)#(mA)#(fG)#(mA)#(mU)#(mU)#(fC),(mA)#(mC)#(fU)(mA)(fG)(mU)(fG)(mC)(fA)(mU)(mG)(mA)(fA)#(mU)#(mA)-TegChol,ACUAGUGCAUGAAUAGAUUC,UCUAGUGCAUGAAUAGAUUC,ACUAGUGCAUGAAUA,ACUAGUGCAUGAAUAGAUUC,True,False,False
Supplemental Table 1,305,APP_2735_Asymmetric_2'-OMe/-F,P(mU)#(fA)#(mG)(fU)(fG)(fC)(mA)(fU)(mG)(fA)(mA)(fU)(mA)#(fG)#(mA)#(fU)#(mU)#(mC)#(mU)#(fC),(mU)#(mA)#(fG)(mU)(fG)(mC)(fA)(mU)(fG)(mA)(mA)(mU)(fA)#(mG)#(mA)-TegChol,UAGUGCAUGAAUAGAUUCUC,UAGUGCAUGAAUAGAUUCUC,UAGUGCAUGAAUAGA,UAGUGCAUGAAUAGAUUCUC,True,False,False
Supplemental Table 1,306,APP_2737_Asymmetric_2'-OMe/-F,P(mU)#(fU)#(mG)(fC)(fA)(fU)(mG)(fA)(mA)(fU)(mA)(fG)(mA)#(fU)#(mU)#(fC)#(mU)#(mC)#(mU)#(fC),(mG)#(mU)#(fG)(mC)(fA)(mU)(fG)(mA)(fA)(mU)(mA)(mG)(fA)#(mU)#(mA)-TegChol,GUGCAUGAAUAGAUUCUCUC,UUGCAUGAAUAGAUUCUCUC,GUGCAUGAAUAGAUA,GUGCAUGAAUAGAUUCUCUC,True,False,False
Supplemental Table 1,307,APP_2739_Asymmetric_2'-OMe/-F,P(mU)#(fC)#(mA)(fU)(fG)(fA)(mA)(fU)(mA)(fG)(mA)(fU)(mU)#(fC)#(mU)#(fC)#(mU)#(mC)#(mC)#(fU),(mG)#(mC)#(fA)(mU)(fG)(mA)(fA)(mU)(fA)(mG)(mA)(mU)(fU)#(mC)#(mA)-TegChol,GCAUGAAUAGAUUCUCUCCU,UCAUGAAUAGAUUCUCUCCU,GCAUGAAUAGAUUCA,GCAUGAAUAGAUUCUCUCCU,True,False,False
Supplemental Table 1,308,APP_2741_Asymmetric_2'-OMe/-F,P(mU)#(fU)#(mG)(fA)(fA)(fU)(mA)(fG)(mA)(fU)(mU)(fC)(mU)#(fC)#(mU)#(fC)#(mC)#(mU)#(mG)#(fA),(mA)#(mU)#(fG)(mA)(fA)(mU)(fA)(mG)(fA)(mU)(mU)(mC)(fU)#(mC)#(mA)-TegChol,AUGAAUAGAUUCUCUCCUGA,UUGAAUAGAUUCUCUCCUGA,AUGAAUAGAUUCUCA,AUGAAUAGAUUCUCUCCUGA,True,False,False
Supplemental Table 1,309,APP_2743_Asymmetric_2'-OMe/-F,P(mU)#(fA)#(mA)(fU)(fA)(fG)(mA)(fU)(mU)(fC)(mU)(fC)(mU)#(fC)#(mC)#(fU)#(mG)#(mA)#(mU)#(fU),(mG)#(mA)#(fA)(mU)(fA)(mG)(fA)(mU)(fU)(mC)(mU)(mC)(fU)#(mC)#(mA)-TegChol,GAAUAGAUUCUCUCCUGAUU,UAAUAGAUUCUCUCCUGAUU,GAAUAGAUUCUCUCA,GAAUAGAUUCUCUCCUGAUU,True,False,False
Supplemental Table 1,310,APP_2745_Asymmetric_2'-OMe/-F,P(mU)#(fU)#(mA)(fG)(fA)(fU)(mU)(fC)(mU)(fC)(mU)(fC)(mC)#(fU)#(mG)#(fA)#(mU)#(mU)#(mA)#(fU),(mA)#(mU)#(fA)(mG)(fA)(mU)(fU)(mC)(fU)(mC)(mU)(mC)(fC)#(mU)#(mA)-TegChol,AUAGAUUCUCUCCUGAUUAU,UUAGAUUCUCUCCUGAUUAU,AUAGAUUCUCUCCUA,AUAGAUUCUCUCCUGAUUAU,True,False,False
Supplemental Table 1,311,APP_2770_Asymmetric_2'-OMe/-F,P(mU)#(fC)#(mA)(fU)(fA)(fG)(mC)(fC)(mC)(fC)(mU)(fU)(mA)#(fG)#(mC)#(fC)#(mA)#(mG)#(mU)#(fU),(mA)#(mC)#(fA)(mU)(fA)(mG)(fC)(mC)(fC)(mC)(mU)(mU)(fA)#(mG)#(mA)-TegChol,ACAUAGCCCCUUAGCCAGUU,UCAUAGCCCCUUAGCCAGUU,ACAUAGCCCCUUAGA,ACAUAGCCCCUUAGCCAGUU,True,False,False
Supplemental Table 1,312,APP_2772_Asymmetric_2'-OMe/-F,P(mU)#(fU)#(mA)(fG)(fC)(fC)(mC)(fC)(mU)(fU)(mA)(fG)(mC)#(fC)#(mA)#(fG)#(mU)#(mU)#(mG)#(fU),(mA)#(mU)#(fA)(mG)(fC)(mC)(fC)(mC)(fU)(mU)(mA)(mG)(fC)#(mC)#(mA)-TegChol,AUAGCCCCUUAGCCAGUUGU,UUAGCCCCUUAGCCAGUUGU,AUAGCCCCUUAGCCA,AUAGCCCCUUAGCCAGUUGU,True,False,False
Supplemental Table 1,313,APP_2774_Asymmetric_2'-OMe/-F,P(mU)#(fG)#(mC)(fC)(fC)(fC)(mU)(fU)(mA)(fG)(mC)(fC)(mA)#(fG)#(mU)#(fU)#(mG)#(mU)#(mA)#(fU),(mA)#(mG)#(fC)(mC)(fC)(mC)(fU)(mU)(fA)(mG)(mC)(mC)(fA)#(mG)#(mA)-TegChol,AGCCCCUUAGCCAGUUGUAU,UGCCCCUUAGCCAGUUGUAU,AGCCCCUUAGCCAGA,AGCCCCUUAGCCAGUUGUAU,True,False,False
Supplemental Table 1,314,APP_2778_Asymmetric_2'-OMe/-F,P(mU)#(fC)#(mU)(fU)(fA)(fG)(mC)(fC)(mA)(fG)(mU)(fU)(mG)#(fU)#(mA)#(fU)#(mA)#(mU)#(mU)#(fA),(mC)#(mC)#(fU)(mU)(fA)(mG)(fC)(mC)(fA)(mG)(mU)(mU)(fG)#(mU)#(mA)-TegChol,CCUUAGCCAGUUGUAUAUUA,UCUUAGCCAGUUGUAUAUUA,CCUUAGCCAGUUGUA,CCUUAGCCAGUUGUAUAUUA,True,False,False
Supplemental Table 1,315,APP_2780_Asymmetric_2'-OMe/-F,P(mU)#(fU)#(mA)(fG)(fC)(fC)(mA)(fG)(mU)(fU)(mG)(fU)(mA)#(fU)#(mA)#(fU)#(mU)#(mA)#(mU)#(fU),(mU)#(mU)#(fA)(mG)(fC)(mC)(fA)(mG)(fU)(mU)(mG)(mU)(fA)#(mU)#(mA)-TegChol,UUAGCCAGUUGUAUAUUAUU,UUAGCCAGUUGUAUAUUAUU,UUAGCCAGUUGUAUA,UUAGCCAGUUGUAUAUUAUU,True,False,False
Supplemental Table 1,316,APP_2782_Asymmetric_2'-OMe/-F,P(mU)#(fG)#(mC)(fC)(fA)(fG)(mU)(fU)(mG)(fU)(mA)(fU)(mA)#(fU)#(mU)#(fA)#(mU)#(mU)#(mC)#(fU),(mA)#(mG)#(fC)(mC)(fA)(mG)(fU)(mU)(fG)(mU)(mA)(mU)(fA)#(mU)#(mA)-TegChol,AGCCAGUUGUAUAUUAUUCU,UGCCAGUUGUAUAUUAUUCU,AGCCAGUUGUAUAUA,AGCCAGUUGUAUAUUAUUCU,True,False,False
Supplemental Table 1,317,APP_2784_Asymmetric_2'-OMe/-F,P(mU)#(fC)#(mA)(fG)(fU)(fU)(mG)(fU)(mA)(fU)(mA)(fU)(mU)#(fA)#(mU)#(fU)#(mC)#(mU)#(mU)#(fG),(mC)#(mC)#(fA)(mG)(fU)(mU)(fG)(mU)(fA)(mU)(mA)(mU)(fU)#(mA)#(mA)-TegChol,CCAGUUGUAUAUUAUUCUUG,UCAGUUGUAUAUUAUUCUUG,CCAGUUGUAUAUUAA,CCAGUUGUAUAUUAUUCUUG,True,False,False
Supplemental Table 1,318,APP_2786_Asymmetric_2'-OMe/-F,P(mU)#(fG)#(mU)(fU)(fG)(fU)(mA)(fU)(mA)(fU)(mU)(fA)(mU)#(fU)#(mC)#(fU)#(mU)#(mG)#(mU)#(fG),(mA)#(mG)#(fU)(mU)(fG)(mU)(fA)(mU)(fA)(mU)(mU)(mA)(fU)#(mU)#(mA)-TegChol,AGUUGUAUAUUAUUCUUGUG,UGUUGUAUAUUAUUCUUGUG,AGUUGUAUAUUAUUA,AGUUGUAUAUUAUUCUUGUG,True,False,False
Supplemental Table 1,319,APP_2788_Asymmetric_2'-OMe/-F,P(mU)#(fU)#(mG)(fU)(fA)(fU)(mA)(fU)(mU)(fA)(mU)(fU)(mC)#(fU)#(mU)#(fG)#(mU)#(mG)#(mG)#(fU),(mU)#(mU)#(fG)(mU)(fA)(mU)(fA)(mU)(fU)(mA)(mU)(mU)(fC)#(mU)#(mA)-TegChol,UUGUAUAUUAUUCUUGUGGU,UUGUAUAUUAUUCUUGUGGU,UUGUAUAUUAUUCUA,UUGUAUAUUAUUCUUGUGGU,True,False,False
Supplemental Table 1,320,APP_2790_Asymmetric_2'-OMe/-F,P(mU)#(fU)#(mA)(fU)(fA)(fU)(mU)(fA)(mU)(fU)(mC)(fU)(mU)#(fG)#(mU)#(fG)#(mG)#(mU)#(mU)#(fU),(mG)#(mU)#(fA)(mU)(fA)(mU)(fU)(mA)(fU)(mU)(mC)(mU)(fU)#(mG)#(mA)-TegChol,GUAUAUUAUUCUUGUGGUUU,UUAUAUUAUUCUUGUGGUUU,GUAUAUUAUUCUUGA,GUAUAUUAUUCUUGUGGUUU,True,False,False
Supplemental Table 1,321,APP_2792_Asymmetric_2'-OMe/-F,P(mU)#(fU)#(mA)(fU)(fU)(fA)(mU)(fU)(mC)(fU)(mU)(fG)(mU)#(fG)#(mG)#(fU)#(mU)#(mU)#(mG)#(fU),(mA)#(mU)#(fA)(mU)(fU)(mA)(fU)(mU)(fC)(mU)(mU)(mG)(fU)#(mG)#(mA)-TegChol,AUAUUAUUCUUGUGGUUUGU,UUAUUAUUCUUGUGGUUUGU,AUAUUAUUCUUGUGA,AUAUUAUUCUUGUGGUUUGU,True,False,False
Supplemental Table 1,322,APP_2794_Asymmetric_2'-OMe/-F,P(mU)#(fU)#(mU)(fA)(fU)(fU)(mC)(fU)(mU)(fG)(mU)(fG)(mG)#(fU)#(mU)#(fU)#(mG)#(mU)#(mG)#(fA),(mA)#(mU)#(fU)(mA)(fU)(mU)(fC)(mU)(fU)(mG)(mU)(mG)(fG)#(mU)#(mA)-TegChol,AUUAUUCUUGUGGUUUGUGA,UUUAUUCUUGUGGUUUGUGA,AUUAUUCUUGUGGUA,AUUAUUCUUGUGGUUUGUGA,True,False,False
Supplemental Table 1,323,APP_2796_Asymmetric_2'-OMe/-F,P(mU)#(fA)#(mU)(fU)(fC)(fU)(mU)(fG)(mU)(fG)(mG)(fU)(mU)#(fU)#(mG)#(fU)#(mG)#(mA)#(mC)#(fC),(mU)#(mA)#(fU)(mU)(fC)(mU)(fU)(mG)(fU)(mG)(mG)(mU)(fU)#(mU)#(mA)-TegChol,UAUUCUUGUGGUUUGUGACC,UAUUCUUGUGGUUUGUGACC,UAUUCUUGUGGUUUA,UAUUCUUGUGGUUUGUGACC,True,False,False
Supplemental Table 1,324,APP_2798_Asymmetric_2'-OMe/-F,P(mU)#(fU)#(mC)(fU)(fU)(fG)(mU)(fG)(mG)(fU)(mU)(fU)(mG)#(fU)#(mG)#(fA)#(mC)#(mC)#(mC)#(fA),(mU)#(mU)#(fC)(mU)(fU)(mG)(fU)(mG)(fG)(mU)(mU)(mU)(fG)#(mU)#(mA)-TegChol,UUCUUGUGGUUUGUGACCCA,UUCUUGUGGUUUGUGACCCA,UUCUUGUGGUUUGUA,UUCUUGUGGUUUGUGACCCA,True,False,False
Supplemental Table 1,325,APP_2800_Asymmetric_2'-OMe/-F,P(mU)#(fU)#(mU)(fG)(fU)(fG)(mG)(fU)(mU)(fU)(mG)(fU)(mG)#(fA)#(mC)#(fC)#(mC)#(mA)#(mA)#(fU),(mC)#(mU)#(fU)(mG)(fU)(mG)(fG)(mU)(fU)(mU)(mG)(mU)(fG)#(mA)#(mA)-TegChol,CUUGUGGUUUGUGACCCAAU,UUUGUGGUUUGUGACCCAAU,CUUGUGGUUUGUGAA,CUUGUGGUUUGUGACCCAAU,True,False,False
Supplemental Table 1,326,APP_2802_Asymmetric_2'-OMe/-F,P(mU)#(fG)#(mU)(fG)(fG)(fU)(mU)(fU)(mG)(fU)(mG)(fA)(mC)#(fC)#(mC)#(fA)#(mA)#(mU)#(mU)#(fA),(mU)#(mG)#(fU)(mG)(fG)(mU)(fU)(mU)(fG)(mU)(mG)(mA)(fC)#(mC)#(mA)-TegChol,UGUGGUUUGUGACCCAAUUA,UGUGGUUUGUGACCCAAUUA,UGUGGUUUGUGACCA,UGUGGUUUGUGACCCAAUUA,True,False,False
Supplemental Table 1,327,APP_2804_Asymmetric_2'-OMe/-F,P(mU)#(fG)#(mG)(fU)(fU)(fU)(mG)(fU)(mG)(fA)(mC)(fC)(mC)#(fA)#(mA)#(fU)#(mU)#(mA)#(mA)#(fG),(mU)#(mG)#(fG)(mU)(fU)(mU)(fG)(mU)(fG)(mA)(mC)(mC)(fC)#(mA)#(mA)-TegChol,UGGUUUGUGACCCAAUUAAG,UGGUUUGUGACCCAAUUAAG,UGGUUUGUGACCCAA,UGGUUUGUGACCCAAUUAAG,True,False,False
Supplemental Table 1,328,APP_2806_Asymmetric_2'-OMe/-F,P(mU)#(fU)#(mU)(fU)(fG)(fU)(mG)(fA)(mC)(fC)(mC)(fA)(mA)#(fU)#(mU)#(fA)#(mA)#(mG)#(mU)#(fC),(mG)#(mU)#(fU)(mU)(fG)(mU)(fG)(mA)(fC)(mC)(mC)(mA)(fA)#(mU)#(mA)-TegChol,GUUUGUGACCCAAUUAAGUC,UUUUGUGACCCAAUUAAGUC,GUUUGUGACCCAAUA,GUUUGUGACCCAAUUAAGUC,True,False,False
Supplemental Table 1,329,APP_2808_Asymmetric_2'-OMe/-F,P(mU)#(fU)#(mG)(fU)(fG)(fA)(mC)(fC)(mC)(fA)(mA)(fU)(mU)#(fA)#(mA)#(fG)#(mU)#(mC)#(mC)#(fU),(mU)#(mU)#(fG)(mU)(fG)(mA)(fC)(mC)(fC)(mA)(mA)(mU)(fU)#(mA)#(mA)-TegChol,UUGUGACCCAAUUAAGUCCU,UUGUGACCCAAUUAAGUCCU,UUGUGACCCAAUUAA,UUGUGACCCAAUUAAGUCCU,True,False,False
Supplemental Table 1,330,APP_2810_Asymmetric_2'-OMe/-F,P(mU)#(fU)#(mG)(fA)(fC)(fC)(mC)(fA)(mA)(fU)(mU)(fA)(mA)#(fG)#(mU)#(fC)#(mC)#(mU)#(mA)#(fC),(mG)#(mU)#(fG)(mA)(fC)(mC)(fC)(mA)(fA)(mU)(mU)(mA)(fA)#(mG)#(mA)-TegChol,GUGACCCAAUUAAGUCCUAC,UUGACCCAAUUAAGUCCUAC,GUGACCCAAUUAAGA,GUGACCCAAUUAAGUCCUAC,True,False,False
Supplemental Table 1,331,APP_2812_Asymmetric_2'-OMe/-F,P(mU)#(fA)#(mC)(fC)(fC)(fA)(mA)(fU)(mU)(fA)(mA)(fG)(mU)#(fC)#(mC)#(fU)#(mA)#(mC)#(mU)#(fU),(mG)#(mA)#(fC)(mC)(fC)(mA)(fA)(mU)(fU)(mA)(mA)(mG)(fU)#(mC)#(mA)-TegChol,GACCCAAUUAAGUCCUACUU,UACCCAAUUAAGUCCUACUU,GACCCAAUUAAGUCA,GACCCAAUUAAGUCCUACUU,True,False,False
Supplemental Table 1,332,APP_2864_Asymmetric_2'-OMe/-F,P(mU)#(fC)#(mA)(fU)(fG)(fU)(mG)(fA)(mA)(fC)(mG)(fU)(mG)#(fG)#(mG)#(fA)#(mG)#(mU)#(mU)#(fC),(mU)#(mC)#(fA)(mU)(fG)(mU)(fG)(mA)(fA)(mC)(mG)(mU)(fG)#(mG)#(mA)-TegChol,UCAUGUGAACGUGGGAGUUC,UCAUGUGAACGUGGGAGUUC,UCAUGUGAACGUGGA,UCAUGUGAACGUGGGAGUUC,True,False,False
Supplemental Table 1,333,APP_2866_Asymmetric_2'-OMe/-F,P(mU)#(fU)#(mG)(fU)(fG)(fA)(mA)(fC)(mG)(fU)(mG)(fG)(mG)#(fA)#(mG)#(fU)#(mU)#(mC)#(mA)#(fG),(mA)#(mU)#(fG)(mU)(fG)(mA)(fA)(mC)(fG)(mU)(mG)(mG)(fG)#(mA)#(mA)-TegChol,AUGUGAACGUGGGAGUUCAG,UUGUGAACGUGGGAGUUCAG,AUGUGAACGUGGGAA,AUGUGAACGUGGGAGUUCAG,True,False,False
Supplemental Table 1,334,APP_2868_Asymmetric_2'-OMe/-F,P(mU)#(fU)#(mG)(fA)(fA)(fC)(mG)(fU)(mG)(fG)(mG)(fA)(mG)#(fU)#(mU)#(fC)#(mA)#(mG)#(mC)#(fU),(mG)#(mU)#(fG)(mA)(fA)(mC)(fG)(mU)(fG)(mG)(mG)(mA)(fG)#(mU)#(mA)-TegChol,GUGAACGUGGGAGUUCAGCU,UUGAACGUGGGAGUUCAGCU,GUGAACGUGGGAGUA,GUGAACGUGGGAGUUCAGCU,True,False,False
Supplemental Table 1,335,APP_2872_Asymmetric_2'-OMe/-F,P(mU)#(fC)#(mG)(fU)(fG)(fG)(mG)(fA)(mG)(fU)(mU)(fC)(mA)#(fG)#(mC)#(fU)#(mG)#(mC)#(mU)#(fU),(mA)#(mC)#(fG)(mU)(fG)(mG)(fG)(mA)(fG)(mU)(mU)(mC)(fA)#(mG)#(mA)-TegChol,ACGUGGGAGUUCAGCUGCUU,UCGUGGGAGUUCAGCUGCUU,ACGUGGGAGUUCAGA,ACGUGGGAGUUCAGCUGCUU,True,False,False
Supplemental Table 1,336,APP_2874_Asymmetric_2'-OMe/-F,P(mU)#(fU)#(mG)(fG)(fG)(fA)(mG)(fU)(mU)(fC)(mA)(fG)(mC)#(fU)#(mG)#(fC)#(mU)#(mU)#(mC)#(fU),(mG)#(mU)#(fG)(mG)(fG)(mA)(fG)(mU)(fU)(mC)(mA)(mG)(fC)#(mU)#(mA)-TegChol,GUGGGAGUUCAGCUGCUUCU,UUGGGAGUUCAGCUGCUUCU,GUGGGAGUUCAGCUA,GUGGGAGUUCAGCUGCUUCU,True,False,False
Supplemental Table 1,337,APP_2876_Asymmetric_2'-OMe/-F,P(mU)#(fG)#(mG)(fA)(fG)(fU)(mU)(fC)(mA)(fG)(mC)(fU)(mG)#(fC)#(mU)#(fU)#(mC)#(mU)#(mC)#(fU),(mG)#(mG)#(fG)(mA)(fG)(mU)(fU)(mC)(fA)(mG)(mC)(mU)(fG)#(mC)#(mA)-TegChol,GGGAGUUCAGCUGCUUCUCU,UGGAGUUCAGCUGCUUCUCU,GGGAGUUCAGCUGCA,GGGAGUUCAGCUGCUUCUCU,True,False,False
Supplemental Table 1,338,APP_2878_Asymmetric_2'-OMe/-F,P(mU)#(fA)#(mG)(fU)(fU)(fC)(mA)(fG)(mC)(fU)(mG)(fC)(mU)#(fU)#(mC)#(fU)#(mC)#(mU)#(mU)#(fG),(mG)#(mA)#(fG)(mU)(fU)(mC)(fA)(mG)(fC)(mU)(mG)(mC)(fU)#(mU)#(mA)-TegChol,GAGUUCAGCUGCUUCUCUUG,UAGUUCAGCUGCUUCUCUUG,GAGUUCAGCUGCUUA,GAGUUCAGCUGCUUCUCUUG,True,False,False
Supplemental Table 1,339,APP_2880_Asymmetric_2'-OMe/-F,P(mU)#(fU)#(mU)(fC)(fA)(fG)(mC)(fU)(mG)(fC)(mU)(fU)(mC)#(fU)#(mC)#(fU)#(mU)#(mG)#(mC)#(fC),(mG)#(mU)#(fU)(mC)(fA)(mG)(fC)(mU)(fG)(mC)(mU)(mU)(fC)#(mU)#(mA)-TegChol,GUUCAGCUGCUUCUCUUGCC,UUUCAGCUGCUUCUCUUGCC,GUUCAGCUGCUUCUA,GUUCAGCUGCUUCUCUUGCC,True,False,False
Supplemental Table 1,340,APP_2882_Asymmetric_2'-OMe/-F,P(mU)#(fC)#(mA)(fG)(fC)(fU)(mG)(fC)(mU)(fU)(mC)(fU)(mC)#(fU)#(mU)#(fG)#(mC)#(mC)#(mU)#(fA),(mU)#(mC)#(fA)(mG)(fC)(mU)(fG)(mC)(fU)(mU)(mC)(mU)(fC)#(mU)#(mA)-TegChol,UCAGCUGCUUCUCUUGCCUA,UCAGCUGCUUCUCUUGCCUA,UCAGCUGCUUCUCUA,UCAGCUGCUUCUCUUGCCUA,True,False,False
Supplemental Table 1,341,APP_2884_Asymmetric_2'-OMe/-F,P(mU)#(fG)#(mC)(fU)(fG)(fC)(mU)(fU)(mC)(fU)(mC)(fU)(mU)#(fG)#(mC)#(fC)#(mU)#(mA)#(mA)#(fG),(mA)#(mG)#(fC)(mU)(fG)(mC)(fU)(mU)(fC)(mU)(mC)(mU)(fU)#(mG)#(mA)-TegChol,AGCUGCUUCUCUUGCCUAAG,UGCUGCUUCUCUUGCCUAAG,AGCUGCUUCUCUUGA,AGCUGCUUCUCUUGCCUAAG,True,False,False
Supplemental Table 1,342,APP_2903_Asymmetric_2'-OMe/-F,P(mU)#(fU)#(mA)(fU)(fU)(fC)(mC)(fU)(mU)(fU)(mC)(fC)(mU)#(fG)#(mA)#(fU)#(mC)#(mA)#(mC)#(fU),(mG)#(mU)#(fA)(mU)(fU)(mC)(fC)(mU)(fU)(mU)(mC)(mC)(fU)#(mG)#(mA)-TegChol,GUAUUCCUUUCCUGAUCACU,UUAUUCCUUUCCUGAUCACU,GUAUUCCUUUCCUGA,GUAUUCCUUUCCUGAUCACU,True,False,False
Supplemental Table 1,343,APP_2905_Asymmetric_2'-OMe/-F,P(mU)#(fU)#(mU)(fC)(fC)(fU)(mU)(fU)(mC)(fC)(mU)(fG)(mA)#(fU)#(mC)#(fA)#(mC)#(mU)#(mA)#(fU),(mA)#(mU)#(fU)(mC)(fC)(mU)(fU)(mU)(fC)(mC)(mU)(mG)(fA)#(mU)#(mA)-TegChol,AUUCCUUUCCUGAUCACUAU,UUUCCUUUCCUGAUCACUAU,AUUCCUUUCCUGAUA,AUUCCUUUCCUGAUCACUAU,True,False,False
Supplemental Table 1,344,APP_2907_Asymmetric_2'-OMe/-F,P(mU)#(fC)#(mC)(fU)(fU)(fU)(mC)(fC)(mU)(fG)(mA)(fU)(mC)#(fA)#(mC)#(fU)#(mA)#(mU)#(mG)#(fC),(mU)#(mC)#(fC)(mU)(fU)(mU)(fC)(mC)(fU)(mG)(mA)(mU)(fC)#(mA)#(mA)-TegChol,UCCUUUCCUGAUCACUAUGC,UCCUUUCCUGAUCACUAUGC,UCCUUUCCUGAUCAA,UCCUUUCCUGAUCACUAUGC,True,False,False
Supplemental Table 1,345,APP_2909_Asymmetric_2'-OMe/-F,P(mU)#(fU)#(mU)(fU)(fC)(fC)(mU)(fG)(mA)(fU)(mC)(fA)(mC)#(fU)#(mA)#(fU)#(mG)#(mC)#(mA)#(fU),(mC)#(mU)#(fU)(mU)(fC)(mC)(fU)(mG)(fA)(mU)(mC)(mA)(fC)#(mU)#(mA)-TegChol,CUUUCCUGAUCACUAUGCAU,UUUUCCUGAUCACUAUGCAU,CUUUCCUGAUCACUA,CUUUCCUGAUCACUAUGCAU,True,False,False
Supplemental Table 1,346,APP_2911_Asymmetric_2'-OMe/-F,P(mU)#(fU)#(mC)(fC)(fU)(fG)(mA)(fU)(mC)(fA)(mC)(fU)(mA)#(fU)#(mG)#(fC)#(mA)#(mU)#(mU)#(fU),(mU)#(mU)#(fC)(mC)(fU)(mG)(fA)(mU)(fC)(mA)(mC)(mU)(fA)#(mU)#(mA)-TegChol,UUCCUGAUCACUAUGCAUUU,UUCCUGAUCACUAUGCAUUU,UUCCUGAUCACUAUA,UUCCUGAUCACUAUGCAUUU,True,False,False
Supplemental Table 1,347,APP_2913_Asymmetric_2'-OMe/-F,P(mU)#(fC)#(mU)(fG)(fA)(fU)(mC)(fA)(mC)(fU)(mA)(fU)(mG)#(fC)#(mA)#(fU)#(mU)#(mU)#(mU)#(fA),(mC)#(mC)#(fU)(mG)(fA)(mU)(fC)(mA)(fC)(mU)(mA)(mU)(fG)#(mC)#(mA)-TegChol,CCUGAUCACUAUGCAUUUUA,UCUGAUCACUAUGCAUUUUA,CCUGAUCACUAUGCA,CCUGAUCACUAUGCAUUUUA,True,False,False
Supplemental Table 1,348,APP_2915_Asymmetric_2'-OMe/-F,P(mU)#(fG)#(mA)(fU)(fC)(fA)(mC)(fU)(mA)(fU)(mG)(fC)(mA)#(fU)#(mU)#(fU)#(mU)#(mA)#(mA)#(fA),(mU)#(mG)#(fA)(mU)(fC)(mA)(fC)(mU)(fA)(mU)(mG)(mC)(fA)#(mU)#(mA)-TegChol,UGAUCACUAUGCAUUUUAAA,UGAUCACUAUGCAUUUUAAA,UGAUCACUAUGCAUA,UGAUCACUAUGCAUUUUAAA,True,False,False
Supplemental Table 1,349,APP_2917_Asymmetric_2'-OMe/-F,P(mU)#(fU)#(mC)(fA)(fC)(fU)(mA)(fU)(mG)(fC)(mA)(fU)(mU)#(fU)#(mU)#(fA)#(mA)#(mA)#(mG)#(fU),(mA)#(mU)#(fC)(mA)(fC)(mU)(fA)(mU)(fG)(mC)(mA)(mU)(fU)#(mU)#(mA)-TegChol,AUCACUAUGCAUUUUAAAGU,UUCACUAUGCAUUUUAAAGU,AUCACUAUGCAUUUA,AUCACUAUGCAUUUUAAAGU,True,False,False
Supplemental Table 1,350,APP_2919_Asymmetric_2'-OMe/-F,P(mU)#(fA)#(mC)(fU)(fA)(fU)(mG)(fC)(mA)(fU)(mU)(fU)(mU)#(fA)#(mA)#(fA)#(mG)#(mU)#(mU)#(fA),(mC)#(mA)#(fC)(mU)(fA)(mU)(fG)(mC)(fA)(mU)(mU)(mU)(fU)#(mA)#(mA)-TegChol,CACUAUGCAUUUUAAAGUUA,UACUAUGCAUUUUAAAGUUA,CACUAUGCAUUUUAA,CACUAUGCAUUUUAAAGUUA,True,False,False
Supplemental Table 1,351,APP_2921_Asymmetric_2'-OMe/-F,P(mU)#(fU)#(mA)(fU)(fG)(fC)(mA)(fU)(mU)(fU)(mU)(fA)(mA)#(fA)#(mG)#(fU)#(mU)#(mA)#(mA)#(fA),(mC)#(mU)#(fA)(mU)(fG)(mC)(fA)(mU)(fU)(mU)(mU)(mA)(fA)#(mA)#(mA)-TegChol,CUAUGCAUUUUAAAGUUAAA,UUAUGCAUUUUAAAGUUAAA,CUAUGCAUUUUAAAA,CUAUGCAUUUUAAAGUUAAA,True,False,False
Supplemental Table 1,352,APP_2923_Asymmetric_2'-OMe/-F,P(mU)#(fU)#(mG)(fC)(fA)(fU)(mU)(fU)(mU)(fA)(mA)(fA)(mG)#(fU)#(mU)#(fA)#(mA)#(mA)#(mC)#(fA),(mA)#(mU)#(fG)(mC)(fA)(mU)(fU)(mU)(fU)(mA)(mA)(mA)(fG)#(mU)#(mA)-TegChol,AUGCAUUUUAAAGUUAAACA,UUGCAUUUUAAAGUUAAACA,AUGCAUUUUAAAGUA,AUGCAUUUUAAAGUUAAACA,True,False,False
Supplemental Table 1,353,APP_2930_Asymmetric_2'-OMe/-F,P(mU)#(fU)#(mA)(fA)(fA)(fG)(mU)(fU)(mA)(fA)(mA)(fC)(mA)#(fU)#(mU)#(fU)#(mU)#(mU)#(mA)#(fA),(mU)#(mU)#(fA)(mA)(fA)(mG)(fU)(mU)(fA)(mA)(mA)(mC)(fA)#(mU)#(mA)-TegChol,UUAAAGUUAAACAUUUUUAA,UUAAAGUUAAACAUUUUUAA,UUAAAGUUAAACAUA,UUAAAGUUAAACAUUUUUAA,True,False,False
Supplemental Table 1,354,APP_2989_Asymmetric_2'-OMe/-F,P(mU)#(fC)#(mA)(fU)(fU)(fU)(mU)(fA)(mC)(fU)(mG)(fU)(mA)#(fC)#(mA)#(fG)#(mA)#(mU)#(mU)#(fG),(mG)#(mC)#(fA)(mU)(fU)(mU)(fU)(mA)(fC)(mU)(mG)(mU)(fA)#(mC)#(mA)-TegChol,GCAUUUUACUGUACAGAUUG,UCAUUUUACUGUACAGAUUG,GCAUUUUACUGUACA,GCAUUUUACUGUACAGAUUG,True,False,False
Supplemental Table 1,355,APP_3031_Asymmetric_2'-OMe/-F,P(mU)#(fU)#(mA)(fG)(fG)(fA)(mA)(fU)(mU)(fA)(mA)(fG)(mA)#(fG)#(mG)#(fA)#(mU)#(mA)#(mC)#(fA),(mA)#(mU)#(fA)(mG)(fG)(mA)(fA)(mU)(fU)(mA)(mA)(mG)(fA)#(mG)#(mA)-TegChol,AUAGGAAUUAAGAGGAUACA,UUAGGAAUUAAGAGGAUACA,AUAGGAAUUAAGAGA,AUAGGAAUUAAGAGGAUACA,True,False,False
Supplemental Table 1,356,APP_3033_Asymmetric_2'-OMe/-F,P(mU)#(fG)#(mG)(fA)(fA)(fU)(mU)(fA)(mA)(fG)(mA)(fG)(mG)#(fA)#(mU)#(fA)#(mC)#(mA)#(mC)#(fA),(mA)#(mG)#(fG)(mA)(fA)(mU)(fU)(mA)(fA)(mG)(mA)(mG)(fG)#(mA)#(mA)-TegChol,AGGAAUUAAGAGGAUACACA,UGGAAUUAAGAGGAUACACA,AGGAAUUAAGAGGAA,AGGAAUUAAGAGGAUACACA,True,False,False
Supplemental Table 1,357,APP_3035_Asymmetric_2'-OMe/-F,P(mU)#(fA)#(mA)(fU)(fU)(fA)(mA)(fG)(mA)(fG)(mG)(fA)(mU)#(fA)#(mC)#(fA)#(mC)#(mA)#(mC)#(fG),(mG)#(mA)#(fA)(mU)(fU)(mA)(fA)(mG)(fA)(mG)(mG)(mA)(fU)#(mA)#(mA)-TegChol,GAAUUAAGAGGAUACACACG,UAAUUAAGAGGAUACACACG,GAAUUAAGAGGAUAA,GAAUUAAGAGGAUACACACG,True,False,False
Supplemental Table 1,358,APP_3037_Asymmetric_2'-OMe/-F,P(mU)#(fU)#(mU)(fA)(fA)(fG)(mA)(fG)(mG)(fA)(mU)(fA)(mC)#(fA)#(mC)#(fA)#(mC)#(mG)#(mU)#(fU),(mA)#(mU)#(fU)(mA)(fA)(mG)(fA)(mG)(fG)(mA)(mU)(mA)(fC)#(mA)#(mA)-TegChol,AUUAAGAGGAUACACACGUU,UUUAAGAGGAUACACACGUU,AUUAAGAGGAUACAA,AUUAAGAGGAUACACACGUU,True,False,False
Supplemental Table 1,359,APP_3039_Asymmetric_2'-OMe/-F,P(mU)#(fA)#(mA)(fG)(fA)(fG)(mG)(fA)(mU)(fA)(mC)(fA)(mC)#(fA)#(mC)#(fG)#(mU)#(mU)#(mU)#(fG),(mU)#(mA)#(fA)(mG)(fA)(mG)(fG)(mA)(fU)(mA)(mC)(mA)(fC)#(mA)#(mA)-TegChol,UAAGAGGAUACACACGUUUG,UAAGAGGAUACACACGUUUG,UAAGAGGAUACACAA,UAAGAGGAUACACACGUUUG,True,False,False
Supplemental Table 1,360,APP_3041_Asymmetric_2'-OMe/-F,P(mU)#(fG)#(mA)(fG)(fG)(fA)(mU)(fA)(mC)(fA)(mC)(fA)(mC)#(fG)#(mU)#(fU)#(mU)#(mG)#(mU)#(fU),(mA)#(mG)#(fA)(mG)(fG)(mA)(fU)(mA)(fC)(mA)(mC)(mA)(fC)#(mG)#(mA)-TegChol,AGAGGAUACACACGUUUGUU,UGAGGAUACACACGUUUGUU,AGAGGAUACACACGA,AGAGGAUACACACGUUUGUU,True,False,False
Supplemental Table 1,361,APP_3043_Asymmetric_2'-OMe/-F,P(mU)#(fG)#(mG)(fA)(fU)(fA)(mC)(fA)(mC)(fA)(mC)(fG)(mU)#(fU)#(mU)#(fG)#(mU)#(mU)#(mU)#(fC),(mA)#(mG)#(fG)(mA)(fU)(mA)(fC)(mA)(fC)(mA)(mC)(mG)(fU)#(mU)#(mA)-TegChol,AGGAUACACACGUUUGUUUC,UGGAUACACACGUUUGUUUC,AGGAUACACACGUUA,AGGAUACACACGUUUGUUUC,True,False,False
Supplemental Table 1,362,APP_3045_Asymmetric_2'-OMe/-F,P(mU)#(fA)#(mU)(fA)(fC)(fA)(mC)(fA)(mC)(fG)(mU)(fU)(mU)#(fG)#(mU)#(fU)#(mU)#(mC)#(mU)#(fU),(mG)#(mA)#(fU)(mA)(fC)(mA)(fC)(mA)(fC)(mG)(mU)(mU)(fU)#(mG)#(mA)-TegChol,GAUACACACGUUUGUUUCUU,UAUACACACGUUUGUUUCUU,GAUACACACGUUUGA,GAUACACACGUUUGUUUCUU,True,False,False
Supplemental Table 1,363,APP_3047_Asymmetric_2'-OMe/-F,P(mU)#(fA)#(mC)(fA)(fC)(fA)(mC)(fG)(mU)(fU)(mU)(fG)(mU)#(fU)#(mU)#(fC)#(mU)#(mU)#(mC)#(fG),(mU)#(mA)#(fC)(mA)(fC)(mA)(fC)(mG)(fU)(mU)(mU)(mG)(fU)#(mU)#(mA)-TegChol,UACACACGUUUGUUUCUUCG,UACACACGUUUGUUUCUUCG,UACACACGUUUGUUA,UACACACGUUUGUUUCUUCG,True,False,False
Supplemental Table 1,364,APP_3049_Asymmetric_2'-OMe/-F,P(mU)#(fA)#(mC)(fA)(fC)(fG)(mU)(fU)(mU)(fG)(mU)(fU)(mU)#(fC)#(mU)#(fU)#(mC)#(mG)#(mU)#(fG),(mC)#(mA)#(fC)(mA)(fC)(mG)(fU)(mU)(fU)(mG)(mU)(mU)(fU)#(mC)#(mA)-TegChol,CACACGUUUGUUUCUUCGUG,UACACGUUUGUUUCUUCGUG,CACACGUUUGUUUCA,CACACGUUUGUUUCUUCGUG,True,False,False
Supplemental Table 1,365,APP_3051_Asymmetric_2'-OMe/-F,P(mU)#(fA)#(mC)(fG)(fU)(fU)(mU)(fG)(mU)(fU)(mU)(fC)(mU)#(fU)#(mC)#(fG)#(mU)#(mG)#(mC)#(fC),(mC)#(mA)#(fC)(mG)(fU)(mU)(fU)(mG)(fU)(mU)(mU)(mC)(fU)#(mU)#(mA)-TegChol,CACGUUUGUUUCUUCGUGCC,UACGUUUGUUUCUUCGUGCC,CACGUUUGUUUCUUA,CACGUUUGUUUCUUCGUGCC,True,False,False
Supplemental Table 1,366,APP_3083_Asymmetric_2'-OMe/-F,P(mU)#(fC)#(mA)(fC)(fA)(fU)(mU)(fA)(mG)(fG)(mC)(fA)(mU)#(fU)#(mG)#(fA)#(mG)#(mA)#(mC)#(fU),(mA)#(mC)#(fA)(mC)(fA)(mU)(fU)(mA)(fG)(mG)(mC)(mA)(fU)#(mU)#(mA)-TegChol,ACACAUUAGGCAUUGAGACU,UCACAUUAGGCAUUGAGACU,ACACAUUAGGCAUUA,ACACAUUAGGCAUUGAGACU,True,False,False
Supplemental Table 1,367,APP_3085_Asymmetric_2'-OMe/-F,P(mU)#(fC)#(mA)(fU)(fU)(fA)(mG)(fG)(mC)(fA)(mU)(fU)(mG)#(fA)#(mG)#(fA)#(mC)#(mU)#(mU)#(fC),(mA)#(mC)#(fA)(mU)(fU)(mA)(fG)(mG)(fC)(mA)(mU)(mU)(fG)#(mA)#(mA)-TegChol,ACAUUAGGCAUUGAGACUUC,UCAUUAGGCAUUGAGACUUC,ACAUUAGGCAUUGAA,ACAUUAGGCAUUGAGACUUC,True,False,False
Supplemental Table 1,368,APP_3087_Asymmetric_2'-OMe/-F,P(mU)#(fU)#(mU)(fA)(fG)(fG)(mC)(fA)(mU)(fU)(mG)(fA)(mG)#(fA)#(mC)#(fU)#(mU)#(mC)#(mA)#(fA),(mA)#(mU)#(fU)(mA)(fG)(mG)(fC)(mA)(fU)(mU)(mG)(mA)(fG)#(mA)#(mA)-TegChol,AUUAGGCAUUGAGACUUCAA,UUUAGGCAUUGAGACUUCAA,AUUAGGCAUUGAGAA,AUUAGGCAUUGAGACUUCAA,True,False,False
Supplemental Table 1,369,APP_3089_Asymmetric_2'-OMe/-F,P(mU)#(fA)#(mG)(fG)(fC)(fA)(mU)(fU)(mG)(fA)(mG)(fA)(mC)#(fU)#(mU)#(fC)#(mA)#(mA)#(mG)#(fC),(mU)#(mA)#(fG)(mG)(fC)(mA)(fU)(mU)(fG)(mA)(mG)(mA)(fC)#(mU)#(mA)-TegChol,UAGGCAUUGAGACUUCAAGC,UAGGCAUUGAGACUUCAAGC,UAGGCAUUGAGACUA,UAGGCAUUGAGACUUCAAGC,True,False,False
Supplemental Table 1,370,APP_3091_Asymmetric_2'-OMe/-F,P(mU)#(fG)#(mC)(fA)(fU)(fU)(mG)(fA)(mG)(fA)(mC)(fU)(mU)#(fC)#(mA)#(fA)#(mG)#(mC)#(mU)#(fU),(mG)#(mG)#(fC)(mA)(fU)(mU)(fG)(mA)(fG)(mA)(mC)(mU)(fU)#(mC)#(mA)-TegChol,GGCAUUGAGACUUCAAGCUU,UGCAUUGAGACUUCAAGCUU,GGCAUUGAGACUUCA,GGCAUUGAGACUUCAAGCUU,True,False,False
Supplemental Table 1,371,APP_3093_Asymmetric_2'-OMe/-F,P(mU)#(fA)#(mU)(fU)(fG)(fA)(mG)(fA)(mC)(fU)(mU)(fC)(mA)#(fA)#(mG)#(fC)#(mU)#(mU)#(mU)#(fU),(mC)#(mA)#(fU)(mU)(fG)(mA)(fG)(mA)(fC)(mU)(mU)(mC)(fA)#(mA)#(mA)-TegChol,CAUUGAGACUUCAAGCUUUU,UAUUGAGACUUCAAGCUUUU,CAUUGAGACUUCAAA,CAUUGAGACUUCAAGCUUUU,True,False,False
Supplemental Table 1,372,APP_3095_Asymmetric_2'-OMe/-F,P(mU)#(fU)#(mG)(fA)(fG)(fA)(mC)(fU)(mU)(fC)(mA)(fA)(mG)#(fC)#(mU)#(fU)#(mU)#(mU)#(mC)#(fU),(mU)#(mU)#(fG)(mA)(fG)(mA)(fC)(mU)(fU)(mC)(mA)(mA)(fG)#(mC)#(mA)-TegChol,UUGAGACUUCAAGCUUUUCU,UUGAGACUUCAAGCUUUUCU,UUGAGACUUCAAGCA,UUGAGACUUCAAGCUUUUCU,True,False,False
Supplemental Table 1,373,APP_3097_Asymmetric_2'-OMe/-F,P(mU)#(fA)#(mG)(fA)(fC)(fU)(mU)(fC)(mA)(fA)(mG)(fC)(mU)#(fU)#(mU)#(fU)#(mC)#(mU)#(mU)#(fU),(mG)#(mA)#(fG)(mA)(fC)(mU)(fU)(mC)(fA)(mA)(mG)(mC)(fU)#(mU)#(mA)-TegChol,GAGACUUCAAGCUUUUCUUU,UAGACUUCAAGCUUUUCUUU,GAGACUUCAAGCUUA,GAGACUUCAAGCUUUUCUUU,True,False,False
Supplemental Table 1,374,APP_3099_Asymmetric_2'-OMe/-F,P(mU)#(fA)#(mC)(fU)(fU)(fC)(mA)(fA)(mG)(fC)(mU)(fU)(mU)#(fU)#(mC)#(fU)#(mU)#(mU)#(mU)#(fU),(mG)#(mA)#(fC)(mU)(fU)(mC)(fA)(mA)(fG)(mC)(mU)(mU)(fU)#(mU)#(mA)-TegChol,GACUUCAAGCUUUUCUUUUU,UACUUCAAGCUUUUCUUUUU,GACUUCAAGCUUUUA,GACUUCAAGCUUUUCUUUUU,True,False,False
Supplemental Table 1,375,APP_3101_Asymmetric_2'-OMe/-F,P(mU)#(fU)#(mU)(fC)(fA)(fA)(mG)(fC)(mU)(fU)(mU)(fU)(mC)#(fU)#(mU)#(fU)#(mU)#(mU)#(mU)#(fU),(mC)#(mU)#(fU)(mC)(fA)(mA)(fG)(mC)(fU)(mU)(mU)(mU)(fC)#(mU)#(mA)-TegChol,CUUCAAGCUUUUCUUUUUUU,UUUCAAGCUUUUCUUUUUUU,CUUCAAGCUUUUCUA,CUUCAAGCUUUUCUUUUUUU,True,False,False
Supplemental Table 1,376,APP_3103_Asymmetric_2'-OMe/-F,P(mU)#(fC)#(mA)(fA)(fG)(fC)(mU)(fU)(mU)(fU)(mC)(fU)(mU)#(fU)#(mU)#(fU)#(mU)#(mU)#(mG)#(fU),(mU)#(mC)#(fA)(mA)(fG)(mC)(fU)(mU)(fU)(mU)(mC)(mU)(fU)#(mU)#(mA)-TegChol,UCAAGCUUUUCUUUUUUUGU,UCAAGCUUUUCUUUUUUUGU,UCAAGCUUUUCUUUA,UCAAGCUUUUCUUUUUUUGU,True,False,False
Supplemental Table 1,377,APP_3135_Asymmetric_2'-OMe/-F,P(mU)#(fG)#(mG)(fU)(fC)(fU)(mU)(fU)(mG)(fA)(mU)(fA)(mA)#(fA)#(mG)#(fA)#(mA)#(mA)#(mA)#(fG),(mG)#(mG)#(fG)(mU)(fC)(mU)(fU)(mU)(fG)(mA)(mU)(mA)(fA)#(mA)#(mA)-TegChol,GGGUCUUUGAUAAAGAAAAG,UGGUCUUUGAUAAAGAAAAG,GGGUCUUUGAUAAAA,GGGUCUUUGAUAAAGAAAAG,True,False,False
Supplemental Table 1,378,APP_3137_Asymmetric_2'-OMe/-F,P(mU)#(fU)#(mC)(fU)(fU)(fU)(mG)(fA)(mU)(fA)(mA)(fA)(mG)#(fA)#(mA)#(fA)#(mA)#(mG)#(mA)#(fA),(mG)#(mU)#(fC)(mU)(fU)(mU)(fG)(mA)(fU)(mA)(mA)(mA)(fG)#(mA)#(mA)-TegChol,GUCUUUGAUAAAGAAAAGAA,UUCUUUGAUAAAGAAAAGAA,GUCUUUGAUAAAGAA,GUCUUUGAUAAAGAAAAGAA,True,False,False
Supplemental Table 1,379,APP_3139_Asymmetric_2'-OMe/-F,P(mU)#(fU)#(mU)(fU)(fG)(fA)(mU)(fA)(mA)(fA)(mG)(fA)(mA)#(fA)#(mA)#(fG)#(mA)#(mA)#(mU)#(fC),(mC)#(mU)#(fU)(mU)(fG)(mA)(fU)(mA)(fA)(mA)(mG)(mA)(fA)#(mA)#(mA)-TegChol,CUUUGAUAAAGAAAAGAAUC,UUUUGAUAAAGAAAAGAAUC,CUUUGAUAAAGAAAA,CUUUGAUAAAGAAAAGAAUC,True,False,False
Supplemental Table 1,380,APP_3141_Asymmetric_2'-OMe/-F,P(mU)#(fU)#(mG)(fA)(fU)(fA)(mA)(fA)(mG)(fA)(mA)(fA)(mA)#(fG)#(mA)#(fA)#(mU)#(mC)#(mC)#(fC),(mU)#(mU)#(fG)(mA)(fU)(mA)(fA)(mA)(fG)(mA)(mA)(mA)(fA)#(mG)#(mA)-TegChol,UUGAUAAAGAAAAGAAUCCC,UUGAUAAAGAAAAGAAUCCC,UUGAUAAAGAAAAGA,UUGAUAAAGAAAAGAAUCCC,True,False,False
Supplemental Table 1,381,APP_3143_Asymmetric_2'-OMe/-F,P(mU)#(fA)#(mU)(fA)(fA)(fA)(mG)(fA)(mA)(fA)(mA)(fG)(mA)#(fA)#(mU)#(fC)#(mC)#(mC)#(mU)#(fG),(mG)#(mA)#(fU)(mA)(fA)(mA)(fG)(mA)(fA)(mA)(mA)(mG)(fA)#(mA)#(mA)-TegChol,GAUAAAGAAAAGAAUCCCUG,UAUAAAGAAAAGAAUCCCUG,GAUAAAGAAAAGAAA,GAUAAAGAAAAGAAUCCCUG,True,False,False
Supplemental Table 1,382,APP_3145_Asymmetric_2'-OMe/-F,P(mU)#(fA)#(mA)(fA)(fG)(fA)(mA)(fA)(mA)(fG)(mA)(fA)(mU)#(fC)#(mC)#(fC)#(mU)#(mG)#(mU)#(fU),(mU)#(mA)#(fA)(mA)(fG)(mA)(fA)(mA)(fA)(mG)(mA)(mA)(fU)#(mC)#(mA)-TegChol,UAAAGAAAAGAAUCCCUGUU,UAAAGAAAAGAAUCCCUGUU,UAAAGAAAAGAAUCA,UAAAGAAAAGAAUCCCUGUU,True,False,False
Supplemental Table 1,383,APP_3147_Asymmetric_2'-OMe/-F,P(mU)#(fA)#(mG)(fA)(fA)(fA)(mA)(fG)(mA)(fA)(mU)(fC)(mC)#(fC)#(mU)#(fG)#(mU)#(mU)#(mC)#(fA),(mA)#(mA)#(fG)(mA)(fA)(mA)(fA)(mG)(fA)(mA)(mU)(mC)(fC)#(mC)#(mA)-TegChol,AAGAAAAGAAUCCCUGUUCA,UAGAAAAGAAUCCCUGUUCA,AAGAAAAGAAUCCCA,AAGAAAAGAAUCCCUGUUCA,True,False,False
Supplemental Table 1,384,APP_3149_Asymmetric_2'-OMe/-F,P(mU)#(fA)#(mA)(fA)(fA)(fG)(mA)(fA)(mU)(fC)(mC)(fC)(mU)#(fG)#(mU)#(fU)#(mC)#(mA)#(mU)#(fU),(mG)#(mA)#(fA)(mA)(fA)(mG)(fA)(mA)(fU)(mC)(mC)(mC)(fU)#(mG)#(mA)-TegChol,GAAAAGAAUCCCUGUUCAUU,UAAAAGAAUCCCUGUUCAUU,GAAAAGAAUCCCUGA,GAAAAGAAUCCCUGUUCAUU,True,False,False
Supplemental Table 1,385,APP_3151_Asymmetric_2'-OMe/-F,P(mU)#(fA)#(mA)(fG)(fA)(fA)(mU)(fC)(mC)(fC)(mU)(fG)(mU)#(fU)#(mC)#(fA)#(mU)#(mU)#(mG)#(fU),(mA)#(mA)#(fA)(mG)(fA)(mA)(fU)(mC)(fC)(mC)(mU)(mG)(fU)#(mU)#(mA)-TegChol,AAAGAAUCCCUGUUCAUUGU,UAAGAAUCCCUGUUCAUUGU,AAAGAAUCCCUGUUA,AAAGAAUCCCUGUUCAUUGU,True,False,False
Supplemental Table 1,386,APP_3153_Asymmetric_2'-OMe/-F,P(mU)#(fG)#(mA)(fA)(fU)(fC)(mC)(fC)(mU)(fG)(mU)(fU)(mC)#(fA)#(mU)#(fU)#(mG)#(mU)#(mA)#(fA),(mA)#(mG)#(fA)(mA)(fU)(mC)(fC)(mC)(fU)(mG)(mU)(mU)(fC)#(mA)#(mA)-TegChol,AGAAUCCCUGUUCAUUGUAA,UGAAUCCCUGUUCAUUGUAA,AGAAUCCCUGUUCAA,AGAAUCCCUGUUCAUUGUAA,True,False,False
Supplemental Table 1,387,APP_3155_Asymmetric_2'-OMe/-F,P(mU)#(fA)#(mU)(fC)(fC)(fC)(mU)(fG)(mU)(fU)(mC)(fA)(mU)#(fU)#(mG)#(fU)#(mA)#(mA)#(mG)#(fC),(mA)#(mA)#(fU)(mC)(fC)(mC)(fU)(mG)(fU)(mU)(mC)(mA)(fU)#(mU)#(mA)-TegChol,AAUCCCUGUUCAUUGUAAGC,UAUCCCUGUUCAUUGUAAGC,AAUCCCUGUUCAUUA,AAUCCCUGUUCAUUGUAAGC,True,False,False
Supplemental Table 1,388,APP_3205_Asymmetric_2'-OMe/-F,P(mU)#(fU)#(mG)(fC)(fU)(fG)(mG)(fU)(mC)(fU)(mU)(fC)(mA)#(fA)#(mU)#(fU)#(mA)#(mC)#(mC)#(fA),(mC)#(mU)#(fG)(mC)(fU)(mG)(fG)(mU)(fC)(mU)(mU)(mC)(fA)#(mA)#(mA)-TegChol,CUGCUGGUCUUCAAUUACCA,UUGCUGGUCUUCAAUUACCA,CUGCUGGUCUUCAAA,CUGCUGGUCUUCAAUUACCA,True,False,False
Supplemental Table 1,389,APP_3207_Asymmetric_2'-OMe/-F,P(mU)#(fC)#(mU)(fG)(fG)(fU)(mC)(fU)(mU)(fC)(mA)(fA)(mU)#(fU)#(mA)#(fC)#(mC)#(mA)#(mA)#(fG),(mG)#(mC)#(fU)(mG)(fG)(mU)(fC)(mU)(fU)(mC)(mA)(mA)(fU)#(mU)#(mA)-TegChol,GCUGGUCUUCAAUUACCAAG,UCUGGUCUUCAAUUACCAAG,GCUGGUCUUCAAUUA,GCUGGUCUUCAAUUACCAAG,True,False,False
Supplemental Table 1,390,APP_3209_Asymmetric_2'-OMe/-F,P(mU)#(fG)#(mG)(fU)(fC)(fU)(mU)(fC)(mA)(fA)(mU)(fU)(mA)#(fC)#(mC)#(fA)#(mA)#(mG)#(mA)#(fA),(mU)#(mG)#(fG)(mU)(fC)(mU)(fU)(mC)(fA)(mA)(mU)(mU)(fA)#(mC)#(mA)-TegChol,UGGUCUUCAAUUACCAAGAA,UGGUCUUCAAUUACCAAGAA,UGGUCUUCAAUUACA,UGGUCUUCAAUUACCAAGAA,True,False,False
Supplemental Table 1,391,APP_3211_Asymmetric_2'-OMe/-F,P(mU)#(fU)#(mC)(fU)(fU)(fC)(mA)(fA)(mU)(fU)(mA)(fC)(mC)#(fA)#(mA)#(fG)#(mA)#(mA)#(mU)#(fU),(mG)#(mU)#(fC)(mU)(fU)(mC)(fA)(mA)(fU)(mU)(mA)(mC)(fC)#(mA)#(mA)-TegChol,GUCUUCAAUUACCAAGAAUU,UUCUUCAAUUACCAAGAAUU,GUCUUCAAUUACCAA,GUCUUCAAUUACCAAGAAUU,True,False,False
Supplemental Table 1,392,APP_3213_Asymmetric_2'-OMe/-F,P(mU)#(fU)#(mU)(fC)(fA)(fA)(mU)(fU)(mA)(fC)(mC)(fA)(mA)#(fG)#(mA)#(fA)#(mU)#(mU)#(mC)#(fU),(mC)#(mU)#(fU)(mC)(fA)(mA)(fU)(mU)(fA)(mC)(mC)(mA)(fA)#(mG)#(mA)-TegChol,CUUCAAUUACCAAGAAUUCU,UUUCAAUUACCAAGAAUUCU,CUUCAAUUACCAAGA,CUUCAAUUACCAAGAAUUCU,True,False,False
Supplemental Table 1,393,APP_3215_Asymmetric_2'-OMe/-F,P(mU)#(fC)#(mA)(fA)(fU)(fU)(mA)(fC)(mC)(fA)(mA)(fG)(mA)#(fA)#(mU)#(fU)#(mC)#(mU)#(mC)#(fC),(mU)#(mC)#(fA)(mA)(fU)(mU)(fA)(mC)(fC)(mA)(mA)(mG)(fA)#(mA)#(mA)-TegChol,UCAAUUACCAAGAAUUCUCC,UCAAUUACCAAGAAUUCUCC,UCAAUUACCAAGAAA,UCAAUUACCAAGAAUUCUCC,True,False,False
Supplemental Table 1,394,APP_3217_Asymmetric_2'-OMe/-F,P(mU)#(fA)#(mU)(fU)(fA)(fC)(mC)(fA)(mA)(fG)(mA)(fA)(mU)#(fU)#(mC)#(fU)#(mC)#(mC)#(mA)#(fA),(mA)#(mA)#(fU)(mU)(fA)(mC)(fC)(mA)(fA)(mG)(mA)(mA)(fU)#(mU)#(mA)-TegChol,AAUUACCAAGAAUUCUCCAA,UAUUACCAAGAAUUCUCCAA,AAUUACCAAGAAUUA,AAUUACCAAGAAUUCUCCAA,True,False,False
Supplemental Table 1,395,APP_3218_Asymmetric_2'-OMe/-F,P(mU)#(fU)#(mU)(fA)(fC)(fC)(mA)(fA)(mG)(fA)(mA)(fU)(mU)#(fC)#(mU)#(fC)#(mC)#(mA)#(mA)#(fA),(mA)#(mU)#(fU)(mA)(fC)(mC)(fA)(mA)(fG)(mA)(mA)(mU)(fU)#(mC)#(mA)-TegChol,AUUACCAAGAAUUCUCCAAA,UUUACCAAGAAUUCUCCAAA,AUUACCAAGAAUUCA,AUUACCAAGAAUUCUCCAAA,True,False,False
Supplemental Table 1,396,APP_3219_Asymmetric_2'-OMe/-F,P(mU)#(fU)#(mA)(fC)(fC)(fA)(mA)(fG)(mA)(fA)(mU)(fU)(mC)#(fU)#(mC)#(fC)#(mA)#(mA)#(mA)#(fA),(mU)#(mU)#(fA)(mC)(fC)(mA)(fA)(mG)(fA)(mA)(mU)(mU)(fC)#(mU)#(mA)-TegChol,UUACCAAGAAUUCUCCAAAA,UUACCAAGAAUUCUCCAAAA,UUACCAAGAAUUCUA,UUACCAAGAAUUCUCCAAAA,True,False,False
Supplemental Table 1,397,APP_3220_Asymmetric_2'-OMe/-F,P(mU)#(fA)#(mC)(fC)(fA)(fA)(mG)(fA)(mA)(fU)(mU)(fC)(mU)#(fC)#(mC)#(fA)#(mA)#(mA)#(mA)#(fC),(mU)#(mA)#(fC)(mC)(fA)(mA)(fG)(mA)(fA)(mU)(mU)(mC)(fU)#(mC)#(mA)-TegChol,UACCAAGAAUUCUCCAAAAC,UACCAAGAAUUCUCCAAAAC,UACCAAGAAUUCUCA,UACCAAGAAUUCUCCAAAAC,True,False,False
Supplemental Table 1,398,APP_3221_Asymmetric_2'-OMe/-F,P(mU)#(fC)#(mC)(fA)(fA)(fG)(mA)(fA)(mU)(fU)(mC)(fU)(mC)#(fC)#(mA)#(fA)#(mA)#(mA)#(mC)#(fA),(mA)#(mC)#(fC)(mA)(fA)(mG)(fA)(mA)(fU)(mU)(mC)(mU)(fC)#(mC)#(mA)-TegChol,ACCAAGAAUUCUCCAAAACA,UCCAAGAAUUCUCCAAAACA,ACCAAGAAUUCUCCA,ACCAAGAAUUCUCCAAAACA,True,False,False
Supplemental Table 1,399,APP_3222_Asymmetric_2'-OMe/-F,P(mU)#(fC)#(mA)(fA)(fG)(fA)(mA)(fU)(mU)(fC)(mU)(fC)(mC)#(fA)#(mA)#(fA)#(mA)#(mC)#(mA)#(fA),(mC)#(mC)#(fA)(mA)(fG)(mA)(fA)(mU)(fU)(mC)(mU)(mC)(fC)#(mA)#(mA)-TegChol,CCAAGAAUUCUCCAAAACAA,UCAAGAAUUCUCCAAAACAA,CCAAGAAUUCUCCAA,CCAAGAAUUCUCCAAAACAA,True,False,False
Supplemental Table 1,400,APP_3223_Asymmetric_2'-OMe/-F,P(mU)#(fA)#(mA)(fG)(fA)(fA)(mU)(fU)(mC)(fU)(mC)(fC)(mA)#(fA)#(mA)#(fA)#(mC)#(mA)#(mA)#(fU),(mC)#(mA)#(fA)(mG)(fA)(mA)(fU)(mU)(fC)(mU)(mC)(mC)(fA)#(mA)#(mA)-TegChol,CAAGAAUUCUCCAAAACAAU,UAAGAAUUCUCCAAAACAAU,CAAGAAUUCUCCAAA,CAAGAAUUCUCCAAAACAAU,True,False,False
Supplemental Table 1,401,APP_3224_Asymmetric_2'-OMe/-F,P(mU)#(fA)#(mG)(fA)(fA)(fU)(mU)(fC)(mU)(fC)(mC)(fA)(mA)#(fA)#(mA)#(fC)#(mA)#(mA)#(mU)#(fU),(mA)#(mA)#(fG)(mA)(fA)(mU)(fU)(mC)(fU)(mC)(mC)(mA)(fA)#(mA)#(mA)-TegChol,AAGAAUUCUCCAAAACAAUU,UAGAAUUCUCCAAAACAAUU,AAGAAUUCUCCAAAA,AAGAAUUCUCCAAAACAAUU,True,False,False
Supplemental Table 1,402,APP_3225_Asymmetric_2'-OMe/-F,P(mU)#(fG)#(mA)(fA)(fU)(fU)(mC)(fU)(mC)(fC)(mA)(fA)(mA)#(fA)#(mC)#(fA)#(mA)#(mU)#(mU)#(fU),(mA)#(mG)#(fA)(mA)(fU)(mU)(fC)(mU)(fC)(mC)(mA)(mA)(fA)#(mA)#(mA)-TegChol,AGAAUUCUCCAAAACAAUUU,UGAAUUCUCCAAAACAAUUU,AGAAUUCUCCAAAAA,AGAAUUCUCCAAAACAAUUU,True,False,False
Supplemental Table 1,403,APP_3226_Asymmetric_2'-OMe/-F,P(mU)#(fA)#(mA)(fU)(fU)(fC)(mU)(fC)(mC)(fA)(mA)(fA)(mA)#(fC)#(mA)#(fA)#(mU)#(mU)#(mU)#(fU),(mG)#(mA)#(fA)(mU)(fU)(mC)(fU)(mC)(fC)(mA)(mA)(mA)(fA)#(mC)#(mA)-TegChol,GAAUUCUCCAAAACAAUUUU,UAAUUCUCCAAAACAAUUUU,GAAUUCUCCAAAACA,GAAUUCUCCAAAACAAUUUU,True,False,False
Supplemental Table 1,404,APP_3228_Asymmetric_2'-OMe/-F,P(mU)#(fU)#(mU)(fC)(fU)(fC)(mC)(fA)(mA)(fA)(mA)(fC)(mA)#(fA)#(mU)#(fU)#(mU)#(mU)#(mC)#(fU),(mA)#(mU)#(fU)(mC)(fU)(mC)(fC)(mA)(fA)(mA)(mA)(mC)(fA)#(mA)#(mA)-TegChol,AUUCUCCAAAACAAUUUUCU,UUUCUCCAAAACAAUUUUCU,AUUCUCCAAAACAAA,AUUCUCCAAAACAAUUUUCU,True,False,False
Supplemental Table 1,405,APP_3230_Asymmetric_2'-OMe/-F,P(mU)#(fC)#(mU)(fC)(fC)(fA)(mA)(fA)(mA)(fC)(mA)(fA)(mU)#(fU)#(mU)#(fU)#(mC)#(mU)#(mG)#(fC),(mU)#(mC)#(fU)(mC)(fC)(mA)(fA)(mA)(fA)(mC)(mA)(mA)(fU)#(mU)#(mA)-TegChol,UCUCCAAAACAAUUUUCUGC,UCUCCAAAACAAUUUUCUGC,UCUCCAAAACAAUUA,UCUCCAAAACAAUUUUCUGC,True,False,False
Supplemental Table 1,406,APP_3232_Asymmetric_2'-OMe/-F,P(mU)#(fC)#(mC)(fA)(fA)(fA)(mA)(fC)(mA)(fA)(mU)(fU)(mU)#(fU)#(mC)#(fU)#(mG)#(mC)#(mA)#(fG),(mU)#(mC)#(fC)(mA)(fA)(mA)(fA)(mC)(fA)(mA)(mU)(mU)(fU)#(mU)#(mA)-TegChol,UCCAAAACAAUUUUCUGCAG,UCCAAAACAAUUUUCUGCAG,UCCAAAACAAUUUUA,UCCAAAACAAUUUUCUGCAG,True,False,False
Supplemental Table 1,407,APP_3234_Asymmetric_2'-OMe/-F,P(mU)#(fA)#(mA)(fA)(fA)(fC)(mA)(fA)(mU)(fU)(mU)(fU)(mC)#(fU)#(mG)#(fC)#(mA)#(mG)#(mG)#(fA),(mC)#(mA)#(fA)(mA)(fA)(mC)(fA)(mA)(fU)(mU)(mU)(mU)(fC)#(mU)#(mA)-TegChol,CAAAACAAUUUUCUGCAGGA,UAAAACAAUUUUCUGCAGGA,CAAAACAAUUUUCUA,CAAAACAAUUUUCUGCAGGA,True,False,False
Supplemental Table 1,408,APP_3236_Asymmetric_2'-OMe/-F,P(mU)#(fA)#(mA)(fC)(fA)(fA)(mU)(fU)(mU)(fU)(mC)(fU)(mG)#(fC)#(mA)#(fG)#(mG)#(mA)#(mU)#(fG),(mA)#(mA)#(fA)(mC)(fA)(mA)(fU)(mU)(fU)(mU)(mC)(mU)(fG)#(mC)#(mA)-TegChol,AAACAAUUUUCUGCAGGAUG,UAACAAUUUUCUGCAGGAUG,AAACAAUUUUCUGCA,AAACAAUUUUCUGCAGGAUG,True,False,False
Supplemental Table 1,409,APP_3238_Asymmetric_2'-OMe/-F,P(mU)#(fC)#(mA)(fA)(fU)(fU)(mU)(fU)(mC)(fU)(mG)(fC)(mA)#(fG)#(mG)#(fA)#(mU)#(mG)#(mA)#(fU),(mA)#(mC)#(fA)(mA)(fU)(mU)(fU)(mU)(fC)(mU)(mG)(mC)(fA)#(mG)#(mA)-TegChol,ACAAUUUUCUGCAGGAUGAU,UCAAUUUUCUGCAGGAUGAU,ACAAUUUUCUGCAGA,ACAAUUUUCUGCAGGAUGAU,True,False,False
Supplemental Table 1,410,APP_3265_Asymmetric_2'-OMe/-F,P(mU)#(fA)#(mU)(fC)(fA)(fU)(mU)(fG)(mC)(fU)(mU)(fA)(mU)#(fG)#(mA)#(fC)#(mA)#(mU)#(mG)#(fA),(mA)#(mA)#(fU)(mC)(fA)(mU)(fU)(mG)(fC)(mU)(mU)(mA)(fU)#(mG)#(mA)-TegChol,AAUCAUUGCUUAUGACAUGA,UAUCAUUGCUUAUGACAUGA,AAUCAUUGCUUAUGA,AAUCAUUGCUUAUGACAUGA,True,False,False
Supplemental Table 1,411,APP_3267_Asymmetric_2'-OMe/-F,P(mU)#(fC)#(mA)(fU)(fU)(fG)(mC)(fU)(mU)(fA)(mU)(fG)(mA)#(fC)#(mA)#(fU)#(mG)#(mA)#(mU)#(fC),(mU)#(mC)#(fA)(mU)(fU)(mG)(fC)(mU)(fU)(mA)(mU)(mG)(fA)#(mC)#(mA)-TegChol,UCAUUGCUUAUGACAUGAUC,UCAUUGCUUAUGACAUGAUC,UCAUUGCUUAUGACA,UCAUUGCUUAUGACAUGAUC,True,False,False
Supplemental Table 1,412,APP_3269_Asymmetric_2'-OMe/-F,P(mU)#(fU)#(mU)(fG)(fC)(fU)(mU)(fA)(mU)(fG)(mA)(fC)(mA)#(fU)#(mG)#(fA)#(mU)#(mC)#(mG)#(fC),(mA)#(mU)#(fU)(mG)(fC)(mU)(fU)(mA)(fU)(mG)(mA)(mC)(fA)#(mU)#(mA)-TegChol,AUUGCUUAUGACAUGAUCGC,UUUGCUUAUGACAUGAUCGC,AUUGCUUAUGACAUA,AUUGCUUAUGACAUGAUCGC,True,False,False
Supplemental Table 1,413,APP_3271_Asymmetric_2'-OMe/-F,P(mU)#(fG)#(mC)(fU)(fU)(fA)(mU)(fG)(mA)(fC)(mA)(fU)(mG)#(fA)#(mU)#(fC)#(mG)#(mC)#(mU)#(fU),(mU)#(mG)#(fC)(mU)(fU)(mA)(fU)(mG)(fA)(mC)(mA)(mU)(fG)#(mA)#(mA)-TegChol,UGCUUAUGACAUGAUCGCUU,UGCUUAUGACAUGAUCGCUU,UGCUUAUGACAUGAA,UGCUUAUGACAUGAUCGCUU,True,False,False
Supplemental Table 1,414,APP_3273_Asymmetric_2'-OMe/-F,P(mU)#(fU)#(mU)(fA)(fU)(fG)(mA)(fC)(mA)(fU)(mG)(fA)(mU)#(fC)#(mG)#(fC)#(mU)#(mU)#(mU)#(fC),(mC)#(mU)#(fU)(mA)(fU)(mG)(fA)(mC)(fA)(mU)(mG)(mA)(fU)#(mC)#(mA)-TegChol,CUUAUGACAUGAUCGCUUUC,UUUAUGACAUGAUCGCUUUC,CUUAUGACAUGAUCA,CUUAUGACAUGAUCGCUUUC,True,False,False
Supplemental Table 1,415,APP_3275_Asymmetric_2'-OMe/-F,P(mU)#(fA)#(mU)(fG)(fA)(fC)(mA)(fU)(mG)(fA)(mU)(fC)(mG)#(fC)#(mU)#(fU)#(mU)#(mC)#(mU)#(fA),(mU)#(mA)#(fU)(mG)(fA)(mC)(fA)(mU)(fG)(mA)(mU)(mC)(fG)#(mC)#(mA)-TegChol,UAUGACAUGAUCGCUUUCUA,UAUGACAUGAUCGCUUUCUA,UAUGACAUGAUCGCA,UAUGACAUGAUCGCUUUCUA,True,False,False
Supplemental Table 1,416,APP_3276_Asymmetric_2'-OMe/-F,P(mU)#(fU)#(mG)(fA)(fC)(fA)(mU)(fG)(mA)(fU)(mC)(fG)(mC)#(fU)#(mU)#(fU)#(mC)#(mU)#(mA)#(fC),(mA)#(mU)#(fG)(mA)(fC)(mA)(fU)(mG)(fA)(mU)(mC)(mG)(fC)#(mU)#(mA)-TegChol,AUGACAUGAUCGCUUUCUAC,UUGACAUGAUCGCUUUCUAC,AUGACAUGAUCGCUA,AUGACAUGAUCGCUUUCUAC,True,False,False
Supplemental Table 1,417,APP_3277_Asymmetric_2'-OMe/-F,P(mU)#(fG)#(mA)(fC)(fA)(fU)(mG)(fA)(mU)(fC)(mG)(fC)(mU)#(fU)#(mU)#(fC)#(mU)#(mA)#(mC)#(fA),(mU)#(mG)#(fA)(mC)(fA)(mU)(fG)(mA)(fU)(mC)(mG)(mC)(fU)#(mU)#(mA)-TegChol,UGACAUGAUCGCUUUCUACA,UGACAUGAUCGCUUUCUACA,UGACAUGAUCGCUUA,UGACAUGAUCGCUUUCUACA,True,False,False
Supplemental Table 1,418,APP_3278_Asymmetric_2'-OMe/-F,P(mU)#(fA)#(mC)(fA)(fU)(fG)(mA)(fU)(mC)(fG)(mC)(fU)(mU)#(fU)#(mC)#(fU)#(mA)#(mC)#(mA)#(fC),(mG)#(mA)#(fC)(mA)(fU)(mG)(fA)(mU)(fC)(mG)(mC)(mU)(fU)#(mU)#(mA)-TegChol,GACAUGAUCGCUUUCUACAC,UACAUGAUCGCUUUCUACAC,GACAUGAUCGCUUUA,GACAUGAUCGCUUUCUACAC,True,False,False
Supplemental Table 1,419,APP_3279_Asymmetric_2'-OMe/-F,P(mU)#(fC)#(mA)(fU)(fG)(fA)(mU)(fC)(mG)(fC)(mU)(fU)(mU)#(fC)#(mU)#(fA)#(mC)#(mA)#(mC)#(fU),(mA)#(mC)#(fA)(mU)(fG)(mA)(fU)(mC)(fG)(mC)(mU)(mU)(fU)#(mC)#(mA)-TegChol,ACAUGAUCGCUUUCUACACU,UCAUGAUCGCUUUCUACACU,ACAUGAUCGCUUUCA,ACAUGAUCGCUUUCUACACU,True,False,False
Supplemental Table 1,420,APP_3280_Asymmetric_2'-OMe/-F,P(mU)#(fA)#(mU)(fG)(fA)(fU)(mC)(fG)(mC)(fU)(mU)(fU)(mC)#(fU)#(mA)#(fC)#(mA)#(mC)#(mU)#(fG),(mC)#(mA)#(fU)(mG)(fA)(mU)(fC)(mG)(fC)(mU)(mU)(mU)(fC)#(mU)#(mA)-TegChol,CAUGAUCGCUUUCUACACUG,UAUGAUCGCUUUCUACACUG,CAUGAUCGCUUUCUA,CAUGAUCGCUUUCUACACUG,True,False,False
Supplemental Table 1,421,APP_3281_Asymmetric_2'-OMe/-F,P(mU)#(fU)#(mG)(fA)(fU)(fC)(mG)(fC)(mU)(fU)(mU)(fC)(mU)#(fA)#(mC)#(fA)#(mC)#(mU)#(mG)#(fU),(mA)#(mU)#(fG)(mA)(fU)(mC)(fG)(mC)(fU)(mU)(mU)(mC)(fU)#(mA)#(mA)-TegChol,AUGAUCGCUUUCUACACUGU,UUGAUCGCUUUCUACACUGU,AUGAUCGCUUUCUAA,AUGAUCGCUUUCUACACUGU,True,False,False
Supplemental Table 1,422,APP_3282_Asymmetric_2'-OMe/-F,P(mU)#(fG)#(mA)(fU)(fC)(fG)(mC)(fU)(mU)(fU)(mC)(fU)(mA)#(fC)#(mA)#(fC)#(mU)#(mG)#(mU)#(fA),(mU)#(mG)#(fA)(mU)(fC)(mG)(fC)(mU)(fU)(mU)(mC)(mU)(fA)#(mC)#(mA)-TegChol,UGAUCGCUUUCUACACUGUA,UGAUCGCUUUCUACACUGUA,UGAUCGCUUUCUACA,UGAUCGCUUUCUACACUGUA,True,False,False
Supplemental Table 1,423,APP_3283_Asymmetric_2'-OMe/-F,P(mU)#(fA)#(mU)(fC)(fG)(fC)(mU)(fU)(mU)(fC)(mU)(fA)(mC)#(fA)#(mC)#(fU)#(mG)#(mU)#(mA)#(fU),(mG)#(mA)#(fU)(mC)(fG)(mC)(fU)(mU)(fU)(mC)(mU)(mA)(fC)#(mA)#(mA)-TegChol,GAUCGCUUUCUACACUGUAU,UAUCGCUUUCUACACUGUAU,GAUCGCUUUCUACAA,GAUCGCUUUCUACACUGUAU,True,False,False
Supplemental Table 1,424,APP_3274_Asymmetric_2'-OMe/-F,P(mU)#(fU)#(mA)(fU)(fG)(fA)(mC)(fA)(mU)(fG)(mA)(fU)(mC)#(fG)#(mC)#(fU)#(mU)#(mU)#(mC)#(fU),(mU)#(mU)#(fA)(mU)(fG)(mA)(fC)(mA)(fU)(mG)(mA)(mU)(fC)#(mG)#(mA)-TegChol,UUAUGACAUGAUCGCUUUCU,UUAUGACAUGAUCGCUUUCU,UUAUGACAUGAUCGA,UUAUGACAUGAUCGCUUUCU,True,False,False
Supplemental Table 1,425,APP_3285_Asymmetric_2'-OMe/-F,P(mU)#(fC)#(mG)(fC)(fU)(fU)(mU)(fC)(mU)(fA)(mC)(fA)(mC)#(fU)#(mG)#(fU)#(mA)#(mU)#(mU)#(fA),(mU)#(mC)#(fG)(mC)(fU)(mU)(fU)(mC)(fU)(mA)(mC)(mA)(fC)#(mU)#(mA)-TegChol,UCGCUUUCUACACUGUAUUA,UCGCUUUCUACACUGUAUUA,UCGCUUUCUACACUA,UCGCUUUCUACACUGUAUUA,True,False,False
Supplemental Table 1,426,APP_3286_Asymmetric_2'-OMe/-F,P(mU)#(fG)#(mC)(fU)(fU)(fU)(mC)(fU)(mA)(fC)(mA)(fC)(mU)#(fG)#(mU)#(fA)#(mU)#(mU)#(mA)#(fC),(mC)#(mG)#(fC)(mU)(fU)(mU)(fC)(mU)(fA)(mC)(mA)(mC)(fU)#(mG)#(mA)-TegChol,CGCUUUCUACACUGUAUUAC,UGCUUUCUACACUGUAUUAC,CGCUUUCUACACUGA,CGCUUUCUACACUGUAUUAC,True,False,False
Supplemental Table 1,427,APP_3287_Asymmetric_2'-OMe/-F,P(mU)#(fC)#(mU)(fU)(fU)(fC)(mU)(fA)(mC)(fA)(mC)(fU)(mG)#(fU)#(mA)#(fU)#(mU)#(mA)#(mC)#(fA),(mG)#(mC)#(fU)(mU)(fU)(mC)(fU)(mA)(fC)(mA)(mC)(mU)(fG)#(mU)#(mA)-TegChol,GCUUUCUACACUGUAUUACA,UCUUUCUACACUGUAUUACA,GCUUUCUACACUGUA,GCUUUCUACACUGUAUUACA,True,False,False
Supplemental Table 1,428,APP_3288_Asymmetric_2'-OMe/-F,P(mU)#(fU)#(mU)(fU)(fC)(fU)(mA)(fC)(mA)(fC)(mU)(fG)(mU)#(fA)#(mU)#(fU)#(mA)#(mC)#(mA)#(fU),(mC)#(mU)#(fU)(mU)(fC)(mU)(fA)(mC)(fA)(mC)(mU)(mG)(fU)#(mA)#(mA)-TegChol,CUUUCUACACUGUAUUACAU,UUUUCUACACUGUAUUACAU,CUUUCUACACUGUAA,CUUUCUACACUGUAUUACAU,True,False,False
Supplemental Table 1,429,APP_3289_Asymmetric_2'-OMe/-F,P(mU)#(fU)#(mU)(fC)(fU)(fA)(mC)(fA)(mC)(fU)(mG)(fU)(mA)#(fU)#(mU)#(fA)#(mC)#(mA)#(mU)#(fA),(mU)#(mU)#(fU)(mC)(fU)(mA)(fC)(mA)(fC)(mU)(mG)(mU)(fA)#(mU)#(mA)-TegChol,UUUCUACACUGUAUUACAUA,UUUCUACACUGUAUUACAUA,UUUCUACACUGUAUA,UUUCUACACUGUAUUACAUA,True,False,False
Supplemental Table 1,430,APP_3290_Asymmetric_2'-OMe/-F,P(mU)#(fU)#(mC)(fU)(fA)(fC)(mA)(fC)(mU)(fG)(mU)(fA)(mU)#(fU)#(mA)#(fC)#(mA)#(mU)#(mA)#(fA),(mU)#(mU)#(fC)(mU)(fA)(mC)(fA)(mC)(fU)(mG)(mU)(mA)(fU)#(mU)#(mA)-TegChol,UUCUACACUGUAUUACAUAA,UUCUACACUGUAUUACAUAA,UUCUACACUGUAUUA,UUCUACACUGUAUUACAUAA,True,False,False
Supplemental Table 1,431,APP_3291_Asymmetric_2'-OMe/-F,P(mU)#(fC)#(mU)(fA)(fC)(fA)(mC)(fU)(mG)(fU)(mA)(fU)(mU)#(fA)#(mC)#(fA)#(mU)#(mA)#(mA)#(fA),(mU)#(mC)#(fU)(mA)(fC)(mA)(fC)(mU)(fG)(mU)(mA)(mU)(fU)#(mA)#(mA)-TegChol,UCUACACUGUAUUACAUAAA,UCUACACUGUAUUACAUAAA,UCUACACUGUAUUAA,UCUACACUGUAUUACAUAAA,True,False,False
Supplemental Table 1,432,APP_3292_Asymmetric_2'-OMe/-F,P(mU)#(fU)#(mA)(fC)(fA)(fC)(mU)(fG)(mU)(fA)(mU)(fU)(mA)#(fC)#(mA)#(fU)#(mA)#(mA)#(mA)#(fU),(mC)#(mU)#(fA)(mC)(fA)(mC)(fU)(mG)(fU)(mA)(mU)(mU)(fA)#(mC)#(mA)-TegChol,CUACACUGUAUUACAUAAAU,UUACACUGUAUUACAUAAAU,CUACACUGUAUUACA,CUACACUGUAUUACAUAAAU,True,False,False
Supplemental Table 1,433,APP_3294_Asymmetric_2'-OMe/-F,P(mU)#(fC)#(mA)(fC)(fU)(fG)(mU)(fA)(mU)(fU)(mA)(fC)(mA)#(fU)#(mA)#(fA)#(mA)#(mU)#(mA)#(fA),(mA)#(mC)#(fA)(mC)(fU)(mG)(fU)(mA)(fU)(mU)(mA)(mC)(fA)#(mU)#(mA)-TegChol,ACACUGUAUUACAUAAAUAA,UCACUGUAUUACAUAAAUAA,ACACUGUAUUACAUA,ACACUGUAUUACAUAAAUAA,True,False,False
Supplemental Table 1,434,APP_3299_Asymmetric_2'-OMe/-F,P(mU)#(fU)#(mA)(fU)(fU)(fA)(mC)(fA)(mU)(fA)(mA)(fA)(mU)#(fA)#(mA)#(fA)#(mU)#(mU)#(mA)#(fA),(mG)#(mU)#(fA)(mU)(fU)(mA)(fC)(mA)(fU)(mA)(mA)(mA)(fU)#(mA)#(mA)-TegChol,GUAUUACAUAAAUAAAUUAA,UUAUUACAUAAAUAAAUUAA,GUAUUACAUAAAUAA,GUAUUACAUAAAUAAAUUAA,True,False,False
Supplemental Table 1,435,APP_3352_Asymmetric_2'-OMe/-F,P(mU)#(fG)#(mA)(fU)(fG)(fA)(mC)(fU)(mA)(fC)(mA)(fG)(mA)#(fC)#(mA)#(fU)#(mU)#(mA)#(mA)#(fA),(mG)#(mG)#(fA)(mU)(fG)(mA)(fC)(mU)(fA)(mC)(mA)(mG)(fA)#(mC)#(mA)-TegChol,GGAUGACUACAGACAUUAAA,UGAUGACUACAGACAUUAAA,GGAUGACUACAGACA,GGAUGACUACAGACAUUAAA,True,False,False
Supplemental Table 1,436,APP_3422_Asymmetric_2'-OMe/-F,P(mU)#(fC)#(mC)(fA)(fG)(fU)(mC)(fU)(mG)(fA)(mA)(fG)(mU)#(fU)#(mU)#(fC)#(mA)#(mU)#(mU)#(fU),(mA)#(mC)#(fC)(mA)(fG)(mU)(fC)(mU)(fG)(mA)(mA)(mG)(fU)#(mU)#(mA)-TegChol,ACCAGUCUGAAGUUUCAUUU,UCCAGUCUGAAGUUUCAUUU,ACCAGUCUGAAGUUA,ACCAGUCUGAAGUUUCAUUU,True,False,False
Supplemental Table 1,437,APP_3501_Asymmetric_2'-OMe/-F,P(mU)#(fG)#(mG)(fA)(fC)(fA)(mA)(fA)(mC)(fC)(mC)(fU)(mU)#(fC)#(mU)#(fU)#(mU)#(mU)#(mA)#(fA),(mU)#(mG)#(fG)(mA)(fC)(mA)(fA)(mA)(fC)(mC)(mC)(mU)(fU)#(mC)#(mA)-TegChol,UGGACAAACCCUUCUUUUAA,UGGACAAACCCUUCUUUUAA,UGGACAAACCCUUCA,UGGACAAACCCUUCUUUUAA,True,False,False
Supplemental Table 1,438,APP_3549_Asymmetric_2'-OMe/-F,P(mU)#(fU)#(mU)(fU)(fU)(fC)(mA)(fU)(mG)(fU)(mA)(fA)(mA)#(fU)#(mA)#(fA)#(mA)#(mU)#(mA)#(fC),(mG)#(mU)#(fU)(mU)(fU)(mC)(fA)(mU)(fG)(mU)(mA)(mA)(fA)#(mU)#(mA)-TegChol,GUUUUCAUGUAAAUAAAUAC,UUUUUCAUGUAAAUAAAUAC,GUUUUCAUGUAAAUA,GUUUUCAUGUAAAUAAAUAC,True,False,False
Supplemental Table 1,439,APP_3555_Asymmetric_2'-OMe/-F,P(mU)#(fU)#(mG)(fU)(fA)(fA)(mA)(fU)(mA)(fA)(mA)(fU)(mA)#(fC)#(mA)#(fU)#(mU)#(mC)#(mU)#(fU),(mA)#(mU)#(fG)(mU)(fA)(mA)(fA)(mU)(fA)(mA)(mA)(mU)(fA)#(mC)#(mA)-TegChol,AUGUAAAUAAAUACAUUCUU,UUGUAAAUAAAUACAUUCUU,AUGUAAAUAAAUACA,AUGUAAAUAAAUACAUUCUU,True,False,False
Supplemental Table 1,440,APP_3556_Asymmetric_2'-OMe/-F,P(mU)#(fG)#(mU)(fA)(fA)(fA)(mU)(fA)(mA)(fA)(mU)(fA)(mC)#(fA)#(mU)#(fU)#(mC)#(mU)#(mU)#(fG),(mU)#(mG)#(fU)(mA)(fA)(mA)(fU)(mA)(fA)(mA)(mU)(mA)(fC)#(mA)#(mA)-TegChol,UGUAAAUAAAUACAUUCUUG,UGUAAAUAAAUACAUUCUUG,UGUAAAUAAAUACAA,UGUAAAUAAAUACAUUCUUG,True,False,False
Supplemental Table 1,441,BACE1_740_Asymmetric_2'-OMe/-F,P(mU)#(fA)#(mC)(fA)(fG)(fG)(mC)(fA)(mG)(fC)(mA)(fG)(mU)#(fA)#(mA)#(fC)#(mU)#(mU)#(mU)#(fG),(mU)#(mA)#(fC)(mA)(fG)(mG)(fC)(mA)(fG)(mC)(mA)(mG)(fU)#(mA)#(mA)-TegChol,UACAGGCAGCAGUAACUUUG,UACAGGCAGCAGUAACUUUG,UACAGGCAGCAGUAA,UACAGGCAGCAGUAACUUUG,True,False,False
Supplemental Table 1,442,BACE1_1008_Asymmetric_2'-OMe/-F,P(mU)#(fG)#(mC)(fC)(fA)(fA)(mC)(fA)(mU)(fU)(mG)(fC)(mU)#(fG)#(mC)#(fC)#(mA)#(mU)#(mC)#(fA),(mU)#(mG)#(fC)(mC)(fA)(mA)(fC)(mA)(fU)(mU)(mG)(mC)(fU)#(mG)#(mA)-TegChol,UGCCAACAUUGCUGCCAUCA,UGCCAACAUUGCUGCCAUCA,UGCCAACAUUGCUGA,UGCCAACAUUGCUGCCAUCA,True,False,False
Supplemental Table 1,443,BACE1_1010_Asymmetric_2'-OMe/-F,P(mU)#(fC)#(mA)(fA)(fC)(fA)(mU)(fU)(mG)(fC)(mU)(fG)(mC)#(fC)#(mA)#(fU)#(mC)#(mA)#(mC)#(fU),(mC)#(mC)#(fA)(mA)(fC)(mA)(fU)(mU)(fG)(mC)(mU)(mG)(fC)#(mC)#(mA)-TegChol,CCAACAUUGCUGCCAUCACU,UCAACAUUGCUGCCAUCACU,CCAACAUUGCUGCCA,CCAACAUUGCUGCCAUCACU,True,False,False
Supplemental Table 1,444,BACE1_1013_Asymmetric_2'-OMe/-F,P(mU)#(fC)#(mA)(fU)(fU)(fG)(mC)(fU)(mG)(fC)(mC)(fA)(mU)#(fC)#(mA)#(fC)#(mU)#(mG)#(mA)#(fA),(mA)#(mC)#(fA)(mU)(fU)(mG)(fC)(mU)(fG)(mC)(mC)(mA)(fU)#(mC)#(mA)-TegChol,ACAUUGCUGCCAUCACUGAA,UCAUUGCUGCCAUCACUGAA,ACAUUGCUGCCAUCA,ACAUUGCUGCCAUCACUGAA,True,False,False
Supplemental Table 1,445,BACE1_1014_Asymmetric_2'-OMe/-F,P(mU)#(fA)#(mU)(fU)(fG)(fC)(mU)(fG)(mC)(fC)(mA)(fU)(mC)#(fA)#(mC)#(fU)#(mG)#(mA)#(mA)#(fU),(mC)#(mA)#(fU)(mU)(fG)(mC)(fU)(mG)(fC)(mC)(mA)(mU)(fC)#(mA)#(mA)-TegChol,CAUUGCUGCCAUCACUGAAU,UAUUGCUGCCAUCACUGAAU,CAUUGCUGCCAUCAA,CAUUGCUGCCAUCACUGAAU,True,False,False
Supplemental Table 1,446,BACE1_1016_Asymmetric_2'-OMe/-F,P(mU)#(fU)#(mG)(fC)(fU)(fG)(mC)(fC)(mA)(fU)(mC)(fA)(mC)#(fU)#(mG)#(fA)#(mA)#(mU)#(mC)#(fA),(mU)#(mU)#(fG)(mC)(fU)(mG)(fC)(mC)(fA)(mU)(mC)(mA)(fC)#(mU)#(mA)-TegChol,UUGCUGCCAUCACUGAAUCA,UUGCUGCCAUCACUGAAUCA,UUGCUGCCAUCACUA,UUGCUGCCAUCACUGAAUCA,True,False,False
Supplemental Table 1,447,BACE1_1018_Asymmetric_2'-OMe/-F,P(mU)#(fC)#(mU)(fG)(fC)(fC)(mA)(fU)(mC)(fA)(mC)(fU)(mG)#(fA)#(mA)#(fU)#(mC)#(mA)#(mG)#(fA),(mG)#(mC)#(fU)(mG)(fC)(mC)(fA)(mU)(fC)(mA)(mC)(mU)(fG)#(mA)#(mA)-TegChol,GCUGCCAUCACUGAAUCAGA,UCUGCCAUCACUGAAUCAGA,GCUGCCAUCACUGAA,GCUGCCAUCACUGAAUCAGA,True,False,False
Supplemental Table 1,448,BACE1_1020_Asymmetric_2'-OMe/-F,P(mU)#(fG)#(mC)(fC)(fA)(fU)(mC)(fA)(mC)(fU)(mG)(fA)(mA)#(fU)#(mC)#(fA)#(mG)#(mA)#(mC)#(fA),(mU)#(mG)#(fC)(mC)(fA)(mU)(fC)(mA)(fC)(mU)(mG)(mA)(fA)#(mU)#(mA)-TegChol,UGCCAUCACUGAAUCAGACA,UGCCAUCACUGAAUCAGACA,UGCCAUCACUGAAUA,UGCCAUCACUGAAUCAGACA,True,False,False
Supplemental Table 1,449,BACE1_1022_Asymmetric_2'-OMe/-F,P(mU)#(fC)#(mA)(fU)(fC)(fA)(mC)(fU)(mG)(fA)(mA)(fU)(mC)#(fA)#(mG)#(fA)#(mC)#(mA)#(mA)#(fG),(mC)#(mC)#(fA)(mU)(fC)(mA)(fC)(mU)(fG)(mA)(mA)(mU)(fC)#(mA)#(mA)-TegChol,CCAUCACUGAAUCAGACAAG,UCAUCACUGAAUCAGACAAG,CCAUCACUGAAUCAA,CCAUCACUGAAUCAGACAAG,True,False,False
Supplemental Table 1,450,BACE1_1024_Asymmetric_2'-OMe/-F,P(mU)#(fU)#(mC)(fA)(fC)(fU)(mG)(fA)(mA)(fU)(mC)(fA)(mG)#(fA)#(mC)#(fA)#(mA)#(mG)#(mU)#(fU),(mA)#(mU)#(fC)(mA)(fC)(mU)(fG)(mA)(fA)(mU)(mC)(mA)(fG)#(mA)#(mA)-TegChol,AUCACUGAAUCAGACAAGUU,UUCACUGAAUCAGACAAGUU,AUCACUGAAUCAGAA,AUCACUGAAUCAGACAAGUU,True,False,False
Supplemental Table 1,451,BACE1_1028_Asymmetric_2'-OMe/-F,P(mU)#(fU)#(mG)(fA)(fA)(fU)(mC)(fA)(mG)(fA)(mC)(fA)(mA)#(fG)#(mU)#(fU)#(mC)#(mU)#(mU)#(fC),(mC)#(mU)#(fG)(mA)(fA)(mU)(fC)(mA)(fG)(mA)(mC)(mA)(fA)#(mG)#(mA)-TegChol,CUGAAUCAGACAAGUUCUUC,UUGAAUCAGACAAGUUCUUC,CUGAAUCAGACAAGA,CUGAAUCAGACAAGUUCUUC,True,False,False
Supplemental Table 1,452,BACE1_1118_Asymmetric_2'-OMe/-F,P(mU)#(fG)#(mG)(fA)(fG)(fC)(mC)(fU)(mU)(fU)(mC)(fU)(mU)#(fU)#(mG)#(fA)#(mC)#(mU)#(mC)#(fU),(mU)#(mG)#(fG)(mA)(fG)(mC)(fC)(mU)(fU)(mU)(mC)(mU)(fU)#(mU)#(mA)-TegChol,UGGAGCCUUUCUUUGACUCU,UGGAGCCUUUCUUUGACUCU,UGGAGCCUUUCUUUA,UGGAGCCUUUCUUUGACUCU,True,False,False
Supplemental Table 1,453,BACE1_1229_Asymmetric_2'-OMe/-F,P(mU)#(fC)#(mG)(fG)(fA)(fG)(mG)(fG)(mA)(fG)(mC)(fA)(mU)#(fG)#(mA)#(fU)#(mC)#(mA)#(mU)#(fU),(mU)#(mC)#(fG)(mG)(fA)(mG)(fG)(mG)(fA)(mG)(mC)(mA)(fU)#(mG)#(mA)-TegChol,UCGGAGGGAGCAUGAUCAUU,UCGGAGGGAGCAUGAUCAUU,UCGGAGGGAGCAUGA,UCGGAGGGAGCAUGAUCAUU,True,False,False
Supplemental Table 1,454,BACE1_1304_Asymmetric_2'-OMe/-F,P(mU)#(fG)#(mG)(fA)(fG)(fU)(mG)(fG)(mU)(fA)(mU)(fU)(mA)#(fU)#(mG)#(fA)#(mG)#(mG)#(mU)#(fG),(mG)#(mG)#(fG)(mA)(fG)(mU)(fG)(mG)(fU)(mA)(mU)(mU)(fA)#(mU)#(mA)-TegChol,GGGAGUGGUAUUAUGAGGUG,UGGAGUGGUAUUAUGAGGUG,GGGAGUGGUAUUAUA,GGGAGUGGUAUUAUGAGGUG,True,False,False
Supplemental Table 1,455,BACE1_1361_Asymmetric_2'-OMe/-F,P(mU)#(fA)#(mA)(fU)(fG)(fG)(mA)(fC)(mU)(fG)(mC)(fA)(mA)#(fG)#(mG)#(fA)#(mG)#(mU)#(mA)#(fC),(mA)#(mA)#(fA)(mU)(fG)(mG)(fA)(mC)(fU)(mG)(mC)(mA)(fA)#(mG)#(mA)-TegChol,AAAUGGACUGCAAGGAGUAC,UAAUGGACUGCAAGGAGUAC,AAAUGGACUGCAAGA,AAAUGGACUGCAAGGAGUAC,True,False,False
Supplemental Table 1,456,BACE1_1416_Asymmetric_2'-OMe/-F,P(mU)#(fA)#(mA)(fC)(fC)(fU)(mU)(fC)(mG)(fU)(mU)(fU)(mG)#(fC)#(mC)#(fC)#(mA)#(mA)#(mG)#(fA),(mC)#(mA)#(fA)(mC)(fC)(mU)(fU)(mC)(fG)(mU)(mU)(mU)(fG)#(mC)#(mA)-TegChol,CAACCUUCGUUUGCCCAAGA,UAACCUUCGUUUGCCCAAGA,CAACCUUCGUUUGCA,CAACCUUCGUUUGCCCAAGA,True,False,False
Supplemental Table 1,457,BACE1_1418_Asymmetric_2'-OMe/-F,P(mU)#(fC)#(mC)(fU)(fU)(fC)(mG)(fU)(mU)(fU)(mG)(fC)(mC)#(fC)#(mA)#(fA)#(mG)#(mA)#(mA)#(fA),(mA)#(mC)#(fC)(mU)(fU)(mC)(fG)(mU)(fU)(mU)(mG)(mC)(fC)#(mC)#(mA)-TegChol,ACCUUCGUUUGCCCAAGAAA,UCCUUCGUUUGCCCAAGAAA,ACCUUCGUUUGCCCA,ACCUUCGUUUGCCCAAGAAA,True,False,False
Supplemental Table 1,458,BACE1_1420_Asymmetric_2'-OMe/-F,P(mU)#(fU)#(mU)(fC)(fG)(fU)(mU)(fU)(mG)(fC)(mC)(fC)(mA)#(fA)#(mG)#(fA)#(mA)#(mA)#(mG)#(fU),(mC)#(mU)#(fU)(mC)(fG)(mU)(fU)(mU)(fG)(mC)(mC)(mC)(fA)#(mA)#(mA)-TegChol,CUUCGUUUGCCCAAGAAAGU,UUUCGUUUGCCCAAGAAAGU,CUUCGUUUGCCCAAA,CUUCGUUUGCCCAAGAAAGU,True,False,False
Supplemental Table 1,459,BACE1_1422_Asymmetric_2'-OMe/-F,P(mU)#(fC)#(mG)(fU)(fU)(fU)(mG)(fC)(mC)(fC)(mA)(fA)(mG)#(fA)#(mA)#(fA)#(mG)#(mU)#(mG)#(fU),(mU)#(mC)#(fG)(mU)(fU)(mU)(fG)(mC)(fC)(mC)(mA)(mA)(fG)#(mA)#(mA)-TegChol,UCGUUUGCCCAAGAAAGUGU,UCGUUUGCCCAAGAAAGUGU,UCGUUUGCCCAAGAA,UCGUUUGCCCAAGAAAGUGU,True,False,False
Supplemental Table 1,460,BACE1_1424_Asymmetric_2'-OMe/-F,P(mU)#(fU)#(mU)(fU)(fG)(fC)(mC)(fC)(mA)(fA)(mG)(fA)(mA)#(fA)#(mG)#(fU)#(mG)#(mU)#(mU)#(fU),(mG)#(mU)#(fU)(mU)(fG)(mC)(fC)(mC)(fA)(mA)(mG)(mA)(fA)#(mA)#(mA)-TegChol,GUUUGCCCAAGAAAGUGUUU,UUUUGCCCAAGAAAGUGUUU,GUUUGCCCAAGAAAA,GUUUGCCCAAGAAAGUGUUU,True,False,False
Supplemental Table 1,461,BACE1_1426_Asymmetric_2'-OMe/-F,P(mU)#(fU)#(mG)(fC)(fC)(fC)(mA)(fA)(mG)(fA)(mA)(fA)(mG)#(fU)#(mG)#(fU)#(mU)#(mU)#(mG)#(fA),(mU)#(mU)#(fG)(mC)(fC)(mC)(fA)(mA)(fG)(mA)(mA)(mA)(fG)#(mU)#(mA)-TegChol,UUGCCCAAGAAAGUGUUUGA,UUGCCCAAGAAAGUGUUUGA,UUGCCCAAGAAAGUA,UUGCCCAAGAAAGUGUUUGA,True,False,False
Supplemental Table 1,462,BACE1_1428_Asymmetric_2'-OMe/-F,P(mU)#(fC)#(mC)(fC)(fA)(fA)(mG)(fA)(mA)(fA)(mG)(fU)(mG)#(fU)#(mU)#(fU)#(mG)#(mA)#(mA)#(fG),(mG)#(mC)#(fC)(mC)(fA)(mA)(fG)(mA)(fA)(mA)(mG)(mU)(fG)#(mU)#(mA)-TegChol,GCCCAAGAAAGUGUUUGAAG,UCCCAAGAAAGUGUUUGAAG,GCCCAAGAAAGUGUA,GCCCAAGAAAGUGUUUGAAG,True,False,False
Supplemental Table 1,463,BACE1_1430_Asymmetric_2'-OMe/-F,P(mU)#(fC)#(mA)(fA)(fG)(fA)(mA)(fA)(mG)(fU)(mG)(fU)(mU)#(fU)#(mG)#(fA)#(mA)#(mG)#(mC)#(fU),(mC)#(mC)#(fA)(mA)(fG)(mA)(fA)(mA)(fG)(mU)(mG)(mU)(fU)#(mU)#(mA)-TegChol,CCAAGAAAGUGUUUGAAGCU,UCAAGAAAGUGUUUGAAGCU,CCAAGAAAGUGUUUA,CCAAGAAAGUGUUUGAAGCU,True,False,False
Supplemental Table 1,464,BACE1_1432_Asymmetric_2'-OMe/-F,P(mU)#(fA)#(mG)(fA)(fA)(fA)(mG)(fU)(mG)(fU)(mU)(fU)(mG)#(fA)#(mA)#(fG)#(mC)#(mU)#(mG)#(fC),(mA)#(mA)#(fG)(mA)(fA)(mA)(fG)(mU)(fG)(mU)(mU)(mU)(fG)#(mA)#(mA)-TegChol,AAGAAAGUGUUUGAAGCUGC,UAGAAAGUGUUUGAAGCUGC,AAGAAAGUGUUUGAA,AAGAAAGUGUUUGAAGCUGC,True,False,False
Supplemental Table 1,465,BACE1_1434_Asymmetric_2'-OMe/-F,P(mU)#(fA)#(mA)(fA)(fG)(fU)(mG)(fU)(mU)(fU)(mG)(fA)(mA)#(fG)#(mC)#(fU)#(mG)#(mC)#(mA)#(fG),(mG)#(mA)#(fA)(mA)(fG)(mU)(fG)(mU)(fU)(mU)(mG)(mA)(fA)#(mG)#(mA)-TegChol,GAAAGUGUUUGAAGCUGCAG,UAAAGUGUUUGAAGCUGCAG,GAAAGUGUUUGAAGA,GAAAGUGUUUGAAGCUGCAG,True,False,False
Supplemental Table 1,466,BACE1_1436_Asymmetric_2'-OMe/-F,P(mU)#(fA)#(mG)(fU)(fG)(fU)(mU)(fU)(mG)(fA)(mA)(fG)(mC)#(fU)#(mG)#(fC)#(mA)#(mG)#(mU)#(fC),(mA)#(mA)#(fG)(mU)(fG)(mU)(fU)(mU)(fG)(mA)(mA)(mG)(fC)#(mU)#(mA)-TegChol,AAGUGUUUGAAGCUGCAGUC,UAGUGUUUGAAGCUGCAGUC,AAGUGUUUGAAGCUA,AAGUGUUUGAAGCUGCAGUC,True,False,False
Supplemental Table 1,467,BACE1_1496_Asymmetric_2'-OMe/-F,P(mU)#(fU)#(mG)(fG)(fU)(fU)(mU)(fC)(mU)(fG)(mG)(fC)(mU)#(fA)#(mG)#(fG)#(mA)#(mG)#(mA)#(fG),(mA)#(mU)#(fG)(mG)(fU)(mU)(fU)(mC)(fU)(mG)(mG)(mC)(fU)#(mA)#(mA)-TegChol,AUGGUUUCUGGCUAGGAGAG,UUGGUUUCUGGCUAGGAGAG,AUGGUUUCUGGCUAA,AUGGUUUCUGGCUAGGAGAG,True,False,False
Supplemental Table 1,468,BACE1_1581_Asymmetric_2'-OMe/-F,P(mU)#(fA)#(mU)(fG)(fG)(fG)(mU)(fG)(mA)(fG)(mG)(fU)(mU)#(fA)#(mC)#(fC)#(mA)#(mA)#(mC)#(fC),(mA)#(mA)#(fU)(mG)(fG)(mG)(fU)(mG)(fA)(mG)(mG)(mU)(fU)#(mA)#(mA)-TegChol,AAUGGGUGAGGUUACCAACC,UAUGGGUGAGGUUACCAACC,AAUGGGUGAGGUUAA,AAUGGGUGAGGUUACCAACC,True,False,False
Supplemental Table 1,469,BACE1_1583_Asymmetric_2'-OMe/-F,P(mU)#(fG)#(mG)(fG)(fU)(fG)(mA)(fG)(mG)(fU)(mU)(fA)(mC)#(fC)#(mA)#(fA)#(mC)#(mC)#(mA)#(fG),(mU)#(mG)#(fG)(mG)(fU)(mG)(fA)(mG)(fG)(mU)(mU)(mA)(fC)#(mC)#(mA)-TegChol,UGGGUGAGGUUACCAACCAG,UGGGUGAGGUUACCAACCAG,UGGGUGAGGUUACCA,UGGGUGAGGUUACCAACCAG,True,False,False
Supplemental Table 1,470,BACE1_1585_Asymmetric_2'-OMe/-F,P(mU)#(fG)#(mU)(fG)(fA)(fG)(mG)(fU)(mU)(fA)(mC)(fC)(mA)#(fA)#(mC)#(fC)#(mA)#(mG)#(mU)#(fC),(mG)#(mG)#(fU)(mG)(fA)(mG)(fG)(mU)(fU)(mA)(mC)(mC)(fA)#(mA)#(mA)-TegChol,GGUGAGGUUACCAACCAGUC,UGUGAGGUUACCAACCAGUC,GGUGAGGUUACCAAA,GGUGAGGUUACCAACCAGUC,True,False,False
Supplemental Table 1,471,BACE1_1587_Asymmetric_2'-OMe/-F,P(mU)#(fG)#(mA)(fG)(fG)(fU)(mU)(fA)(mC)(fC)(mA)(fA)(mC)#(fC)#(mA)#(fG)#(mU)#(mC)#(mC)#(fU),(mU)#(mG)#(fA)(mG)(fG)(mU)(fU)(mA)(fC)(mC)(mA)(mA)(fC)#(mC)#(mA)-TegChol,UGAGGUUACCAACCAGUCCU,UGAGGUUACCAACCAGUCCU,UGAGGUUACCAACCA,UGAGGUUACCAACCAGUCCU,True,False,False
Supplemental Table 1,472,BACE1_1589_Asymmetric_2'-OMe/-F,P(mU)#(fG)#(mG)(fU)(fU)(fA)(mC)(fC)(mA)(fA)(mC)(fC)(mA)#(fG)#(mU)#(fC)#(mC)#(mU)#(mU)#(fC),(mA)#(mG)#(fG)(mU)(fU)(mA)(fC)(mC)(fA)(mA)(mC)(mC)(fA)#(mG)#(mA)-TegChol,AGGUUACCAACCAGUCCUUC,UGGUUACCAACCAGUCCUUC,AGGUUACCAACCAGA,AGGUUACCAACCAGUCCUUC,True,False,False
Supplemental Table 1,473,BACE1_1591_Asymmetric_2'-OMe/-F,P(mU)#(fU)#(mU)(fA)(fC)(fC)(mA)(fA)(mC)(fC)(mA)(fG)(mU)#(fC)#(mC)#(fU)#(mU)#(mC)#(mC)#(fG),(mG)#(mU)#(fU)(mA)(fC)(mC)(fA)(mA)(fC)(mC)(mA)(mG)(fU)#(mC)#(mA)-TegChol,GUUACCAACCAGUCCUUCCG,UUUACCAACCAGUCCUUCCG,GUUACCAACCAGUCA,GUUACCAACCAGUCCUUCCG,True,False,False
Supplemental Table 1,474,BACE1_1593_Asymmetric_2'-OMe/-F,P(mU)#(fA)#(mC)(fC)(fA)(fA)(mC)(fC)(mA)(fG)(mU)(fC)(mC)#(fU)#(mU)#(fC)#(mC)#(mG)#(mC)#(fA),(mU)#(mA)#(fC)(mC)(fA)(mA)(fC)(mC)(fA)(mG)(mU)(mC)(fC)#(mU)#(mA)-TegChol,UACCAACCAGUCCUUCCGCA,UACCAACCAGUCCUUCCGCA,UACCAACCAGUCCUA,UACCAACCAGUCCUUCCGCA,True,False,False
Supplemental Table 1,475,BACE1_1597_Asymmetric_2'-OMe/-F,P(mU)#(fA)#(mC)(fC)(fA)(fG)(mU)(fC)(mC)(fU)(mU)(fC)(mC)#(fG)#(mC)#(fA)#(mU)#(mC)#(mA)#(fC),(mA)#(mA)#(fC)(mC)(fA)(mG)(fU)(mC)(fC)(mU)(mU)(mC)(fC)#(mG)#(mA)-TegChol,AACCAGUCCUUCCGCAUCAC,UACCAGUCCUUCCGCAUCAC,AACCAGUCCUUCCGA,AACCAGUCCUUCCGCAUCAC,True,False,False
Supplemental Table 1,476,BACE1_1601_Asymmetric_2'-OMe/-F,P(mU)#(fG)#(mU)(fC)(fC)(fU)(mU)(fC)(mC)(fG)(mC)(fA)(mU)#(fC)#(mA)#(fC)#(mC)#(mA)#(mU)#(fC),(mA)#(mG)#(fU)(mC)(fC)(mU)(fU)(mC)(fC)(mG)(mC)(mA)(fU)#(mC)#(mA)-TegChol,AGUCCUUCCGCAUCACCAUC,UGUCCUUCCGCAUCACCAUC,AGUCCUUCCGCAUCA,AGUCCUUCCGCAUCACCAUC,True,False,False
Supplemental Table 1,477,BACE1_1687_Asymmetric_2'-OMe/-F,P(mU)#(fC)#(mC)(fA)(fU)(fC)(mU)(fC)(mA)(fC)(mA)(fG)(mU)#(fC)#(mA)#(fU)#(mC)#(mC)#(mA)#(fC),(mG)#(mC)#(fC)(mA)(fU)(mC)(fU)(mC)(fA)(mC)(mA)(mG)(fU)#(mC)#(mA)-TegChol,GCCAUCUCACAGUCAUCCAC,UCCAUCUCACAGUCAUCCAC,GCCAUCUCACAGUCA,GCCAUCUCACAGUCAUCCAC,True,False,False
Supplemental Table 1,478,BACE1_1745_Asymmetric_2'-OMe/-F,P(mU)#(fC)#(mG)(fU)(fU)(fG)(mU)(fC)(mU)(fU)(mU)(fG)(mA)#(fU)#(mC)#(fG)#(mG)#(mG)#(mC)#(fC),(mA)#(mC)#(fG)(mU)(fU)(mG)(fU)(mC)(fU)(mU)(mU)(mG)(fA)#(mU)#(mA)-TegChol,ACGUUGUCUUUGAUCGGGCC,UCGUUGUCUUUGAUCGGGCC,ACGUUGUCUUUGAUA,ACGUUGUCUUUGAUCGGGCC,True,False,False
Supplemental Table 1,479,BACE1_1749_Asymmetric_2'-OMe/-F,P(mU)#(fG)#(mU)(fC)(fU)(fU)(mU)(fG)(mA)(fU)(mC)(fG)(mG)#(fG)#(mC)#(fC)#(mC)#(mG)#(mA)#(fA),(mU)#(mG)#(fU)(mC)(fU)(mU)(fU)(mG)(fA)(mU)(mC)(mG)(fG)#(mG)#(mA)-TegChol,UGUCUUUGAUCGGGCCCGAA,UGUCUUUGAUCGGGCCCGAA,UGUCUUUGAUCGGGA,UGUCUUUGAUCGGGCCCGAA,True,False,False
Supplemental Table 1,480,BACE1_1751_Asymmetric_2'-OMe/-F,P(mU)#(fC)#(mU)(fU)(fU)(fG)(mA)(fU)(mC)(fG)(mG)(fG)(mC)#(fC)#(mC)#(fG)#(mA)#(mA)#(mA)#(fA),(mU)#(mC)#(fU)(mU)(fU)(mG)(fA)(mU)(fC)(mG)(mG)(mG)(fC)#(mC)#(mA)-TegChol,UCUUUGAUCGGGCCCGAAAA,UCUUUGAUCGGGCCCGAAAA,UCUUUGAUCGGGCCA,UCUUUGAUCGGGCCCGAAAA,True,False,False
Supplemental Table 1,481,BACE1_1753_Asymmetric_2'-OMe/-F,P(mU)#(fU)#(mU)(fG)(fA)(fU)(mC)(fG)(mG)(fG)(mC)(fC)(mC)#(fG)#(mA)#(fA)#(mA)#(mA)#(mC)#(fG),(mU)#(mU)#(fU)(mG)(fA)(mU)(fC)(mG)(fG)(mG)(mC)(mC)(fC)#(mG)#(mA)-TegChol,UUUGAUCGGGCCCGAAAACG,UUUGAUCGGGCCCGAAAACG,UUUGAUCGGGCCCGA,UUUGAUCGGGCCCGAAAACG,True,False,False
Supplemental Table 1,482,BACE1_1755_Asymmetric_2'-OMe/-F,P(mU)#(fG)#(mA)(fU)(fC)(fG)(mG)(fG)(mC)(fC)(mC)(fG)(mA)#(fA)#(mA)#(fA)#(mC)#(mG)#(mA)#(fA),(mU)#(mG)#(fA)(mU)(fC)(mG)(fG)(mG)(fC)(mC)(mC)(mG)(fA)#(mA)#(mA)-TegChol,UGAUCGGGCCCGAAAACGAA,UGAUCGGGCCCGAAAACGAA,UGAUCGGGCCCGAAA,UGAUCGGGCCCGAAAACGAA,True,False,False
Supplemental Table 1,483,BACE1_1757_Asymmetric_2'-OMe/-F,P(mU)#(fU)#(mC)(fG)(fG)(fG)(mC)(fC)(mC)(fG)(mA)(fA)(mA)#(fA)#(mC)#(fG)#(mA)#(mA)#(mU)#(fU),(mA)#(mU)#(fC)(mG)(fG)(mG)(fC)(mC)(fC)(mG)(mA)(mA)(fA)#(mA)#(mA)-TegChol,AUCGGGCCCGAAAACGAAUU,UUCGGGCCCGAAAACGAAUU,AUCGGGCCCGAAAAA,AUCGGGCCCGAAAACGAAUU,True,False,False
Supplemental Table 1,484,BACE1_1761_Asymmetric_2'-OMe/-F,P(mU)#(fG)#(mC)(fC)(fC)(fG)(mA)(fA)(mA)(fA)(mC)(fG)(mA)#(fA)#(mU)#(fU)#(mG)#(mG)#(mC)#(fU),(mG)#(mG)#(fC)(mC)(fC)(mG)(fA)(mA)(fA)(mA)(mC)(mG)(fA)#(mA)#(mA)-TegChol,GGCCCGAAAACGAAUUGGCU,UGCCCGAAAACGAAUUGGCU,GGCCCGAAAACGAAA,GGCCCGAAAACGAAUUGGCU,True,False,False
Supplemental Table 1,485,BACE1_1763_Asymmetric_2'-OMe/-F,P(mU)#(fC)#(mC)(fG)(fA)(fA)(mA)(fA)(mC)(fG)(mA)(fA)(mU)#(fU)#(mG)#(fG)#(mC)#(mU)#(mU)#(fU),(mC)#(mC)#(fC)(mG)(fA)(mA)(fA)(mA)(fC)(mG)(mA)(mA)(fU)#(mU)#(mA)-TegChol,CCCGAAAACGAAUUGGCUUU,UCCGAAAACGAAUUGGCUUU,CCCGAAAACGAAUUA,CCCGAAAACGAAUUGGCUUU,True,False,False
Supplemental Table 1,486,BACE1_1765_Asymmetric_2'-OMe/-F,P(mU)#(fG)#(mA)(fA)(fA)(fA)(mC)(fG)(mA)(fA)(mU)(fU)(mG)#(fG)#(mC)#(fU)#(mU)#(mU)#(mG)#(fC),(mC)#(mG)#(fA)(mA)(fA)(mA)(fC)(mG)(fA)(mA)(mU)(mU)(fG)#(mG)#(mA)-TegChol,CGAAAACGAAUUGGCUUUGC,UGAAAACGAAUUGGCUUUGC,CGAAAACGAAUUGGA,CGAAAACGAAUUGGCUUUGC,True,False,False
Supplemental Table 1,487,BACE1_1846_Asymmetric_2'-OMe/-F,P(mU)#(fC)#(mC)(fU)(fU)(fG)(mG)(fA)(mC)(fA)(mU)(fG)(mG)#(fA)#(mA)#(fG)#(mA)#(mC)#(mU)#(fG),(mA)#(mC)#(fC)(mU)(fU)(mG)(fG)(mA)(fC)(mA)(mU)(mG)(fG)#(mA)#(mA)-TegChol,ACCUUGGACAUGGAAGACUG,UCCUUGGACAUGGAAGACUG,ACCUUGGACAUGGAA,ACCUUGGACAUGGAAGACUG,True,False,False
Supplemental Table 1,488,BACE1_1901_Asymmetric_2'-OMe/-F,P(mU)#(fC)#(mA)(fU)(fG)(fA)(mC)(fC)(mA)(fU)(mA)(fG)(mC)#(fC)#(mU)#(fA)#(mU)#(mG)#(mU)#(fC),(mU)#(mC)#(fA)(mU)(fG)(mA)(fC)(mC)(fA)(mU)(mA)(mG)(fC)#(mC)#(mA)-TegChol,UCAUGACCAUAGCCUAUGUC,UCAUGACCAUAGCCUAUGUC,UCAUGACCAUAGCCA,UCAUGACCAUAGCCUAUGUC,True,False,False
Supplemental Table 1,489,BACE1_2027_Asymmetric_2'-OMe/-F,P(mU)#(fC)#(mU)(fC)(fC)(fC)(mU)(fG)(mC)(fU)(mG)(fA)(mA)#(fG)#(mU)#(fG)#(mA)#(mG)#(mG)#(fA),(mU)#(mC)#(fU)(mC)(fC)(mC)(fU)(mG)(fC)(mU)(mG)(mA)(fA)#(mG)#(mA)-TegChol,UCUCCCUGCUGAAGUGAGGA,UCUCCCUGCUGAAGUGAGGA,UCUCCCUGCUGAAGA,UCUCCCUGCUGAAGUGAGGA,True,False,False
Supplemental Table 1,490,BACE1_2179_Asymmetric_2'-OMe/-F,P(mU)#(fU)#(mU)(fG)(fA)(fU)(mG)(fG)(mA)(fG)(mA)(fA)(mG)#(fG)#(mA)#(fA)#(mA)#(mA)#(mG)#(fG),(mC)#(mU)#(fU)(mG)(fA)(mU)(fG)(mG)(fA)(mG)(mA)(mA)(fG)#(mG)#(mA)-TegChol,CUUGAUGGAGAAGGAAAAGG,UUUGAUGGAGAAGGAAAAGG,CUUGAUGGAGAAGGA,CUUGAUGGAGAAGGAAAAGG,True,False,False
Supplemental Table 1,491,BACE1_2316_Asymmetric_2'-OMe/-F,P(mU)#(fU)#(mG)(fA)(fA)(fA)(mC)(fU)(mU)(fC)(mA)(fG)(mC)#(fC)#(mC)#(fU)#(mG)#(mA)#(mA)#(fC),(mU)#(mU)#(fG)(mA)(fA)(mA)(fC)(mU)(fU)(mC)(mA)(mG)(fC)#(mC)#(mA)-TegChol,UUGAAACUUCAGCCCUGAAC,UUGAAACUUCAGCCCUGAAC,UUGAAACUUCAGCCA,UUGAAACUUCAGCCCUGAAC,True,False,False
Supplemental Table 1,492,BACE1_2318_Asymmetric_2'-OMe/-F,P(mU)#(fA)#(mA)(fA)(fC)(fU)(mU)(fC)(mA)(fG)(mC)(fC)(mC)#(fU)#(mG)#(fA)#(mA)#(mC)#(mC)#(fU),(mG)#(mA)#(fA)(mA)(fC)(mU)(fU)(mC)(fA)(mG)(mC)(mC)(fC)#(mU)#(mA)-TegChol,GAAACUUCAGCCCUGAACCU,UAAACUUCAGCCCUGAACCU,GAAACUUCAGCCCUA,GAAACUUCAGCCCUGAACCU,True,False,False
Supplemental Table 1,493,BACE1_2320_Asymmetric_2'-OMe/-F,P(mU)#(fA)#(mC)(fU)(fU)(fC)(mA)(fG)(mC)(fC)(mC)(fU)(mG)#(fA)#(mA)#(fC)#(mC)#(mU)#(mU)#(fU),(mA)#(mA)#(fC)(mU)(fU)(mC)(fA)(mG)(fC)(mC)(mC)(mU)(fG)#(mA)#(mA)-TegChol,AACUUCAGCCCUGAACCUUU,UACUUCAGCCCUGAACCUUU,AACUUCAGCCCUGAA,AACUUCAGCCCUGAACCUUU,True,False,False
Supplemental Table 1,494,BACE1_2322_Asymmetric_2'-OMe/-F,P(mU)#(fU)#(mU)(fC)(fA)(fG)(mC)(fC)(mC)(fU)(mG)(fA)(mA)#(fC)#(mC)#(fU)#(mU)#(mU)#(mG)#(fU),(mC)#(mU)#(fU)(mC)(fA)(mG)(fC)(mC)(fC)(mU)(mG)(mA)(fA)#(mC)#(mA)-TegChol,CUUCAGCCCUGAACCUUUGU,UUUCAGCCCUGAACCUUUGU,CUUCAGCCCUGAACA,CUUCAGCCCUGAACCUUUGU,True,False,False
Supplemental Table 1,495,BACE1_2324_Asymmetric_2'-OMe/-F,P(mU)#(fC)#(mA)(fG)(fC)(fC)(mC)(fU)(mG)(fA)(mA)(fC)(mC)#(fU)#(mU)#(fU)#(mG)#(mU)#(mC)#(fC),(mU)#(mC)#(fA)(mG)(fC)(mC)(fC)(mU)(fG)(mA)(mA)(mC)(fC)#(mU)#(mA)-TegChol,UCAGCCCUGAACCUUUGUCC,UCAGCCCUGAACCUUUGUCC,UCAGCCCUGAACCUA,UCAGCCCUGAACCUUUGUCC,True,False,False
Supplemental Table 1,496,BACE1_2326_Asymmetric_2'-OMe/-F,P(mU)#(fG)#(mC)(fC)(fC)(fU)(mG)(fA)(mA)(fC)(mC)(fU)(mU)#(fU)#(mG)#(fU)#(mC)#(mC)#(mA)#(fC),(mA)#(mG)#(fC)(mC)(fC)(mU)(fG)(mA)(fA)(mC)(mC)(mU)(fU)#(mU)#(mA)-TegChol,AGCCCUGAACCUUUGUCCAC,UGCCCUGAACCUUUGUCCAC,AGCCCUGAACCUUUA,AGCCCUGAACCUUUGUCCAC,True,False,False
Supplemental Table 1,497,BACE1_2328_Asymmetric_2'-OMe/-F,P(mU)#(fC)#(mC)(fU)(fG)(fA)(mA)(fC)(mC)(fU)(mU)(fU)(mG)#(fU)#(mC)#(fC)#(mA)#(mC)#(mC)#(fA),(mC)#(mC)#(fC)(mU)(fG)(mA)(fA)(mC)(fC)(mU)(mU)(mU)(fG)#(mU)#(mA)-TegChol,CCCUGAACCUUUGUCCACCA,UCCUGAACCUUUGUCCACCA,CCCUGAACCUUUGUA,CCCUGAACCUUUGUCCACCA,True,False,False
Supplemental Table 1,498,BACE1_2330_Asymmetric_2'-OMe/-F,P(mU)#(fU)#(mG)(fA)(fA)(fC)(mC)(fU)(mU)(fU)(mG)(fU)(mC)#(fC)#(mA)#(fC)#(mC)#(mA)#(mU)#(fU),(mC)#(mU)#(fG)(mA)(fA)(mC)(fC)(mU)(fU)(mU)(mG)(mU)(fC)#(mC)#(mA)-TegChol,CUGAACCUUUGUCCACCAUU,UUGAACCUUUGUCCACCAUU,CUGAACCUUUGUCCA,CUGAACCUUUGUCCACCAUU,True,False,False
Supplemental Table 1,499,BACE1_2332_Asymmetric_2'-OMe/-F,P(mU)#(fA)#(mA)(fC)(fC)(fU)(mU)(fU)(mG)(fU)(mC)(fC)(mA)#(fC)#(mC)#(fA)#(mU)#(mU)#(mC)#(fC),(mG)#(mA)#(fA)(mC)(fC)(mU)(fU)(mU)(fG)(mU)(mC)(mC)(fA)#(mC)#(mA)-TegChol,GAACCUUUGUCCACCAUUCC,UAACCUUUGUCCACCAUUCC,GAACCUUUGUCCACA,GAACCUUUGUCCACCAUUCC,True,False,False
Supplemental Table 1,500,BACE1_2334_Asymmetric_2'-OMe/-F,P(mU)#(fC)#(mC)(fU)(fU)(fU)(mG)(fU)(mC)(fC)(mA)(fC)(mC)#(fA)#(mU)#(fU)#(mC)#(mC)#(mU)#(fU),(mA)#(mC)#(fC)(mU)(fU)(mU)(fG)(mU)(fC)(mC)(mA)(mC)(fC)#(mA)#(mA)-TegChol,ACCUUUGUCCACCAUUCCUU,UCCUUUGUCCACCAUUCCUU,ACCUUUGUCCACCAA,ACCUUUGUCCACCAUUCCUU,True,False,False
Supplemental Table 1,501,BACE1_2336_Asymmetric_2'-OMe/-F,P(mU)#(fU)#(mU)(fU)(fG)(fU)(mC)(fC)(mA)(fC)(mC)(fA)(mU)#(fU)#(mC)#(fC)#(mU)#(mU)#(mU)#(fA),(mC)#(mU)#(fU)(mU)(fG)(mU)(fC)(mC)(fA)(mC)(mC)(mA)(fU)#(mU)#(mA)-TegChol,CUUUGUCCACCAUUCCUUUA,UUUUGUCCACCAUUCCUUUA,CUUUGUCCACCAUUA,CUUUGUCCACCAUUCCUUUA,True,False,False
Supplemental Table 1,502,BACE1_2469_Asymmetric_2'-OMe/-F,P(mU)#(fU)#(mU)(fU)(fC)(fC)(mC)(fU)(mG)(fC)(mU)(fG)(mG)#(fC)#(mC)#(fA)#(mA)#(mA)#(mG)#(fU),(mG)#(mU)#(fU)(mU)(fC)(mC)(fC)(mU)(fG)(mC)(mU)(mG)(fG)#(mC)#(mA)-TegChol,GUUUCCCUGCUGGCCAAAGU,UUUUCCCUGCUGGCCAAAGU,GUUUCCCUGCUGGCA,GUUUCCCUGCUGGCCAAAGU,True,False,False
Supplemental Table 1,503,BACE1_2546_Asymmetric_2'-OMe/-F,P(mU)#(fG)#(mC)(fC)(fU)(fA)(mA)(fC)(mA)(fU)(mU)(fG)(mG)#(fU)#(mG)#(fC)#(mA)#(mA)#(mA)#(fG),(mA)#(mG)#(fC)(mC)(fU)(mA)(fA)(mC)(fA)(mU)(mU)(mG)(fG)#(mU)#(mA)-TegChol,AGCCUAACAUUGGUGCAAAG,UGCCUAACAUUGGUGCAAAG,AGCCUAACAUUGGUA,AGCCUAACAUUGGUGCAAAG,True,False,False
Supplemental Table 1,504,BACE1_2548_Asymmetric_2'-OMe/-F,P(mU)#(fC)#(mU)(fA)(fA)(fC)(mA)(fU)(mU)(fG)(mG)(fU)(mG)#(fC)#(mA)#(fA)#(mA)#(mG)#(mA)#(fU),(mC)#(mC)#(fU)(mA)(fA)(mC)(fA)(mU)(fU)(mG)(mG)(mU)(fG)#(mC)#(mA)-TegChol,CCUAACAUUGGUGCAAAGAU,UCUAACAUUGGUGCAAAGAU,CCUAACAUUGGUGCA,CCUAACAUUGGUGCAAAGAU,True,False,False
Supplemental Table 1,505,BACE1_2550_Asymmetric_2'-OMe/-F,P(mU)#(fA)#(mA)(fC)(fA)(fU)(mU)(fG)(mG)(fU)(mG)(fC)(mA)#(fA)#(mA)#(fG)#(mA)#(mU)#(mU)#(fG),(mU)#(mA)#(fA)(mC)(fA)(mU)(fU)(mG)(fG)(mU)(mG)(mC)(fA)#(mA)#(mA)-TegChol,UAACAUUGGUGCAAAGAUUG,UAACAUUGGUGCAAAGAUUG,UAACAUUGGUGCAAA,UAACAUUGGUGCAAAGAUUG,True,False,False
Supplemental Table 1,506,BACE1_2552_Asymmetric_2'-OMe/-F,P(mU)#(fC)#(mA)(fU)(fU)(fG)(mG)(fU)(mG)(fC)(mA)(fA)(mA)#(fG)#(mA)#(fU)#(mU)#(mG)#(mC)#(fC),(mA)#(mC)#(fA)(mU)(fU)(mG)(fG)(mU)(fG)(mC)(mA)(mA)(fA)#(mG)#(mA)-TegChol,ACAUUGGUGCAAAGAUUGCC,UCAUUGGUGCAAAGAUUGCC,ACAUUGGUGCAAAGA,ACAUUGGUGCAAAGAUUGCC,True,False,False
Supplemental Table 1,507,BACE1_2554_Asymmetric_2'-OMe/-F,P(mU)#(fU)#(mU)(fG)(fG)(fU)(mG)(fC)(mA)(fA)(mA)(fG)(mA)#(fU)#(mU)#(fG)#(mC)#(mC)#(mU)#(fC),(mA)#(mU)#(fU)(mG)(fG)(mU)(fG)(mC)(fA)(mA)(mA)(mG)(fA)#(mU)#(mA)-TegChol,AUUGGUGCAAAGAUUGCCUC,UUUGGUGCAAAGAUUGCCUC,AUUGGUGCAAAGAUA,AUUGGUGCAAAGAUUGCCUC,True,False,False
Supplemental Table 1,508,BACE1_2556_Asymmetric_2'-OMe/-F,P(mU)#(fG)#(mG)(fU)(fG)(fC)(mA)(fA)(mA)(fG)(mA)(fU)(mU)#(fG)#(mC)#(fC)#(mU)#(mC)#(mU)#(fU),(mU)#(mG)#(fG)(mU)(fG)(mC)(fA)(mA)(fA)(mG)(mA)(mU)(fU)#(mG)#(mA)-TegChol,UGGUGCAAAGAUUGCCUCUU,UGGUGCAAAGAUUGCCUCUU,UGGUGCAAAGAUUGA,UGGUGCAAAGAUUGCCUCUU,True,False,False
Supplemental Table 1,509,BACE1_2558_Asymmetric_2'-OMe/-F,P(mU)#(fU)#(mG)(fC)(fA)(fA)(mA)(fG)(mA)(fU)(mU)(fG)(mC)#(fC)#(mU)#(fC)#(mU)#(mU)#(mG)#(fA),(mG)#(mU)#(fG)(mC)(fA)(mA)(fA)(mG)(fA)(mU)(mU)(mG)(fC)#(mC)#(mA)-TegChol,GUGCAAAGAUUGCCUCUUGA,UUGCAAAGAUUGCCUCUUGA,GUGCAAAGAUUGCCA,GUGCAAAGAUUGCCUCUUGA,True,False,False
Supplemental Table 1,510,BACE1_2560_Asymmetric_2'-OMe/-F,P(mU)#(fC)#(mA)(fA)(fA)(fG)(mA)(fU)(mU)(fG)(mC)(fC)(mU)#(fC)#(mU)#(fU)#(mG)#(mA)#(mA)#(fU),(mG)#(mC)#(fA)(mA)(fA)(mG)(fA)(mU)(fU)(mG)(mC)(mC)(fU)#(mC)#(mA)-TegChol,GCAAAGAUUGCCUCUUGAAU,UCAAAGAUUGCCUCUUGAAU,GCAAAGAUUGCCUCA,GCAAAGAUUGCCUCUUGAAU,True,False,False
Supplemental Table 1,511,BACE1_2562_Asymmetric_2'-OMe/-F,P(mU)#(fA)#(mA)(fG)(fA)(fU)(mU)(fG)(mC)(fC)(mU)(fC)(mU)#(fU)#(mG)#(fA)#(mA)#(mU)#(mU)#(fA),(mA)#(mA)#(fA)(mG)(fA)(mU)(fU)(mG)(fC)(mC)(mU)(mC)(fU)#(mU)#(mA)-TegChol,AAAGAUUGCCUCUUGAAUUA,UAAGAUUGCCUCUUGAAUUA,AAAGAUUGCCUCUUA,AAAGAUUGCCUCUUGAAUUA,True,False,False
Supplemental Table 1,512,BACE1_2564_Asymmetric_2'-OMe/-F,P(mU)#(fG)#(mA)(fU)(fU)(fG)(mC)(fC)(mU)(fC)(mU)(fU)(mG)#(fA)#(mA)#(fU)#(mU)#(mA)#(mA)#(fA),(mA)#(mG)#(fA)(mU)(fU)(mG)(fC)(mC)(fU)(mC)(mU)(mU)(fG)#(mA)#(mA)-TegChol,AGAUUGCCUCUUGAAUUAAA,UGAUUGCCUCUUGAAUUAAA,AGAUUGCCUCUUGAA,AGAUUGCCUCUUGAAUUAAA,True,False,False
Supplemental Table 1,513,BACE1_2566_Asymmetric_2'-OMe/-F,P(mU)#(fU)#(mU)(fG)(fC)(fC)(mU)(fC)(mU)(fU)(mG)(fA)(mA)#(fU)#(mU)#(fA)#(mA)#(mA)#(mA)#(fA),(mA)#(mU)#(fU)(mG)(fC)(mC)(fU)(mC)(fU)(mU)(mG)(mA)(fA)#(mU)#(mA)-TegChol,AUUGCCUCUUGAAUUAAAAA,UUUGCCUCUUGAAUUAAAAA,AUUGCCUCUUGAAUA,AUUGCCUCUUGAAUUAAAAA,True,False,False
Supplemental Table 1,514,BACE1_2579_Asymmetric_2'-OMe/-F,P(mU)#(fU)#(mA)(fA)(fA)(fA)(mA)(fA)(mA)(fA)(mA)(fA)(mA)#(fC)#(mU)#(fA)#(mG)#(mA)#(mU)#(fU),(mU)#(mU)#(fA)(mA)(fA)(mA)(fA)(mA)(fA)(mA)(mA)(mA)(fA)#(mC)#(mA)-TegChol,UUAAAAAAAAAAACUAGAUU,UUAAAAAAAAAAACUAGAUU,UUAAAAAAAAAAACA,UUAAAAAAAAAAACUAGAUU,True,False,False
Supplemental Table 1,515,BACE1_2581_Asymmetric_2'-OMe/-F,P(mU)#(fA)#(mA)(fA)(fA)(fA)(mA)(fA)(mA)(fA)(mA)(fC)(mU)#(fA)#(mG)#(fA)#(mU)#(mU)#(mG)#(fA),(mA)#(mA)#(fA)(mA)(fA)(mA)(fA)(mA)(fA)(mA)(mA)(mC)(fU)#(mA)#(mA)-TegChol,AAAAAAAAAAACUAGAUUGA,UAAAAAAAAAACUAGAUUGA,AAAAAAAAAAACUAA,AAAAAAAAAAACUAGAUUGA,True,False,False
Supplemental Table 1,516,BACE1_2583_Asymmetric_2'-OMe/-F,P(mU)#(fA)#(mA)(fA)(fA)(fA)(mA)(fA)(mA)(fC)(mU)(fA)(mG)#(fA)#(mU)#(fU)#(mG)#(mA)#(mC)#(fU),(mA)#(mA)#(fA)(mA)(fA)(mA)(fA)(mA)(fA)(mC)(mU)(mA)(fG)#(mA)#(mA)-TegChol,AAAAAAAAACUAGAUUGACU,UAAAAAAAACUAGAUUGACU,AAAAAAAAACUAGAA,AAAAAAAAACUAGAUUGACU,True,False,False
Supplemental Table 1,517,BACE1_2585_Asymmetric_2'-OMe/-F,P(mU)#(fA)#(mA)(fA)(fA)(fA)(mA)(fC)(mU)(fA)(mG)(fA)(mU)#(fU)#(mG)#(fA)#(mC)#(mU)#(mA)#(fU),(mA)#(mA)#(fA)(mA)(fA)(mA)(fA)(mC)(fU)(mA)(mG)(mA)(fU)#(mU)#(mA)-TegChol,AAAAAAACUAGAUUGACUAU,UAAAAAACUAGAUUGACUAU,AAAAAAACUAGAUUA,AAAAAAACUAGAUUGACUAU,True,False,False
Supplemental Table 1,518,BACE1_2589_Asymmetric_2'-OMe/-F,P(mU)#(fA)#(mA)(fC)(fU)(fA)(mG)(fA)(mU)(fU)(mG)(fA)(mC)#(fU)#(mA)#(fU)#(mU)#(mU)#(mA)#(fU),(mA)#(mA)#(fA)(mC)(fU)(mA)(fG)(mA)(fU)(mU)(mG)(mA)(fC)#(mU)#(mA)-TegChol,AAACUAGAUUGACUAUUUAU,UAACUAGAUUGACUAUUUAU,AAACUAGAUUGACUA,AAACUAGAUUGACUAUUUAU,True,False,False
Supplemental Table 1,519,BACE1_2701_Asymmetric_2'-OMe/-F,P(mU)#(fU)#(mC)(fA)(fC)(fC)(mA)(fG)(mU)(fC)(mC)(fU)(mA)#(fG)#(mU)#(fU)#(mU)#(mU)#(mA)#(fG),(mC)#(mU)#(fC)(mA)(fC)(mC)(fA)(mG)(fU)(mC)(mC)(mU)(fA)#(mG)#(mA)-TegChol,CUCACCAGUCCUAGUUUUAG,UUCACCAGUCCUAGUUUUAG,CUCACCAGUCCUAGA,CUCACCAGUCCUAGUUUUAG,True,False,False
Supplemental Table 1,520,BACE1_2703_Asymmetric_2'-OMe/-F,P(mU)#(fA)#(mC)(fC)(fA)(fG)(mU)(fC)(mC)(fU)(mA)(fG)(mU)#(fU)#(mU)#(fU)#(mA)#(mG)#(mA)#(fC),(mC)#(mA)#(fC)(mC)(fA)(mG)(fU)(mC)(fC)(mU)(mA)(mG)(fU)#(mU)#(mA)-TegChol,CACCAGUCCUAGUUUUAGAC,UACCAGUCCUAGUUUUAGAC,CACCAGUCCUAGUUA,CACCAGUCCUAGUUUUAGAC,True,False,False
Supplemental Table 1,521,BACE1_2705_Asymmetric_2'-OMe/-F,P(mU)#(fC)#(mA)(fG)(fU)(fC)(mC)(fU)(mA)(fG)(mU)(fU)(mU)#(fU)#(mA)#(fG)#(mA)#(mC)#(mC)#(fU),(mC)#(mC)#(fA)(mG)(fU)(mC)(fC)(mU)(fA)(mG)(mU)(mU)(fU)#(mU)#(mA)-TegChol,CCAGUCCUAGUUUUAGACCU,UCAGUCCUAGUUUUAGACCU,CCAGUCCUAGUUUUA,CCAGUCCUAGUUUUAGACCU,True,False,False
Supplemental Table 1,522,BACE1_2707_Asymmetric_2'-OMe/-F,P(mU)#(fG)#(mU)(fC)(fC)(fU)(mA)(fG)(mU)(fU)(mU)(fU)(mA)#(fG)#(mA)#(fC)#(mC)#(mU)#(mC)#(fA),(mA)#(mG)#(fU)(mC)(fC)(mU)(fA)(mG)(fU)(mU)(mU)(mU)(fA)#(mG)#(mA)-TegChol,AGUCCUAGUUUUAGACCUCA,UGUCCUAGUUUUAGACCUCA,AGUCCUAGUUUUAGA,AGUCCUAGUUUUAGACCUCA,True,False,False
Supplemental Table 1,523,BACE1_2709_Asymmetric_2'-OMe/-F,P(mU)#(fC)#(mC)(fU)(fA)(fG)(mU)(fU)(mU)(fU)(mA)(fG)(mA)#(fC)#(mC)#(fU)#(mC)#(mA)#(mU)#(fC),(mU)#(mC)#(fC)(mU)(fA)(mG)(fU)(mU)(fU)(mU)(mA)(mG)(fA)#(mC)#(mA)-TegChol,UCCUAGUUUUAGACCUCAUC,UCCUAGUUUUAGACCUCAUC,UCCUAGUUUUAGACA,UCCUAGUUUUAGACCUCAUC,True,False,False
Supplemental Table 1,524,BACE1_2711_Asymmetric_2'-OMe/-F,P(mU)#(fU)#(mA)(fG)(fU)(fU)(mU)(fU)(mA)(fG)(mA)(fC)(mC)#(fU)#(mC)#(fA)#(mU)#(mC)#(mU)#(fC),(mC)#(mU)#(fA)(mG)(fU)(mU)(fU)(mU)(fA)(mG)(mA)(mC)(fC)#(mU)#(mA)-TegChol,CUAGUUUUAGACCUCAUCUC,UUAGUUUUAGACCUCAUCUC,CUAGUUUUAGACCUA,CUAGUUUUAGACCUCAUCUC,True,False,False
Supplemental Table 1,525,BACE1_2713_Asymmetric_2'-OMe/-F,P(mU)#(fG)#(mU)(fU)(fU)(fU)(mA)(fG)(mA)(fC)(mC)(fU)(mC)#(fA)#(mU)#(fC)#(mU)#(mC)#(mC)#(fA),(mA)#(mG)#(fU)(mU)(fU)(mU)(fA)(mG)(fA)(mC)(mC)(mU)(fC)#(mA)#(mA)-TegChol,AGUUUUAGACCUCAUCUCCA,UGUUUUAGACCUCAUCUCCA,AGUUUUAGACCUCAA,AGUUUUAGACCUCAUCUCCA,True,False,False
Supplemental Table 1,526,BACE1_2715_Asymmetric_2'-OMe/-F,P(mU)#(fU)#(mU)(fU)(fA)(fG)(mA)(fC)(mC)(fU)(mC)(fA)(mU)#(fC)#(mU)#(fC)#(mC)#(mA)#(mA)#(fG),(mU)#(mU)#(fU)(mU)(fA)(mG)(fA)(mC)(fC)(mU)(mC)(mA)(fU)#(mC)#(mA)-TegChol,UUUUAGACCUCAUCUCCAAG,UUUUAGACCUCAUCUCCAAG,UUUUAGACCUCAUCA,UUUUAGACCUCAUCUCCAAG,True,False,False
Supplemental Table 1,527,BACE1_2719_Asymmetric_2'-OMe/-F,P(mU)#(fG)#(mA)(fC)(fC)(fU)(mC)(fA)(mU)(fC)(mU)(fC)(mC)#(fA)#(mA)#(fG)#(mA)#(mU)#(mA)#(fG),(mA)#(mG)#(fA)(mC)(fC)(mU)(fC)(mA)(fU)(mC)(mU)(mC)(fC)#(mA)#(mA)-TegChol,AGACCUCAUCUCCAAGAUAG,UGACCUCAUCUCCAAGAUAG,AGACCUCAUCUCCAA,AGACCUCAUCUCCAAGAUAG,True,False,False
Supplemental Table 1,528,BACE1_2721_Asymmetric_2'-OMe/-F,P(mU)#(fC)#(mC)(fU)(fC)(fA)(mU)(fC)(mU)(fC)(mC)(fA)(mA)#(fG)#(mA)#(fU)#(mA)#(mG)#(mC)#(fA),(mA)#(mC)#(fC)(mU)(fC)(mA)(fU)(mC)(fU)(mC)(mC)(mA)(fA)#(mG)#(mA)-TegChol,ACCUCAUCUCCAAGAUAGCA,UCCUCAUCUCCAAGAUAGCA,ACCUCAUCUCCAAGA,ACCUCAUCUCCAAGAUAGCA,True,False,False
Supplemental Table 1,529,BACE1_2820_Asymmetric_2'-OMe/-F,P(mU)#(fC)#(mU)(fU)(fA)(fU)(mC)(fU)(mA)(fG)(mC)(fC)(mA)#(fA)#(mA)#(fG)#(mA)#(mG)#(mC)#(fU),(mG)#(mC)#(fU)(mU)(fA)(mU)(fC)(mU)(fA)(mG)(mC)(mC)(fA)#(mA)#(mA)-TegChol,GCUUAUCUAGCCAAAGAGCU,UCUUAUCUAGCCAAAGAGCU,GCUUAUCUAGCCAAA,GCUUAUCUAGCCAAAGAGCU,True,False,False
Supplemental Table 1,530,BACE1_2859_Asymmetric_2'-OMe/-F,P(mU)#(fG)#(mA)(fA)(fG)(fU)(mG)(fC)(mC)(fC)(mA)(fC)(mU)#(fA)#(mA)#(fG)#(mA)#(mA)#(mG)#(fU),(mU)#(mG)#(fA)(mA)(fG)(mU)(fG)(mC)(fC)(mC)(mA)(mC)(fU)#(mA)#(mA)-TegChol,UGAAGUGCCCACUAAGAAGU,UGAAGUGCCCACUAAGAAGU,UGAAGUGCCCACUAA,UGAAGUGCCCACUAAGAAGU,True,False,False
Supplemental Table 1,531,BACE1_2861_Asymmetric_2'-OMe/-F,P(mU)#(fA)#(mG)(fU)(fG)(fC)(mC)(fC)(mA)(fC)(mU)(fA)(mA)#(fG)#(mA)#(fA)#(mG)#(mU)#(mU)#(fC),(mA)#(mA)#(fG)(mU)(fG)(mC)(fC)(mC)(fA)(mC)(mU)(mA)(fA)#(mG)#(mA)-TegChol,AAGUGCCCACUAAGAAGUUC,UAGUGCCCACUAAGAAGUUC,AAGUGCCCACUAAGA,AAGUGCCCACUAAGAAGUUC,True,False,False
Supplemental Table 1,532,BACE1_2863_Asymmetric_2'-OMe/-F,P(mU)#(fU)#(mG)(fC)(fC)(fC)(mA)(fC)(mU)(fA)(mA)(fG)(mA)#(fA)#(mG)#(fU)#(mU)#(mC)#(mC)#(fA),(mG)#(mU)#(fG)(mC)(fC)(mC)(fA)(mC)(fU)(mA)(mA)(mG)(fA)#(mA)#(mA)-TegChol,GUGCCCACUAAGAAGUUCCA,UUGCCCACUAAGAAGUUCCA,GUGCCCACUAAGAAA,GUGCCCACUAAGAAGUUCCA,True,False,False
Supplemental Table 1,533,BACE1_2865_Asymmetric_2'-OMe/-F,P(mU)#(fC)#(mC)(fC)(fA)(fC)(mU)(fA)(mA)(fG)(mA)(fA)(mG)#(fU)#(mU)#(fC)#(mC)#(mA)#(mC)#(fU),(mG)#(mC)#(fC)(mC)(fA)(mC)(fU)(mA)(fA)(mG)(mA)(mA)(fG)#(mU)#(mA)-TegChol,GCCCACUAAGAAGUUCCACU,UCCCACUAAGAAGUUCCACU,GCCCACUAAGAAGUA,GCCCACUAAGAAGUUCCACU,True,False,False
Supplemental Table 1,534,BACE1_2867_Asymmetric_2'-OMe/-F,P(mU)#(fC)#(mA)(fC)(fU)(fA)(mA)(fG)(mA)(fA)(mG)(fU)(mU)#(fC)#(mC)#(fA)#(mC)#(mU)#(mU)#(fA),(mC)#(mC)#(fA)(mC)(fU)(mA)(fA)(mG)(fA)(mA)(mG)(mU)(fU)#(mC)#(mA)-TegChol,CCACUAAGAAGUUCCACUUA,UCACUAAGAAGUUCCACUUA,CCACUAAGAAGUUCA,CCACUAAGAAGUUCCACUUA,True,False,False
Supplemental Table 1,535,BACE1_2869_Asymmetric_2'-OMe/-F,P(mU)#(fC)#(mU)(fA)(fA)(fG)(mA)(fA)(mG)(fU)(mU)(fC)(mC)#(fA)#(mC)#(fU)#(mU)#(mA)#(mA)#(fC),(mA)#(mC)#(fU)(mA)(fA)(mG)(fA)(mA)(fG)(mU)(mU)(mC)(fC)#(mA)#(mA)-TegChol,ACUAAGAAGUUCCACUUAAC,UCUAAGAAGUUCCACUUAAC,ACUAAGAAGUUCCAA,ACUAAGAAGUUCCACUUAAC,True,False,False
Supplemental Table 1,536,BACE1_2871_Asymmetric_2'-OMe/-F,P(mU)#(fA)#(mA)(fG)(fA)(fA)(mG)(fU)(mU)(fC)(mC)(fA)(mC)#(fU)#(mU)#(fA)#(mA)#(mC)#(mA)#(fC),(mU)#(mA)#(fA)(mG)(fA)(mA)(fG)(mU)(fU)(mC)(mC)(mA)(fC)#(mU)#(mA)-TegChol,UAAGAAGUUCCACUUAACAC,UAAGAAGUUCCACUUAACAC,UAAGAAGUUCCACUA,UAAGAAGUUCCACUUAACAC,True,False,False
Supplemental Table 1,537,BACE1_2873_Asymmetric_2'-OMe/-F,P(mU)#(fG)#(mA)(fA)(fG)(fU)(mU)(fC)(mC)(fA)(mC)(fU)(mU)#(fA)#(mA)#(fC)#(mA)#(mC)#(mA)#(fU),(mA)#(mG)#(fA)(mA)(fG)(mU)(fU)(mC)(fC)(mA)(mC)(mU)(fU)#(mA)#(mA)-TegChol,AGAAGUUCCACUUAACACAU,UGAAGUUCCACUUAACACAU,AGAAGUUCCACUUAA,AGAAGUUCCACUUAACACAU,True,False,False
Supplemental Table 1,538,BACE1_2875_Asymmetric_2'-OMe/-F,P(mU)#(fA)#(mG)(fU)(fU)(fC)(mC)(fA)(mC)(fU)(mU)(fA)(mA)#(fC)#(mA)#(fC)#(mA)#(mU)#(mG)#(fA),(mA)#(mA)#(fG)(mU)(fU)(mC)(fC)(mA)(fC)(mU)(mU)(mA)(fA)#(mC)#(mA)-TegChol,AAGUUCCACUUAACACAUGA,UAGUUCCACUUAACACAUGA,AAGUUCCACUUAACA,AAGUUCCACUUAACACAUGA,True,False,False
Supplemental Table 1,539,BACE1_2877_Asymmetric_2'-OMe/-F,P(mU)#(fU)#(mU)(fC)(fC)(fA)(mC)(fU)(mU)(fA)(mA)(fC)(mA)#(fC)#(mA)#(fU)#(mG)#(mA)#(mA)#(fU),(mG)#(mU)#(fU)(mC)(fC)(mA)(fC)(mU)(fU)(mA)(mA)(mC)(fA)#(mC)#(mA)-TegChol,GUUCCACUUAACACAUGAAU,UUUCCACUUAACACAUGAAU,GUUCCACUUAACACA,GUUCCACUUAACACAUGAAU,True,False,False
Supplemental Table 1,540,BACE1_2879_Asymmetric_2'-OMe/-F,P(mU)#(fC)#(mC)(fA)(fC)(fU)(mU)(fA)(mA)(fC)(mA)(fC)(mA)#(fU)#(mG)#(fA)#(mA)#(mU)#(mU)#(fU),(mU)#(mC)#(fC)(mA)(fC)(mU)(fU)(mA)(fA)(mC)(mA)(mC)(fA)#(mU)#(mA)-TegChol,UCCACUUAACACAUGAAUUU,UCCACUUAACACAUGAAUUU,UCCACUUAACACAUA,UCCACUUAACACAUGAAUUU,True,False,False
Supplemental Table 1,541,BACE1_2890_Asymmetric_2'-OMe/-F,P(mU)#(fA)#(mU)(fG)(fA)(fA)(mU)(fU)(mU)(fC)(mU)(fG)(mC)#(fC)#(mA)#(fU)#(mA)#(mU)#(mU)#(fA),(mC)#(mA)#(fU)(mG)(fA)(mA)(fU)(mU)(fU)(mC)(mU)(mG)(fC)#(mC)#(mA)-TegChol,CAUGAAUUUCUGCCAUAUUA,UAUGAAUUUCUGCCAUAUUA,CAUGAAUUUCUGCCA,CAUGAAUUUCUGCCAUAUUA,True,False,False
Supplemental Table 1,542,BACE1_2892_Asymmetric_2'-OMe/-F,P(mU)#(fG)#(mA)(fA)(fU)(fU)(mU)(fC)(mU)(fG)(mC)(fC)(mA)#(fU)#(mA)#(fU)#(mU)#(mA)#(mA)#(fU),(mU)#(mG)#(fA)(mA)(fU)(mU)(fU)(mC)(fU)(mG)(mC)(mC)(fA)#(mU)#(mA)-TegChol,UGAAUUUCUGCCAUAUUAAU,UGAAUUUCUGCCAUAUUAAU,UGAAUUUCUGCCAUA,UGAAUUUCUGCCAUAUUAAU,True,False,False
Supplemental Table 1,543,BACE1_2894_Asymmetric_2'-OMe/-F,P(mU)#(fA)#(mU)(fU)(fU)(fC)(mU)(fG)(mC)(fC)(mA)(fU)(mA)#(fU)#(mU)#(fA)#(mA)#(mU)#(mU)#(fU),(mA)#(mA)#(fU)(mU)(fU)(mC)(fU)(mG)(fC)(mC)(mA)(mU)(fA)#(mU)#(mA)-TegChol,AAUUUCUGCCAUAUUAAUUU,UAUUUCUGCCAUAUUAAUUU,AAUUUCUGCCAUAUA,AAUUUCUGCCAUAUUAAUUU,True,False,False
Supplemental Table 1,544,BACE1_2896_Asymmetric_2'-OMe/-F,P(mU)#(fU)#(mU)(fC)(fU)(fG)(mC)(fC)(mA)(fU)(mA)(fU)(mU)#(fA)#(mA)#(fU)#(mU)#(mU)#(mC)#(fA),(mU)#(mU)#(fU)(mC)(fU)(mG)(fC)(mC)(fA)(mU)(mA)(mU)(fU)#(mA)#(mA)-TegChol,UUUCUGCCAUAUUAAUUUCA,UUUCUGCCAUAUUAAUUUCA,UUUCUGCCAUAUUAA,UUUCUGCCAUAUUAAUUUCA,True,False,False
Supplemental Table 1,545,BACE1_2898_Asymmetric_2'-OMe/-F,P(mU)#(fC)#(mU)(fG)(fC)(fC)(mA)(fU)(mA)(fU)(mU)(fA)(mA)#(fU)#(mU)#(fU)#(mC)#(mA)#(mU)#(fU),(mU)#(mC)#(fU)(mG)(fC)(mC)(fA)(mU)(fA)(mU)(mU)(mA)(fA)#(mU)#(mA)-TegChol,UCUGCCAUAUUAAUUUCAUU,UCUGCCAUAUUAAUUUCAUU,UCUGCCAUAUUAAUA,UCUGCCAUAUUAAUUUCAUU,True,False,False
Supplemental Table 1,546,BACE1_2902_Asymmetric_2'-OMe/-F,P(mU)#(fC)#(mA)(fU)(fA)(fU)(mU)(fA)(mA)(fU)(mU)(fU)(mC)#(fA)#(mU)#(fU)#(mG)#(mU)#(mC)#(fU),(mC)#(mC)#(fA)(mU)(fA)(mU)(fU)(mA)(fA)(mU)(mU)(mU)(fC)#(mA)#(mA)-TegChol,CCAUAUUAAUUUCAUUGUCU,UCAUAUUAAUUUCAUUGUCU,CCAUAUUAAUUUCAA,CCAUAUUAAUUUCAUUGUCU,True,False,False
Supplemental Table 1,547,BACE1_2904_Asymmetric_2'-OMe/-F,P(mU)#(fU)#(mA)(fU)(fU)(fA)(mA)(fU)(mU)(fU)(mC)(fA)(mU)#(fU)#(mG)#(fU)#(mC)#(mU)#(mC)#(fU),(mA)#(mU)#(fA)(mU)(fU)(mA)(fA)(mU)(fU)(mU)(mC)(mA)(fU)#(mU)#(mA)-TegChol,AUAUUAAUUUCAUUGUCUCU,UUAUUAAUUUCAUUGUCUCU,AUAUUAAUUUCAUUA,AUAUUAAUUUCAUUGUCUCU,True,False,False
Supplemental Table 1,548,BACE1_2906_Asymmetric_2'-OMe/-F,P(mU)#(fU)#(mU)(fA)(fA)(fU)(mU)(fU)(mC)(fA)(mU)(fU)(mG)#(fU)#(mC)#(fU)#(mC)#(mU)#(mA)#(fU),(mA)#(mU)#(fU)(mA)(fA)(mU)(fU)(mU)(fC)(mA)(mU)(mU)(fG)#(mU)#(mA)-TegChol,AUUAAUUUCAUUGUCUCUAU,UUUAAUUUCAUUGUCUCUAU,AUUAAUUUCAUUGUA,AUUAAUUUCAUUGUCUCUAU,True,False,False
Supplemental Table 1,549,BACE1_2908_Asymmetric_2'-OMe/-F,P(mU)#(fA)#(mA)(fU)(fU)(fU)(mC)(fA)(mU)(fU)(mG)(fU)(mC)#(fU)#(mC)#(fU)#(mA)#(mU)#(mC)#(fU),(mU)#(mA)#(fA)(mU)(fU)(mU)(fC)(mA)(fU)(mU)(mG)(mU)(fC)#(mU)#(mA)-TegChol,UAAUUUCAUUGUCUCUAUCU,UAAUUUCAUUGUCUCUAUCU,UAAUUUCAUUGUCUA,UAAUUUCAUUGUCUCUAUCU,True,False,False
Supplemental Table 1,550,BACE1_2916_Asymmetric_2'-OMe/-F,P(mU)#(fU)#(mG)(fU)(fC)(fU)(mC)(fU)(mA)(fU)(mC)(fU)(mG)#(fA)#(mA)#(fC)#(mC)#(mA)#(mC)#(fC),(mU)#(mU)#(fG)(mU)(fC)(mU)(fC)(mU)(fA)(mU)(mC)(mU)(fG)#(mA)#(mA)-TegChol,UUGUCUCUAUCUGAACCACC,UUGUCUCUAUCUGAACCACC,UUGUCUCUAUCUGAA,UUGUCUCUAUCUGAACCACC,True,False,False
Supplemental Table 1,551,BACE1_2918_Asymmetric_2'-OMe/-F,P(mU)#(fU)#(mC)(fU)(fC)(fU)(mA)(fU)(mC)(fU)(mG)(fA)(mA)#(fC)#(mC)#(fA)#(mC)#(mC)#(mC)#(fU),(mG)#(mU)#(fC)(mU)(fC)(mU)(fA)(mU)(fC)(mU)(mG)(mA)(fA)#(mC)#(mA)-TegChol,GUCUCUAUCUGAACCACCCU,UUCUCUAUCUGAACCACCCU,GUCUCUAUCUGAACA,GUCUCUAUCUGAACCACCCU,True,False,False
Supplemental Table 1,552,BACE1_2920_Asymmetric_2'-OMe/-F,P(mU)#(fU)#(mC)(fU)(fA)(fU)(mC)(fU)(mG)(fA)(mA)(fC)(mC)#(fA)#(mC)#(fC)#(mC)#(mU)#(mU)#(fU),(mC)#(mU)#(fC)(mU)(fA)(mU)(fC)(mU)(fG)(mA)(mA)(mC)(fC)#(mA)#(mA)-TegChol,CUCUAUCUGAACCACCCUUU,UUCUAUCUGAACCACCCUUU,CUCUAUCUGAACCAA,CUCUAUCUGAACCACCCUUU,True,False,False
Supplemental Table 1,553,BACE1_2922_Asymmetric_2'-OMe/-F,P(mU)#(fU)#(mA)(fU)(fC)(fU)(mG)(fA)(mA)(fC)(mC)(fA)(mC)#(fC)#(mC)#(fU)#(mU)#(mU)#(mA)#(fU),(mC)#(mU)#(fA)(mU)(fC)(mU)(fG)(mA)(fA)(mC)(mC)(mA)(fC)#(mC)#(mA)-TegChol,CUAUCUGAACCACCCUUUAU,UUAUCUGAACCACCCUUUAU,CUAUCUGAACCACCA,CUAUCUGAACCACCCUUUAU,True,False,False
Supplemental Table 1,554,BACE1_2924_Asymmetric_2'-OMe/-F,P(mU)#(fU)#(mC)(fU)(fG)(fA)(mA)(fC)(mC)(fA)(mC)(fC)(mC)#(fU)#(mU)#(fU)#(mA)#(mU)#(mU)#(fC),(mA)#(mU)#(fC)(mU)(fG)(mA)(fA)(mC)(fC)(mA)(mC)(mC)(fC)#(mU)#(mA)-TegChol,AUCUGAACCACCCUUUAUUC,UUCUGAACCACCCUUUAUUC,AUCUGAACCACCCUA,AUCUGAACCACCCUUUAUUC,True,False,False
Supplemental Table 1,555,BACE1_2926_Asymmetric_2'-OMe/-F,P(mU)#(fU)#(mG)(fA)(fA)(fC)(mC)(fA)(mC)(fC)(mC)(fU)(mU)#(fU)#(mA)#(fU)#(mU)#(mC)#(mU)#(fA),(mC)#(mU)#(fG)(mA)(fA)(mC)(fC)(mA)(fC)(mC)(mC)(mU)(fU)#(mU)#(mA)-TegChol,CUGAACCACCCUUUAUUCUA,UUGAACCACCCUUUAUUCUA,CUGAACCACCCUUUA,CUGAACCACCCUUUAUUCUA,True,False,False
Supplemental Table 1,556,BACE1_2928_Asymmetric_2'-OMe/-F,P(mU)#(fA)#(mA)(fC)(fC)(fA)(mC)(fC)(mC)(fU)(mU)(fU)(mA)#(fU)#(mU)#(fC)#(mU)#(mA)#(mC)#(fA),(mG)#(mA)#(fA)(mC)(fC)(mA)(fC)(mC)(fC)(mU)(mU)(mU)(fA)#(mU)#(mA)-TegChol,GAACCACCCUUUAUUCUACA,UAACCACCCUUUAUUCUACA,GAACCACCCUUUAUA,GAACCACCCUUUAUUCUACA,True,False,False
Supplemental Table 1,557,BACE1_2930_Asymmetric_2'-OMe/-F,P(mU)#(fC)#(mC)(fA)(fC)(fC)(mC)(fU)(mU)(fU)(mA)(fU)(mU)#(fC)#(mU)#(fA)#(mC)#(mA)#(mU)#(fA),(mA)#(mC)#(fC)(mA)(fC)(mC)(fC)(mU)(fU)(mU)(mA)(mU)(fU)#(mC)#(mA)-TegChol,ACCACCCUUUAUUCUACAUA,UCCACCCUUUAUUCUACAUA,ACCACCCUUUAUUCA,ACCACCCUUUAUUCUACAUA,True,False,False
Supplemental Table 1,558,BACE1_2932_Asymmetric_2'-OMe/-F,P(mU)#(fA)#(mC)(fC)(fC)(fU)(mU)(fU)(mA)(fU)(mU)(fC)(mU)#(fA)#(mC)#(fA)#(mU)#(mA)#(mU)#(fG),(mC)#(mA)#(fC)(mC)(fC)(mU)(fU)(mU)(fA)(mU)(mU)(mC)(fU)#(mA)#(mA)-TegChol,CACCCUUUAUUCUACAUAUG,UACCCUUUAUUCUACAUAUG,CACCCUUUAUUCUAA,CACCCUUUAUUCUACAUAUG,True,False,False
Supplemental Table 1,559,BACE1_2934_Asymmetric_2'-OMe/-F,P(mU)#(fC)#(mC)(fU)(fU)(fU)(mA)(fU)(mU)(fC)(mU)(fA)(mC)#(fA)#(mU)#(fA)#(mU)#(mG)#(mA)#(fU),(mC)#(mC)#(fC)(mU)(fU)(mU)(fA)(mU)(fU)(mC)(mU)(mA)(fC)#(mA)#(mA)-TegChol,CCCUUUAUUCUACAUAUGAU,UCCUUUAUUCUACAUAUGAU,CCCUUUAUUCUACAA,CCCUUUAUUCUACAUAUGAU,True,False,False
Supplemental Table 1,560,BACE1_2936_Asymmetric_2'-OMe/-F,P(mU)#(fU)#(mU)(fU)(fA)(fU)(mU)(fC)(mU)(fA)(mC)(fA)(mU)#(fA)#(mU)#(fG)#(mA)#(mU)#(mA)#(fG),(mC)#(mU)#(fU)(mU)(fA)(mU)(fU)(mC)(fU)(mA)(mC)(mA)(fU)#(mA)#(mA)-TegChol,CUUUAUUCUACAUAUGAUAG,UUUUAUUCUACAUAUGAUAG,CUUUAUUCUACAUAA,CUUUAUUCUACAUAUGAUAG,True,False,False
Supplemental Table 1,561,BACE1_3107_Asymmetric_2'-OMe/-F,P(mU)#(fA)#(mU)(fA)(fG)(fG)(mU)(fA)(mG)(fG)(mA)(fG)(mA)#(fC)#(mC)#(fU)#(mC)#(mU)#(mU)#(fC),(mA)#(mA)#(fU)(mA)(fG)(mG)(fU)(mA)(fG)(mG)(mA)(mG)(fA)#(mC)#(mA)-TegChol,AAUAGGUAGGAGACCUCUUC,UAUAGGUAGGAGACCUCUUC,AAUAGGUAGGAGACA,AAUAGGUAGGAGACCUCUUC,True,False,False
Supplemental Table 1,562,BACE1_3226_Asymmetric_2'-OMe/-F,P(mU)#(fG)#(mA)(fU)(fC)(fU)(mU)(fU)(mA)(fC)(mA)(fU)(mA)#(fA)#(mU)#(fU)#(mC)#(mA)#(mG)#(fA),(mA)#(mG)#(fA)(mU)(fC)(mU)(fU)(mU)(fA)(mC)(mA)(mU)(fA)#(mA)#(mA)-TegChol,AGAUCUUUACAUAAUUCAGA,UGAUCUUUACAUAAUUCAGA,AGAUCUUUACAUAAA,AGAUCUUUACAUAAUUCAGA,True,False,False
Supplemental Table 1,563,BACE1_3344_Asymmetric_2'-OMe/-F,P(mU)#(fA)#(mC)(fA)(fG)(fU)(mG)(fC)(mU)(fU)(mU)(fA)(mU)#(fG)#(mG)#(fC)#(mU)#(mC)#(mU)#(fA),(mU)#(mA)#(fC)(mA)(fG)(mU)(fG)(mC)(fU)(mU)(mU)(mA)(fU)#(mG)#(mA)-TegChol,UACAGUGCUUUAUGGCUCUA,UACAGUGCUUUAUGGCUCUA,UACAGUGCUUUAUGA,UACAGUGCUUUAUGGCUCUA,True,False,False
Supplemental Table 1,564,BACE1_3545_Asymmetric_2'-OMe/-F,P(mU)#(fC)#(mC)(fA)(fA)(fG)(mU)(fU)(mC)(fA)(mU)(fU)(mA)#(fC)#(mC)#(fU)#(mC)#(mC)#(mC)#(fU),(mA)#(mC)#(fC)(mA)(fA)(mG)(fU)(mU)(fC)(mA)(mU)(mU)(fA)#(mC)#(mA)-TegChol,ACCAAGUUCAUUACCUCCCU,UCCAAGUUCAUUACCUCCCU,ACCAAGUUCAUUACA,ACCAAGUUCAUUACCUCCCU,True,False,False
Supplemental Table 1,565,BACE1_3669_Asymmetric_2'-OMe/-F,P(mU)#(fC)#(mA)(fG)(fG)(fU)(mA)(fU)(mG)(fG)(mG)(fA)(mC)#(fC)#(mU)#(fG)#(mC)#(mU)#(mA)#(fA),(mC)#(mC)#(fA)(mG)(fG)(mU)(fA)(mU)(fG)(mG)(mG)(mA)(fC)#(mC)#(mA)-TegChol,CCAGGUAUGGGACCUGCUAA,UCAGGUAUGGGACCUGCUAA,CCAGGUAUGGGACCA,CCAGGUAUGGGACCUGCUAA,True,False,False
Supplemental Table 1,566,BACE1_3754_Asymmetric_2'-OMe/-F,P(mU)#(fA)#(mG)(fC)(fU)(fG)(mC)(fC)(mC)(fA)(mC)(fA)(mA)#(fG)#(mC)#(fC)#(mA)#(mU)#(mA)#(fA),(mC)#(mA)#(fG)(mC)(fU)(mG)(fC)(mC)(fC)(mA)(mC)(mA)(fA)#(mG)#(mA)-TegChol,CAGCUGCCCACAAGCCAUAA,UAGCUGCCCACAAGCCAUAA,CAGCUGCCCACAAGA,CAGCUGCCCACAAGCCAUAA,True,False,False
Supplemental Table 1,567,BACE1_3756_Asymmetric_2'-OMe/-F,P(mU)#(fC)#(mU)(fG)(fC)(fC)(mC)(fA)(mC)(fA)(mA)(fG)(mC)#(fC)#(mA)#(fU)#(mA)#(mA)#(mA)#(fC),(mG)#(mC)#(fU)(mG)(fC)(mC)(fC)(mA)(fC)(mA)(mA)(mG)(fC)#(mC)#(mA)-TegChol,GCUGCCCACAAGCCAUAAAC,UCUGCCCACAAGCCAUAAAC,GCUGCCCACAAGCCA,GCUGCCCACAAGCCAUAAAC,True,False,False
Supplemental Table 1,568,BACE1_3758_Asymmetric_2'-OMe/-F,P(mU)#(fG)#(mC)(fC)(fC)(fA)(mC)(fA)(mA)(fG)(mC)(fC)(mA)#(fU)#(mA)#(fA)#(mA)#(mC)#(mC)#(fA),(mU)#(mG)#(fC)(mC)(fC)(mA)(fC)(mA)(fA)(mG)(mC)(mC)(fA)#(mU)#(mA)-TegChol,UGCCCACAAGCCAUAAACCA,UGCCCACAAGCCAUAAACCA,UGCCCACAAGCCAUA,UGCCCACAAGCCAUAAACCA,True,False,False
Supplemental Table 1,569,BACE1_3760_Asymmetric_2'-OMe/-F,P(mU)#(fC)#(mC)(fA)(fC)(fA)(mA)(fG)(mC)(fC)(mA)(fU)(mA)#(fA)#(mA)#(fC)#(mC)#(mA)#(mA)#(fU),(mC)#(mC)#(fC)(mA)(fC)(mA)(fA)(mG)(fC)(mC)(mA)(mU)(fA)#(mA)#(mA)-TegChol,CCCACAAGCCAUAAACCAAU,UCCACAAGCCAUAAACCAAU,CCCACAAGCCAUAAA,CCCACAAGCCAUAAACCAAU,True,False,False
Supplemental Table 1,570,BACE1_3762_Asymmetric_2'-OMe/-F,P(mU)#(fA)#(mC)(fA)(fA)(fG)(mC)(fC)(mA)(fU)(mA)(fA)(mA)#(fC)#(mC)#(fA)#(mA)#(mU)#(mA)#(fA),(mC)#(mA)#(fC)(mA)(fA)(mG)(fC)(mC)(fA)(mU)(mA)(mA)(fA)#(mC)#(mA)-TegChol,CACAAGCCAUAAACCAAUAA,UACAAGCCAUAAACCAAUAA,CACAAGCCAUAAACA,CACAAGCCAUAAACCAAUAA,True,False,False
Supplemental Table 1,571,BACE1_3764_Asymmetric_2'-OMe/-F,P(mU)#(fA)#(mA)(fG)(fC)(fC)(mA)(fU)(mA)(fA)(mA)(fC)(mC)#(fA)#(mA)#(fU)#(mA)#(mA)#(mA)#(fA),(mC)#(mA)#(fA)(mG)(fC)(mC)(fA)(mU)(fA)(mA)(mA)(mC)(fC)#(mA)#(mA)-TegChol,CAAGCCAUAAACCAAUAAAA,UAAGCCAUAAACCAAUAAAA,CAAGCCAUAAACCAA,CAAGCCAUAAACCAAUAAAA,True,False,False
Supplemental Table 1,572,BACE1_3766_Asymmetric_2'-OMe/-F,P(mU)#(fG)#(mC)(fC)(fA)(fU)(mA)(fA)(mA)(fC)(mC)(fA)(mA)#(fU)#(mA)#(fA)#(mA)#(mA)#(mC)#(fA),(mA)#(mG)#(fC)(mC)(fA)(mU)(fA)(mA)(fA)(mC)(mC)(mA)(fA)#(mU)#(mA)-TegChol,AGCCAUAAACCAAUAAAACA,UGCCAUAAACCAAUAAAACA,AGCCAUAAACCAAUA,AGCCAUAAACCAAUAAAACA,True,False,False
Supplemental Table 1,573,BACE1_3768_Asymmetric_2'-OMe/-F,P(mU)#(fC)#(mA)(fU)(fA)(fA)(mA)(fC)(mC)(fA)(mA)(fU)(mA)#(fA)#(mA)#(fA)#(mC)#(mA)#(mA)#(fG),(mC)#(mC)#(fA)(mU)(fA)(mA)(fA)(mC)(fC)(mA)(mA)(mU)(fA)#(mA)#(mA)-TegChol,CCAUAAACCAAUAAAACAAG,UCAUAAACCAAUAAAACAAG,CCAUAAACCAAUAAA,CCAUAAACCAAUAAAACAAG,True,False,False
Supplemental Table 1,574,BACE1_3772_Asymmetric_2'-OMe/-F,P(mU)#(fA)#(mA)(fC)(fC)(fA)(mA)(fU)(mA)(fA)(mA)(fA)(mC)#(fA)#(mA)#(fG)#(mA)#(mA)#(mU)#(fA),(mA)#(mA)#(fA)(mC)(fC)(mA)(fA)(mU)(fA)(mA)(mA)(mA)(fC)#(mA)#(mA)-TegChol,AAACCAAUAAAACAAGAAUA,UAACCAAUAAAACAAGAAUA,AAACCAAUAAAACAA,AAACCAAUAAAACAAGAAUA,True,False,False
Supplemental Table 1,575,BACE1_3774_Asymmetric_2'-OMe/-F,P(mU)#(fC)#(mC)(fA)(fA)(fU)(mA)(fA)(mA)(fA)(mC)(fA)(mA)#(fG)#(mA)#(fA)#(mU)#(mA)#(mC)#(fU),(mA)#(mC)#(fC)(mA)(fA)(mU)(fA)(mA)(fA)(mA)(mC)(mA)(fA)#(mG)#(mA)-TegChol,ACCAAUAAAACAAGAAUACU,UCCAAUAAAACAAGAAUACU,ACCAAUAAAACAAGA,ACCAAUAAAACAAGAAUACU,True,False,False
Supplemental Table 1,576,BACE1_3777_Asymmetric_2'-OMe/-F,P(mU)#(fA)#(mU)(fA)(fA)(fA)(mA)(fC)(mA)(fA)(mG)(fA)(mA)#(fU)#(mA)#(fC)#(mU)#(mG)#(mA)#(fG),(mA)#(mA)#(fU)(mA)(fA)(mA)(fA)(mC)(fA)(mA)(mG)(mA)(fA)#(mU)#(mA)-TegChol,AAUAAAACAAGAAUACUGAG,UAUAAAACAAGAAUACUGAG,AAUAAAACAAGAAUA,AAUAAAACAAGAAUACUGAG,True,False,False
Supplemental Table 1,577,BACE1_3807_Asymmetric_2'-OMe/-F,P(mU)#(fU)#(mC)(fU)(fG)(fG)(mG)(fU)(mU)(fC)(mU)(fC)(mU)#(fU)#(mC)#(fA)#(mU)#(mU)#(mC)#(fC),(mA)#(mU)#(fC)(mU)(fG)(mG)(fG)(mU)(fU)(mC)(mU)(mC)(fU)#(mU)#(mA)-TegChol,AUCUGGGUUCUCUUCAUUCC,UUCUGGGUUCUCUUCAUUCC,AUCUGGGUUCUCUUA,AUCUGGGUUCUCUUCAUUCC,True,False,False
Supplemental Table 1,578,BACE1_3927_Asymmetric_2'-OMe/-F,P(mU)#(fG)#(mU)(fA)(fA)(fA)(mU)(fA)(mA)(fA)(mC)(fU)(mU)#(fU)#(mC)#(fA)#(mG)#(mA)#(mA)#(fC),(mU)#(mG)#(fU)(mA)(fA)(mA)(fU)(mA)(fA)(mA)(mC)(mU)(fU)#(mU)#(mA)-TegChol,UGUAAAUAAACUUUCAGAAC,UGUAAAUAAACUUUCAGAAC,UGUAAAUAAACUUUA,UGUAAAUAAACUUUCAGAAC,True,False,False
Supplemental Table 1,579,BACE1_3936_Asymmetric_2'-OMe/-F,P(mU)#(fC)#(mU)(fU)(fU)(fC)(mA)(fG)(mA)(fA)(mC)(fU)(mG)#(fC)#(mU)#(fA)#(mC)#(mC)#(mA)#(fU),(mA)#(mC)#(fU)(mU)(fU)(mC)(fA)(mG)(fA)(mA)(mC)(mU)(fG)#(mC)#(mA)-TegChol,ACUUUCAGAACUGCUACCAU,UCUUUCAGAACUGCUACCAU,ACUUUCAGAACUGCA,ACUUUCAGAACUGCUACCAU,True,False,False
Supplemental Table 1,580,BACE1_4051_Asymmetric_2'-OMe/-F,P(mU)#(fU)#(mC)(fG)(fA)(fU)(mA)(fG)(mC)(fA)(mA)(fG)(mU)#(fC)#(mC)#(fC)#(mA)#(mU)#(mC)#(fA),(mU)#(mU)#(fC)(mG)(fA)(mU)(fA)(mG)(fC)(mA)(mA)(mG)(fU)#(mC)#(mA)-TegChol,UUCGAUAGCAAGUCCCAUCA,UUCGAUAGCAAGUCCCAUCA,UUCGAUAGCAAGUCA,UUCGAUAGCAAGUCCCAUCA,True,False,False
Supplemental Table 1,581,BACE1_4053_Asymmetric_2'-OMe/-F,P(mU)#(fG)#(mA)(fU)(fA)(fG)(mC)(fA)(mA)(fG)(mU)(fC)(mC)#(fC)#(mA)#(fU)#(mC)#(mA)#(mG)#(fC),(mC)#(mG)#(fA)(mU)(fA)(mG)(fC)(mA)(fA)(mG)(mU)(mC)(fC)#(mC)#(mA)-TegChol,CGAUAGCAAGUCCCAUCAGC,UGAUAGCAAGUCCCAUCAGC,CGAUAGCAAGUCCCA,CGAUAGCAAGUCCCAUCAGC,True,False,False
Supplemental Table 1,582,BACE1_4055_Asymmetric_2'-OMe/-F,P(mU)#(fU)#(mA)(fG)(fC)(fA)(mA)(fG)(mU)(fC)(mC)(fC)(mA)#(fU)#(mC)#(fA)#(mG)#(mC)#(mC)#(fU),(mA)#(mU)#(fA)(mG)(fC)(mA)(fA)(mG)(fU)(mC)(mC)(mC)(fA)#(mU)#(mA)-TegChol,AUAGCAAGUCCCAUCAGCCU,UUAGCAAGUCCCAUCAGCCU,AUAGCAAGUCCCAUA,AUAGCAAGUCCCAUCAGCCU,True,False,False
Supplemental Table 1,583,BACE1_4057_Asymmetric_2'-OMe/-F,P(mU)#(fG)#(mC)(fA)(fA)(fG)(mU)(fC)(mC)(fC)(mA)(fU)(mC)#(fA)#(mG)#(fC)#(mC)#(mU)#(mA)#(fU),(mA)#(mG)#(fC)(mA)(fA)(mG)(fU)(mC)(fC)(mC)(mA)(mU)(fC)#(mA)#(mA)-TegChol,AGCAAGUCCCAUCAGCCUAU,UGCAAGUCCCAUCAGCCUAU,AGCAAGUCCCAUCAA,AGCAAGUCCCAUCAGCCUAU,True,False,False
Supplemental Table 1,584,BACE1_4059_Asymmetric_2'-OMe/-F,P(mU)#(fA)#(mA)(fG)(fU)(fC)(mC)(fC)(mA)(fU)(mC)(fA)(mG)#(fC)#(mC)#(fU)#(mA)#(mU)#(mU)#(fA),(mC)#(mA)#(fA)(mG)(fU)(mC)(fC)(mC)(fA)(mU)(mC)(mA)(fG)#(mC)#(mA)-TegChol,CAAGUCCCAUCAGCCUAUUA,UAAGUCCCAUCAGCCUAUUA,CAAGUCCCAUCAGCA,CAAGUCCCAUCAGCCUAUUA,True,False,False
Supplemental Table 1,585,BACE1_4061_Asymmetric_2'-OMe/-F,P(mU)#(fG)#(mU)(fC)(fC)(fC)(mA)(fU)(mC)(fA)(mG)(fC)(mC)#(fU)#(mA)#(fU)#(mU)#(mA)#(mU)#(fU),(mA)#(mG)#(fU)(mC)(fC)(mC)(fA)(mU)(fC)(mA)(mG)(mC)(fC)#(mU)#(mA)-TegChol,AGUCCCAUCAGCCUAUUAUU,UGUCCCAUCAGCCUAUUAUU,AGUCCCAUCAGCCUA,AGUCCCAUCAGCCUAUUAUU,True,False,False
Supplemental Table 1,586,BACE1_4062_Asymmetric_2'-OMe/-F,P(mU)#(fU)#(mC)(fC)(fC)(fA)(mU)(fC)(mA)(fG)(mC)(fC)(mU)#(fA)#(mU)#(fU)#(mA)#(mU)#(mU)#(fU),(mG)#(mU)#(fC)(mC)(fC)(mA)(fU)(mC)(fA)(mG)(mC)(mC)(fU)#(mA)#(mA)-TegChol,GUCCCAUCAGCCUAUUAUUU,UUCCCAUCAGCCUAUUAUUU,GUCCCAUCAGCCUAA,GUCCCAUCAGCCUAUUAUUU,True,False,False
Supplemental Table 1,587,BACE1_4063_Asymmetric_2'-OMe/-F,P(mU)#(fC)#(mC)(fC)(fA)(fU)(mC)(fA)(mG)(fC)(mC)(fU)(mA)#(fU)#(mU)#(fA)#(mU)#(mU)#(mU)#(fU),(mU)#(mC)#(fC)(mC)(fA)(mU)(fC)(mA)(fG)(mC)(mC)(mU)(fA)#(mU)#(mA)-TegChol,UCCCAUCAGCCUAUUAUUUU,UCCCAUCAGCCUAUUAUUUU,UCCCAUCAGCCUAUA,UCCCAUCAGCCUAUUAUUUU,True,False,False
Supplemental Table 1,588,BACE1_4065_Asymmetric_2'-OMe/-F,P(mU)#(fC)#(mA)(fU)(fC)(fA)(mG)(fC)(mC)(fU)(mA)(fU)(mU)#(fA)#(mU)#(fU)#(mU)#(mU)#(mU)#(fU),(mC)#(mC)#(fA)(mU)(fC)(mA)(fG)(mC)(fC)(mU)(mA)(mU)(fU)#(mA)#(mA)-TegChol,CCAUCAGCCUAUUAUUUUUU,UCAUCAGCCUAUUAUUUUUU,CCAUCAGCCUAUUAA,CCAUCAGCCUAUUAUUUUUU,True,False,False
Supplemental Table 1,589,BACE1_4067_Asymmetric_2'-OMe/-F,P(mU)#(fU)#(mC)(fA)(fG)(fC)(mC)(fU)(mA)(fU)(mU)(fA)(mU)#(fU)#(mU)#(fU)#(mU)#(mU)#(mU)#(fA),(mA)#(mU)#(fC)(mA)(fG)(mC)(fC)(mU)(fA)(mU)(mU)(mA)(fU)#(mU)#(mA)-TegChol,AUCAGCCUAUUAUUUUUUUA,UUCAGCCUAUUAUUUUUUUA,AUCAGCCUAUUAUUA,AUCAGCCUAUUAUUUUUUUA,True,False,False
Supplemental Table 1,590,BACE1_4197_Asymmetric_2'-OMe/-F,P(mU)#(fU)#(mG)(fU)(fA)(fU)(mU)(fA)(mU)(fA)(mC)(fA)(mU)#(fC)#(mU)#(fG)#(mU)#(mA)#(mU)#(fU),(mA)#(mU)#(fG)(mU)(fA)(mU)(fU)(mA)(fU)(mA)(mC)(mA)(fU)#(mC)#(mA)-TegChol,AUGUAUUAUACAUCUGUAUU,UUGUAUUAUACAUCUGUAUU,AUGUAUUAUACAUCA,AUGUAUUAUACAUCUGUAUU,True,False,False
Supplemental Table 1,591,BACE1_4361_Asymmetric_2'-OMe/-F,P(mU)#(fU)#(mU)(fU)(fC)(fU)(mG)(fA)(mC)(fU)(mG)(fA)(mU)#(fC)#(mC)#(fU)#(mG)#(mA)#(mA)#(fC),(mC)#(mU)#(fU)(mU)(fC)(mU)(fG)(mA)(fC)(mU)(mG)(mA)(fU)#(mC)#(mA)-TegChol,CUUUCUGACUGAUCCUGAAC,UUUUCUGACUGAUCCUGAAC,CUUUCUGACUGAUCA,CUUUCUGACUGAUCCUGAAC,True,False,False
Supplemental Table 1,592,BACE1_4523_Asymmetric_2'-OMe/-F,P(mU)#(fU)#(mU)(fU)(fG)(fG)(mC)(fU)(mU)(fC)(mA)(fA)(mA)#(fG)#(mG)#(fA)#(mU)#(mU)#(mU)#(fU),(mC)#(mU)#(fU)(mU)(fG)(mG)(fC)(mU)(fU)(mC)(mA)(mA)(fA)#(mG)#(mA)-TegChol,CUUUGGCUUCAAAGGAUUUU,UUUUGGCUUCAAAGGAUUUU,CUUUGGCUUCAAAGA,CUUUGGCUUCAAAGGAUUUU,True,False,False
Supplemental Table 1,593,BACE1_4531_Asymmetric_2'-OMe/-F,P(mU)#(fC)#(mA)(fA)(fA)(fG)(mG)(fA)(mU)(fU)(mU)(fU)(mG)#(fG)#(mA)#(fA)#(mA)#(mA)#(mG)#(fA),(mU)#(mC)#(fA)(mA)(fA)(mG)(fG)(mA)(fU)(mU)(mU)(mU)(fG)#(mG)#(mA)-TegChol,UCAAAGGAUUUUGGAAAAGA,UCAAAGGAUUUUGGAAAAGA,UCAAAGGAUUUUGGA,UCAAAGGAUUUUGGAAAAGA,True,False,False
Supplemental Table 1,594,BACE1_4533_Asymmetric_2'-OMe/-F,P(mU)#(fA)#(mA)(fG)(fG)(fA)(mU)(fU)(mU)(fU)(mG)(fG)(mA)#(fA)#(mA)#(fA)#(mG)#(mA)#(mA)#(fA),(mA)#(mA)#(fA)(mG)(fG)(mA)(fU)(mU)(fU)(mU)(mG)(mG)(fA)#(mA)#(mA)-TegChol,AAAGGAUUUUGGAAAAGAAA,UAAGGAUUUUGGAAAAGAAA,AAAGGAUUUUGGAAA,AAAGGAUUUUGGAAAAGAAA,True,False,False
Supplemental Table 1,595,BACE1_4535_Asymmetric_2'-OMe/-F,P(mU)#(fG)#(mG)(fA)(fU)(fU)(mU)(fU)(mG)(fG)(mA)(fA)(mA)#(fA)#(mG)#(fA)#(mA)#(mA)#(mC)#(fA),(mA)#(mG)#(fG)(mA)(fU)(mU)(fU)(mU)(fG)(mG)(mA)(mA)(fA)#(mA)#(mA)-TegChol,AGGAUUUUGGAAAAGAAACA,UGGAUUUUGGAAAAGAAACA,AGGAUUUUGGAAAAA,AGGAUUUUGGAAAAGAAACA,True,False,False
Supplemental Table 1,596,BACE1_4539_Asymmetric_2'-OMe/-F,P(mU)#(fU)#(mU)(fU)(fG)(fG)(mA)(fA)(mA)(fA)(mG)(fA)(mA)#(fA)#(mC)#(fA)#(mA)#(mU)#(mA)#(fU),(mU)#(mU)#(fU)(mU)(fG)(mG)(fA)(mA)(fA)(mA)(mG)(mA)(fA)#(mA)#(mA)-TegChol,UUUUGGAAAAGAAACAAUAU,UUUUGGAAAAGAAACAAUAU,UUUUGGAAAAGAAAA,UUUUGGAAAAGAAACAAUAU,True,False,False
Supplemental Table 1,597,BACE1_4541_Asymmetric_2'-OMe/-F,P(mU)#(fU)#(mG)(fG)(fA)(fA)(mA)(fA)(mG)(fA)(mA)(fA)(mC)#(fA)#(mA)#(fU)#(mA)#(mU)#(mG)#(fC),(mU)#(mU)#(fG)(mG)(fA)(mA)(fA)(mA)(fG)(mA)(mA)(mA)(fC)#(mA)#(mA)-TegChol,UUGGAAAAGAAACAAUAUGC,UUGGAAAAGAAACAAUAUGC,UUGGAAAAGAAACAA,UUGGAAAAGAAACAAUAUGC,True,False,False
Supplemental Table 1,598,BACE1_4543_Asymmetric_2'-OMe/-F,P(mU)#(fG)#(mA)(fA)(fA)(fA)(mG)(fA)(mA)(fA)(mC)(fA)(mA)#(fU)#(mA)#(fU)#(mG)#(mC)#(mU)#(fU),(mG)#(mG)#(fA)(mA)(fA)(mA)(fG)(mA)(fA)(mA)(mC)(mA)(fA)#(mU)#(mA)-TegChol,GGAAAAGAAACAAUAUGCUU,UGAAAAGAAACAAUAUGCUU,GGAAAAGAAACAAUA,GGAAAAGAAACAAUAUGCUU,True,False,False
Supplemental Table 1,599,BACE1_4545_Asymmetric_2'-OMe/-F,P(mU)#(fA)#(mA)(fA)(fG)(fA)(mA)(fA)(mC)(fA)(mA)(fU)(mA)#(fU)#(mG)#(fC)#(mU)#(mU)#(mU)#(fA),(mA)#(mA)#(fA)(mA)(fG)(mA)(fA)(mA)(fC)(mA)(mA)(mU)(fA)#(mU)#(mA)-TegChol,AAAAGAAACAAUAUGCUUUA,UAAAGAAACAAUAUGCUUUA,AAAAGAAACAAUAUA,AAAAGAAACAAUAUGCUUUA,True,False,False
Supplemental Table 1,600,BACE1_4547_Asymmetric_2'-OMe/-F,P(mU)#(fA)#(mG)(fA)(fA)(fA)(mC)(fA)(mA)(fU)(mA)(fU)(mG)#(fC)#(mU)#(fU)#(mU)#(mA)#(mC)#(fA),(mA)#(mA)#(fG)(mA)(fA)(mA)(fC)(mA)(fA)(mU)(mA)(mU)(fG)#(mC)#(mA)-TegChol,AAGAAACAAUAUGCUUUACA,UAGAAACAAUAUGCUUUACA,AAGAAACAAUAUGCA,AAGAAACAAUAUGCUUUACA,True,False,False
Supplemental Table 1,601,BACE1_4549_Asymmetric_2'-OMe/-F,P(mU)#(fA)#(mA)(fA)(fC)(fA)(mA)(fU)(mA)(fU)(mG)(fC)(mU)#(fU)#(mU)#(fA)#(mC)#(mA)#(mC)#(fU),(mG)#(mA)#(fA)(mA)(fC)(mA)(fA)(mU)(fA)(mU)(mG)(mC)(fU)#(mU)#(mA)-TegChol,GAAACAAUAUGCUUUACACU,UAAACAAUAUGCUUUACACU,GAAACAAUAUGCUUA,GAAACAAUAUGCUUUACACU,True,False,False
Supplemental Table 1,602,BACE1_4551_Asymmetric_2'-OMe/-F,P(mU)#(fA)#(mC)(fA)(fA)(fU)(mA)(fU)(mG)(fC)(mU)(fU)(mU)#(fA)#(mC)#(fA)#(mC)#(mU)#(mC)#(fA),(mA)#(mA)#(fC)(mA)(fA)(mU)(fA)(mU)(fG)(mC)(mU)(mU)(fU)#(mA)#(mA)-TegChol,AACAAUAUGCUUUACACUCA,UACAAUAUGCUUUACACUCA,AACAAUAUGCUUUAA,AACAAUAUGCUUUACACUCA,True,False,False
Supplemental Table 1,603,BACE1_4693_Asymmetric_2'-OMe/-F,P(mU)#(fA)#(mG)(fA)(fA)(fC)(mA)(fA)(mU)(fA)(mG)(fA)(mA)#(fC)#(mU)#(fG)#(mG)#(mU)#(mC)#(fU),(mA)#(mA)#(fG)(mA)(fA)(mC)(fA)(mA)(fU)(mA)(mG)(mA)(fA)#(mC)#(mA)-TegChol,AAGAACAAUAGAACUGGUCU,UAGAACAAUAGAACUGGUCU,AAGAACAAUAGAACA,AAGAACAAUAGAACUGGUCU,True,False,False
Supplemental Table 1,604,BACE1_4799_Asymmetric_2'-OMe/-F,P(mU)#(fU)#(mC)(fU)(fG)(fA)(mA)(fG)(mA)(fG)(mC)(fU)(mG)#(fA)#(mG)#(fU)#(mA)#(mC)#(mU)#(fC),(mC)#(mU)#(fC)(mU)(fG)(mA)(fA)(mG)(fA)(mG)(mC)(mU)(fG)#(mA)#(mA)-TegChol,CUCUGAAGAGCUGAGUACUC,UUCUGAAGAGCUGAGUACUC,CUCUGAAGAGCUGAA,CUCUGAAGAGCUGAGUACUC,True,False,False
Supplemental Table 1,605,BACE1_4877_Asymmetric_2'-OMe/-F,P(mU)#(fA)#(mC)(fU)(fG)(fA)(mC)(fG)(mC)(fU)(mA)(fG)(mU)#(fC)#(mA)#(fA)#(mU)#(mA)#(mA)#(fA),(mA)#(mA)#(fC)(mU)(fG)(mA)(fC)(mG)(fC)(mU)(mA)(mG)(fU)#(mC)#(mA)-TegChol,AACUGACGCUAGUCAAUAAA,UACUGACGCUAGUCAAUAAA,AACUGACGCUAGUCA,AACUGACGCUAGUCAAUAAA,True,False,False
Supplemental Table 1,606,BACE1_4886_Asymmetric_2'-OMe/-F,P(mU)#(fA)#(mG)(fU)(fC)(fA)(mA)(fU)(mA)(fA)(mA)(fC)(mC)#(fU)#(mG)#(fG)#(mG)#(mC)#(mA)#(fA),(mU)#(mA)#(fG)(mU)(fC)(mA)(fA)(mU)(fA)(mA)(mA)(mC)(fC)#(mU)#(mA)-TegChol,UAGUCAAUAAACCUGGGCAA,UAGUCAAUAAACCUGGGCAA,UAGUCAAUAAACCUA,UAGUCAAUAAACCUGGGCAA,True,False,False
Supplemental Table 1,607,BACE1_5044_Asymmetric_2'-OMe/-F,P(mU)#(fU)#(mA)(fC)(fU)(fG)(mC)(fU)(mA)(fG)(mU)(fA)(mC)#(fC)#(mU)#(fG)#(mU)#(mA)#(mA)#(fG),(mG)#(mU)#(fA)(mC)(fU)(mG)(fC)(mU)(fA)(mG)(mU)(mA)(fC)#(mC)#(mA)-TegChol,GUACUGCUAGUACCUGUAAG,UUACUGCUAGUACCUGUAAG,GUACUGCUAGUACCA,GUACUGCUAGUACCUGUAAG,True,False,False
Supplemental Table 1,608,BACE1_5163_Asymmetric_2'-OMe/-F,P(mU)#(fA)#(mC)(fU)(fU)(fG)(mU)(fU)(mU)(fA)(mA)(fU)(mU)#(fC)#(mU)#(fA)#(mA)#(mA)#(mA)#(fG),(mU)#(mA)#(fC)(mU)(fU)(mG)(fU)(mU)(fU)(mA)(mA)(mU)(fU)#(mC)#(mA)-TegChol,UACUUGUUUAAUUCUAAAAG,UACUUGUUUAAUUCUAAAAG,UACUUGUUUAAUUCA,UACUUGUUUAAUUCUAAAAG,True,False,False
Supplemental Table 1,609,BACE1_5283_Asymmetric_2'-OMe/-F,P(mU)#(fA)#(mA)(fU)(fU)(fA)(mA)(fG)(mA)(fA)(mG)(fU)(mA)#(fC)#(mA)#(fA)#(mU)#(mA)#(mA)#(fG),(mA)#(mA)#(fA)(mU)(fU)(mA)(fA)(mG)(fA)(mA)(mG)(mU)(fA)#(mC)#(mA)-TegChol,AAAUUAAGAAGUACAAUAAG,UAAUUAAGAAGUACAAUAAG,AAAUUAAGAAGUACA,AAAUUAAGAAGUACAAUAAG,True,False,False
Supplemental Table 1,610,BACE1_5387_Asymmetric_2'-OMe/-F,P(mU)#(fU)#(mC)(fA)(fC)(fU)(mU)(fU)(mG)(fG)(mU)(fC)(mU)#(fC)#(mC)#(fA)#(mU)#(mU)#(mU)#(fU),(mA)#(mU)#(fC)(mA)(fC)(mU)(fU)(mU)(fG)(mG)(mU)(mC)(fU)#(mC)#(mA)-TegChol,AUCACUUUGGUCUCCAUUUU,UUCACUUUGGUCUCCAUUUU,AUCACUUUGGUCUCA,AUCACUUUGGUCUCCAUUUU,True,False,False
Supplemental Table 1,611,BACE1_5548_Asymmetric_2'-OMe/-F,P(mU)#(fC)#(mA)(fA)(fC)(fU)(mU)(fG)(mG)(fU)(mU)(fG)(mU)#(fG)#(mA)#(fA)#(mC)#(mC)#(mA)#(fA),(mA)#(mC)#(fA)(mA)(fC)(mU)(fU)(mG)(fG)(mU)(mU)(mG)(fU)#(mG)#(mA)-TegChol,ACAACUUGGUUGUGAACCAA,UCAACUUGGUUGUGAACCAA,ACAACUUGGUUGUGA,ACAACUUGGUUGUGAACCAA,True,False,False
Supplemental Table 1,612,BACE1_5678_Asymmetric_2'-OMe/-F,P(mU)#(fG)#(mA)(fC)(fA)(fG)(mU)(fG)(mG)(fC)(mA)(fG)(mC)#(fA)#(mA)#(fA)#(mG)#(mG)#(mA)#(fA),(mA)#(mG)#(fA)(mC)(fA)(mG)(fU)(mG)(fG)(mC)(mA)(mG)(fC)#(mA)#(mA)-TegChol,AGACAGUGGCAGCAAAGGAA,UGACAGUGGCAGCAAAGGAA,AGACAGUGGCAGCAA,AGACAGUGGCAGCAAAGGAA,True,False,False
Supplemental Table 1,613,BACE1_5804_Asymmetric_2'-OMe/-F,P(mU)#(fA)#(mU)(fU)(fC)(fU)(mC)(fG)(mG)(fA)(mC)(fU)(mG)#(fU)#(mG)#(fA)#(mA)#(mU)#(mU)#(fU),(mU)#(mA)#(fU)(mU)(fC)(mU)(fC)(mG)(fG)(mA)(mC)(mU)(fG)#(mU)#(mA)-TegChol,UAUUCUCGGACUGUGAAUUU,UAUUCUCGGACUGUGAAUUU,UAUUCUCGGACUGUA,UAUUCUCGGACUGUGAAUUU,True,False,False
Supplemental Table 1,614,MAPT_175_Asymmetric_2'-OMe/-F,P(mU)#(fA)#(mA)(fG)(fU)(fG)(mA)(fU)(mG)(fG)(mA)(fA)(mG)#(fA)#(mU)#(fC)#(mA)#(mC)#(mG)#(fC),(mG)#(mA)#(fA)(mG)(fU)(mG)(fA)(mU)(fG)(mG)(mA)(mA)(fG)#(mA)#(mA)-TegChol,GAAGUGAUGGAAGAUCACGC,UAAGUGAUGGAAGAUCACGC,GAAGUGAUGGAAGAA,GAAGUGAUGGAAGAUCACGC,True,False,False
Supplemental Table 1,615,MAPT_177_Asymmetric_2'-OMe/-F,P(mU)#(fG)#(mU)(fG)(fA)(fU)(mG)(fG)(mA)(fA)(mG)(fA)(mU)#(fC)#(mA)#(fC)#(mG)#(mC)#(mU)#(fG),(mA)#(mG)#(fU)(mG)(fA)(mU)(fG)(mG)(fA)(mA)(mG)(mA)(fU)#(mC)#(mA)-TegChol,AGUGAUGGAAGAUCACGCUG,UGUGAUGGAAGAUCACGCUG,AGUGAUGGAAGAUCA,AGUGAUGGAAGAUCACGCUG,True,False,False
Supplemental Table 1,616,MAPT_179_Asymmetric_2'-OMe/-F,P(mU)#(fG)#(mA)(fU)(fG)(fG)(mA)(fA)(mG)(fA)(mU)(fC)(mA)#(fC)#(mG)#(fC)#(mU)#(mG)#(mG)#(fG),(mU)#(mG)#(fA)(mU)(fG)(mG)(fA)(mA)(fG)(mA)(mU)(mC)(fA)#(mC)#(mA)-TegChol,UGAUGGAAGAUCACGCUGGG,UGAUGGAAGAUCACGCUGGG,UGAUGGAAGAUCACA,UGAUGGAAGAUCACGCUGGG,True,False,False
Supplemental Table 1,617,MAPT_181_Asymmetric_2'-OMe/-F,P(mU)#(fU)#(mG)(fG)(fA)(fA)(mG)(fA)(mU)(fC)(mA)(fC)(mG)#(fC)#(mU)#(fG)#(mG)#(mG)#(mA)#(fC),(mA)#(mU)#(fG)(mG)(fA)(mA)(fG)(mA)(fU)(mC)(mA)(mC)(fG)#(mC)#(mA)-TegChol,AUGGAAGAUCACGCUGGGAC,UUGGAAGAUCACGCUGGGAC,AUGGAAGAUCACGCA,AUGGAAGAUCACGCUGGGAC,True,False,False
Supplemental Table 1,618,MAPT_185_Asymmetric_2'-OMe/-F,P(mU)#(fA)#(mG)(fA)(fU)(fC)(mA)(fC)(mG)(fC)(mU)(fG)(mG)#(fG)#(mA)#(fC)#(mG)#(mU)#(mA)#(fC),(mA)#(mA)#(fG)(mA)(fU)(mC)(fA)(mC)(fG)(mC)(mU)(mG)(fG)#(mG)#(mA)-TegChol,AAGAUCACGCUGGGACGUAC,UAGAUCACGCUGGGACGUAC,AAGAUCACGCUGGGA,AAGAUCACGCUGGGACGUAC,True,False,False
Supplemental Table 1,619,MAPT_350_Asymmetric_2'-OMe/-F,P(mU)#(fG)#(mA)(fG)(fC)(fA)(mC)(fU)(mC)(fC)(mA)(fA)(mC)#(fA)#(mG)#(fC)#(mG)#(mG)#(mA)#(fA),(mA)#(mG)#(fA)(mG)(fC)(mA)(fC)(mU)(fC)(mC)(mA)(mA)(fC)#(mA)#(mA)-TegChol,AGAGCACUCCAACAGCGGAA,UGAGCACUCCAACAGCGGAA,AGAGCACUCCAACAA,AGAGCACUCCAACAGCGGAA,True,False,False
Supplemental Table 1,620,MAPT_454_Asymmetric_2'-OMe/-F,P(mU)#(fC)#(mA)(fG)(fC)(fU)(mG)(fA)(mA)(fG)(mA)(fA)(mG)#(fC)#(mA)#(fG)#(mG)#(mC)#(mA)#(fU),(mA)#(mC)#(fA)(mG)(fC)(mU)(fG)(mA)(fA)(mG)(mA)(mA)(fG)#(mC)#(mA)-TegChol,ACAGCUGAAGAAGCAGGCAU,UCAGCUGAAGAAGCAGGCAU,ACAGCUGAAGAAGCA,ACAGCUGAAGAAGCAGGCAU,True,False,False
Supplemental Table 1,621,MAPT_724_Asymmetric_2'-OMe/-F,P(mU)#(fU)#(mU)(fC)(fU)(fA)(mG)(fG)(mA)(fG)(mA)(fC)(mC)#(fU)#(mG)#(fC)#(mA)#(mC)#(mC)#(fA),(mC)#(mU)#(fU)(mC)(fU)(mA)(fG)(mG)(fA)(mG)(mA)(mC)(fC)#(mU)#(mA)-TegChol,CUUCUAGGAGACCUGCACCA,UUUCUAGGAGACCUGCACCA,CUUCUAGGAGACCUA,CUUCUAGGAGACCUGCACCA,True,False,False
Supplemental Table 1,622,MAPT_1059_Asymmetric_2'-OMe/-F,P(mU)#(fC)#(mA)(fC)(fG)(fU)(mG)(fG)(mA)(fA)(mA)(fU)(mC)#(fA)#(mC)#(fA)#(mC)#(mC)#(mC)#(fA),(mU)#(mC)#(fA)(mC)(fG)(mU)(fG)(mG)(fA)(mA)(mA)(mU)(fC)#(mA)#(mA)-TegChol,UCACGUGGAAAUCACACCCA,UCACGUGGAAAUCACACCCA,UCACGUGGAAAUCAA,UCACGUGGAAAUCACACCCA,True,False,False
Supplemental Table 1,623,MAPT_1213_Asymmetric_2'-OMe/-F,P(mU)#(fC)#(mU)(fG)(fA)(fA)(mA)(fA)(mG)(fC)(mA)(fG)(mC)#(fC)#(mU)#(fG)#(mC)#(mU)#(mG)#(fC),(mU)#(mC)#(fU)(mG)(fA)(mA)(fA)(mA)(fG)(mC)(mA)(mG)(fC)#(mC)#(mA)-TegChol,UCUGAAAAGCAGCCUGCUGC,UCUGAAAAGCAGCCUGCUGC,UCUGAAAAGCAGCCA,UCUGAAAAGCAGCCUGCUGC,True,False,False
Supplemental Table 1,624,MAPT_1312_Asymmetric_2'-OMe/-F,P(mU)#(fG)#(mC)(fG)(fA)(fU)(mG)(fA)(mC)(fA)(mA)(fA)(mA)#(fA)#(mA)#(fG)#(mC)#(mC)#(mA)#(fA),(mA)#(mG)#(fC)(mG)(fA)(mU)(fG)(mA)(fC)(mA)(mA)(mA)(fA)#(mA)#(mA)-TegChol,AGCGAUGACAAAAAAGCCAA,UGCGAUGACAAAAAAGCCAA,AGCGAUGACAAAAAA,AGCGAUGACAAAAAAGCCAA,True,False,False
Supplemental Table 1,625,MAPT_1402_Asymmetric_2'-OMe/-F,P(mU)#(fG)#(mU)(fA)(fG)(fC)(mU)(fC)(mA)(fG)(mA)(fC)(mC)#(fC)#(mU)#(fC)#(mU)#(mG)#(mA)#(fU),(mG)#(mG)#(fU)(mA)(fG)(mC)(fU)(mC)(fA)(mG)(mA)(mC)(fC)#(mC)#(mA)-TegChol,GGUAGCUCAGACCCUCUGAU,UGUAGCUCAGACCCUCUGAU,GGUAGCUCAGACCCA,GGUAGCUCAGACCCUCUGAU,True,False,False
Supplemental Table 1,626,MAPT_1498_Asymmetric_2'-OMe/-F,P(mU)#(fG)#(mC)(fA)(fG)(fU)(mU)(fC)(mU)(fG)(mG)(fA)(mG)#(fC)#(mA)#(fA)#(mA)#(mG)#(mG)#(fA),(mG)#(mG)#(fC)(mA)(fG)(mU)(fU)(mC)(fU)(mG)(mG)(mA)(fG)#(mC)#(mA)-TegChol,GGCAGUUCUGGAGCAAAGGA,UGCAGUUCUGGAGCAAAGGA,GGCAGUUCUGGAGCA,GGCAGUUCUGGAGCAAAGGA,True,False,False
Supplemental Table 1,627,MAPT_1943_Asymmetric_2'-OMe/-F,P(mU)#(fU)#(mG)(fA)(fG)(fA)(mA)(fC)(mC)(fU)(mG)(fA)(mA)#(fG)#(mC)#(fA)#(mC)#(mC)#(mA)#(fG),(mC)#(mU)#(fG)(mA)(fG)(mA)(fA)(mC)(fC)(mU)(mG)(mA)(fA)#(mG)#(mA)-TegChol,CUGAGAACCUGAAGCACCAG,UUGAGAACCUGAAGCACCAG,CUGAGAACCUGAAGA,CUGAGAACCUGAAGCACCAG,True,False,False
Supplemental Table 1,628,MAPT_2019_Asymmetric_2'-OMe/-F,P(mU)#(fU)#(mC)(fC)(fA)(fA)(mG)(fU)(mG)(fU)(mG)(fG)(mC)#(fU)#(mC)#(fA)#(mA)#(mA)#(mG)#(fG),(mG)#(mU)#(fC)(mC)(fA)(mA)(fG)(mU)(fG)(mU)(mG)(mG)(fC)#(mU)#(mA)-TegChol,GUCCAAGUGUGGCUCAAAGG,UUCCAAGUGUGGCUCAAAGG,GUCCAAGUGUGGCUA,GUCCAAGUGUGGCUCAAAGG,True,False,False
Supplemental Table 1,629,MAPT_2075_Asymmetric_2'-OMe/-F,P(mU)#(fA)#(mA)(fU)(fA)(fG)(mU)(fC)(mU)(fA)(mC)(fA)(mA)#(fA)#(mC)#(fC)#(mA)#(mG)#(mU)#(fU),(mA)#(mA)#(fA)(mU)(fA)(mG)(fU)(mC)(fU)(mA)(mC)(mA)(fA)#(mA)#(mA)-TegChol,AAAUAGUCUACAAACCAGUU,UAAUAGUCUACAAACCAGUU,AAAUAGUCUACAAAA,AAAUAGUCUACAAACCAGUU,True,False,False
Supplemental Table 1,630,MAPT_2077_Asymmetric_2'-OMe/-F,P(mU)#(fU)#(mA)(fG)(fU)(fC)(mU)(fA)(mC)(fA)(mA)(fA)(mC)#(fC)#(mA)#(fG)#(mU)#(mU)#(mG)#(fA),(mA)#(mU)#(fA)(mG)(fU)(mC)(fU)(mA)(fC)(mA)(mA)(mA)(fC)#(mC)#(mA)-TegChol,AUAGUCUACAAACCAGUUGA,UUAGUCUACAAACCAGUUGA,AUAGUCUACAAACCA,AUAGUCUACAAACCAGUUGA,True,False,False
Supplemental Table 1,631,MAPT_2079_Asymmetric_2'-OMe/-F,P(mU)#(fG)#(mU)(fC)(fU)(fA)(mC)(fA)(mA)(fA)(mC)(fC)(mA)#(fG)#(mU)#(fU)#(mG)#(mA)#(mC)#(fC),(mA)#(mG)#(fU)(mC)(fU)(mA)(fC)(mA)(fA)(mA)(mC)(mC)(fA)#(mG)#(mA)-TegChol,AGUCUACAAACCAGUUGACC,UGUCUACAAACCAGUUGACC,AGUCUACAAACCAGA,AGUCUACAAACCAGUUGACC,True,False,False
Supplemental Table 1,632,MAPT_2081_Asymmetric_2'-OMe/-F,P(mU)#(fC)#(mU)(fA)(fC)(fA)(mA)(fA)(mC)(fC)(mA)(fG)(mU)#(fU)#(mG)#(fA)#(mC)#(mC)#(mU)#(fG),(mU)#(mC)#(fU)(mA)(fC)(mA)(fA)(mA)(fC)(mC)(mA)(mG)(fU)#(mU)#(mA)-TegChol,UCUACAAACCAGUUGACCUG,UCUACAAACCAGUUGACCUG,UCUACAAACCAGUUA,UCUACAAACCAGUUGACCUG,True,False,False
Supplemental Table 1,633,MAPT_2083_Asymmetric_2'-OMe/-F,P(mU)#(fA)#(mC)(fA)(fA)(fA)(mC)(fC)(mA)(fG)(mU)(fU)(mG)#(fA)#(mC)#(fC)#(mU)#(mG)#(mA)#(fG),(mU)#(mA)#(fC)(mA)(fA)(mA)(fC)(mC)(fA)(mG)(mU)(mU)(fG)#(mA)#(mA)-TegChol,UACAAACCAGUUGACCUGAG,UACAAACCAGUUGACCUGAG,UACAAACCAGUUGAA,UACAAACCAGUUGACCUGAG,True,False,False
Supplemental Table 1,634,MAPT_2085_Asymmetric_2'-OMe/-F,P(mU)#(fA)#(mA)(fA)(fC)(fC)(mA)(fG)(mU)(fU)(mG)(fA)(mC)#(fC)#(mU)#(fG)#(mA)#(mG)#(mC)#(fA),(mC)#(mA)#(fA)(mA)(fC)(mC)(fA)(mG)(fU)(mU)(mG)(mA)(fC)#(mC)#(mA)-TegChol,CAAACCAGUUGACCUGAGCA,UAAACCAGUUGACCUGAGCA,CAAACCAGUUGACCA,CAAACCAGUUGACCUGAGCA,True,False,False
Supplemental Table 1,635,MAPT_2087_Asymmetric_2'-OMe/-F,P(mU)#(fA)#(mC)(fC)(fA)(fG)(mU)(fU)(mG)(fA)(mC)(fC)(mU)#(fG)#(mA)#(fG)#(mC)#(mA)#(mA)#(fG),(mA)#(mA)#(fC)(mC)(fA)(mG)(fU)(mU)(fG)(mA)(mC)(mC)(fU)#(mG)#(mA)-TegChol,AACCAGUUGACCUGAGCAAG,UACCAGUUGACCUGAGCAAG,AACCAGUUGACCUGA,AACCAGUUGACCUGAGCAAG,True,False,False
Supplemental Table 1,636,MAPT_2089_Asymmetric_2'-OMe/-F,P(mU)#(fC)#(mA)(fG)(fU)(fU)(mG)(fA)(mC)(fC)(mU)(fG)(mA)#(fG)#(mC)#(fA)#(mA)#(mG)#(mG)#(fU),(mC)#(mC)#(fA)(mG)(fU)(mU)(fG)(mA)(fC)(mC)(mU)(mG)(fA)#(mG)#(mA)-TegChol,CCAGUUGACCUGAGCAAGGU,UCAGUUGACCUGAGCAAGGU,CCAGUUGACCUGAGA,CCAGUUGACCUGAGCAAGGU,True,False,False
Supplemental Table 1,637,MAPT_2091_Asymmetric_2'-OMe/-F,P(mU)#(fG)#(mU)(fU)(fG)(fA)(mC)(fC)(mU)(fG)(mA)(fG)(mC)#(fA)#(mA)#(fG)#(mG)#(mU)#(mG)#(fA),(mA)#(mG)#(fU)(mU)(fG)(mA)(fC)(mC)(fU)(mG)(mA)(mG)(fC)#(mA)#(mA)-TegChol,AGUUGACCUGAGCAAGGUGA,UGUUGACCUGAGCAAGGUGA,AGUUGACCUGAGCAA,AGUUGACCUGAGCAAGGUGA,True,False,False
Supplemental Table 1,638,MAPT_2093_Asymmetric_2'-OMe/-F,P(mU)#(fU)#(mG)(fA)(fC)(fC)(mU)(fG)(mA)(fG)(mC)(fA)(mA)#(fG)#(mG)#(fU)#(mG)#(mA)#(mC)#(fC),(mU)#(mU)#(fG)(mA)(fC)(mC)(fU)(mG)(fA)(mG)(mC)(mA)(fA)#(mG)#(mA)-TegChol,UUGACCUGAGCAAGGUGACC,UUGACCUGAGCAAGGUGACC,UUGACCUGAGCAAGA,UUGACCUGAGCAAGGUGACC,True,False,False
Supplemental Table 1,639,MAPT_2142_Asymmetric_2'-OMe/-F,P(mU)#(fC)#(mA)(fU)(fA)(fA)(mA)(fC)(mC)(fA)(mG)(fG)(mA)#(fG)#(mG)#(fU)#(mG)#(mG)#(mC)#(fC),(mU)#(mC)#(fA)(mU)(fA)(mA)(fA)(mC)(fC)(mA)(mG)(mG)(fA)#(mG)#(mA)-TegChol,UCAUAAACCAGGAGGUGGCC,UCAUAAACCAGGAGGUGGCC,UCAUAAACCAGGAGA,UCAUAAACCAGGAGGUGGCC,True,False,False
Supplemental Table 1,640,MAPT_2154_Asymmetric_2'-OMe/-F,P(mU)#(fG)#(mG)(fU)(fG)(fG)(mC)(fC)(mA)(fG)(mG)(fU)(mG)#(fG)#(mA)#(fA)#(mG)#(mU)#(mA)#(fA),(mA)#(mG)#(fG)(mU)(fG)(mG)(fC)(mC)(fA)(mG)(mG)(mU)(fG)#(mG)#(mA)-TegChol,AGGUGGCCAGGUGGAAGUAA,UGGUGGCCAGGUGGAAGUAA,AGGUGGCCAGGUGGA,AGGUGGCCAGGUGGAAGUAA,True,False,False
Supplemental Table 1,641,MAPT_2155_Asymmetric_2'-OMe/-F,P(mU)#(fG)#(mU)(fG)(fG)(fC)(mC)(fA)(mG)(fG)(mU)(fG)(mG)#(fA)#(mA)#(fG)#(mU)#(mA)#(mA)#(fA),(mG)#(mG)#(fU)(mG)(fG)(mC)(fC)(mA)(fG)(mG)(mU)(mG)(fG)#(mA)#(mA)-TegChol,GGUGGCCAGGUGGAAGUAAA,UGUGGCCAGGUGGAAGUAAA,GGUGGCCAGGUGGAA,GGUGGCCAGGUGGAAGUAAA,True,False,False
Supplemental Table 1,642,MAPT_2156_Asymmetric_2'-OMe/-F,P(mU)#(fU)#(mG)(fG)(fC)(fC)(mA)(fG)(mG)(fU)(mG)(fG)(mA)#(fA)#(mG)#(fU)#(mA)#(mA)#(mA)#(fA),(mG)#(mU)#(fG)(mG)(fC)(mC)(fA)(mG)(fG)(mU)(mG)(mG)(fA)#(mA)#(mA)-TegChol,GUGGCCAGGUGGAAGUAAAA,UUGGCCAGGUGGAAGUAAAA,GUGGCCAGGUGGAAA,GUGGCCAGGUGGAAGUAAAA,True,False,False
Supplemental Table 1,643,MAPT_2157_Asymmetric_2'-OMe/-F,P(mU)#(fG)#(mG)(fC)(fC)(fA)(mG)(fG)(mU)(fG)(mG)(fA)(mA)#(fG)#(mU)#(fA)#(mA)#(mA)#(mA)#(fU),(mU)#(mG)#(fG)(mC)(fC)(mA)(fG)(mG)(fU)(mG)(mG)(mA)(fA)#(mG)#(mA)-TegChol,UGGCCAGGUGGAAGUAAAAU,UGGCCAGGUGGAAGUAAAAU,UGGCCAGGUGGAAGA,UGGCCAGGUGGAAGUAAAAU,True,False,False
Supplemental Table 1,644,MAPT_2158_Asymmetric_2'-OMe/-F,P(mU)#(fG)#(mC)(fC)(fA)(fG)(mG)(fU)(mG)(fG)(mA)(fA)(mG)#(fU)#(mA)#(fA)#(mA)#(mA)#(mU)#(fC),(mG)#(mG)#(fC)(mC)(fA)(mG)(fG)(mU)(fG)(mG)(mA)(mA)(fG)#(mU)#(mA)-TegChol,GGCCAGGUGGAAGUAAAAUC,UGCCAGGUGGAAGUAAAAUC,GGCCAGGUGGAAGUA,GGCCAGGUGGAAGUAAAAUC,True,False,False
Supplemental Table 1,645,MAPT_2159_Asymmetric_2'-OMe/-F,P(mU)#(fC)#(mC)(fA)(fG)(fG)(mU)(fG)(mG)(fA)(mA)(fG)(mU)#(fA)#(mA)#(fA)#(mA)#(mU)#(mC)#(fU),(mG)#(mC)#(fC)(mA)(fG)(mG)(fU)(mG)(fG)(mA)(mA)(mG)(fU)#(mA)#(mA)-TegChol,GCCAGGUGGAAGUAAAAUCU,UCCAGGUGGAAGUAAAAUCU,GCCAGGUGGAAGUAA,GCCAGGUGGAAGUAAAAUCU,True,False,False
Supplemental Table 1,646,MAPT_2160_Asymmetric_2'-OMe/-F,P(mU)#(fC)#(mA)(fG)(fG)(fU)(mG)(fG)(mA)(fA)(mG)(fU)(mA)#(fA)#(mA)#(fA)#(mU)#(mC)#(mU)#(fG),(mC)#(mC)#(fA)(mG)(fG)(mU)(fG)(mG)(fA)(mA)(mG)(mU)(fA)#(mA)#(mA)-TegChol,CCAGGUGGAAGUAAAAUCUG,UCAGGUGGAAGUAAAAUCUG,CCAGGUGGAAGUAAA,CCAGGUGGAAGUAAAAUCUG,True,False,False
Supplemental Table 1,647,MAPT_2161_Asymmetric_2'-OMe/-F,P(mU)#(fA)#(mG)(fG)(fU)(fG)(mG)(fA)(mA)(fG)(mU)(fA)(mA)#(fA)#(mA)#(fU)#(mC)#(mU)#(mG)#(fA),(mC)#(mA)#(fG)(mG)(fU)(mG)(fG)(mA)(fA)(mG)(mU)(mA)(fA)#(mA)#(mA)-TegChol,CAGGUGGAAGUAAAAUCUGA,UAGGUGGAAGUAAAAUCUGA,CAGGUGGAAGUAAAA,CAGGUGGAAGUAAAAUCUGA,True,False,False
Supplemental Table 1,648,MAPT_2162_Asymmetric_2'-OMe/-F,P(mU)#(fG)#(mG)(fU)(fG)(fG)(mA)(fA)(mG)(fU)(mA)(fA)(mA)#(fA)#(mU)#(fC)#(mU)#(mG)#(mA)#(fG),(mA)#(mG)#(fG)(mU)(fG)(mG)(fA)(mA)(fG)(mU)(mA)(mA)(fA)#(mA)#(mA)-TegChol,AGGUGGAAGUAAAAUCUGAG,UGGUGGAAGUAAAAUCUGAG,AGGUGGAAGUAAAAA,AGGUGGAAGUAAAAUCUGAG,True,False,False
Supplemental Table 1,649,MAPT_2163_Asymmetric_2'-OMe/-F,P(mU)#(fG)#(mU)(fG)(fG)(fA)(mA)(fG)(mU)(fA)(mA)(fA)(mA)#(fU)#(mC)#(fU)#(mG)#(mA)#(mG)#(fA),(mG)#(mG)#(fU)(mG)(fG)(mA)(fA)(mG)(fU)(mA)(mA)(mA)(fA)#(mU)#(mA)-TegChol,GGUGGAAGUAAAAUCUGAGA,UGUGGAAGUAAAAUCUGAGA,GGUGGAAGUAAAAUA,GGUGGAAGUAAAAUCUGAGA,True,False,False
Supplemental Table 1,650,MAPT_2164_Asymmetric_2'-OMe/-F,P(mU)#(fU)#(mG)(fG)(fA)(fA)(mG)(fU)(mA)(fA)(mA)(fA)(mU)#(fC)#(mU)#(fG)#(mA)#(mG)#(mA)#(fA),(mG)#(mU)#(fG)(mG)(fA)(mA)(fG)(mU)(fA)(mA)(mA)(mA)(fU)#(mC)#(mA)-TegChol,GUGGAAGUAAAAUCUGAGAA,UUGGAAGUAAAAUCUGAGAA,GUGGAAGUAAAAUCA,GUGGAAGUAAAAUCUGAGAA,True,False,False
Supplemental Table 1,651,MAPT_2165_Asymmetric_2'-OMe/-F,P(mU)#(fG)#(mG)(fA)(fA)(fG)(mU)(fA)(mA)(fA)(mA)(fU)(mC)#(fU)#(mG)#(fA)#(mG)#(mA)#(mA)#(fG),(mU)#(mG)#(fG)(mA)(fA)(mG)(fU)(mA)(fA)(mA)(mA)(mU)(fC)#(mU)#(mA)-TegChol,UGGAAGUAAAAUCUGAGAAG,UGGAAGUAAAAUCUGAGAAG,UGGAAGUAAAAUCUA,UGGAAGUAAAAUCUGAGAAG,True,False,False
Supplemental Table 1,652,MAPT_2166_Asymmetric_2'-OMe/-F,P(mU)#(fG)#(mA)(fA)(fG)(fU)(mA)(fA)(mA)(fA)(mU)(fC)(mU)#(fG)#(mA)#(fG)#(mA)#(mA)#(mG)#(fC),(mG)#(mG)#(fA)(mA)(fG)(mU)(fA)(mA)(fA)(mA)(mU)(mC)(fU)#(mG)#(mA)-TegChol,GGAAGUAAAAUCUGAGAAGC,UGAAGUAAAAUCUGAGAAGC,GGAAGUAAAAUCUGA,GGAAGUAAAAUCUGAGAAGC,True,False,False
Supplemental Table 1,653,MAPT_2167_Asymmetric_2'-OMe/-F,P(mU)#(fA)#(mA)(fG)(fU)(fA)(mA)(fA)(mA)(fU)(mC)(fU)(mG)#(fA)#(mG)#(fA)#(mA)#(mG)#(mC)#(fU),(mG)#(mA)#(fA)(mG)(fU)(mA)(fA)(mA)(fA)(mU)(mC)(mU)(fG)#(mA)#(mA)-TegChol,GAAGUAAAAUCUGAGAAGCU,UAAGUAAAAUCUGAGAAGCU,GAAGUAAAAUCUGAA,GAAGUAAAAUCUGAGAAGCU,True,False,False
Supplemental Table 1,654,MAPT_2168_Asymmetric_2'-OMe/-F,P(mU)#(fA)#(mG)(fU)(fA)(fA)(mA)(fA)(mU)(fC)(mU)(fG)(mA)#(fG)#(mA)#(fA)#(mG)#(mC)#(mU)#(fU),(mA)#(mA)#(fG)(mU)(fA)(mA)(fA)(mA)(fU)(mC)(mU)(mG)(fA)#(mG)#(mA)-TegChol,AAGUAAAAUCUGAGAAGCUU,UAGUAAAAUCUGAGAAGCUU,AAGUAAAAUCUGAGA,AAGUAAAAUCUGAGAAGCUU,True,False,False
Supplemental Table 1,655,MAPT_2169_Asymmetric_2'-OMe/-F,P(mU)#(fG)#(mU)(fA)(fA)(fA)(mA)(fU)(mC)(fU)(mG)(fA)(mG)#(fA)#(mA)#(fG)#(mC)#(mU)#(mU)#(fG),(mA)#(mG)#(fU)(mA)(fA)(mA)(fA)(mU)(fC)(mU)(mG)(mA)(fG)#(mA)#(mA)-TegChol,AGUAAAAUCUGAGAAGCUUG,UGUAAAAUCUGAGAAGCUUG,AGUAAAAUCUGAGAA,AGUAAAAUCUGAGAAGCUUG,True,False,False
Supplemental Table 1,656,MAPT_2171_Asymmetric_2'-OMe/-F,P(mU)#(fA)#(mA)(fA)(fA)(fU)(mC)(fU)(mG)(fA)(mG)(fA)(mA)#(fG)#(mC)#(fU)#(mU)#(mG)#(mA)#(fC),(mU)#(mA)#(fA)(mA)(fA)(mU)(fC)(mU)(fG)(mA)(mG)(mA)(fA)#(mG)#(mA)-TegChol,UAAAAUCUGAGAAGCUUGAC,UAAAAUCUGAGAAGCUUGAC,UAAAAUCUGAGAAGA,UAAAAUCUGAGAAGCUUGAC,True,False,False
Supplemental Table 1,657,MAPT_2173_Asymmetric_2'-OMe/-F,P(mU)#(fA)#(mA)(fU)(fC)(fU)(mG)(fA)(mG)(fA)(mA)(fG)(mC)#(fU)#(mU)#(fG)#(mA)#(mC)#(mU)#(fU),(mA)#(mA)#(fA)(mU)(fC)(mU)(fG)(mA)(fG)(mA)(mA)(mG)(fC)#(mU)#(mA)-TegChol,AAAUCUGAGAAGCUUGACUU,UAAUCUGAGAAGCUUGACUU,AAAUCUGAGAAGCUA,AAAUCUGAGAAGCUUGACUU,True,False,False
Supplemental Table 1,658,MAPT_2196_Asymmetric_2'-OMe/-F,P(mU)#(fG)#(mA)(fC)(fA)(fG)(mA)(fG)(mU)(fC)(mC)(fA)(mG)#(fU)#(mC)#(fG)#(mA)#(mA)#(mG)#(fA),(mG)#(mG)#(fA)(mC)(fA)(mG)(fA)(mG)(fU)(mC)(mC)(mA)(fG)#(mU)#(mA)-TegChol,GGACAGAGUCCAGUCGAAGA,UGACAGAGUCCAGUCGAAGA,GGACAGAGUCCAGUA,GGACAGAGUCCAGUCGAAGA,True,False,False
Supplemental Table 1,659,MAPT_2198_Asymmetric_2'-OMe/-F,P(mU)#(fC)#(mA)(fG)(fA)(fG)(mU)(fC)(mC)(fA)(mG)(fU)(mC)#(fG)#(mA)#(fA)#(mG)#(mA)#(mU)#(fU),(mA)#(mC)#(fA)(mG)(fA)(mG)(fU)(mC)(fC)(mA)(mG)(mU)(fC)#(mG)#(mA)-TegChol,ACAGAGUCCAGUCGAAGAUU,UCAGAGUCCAGUCGAAGAUU,ACAGAGUCCAGUCGA,ACAGAGUCCAGUCGAAGAUU,True,False,False
Supplemental Table 1,660,MAPT_2200_Asymmetric_2'-OMe/-F,P(mU)#(fG)#(mA)(fG)(fU)(fC)(mC)(fA)(mG)(fU)(mC)(fG)(mA)#(fA)#(mG)#(fA)#(mU)#(mU)#(mG)#(fG),(mA)#(mG)#(fA)(mG)(fU)(mC)(fC)(mA)(fG)(mU)(mC)(mG)(fA)#(mA)#(mA)-TegChol,AGAGUCCAGUCGAAGAUUGG,UGAGUCCAGUCGAAGAUUGG,AGAGUCCAGUCGAAA,AGAGUCCAGUCGAAGAUUGG,True,False,False
Supplemental Table 1,661,MAPT_2202_Asymmetric_2'-OMe/-F,P(mU)#(fG)#(mU)(fC)(fC)(fA)(mG)(fU)(mC)(fG)(mA)(fA)(mG)#(fA)#(mU)#(fU)#(mG)#(mG)#(mG)#(fU),(mA)#(mG)#(fU)(mC)(fC)(mA)(fG)(mU)(fC)(mG)(mA)(mA)(fG)#(mA)#(mA)-TegChol,AGUCCAGUCGAAGAUUGGGU,UGUCCAGUCGAAGAUUGGGU,AGUCCAGUCGAAGAA,AGUCCAGUCGAAGAUUGGGU,True,False,False
Supplemental Table 1,662,MAPT_2204_Asymmetric_2'-OMe/-F,P(mU)#(fC)#(mC)(fA)(fG)(fU)(mC)(fG)(mA)(fA)(mG)(fA)(mU)#(fU)#(mG)#(fG)#(mG)#(mU)#(mC)#(fC),(mU)#(mC)#(fC)(mA)(fG)(mU)(fC)(mG)(fA)(mA)(mG)(mA)(fU)#(mU)#(mA)-TegChol,UCCAGUCGAAGAUUGGGUCC,UCCAGUCGAAGAUUGGGUCC,UCCAGUCGAAGAUUA,UCCAGUCGAAGAUUGGGUCC,True,False,False
Supplemental Table 1,663,MAPT_2206_Asymmetric_2'-OMe/-F,P(mU)#(fA)#(mG)(fU)(fC)(fG)(mA)(fA)(mG)(fA)(mU)(fU)(mG)#(fG)#(mG)#(fU)#(mC)#(mC)#(mC)#(fU),(mC)#(mA)#(fG)(mU)(fC)(mG)(fA)(mA)(fG)(mA)(mU)(mU)(fG)#(mG)#(mA)-TegChol,CAGUCGAAGAUUGGGUCCCU,UAGUCGAAGAUUGGGUCCCU,CAGUCGAAGAUUGGA,CAGUCGAAGAUUGGGUCCCU,True,False,False
Supplemental Table 1,664,MAPT_2212_Asymmetric_2'-OMe/-F,P(mU)#(fA)#(mG)(fA)(fU)(fU)(mG)(fG)(mG)(fU)(mC)(fC)(mC)#(fU)#(mG)#(fG)#(mA)#(mC)#(mA)#(fA),(mA)#(mA)#(fG)(mA)(fU)(mU)(fG)(mG)(fG)(mU)(mC)(mC)(fC)#(mU)#(mA)-TegChol,AAGAUUGGGUCCCUGGACAA,UAGAUUGGGUCCCUGGACAA,AAGAUUGGGUCCCUA,AAGAUUGGGUCCCUGGACAA,True,False,False
Supplemental Table 1,665,MAPT_2214_Asymmetric_2'-OMe/-F,P(mU)#(fA)#(mU)(fU)(fG)(fG)(mG)(fU)(mC)(fC)(mC)(fU)(mG)#(fG)#(mA)#(fC)#(mA)#(mA)#(mU)#(fA),(mG)#(mA)#(fU)(mU)(fG)(mG)(fG)(mU)(fC)(mC)(mC)(mU)(fG)#(mG)#(mA)-TegChol,GAUUGGGUCCCUGGACAAUA,UAUUGGGUCCCUGGACAAUA,GAUUGGGUCCCUGGA,GAUUGGGUCCCUGGACAAUA,True,False,False
Supplemental Table 1,666,MAPT_2216_Asymmetric_2'-OMe/-F,P(mU)#(fU)#(mG)(fG)(fG)(fU)(mC)(fC)(mC)(fU)(mG)(fG)(mA)#(fC)#(mA)#(fA)#(mU)#(mA)#(mU)#(fC),(mU)#(mU)#(fG)(mG)(fG)(mU)(fC)(mC)(fC)(mU)(mG)(mG)(fA)#(mC)#(mA)-TegChol,UUGGGUCCCUGGACAAUAUC,UUGGGUCCCUGGACAAUAUC,UUGGGUCCCUGGACA,UUGGGUCCCUGGACAAUAUC,True,False,False
Supplemental Table 1,667,MAPT_2243_Asymmetric_2'-OMe/-F,P(mU)#(fC)#(mC)(fC)(fU)(fG)(mG)(fC)(mG)(fG)(mA)(fG)(mG)#(fA)#(mA)#(fA)#(mU)#(mA)#(mA)#(fA),(mU)#(mC)#(fC)(mC)(fU)(mG)(fG)(mC)(fG)(mG)(mA)(mG)(fG)#(mA)#(mA)-TegChol,UCCCUGGCGGAGGAAAUAAA,UCCCUGGCGGAGGAAAUAAA,UCCCUGGCGGAGGAA,UCCCUGGCGGAGGAAAUAAA,True,False,False
Supplemental Table 1,668,MAPT_2245_Asymmetric_2'-OMe/-F,P(mU)#(fC)#(mU)(fG)(fG)(fC)(mG)(fG)(mA)(fG)(mG)(fA)(mA)#(fA)#(mU)#(fA)#(mA)#(mA)#(mA)#(fA),(mC)#(mC)#(fU)(mG)(fG)(mC)(fG)(mG)(fA)(mG)(mG)(mA)(fA)#(mA)#(mA)-TegChol,CCUGGCGGAGGAAAUAAAAA,UCUGGCGGAGGAAAUAAAAA,CCUGGCGGAGGAAAA,CCUGGCGGAGGAAAUAAAAA,True,False,False
Supplemental Table 1,669,MAPT_2247_Asymmetric_2'-OMe/-F,P(mU)#(fG)#(mG)(fC)(fG)(fG)(mA)(fG)(mG)(fA)(mA)(fA)(mU)#(fA)#(mA)#(fA)#(mA)#(mA)#(mG)#(fA),(mU)#(mG)#(fG)(mC)(fG)(mG)(fA)(mG)(fG)(mA)(mA)(mA)(fU)#(mA)#(mA)-TegChol,UGGCGGAGGAAAUAAAAAGA,UGGCGGAGGAAAUAAAAAGA,UGGCGGAGGAAAUAA,UGGCGGAGGAAAUAAAAAGA,True,False,False
Supplemental Table 1,670,MAPT_2249_Asymmetric_2'-OMe/-F,P(mU)#(fC)#(mG)(fG)(fA)(fG)(mG)(fA)(mA)(fA)(mU)(fA)(mA)#(fA)#(mA)#(fA)#(mG)#(mA)#(mU)#(fU),(mG)#(mC)#(fG)(mG)(fA)(mG)(fG)(mA)(fA)(mA)(mU)(mA)(fA)#(mA)#(mA)-TegChol,GCGGAGGAAAUAAAAAGAUU,UCGGAGGAAAUAAAAAGAUU,GCGGAGGAAAUAAAA,GCGGAGGAAAUAAAAAGAUU,True,False,False
Supplemental Table 1,671,MAPT_2251_Asymmetric_2'-OMe/-F,P(mU)#(fG)#(mA)(fG)(fG)(fA)(mA)(fA)(mU)(fA)(mA)(fA)(mA)#(fA)#(mG)#(fA)#(mU)#(mU)#(mG)#(fA),(mG)#(mG)#(fA)(mG)(fG)(mA)(fA)(mA)(fU)(mA)(mA)(mA)(fA)#(mA)#(mA)-TegChol,GGAGGAAAUAAAAAGAUUGA,UGAGGAAAUAAAAAGAUUGA,GGAGGAAAUAAAAAA,GGAGGAAAUAAAAAGAUUGA,True,False,False
Supplemental Table 1,672,MAPT_2253_Asymmetric_2'-OMe/-F,P(mU)#(fG)#(mG)(fA)(fA)(fA)(mU)(fA)(mA)(fA)(mA)(fA)(mG)#(fA)#(mU)#(fU)#(mG)#(mA)#(mA)#(fA),(mA)#(mG)#(fG)(mA)(fA)(mA)(fU)(mA)(fA)(mA)(mA)(mA)(fG)#(mA)#(mA)-TegChol,AGGAAAUAAAAAGAUUGAAA,UGGAAAUAAAAAGAUUGAAA,AGGAAAUAAAAAGAA,AGGAAAUAAAAAGAUUGAAA,True,False,False
Supplemental Table 1,673,MAPT_2255_Asymmetric_2'-OMe/-F,P(mU)#(fA)#(mA)(fA)(fU)(fA)(mA)(fA)(mA)(fA)(mG)(fA)(mU)#(fU)#(mG)#(fA)#(mA)#(mA)#(mC)#(fC),(mG)#(mA)#(fA)(mA)(fU)(mA)(fA)(mA)(fA)(mA)(mG)(mA)(fU)#(mU)#(mA)-TegChol,GAAAUAAAAAGAUUGAAACC,UAAAUAAAAAGAUUGAAACC,GAAAUAAAAAGAUUA,GAAAUAAAAAGAUUGAAACC,True,False,False
Supplemental Table 1,674,MAPT_2256_Asymmetric_2'-OMe/-F,P(mU)#(fA)#(mA)(fU)(fA)(fA)(mA)(fA)(mA)(fG)(mA)(fU)(mU)#(fG)#(mA)#(fA)#(mA)#(mC)#(mC)#(fC),(mA)#(mA)#(fA)(mU)(fA)(mA)(fA)(mA)(fA)(mG)(mA)(mU)(fU)#(mG)#(mA)-TegChol,AAAUAAAAAGAUUGAAACCC,UAAUAAAAAGAUUGAAACCC,AAAUAAAAAGAUUGA,AAAUAAAAAGAUUGAAACCC,True,False,False
Supplemental Table 1,675,MAPT_2271_Asymmetric_2'-OMe/-F,P(mU)#(fA)#(mC)(fC)(fC)(fA)(mC)(fA)(mA)(fG)(mC)(fU)(mG)#(fA)#(mC)#(fC)#(mU)#(mU)#(mC)#(fC),(mA)#(mA)#(fC)(mC)(fC)(mA)(fC)(mA)(fA)(mG)(mC)(mU)(fG)#(mA)#(mA)-TegChol,AACCCACAAGCUGACCUUCC,UACCCACAAGCUGACCUUCC,AACCCACAAGCUGAA,AACCCACAAGCUGACCUUCC,True,False,False
Supplemental Table 1,676,MAPT_2493_Asymmetric_2'-OMe/-F,P(mU)#(fG)#(mG)(fC)(fG)(fG)(mU)(fC)(mA)(fA)(mU)(fA)(mA)#(fU)#(mU)#(fG)#(mU)#(mG)#(mG)#(fA),(mG)#(mG)#(fG)(mC)(fG)(mG)(fU)(mC)(fA)(mA)(mU)(mA)(fA)#(mU)#(mA)-TegChol,GGGCGGUCAAUAAUUGUGGA,UGGCGGUCAAUAAUUGUGGA,GGGCGGUCAAUAAUA,GGGCGGUCAAUAAUUGUGGA,True,False,False
Supplemental Table 1,677,MAPT_2494_Asymmetric_2'-OMe/-F,P(mU)#(fG)#(mC)(fG)(fG)(fU)(mC)(fA)(mA)(fU)(mA)(fA)(mU)#(fU)#(mG)#(fU)#(mG)#(mG)#(mA)#(fG),(mG)#(mG)#(fC)(mG)(fG)(mU)(fC)(mA)(fA)(mU)(mA)(mA)(fU)#(mU)#(mA)-TegChol,GGCGGUCAAUAAUUGUGGAG,UGCGGUCAAUAAUUGUGGAG,GGCGGUCAAUAAUUA,GGCGGUCAAUAAUUGUGGAG,True,False,False
Supplemental Table 1,678,MAPT_2496_Asymmetric_2'-OMe/-F,P(mU)#(fG)#(mG)(fU)(fC)(fA)(mA)(fU)(mA)(fA)(mU)(fU)(mG)#(fU)#(mG)#(fG)#(mA)#(mG)#(mA)#(fG),(mC)#(mG)#(fG)(mU)(fC)(mA)(fA)(mU)(fA)(mA)(mU)(mU)(fG)#(mU)#(mA)-TegChol,CGGUCAAUAAUUGUGGAGAG,UGGUCAAUAAUUGUGGAGAG,CGGUCAAUAAUUGUA,CGGUCAAUAAUUGUGGAGAG,True,False,False
Supplemental Table 1,679,MAPT_2497_Asymmetric_2'-OMe/-F,P(mU)#(fG)#(mU)(fC)(fA)(fA)(mU)(fA)(mA)(fU)(mU)(fG)(mU)#(fG)#(mG)#(fA)#(mG)#(mA)#(mG)#(fG),(mG)#(mG)#(fU)(mC)(fA)(mA)(fU)(mA)(fA)(mU)(mU)(mG)(fU)#(mG)#(mA)-TegChol,GGUCAAUAAUUGUGGAGAGG,UGUCAAUAAUUGUGGAGAGG,GGUCAAUAAUUGUGA,GGUCAAUAAUUGUGGAGAGG,True,False,False
Supplemental Table 1,680,MAPT_2498_Asymmetric_2'-OMe/-F,P(mU)#(fU)#(mC)(fA)(fA)(fU)(mA)(fA)(mU)(fU)(mG)(fU)(mG)#(fG)#(mA)#(fG)#(mA)#(mG)#(mG)#(fA),(mG)#(mU)#(fC)(mA)(fA)(mU)(fA)(mA)(fU)(mU)(mG)(mU)(fG)#(mG)#(mA)-TegChol,GUCAAUAAUUGUGGAGAGGA,UUCAAUAAUUGUGGAGAGGA,GUCAAUAAUUGUGGA,GUCAAUAAUUGUGGAGAGGA,True,False,False
Supplemental Table 1,681,MAPT_2500_Asymmetric_2'-OMe/-F,P(mU)#(fA)#(mA)(fU)(fA)(fA)(mU)(fU)(mG)(fU)(mG)(fG)(mA)#(fG)#(mA)#(fG)#(mG)#(mA)#(mG)#(fA),(mC)#(mA)#(fA)(mU)(fA)(mA)(fU)(mU)(fG)(mU)(mG)(mG)(fA)#(mG)#(mA)-TegChol,CAAUAAUUGUGGAGAGGAGA,UAAUAAUUGUGGAGAGGAGA,CAAUAAUUGUGGAGA,CAAUAAUUGUGGAGAGGAGA,True,False,False
Supplemental Table 1,682,MAPT_2501_Asymmetric_2'-OMe/-F,P(mU)#(fA)#(mU)(fA)(fA)(fU)(mU)(fG)(mU)(fG)(mG)(fA)(mG)#(fA)#(mG)#(fG)#(mA)#(mG)#(mA)#(fG),(mA)#(mA)#(fU)(mA)(fA)(mU)(fU)(mG)(fU)(mG)(mG)(mA)(fG)#(mA)#(mA)-TegChol,AAUAAUUGUGGAGAGGAGAG,UAUAAUUGUGGAGAGGAGAG,AAUAAUUGUGGAGAA,AAUAAUUGUGGAGAGGAGAG,True,False,False
Supplemental Table 1,683,MAPT_2502_Asymmetric_2'-OMe/-F,P(mU)#(fU)#(mA)(fA)(fU)(fU)(mG)(fU)(mG)(fG)(mA)(fG)(mA)#(fG)#(mG)#(fA)#(mG)#(mA)#(mG)#(fA),(mA)#(mU)#(fA)(mA)(fU)(mU)(fG)(mU)(fG)(mG)(mA)(mG)(fA)#(mG)#(mA)-TegChol,AUAAUUGUGGAGAGGAGAGA,UUAAUUGUGGAGAGGAGAGA,AUAAUUGUGGAGAGA,AUAAUUGUGGAGAGGAGAGA,True,False,False
Supplemental Table 1,684,MAPT_2504_Asymmetric_2'-OMe/-F,P(mU)#(fA)#(mU)(fU)(fG)(fU)(mG)(fG)(mA)(fG)(mA)(fG)(mG)#(fA)#(mG)#(fA)#(mG)#(mA)#(mA)#(fU),(mA)#(mA)#(fU)(mU)(fG)(mU)(fG)(mG)(fA)(mG)(mA)(mG)(fG)#(mA)#(mA)-TegChol,AAUUGUGGAGAGGAGAGAAU,UAUUGUGGAGAGGAGAGAAU,AAUUGUGGAGAGGAA,AAUUGUGGAGAGGAGAGAAU,True,False,False
Supplemental Table 1,685,MAPT_2506_Asymmetric_2'-OMe/-F,P(mU)#(fU)#(mG)(fU)(fG)(fG)(mA)(fG)(mA)(fG)(mG)(fA)(mG)#(fA)#(mG)#(fA)#(mA)#(mU)#(mG)#(fA),(mU)#(mU)#(fG)(mU)(fG)(mG)(fA)(mG)(fA)(mG)(mG)(mA)(fG)#(mA)#(mA)-TegChol,UUGUGGAGAGGAGAGAAUGA,UUGUGGAGAGGAGAGAAUGA,UUGUGGAGAGGAGAA,UUGUGGAGAGGAGAGAAUGA,True,False,False
Supplemental Table 1,686,MAPT_2513_Asymmetric_2'-OMe/-F,P(mU)#(fA)#(mG)(fG)(fA)(fG)(mA)(fG)(mA)(fA)(mU)(fG)(mA)#(fG)#(mA)#(fG)#(mA)#(mG)#(mU)#(fG),(mG)#(mA)#(fG)(mG)(fA)(mG)(fA)(mG)(fA)(mA)(mU)(mG)(fA)#(mG)#(mA)-TegChol,GAGGAGAGAAUGAGAGAGUG,UAGGAGAGAAUGAGAGAGUG,GAGGAGAGAAUGAGA,GAGGAGAGAAUGAGAGAGUG,True,False,False
Supplemental Table 1,687,MAPT_2515_Asymmetric_2'-OMe/-F,P(mU)#(fG)#(mA)(fG)(fA)(fG)(mA)(fA)(mU)(fG)(mA)(fG)(mA)#(fG)#(mA)#(fG)#(mU)#(mG)#(mU)#(fG),(mG)#(mG)#(fA)(mG)(fA)(mG)(fA)(mA)(fU)(mG)(mA)(mG)(fA)#(mG)#(mA)-TegChol,GGAGAGAAUGAGAGAGUGUG,UGAGAGAAUGAGAGAGUGUG,GGAGAGAAUGAGAGA,GGAGAGAAUGAGAGAGUGUG,True,False,False
Supplemental Table 1,688,MAPT_2517_Asymmetric_2'-OMe/-F,P(mU)#(fG)#(mA)(fG)(fA)(fA)(mU)(fG)(mA)(fG)(mA)(fG)(mA)#(fG)#(mU)#(fG)#(mU)#(mG)#(mG)#(fA),(mA)#(mG)#(fA)(mG)(fA)(mA)(fU)(mG)(fA)(mG)(mA)(mG)(fA)#(mG)#(mA)-TegChol,AGAGAAUGAGAGAGUGUGGA,UGAGAAUGAGAGAGUGUGGA,AGAGAAUGAGAGAGA,AGAGAAUGAGAGAGUGUGGA,True,False,False
Supplemental Table 1,689,MAPT_2520_Asymmetric_2'-OMe/-F,P(mU)#(fA)#(mA)(fU)(fG)(fA)(mG)(fA)(mG)(fA)(mG)(fU)(mG)#(fU)#(mG)#(fG)#(mA)#(mA)#(mA)#(fA),(mG)#(mA)#(fA)(mU)(fG)(mA)(fG)(mA)(fG)(mA)(mG)(mU)(fG)#(mU)#(mA)-TegChol,GAAUGAGAGAGUGUGGAAAA,UAAUGAGAGAGUGUGGAAAA,GAAUGAGAGAGUGUA,GAAUGAGAGAGUGUGGAAAA,True,False,False
Supplemental Table 1,690,MAPT_2522_Asymmetric_2'-OMe/-F,P(mU)#(fU)#(mG)(fA)(fG)(fA)(mG)(fA)(mG)(fU)(mG)(fU)(mG)#(fG)#(mA)#(fA)#(mA)#(mA)#(mA)#(fA),(mA)#(mU)#(fG)(mA)(fG)(mA)(fG)(mA)(fG)(mU)(mG)(mU)(fG)#(mG)#(mA)-TegChol,AUGAGAGAGUGUGGAAAAAA,UUGAGAGAGUGUGGAAAAAA,AUGAGAGAGUGUGGA,AUGAGAGAGUGUGGAAAAAA,True,False,False
Supplemental Table 1,691,MAPT_2524_Asymmetric_2'-OMe/-F,P(mU)#(fA)#(mG)(fA)(fG)(fA)(mG)(fU)(mG)(fU)(mG)(fG)(mA)#(fA)#(mA)#(fA)#(mA)#(mA)#(mA)#(fA),(mG)#(mA)#(fG)(mA)(fG)(mA)(fG)(mU)(fG)(mU)(mG)(mG)(fA)#(mA)#(mA)-TegChol,GAGAGAGUGUGGAAAAAAAA,UAGAGAGUGUGGAAAAAAAA,GAGAGAGUGUGGAAA,GAGAGAGUGUGGAAAAAAAA,True,False,False
Supplemental Table 1,692,MAPT_2535_Asymmetric_2'-OMe/-F,P(mU)#(fA)#(mA)(fA)(fA)(fA)(mA)(fA)(mA)(fA)(mG)(fA)(mA)#(fU)#(mA)#(fA)#(mU)#(mG)#(mA)#(fC),(mG)#(mA)#(fA)(mA)(fA)(mA)(fA)(mA)(fA)(mA)(mG)(mA)(fA)#(mU)#(mA)-TegChol,GAAAAAAAAAGAAUAAUGAC,UAAAAAAAAAGAAUAAUGAC,GAAAAAAAAAGAAUA,GAAAAAAAAAGAAUAAUGAC,True,False,False
Supplemental Table 1,693,MAPT_2537_Asymmetric_2'-OMe/-F,P(mU)#(fA)#(mA)(fA)(fA)(fA)(mA)(fA)(mG)(fA)(mA)(fU)(mA)#(fA)#(mU)#(fG)#(mA)#(mC)#(mC)#(fC),(mA)#(mA)#(fA)(mA)(fA)(mA)(fA)(mA)(fG)(mA)(mA)(mU)(fA)#(mA)#(mA)-TegChol,AAAAAAAAGAAUAAUGACCC,UAAAAAAAGAAUAAUGACCC,AAAAAAAAGAAUAAA,AAAAAAAAGAAUAAUGACCC,True,False,False
Supplemental Table 1,694,MAPT_2539_Asymmetric_2'-OMe/-F,P(mU)#(fA)#(mA)(fA)(fA)(fA)(mG)(fA)(mA)(fU)(mA)(fA)(mU)#(fG)#(mA)#(fC)#(mC)#(mC)#(mG)#(fG),(mA)#(mA)#(fA)(mA)(fA)(mA)(fG)(mA)(fA)(mU)(mA)(mA)(fU)#(mG)#(mA)-TegChol,AAAAAAGAAUAAUGACCCGG,UAAAAAGAAUAAUGACCCGG,AAAAAAGAAUAAUGA,AAAAAAGAAUAAUGACCCGG,True,False,False
Supplemental Table 1,695,MAPT_2541_Asymmetric_2'-OMe/-F,P(mU)#(fA)#(mA)(fA)(fG)(fA)(mA)(fU)(mA)(fA)(mU)(fG)(mA)#(fC)#(mC)#(fC)#(mG)#(mG)#(mC)#(fC),(mA)#(mA)#(fA)(mA)(fG)(mA)(fA)(mU)(fA)(mA)(mU)(mG)(fA)#(mC)#(mA)-TegChol,AAAAGAAUAAUGACCCGGCC,UAAAGAAUAAUGACCCGGCC,AAAAGAAUAAUGACA,AAAAGAAUAAUGACCCGGCC,True,False,False
Supplemental Table 1,696,MAPT_2580_Asymmetric_2'-OMe/-F,P(mU)#(fG)#(mC)(fU)(fC)(fC)(mU)(fC)(mG)(fC)(mA)(fG)(mU)#(fU)#(mC)#(fG)#(mG)#(mU)#(mU)#(fA),(mU)#(mG)#(fC)(mU)(fC)(mC)(fU)(mC)(fG)(mC)(mA)(mG)(fU)#(mU)#(mA)-TegChol,UGCUCCUCGCAGUUCGGUUA,UGCUCCUCGCAGUUCGGUUA,UGCUCCUCGCAGUUA,UGCUCCUCGCAGUUCGGUUA,True,False,False
Supplemental Table 1,697,MAPT_2582_Asymmetric_2'-OMe/-F,P(mU)#(fU)#(mC)(fC)(fU)(fC)(mG)(fC)(mA)(fG)(mU)(fU)(mC)#(fG)#(mG)#(fU)#(mU)#(mA)#(mA)#(fU),(mC)#(mU)#(fC)(mC)(fU)(mC)(fG)(mC)(fA)(mG)(mU)(mU)(fC)#(mG)#(mA)-TegChol,CUCCUCGCAGUUCGGUUAAU,UUCCUCGCAGUUCGGUUAAU,CUCCUCGCAGUUCGA,CUCCUCGCAGUUCGGUUAAU,True,False,False
Supplemental Table 1,698,MAPT_2584_Asymmetric_2'-OMe/-F,P(mU)#(fC)#(mU)(fC)(fG)(fC)(mA)(fG)(mU)(fU)(mC)(fG)(mG)#(fU)#(mU)#(fA)#(mA)#(mU)#(mU)#(fG),(mC)#(mC)#(fU)(mC)(fG)(mC)(fA)(mG)(fU)(mU)(mC)(mG)(fG)#(mU)#(mA)-TegChol,CCUCGCAGUUCGGUUAAUUG,UCUCGCAGUUCGGUUAAUUG,CCUCGCAGUUCGGUA,CCUCGCAGUUCGGUUAAUUG,True,False,False
Supplemental Table 1,699,MAPT_2586_Asymmetric_2'-OMe/-F,P(mU)#(fC)#(mG)(fC)(fA)(fG)(mU)(fU)(mC)(fG)(mG)(fU)(mU)#(fA)#(mA)#(fU)#(mU)#(mG)#(mG)#(fU),(mU)#(mC)#(fG)(mC)(fA)(mG)(fU)(mU)(fC)(mG)(mG)(mU)(fU)#(mA)#(mA)-TegChol,UCGCAGUUCGGUUAAUUGGU,UCGCAGUUCGGUUAAUUGGU,UCGCAGUUCGGUUAA,UCGCAGUUCGGUUAAUUGGU,True,False,False
Supplemental Table 1,700,MAPT_2587_Asymmetric_2'-OMe/-F,P(mU)#(fG)#(mC)(fA)(fG)(fU)(mU)(fC)(mG)(fG)(mU)(fU)(mA)#(fA)#(mU)#(fU)#(mG)#(mG)#(mU)#(fU),(mC)#(mG)#(fC)(mA)(fG)(mU)(fU)(mC)(fG)(mG)(mU)(mU)(fA)#(mA)#(mA)-TegChol,CGCAGUUCGGUUAAUUGGUU,UGCAGUUCGGUUAAUUGGUU,CGCAGUUCGGUUAAA,CGCAGUUCGGUUAAUUGGUU,True,False,False
Supplemental Table 1,701,MAPT_2589_Asymmetric_2'-OMe/-F,P(mU)#(fA)#(mG)(fU)(fU)(fC)(mG)(fG)(mU)(fU)(mA)(fA)(mU)#(fU)#(mG)#(fG)#(mU)#(mU)#(mA)#(fA),(mC)#(mA)#(fG)(mU)(fU)(mC)(fG)(mG)(fU)(mU)(mA)(mA)(fU)#(mU)#(mA)-TegChol,CAGUUCGGUUAAUUGGUUAA,UAGUUCGGUUAAUUGGUUAA,CAGUUCGGUUAAUUA,CAGUUCGGUUAAUUGGUUAA,True,False,False
Supplemental Table 1,702,MAPT_2591_Asymmetric_2'-OMe/-F,P(mU)#(fU)#(mU)(fC)(fG)(fG)(mU)(fU)(mA)(fA)(mU)(fU)(mG)#(fG)#(mU)#(fU)#(mA)#(mA)#(mU)#(fC),(mG)#(mU)#(fU)(mC)(fG)(mG)(fU)(mU)(fA)(mA)(mU)(mU)(fG)#(mG)#(mA)-TegChol,GUUCGGUUAAUUGGUUAAUC,UUUCGGUUAAUUGGUUAAUC,GUUCGGUUAAUUGGA,GUUCGGUUAAUUGGUUAAUC,True,False,False
Supplemental Table 1,703,MAPT_2593_Asymmetric_2'-OMe/-F,P(mU)#(fC)#(mG)(fG)(fU)(fU)(mA)(fA)(mU)(fU)(mG)(fG)(mU)#(fU)#(mA)#(fA)#(mU)#(mC)#(mA)#(fC),(mU)#(mC)#(fG)(mG)(fU)(mU)(fA)(mA)(fU)(mU)(mG)(mG)(fU)#(mU)#(mA)-TegChol,UCGGUUAAUUGGUUAAUCAC,UCGGUUAAUUGGUUAAUCAC,UCGGUUAAUUGGUUA,UCGGUUAAUUGGUUAAUCAC,True,False,False
Supplemental Table 1,704,MAPT_2595_Asymmetric_2'-OMe/-F,P(mU)#(fG)#(mU)(fU)(fA)(fA)(mU)(fU)(mG)(fG)(mU)(fU)(mA)#(fA)#(mU)#(fC)#(mA)#(mC)#(mU)#(fU),(mG)#(mG)#(fU)(mU)(fA)(mA)(fU)(mU)(fG)(mG)(mU)(mU)(fA)#(mA)#(mA)-TegChol,GGUUAAUUGGUUAAUCACUU,UGUUAAUUGGUUAAUCACUU,GGUUAAUUGGUUAAA,GGUUAAUUGGUUAAUCACUU,True,False,False
Supplemental Table 1,705,MAPT_2597_Asymmetric_2'-OMe/-F,P(mU)#(fU)#(mA)(fA)(fU)(fU)(mG)(fG)(mU)(fU)(mA)(fA)(mU)#(fC)#(mA)#(fC)#(mU)#(mU)#(mA)#(fA),(mU)#(mU)#(fA)(mA)(fU)(mU)(fG)(mG)(fU)(mU)(mA)(mA)(fU)#(mC)#(mA)-TegChol,UUAAUUGGUUAAUCACUUAA,UUAAUUGGUUAAUCACUUAA,UUAAUUGGUUAAUCA,UUAAUUGGUUAAUCACUUAA,True,False,False
Supplemental Table 1,706,MAPT_2599_Asymmetric_2'-OMe/-F,P(mU)#(fA)#(mU)(fU)(fG)(fG)(mU)(fU)(mA)(fA)(mU)(fC)(mA)#(fC)#(mU)#(fU)#(mA)#(mA)#(mC)#(fC),(mA)#(mA)#(fU)(mU)(fG)(mG)(fU)(mU)(fA)(mA)(mU)(mC)(fA)#(mC)#(mA)-TegChol,AAUUGGUUAAUCACUUAACC,UAUUGGUUAAUCACUUAACC,AAUUGGUUAAUCACA,AAUUGGUUAAUCACUUAACC,True,False,False
Supplemental Table 1,707,MAPT_2601_Asymmetric_2'-OMe/-F,P(mU)#(fU)#(mG)(fG)(fU)(fU)(mA)(fA)(mU)(fC)(mA)(fC)(mU)#(fU)#(mA)#(fA)#(mC)#(mC)#(mU)#(fG),(mU)#(mU)#(fG)(mG)(fU)(mU)(fA)(mA)(fU)(mC)(mA)(mC)(fU)#(mU)#(mA)-TegChol,UUGGUUAAUCACUUAACCUG,UUGGUUAAUCACUUAACCUG,UUGGUUAAUCACUUA,UUGGUUAAUCACUUAACCUG,True,False,False
Supplemental Table 1,708,MAPT_2603_Asymmetric_2'-OMe/-F,P(mU)#(fG)#(mU)(fU)(fA)(fA)(mU)(fC)(mA)(fC)(mU)(fU)(mA)#(fA)#(mC)#(fC)#(mU)#(mG)#(mC)#(fU),(mG)#(mG)#(fU)(mU)(fA)(mA)(fU)(mC)(fA)(mC)(mU)(mU)(fA)#(mA)#(mA)-TegChol,GGUUAAUCACUUAACCUGCU,UGUUAAUCACUUAACCUGCU,GGUUAAUCACUUAAA,GGUUAAUCACUUAACCUGCU,True,False,False
Supplemental Table 1,709,MAPT_2606_Asymmetric_2'-OMe/-F,P(mU)#(fA)#(mA)(fU)(fC)(fA)(mC)(fU)(mU)(fA)(mA)(fC)(mC)#(fU)#(mG)#(fC)#(mU)#(mU)#(mU)#(fU),(mU)#(mA)#(fA)(mU)(fC)(mA)(fC)(mU)(fU)(mA)(mA)(mC)(fC)#(mU)#(mA)-TegChol,UAAUCACUUAACCUGCUUUU,UAAUCACUUAACCUGCUUUU,UAAUCACUUAACCUA,UAAUCACUUAACCUGCUUUU,True,False,False
Supplemental Table 1,710,MAPT_2608_Asymmetric_2'-OMe/-F,P(mU)#(fU)#(mC)(fA)(fC)(fU)(mU)(fA)(mA)(fC)(mC)(fU)(mG)#(fC)#(mU)#(fU)#(mU)#(mU)#(mG)#(fU),(mA)#(mU)#(fC)(mA)(fC)(mU)(fU)(mA)(fA)(mC)(mC)(mU)(fG)#(mC)#(mA)-TegChol,AUCACUUAACCUGCUUUUGU,UUCACUUAACCUGCUUUUGU,AUCACUUAACCUGCA,AUCACUUAACCUGCUUUUGU,True,False,False
Supplemental Table 1,711,MAPT_2610_Asymmetric_2'-OMe/-F,P(mU)#(fA)#(mC)(fU)(fU)(fA)(mA)(fC)(mC)(fU)(mG)(fC)(mU)#(fU)#(mU)#(fU)#(mG)#(mU)#(mC)#(fA),(mC)#(mA)#(fC)(mU)(fU)(mA)(fA)(mC)(fC)(mU)(mG)(mC)(fU)#(mU)#(mA)-TegChol,CACUUAACCUGCUUUUGUCA,UACUUAACCUGCUUUUGUCA,CACUUAACCUGCUUA,CACUUAACCUGCUUUUGUCA,True,False,False
Supplemental Table 1,712,MAPT_2615_Asymmetric_2'-OMe/-F,P(mU)#(fA)#(mC)(fC)(fU)(fG)(mC)(fU)(mU)(fU)(mU)(fG)(mU)#(fC)#(mA)#(fC)#(mU)#(mC)#(mG)#(fG),(mA)#(mA)#(fC)(mC)(fU)(mG)(fC)(mU)(fU)(mU)(mU)(mG)(fU)#(mC)#(mA)-TegChol,AACCUGCUUUUGUCACUCGG,UACCUGCUUUUGUCACUCGG,AACCUGCUUUUGUCA,AACCUGCUUUUGUCACUCGG,True,False,False
Supplemental Table 1,713,MAPT_2617_Asymmetric_2'-OMe/-F,P(mU)#(fC)#(mU)(fG)(fC)(fU)(mU)(fU)(mU)(fG)(mU)(fC)(mA)#(fC)#(mU)#(fC)#(mG)#(mG)#(mC)#(fU),(mC)#(mC)#(fU)(mG)(fC)(mU)(fU)(mU)(fU)(mG)(mU)(mC)(fA)#(mC)#(mA)-TegChol,CCUGCUUUUGUCACUCGGCU,UCUGCUUUUGUCACUCGGCU,CCUGCUUUUGUCACA,CCUGCUUUUGUCACUCGGCU,True,False,False
Supplemental Table 1,714,MAPT_2619_Asymmetric_2'-OMe/-F,P(mU)#(fG)#(mC)(fU)(fU)(fU)(mU)(fG)(mU)(fC)(mA)(fC)(mU)#(fC)#(mG)#(fG)#(mC)#(mU)#(mU)#(fU),(mU)#(mG)#(fC)(mU)(fU)(mU)(fU)(mG)(fU)(mC)(mA)(mC)(fU)#(mC)#(mA)-TegChol,UGCUUUUGUCACUCGGCUUU,UGCUUUUGUCACUCGGCUUU,UGCUUUUGUCACUCA,UGCUUUUGUCACUCGGCUUU,True,False,False
Supplemental Table 1,715,MAPT_2621_Asymmetric_2'-OMe/-F,P(mU)#(fU)#(mU)(fU)(fU)(fG)(mU)(fC)(mA)(fC)(mU)(fC)(mG)#(fG)#(mC)#(fU)#(mU)#(mU)#(mG)#(fG),(mC)#(mU)#(fU)(mU)(fU)(mG)(fU)(mC)(fA)(mC)(mU)(mC)(fG)#(mG)#(mA)-TegChol,CUUUUGUCACUCGGCUUUGG,UUUUUGUCACUCGGCUUUGG,CUUUUGUCACUCGGA,CUUUUGUCACUCGGCUUUGG,True,False,False
Supplemental Table 1,716,MAPT_2623_Asymmetric_2'-OMe/-F,P(mU)#(fU)#(mU)(fG)(fU)(fC)(mA)(fC)(mU)(fC)(mG)(fG)(mC)#(fU)#(mU)#(fU)#(mG)#(mG)#(mC)#(fU),(mU)#(mU)#(fU)(mG)(fU)(mC)(fA)(mC)(fU)(mC)(mG)(mG)(fC)#(mU)#(mA)-TegChol,UUUGUCACUCGGCUUUGGCU,UUUGUCACUCGGCUUUGGCU,UUUGUCACUCGGCUA,UUUGUCACUCGGCUUUGGCU,True,False,False
Supplemental Table 1,717,MAPT_2634_Asymmetric_2'-OMe/-F,P(mU)#(fC)#(mU)(fU)(fU)(fG)(mG)(fC)(mU)(fC)(mG)(fG)(mG)#(fA)#(mC)#(fU)#(mU)#(mC)#(mA)#(fA),(mG)#(mC)#(fU)(mU)(fU)(mG)(fG)(mC)(fU)(mC)(mG)(mG)(fG)#(mA)#(mA)-TegChol,GCUUUGGCUCGGGACUUCAA,UCUUUGGCUCGGGACUUCAA,GCUUUGGCUCGGGAA,GCUUUGGCUCGGGACUUCAA,True,False,False
Supplemental Table 1,718,MAPT_2636_Asymmetric_2'-OMe/-F,P(mU)#(fU)#(mU)(fG)(fG)(fC)(mU)(fC)(mG)(fG)(mG)(fA)(mC)#(fU)#(mU)#(fC)#(mA)#(mA)#(mA)#(fA),(mU)#(mU)#(fU)(mG)(fG)(mC)(fU)(mC)(fG)(mG)(mG)(mA)(fC)#(mU)#(mA)-TegChol,UUUGGCUCGGGACUUCAAAA,UUUGGCUCGGGACUUCAAAA,UUUGGCUCGGGACUA,UUUGGCUCGGGACUUCAAAA,True,False,False
Supplemental Table 1,719,MAPT_2638_Asymmetric_2'-OMe/-F,P(mU)#(fG)#(mG)(fC)(fU)(fC)(mG)(fG)(mG)(fA)(mC)(fU)(mU)#(fC)#(mA)#(fA)#(mA)#(mA)#(mU)#(fC),(mU)#(mG)#(fG)(mC)(fU)(mC)(fG)(mG)(fG)(mA)(mC)(mU)(fU)#(mC)#(mA)-TegChol,UGGCUCGGGACUUCAAAAUC,UGGCUCGGGACUUCAAAAUC,UGGCUCGGGACUUCA,UGGCUCGGGACUUCAAAAUC,True,False,False
Supplemental Table 1,720,MAPT_2640_Asymmetric_2'-OMe/-F,P(mU)#(fC)#(mU)(fC)(fG)(fG)(mG)(fA)(mC)(fU)(mU)(fC)(mA)#(fA)#(mA)#(fA)#(mU)#(mC)#(mA)#(fG),(mG)#(mC)#(fU)(mC)(fG)(mG)(fG)(mA)(fC)(mU)(mU)(mC)(fA)#(mA)#(mA)-TegChol,GCUCGGGACUUCAAAAUCAG,UCUCGGGACUUCAAAAUCAG,GCUCGGGACUUCAAA,GCUCGGGACUUCAAAAUCAG,True,False,False
Supplemental Table 1,721,MAPT_2642_Asymmetric_2'-OMe/-F,P(mU)#(fC)#(mG)(fG)(fG)(fA)(mC)(fU)(mU)(fC)(mA)(fA)(mA)#(fA)#(mU)#(fC)#(mA)#(mG)#(mU)#(fG),(mU)#(mC)#(fG)(mG)(fG)(mA)(fC)(mU)(fU)(mC)(mA)(mA)(fA)#(mA)#(mA)-TegChol,UCGGGACUUCAAAAUCAGUG,UCGGGACUUCAAAAUCAGUG,UCGGGACUUCAAAAA,UCGGGACUUCAAAAUCAGUG,True,False,False
Supplemental Table 1,722,MAPT_2646_Asymmetric_2'-OMe/-F,P(mU)#(fA)#(mC)(fU)(fU)(fC)(mA)(fA)(mA)(fA)(mU)(fC)(mA)#(fG)#(mU)#(fG)#(mA)#(mU)#(mG)#(fG),(mG)#(mA)#(fC)(mU)(fU)(mC)(fA)(mA)(fA)(mA)(mU)(mC)(fA)#(mG)#(mA)-TegChol,GACUUCAAAAUCAGUGAUGG,UACUUCAAAAUCAGUGAUGG,GACUUCAAAAUCAGA,GACUUCAAAAUCAGUGAUGG,True,False,False
Supplemental Table 1,723,MAPT_2647_Asymmetric_2'-OMe/-F,P(mU)#(fC)#(mU)(fU)(fC)(fA)(mA)(fA)(mA)(fU)(mC)(fA)(mG)#(fU)#(mG)#(fA)#(mU)#(mG)#(mG)#(fG),(mA)#(mC)#(fU)(mU)(fC)(mA)(fA)(mA)(fA)(mU)(mC)(mA)(fG)#(mU)#(mA)-TegChol,ACUUCAAAAUCAGUGAUGGG,UCUUCAAAAUCAGUGAUGGG,ACUUCAAAAUCAGUA,ACUUCAAAAUCAGUGAUGGG,True,False,False
Supplemental Table 1,724,MAPT_2650_Asymmetric_2'-OMe/-F,P(mU)#(fC)#(mA)(fA)(fA)(fA)(mU)(fC)(mA)(fG)(mU)(fG)(mA)#(fU)#(mG)#(fG)#(mG)#(mA)#(mG)#(fU),(mU)#(mC)#(fA)(mA)(fA)(mA)(fU)(mC)(fA)(mG)(mU)(mG)(fA)#(mU)#(mA)-TegChol,UCAAAAUCAGUGAUGGGAGU,UCAAAAUCAGUGAUGGGAGU,UCAAAAUCAGUGAUA,UCAAAAUCAGUGAUGGGAGU,True,False,False
Supplemental Table 1,725,MAPT_2652_Asymmetric_2'-OMe/-F,P(mU)#(fA)#(mA)(fA)(fU)(fC)(mA)(fG)(mU)(fG)(mA)(fU)(mG)#(fG)#(mG)#(fA)#(mG)#(mU)#(mA)#(fA),(mA)#(mA)#(fA)(mA)(fU)(mC)(fA)(mG)(fU)(mG)(mA)(mU)(fG)#(mG)#(mA)-TegChol,AAAAUCAGUGAUGGGAGUAA,UAAAUCAGUGAUGGGAGUAA,AAAAUCAGUGAUGGA,AAAAUCAGUGAUGGGAGUAA,True,False,False
Supplemental Table 1,726,MAPT_2654_Asymmetric_2'-OMe/-F,P(mU)#(fA)#(mU)(fC)(fA)(fG)(mU)(fG)(mA)(fU)(mG)(fG)(mG)#(fA)#(mG)#(fU)#(mA)#(mA)#(mG)#(fA),(mA)#(mA)#(fU)(mC)(fA)(mG)(fU)(mG)(fA)(mU)(mG)(mG)(fG)#(mA)#(mA)-TegChol,AAUCAGUGAUGGGAGUAAGA,UAUCAGUGAUGGGAGUAAGA,AAUCAGUGAUGGGAA,AAUCAGUGAUGGGAGUAAGA,True,False,False
Supplemental Table 1,727,MAPT_2656_Asymmetric_2'-OMe/-F,P(mU)#(fC)#(mA)(fG)(fU)(fG)(mA)(fU)(mG)(fG)(mG)(fA)(mG)#(fU)#(mA)#(fA)#(mG)#(mA)#(mG)#(fC),(mU)#(mC)#(fA)(mG)(fU)(mG)(fA)(mU)(fG)(mG)(mG)(mA)(fG)#(mU)#(mA)-TegChol,UCAGUGAUGGGAGUAAGAGC,UCAGUGAUGGGAGUAAGAGC,UCAGUGAUGGGAGUA,UCAGUGAUGGGAGUAAGAGC,True,False,False
Supplemental Table 1,728,MAPT_2658_Asymmetric_2'-OMe/-F,P(mU)#(fG)#(mU)(fG)(fA)(fU)(mG)(fG)(mG)(fA)(mG)(fU)(mA)#(fA)#(mG)#(fA)#(mG)#(mC)#(mA)#(fA),(mA)#(mG)#(fU)(mG)(fA)(mU)(fG)(mG)(fG)(mA)(mG)(mU)(fA)#(mA)#(mA)-TegChol,AGUGAUGGGAGUAAGAGCAA,UGUGAUGGGAGUAAGAGCAA,AGUGAUGGGAGUAAA,AGUGAUGGGAGUAAGAGCAA,True,False,False
Supplemental Table 1,729,MAPT_2660_Asymmetric_2'-OMe/-F,P(mU)#(fG)#(mA)(fU)(fG)(fG)(mG)(fA)(mG)(fU)(mA)(fA)(mG)#(fA)#(mG)#(fC)#(mA)#(mA)#(mA)#(fU),(mU)#(mG)#(fA)(mU)(fG)(mG)(fG)(mA)(fG)(mU)(mA)(mA)(fG)#(mA)#(mA)-TegChol,UGAUGGGAGUAAGAGCAAAU,UGAUGGGAGUAAGAGCAAAU,UGAUGGGAGUAAGAA,UGAUGGGAGUAAGAGCAAAU,True,False,False
Supplemental Table 1,730,MAPT_2662_Asymmetric_2'-OMe/-F,P(mU)#(fU)#(mG)(fG)(fG)(fA)(mG)(fU)(mA)(fA)(mG)(fA)(mG)#(fC)#(mA)#(fA)#(mA)#(mU)#(mU)#(fU),(mA)#(mU)#(fG)(mG)(fG)(mA)(fG)(mU)(fA)(mA)(mG)(mA)(fG)#(mC)#(mA)-TegChol,AUGGGAGUAAGAGCAAAUUU,UUGGGAGUAAGAGCAAAUUU,AUGGGAGUAAGAGCA,AUGGGAGUAAGAGCAAAUUU,True,False,False
Supplemental Table 1,731,MAPT_2664_Asymmetric_2'-OMe/-F,P(mU)#(fG)#(mG)(fA)(fG)(fU)(mA)(fA)(mG)(fA)(mG)(fC)(mA)#(fA)#(mA)#(fU)#(mU)#(mU)#(mC)#(fA),(mG)#(mG)#(fG)(mA)(fG)(mU)(fA)(mA)(fG)(mA)(mG)(mC)(fA)#(mA)#(mA)-TegChol,GGGAGUAAGAGCAAAUUUCA,UGGAGUAAGAGCAAAUUUCA,GGGAGUAAGAGCAAA,GGGAGUAAGAGCAAAUUUCA,True,False,False
Supplemental Table 1,732,MAPT_2666_Asymmetric_2'-OMe/-F,P(mU)#(fA)#(mG)(fU)(fA)(fA)(mG)(fA)(mG)(fC)(mA)(fA)(mA)#(fU)#(mU)#(fU)#(mC)#(mA)#(mU)#(fC),(mG)#(mA)#(fG)(mU)(fA)(mA)(fG)(mA)(fG)(mC)(mA)(mA)(fA)#(mU)#(mA)-TegChol,GAGUAAGAGCAAAUUUCAUC,UAGUAAGAGCAAAUUUCAUC,GAGUAAGAGCAAAUA,GAGUAAGAGCAAAUUUCAUC,True,False,False
Supplemental Table 1,733,MAPT_2668_Asymmetric_2'-OMe/-F,P(mU)#(fU)#(mA)(fA)(fG)(fA)(mG)(fC)(mA)(fA)(mA)(fU)(mU)#(fU)#(mC)#(fA)#(mU)#(mC)#(mU)#(fU),(mG)#(mU)#(fA)(mA)(fG)(mA)(fG)(mC)(fA)(mA)(mA)(mU)(fU)#(mU)#(mA)-TegChol,GUAAGAGCAAAUUUCAUCUU,UUAAGAGCAAAUUUCAUCUU,GUAAGAGCAAAUUUA,GUAAGAGCAAAUUUCAUCUU,True,False,False
Supplemental Table 1,734,MAPT_2670_Asymmetric_2'-OMe/-F,P(mU)#(fA)#(mG)(fA)(fG)(fC)(mA)(fA)(mA)(fU)(mU)(fU)(mC)#(fA)#(mU)#(fC)#(mU)#(mU)#(mU)#(fC),(mA)#(mA)#(fG)(mA)(fG)(mC)(fA)(mA)(fA)(mU)(mU)(mU)(fC)#(mA)#(mA)-TegChol,AAGAGCAAAUUUCAUCUUUC,UAGAGCAAAUUUCAUCUUUC,AAGAGCAAAUUUCAA,AAGAGCAAAUUUCAUCUUUC,True,False,False
Supplemental Table 1,735,MAPT_2672_Asymmetric_2'-OMe/-F,P(mU)#(fA)#(mG)(fC)(fA)(fA)(mA)(fU)(mU)(fU)(mC)(fA)(mU)#(fC)#(mU)#(fU)#(mU)#(mC)#(mC)#(fA),(mG)#(mA)#(fG)(mC)(fA)(mA)(fA)(mU)(fU)(mU)(mC)(mA)(fU)#(mC)#(mA)-TegChol,GAGCAAAUUUCAUCUUUCCA,UAGCAAAUUUCAUCUUUCCA,GAGCAAAUUUCAUCA,GAGCAAAUUUCAUCUUUCCA,True,False,False
Supplemental Table 1,736,MAPT_2674_Asymmetric_2'-OMe/-F,P(mU)#(fC)#(mA)(fA)(fA)(fU)(mU)(fU)(mC)(fA)(mU)(fC)(mU)#(fU)#(mU)#(fC)#(mC)#(mA)#(mA)#(fA),(mG)#(mC)#(fA)(mA)(fA)(mU)(fU)(mU)(fC)(mA)(mU)(mC)(fU)#(mU)#(mA)-TegChol,GCAAAUUUCAUCUUUCCAAA,UCAAAUUUCAUCUUUCCAAA,GCAAAUUUCAUCUUA,GCAAAUUUCAUCUUUCCAAA,True,False,False
Supplemental Table 1,737,MAPT_2676_Asymmetric_2'-OMe/-F,P(mU)#(fA)#(mA)(fU)(fU)(fU)(mC)(fA)(mU)(fC)(mU)(fU)(mU)#(fC)#(mC)#(fA)#(mA)#(mA)#(mU)#(fU),(mA)#(mA)#(fA)(mU)(fU)(mU)(fC)(mA)(fU)(mC)(mU)(mU)(fU)#(mC)#(mA)-TegChol,AAAUUUCAUCUUUCCAAAUU,UAAUUUCAUCUUUCCAAAUU,AAAUUUCAUCUUUCA,AAAUUUCAUCUUUCCAAAUU,True,False,False
Supplemental Table 1,738,MAPT_2678_Asymmetric_2'-OMe/-F,P(mU)#(fU)#(mU)(fU)(fC)(fA)(mU)(fC)(mU)(fU)(mU)(fC)(mC)#(fA)#(mA)#(fA)#(mU)#(mU)#(mG)#(fA),(mA)#(mU)#(fU)(mU)(fC)(mA)(fU)(mC)(fU)(mU)(mU)(mC)(fC)#(mA)#(mA)-TegChol,AUUUCAUCUUUCCAAAUUGA,UUUUCAUCUUUCCAAAUUGA,AUUUCAUCUUUCCAA,AUUUCAUCUUUCCAAAUUGA,True,False,False
Supplemental Table 1,739,MAPT_2683_Asymmetric_2'-OMe/-F,P(mU)#(fU)#(mC)(fU)(fU)(fU)(mC)(fC)(mA)(fA)(mA)(fU)(mU)#(fG)#(mA)#(fU)#(mG)#(mG)#(mG)#(fU),(mA)#(mU)#(fC)(mU)(fU)(mU)(fC)(mC)(fA)(mA)(mA)(mU)(fU)#(mG)#(mA)-TegChol,AUCUUUCCAAAUUGAUGGGU,UUCUUUCCAAAUUGAUGGGU,AUCUUUCCAAAUUGA,AUCUUUCCAAAUUGAUGGGU,True,False,False
Supplemental Table 1,740,MAPT_2685_Asymmetric_2'-OMe/-F,P(mU)#(fU)#(mU)(fU)(fC)(fC)(mA)(fA)(mA)(fU)(mU)(fG)(mA)#(fU)#(mG)#(fG)#(mG)#(mU)#(mG)#(fG),(mC)#(mU)#(fU)(mU)(fC)(mC)(fA)(mA)(fA)(mU)(mU)(mG)(fA)#(mU)#(mA)-TegChol,CUUUCCAAAUUGAUGGGUGG,UUUUCCAAAUUGAUGGGUGG,CUUUCCAAAUUGAUA,CUUUCCAAAUUGAUGGGUGG,True,False,False
Supplemental Table 1,741,MAPT_2687_Asymmetric_2'-OMe/-F,P(mU)#(fU)#(mC)(fC)(fA)(fA)(mA)(fU)(mU)(fG)(mA)(fU)(mG)#(fG)#(mG)#(fU)#(mG)#(mG)#(mG)#(fC),(mU)#(mU)#(fC)(mC)(fA)(mA)(fA)(mU)(fU)(mG)(mA)(mU)(fG)#(mG)#(mA)-TegChol,UUCCAAAUUGAUGGGUGGGC,UUCCAAAUUGAUGGGUGGGC,UUCCAAAUUGAUGGA,UUCCAAAUUGAUGGGUGGGC,True,False,False
Supplemental Table 1,742,MAPT_2689_Asymmetric_2'-OMe/-F,P(mU)#(fC)#(mA)(fA)(fA)(fU)(mU)(fG)(mA)(fU)(mG)(fG)(mG)#(fU)#(mG)#(fG)#(mG)#(mC)#(mU)#(fA),(mC)#(mC)#(fA)(mA)(fA)(mU)(fU)(mG)(fA)(mU)(mG)(mG)(fG)#(mU)#(mA)-TegChol,CCAAAUUGAUGGGUGGGCUA,UCAAAUUGAUGGGUGGGCUA,CCAAAUUGAUGGGUA,CCAAAUUGAUGGGUGGGCUA,True,False,False
Supplemental Table 1,743,MAPT_2699_Asymmetric_2'-OMe/-F,P(mU)#(fG)#(mG)(fU)(fG)(fG)(mG)(fC)(mU)(fA)(mG)(fU)(mA)#(fA)#(mU)#(fA)#(mA)#(mA)#(mA)#(fU),(mG)#(mG)#(fG)(mU)(fG)(mG)(fG)(mC)(fU)(mA)(mG)(mU)(fA)#(mA)#(mA)-TegChol,GGGUGGGCUAGUAAUAAAAU,UGGUGGGCUAGUAAUAAAAU,GGGUGGGCUAGUAAA,GGGUGGGCUAGUAAUAAAAU,True,False,False
Supplemental Table 1,744,MAPT_2701_Asymmetric_2'-OMe/-F,P(mU)#(fU)#(mG)(fG)(fG)(fC)(mU)(fA)(mG)(fU)(mA)(fA)(mU)#(fA)#(mA)#(fA)#(mA)#(mU)#(mA)#(fU),(mG)#(mU)#(fG)(mG)(fG)(mC)(fU)(mA)(fG)(mU)(mA)(mA)(fU)#(mA)#(mA)-TegChol,GUGGGCUAGUAAUAAAAUAU,UUGGGCUAGUAAUAAAAUAU,GUGGGCUAGUAAUAA,GUGGGCUAGUAAUAAAAUAU,True,False,False
Supplemental Table 1,745,MAPT_2929_Asymmetric_2'-OMe/-F,P(mU)#(fA)#(mA)(fA)(fC)(fU)(mU)(fG)(mG)(fU)(mG)(fU)(mG)#(fU)#(mU)#(fC)#(mG)#(mU)#(mG)#(fG),(mG)#(mA)#(fA)(mA)(fC)(mU)(fU)(mG)(fG)(mU)(mG)(mU)(fG)#(mU)#(mA)-TegChol,GAAACUUGGUGUGUUCGUGG,UAAACUUGGUGUGUUCGUGG,GAAACUUGGUGUGUA,GAAACUUGGUGUGUUCGUGG,True,False,False
Supplemental Table 1,746,MAPT_3239_Asymmetric_2'-OMe/-F,P(mU)#(fG)#(mG)(fG)(fA)(fC)(mA)(fG)(mC)(fG)(mG)(fG)(mU)#(fA)#(mA)#(fA)#(mA)#(mA)#(mG)#(fA),(mA)#(mG)#(fG)(mG)(fA)(mC)(fA)(mG)(fC)(mG)(mG)(mG)(fU)#(mA)#(mA)-TegChol,AGGGACAGCGGGUAAAAAGA,UGGGACAGCGGGUAAAAAGA,AGGGACAGCGGGUAA,AGGGACAGCGGGUAAAAAGA,True,False,False
Supplemental Table 1,747,MAPT_3435_Asymmetric_2'-OMe/-F,P(mU)#(fG)#(mC)(fU)(fG)(fC)(mC)(fA)(mU)(fG)(mA)(fU)(mU)#(fU)#(mU)#(fG)#(mG)#(mC)#(mC)#(fA),(mU)#(mG)#(fC)(mU)(fG)(mC)(fC)(mA)(fU)(mG)(mA)(mU)(fU)#(mU)#(mA)-TegChol,UGCUGCCAUGAUUUUGGCCA,UGCUGCCAUGAUUUUGGCCA,UGCUGCCAUGAUUUA,UGCUGCCAUGAUUUUGGCCA,True,False,False
Supplemental Table 1,748,MAPT_3494_Asymmetric_2'-OMe/-F,P(mU)#(fG)#(mU)(fA)(fA)(fG)(mG)(fA)(mC)(fU)(mU)(fG)(mU)#(fG)#(mC)#(fC)#(mU)#(mC)#(mU)#(fU),(mU)#(mG)#(fU)(mA)(fA)(mG)(fG)(mA)(fC)(mU)(mU)(mG)(fU)#(mG)#(mA)-TegChol,UGUAAGGACUUGUGCCUCUU,UGUAAGGACUUGUGCCUCUU,UGUAAGGACUUGUGA,UGUAAGGACUUGUGCCUCUU,True,False,False
Supplemental Table 1,749,MAPT_3795_Asymmetric_2'-OMe/-F,P(mU)#(fA)#(mA)(fA)(fG)(fU)(mC)(fC)(mA)(fG)(mG)(fC)(mA)#(fC)#(mA)#(fA)#(mG)#(mA)#(mG)#(fU),(mC)#(mA)#(fA)(mA)(fG)(mU)(fC)(mC)(fA)(mG)(mG)(mC)(fA)#(mC)#(mA)-TegChol,CAAAGUCCAGGCACAAGAGU,UAAAGUCCAGGCACAAGAGU,CAAAGUCCAGGCACA,CAAAGUCCAGGCACAAGAGU,True,False,False
Supplemental Table 1,750,MAPT_3883_Asymmetric_2'-OMe/-F,P(mU)#(fA)#(mU)(fU)(fC)(fG)(mG)(fU)(mU)(fC)(mC)(fC)(mU)#(fG)#(mU)#(fC)#(mU)#(mC)#(mC)#(fU),(mG)#(mA)#(fU)(mU)(fC)(mG)(fG)(mU)(fU)(mC)(mC)(mC)(fU)#(mG)#(mA)-TegChol,GAUUCGGUUCCCUGUCUCCU,UAUUCGGUUCCCUGUCUCCU,GAUUCGGUUCCCUGA,GAUUCGGUUCCCUGUCUCCU,True,False,False
Supplemental Table 1,751,MAPT_4275_Asymmetric_2'-OMe/-F,P(mU)#(fU)#(mG)(fC)(fU)(fG)(mG)(fA)(mG)(fC)(mA)(fG)(mC)#(fU)#(mG)#(fA)#(mA)#(mC)#(mA)#(fU),(mC)#(mU)#(fG)(mC)(fU)(mG)(fG)(mA)(fG)(mC)(mA)(mG)(fC)#(mU)#(mA)-TegChol,CUGCUGGAGCAGCUGAACAU,UUGCUGGAGCAGCUGAACAU,CUGCUGGAGCAGCUA,CUGCUGGAGCAGCUGAACAU,True,False,False
Supplemental Table 1,752,MAPT_4336_Asymmetric_2'-OMe/-F,P(mU)#(fA)#(mG)(fU)(fU)(fG)(mU)(fA)(mG)(fU)(mU)(fG)(mG)#(fA)#(mU)#(fU)#(mU)#(mG)#(mU)#(fC),(mG)#(mA)#(fG)(mU)(fU)(mG)(fU)(mA)(fG)(mU)(mU)(mG)(fG)#(mA)#(mA)-TegChol,GAGUUGUAGUUGGAUUUGUC,UAGUUGUAGUUGGAUUUGUC,GAGUUGUAGUUGGAA,GAGUUGUAGUUGGAUUUGUC,True,False,False
Supplemental Table 1,753,MAPT_4338_Asymmetric_2'-OMe/-F,P(mU)#(fU)#(mU)(fG)(fU)(fA)(mG)(fU)(mU)(fG)(mG)(fA)(mU)#(fU)#(mU)#(fG)#(mU)#(mC)#(mU)#(fG),(mG)#(mU)#(fU)(mG)(fU)(mA)(fG)(mU)(fU)(mG)(mG)(mA)(fU)#(mU)#(mA)-TegChol,GUUGUAGUUGGAUUUGUCUG,UUUGUAGUUGGAUUUGUCUG,GUUGUAGUUGGAUUA,GUUGUAGUUGGAUUUGUCUG,True,False,False
Supplemental Table 1,754,MAPT_4340_Asymmetric_2'-OMe/-F,P(mU)#(fG)#(mU)(fA)(fG)(fU)(mU)(fG)(mG)(fA)(mU)(fU)(mU)#(fG)#(mU)#(fC)#(mU)#(mG)#(mU)#(fU),(mU)#(mG)#(fU)(mA)(fG)(mU)(fU)(mG)(fG)(mA)(mU)(mU)(fU)#(mG)#(mA)-TegChol,UGUAGUUGGAUUUGUCUGUU,UGUAGUUGGAUUUGUCUGUU,UGUAGUUGGAUUUGA,UGUAGUUGGAUUUGUCUGUU,True,False,False
Supplemental Table 1,755,MAPT_4342_Asymmetric_2'-OMe/-F,P(mU)#(fA)#(mG)(fU)(fU)(fG)(mG)(fA)(mU)(fU)(mU)(fG)(mU)#(fC)#(mU)#(fG)#(mU)#(mU)#(mU)#(fA),(mU)#(mA)#(fG)(mU)(fU)(mG)(fG)(mA)(fU)(mU)(mU)(mG)(fU)#(mC)#(mA)-TegChol,UAGUUGGAUUUGUCUGUUUA,UAGUUGGAUUUGUCUGUUUA,UAGUUGGAUUUGUCA,UAGUUGGAUUUGUCUGUUUA,True,False,False
Supplemental Table 1,756,MAPT_4344_Asymmetric_2'-OMe/-F,P(mU)#(fU)#(mU)(fG)(fG)(fA)(mU)(fU)(mU)(fG)(mU)(fC)(mU)#(fG)#(mU)#(fU)#(mU)#(mA)#(mU)#(fG),(mG)#(mU)#(fU)(mG)(fG)(mA)(fU)(mU)(fU)(mG)(mU)(mC)(fU)#(mG)#(mA)-TegChol,GUUGGAUUUGUCUGUUUAUG,UUUGGAUUUGUCUGUUUAUG,GUUGGAUUUGUCUGA,GUUGGAUUUGUCUGUUUAUG,True,False,False
Supplemental Table 1,757,MAPT_4346_Asymmetric_2'-OMe/-F,P(mU)#(fG)#(mG)(fA)(fU)(fU)(mU)(fG)(mU)(fC)(mU)(fG)(mU)#(fU)#(mU)#(fA)#(mU)#(mG)#(mC)#(fU),(mU)#(mG)#(fG)(mA)(fU)(mU)(fU)(mG)(fU)(mC)(mU)(mG)(fU)#(mU)#(mA)-TegChol,UGGAUUUGUCUGUUUAUGCU,UGGAUUUGUCUGUUUAUGCU,UGGAUUUGUCUGUUA,UGGAUUUGUCUGUUUAUGCU,True,False,False
Supplemental Table 1,758,MAPT_4348_Asymmetric_2'-OMe/-F,P(mU)#(fA)#(mU)(fU)(fU)(fG)(mU)(fC)(mU)(fG)(mU)(fU)(mU)#(fA)#(mU)#(fG)#(mC)#(mU)#(mU)#(fG),(mG)#(mA)#(fU)(mU)(fU)(mG)(fU)(mC)(fU)(mG)(mU)(mU)(fU)#(mA)#(mA)-TegChol,GAUUUGUCUGUUUAUGCUUG,UAUUUGUCUGUUUAUGCUUG,GAUUUGUCUGUUUAA,GAUUUGUCUGUUUAUGCUUG,True,False,False
Supplemental Table 1,759,MAPT_4350_Asymmetric_2'-OMe/-F,P(mU)#(fU)#(mU)(fG)(fU)(fC)(mU)(fG)(mU)(fU)(mU)(fA)(mU)#(fG)#(mC)#(fU)#(mU)#(mG)#(mG)#(fA),(mU)#(mU)#(fU)(mG)(fU)(mC)(fU)(mG)(fU)(mU)(mU)(mA)(fU)#(mG)#(mA)-TegChol,UUUGUCUGUUUAUGCUUGGA,UUUGUCUGUUUAUGCUUGGA,UUUGUCUGUUUAUGA,UUUGUCUGUUUAUGCUUGGA,True,False,False
Supplemental Table 1,760,MAPT_4352_Asymmetric_2'-OMe/-F,P(mU)#(fG)#(mU)(fC)(fU)(fG)(mU)(fU)(mU)(fA)(mU)(fG)(mC)#(fU)#(mU)#(fG)#(mG)#(mA)#(mU)#(fU),(mU)#(mG)#(fU)(mC)(fU)(mG)(fU)(mU)(fU)(mA)(mU)(mG)(fC)#(mU)#(mA)-TegChol,UGUCUGUUUAUGCUUGGAUU,UGUCUGUUUAUGCUUGGAUU,UGUCUGUUUAUGCUA,UGUCUGUUUAUGCUUGGAUU,True,False,False
Supplemental Table 1,761,MAPT_4354_Asymmetric_2'-OMe/-F,P(mU)#(fC)#(mU)(fG)(fU)(fU)(mU)(fA)(mU)(fG)(mC)(fU)(mU)#(fG)#(mG)#(fA)#(mU)#(mU)#(mC)#(fA),(mU)#(mC)#(fU)(mG)(fU)(mU)(fU)(mA)(fU)(mG)(mC)(mU)(fU)#(mG)#(mA)-TegChol,UCUGUUUAUGCUUGGAUUCA,UCUGUUUAUGCUUGGAUUCA,UCUGUUUAUGCUUGA,UCUGUUUAUGCUUGGAUUCA,True,False,False
Supplemental Table 1,762,MAPT_4356_Asymmetric_2'-OMe/-F,P(mU)#(fG)#(mU)(fU)(fU)(fA)(mU)(fG)(mC)(fU)(mU)(fG)(mG)#(fA)#(mU)#(fU)#(mC)#(mA)#(mC)#(fC),(mU)#(mG)#(fU)(mU)(fU)(mA)(fU)(mG)(fC)(mU)(mU)(mG)(fG)#(mA)#(mA)-TegChol,UGUUUAUGCUUGGAUUCACC,UGUUUAUGCUUGGAUUCACC,UGUUUAUGCUUGGAA,UGUUUAUGCUUGGAUUCACC,True,False,False
Supplemental Table 1,763,MAPT_4538_Asymmetric_2'-OMe/-F,P(mU)#(fU)#(mU)(fU)(fG)(fA)(mA)(fA)(mG)(fG)(mC)(fU)(mU)#(fU)#(mC)#(fC)#(mU)#(mC)#(mA)#(fG),(mU)#(mU)#(fU)(mU)(fG)(mA)(fA)(mA)(fG)(mG)(mC)(mU)(fU)#(mU)#(mA)-TegChol,UUUUGAAAGGCUUUCCUCAG,UUUUGAAAGGCUUUCCUCAG,UUUUGAAAGGCUUUA,UUUUGAAAGGCUUUCCUCAG,True,False,False
Supplemental Table 1,764,MAPT_4636_Asymmetric_2'-OMe/-F,P(mU)#(fA)#(mG)(fG)(fA)(fC)(mU)(fG)(mA)(fA)(mG)(fC)(mG)#(fA)#(mU)#(fG)#(mA)#(mU)#(mG)#(fU),(mU)#(mA)#(fG)(mG)(fA)(mC)(fU)(mG)(fA)(mA)(mG)(mC)(fG)#(mA)#(mA)-TegChol,UAGGACUGAAGCGAUGAUGU,UAGGACUGAAGCGAUGAUGU,UAGGACUGAAGCGAA,UAGGACUGAAGCGAUGAUGU,True,False,False
Supplemental Table 1,765,MAPT_4954_Asymmetric_2'-OMe/-F,P(mU)#(fG)#(mG)(fA)(fU)(fU)(mG)(fG)(mG)(fA)(mU)(fG)(mA)#(fA)#(mU)#(fU)#(mG)#(mC)#(mC)#(fU),(mG)#(mG)#(fG)(mA)(fU)(mU)(fG)(mG)(fG)(mA)(mU)(mG)(fA)#(mA)#(mA)-TegChol,GGGAUUGGGAUGAAUUGCCU,UGGAUUGGGAUGAAUUGCCU,GGGAUUGGGAUGAAA,GGGAUUGGGAUGAAUUGCCU,True,False,False
Supplemental Table 1,766,MAPT_5036_Asymmetric_2'-OMe/-F,P(mU)#(fA)#(mG)(fA)(fC)(fA)(mC)(fU)(mG)(fU)(mU)(fC)(mC)#(fC)#(mA)#(fA)#(mA)#(mG)#(mC)#(fC),(mG)#(mA)#(fG)(mA)(fC)(mA)(fC)(mU)(fG)(mU)(mU)(mC)(fC)#(mC)#(mA)-TegChol,GAGACACUGUUCCCAAAGCC,UAGACACUGUUCCCAAAGCC,GAGACACUGUUCCCA,GAGACACUGUUCCCAAAGCC,True,False,False
Supplemental Table 1,767,MAPT_5178_Asymmetric_2'-OMe/-F,P(mU)#(fC)#(mC)(fA)(fC)(fU)(mU)(fC)(mU)(fG)(mG)(fU)(mU)#(fU)#(mG)#(fG)#(mG)#(mU)#(mA)#(fC),(mG)#(mC)#(fC)(mA)(fC)(mU)(fU)(mC)(fU)(mG)(mG)(mU)(fU)#(mU)#(mA)-TegChol,GCCACUUCUGGUUUGGGUAC,UCCACUUCUGGUUUGGGUAC,GCCACUUCUGGUUUA,GCCACUUCUGGUUUGGGUAC,True,False,False
Supplemental Table 1,768,MAPT_5269_Asymmetric_2'-OMe/-F,P(mU)#(fA)#(mG)(fC)(fU)(fA)(mG)(fA)(mG)(fC)(mU)(fU)(mU)#(fA)#(mC)#(fC)#(mU)#(mG)#(mA)#(fA),(mC)#(mA)#(fG)(mC)(fU)(mA)(fG)(mA)(fG)(mC)(mU)(mU)(fU)#(mA)#(mA)-TegChol,CAGCUAGAGCUUUACCUGAA,UAGCUAGAGCUUUACCUGAA,CAGCUAGAGCUUUAA,CAGCUAGAGCUUUACCUGAA,True,False,False
Supplemental Table 1,769,MAPT_5468_Asymmetric_2'-OMe/-F,P(mU)#(fC)#(mC)(fU)(fC)(fG)(mG)(fU)(mU)(fC)(mC)(fU)(mC)#(fU)#(mU)#(fC)#(mC)#(mU)#(mG)#(fA),(mA)#(mC)#(fC)(mU)(fC)(mG)(fG)(mU)(fU)(mC)(mC)(mU)(fC)#(mU)#(mA)-TegChol,ACCUCGGUUCCUCUUCCUGA,UCCUCGGUUCCUCUUCCUGA,ACCUCGGUUCCUCUA,ACCUCGGUUCCUCUUCCUGA,True,False,False
Supplemental Table 1,770,MAPT_5573_Asymmetric_2'-OMe/-F,P(mU)#(fC)#(mC)(fA)(fG)(fC)(mC)(fU)(mA)(fA)(mG)(fA)(mU)#(fC)#(mA)#(fU)#(mG)#(mG)#(mU)#(fU),(mG)#(mC)#(fC)(mA)(fG)(mC)(fC)(mU)(fA)(mA)(mG)(mA)(fU)#(mC)#(mA)-TegChol,GCCAGCCUAAGAUCAUGGUU,UCCAGCCUAAGAUCAUGGUU,GCCAGCCUAAGAUCA,GCCAGCCUAAGAUCAUGGUU,True,False,False
Supplemental Table 1,771,MAPT_5761_Asymmetric_2'-OMe/-F,P(mU)#(fA)#(mA)(fG)(fC)(fU)(mG)(fC)(mU)(fG)(mA)(fC)(mU)#(fC)#(mA)#(fC)#(mU)#(mU)#(mU)#(fA),(mC)#(mA)#(fA)(mG)(fC)(mU)(fG)(mC)(fU)(mG)(mA)(mC)(fU)#(mC)#(mA)-TegChol,CAAGCUGCUGACUCACUUUA,UAAGCUGCUGACUCACUUUA,CAAGCUGCUGACUCA,CAAGCUGCUGACUCACUUUA,True,False,False
Supplemental Table 1,772,MAPT_5762_Asymmetric_2'-OMe/-F,P(mU)#(fA)#(mG)(fC)(fU)(fG)(mC)(fU)(mG)(fA)(mC)(fU)(mC)#(fA)#(mC)#(fU)#(mU)#(mU)#(mA)#(fU),(mA)#(mA)#(fG)(mC)(fU)(mG)(fC)(mU)(fG)(mA)(mC)(mU)(fC)#(mA)#(mA)-TegChol,AAGCUGCUGACUCACUUUAU,UAGCUGCUGACUCACUUUAU,AAGCUGCUGACUCAA,AAGCUGCUGACUCACUUUAU,True,False,False
Supplemental Table 1,773,MAPT_5763_Asymmetric_2'-OMe/-F,P(mU)#(fG)#(mC)(fU)(fG)(fC)(mU)(fG)(mA)(fC)(mU)(fC)(mA)#(fC)#(mU)#(fU)#(mU)#(mA)#(mU)#(fC),(mA)#(mG)#(fC)(mU)(fG)(mC)(fU)(mG)(fA)(mC)(mU)(mC)(fA)#(mC)#(mA)-TegChol,AGCUGCUGACUCACUUUAUC,UGCUGCUGACUCACUUUAUC,AGCUGCUGACUCACA,AGCUGCUGACUCACUUUAUC,True,False,False
Supplemental Table 1,774,MAPT_5764_Asymmetric_2'-OMe/-F,P(mU)#(fC)#(mU)(fG)(fC)(fU)(mG)(fA)(mC)(fU)(mC)(fA)(mC)#(fU)#(mU)#(fU)#(mA)#(mU)#(mC)#(fA),(mG)#(mC)#(fU)(mG)(fC)(mU)(fG)(mA)(fC)(mU)(mC)(mA)(fC)#(mU)#(mA)-TegChol,GCUGCUGACUCACUUUAUCA,UCUGCUGACUCACUUUAUCA,GCUGCUGACUCACUA,GCUGCUGACUCACUUUAUCA,True,False,False
Supplemental Table 1,775,MAPT_5765_Asymmetric_2'-OMe/-F,P(mU)#(fU)#(mG)(fC)(fU)(fG)(mA)(fC)(mU)(fC)(mA)(fC)(mU)#(fU)#(mU)#(fA)#(mU)#(mC)#(mA)#(fA),(mC)#(mU)#(fG)(mC)(fU)(mG)(fA)(mC)(fU)(mC)(mA)(mC)(fU)#(mU)#(mA)-TegChol,CUGCUGACUCACUUUAUCAA,UUGCUGACUCACUUUAUCAA,CUGCUGACUCACUUA,CUGCUGACUCACUUUAUCAA,True,False,False
Supplemental Table 1,776,MAPT_5766_Asymmetric_2'-OMe/-F,P(mU)#(fG)#(mC)(fU)(fG)(fA)(mC)(fU)(mC)(fA)(mC)(fU)(mU)#(fU)#(mA)#(fU)#(mC)#(mA)#(mA)#(fU),(mU)#(mG)#(fC)(mU)(fG)(mA)(fC)(mU)(fC)(mA)(mC)(mU)(fU)#(mU)#(mA)-TegChol,UGCUGACUCACUUUAUCAAU,UGCUGACUCACUUUAUCAAU,UGCUGACUCACUUUA,UGCUGACUCACUUUAUCAAU,True,False,False
Supplemental Table 1,777,MAPT_5767_Asymmetric_2'-OMe/-F,P(mU)#(fC)#(mU)(fG)(fA)(fC)(mU)(fC)(mA)(fC)(mU)(fU)(mU)#(fA)#(mU)#(fC)#(mA)#(mA)#(mU)#(fA),(mG)#(mC)#(fU)(mG)(fA)(mC)(fU)(mC)(fA)(mC)(mU)(mU)(fU)#(mA)#(mA)-TegChol,GCUGACUCACUUUAUCAAUA,UCUGACUCACUUUAUCAAUA,GCUGACUCACUUUAA,GCUGACUCACUUUAUCAAUA,True,False,False
Supplemental Table 1,778,MAPT_5768_Asymmetric_2'-OMe/-F,P(mU)#(fU)#(mG)(fA)(fC)(fU)(mC)(fA)(mC)(fU)(mU)(fU)(mA)#(fU)#(mC)#(fA)#(mA)#(mU)#(mA)#(fG),(mC)#(mU)#(fG)(mA)(fC)(mU)(fC)(mA)(fC)(mU)(mU)(mU)(fA)#(mU)#(mA)-TegChol,CUGACUCACUUUAUCAAUAG,UUGACUCACUUUAUCAAUAG,CUGACUCACUUUAUA,CUGACUCACUUUAUCAAUAG,True,False,False
Supplemental Table 1,779,MAPT_5769_Asymmetric_2'-OMe/-F,P(mU)#(fG)#(mA)(fC)(fU)(fC)(mA)(fC)(mU)(fU)(mU)(fA)(mU)#(fC)#(mA)#(fA)#(mU)#(mA)#(mG)#(fU),(mU)#(mG)#(fA)(mC)(fU)(mC)(fA)(mC)(fU)(mU)(mU)(mA)(fU)#(mC)#(mA)-TegChol,UGACUCACUUUAUCAAUAGU,UGACUCACUUUAUCAAUAGU,UGACUCACUUUAUCA,UGACUCACUUUAUCAAUAGU,True,False,False
Supplemental Table 1,780,MAPT_5770_Asymmetric_2'-OMe/-F,P(mU)#(fA)#(mC)(fU)(fC)(fA)(mC)(fU)(mU)(fU)(mA)(fU)(mC)#(fA)#(mA)#(fU)#(mA)#(mG)#(mU)#(fU),(mG)#(mA)#(fC)(mU)(fC)(mA)(fC)(mU)(fU)(mU)(mA)(mU)(fC)#(mA)#(mA)-TegChol,GACUCACUUUAUCAAUAGUU,UACUCACUUUAUCAAUAGUU,GACUCACUUUAUCAA,GACUCACUUUAUCAAUAGUU,True,False,False
Supplemental Table 1,781,MAPT_5771_Asymmetric_2'-OMe/-F,P(mU)#(fC)#(mU)(fC)(fA)(fC)(mU)(fU)(mU)(fA)(mU)(fC)(mA)#(fA)#(mU)#(fA)#(mG)#(mU)#(mU)#(fC),(mA)#(mC)#(fU)(mC)(fA)(mC)(fU)(mU)(fU)(mA)(mU)(mC)(fA)#(mA)#(mA)-TegChol,ACUCACUUUAUCAAUAGUUC,UCUCACUUUAUCAAUAGUUC,ACUCACUUUAUCAAA,ACUCACUUUAUCAAUAGUUC,True,False,False
Supplemental Table 1,782,MAPT_5772_Asymmetric_2'-OMe/-F,P(mU)#(fU)#(mC)(fA)(fC)(fU)(mU)(fU)(mA)(fU)(mC)(fA)(mA)#(fU)#(mA)#(fG)#(mU)#(mU)#(mC)#(fC),(mC)#(mU)#(fC)(mA)(fC)(mU)(fU)(mU)(fA)(mU)(mC)(mA)(fA)#(mU)#(mA)-TegChol,CUCACUUUAUCAAUAGUUCC,UUCACUUUAUCAAUAGUUCC,CUCACUUUAUCAAUA,CUCACUUUAUCAAUAGUUCC,True,False,False
Supplemental Table 1,783,MAPT_5773_Asymmetric_2'-OMe/-F,P(mU)#(fC)#(mA)(fC)(fU)(fU)(mU)(fA)(mU)(fC)(mA)(fA)(mU)#(fA)#(mG)#(fU)#(mU)#(mC)#(mC)#(fA),(mU)#(mC)#(fA)(mC)(fU)(mU)(fU)(mA)(fU)(mC)(mA)(mA)(fU)#(mA)#(mA)-TegChol,UCACUUUAUCAAUAGUUCCA,UCACUUUAUCAAUAGUUCCA,UCACUUUAUCAAUAA,UCACUUUAUCAAUAGUUCCA,True,False,False
Supplemental Table 1,784,MAPT_5774_Asymmetric_2'-OMe/-F,P(mU)#(fA)#(mC)(fU)(fU)(fU)(mA)(fU)(mC)(fA)(mA)(fU)(mA)#(fG)#(mU)#(fU)#(mC)#(mC)#(mA)#(fU),(mC)#(mA)#(fC)(mU)(fU)(mU)(fA)(mU)(fC)(mA)(mA)(mU)(fA)#(mG)#(mA)-TegChol,CACUUUAUCAAUAGUUCCAU,UACUUUAUCAAUAGUUCCAU,CACUUUAUCAAUAGA,CACUUUAUCAAUAGUUCCAU,True,False,False
Supplemental Table 1,785,MAPT_5775_Asymmetric_2'-OMe/-F,P(mU)#(fC)#(mU)(fU)(fU)(fA)(mU)(fC)(mA)(fA)(mU)(fA)(mG)#(fU)#(mU)#(fC)#(mC)#(mA)#(mU)#(fU),(mA)#(mC)#(fU)(mU)(fU)(mA)(fU)(mC)(fA)(mA)(mU)(mA)(fG)#(mU)#(mA)-TegChol,ACUUUAUCAAUAGUUCCAUU,UCUUUAUCAAUAGUUCCAUU,ACUUUAUCAAUAGUA,ACUUUAUCAAUAGUUCCAUU,True,False,False
Supplemental Table 1,786,MAPT_5776_Asymmetric_2'-OMe/-F,P(mU)#(fU)#(mU)(fU)(fA)(fU)(mC)(fA)(mA)(fU)(mA)(fG)(mU)#(fU)#(mC)#(fC)#(mA)#(mU)#(mU)#(fU),(mC)#(mU)#(fU)(mU)(fA)(mU)(fC)(mA)(fA)(mU)(mA)(mG)(fU)#(mU)#(mA)-TegChol,CUUUAUCAAUAGUUCCAUUU,UUUUAUCAAUAGUUCCAUUU,CUUUAUCAAUAGUUA,CUUUAUCAAUAGUUCCAUUU,True,False,False
Supplemental Table 1,787,MAPT_5777_Asymmetric_2'-OMe/-F,P(mU)#(fU)#(mU)(fA)(fU)(fC)(mA)(fA)(mU)(fA)(mG)(fU)(mU)#(fC)#(mC)#(fA)#(mU)#(mU)#(mU)#(fA),(mU)#(mU)#(fU)(mA)(fU)(mC)(fA)(mA)(fU)(mA)(mG)(mU)(fU)#(mC)#(mA)-TegChol,UUUAUCAAUAGUUCCAUUUA,UUUAUCAAUAGUUCCAUUUA,UUUAUCAAUAGUUCA,UUUAUCAAUAGUUCCAUUUA,True,False,False
Supplemental Table 1,788,MAPT_5778_Asymmetric_2'-OMe/-F,P(mU)#(fU)#(mA)(fU)(fC)(fA)(mA)(fU)(mA)(fG)(mU)(fU)(mC)#(fC)#(mA)#(fU)#(mU)#(mU)#(mA)#(fA),(mU)#(mU)#(fA)(mU)(fC)(mA)(fA)(mU)(fA)(mG)(mU)(mU)(fC)#(mC)#(mA)-TegChol,UUAUCAAUAGUUCCAUUUAA,UUAUCAAUAGUUCCAUUUAA,UUAUCAAUAGUUCCA,UUAUCAAUAGUUCCAUUUAA,True,False,False
Supplemental Table 1,789,MAPT_5779_Asymmetric_2'-OMe/-F,P(mU)#(fA)#(mU)(fC)(fA)(fA)(mU)(fA)(mG)(fU)(mU)(fC)(mC)#(fA)#(mU)#(fU)#(mU)#(mA)#(mA)#(fA),(mU)#(mA)#(fU)(mC)(fA)(mA)(fU)(mA)(fG)(mU)(mU)(mC)(fC)#(mA)#(mA)-TegChol,UAUCAAUAGUUCCAUUUAAA,UAUCAAUAGUUCCAUUUAAA,UAUCAAUAGUUCCAA,UAUCAAUAGUUCCAUUUAAA,True,False,False
Supplemental Table 1,790,MAPT_5780_Asymmetric_2'-OMe/-F,P(mU)#(fU)#(mC)(fA)(fA)(fU)(mA)(fG)(mU)(fU)(mC)(fC)(mA)#(fU)#(mU)#(fU)#(mA)#(mA)#(mA)#(fU),(mA)#(mU)#(fC)(mA)(fA)(mU)(fA)(mG)(fU)(mU)(mC)(mC)(fA)#(mU)#(mA)-TegChol,AUCAAUAGUUCCAUUUAAAU,UUCAAUAGUUCCAUUUAAAU,AUCAAUAGUUCCAUA,AUCAAUAGUUCCAUUUAAAU,True,False,False
Supplemental Table 1,791,MAPT_5781_Asymmetric_2'-OMe/-F,P(mU)#(fC)#(mA)(fA)(fU)(fA)(mG)(fU)(mU)(fC)(mC)(fA)(mU)#(fU)#(mU)#(fA)#(mA)#(mA)#(mU)#(fU),(mU)#(mC)#(fA)(mA)(fU)(mA)(fG)(mU)(fU)(mC)(mC)(mA)(fU)#(mU)#(mA)-TegChol,UCAAUAGUUCCAUUUAAAUU,UCAAUAGUUCCAUUUAAAUU,UCAAUAGUUCCAUUA,UCAAUAGUUCCAUUUAAAUU,True,False,False
Supplemental Table 1,792,MAPT_5782_Asymmetric_2'-OMe/-F,P(mU)#(fA)#(mA)(fU)(fA)(fG)(mU)(fU)(mC)(fC)(mA)(fU)(mU)#(fU)#(mA)#(fA)#(mA)#(mU)#(mU)#(fG),(mC)#(mA)#(fA)(mU)(fA)(mG)(fU)(mU)(fC)(mC)(mA)(mU)(fU)#(mU)#(mA)-TegChol,CAAUAGUUCCAUUUAAAUUG,UAAUAGUUCCAUUUAAAUUG,CAAUAGUUCCAUUUA,CAAUAGUUCCAUUUAAAUUG,True,False,False
Supplemental Table 1,793,MAPT_5783_Asymmetric_2'-OMe/-F,P(mU)#(fA)#(mU)(fA)(fG)(fU)(mU)(fC)(mC)(fA)(mU)(fU)(mU)#(fA)#(mA)#(fA)#(mU)#(mU)#(mG)#(fA),(mA)#(mA)#(fU)(mA)(fG)(mU)(fU)(mC)(fC)(mA)(mU)(mU)(fU)#(mA)#(mA)-TegChol,AAUAGUUCCAUUUAAAUUGA,UAUAGUUCCAUUUAAAUUGA,AAUAGUUCCAUUUAA,AAUAGUUCCAUUUAAAUUGA,True,False,False
Supplemental Table 1,794,MAPT_5784_Asymmetric_2'-OMe/-F,P(mU)#(fU)#(mA)(fG)(fU)(fU)(mC)(fC)(mA)(fU)(mU)(fU)(mA)#(fA)#(mA)#(fU)#(mU)#(mG)#(mA)#(fC),(mA)#(mU)#(fA)(mG)(fU)(mU)(fC)(mC)(fA)(mU)(mU)(mU)(fA)#(mA)#(mA)-TegChol,AUAGUUCCAUUUAAAUUGAC,UUAGUUCCAUUUAAAUUGAC,AUAGUUCCAUUUAAA,AUAGUUCCAUUUAAAUUGAC,True,False,False
Supplemental Table 1,795,MAPT_5785_Asymmetric_2'-OMe/-F,P(mU)#(fA)#(mG)(fU)(fU)(fC)(mC)(fA)(mU)(fU)(mU)(fA)(mA)#(fA)#(mU)#(fU)#(mG)#(mA)#(mC)#(fU),(mU)#(mA)#(fG)(mU)(fU)(mC)(fC)(mA)(fU)(mU)(mU)(mA)(fA)#(mA)#(mA)-TegChol,UAGUUCCAUUUAAAUUGACU,UAGUUCCAUUUAAAUUGACU,UAGUUCCAUUUAAAA,UAGUUCCAUUUAAAUUGACU,True,False,False
Supplemental Table 1,796,MAPT_5786_Asymmetric_2'-OMe/-F,P(mU)#(fG)#(mU)(fU)(fC)(fC)(mA)(fU)(mU)(fU)(mA)(fA)(mA)#(fU)#(mU)#(fG)#(mA)#(mC)#(mU)#(fU),(mA)#(mG)#(fU)(mU)(fC)(mC)(fA)(mU)(fU)(mU)(mA)(mA)(fA)#(mU)#(mA)-TegChol,AGUUCCAUUUAAAUUGACUU,UGUUCCAUUUAAAUUGACUU,AGUUCCAUUUAAAUA,AGUUCCAUUUAAAUUGACUU,True,False,False
Supplemental Table 1,797,MAPT_5787_Asymmetric_2'-OMe/-F,P(mU)#(fU)#(mU)(fC)(fC)(fA)(mU)(fU)(mU)(fA)(mA)(fA)(mU)#(fU)#(mG)#(fA)#(mC)#(mU)#(mU)#(fC),(mG)#(mU)#(fU)(mC)(fC)(mA)(fU)(mU)(fU)(mA)(mA)(mA)(fU)#(mU)#(mA)-TegChol,GUUCCAUUUAAAUUGACUUC,UUUCCAUUUAAAUUGACUUC,GUUCCAUUUAAAUUA,GUUCCAUUUAAAUUGACUUC,True,False,False
Supplemental Table 1,798,MAPT_5788_Asymmetric_2'-OMe/-F,P(mU)#(fU)#(mC)(fC)(fA)(fU)(mU)(fU)(mA)(fA)(mA)(fU)(mU)#(fG)#(mA)#(fC)#(mU)#(mU)#(mC)#(fA),(mU)#(mU)#(fC)(mC)(fA)(mU)(fU)(mU)(fA)(mA)(mA)(mU)(fU)#(mG)#(mA)-TegChol,UUCCAUUUAAAUUGACUUCA,UUCCAUUUAAAUUGACUUCA,UUCCAUUUAAAUUGA,UUCCAUUUAAAUUGACUUCA,True,False,False
Supplemental Table 1,799,MAPT_5789_Asymmetric_2'-OMe/-F,P(mU)#(fC)#(mC)(fA)(fU)(fU)(mU)(fA)(mA)(fA)(mU)(fU)(mG)#(fA)#(mC)#(fU)#(mU)#(mC)#(mA)#(fG),(mU)#(mC)#(fC)(mA)(fU)(mU)(fU)(mA)(fA)(mA)(mU)(mU)(fG)#(mA)#(mA)-TegChol,UCCAUUUAAAUUGACUUCAG,UCCAUUUAAAUUGACUUCAG,UCCAUUUAAAUUGAA,UCCAUUUAAAUUGACUUCAG,True,False,False
Supplemental Table 1,800,MAPT_5790_Asymmetric_2'-OMe/-F,P(mU)#(fC)#(mA)(fU)(fU)(fU)(mA)(fA)(mA)(fU)(mU)(fG)(mA)#(fC)#(mU)#(fU)#(mC)#(mA)#(mG)#(fU),(mC)#(mC)#(fA)(mU)(fU)(mU)(fA)(mA)(fA)(mU)(mU)(mG)(fA)#(mC)#(mA)-TegChol,CCAUUUAAAUUGACUUCAGU,UCAUUUAAAUUGACUUCAGU,CCAUUUAAAUUGACA,CCAUUUAAAUUGACUUCAGU,True,False,False
Supplemental Table 1,801,MAPT_5791_Asymmetric_2'-OMe/-F,P(mU)#(fA)#(mU)(fU)(fU)(fA)(mA)(fA)(mU)(fU)(mG)(fA)(mC)#(fU)#(mU)#(fC)#(mA)#(mG)#(mU)#(fG),(mC)#(mA)#(fU)(mU)(fU)(mA)(fA)(mA)(fU)(mU)(mG)(mA)(fC)#(mU)#(mA)-TegChol,CAUUUAAAUUGACUUCAGUG,UAUUUAAAUUGACUUCAGUG,CAUUUAAAUUGACUA,CAUUUAAAUUGACUUCAGUG,True,False,False
Supplemental Table 1,802,MAPT_5792_Asymmetric_2'-OMe/-F,P(mU)#(fU)#(mU)(fU)(fA)(fA)(mA)(fU)(mU)(fG)(mA)(fC)(mU)#(fU)#(mC)#(fA)#(mG)#(mU)#(mG)#(fG),(mA)#(mU)#(fU)(mU)(fA)(mA)(fA)(mU)(fU)(mG)(mA)(mC)(fU)#(mU)#(mA)-TegChol,AUUUAAAUUGACUUCAGUGG,UUUUAAAUUGACUUCAGUGG,AUUUAAAUUGACUUA,AUUUAAAUUGACUUCAGUGG,True,False,False
Supplemental Table 1,803,MAPT_5793_Asymmetric_2'-OMe/-F,P(mU)#(fU)#(mU)(fA)(fA)(fA)(mU)(fU)(mG)(fA)(mC)(fU)(mU)#(fC)#(mA)#(fG)#(mU)#(mG)#(mG)#(fU),(mU)#(mU)#(fU)(mA)(fA)(mA)(fU)(mU)(fG)(mA)(mC)(mU)(fU)#(mC)#(mA)-TegChol,UUUAAAUUGACUUCAGUGGU,UUUAAAUUGACUUCAGUGGU,UUUAAAUUGACUUCA,UUUAAAUUGACUUCAGUGGU,True,False,False
Supplemental Table 1,804,MAPT_5794_Asymmetric_2'-OMe/-F,P(mU)#(fU)#(mA)(fA)(fA)(fU)(mU)(fG)(mA)(fC)(mU)(fU)(mC)#(fA)#(mG)#(fU)#(mG)#(mG)#(mU)#(fG),(mU)#(mU)#(fA)(mA)(fA)(mU)(fU)(mG)(fA)(mC)(mU)(mU)(fC)#(mA)#(mA)-TegChol,UUAAAUUGACUUCAGUGGUG,UUAAAUUGACUUCAGUGGUG,UUAAAUUGACUUCAA,UUAAAUUGACUUCAGUGGUG,True,False,False
Supplemental Table 1,805,MAPT_5795_Asymmetric_2'-OMe/-F,P(mU)#(fA)#(mA)(fA)(fU)(fU)(mG)(fA)(mC)(fU)(mU)(fC)(mA)#(fG)#(mU)#(fG)#(mG)#(mU)#(mG)#(fA),(mU)#(mA)#(fA)(mA)(fU)(mU)(fG)(mA)(fC)(mU)(mU)(mC)(fA)#(mG)#(mA)-TegChol,UAAAUUGACUUCAGUGGUGA,UAAAUUGACUUCAGUGGUGA,UAAAUUGACUUCAGA,UAAAUUGACUUCAGUGGUGA,True,False,False
Supplemental Table 1,806,MAPT_5796_Asymmetric_2'-OMe/-F,P(mU)#(fA)#(mA)(fU)(fU)(fG)(mA)(fC)(mU)(fU)(mC)(fA)(mG)#(fU)#(mG)#(fG)#(mU)#(mG)#(mA)#(fG),(mA)#(mA)#(fA)(mU)(fU)(mG)(fA)(mC)(fU)(mU)(mC)(mA)(fG)#(mU)#(mA)-TegChol,AAAUUGACUUCAGUGGUGAG,UAAUUGACUUCAGUGGUGAG,AAAUUGACUUCAGUA,AAAUUGACUUCAGUGGUGAG,True,False,False
Supplemental Table 1,807,MAPT_5797_Asymmetric_2'-OMe/-F,P(mU)#(fA)#(mU)(fU)(fG)(fA)(mC)(fU)(mU)(fC)(mA)(fG)(mU)#(fG)#(mG)#(fU)#(mG)#(mA)#(mG)#(fA),(mA)#(mA)#(fU)(mU)(fG)(mA)(fC)(mU)(fU)(mC)(mA)(mG)(fU)#(mG)#(mA)-TegChol,AAUUGACUUCAGUGGUGAGA,UAUUGACUUCAGUGGUGAGA,AAUUGACUUCAGUGA,AAUUGACUUCAGUGGUGAGA,True,False,False
Supplemental Table 1,808,MAPT_5799_Asymmetric_2'-OMe/-F,P(mU)#(fU)#(mG)(fA)(fC)(fU)(mU)(fC)(mA)(fG)(mU)(fG)(mG)#(fU)#(mG)#(fA)#(mG)#(mA)#(mC)#(fU),(mU)#(mU)#(fG)(mA)(fC)(mU)(fU)(mC)(fA)(mG)(mU)(mG)(fG)#(mU)#(mA)-TegChol,UUGACUUCAGUGGUGAGACU,UUGACUUCAGUGGUGAGACU,UUGACUUCAGUGGUA,UUGACUUCAGUGGUGAGACU,True,False,False
Supplemental Table 1,809,MAPT_5812_Asymmetric_2'-OMe/-F,P(mU)#(fG)#(mA)(fG)(fA)(fC)(mU)(fG)(mU)(fA)(mU)(fC)(mC)#(fU)#(mG)#(fU)#(mU)#(mU)#(mG)#(fC),(mU)#(mG)#(fA)(mG)(fA)(mC)(fU)(mG)(fU)(mA)(mU)(mC)(fC)#(mU)#(mA)-TegChol,UGAGACUGUAUCCUGUUUGC,UGAGACUGUAUCCUGUUUGC,UGAGACUGUAUCCUA,UGAGACUGUAUCCUGUUUGC,True,False,False
Supplemental Table 1,810,MAPT_5998_Asymmetric_2'-OMe/-F,P(mU)#(fG)#(mU)(fU)(fU)(fC)(mU)(fC)(mU)(fU)(mU)(fU)(mC)#(fC)#(mA)#(fC)#(mU)#(mG)#(mA)#(fC),(mG)#(mG)#(fU)(mU)(fU)(mC)(fU)(mC)(fU)(mU)(mU)(mU)(fC)#(mC)#(mA)-TegChol,GGUUUCUCUUUUCCACUGAC,UGUUUCUCUUUUCCACUGAC,GGUUUCUCUUUUCCA,GGUUUCUCUUUUCCACUGAC,True,False,False
Supplemental Table 1,811,MAPT_6118_Asymmetric_2'-OMe/-F,P(mU)#(fG)#(mU)(fC)(fC)(fU)(mA)(fA)(mG)(fC)(mC)(fC)(mA)#(fC)#(mA)#(fA)#(mU)#(mC)#(mA)#(fU),(mG)#(mG)#(fU)(mC)(fC)(mU)(fA)(mA)(fG)(mC)(mC)(mC)(fA)#(mC)#(mA)-TegChol,GGUCCUAAGCCCACAAUCAU,UGUCCUAAGCCCACAAUCAU,GGUCCUAAGCCCACA,GGUCCUAAGCCCACAAUCAU,True,False,False
Supplemental Table 1,812,MAPT_6310_Asymmetric_2'-OMe/-F,P(mU)#(fC)#(mA)(fC)(fC)(fU)(mG)(fC)(mG)(fU)(mG)(fU)(mC)#(fC)#(mC)#(fA)#(mU)#(mC)#(mU)#(fA),(mU)#(mC)#(fA)(mC)(fC)(mU)(fG)(mC)(fG)(mU)(mG)(mU)(fC)#(mC)#(mA)-TegChol,UCACCUGCGUGUCCCAUCUA,UCACCUGCGUGUCCCAUCUA,UCACCUGCGUGUCCA,UCACCUGCGUGUCCCAUCUA,True,False,False
Supplemental Table 1,813,MAPT_6369_Asymmetric_2'-OMe/-F,P(mU)#(fU)#(mU)(fU)(fG)(fA)(mA)(fA)(mA)(fG)(mG)(fG)(mU)#(fU)#(mA)#(fC)#(mC)#(mC)#(mU)#(fG),(mC)#(mU)#(fU)(mU)(fG)(mA)(fA)(mA)(fA)(mG)(mG)(mG)(fU)#(mU)#(mA)-TegChol,CUUUGAAAAGGGUUACCCUG,UUUUGAAAAGGGUUACCCUG,CUUUGAAAAGGGUUA,CUUUGAAAAGGGUUACCCUG,True,False,False
Supplemental Table 1,814,MAPT_6527_Asymmetric_2'-OMe/-F,P(mU)#(fU)#(mA)(fG)(fC)(fU)(mU)(fA)(mG)(fC)(mU)(fU)(mU)#(fC)#(mU)#(fG)#(mU)#(mC)#(mU)#(fG),(mU)#(mU)#(fA)(mG)(fC)(mU)(fU)(mA)(fG)(mC)(mU)(mU)(fU)#(mC)#(mA)-TegChol,UUAGCUUAGCUUUCUGUCUG,UUAGCUUAGCUUUCUGUCUG,UUAGCUUAGCUUUCA,UUAGCUUAGCUUUCUGUCUG,True,False,False
Supplemental Table 1,815,MAPT_6559_Asymmetric_2'-OMe/-F,P(mU)#(fA)#(mG)(fU)(fG)(fU)(mA)(fU)(mU)(fG)(mU)(fG)(mU)#(fG)#(mU)#(fU)#(mU)#(mU)#(mA)#(fA),(mU)#(mA)#(fG)(mU)(fG)(mU)(fA)(mU)(fU)(mG)(mU)(mG)(fU)#(mG)#(mA)-TegChol,UAGUGUAUUGUGUGUUUUAA,UAGUGUAUUGUGUGUUUUAA,UAGUGUAUUGUGUGA,UAGUGUAUUGUGUGUUUUAA,True,False,False
Supplemental Table 1,816,MAPT_6561_Asymmetric_2'-OMe/-F,P(mU)#(fU)#(mG)(fU)(fA)(fU)(mU)(fG)(mU)(fG)(mU)(fG)(mU)#(fU)#(mU)#(fU)#(mA)#(mA)#(mC)#(fA),(mG)#(mU)#(fG)(mU)(fA)(mU)(fU)(mG)(fU)(mG)(mU)(mG)(fU)#(mU)#(mA)-TegChol,GUGUAUUGUGUGUUUUAACA,UUGUAUUGUGUGUUUUAACA,GUGUAUUGUGUGUUA,GUGUAUUGUGUGUUUUAACA,True,False,False
Supplemental Table 1,817,MAPT_6563_Asymmetric_2'-OMe/-F,P(mU)#(fU)#(mA)(fU)(fU)(fG)(mU)(fG)(mU)(fG)(mU)(fU)(mU)#(fU)#(mA)#(fA)#(mC)#(mA)#(mA)#(fA),(mG)#(mU)#(fA)(mU)(fU)(mG)(fU)(mG)(fU)(mG)(mU)(mU)(fU)#(mU)#(mA)-TegChol,GUAUUGUGUGUUUUAACAAA,UUAUUGUGUGUUUUAACAAA,GUAUUGUGUGUUUUA,GUAUUGUGUGUUUUAACAAA,True,False,False
Supplemental Table 1,818,MAPT_6565_Asymmetric_2'-OMe/-F,P(mU)#(fU)#(mU)(fG)(fU)(fG)(mU)(fG)(mU)(fU)(mU)(fU)(mA)#(fA)#(mC)#(fA)#(mA)#(mA)#(mU)#(fG),(mA)#(mU)#(fU)(mG)(fU)(mG)(fU)(mG)(fU)(mU)(mU)(mU)(fA)#(mA)#(mA)-TegChol,AUUGUGUGUUUUAACAAAUG,UUUGUGUGUUUUAACAAAUG,AUUGUGUGUUUUAAA,AUUGUGUGUUUUAACAAAUG,True,False,False
Supplemental Table 1,819,MAPT_6567_Asymmetric_2'-OMe/-F,P(mU)#(fG)#(mU)(fG)(fU)(fG)(mU)(fU)(mU)(fU)(mA)(fA)(mC)#(fA)#(mA)#(fA)#(mU)#(mG)#(mA)#(fU),(mU)#(mG)#(fU)(mG)(fU)(mG)(fU)(mU)(fU)(mU)(mA)(mA)(fC)#(mA)#(mA)-TegChol,UGUGUGUUUUAACAAAUGAU,UGUGUGUUUUAACAAAUGAU,UGUGUGUUUUAACAA,UGUGUGUUUUAACAAAUGAU,True,False,False
Supplemental Table 1,820,MAPT_6568_Asymmetric_2'-OMe/-F,P(mU)#(fU)#(mG)(fU)(fG)(fU)(mU)(fU)(mU)(fA)(mA)(fC)(mA)#(fA)#(mA)#(fU)#(mG)#(mA)#(mU)#(fU),(mG)#(mU)#(fG)(mU)(fG)(mU)(fU)(mU)(fU)(mA)(mA)(mC)(fA)#(mA)#(mA)-TegChol,GUGUGUUUUAACAAAUGAUU,UUGUGUUUUAACAAAUGAUU,GUGUGUUUUAACAAA,GUGUGUUUUAACAAAUGAUU,True,False,False
Supplemental Table 1,821,MAPT_6569_Asymmetric_2'-OMe/-F,P(mU)#(fG)#(mU)(fG)(fU)(fU)(mU)(fU)(mA)(fA)(mC)(fA)(mA)#(fA)#(mU)#(fG)#(mA)#(mU)#(mU)#(fU),(mU)#(mG)#(fU)(mG)(fU)(mU)(fU)(mU)(fA)(mA)(mC)(mA)(fA)#(mA)#(mA)-TegChol,UGUGUUUUAACAAAUGAUUU,UGUGUUUUAACAAAUGAUUU,UGUGUUUUAACAAAA,UGUGUUUUAACAAAUGAUUU,True,False,False
Supplemental Table 1,822,MAPT_6570_Asymmetric_2'-OMe/-F,P(mU)#(fU)#(mG)(fU)(fU)(fU)(mU)(fA)(mA)(fC)(mA)(fA)(mA)#(fU)#(mG)#(fA)#(mU)#(mU)#(mU)#(fA),(mG)#(mU)#(fG)(mU)(fU)(mU)(fU)(mA)(fA)(mC)(mA)(mA)(fA)#(mU)#(mA)-TegChol,GUGUUUUAACAAAUGAUUUA,UUGUUUUAACAAAUGAUUUA,GUGUUUUAACAAAUA,GUGUUUUAACAAAUGAUUUA,True,False,False
Supplemental Table 1,823,MAPT_6571_Asymmetric_2'-OMe/-F,P(mU)#(fG)#(mU)(fU)(fU)(fU)(mA)(fA)(mC)(fA)(mA)(fA)(mU)#(fG)#(mA)#(fU)#(mU)#(mU)#(mA)#(fC),(mU)#(mG)#(fU)(mU)(fU)(mU)(fA)(mA)(fC)(mA)(mA)(mA)(fU)#(mG)#(mA)-TegChol,UGUUUUAACAAAUGAUUUAC,UGUUUUAACAAAUGAUUUAC,UGUUUUAACAAAUGA,UGUUUUAACAAAUGAUUUAC,True,False,False
Supplemental Table 1,824,MAPT_6572_Asymmetric_2'-OMe/-F,P(mU)#(fU)#(mU)(fU)(fU)(fA)(mA)(fC)(mA)(fA)(mA)(fU)(mG)#(fA)#(mU)#(fU)#(mU)#(mA)#(mC)#(fA),(mG)#(mU)#(fU)(mU)(fU)(mA)(fA)(mC)(fA)(mA)(mA)(mU)(fG)#(mA)#(mA)-TegChol,GUUUUAACAAAUGAUUUACA,UUUUUAACAAAUGAUUUACA,GUUUUAACAAAUGAA,GUUUUAACAAAUGAUUUACA,True,False,False
Supplemental Table 1,825,MAPT_6573_Asymmetric_2'-OMe/-F,P(mU)#(fU)#(mU)(fU)(fA)(fA)(mC)(fA)(mA)(fA)(mU)(fG)(mA)#(fU)#(mU)#(fU)#(mA)#(mC)#(mA)#(fC),(mU)#(mU)#(fU)(mU)(fA)(mA)(fC)(mA)(fA)(mA)(mU)(mG)(fA)#(mU)#(mA)-TegChol,UUUUAACAAAUGAUUUACAC,UUUUAACAAAUGAUUUACAC,UUUUAACAAAUGAUA,UUUUAACAAAUGAUUUACAC,True,False,False
Supplemental Table 1,826,MAPT_6574_Asymmetric_2'-OMe/-F,P(mU)#(fU)#(mU)(fA)(fA)(fC)(mA)(fA)(mA)(fU)(mG)(fA)(mU)#(fU)#(mU)#(fA)#(mC)#(mA)#(mC)#(fU),(mU)#(mU)#(fU)(mA)(fA)(mC)(fA)(mA)(fA)(mU)(mG)(mA)(fU)#(mU)#(mA)-TegChol,UUUAACAAAUGAUUUACACU,UUUAACAAAUGAUUUACACU,UUUAACAAAUGAUUA,UUUAACAAAUGAUUUACACU,True,False,False
Supplemental Table 1,827,MAPT_6575_Asymmetric_2'-OMe/-F,P(mU)#(fU)#(mA)(fA)(fC)(fA)(mA)(fA)(mU)(fG)(mA)(fU)(mU)#(fU)#(mA)#(fC)#(mA)#(mC)#(mU)#(fG),(mU)#(mU)#(fA)(mA)(fC)(mA)(fA)(mA)(fU)(mG)(mA)(mU)(fU)#(mU)#(mA)-TegChol,UUAACAAAUGAUUUACACUG,UUAACAAAUGAUUUACACUG,UUAACAAAUGAUUUA,UUAACAAAUGAUUUACACUG,True,False,False
Supplemental Table 1,828,MAPT_6576_Asymmetric_2'-OMe/-F,P(mU)#(fA)#(mA)(fC)(fA)(fA)(mA)(fU)(mG)(fA)(mU)(fU)(mU)#(fA)#(mC)#(fA)#(mC)#(mU)#(mG)#(fA),(mU)#(mA)#(fA)(mC)(fA)(mA)(fA)(mU)(fG)(mA)(mU)(mU)(fU)#(mA)#(mA)-TegChol,UAACAAAUGAUUUACACUGA,UAACAAAUGAUUUACACUGA,UAACAAAUGAUUUAA,UAACAAAUGAUUUACACUGA,True,False,False
Supplemental Table 1,829,MAPT_6577_Asymmetric_2'-OMe/-F,P(mU)#(fA)#(mC)(fA)(fA)(fA)(mU)(fG)(mA)(fU)(mU)(fU)(mA)#(fC)#(mA)#(fC)#(mU)#(mG)#(mA)#(fC),(mA)#(mA)#(fC)(mA)(fA)(mA)(fU)(mG)(fA)(mU)(mU)(mU)(fA)#(mC)#(mA)-TegChol,AACAAAUGAUUUACACUGAC,UACAAAUGAUUUACACUGAC,AACAAAUGAUUUACA,AACAAAUGAUUUACACUGAC,True,False,False
Supplemental Table 1,830,MAPT_6578_Asymmetric_2'-OMe/-F,P(mU)#(fC)#(mA)(fA)(fA)(fU)(mG)(fA)(mU)(fU)(mU)(fA)(mC)#(fA)#(mC)#(fU)#(mG)#(mA)#(mC)#(fU),(mA)#(mC)#(fA)(mA)(fA)(mU)(fG)(mA)(fU)(mU)(mU)(mA)(fC)#(mA)#(mA)-TegChol,ACAAAUGAUUUACACUGACU,UCAAAUGAUUUACACUGACU,ACAAAUGAUUUACAA,ACAAAUGAUUUACACUGACU,True,False,False
Supplemental Table 1,831,MAPT_6579_Asymmetric_2'-OMe/-F,P(mU)#(fA)#(mA)(fA)(fU)(fG)(mA)(fU)(mU)(fU)(mA)(fC)(mA)#(fC)#(mU)#(fG)#(mA)#(mC)#(mU)#(fG),(mC)#(mA)#(fA)(mA)(fU)(mG)(fA)(mU)(fU)(mU)(mA)(mC)(fA)#(mC)#(mA)-TegChol,CAAAUGAUUUACACUGACUG,UAAAUGAUUUACACUGACUG,CAAAUGAUUUACACA,CAAAUGAUUUACACUGACUG,True,False,False
Supplemental Table 1,832,MAPT_6580_Asymmetric_2'-OMe/-F,P(mU)#(fA)#(mA)(fU)(fG)(fA)(mU)(fU)(mU)(fA)(mC)(fA)(mC)#(fU)#(mG)#(fA)#(mC)#(mU)#(mG)#(fU),(mA)#(mA)#(fA)(mU)(fG)(mA)(fU)(mU)(fU)(mA)(mC)(mA)(fC)#(mU)#(mA)-TegChol,AAAUGAUUUACACUGACUGU,UAAUGAUUUACACUGACUGU,AAAUGAUUUACACUA,AAAUGAUUUACACUGACUGU,True,False,False
Supplemental Table 1,833,MAPT_6582_Asymmetric_2'-OMe/-F,P(mU)#(fU)#(mG)(fA)(fU)(fU)(mU)(fA)(mC)(fA)(mC)(fU)(mG)#(fA)#(mC)#(fU)#(mG)#(mU)#(mU)#(fG),(mA)#(mU)#(fG)(mA)(fU)(mU)(fU)(mA)(fC)(mA)(mC)(mU)(fG)#(mA)#(mA)-TegChol,AUGAUUUACACUGACUGUUG,UUGAUUUACACUGACUGUUG,AUGAUUUACACUGAA,AUGAUUUACACUGACUGUUG,True,False,False
Supplemental Table 1,834,MAPT_6584_Asymmetric_2'-OMe/-F,P(mU)#(fA)#(mU)(fU)(fU)(fA)(mC)(fA)(mC)(fU)(mG)(fA)(mC)#(fU)#(mG)#(fU)#(mU)#(mG)#(mC)#(fU),(mG)#(mA)#(fU)(mU)(fU)(mA)(fC)(mA)(fC)(mU)(mG)(mA)(fC)#(mU)#(mA)-TegChol,GAUUUACACUGACUGUUGCU,UAUUUACACUGACUGUUGCU,GAUUUACACUGACUA,GAUUUACACUGACUGUUGCU,True,False,False
Supplemental Table 1,835,MAPT_6586_Asymmetric_2'-OMe/-F,P(mU)#(fU)#(mU)(fA)(fC)(fA)(mC)(fU)(mG)(fA)(mC)(fU)(mG)#(fU)#(mU)#(fG)#(mC)#(mU)#(mG)#(fU),(mU)#(mU)#(fU)(mA)(fC)(mA)(fC)(mU)(fG)(mA)(mC)(mU)(fG)#(mU)#(mA)-TegChol,UUUACACUGACUGUUGCUGU,UUUACACUGACUGUUGCUGU,UUUACACUGACUGUA,UUUACACUGACUGUUGCUGU,True,False,False
Supplemental Table 1,836,MAPT_6588_Asymmetric_2'-OMe/-F,P(mU)#(fA)#(mC)(fA)(fC)(fU)(mG)(fA)(mC)(fU)(mG)(fU)(mU)#(fG)#(mC)#(fU)#(mG)#(mU)#(mA)#(fA),(mU)#(mA)#(fC)(mA)(fC)(mU)(fG)(mA)(fC)(mU)(mG)(mU)(fU)#(mG)#(mA)-TegChol,UACACUGACUGUUGCUGUAA,UACACUGACUGUUGCUGUAA,UACACUGACUGUUGA,UACACUGACUGUUGCUGUAA,True,False,False
Supplemental Table 1,837,MAPT_6612_Asymmetric_2'-OMe/-F,P(mU)#(fA)#(mA)(fU)(fU)(fU)(mG)(fG)(mA)(fA)(mA)(fU)(mA)#(fA)#(mA)#(fG)#(mU)#(mU)#(mA)#(fU),(mG)#(mA)#(fA)(mU)(fU)(mU)(fG)(mG)(fA)(mA)(mA)(mU)(fA)#(mA)#(mA)-TegChol,GAAUUUGGAAAUAAAGUUAU,UAAUUUGGAAAUAAAGUUAU,GAAUUUGGAAAUAAA,GAAUUUGGAAAUAAAGUUAU,True,False,False
Supplemental Table 1,838,SNCA_482_Asymmetric_2'-OMe/-F,P(mU)#(fA)#(mG)(fG)(fA)(fA)(mU)(fU)(mC)(fA)(mU)(fU)(mA)#(fG)#(mC)#(fC)#(mA)#(mU)#(mG)#(fG),(mA)#(mA)#(fG)(mG)(fA)(mA)(fU)(mU)(fC)(mA)(mU)(mU)(fA)#(mG)#(mA)-TegChol,AAGGAAUUCAUUAGCCAUGG,UAGGAAUUCAUUAGCCAUGG,AAGGAAUUCAUUAGA,AAGGAAUUCAUUAGCCAUGG,True,False,False
Supplemental Table 1,839,SNCA_484_Asymmetric_2'-OMe/-F,P(mU)#(fG)#(mA)(fA)(fU)(fU)(mC)(fA)(mU)(fU)(mA)(fG)(mC)#(fC)#(mA)#(fU)#(mG)#(mG)#(mA)#(fU),(mG)#(mG)#(fA)(mA)(fU)(mU)(fC)(mA)(fU)(mU)(mA)(mG)(fC)#(mC)#(mA)-TegChol,GGAAUUCAUUAGCCAUGGAU,UGAAUUCAUUAGCCAUGGAU,GGAAUUCAUUAGCCA,GGAAUUCAUUAGCCAUGGAU,True,False,False
Supplemental Table 1,840,SNCA_486_Asymmetric_2'-OMe/-F,P(mU)#(fA)#(mU)(fU)(fC)(fA)(mU)(fU)(mA)(fG)(mC)(fC)(mA)#(fU)#(mG)#(fG)#(mA)#(mU)#(mG)#(fU),(mA)#(mA)#(fU)(mU)(fC)(mA)(fU)(mU)(fA)(mG)(mC)(mC)(fA)#(mU)#(mA)-TegChol,AAUUCAUUAGCCAUGGAUGU,UAUUCAUUAGCCAUGGAUGU,AAUUCAUUAGCCAUA,AAUUCAUUAGCCAUGGAUGU,True,False,False
Supplemental Table 1,841,SNCA_488_Asymmetric_2'-OMe/-F,P(mU)#(fU)#(mC)(fA)(fU)(fU)(mA)(fG)(mC)(fC)(mA)(fU)(mG)#(fG)#(mA)#(fU)#(mG)#(mU)#(mA)#(fU),(mU)#(mU)#(fC)(mA)(fU)(mU)(fA)(mG)(fC)(mC)(mA)(mU)(fG)#(mG)#(mA)-TegChol,UUCAUUAGCCAUGGAUGUAU,UUCAUUAGCCAUGGAUGUAU,UUCAUUAGCCAUGGA,UUCAUUAGCCAUGGAUGUAU,True,False,False
Supplemental Table 1,842,SNCA_490_Asymmetric_2'-OMe/-F,P(mU)#(fA)#(mU)(fU)(fA)(fG)(mC)(fC)(mA)(fU)(mG)(fG)(mA)#(fU)#(mG)#(fU)#(mA)#(mU)#(mU)#(fC),(mC)#(mA)#(fU)(mU)(fA)(mG)(fC)(mC)(fA)(mU)(mG)(mG)(fA)#(mU)#(mA)-TegChol,CAUUAGCCAUGGAUGUAUUC,UAUUAGCCAUGGAUGUAUUC,CAUUAGCCAUGGAUA,CAUUAGCCAUGGAUGUAUUC,True,False,False
Supplemental Table 1,843,SNCA_492_Asymmetric_2'-OMe/-F,P(mU)#(fU)#(mA)(fG)(fC)(fC)(mA)(fU)(mG)(fG)(mA)(fU)(mG)#(fU)#(mA)#(fU)#(mU)#(mC)#(mA)#(fU),(mU)#(mU)#(fA)(mG)(fC)(mC)(fA)(mU)(fG)(mG)(mA)(mU)(fG)#(mU)#(mA)-TegChol,UUAGCCAUGGAUGUAUUCAU,UUAGCCAUGGAUGUAUUCAU,UUAGCCAUGGAUGUA,UUAGCCAUGGAUGUAUUCAU,True,False,False
Supplemental Table 1,844,SNCA_494_Asymmetric_2'-OMe/-F,P(mU)#(fG)#(mC)(fC)(fA)(fU)(mG)(fG)(mA)(fU)(mG)(fU)(mA)#(fU)#(mU)#(fC)#(mA)#(mU)#(mG)#(fA),(mA)#(mG)#(fC)(mC)(fA)(mU)(fG)(mG)(fA)(mU)(mG)(mU)(fA)#(mU)#(mA)-TegChol,AGCCAUGGAUGUAUUCAUGA,UGCCAUGGAUGUAUUCAUGA,AGCCAUGGAUGUAUA,AGCCAUGGAUGUAUUCAUGA,True,False,False
Supplemental Table 1,845,SNCA_496_Asymmetric_2'-OMe/-F,P(mU)#(fC)#(mA)(fU)(fG)(fG)(mA)(fU)(mG)(fU)(mA)(fU)(mU)#(fC)#(mA)#(fU)#(mG)#(mA)#(mA)#(fA),(mC)#(mC)#(fA)(mU)(fG)(mG)(fA)(mU)(fG)(mU)(mA)(mU)(fU)#(mC)#(mA)-TegChol,CCAUGGAUGUAUUCAUGAAA,UCAUGGAUGUAUUCAUGAAA,CCAUGGAUGUAUUCA,CCAUGGAUGUAUUCAUGAAA,True,False,False
Supplemental Table 1,846,SNCA_498_Asymmetric_2'-OMe/-F,P(mU)#(fU)#(mG)(fG)(fA)(fU)(mG)(fU)(mA)(fU)(mU)(fC)(mA)#(fU)#(mG)#(fA)#(mA)#(mA)#(mG)#(fG),(mA)#(mU)#(fG)(mG)(fA)(mU)(fG)(mU)(fA)(mU)(mU)(mC)(fA)#(mU)#(mA)-TegChol,AUGGAUGUAUUCAUGAAAGG,UUGGAUGUAUUCAUGAAAGG,AUGGAUGUAUUCAUA,AUGGAUGUAUUCAUGAAAGG,True,False,False
Supplemental Table 1,847,SNCA_500_Asymmetric_2'-OMe/-F,P(mU)#(fG)#(mA)(fU)(fG)(fU)(mA)(fU)(mU)(fC)(mA)(fU)(mG)#(fA)#(mA)#(fA)#(mG)#(mG)#(mA)#(fC),(mG)#(mG)#(fA)(mU)(fG)(mU)(fA)(mU)(fU)(mC)(mA)(mU)(fG)#(mA)#(mA)-TegChol,GGAUGUAUUCAUGAAAGGAC,UGAUGUAUUCAUGAAAGGAC,GGAUGUAUUCAUGAA,GGAUGUAUUCAUGAAAGGAC,True,False,False
Supplemental Table 1,848,SNCA_502_Asymmetric_2'-OMe/-F,P(mU)#(fU)#(mG)(fU)(fA)(fU)(mU)(fC)(mA)(fU)(mG)(fA)(mA)#(fA)#(mG)#(fG)#(mA)#(mC)#(mU)#(fU),(mA)#(mU)#(fG)(mU)(fA)(mU)(fU)(mC)(fA)(mU)(mG)(mA)(fA)#(mA)#(mA)-TegChol,AUGUAUUCAUGAAAGGACUU,UUGUAUUCAUGAAAGGACUU,AUGUAUUCAUGAAAA,AUGUAUUCAUGAAAGGACUU,True,False,False
Supplemental Table 1,849,SNCA_549_Asymmetric_2'-OMe/-F,P(mU)#(fC)#(mU)(fG)(fC)(fU)(mG)(fA)(mG)(fA)(mA)(fA)(mA)#(fC)#(mC)#(fA)#(mA)#(mA)#(mC)#(fA),(mG)#(mC)#(fU)(mG)(fC)(mU)(fG)(mA)(fG)(mA)(mA)(mA)(fA)#(mC)#(mA)-TegChol,GCUGCUGAGAAAACCAAACA,UCUGCUGAGAAAACCAAACA,GCUGCUGAGAAAACA,GCUGCUGAGAAAACCAAACA,True,False,False
Supplemental Table 1,850,SNCA_610_Asymmetric_2'-OMe/-F,P(mU)#(fC)#(mU)(fA)(fU)(fG)(mU)(fA)(mG)(fG)(mC)(fU)(mC)#(fC)#(mA)#(fA)#(mA)#(mA)#(mC)#(fC),(mU)#(mC)#(fU)(mA)(fU)(mG)(fU)(mA)(fG)(mG)(mC)(mU)(fC)#(mC)#(mA)-TegChol,UCUAUGUAGGCUCCAAAACC,UCUAUGUAGGCUCCAAAACC,UCUAUGUAGGCUCCA,UCUAUGUAGGCUCCAAAACC,True,False,False
Supplemental Table 1,851,SNCA_681_Asymmetric_2'-OMe/-F,P(mU)#(fA)#(mA)(fG)(fU)(fG)(mA)(fC)(mA)(fA)(mA)(fU)(mG)#(fU)#(mU)#(fG)#(mG)#(mA)#(mG)#(fG),(mC)#(mA)#(fA)(mG)(fU)(mG)(fA)(mC)(fA)(mA)(mA)(mU)(fG)#(mU)#(mA)-TegChol,CAAGUGACAAAUGUUGGAGG,UAAGUGACAAAUGUUGGAGG,CAAGUGACAAAUGUA,CAAGUGACAAAUGUUGGAGG,True,False,False
Supplemental Table 1,852,SNCA_1200_Asymmetric_2'-OMe/-F,P(mU)#(fU)#(mG)(fA)(fG)(fG)(mC)(fU)(mU)(fA)(mU)(fG)(mA)#(fA)#(mA)#(fU)#(mG)#(mC)#(mC)#(fU),(mA)#(mU)#(fG)(mA)(fG)(mG)(fC)(mU)(fU)(mA)(mU)(mG)(fA)#(mA)#(mA)-TegChol,AUGAGGCUUAUGAAAUGCCU,UUGAGGCUUAUGAAAUGCCU,AUGAGGCUUAUGAAA,AUGAGGCUUAUGAAAUGCCU,True,False,False
Supplemental Table 1,853,SNCA_1242_Asymmetric_2'-OMe/-F,P(mU)#(fC)#(mG)(fA)(fA)(fC)(mC)(fU)(mG)(fA)(mA)(fG)(mC)#(fC)#(mU)#(fA)#(mA)#(mG)#(mA)#(fA),(mA)#(mC)#(fG)(mA)(fA)(mC)(fC)(mU)(fG)(mA)(mA)(mG)(fC)#(mC)#(mA)-TegChol,ACGAACCUGAAGCCUAAGAA,UCGAACCUGAAGCCUAAGAA,ACGAACCUGAAGCCA,ACGAACCUGAAGCCUAAGAA,True,False,False
Supplemental Table 1,854,SNCA_1244_Asymmetric_2'-OMe/-F,P(mU)#(fA)#(mA)(fC)(fC)(fU)(mG)(fA)(mA)(fG)(mC)(fC)(mU)#(fA)#(mA)#(fG)#(mA)#(mA)#(mA)#(fU),(mG)#(mA)#(fA)(mC)(fC)(mU)(fG)(mA)(fA)(mG)(mC)(mC)(fU)#(mA)#(mA)-TegChol,GAACCUGAAGCCUAAGAAAU,UAACCUGAAGCCUAAGAAAU,GAACCUGAAGCCUAA,GAACCUGAAGCCUAAGAAAU,True,False,False
Supplemental Table 1,855,SNCA_1246_Asymmetric_2'-OMe/-F,P(mU)#(fC)#(mC)(fU)(fG)(fA)(mA)(fG)(mC)(fC)(mU)(fA)(mA)#(fG)#(mA)#(fA)#(mA)#(mU)#(mA)#(fU),(mA)#(mC)#(fC)(mU)(fG)(mA)(fA)(mG)(fC)(mC)(mU)(mA)(fA)#(mG)#(mA)-TegChol,ACCUGAAGCCUAAGAAAUAU,UCCUGAAGCCUAAGAAAUAU,ACCUGAAGCCUAAGA,ACCUGAAGCCUAAGAAAUAU,True,False,False
Supplemental Table 1,856,SNCA_1248_Asymmetric_2'-OMe/-F,P(mU)#(fU)#(mG)(fA)(fA)(fG)(mC)(fC)(mU)(fA)(mA)(fG)(mA)#(fA)#(mA)#(fU)#(mA)#(mU)#(mC)#(fU),(mC)#(mU)#(fG)(mA)(fA)(mG)(fC)(mC)(fU)(mA)(mA)(mG)(fA)#(mA)#(mA)-TegChol,CUGAAGCCUAAGAAAUAUCU,UUGAAGCCUAAGAAAUAUCU,CUGAAGCCUAAGAAA,CUGAAGCCUAAGAAAUAUCU,True,False,False
Supplemental Table 1,857,SNCA_1250_Asymmetric_2'-OMe/-F,P(mU)#(fA)#(mA)(fG)(fC)(fC)(mU)(fA)(mA)(fG)(mA)(fA)(mA)#(fU)#(mA)#(fU)#(mC)#(mU)#(mU)#(fU),(mG)#(mA)#(fA)(mG)(fC)(mC)(fU)(mA)(fA)(mG)(mA)(mA)(fA)#(mU)#(mA)-TegChol,GAAGCCUAAGAAAUAUCUUU,UAAGCCUAAGAAAUAUCUUU,GAAGCCUAAGAAAUA,GAAGCCUAAGAAAUAUCUUU,True,False,False
Supplemental Table 1,858,SNCA_1252_Asymmetric_2'-OMe/-F,P(mU)#(fG)#(mC)(fC)(fU)(fA)(mA)(fG)(mA)(fA)(mA)(fU)(mA)#(fU)#(mC)#(fU)#(mU)#(mU)#(mG)#(fC),(mA)#(mG)#(fC)(mC)(fU)(mA)(fA)(mG)(fA)(mA)(mA)(mU)(fA)#(mU)#(mA)-TegChol,AGCCUAAGAAAUAUCUUUGC,UGCCUAAGAAAUAUCUUUGC,AGCCUAAGAAAUAUA,AGCCUAAGAAAUAUCUUUGC,True,False,False
Supplemental Table 1,859,SNCA_1254_Asymmetric_2'-OMe/-F,P(mU)#(fC)#(mU)(fA)(fA)(fG)(mA)(fA)(mA)(fU)(mA)(fU)(mC)#(fU)#(mU)#(fU)#(mG)#(mC)#(mU)#(fC),(mC)#(mC)#(fU)(mA)(fA)(mG)(fA)(mA)(fA)(mU)(mA)(mU)(fC)#(mU)#(mA)-TegChol,CCUAAGAAAUAUCUUUGCUC,UCUAAGAAAUAUCUUUGCUC,CCUAAGAAAUAUCUA,CCUAAGAAAUAUCUUUGCUC,True,False,False
Supplemental Table 1,860,SNCA_1256_Asymmetric_2'-OMe/-F,P(mU)#(fA)#(mA)(fG)(fA)(fA)(mA)(fU)(mA)(fU)(mC)(fU)(mU)#(fU)#(mG)#(fC)#(mU)#(mC)#(mC)#(fC),(mU)#(mA)#(fA)(mG)(fA)(mA)(fA)(mU)(fA)(mU)(mC)(mU)(fU)#(mU)#(mA)-TegChol,UAAGAAAUAUCUUUGCUCCC,UAAGAAAUAUCUUUGCUCCC,UAAGAAAUAUCUUUA,UAAGAAAUAUCUUUGCUCCC,True,False,False
Supplemental Table 1,861,SNCA_1258_Asymmetric_2'-OMe/-F,P(mU)#(fG)#(mA)(fA)(fA)(fU)(mA)(fU)(mC)(fU)(mU)(fU)(mG)#(fC)#(mU)#(fC)#(mC)#(mC)#(mA)#(fG),(mA)#(mG)#(fA)(mA)(fA)(mU)(fA)(mU)(fC)(mU)(mU)(mU)(fG)#(mC)#(mA)-TegChol,AGAAAUAUCUUUGCUCCCAG,UGAAAUAUCUUUGCUCCCAG,AGAAAUAUCUUUGCA,AGAAAUAUCUUUGCUCCCAG,True,False,False
Supplemental Table 1,862,SNCA_1259_Asymmetric_2'-OMe/-F,P(mU)#(fA)#(mA)(fA)(fU)(fA)(mU)(fC)(mU)(fU)(mU)(fG)(mC)#(fU)#(mC)#(fC)#(mC)#(mA)#(mG)#(fU),(mG)#(mA)#(fA)(mA)(fU)(mA)(fU)(mC)(fU)(mU)(mU)(mG)(fC)#(mU)#(mA)-TegChol,GAAAUAUCUUUGCUCCCAGU,UAAAUAUCUUUGCUCCCAGU,GAAAUAUCUUUGCUA,GAAAUAUCUUUGCUCCCAGU,True,False,False
Supplemental Table 1,863,SNCA_1260_Asymmetric_2'-OMe/-F,P(mU)#(fA)#(mA)(fU)(fA)(fU)(mC)(fU)(mU)(fU)(mG)(fC)(mU)#(fC)#(mC)#(fC)#(mA)#(mG)#(mU)#(fU),(mA)#(mA)#(fA)(mU)(fA)(mU)(fC)(mU)(fU)(mU)(mG)(mC)(fU)#(mC)#(mA)-TegChol,AAAUAUCUUUGCUCCCAGUU,UAAUAUCUUUGCUCCCAGUU,AAAUAUCUUUGCUCA,AAAUAUCUUUGCUCCCAGUU,True,False,False
Supplemental Table 1,864,SNCA_1262_Asymmetric_2'-OMe/-F,P(mU)#(fU)#(mA)(fU)(fC)(fU)(mU)(fU)(mG)(fC)(mU)(fC)(mC)#(fC)#(mA)#(fG)#(mU)#(mU)#(mU)#(fC),(mA)#(mU)#(fA)(mU)(fC)(mU)(fU)(mU)(fG)(mC)(mU)(mC)(fC)#(mC)#(mA)-TegChol,AUAUCUUUGCUCCCAGUUUC,UUAUCUUUGCUCCCAGUUUC,AUAUCUUUGCUCCCA,AUAUCUUUGCUCCCAGUUUC,True,False,False
Supplemental Table 1,865,SNCA_1263_Asymmetric_2'-OMe/-F,P(mU)#(fA)#(mU)(fC)(fU)(fU)(mU)(fG)(mC)(fU)(mC)(fC)(mC)#(fA)#(mG)#(fU)#(mU)#(mU)#(mC)#(fU),(mU)#(mA)#(fU)(mC)(fU)(mU)(fU)(mG)(fC)(mU)(mC)(mC)(fC)#(mA)#(mA)-TegChol,UAUCUUUGCUCCCAGUUUCU,UAUCUUUGCUCCCAGUUUCU,UAUCUUUGCUCCCAA,UAUCUUUGCUCCCAGUUUCU,True,False,False
Supplemental Table 1,866,SNCA_1265_Asymmetric_2'-OMe/-F,P(mU)#(fC)#(mU)(fU)(fU)(fG)(mC)(fU)(mC)(fC)(mC)(fA)(mG)#(fU)#(mU)#(fU)#(mC)#(mU)#(mU)#(fG),(mU)#(mC)#(fU)(mU)(fU)(mG)(fC)(mU)(fC)(mC)(mC)(mA)(fG)#(mU)#(mA)-TegChol,UCUUUGCUCCCAGUUUCUUG,UCUUUGCUCCCAGUUUCUUG,UCUUUGCUCCCAGUA,UCUUUGCUCCCAGUUUCUUG,True,False,False
Supplemental Table 1,867,SNCA_1267_Asymmetric_2'-OMe/-F,P(mU)#(fU)#(mU)(fG)(fC)(fU)(mC)(fC)(mC)(fA)(mG)(fU)(mU)#(fU)#(mC)#(fU)#(mU)#(mG)#(mA)#(fG),(mU)#(mU)#(fU)(mG)(fC)(mU)(fC)(mC)(fC)(mA)(mG)(mU)(fU)#(mU)#(mA)-TegChol,UUUGCUCCCAGUUUCUUGAG,UUUGCUCCCAGUUUCUUGAG,UUUGCUCCCAGUUUA,UUUGCUCCCAGUUUCUUGAG,True,False,False
Supplemental Table 1,868,SNCA_1269_Asymmetric_2'-OMe/-F,P(mU)#(fG)#(mC)(fU)(fC)(fC)(mC)(fA)(mG)(fU)(mU)(fU)(mC)#(fU)#(mU)#(fG)#(mA)#(mG)#(mA)#(fU),(mU)#(mG)#(fC)(mU)(fC)(mC)(fC)(mA)(fG)(mU)(mU)(mU)(fC)#(mU)#(mA)-TegChol,UGCUCCCAGUUUCUUGAGAU,UGCUCCCAGUUUCUUGAGAU,UGCUCCCAGUUUCUA,UGCUCCCAGUUUCUUGAGAU,True,False,False
Supplemental Table 1,869,SNCA_1271_Asymmetric_2'-OMe/-F,P(mU)#(fU)#(mC)(fC)(fC)(fA)(mG)(fU)(mU)(fU)(mC)(fU)(mU)#(fG)#(mA)#(fG)#(mA)#(mU)#(mC)#(fU),(mC)#(mU)#(fC)(mC)(fC)(mA)(fG)(mU)(fU)(mU)(mC)(mU)(fU)#(mG)#(mA)-TegChol,CUCCCAGUUUCUUGAGAUCU,UUCCCAGUUUCUUGAGAUCU,CUCCCAGUUUCUUGA,CUCCCAGUUUCUUGAGAUCU,True,False,False
Supplemental Table 1,870,SNCA_1273_Asymmetric_2'-OMe/-F,P(mU)#(fC)#(mC)(fA)(fG)(fU)(mU)(fU)(mC)(fU)(mU)(fG)(mA)#(fG)#(mA)#(fU)#(mC)#(mU)#(mG)#(fC),(mC)#(mC)#(fC)(mA)(fG)(mU)(fU)(mU)(fC)(mU)(mU)(mG)(fA)#(mG)#(mA)-TegChol,CCCAGUUUCUUGAGAUCUGC,UCCAGUUUCUUGAGAUCUGC,CCCAGUUUCUUGAGA,CCCAGUUUCUUGAGAUCUGC,True,False,False
Supplemental Table 1,871,SNCA_1275_Asymmetric_2'-OMe/-F,P(mU)#(fA)#(mG)(fU)(fU)(fU)(mC)(fU)(mU)(fG)(mA)(fG)(mA)#(fU)#(mC)#(fU)#(mG)#(mC)#(mU)#(fG),(mC)#(mA)#(fG)(mU)(fU)(mU)(fC)(mU)(fU)(mG)(mA)(mG)(fA)#(mU)#(mA)-TegChol,CAGUUUCUUGAGAUCUGCUG,UAGUUUCUUGAGAUCUGCUG,CAGUUUCUUGAGAUA,CAGUUUCUUGAGAUCUGCUG,True,False,False
Supplemental Table 1,872,SNCA_1277_Asymmetric_2'-OMe/-F,P(mU)#(fU)#(mU)(fU)(fC)(fU)(mU)(fG)(mA)(fG)(mA)(fU)(mC)#(fU)#(mG)#(fC)#(mU)#(mG)#(mA)#(fC),(mG)#(mU)#(fU)(mU)(fC)(mU)(fU)(mG)(fA)(mG)(mA)(mU)(fC)#(mU)#(mA)-TegChol,GUUUCUUGAGAUCUGCUGAC,UUUUCUUGAGAUCUGCUGAC,GUUUCUUGAGAUCUA,GUUUCUUGAGAUCUGCUGAC,True,False,False
Supplemental Table 1,873,SNCA_1279_Asymmetric_2'-OMe/-F,P(mU)#(fU)#(mC)(fU)(fU)(fG)(mA)(fG)(mA)(fU)(mC)(fU)(mG)#(fC)#(mU)#(fG)#(mA)#(mC)#(mA)#(fG),(mU)#(mU)#(fC)(mU)(fU)(mG)(fA)(mG)(fA)(mU)(mC)(mU)(fG)#(mC)#(mA)-TegChol,UUCUUGAGAUCUGCUGACAG,UUCUUGAGAUCUGCUGACAG,UUCUUGAGAUCUGCA,UUCUUGAGAUCUGCUGACAG,True,False,False
Supplemental Table 1,874,SNCA_1281_Asymmetric_2'-OMe/-F,P(mU)#(fU)#(mU)(fG)(fA)(fG)(mA)(fU)(mC)(fU)(mG)(fC)(mU)#(fG)#(mA)#(fC)#(mA)#(mG)#(mA)#(fU),(mC)#(mU)#(fU)(mG)(fA)(mG)(fA)(mU)(fC)(mU)(mG)(mC)(fU)#(mG)#(mA)-TegChol,CUUGAGAUCUGCUGACAGAU,UUUGAGAUCUGCUGACAGAU,CUUGAGAUCUGCUGA,CUUGAGAUCUGCUGACAGAU,True,False,False
Supplemental Table 1,875,SNCA_1283_Asymmetric_2'-OMe/-F,P(mU)#(fG)#(mA)(fG)(fA)(fU)(mC)(fU)(mG)(fC)(mU)(fG)(mA)#(fC)#(mA)#(fG)#(mA)#(mU)#(mG)#(fU),(mU)#(mG)#(fA)(mG)(fA)(mU)(fC)(mU)(fG)(mC)(mU)(mG)(fA)#(mC)#(mA)-TegChol,UGAGAUCUGCUGACAGAUGU,UGAGAUCUGCUGACAGAUGU,UGAGAUCUGCUGACA,UGAGAUCUGCUGACAGAUGU,True,False,False
Supplemental Table 1,876,SNCA_1285_Asymmetric_2'-OMe/-F,P(mU)#(fG)#(mA)(fU)(fC)(fU)(mG)(fC)(mU)(fG)(mA)(fC)(mA)#(fG)#(mA)#(fU)#(mG)#(mU)#(mU)#(fC),(mA)#(mG)#(fA)(mU)(fC)(mU)(fG)(mC)(fU)(mG)(mA)(mC)(fA)#(mG)#(mA)-TegChol,AGAUCUGCUGACAGAUGUUC,UGAUCUGCUGACAGAUGUUC,AGAUCUGCUGACAGA,AGAUCUGCUGACAGAUGUUC,True,False,False
Supplemental Table 1,877,SNCA_1287_Asymmetric_2'-OMe/-F,P(mU)#(fU)#(mC)(fU)(fG)(fC)(mU)(fG)(mA)(fC)(mA)(fG)(mA)#(fU)#(mG)#(fU)#(mU)#(mC)#(mC)#(fA),(mA)#(mU)#(fC)(mU)(fG)(mC)(fU)(mG)(fA)(mC)(mA)(mG)(fA)#(mU)#(mA)-TegChol,AUCUGCUGACAGAUGUUCCA,UUCUGCUGACAGAUGUUCCA,AUCUGCUGACAGAUA,AUCUGCUGACAGAUGUUCCA,True,False,False
Supplemental Table 1,878,SNCA_1289_Asymmetric_2'-OMe/-F,P(mU)#(fU)#(mG)(fC)(fU)(fG)(mA)(fC)(mA)(fG)(mA)(fU)(mG)#(fU)#(mU)#(fC)#(mC)#(mA)#(mU)#(fC),(mC)#(mU)#(fG)(mC)(fU)(mG)(fA)(mC)(fA)(mG)(mA)(mU)(fG)#(mU)#(mA)-TegChol,CUGCUGACAGAUGUUCCAUC,UUGCUGACAGAUGUUCCAUC,CUGCUGACAGAUGUA,CUGCUGACAGAUGUUCCAUC,True,False,False
Supplemental Table 1,879,SNCA_1291_Asymmetric_2'-OMe/-F,P(mU)#(fC)#(mU)(fG)(fA)(fC)(mA)(fG)(mA)(fU)(mG)(fU)(mU)#(fC)#(mC)#(fA)#(mU)#(mC)#(mC)#(fU),(mG)#(mC)#(fU)(mG)(fA)(mC)(fA)(mG)(fA)(mU)(mG)(mU)(fU)#(mC)#(mA)-TegChol,GCUGACAGAUGUUCCAUCCU,UCUGACAGAUGUUCCAUCCU,GCUGACAGAUGUUCA,GCUGACAGAUGUUCCAUCCU,True,False,False
Supplemental Table 1,880,SNCA_1293_Asymmetric_2'-OMe/-F,P(mU)#(fG)#(mA)(fC)(fA)(fG)(mA)(fU)(mG)(fU)(mU)(fC)(mC)#(fA)#(mU)#(fC)#(mC)#(mU)#(mG)#(fU),(mU)#(mG)#(fA)(mC)(fA)(mG)(fA)(mU)(fG)(mU)(mU)(mC)(fC)#(mA)#(mA)-TegChol,UGACAGAUGUUCCAUCCUGU,UGACAGAUGUUCCAUCCUGU,UGACAGAUGUUCCAA,UGACAGAUGUUCCAUCCUGU,True,False,False
Supplemental Table 1,881,SNCA_1294_Asymmetric_2'-OMe/-F,P(mU)#(fA)#(mC)(fA)(fG)(fA)(mU)(fG)(mU)(fU)(mC)(fC)(mA)#(fU)#(mC)#(fC)#(mU)#(mG)#(mU)#(fA),(mG)#(mA)#(fC)(mA)(fG)(mA)(fU)(mG)(fU)(mU)(mC)(mC)(fA)#(mU)#(mA)-TegChol,GACAGAUGUUCCAUCCUGUA,UACAGAUGUUCCAUCCUGUA,GACAGAUGUUCCAUA,GACAGAUGUUCCAUCCUGUA,True,False,False
Supplemental Table 1,882,SNCA_1298_Asymmetric_2'-OMe/-F,P(mU)#(fA)#(mU)(fG)(fU)(fU)(mC)(fC)(mA)(fU)(mC)(fC)(mU)#(fG)#(mU)#(fA)#(mC)#(mA)#(mA)#(fG),(mG)#(mA)#(fU)(mG)(fU)(mU)(fC)(mC)(fA)(mU)(mC)(mC)(fU)#(mG)#(mA)-TegChol,GAUGUUCCAUCCUGUACAAG,UAUGUUCCAUCCUGUACAAG,GAUGUUCCAUCCUGA,GAUGUUCCAUCCUGUACAAG,True,False,False
Supplemental Table 1,883,SNCA_1299_Asymmetric_2'-OMe/-F,P(mU)#(fU)#(mG)(fU)(fU)(fC)(mC)(fA)(mU)(fC)(mC)(fU)(mG)#(fU)#(mA)#(fC)#(mA)#(mA)#(mG)#(fU),(mA)#(mU)#(fG)(mU)(fU)(mC)(fC)(mA)(fU)(mC)(mC)(mU)(fG)#(mU)#(mA)-TegChol,AUGUUCCAUCCUGUACAAGU,UUGUUCCAUCCUGUACAAGU,AUGUUCCAUCCUGUA,AUGUUCCAUCCUGUACAAGU,True,False,False
Supplemental Table 1,884,SNCA_1300_Asymmetric_2'-OMe/-F,P(mU)#(fG)#(mU)(fU)(fC)(fC)(mA)(fU)(mC)(fC)(mU)(fG)(mU)#(fA)#(mC)#(fA)#(mA)#(mG)#(mU)#(fG),(mU)#(mG)#(fU)(mU)(fC)(mC)(fA)(mU)(fC)(mC)(mU)(mG)(fU)#(mA)#(mA)-TegChol,UGUUCCAUCCUGUACAAGUG,UGUUCCAUCCUGUACAAGUG,UGUUCCAUCCUGUAA,UGUUCCAUCCUGUACAAGUG,True,False,False
Supplemental Table 1,885,SNCA_1302_Asymmetric_2'-OMe/-F,P(mU)#(fU)#(mC)(fC)(fA)(fU)(mC)(fC)(mU)(fG)(mU)(fA)(mC)#(fA)#(mA)#(fG)#(mU)#(mG)#(mC)#(fU),(mU)#(mU)#(fC)(mC)(fA)(mU)(fC)(mC)(fU)(mG)(mU)(mA)(fC)#(mA)#(mA)-TegChol,UUCCAUCCUGUACAAGUGCU,UUCCAUCCUGUACAAGUGCU,UUCCAUCCUGUACAA,UUCCAUCCUGUACAAGUGCU,True,False,False
Supplemental Table 1,886,SNCA_1303_Asymmetric_2'-OMe/-F,P(mU)#(fC)#(mC)(fA)(fU)(fC)(mC)(fU)(mG)(fU)(mA)(fC)(mA)#(fA)#(mG)#(fU)#(mG)#(mC)#(mU)#(fC),(mU)#(mC)#(fC)(mA)(fU)(mC)(fC)(mU)(fG)(mU)(mA)(mC)(fA)#(mA)#(mA)-TegChol,UCCAUCCUGUACAAGUGCUC,UCCAUCCUGUACAAGUGCUC,UCCAUCCUGUACAAA,UCCAUCCUGUACAAGUGCUC,True,False,False
Supplemental Table 1,887,SNCA_1304_Asymmetric_2'-OMe/-F,P(mU)#(fC)#(mA)(fU)(fC)(fC)(mU)(fG)(mU)(fA)(mC)(fA)(mA)#(fG)#(mU)#(fG)#(mC)#(mU)#(mC)#(fA),(mC)#(mC)#(fA)(mU)(fC)(mC)(fU)(mG)(fU)(mA)(mC)(mA)(fA)#(mG)#(mA)-TegChol,CCAUCCUGUACAAGUGCUCA,UCAUCCUGUACAAGUGCUCA,CCAUCCUGUACAAGA,CCAUCCUGUACAAGUGCUCA,True,False,False
Supplemental Table 1,888,SNCA_1306_Asymmetric_2'-OMe/-F,P(mU)#(fU)#(mC)(fC)(fU)(fG)(mU)(fA)(mC)(fA)(mA)(fG)(mU)#(fG)#(mC)#(fU)#(mC)#(mA)#(mG)#(fU),(mA)#(mU)#(fC)(mC)(fU)(mG)(fU)(mA)(fC)(mA)(mA)(mG)(fU)#(mG)#(mA)-TegChol,AUCCUGUACAAGUGCUCAGU,UUCCUGUACAAGUGCUCAGU,AUCCUGUACAAGUGA,AUCCUGUACAAGUGCUCAGU,True,False,False
Supplemental Table 1,889,SNCA_1307_Asymmetric_2'-OMe/-F,P(mU)#(fC)#(mC)(fU)(fG)(fU)(mA)(fC)(mA)(fA)(mG)(fU)(mG)#(fC)#(mU)#(fC)#(mA)#(mG)#(mU)#(fU),(mU)#(mC)#(fC)(mU)(fG)(mU)(fA)(mC)(fA)(mA)(mG)(mU)(fG)#(mC)#(mA)-TegChol,UCCUGUACAAGUGCUCAGUU,UCCUGUACAAGUGCUCAGUU,UCCUGUACAAGUGCA,UCCUGUACAAGUGCUCAGUU,True,False,False
Supplemental Table 1,890,SNCA_1308_Asymmetric_2'-OMe/-F,P(mU)#(fC)#(mU)(fG)(fU)(fA)(mC)(fA)(mA)(fG)(mU)(fG)(mC)#(fU)#(mC)#(fA)#(mG)#(mU)#(mU)#(fC),(mC)#(mC)#(fU)(mG)(fU)(mA)(fC)(mA)(fA)(mG)(mU)(mG)(fC)#(mU)#(mA)-TegChol,CCUGUACAAGUGCUCAGUUC,UCUGUACAAGUGCUCAGUUC,CCUGUACAAGUGCUA,CCUGUACAAGUGCUCAGUUC,True,False,False
Supplemental Table 1,891,SNCA_1310_Asymmetric_2'-OMe/-F,P(mU)#(fG)#(mU)(fA)(fC)(fA)(mA)(fG)(mU)(fG)(mC)(fU)(mC)#(fA)#(mG)#(fU)#(mU)#(mC)#(mC)#(fA),(mU)#(mG)#(fU)(mA)(fC)(mA)(fA)(mG)(fU)(mG)(mC)(mU)(fC)#(mA)#(mA)-TegChol,UGUACAAGUGCUCAGUUCCA,UGUACAAGUGCUCAGUUCCA,UGUACAAGUGCUCAA,UGUACAAGUGCUCAGUUCCA,True,False,False
Supplemental Table 1,892,SNCA_1311_Asymmetric_2'-OMe/-F,P(mU)#(fU)#(mA)(fC)(fA)(fA)(mG)(fU)(mG)(fC)(mU)(fC)(mA)#(fG)#(mU)#(fU)#(mC)#(mC)#(mA)#(fA),(mG)#(mU)#(fA)(mC)(fA)(mA)(fG)(mU)(fG)(mC)(mU)(mC)(fA)#(mG)#(mA)-TegChol,GUACAAGUGCUCAGUUCCAA,UUACAAGUGCUCAGUUCCAA,GUACAAGUGCUCAGA,GUACAAGUGCUCAGUUCCAA,True,False,False
Supplemental Table 1,893,SNCA_1312_Asymmetric_2'-OMe/-F,P(mU)#(fA)#(mC)(fA)(fA)(fG)(mU)(fG)(mC)(fU)(mC)(fA)(mG)#(fU)#(mU)#(fC)#(mC)#(mA)#(mA)#(fU),(mU)#(mA)#(fC)(mA)(fA)(mG)(fU)(mG)(fC)(mU)(mC)(mA)(fG)#(mU)#(mA)-TegChol,UACAAGUGCUCAGUUCCAAU,UACAAGUGCUCAGUUCCAAU,UACAAGUGCUCAGUA,UACAAGUGCUCAGUUCCAAU,True,False,False
Supplemental Table 1,894,SNCA_1314_Asymmetric_2'-OMe/-F,P(mU)#(fA)#(mA)(fG)(fU)(fG)(mC)(fU)(mC)(fA)(mG)(fU)(mU)#(fC)#(mC)#(fA)#(mA)#(mU)#(mG)#(fU),(mC)#(mA)#(fA)(mG)(fU)(mG)(fC)(mU)(fC)(mA)(mG)(mU)(fU)#(mC)#(mA)-TegChol,CAAGUGCUCAGUUCCAAUGU,UAAGUGCUCAGUUCCAAUGU,CAAGUGCUCAGUUCA,CAAGUGCUCAGUUCCAAUGU,True,False,False
Supplemental Table 1,895,SNCA_1315_Asymmetric_2'-OMe/-F,P(mU)#(fA)#(mG)(fU)(fG)(fC)(mU)(fC)(mA)(fG)(mU)(fU)(mC)#(fC)#(mA)#(fA)#(mU)#(mG)#(mU)#(fG),(mA)#(mA)#(fG)(mU)(fG)(mC)(fU)(mC)(fA)(mG)(mU)(mU)(fC)#(mC)#(mA)-TegChol,AAGUGCUCAGUUCCAAUGUG,UAGUGCUCAGUUCCAAUGUG,AAGUGCUCAGUUCCA,AAGUGCUCAGUUCCAAUGUG,True,False,False
Supplemental Table 1,896,SNCA_1317_Asymmetric_2'-OMe/-F,P(mU)#(fU)#(mG)(fC)(fU)(fC)(mA)(fG)(mU)(fU)(mC)(fC)(mA)#(fA)#(mU)#(fG)#(mU)#(mG)#(mC)#(fC),(mG)#(mU)#(fG)(mC)(fU)(mC)(fA)(mG)(fU)(mU)(mC)(mC)(fA)#(mA)#(mA)-TegChol,GUGCUCAGUUCCAAUGUGCC,UUGCUCAGUUCCAAUGUGCC,GUGCUCAGUUCCAAA,GUGCUCAGUUCCAAUGUGCC,True,False,False
Supplemental Table 1,897,SNCA_1319_Asymmetric_2'-OMe/-F,P(mU)#(fC)#(mU)(fC)(fA)(fG)(mU)(fU)(mC)(fC)(mA)(fA)(mU)#(fG)#(mU)#(fG)#(mC)#(mC)#(mC)#(fA),(mG)#(mC)#(fU)(mC)(fA)(mG)(fU)(mU)(fC)(mC)(mA)(mA)(fU)#(mG)#(mA)-TegChol,GCUCAGUUCCAAUGUGCCCA,UCUCAGUUCCAAUGUGCCCA,GCUCAGUUCCAAUGA,GCUCAGUUCCAAUGUGCCCA,True,False,False
Supplemental Table 1,898,SNCA_1321_Asymmetric_2'-OMe/-F,P(mU)#(fC)#(mA)(fG)(fU)(fU)(mC)(fC)(mA)(fA)(mU)(fG)(mU)#(fG)#(mC)#(fC)#(mC)#(mA)#(mG)#(fU),(mU)#(mC)#(fA)(mG)(fU)(mU)(fC)(mC)(fA)(mA)(mU)(mG)(fU)#(mG)#(mA)-TegChol,UCAGUUCCAAUGUGCCCAGU,UCAGUUCCAAUGUGCCCAGU,UCAGUUCCAAUGUGA,UCAGUUCCAAUGUGCCCAGU,True,False,False
Supplemental Table 1,899,SNCA_1323_Asymmetric_2'-OMe/-F,P(mU)#(fG)#(mU)(fU)(fC)(fC)(mA)(fA)(mU)(fG)(mU)(fG)(mC)#(fC)#(mC)#(fA)#(mG)#(mU)#(mC)#(fA),(mA)#(mG)#(fU)(mU)(fC)(mC)(fA)(mA)(fU)(mG)(mU)(mG)(fC)#(mC)#(mA)-TegChol,AGUUCCAAUGUGCCCAGUCA,UGUUCCAAUGUGCCCAGUCA,AGUUCCAAUGUGCCA,AGUUCCAAUGUGCCCAGUCA,True,False,False
Supplemental Table 1,900,SNCA_1325_Asymmetric_2'-OMe/-F,P(mU)#(fU)#(mC)(fC)(fA)(fA)(mU)(fG)(mU)(fG)(mC)(fC)(mC)#(fA)#(mG)#(fU)#(mC)#(mA)#(mU)#(fG),(mU)#(mU)#(fC)(mC)(fA)(mA)(fU)(mG)(fU)(mG)(mC)(mC)(fC)#(mA)#(mA)-TegChol,UUCCAAUGUGCCCAGUCAUG,UUCCAAUGUGCCCAGUCAUG,UUCCAAUGUGCCCAA,UUCCAAUGUGCCCAGUCAUG,True,False,False
Supplemental Table 1,901,SNCA_1327_Asymmetric_2'-OMe/-F,P(mU)#(fC)#(mA)(fA)(fU)(fG)(mU)(fG)(mC)(fC)(mC)(fA)(mG)#(fU)#(mC)#(fA)#(mU)#(mG)#(mA)#(fC),(mC)#(mC)#(fA)(mA)(fU)(mG)(fU)(mG)(fC)(mC)(mC)(mA)(fG)#(mU)#(mA)-TegChol,CCAAUGUGCCCAGUCAUGAC,UCAAUGUGCCCAGUCAUGAC,CCAAUGUGCCCAGUA,CCAAUGUGCCCAGUCAUGAC,True,False,False
Supplemental Table 1,902,SNCA_1329_Asymmetric_2'-OMe/-F,P(mU)#(fA)#(mU)(fG)(fU)(fG)(mC)(fC)(mC)(fA)(mG)(fU)(mC)#(fA)#(mU)#(fG)#(mA)#(mC)#(mA)#(fU),(mA)#(mA)#(fU)(mG)(fU)(mG)(fC)(mC)(fC)(mA)(mG)(mU)(fC)#(mA)#(mA)-TegChol,AAUGUGCCCAGUCAUGACAU,UAUGUGCCCAGUCAUGACAU,AAUGUGCCCAGUCAA,AAUGUGCCCAGUCAUGACAU,True,False,False
Supplemental Table 1,903,SNCA_1331_Asymmetric_2'-OMe/-F,P(mU)#(fG)#(mU)(fG)(fC)(fC)(mC)(fA)(mG)(fU)(mC)(fA)(mU)#(fG)#(mA)#(fC)#(mA)#(mU)#(mU)#(fU),(mU)#(mG)#(fU)(mG)(fC)(mC)(fC)(mA)(fG)(mU)(mC)(mA)(fU)#(mG)#(mA)-TegChol,UGUGCCCAGUCAUGACAUUU,UGUGCCCAGUCAUGACAUUU,UGUGCCCAGUCAUGA,UGUGCCCAGUCAUGACAUUU,True,False,False
Supplemental Table 1,904,SNCA_1333_Asymmetric_2'-OMe/-F,P(mU)#(fG)#(mC)(fC)(fC)(fA)(mG)(fU)(mC)(fA)(mU)(fG)(mA)#(fC)#(mA)#(fU)#(mU)#(mU)#(mC)#(fU),(mU)#(mG)#(fC)(mC)(fC)(mA)(fG)(mU)(fC)(mA)(mU)(mG)(fA)#(mC)#(mA)-TegChol,UGCCCAGUCAUGACAUUUCU,UGCCCAGUCAUGACAUUUCU,UGCCCAGUCAUGACA,UGCCCAGUCAUGACAUUUCU,True,False,False
Supplemental Table 1,905,SNCA_1335_Asymmetric_2'-OMe/-F,P(mU)#(fC)#(mC)(fA)(fG)(fU)(mC)(fA)(mU)(fG)(mA)(fC)(mA)#(fU)#(mU)#(fU)#(mC)#(mU)#(mC)#(fA),(mC)#(mC)#(fC)(mA)(fG)(mU)(fC)(mA)(fU)(mG)(mA)(mC)(fA)#(mU)#(mA)-TegChol,CCCAGUCAUGACAUUUCUCA,UCCAGUCAUGACAUUUCUCA,CCCAGUCAUGACAUA,CCCAGUCAUGACAUUUCUCA,True,False,False
Supplemental Table 1,906,SNCA_1337_Asymmetric_2'-OMe/-F,P(mU)#(fA)#(mG)(fU)(fC)(fA)(mU)(fG)(mA)(fC)(mA)(fU)(mU)#(fU)#(mC)#(fU)#(mC)#(mA)#(mA)#(fA),(mC)#(mA)#(fG)(mU)(fC)(mA)(fU)(mG)(fA)(mC)(mA)(mU)(fU)#(mU)#(mA)-TegChol,CAGUCAUGACAUUUCUCAAA,UAGUCAUGACAUUUCUCAAA,CAGUCAUGACAUUUA,CAGUCAUGACAUUUCUCAAA,True,False,False
Supplemental Table 1,907,SNCA_1339_Asymmetric_2'-OMe/-F,P(mU)#(fU)#(mC)(fA)(fU)(fG)(mA)(fC)(mA)(fU)(mU)(fU)(mC)#(fU)#(mC)#(fA)#(mA)#(mA)#(mG)#(fU),(mG)#(mU)#(fC)(mA)(fU)(mG)(fA)(mC)(fA)(mU)(mU)(mU)(fC)#(mU)#(mA)-TegChol,GUCAUGACAUUUCUCAAAGU,UUCAUGACAUUUCUCAAAGU,GUCAUGACAUUUCUA,GUCAUGACAUUUCUCAAAGU,True,False,False
Supplemental Table 1,908,SNCA_1342_Asymmetric_2'-OMe/-F,P(mU)#(fU)#(mG)(fA)(fC)(fA)(mU)(fU)(mU)(fC)(mU)(fC)(mA)#(fA)#(mA)#(fG)#(mU)#(mU)#(mU)#(fU),(mA)#(mU)#(fG)(mA)(fC)(mA)(fU)(mU)(fU)(mC)(mU)(mC)(fA)#(mA)#(mA)-TegChol,AUGACAUUUCUCAAAGUUUU,UUGACAUUUCUCAAAGUUUU,AUGACAUUUCUCAAA,AUGACAUUUCUCAAAGUUUU,True,False,False
Supplemental Table 1,909,SNCA_1344_Asymmetric_2'-OMe/-F,P(mU)#(fA)#(mC)(fA)(fU)(fU)(mU)(fC)(mU)(fC)(mA)(fA)(mA)#(fG)#(mU)#(fU)#(mU)#(mU)#(mU)#(fA),(mG)#(mA)#(fC)(mA)(fU)(mU)(fU)(mC)(fU)(mC)(mA)(mA)(fA)#(mG)#(mA)-TegChol,GACAUUUCUCAAAGUUUUUA,UACAUUUCUCAAAGUUUUUA,GACAUUUCUCAAAGA,GACAUUUCUCAAAGUUUUUA,True,False,False
Supplemental Table 1,910,SNCA_1345_Asymmetric_2'-OMe/-F,P(mU)#(fC)#(mA)(fU)(fU)(fU)(mC)(fU)(mC)(fA)(mA)(fA)(mG)#(fU)#(mU)#(fU)#(mU)#(mU)#(mA)#(fC),(mA)#(mC)#(fA)(mU)(fU)(mU)(fC)(mU)(fC)(mA)(mA)(mA)(fG)#(mU)#(mA)-TegChol,ACAUUUCUCAAAGUUUUUAC,UCAUUUCUCAAAGUUUUUAC,ACAUUUCUCAAAGUA,ACAUUUCUCAAAGUUUUUAC,True,False,False
Supplemental Table 1,911,SNCA_1347_Asymmetric_2'-OMe/-F,P(mU)#(fU)#(mU)(fU)(fC)(fU)(mC)(fA)(mA)(fA)(mG)(fU)(mU)#(fU)#(mU)#(fU)#(mA)#(mC)#(mA)#(fG),(mA)#(mU)#(fU)(mU)(fC)(mU)(fC)(mA)(fA)(mA)(mG)(mU)(fU)#(mU)#(mA)-TegChol,AUUUCUCAAAGUUUUUACAG,UUUUCUCAAAGUUUUUACAG,AUUUCUCAAAGUUUA,AUUUCUCAAAGUUUUUACAG,True,False,False
Supplemental Table 1,912,SNCA_1348_Asymmetric_2'-OMe/-F,P(mU)#(fU)#(mU)(fC)(fU)(fC)(mA)(fA)(mA)(fG)(mU)(fU)(mU)#(fU)#(mU)#(fA)#(mC)#(mA)#(mG)#(fU),(mU)#(mU)#(fU)(mC)(fU)(mC)(fA)(mA)(fA)(mG)(mU)(mU)(fU)#(mU)#(mA)-TegChol,UUUCUCAAAGUUUUUACAGU,UUUCUCAAAGUUUUUACAGU,UUUCUCAAAGUUUUA,UUUCUCAAAGUUUUUACAGU,True,False,False
Supplemental Table 1,913,SNCA_1349_Asymmetric_2'-OMe/-F,P(mU)#(fU)#(mC)(fU)(fC)(fA)(mA)(fA)(mG)(fU)(mU)(fU)(mU)#(fU)#(mA)#(fC)#(mA)#(mG)#(mU)#(fG),(mU)#(mU)#(fC)(mU)(fC)(mA)(fA)(mA)(fG)(mU)(mU)(mU)(fU)#(mU)#(mA)-TegChol,UUCUCAAAGUUUUUACAGUG,UUCUCAAAGUUUUUACAGUG,UUCUCAAAGUUUUUA,UUCUCAAAGUUUUUACAGUG,True,False,False
Supplemental Table 1,914,SNCA_1351_Asymmetric_2'-OMe/-F,P(mU)#(fU)#(mC)(fA)(fA)(fA)(mG)(fU)(mU)(fU)(mU)(fU)(mA)#(fC)#(mA)#(fG)#(mU)#(mG)#(mU)#(fA),(mC)#(mU)#(fC)(mA)(fA)(mA)(fG)(mU)(fU)(mU)(mU)(mU)(fA)#(mC)#(mA)-TegChol,CUCAAAGUUUUUACAGUGUA,UUCAAAGUUUUUACAGUGUA,CUCAAAGUUUUUACA,CUCAAAGUUUUUACAGUGUA,True,False,False
Supplemental Table 1,915,SNCA_1352_Asymmetric_2'-OMe/-F,P(mU)#(fC)#(mA)(fA)(fA)(fG)(mU)(fU)(mU)(fU)(mU)(fA)(mC)#(fA)#(mG)#(fU)#(mG)#(mU)#(mA)#(fU),(mU)#(mC)#(fA)(mA)(fA)(mG)(fU)(mU)(fU)(mU)(mU)(mA)(fC)#(mA)#(mA)-TegChol,UCAAAGUUUUUACAGUGUAU,UCAAAGUUUUUACAGUGUAU,UCAAAGUUUUUACAA,UCAAAGUUUUUACAGUGUAU,True,False,False
Supplemental Table 1,916,SNCA_1353_Asymmetric_2'-OMe/-F,P(mU)#(fA)#(mA)(fA)(fG)(fU)(mU)(fU)(mU)(fU)(mA)(fC)(mA)#(fG)#(mU)#(fG)#(mU)#(mA)#(mU)#(fC),(mC)#(mA)#(fA)(mA)(fG)(mU)(fU)(mU)(fU)(mU)(mA)(mC)(fA)#(mG)#(mA)-TegChol,CAAAGUUUUUACAGUGUAUC,UAAAGUUUUUACAGUGUAUC,CAAAGUUUUUACAGA,CAAAGUUUUUACAGUGUAUC,True,False,False
Supplemental Table 1,917,SNCA_1355_Asymmetric_2'-OMe/-F,P(mU)#(fA)#(mG)(fU)(fU)(fU)(mU)(fU)(mA)(fC)(mA)(fG)(mU)#(fG)#(mU)#(fA)#(mU)#(mC)#(mU)#(fC),(mA)#(mA)#(fG)(mU)(fU)(mU)(fU)(mU)(fA)(mC)(mA)(mG)(fU)#(mG)#(mA)-TegChol,AAGUUUUUACAGUGUAUCUC,UAGUUUUUACAGUGUAUCUC,AAGUUUUUACAGUGA,AAGUUUUUACAGUGUAUCUC,True,False,False
Supplemental Table 1,918,SNCA_1356_Asymmetric_2'-OMe/-F,P(mU)#(fG)#(mU)(fU)(fU)(fU)(mU)(fA)(mC)(fA)(mG)(fU)(mG)#(fU)#(mA)#(fU)#(mC)#(mU)#(mC)#(fG),(mA)#(mG)#(fU)(mU)(fU)(mU)(fU)(mA)(fC)(mA)(mG)(mU)(fG)#(mU)#(mA)-TegChol,AGUUUUUACAGUGUAUCUCG,UGUUUUUACAGUGUAUCUCG,AGUUUUUACAGUGUA,AGUUUUUACAGUGUAUCUCG,True,False,False
Supplemental Table 1,919,SNCA_1357_Asymmetric_2'-OMe/-F,P(mU)#(fU)#(mU)(fU)(fU)(fU)(mA)(fC)(mA)(fG)(mU)(fG)(mU)#(fA)#(mU)#(fC)#(mU)#(mC)#(mG)#(fA),(mG)#(mU)#(fU)(mU)(fU)(mU)(fA)(mC)(fA)(mG)(mU)(mG)(fU)#(mA)#(mA)-TegChol,GUUUUUACAGUGUAUCUCGA,UUUUUUACAGUGUAUCUCGA,GUUUUUACAGUGUAA,GUUUUUACAGUGUAUCUCGA,True,False,False
Supplemental Table 1,920,SNCA_1358_Asymmetric_2'-OMe/-F,P(mU)#(fU)#(mU)(fU)(fU)(fA)(mC)(fA)(mG)(fU)(mG)(fU)(mA)#(fU)#(mC)#(fU)#(mC)#(mG)#(mA)#(fA),(mU)#(mU)#(fU)(mU)(fU)(mA)(fC)(mA)(fG)(mU)(mG)(mU)(fA)#(mU)#(mA)-TegChol,UUUUUACAGUGUAUCUCGAA,UUUUUACAGUGUAUCUCGAA,UUUUUACAGUGUAUA,UUUUUACAGUGUAUCUCGAA,True,False,False
Supplemental Table 1,921,SNCA_1359_Asymmetric_2'-OMe/-F,P(mU)#(fU)#(mU)(fU)(fA)(fC)(mA)(fG)(mU)(fG)(mU)(fA)(mU)#(fC)#(mU)#(fC)#(mG)#(mA)#(mA)#(fG),(mU)#(mU)#(fU)(mU)(fA)(mC)(fA)(mG)(fU)(mG)(mU)(mA)(fU)#(mC)#(mA)-TegChol,UUUUACAGUGUAUCUCGAAG,UUUUACAGUGUAUCUCGAAG,UUUUACAGUGUAUCA,UUUUACAGUGUAUCUCGAAG,True,False,False
Supplemental Table 1,922,SNCA_1361_Asymmetric_2'-OMe/-F,P(mU)#(fU)#(mA)(fC)(fA)(fG)(mU)(fG)(mU)(fA)(mU)(fC)(mU)#(fC)#(mG)#(fA)#(mA)#(mG)#(mU)#(fC),(mU)#(mU)#(fA)(mC)(fA)(mG)(fU)(mG)(fU)(mA)(mU)(mC)(fU)#(mC)#(mA)-TegChol,UUACAGUGUAUCUCGAAGUC,UUACAGUGUAUCUCGAAGUC,UUACAGUGUAUCUCA,UUACAGUGUAUCUCGAAGUC,True,False,False
Supplemental Table 1,923,SNCA_1362_Asymmetric_2'-OMe/-F,P(mU)#(fA)#(mC)(fA)(fG)(fU)(mG)(fU)(mA)(fU)(mC)(fU)(mC)#(fG)#(mA)#(fA)#(mG)#(mU)#(mC)#(fU),(mU)#(mA)#(fC)(mA)(fG)(mU)(fG)(mU)(fA)(mU)(mC)(mU)(fC)#(mG)#(mA)-TegChol,UACAGUGUAUCUCGAAGUCU,UACAGUGUAUCUCGAAGUCU,UACAGUGUAUCUCGA,UACAGUGUAUCUCGAAGUCU,True,False,False
Supplemental Table 1,924,SNCA_1363_Asymmetric_2'-OMe/-F,P(mU)#(fC)#(mA)(fG)(fU)(fG)(mU)(fA)(mU)(fC)(mU)(fC)(mG)#(fA)#(mA)#(fG)#(mU)#(mC)#(mU)#(fU),(mA)#(mC)#(fA)(mG)(fU)(mG)(fU)(mA)(fU)(mC)(mU)(mC)(fG)#(mA)#(mA)-TegChol,ACAGUGUAUCUCGAAGUCUU,UCAGUGUAUCUCGAAGUCUU,ACAGUGUAUCUCGAA,ACAGUGUAUCUCGAAGUCUU,True,False,False
Supplemental Table 1,925,SNCA_1365_Asymmetric_2'-OMe/-F,P(mU)#(fG)#(mU)(fG)(fU)(fA)(mU)(fC)(mU)(fC)(mG)(fA)(mA)#(fG)#(mU)#(fC)#(mU)#(mU)#(mC)#(fC),(mA)#(mG)#(fU)(mG)(fU)(mA)(fU)(mC)(fU)(mC)(mG)(mA)(fA)#(mG)#(mA)-TegChol,AGUGUAUCUCGAAGUCUUCC,UGUGUAUCUCGAAGUCUUCC,AGUGUAUCUCGAAGA,AGUGUAUCUCGAAGUCUUCC,True,False,False
Supplemental Table 1,926,SNCA_1366_Asymmetric_2'-OMe/-F,P(mU)#(fU)#(mG)(fU)(fA)(fU)(mC)(fU)(mC)(fG)(mA)(fA)(mG)#(fU)#(mC)#(fU)#(mU)#(mC)#(mC)#(fA),(mG)#(mU)#(fG)(mU)(fA)(mU)(fC)(mU)(fC)(mG)(mA)(mA)(fG)#(mU)#(mA)-TegChol,GUGUAUCUCGAAGUCUUCCA,UUGUAUCUCGAAGUCUUCCA,GUGUAUCUCGAAGUA,GUGUAUCUCGAAGUCUUCCA,True,False,False
Supplemental Table 1,927,SNCA_1368_Asymmetric_2'-OMe/-F,P(mU)#(fU)#(mA)(fU)(fC)(fU)(mC)(fG)(mA)(fA)(mG)(fU)(mC)#(fU)#(mU)#(fC)#(mC)#(mA)#(mU)#(fC),(mG)#(mU)#(fA)(mU)(fC)(mU)(fC)(mG)(fA)(mA)(mG)(mU)(fC)#(mU)#(mA)-TegChol,GUAUCUCGAAGUCUUCCAUC,UUAUCUCGAAGUCUUCCAUC,GUAUCUCGAAGUCUA,GUAUCUCGAAGUCUUCCAUC,True,False,False
Supplemental Table 1,928,SNCA_1370_Asymmetric_2'-OMe/-F,P(mU)#(fU)#(mC)(fU)(fC)(fG)(mA)(fA)(mG)(fU)(mC)(fU)(mU)#(fC)#(mC)#(fA)#(mU)#(mC)#(mA)#(fG),(mA)#(mU)#(fC)(mU)(fC)(mG)(fA)(mA)(fG)(mU)(mC)(mU)(fU)#(mC)#(mA)-TegChol,AUCUCGAAGUCUUCCAUCAG,UUCUCGAAGUCUUCCAUCAG,AUCUCGAAGUCUUCA,AUCUCGAAGUCUUCCAUCAG,True,False,False
Supplemental Table 1,929,SNCA_1372_Asymmetric_2'-OMe/-F,P(mU)#(fU)#(mC)(fG)(fA)(fA)(mG)(fU)(mC)(fU)(mU)(fC)(mC)#(fA)#(mU)#(fC)#(mA)#(mG)#(mC)#(fA),(mC)#(mU)#(fC)(mG)(fA)(mA)(fG)(mU)(fC)(mU)(mU)(mC)(fC)#(mA)#(mA)-TegChol,CUCGAAGUCUUCCAUCAGCA,UUCGAAGUCUUCCAUCAGCA,CUCGAAGUCUUCCAA,CUCGAAGUCUUCCAUCAGCA,True,False,False
Supplemental Table 1,930,SNCA_1374_Asymmetric_2'-OMe/-F,P(mU)#(fG)#(mA)(fA)(fG)(fU)(mC)(fU)(mU)(fC)(mC)(fA)(mU)#(fC)#(mA)#(fG)#(mC)#(mA)#(mG)#(fU),(mC)#(mG)#(fA)(mA)(fG)(mU)(fC)(mU)(fU)(mC)(mC)(mA)(fU)#(mC)#(mA)-TegChol,CGAAGUCUUCCAUCAGCAGU,UGAAGUCUUCCAUCAGCAGU,CGAAGUCUUCCAUCA,CGAAGUCUUCCAUCAGCAGU,True,False,False
Supplemental Table 1,931,SNCA_1376_Asymmetric_2'-OMe/-F,P(mU)#(fA)#(mG)(fU)(fC)(fU)(mU)(fC)(mC)(fA)(mU)(fC)(mA)#(fG)#(mC)#(fA)#(mG)#(mU)#(mG)#(fA),(mA)#(mA)#(fG)(mU)(fC)(mU)(fU)(mC)(fC)(mA)(mU)(mC)(fA)#(mG)#(mA)-TegChol,AAGUCUUCCAUCAGCAGUGA,UAGUCUUCCAUCAGCAGUGA,AAGUCUUCCAUCAGA,AAGUCUUCCAUCAGCAGUGA,True,False,False
Supplemental Table 1,932,SNCA_1378_Asymmetric_2'-OMe/-F,P(mU)#(fU)#(mC)(fU)(fU)(fC)(mC)(fA)(mU)(fC)(mA)(fG)(mC)#(fA)#(mG)#(fU)#(mG)#(mA)#(mU)#(fU),(mG)#(mU)#(fC)(mU)(fU)(mC)(fC)(mA)(fU)(mC)(mA)(mG)(fC)#(mA)#(mA)-TegChol,GUCUUCCAUCAGCAGUGAUU,UUCUUCCAUCAGCAGUGAUU,GUCUUCCAUCAGCAA,GUCUUCCAUCAGCAGUGAUU,True,False,False
Supplemental Table 1,933,SNCA_1380_Asymmetric_2'-OMe/-F,P(mU)#(fU)#(mU)(fC)(fC)(fA)(mU)(fC)(mA)(fG)(mC)(fA)(mG)#(fU)#(mG)#(fA)#(mU)#(mU)#(mG)#(fA),(mC)#(mU)#(fU)(mC)(fC)(mA)(fU)(mC)(fA)(mG)(mC)(mA)(fG)#(mU)#(mA)-TegChol,CUUCCAUCAGCAGUGAUUGA,UUUCCAUCAGCAGUGAUUGA,CUUCCAUCAGCAGUA,CUUCCAUCAGCAGUGAUUGA,True,False,False
Supplemental Table 1,934,SNCA_1382_Asymmetric_2'-OMe/-F,P(mU)#(fC)#(mC)(fA)(fU)(fC)(mA)(fG)(mC)(fA)(mG)(fU)(mG)#(fA)#(mU)#(fU)#(mG)#(mA)#(mA)#(fG),(mU)#(mC)#(fC)(mA)(fU)(mC)(fA)(mG)(fC)(mA)(mG)(mU)(fG)#(mA)#(mA)-TegChol,UCCAUCAGCAGUGAUUGAAG,UCCAUCAGCAGUGAUUGAAG,UCCAUCAGCAGUGAA,UCCAUCAGCAGUGAUUGAAG,True,False,False
Supplemental Table 1,935,SNCA_1384_Asymmetric_2'-OMe/-F,P(mU)#(fA)#(mU)(fC)(fA)(fG)(mC)(fA)(mG)(fU)(mG)(fA)(mU)#(fU)#(mG)#(fA)#(mA)#(mG)#(mU)#(fA),(mC)#(mA)#(fU)(mC)(fA)(mG)(fC)(mA)(fG)(mU)(mG)(mA)(fU)#(mU)#(mA)-TegChol,CAUCAGCAGUGAUUGAAGUA,UAUCAGCAGUGAUUGAAGUA,CAUCAGCAGUGAUUA,CAUCAGCAGUGAUUGAAGUA,True,False,False
Supplemental Table 1,936,SNCA_1386_Asymmetric_2'-OMe/-F,P(mU)#(fC)#(mA)(fG)(fC)(fA)(mG)(fU)(mG)(fA)(mU)(fU)(mG)#(fA)#(mA)#(fG)#(mU)#(mA)#(mU)#(fC),(mU)#(mC)#(fA)(mG)(fC)(mA)(fG)(mU)(fG)(mA)(mU)(mU)(fG)#(mA)#(mA)-TegChol,UCAGCAGUGAUUGAAGUAUC,UCAGCAGUGAUUGAAGUAUC,UCAGCAGUGAUUGAA,UCAGCAGUGAUUGAAGUAUC,True,False,False
Supplemental Table 1,937,SNCA_1390_Asymmetric_2'-OMe/-F,P(mU)#(fA)#(mG)(fU)(fG)(fA)(mU)(fU)(mG)(fA)(mA)(fG)(mU)#(fA)#(mU)#(fC)#(mU)#(mG)#(mU)#(fA),(mC)#(mA)#(fG)(mU)(fG)(mA)(fU)(mU)(fG)(mA)(mA)(mG)(fU)#(mA)#(mA)-TegChol,CAGUGAUUGAAGUAUCUGUA,UAGUGAUUGAAGUAUCUGUA,CAGUGAUUGAAGUAA,CAGUGAUUGAAGUAUCUGUA,True,False,False
Supplemental Table 1,938,SNCA_1392_Asymmetric_2'-OMe/-F,P(mU)#(fU)#(mG)(fA)(fU)(fU)(mG)(fA)(mA)(fG)(mU)(fA)(mU)#(fC)#(mU)#(fG)#(mU)#(mA)#(mC)#(fC),(mG)#(mU)#(fG)(mA)(fU)(mU)(fG)(mA)(fA)(mG)(mU)(mA)(fU)#(mC)#(mA)-TegChol,GUGAUUGAAGUAUCUGUACC,UUGAUUGAAGUAUCUGUACC,GUGAUUGAAGUAUCA,GUGAUUGAAGUAUCUGUACC,True,False,False
Supplemental Table 1,939,SNCA_1394_Asymmetric_2'-OMe/-F,P(mU)#(fA)#(mU)(fU)(fG)(fA)(mA)(fG)(mU)(fA)(mU)(fC)(mU)#(fG)#(mU)#(fA)#(mC)#(mC)#(mU)#(fG),(mG)#(mA)#(fU)(mU)(fG)(mA)(fA)(mG)(fU)(mA)(mU)(mC)(fU)#(mG)#(mA)-TegChol,GAUUGAAGUAUCUGUACCUG,UAUUGAAGUAUCUGUACCUG,GAUUGAAGUAUCUGA,GAUUGAAGUAUCUGUACCUG,True,False,False
Supplemental Table 1,940,SNCA_1396_Asymmetric_2'-OMe/-F,P(mU)#(fU)#(mG)(fA)(fA)(fG)(mU)(fA)(mU)(fC)(mU)(fG)(mU)#(fA)#(mC)#(fC)#(mU)#(mG)#(mC)#(fC),(mU)#(mU)#(fG)(mA)(fA)(mG)(fU)(mA)(fU)(mC)(mU)(mG)(fU)#(mA)#(mA)-TegChol,UUGAAGUAUCUGUACCUGCC,UUGAAGUAUCUGUACCUGCC,UUGAAGUAUCUGUAA,UUGAAGUAUCUGUACCUGCC,True,False,False
Supplemental Table 1,941,SNCA_1417_Asymmetric_2'-OMe/-F,P(mU)#(fC)#(mA)(fC)(fU)(fC)(mA)(fG)(mC)(fA)(mU)(fU)(mU)#(fC)#(mG)#(fG)#(mU)#(mG)#(mC)#(fU),(mC)#(mC)#(fA)(mC)(fU)(mC)(fA)(mG)(fC)(mA)(mU)(mU)(fU)#(mC)#(mA)-TegChol,CCACUCAGCAUUUCGGUGCU,UCACUCAGCAUUUCGGUGCU,CCACUCAGCAUUUCA,CCACUCAGCAUUUCGGUGCU,True,False,False
Supplemental Table 1,942,SNCA_1419_Asymmetric_2'-OMe/-F,P(mU)#(fC)#(mU)(fC)(fA)(fG)(mC)(fA)(mU)(fU)(mU)(fC)(mG)#(fG)#(mU)#(fG)#(mC)#(mU)#(mU)#(fC),(mA)#(mC)#(fU)(mC)(fA)(mG)(fC)(mA)(fU)(mU)(mU)(mC)(fG)#(mG)#(mA)-TegChol,ACUCAGCAUUUCGGUGCUUC,UCUCAGCAUUUCGGUGCUUC,ACUCAGCAUUUCGGA,ACUCAGCAUUUCGGUGCUUC,True,False,False
Supplemental Table 1,943,SNCA_1421_Asymmetric_2'-OMe/-F,P(mU)#(fC)#(mA)(fG)(fC)(fA)(mU)(fU)(mU)(fC)(mG)(fG)(mU)#(fG)#(mC)#(fU)#(mU)#(mC)#(mC)#(fC),(mU)#(mC)#(fA)(mG)(fC)(mA)(fU)(mU)(fU)(mC)(mG)(mG)(fU)#(mG)#(mA)-TegChol,UCAGCAUUUCGGUGCUUCCC,UCAGCAUUUCGGUGCUUCCC,UCAGCAUUUCGGUGA,UCAGCAUUUCGGUGCUUCCC,True,False,False
Supplemental Table 1,944,SNCA_1423_Asymmetric_2'-OMe/-F,P(mU)#(fG)#(mC)(fA)(fU)(fU)(mU)(fC)(mG)(fG)(mU)(fG)(mC)#(fU)#(mU)#(fC)#(mC)#(mC)#(mU)#(fU),(mA)#(mG)#(fC)(mA)(fU)(mU)(fU)(mC)(fG)(mG)(mU)(mG)(fC)#(mU)#(mA)-TegChol,AGCAUUUCGGUGCUUCCCUU,UGCAUUUCGGUGCUUCCCUU,AGCAUUUCGGUGCUA,AGCAUUUCGGUGCUUCCCUU,True,False,False
Supplemental Table 1,945,SNCA_1424_Asymmetric_2'-OMe/-F,P(mU)#(fC)#(mA)(fU)(fU)(fU)(mC)(fG)(mG)(fU)(mG)(fC)(mU)#(fU)#(mC)#(fC)#(mC)#(mU)#(mU)#(fU),(mG)#(mC)#(fA)(mU)(fU)(mU)(fC)(mG)(fG)(mU)(mG)(mC)(fU)#(mU)#(mA)-TegChol,GCAUUUCGGUGCUUCCCUUU,UCAUUUCGGUGCUUCCCUUU,GCAUUUCGGUGCUUA,GCAUUUCGGUGCUUCCCUUU,True,False,False
Supplemental Table 1,946,SNCA_1426_Asymmetric_2'-OMe/-F,P(mU)#(fU)#(mU)(fU)(fC)(fG)(mG)(fU)(mG)(fC)(mU)(fU)(mC)#(fC)#(mC)#(fU)#(mU)#(mU)#(mC)#(fA),(mA)#(mU)#(fU)(mU)(fC)(mG)(fG)(mU)(fG)(mC)(mU)(mU)(fC)#(mC)#(mA)-TegChol,AUUUCGGUGCUUCCCUUUCA,UUUUCGGUGCUUCCCUUUCA,AUUUCGGUGCUUCCA,AUUUCGGUGCUUCCCUUUCA,True,False,False
Supplemental Table 1,947,SNCA_1428_Asymmetric_2'-OMe/-F,P(mU)#(fU)#(mC)(fG)(fG)(fU)(mG)(fC)(mU)(fU)(mC)(fC)(mC)#(fU)#(mU)#(fU)#(mC)#(mA)#(mC)#(fU),(mU)#(mU)#(fC)(mG)(fG)(mU)(fG)(mC)(fU)(mU)(mC)(mC)(fC)#(mU)#(mA)-TegChol,UUCGGUGCUUCCCUUUCACU,UUCGGUGCUUCCCUUUCACU,UUCGGUGCUUCCCUA,UUCGGUGCUUCCCUUUCACU,True,False,False
Supplemental Table 1,948,SNCA_1430_Asymmetric_2'-OMe/-F,P(mU)#(fG)#(mG)(fU)(fG)(fC)(mU)(fU)(mC)(fC)(mC)(fU)(mU)#(fU)#(mC)#(fA)#(mC)#(mU)#(mG)#(fA),(mC)#(mG)#(fG)(mU)(fG)(mC)(fU)(mU)(fC)(mC)(mC)(mU)(fU)#(mU)#(mA)-TegChol,CGGUGCUUCCCUUUCACUGA,UGGUGCUUCCCUUUCACUGA,CGGUGCUUCCCUUUA,CGGUGCUUCCCUUUCACUGA,True,False,False
Supplemental Table 1,949,SNCA_1433_Asymmetric_2'-OMe/-F,P(mU)#(fG)#(mC)(fU)(fU)(fC)(mC)(fC)(mU)(fU)(mU)(fC)(mA)#(fC)#(mU)#(fG)#(mA)#(mA)#(mG)#(fU),(mU)#(mG)#(fC)(mU)(fU)(mC)(fC)(mC)(fU)(mU)(mU)(mC)(fA)#(mC)#(mA)-TegChol,UGCUUCCCUUUCACUGAAGU,UGCUUCCCUUUCACUGAAGU,UGCUUCCCUUUCACA,UGCUUCCCUUUCACUGAAGU,True,False,False
Supplemental Table 1,950,SNCA_1439_Asymmetric_2'-OMe/-F,P(mU)#(fC)#(mU)(fU)(fU)(fC)(mA)(fC)(mU)(fG)(mA)(fA)(mG)#(fU)#(mG)#(fA)#(mA)#(mU)#(mA)#(fC),(mC)#(mC)#(fU)(mU)(fU)(mC)(fA)(mC)(fU)(mG)(mA)(mA)(fG)#(mU)#(mA)-TegChol,CCUUUCACUGAAGUGAAUAC,UCUUUCACUGAAGUGAAUAC,CCUUUCACUGAAGUA,CCUUUCACUGAAGUGAAUAC,True,False,False
Supplemental Table 1,951,SNCA_1441_Asymmetric_2'-OMe/-F,P(mU)#(fU)#(mU)(fC)(fA)(fC)(mU)(fG)(mA)(fA)(mG)(fU)(mG)#(fA)#(mA)#(fU)#(mA)#(mC)#(mA)#(fU),(mU)#(mU)#(fU)(mC)(fA)(mC)(fU)(mG)(fA)(mA)(mG)(mU)(fG)#(mA)#(mA)-TegChol,UUUCACUGAAGUGAAUACAU,UUUCACUGAAGUGAAUACAU,UUUCACUGAAGUGAA,UUUCACUGAAGUGAAUACAU,True,False,False
Supplemental Table 1,952,SNCA_1443_Asymmetric_2'-OMe/-F,P(mU)#(fC)#(mA)(fC)(fU)(fG)(mA)(fA)(mG)(fU)(mG)(fA)(mA)#(fU)#(mA)#(fC)#(mA)#(mU)#(mG)#(fG),(mU)#(mC)#(fA)(mC)(fU)(mG)(fA)(mA)(fG)(mU)(mG)(mA)(fA)#(mU)#(mA)-TegChol,UCACUGAAGUGAAUACAUGG,UCACUGAAGUGAAUACAUGG,UCACUGAAGUGAAUA,UCACUGAAGUGAAUACAUGG,True,False,False
Supplemental Table 1,953,SNCA_1445_Asymmetric_2'-OMe/-F,P(mU)#(fC)#(mU)(fG)(fA)(fA)(mG)(fU)(mG)(fA)(mA)(fU)(mA)#(fC)#(mA)#(fU)#(mG)#(mG)#(mU)#(fA),(mA)#(mC)#(fU)(mG)(fA)(mA)(fG)(mU)(fG)(mA)(mA)(mU)(fA)#(mC)#(mA)-TegChol,ACUGAAGUGAAUACAUGGUA,UCUGAAGUGAAUACAUGGUA,ACUGAAGUGAAUACA,ACUGAAGUGAAUACAUGGUA,True,False,False
Supplemental Table 1,954,SNCA_1447_Asymmetric_2'-OMe/-F,P(mU)#(fG)#(mA)(fA)(fG)(fU)(mG)(fA)(mA)(fU)(mA)(fC)(mA)#(fU)#(mG)#(fG)#(mU)#(mA)#(mG)#(fC),(mU)#(mG)#(fA)(mA)(fG)(mU)(fG)(mA)(fA)(mU)(mA)(mC)(fA)#(mU)#(mA)-TegChol,UGAAGUGAAUACAUGGUAGC,UGAAGUGAAUACAUGGUAGC,UGAAGUGAAUACAUA,UGAAGUGAAUACAUGGUAGC,True,False,False
Supplemental Table 1,955,SNCA_1449_Asymmetric_2'-OMe/-F,P(mU)#(fA)#(mG)(fU)(fG)(fA)(mA)(fU)(mA)(fC)(mA)(fU)(mG)#(fG)#(mU)#(fA)#(mG)#(mC)#(mA)#(fG),(mA)#(mA)#(fG)(mU)(fG)(mA)(fA)(mU)(fA)(mC)(mA)(mU)(fG)#(mG)#(mA)-TegChol,AAGUGAAUACAUGGUAGCAG,UAGUGAAUACAUGGUAGCAG,AAGUGAAUACAUGGA,AAGUGAAUACAUGGUAGCAG,True,False,False
Supplemental Table 1,956,SNCA_1451_Asymmetric_2'-OMe/-F,P(mU)#(fU)#(mG)(fA)(fA)(fU)(mA)(fC)(mA)(fU)(mG)(fG)(mU)#(fA)#(mG)#(fC)#(mA)#(mG)#(mG)#(fG),(mG)#(mU)#(fG)(mA)(fA)(mU)(fA)(mC)(fA)(mU)(mG)(mG)(fU)#(mA)#(mA)-TegChol,GUGAAUACAUGGUAGCAGGG,UUGAAUACAUGGUAGCAGGG,GUGAAUACAUGGUAA,GUGAAUACAUGGUAGCAGGG,True,False,False
Supplemental Table 1,957,SNCA_1453_Asymmetric_2'-OMe/-F,P(mU)#(fA)#(mA)(fU)(fA)(fC)(mA)(fU)(mG)(fG)(mU)(fA)(mG)#(fC)#(mA)#(fG)#(mG)#(mG)#(mU)#(fC),(mG)#(mA)#(fA)(mU)(fA)(mC)(fA)(mU)(fG)(mG)(mU)(mA)(fG)#(mC)#(mA)-TegChol,GAAUACAUGGUAGCAGGGUC,UAAUACAUGGUAGCAGGGUC,GAAUACAUGGUAGCA,GAAUACAUGGUAGCAGGGUC,True,False,False
Supplemental Table 1,958,SNCA_1455_Asymmetric_2'-OMe/-F,P(mU)#(fU)#(mA)(fC)(fA)(fU)(mG)(fG)(mU)(fA)(mG)(fC)(mA)#(fG)#(mG)#(fG)#(mU)#(mC)#(mU)#(fU),(mA)#(mU)#(fA)(mC)(fA)(mU)(fG)(mG)(fU)(mA)(mG)(mC)(fA)#(mG)#(mA)-TegChol,AUACAUGGUAGCAGGGUCUU,UUACAUGGUAGCAGGGUCUU,AUACAUGGUAGCAGA,AUACAUGGUAGCAGGGUCUU,True,False,False
Supplemental Table 1,959,SNCA_1457_Asymmetric_2'-OMe/-F,P(mU)#(fC)#(mA)(fU)(fG)(fG)(mU)(fA)(mG)(fC)(mA)(fG)(mG)#(fG)#(mU)#(fC)#(mU)#(mU)#(mU)#(fG),(mA)#(mC)#(fA)(mU)(fG)(mG)(fU)(mA)(fG)(mC)(mA)(mG)(fG)#(mG)#(mA)-TegChol,ACAUGGUAGCAGGGUCUUUG,UCAUGGUAGCAGGGUCUUUG,ACAUGGUAGCAGGGA,ACAUGGUAGCAGGGUCUUUG,True,False,False
Supplemental Table 1,960,SNCA_1459_Asymmetric_2'-OMe/-F,P(mU)#(fU)#(mG)(fG)(fU)(fA)(mG)(fC)(mA)(fG)(mG)(fG)(mU)#(fC)#(mU)#(fU)#(mU)#(mG)#(mU)#(fG),(mA)#(mU)#(fG)(mG)(fU)(mA)(fG)(mC)(fA)(mG)(mG)(mG)(fU)#(mC)#(mA)-TegChol,AUGGUAGCAGGGUCUUUGUG,UUGGUAGCAGGGUCUUUGUG,AUGGUAGCAGGGUCA,AUGGUAGCAGGGUCUUUGUG,True,False,False
Supplemental Table 1,961,SNCA_1461_Asymmetric_2'-OMe/-F,P(mU)#(fG)#(mU)(fA)(fG)(fC)(mA)(fG)(mG)(fG)(mU)(fC)(mU)#(fU)#(mU)#(fG)#(mU)#(mG)#(mU)#(fG),(mG)#(mG)#(fU)(mA)(fG)(mC)(fA)(mG)(fG)(mG)(mU)(mC)(fU)#(mU)#(mA)-TegChol,GGUAGCAGGGUCUUUGUGUG,UGUAGCAGGGUCUUUGUGUG,GGUAGCAGGGUCUUA,GGUAGCAGGGUCUUUGUGUG,True,False,False
Supplemental Table 1,962,SNCA_1463_Asymmetric_2'-OMe/-F,P(mU)#(fA)#(mG)(fC)(fA)(fG)(mG)(fG)(mU)(fC)(mU)(fU)(mU)#(fG)#(mU)#(fG)#(mU)#(mG)#(mC)#(fU),(mU)#(mA)#(fG)(mC)(fA)(mG)(fG)(mG)(fU)(mC)(mU)(mU)(fU)#(mG)#(mA)-TegChol,UAGCAGGGUCUUUGUGUGCU,UAGCAGGGUCUUUGUGUGCU,UAGCAGGGUCUUUGA,UAGCAGGGUCUUUGUGUGCU,True,False,False
Supplemental Table 1,963,SNCA_1465_Asymmetric_2'-OMe/-F,P(mU)#(fC)#(mA)(fG)(fG)(fG)(mU)(fC)(mU)(fU)(mU)(fG)(mU)#(fG)#(mU)#(fG)#(mC)#(mU)#(mG)#(fU),(mG)#(mC)#(fA)(mG)(fG)(mG)(fU)(mC)(fU)(mU)(mU)(mG)(fU)#(mG)#(mA)-TegChol,GCAGGGUCUUUGUGUGCUGU,UCAGGGUCUUUGUGUGCUGU,GCAGGGUCUUUGUGA,GCAGGGUCUUUGUGUGCUGU,True,False,False
Supplemental Table 1,964,SNCA_1467_Asymmetric_2'-OMe/-F,P(mU)#(fG)#(mG)(fG)(fU)(fC)(mU)(fU)(mU)(fG)(mU)(fG)(mU)#(fG)#(mC)#(fU)#(mG)#(mU)#(mG)#(fG),(mA)#(mG)#(fG)(mG)(fU)(mC)(fU)(mU)(fU)(mG)(mU)(mG)(fU)#(mG)#(mA)-TegChol,AGGGUCUUUGUGUGCUGUGG,UGGGUCUUUGUGUGCUGUGG,AGGGUCUUUGUGUGA,AGGGUCUUUGUGUGCUGUGG,True,False,False
Supplemental Table 1,965,SNCA_1472_Asymmetric_2'-OMe/-F,P(mU)#(fU)#(mU)(fU)(fG)(fU)(mG)(fU)(mG)(fC)(mU)(fG)(mU)#(fG)#(mG)#(fA)#(mU)#(mU)#(mU)#(fU),(mC)#(mU)#(fU)(mU)(fG)(mU)(fG)(mU)(fG)(mC)(mU)(mG)(fU)#(mG)#(mA)-TegChol,CUUUGUGUGCUGUGGAUUUU,UUUUGUGUGCUGUGGAUUUU,CUUUGUGUGCUGUGA,CUUUGUGUGCUGUGGAUUUU,True,False,False
Supplemental Table 1,966,SNCA_1474_Asymmetric_2'-OMe/-F,P(mU)#(fU)#(mG)(fU)(fG)(fU)(mG)(fC)(mU)(fG)(mU)(fG)(mG)#(fA)#(mU)#(fU)#(mU)#(mU)#(mG)#(fU),(mU)#(mU)#(fG)(mU)(fG)(mU)(fG)(mC)(fU)(mG)(mU)(mG)(fG)#(mA)#(mA)-TegChol,UUGUGUGCUGUGGAUUUUGU,UUGUGUGCUGUGGAUUUUGU,UUGUGUGCUGUGGAA,UUGUGUGCUGUGGAUUUUGU,True,False,False
Supplemental Table 1,967,SNCA_1475_Asymmetric_2'-OMe/-F,P(mU)#(fG)#(mU)(fG)(fU)(fG)(mC)(fU)(mG)(fU)(mG)(fG)(mA)#(fU)#(mU)#(fU)#(mU)#(mG)#(mU)#(fG),(mU)#(mG)#(fU)(mG)(fU)(mG)(fC)(mU)(fG)(mU)(mG)(mG)(fA)#(mU)#(mA)-TegChol,UGUGUGCUGUGGAUUUUGUG,UGUGUGCUGUGGAUUUUGUG,UGUGUGCUGUGGAUA,UGUGUGCUGUGGAUUUUGUG,True,False,False
Supplemental Table 1,968,SNCA_1477_Asymmetric_2'-OMe/-F,P(mU)#(fG)#(mU)(fG)(fC)(fU)(mG)(fU)(mG)(fG)(mA)(fU)(mU)#(fU)#(mU)#(fG)#(mU)#(mG)#(mG)#(fC),(mU)#(mG)#(fU)(mG)(fC)(mU)(fG)(mU)(fG)(mG)(mA)(mU)(fU)#(mU)#(mA)-TegChol,UGUGCUGUGGAUUUUGUGGC,UGUGCUGUGGAUUUUGUGGC,UGUGCUGUGGAUUUA,UGUGCUGUGGAUUUUGUGGC,True,False,False
Supplemental Table 1,969,SNCA_1479_Asymmetric_2'-OMe/-F,P(mU)#(fG)#(mC)(fU)(fG)(fU)(mG)(fG)(mA)(fU)(mU)(fU)(mU)#(fG)#(mU)#(fG)#(mG)#(mC)#(mU)#(fU),(mU)#(mG)#(fC)(mU)(fG)(mU)(fG)(mG)(fA)(mU)(mU)(mU)(fU)#(mG)#(mA)-TegChol,UGCUGUGGAUUUUGUGGCUU,UGCUGUGGAUUUUGUGGCUU,UGCUGUGGAUUUUGA,UGCUGUGGAUUUUGUGGCUU,True,False,False
Supplemental Table 1,970,SNCA_1483_Asymmetric_2'-OMe/-F,P(mU)#(fU)#(mG)(fG)(fA)(fU)(mU)(fU)(mU)(fG)(mU)(fG)(mG)#(fC)#(mU)#(fU)#(mC)#(mA)#(mA)#(fU),(mG)#(mU)#(fG)(mG)(fA)(mU)(fU)(mU)(fU)(mG)(mU)(mG)(fG)#(mC)#(mA)-TegChol,GUGGAUUUUGUGGCUUCAAU,UUGGAUUUUGUGGCUUCAAU,GUGGAUUUUGUGGCA,GUGGAUUUUGUGGCUUCAAU,True,False,False
Supplemental Table 1,971,SNCA_1484_Asymmetric_2'-OMe/-F,P(mU)#(fG)#(mG)(fA)(fU)(fU)(mU)(fU)(mG)(fU)(mG)(fG)(mC)#(fU)#(mU)#(fC)#(mA)#(mA)#(mU)#(fC),(mU)#(mG)#(fG)(mA)(fU)(mU)(fU)(mU)(fG)(mU)(mG)(mG)(fC)#(mU)#(mA)-TegChol,UGGAUUUUGUGGCUUCAAUC,UGGAUUUUGUGGCUUCAAUC,UGGAUUUUGUGGCUA,UGGAUUUUGUGGCUUCAAUC,True,False,False
Supplemental Table 1,972,SNCA_1485_Asymmetric_2'-OMe/-F,P(mU)#(fG)#(mA)(fU)(fU)(fU)(mU)(fG)(mU)(fG)(mG)(fC)(mU)#(fU)#(mC)#(fA)#(mA)#(mU)#(mC)#(fU),(mG)#(mG)#(fA)(mU)(fU)(mU)(fU)(mG)(fU)(mG)(mG)(mC)(fU)#(mU)#(mA)-TegChol,GGAUUUUGUGGCUUCAAUCU,UGAUUUUGUGGCUUCAAUCU,GGAUUUUGUGGCUUA,GGAUUUUGUGGCUUCAAUCU,True,False,False
Supplemental Table 1,973,SNCA_1487_Asymmetric_2'-OMe/-F,P(mU)#(fU)#(mU)(fU)(fU)(fG)(mU)(fG)(mG)(fC)(mU)(fU)(mC)#(fA)#(mA)#(fU)#(mC)#(mU)#(mA)#(fC),(mA)#(mU)#(fU)(mU)(fU)(mG)(fU)(mG)(fG)(mC)(mU)(mU)(fC)#(mA)#(mA)-TegChol,AUUUUGUGGCUUCAAUCUAC,UUUUUGUGGCUUCAAUCUAC,AUUUUGUGGCUUCAA,AUUUUGUGGCUUCAAUCUAC,True,False,False
Supplemental Table 1,974,SNCA_1489_Asymmetric_2'-OMe/-F,P(mU)#(fU)#(mU)(fG)(fU)(fG)(mG)(fC)(mU)(fU)(mC)(fA)(mA)#(fU)#(mC)#(fU)#(mA)#(mC)#(mG)#(fA),(mU)#(mU)#(fU)(mG)(fU)(mG)(fG)(mC)(fU)(mU)(mC)(mA)(fA)#(mU)#(mA)-TegChol,UUUGUGGCUUCAAUCUACGA,UUUGUGGCUUCAAUCUACGA,UUUGUGGCUUCAAUA,UUUGUGGCUUCAAUCUACGA,True,False,False
Supplemental Table 1,975,SNCA_1490_Asymmetric_2'-OMe/-F,P(mU)#(fU)#(mG)(fU)(fG)(fG)(mC)(fU)(mU)(fC)(mA)(fA)(mU)#(fC)#(mU)#(fA)#(mC)#(mG)#(mA)#(fU),(mU)#(mU)#(fG)(mU)(fG)(mG)(fC)(mU)(fU)(mC)(mA)(mA)(fU)#(mC)#(mA)-TegChol,UUGUGGCUUCAAUCUACGAU,UUGUGGCUUCAAUCUACGAU,UUGUGGCUUCAAUCA,UUGUGGCUUCAAUCUACGAU,True,False,False
Supplemental Table 1,976,SNCA_1491_Asymmetric_2'-OMe/-F,P(mU)#(fG)#(mU)(fG)(fG)(fC)(mU)(fU)(mC)(fA)(mA)(fU)(mC)#(fU)#(mA)#(fC)#(mG)#(mA)#(mU)#(fG),(mU)#(mG)#(fU)(mG)(fG)(mC)(fU)(mU)(fC)(mA)(mA)(mU)(fC)#(mU)#(mA)-TegChol,UGUGGCUUCAAUCUACGAUG,UGUGGCUUCAAUCUACGAUG,UGUGGCUUCAAUCUA,UGUGGCUUCAAUCUACGAUG,True,False,False
Supplemental Table 1,977,SNCA_1493_Asymmetric_2'-OMe/-F,P(mU)#(fG)#(mG)(fC)(fU)(fU)(mC)(fA)(mA)(fU)(mC)(fU)(mA)#(fC)#(mG)#(fA)#(mU)#(mG)#(mU)#(fU),(mU)#(mG)#(fG)(mC)(fU)(mU)(fC)(mA)(fA)(mU)(mC)(mU)(fA)#(mC)#(mA)-TegChol,UGGCUUCAAUCUACGAUGUU,UGGCUUCAAUCUACGAUGUU,UGGCUUCAAUCUACA,UGGCUUCAAUCUACGAUGUU,True,False,False
Supplemental Table 1,978,SNCA_1494_Asymmetric_2'-OMe/-F,P(mU)#(fG)#(mC)(fU)(fU)(fC)(mA)(fA)(mU)(fC)(mU)(fA)(mC)#(fG)#(mA)#(fU)#(mG)#(mU)#(mU)#(fA),(mG)#(mG)#(fC)(mU)(fU)(mC)(fA)(mA)(fU)(mC)(mU)(mA)(fC)#(mG)#(mA)-TegChol,GGCUUCAAUCUACGAUGUUA,UGCUUCAAUCUACGAUGUUA,GGCUUCAAUCUACGA,GGCUUCAAUCUACGAUGUUA,True,False,False
Supplemental Table 1,979,SNCA_1495_Asymmetric_2'-OMe/-F,P(mU)#(fC)#(mU)(fU)(fC)(fA)(mA)(fU)(mC)(fU)(mA)(fC)(mG)#(fA)#(mU)#(fG)#(mU)#(mU)#(mA)#(fA),(mG)#(mC)#(fU)(mU)(fC)(mA)(fA)(mU)(fC)(mU)(mA)(mC)(fG)#(mA)#(mA)-TegChol,GCUUCAAUCUACGAUGUUAA,UCUUCAAUCUACGAUGUUAA,GCUUCAAUCUACGAA,GCUUCAAUCUACGAUGUUAA,True,False,False
Supplemental Table 1,980,SNCA_1497_Asymmetric_2'-OMe/-F,P(mU)#(fU)#(mC)(fA)(fA)(fU)(mC)(fU)(mA)(fC)(mG)(fA)(mU)#(fG)#(mU)#(fU)#(mA)#(mA)#(mA)#(fA),(mU)#(mU)#(fC)(mA)(fA)(mU)(fC)(mU)(fA)(mC)(mG)(mA)(fU)#(mG)#(mA)-TegChol,UUCAAUCUACGAUGUUAAAA,UUCAAUCUACGAUGUUAAAA,UUCAAUCUACGAUGA,UUCAAUCUACGAUGUUAAAA,True,False,False
Supplemental Table 1,981,SNCA_1498_Asymmetric_2'-OMe/-F,P(mU)#(fC)#(mA)(fA)(fU)(fC)(mU)(fA)(mC)(fG)(mA)(fU)(mG)#(fU)#(mU)#(fA)#(mA)#(mA)#(mA)#(fC),(mU)#(mC)#(fA)(mA)(fU)(mC)(fU)(mA)(fC)(mG)(mA)(mU)(fG)#(mU)#(mA)-TegChol,UCAAUCUACGAUGUUAAAAC,UCAAUCUACGAUGUUAAAAC,UCAAUCUACGAUGUA,UCAAUCUACGAUGUUAAAAC,True,False,False
Supplemental Table 1,982,SNCA_1499_Asymmetric_2'-OMe/-F,P(mU)#(fA)#(mA)(fU)(fC)(fU)(mA)(fC)(mG)(fA)(mU)(fG)(mU)#(fU)#(mA)#(fA)#(mA)#(mA)#(mC)#(fA),(mC)#(mA)#(fA)(mU)(fC)(mU)(fA)(mC)(fG)(mA)(mU)(mG)(fU)#(mU)#(mA)-TegChol,CAAUCUACGAUGUUAAAACA,UAAUCUACGAUGUUAAAACA,CAAUCUACGAUGUUA,CAAUCUACGAUGUUAAAACA,True,False,False
Supplemental Table 1,983,SNCA_1501_Asymmetric_2'-OMe/-F,P(mU)#(fU)#(mC)(fU)(fA)(fC)(mG)(fA)(mU)(fG)(mU)(fU)(mA)#(fA)#(mA)#(fA)#(mC)#(mA)#(mA)#(fA),(mA)#(mU)#(fC)(mU)(fA)(mC)(fG)(mA)(fU)(mG)(mU)(mU)(fA)#(mA)#(mA)-TegChol,AUCUACGAUGUUAAAACAAA,UUCUACGAUGUUAAAACAAA,AUCUACGAUGUUAAA,AUCUACGAUGUUAAAACAAA,True,False,False
Supplemental Table 1,984,SNCA_1502_Asymmetric_2'-OMe/-F,P(mU)#(fC)#(mU)(fA)(fC)(fG)(mA)(fU)(mG)(fU)(mU)(fA)(mA)#(fA)#(mA)#(fC)#(mA)#(mA)#(mA)#(fU),(mU)#(mC)#(fU)(mA)(fC)(mG)(fA)(mU)(fG)(mU)(mU)(mA)(fA)#(mA)#(mA)-TegChol,UCUACGAUGUUAAAACAAAU,UCUACGAUGUUAAAACAAAU,UCUACGAUGUUAAAA,UCUACGAUGUUAAAACAAAU,True,False,False
Supplemental Table 1,985,SNCA_1504_Asymmetric_2'-OMe/-F,P(mU)#(fA)#(mC)(fG)(fA)(fU)(mG)(fU)(mU)(fA)(mA)(fA)(mA)#(fC)#(mA)#(fA)#(mA)#(mU)#(mU)#(fA),(mU)#(mA)#(fC)(mG)(fA)(mU)(fG)(mU)(fU)(mA)(mA)(mA)(fA)#(mC)#(mA)-TegChol,UACGAUGUUAAAACAAAUUA,UACGAUGUUAAAACAAAUUA,UACGAUGUUAAAACA,UACGAUGUUAAAACAAAUUA,True,False,False
Supplemental Table 1,986,SNCA_1506_Asymmetric_2'-OMe/-F,P(mU)#(fG)#(mA)(fU)(fG)(fU)(mU)(fA)(mA)(fA)(mA)(fC)(mA)#(fA)#(mA)#(fU)#(mU)#(mA)#(mA)#(fA),(mC)#(mG)#(fA)(mU)(fG)(mU)(fU)(mA)(fA)(mA)(mA)(mC)(fA)#(mA)#(mA)-TegChol,CGAUGUUAAAACAAAUUAAA,UGAUGUUAAAACAAAUUAAA,CGAUGUUAAAACAAA,CGAUGUUAAAACAAAUUAAA,True,False,False
Supplemental Table 1,987,SNCA_1514_Asymmetric_2'-OMe/-F,P(mU)#(fA)#(mA)(fC)(fA)(fA)(mA)(fU)(mU)(fA)(mA)(fA)(mA)#(fA)#(mC)#(fA)#(mC)#(mC)#(mU)#(fA),(mA)#(mA)#(fA)(mC)(fA)(mA)(fA)(mU)(fU)(mA)(mA)(mA)(fA)#(mA)#(mA)-TegChol,AAACAAAUUAAAAACACCUA,UAACAAAUUAAAAACACCUA,AAACAAAUUAAAAAA,AAACAAAUUAAAAACACCUA,True,False,False
Supplemental Table 1,988,SNCA_1516_Asymmetric_2'-OMe/-F,P(mU)#(fC)#(mA)(fA)(fA)(fU)(mU)(fA)(mA)(fA)(mA)(fA)(mC)#(fA)#(mC)#(fC)#(mU)#(mA)#(mA)#(fG),(mA)#(mC)#(fA)(mA)(fA)(mU)(fU)(mA)(fA)(mA)(mA)(mA)(fC)#(mA)#(mA)-TegChol,ACAAAUUAAAAACACCUAAG,UCAAAUUAAAAACACCUAAG,ACAAAUUAAAAACAA,ACAAAUUAAAAACACCUAAG,True,False,False
Supplemental Table 1,989,SNCA_1518_Asymmetric_2'-OMe/-F,P(mU)#(fA)#(mA)(fU)(fU)(fA)(mA)(fA)(mA)(fA)(mC)(fA)(mC)#(fC)#(mU)#(fA)#(mA)#(mG)#(mU)#(fG),(mA)#(mA)#(fA)(mU)(fU)(mA)(fA)(mA)(fA)(mA)(mC)(mA)(fC)#(mC)#(mA)-TegChol,AAAUUAAAAACACCUAAGUG,UAAUUAAAAACACCUAAGUG,AAAUUAAAAACACCA,AAAUUAAAAACACCUAAGUG,True,False,False
Supplemental Table 1,990,SNCA_1520_Asymmetric_2'-OMe/-F,P(mU)#(fU)#(mU)(fA)(fA)(fA)(mA)(fA)(mC)(fA)(mC)(fC)(mU)#(fA)#(mA)#(fG)#(mU)#(mG)#(mA)#(fC),(mA)#(mU)#(fU)(mA)(fA)(mA)(fA)(mA)(fC)(mA)(mC)(mC)(fU)#(mA)#(mA)-TegChol,AUUAAAAACACCUAAGUGAC,UUUAAAAACACCUAAGUGAC,AUUAAAAACACCUAA,AUUAAAAACACCUAAGUGAC,True,False,False
Supplemental Table 1,991,SNCA_1525_Asymmetric_2'-OMe/-F,P(mU)#(fA)#(mA)(fC)(fA)(fC)(mC)(fU)(mA)(fA)(mG)(fU)(mG)#(fA)#(mC)#(fU)#(mA)#(mC)#(mC)#(fA),(mA)#(mA)#(fA)(mC)(fA)(mC)(fC)(mU)(fA)(mA)(mG)(mU)(fG)#(mA)#(mA)-TegChol,AAACACCUAAGUGACUACCA,UAACACCUAAGUGACUACCA,AAACACCUAAGUGAA,AAACACCUAAGUGACUACCA,True,False,False
Supplemental Table 1,992,SNCA_1527_Asymmetric_2'-OMe/-F,P(mU)#(fC)#(mA)(fC)(fC)(fU)(mA)(fA)(mG)(fU)(mG)(fA)(mC)#(fU)#(mA)#(fC)#(mC)#(mA)#(mC)#(fU),(mA)#(mC)#(fA)(mC)(fC)(mU)(fA)(mA)(fG)(mU)(mG)(mA)(fC)#(mU)#(mA)-TegChol,ACACCUAAGUGACUACCACU,UCACCUAAGUGACUACCACU,ACACCUAAGUGACUA,ACACCUAAGUGACUACCACU,True,False,False
Supplemental Table 1,993,SNCA_1529_Asymmetric_2'-OMe/-F,P(mU)#(fC)#(mC)(fU)(fA)(fA)(mG)(fU)(mG)(fA)(mC)(fU)(mA)#(fC)#(mC)#(fA)#(mC)#(mU)#(mU)#(fA),(mA)#(mC)#(fC)(mU)(fA)(mA)(fG)(mU)(fG)(mA)(mC)(mU)(fA)#(mC)#(mA)-TegChol,ACCUAAGUGACUACCACUUA,UCCUAAGUGACUACCACUUA,ACCUAAGUGACUACA,ACCUAAGUGACUACCACUUA,True,False,False
Supplemental Table 1,994,SNCA_1530_Asymmetric_2'-OMe/-F,P(mU)#(fC)#(mU)(fA)(fA)(fG)(mU)(fG)(mA)(fC)(mU)(fA)(mC)#(fC)#(mA)#(fC)#(mU)#(mU)#(mA)#(fU),(mC)#(mC)#(fU)(mA)(fA)(mG)(fU)(mG)(fA)(mC)(mU)(mA)(fC)#(mC)#(mA)-TegChol,CCUAAGUGACUACCACUUAU,UCUAAGUGACUACCACUUAU,CCUAAGUGACUACCA,CCUAAGUGACUACCACUUAU,True,False,False
Supplemental Table 1,995,SNCA_1531_Asymmetric_2'-OMe/-F,P(mU)#(fU)#(mA)(fA)(fG)(fU)(mG)(fA)(mC)(fU)(mA)(fC)(mC)#(fA)#(mC)#(fU)#(mU)#(mA)#(mU)#(fU),(mC)#(mU)#(fA)(mA)(fG)(mU)(fG)(mA)(fC)(mU)(mA)(mC)(fC)#(mA)#(mA)-TegChol,CUAAGUGACUACCACUUAUU,UUAAGUGACUACCACUUAUU,CUAAGUGACUACCAA,CUAAGUGACUACCACUUAUU,True,False,False
Supplemental Table 1,996,SNCA_1533_Asymmetric_2'-OMe/-F,P(mU)#(fA)#(mG)(fU)(fG)(fA)(mC)(fU)(mA)(fC)(mC)(fA)(mC)#(fU)#(mU)#(fA)#(mU)#(mU)#(mU)#(fC),(mA)#(mA)#(fG)(mU)(fG)(mA)(fC)(mU)(fA)(mC)(mC)(mA)(fC)#(mU)#(mA)-TegChol,AAGUGACUACCACUUAUUUC,UAGUGACUACCACUUAUUUC,AAGUGACUACCACUA,AAGUGACUACCACUUAUUUC,True,False,False
Supplemental Table 1,997,SNCA_1535_Asymmetric_2'-OMe/-F,P(mU)#(fU)#(mG)(fA)(fC)(fU)(mA)(fC)(mC)(fA)(mC)(fU)(mU)#(fA)#(mU)#(fU)#(mU)#(mC)#(mU)#(fA),(mG)#(mU)#(fG)(mA)(fC)(mU)(fA)(mC)(fC)(mA)(mC)(mU)(fU)#(mA)#(mA)-TegChol,GUGACUACCACUUAUUUCUA,UUGACUACCACUUAUUUCUA,GUGACUACCACUUAA,GUGACUACCACUUAUUUCUA,True,False,False
Supplemental Table 1,998,SNCA_1537_Asymmetric_2'-OMe/-F,P(mU)#(fA)#(mC)(fU)(fA)(fC)(mC)(fA)(mC)(fU)(mU)(fA)(mU)#(fU)#(mU)#(fC)#(mU)#(mA)#(mA)#(fA),(mG)#(mA)#(fC)(mU)(fA)(mC)(fC)(mA)(fC)(mU)(mU)(mA)(fU)#(mU)#(mA)-TegChol,GACUACCACUUAUUUCUAAA,UACUACCACUUAUUUCUAAA,GACUACCACUUAUUA,GACUACCACUUAUUUCUAAA,True,False,False
Supplemental Table 1,999,SNCA_1539_Asymmetric_2'-OMe/-F,P(mU)#(fU)#(mA)(fC)(fC)(fA)(mC)(fU)(mU)(fA)(mU)(fU)(mU)#(fC)#(mU)#(fA)#(mA)#(mA)#(mU)#(fC),(mC)#(mU)#(fA)(mC)(fC)(mA)(fC)(mU)(fU)(mA)(mU)(mU)(fU)#(mC)#(mA)-TegChol,CUACCACUUAUUUCUAAAUC,UUACCACUUAUUUCUAAAUC,CUACCACUUAUUUCA,CUACCACUUAUUUCUAAAUC,True,False,False
Supplemental Table 1,1000,SNCA_1543_Asymmetric_2'-OMe/-F,P(mU)#(fA)#(mC)(fU)(fU)(fA)(mU)(fU)(mU)(fC)(mU)(fA)(mA)#(fA)#(mU)#(fC)#(mC)#(mU)#(mC)#(fA),(mC)#(mA)#(fC)(mU)(fU)(mA)(fU)(mU)(fU)(mC)(mU)(mA)(fA)#(mA)#(mA)-TegChol,CACUUAUUUCUAAAUCCUCA,UACUUAUUUCUAAAUCCUCA,CACUUAUUUCUAAAA,CACUUAUUUCUAAAUCCUCA,True,False,False
Supplemental Table 1,1001,SNCA_1545_Asymmetric_2'-OMe/-F,P(mU)#(fU)#(mU)(fA)(fU)(fU)(mU)(fC)(mU)(fA)(mA)(fA)(mU)#(fC)#(mC)#(fU)#(mC)#(mA)#(mC)#(fU),(mC)#(mU)#(fU)(mA)(fU)(mU)(fU)(mC)(fU)(mA)(mA)(mA)(fU)#(mC)#(mA)-TegChol,CUUAUUUCUAAAUCCUCACU,UUUAUUUCUAAAUCCUCACU,CUUAUUUCUAAAUCA,CUUAUUUCUAAAUCCUCACU,True,False,False
Supplemental Table 1,1002,SNCA_1576_Asymmetric_2'-OMe/-F,P(mU)#(fC)#(mU)(fG)(fU)(fU)(mG)(fU)(mU)(fC)(mA)(fG)(mA)#(fA)#(mG)#(fU)#(mU)#(mG)#(mU)#(fU),(mG)#(mC)#(fU)(mG)(fU)(mU)(fG)(mU)(fU)(mC)(mA)(mG)(fA)#(mA)#(mA)-TegChol,GCUGUUGUUCAGAAGUUGUU,UCUGUUGUUCAGAAGUUGUU,GCUGUUGUUCAGAAA,GCUGUUGUUCAGAAGUUGUU,True,False,False
Supplemental Table 1,1003,SNCA_1578_Asymmetric_2'-OMe/-F,P(mU)#(fG)#(mU)(fU)(fG)(fU)(mU)(fC)(mA)(fG)(mA)(fA)(mG)#(fU)#(mU)#(fG)#(mU)#(mU)#(mA)#(fG),(mU)#(mG)#(fU)(mU)(fG)(mU)(fU)(mC)(fA)(mG)(mA)(mA)(fG)#(mU)#(mA)-TegChol,UGUUGUUCAGAAGUUGUUAG,UGUUGUUCAGAAGUUGUUAG,UGUUGUUCAGAAGUA,UGUUGUUCAGAAGUUGUUAG,True,False,False
Supplemental Table 1,1004,SNCA_1580_Asymmetric_2'-OMe/-F,P(mU)#(fU)#(mG)(fU)(fU)(fC)(mA)(fG)(mA)(fA)(mG)(fU)(mU)#(fG)#(mU)#(fU)#(mA)#(mG)#(mU)#(fG),(mU)#(mU)#(fG)(mU)(fU)(mC)(fA)(mG)(fA)(mA)(mG)(mU)(fU)#(mG)#(mA)-TegChol,UUGUUCAGAAGUUGUUAGUG,UUGUUCAGAAGUUGUUAGUG,UUGUUCAGAAGUUGA,UUGUUCAGAAGUUGUUAGUG,True,False,False
Supplemental Table 1,1005,SNCA_1582_Asymmetric_2'-OMe/-F,P(mU)#(fU)#(mU)(fC)(fA)(fG)(mA)(fA)(mG)(fU)(mU)(fG)(mU)#(fU)#(mA)#(fG)#(mU)#(mG)#(mA)#(fU),(mG)#(mU)#(fU)(mC)(fA)(mG)(fA)(mA)(fG)(mU)(mU)(mG)(fU)#(mU)#(mA)-TegChol,GUUCAGAAGUUGUUAGUGAU,UUUCAGAAGUUGUUAGUGAU,GUUCAGAAGUUGUUA,GUUCAGAAGUUGUUAGUGAU,True,False,False
Supplemental Table 1,1006,SNCA_1584_Asymmetric_2'-OMe/-F,P(mU)#(fC)#(mA)(fG)(fA)(fA)(mG)(fU)(mU)(fG)(mU)(fU)(mA)#(fG)#(mU)#(fG)#(mA)#(mU)#(mU)#(fU),(mU)#(mC)#(fA)(mG)(fA)(mA)(fG)(mU)(fU)(mG)(mU)(mU)(fA)#(mG)#(mA)-TegChol,UCAGAAGUUGUUAGUGAUUU,UCAGAAGUUGUUAGUGAUUU,UCAGAAGUUGUUAGA,UCAGAAGUUGUUAGUGAUUU,True,False,False
Supplemental Table 1,1007,SNCA_1586_Asymmetric_2'-OMe/-F,P(mU)#(fG)#(mA)(fA)(fG)(fU)(mU)(fG)(mU)(fU)(mA)(fG)(mU)#(fG)#(mA)#(fU)#(mU)#(mU)#(mG)#(fC),(mA)#(mG)#(fA)(mA)(fG)(mU)(fU)(mG)(fU)(mU)(mA)(mG)(fU)#(mG)#(mA)-TegChol,AGAAGUUGUUAGUGAUUUGC,UGAAGUUGUUAGUGAUUUGC,AGAAGUUGUUAGUGA,AGAAGUUGUUAGUGAUUUGC,True,False,False
Supplemental Table 1,1008,SNCA_1588_Asymmetric_2'-OMe/-F,P(mU)#(fA)#(mG)(fU)(fU)(fG)(mU)(fU)(mA)(fG)(mU)(fG)(mA)#(fU)#(mU)#(fU)#(mG)#(mC)#(mU)#(fA),(mA)#(mA)#(fG)(mU)(fU)(mG)(fU)(mU)(fA)(mG)(mU)(mG)(fA)#(mU)#(mA)-TegChol,AAGUUGUUAGUGAUUUGCUA,UAGUUGUUAGUGAUUUGCUA,AAGUUGUUAGUGAUA,AAGUUGUUAGUGAUUUGCUA,True,False,False
Supplemental Table 1,1009,SNCA_1590_Asymmetric_2'-OMe/-F,P(mU)#(fU)#(mU)(fG)(fU)(fU)(mA)(fG)(mU)(fG)(mA)(fU)(mU)#(fU)#(mG)#(fC)#(mU)#(mA)#(mU)#(fC),(mG)#(mU)#(fU)(mG)(fU)(mU)(fA)(mG)(fU)(mG)(mA)(mU)(fU)#(mU)#(mA)-TegChol,GUUGUUAGUGAUUUGCUAUC,UUUGUUAGUGAUUUGCUAUC,GUUGUUAGUGAUUUA,GUUGUUAGUGAUUUGCUAUC,True,False,False
Supplemental Table 1,1010,SNCA_1592_Asymmetric_2'-OMe/-F,P(mU)#(fG)#(mU)(fU)(fA)(fG)(mU)(fG)(mA)(fU)(mU)(fU)(mG)#(fC)#(mU)#(fA)#(mU)#(mC)#(mA)#(fU),(mU)#(mG)#(fU)(mU)(fA)(mG)(fU)(mG)(fA)(mU)(mU)(mU)(fG)#(mC)#(mA)-TegChol,UGUUAGUGAUUUGCUAUCAU,UGUUAGUGAUUUGCUAUCAU,UGUUAGUGAUUUGCA,UGUUAGUGAUUUGCUAUCAU,True,False,False
Supplemental Table 1,1011,SNCA_1594_Asymmetric_2'-OMe/-F,P(mU)#(fU)#(mA)(fG)(fU)(fG)(mA)(fU)(mU)(fU)(mG)(fC)(mU)#(fA)#(mU)#(fC)#(mA)#(mU)#(mA)#(fU),(mU)#(mU)#(fA)(mG)(fU)(mG)(fA)(mU)(fU)(mU)(mG)(mC)(fU)#(mA)#(mA)-TegChol,UUAGUGAUUUGCUAUCAUAU,UUAGUGAUUUGCUAUCAUAU,UUAGUGAUUUGCUAA,UUAGUGAUUUGCUAUCAUAU,True,False,False
Supplemental Table 1,1012,SNCA_1596_Asymmetric_2'-OMe/-F,P(mU)#(fG)#(mU)(fG)(fA)(fU)(mU)(fU)(mG)(fC)(mU)(fA)(mU)#(fC)#(mA)#(fU)#(mA)#(mU)#(mA)#(fU),(mA)#(mG)#(fU)(mG)(fA)(mU)(fU)(mU)(fG)(mC)(mU)(mA)(fU)#(mC)#(mA)-TegChol,AGUGAUUUGCUAUCAUAUAU,UGUGAUUUGCUAUCAUAUAU,AGUGAUUUGCUAUCA,AGUGAUUUGCUAUCAUAUAU,True,False,False
Supplemental Table 1,1013,SNCA_1626_Asymmetric_2'-OMe/-F,P(mU)#(fU)#(mA)(fG)(fG)(fU)(mG)(fU)(mC)(fU)(mU)(fU)(mU)#(fA)#(mA)#(fU)#(mG)#(mA)#(mU)#(fA),(mU)#(mU)#(fA)(mG)(fG)(mU)(fG)(mU)(fC)(mU)(mU)(mU)(fU)#(mA)#(mA)-TegChol,UUAGGUGUCUUUUAAUGAUA,UUAGGUGUCUUUUAAUGAUA,UUAGGUGUCUUUUAA,UUAGGUGUCUUUUAAUGAUA,True,False,False
Supplemental Table 1,1014,SNCA_1628_Asymmetric_2'-OMe/-F,P(mU)#(fG)#(mG)(fU)(fG)(fU)(mC)(fU)(mU)(fU)(mU)(fA)(mA)#(fU)#(mG)#(fA)#(mU)#(mA)#(mC)#(fU),(mA)#(mG)#(fG)(mU)(fG)(mU)(fC)(mU)(fU)(mU)(mU)(mA)(fA)#(mU)#(mA)-TegChol,AGGUGUCUUUUAAUGAUACU,UGGUGUCUUUUAAUGAUACU,AGGUGUCUUUUAAUA,AGGUGUCUUUUAAUGAUACU,True,False,False
Supplemental Table 1,1015,SNCA_1630_Asymmetric_2'-OMe/-F,P(mU)#(fU)#(mG)(fU)(fC)(fU)(mU)(fU)(mU)(fA)(mA)(fU)(mG)#(fA)#(mU)#(fA)#(mC)#(mU)#(mG)#(fU),(mG)#(mU)#(fG)(mU)(fC)(mU)(fU)(mU)(fU)(mA)(mA)(mU)(fG)#(mA)#(mA)-TegChol,GUGUCUUUUAAUGAUACUGU,UUGUCUUUUAAUGAUACUGU,GUGUCUUUUAAUGAA,GUGUCUUUUAAUGAUACUGU,True,False,False
Supplemental Table 1,1016,SNCA_1632_Asymmetric_2'-OMe/-F,P(mU)#(fU)#(mC)(fU)(fU)(fU)(mU)(fA)(mA)(fU)(mG)(fA)(mU)#(fA)#(mC)#(fU)#(mG)#(mU)#(mC)#(fU),(mG)#(mU)#(fC)(mU)(fU)(mU)(fU)(mA)(fA)(mU)(mG)(mA)(fU)#(mA)#(mA)-TegChol,GUCUUUUAAUGAUACUGUCU,UUCUUUUAAUGAUACUGUCU,GUCUUUUAAUGAUAA,GUCUUUUAAUGAUACUGUCU,True,False,False
Supplemental Table 1,1017,SNCA_1634_Asymmetric_2'-OMe/-F,P(mU)#(fU)#(mU)(fU)(fU)(fA)(mA)(fU)(mG)(fA)(mU)(fA)(mC)#(fU)#(mG)#(fU)#(mC)#(mU)#(mA)#(fA),(mC)#(mU)#(fU)(mU)(fU)(mA)(fA)(mU)(fG)(mA)(mU)(mA)(fC)#(mU)#(mA)-TegChol,CUUUUAAUGAUACUGUCUAA,UUUUUAAUGAUACUGUCUAA,CUUUUAAUGAUACUA,CUUUUAAUGAUACUGUCUAA,True,False,False
Supplemental Table 1,1018,SNCA_1636_Asymmetric_2'-OMe/-F,P(mU)#(fU)#(mU)(fA)(fA)(fU)(mG)(fA)(mU)(fA)(mC)(fU)(mG)#(fU)#(mC)#(fU)#(mA)#(mA)#(mG)#(fA),(mU)#(mU)#(fU)(mA)(fA)(mU)(fG)(mA)(fU)(mA)(mC)(mU)(fG)#(mU)#(mA)-TegChol,UUUAAUGAUACUGUCUAAGA,UUUAAUGAUACUGUCUAAGA,UUUAAUGAUACUGUA,UUUAAUGAUACUGUCUAAGA,True,False,False
Supplemental Table 1,1019,SNCA_1638_Asymmetric_2'-OMe/-F,P(mU)#(fA)#(mA)(fU)(fG)(fA)(mU)(fA)(mC)(fU)(mG)(fU)(mC)#(fU)#(mA)#(fA)#(mG)#(mA)#(mA)#(fU),(mU)#(mA)#(fA)(mU)(fG)(mA)(fU)(mA)(fC)(mU)(mG)(mU)(fC)#(mU)#(mA)-TegChol,UAAUGAUACUGUCUAAGAAU,UAAUGAUACUGUCUAAGAAU,UAAUGAUACUGUCUA,UAAUGAUACUGUCUAAGAAU,True,False,False
Supplemental Table 1,1020,SNCA_1640_Asymmetric_2'-OMe/-F,P(mU)#(fU)#(mG)(fA)(fU)(fA)(mC)(fU)(mG)(fU)(mC)(fU)(mA)#(fA)#(mG)#(fA)#(mA)#(mU)#(mA)#(fA),(mA)#(mU)#(fG)(mA)(fU)(mA)(fC)(mU)(fG)(mU)(mC)(mU)(fA)#(mA)#(mA)-TegChol,AUGAUACUGUCUAAGAAUAA,UUGAUACUGUCUAAGAAUAA,AUGAUACUGUCUAAA,AUGAUACUGUCUAAGAAUAA,True,False,False
Supplemental Table 1,1021,SNCA_1642_Asymmetric_2'-OMe/-F,P(mU)#(fA)#(mU)(fA)(fC)(fU)(mG)(fU)(mC)(fU)(mA)(fA)(mG)#(fA)#(mA)#(fU)#(mA)#(mA)#(mU)#(fG),(mG)#(mA)#(fU)(mA)(fC)(mU)(fG)(mU)(fC)(mU)(mA)(mA)(fG)#(mA)#(mA)-TegChol,GAUACUGUCUAAGAAUAAUG,UAUACUGUCUAAGAAUAAUG,GAUACUGUCUAAGAA,GAUACUGUCUAAGAAUAAUG,True,False,False
Supplemental Table 1,1022,SNCA_1644_Asymmetric_2'-OMe/-F,P(mU)#(fA)#(mC)(fU)(fG)(fU)(mC)(fU)(mA)(fA)(mG)(fA)(mA)#(fU)#(mA)#(fA)#(mU)#(mG)#(mA)#(fC),(mU)#(mA)#(fC)(mU)(fG)(mU)(fC)(mU)(fA)(mA)(mG)(mA)(fA)#(mU)#(mA)-TegChol,UACUGUCUAAGAAUAAUGAC,UACUGUCUAAGAAUAAUGAC,UACUGUCUAAGAAUA,UACUGUCUAAGAAUAAUGAC,True,False,False
Supplemental Table 1,1023,SNCA_1646_Asymmetric_2'-OMe/-F,P(mU)#(fU)#(mG)(fU)(fC)(fU)(mA)(fA)(mG)(fA)(mA)(fU)(mA)#(fA)#(mU)#(fG)#(mA)#(mC)#(mG)#(fU),(mC)#(mU)#(fG)(mU)(fC)(mU)(fA)(mA)(fG)(mA)(mA)(mU)(fA)#(mA)#(mA)-TegChol,CUGUCUAAGAAUAAUGACGU,UUGUCUAAGAAUAAUGACGU,CUGUCUAAGAAUAAA,CUGUCUAAGAAUAAUGACGU,True,False,False
Supplemental Table 1,1024,SNCA_1695_Asymmetric_2'-OMe/-F,P(mU)#(fU)#(mA)(fA)(fA)(fA)(mA)(fU)(mA)(fU)(mG)(fU)(mG)#(fA)#(mG)#(fC)#(mA)#(mU)#(mG)#(fA),(mU)#(mU)#(fA)(mA)(fA)(mA)(fA)(mU)(fA)(mU)(mG)(mU)(fG)#(mA)#(mA)-TegChol,UUAAAAAUAUGUGAGCAUGA,UUAAAAAUAUGUGAGCAUGA,UUAAAAAUAUGUGAA,UUAAAAAUAUGUGAGCAUGA,True,False,False
Supplemental Table 1,1025,SNCA_1697_Asymmetric_2'-OMe/-F,P(mU)#(fA)#(mA)(fA)(fA)(fU)(mA)(fU)(mG)(fU)(mG)(fA)(mG)#(fC)#(mA)#(fU)#(mG)#(mA)#(mA)#(fA),(mA)#(mA)#(fA)(mA)(fA)(mU)(fA)(mU)(fG)(mU)(mG)(mA)(fG)#(mC)#(mA)-TegChol,AAAAAUAUGUGAGCAUGAAA,UAAAAUAUGUGAGCAUGAAA,AAAAAUAUGUGAGCA,AAAAAUAUGUGAGCAUGAAA,True,False,False
Supplemental Table 1,1026,SNCA_1699_Asymmetric_2'-OMe/-F,P(mU)#(fA)#(mA)(fU)(fA)(fU)(mG)(fU)(mG)(fA)(mG)(fC)(mA)#(fU)#(mG)#(fA)#(mA)#(mA)#(mC)#(fU),(mA)#(mA)#(fA)(mU)(fA)(mU)(fG)(mU)(fG)(mA)(mG)(mC)(fA)#(mU)#(mA)-TegChol,AAAUAUGUGAGCAUGAAACU,UAAUAUGUGAGCAUGAAACU,AAAUAUGUGAGCAUA,AAAUAUGUGAGCAUGAAACU,True,False,False
Supplemental Table 1,1027,SNCA_1701_Asymmetric_2'-OMe/-F,P(mU)#(fU)#(mA)(fU)(fG)(fU)(mG)(fA)(mG)(fC)(mA)(fU)(mG)#(fA)#(mA)#(fA)#(mC)#(mU)#(mA)#(fU),(mA)#(mU)#(fA)(mU)(fG)(mU)(fG)(mA)(fG)(mC)(mA)(mU)(fG)#(mA)#(mA)-TegChol,AUAUGUGAGCAUGAAACUAU,UUAUGUGAGCAUGAAACUAU,AUAUGUGAGCAUGAA,AUAUGUGAGCAUGAAACUAU,True,False,False
Supplemental Table 1,1028,SNCA_1703_Asymmetric_2'-OMe/-F,P(mU)#(fU)#(mG)(fU)(fG)(fA)(mG)(fC)(mA)(fU)(mG)(fA)(mA)#(fA)#(mC)#(fU)#(mA)#(mU)#(mG)#(fC),(mA)#(mU)#(fG)(mU)(fG)(mA)(fG)(mC)(fA)(mU)(mG)(mA)(fA)#(mA)#(mA)-TegChol,AUGUGAGCAUGAAACUAUGC,UUGUGAGCAUGAAACUAUGC,AUGUGAGCAUGAAAA,AUGUGAGCAUGAAACUAUGC,True,False,False
Supplemental Table 1,1029,SNCA_1705_Asymmetric_2'-OMe/-F,P(mU)#(fU)#(mG)(fA)(fG)(fC)(mA)(fU)(mG)(fA)(mA)(fA)(mC)#(fU)#(mA)#(fU)#(mG)#(mC)#(mA)#(fC),(mG)#(mU)#(fG)(mA)(fG)(mC)(fA)(mU)(fG)(mA)(mA)(mA)(fC)#(mU)#(mA)-TegChol,GUGAGCAUGAAACUAUGCAC,UUGAGCAUGAAACUAUGCAC,GUGAGCAUGAAACUA,GUGAGCAUGAAACUAUGCAC,True,False,False
Supplemental Table 1,1030,SNCA_1707_Asymmetric_2'-OMe/-F,P(mU)#(fA)#(mG)(fC)(fA)(fU)(mG)(fA)(mA)(fA)(mC)(fU)(mA)#(fU)#(mG)#(fC)#(mA)#(mC)#(mC)#(fU),(mG)#(mA)#(fG)(mC)(fA)(mU)(fG)(mA)(fA)(mA)(mC)(mU)(fA)#(mU)#(mA)-TegChol,GAGCAUGAAACUAUGCACCU,UAGCAUGAAACUAUGCACCU,GAGCAUGAAACUAUA,GAGCAUGAAACUAUGCACCU,True,False,False
Supplemental Table 1,1031,SNCA_1709_Asymmetric_2'-OMe/-F,P(mU)#(fC)#(mA)(fU)(fG)(fA)(mA)(fA)(mC)(fU)(mA)(fU)(mG)#(fC)#(mA)#(fC)#(mC)#(mU)#(mA)#(fU),(mG)#(mC)#(fA)(mU)(fG)(mA)(fA)(mA)(fC)(mU)(mA)(mU)(fG)#(mC)#(mA)-TegChol,GCAUGAAACUAUGCACCUAU,UCAUGAAACUAUGCACCUAU,GCAUGAAACUAUGCA,GCAUGAAACUAUGCACCUAU,True,False,False
Supplemental Table 1,1032,SNCA_1711_Asymmetric_2'-OMe/-F,P(mU)#(fU)#(mG)(fA)(fA)(fA)(mC)(fU)(mA)(fU)(mG)(fC)(mA)#(fC)#(mC)#(fU)#(mA)#(mU)#(mA)#(fA),(mA)#(mU)#(fG)(mA)(fA)(mA)(fC)(mU)(fA)(mU)(mG)(mC)(fA)#(mC)#(mA)-TegChol,AUGAAACUAUGCACCUAUAA,UUGAAACUAUGCACCUAUAA,AUGAAACUAUGCACA,AUGAAACUAUGCACCUAUAA,True,False,False
Supplemental Table 1,1033,SNCA_1713_Asymmetric_2'-OMe/-F,P(mU)#(fA)#(mA)(fA)(fC)(fU)(mA)(fU)(mG)(fC)(mA)(fC)(mC)#(fU)#(mA)#(fU)#(mA)#(mA)#(mA)#(fU),(mG)#(mA)#(fA)(mA)(fC)(mU)(fA)(mU)(fG)(mC)(mA)(mC)(fC)#(mU)#(mA)-TegChol,GAAACUAUGCACCUAUAAAU,UAAACUAUGCACCUAUAAAU,GAAACUAUGCACCUA,GAAACUAUGCACCUAUAAAU,True,False,False
Supplemental Table 1,1034,SNCA_1715_Asymmetric_2'-OMe/-F,P(mU)#(fA)#(mC)(fU)(fA)(fU)(mG)(fC)(mA)(fC)(mC)(fU)(mA)#(fU)#(mA)#(fA)#(mA)#(mU)#(mA)#(fC),(mA)#(mA)#(fC)(mU)(fA)(mU)(fG)(mC)(fA)(mC)(mC)(mU)(fA)#(mU)#(mA)-TegChol,AACUAUGCACCUAUAAAUAC,UACUAUGCACCUAUAAAUAC,AACUAUGCACCUAUA,AACUAUGCACCUAUAAAUAC,True,False,False
Supplemental Table 1,1035,SNCA_1743_Asymmetric_2'-OMe/-F,P(mU)#(fA)#(mA)(fU)(fU)(fU)(mU)(fA)(mC)(fC)(mA)(fU)(mU)#(fU)#(mU)#(fG)#(mC)#(mG)#(mA)#(fU),(mA)#(mA)#(fA)(mU)(fU)(mU)(fU)(mA)(fC)(mC)(mA)(mU)(fU)#(mU)#(mA)-TegChol,AAAUUUUACCAUUUUGCGAU,UAAUUUUACCAUUUUGCGAU,AAAUUUUACCAUUUA,AAAUUUUACCAUUUUGCGAU,True,False,False
Supplemental Table 1,1036,SNCA_1799_Asymmetric_2'-OMe/-F,P(mU)#(fA)#(mA)(fU)(fU)(fA)(mA)(fA)(mA)(fU)(mA)(fA)(mA)#(fA)#(mC)#(fG)#(mU)#(mU)#(mA)#(fU),(mG)#(mA)#(fA)(mU)(fU)(mA)(fA)(mA)(fA)(mU)(mA)(mA)(fA)#(mA)#(mA)-TegChol,GAAUUAAAAUAAAACGUUAU,UAAUUAAAAUAAAACGUUAU,GAAUUAAAAUAAAAA,GAAUUAAAAUAAAACGUUAU,True,False,False
Supplemental Table 1,1037,SNCA_1859_Asymmetric_2'-OMe/-F,P(mU)#(fA)#(mU)(fA)(fA)(fU)(mA)(fA)(mA)(fA)(mA)(fU)(mC)#(fA)#(mU)#(fG)#(mC)#(mU)#(mU)#(fA),(mA)#(mA)#(fU)(mA)(fA)(mU)(fA)(mA)(fA)(mA)(mA)(mU)(fC)#(mA)#(mA)-TegChol,AAUAAUAAAAAUCAUGCUUA,UAUAAUAAAAAUCAUGCUUA,AAUAAUAAAAAUCAA,AAUAAUAAAAAUCAUGCUUA,True,False,False
Supplemental Table 1,1038,SNCA_1911_Asymmetric_2'-OMe/-F,P(mU)#(fC)#(mA)(fA)(fA)(fA)(mA)(fU)(mA)(fU)(mA)(fA)(mA)#(fG)#(mU)#(fU)#(mA)#(mU)#(mU)#(fA),(mA)#(mC)#(fA)(mA)(fA)(mA)(fA)(mU)(fA)(mU)(mA)(mA)(fA)#(mG)#(mA)-TegChol,ACAAAAAUAUAAAGUUAUUA,UCAAAAAUAUAAAGUUAUUA,ACAAAAAUAUAAAGA,ACAAAAAUAUAAAGUUAUUA,True,False,False
Supplemental Table 1,1039,SNCA_1969_Asymmetric_2'-OMe/-F,P(mU)#(fG)#(mA)(fA)(fA)(fA)(mU)(fG)(mG)(fA)(mA)(fC)(mA)#(fU)#(mU)#(fA)#(mA)#(mC)#(mC)#(fC),(mA)#(mG)#(fA)(mA)(fA)(mA)(fU)(mG)(fG)(mA)(mA)(mC)(fA)#(mU)#(mA)-TegChol,AGAAAAUGGAACAUUAACCC,UGAAAAUGGAACAUUAACCC,AGAAAAUGGAACAUA,AGAAAAUGGAACAUUAACCC,True,False,False
Supplemental Table 1,1040,SNCA_2022_Asymmetric_2'-OMe/-F,P(mU)#(fA)#(mG)(fU)(fG)(fU)(mG)(fU)(mU)(fU)(mU)(fG)(mG)#(fU)#(mA)#(fU)#(mG)#(mC)#(mA)#(fC),(mA)#(mA)#(fG)(mU)(fG)(mU)(fG)(mU)(fU)(mU)(mU)(mG)(fG)#(mU)#(mA)-TegChol,AAGUGUGUUUUGGUAUGCAC,UAGUGUGUUUUGGUAUGCAC,AAGUGUGUUUUGGUA,AAGUGUGUUUUGGUAUGCAC,True,False,False
Supplemental Table 1,1041,SNCA_2103_Asymmetric_2'-OMe/-F,P(mU)#(fU)#(mG)(fU)(fA)(fG)(mA)(fG)(mU)(fG)(mG)(fU)(mC)#(fU)#(mA)#(fU)#(mU)#(mU)#(mC)#(fU),(mU)#(mU)#(fG)(mU)(fA)(mG)(fA)(mG)(fU)(mG)(mG)(mU)(fC)#(mU)#(mA)-TegChol,UUGUAGAGUGGUCUAUUUCU,UUGUAGAGUGGUCUAUUUCU,UUGUAGAGUGGUCUA,UUGUAGAGUGGUCUAUUUCU,True,False,False
Supplemental Table 1,1042,SNCA_2174_Asymmetric_2'-OMe/-F,P(mU)#(fA)#(mU)(fG)(fU)(fG)(mU)(fA)(mU)(fG)(mU)(fG)(mU)#(fU)#(mU)#(fA)#(mU)#(mA)#(mA)#(fU),(mG)#(mA)#(fU)(mG)(fU)(mG)(fU)(mA)(fU)(mG)(mU)(mG)(fU)#(mU)#(mA)-TegChol,GAUGUGUAUGUGUUUAUAAU,UAUGUGUAUGUGUUUAUAAU,GAUGUGUAUGUGUUA,GAUGUGUAUGUGUUUAUAAU,True,False,False
Supplemental Table 1,1043,SNCA_2229_Asymmetric_2'-OMe/-F,P(mU)#(fU)#(mA)(fU)(fU)(fG)(mU)(fU)(mA)(fU)(mU)(fU)(mU)#(fU)#(mG)#(fU)#(mC)#(mU)#(mC)#(fG),(mA)#(mU)#(fA)(mU)(fU)(mG)(fU)(mU)(fA)(mU)(mU)(mU)(fU)#(mU)#(mA)-TegChol,AUAUUGUUAUUUUUGUCUCG,UUAUUGUUAUUUUUGUCUCG,AUAUUGUUAUUUUUA,AUAUUGUUAUUUUUGUCUCG,True,False,False
Supplemental Table 1,1044,SNCA_2305_Asymmetric_2'-OMe/-F,P(mU)#(fU)#(mC)(fU)(fG)(fA)(mC)(fA)(mA)(fU)(mA)(fA)(mA)#(fU)#(mA)#(fA)#(mU)#(mA)#(mU)#(fU),(mU)#(mU)#(fC)(mU)(fG)(mA)(fC)(mA)(fA)(mU)(mA)(mA)(fA)#(mU)#(mA)-TegChol,UUCUGACAAUAAAUAAUAUU,UUCUGACAAUAAAUAAUAUU,UUCUGACAAUAAAUA,UUCUGACAAUAAAUAAUAUU,True,False,False
Supplemental Table 1,1045,SNCA_2321_Asymmetric_2'-OMe/-F,P(mU)#(fA)#(mU)(fU)(fC)(fG)(mA)(fC)(mC)(fA)(mU)(fG)(mA)#(fA)#(mU)#(fA)#(mA)#(mA)#(mA)#(fA),(mU)#(mA)#(fU)(mU)(fC)(mG)(fA)(mC)(fC)(mA)(mU)(mG)(fA)#(mA)#(mA)-TegChol,UAUUCGACCAUGAAUAAAAA,UAUUCGACCAUGAAUAAAAA,UAUUCGACCAUGAAA,UAUUCGACCAUGAAUAAAAA,True,False,False
Supplemental Table 1,1046,SNCA_2341_Asymmetric_2'-OMe/-F,P(mU)#(fA)#(mA)(fA)(fA)(fA)(mA)(fA)(mA)(fA)(mG)(fU)(mG)#(fG)#(mG)#(fU)#(mU)#(mC)#(mC)#(fC),(mA)#(mA)#(fA)(mA)(fA)(mA)(fA)(mA)(fA)(mA)(mG)(mU)(fG)#(mG)#(mA)-TegChol,AAAAAAAAAAGUGGGUUCCC,UAAAAAAAAAGUGGGUUCCC,AAAAAAAAAAGUGGA,AAAAAAAAAAGUGGGUUCCC,True,False,False
Supplemental Table 1,1047,SNCA_2399_Asymmetric_2'-OMe/-F,P(mU)#(fU)#(mC)(fC)(fU)(fU)(mA)(fG)(mA)(fG)(mA)(fG)(mC)#(fC)#(mA)#(fU)#(mA)#(mA)#(mG)#(fA),(mC)#(mU)#(fC)(mC)(fU)(mU)(fA)(mG)(fA)(mG)(mA)(mG)(fC)#(mC)#(mA)-TegChol,CUCCUUAGAGAGCCAUAAGA,UUCCUUAGAGAGCCAUAAGA,CUCCUUAGAGAGCCA,CUCCUUAGAGAGCCAUAAGA,True,False,False
Supplemental Table 1,1048,SNCA_2450_Asymmetric_2'-OMe/-F,P(mU)#(fU)#(mG)(fA)(fG)(fA)(mG)(fA)(mA)(fU)(mG)(fU)(mG)#(fG)#(mU)#(fU)#(mA)#(mA)#(mC)#(fU),(mC)#(mU)#(fG)(mA)(fG)(mA)(fG)(mA)(fA)(mU)(mG)(mU)(fG)#(mG)#(mA)-TegChol,CUGAGAGAAUGUGGUUAACU,UUGAGAGAAUGUGGUUAACU,CUGAGAGAAUGUGGA,CUGAGAGAAUGUGGUUAACU,True,False,False
Supplemental Table 1,1049,SNCA_2529_Asymmetric_2'-OMe/-F,P(mU)#(fC)#(mU)(fC)(fU)(fC)(mU)(fU)(mU)(fU)(mU)(fC)(mU)#(fC)#(mU)#(fC)#(mG)#(mC)#(mU)#(fC),(mU)#(mC)#(fU)(mC)(fU)(mC)(fU)(mU)(fU)(mU)(mU)(mC)(fU)#(mC)#(mA)-TegChol,UCUCUCUUUUUCUCUCGCUC,UCUCUCUUUUUCUCUCGCUC,UCUCUCUUUUUCUCA,UCUCUCUUUUUCUCUCGCUC,True,False,False
Supplemental Table 1,1050,SNCA_2605_Asymmetric_2'-OMe/-F,P(mU)#(fU)#(mC)(fA)(fC)(fC)(mU)(fU)(mA)(fA)(mA)(fG)(mG)#(fA)#(mG)#(fA)#(mU)#(mC)#(mA)#(fA),(mG)#(mU)#(fC)(mA)(fC)(mC)(fU)(mU)(fA)(mA)(mA)(mG)(fG)#(mA)#(mA)-TegChol,GUCACCUUAAAGGAGAUCAA,UUCACCUUAAAGGAGAUCAA,GUCACCUUAAAGGAA,GUCACCUUAAAGGAGAUCAA,True,False,False
Supplemental Table 1,1051,SNCA_2655_Asymmetric_2'-OMe/-F,P(mU)#(fC)#(mU)(fU)(fU)(fA)(mA)(fA)(mU)(fG)(mU)(fU)(mG)#(fC)#(mC)#(fA)#(mA)#(mA)#(mU)#(fA),(mC)#(mC)#(fU)(mU)(fU)(mA)(fA)(mA)(fU)(mG)(mU)(mU)(fG)#(mC)#(mA)-TegChol,CCUUUAAAUGUUGCCAAAUA,UCUUUAAAUGUUGCCAAAUA,CCUUUAAAUGUUGCA,CCUUUAAAUGUUGCCAAAUA,True,False,False
Supplemental Table 1,1052,SNCA_2706_Asymmetric_2'-OMe/-F,P(mU)#(fU)#(mU)(fU)(fU)(fC)(mU)(fC)(mU)(fU)(mU)(fC)(mA)#(fG)#(mG)#(fG)#(mA)#(mA)#(mG)#(fA),(mU)#(mU)#(fU)(mU)(fU)(mC)(fU)(mC)(fU)(mU)(mU)(mC)(fA)#(mG)#(mA)-TegChol,UUUUUCUCUUUCAGGGAAGA,UUUUUCUCUUUCAGGGAAGA,UUUUUCUCUUUCAGA,UUUUUCUCUUUCAGGGAAGA,True,False,False
Supplemental Table 1,1053,SNCA_2740_Asymmetric_2'-OMe/-F,P(mU)#(fU)#(mG)(fG)(fG)(fU)(mG)(fC)(mU)(fG)(mA)(fA)(mA)#(fA)#(mU)#(fA)#(mA)#(mA)#(mC)#(fU),(mA)#(mU)#(fG)(mG)(fG)(mU)(fG)(mC)(fU)(mG)(mA)(mA)(fA)#(mA)#(mA)-TegChol,AUGGGUGCUGAAAAUAAACU,UUGGGUGCUGAAAAUAAACU,AUGGGUGCUGAAAAA,AUGGGUGCUGAAAAUAAACU,True,False,False
Supplemental Table 1,1054,SNCA_2849_Asymmetric_2'-OMe/-F,P(mU)#(fU)#(mA)(fG)(fU)(fA)(mG)(fA)(mA)(fA)(mG)(fU)(mA)#(fU)#(mA)#(fA)#(mU)#(mU)#(mU)#(fC),(mC)#(mU)#(fA)(mG)(fU)(mA)(fG)(mA)(fA)(mA)(mG)(mU)(fA)#(mU)#(mA)-TegChol,CUAGUAGAAAGUAUAAUUUC,UUAGUAGAAAGUAUAAUUUC,CUAGUAGAAAGUAUA,CUAGUAGAAAGUAUAAUUUC,True,False,False
Supplemental Table 1,1055,SNCA_2901_Asymmetric_2'-OMe/-F,P(mU)#(fU)#(mA)(fU)(fG)(fU)(mA)(fU)(mU)(fC)(mA)(fU)(mG)#(fA)#(mG)#(fU)#(mA)#(mA)#(mU)#(fG),(mA)#(mU)#(fA)(mU)(fG)(mU)(fA)(mU)(fU)(mC)(mA)(mU)(fG)#(mA)#(mA)-TegChol,AUAUGUAUUCAUGAGUAAUG,UUAUGUAUUCAUGAGUAAUG,AUAUGUAUUCAUGAA,AUAUGUAUUCAUGAGUAAUG,True,False,False
Supplemental Table 1,1056,SNCA_2968_Asymmetric_2'-OMe/-F,P(mU)#(fU)#(mA)(fA)(fG)(fG)(mA)(fU)(mG)(fG)(mU)(fU)(mA)#(fC)#(mC)#(fA)#(mU)#(mA)#(mG)#(fA),(mA)#(mU)#(fA)(mA)(fG)(mG)(fA)(mU)(fG)(mG)(mU)(mU)(fA)#(mC)#(mA)-TegChol,AUAAGGAUGGUUACCAUAGA,UUAAGGAUGGUUACCAUAGA,AUAAGGAUGGUUACA,AUAAGGAUGGUUACCAUAGA,True,False,False
Supplemental Table 1,1057,SNCA_3020_Asymmetric_2'-OMe/-F,P(mU)#(fC)#(mU)(fA)(fC)(fA)(mG)(fA)(mG)(fU)(mG)(fC)(mU)#(fA)#(mA)#(fG)#(mC)#(mU)#(mG)#(fC),(mA)#(mC)#(fU)(mA)(fC)(mA)(fG)(mA)(fG)(mU)(mG)(mC)(fU)#(mA)#(mA)-TegChol,ACUACAGAGUGCUAAGCUGC,UCUACAGAGUGCUAAGCUGC,ACUACAGAGUGCUAA,ACUACAGAGUGCUAAGCUGC,True,False,False
Supplemental Table 1,1058,SNCA_3075_Asymmetric_2'-OMe/-F,P(mU)#(fC)#(mU)(fU)(fG)(fU)(mU)(fU)(mU)(fA)(mU)(fU)(mU)#(fA)#(mA)#(fG)#(mU)#(mU)#(mA)#(fU),(mU)#(mC)#(fU)(mU)(fG)(mU)(fU)(mU)(fU)(mA)(mU)(mU)(fU)#(mA)#(mA)-TegChol,UCUUGUUUUAUUUAAGUUAU,UCUUGUUUUAUUUAAGUUAU,UCUUGUUUUAUUUAA,UCUUGUUUUAUUUAAGUUAU,True,False,False
Supplemental Table 1,1059,SNCA_3128_Asymmetric_2'-OMe/-F,P(mU)#(fA)#(mU)(fA)(fU)(fU)(mU)(fC)(mA)(fG)(mG)(fA)(mA)#(fG)#(mG)#(fU)#(mU)#(mA)#(mG)#(fA),(mU)#(mA)#(fU)(mA)(fU)(mU)(fU)(mC)(fA)(mG)(mG)(mA)(fA)#(mG)#(mA)-TegChol,UAUAUUUCAGGAAGGUUAGA,UAUAUUUCAGGAAGGUUAGA,UAUAUUUCAGGAAGA,UAUAUUUCAGGAAGGUUAGA,True,False,False
Supplemental Table 1,1060,SNCA_3182_Asymmetric_2'-OMe/-F,P(mU)#(fA)#(mG)(fC)(fA)(fG)(mC)(fA)(mU)(fA)(mU)(fU)(mU)#(fU)#(mA)#(fA)#(mA)#(mA)#(mA)#(fU),(mA)#(mA)#(fG)(mC)(fA)(mG)(fC)(mA)(fU)(mA)(mU)(mU)(fU)#(mU)#(mA)-TegChol,AAGCAGCAUAUUUUAAAAAU,UAGCAGCAUAUUUUAAAAAU,AAGCAGCAUAUUUUA,AAGCAGCAUAUUUUAAAAAU,True,False,False
Supplemental Table 1,1061,SNCA_3298_Asymmetric_2'-OMe/-F,P(mU)#(fU)#(mU)(fU)(fA)(fA)(mG)(fG)(mA)(fU)(mU)(fU)(mA)#(fU)#(mG)#(fU)#(mG)#(mG)#(mA)#(fU),(mA)#(mU)#(fU)(mU)(fA)(mA)(fG)(mG)(fA)(mU)(mU)(mU)(fA)#(mU)#(mA)-TegChol,AUUUAAGGAUUUAUGUGGAU,UUUUAAGGAUUUAUGUGGAU,AUUUAAGGAUUUAUA,AUUUAAGGAUUUAUGUGGAU,True,False,False
Supplemental Table 1,1062,SNCA_3349_Asymmetric_2'-OMe/-F,P(mU)#(fA)#(mU)(fA)(fU)(fU)(mU)(fA)(mU)(fC)(mU)(fG)(mA)#(fC)#(mG)#(fG)#(mU)#(mA)#(mA)#(fU),(mA)#(mA)#(fU)(mA)(fU)(mU)(fU)(mA)(fU)(mC)(mU)(mG)(fA)#(mC)#(mA)-TegChol,AAUAUUUAUCUGACGGUAAU,UAUAUUUAUCUGACGGUAAU,AAUAUUUAUCUGACA,AAUAUUUAUCUGACGGUAAU,True,False,False
Supplemental Table 1,1063,SNCA_3400_Asymmetric_2'-OMe/-F,P(mU)#(fU)#(mA)(fG)(fU)(fU)(mU)(fA)(mU)(fU)(mU)(fG)(mG)#(fG)#(mA)#(fC)#(mC)#(mA)#(mA)#(fA),(mA)#(mU)#(fA)(mG)(fU)(mU)(fU)(mA)(fU)(mU)(mU)(mG)(fG)#(mG)#(mA)-TegChol,AUAGUUUAUUUGGGACCAAA,UUAGUUUAUUUGGGACCAAA,AUAGUUUAUUUGGGA,AUAGUUUAUUUGGGACCAAA,True,False,False
Supplemental Table 1,1064,SNCA_3451_Asymmetric_2'-OMe/-F,P(mU)#(fG)#(mC)(fC)(fU)(fU)(mU)(fU)(mC)(fA)(mG)(fG)(mA)#(fA)#(mG)#(fC)#(mU)#(mU)#(mG)#(fU),(mA)#(mG)#(fC)(mC)(fU)(mU)(fU)(mU)(fC)(mA)(mG)(mG)(fA)#(mA)#(mA)-TegChol,AGCCUUUUCAGGAAGCUUGU,UGCCUUUUCAGGAAGCUUGU,AGCCUUUUCAGGAAA,AGCCUUUUCAGGAAGCUUGU,True,False,False
Supplemental Table 1,1065,SNCA_3513_Asymmetric_2'-OMe/-F,P(mU)#(fG)#(mA)(fU)(fC)(fA)(mA)(fU)(mC)(fC)(mA)(fG)(mU)#(fC)#(mC)#(fU)#(mA)#(mG)#(mG)#(fU),(mG)#(mG)#(fA)(mU)(fC)(mA)(fA)(mU)(fC)(mC)(mA)(mG)(fU)#(mC)#(mA)-TegChol,GGAUCAAUCCAGUCCUAGGU,UGAUCAAUCCAGUCCUAGGU,GGAUCAAUCCAGUCA,GGAUCAAUCCAGUCCUAGGU,True,False,False
Supplemental Table 1,1066,SNCA_3564_Asymmetric_2'-OMe/-F,P(mU)#(fU)#(mC)(fA)(fG)(fC)(mC)(fU)(mC)(fA)(mU)(fA)(mU)#(fG)#(mA)#(fC)#(mU)#(mC)#(mC)#(fA),(mU)#(mU)#(fC)(mA)(fG)(mC)(fC)(mU)(fC)(mA)(mU)(mA)(fU)#(mG)#(mA)-TegChol,UUCAGCCUCAUAUGACUCCA,UUCAGCCUCAUAUGACUCCA,UUCAGCCUCAUAUGA,UUCAGCCUCAUAUGACUCCA,True,False,False
Supplemental Table 1,1067,SNCA_3618_Asymmetric_2'-OMe/-F,P(mU)#(fU)#(mG)(fG)(fC)(fA)(mC)(fA)(mC)(fA)(mA)(fU)(mU)#(fG)#(mG)#(fG)#(mA)#(mA)#(mC)#(fA),(mU)#(mU)#(fG)(mG)(fC)(mA)(fC)(mA)(fC)(mA)(mA)(mU)(fU)#(mG)#(mA)-TegChol,UUGGCACACAAUUGGGAACA,UUGGCACACAAUUGGGAACA,UUGGCACACAAUUGA,UUGGCACACAAUUGGGAACA,True,False,False
Supplemental Table 1,1068,SNCA_3740_Asymmetric_2'-OMe/-F,P(mU)#(fG)#(mU)(fA)(fU)(fG)(mU)(fA)(mG)(fC)(mU)(fA)(mU)#(fU)#(mU)#(fG)#(mU)#(mG)#(mA)#(fC),(mA)#(mG)#(fU)(mA)(fU)(mG)(fU)(mA)(fG)(mC)(mU)(mA)(fU)#(mU)#(mA)-TegChol,AGUAUGUAGCUAUUUGUGAC,UGUAUGUAGCUAUUUGUGAC,AGUAUGUAGCUAUUA,AGUAUGUAGCUAUUUGUGAC,True,False,False
Supplemental Table 1,1069,APP_280_Asymmetric_2'-OMe Rich,P(mU)#(fA)#(mC)(mA)(mU)(fG)(mA)(mA)(mU)(mG)(mU)(mC)(mC)#(fA)#(mG)#(mA)#(mA)#(mU)#(mG)#(fG),(mC)#(mA)#(mC)(mA)(fU)(fG)(mA)(mA)(fU)(mG)(mU)(mC)(mC)#(mA)#(mA)-TegChol,CACAUGAAUGUCCAGAAUGG,UACAUGAAUGUCCAGAAUGG,CACAUGAAUGUCCAA,CACAUGAAUGUCCAGAAUGG,True,False,False
Supplemental Table 1,1070,APP_333_Asymmetric_2'-OMe Rich,P(mU)#(fU)#(mG)(mC)(mA)(fU)(mU)(mG)(mA)(mU)(mA)(mC)(mC)#(fA)#(mA)#(mG)#(mG)#(mA)#(mA)#(fG),(mC)#(mU)#(mG)(mC)(fA)(fU)(mU)(mG)(fA)(mU)(mA)(mC)(mC)#(mA)#(mA)-TegChol,CUGCAUUGAUACCAAGGAAG,UUGCAUUGAUACCAAGGAAG,CUGCAUUGAUACCAA,CUGCAUUGAUACCAAGGAAG,True,False,False
Supplemental Table 1,1071,APP_387_Asymmetric_2'-OMe Rich,P(mU)#(fC)#(mU)(mG)(mC)(fA)(mG)(mA)(mU)(mC)(mA)(mC)(mC)#(fA)#(mA)#(mU)#(mG)#(mU)#(mG)#(fG),(mA)#(mC)#(mU)(mG)(fC)(fA)(mG)(mA)(fU)(mC)(mA)(mC)(mC)#(mA)#(mA)-TegChol,ACUGCAGAUCACCAAUGUGG,UCUGCAGAUCACCAAUGUGG,ACUGCAGAUCACCAA,ACUGCAGAUCACCAAUGUGG,True,False,False
Supplemental Table 1,1072,APP_480_Asymmetric_2'-OMe Rich,P(mU)#(fU)#(mU)(mU)(mG)(fU)(mG)(mA)(mU)(mU)(mC)(mC)(mC)#(fU)#(mA)#(mC)#(mC)#(mG)#(mC)#(fU),(mC)#(mU)#(mU)(mU)(fG)(fU)(mG)(mA)(fU)(mU)(mC)(mC)(mC)#(mU)#(mA)-TegChol,CUUUGUGAUUCCCUACCGCU,UUUUGUGAUUCCCUACCGCU,CUUUGUGAUUCCCUA,CUUUGUGAUUCCCUACCGCU,True,False,False
Supplemental Table 1,1073,APP_531_Asymmetric_2'-OMe Rich,P(mU)#(fC)#(mU)(mC)(mG)(fU)(mU)(mC)(mC)(mU)(mG)(mA)(mC)#(fA)#(mA)#(mG)#(mU)#(mG)#(mC)#(fA),(mU)#(mC)#(mU)(mC)(fG)(fU)(mU)(mC)(fC)(mU)(mG)(mA)(mC)#(mA)#(mA)-TegChol,UCUCGUUCCUGACAAGUGCA,UCUCGUUCCUGACAAGUGCA,UCUCGUUCCUGACAA,UCUCGUUCCUGACAAGUGCA,True,False,False
Supplemental Table 1,1074,APP_582_Asymmetric_2'-OMe Rich,P(mU)#(fG)#(mA)(mA)(mA)(fC)(mU)(mC)(mA)(mU)(mC)(mU)(mU)#(fC)#(mA)#(mC)#(mU)#(mG)#(mG)#(fC),(mC)#(mG)#(mA)(mA)(fA)(fC)(mU)(mC)(fA)(mU)(mC)(mU)(mU)#(mC)#(mA)-TegChol,CGAAACUCAUCUUCACUGGC,UGAAACUCAUCUUCACUGGC,CGAAACUCAUCUUCA,CGAAACUCAUCUUCACUGGC,True,False,False
Supplemental Table 1,1075,APP_729_Asymmetric_2'-OMe Rich,P(mU)#(fG)#(mA)(mC)(mA)(fA)(mU)(mG)(mU)(mG)(mG)(mA)(mU)#(fU)#(mC)#(mU)#(mG)#(mC)#(mU)#(fG),(mU)#(mG)#(mA)(mC)(fA)(fA)(mU)(mG)(fU)(mG)(mG)(mA)(mU)#(mU)#(mA)-TegChol,UGACAAUGUGGAUUCUGCUG,UGACAAUGUGGAUUCUGCUG,UGACAAUGUGGAUUA,UGACAAUGUGGAUUCUGCUG,True,False,False
Supplemental Table 1,1076,APP_814_Asymmetric_2'-OMe Rich,P(mU)#(fA)#(mA)(mG)(mA)(fC)(mA)(mA)(mA)(mG)(mU)(mA)(mG)#(fU)#(mA)#(mG)#(mA)#(mA)#(mG)#(fU),(mG)#(mA)#(mA)(mG)(fA)(fC)(mA)(mA)(fA)(mG)(mU)(mA)(mG)#(mU)#(mA)-TegChol,GAAGACAAAGUAGUAGAAGU,UAAGACAAAGUAGUAGAAGU,GAAGACAAAGUAGUA,GAAGACAAAGUAGUAGAAGU,True,False,False
Supplemental Table 1,1077,APP_905_Asymmetric_2'-OMe Rich,P(mU)#(fU)#(mG)(mA)(mG)(fG)(mU)(mA)(mG)(mA)(mG)(mG)(mA)#(fA)#(mG)#(mA)#(mG)#(mG)#(mC)#(fU),(mA)#(mU)#(mG)(mA)(fG)(fG)(mU)(mA)(fG)(mA)(mG)(mG)(mA)#(mA)#(mA)-TegChol,AUGAGGUAGAGGAAGAGGCU,UUGAGGUAGAGGAAGAGGCU,AUGAGGUAGAGGAAA,AUGAGGUAGAGGAAGAGGCU,True,False,False
Supplemental Table 1,1078,APP_1001_Asymmetric_2'-OMe Rich,P(mU)#(fA)#(mG)(mA)(mG)(fG)(mU)(mG)(mG)(mU)(mU)(mC)(mG)#(fA)#(mG)#(mA)#(mG)#(mG)#(mU)#(fG),(mA)#(mA)#(mG)(mA)(fG)(fG)(mU)(mG)(fG)(mU)(mU)(mC)(mG)#(mA)#(mA)-TegChol,AAGAGGUGGUUCGAGAGGUG,UAGAGGUGGUUCGAGAGGUG,AAGAGGUGGUUCGAA,AAGAGGUGGUUCGAGAGGUG,True,False,False
Supplemental Table 1,1079,APP_1106_Asymmetric_2'-OMe Rich,P(mU)#(fC)#(mU)(mU)(mU)(fU)(mA)(mC)(mG)(mG)(mC)(mG)(mG)#(fA)#(mU)#(mG)#(mU)#(mG)#(mG)#(fC),(mU)#(mC)#(mU)(mU)(fU)(fU)(mA)(mC)(fG)(mG)(mC)(mG)(mG)#(mA)#(mA)-TegChol,UCUUUUACGGCGGAUGUGGC,UCUUUUACGGCGGAUGUGGC,UCUUUUACGGCGGAA,UCUUUUACGGCGGAUGUGGC,True,False,False
Supplemental Table 1,1080,APP_1197_Asymmetric_2'-OMe Rich,P(mU)#(fC)#(mU)(mC)(mA)(fA)(mG)(mA)(mC)(mU)(mA)(mC)(mC)#(fC)#(mA)#(mG)#(mG)#(mA)#(mA)#(fC),(mA)#(mC)#(mU)(mC)(fA)(fA)(mG)(mA)(fC)(mU)(mA)(mC)(mC)#(mC)#(mA)-TegChol,ACUCAAGACUACCCAGGAAC,UCUCAAGACUACCCAGGAAC,ACUCAAGACUACCCA,ACUCAAGACUACCCAGGAAC,True,False,False
Supplemental Table 1,1081,APP_1363_Asymmetric_2'-OMe Rich,P(mU)#(fG)#(mA)(mA)(mU)(fG)(mU)(mC)(mC)(mC)(mA)(mG)(mG)#(fU)#(mC)#(mA)#(mU)#(mG)#(mA)#(fG),(mA)#(mG)#(mA)(mA)(fU)(fG)(mU)(mC)(fC)(mC)(mA)(mG)(mG)#(mU)#(mA)-TegChol,AGAAUGUCCCAGGUCAUGAG,UGAAUGUCCCAGGUCAUGAG,AGAAUGUCCCAGGUA,AGAAUGUCCCAGGUCAUGAG,True,False,False
Supplemental Table 1,1082,APP_1419_Asymmetric_2'-OMe Rich,P(mU)#(fC)#(mC)(mU)(mA)(fA)(mA)(mG)(mC)(mU)(mG)(mA)(mU)#(fA)#(mA)#(mG)#(mA)#(mA)#(mG)#(fG),(mG)#(mC)#(mC)(mU)(fA)(fA)(mA)(mG)(fC)(mU)(mG)(mA)(mU)#(mA)#(mA)-TegChol,GCCUAAAGCUGAUAAGAAGG,UCCUAAAGCUGAUAAGAAGG,GCCUAAAGCUGAUAA,GCCUAAAGCUGAUAAGAAGG,True,False,False
Supplemental Table 1,1083,APP_1477_Asymmetric_2'-OMe Rich,P(mU)#(fA)#(mA)(mC)(mA)(fG)(mG)(mA)(mA)(mG)(mC)(mA)(mG)#(fC)#(mC)#(mA)#(mA)#(mC)#(mG)#(fA),(mG)#(mA)#(mA)(mC)(fA)(fG)(mG)(mA)(fA)(mG)(mC)(mA)(mG)#(mC)#(mA)-TegChol,GAACAGGAAGCAGCCAACGA,UAACAGGAAGCAGCCAACGA,GAACAGGAAGCAGCA,GAACAGGAAGCAGCCAACGA,True,False,False
Supplemental Table 1,1084,APP_1621_Asymmetric_2'-OMe Rich,P(mU)#(fU)#(mC)(mA)(mA)(fU)(mA)(mU)(mG)(mC)(mU)(mA)(mA)#(fA)#(mG)#(mA)#(mA)#(mG)#(mU)#(fA),(mU)#(mU)#(mC)(mA)(fA)(fU)(mA)(mU)(fG)(mC)(mU)(mA)(mA)#(mA)#(mA)-TegChol,UUCAAUAUGCUAAAGAAGUA,UUCAAUAUGCUAAAGAAGUA,UUCAAUAUGCUAAAA,UUCAAUAUGCUAAAGAAGUA,True,False,False
Supplemental Table 1,1085,APP_1677_Asymmetric_2'-OMe Rich,P(mU)#(fA)#(mA)(mG)(mC)(fA)(mU)(mU)(mU)(mC)(mG)(mA)(mG)#(fC)#(mA)#(mU)#(mG)#(mU)#(mG)#(fC),(mA)#(mA)#(mA)(mG)(fC)(fA)(mU)(mU)(fU)(mC)(mG)(mA)(mG)#(mC)#(mA)-TegChol,AAAGCAUUUCGAGCAUGUGC,UAAGCAUUUCGAGCAUGUGC,AAAGCAUUUCGAGCA,AAAGCAUUUCGAGCAUGUGC,True,False,False
Supplemental Table 1,1086,APP_1754_Asymmetric_2'-OMe Rich,P(mU)#(fU)#(mG)(mU)(mG)(fA)(mU)(mU)(mU)(mA)(mU)(mG)(mA)#(fG)#(mC)#(mG)#(mC)#(mA)#(mU)#(fG),(mG)#(mU)#(mG)(mU)(fG)(fA)(mU)(mU)(fU)(mA)(mU)(mG)(mA)#(mG)#(mA)-TegChol,GUGUGAUUUAUGAGCGCAUG,UUGUGAUUUAUGAGCGCAUG,GUGUGAUUUAUGAGA,GUGUGAUUUAUGAGCGCAUG,True,False,False
Supplemental Table 1,1087,APP_1885_Asymmetric_2'-OMe Rich,P(mU)#(fA)#(mC)(mA)(mU)(fG)(mA)(mU)(mU)(mA)(mG)(mU)(mG)#(fA)#(mA)#(mC)#(mC)#(mA)#(mA)#(fG),(mA)#(mA)#(mC)(mA)(fU)(fG)(mA)(mU)(fU)(mA)(mG)(mU)(mG)#(mA)#(mA)-TegChol,AACAUGAUUAGUGAACCAAG,UACAUGAUUAGUGAACCAAG,AACAUGAUUAGUGAA,AACAUGAUUAGUGAACCAAG,True,False,False
Supplemental Table 1,1088,APP_1935_Asymmetric_2'-OMe Rich,P(mU)#(fU)#(mC)(mU)(mU)(fU)(mG)(mA)(mC)(mC)(mG)(mA)(mA)#(fA)#(mC)#(mG)#(mA)#(mA)#(mA)#(fA),(mA)#(mU)#(mC)(mU)(fU)(fU)(mG)(mA)(fC)(mC)(mG)(mA)(mA)#(mA)#(mA)-TegChol,AUCUUUGACCGAAACGAAAA,UUCUUUGACCGAAACGAAAA,AUCUUUGACCGAAAA,AUCUUUGACCGAAACGAAAA,True,False,False
Supplemental Table 1,1089,APP_2039_Asymmetric_2'-OMe Rich,P(mU)#(fA)#(mG)(mC)(mC)(fA)(mA)(mC)(mA)(mC)(mA)(mG)(mA)#(fA)#(mA)#(mA)#(mC)#(mG)#(mA)#(fA),(mC)#(mA)#(mG)(mC)(fC)(fA)(mA)(mC)(fA)(mC)(mA)(mG)(mA)#(mA)#(mA)-TegChol,CAGCCAACACAGAAAACGAA,UAGCCAACACAGAAAACGAA,CAGCCAACACAGAAA,CAGCCAACACAGAAAACGAA,True,False,False
Supplemental Table 1,1090,APP_2135_Asymmetric_2'-OMe Rich,P(mU)#(fG)#(mA)(mC)(mG)(fG)(mA)(mG)(mG)(mA)(mG)(mA)(mU)#(fC)#(mU)#(mC)#(mU)#(mG)#(mA)#(fA),(mA)#(mG)#(mA)(mC)(fG)(fG)(mA)(mG)(fG)(mA)(mG)(mA)(mU)#(mC)#(mA)-TegChol,AGACGGAGGAGAUCUCUGAA,UGACGGAGGAGAUCUCUGAA,AGACGGAGGAGAUCA,AGACGGAGGAGAUCUCUGAA,True,False,False
Supplemental Table 1,1091,APP_2185_Asymmetric_2'-OMe Rich,P(mU)#(fC)#(mA)(mG)(mG)(fA)(mU)(mA)(mU)(mG)(mA)(mA)(mG)#(fU)#(mU)#(mC)#(mA)#(mU)#(mC)#(fA),(mU)#(mC)#(mA)(mG)(fG)(fA)(mU)(mA)(fU)(mG)(mA)(mA)(mG)#(mU)#(mA)-TegChol,UCAGGAUAUGAAGUUCAUCA,UCAGGAUAUGAAGUUCAUCA,UCAGGAUAUGAAGUA,UCAGGAUAUGAAGUUCAUCA,True,False,False
Supplemental Table 1,1092,APP_2238_Asymmetric_2'-OMe Rich,P(mU)#(fU)#(mC)(mA)(mA)(fA)(mC)(mA)(mA)(mA)(mG)(mG)(mU)#(fG)#(mC)#(mA)#(mA)#(mU)#(mC)#(fA),(mU)#(mU)#(mC)(mA)(fA)(fA)(mC)(mA)(fA)(mA)(mG)(mG)(mU)#(mG)#(mA)-TegChol,UUCAAACAAAGGUGCAAUCA,UUCAAACAAAGGUGCAAUCA,UUCAAACAAAGGUGA,UUCAAACAAAGGUGCAAUCA,True,False,False
Supplemental Table 1,1093,APP_2404_Asymmetric_2'-OMe Rich,P(mU)#(fU)#(mG)(mC)(mA)(fG)(mC)(mA)(mG)(mA)(mA)(mC)(mG)#(fG)#(mC)#(mU)#(mA)#(mC)#(mG)#(fA),(mA)#(mU)#(mG)(mC)(fA)(fG)(mC)(mA)(fG)(mA)(mA)(mC)(mG)#(mG)#(mA)-TegChol,AUGCAGCAGAACGGCUACGA,UUGCAGCAGAACGGCUACGA,AUGCAGCAGAACGGA,AUGCAGCAGAACGGCUACGA,True,False,False
Supplemental Table 1,1094,APP_2478_Asymmetric_2'-OMe Rich,P(mU)#(fG)#(mC)(mC)(mU)(fC)(mU)(mG)(mA)(mA)(mG)(mU)(mU)#(fG)#(mG)#(mA)#(mC)#(mA)#(mG)#(fC),(mA)#(mG)#(mC)(mC)(fU)(fC)(mU)(mG)(fA)(mA)(mG)(mU)(mU)#(mG)#(mA)-TegChol,AGCCUCUGAAGUUGGACAGC,UGCCUCUGAAGUUGGACAGC,AGCCUCUGAAGUUGA,AGCCUCUGAAGUUGGACAGC,True,False,False
Supplemental Table 1,1095,APP_2528_Asymmetric_2'-OMe Rich,P(mU)#(fA)#(mU)(mU)(mU)(fA)(mU)(mA)(mG)(mA)(mA)(mU)(mA)#(fA)#(mU)#(mG)#(mU)#(mG)#(mG)#(fG),(mC)#(mA)#(mU)(mU)(fU)(fA)(mU)(mA)(fG)(mA)(mA)(mU)(mA)#(mA)#(mA)-TegChol,CAUUUAUAGAAUAAUGUGGG,UAUUUAUAGAAUAAUGUGGG,CAUUUAUAGAAUAAA,CAUUUAUAGAAUAAUGUGGG,True,False,False
Supplemental Table 1,1096,APP_2579_Asymmetric_2'-OMe Rich,P(mU)#(fA)#(mU)(mC)(mG)(fC)(mC)(mU)(mU)(mU)(mU)(mG)(mA)#(fC)#(mA)#(mG)#(mC)#(mU)#(mG)#(fU),(mU)#(mA)#(mU)(mC)(fG)(fC)(mC)(mU)(fU)(mU)(mU)(mG)(mA)#(mC)#(mA)-TegChol,UAUCGCCUUUUGACAGCUGU,UAUCGCCUUUUGACAGCUGU,UAUCGCCUUUUGACA,UAUCGCCUUUUGACAGCUGU,True,False,False
Supplemental Table 1,1097,APP_2630_Asymmetric_2'-OMe Rich,P(mU)#(fU)#(mA)(mA)(mU)(fC)(mC)(mA)(mC)(mA)(mC)(mA)(mU)#(fC)#(mA)#(mG)#(mU)#(mA)#(mA)#(fU),(mU)#(mU)#(mA)(mA)(fU)(fC)(mC)(mA)(fC)(mA)(mC)(mA)(mU)#(mC)#(mA)-TegChol,UUAAUCCACACAUCAGUAAU,UUAAUCCACACAUCAGUAAU,UUAAUCCACACAUCA,UUAAUCCACACAUCAGUAAU,True,False,False
Supplemental Table 1,1098,APP_2682_Asymmetric_2'-OMe Rich,P(mU)#(fA)#(mC)(mU)(mA)(fC)(mA)(mU)(mU)(mA)(mU)(mU)(mA)#(fA)#(mU)#(mG)#(mG)#(mG)#(mU)#(fU),(mU)#(mA)#(mC)(mU)(fA)(fC)(mA)(mU)(fU)(mA)(mU)(mU)(mA)#(mA)#(mA)-TegChol,UACUACAUUAUUAAUGGGUU,UACUACAUUAUUAAUGGGUU,UACUACAUUAUUAAA,UACUACAUUAUUAAUGGGUU,True,False,False
Supplemental Table 1,1099,APP_2735_Asymmetric_2'-OMe Rich,P(mU)#(fA)#(mG)(mU)(mG)(fC)(mA)(mU)(mG)(mA)(mA)(mU)(mA)#(fG)#(mA)#(mU)#(mU)#(mC)#(mU)#(fC),(mU)#(mA)#(mG)(mU)(fG)(fC)(mA)(mU)(fG)(mA)(mA)(mU)(mA)#(mG)#(mA)-TegChol,UAGUGCAUGAAUAGAUUCUC,UAGUGCAUGAAUAGAUUCUC,UAGUGCAUGAAUAGA,UAGUGCAUGAAUAGAUUCUC,True,False,False
Supplemental Table 1,1100,APP_2802_Asymmetric_2'-OMe Rich,P(mU)#(fG)#(mU)(mG)(mG)(fU)(mU)(mU)(mG)(mU)(mG)(mA)(mC)#(fC)#(mC)#(mA)#(mA)#(mU)#(mU)#(fA),(mU)#(mG)#(mU)(mG)(fG)(fU)(mU)(mU)(fG)(mU)(mG)(mA)(mC)#(mC)#(mA)-TegChol,UGUGGUUUGUGACCCAAUUA,UGUGGUUUGUGACCCAAUUA,UGUGGUUUGUGACCA,UGUGGUUUGUGACCCAAUUA,True,False,False
Supplemental Table 1,1101,APP_2874_Asymmetric_2'-OMe Rich,P(mU)#(fU)#(mG)(mG)(mG)(fA)(mG)(mU)(mU)(mC)(mA)(mG)(mC)#(fU)#(mG)#(mC)#(mU)#(mU)#(mC)#(fU),(mG)#(mU)#(mG)(mG)(fG)(fA)(mG)(mU)(fU)(mC)(mA)(mG)(mC)#(mU)#(mA)-TegChol,GUGGGAGUUCAGCUGCUUCU,UUGGGAGUUCAGCUGCUUCU,GUGGGAGUUCAGCUA,GUGGGAGUUCAGCUGCUUCU,True,False,False
Supplemental Table 1,1102,APP_2930_Asymmetric_2'-OMe Rich,P(mU)#(fU)#(mA)(mA)(mA)(fG)(mU)(mU)(mA)(mA)(mA)(mC)(mA)#(fU)#(mU)#(mU)#(mU)#(mU)#(mA)#(fA),(mU)#(mU)#(mA)(mA)(fA)(fG)(mU)(mU)(fA)(mA)(mA)(mC)(mA)#(mU)#(mA)-TegChol,UUAAAGUUAAACAUUUUUAA,UUAAAGUUAAACAUUUUUAA,UUAAAGUUAAACAUA,UUAAAGUUAAACAUUUUUAA,True,False,False
Supplemental Table 1,1103,APP_2989_Asymmetric_2'-OMe Rich,P(mU)#(fC)#(mA)(mU)(mU)(fU)(mU)(mA)(mC)(mU)(mG)(mU)(mA)#(fC)#(mA)#(mG)#(mA)#(mU)#(mU)#(fG),(mG)#(mC)#(mA)(mU)(fU)(fU)(mU)(mA)(fC)(mU)(mG)(mU)(mA)#(mC)#(mA)-TegChol,GCAUUUUACUGUACAGAUUG,UCAUUUUACUGUACAGAUUG,GCAUUUUACUGUACA,GCAUUUUACUGUACAGAUUG,True,False,False
Supplemental Table 1,1104,APP_3041_Asymmetric_2'-OMe Rich,P(mU)#(fG)#(mA)(mG)(mG)(fA)(mU)(mA)(mC)(mA)(mC)(mA)(mC)#(fG)#(mU)#(mU)#(mU)#(mG)#(mU)#(fU),(mA)#(mG)#(mA)(mG)(fG)(fA)(mU)(mA)(fC)(mA)(mC)(mA)(mC)#(mG)#(mA)-TegChol,AGAGGAUACACACGUUUGUU,UGAGGAUACACACGUUUGUU,AGAGGAUACACACGA,AGAGGAUACACACGUUUGUU,True,False,False
Supplemental Table 1,1105,APP_3093_Asymmetric_2'-OMe Rich,P(mU)#(fA)#(mU)(mU)(mG)(fA)(mG)(mA)(mC)(mU)(mU)(mC)(mA)#(fA)#(mG)#(mC)#(mU)#(mU)#(mU)#(fU),(mC)#(mA)#(mU)(mU)(fG)(fA)(mG)(mA)(fC)(mU)(mU)(mC)(mA)#(mA)#(mA)-TegChol,CAUUGAGACUUCAAGCUUUU,UAUUGAGACUUCAAGCUUUU,CAUUGAGACUUCAAA,CAUUGAGACUUCAAGCUUUU,True,False,False
Supplemental Table 1,1106,APP_3145_Asymmetric_2'-OMe Rich,P(mU)#(fA)#(mA)(mA)(mG)(fA)(mA)(mA)(mA)(mG)(mA)(mA)(mU)#(fC)#(mC)#(mC)#(mU)#(mG)#(mU)#(fU),(mU)#(mA)#(mA)(mA)(fG)(fA)(mA)(mA)(fA)(mG)(mA)(mA)(mU)#(mC)#(mA)-TegChol,UAAAGAAAAGAAUCCCUGUU,UAAAGAAAAGAAUCCCUGUU,UAAAGAAAAGAAUCA,UAAAGAAAAGAAUCCCUGUU,True,False,False
Supplemental Table 1,1107,APP_3228_Asymmetric_2'-OMe Rich,P(mU)#(fU)#(mU)(mC)(mU)(fC)(mC)(mA)(mA)(mA)(mA)(mC)(mA)#(fA)#(mU)#(mU)#(mU)#(mU)#(mC)#(fU),(mA)#(mU)#(mU)(mC)(fU)(fC)(mC)(mA)(fA)(mA)(mA)(mC)(mA)#(mA)#(mA)-TegChol,AUUCUCCAAAACAAUUUUCU,UUUCUCCAAAACAAUUUUCU,AUUCUCCAAAACAAA,AUUCUCCAAAACAAUUUUCU,True,False,False
Supplemental Table 1,1108,APP_3281_Asymmetric_2'-OMe Rich,P(mU)#(fU)#(mG)(mA)(mU)(fC)(mG)(mC)(mU)(mU)(mU)(mC)(mU)#(fA)#(mC)#(mA)#(mC)#(mU)#(mG)#(fU),(mA)#(mU)#(mG)(mA)(fU)(fC)(mG)(mC)(fU)(mU)(mU)(mC)(mU)#(mA)#(mA)-TegChol,AUGAUCGCUUUCUACACUGU,UUGAUCGCUUUCUACACUGU,AUGAUCGCUUUCUAA,AUGAUCGCUUUCUACACUGU,True,False,False
Supplemental Table 1,1109,APP_3299_Asymmetric_2'-OMe Rich,P(mU)#(fU)#(mA)(mU)(mU)(fA)(mC)(mA)(mU)(mA)(mA)(mA)(mU)#(fA)#(mA)#(mA)#(mU)#(mU)#(mA)#(fA),(mG)#(mU)#(mA)(mU)(fU)(fA)(mC)(mA)(fU)(mA)(mA)(mA)(mU)#(mA)#(mA)-TegChol,GUAUUACAUAAAUAAAUUAA,UUAUUACAUAAAUAAAUUAA,GUAUUACAUAAAUAA,GUAUUACAUAAAUAAAUUAA,True,False,False
Supplemental Table 1,1110,APP_3352_Asymmetric_2'-OMe Rich,P(mU)#(fG)#(mA)(mU)(mG)(fA)(mC)(mU)(mA)(mC)(mA)(mG)(mA)#(fC)#(mA)#(mU)#(mU)#(mA)#(mA)#(fA),(mG)#(mG)#(mA)(mU)(fG)(fA)(mC)(mU)(fA)(mC)(mA)(mG)(mA)#(mC)#(mA)-TegChol,GGAUGACUACAGACAUUAAA,UGAUGACUACAGACAUUAAA,GGAUGACUACAGACA,GGAUGACUACAGACAUUAAA,True,False,False
Supplemental Table 1,1111,APP_3422_Asymmetric_2'-OMe Rich,P(mU)#(fC)#(mC)(mA)(mG)(fU)(mC)(mU)(mG)(mA)(mA)(mG)(mU)#(fU)#(mU)#(mC)#(mA)#(mU)#(mU)#(fU),(mA)#(mC)#(mC)(mA)(fG)(fU)(mC)(mU)(fG)(mA)(mA)(mG)(mU)#(mU)#(mA)-TegChol,ACCAGUCUGAAGUUUCAUUU,UCCAGUCUGAAGUUUCAUUU,ACCAGUCUGAAGUUA,ACCAGUCUGAAGUUUCAUUU,True,False,False
Supplemental Table 1,1112,APP_3501_Asymmetric_2'-OMe Rich,P(mU)#(fG)#(mG)(mA)(mC)(fA)(mA)(mA)(mC)(mC)(mC)(mU)(mU)#(fC)#(mU)#(mU)#(mU)#(mU)#(mA)#(fA),(mU)#(mG)#(mG)(mA)(fC)(fA)(mA)(mA)(fC)(mC)(mC)(mU)(mU)#(mC)#(mA)-TegChol,UGGACAAACCCUUCUUUUAA,UGGACAAACCCUUCUUUUAA,UGGACAAACCCUUCA,UGGACAAACCCUUCUUUUAA,True,False,False
Supplemental Table 1,1113,APP_3549_Asymmetric_2'-OMe Rich,P(mU)#(fU)#(mU)(mU)(mU)(fC)(mA)(mU)(mG)(mU)(mA)(mA)(mA)#(fU)#(mA)#(mA)#(mA)#(mU)#(mA)#(fC),(mG)#(mU)#(mU)(mU)(fU)(fC)(mA)(mU)(fG)(mU)(mA)(mA)(mA)#(mU)#(mA)-TegChol,GUUUUCAUGUAAAUAAAUAC,UUUUUCAUGUAAAUAAAUAC,GUUUUCAUGUAAAUA,GUUUUCAUGUAAAUAAAUAC,True,False,False
Supplemental Table 1,1114,APP_3555_Asymmetric_2'-OMe Rich,P(mU)#(fU)#(mG)(mU)(mA)(fA)(mA)(mU)(mA)(mA)(mA)(mU)(mA)#(fC)#(mA)#(mU)#(mU)#(mC)#(mU)#(fU),(mA)#(mU)#(mG)(mU)(fA)(fA)(mA)(mU)(fA)(mA)(mA)(mU)(mA)#(mC)#(mA)-TegChol,AUGUAAAUAAAUACAUUCUU,UUGUAAAUAAAUACAUUCUU,AUGUAAAUAAAUACA,AUGUAAAUAAAUACAUUCUU,True,False,False
Supplemental Table 1,1115,APP_3556_Asymmetric_2'-OMe Rich,P(mU)#(fG)#(mU)(mA)(mA)(fA)(mU)(mA)(mA)(mA)(mU)(mA)(mC)#(fA)#(mU)#(mU)#(mC)#(mU)#(mU)#(fG),(mU)#(mG)#(mU)(mA)(fA)(fA)(mU)(mA)(fA)(mA)(mU)(mA)(mC)#(mA)#(mA)-TegChol,UGUAAAUAAAUACAUUCUUG,UGUAAAUAAAUACAUUCUUG,UGUAAAUAAAUACAA,UGUAAAUAAAUACAUUCUUG,True,False,False
Supplemental Table 1,1116,BACE1_740_Asymmetric_2'-OMe Rich,P(mU)#(fA)#(mC)(mA)(mG)(fG)(mC)(mA)(mG)(mC)(mA)(mG)(mU)#(fA)#(mA)#(mC)#(mU)#(mU)#(mU)#(fG),(mU)#(mA)#(mC)(mA)(fG)(fG)(mC)(mA)(fG)(mC)(mA)(mG)(mU)#(mA)#(mA)-TegChol,UACAGGCAGCAGUAACUUUG,UACAGGCAGCAGUAACUUUG,UACAGGCAGCAGUAA,UACAGGCAGCAGUAACUUUG,True,False,False
Supplemental Table 1,1117,BACE1_1013_Asymmetric_2'-OMe Rich,P(mU)#(fC)#(mA)(mU)(mU)(fG)(mC)(mU)(mG)(mC)(mC)(mA)(mU)#(fC)#(mA)#(mC)#(mU)#(mG)#(mA)#(fA),(mA)#(mC)#(mA)(mU)(fU)(fG)(mC)(mU)(fG)(mC)(mC)(mA)(mU)#(mC)#(mA)-TegChol,ACAUUGCUGCCAUCACUGAA,UCAUUGCUGCCAUCACUGAA,ACAUUGCUGCCAUCA,ACAUUGCUGCCAUCACUGAA,True,False,False
Supplemental Table 1,1118,BACE1_1118_Asymmetric_2'-OMe Rich,P(mU)#(fG)#(mG)(mA)(mG)(fC)(mC)(mU)(mU)(mU)(mC)(mU)(mU)#(fU)#(mG)#(mA)#(mC)#(mU)#(mC)#(fU),(mU)#(mG)#(mG)(mA)(fG)(fC)(mC)(mU)(fU)(mU)(mC)(mU)(mU)#(mU)#(mA)-TegChol,UGGAGCCUUUCUUUGACUCU,UGGAGCCUUUCUUUGACUCU,UGGAGCCUUUCUUUA,UGGAGCCUUUCUUUGACUCU,True,False,False
Supplemental Table 1,1119,BACE1_1229_Asymmetric_2'-OMe Rich,P(mU)#(fC)#(mG)(mG)(mA)(fG)(mG)(mG)(mA)(mG)(mC)(mA)(mU)#(fG)#(mA)#(mU)#(mC)#(mA)#(mU)#(fU),(mU)#(mC)#(mG)(mG)(fA)(fG)(mG)(mG)(fA)(mG)(mC)(mA)(mU)#(mG)#(mA)-TegChol,UCGGAGGGAGCAUGAUCAUU,UCGGAGGGAGCAUGAUCAUU,UCGGAGGGAGCAUGA,UCGGAGGGAGCAUGAUCAUU,True,False,False
Supplemental Table 1,1120,BACE1_1304_Asymmetric_2'-OMe Rich,P(mU)#(fG)#(mG)(mA)(mG)(fU)(mG)(mG)(mU)(mA)(mU)(mU)(mA)#(fU)#(mG)#(mA)#(mG)#(mG)#(mU)#(fG),(mG)#(mG)#(mG)(mA)(fG)(fU)(mG)(mG)(fU)(mA)(mU)(mU)(mA)#(mU)#(mA)-TegChol,GGGAGUGGUAUUAUGAGGUG,UGGAGUGGUAUUAUGAGGUG,GGGAGUGGUAUUAUA,GGGAGUGGUAUUAUGAGGUG,True,False,False
Supplemental Table 1,1121,BACE1_1361_Asymmetric_2'-OMe Rich,P(mU)#(fA)#(mA)(mU)(mG)(fG)(mA)(mC)(mU)(mG)(mC)(mA)(mA)#(fG)#(mG)#(mA)#(mG)#(mU)#(mA)#(fC),(mA)#(mA)#(mA)(mU)(fG)(fG)(mA)(mC)(fU)(mG)(mC)(mA)(mA)#(mG)#(mA)-TegChol,AAAUGGACUGCAAGGAGUAC,UAAUGGACUGCAAGGAGUAC,AAAUGGACUGCAAGA,AAAUGGACUGCAAGGAGUAC,True,False,False
Supplemental Table 1,1122,BACE1_1426_Asymmetric_2'-OMe Rich,P(mU)#(fU)#(mG)(mC)(mC)(fC)(mA)(mA)(mG)(mA)(mA)(mA)(mG)#(fU)#(mG)#(mU)#(mU)#(mU)#(mG)#(fA),(mU)#(mU)#(mG)(mC)(fC)(fC)(mA)(mA)(fG)(mA)(mA)(mA)(mG)#(mU)#(mA)-TegChol,UUGCCCAAGAAAGUGUUUGA,UUGCCCAAGAAAGUGUUUGA,UUGCCCAAGAAAGUA,UUGCCCAAGAAAGUGUUUGA,True,False,False
Supplemental Table 1,1123,BACE1_1496_Asymmetric_2'-OMe Rich,P(mU)#(fU)#(mG)(mG)(mU)(fU)(mU)(mC)(mU)(mG)(mG)(mC)(mU)#(fA)#(mG)#(mG)#(mA)#(mG)#(mA)#(fG),(mA)#(mU)#(mG)(mG)(fU)(fU)(mU)(mC)(fU)(mG)(mG)(mC)(mU)#(mA)#(mA)-TegChol,AUGGUUUCUGGCUAGGAGAG,UUGGUUUCUGGCUAGGAGAG,AUGGUUUCUGGCUAA,AUGGUUUCUGGCUAGGAGAG,True,False,False
Supplemental Table 1,1124,BACE1_1591_Asymmetric_2'-OMe Rich,P(mU)#(fU)#(mU)(mA)(mC)(fC)(mA)(mA)(mC)(mC)(mA)(mG)(mU)#(fC)#(mC)#(mU)#(mU)#(mC)#(mC)#(fG),(mG)#(mU)#(mU)(mA)(fC)(fC)(mA)(mA)(fC)(mC)(mA)(mG)(mU)#(mC)#(mA)-TegChol,GUUACCAACCAGUCCUUCCG,UUUACCAACCAGUCCUUCCG,GUUACCAACCAGUCA,GUUACCAACCAGUCCUUCCG,True,False,False
Supplemental Table 1,1125,BACE1_1687_Asymmetric_2'-OMe Rich,P(mU)#(fC)#(mC)(mA)(mU)(fC)(mU)(mC)(mA)(mC)(mA)(mG)(mU)#(fC)#(mA)#(mU)#(mC)#(mC)#(mA)#(fC),(mG)#(mC)#(mC)(mA)(fU)(fC)(mU)(mC)(fA)(mC)(mA)(mG)(mU)#(mC)#(mA)-TegChol,GCCAUCUCACAGUCAUCCAC,UCCAUCUCACAGUCAUCCAC,GCCAUCUCACAGUCA,GCCAUCUCACAGUCAUCCAC,True,False,False
Supplemental Table 1,1126,BACE1_1755_Asymmetric_2'-OMe Rich,P(mU)#(fG)#(mA)(mU)(mC)(fG)(mG)(mG)(mC)(mC)(mC)(mG)(mA)#(fA)#(mA)#(mA)#(mC)#(mG)#(mA)#(fA),(mU)#(mG)#(mA)(mU)(fC)(fG)(mG)(mG)(fC)(mC)(mC)(mG)(mA)#(mA)#(mA)-TegChol,UGAUCGGGCCCGAAAACGAA,UGAUCGGGCCCGAAAACGAA,UGAUCGGGCCCGAAA,UGAUCGGGCCCGAAAACGAA,True,False,False
Supplemental Table 1,1127,BACE1_1846_Asymmetric_2'-OMe Rich,P(mU)#(fC)#(mC)(mU)(mU)(fG)(mG)(mA)(mC)(mA)(mU)(mG)(mG)#(fA)#(mA)#(mG)#(mA)#(mC)#(mU)#(fG),(mA)#(mC)#(mC)(mU)(fU)(fG)(mG)(mA)(fC)(mA)(mU)(mG)(mG)#(mA)#(mA)-TegChol,ACCUUGGACAUGGAAGACUG,UCCUUGGACAUGGAAGACUG,ACCUUGGACAUGGAA,ACCUUGGACAUGGAAGACUG,True,False,False
Supplemental Table 1,1128,BACE1_1901_Asymmetric_2'-OMe Rich,P(mU)#(fC)#(mA)(mU)(mG)(fA)(mC)(mC)(mA)(mU)(mA)(mG)(mC)#(fC)#(mU)#(mA)#(mU)#(mG)#(mU)#(fC),(mU)#(mC)#(mA)(mU)(fG)(fA)(mC)(mC)(fA)(mU)(mA)(mG)(mC)#(mC)#(mA)-TegChol,UCAUGACCAUAGCCUAUGUC,UCAUGACCAUAGCCUAUGUC,UCAUGACCAUAGCCA,UCAUGACCAUAGCCUAUGUC,True,False,False
Supplemental Table 1,1129,BACE1_2027_Asymmetric_2'-OMe Rich,P(mU)#(fC)#(mU)(mC)(mC)(fC)(mU)(mG)(mC)(mU)(mG)(mA)(mA)#(fG)#(mU)#(mG)#(mA)#(mG)#(mG)#(fA),(mU)#(mC)#(mU)(mC)(fC)(fC)(mU)(mG)(fC)(mU)(mG)(mA)(mA)#(mG)#(mA)-TegChol,UCUCCCUGCUGAAGUGAGGA,UCUCCCUGCUGAAGUGAGGA,UCUCCCUGCUGAAGA,UCUCCCUGCUGAAGUGAGGA,True,False,False
Supplemental Table 1,1130,BACE1_2179_Asymmetric_2'-OMe Rich,P(mU)#(fU)#(mU)(mG)(mA)(fU)(mG)(mG)(mA)(mG)(mA)(mA)(mG)#(fG)#(mA)#(mA)#(mA)#(mA)#(mG)#(fG),(mC)#(mU)#(mU)(mG)(fA)(fU)(mG)(mG)(fA)(mG)(mA)(mA)(mG)#(mG)#(mA)-TegChol,CUUGAUGGAGAAGGAAAAGG,UUUGAUGGAGAAGGAAAAGG,CUUGAUGGAGAAGGA,CUUGAUGGAGAAGGAAAAGG,True,False,False
Supplemental Table 1,1131,BACE1_2326_Asymmetric_2'-OMe Rich,P(mU)#(fG)#(mC)(mC)(mC)(fU)(mG)(mA)(mA)(mC)(mC)(mU)(mU)#(fU)#(mG)#(mU)#(mC)#(mC)#(mA)#(fC),(mA)#(mG)#(mC)(mC)(fC)(fU)(mG)(mA)(fA)(mC)(mC)(mU)(mU)#(mU)#(mA)-TegChol,AGCCCUGAACCUUUGUCCAC,UGCCCUGAACCUUUGUCCAC,AGCCCUGAACCUUUA,AGCCCUGAACCUUUGUCCAC,True,False,False
Supplemental Table 1,1132,BACE1_2469_Asymmetric_2'-OMe Rich,P(mU)#(fU)#(mU)(mU)(mC)(fC)(mC)(mU)(mG)(mC)(mU)(mG)(mG)#(fC)#(mC)#(mA)#(mA)#(mA)#(mG)#(fU),(mG)#(mU)#(mU)(mU)(fC)(fC)(mC)(mU)(fG)(mC)(mU)(mG)(mG)#(mC)#(mA)-TegChol,GUUUCCCUGCUGGCCAAAGU,UUUUCCCUGCUGGCCAAAGU,GUUUCCCUGCUGGCA,GUUUCCCUGCUGGCCAAAGU,True,False,False
Supplemental Table 1,1133,BACE1_2579_Asymmetric_2'-OMe Rich,P(mU)#(fU)#(mA)(mA)(mA)(fA)(mA)(mA)(mA)(mA)(mA)(mA)(mA)#(fC)#(mU)#(mA)#(mG)#(mA)#(mU)#(fU),(mU)#(mU)#(mA)(mA)(fA)(fA)(mA)(mA)(fA)(mA)(mA)(mA)(mA)#(mC)#(mA)-TegChol,UUAAAAAAAAAAACUAGAUU,UUAAAAAAAAAAACUAGAUU,UUAAAAAAAAAAACA,UUAAAAAAAAAAACUAGAUU,True,False,False
Supplemental Table 1,1134,BACE1_2711_Asymmetric_2'-OMe Rich,P(mU)#(fU)#(mA)(mG)(mU)(fU)(mU)(mU)(mA)(mG)(mA)(mC)(mC)#(fU)#(mC)#(mA)#(mU)#(mC)#(mU)#(fC),(mC)#(mU)#(mA)(mG)(fU)(fU)(mU)(mU)(fA)(mG)(mA)(mC)(mC)#(mU)#(mA)-TegChol,CUAGUUUUAGACCUCAUCUC,UUAGUUUUAGACCUCAUCUC,CUAGUUUUAGACCUA,CUAGUUUUAGACCUCAUCUC,True,False,False
Supplemental Table 1,1135,BACE1_2820_Asymmetric_2'-OMe Rich,P(mU)#(fC)#(mU)(mU)(mA)(fU)(mC)(mU)(mA)(mG)(mC)(mC)(mA)#(fA)#(mA)#(mG)#(mA)#(mG)#(mC)#(fU),(mG)#(mC)#(mU)(mU)(fA)(fU)(mC)(mU)(fA)(mG)(mC)(mC)(mA)#(mA)#(mA)-TegChol,GCUUAUCUAGCCAAAGAGCU,UCUUAUCUAGCCAAAGAGCU,GCUUAUCUAGCCAAA,GCUUAUCUAGCCAAAGAGCU,True,False,False
Supplemental Table 1,1136,BACE1_2926_Asymmetric_2'-OMe Rich,P(mU)#(fU)#(mG)(mA)(mA)(fC)(mC)(mA)(mC)(mC)(mC)(mU)(mU)#(fU)#(mA)#(mU)#(mU)#(mC)#(mU)#(fA),(mC)#(mU)#(mG)(mA)(fA)(fC)(mC)(mA)(fC)(mC)(mC)(mU)(mU)#(mU)#(mA)-TegChol,CUGAACCACCCUUUAUUCUA,UUGAACCACCCUUUAUUCUA,CUGAACCACCCUUUA,CUGAACCACCCUUUAUUCUA,True,False,False
Supplemental Table 1,1137,BACE1_3107_Asymmetric_2'-OMe Rich,P(mU)#(fA)#(mU)(mA)(mG)(fG)(mU)(mA)(mG)(mG)(mA)(mG)(mA)#(fC)#(mC)#(mU)#(mC)#(mU)#(mU)#(fC),(mA)#(mA)#(mU)(mA)(fG)(fG)(mU)(mA)(fG)(mG)(mA)(mG)(mA)#(mC)#(mA)-TegChol,AAUAGGUAGGAGACCUCUUC,UAUAGGUAGGAGACCUCUUC,AAUAGGUAGGAGACA,AAUAGGUAGGAGACCUCUUC,True,False,False
Supplemental Table 1,1138,BACE1_3226_Asymmetric_2'-OMe Rich,P(mU)#(fG)#(mA)(mU)(mC)(fU)(mU)(mU)(mA)(mC)(mA)(mU)(mA)#(fA)#(mU)#(mU)#(mC)#(mA)#(mG)#(fA),(mA)#(mG)#(mA)(mU)(fC)(fU)(mU)(mU)(fA)(mC)(mA)(mU)(mA)#(mA)#(mA)-TegChol,AGAUCUUUACAUAAUUCAGA,UGAUCUUUACAUAAUUCAGA,AGAUCUUUACAUAAA,AGAUCUUUACAUAAUUCAGA,True,False,False
Supplemental Table 1,1139,BACE1_3344_Asymmetric_2'-OMe Rich,P(mU)#(fA)#(mC)(mA)(mG)(fU)(mG)(mC)(mU)(mU)(mU)(mA)(mU)#(fG)#(mG)#(mC)#(mU)#(mC)#(mU)#(fA),(mU)#(mA)#(mC)(mA)(fG)(fU)(mG)(mC)(fU)(mU)(mU)(mA)(mU)#(mG)#(mA)-TegChol,UACAGUGCUUUAUGGCUCUA,UACAGUGCUUUAUGGCUCUA,UACAGUGCUUUAUGA,UACAGUGCUUUAUGGCUCUA,True,False,False
Supplemental Table 1,1140,BACE1_3545_Asymmetric_2'-OMe Rich,P(mU)#(fC)#(mC)(mA)(mA)(fG)(mU)(mU)(mC)(mA)(mU)(mU)(mA)#(fC)#(mC)#(mU)#(mC)#(mC)#(mC)#(fU),(mA)#(mC)#(mC)(mA)(fA)(fG)(mU)(mU)(fC)(mA)(mU)(mU)(mA)#(mC)#(mA)-TegChol,ACCAAGUUCAUUACCUCCCU,UCCAAGUUCAUUACCUCCCU,ACCAAGUUCAUUACA,ACCAAGUUCAUUACCUCCCU,True,False,False
Supplemental Table 1,1141,BACE1_3669_Asymmetric_2'-OMe Rich,P(mU)#(fC)#(mA)(mG)(mG)(fU)(mA)(mU)(mG)(mG)(mG)(mA)(mC)#(fC)#(mU)#(mG)#(mC)#(mU)#(mA)#(fA),(mC)#(mC)#(mA)(mG)(fG)(fU)(mA)(mU)(fG)(mG)(mG)(mA)(mC)#(mC)#(mA)-TegChol,CCAGGUAUGGGACCUGCUAA,UCAGGUAUGGGACCUGCUAA,CCAGGUAUGGGACCA,CCAGGUAUGGGACCUGCUAA,True,False,False
Supplemental Table 1,1142,BACE1_3768_Asymmetric_2'-OMe Rich,P(mU)#(fC)#(mA)(mU)(mA)(fA)(mA)(mC)(mC)(mA)(mA)(mU)(mA)#(fA)#(mA)#(mA)#(mC)#(mA)#(mA)#(fG),(mC)#(mC)#(mA)(mU)(fA)(fA)(mA)(mC)(fC)(mA)(mA)(mU)(mA)#(mA)#(mA)-TegChol,CCAUAAACCAAUAAAACAAG,UCAUAAACCAAUAAAACAAG,CCAUAAACCAAUAAA,CCAUAAACCAAUAAAACAAG,True,False,False
Supplemental Table 1,1143,BACE1_3777_Asymmetric_2'-OMe Rich,P(mU)#(fA)#(mU)(mA)(mA)(fA)(mA)(mC)(mA)(mA)(mG)(mA)(mA)#(fU)#(mA)#(mC)#(mU)#(mG)#(mA)#(fG),(mA)#(mA)#(mU)(mA)(fA)(fA)(mA)(mC)(fA)(mA)(mG)(mA)(mA)#(mU)#(mA)-TegChol,AAUAAAACAAGAAUACUGAG,UAUAAAACAAGAAUACUGAG,AAUAAAACAAGAAUA,AAUAAAACAAGAAUACUGAG,True,False,False
Supplemental Table 1,1144,BACE1_3807_Asymmetric_2'-OMe Rich,P(mU)#(fU)#(mC)(mU)(mG)(fG)(mG)(mU)(mU)(mC)(mU)(mC)(mU)#(fU)#(mC)#(mA)#(mU)#(mU)#(mC)#(fC),(mA)#(mU)#(mC)(mU)(fG)(fG)(mG)(mU)(fU)(mC)(mU)(mC)(mU)#(mU)#(mA)-TegChol,AUCUGGGUUCUCUUCAUUCC,UUCUGGGUUCUCUUCAUUCC,AUCUGGGUUCUCUUA,AUCUGGGUUCUCUUCAUUCC,True,False,False
Supplemental Table 1,1145,BACE1_3927_Asymmetric_2'-OMe Rich,P(mU)#(fG)#(mU)(mA)(mA)(fA)(mU)(mA)(mA)(mA)(mC)(mU)(mU)#(fU)#(mC)#(mA)#(mG)#(mA)#(mA)#(fC),(mU)#(mG)#(mU)(mA)(fA)(fA)(mU)(mA)(fA)(mA)(mC)(mU)(mU)#(mU)#(mA)-TegChol,UGUAAAUAAACUUUCAGAAC,UGUAAAUAAACUUUCAGAAC,UGUAAAUAAACUUUA,UGUAAAUAAACUUUCAGAAC,True,False,False
Supplemental Table 1,1146,BACE1_3936_Asymmetric_2'-OMe Rich,P(mU)#(fC)#(mU)(mU)(mU)(fC)(mA)(mG)(mA)(mA)(mC)(mU)(mG)#(fC)#(mU)#(mA)#(mC)#(mC)#(mA)#(fU),(mA)#(mC)#(mU)(mU)(fU)(fC)(mA)(mG)(fA)(mA)(mC)(mU)(mG)#(mC)#(mA)-TegChol,ACUUUCAGAACUGCUACCAU,UCUUUCAGAACUGCUACCAU,ACUUUCAGAACUGCA,ACUUUCAGAACUGCUACCAU,True,False,False
Supplemental Table 1,1147,BACE1_4062_Asymmetric_2'-OMe Rich,P(mU)#(fU)#(mC)(mC)(mC)(fA)(mU)(mC)(mA)(mG)(mC)(mC)(mU)#(fA)#(mU)#(mU)#(mA)#(mU)#(mU)#(fU),(mG)#(mU)#(mC)(mC)(fC)(fA)(mU)(mC)(fA)(mG)(mC)(mC)(mU)#(mA)#(mA)-TegChol,GUCCCAUCAGCCUAUUAUUU,UUCCCAUCAGCCUAUUAUUU,GUCCCAUCAGCCUAA,GUCCCAUCAGCCUAUUAUUU,True,False,False
Supplemental Table 1,1148,BACE1_4197_Asymmetric_2'-OMe Rich,P(mU)#(fU)#(mG)(mU)(mA)(fU)(mU)(mA)(mU)(mA)(mC)(mA)(mU)#(fC)#(mU)#(mG)#(mU)#(mA)#(mU)#(fU),(mA)#(mU)#(mG)(mU)(fA)(fU)(mU)(mA)(fU)(mA)(mC)(mA)(mU)#(mC)#(mA)-TegChol,AUGUAUUAUACAUCUGUAUU,UUGUAUUAUACAUCUGUAUU,AUGUAUUAUACAUCA,AUGUAUUAUACAUCUGUAUU,True,False,False
Supplemental Table 1,1149,BACE1_4361_Asymmetric_2'-OMe Rich,P(mU)#(fU)#(mU)(mU)(mC)(fU)(mG)(mA)(mC)(mU)(mG)(mA)(mU)#(fC)#(mC)#(mU)#(mG)#(mA)#(mA)#(fC),(mC)#(mU)#(mU)(mU)(fC)(fU)(mG)(mA)(fC)(mU)(mG)(mA)(mU)#(mC)#(mA)-TegChol,CUUUCUGACUGAUCCUGAAC,UUUUCUGACUGAUCCUGAAC,CUUUCUGACUGAUCA,CUUUCUGACUGAUCCUGAAC,True,False,False
Supplemental Table 1,1150,BACE1_4523_Asymmetric_2'-OMe Rich,P(mU)#(fU)#(mU)(mU)(mG)(fG)(mC)(mU)(mU)(mC)(mA)(mA)(mA)#(fG)#(mG)#(mA)#(mU)#(mU)#(mU)#(fU),(mC)#(mU)#(mU)(mU)(fG)(fG)(mC)(mU)(fU)(mC)(mA)(mA)(mA)#(mG)#(mA)-TegChol,CUUUGGCUUCAAAGGAUUUU,UUUUGGCUUCAAAGGAUUUU,CUUUGGCUUCAAAGA,CUUUGGCUUCAAAGGAUUUU,True,False,False
Supplemental Table 1,1151,BACE1_4693_Asymmetric_2'-OMe Rich,P(mU)#(fA)#(mG)(mA)(mA)(fC)(mA)(mA)(mU)(mA)(mG)(mA)(mA)#(fC)#(mU)#(mG)#(mG)#(mU)#(mC)#(fU),(mA)#(mA)#(mG)(mA)(fA)(fC)(mA)(mA)(fU)(mA)(mG)(mA)(mA)#(mC)#(mA)-TegChol,AAGAACAAUAGAACUGGUCU,UAGAACAAUAGAACUGGUCU,AAGAACAAUAGAACA,AAGAACAAUAGAACUGGUCU,True,False,False
Supplemental Table 1,1152,BACE1_4799_Asymmetric_2'-OMe Rich,P(mU)#(fU)#(mC)(mU)(mG)(fA)(mA)(mG)(mA)(mG)(mC)(mU)(mG)#(fA)#(mG)#(mU)#(mA)#(mC)#(mU)#(fC),(mC)#(mU)#(mC)(mU)(fG)(fA)(mA)(mG)(fA)(mG)(mC)(mU)(mG)#(mA)#(mA)-TegChol,CUCUGAAGAGCUGAGUACUC,UUCUGAAGAGCUGAGUACUC,CUCUGAAGAGCUGAA,CUCUGAAGAGCUGAGUACUC,True,False,False
Supplemental Table 1,1153,BACE1_4877_Asymmetric_2'-OMe Rich,P(mU)#(fA)#(mC)(mU)(mG)(fA)(mC)(mG)(mC)(mU)(mA)(mG)(mU)#(fC)#(mA)#(mA)#(mU)#(mA)#(mA)#(fA),(mA)#(mA)#(mC)(mU)(fG)(fA)(mC)(mG)(fC)(mU)(mA)(mG)(mU)#(mC)#(mA)-TegChol,AACUGACGCUAGUCAAUAAA,UACUGACGCUAGUCAAUAAA,AACUGACGCUAGUCA,AACUGACGCUAGUCAAUAAA,True,False,False
Supplemental Table 1,1154,BACE1_5044_Asymmetric_2'-OMe Rich,P(mU)#(fU)#(mA)(mC)(mU)(fG)(mC)(mU)(mA)(mG)(mU)(mA)(mC)#(fC)#(mU)#(mG)#(mU)#(mA)#(mA)#(fG),(mG)#(mU)#(mA)(mC)(fU)(fG)(mC)(mU)(fA)(mG)(mU)(mA)(mC)#(mC)#(mA)-TegChol,GUACUGCUAGUACCUGUAAG,UUACUGCUAGUACCUGUAAG,GUACUGCUAGUACCA,GUACUGCUAGUACCUGUAAG,True,False,False
Supplemental Table 1,1155,BACE1_5163_Asymmetric_2'-OMe Rich,P(mU)#(fA)#(mC)(mU)(mU)(fG)(mU)(mU)(mU)(mA)(mA)(mU)(mU)#(fC)#(mU)#(mA)#(mA)#(mA)#(mA)#(fG),(mU)#(mA)#(mC)(mU)(fU)(fG)(mU)(mU)(fU)(mA)(mA)(mU)(mU)#(mC)#(mA)-TegChol,UACUUGUUUAAUUCUAAAAG,UACUUGUUUAAUUCUAAAAG,UACUUGUUUAAUUCA,UACUUGUUUAAUUCUAAAAG,True,False,False
Supplemental Table 1,1156,BACE1_5283_Asymmetric_2'-OMe Rich,P(mU)#(fA)#(mA)(mU)(mU)(fA)(mA)(mG)(mA)(mA)(mG)(mU)(mA)#(fC)#(mA)#(mA)#(mU)#(mA)#(mA)#(fG),(mA)#(mA)#(mA)(mU)(fU)(fA)(mA)(mG)(fA)(mA)(mG)(mU)(mA)#(mC)#(mA)-TegChol,AAAUUAAGAAGUACAAUAAG,UAAUUAAGAAGUACAAUAAG,AAAUUAAGAAGUACA,AAAUUAAGAAGUACAAUAAG,True,False,False
Supplemental Table 1,1157,BACE1_5387_Asymmetric_2'-OMe Rich,P(mU)#(fU)#(mC)(mA)(mC)(fU)(mU)(mU)(mG)(mG)(mU)(mC)(mU)#(fC)#(mC)#(mA)#(mU)#(mU)#(mU)#(fU),(mA)#(mU)#(mC)(mA)(fC)(fU)(mU)(mU)(fG)(mG)(mU)(mC)(mU)#(mC)#(mA)-TegChol,AUCACUUUGGUCUCCAUUUU,UUCACUUUGGUCUCCAUUUU,AUCACUUUGGUCUCA,AUCACUUUGGUCUCCAUUUU,True,False,False
Supplemental Table 1,1158,BACE1_5548_Asymmetric_2'-OMe Rich,P(mU)#(fC)#(mA)(mA)(mC)(fU)(mU)(mG)(mG)(mU)(mU)(mG)(mU)#(fG)#(mA)#(mA)#(mC)#(mC)#(mA)#(fA),(mA)#(mC)#(mA)(mA)(fC)(fU)(mU)(mG)(fG)(mU)(mU)(mG)(mU)#(mG)#(mA)-TegChol,ACAACUUGGUUGUGAACCAA,UCAACUUGGUUGUGAACCAA,ACAACUUGGUUGUGA,ACAACUUGGUUGUGAACCAA,True,False,False
Supplemental Table 1,1159,BACE1_5678_Asymmetric_2'-OMe Rich,P(mU)#(fG)#(mA)(mC)(mA)(fG)(mU)(mG)(mG)(mC)(mA)(mG)(mC)#(fA)#(mA)#(mA)#(mG)#(mG)#(mA)#(fA),(mA)#(mG)#(mA)(mC)(fA)(fG)(mU)(mG)(fG)(mC)(mA)(mG)(mC)#(mA)#(mA)-TegChol,AGACAGUGGCAGCAAAGGAA,UGACAGUGGCAGCAAAGGAA,AGACAGUGGCAGCAA,AGACAGUGGCAGCAAAGGAA,True,False,False
Supplemental Table 1,1160,BACE1_5804_Asymmetric_2'-OMe Rich,P(mU)#(fA)#(mU)(mU)(mC)(fU)(mC)(mG)(mG)(mA)(mC)(mU)(mG)#(fU)#(mG)#(mA)#(mA)#(mU)#(mU)#(fU),(mU)#(mA)#(mU)(mU)(fC)(fU)(mC)(mG)(fG)(mA)(mC)(mU)(mG)#(mU)#(mA)-TegChol,UAUUCUCGGACUGUGAAUUU,UAUUCUCGGACUGUGAAUUU,UAUUCUCGGACUGUA,UAUUCUCGGACUGUGAAUUU,True,False,False
Supplemental Table 1,1161,MAPT_185_Asymmetric_2'-OMe Rich,P(mU)#(fA)#(mG)(mA)(mU)(fC)(mA)(mC)(mG)(mC)(mU)(mG)(mG)#(fG)#(mA)#(mC)#(mG)#(mU)#(mA)#(fC),(mA)#(mA)#(mG)(mA)(fU)(fC)(mA)(mC)(fG)(mC)(mU)(mG)(mG)#(mG)#(mA)-TegChol,AAGAUCACGCUGGGACGUAC,UAGAUCACGCUGGGACGUAC,AAGAUCACGCUGGGA,AAGAUCACGCUGGGACGUAC,True,False,False
Supplemental Table 1,1162,MAPT_350_Asymmetric_2'-OMe Rich,P(mU)#(fG)#(mA)(mG)(mC)(fA)(mC)(mU)(mC)(mC)(mA)(mA)(mC)#(fA)#(mG)#(mC)#(mG)#(mG)#(mA)#(fA),(mA)#(mG)#(mA)(mG)(fC)(fA)(mC)(mU)(fC)(mC)(mA)(mA)(mC)#(mA)#(mA)-TegChol,AGAGCACUCCAACAGCGGAA,UGAGCACUCCAACAGCGGAA,AGAGCACUCCAACAA,AGAGCACUCCAACAGCGGAA,True,False,False
Supplemental Table 1,1163,MAPT_454_Asymmetric_2'-OMe Rich,P(mU)#(fC)#(mA)(mG)(mC)(fU)(mG)(mA)(mA)(mG)(mA)(mA)(mG)#(fC)#(mA)#(mG)#(mG)#(mC)#(mA)#(fU),(mA)#(mC)#(mA)(mG)(fC)(fU)(mG)(mA)(fA)(mG)(mA)(mA)(mG)#(mC)#(mA)-TegChol,ACAGCUGAAGAAGCAGGCAU,UCAGCUGAAGAAGCAGGCAU,ACAGCUGAAGAAGCA,ACAGCUGAAGAAGCAGGCAU,True,False,False
Supplemental Table 1,1164,MAPT_724_Asymmetric_2'-OMe Rich,P(mU)#(fU)#(mU)(mC)(mU)(fA)(mG)(mG)(mA)(mG)(mA)(mC)(mC)#(fU)#(mG)#(mC)#(mA)#(mC)#(mC)#(fA),(mC)#(mU)#(mU)(mC)(fU)(fA)(mG)(mG)(fA)(mG)(mA)(mC)(mC)#(mU)#(mA)-TegChol,CUUCUAGGAGACCUGCACCA,UUUCUAGGAGACCUGCACCA,CUUCUAGGAGACCUA,CUUCUAGGAGACCUGCACCA,True,False,False
Supplemental Table 1,1165,MAPT_1059_Asymmetric_2'-OMe Rich,P(mU)#(fC)#(mA)(mC)(mG)(fU)(mG)(mG)(mA)(mA)(mA)(mU)(mC)#(fA)#(mC)#(mA)#(mC)#(mC)#(mC)#(fA),(mU)#(mC)#(mA)(mC)(fG)(fU)(mG)(mG)(fA)(mA)(mA)(mU)(mC)#(mA)#(mA)-TegChol,UCACGUGGAAAUCACACCCA,UCACGUGGAAAUCACACCCA,UCACGUGGAAAUCAA,UCACGUGGAAAUCACACCCA,True,False,False
Supplemental Table 1,1166,MAPT_1213_Asymmetric_2'-OMe Rich,P(mU)#(fC)#(mU)(mG)(mA)(fA)(mA)(mA)(mG)(mC)(mA)(mG)(mC)#(fC)#(mU)#(mG)#(mC)#(mU)#(mG)#(fC),(mU)#(mC)#(mU)(mG)(fA)(fA)(mA)(mA)(fG)(mC)(mA)(mG)(mC)#(mC)#(mA)-TegChol,UCUGAAAAGCAGCCUGCUGC,UCUGAAAAGCAGCCUGCUGC,UCUGAAAAGCAGCCA,UCUGAAAAGCAGCCUGCUGC,True,False,False
Supplemental Table 1,1167,MAPT_1312_Asymmetric_2'-OMe Rich,P(mU)#(fG)#(mC)(mG)(mA)(fU)(mG)(mA)(mC)(mA)(mA)(mA)(mA)#(fA)#(mA)#(mG)#(mC)#(mC)#(mA)#(fA),(mA)#(mG)#(mC)(mG)(fA)(fU)(mG)(mA)(fC)(mA)(mA)(mA)(mA)#(mA)#(mA)-TegChol,AGCGAUGACAAAAAAGCCAA,UGCGAUGACAAAAAAGCCAA,AGCGAUGACAAAAAA,AGCGAUGACAAAAAAGCCAA,True,False,False
Supplemental Table 1,1168,MAPT_1402_Asymmetric_2'-OMe Rich,P(mU)#(fG)#(mU)(mA)(mG)(fC)(mU)(mC)(mA)(mG)(mA)(mC)(mC)#(fC)#(mU)#(mC)#(mU)#(mG)#(mA)#(fU),(mG)#(mG)#(mU)(mA)(fG)(fC)(mU)(mC)(fA)(mG)(mA)(mC)(mC)#(mC)#(mA)-TegChol,GGUAGCUCAGACCCUCUGAU,UGUAGCUCAGACCCUCUGAU,GGUAGCUCAGACCCA,GGUAGCUCAGACCCUCUGAU,True,False,False
Supplemental Table 1,1169,MAPT_1498_Asymmetric_2'-OMe Rich,P(mU)#(fG)#(mC)(mA)(mG)(fU)(mU)(mC)(mU)(mG)(mG)(mA)(mG)#(fC)#(mA)#(mA)#(mA)#(mG)#(mG)#(fA),(mG)#(mG)#(mC)(mA)(fG)(fU)(mU)(mC)(fU)(mG)(mG)(mA)(mG)#(mC)#(mA)-TegChol,GGCAGUUCUGGAGCAAAGGA,UGCAGUUCUGGAGCAAAGGA,GGCAGUUCUGGAGCA,GGCAGUUCUGGAGCAAAGGA,True,False,False
Supplemental Table 1,1170,MAPT_1943_Asymmetric_2'-OMe Rich,P(mU)#(fU)#(mG)(mA)(mG)(fA)(mA)(mC)(mC)(mU)(mG)(mA)(mA)#(fG)#(mC)#(mA)#(mC)#(mC)#(mA)#(fG),(mC)#(mU)#(mG)(mA)(fG)(fA)(mA)(mC)(fC)(mU)(mG)(mA)(mA)#(mG)#(mA)-TegChol,CUGAGAACCUGAAGCACCAG,UUGAGAACCUGAAGCACCAG,CUGAGAACCUGAAGA,CUGAGAACCUGAAGCACCAG,True,False,False
Supplemental Table 1,1171,MAPT_2019_Asymmetric_2'-OMe Rich,P(mU)#(fU)#(mC)(mC)(mA)(fA)(mG)(mU)(mG)(mU)(mG)(mG)(mC)#(fU)#(mC)#(mA)#(mA)#(mA)#(mG)#(fG),(mG)#(mU)#(mC)(mC)(fA)(fA)(mG)(mU)(fG)(mU)(mG)(mG)(mC)#(mU)#(mA)-TegChol,GUCCAAGUGUGGCUCAAAGG,UUCCAAGUGUGGCUCAAAGG,GUCCAAGUGUGGCUA,GUCCAAGUGUGGCUCAAAGG,True,False,False
Supplemental Table 1,1172,MAPT_2085_Asymmetric_2'-OMe Rich,P(mU)#(fA)#(mA)(mA)(mC)(fC)(mA)(mG)(mU)(mU)(mG)(mA)(mC)#(fC)#(mU)#(mG)#(mA)#(mG)#(mC)#(fA),(mC)#(mA)#(mA)(mA)(fC)(fC)(mA)(mG)(fU)(mU)(mG)(mA)(mC)#(mC)#(mA)-TegChol,CAAACCAGUUGACCUGAGCA,UAAACCAGUUGACCUGAGCA,CAAACCAGUUGACCA,CAAACCAGUUGACCUGAGCA,True,False,False
Supplemental Table 1,1173,MAPT_2142_Asymmetric_2'-OMe Rich,P(mU)#(fC)#(mA)(mU)(mA)(fA)(mA)(mC)(mC)(mA)(mG)(mG)(mA)#(fG)#(mG)#(mU)#(mG)#(mG)#(mC)#(fC),(mU)#(mC)#(mA)(mU)(fA)(fA)(mA)(mC)(fC)(mA)(mG)(mG)(mA)#(mG)#(mA)-TegChol,UCAUAAACCAGGAGGUGGCC,UCAUAAACCAGGAGGUGGCC,UCAUAAACCAGGAGA,UCAUAAACCAGGAGGUGGCC,True,False,False
Supplemental Table 1,1174,MAPT_2206_Asymmetric_2'-OMe Rich,P(mU)#(fA)#(mG)(mU)(mC)(fG)(mA)(mA)(mG)(mA)(mU)(mU)(mG)#(fG)#(mG)#(mU)#(mC)#(mC)#(mC)#(fU),(mC)#(mA)#(mG)(mU)(fC)(fG)(mA)(mA)(fG)(mA)(mU)(mU)(mG)#(mG)#(mA)-TegChol,CAGUCGAAGAUUGGGUCCCU,UAGUCGAAGAUUGGGUCCCU,CAGUCGAAGAUUGGA,CAGUCGAAGAUUGGGUCCCU,True,False,False
Supplemental Table 1,1175,MAPT_2245_Asymmetric_2'-OMe Rich,P(mU)#(fC)#(mU)(mG)(mG)(fC)(mG)(mG)(mA)(mG)(mG)(mA)(mA)#(fA)#(mU)#(mA)#(mA)#(mA)#(mA)#(fA),(mC)#(mC)#(mU)(mG)(fG)(fC)(mG)(mG)(fA)(mG)(mG)(mA)(mA)#(mA)#(mA)-TegChol,CCUGGCGGAGGAAAUAAAAA,UCUGGCGGAGGAAAUAAAAA,CCUGGCGGAGGAAAA,CCUGGCGGAGGAAAUAAAAA,True,False,False
Supplemental Table 1,1176,MAPT_2256_Asymmetric_2'-OMe Rich,P(mU)#(fA)#(mA)(mU)(mA)(fA)(mA)(mA)(mA)(mG)(mA)(mU)(mU)#(fG)#(mA)#(mA)#(mA)#(mC)#(mC)#(fC),(mA)#(mA)#(mA)(mU)(fA)(fA)(mA)(mA)(fA)(mG)(mA)(mU)(mU)#(mG)#(mA)-TegChol,AAAUAAAAAGAUUGAAACCC,UAAUAAAAAGAUUGAAACCC,AAAUAAAAAGAUUGA,AAAUAAAAAGAUUGAAACCC,True,False,False
Supplemental Table 1,1177,MAPT_2271_Asymmetric_2'-OMe Rich,P(mU)#(fA)#(mC)(mC)(mC)(fA)(mC)(mA)(mA)(mG)(mC)(mU)(mG)#(fA)#(mC)#(mC)#(mU)#(mU)#(mC)#(fC),(mA)#(mA)#(mC)(mC)(fC)(fA)(mC)(mA)(fA)(mG)(mC)(mU)(mG)#(mA)#(mA)-TegChol,AACCCACAAGCUGACCUUCC,UACCCACAAGCUGACCUUCC,AACCCACAAGCUGAA,AACCCACAAGCUGACCUUCC,True,False,False
Supplemental Table 1,1178,MAPT_2494_Asymmetric_2'-OMe Rich,P(mU)#(fG)#(mC)(mG)(mG)(fU)(mC)(mA)(mA)(mU)(mA)(mA)(mU)#(fU)#(mG)#(mU)#(mG)#(mG)#(mA)#(fG),(mG)#(mG)#(mC)(mG)(fG)(fU)(mC)(mA)(fA)(mU)(mA)(mA)(mU)#(mU)#(mA)-TegChol,GGCGGUCAAUAAUUGUGGAG,UGCGGUCAAUAAUUGUGGAG,GGCGGUCAAUAAUUA,GGCGGUCAAUAAUUGUGGAG,True,False,False
Supplemental Table 1,1179,MAPT_2586_Asymmetric_2'-OMe Rich,P(mU)#(fC)#(mG)(mC)(mA)(fG)(mU)(mU)(mC)(mG)(mG)(mU)(mU)#(fA)#(mA)#(mU)#(mU)#(mG)#(mG)#(fU),(mU)#(mC)#(mG)(mC)(fA)(fG)(mU)(mU)(fC)(mG)(mG)(mU)(mU)#(mA)#(mA)-TegChol,UCGCAGUUCGGUUAAUUGGU,UCGCAGUUCGGUUAAUUGGU,UCGCAGUUCGGUUAA,UCGCAGUUCGGUUAAUUGGU,True,False,False
Supplemental Table 1,1180,MAPT_2647_Asymmetric_2'-OMe Rich,P(mU)#(fC)#(mU)(mU)(mC)(fA)(mA)(mA)(mA)(mU)(mC)(mA)(mG)#(fU)#(mG)#(mA)#(mU)#(mG)#(mG)#(fG),(mA)#(mC)#(mU)(mU)(fC)(fA)(mA)(mA)(fA)(mU)(mC)(mA)(mG)#(mU)#(mA)-TegChol,ACUUCAAAAUCAGUGAUGGG,UCUUCAAAAUCAGUGAUGGG,ACUUCAAAAUCAGUA,ACUUCAAAAUCAGUGAUGGG,True,False,False
Supplemental Table 1,1181,MAPT_2699_Asymmetric_2'-OMe Rich,P(mU)#(fG)#(mG)(mU)(mG)(fG)(mG)(mC)(mU)(mA)(mG)(mU)(mA)#(fA)#(mU)#(mA)#(mA)#(mA)#(mA)#(fU),(mG)#(mG)#(mG)(mU)(fG)(fG)(mG)(mC)(fU)(mA)(mG)(mU)(mA)#(mA)#(mA)-TegChol,GGGUGGGCUAGUAAUAAAAU,UGGUGGGCUAGUAAUAAAAU,GGGUGGGCUAGUAAA,GGGUGGGCUAGUAAUAAAAU,True,False,False
Supplemental Table 1,1182,MAPT_2701_Asymmetric_2'-OMe Rich,P(mU)#(fU)#(mG)(mG)(mG)(fC)(mU)(mA)(mG)(mU)(mA)(mA)(mU)#(fA)#(mA)#(mA)#(mA)#(mU)#(mA)#(fU),(mG)#(mU)#(mG)(mG)(fG)(fC)(mU)(mA)(fG)(mU)(mA)(mA)(mU)#(mA)#(mA)-TegChol,GUGGGCUAGUAAUAAAAUAU,UUGGGCUAGUAAUAAAAUAU,GUGGGCUAGUAAUAA,GUGGGCUAGUAAUAAAAUAU,True,False,False
Supplemental Table 1,1183,MAPT_2929_Asymmetric_2'-OMe Rich,P(mU)#(fA)#(mA)(mA)(mC)(fU)(mU)(mG)(mG)(mU)(mG)(mU)(mG)#(fU)#(mU)#(mC)#(mG)#(mU)#(mG)#(fG),(mG)#(mA)#(mA)(mA)(fC)(fU)(mU)(mG)(fG)(mU)(mG)(mU)(mG)#(mU)#(mA)-TegChol,GAAACUUGGUGUGUUCGUGG,UAAACUUGGUGUGUUCGUGG,GAAACUUGGUGUGUA,GAAACUUGGUGUGUUCGUGG,True,False,False
Supplemental Table 1,1184,MAPT_3239_Asymmetric_2'-OMe Rich,P(mU)#(fG)#(mG)(mG)(mA)(fC)(mA)(mG)(mC)(mG)(mG)(mG)(mU)#(fA)#(mA)#(mA)#(mA)#(mA)#(mG)#(fA),(mA)#(mG)#(mG)(mG)(fA)(fC)(mA)(mG)(fC)(mG)(mG)(mG)(mU)#(mA)#(mA)-TegChol,AGGGACAGCGGGUAAAAAGA,UGGGACAGCGGGUAAAAAGA,AGGGACAGCGGGUAA,AGGGACAGCGGGUAAAAAGA,True,False,False
Supplemental Table 1,1185,MAPT_3435_Asymmetric_2'-OMe Rich,P(mU)#(fG)#(mC)(mU)(mG)(fC)(mC)(mA)(mU)(mG)(mA)(mU)(mU)#(fU)#(mU)#(mG)#(mG)#(mC)#(mC)#(fA),(mU)#(mG)#(mC)(mU)(fG)(fC)(mC)(mA)(fU)(mG)(mA)(mU)(mU)#(mU)#(mA)-TegChol,UGCUGCCAUGAUUUUGGCCA,UGCUGCCAUGAUUUUGGCCA,UGCUGCCAUGAUUUA,UGCUGCCAUGAUUUUGGCCA,True,False,False
Supplemental Table 1,1186,MAPT_3494_Asymmetric_2'-OMe Rich,P(mU)#(fG)#(mU)(mA)(mA)(fG)(mG)(mA)(mC)(mU)(mU)(mG)(mU)#(fG)#(mC)#(mC)#(mU)#(mC)#(mU)#(fU),(mU)#(mG)#(mU)(mA)(fA)(fG)(mG)(mA)(fC)(mU)(mU)(mG)(mU)#(mG)#(mA)-TegChol,UGUAAGGACUUGUGCCUCUU,UGUAAGGACUUGUGCCUCUU,UGUAAGGACUUGUGA,UGUAAGGACUUGUGCCUCUU,True,False,False
Supplemental Table 1,1187,MAPT_3795_Asymmetric_2'-OMe Rich,P(mU)#(fA)#(mA)(mA)(mG)(fU)(mC)(mC)(mA)(mG)(mG)(mC)(mA)#(fC)#(mA)#(mA)#(mG)#(mA)#(mG)#(fU),(mC)#(mA)#(mA)(mA)(fG)(fU)(mC)(mC)(fA)(mG)(mG)(mC)(mA)#(mC)#(mA)-TegChol,CAAAGUCCAGGCACAAGAGU,UAAAGUCCAGGCACAAGAGU,CAAAGUCCAGGCACA,CAAAGUCCAGGCACAAGAGU,True,False,False
Supplemental Table 1,1188,MAPT_3883_Asymmetric_2'-OMe Rich,P(mU)#(fA)#(mU)(mU)(mC)(fG)(mG)(mU)(mU)(mC)(mC)(mC)(mU)#(fG)#(mU)#(mC)#(mU)#(mC)#(mC)#(fU),(mG)#(mA)#(mU)(mU)(fC)(fG)(mG)(mU)(fU)(mC)(mC)(mC)(mU)#(mG)#(mA)-TegChol,GAUUCGGUUCCCUGUCUCCU,UAUUCGGUUCCCUGUCUCCU,GAUUCGGUUCCCUGA,GAUUCGGUUCCCUGUCUCCU,True,False,False
Supplemental Table 1,1189,MAPT_4275_Asymmetric_2'-OMe Rich,P(mU)#(fU)#(mG)(mC)(mU)(fG)(mG)(mA)(mG)(mC)(mA)(mG)(mC)#(fU)#(mG)#(mA)#(mA)#(mC)#(mA)#(fU),(mC)#(mU)#(mG)(mC)(fU)(fG)(mG)(mA)(fG)(mC)(mA)(mG)(mC)#(mU)#(mA)-TegChol,CUGCUGGAGCAGCUGAACAU,UUGCUGGAGCAGCUGAACAU,CUGCUGGAGCAGCUA,CUGCUGGAGCAGCUGAACAU,True,False,False
Supplemental Table 1,1190,MAPT_4346_Asymmetric_2'-OMe Rich,P(mU)#(fG)#(mG)(mA)(mU)(fU)(mU)(mG)(mU)(mC)(mU)(mG)(mU)#(fU)#(mU)#(mA)#(mU)#(mG)#(mC)#(fU),(mU)#(mG)#(mG)(mA)(fU)(fU)(mU)(mG)(fU)(mC)(mU)(mG)(mU)#(mU)#(mA)-TegChol,UGGAUUUGUCUGUUUAUGCU,UGGAUUUGUCUGUUUAUGCU,UGGAUUUGUCUGUUA,UGGAUUUGUCUGUUUAUGCU,True,False,False
Supplemental Table 1,1191,MAPT_4538_Asymmetric_2'-OMe Rich,P(mU)#(fU)#(mU)(mU)(mG)(fA)(mA)(mA)(mG)(mG)(mC)(mU)(mU)#(fU)#(mC)#(mC)#(mU)#(mC)#(mA)#(fG),(mU)#(mU)#(mU)(mU)(fG)(fA)(mA)(mA)(fG)(mG)(mC)(mU)(mU)#(mU)#(mA)-TegChol,UUUUGAAAGGCUUUCCUCAG,UUUUGAAAGGCUUUCCUCAG,UUUUGAAAGGCUUUA,UUUUGAAAGGCUUUCCUCAG,True,False,False
Supplemental Table 1,1192,MAPT_4636_Asymmetric_2'-OMe Rich,P(mU)#(fA)#(mG)(mG)(mA)(fC)(mU)(mG)(mA)(mA)(mG)(mC)(mG)#(fA)#(mU)#(mG)#(mA)#(mU)#(mG)#(fU),(mU)#(mA)#(mG)(mG)(fA)(fC)(mU)(mG)(fA)(mA)(mG)(mC)(mG)#(mA)#(mA)-TegChol,UAGGACUGAAGCGAUGAUGU,UAGGACUGAAGCGAUGAUGU,UAGGACUGAAGCGAA,UAGGACUGAAGCGAUGAUGU,True,False,False
Supplemental Table 1,1193,MAPT_4954_Asymmetric_2'-OMe Rich,P(mU)#(fG)#(mG)(mA)(mU)(fU)(mG)(mG)(mG)(mA)(mU)(mG)(mA)#(fA)#(mU)#(mU)#(mG)#(mC)#(mC)#(fU),(mG)#(mG)#(mG)(mA)(fU)(fU)(mG)(mG)(fG)(mA)(mU)(mG)(mA)#(mA)#(mA)-TegChol,GGGAUUGGGAUGAAUUGCCU,UGGAUUGGGAUGAAUUGCCU,GGGAUUGGGAUGAAA,GGGAUUGGGAUGAAUUGCCU,True,False,False
Supplemental Table 1,1194,MAPT_5036_Asymmetric_2'-OMe Rich,P(mU)#(fA)#(mG)(mA)(mC)(fA)(mC)(mU)(mG)(mU)(mU)(mC)(mC)#(fC)#(mA)#(mA)#(mA)#(mG)#(mC)#(fC),(mG)#(mA)#(mG)(mA)(fC)(fA)(mC)(mU)(fG)(mU)(mU)(mC)(mC)#(mC)#(mA)-TegChol,GAGACACUGUUCCCAAAGCC,UAGACACUGUUCCCAAAGCC,GAGACACUGUUCCCA,GAGACACUGUUCCCAAAGCC,True,False,False
Supplemental Table 1,1195,MAPT_5178_Asymmetric_2'-OMe Rich,P(mU)#(fC)#(mC)(mA)(mC)(fU)(mU)(mC)(mU)(mG)(mG)(mU)(mU)#(fU)#(mG)#(mG)#(mG)#(mU)#(mA)#(fC),(mG)#(mC)#(mC)(mA)(fC)(fU)(mU)(mC)(fU)(mG)(mG)(mU)(mU)#(mU)#(mA)-TegChol,GCCACUUCUGGUUUGGGUAC,UCCACUUCUGGUUUGGGUAC,GCCACUUCUGGUUUA,GCCACUUCUGGUUUGGGUAC,True,False,False
Supplemental Table 1,1196,MAPT_5269_Asymmetric_2'-OMe Rich,P(mU)#(fA)#(mG)(mC)(mU)(fA)(mG)(mA)(mG)(mC)(mU)(mU)(mU)#(fA)#(mC)#(mC)#(mU)#(mG)#(mA)#(fA),(mC)#(mA)#(mG)(mC)(fU)(fA)(mG)(mA)(fG)(mC)(mU)(mU)(mU)#(mA)#(mA)-TegChol,CAGCUAGAGCUUUACCUGAA,UAGCUAGAGCUUUACCUGAA,CAGCUAGAGCUUUAA,CAGCUAGAGCUUUACCUGAA,True,False,False
Supplemental Table 1,1197,MAPT_5468_Asymmetric_2'-OMe Rich,P(mU)#(fC)#(mC)(mU)(mC)(fG)(mG)(mU)(mU)(mC)(mC)(mU)(mC)#(fU)#(mU)#(mC)#(mC)#(mU)#(mG)#(fA),(mA)#(mC)#(mC)(mU)(fC)(fG)(mG)(mU)(fU)(mC)(mC)(mU)(mC)#(mU)#(mA)-TegChol,ACCUCGGUUCCUCUUCCUGA,UCCUCGGUUCCUCUUCCUGA,ACCUCGGUUCCUCUA,ACCUCGGUUCCUCUUCCUGA,True,False,False
Supplemental Table 1,1198,MAPT_5573_Asymmetric_2'-OMe Rich,P(mU)#(fC)#(mC)(mA)(mG)(fC)(mC)(mU)(mA)(mA)(mG)(mA)(mU)#(fC)#(mA)#(mU)#(mG)#(mG)#(mU)#(fU),(mG)#(mC)#(mC)(mA)(fG)(fC)(mC)(mU)(fA)(mA)(mG)(mA)(mU)#(mC)#(mA)-TegChol,GCCAGCCUAAGAUCAUGGUU,UCCAGCCUAAGAUCAUGGUU,GCCAGCCUAAGAUCA,GCCAGCCUAAGAUCAUGGUU,True,False,False
Supplemental Table 1,1199,MAPT_5762_Asymmetric_2'-OMe Rich,P(mU)#(fA)#(mG)(mC)(mU)(fG)(mC)(mU)(mG)(mA)(mC)(mU)(mC)#(fA)#(mC)#(mU)#(mU)#(mU)#(mA)#(fU),(mA)#(mA)#(mG)(mC)(fU)(fG)(mC)(mU)(fG)(mA)(mC)(mU)(mC)#(mA)#(mA)-TegChol,AAGCUGCUGACUCACUUUAU,UAGCUGCUGACUCACUUUAU,AAGCUGCUGACUCAA,AAGCUGCUGACUCACUUUAU,True,False,False
Supplemental Table 1,1200,MAPT_5812_Asymmetric_2'-OMe Rich,P(mU)#(fG)#(mA)(mG)(mA)(fC)(mU)(mG)(mU)(mA)(mU)(mC)(mC)#(fU)#(mG)#(mU)#(mU)#(mU)#(mG)#(fC),(mU)#(mG)#(mA)(mG)(fA)(fC)(mU)(mG)(fU)(mA)(mU)(mC)(mC)#(mU)#(mA)-TegChol,UGAGACUGUAUCCUGUUUGC,UGAGACUGUAUCCUGUUUGC,UGAGACUGUAUCCUA,UGAGACUGUAUCCUGUUUGC,True,False,False
Supplemental Table 1,1201,MAPT_5998_Asymmetric_2'-OMe Rich,P(mU)#(fG)#(mU)(mU)(mU)(fC)(mU)(mC)(mU)(mU)(mU)(mU)(mC)#(fC)#(mA)#(mC)#(mU)#(mG)#(mA)#(fC),(mG)#(mG)#(mU)(mU)(fU)(fC)(mU)(mC)(fU)(mU)(mU)(mU)(mC)#(mC)#(mA)-TegChol,GGUUUCUCUUUUCCACUGAC,UGUUUCUCUUUUCCACUGAC,GGUUUCUCUUUUCCA,GGUUUCUCUUUUCCACUGAC,True,False,False
Supplemental Table 1,1202,MAPT_6118_Asymmetric_2'-OMe Rich,P(mU)#(fG)#(mU)(mC)(mC)(fU)(mA)(mA)(mG)(mC)(mC)(mC)(mA)#(fC)#(mA)#(mA)#(mU)#(mC)#(mA)#(fU),(mG)#(mG)#(mU)(mC)(fC)(fU)(mA)(mA)(fG)(mC)(mC)(mC)(mA)#(mC)#(mA)-TegChol,GGUCCUAAGCCCACAAUCAU,UGUCCUAAGCCCACAAUCAU,GGUCCUAAGCCCACA,GGUCCUAAGCCCACAAUCAU,True,False,False
Supplemental Table 1,1203,MAPT_6310_Asymmetric_2'-OMe Rich,P(mU)#(fC)#(mA)(mC)(mC)(fU)(mG)(mC)(mG)(mU)(mG)(mU)(mC)#(fC)#(mC)#(mA)#(mU)#(mC)#(mU)#(fA),(mU)#(mC)#(mA)(mC)(fC)(fU)(mG)(mC)(fG)(mU)(mG)(mU)(mC)#(mC)#(mA)-TegChol,UCACCUGCGUGUCCCAUCUA,UCACCUGCGUGUCCCAUCUA,UCACCUGCGUGUCCA,UCACCUGCGUGUCCCAUCUA,True,False,False
Supplemental Table 1,1204,MAPT_6369_Asymmetric_2'-OMe Rich,P(mU)#(fU)#(mU)(mU)(mG)(fA)(mA)(mA)(mA)(mG)(mG)(mG)(mU)#(fU)#(mA)#(mC)#(mC)#(mC)#(mU)#(fG),(mC)#(mU)#(mU)(mU)(fG)(fA)(mA)(mA)(fA)(mG)(mG)(mG)(mU)#(mU)#(mA)-TegChol,CUUUGAAAAGGGUUACCCUG,UUUUGAAAAGGGUUACCCUG,CUUUGAAAAGGGUUA,CUUUGAAAAGGGUUACCCUG,True,False,False
Supplemental Table 1,1205,MAPT_6527_Asymmetric_2'-OMe Rich,P(mU)#(fU)#(mA)(mG)(mC)(fU)(mU)(mA)(mG)(mC)(mU)(mU)(mU)#(fC)#(mU)#(mG)#(mU)#(mC)#(mU)#(fG),(mU)#(mU)#(mA)(mG)(fC)(fU)(mU)(mA)(fG)(mC)(mU)(mU)(mU)#(mC)#(mA)-TegChol,UUAGCUUAGCUUUCUGUCUG,UUAGCUUAGCUUUCUGUCUG,UUAGCUUAGCUUUCA,UUAGCUUAGCUUUCUGUCUG,True,False,False
Supplemental Table 1,1206,MAPT_6578_Asymmetric_2'-OMe Rich,P(mU)#(fC)#(mA)(mA)(mA)(fU)(mG)(mA)(mU)(mU)(mU)(mA)(mC)#(fA)#(mC)#(mU)#(mG)#(mA)#(mC)#(fU),(mA)#(mC)#(mA)(mA)(fA)(fU)(mG)(mA)(fU)(mU)(mU)(mA)(mC)#(mA)#(mA)-TegChol,ACAAAUGAUUUACACUGACU,UCAAAUGAUUUACACUGACU,ACAAAUGAUUUACAA,ACAAAUGAUUUACACUGACU,True,False,False
Supplemental Table 1,1207,MAPT_6612_Asymmetric_2'-OMe Rich,P(mU)#(fA)#(mA)(mU)(mU)(fU)(mG)(mG)(mA)(mA)(mA)(mU)(mA)#(fA)#(mA)#(mG)#(mU)#(mU)#(mA)#(fU),(mG)#(mA)#(mA)(mU)(fU)(fU)(mG)(mG)(fA)(mA)(mA)(mU)(mA)#(mA)#(mA)-TegChol,GAAUUUGGAAAUAAAGUUAU,UAAUUUGGAAAUAAAGUUAU,GAAUUUGGAAAUAAA,GAAUUUGGAAAUAAAGUUAU,True,False,False
Supplemental Table 1,1208,SNCA_486_Asymmetric_2'-OMe Rich,P(mU)#(fA)#(mU)(mU)(mC)(fA)(mU)(mU)(mA)(mG)(mC)(mC)(mA)#(fU)#(mG)#(mG)#(mA)#(mU)#(mG)#(fU),(mA)#(mA)#(mU)(mU)(fC)(fA)(mU)(mU)(fA)(mG)(mC)(mC)(mA)#(mU)#(mA)-TegChol,AAUUCAUUAGCCAUGGAUGU,UAUUCAUUAGCCAUGGAUGU,AAUUCAUUAGCCAUA,AAUUCAUUAGCCAUGGAUGU,True,False,False
Supplemental Table 1,1209,SNCA_549_Asymmetric_2'-OMe Rich,P(mU)#(fC)#(mU)(mG)(mC)(fU)(mG)(mA)(mG)(mA)(mA)(mA)(mA)#(fC)#(mC)#(mA)#(mA)#(mA)#(mC)#(fA),(mG)#(mC)#(mU)(mG)(fC)(fU)(mG)(mA)(fG)(mA)(mA)(mA)(mA)#(mC)#(mA)-TegChol,GCUGCUGAGAAAACCAAACA,UCUGCUGAGAAAACCAAACA,GCUGCUGAGAAAACA,GCUGCUGAGAAAACCAAACA,True,False,False
Supplemental Table 1,1210,SNCA_610_Asymmetric_2'-OMe Rich,P(mU)#(fC)#(mU)(mA)(mU)(fG)(mU)(mA)(mG)(mG)(mC)(mU)(mC)#(fC)#(mA)#(mA)#(mA)#(mA)#(mC)#(fC),(mU)#(mC)#(mU)(mA)(fU)(fG)(mU)(mA)(fG)(mG)(mC)(mU)(mC)#(mC)#(mA)-TegChol,UCUAUGUAGGCUCCAAAACC,UCUAUGUAGGCUCCAAAACC,UCUAUGUAGGCUCCA,UCUAUGUAGGCUCCAAAACC,True,False,False
Supplemental Table 1,1211,SNCA_681_Asymmetric_2'-OMe Rich,P(mU)#(fA)#(mA)(mG)(mU)(fG)(mA)(mC)(mA)(mA)(mA)(mU)(mG)#(fU)#(mU)#(mG)#(mG)#(mA)#(mG)#(fG),(mC)#(mA)#(mA)(mG)(fU)(fG)(mA)(mC)(fA)(mA)(mA)(mU)(mG)#(mU)#(mA)-TegChol,CAAGUGACAAAUGUUGGAGG,UAAGUGACAAAUGUUGGAGG,CAAGUGACAAAUGUA,CAAGUGACAAAUGUUGGAGG,True,False,False
Supplemental Table 1,1212,SNCA_1200_Asymmetric_2'-OMe Rich,P(mU)#(fU)#(mG)(mA)(mG)(fG)(mC)(mU)(mU)(mA)(mU)(mG)(mA)#(fA)#(mA)#(mU)#(mG)#(mC)#(mC)#(fU),(mA)#(mU)#(mG)(mA)(fG)(fG)(mC)(mU)(fU)(mA)(mU)(mG)(mA)#(mA)#(mA)-TegChol,AUGAGGCUUAUGAAAUGCCU,UUGAGGCUUAUGAAAUGCCU,AUGAGGCUUAUGAAA,AUGAGGCUUAUGAAAUGCCU,True,False,False
Supplemental Table 1,1213,SNCA_1252_Asymmetric_2'-OMe Rich,P(mU)#(fG)#(mC)(mC)(mU)(fA)(mA)(mG)(mA)(mA)(mA)(mU)(mA)#(fU)#(mC)#(mU)#(mU)#(mU)#(mG)#(fC),(mA)#(mG)#(mC)(mC)(fU)(fA)(mA)(mG)(fA)(mA)(mA)(mU)(mA)#(mU)#(mA)-TegChol,AGCCUAAGAAAUAUCUUUGC,UGCCUAAGAAAUAUCUUUGC,AGCCUAAGAAAUAUA,AGCCUAAGAAAUAUCUUUGC,True,False,False
Supplemental Table 1,1214,SNCA_1304_Asymmetric_2'-OMe Rich,P(mU)#(fC)#(mA)(mU)(mC)(fC)(mU)(mG)(mU)(mA)(mC)(mA)(mA)#(fG)#(mU)#(mG)#(mC)#(mU)#(mC)#(fA),(mC)#(mC)#(mA)(mU)(fC)(fC)(mU)(mG)(fU)(mA)(mC)(mA)(mA)#(mG)#(mA)-TegChol,CCAUCCUGUACAAGUGCUCA,UCAUCCUGUACAAGUGCUCA,CCAUCCUGUACAAGA,CCAUCCUGUACAAGUGCUCA,True,False,False
Supplemental Table 1,1215,SNCA_1355_Asymmetric_2'-OMe Rich,P(mU)#(fA)#(mG)(mU)(mU)(fU)(mU)(mU)(mA)(mC)(mA)(mG)(mU)#(fG)#(mU)#(mA)#(mU)#(mC)#(mU)#(fC),(mA)#(mA)#(mG)(mU)(fU)(fU)(mU)(mU)(fA)(mC)(mA)(mG)(mU)#(mG)#(mA)-TegChol,AAGUUUUUACAGUGUAUCUC,UAGUUUUUACAGUGUAUCUC,AAGUUUUUACAGUGA,AAGUUUUUACAGUGUAUCUC,True,False,False
Supplemental Table 1,1216,SNCA_1424_Asymmetric_2'-OMe Rich,P(mU)#(fC)#(mA)(mU)(mU)(fU)(mC)(mG)(mG)(mU)(mG)(mC)(mU)#(fU)#(mC)#(mC)#(mC)#(mU)#(mU)#(fU),(mG)#(mC)#(mA)(mU)(fU)(fU)(mC)(mG)(fG)(mU)(mG)(mC)(mU)#(mU)#(mA)-TegChol,GCAUUUCGGUGCUUCCCUUU,UCAUUUCGGUGCUUCCCUUU,GCAUUUCGGUGCUUA,GCAUUUCGGUGCUUCCCUUU,True,False,False
Supplemental Table 1,1217,SNCA_1475_Asymmetric_2'-OMe Rich,P(mU)#(fG)#(mU)(mG)(mU)(fG)(mC)(mU)(mG)(mU)(mG)(mG)(mA)#(fU)#(mU)#(mU)#(mU)#(mG)#(mU)#(fG),(mU)#(mG)#(mU)(mG)(fU)(fG)(mC)(mU)(fG)(mU)(mG)(mG)(mA)#(mU)#(mA)-TegChol,UGUGUGCUGUGGAUUUUGUG,UGUGUGCUGUGGAUUUUGUG,UGUGUGCUGUGGAUA,UGUGUGCUGUGGAUUUUGUG,True,False,False
Supplemental Table 1,1218,SNCA_1530_Asymmetric_2'-OMe Rich,P(mU)#(fC)#(mU)(mA)(mA)(fG)(mU)(mG)(mA)(mC)(mU)(mA)(mC)#(fC)#(mA)#(mC)#(mU)#(mU)#(mA)#(fU),(mC)#(mC)#(mU)(mA)(fA)(fG)(mU)(mG)(fA)(mC)(mU)(mA)(mC)#(mC)#(mA)-TegChol,CCUAAGUGACUACCACUUAU,UCUAAGUGACUACCACUUAU,CCUAAGUGACUACCA,CCUAAGUGACUACCACUUAU,True,False,False
Supplemental Table 1,1219,SNCA_1586_Asymmetric_2'-OMe Rich,P(mU)#(fG)#(mA)(mA)(mG)(fU)(mU)(mG)(mU)(mU)(mA)(mG)(mU)#(fG)#(mA)#(mU)#(mU)#(mU)#(mG)#(fC),(mA)#(mG)#(mA)(mA)(fG)(fU)(mU)(mG)(fU)(mU)(mA)(mG)(mU)#(mG)#(mA)-TegChol,AGAAGUUGUUAGUGAUUUGC,UGAAGUUGUUAGUGAUUUGC,AGAAGUUGUUAGUGA,AGAAGUUGUUAGUGAUUUGC,True,False,False
Supplemental Table 1,1220,SNCA_1636_Asymmetric_2'-OMe Rich,P(mU)#(fU)#(mU)(mA)(mA)(fU)(mG)(mA)(mU)(mA)(mC)(mU)(mG)#(fU)#(mC)#(mU)#(mA)#(mA)#(mG)#(fA),(mU)#(mU)#(mU)(mA)(fA)(fU)(mG)(mA)(fU)(mA)(mC)(mU)(mG)#(mU)#(mA)-TegChol,UUUAAUGAUACUGUCUAAGA,UUUAAUGAUACUGUCUAAGA,UUUAAUGAUACUGUA,UUUAAUGAUACUGUCUAAGA,True,False,False
Supplemental Table 1,1221,SNCA_1743_Asymmetric_2'-OMe Rich,P(mU)#(fA)#(mA)(mU)(mU)(fU)(mU)(mA)(mC)(mC)(mA)(mU)(mU)#(fU)#(mU)#(mG)#(mC)#(mG)#(mA)#(fU),(mA)#(mA)#(mA)(mU)(fU)(fU)(mU)(mA)(fC)(mC)(mA)(mU)(mU)#(mU)#(mA)-TegChol,AAAUUUUACCAUUUUGCGAU,UAAUUUUACCAUUUUGCGAU,AAAUUUUACCAUUUA,AAAUUUUACCAUUUUGCGAU,True,False,False
Supplemental Table 1,1222,SNCA_1799_Asymmetric_2'-OMe Rich,P(mU)#(fA)#(mA)(mU)(mU)(fA)(mA)(mA)(mA)(mU)(mA)(mA)(mA)#(fA)#(mC)#(mG)#(mU)#(mU)#(mA)#(fU),(mG)#(mA)#(mA)(mU)(fU)(fA)(mA)(mA)(fA)(mU)(mA)(mA)(mA)#(mA)#(mA)-TegChol,GAAUUAAAAUAAAACGUUAU,UAAUUAAAAUAAAACGUUAU,GAAUUAAAAUAAAAA,GAAUUAAAAUAAAACGUUAU,True,False,False
Supplemental Table 1,1223,SNCA_1859_Asymmetric_2'-OMe Rich,P(mU)#(fA)#(mU)(mA)(mA)(fU)(mA)(mA)(mA)(mA)(mA)(mU)(mC)#(fA)#(mU)#(mG)#(mC)#(mU)#(mU)#(fA),(mA)#(mA)#(mU)(mA)(fA)(fU)(mA)(mA)(fA)(mA)(mA)(mU)(mC)#(mA)#(mA)-TegChol,AAUAAUAAAAAUCAUGCUUA,UAUAAUAAAAAUCAUGCUUA,AAUAAUAAAAAUCAA,AAUAAUAAAAAUCAUGCUUA,True,False,False
Supplemental Table 1,1224,SNCA_1911_Asymmetric_2'-OMe Rich,P(mU)#(fC)#(mA)(mA)(mA)(fA)(mA)(mU)(mA)(mU)(mA)(mA)(mA)#(fG)#(mU)#(mU)#(mA)#(mU)#(mU)#(fA),(mA)#(mC)#(mA)(mA)(fA)(fA)(mA)(mU)(fA)(mU)(mA)(mA)(mA)#(mG)#(mA)-TegChol,ACAAAAAUAUAAAGUUAUUA,UCAAAAAUAUAAAGUUAUUA,ACAAAAAUAUAAAGA,ACAAAAAUAUAAAGUUAUUA,True,False,False
Supplemental Table 1,1225,SNCA_1969_Asymmetric_2'-OMe Rich,P(mU)#(fG)#(mA)(mA)(mA)(fA)(mU)(mG)(mG)(mA)(mA)(mC)(mA)#(fU)#(mU)#(mA)#(mA)#(mC)#(mC)#(fC),(mA)#(mG)#(mA)(mA)(fA)(fA)(mU)(mG)(fG)(mA)(mA)(mC)(mA)#(mU)#(mA)-TegChol,AGAAAAUGGAACAUUAACCC,UGAAAAUGGAACAUUAACCC,AGAAAAUGGAACAUA,AGAAAAUGGAACAUUAACCC,True,False,False
Supplemental Table 1,1226,SNCA_2022_Asymmetric_2'-OMe Rich,P(mU)#(fA)#(mG)(mU)(mG)(fU)(mG)(mU)(mU)(mU)(mU)(mG)(mG)#(fU)#(mA)#(mU)#(mG)#(mC)#(mA)#(fC),(mA)#(mA)#(mG)(mU)(fG)(fU)(mG)(mU)(fU)(mU)(mU)(mG)(mG)#(mU)#(mA)-TegChol,AAGUGUGUUUUGGUAUGCAC,UAGUGUGUUUUGGUAUGCAC,AAGUGUGUUUUGGUA,AAGUGUGUUUUGGUAUGCAC,True,False,False
Supplemental Table 1,1227,SNCA_2103_Asymmetric_2'-OMe Rich,P(mU)#(fU)#(mG)(mU)(mA)(fG)(mA)(mG)(mU)(mG)(mG)(mU)(mC)#(fU)#(mA)#(mU)#(mU)#(mU)#(mC)#(fU),(mU)#(mU)#(mG)(mU)(fA)(fG)(mA)(mG)(fU)(mG)(mG)(mU)(mC)#(mU)#(mA)-TegChol,UUGUAGAGUGGUCUAUUUCU,UUGUAGAGUGGUCUAUUUCU,UUGUAGAGUGGUCUA,UUGUAGAGUGGUCUAUUUCU,True,False,False
Supplemental Table 1,1228,SNCA_2174_Asymmetric_2'-OMe Rich,P(mU)#(fA)#(mU)(mG)(mU)(fG)(mU)(mA)(mU)(mG)(mU)(mG)(mU)#(fU)#(mU)#(mA)#(mU)#(mA)#(mA)#(fU),(mG)#(mA)#(mU)(mG)(fU)(fG)(mU)(mA)(fU)(mG)(mU)(mG)(mU)#(mU)#(mA)-TegChol,GAUGUGUAUGUGUUUAUAAU,UAUGUGUAUGUGUUUAUAAU,GAUGUGUAUGUGUUA,GAUGUGUAUGUGUUUAUAAU,True,False,False
Supplemental Table 1,1229,SNCA_2229_Asymmetric_2'-OMe Rich,P(mU)#(fU)#(mA)(mU)(mU)(fG)(mU)(mU)(mA)(mU)(mU)(mU)(mU)#(fU)#(mG)#(mU)#(mC)#(mU)#(mC)#(fG),(mA)#(mU)#(mA)(mU)(fU)(fG)(mU)(mU)(fA)(mU)(mU)(mU)(mU)#(mU)#(mA)-TegChol,AUAUUGUUAUUUUUGUCUCG,UUAUUGUUAUUUUUGUCUCG,AUAUUGUUAUUUUUA,AUAUUGUUAUUUUUGUCUCG,True,False,False
Supplemental Table 1,1230,SNCA_2305_Asymmetric_2'-OMe Rich,P(mU)#(fU)#(mC)(mU)(mG)(fA)(mC)(mA)(mA)(mU)(mA)(mA)(mA)#(fU)#(mA)#(mA)#(mU)#(mA)#(mU)#(fU),(mU)#(mU)#(mC)(mU)(fG)(fA)(mC)(mA)(fA)(mU)(mA)(mA)(mA)#(mU)#(mA)-TegChol,UUCUGACAAUAAAUAAUAUU,UUCUGACAAUAAAUAAUAUU,UUCUGACAAUAAAUA,UUCUGACAAUAAAUAAUAUU,True,False,False
Supplemental Table 1,1231,SNCA_2321_Asymmetric_2'-OMe Rich,P(mU)#(fA)#(mU)(mU)(mC)(fG)(mA)(mC)(mC)(mA)(mU)(mG)(mA)#(fA)#(mU)#(mA)#(mA)#(mA)#(mA)#(fA),(mU)#(mA)#(mU)(mU)(fC)(fG)(mA)(mC)(fC)(mA)(mU)(mG)(mA)#(mA)#(mA)-TegChol,UAUUCGACCAUGAAUAAAAA,UAUUCGACCAUGAAUAAAAA,UAUUCGACCAUGAAA,UAUUCGACCAUGAAUAAAAA,True,False,False
Supplemental Table 1,1232,SNCA_2341_Asymmetric_2'-OMe Rich,P(mU)#(fA)#(mA)(mA)(mA)(fA)(mA)(mA)(mA)(mA)(mG)(mU)(mG)#(fG)#(mG)#(mU)#(mU)#(mC)#(mC)#(fC),(mA)#(mA)#(mA)(mA)(fA)(fA)(mA)(mA)(fA)(mA)(mG)(mU)(mG)#(mG)#(mA)-TegChol,AAAAAAAAAAGUGGGUUCCC,UAAAAAAAAAGUGGGUUCCC,AAAAAAAAAAGUGGA,AAAAAAAAAAGUGGGUUCCC,True,False,False
Supplemental Table 1,1233,SNCA_2399_Asymmetric_2'-OMe Rich,P(mU)#(fU)#(mC)(mC)(mU)(fU)(mA)(mG)(mA)(mG)(mA)(mG)(mC)#(fC)#(mA)#(mU)#(mA)#(mA)#(mG)#(fA),(mC)#(mU)#(mC)(mC)(fU)(fU)(mA)(mG)(fA)(mG)(mA)(mG)(mC)#(mC)#(mA)-TegChol,CUCCUUAGAGAGCCAUAAGA,UUCCUUAGAGAGCCAUAAGA,CUCCUUAGAGAGCCA,CUCCUUAGAGAGCCAUAAGA,True,False,False
Supplemental Table 1,1234,SNCA_2450_Asymmetric_2'-OMe Rich,P(mU)#(fU)#(mG)(mA)(mG)(fA)(mG)(mA)(mA)(mU)(mG)(mU)(mG)#(fG)#(mU)#(mU)#(mA)#(mA)#(mC)#(fU),(mC)#(mU)#(mG)(mA)(fG)(fA)(mG)(mA)(fA)(mU)(mG)(mU)(mG)#(mG)#(mA)-TegChol,CUGAGAGAAUGUGGUUAACU,UUGAGAGAAUGUGGUUAACU,CUGAGAGAAUGUGGA,CUGAGAGAAUGUGGUUAACU,True,False,False
Supplemental Table 1,1235,SNCA_2529_Asymmetric_2'-OMe Rich,P(mU)#(fC)#(mU)(mC)(mU)(fC)(mU)(mU)(mU)(mU)(mU)(mC)(mU)#(fC)#(mU)#(mC)#(mG)#(mC)#(mU)#(fC),(mU)#(mC)#(mU)(mC)(fU)(fC)(mU)(mU)(fU)(mU)(mU)(mC)(mU)#(mC)#(mA)-TegChol,UCUCUCUUUUUCUCUCGCUC,UCUCUCUUUUUCUCUCGCUC,UCUCUCUUUUUCUCA,UCUCUCUUUUUCUCUCGCUC,True,False,False
Supplemental Table 1,1236,SNCA_2605_Asymmetric_2'-OMe Rich,P(mU)#(fU)#(mC)(mA)(mC)(fC)(mU)(mU)(mA)(mA)(mA)(mG)(mG)#(fA)#(mG)#(mA)#(mU)#(mC)#(mA)#(fA),(mG)#(mU)#(mC)(mA)(fC)(fC)(mU)(mU)(fA)(mA)(mA)(mG)(mG)#(mA)#(mA)-TegChol,GUCACCUUAAAGGAGAUCAA,UUCACCUUAAAGGAGAUCAA,GUCACCUUAAAGGAA,GUCACCUUAAAGGAGAUCAA,True,False,False
Supplemental Table 1,1237,SNCA_2655_Asymmetric_2'-OMe Rich,P(mU)#(fC)#(mU)(mU)(mU)(fA)(mA)(mA)(mU)(mG)(mU)(mU)(mG)#(fC)#(mC)#(mA)#(mA)#(mA)#(mU)#(fA),(mC)#(mC)#(mU)(mU)(fU)(fA)(mA)(mA)(fU)(mG)(mU)(mU)(mG)#(mC)#(mA)-TegChol,CCUUUAAAUGUUGCCAAAUA,UCUUUAAAUGUUGCCAAAUA,CCUUUAAAUGUUGCA,CCUUUAAAUGUUGCCAAAUA,True,False,False
Supplemental Table 1,1238,SNCA_2706_Asymmetric_2'-OMe Rich,P(mU)#(fU)#(mU)(mU)(mU)(fC)(mU)(mC)(mU)(mU)(mU)(mC)(mA)#(fG)#(mG)#(mG)#(mA)#(mA)#(mG)#(fA),(mU)#(mU)#(mU)(mU)(fU)(fC)(mU)(mC)(fU)(mU)(mU)(mC)(mA)#(mG)#(mA)-TegChol,UUUUUCUCUUUCAGGGAAGA,UUUUUCUCUUUCAGGGAAGA,UUUUUCUCUUUCAGA,UUUUUCUCUUUCAGGGAAGA,True,False,False
Supplemental Table 1,1239,SNCA_2740_Asymmetric_2'-OMe Rich,P(mU)#(fU)#(mG)(mG)(mG)(fU)(mG)(mC)(mU)(mG)(mA)(mA)(mA)#(fA)#(mU)#(mA)#(mA)#(mA)#(mC)#(fU),(mA)#(mU)#(mG)(mG)(fG)(fU)(mG)(mC)(fU)(mG)(mA)(mA)(mA)#(mA)#(mA)-TegChol,AUGGGUGCUGAAAAUAAACU,UUGGGUGCUGAAAAUAAACU,AUGGGUGCUGAAAAA,AUGGGUGCUGAAAAUAAACU,True,False,False
Supplemental Table 1,1240,SNCA_2849_Asymmetric_2'-OMe Rich,P(mU)#(fU)#(mA)(mG)(mU)(fA)(mG)(mA)(mA)(mA)(mG)(mU)(mA)#(fU)#(mA)#(mA)#(mU)#(mU)#(mU)#(fC),(mC)#(mU)#(mA)(mG)(fU)(fA)(mG)(mA)(fA)(mA)(mG)(mU)(mA)#(mU)#(mA)-TegChol,CUAGUAGAAAGUAUAAUUUC,UUAGUAGAAAGUAUAAUUUC,CUAGUAGAAAGUAUA,CUAGUAGAAAGUAUAAUUUC,True,False,False
Supplemental Table 1,1241,SNCA_2901_Asymmetric_2'-OMe Rich,P(mU)#(fU)#(mA)(mU)(mG)(fU)(mA)(mU)(mU)(mC)(mA)(mU)(mG)#(fA)#(mG)#(mU)#(mA)#(mA)#(mU)#(fG),(mA)#(mU)#(mA)(mU)(fG)(fU)(mA)(mU)(fU)(mC)(mA)(mU)(mG)#(mA)#(mA)-TegChol,AUAUGUAUUCAUGAGUAAUG,UUAUGUAUUCAUGAGUAAUG,AUAUGUAUUCAUGAA,AUAUGUAUUCAUGAGUAAUG,True,False,False
Supplemental Table 1,1242,SNCA_2968_Asymmetric_2'-OMe Rich,P(mU)#(fU)#(mA)(mA)(mG)(fG)(mA)(mU)(mG)(mG)(mU)(mU)(mA)#(fC)#(mC)#(mA)#(mU)#(mA)#(mG)#(fA),(mA)#(mU)#(mA)(mA)(fG)(fG)(mA)(mU)(fG)(mG)(mU)(mU)(mA)#(mC)#(mA)-TegChol,AUAAGGAUGGUUACCAUAGA,UUAAGGAUGGUUACCAUAGA,AUAAGGAUGGUUACA,AUAAGGAUGGUUACCAUAGA,True,False,False
Supplemental Table 1,1243,SNCA_3020_Asymmetric_2'-OMe Rich,P(mU)#(fC)#(mU)(mA)(mC)(fA)(mG)(mA)(mG)(mU)(mG)(mC)(mU)#(fA)#(mA)#(mG)#(mC)#(mU)#(mG)#(fC),(mA)#(mC)#(mU)(mA)(fC)(fA)(mG)(mA)(fG)(mU)(mG)(mC)(mU)#(mA)#(mA)-TegChol,ACUACAGAGUGCUAAGCUGC,UCUACAGAGUGCUAAGCUGC,ACUACAGAGUGCUAA,ACUACAGAGUGCUAAGCUGC,True,False,False
Supplemental Table 1,1244,SNCA_3075_Asymmetric_2'-OMe Rich,P(mU)#(fC)#(mU)(mU)(mG)(fU)(mU)(mU)(mU)(mA)(mU)(mU)(mU)#(fA)#(mA)#(mG)#(mU)#(mU)#(mA)#(fU),(mU)#(mC)#(mU)(mU)(fG)(fU)(mU)(mU)(fU)(mA)(mU)(mU)(mU)#(mA)#(mA)-TegChol,UCUUGUUUUAUUUAAGUUAU,UCUUGUUUUAUUUAAGUUAU,UCUUGUUUUAUUUAA,UCUUGUUUUAUUUAAGUUAU,True,False,False
Supplemental Table 1,1245,SNCA_3128_Asymmetric_2'-OMe Rich,P(mU)#(fA)#(mU)(mA)(mU)(fU)(mU)(mC)(mA)(mG)(mG)(mA)(mA)#(fG)#(mG)#(mU)#(mU)#(mA)#(mG)#(fA),(mU)#(mA)#(mU)(mA)(fU)(fU)(mU)(mC)(fA)(mG)(mG)(mA)(mA)#(mG)#(mA)-TegChol,UAUAUUUCAGGAAGGUUAGA,UAUAUUUCAGGAAGGUUAGA,UAUAUUUCAGGAAGA,UAUAUUUCAGGAAGGUUAGA,True,False,False
Supplemental Table 1,1246,SNCA_3182_Asymmetric_2'-OMe Rich,P(mU)#(fA)#(mG)(mC)(mA)(fG)(mC)(mA)(mU)(mA)(mU)(mU)(mU)#(fU)#(mA)#(mA)#(mA)#(mA)#(mA)#(fU),(mA)#(mA)#(mG)(mC)(fA)(fG)(mC)(mA)(fU)(mA)(mU)(mU)(mU)#(mU)#(mA)-TegChol,AAGCAGCAUAUUUUAAAAAU,UAGCAGCAUAUUUUAAAAAU,AAGCAGCAUAUUUUA,AAGCAGCAUAUUUUAAAAAU,True,False,False
Supplemental Table 1,1247,SNCA_3298_Asymmetric_2'-OMe Rich,P(mU)#(fU)#(mU)(mU)(mA)(fA)(mG)(mG)(mA)(mU)(mU)(mU)(mA)#(fU)#(mG)#(mU)#(mG)#(mG)#(mA)#(fU),(mA)#(mU)#(mU)(mU)(fA)(fA)(mG)(mG)(fA)(mU)(mU)(mU)(mA)#(mU)#(mA)-TegChol,AUUUAAGGAUUUAUGUGGAU,UUUUAAGGAUUUAUGUGGAU,AUUUAAGGAUUUAUA,AUUUAAGGAUUUAUGUGGAU,True,False,False
Supplemental Table 1,1248,SNCA_3349_Asymmetric_2'-OMe Rich,P(mU)#(fA)#(mU)(mA)(mU)(fU)(mU)(mA)(mU)(mC)(mU)(mG)(mA)#(fC)#(mG)#(mG)#(mU)#(mA)#(mA)#(fU),(mA)#(mA)#(mU)(mA)(fU)(fU)(mU)(mA)(fU)(mC)(mU)(mG)(mA)#(mC)#(mA)-TegChol,AAUAUUUAUCUGACGGUAAU,UAUAUUUAUCUGACGGUAAU,AAUAUUUAUCUGACA,AAUAUUUAUCUGACGGUAAU,True,False,False
Supplemental Table 1,1249,SNCA_3400_Asymmetric_2'-OMe Rich,P(mU)#(fU)#(mA)(mG)(mU)(fU)(mU)(mA)(mU)(mU)(mU)(mG)(mG)#(fG)#(mA)#(mC)#(mC)#(mA)#(mA)#(fA),(mA)#(mU)#(mA)(mG)(fU)(fU)(mU)(mA)(fU)(mU)(mU)(mG)(mG)#(mG)#(mA)-TegChol,AUAGUUUAUUUGGGACCAAA,UUAGUUUAUUUGGGACCAAA,AUAGUUUAUUUGGGA,AUAGUUUAUUUGGGACCAAA,True,False,False
Supplemental Table 1,1250,SNCA_3451_Asymmetric_2'-OMe Rich,P(mU)#(fG)#(mC)(mC)(mU)(fU)(mU)(mU)(mC)(mA)(mG)(mG)(mA)#(fA)#(mG)#(mC)#(mU)#(mU)#(mG)#(fU),(mA)#(mG)#(mC)(mC)(fU)(fU)(mU)(mU)(fC)(mA)(mG)(mG)(mA)#(mA)#(mA)-TegChol,AGCCUUUUCAGGAAGCUUGU,UGCCUUUUCAGGAAGCUUGU,AGCCUUUUCAGGAAA,AGCCUUUUCAGGAAGCUUGU,True,False,False
Supplemental Table 1,1251,SNCA_3513_Asymmetric_2'-OMe Rich,P(mU)#(fG)#(mA)(mU)(mC)(fA)(mA)(mU)(mC)(mC)(mA)(mG)(mU)#(fC)#(mC)#(mU)#(mA)#(mG)#(mG)#(fU),(mG)#(mG)#(mA)(mU)(fC)(fA)(mA)(mU)(fC)(mC)(mA)(mG)(mU)#(mC)#(mA)-TegChol,GGAUCAAUCCAGUCCUAGGU,UGAUCAAUCCAGUCCUAGGU,GGAUCAAUCCAGUCA,GGAUCAAUCCAGUCCUAGGU,True,False,False
Supplemental Table 1,1252,SNCA_3564_Asymmetric_2'-OMe Rich,P(mU)#(fU)#(mC)(mA)(mG)(fC)(mC)(mU)(mC)(mA)(mU)(mA)(mU)#(fG)#(mA)#(mC)#(mU)#(mC)#(mC)#(fA),(mU)#(mU)#(mC)(mA)(fG)(fC)(mC)(mU)(fC)(mA)(mU)(mA)(mU)#(mG)#(mA)-TegChol,UUCAGCCUCAUAUGACUCCA,UUCAGCCUCAUAUGACUCCA,UUCAGCCUCAUAUGA,UUCAGCCUCAUAUGACUCCA,True,False,False
Supplemental Table 1,1253,SNCA_3618_Asymmetric_2'-OMe Rich,P(mU)#(fU)#(mG)(mG)(mC)(fA)(mC)(mA)(mC)(mA)(mA)(mU)(mU)#(fG)#(mG)#(mG)#(mA)#(mA)#(mC)#(fA),(mU)#(mU)#(mG)(mG)(fC)(fA)(mC)(mA)(fC)(mA)(mA)(mU)(mU)#(mG)#(mA)-TegChol,UUGGCACACAAUUGGGAACA,UUGGCACACAAUUGGGAACA,UUGGCACACAAUUGA,UUGGCACACAAUUGGGAACA,True,False,False
Supplemental Table 1,1254,SNCA_3740_Asymmetric_2'-OMe Rich,P(mU)#(fG)#(mU)(mA)(mU)(fG)(mU)(mA)(mG)(mC)(mU)(mA)(mU)#(fU)#(mU)#(mG)#(mU)#(mG)#(mA)#(fC),(mA)#(mG)#(mU)(mA)(fU)(fG)(mU)(mA)(fG)(mC)(mU)(mA)(mU)#(mU)#(mA)-TegChol,AGUAUGUAGCUAUUUGUGAC,UGUAUGUAGCUAUUUGUGAC,AGUAUGUAGCUAUUA,AGUAUGUAGCUAUUUGUGAC,True,False,False
Supplemental Table 6,6,SLC5A2_558_Asymmetric_2'-OMe/-F_Pattern 2,P(mC)#(fU)#(mG)(fG)(fG)(fC)(mA)(fU)(mC)(fA)(mC)(fC)(mA)(fU)#(mG)#(fA)#(mU)#(mU)#(mU)#(mU)#(fU),(mC)#(mU)#(mG)(fG)(mG)(fC)(mA)(fU)(mC)(fA)(mC)(mC)(mA)(fU)#(mG)#(mA)-TegChol,CUGGGCAUCACCAUGAUUUA,CUGGGCAUCACCAUGAUUUUU,CUGGGCAUCACCAUGA,CUGGGCAUCACCAUGAUUUA,True,False,False
Supplemental Table 6,7,SLC5A2_2010_Asymmetric_2'-OMe/-F_Pattern 2,P(mU)#(fU)#(mC)(fC)(fU)(fC)(mU)(fG)(mG)(fG)(mG)(fC)(mU)(fU)#(mC)#(fU)#(mA)#(mU)#(mG)#(mU)#(fU),(mU)#(mU)#(mC)(fC)(mU)(fC)(mU)(fG)(mG)(fG)(mG)(mC)(mU)(fU)#(mC)#(mA)-TegChol,UUCCUCUGGGGCUUCUAUGC,UUCCUCUGGGGCUUCUAUGUU,UUCCUCUGGGGCUUCA,UUCCUCUGGGGCUUCUAUGC,True,False,False
Supplemental Table 6,8,SLC5A2_693_Asymmetric_2'-OMe/-F_Pattern 2,P(mU)#(fC)#(mG)(fG)(fG)(fU)(mC)(fU)(mC)(fU)(mU)(fC)(mG)(fA)#(mC)#(fA)#(mA)#(mA)#(mU)#(mU)#(fU),(mU)#(mC)#(mG)(fG)(mG)(fU)(mC)(fU)(mC)(fU)(mU)(mC)(mG)(fA)#(mC)#(mA)-TegChol,UCGGGUCUCUUCGACAAAUA,UCGGGUCUCUUCGACAAAUUU,UCGGGUCUCUUCGACA,UCGGGUCUCUUCGACAAAUA,True,False,False
Supplemental Table 6,9,SLC5A2_228_Asymmetric_2'-OMe/-F_Pattern 2,P(mU)#(fU)#(mC)(fG)(fC)(fC)(mA)(fG)(mC)(fA)(mA)(fC)(mA)(fU)#(mC)#(fG)#(mG)#(mC)#(mA)#(mU)#(fU),(mU)#(mU)#(mC)(fG)(mC)(fC)(mA)(fG)(mC)(fA)(mA)(mC)(mA)(fU)#(mC)#(mA)-TegChol,UUCGCCAGCAACAUCGGCAG,UUCGCCAGCAACAUCGGCAUU,UUCGCCAGCAACAUCA,UUCGCCAGCAACAUCGGCAG,True,False,False
Supplemental Table 6,10,SLC5A2_1968_Asymmetric_2'-OMe/-F_Pattern 2,P(mG)#(fU)#(mG)(fG)(fU)(fC)(mA)(fA)(mC)(fC)(mU)(fC)(mA)(fA)#(mU)#(fG)#(mC)#(mC)#(mC)#(mU)#(fU),(mG)#(mU)#(mG)(fG)(mU)(fC)(mA)(fA)(mC)(fC)(mU)(mC)(mA)(fA)#(mU)#(mA)-TegChol,GUGGUCAACCUCAAUGCCCU,GUGGUCAACCUCAAUGCCCUU,GUGGUCAACCUCAAUA,GUGGUCAACCUCAAUGCCCU,True,False,False
Supplemental Table 6,11,SLC5A2_1141_Asymmetric_2'-OMe/-F_Pattern 2,P(mA)#(fC)#(mG)(fG)(fU)(fC)(mU)(fG)(mC)(fG)(mC)(fG)(mG)(fA)#(mC)#(fU)#(mC)#(mA)#(mU)#(mU)#(fU),(mA)#(mC)#(mG)(fG)(mU)(fC)(mU)(fG)(mC)(fG)(mC)(mG)(mG)(fA)#(mC)#(mA)-TegChol,ACGGUCUGCGCGGACUCAUG,ACGGUCUGCGCGGACUCAUUU,ACGGUCUGCGCGGACA,ACGGUCUGCGCGGACUCAUG,True,False,False
Supplemental Table 6,12,SLC5A2_2009_Asymmetric_2'-OMe/-F_Pattern 2,P(mG)#(fU)#(mU)(fC)(fC)(fU)(mC)(fU)(mG)(fG)(mG)(fG)(mC)(fU)#(mU)#(fC)#(mU)#(mA)#(mU)#(mU)#(fU),(mG)#(mU)#(mU)(fC)(mC)(fU)(mC)(fU)(mG)(fG)(mG)(mG)(mC)(fU)#(mU)#(mA)-TegChol,GUUCCUCUGGGGCUUCUAUG,GUUCCUCUGGGGCUUCUAUUU,GUUCCUCUGGGGCUUA,GUUCCUCUGGGGCUUCUAUG,True,False,False
Supplemental Table 6,13,SLC5A2_258_Asymmetric_2'-OMe/-F_Pattern 2,P(mG)#(fU)#(mG)(fG)(fG)(fC)(mC)(fU)(mG)(fG)(mC)(fA)(mG)(fG)#(mG)#(fA)#(mC)#(mU)#(mG)#(mU)#(fU),(mG)#(mU)#(mG)(fG)(mG)(fC)(mC)(fU)(mG)(fG)(mC)(mA)(mG)(fG)#(mG)#(mA)-TegChol,GUGGGCCUGGCAGGGACUGG,GUGGGCCUGGCAGGGACUGUU,GUGGGCCUGGCAGGGA,GUGGGCCUGGCAGGGACUGG,True,False,False
Supplemental Table 6,14,SLC5A2_559_Asymmetric_2'-OMe/-F_Pattern 2,P(mU)#(fG)#(mG)(fG)(fC)(fA)(mU)(fC)(mA)(fC)(mC)(fA)(mU)(fG)#(mA)#(fU)#(mU)#(mU)#(mA)#(mU)#(fU),(mU)#(mG)#(mG)(fG)(mC)(fA)(mU)(fC)(mA)(fC)(mC)(mA)(mU)(fG)#(mA)#(mA)-TegChol,UGGGCAUCACCAUGAUUUAC,UGGGCAUCACCAUGAUUUAUU,UGGGCAUCACCAUGAA,UGGGCAUCACCAUGAUUUAC,True,False,False
Supplemental Table 6,15,SLC5A2_309_Asymmetric_2'-OMe/-F_Pattern 2,P(mG)#(fA)#(mG)(fU)(fG)(fG)(mA)(fA)(mU)(fG)(mC)(fG)(mC)(fU)#(mC)#(fU)#(mU)#(mC)#(mG)#(mU)#(fU),(mG)#(mA)#(mG)(fU)(mG)(fG)(mA)(fA)(mU)(fG)(mC)(mG)(mC)(fU)#(mC)#(mA)-TegChol,GAGUGGAAUGCGCUCUUCGU,GAGUGGAAUGCGCUCUUCGUU,GAGUGGAAUGCGCUCA,GAGUGGAAUGCGCUCUUCGU,True,False,False
Supplemental Table 6,16,SLC5A2_1721_Asymmetric_2'-OMe/-F_Pattern 2,P(mA)#(fC)#(mG)(fG)(fG)(fA)(mG)(fG)(mA)(fC)(mC)(fU)(mG)(fG)#(mA)#(fU)#(mG)#(mC)#(mU)#(mU)#(fU),(mA)#(mC)#(mG)(fG)(mG)(fA)(mG)(fG)(mA)(fC)(mC)(mU)(mG)(fG)#(mA)#(mA)-TegChol,ACGGGAGGACCUGGAUGCUG,ACGGGAGGACCUGGAUGCUUU,ACGGGAGGACCUGGAA,ACGGGAGGACCUGGAUGCUG,True,False,False
Supplemental Table 6,17,SLC5A2_1530_Asymmetric_2'-OMe/-F_Pattern 2,P(mU)#(fU)#(mC)(fG)(fG)(fC)(mU)(fC)(mG)(fG)(mG)(fC)(mA)(fG)#(mC)#(fU)#(mG)#(mU)#(mG)#(mU)#(fU),(mU)#(mU)#(mC)(fG)(mG)(fC)(mU)(fC)(mG)(fG)(mG)(mC)(mA)(fG)#(mC)#(mA)-TegChol,UUCGGCUCGGGCAGCUGUGU,UUCGGCUCGGGCAGCUGUGUU,UUCGGCUCGGGCAGCA,UUCGGCUCGGGCAGCUGUGU,True,False,False
Supplemental Table 6,18,SLC5A2_1145_Asymmetric_2'-OMe/-F_Pattern 2,P(mU)#(fC)#(mU)(fG)(fC)(fG)(mC)(fG)(mG)(fA)(mC)(fU)(mC)(fA)#(mU)#(fG)#(mC)#(mU)#(mG)#(mU)#(fU),(mU)#(mC)#(mU)(fG)(mC)(fG)(mC)(fG)(mG)(fA)(mC)(mU)(mC)(fA)#(mU)#(mA)-TegChol,UCUGCGCGGACUCAUGCUGG,UCUGCGCGGACUCAUGCUGUU,UCUGCGCGGACUCAUA,UCUGCGCGGACUCAUGCUGG,True,False,False
Supplemental Table 6,19,SLC5A2_1969_Asymmetric_2'-OMe/-F_Pattern 2,P(mU)#(fG)#(mG)(fU)(fC)(fA)(mA)(fC)(mC)(fU)(mC)(fA)(mA)(fU)#(mG)#(fC)#(mC)#(mC)#(mU)#(mU)#(fU),(mU)#(mG)#(mG)(fU)(mC)(fA)(mA)(fC)(mC)(fU)(mC)(mA)(mA)(fU)#(mG)#(mA)-TegChol,UGGUCAACCUCAAUGCCCUG,UGGUCAACCUCAAUGCCCUUU,UGGUCAACCUCAAUGA,UGGUCAACCUCAAUGCCCUG,True,False,False
Supplemental Table 6,20,SLC5A2_1147_Asymmetric_2'-OMe/-F_Pattern 2,P(mU)#(fG)#(mC)(fG)(fC)(fG)(mG)(fA)(mC)(fU)(mC)(fA)(mU)(fG)#(mC)#(fU)#(mG)#(mG)#(mC)#(mU)#(fU),(mU)#(mG)#(mC)(fG)(mC)(fG)(mG)(fA)(mC)(fU)(mC)(mA)(mU)(fG)#(mC)#(mA)-TegChol,UGCGCGGACUCAUGCUGGCG,UGCGCGGACUCAUGCUGGCUU,UGCGCGGACUCAUGCA,UGCGCGGACUCAUGCUGGCG,True,False,False
Supplemental Table 6,21,SLC5A2_1722_Asymmetric_2'-OMe/-F_Pattern 2,P(mC)#(fG)#(mG)(fG)(fA)(fG)(mG)(fA)(mC)(fC)(mU)(fG)(mG)(fA)#(mU)#(fG)#(mC)#(mU)#(mG)#(mU)#(fU),(mC)#(mG)#(mG)(fG)(mA)(fG)(mG)(fA)(mC)(fC)(mU)(mG)(mG)(fA)#(mU)#(mA)-TegChol,CGGGAGGACCUGGAUGCUGA,CGGGAGGACCUGGAUGCUGUU,CGGGAGGACCUGGAUA,CGGGAGGACCUGGAUGCUGA,True,False,False
Supplemental Table 6,22,SLC5A2_990_Asymmetric_2'-OMe/-F_Pattern 2,P(mU)#(fU)#(mU)(fC)(fU)(fC)(mA)(fU)(mG)(fG)(mU)(fC)(mA)(fU)#(mG)#(fC)#(mC)#(mA)#(mG)#(mU)#(fU),(mU)#(mU)#(mU)(fC)(mU)(fC)(mA)(fU)(mG)(fG)(mU)(mC)(mA)(fU)#(mG)#(mA)-TegChol,UUUCUCAUGGUCAUGCCAGG,UUUCUCAUGGUCAUGCCAGUU,UUUCUCAUGGUCAUGA,UUUCUCAUGGUCAUGCCAGG,True,False,False
Supplemental Table 6,23,SLC5A2_1361_Asymmetric_2'-OMe/-F_Pattern 2,P(mC)#(fG)#(mG)(fG)(fC)(fA)(mG)(fC)(mU)(fC)(mU)(fU)(mC)(fG)#(mA)#(fU)#(mU)#(mA)#(mC)#(mU)#(fU),(mC)#(mG)#(mG)(fG)(mC)(fA)(mG)(fC)(mU)(fC)(mU)(mU)(mC)(fG)#(mA)#(mA)-TegChol,CGGGCAGCUCUUCGAUUACA,CGGGCAGCUCUUCGAUUACUU,CGGGCAGCUCUUCGAA,CGGGCAGCUCUUCGAUUACA,True,False,False
Supplemental Table 6,24,SLC5A2_557_Asymmetric_2'-OMe/-F_Pattern 2,P(mU)#(fC)#(mU)(fG)(fG)(fG)(mC)(fA)(mU)(fC)(mA)(fC)(mC)(fA)#(mU)#(fG)#(mA)#(mU)#(mU)#(mU)#(fU),(mU)#(mC)#(mU)(fG)(mG)(fG)(mC)(fA)(mU)(fC)(mA)(mC)(mC)(fA)#(mU)#(mA)-TegChol,UCUGGGCAUCACCAUGAUUU,UCUGGGCAUCACCAUGAUUUU,UCUGGGCAUCACCAUA,UCUGGGCAUCACCAUGAUUU,True,False,False
Supplemental Table 6,25,SLC5A2_171_Asymmetric_2'-OMe/-F_Pattern 2,P(mG)#(fG)#(mC)(fG)(fG)(fC)(mU)(fA)(mC)(fU)(mU)(fC)(mC)(fU)#(mG)#(fG)#(mC)#(mA)#(mG)#(mU)#(fU),(mG)#(mG)#(mC)(fG)(mG)(fC)(mU)(fA)(mC)(fU)(mU)(mC)(mC)(fU)#(mG)#(mA)-TegChol,GGCGGCUACUUCCUGGCAGG,GGCGGCUACUUCCUGGCAGUU,GGCGGCUACUUCCUGA,GGCGGCUACUUCCUGGCAGG,True,False,False
Supplemental Table 6,26,SLC5A2_316_Asymmetric_2'-OMe/-F_Pattern 2,P(mA)#(fU)#(mG)(fC)(fG)(fC)(mU)(fC)(mU)(fU)(mC)(fG)(mU)(fG)#(mG)#(fU)#(mG)#(mC)#(mU)#(mU)#(fU),(mA)#(mU)#(mG)(fC)(mG)(fC)(mU)(fC)(mU)(fU)(mC)(mG)(mU)(fG)#(mG)#(mA)-TegChol,AUGCGCUCUUCGUGGUGCUG,AUGCGCUCUUCGUGGUGCUUU,AUGCGCUCUUCGUGGA,AUGCGCUCUUCGUGGUGCUG,True,False,False
Supplemental Table 6,27,SLC5A2_311_Asymmetric_2'-OMe/-F_Pattern 2,P(mG)#(fU)#(mG)(fG)(fA)(fA)(mU)(fG)(mC)(fG)(mC)(fU)(mC)(fU)#(mU)#(fC)#(mG)#(mU)#(mG)#(mU)#(fU),(mG)#(mU)#(mG)(fG)(mA)(fA)(mU)(fG)(mC)(fG)(mC)(mU)(mC)(fU)#(mU)#(mA)-TegChol,GUGGAAUGCGCUCUUCGUGG,GUGGAAUGCGCUCUUCGUGUU,GUGGAAUGCGCUCUUA,GUGGAAUGCGCUCUUCGUGG,True,False,False
Supplemental Table 6,28,SLC5A2_259_Asymmetric_2'-OMe/-F_Pattern 2,P(mU)#(fG)#(mG)(fG)(fC)(fC)(mU)(fG)(mG)(fC)(mA)(fG)(mG)(fG)#(mA)#(fC)#(mU)#(mG)#(mG)#(mU)#(fU),(mU)#(mG)#(mG)(fG)(mC)(fC)(mU)(fG)(mG)(fC)(mA)(mG)(mG)(fG)#(mA)#(mA)-TegChol,UGGGCCUGGCAGGGACUGGC,UGGGCCUGGCAGGGACUGGUU,UGGGCCUGGCAGGGAA,UGGGCCUGGCAGGGACUGGC,True,False,False
Supplemental Table 6,29,SLC5A2_2004_Asymmetric_2'-OMe/-F_Pattern 2,P(mG)#(fC)#(mC)(fG)(fU)(fG)(mU)(fU)(mC)(fC)(mU)(fC)(mU)(fG)#(mG)#(fG)#(mG)#(mC)#(mU)#(mU)#(fU),(mG)#(mC)#(mC)(fG)(mU)(fG)(mU)(fU)(mC)(fC)(mU)(mC)(mU)(fG)#(mG)#(mA)-TegChol,GCCGUGUUCCUCUGGGGCUU,GCCGUGUUCCUCUGGGGCUUU,GCCGUGUUCCUCUGGA,GCCGUGUUCCUCUGGGGCUU,True,False,False
Supplemental Table 6,30,MECP2_1764_Asymmetric_2'-OMe/-F_Pattern 3,P(mU)#(fA)#(mU)(fC)(fG)(fG)(mG)(fA)(mA)(fG)(mC)(fU)(mU)(fU)#(mG)#(fU)#(mC)#(mA)#(mG)#(fA)#(mA),(mA)#(mC)#(mA)(fA)(mA)(fG)(mC)(fU)(mU)(fC)(mC)(mC)(mG)(fA)#(mU)#(mA)-TegChol,UCUGACAAAGCUUCCCGAUU,UAUCGGGAAGCUUUGUCAGAA,ACAAAGCUUCCCGAUA,UCUGACAAAGCUUCCCGAUU,False,True,True
Supplemental Table 6,31,HTT_10150_Asymmetric_2'-OMe/-F_Pattern 3,P(mU)#(fU)#(mA)(fA)(fU)(fC)(mU)(fC)(mU)(fU)(mU)(fA)(mC)(fU)#(mG)#(fA)#(mU)#(mA)#(mU)#(fA)#(mU),(mU)#(mC)#(mA)(fG)(mU)(fA)(mA)(fA)(mG)(fA)(mG)(mA)(mU)(fU)#(mA)#(mA)-TegChol,UAUAUCAGUAAAGAGAUUAA,UUAAUCUCUUUACUGAUAUAU,UCAGUAAAGAGAUUAA,UAUAUCAGUAAAGAGAUUAA,False,True,True
Supplemental Table 6,32,pp1a_416_Asymmetric_2'-OMe/-F_Pattern 4,P(mU)#(fC)#(mA)(fA)(fC)(fU)(mU)(fC)(mU)(fA)(mC)(fU)(mA)(fA)#(mG)#(fC)#(mC)#(mU)#(mU)#(mU)#(mU),(mG)#(mC)#(mU)(fU)(mA)(fG)(mU)(fA)(mG)(fA)(mA)(mG)(mU)(fU)#(mG)#(mA)-TegChol,UGUGGCUUAGUAGAAGUUGA,UCAACUUCUACUAAGCCUUUU,GCUUAGUAGAAGUUGA,UGUGGCUUAGUAGAAGUUGA,False,True,True
Supplemental Table 6,33,pp1a_8744_Asymmetric_2'-OMe/-F_Pattern 4,P(mU)#(fC)#(mA)(fG)(fC)(fA)(mU)(fG)(mU)(fU)(mU)(fG)(mU)(fU)#(mA)#(fG)#(mC)#(mU)#(mU)#(mU)#(mU),(mC)#(mU)#(mA)(fA)(mC)(fA)(mA)(fA)(mC)(fA)(mU)(mG)(mC)(fU)#(mG)#(mA)-TegChol,UUUGCUAACAAACAUGCUGA,UCAGCAUGUUUGUUAGCUUUU,CUAACAAACAUGCUGA,UUUGCUAACAAACAUGCUGA,False,True,True
Supplemental Table 6,34,pp1ab_18571_Asymmetric_2'-OMe/-F_Pattern 4,P(mU)#(fC)#(mA)(fA)(fA)(fU)(mA)(fC)(mG)(fA)(mC)(fU)(mC)(fU)#(mG)#(fU)#(mC)#(mU)#(mU)#(mU)#(mU),(mA)#(mC)#(mA)(fG)(mA)(fG)(mU)(fC)(mG)(fU)(mA)(mU)(mU)(fU)#(mG)#(mA)-TegChol,UCUGACAGAGUCGUAUUUGU,UCAAAUACGACUCUGUCUUUU,ACAGAGUCGUAUUUGA,UCUGACAGAGUCGUAUUUGU,False,True,True
Supplemental Table 6,35,pp1ab_21391_Asymmetric_2'-OMe/-F_Pattern 4,P(mU)#(fG)#(mA)(fA)(fA)(fU)(mU)(fU)(mA)(fC)(mU)(fC)(mA)(fU)#(mG)#(fU)#(mC)#(mU)#(mU)#(mU)#(mU),(mA)#(mC)#(mA)(fU)(mG)(fA)(mG)(fU)(mA)(fA)(mA)(mU)(mU)(fU)#(mC)#(mA)-TegChol,UUUGACAUGAGUAAAUUUCC,UGAAAUUUACUCAUGUCUUUU,ACAUGAGUAAAUUUCA,UUUGACAUGAGUAAAUUUCC,False,True,True
Supplemental Table 6,36,S_23174_Asymmetric_2'-OMe/-F_Pattern 4,P(mU)#(fU)#(mG)(fA)(fA)(fG)(mU)(fU)(mG)(fA)(mA)(fA)(mU)(fU)#(mG)#(fA)#(mC)#(mU)#(mU)#(mU)#(mU),(mU)#(mC)#(mA)(fA)(mU)(fU)(mU)(fC)(mA)(fA)(mC)(mU)(mU)(fC)#(mA)#(mA)-TegChol,UGUGUCAAUUUCAACUUCAA,UUGAAGUUGAAAUUGACUUUU,UCAAUUUCAACUUCAA,UGUGUCAAUUUCAACUUCAA,False,True,True
Supplemental Table 6,37,S_23240_Asymmetric_2'-OMe/-F_Pattern 4,P(mU)#(fC)#(mA)(fA)(fA)(fU)(mU)(fG)(mU)(fU)(mG)(fG)(mA)(fA)#(mA)#(fG)#(mG)#(mU)#(mU)#(mU)#(mU),(mC)#(mU)#(mU)(fU)(mC)(fC)(mA)(fA)(mC)(fA)(mA)(mU)(mU)(fU)#(mG)#(mA)-TegChol,CUGCCUUUCCAACAAUUUGG,UCAAAUUGUUGGAAAGGUUUU,CUUUCCAACAAUUUGA,CUGCCUUUCCAACAAUUUGG,False,True,True
Supplemental Table 6,38,3a_25868_Asymmetric_2'-OMe/-F_Pattern 4,P(mU)#(fG)#(mA)(fA)(fG)(fU)(mU)(fA)(mC)(fA)(mC)(fU)(mA)(fU)#(mU)#(fG)#(mU)#(mU)#(mU)#(mU)#(mU),(mC)#(mA)#(mA)(fU)(mA)(fG)(mU)(fG)(mU)(fA)(mA)(mC)(mU)(fU)#(mC)#(mA)-TegChol,CUUACAAUAGUGUAACUUCU,UGAAGUUACACUAUUGUUUUU,CAAUAGUGUAACUUCA,CUUACAAUAGUGUAACUUCU,False,True,True
Supplemental Table 6,39,3a_25870_Asymmetric_2'-OMe/-F_Pattern 4,P(mU)#(fA)#(mA)(fG)(fA)(fA)(mG)(fU)(mU)(fA)(mC)(fA)(mC)(fU)#(mA)#(fU)#(mU)#(mU)#(mU)#(mU)#(mU),(mA)#(mU)#(mA)(fG)(mU)(fG)(mU)(fA)(mA)(fC)(mU)(mU)(mC)(fU)#(mU)#(mA)-TegChol,UACAAUAGUGUAACUUCUUC,UAAGAAGUUACACUAUUUUUU,AUAGUGUAACUUCUUA,UACAAUAGUGUAACUUCUUC,False,True,True
Supplemental Table 6,40,E_26305_Asymmetric_2'-OMe/-F_Pattern 4,P(mU)#(fA)#(mG)(fA)(fA)(fU)(mA)(fC)(mC)(fA)(mC)(fG)(mA)(fA)#(mA)#(fG)#(mC)#(mU)#(mU)#(mU)#(mU),(mC)#(mU)#(mU)(fU)(mC)(fG)(mU)(fG)(mG)(fU)(mA)(mU)(mU)(fC)#(mU)#(mA)-TegChol,CUUGCUUUCGUGGUAUUCUU,UAGAAUACCACGAAAGCUUUU,CUUUCGUGGUAUUCUA,CUUGCUUUCGUGGUAUUCUU,False,True,True
Supplemental Table 6,41,E_26470_Asymmetric_2'-OMe/-F_Pattern 4,P(mU)#(fA)#(mU)(fA)(fA)(fU)(mA)(fU)(mU)(fU)(mA)(fG)(mU)(fU)#(mC)#(fG)#(mU)#(mU)#(mU)#(mU)#(mU),(mC)#(mG)#(mA)(fA)(mC)(fU)(mA)(fA)(mA)(fU)(mA)(mU)(mU)(fA)#(mU)#(mA)-TegChol,UAAACGAACUAAAUAUUAUA,UAUAAUAUUUAGUUCGUUUUU,CGAACUAAAUAUUAUA,UAAACGAACUAAAUAUUAUA,False,True,True
Supplemental Table 6,42,M_27014_Asymmetric_2'-OMe/-F_Pattern 4,P(mU)#(fA)#(mA)(fC)(fA)(fG)(mU)(fG)(mA)(fU)(mU)(fU)(mC)(fU)#(mU)#(fU)#(mA)#(mU)#(mU)#(mU)#(mU),(mA)#(mA)#(mA)(fG)(mA)(fA)(mA)(fU)(mC)(fA)(mC)(mU)(mG)(fU)#(mU)#(mA)-TegChol,GCCUAAAGAAAUCACUGUUG,UAACAGUGAUUUCUUUAUUUU,AAAGAAAUCACUGUUA,GCCUAAAGAAAUCACUGUUG,False,True,True
Supplemental Table 6,43,M_27123_Asymmetric_2'-OMe/-F_Pattern 4,P(mU)#(fU)#(mU)(fA)(fA)(fU)(mU)(fU)(mA)(fU)(mA)(fG)(mU)(fU)#(mG)#(fC)#(mC)#(mU)#(mU)#(mU)#(mU),(mG)#(mC)#(mA)(fA)(mC)(fU)(mA)(fU)(mA)(fA)(mA)(mU)(mU)(fA)#(mA)#(mA)-TegChol,AUUGGCAACUAUAAAUUAAA,UUUAAUUUAUAGUUGCCUUUU,GCAACUAUAAAUUAAA,AUUGGCAACUAUAAAUUAAA,False,True,True
Supplemental Table 6,44,7a_27656_Asymmetric_2'-OMe/-F_Pattern 4,P(mU)#(fU)#(mG)(fA)(fA)(fC)(mU)(fU)(mC)(fC)(mU)(fC)(mU)(fU)#(mG)#(fU)#(mC)#(mU)#(mU)#(mU)#(mU),(mA)#(mC)#(mA)(fA)(mG)(fA)(mG)(fG)(mA)(fA)(mG)(mU)(mU)(fC)#(mA)#(mA)-TegChol,UCAGACAAGAGGAAGUUCAA,UUGAACUUCCUCUUGUCUUUU,ACAAGAGGAAGUUCAA,UCAGACAAGAGGAAGUUCAA,False,True,True
Supplemental Table 6,45,7a_27751_Asymmetric_2'-OMe/-F_Pattern 4,P(mU)#(fG)#(mA)(fA)(fA)(fG)(mU)(fU)(mC)(fA)(mA)(fU)(mC)(fA)#(mU)#(fU)#(mC)#(mU)#(mU)#(mU)#(mU),(mA)#(mA)#(mU)(fG)(mA)(fU)(mU)(fG)(mA)(fA)(mC)(mU)(mU)(fU)#(mC)#(mA)-TegChol,ACAGAAUGAUUGAACUUUCA,UGAAAGUUCAAUCAUUCUUUU,AAUGAUUGAACUUUCA,ACAGAAUGAUUGAACUUUCA,False,True,True
Supplemental Table 6,46,8b_27940_Asymmetric_2'-OMe/-F_Pattern 4,P(mU)#(fA)#(mA)(fA)(fC)(fU)(mA)(fC)(mA)(fU)(mU)(fC)(mU)(fU)#(mG)#(fG)#(mU)#(mU)#(mU)#(mU)#(mU),(mC)#(mC)#(mA)(fA)(mG)(fA)(mA)(fU)(mG)(fU)(mA)(mG)(mU)(fU)#(mU)#(mA)-TegChol,UUCACCAAGAAUGUAGUUUA,UAAACUACAUUCUUGGUUUUU,CCAAGAAUGUAGUUUA,UUCACCAAGAAUGUAGUUUA,False,True,True
Supplemental Table 6,47,8b_28222_Asymmetric_2'-OMe/-F_Pattern 4,P(mU)#(fA)#(mC)(fA)(fC)(fG)(mA)(fA)(mC)(fG)(mU)(fC)(mA)(fU)#(mG)#(fA)#(mU)#(mU)#(mU)#(mU)#(mU),(mU)#(mC)#(mA)(fU)(mG)(fA)(mC)(fG)(mU)(fU)(mC)(mG)(mU)(fG)#(mU)#(mA)-TegChol,AGUAUCAUGACGUUCGUGUU,UACACGAACGUCAUGAUUUUU,UCAUGACGUUCGUGUA,AGUAUCAUGACGUUCGUGUU,False,True,True
Supplemental Table 6,48,N_29141_Asymmetric_2'-OMe/-F_Pattern 4,P(mU)#(fU)#(mU)(fC)(fC)(fU)(mU)(fG)(mU)(fC)(mU)(fG)(mA)(fU)#(mU)#(fA)#(mG)#(mU)#(mU)#(mU)#(mU),(mU)#(mA)#(mA)(fU)(mC)(fA)(mG)(fA)(mC)(fA)(mA)(mG)(mG)(fA)#(mA)#(mA)-TegChol,GAACUAAUCAGACAAGGAAC,UUUCCUUGUCUGAUUAGUUUU,UAAUCAGACAAGGAAA,GAACUAAUCAGACAAGGAAC,False,True,True
Supplemental Table 6,49,N_29293_Asymmetric_2'-OMe/-F_Pattern 4,P(mU)#(fG)#(mA)(fA)(fA)(fU)(mU)(fU)(mG)(fG)(mA)(fU)(mC)(fU)#(mU)#(fU)#(mG)#(mU)#(mU)#(mU)#(mU),(mA)#(mA)#(mA)(fG)(mA)(fU)(mC)(fC)(mA)(fA)(mA)(mU)(mU)(fU)#(mC)#(mA)-TegChol,UGACAAAGAUCCAAAUUUCA,UGAAAUUUGGAUCUUUGUUUU,AAAGAUCCAAAUUUCA,UGACAAAGAUCCAAAUUUCA,False,True,True
Supplemental Table 6,50,Furin_2711_Asymmetric_2'-OMe/-F_Pattern 4,P(mU)#(fA)#(mU)(fA)(fC)(fU)(mU)(fU)(mG)(fG)(mU)(fG)(mA)(fA)#(mU)#(fU)#(mA)#(mU)#(mU)#(mU)#(mU),(mA)#(mA)#(mU)(fU)(mC)(fA)(mC)(fC)(mA)(fA)(mA)(mG)(mU)(fA)#(mU)#(mA)-TegChol,UUUUAAUUCACCAAAGUAUU,UAUACUUUGGUGAAUUAUUUU,AAUUCACCAAAGUAUA,UUUUAAUUCACCAAAGUAUU,False,True,True
Supplemental Table 6,51,Furin_2712_Asymmetric_2'-OMe/-F_Pattern 4,P(mU)#(fA)#(mA)(fU)(fA)(fC)(mU)(fU)(mU)(fG)(mG)(fU)(mG)(fA)#(mA)#(fU)#(mU)#(mU)#(mU)#(mU)#(mU),(mA)#(mU)#(mU)(fC)(mA)(fC)(mC)(fA)(mA)(fA)(mG)(mU)(mA)(fU)#(mU)#(mA)-TegChol,UUUAAUUCACCAAAGUAUUU,UAAUACUUUGGUGAAUUUUUU,AUUCACCAAAGUAUUA,UUUAAUUCACCAAAGUAUUU,False,True,True
Supplemental Table 6,52,Furin_3524_Asymmetric_2'-OMe/-F_Pattern 4,P(mU)#(fG)#(mA)(fA)(fA)(fA)(mU)(fA)(mU)(fA)(mU)(fC)(mC)(fU)#(mC)#(fA)#(mA)#(mU)#(mU)#(mU)#(mU),(mU)#(mG)#(mA)(fG)(mG)(fA)(mU)(fA)(mU)(fA)(mU)(mU)(mU)(fU)#(mC)#(mA)-TegChol,UGUUUGAGGAUAUAUUUUCA,UGAAAAUAUAUCCUCAAUUUU,UGAGGAUAUAUUUUCA,UGUUUGAGGAUAUAUUUUCA,False,True,True
Supplemental Table 6,53,Ace2_784_Asymmetric_2'-OMe/-F_Pattern 4,P(mU)#(fA)#(mU)(fG)(fA)(fU)(mU)(fU)(mG)(fC)(mU)(fC)(mU)(fU)#(mG)#(fC)#(mC)#(mU)#(mU)#(mU)#(mU),(mG)#(mC)#(mA)(fA)(mG)(fA)(mG)(fC)(mA)(fA)(mA)(mU)(mC)(fA)#(mU)#(mA)-TegChol,GAUGGCAAGAGCAAAUCAUU,UAUGAUUUGCUCUUGCCUUUU,GCAAGAGCAAAUCAUA,GAUGGCAAGAGCAAAUCAUU,False,True,True
Supplemental Table 6,54,Ace2_908_Asymmetric_2'-OMe/-F_Pattern 4,P(mU)#(fA)#(mU)(fA)(fA)(fU)(mG)(fG)(mU)(fU)(mU)(fA)(mA)(fU)#(mC)#(fU)#(mC)#(mU)#(mU)#(mU)#(mU),(mA)#(mG)#(mA)(fU)(mU)(fA)(mA)(fA)(mC)(fC)(mA)(mU)(mU)(fA)#(mU)#(mA)-TegChol,GAAGAGAUUAAACCAUUAUA,UAUAAUGGUUUAAUCUCUUUU,AGAUUAAACCAUUAUA,GAAGAGAUUAAACCAUUAUA,False,True,True
Supplemental Table 6,55,Ace2_1071_Asymmetric_2'-OMe/-F_Pattern 4,P(mU)#(fA)#(mU)(fG)(fU)(fU)(mU)(fG)(mG)(fU)(mU)(fU)(mC)(fU)#(mG)#(fU)#(mC)#(mU)#(mU)#(mU)#(mU),(mA)#(mC)#(mA)(fG)(mA)(fA)(mA)(fC)(mC)(fA)(mA)(mA)(mC)(fA)#(mU)#(mA)-TegChol,UUGGACAGAAACCAAACAUA,UAUGUUUGGUUUCUGUCUUUU,ACAGAAACCAAACAUA,UUGGACAGAAACCAAACAUA,False,True,True
Supplemental Table 7,6,hATF5_1715_Asymmetric_2'-OMe/-F_Pattern 5,P(mU)#(fG)#(mC)(fA)(mA)(fG)(mA)(fG)(mA)(fG)(mG)(fU)(mG)#(fA)#(mU)#(fA)#(mA)#(fG)#(mC)#(fA),(fA)#(mU)#(fC)(mA)(fC)(mC)(fU)(mC)(fU)(mC)(fU)(mU)(fG)#(mC)#(fA)-TegChol,TGCTTATCACCTCTCTTGCG,UGCAAGAGAGGUGAUAAGCA,AUCACCUCUCUUGCA,UGCUUAUCACCUCUCUUGCG,False,True,True
Supplemental Table 7,7,hATF5_1755_Asymmetric_2'-OMe/-F_Pattern 5,P(mU)#(fU)#(mG)(fA)(mU)(fU)(mU)(fG)(mG)(fA)(mC)(fG)(mA)#(fG)#(mA)#(fA)#(mA)#(fG)#(mG)#(fA),(fU)#(mC)#(fU)(mC)(fG)(mU)(fC)(mC)(fA)(mA)(fA)(mU)(fC)#(mA)#(fA)-TegChol,TCCTTTCTCGTCCAAATCAT,UUGAUUUGGACGAGAAAGGA,UCUCGUCCAAAUCAA,UCCUUUCUCGUCCAAAUCAU,False,True,True
Supplemental Table 7,8,hATF5_1775_Asymmetric_2'-OMe/-F_Pattern 5,P(mU)#(fG)#(mA)(fC)(mU)(fA)(mA)(fG)(mG)(fC)(mC)(fA)(mA)#(fA)#(mC)#(fA)#(mU)#(fU)#(mU)#(fC),(fG)#(mU)#(fU)(mU)(fG)(mG)(fC)(mC)(fU)(mU)(fA)(mG)(fU)#(mC)#(fA)-TegChol,GAAATGTTTGGCCTTAGTCA,UGACUAAGGCCAAACAUUUC,GUUUGGCCUUAGUCA,GAAAUGUUUGGCCUUAGUCA,False,True,True
Supplemental Table 7,9,hATF5_1778_Asymmetric_2'-OMe/-F_Pattern 5,P(mU)#(fA)#(mU)(fU)(mG)(fA)(mC)(fU)(mA)(fA)(mG)(fG)(mC)#(fC)#(mA)#(fA)#(mA)#(fC)#(mA)#(fU),(fU)#(mG)#(fG)(mC)(fC)(mU)(fU)(mA)(fG)(mU)(fC)(mA)(fA)#(mU)#(fA)-TegChol,ATGTTTGGCCTTAGTCAATG,UAUUGACUAAGGCCAAACAU,UGGCCUUAGUCAAUA,AUGUUUGGCCUUAGUCAAUG,False,True,True
Supplemental Table 7,10,hATF5_1784_Asymmetric_2'-OMe/-F_Pattern 5,P(mU)#(fA)#(mU)(fA)(mG)(fA)(mC)(fA)(mU)(fU)(mG)(fA)(mC)#(fU)#(mA)#(fA)#(mG)#(fG)#(mC)#(fC),(fU)#(mA)#(fG)(mU)(fC)(mA)(fA)(mU)(fG)(mU)(fC)(mU)(fA)#(mU)#(fA)-TegChol,GGCCTTAGTCAATGTCTATG,UAUAGACAUUGACUAAGGCC,UAGUCAAUGUCUAUA,GGCCUUAGUCAAUGUCUAUG,False,True,True
Supplemental Table 7,11,hATF5_2140_Asymmetric_2'-OMe/-F_Pattern 5,P(mU)#(fU)#(mU)(fC)(mU)(fU)(mA)(fG)(mA)(fG)(mC)(fU)(mA)#(fA)#(mA)#(fA)#(mU)#(fG)#(mA)#(fA),(fU)#(mU)#(fU)(mA)(fG)(mC)(fU)(mC)(fU)(mA)(fA)(mG)(fA)#(mA)#(fA)-TegChol,TTCATTTTAGCTCTAAGAAA,UUUCUUAGAGCUAAAAUGAA,UUUAGCUCUAAGAAA,UUCAUUUUAGCUCUAAGAAA,False,True,True
Supplemental Table 7,12,hATF5_2231_Asymmetric_2'-OMe/-F_Pattern 5,P(mU)#(fU)#(mU)(fG)(mC)(fU)(mC)(fA)(mU)(fA)(mA)(fC)(mC)#(fU)#(mC)#(fC)#(mC)#(fA)#(mA)#(fA),(fG)#(mA)#(fG)(mG)(fU)(mU)(fA)(mU)(fG)(mA)(fG)(mC)(fA)#(mA)#(fA)-TegChol,TTTGGGAGGTTATGAGCAAA,UUUGCUCAUAACCUCCCAAA,GAGGUUAUGAGCAAA,UUUGGGAGGUUAUGAGCAAA,False,True,True
Supplemental Table 7,13,hATF5_619_Asymmetric_2'-OMe/-F_Pattern 5,P(mU)#(fU)#(mA)(fG)(mC)(fU)(mG)(fG)(mG)(fA)(mG)(fC)(mA)#(fG)#(mG)#(fG)#(mC)#(fC)#(mC)#(fU),(fC)#(mC)#(fU)(mG)(fC)(mU)(fC)(mC)(fC)(mA)(fG)(mC)(fU)#(mA)#(fA)-TegChol,AGGGCCCTGCTCCCAGCTAG,UUAGCUGGGAGCAGGGCCCU,CCUGCUCCCAGCUAA,AGGGCCCUGCUCCCAGCUAG,False,True,True
Supplemental Table 7,14,hATF5_645_Asymmetric_2'-OMe/-F_Pattern 5,P(mU)#(fA)#(mU)(fA)(mG)(fU)(mC)(fU)(mA)(fC)(mG)(fA)(mG)#(fC)#(mC)#(fA)#(mU)#(fC)#(mC)#(fC),(fG)#(mG)#(fC)(mU)(fC)(mG)(fU)(mA)(fG)(mA)(fC)(mU)(fA)#(mU)#(fA)-TegChol,GGGATGGCTCGTAGACTATG,UAUAGUCUACGAGCCAUCCC,GGCUCGUAGACUAUA,GGGAUGGCUCGUAGACUAUG,False,True,True
Supplemental Table 7,15,hATF5_649_Asymmetric_2'-OMe/-F_Pattern 5,P(mU)#(fU)#(mC)(fC)(mC)(fA)(mU)(fA)(mG)(fU)(mC)(fU)(mA)#(fC)#(mG)#(fA)#(mG)#(fC)#(mC)#(fA),(fC)#(mG)#(fU)(mA)(fG)(mA)(fC)(mU)(fA)(mU)(fG)(mG)(fG)#(mA)#(fA)-TegChol,TGGCTCGTAGACTATGGGAA,UUCCCAUAGUCUACGAGCCA,CGUAGACUAUGGGAA,UGGCUCGUAGACUAUGGGAA,False,True,True
Supplemental Table 7,16,hATF5_697_Asymmetric_2'-OMe/-F_Pattern 5,P(mU)#(fC)#(mC)(fC)(mC)(fA)(mA)(fG)(mG)(fA)(mC)(fC)(mU)#(fC)#(mA)#(fU)#(mA)#(fG)#(mG)#(fG),(fU)#(mG)#(fA)(mG)(fG)(mU)(fC)(mC)(fU)(mU)(fG)(mG)(fG)#(mG)#(fA)-TegChol,CCCTATGAGGTCCTTGGGGG,UCCCCAAGGACCUCAUAGGG,UGAGGUCCUUGGGGA,CCCUAUGAGGUCCUUGGGGG,False,True,True
Supplemental Table 7,17,hATF5_774_Asymmetric_2'-OMe/-F_Pattern 5,P(mU)#(fU)#(mC)(fG)(mC)(fU)(mC)(fA)(mG)(fU)(mC)(fA)(mU)#(fC)#(mC)#(fA)#(mG)#(fU)#(mC)#(fA),(fG)#(mG)#(fA)(mU)(fG)(mA)(fC)(mU)(fG)(mA)(fG)(mC)(fG)#(mA)#(fA)-TegChol,TGACTGGATGACTGAGCGAG,UUCGCUCAGUCAUCCAGUCA,GGAUGACUGAGCGAA,UGACUGGAUGACUGAGCGAG,False,True,True
Supplemental Table 7,18,hATF5_778_Asymmetric_2'-OMe/-F_Pattern 5,P(mU)#(fC)#(mA)(fA)(mC)(fU)(mC)(fG)(mC)(fU)(mC)(fA)(mG)#(fU)#(mC)#(fA)#(mU)#(fC)#(mC)#(fA),(fG)#(mA)#(fC)(mU)(fG)(mA)(fG)(mC)(fG)(mA)(fG)(mU)(fU)#(mG)#(fA)-TegChol,TGGATGACTGAGCGAGTTGA,UCAACUCGCUCAGUCAUCCA,GACUGAGCGAGUUGA,UGGAUGACUGAGCGAGUUGA,False,True,True
Supplemental Table 7,19,hATF5_902_Asymmetric_2'-OMe/-F_Pattern 5,P(mU)#(fU)#(mC)(fC)(mA)(fU)(mC)(fU)(mG)(fU)(mU)(fC)(mC)#(fA)#(mG)#(fC)#(mU)#(fC)#(mC)#(fU),(fC)#(mU)#(fG)(mG)(fA)(mA)(fC)(mA)(fG)(mA)(fU)(mG)(fG)#(mA)#(fA)-TegChol,AGGAGCTGGAACAGATGGAA,UUCCAUCUGUUCCAGCUCCU,CUGGAACAGAUGGAA,AGGAGCUGGAACAGAUGGAA,False,True,True
Supplemental Table 7,20,hATF5_906_Asymmetric_2'-OMe/-F_Pattern 5,P(mU)#(fG)#(mU)(fC)(mU)(fU)(mC)(fC)(mA)(fU)(mC)(fU)(mG)#(fU)#(mU)#(fC)#(mC)#(fA)#(mG)#(fC),(fA)#(mA)#(fC)(mA)(fG)(mA)(fU)(mG)(fG)(mA)(fA)(mG)(fA)#(mC)#(fA)-TegChol,GCTGGAACAGATGGAAGACT,UGUCUUCCAUCUGUUCCAGC,AACAGAUGGAAGACA,GCUGGAACAGAUGGAAGACU,False,True,True
Supplemental Table 7,21,hATF5_97_Asymmetric_2'-OMe/-F_Pattern 5,P(mU)#(fU)#(mC)(fC)(mU)(fU)(mG)(fC)(mU)(fU)(mG)(fC)(mA)#(fG)#(mA)#(fA)#(mU)#(fU)#(mU)#(fC),(fU)#(mC)#(fU)(mG)(fC)(mA)(fA)(mG)(fC)(mA)(fA)(mG)(fG)#(mA)#(fA)-TegChol,GAAATTCTGCAAGCAAGGAA,UUCCUUGCUUGCAGAAUUUC,UCUGCAAGCAAGGAA,GAAAUUCUGCAAGCAAGGAA,False,True,True
Supplemental Table 7,22,hHTT exon 1_146_Asymmetric_2'-OMe/-F_Pattern 5,P(mU)#(fG)#(mC)(fU)(mU)(fU)(mU)(fC)(mC)(fA)(mG)(fG)(mG)#(fU)#(mC)#(fG)#(mC)#(fC)#(mA)#(fU),(fG)#(mA)#(fC)(mC)(fC)(mU)(fG)(mG)(fA)(mA)(fA)(mA)(fG)#(mC)#(fA)-TegChol,ATGGCGACCCTGGAAAAGCT,UGCUUUUCCAGGGUCGCCAU,GACCCUGGAAAAGCA,AUGGCGACCCUGGAAAAGCU,False,True,True
Supplemental Table 7,23,hHTT exon 1_148_Asymmetric_2'-OMe/-F_Pattern 5,P(mU)#(fC)#(mA)(fG)(mC)(fU)(mU)(fU)(mU)(fC)(mC)(fA)(mG)#(fG)#(mG)#(fU)#(mC)#(fG)#(mC)#(fC),(fC)#(mC)#(fC)(mU)(fG)(mG)(fA)(mA)(fA)(mA)(fG)(mC)(fU)#(mG)#(fA)-TegChol,GGCGACCCTGGAAAAGCTGA,UCAGCUUUUCCAGGGUCGCC,CCCUGGAAAAGCUGA,GGCGACCCUGGAAAAGCUGA,False,True,True
Supplemental Table 7,24,hHTT exon 1_150_Asymmetric_2'-OMe/-F_Pattern 5,P(mU)#(fA)#(mU)(fC)(mA)(fG)(mC)(fU)(mU)(fU)(mU)(fC)(mC)#(fA)#(mG)#(fG)#(mG)#(fU)#(mC)#(fG),(fC)#(mU)#(fG)(mG)(fA)(mA)(fA)(mA)(fG)(mC)(fU)(mG)(fA)#(mU)#(fA)-TegChol,CGACCCTGGAAAAGCTGATG,UAUCAGCUUUUCCAGGGUCG,CUGGAAAAGCUGAUA,CGACCCUGGAAAAGCUGAUG,False,True,True
Supplemental Table 7,25,hHTT exon 1_153_Asymmetric_2'-OMe/-F_Pattern 5,P(mU)#(fU)#(mU)(fC)(mA)(fU)(mC)(fA)(mG)(fC)(mU)(fU)(mU)#(fU)#(mC)#(fC)#(mA)#(fG)#(mG)#(fG),(fG)#(mA)#(fA)(mA)(fA)(mG)(fC)(mU)(fG)(mA)(fU)(mG)(fA)#(mA)#(fA)-TegChol,CCCTGGAAAAGCTGATGAAG,UUUCAUCAGCUUUUCCAGGG,GAAAAGCUGAUGAAA,CCCUGGAAAAGCUGAUGAAG,False,True,True
Supplemental Table 7,26,hHTT exon 1_155_Asymmetric_2'-OMe/-F_Pattern 5,P(mU)#(fC)#(mC)(fU)(mU)(fC)(mA)(fU)(mC)(fA)(mG)(fC)(mU)#(fU)#(mU)#(fU)#(mC)#(fC)#(mA)#(fG),(fA)#(mA)#(fA)(mG)(fC)(mU)(fG)(mA)(fU)(mG)(fA)(mA)(fG)#(mG)#(fA)-TegChol,CTGGAAAAGCTGATGAAGGC,UCCUUCAUCAGCUUUUCCAG,AAAGCUGAUGAAGGA,CUGGAAAAGCUGAUGAAGGC,False,True,True
Supplemental Table 7,27,hHTT exon 1_157_Asymmetric_2'-OMe/-F_Pattern 5,P(mU)#(fG)#(mG)(fC)(mC)(fU)(mU)(fC)(mA)(fU)(mC)(fA)(mG)#(fC)#(mU)#(fU)#(mU)#(fU)#(mC)#(fC),(fA)#(mG)#(fC)(mU)(fG)(mA)(fU)(mG)(fA)(mA)(fG)(mG)(fC)#(mC)#(fA)-TegChol,GGAAAAGCTGATGAAGGCCT,UGGCCUUCAUCAGCUUUUCC,AGCUGAUGAAGGCCA,GGAAAAGCUGAUGAAGGCCU,False,True,True
Supplemental Table 7,28,hHTT exon 1_163_Asymmetric_2'-OMe/-F_Pattern 5,P(mU)#(fC)#(mU)(fC)(mG)(fA)(mA)(fG)(mG)(fC)(mC)(fU)(mU)#(fC)#(mA)#(fU)#(mC)#(fA)#(mG)#(fC),(fU)#(mG)#(fA)(mA)(fG)(mG)(fC)(mC)(fU)(mU)(fC)(mG)(fA)#(mG)#(fA)-TegChol,GCTGATGAAGGCCTTCGAGT,UCUCGAAGGCCUUCAUCAGC,UGAAGGCCUUCGAGA,GCUGAUGAAGGCCUUCGAGU,False,True,True
Supplemental Table 7,29,hHTT exon 1_165_Asymmetric_2'-OMe/-F_Pattern 5,P(mU)#(fG)#(mA)(fC)(mU)(fC)(mG)(fA)(mA)(fG)(mG)(fC)(mC)#(fU)#(mU)#(fC)#(mA)#(fU)#(mC)#(fA),(fA)#(mA)#(fG)(mG)(fC)(mC)(fU)(mU)(fC)(mG)(fA)(mG)(fU)#(mC)#(fA)-TegChol,TGATGAAGGCCTTCGAGTCC,UGACUCGAAGGCCUUCAUCA,AAGGCCUUCGAGUCA,UGAUGAAGGCCUUCGAGUCC,False,True,True
Supplemental Table 7,30,hHTT exon 1_171_Asymmetric_2'-OMe/-F_Pattern 5,P(mU)#(fU)#(mU)(fG)(mA)(fG)(mG)(fG)(mA)(fC)(mU)(fC)(mG)#(fA)#(mA)#(fG)#(mG)#(fC)#(mC)#(fU),(fU)#(mU)#(fC)(mG)(fA)(mG)(fU)(mC)(fC)(mC)(fU)(mC)(fA)#(mA)#(fA)-TegChol,AGGCCTTCGAGTCCCTCAAG,UUUGAGGGACUCGAAGGCCU,UUCGAGUCCCUCAAA,AGGCCUUCGAGUCCCUCAAG,False,True,True
Supplemental Table 7,31,hHTT exon 1_173_Asymmetric_2'-OMe/-F_Pattern 5,P(mU)#(fA)#(mC)(fU)(mU)(fG)(mA)(fG)(mG)(fG)(mA)(fC)(mU)#(fC)#(mG)#(fA)#(mA)#(fG)#(mG)#(fC),(fC)#(mG)#(fA)(mG)(fU)(mC)(fC)(mC)(fU)(mC)(fA)(mA)(fG)#(mU)#(fA)-TegChol,GCCTTCGAGTCCCTCAAGTC,UACUUGAGGGACUCGAAGGC,CGAGUCCCUCAAGUA,GCCUUCGAGUCCCUCAAGUC,False,True,True
Supplemental Table 7,32,hHTT exon 1_175_Asymmetric_2'-OMe/-F_Pattern 5,P(mU)#(fG)#(mG)(fA)(mC)(fU)(mU)(fG)(mA)(fG)(mG)(fG)(mA)#(fC)#(mU)#(fC)#(mG)#(fA)#(mA)#(fG),(fA)#(mG)#(fU)(mC)(fC)(mC)(fU)(mC)(fA)(mA)(fG)(mU)(fC)#(mC)#(fA)-TegChol,CTTCGAGTCCCTCAAGTCCT,UGGACUUGAGGGACUCGAAG,AGUCCCUCAAGUCCA,CUUCGAGUCCCUCAAGUCCU,False,True,True
Supplemental Table 7,33,hHTT exon 1_177_Asymmetric_2'-OMe/-F_Pattern 5,P(mU)#(fA)#(mA)(fG)(mG)(fA)(mC)(fU)(mU)(fG)(mA)(fG)(mG)#(fG)#(mA)#(fC)#(mU)#(fC)#(mG)#(fA),(fU)#(mC)#(fC)(mC)(fU)(mC)(fA)(mA)(fG)(mU)(fC)(mC)(fU)#(mU)#(fA)-TegChol,TCGAGTCCCTCAAGTCCTTC,UAAGGACUUGAGGGACUCGA,UCCCUCAAGUCCUUA,UCGAGUCCCUCAAGUCCUUC,False,True,True
Supplemental Table 7,34,hHTT exon 1_179_Asymmetric_2'-OMe/-F_Pattern 5,P(mU)#(fG)#(mG)(fA)(mA)(fG)(mG)(fA)(mC)(fU)(mU)(fG)(mA)#(fG)#(mG)#(fG)#(mA)#(fC)#(mU)#(fC),(fC)#(mC)#(fU)(mC)(fA)(mA)(fG)(mU)(fC)(mC)(fU)(mU)(fC)#(mC)#(fA)-TegChol,GAGTCCCTCAAGTCCTTCCA,UGGAAGGACUUGAGGGACUC,CCUCAAGUCCUUCCA,GAGUCCCUCAAGUCCUUCCA,False,True,True
Supplemental Table 7,35,hHTT exon 1_182_Asymmetric_2'-OMe/-F_Pattern 5,P(mU)#(fG)#(mC)(fU)(mG)(fG)(mA)(fA)(mG)(fG)(mA)(fC)(mU)#(fU)#(mG)#(fA)#(mG)#(fG)#(mG)#(fA),(fC)#(mA)#(fA)(mG)(fU)(mC)(fC)(mU)(fU)(mC)(fC)(mA)(fG)#(mC)#(fA)-TegChol,TCCCTCAAGTCCTTCCAGCA,UGCUGGAAGGACUUGAGGGA,CAAGUCCUUCCAGCA,UCCCUCAAGUCCUUCCAGCA,False,True,True
Supplemental Table 7,36,hHTT exon 1_252_Asymmetric_2'-OMe/-F_Pattern 5,P(mU)#(fG)#(mG)(fC)(mG)(fG)(mC)(fU)(mG)(fU)(mU)(fG)(mC)#(fU)#(mG)#(fC)#(mU)#(fG)#(mC)#(fU),(fC)#(mA)#(fG)(mC)(fA)(mA)(fC)(mA)(fG)(mC)(fC)(mG)(fC)#(mC)#(fA)-TegChol,AGCAGCAGCAACAGCCGCCA,UGGCGGCUGUUGCUGCUGCU,CAGCAACAGCCGCCA,AGCAGCAGCAACAGCCGCCA,False,True,True
Supplemental Table 7,37,hHTT exon 1_255_Asymmetric_2'-OMe/-F_Pattern 5,P(mU)#(fG)#(mG)(fU)(mG)(fG)(mC)(fG)(mG)(fC)(mU)(fG)(mU)#(fU)#(mG)#(fC)#(mU)#(fG)#(mC)#(fU),(fC)#(mA)#(fA)(mC)(fA)(mG)(fC)(mC)(fG)(mC)(fC)(mA)(fC)#(mC)#(fA)-TegChol,AGCAGCAACAGCCGCCACCG,UGGUGGCGGCUGUUGCUGCU,CAACAGCCGCCACCA,AGCAGCAACAGCCGCCACCG,False,True,True
Supplemental Table 7,38,hHTT exon 1_291_Asymmetric_2'-OMe/-F_Pattern 5,P(mU)#(fU)#(mG)(fA)(mG)(fG)(mA)(fA)(mG)(fC)(mU)(fG)(mA)#(fG)#(mG)#(fA)#(mG)#(fG)#(mC)#(fG),(fC)#(mC)#(fU)(mC)(fA)(mG)(fC)(mU)(fU)(mC)(fC)(mU)(fC)#(mA)#(fA)-TegChol,CGCCTCCTCAGCTTCCTCAG,UUGAGGAAGCUGAGGAGGCG,CCUCAGCUUCCUCAA,CGCCUCCUCAGCUUCCUCAG,False,True,True
Supplemental Table 7,39,hHTT exon 1_293_Asymmetric_2'-OMe/-F_Pattern 5,P(mU)#(fG)#(mC)(fU)(mG)(fA)(mG)(fG)(mA)(fA)(mG)(fC)(mU)#(fG)#(mA)#(fG)#(mG)#(fA)#(mG)#(fG),(fU)#(mC)#(fA)(mG)(fC)(mU)(fU)(mC)(fC)(mU)(fC)(mA)(fG)#(mC)#(fA)-TegChol,CCTCCTCAGCTTCCTCAGCC,UGCUGAGGAAGCUGAGGAGG,UCAGCUUCCUCAGCA,CCUCCUCAGCUUCCUCAGCC,False,True,True
Supplemental Table 7,40,hHTT exon 1_295_Asymmetric_2'-OMe/-F_Pattern 5,P(mU)#(fC)#(mG)(fG)(mC)(fU)(mG)(fA)(mG)(fG)(mA)(fA)(mG)#(fC)#(mU)#(fG)#(mA)#(fG)#(mG)#(fA),(fA)#(mG)#(fC)(mU)(fU)(mC)(fC)(mU)(fC)(mA)(fG)(mC)(fC)#(mG)#(fA)-TegChol,TCCTCAGCTTCCTCAGCCGC,UCGGCUGAGGAAGCUGAGGA,AGCUUCCUCAGCCGA,UCCUCAGCUUCCUCAGCCGC,False,True,True
Supplemental Table 7,41,hHTT exon 1_323_Asymmetric_2'-OMe/-F_Pattern 5,P(mU)#(fG)#(mA)(fG)(mG)(fC)(mA)(fG)(mC)(fA)(mG)(fC)(mG)#(fG)#(mC)#(fU)#(mG)#(fU)#(mG)#(fC),(fG)#(mC)#(fC)(mG)(fC)(mU)(fG)(mC)(fU)(mG)(fC)(mC)(fU)#(mC)#(fA)-TegChol,GCACAGCCGCTGCTGCCTCA,UGAGGCAGCAGCGGCUGUGC,GCCGCUGCUGCCUCA,GCACAGCCGCUGCUGCCUCA,False,True,True
Supplemental Table 7,42,hHTT exon 1_386_Asymmetric_2'-OMe/-F_Pattern 5,P(mU)#(fG)#(mC)(fG)(mG)(fC)(mU)(fC)(mC)(fU)(mC)(fA)(mG)#(fC)#(mC)#(fA)#(mC)#(fA)#(mG)#(fC),(fG)#(mG)#(fC)(mU)(fG)(mA)(fG)(mG)(fA)(mG)(fC)(mC)(fG)#(mC)#(fA)-TegChol,GCTGTGGCTGAGGAGCCGCT,UGCGGCUCCUCAGCCACAGC,GGCUGAGGAGCCGCA,GCUGUGGCUGAGGAGCCGCU,False,True,True
Supplemental Table 7,43,hHTT exon 1_390_Asymmetric_2'-OMe/-F_Pattern 5,P(mU)#(fU)#(mG)(fC)(mA)(fG)(mC)(fG)(mG)(fC)(mU)(fC)(mC)#(fU)#(mC)#(fA)#(mG)#(fC)#(mC)#(fA),(fG)#(mA)#(fG)(mG)(fA)(mG)(fC)(mC)(fG)(mC)(fU)(mG)(fC)#(mA)#(fA)-TegChol,TGGCTGAGGAGCCGCTGCAC,UUGCAGCGGCUCCUCAGCCA,GAGGAGCCGCUGCAA,UGGCUGAGGAGCCGCUGCAC,False,True,True
Supplemental Table 7,44,hHTT exon 1_394_Asymmetric_2'-OMe/-F_Pattern 5,P(mU)#(fU)#(mC)(fG)(mG)(fU)(mG)(fC)(mA)(fG)(mC)(fG)(mG)#(fC)#(mU)#(fC)#(mC)#(fU)#(mC)#(fA),(fA)#(mG)#(fC)(mC)(fG)(mC)(fU)(mG)(fC)(mA)(fC)(mC)(fG)#(mA)#(fA)-TegChol,TGAGGAGCCGCTGCACCGAC,UUCGGUGCAGCGGCUCCUCA,AGCCGCUGCACCGAA,UGAGGAGCCGCUGCACCGAC,False,True,True
Supplemental Table 7,45,hHTT exon 1_397_Asymmetric_2'-OMe/-F_Pattern 5,P(mU)#(fU)#(mG)(fG)(mU)(fC)(mG)(fG)(mU)(fG)(mC)(fA)(mG)#(fC)#(mG)#(fG)#(mC)#(fU)#(mC)#(fC),(fC)#(mG)#(fC)(mU)(fG)(mC)(fA)(mC)(fC)(mG)(fA)(mC)(fC)#(mA)#(fA)-TegChol,GGAGCCGCTGCACCGACCAA,UUGGUCGGUGCAGCGGCUCC,CGCUGCACCGACCAA,GGAGCCGCUGCACCGACCAA,False,True,True
Supplemental Table 7,46,hHTT_152_Asymmetric_2'-OMe/-F_Pattern 5,P(mU)#(fU)#(mC)(fA)(mU)(fC)(mA)(fG)(mC)(fU)(mU)(fU)(mU)#(fC)#(mC)#(fA)#(mG)#(fG)#(mG)#(fU),(fG)#(mG)#(fA)(mA)(fA)(mA)(fG)(mC)(fU)(mG)(fA)(mU)(fG)#(mA)#(fA)-TegChol,ACCCTGGAAAAGCTGATGAA,UUCAUCAGCUUUUCCAGGGU,GGAAAAGCUGAUGAA,ACCCUGGAAAAGCUGAUGAA,False,True,True
Supplemental Table 7,47,hHTT_170_Asymmetric_2'-OMe/-F_Pattern 5,P(mU)#(fU)#(mG)(fA)(mG)(fG)(mG)(fA)(mC)(fU)(mC)(fG)(mA)#(fA)#(mG)#(fG)#(mC)#(fC)#(mU)#(fU),(fC)#(mU)#(fU)(mC)(fG)(mA)(fG)(mU)(fC)(mC)(fC)(mU)(fC)#(mA)#(fA)-TegChol,AAGGCCTTCGAGTCCCTCAA,UUGAGGGACUCGAAGGCCUU,CUUCGAGUCCCUCAA,AAGGCCUUCGAGUCCCUCAA,False,True,True
Supplemental Table 7,48,hHTT_402_Asymmetric_2'-OMe/-F_Pattern 5,P(mU)#(fU)#(mU)(fC)(mU)(fU)(mU)(fG)(mG)(fU)(mC)(fG)(mG)#(fU)#(mG)#(fC)#(mA)#(fG)#(mC)#(fG),(fC)#(mA)#(fC)(mC)(fG)(mA)(fC)(mC)(fA)(mA)(fA)(mG)(fA)#(mA)#(fA)-TegChol,CGCTGCACCGACCAAAGAAA,UUUCUUUGGUCGGUGCAGCG,CACCGACCAAAGAAA,CGCUGCACCGACCAAAGAAA,False,True,True
Supplemental Table 7,49,hHTT_420_Asymmetric_2'-OMe/-F_Pattern 5,P(mU)#(fU)#(mU)(fG)(mG)(fU)(mA)(fG)(mC)(fU)(mG)(fA)(mA)#(fA)#(mG)#(fU)#(mU)#(fC)#(mU)#(fU),(fC)#(mU)#(fU)(mU)(fC)(mA)(fG)(mC)(fU)(mA)(fC)(mC)(fA)#(mA)#(fA)-TegChol,AAGAACTTTCAGCTACCAAG,UUUGGUAGCUGAAAGUUCUU,CUUUCAGCUACCAAA,AAGAACUUUCAGCUACCAAG,False,True,True
Supplemental Table 7,50,hHTT_430_Asymmetric_2'-OMe/-F_Pattern 5,P(mU)#(fA)#(mC)(fG)(mG)(fU)(mC)(fU)(mU)(fU)(mC)(fU)(mU)#(fG)#(mG)#(fU)#(mA)#(fG)#(mC)#(fU),(fC)#(mC)#(fA)(mA)(fG)(mA)(fA)(mA)(fG)(mA)(fC)(mC)(fG)#(mU)#(fA)-TegChol,AGCTACCAAGAAAGACCGTG,UACGGUCUUUCUUGGUAGCU,CCAAGAAAGACCGUA,AGCUACCAAGAAAGACCGUG,False,True,True
Supplemental Table 7,51,hHTT_446_Asymmetric_2'-OMe/-F_Pattern 5,P(mU)#(fU)#(mC)(fA)(mG)(fA)(mC)(fA)(mA)(fU)(mG)(fA)(mU)#(fU)#(mC)#(fA)#(mC)#(fA)#(mC)#(fG),(fG)#(mA)#(fA)(mU)(fC)(mA)(fU)(mU)(fG)(mU)(fC)(mU)(fG)#(mA)#(fA)-TegChol,CGTGTGAATCATTGTCTGAC,UUCAGACAAUGAUUCACACG,GAAUCAUUGUCUGAA,CGUGUGAAUCAUUGUCUGAC,False,True,True
Supplemental Table 7,52,hHTT_454_Asymmetric_2'-OMe/-F_Pattern 5,P(mU)#(fA)#(mC)(fA)(mU)(fA)(mU)(fU)(mG)(fU)(mC)(fA)(mG)#(fA)#(mC)#(fA)#(mA)#(fU)#(mG)#(fA),(fG)#(mU)#(fC)(mU)(fG)(mA)(fC)(mA)(fA)(mU)(fA)(mU)(fG)#(mU)#(fA)-TegChol,TCATTGTCTGACAATATGTG,UACAUAUUGUCAGACAAUGA,GUCUGACAAUAUGUA,UCAUUGUCUGACAAUAUGUG,False,True,True
Supplemental Table 7,53,hHTT_462_Asymmetric_2'-OMe/-F_Pattern 5,P(mU)#(fA)#(mU)(fG)(mU)(fU)(mU)(fU)(mC)(fA)(mC)(fA)(mU)#(fA)#(mU)#(fU)#(mG)#(fU)#(mC)#(fA),(fA)#(mU)#(fA)(mU)(fG)(mU)(fG)(mA)(fA)(mA)(fA)(mC)(fA)#(mU)#(fA)-TegChol,TGACAATATGTGAAAACATA,UAUGUUUUCACAUAUUGUCA,AUAUGUGAAAACAUA,UGACAAUAUGUGAAAACAUA,False,True,True
Supplemental Table 7,54,hHTT_467_Asymmetric_2'-OMe/-F_Pattern 5,P(mU)#(fC)#(mC)(fA)(mC)(fU)(mA)(fU)(mG)(fU)(mU)(fU)(mU)#(fC)#(mA)#(fC)#(mA)#(fU)#(mA)#(fU),(fU)#(mG)#(fA)(mA)(fA)(mA)(fC)(mA)(fU)(mA)(fG)(mU)(fG)#(mG)#(fA)-TegChol,ATATGTGAAAACATAGTGGC,UCCACUAUGUUUUCACAUAU,UGAAAACAUAGUGGA,AUAUGUGAAAACAUAGUGGC,False,True,True
Supplemental Table 7,55,hHTT_211_Asymmetric_2'-OMe/-F_Pattern 5,P(mU)#(fC)#(mU)(fG)(mC)(fU)(mG)(fC)(mU)(fG)(mC)(fU)(mG)#(fC)#(mU)#(fG)#(mC)#(fU)#(mG)#(fC),(fA)#(mG)#(fC)(mA)(fG)(mC)(fA)(mG)(fC)(mA)(fG)(mC)(fA)#(mG)#(fA)-TegChol,CCAGCAGCAGCAGCAGCAGC,UCUGCUGCUGCUGCUGCUGC,AGCAGCAGCAGCAGA,CCAGCAGCAGCAGCAGCAGC,False,True,True
Supplemental Table 7,56,hSOD1_205_Asymmetric_2'-OMe/-F_Pattern 5,P(mU)#(fU)#(mU)(fC)(mC)(fU)(mU)(fC)(mU)(fG)(mC)(fU)(mC)#(fG)#(mA)#(fA)#(mA)#(fU)#(mU)#(fG),(fU)#(mC)#(fG)(mA)(fG)(mC)(fA)(mG)(fA)(mA)(fG)(mG)(fA)#(mA)#(fA)-TegChol,CAATTTCGAGCAGAAGGAAA,UUUCCUUCUGCUCGAAAUUG,UCGAGCAGAAGGAAA,CAAUUUCGAGCAGAAGGAAA,False,True,True
Supplemental Table 7,57,hSOD1_221_Asymmetric_2'-OMe/-F_Pattern 5,P(mU)#(fU)#(mC)(fA)(mC)(fU)(mG)(fG)(mU)(fC)(mC)(fA)(mU)#(fU)#(mA)#(fC)#(mU)#(fU)#(mU)#(fC),(fU)#(mA)#(fA)(mU)(fG)(mG)(fA)(mC)(fC)(mA)(fG)(mU)(fG)#(mA)#(fA)-TegChol,GAAAGTAATGGACCAGTGAA,UUCACUGGUCCAUUACUUUC,UAAUGGACCAGUGAA,GAAAGUAAUGGACCAGUGAA,False,True,True
Supplemental Table 7,58,hSOD1_252_Asymmetric_2'-OMe/-F_Pattern 5,P(mU)#(fU)#(mC)(fA)(mG)(fU)(mC)(fA)(mG)(fU)(mC)(fC)(mU)#(fU)#(mU)#(fA)#(mA)#(fU)#(mG)#(fC),(fA)#(mA)#(fA)(mG)(fG)(mA)(fC)(mU)(fG)(mA)(fC)(mU)(fG)#(mA)#(fA)-TegChol,GCATTAAAGGACTGACTGAA,UUCAGUCAGUCCUUUAAUGC,AAAGGACUGACUGAA,GCAUUAAAGGACUGACUGAA,False,True,True
Supplemental Table 7,59,hSOD1_406_Asymmetric_2'-OMe/-F_Pattern 5,P(mU)#(fU)#(mU)(fU)(mG)(fU)(mC)(fA)(mG)(fC)(mA)(fG)(mU)#(fC)#(mA)#(fC)#(mA)#(fU)#(mU)#(fG),(fU)#(mG)#(fA)(mC)(fU)(mG)(fC)(mU)(fG)(mA)(fC)(mA)(fA)#(mA)#(fA)-TegChol,CAATGTGACTGCTGACAAAG,UUUUGUCAGCAGUCACAUUG,UGACUGCUGACAAAA,CAAUGUGACUGCUGACAAAG,False,True,True
Supplemental Table 7,60,hSOD1_466_Asymmetric_2'-OMe/-F_Pattern 5,P(mU)#(fG)#(mC)(fA)(mA)(fU)(mG)(fG)(mU)(fC)(mU)(fC)(mC)#(fU)#(mG)#(fA)#(mG)#(fA)#(mG)#(fU),(fC)#(mA)#(fG)(mG)(fA)(mG)(fA)(mC)(fC)(mA)(fU)(mU)(fG)#(mC)#(fA)-TegChol,ACTCTCAGGAGACCATTGCA,UGCAAUGGUCUCCUGAGAGU,CAGGAGACCAUUGCA,ACUCUCAGGAGACCAUUGCA,False,True,True
Supplemental Table 7,61,hSOD1_524_Asymmetric_2'-OMe/-F_Pattern 5,P(mU)#(fU)#(mU)(fC)(mC)(fA)(mC)(fC)(mU)(fU)(mU)(fG)(mC)#(fC)#(mC)#(fA)#(mA)#(fG)#(mU)#(fC),(fG)#(mG)#(fG)(mC)(fA)(mA)(fA)(mG)(fG)(mU)(fG)(mG)(fA)#(mA)#(fA)-TegChol,GACTTGGGCAAAGGTGGAAA,UUUCCACCUUUGCCCAAGUC,GGGCAAAGGUGGAAA,GACUUGGGCAAAGGUGGAAA,False,True,True
Supplemental Table 7,62,hSOD1_595_Asymmetric_2'-OMe/-F_Pattern 5,P(mU)#(fU)#(mU)(fA)(mU)(fU)(mG)(fG)(mG)(fC)(mG)(fA)(mU)#(fC)#(mC)#(fC)#(mA)#(fA)#(mU)#(fU),(fG)#(mG)#(fA)(mU)(fC)(mG)(fC)(mC)(fC)(mA)(fA)(mU)(fA)#(mA)#(fA)-TegChol,AATTGGGATCGCCCAATAAA,UUUAUUGGGCGAUCCCAAUU,GGAUCGCCCAAUAAA,AAUUGGGAUCGCCCAAUAAA,False,True,True
Supplemental Table 7,63,hSOD1_657_Asymmetric_2'-OMe/-F_Pattern 5,P(mU)#(fU)#(mU)(fU)(mC)(fU)(mA)(fC)(mA)(fG)(mC)(fU)(mA)#(fG)#(mC)#(fA)#(mG)#(fG)#(mA)#(fU),(fG)#(mC)#(fU)(mA)(fG)(mC)(fU)(mG)(fU)(mA)(fG)(mA)(fA)#(mA)#(fA)-TegChol,ATCCTGCTAGCTGTAGAAAT,UUUUCUACAGCUAGCAGGAU,GCUAGCUGUAGAAAA,AUCCUGCUAGCUGUAGAAAU,False,True,True
Supplemental Table 7,64,hSOD1_681_Asymmetric_2'-OMe/-F_Pattern 5,P(mU)#(fG)#(mU)(fG)(mU)(fU)(mU)(fA)(mA)(fU)(mG)(fU)(mU)#(fU)#(mA)#(fU)#(mC)#(fA)#(mG)#(fG),(fU)#(mA)#(fA)(mA)(fC)(mA)(fU)(mU)(fA)(mA)(fA)(mC)(fA)#(mC)#(fA)-TegChol,CCTGATAAACATTAAACACT,UGUGUUUAAUGUUUAUCAGG,UAAACAUUAAACACA,CCUGAUAAACAUUAAACACU,False,True,True
Supplemental Table 7,65,hSOD1_693_Asymmetric_2'-OMe/-F_Pattern 5,P(mU)#(fU)#(mU)(fU)(mA)(fA)(mG)(fA)(mU)(fU)(mA)(fC)(mA)#(fG)#(mU)#(fG)#(mU)#(fU)#(mU)#(fA),(fA)#(mC)#(fU)(mG)(fU)(mA)(fA)(mU)(fC)(mU)(fU)(mA)(fA)#(mA)#(fA)-TegChol,TAAACACTGTAATCTTAAAA,UUUUAAGAUUACAGUGUUUA,ACUGUAAUCUUAAAA,UAAACACUGUAAUCUUAAAA,False,True,True
Supplemental Table 7,66,hSOD1_744_Asymmetric_2'-OMe/-F_Pattern 5,P(mU)#(fU)#(mC)(fU)(mC)(fA)(mC)(fU)(mA)(fC)(mA)(fG)(mG)#(fU)#(mA)#(fC)#(mU)#(fU)#(mU)#(fA),(fU)#(mA)#(fC)(mC)(fU)(mG)(fU)(mA)(fG)(mU)(fG)(mA)(fG)#(mA)#(fA)-TegChol,TAAAGTACCTGTAGTGAGAA,UUCUCACUACAGGUACUUUA,UACCUGUAGUGAGAA,UAAAGUACCUGUAGUGAGAA,False,True,True
Supplemental Table 7,67,hSOD1_750_Asymmetric_2'-OMe/-F_Pattern 5,P(mU)#(fU)#(mC)(fA)(mG)(fU)(mU)(fU)(mC)(fU)(mC)(fA)(mC)#(fU)#(mA)#(fC)#(mA)#(fG)#(mG)#(fU),(fU)#(mA)#(fG)(mU)(fG)(mA)(fG)(mA)(fA)(mA)(fC)(mU)(fG)#(mA)#(fA)-TegChol,ACCTGTAGTGAGAAACTGAT,UUCAGUUUCUCACUACAGGU,UAGUGAGAAACUGAA,ACCUGUAGUGAGAAACUGAU,False,True,True
Supplemental Table 7,68,hSOD1_754_Asymmetric_2'-OMe/-F_Pattern 5,P(mU)#(fU)#(mA)(fA)(mA)(fU)(mC)(fA)(mG)(fU)(mU)(fU)(mC)#(fU)#(mC)#(fA)#(mC)#(fU)#(mA)#(fC),(fG)#(mA)#(fG)(mA)(fA)(mA)(fC)(mU)(fG)(mA)(fU)(mU)(fU)#(mA)#(fA)-TegChol,GTAGTGAGAAACTGATTTAT,UUAAAUCAGUUUCUCACUAC,GAGAAACUGAUUUAA,GUAGUGAGAAACUGAUUUAU,False,True,True
Supplemental Table 7,69,hSOD1_768_Asymmetric_2'-OMe/-F_Pattern 5,P(mU)#(fC)#(mU)(fU)(mC)(fC)(mA)(fA)(mG)(fU)(mG)(fA)(mU)#(fC)#(mA)#(fU)#(mA)#(fA)#(mA)#(fU),(fU)#(mG)#(fA)(mU)(fC)(mA)(fC)(mU)(fU)(mG)(fG)(mA)(fA)#(mG)#(fA)-TegChol,ATTTATGATCACTTGGAAGA,UCUUCCAAGUGAUCAUAAAU,UGAUCACUUGGAAGA,AUUUAUGAUCACUUGGAAGA,False,True,True
Supplemental Table 7,70,hSOD1_786_Asymmetric_2'-OMe/-F_Pattern 5,P(mU)#(fU)#(mU)(fA)(mU)(fA)(mA)(fA)(mA)(fC)(mU)(fA)(mU)#(fA)#(mC)#(fA)#(mA)#(fA)#(mU)#(fC),(fG)#(mU)#(fA)(mU)(fA)(mG)(fU)(mU)(fU)(mU)(fA)(mU)(fA)#(mA)#(fA)-TegChol,GATTTGTATAGTTTTATAAA,UUUAUAAAACUAUACAAAUC,GUAUAGUUUUAUAAA,GAUUUGUAUAGUUUUAUAAA,False,True,True
Supplemental Table 7,71,hSOD1_796_Asymmetric_2'-OMe/-F_Pattern 5,P(mU)#(fU)#(mA)(fA)(mC)(fU)(mG)(fA)(mG)(fU)(mU)(fU)(mU)#(fA)#(mU)#(fA)#(mA)#(fA)#(mA)#(fC),(fA)#(mU)#(fA)(mA)(fA)(mA)(fC)(mU)(fC)(mA)(fG)(mU)(fU)#(mA)#(fA)-TegChol,GTTTTATAAAACTCAGTTAA,UUAACUGAGUUUUAUAAAAC,AUAAAACUCAGUUAA,GUUUUAUAAAACUCAGUUAA,False,True,True
Supplemental Table 7,72,hSOD1_798_Asymmetric_2'-OMe/-F_Pattern 5,P(mU)#(fU)#(mU)(fU)(mA)(fA)(mC)(fU)(mG)(fA)(mG)(fU)(mU)#(fU)#(mU)#(fA)#(mU)#(fA)#(mA)#(fA),(fA)#(mA)#(fA)(mA)(fC)(mU)(fC)(mA)(fG)(mU)(fU)(mA)(fA)#(mA)#(fA)-TegChol,TTTATAAAACTCAGTTAAAA,UUUUAACUGAGUUUUAUAAA,AAAACUCAGUUAAAA,UUUAUAAAACUCAGUUAAAA,False,True,True
Supplemental Table 7,73,hSOD1_821_Asymmetric_2'-OMe/-F_Pattern 5,P(mU)#(fA)#(mU)(fA)(mC)(fA)(mG)(fG)(mU)(fC)(mA)(fU)(mU)#(fG)#(mA)#(fA)#(mA)#(fC)#(mA)#(fG),(fU)#(mC)#(fA)(mA)(fU)(mG)(fA)(mC)(fC)(mU)(fG)(mU)(fA)#(mU)#(fA)-TegChol,CTGTTTCAATGACCTGTATT,UAUACAGGUCAUUGAAACAG,UCAAUGACCUGUAUA,CUGUUUCAAUGACCUGUAUU,False,True,True
Supplemental Table 7,74,hSOD1_879_Asymmetric_2'-OMe/-F_Pattern 5,P(mU)#(fU)#(mG)(fA)(mA)(fU)(mG)(fA)(mC)(fA)(mA)(fA)(mG)#(fA)#(mA)#(fA)#(mU)#(fU)#(mC)#(fU),(fU)#(mU)#(fC)(mU)(fU)(mU)(fG)(mU)(fC)(mA)(fU)(mU)(fC)#(mA)#(fA)-TegChol,AGAATTTCTTTGTCATTCAA,UUGAAUGACAAAGAAAUUCU,UUCUUUGUCAUUCAA,AGAAUUUCUUUGUCAUUCAA,False,True,True
Supplemental Table 7,75,hSOD1_888_Asymmetric_2'-OMe/-F_Pattern 5,P(mU)#(fU)#(mC)(fA)(mC)(fA)(mG)(fG)(mC)(fU)(mU)(fG)(mA)#(fA)#(mU)#(fG)#(mA)#(fC)#(mA)#(fA),(fA)#(mU)#(fU)(mC)(fA)(mA)(fG)(mC)(fC)(mU)(fG)(mU)(fG)#(mA)#(fA)-TegChol,TTGTCATTCAAGCCTGTGAA,UUCACAGGCUUGAAUGACAA,AUUCAAGCCUGUGAA,UUGUCAUUCAAGCCUGUGAA,False,True,True
Supplemental Table 7,76,hSOD1_892_Asymmetric_2'-OMe/-F_Pattern 5,P(mU)#(fU)#(mU)(fA)(mU)(fU)(mC)(fA)(mC)(fA)(mG)(fG)(mC)#(fU)#(mU)#(fG)#(mA)#(fA)#(mU)#(fG),(fA)#(mA)#(fG)(mC)(fC)(mU)(fG)(mU)(fG)(mA)(fA)(mU)(fA)#(mA)#(fA)-TegChol,CATTCAAGCCTGTGAATAAA,UUUAUUCACAGGCUUGAAUG,AAGCCUGUGAAUAAA,CAUUCAAGCCUGUGAAUAAA,False,True,True
Supplemental Table 7,77,hSOD1_893_Asymmetric_2'-OMe/-F_Pattern 5,P(mU)#(fU)#(mU)(fU)(mA)(fU)(mU)(fC)(mA)(fC)(mA)(fG)(mG)#(fC)#(mU)#(fU)#(mG)#(fA)#(mA)#(fU),(fA)#(mG)#(fC)(mC)(fU)(mG)(fU)(mG)(fA)(mA)(fU)(mA)(fA)#(mA)#(fA)-TegChol,ATTCAAGCCTGTGAATAAAA,UUUUAUUCACAGGCUUGAAU,AGCCUGUGAAUAAAA,AUUCAAGCCUGUGAAUAAAA,False,True,True
Supplemental Table 7,78,hSOD1_915_Asymmetric_2'-OMe/-F_Pattern 5,P(mU)#(fA)#(mU)(fA)(mA)(fU)(mA)(fA)(mG)(fU)(mG)(fC)(mC)#(fA)#(mU)#(fA)#(mC)#(fA)#(mG)#(fG),(fA)#(mU)#(fG)(mG)(fC)(mA)(fC)(mU)(fU)(mA)(fU)(mU)(fA)#(mU)#(fA)-TegChol,CCTGTATGGCACTTATTATG,UAUAAUAAGUGCCAUACAGG,AUGGCACUUAUUAUA,CCUGUAUGGCACUUAUUAUG,False,True,True
Supplemental Table 7,79,hSOD1_926_Asymmetric_2'-OMe/-F_Pattern 5,P(mU)#(fU)#(mU)(fA)(mA)(fU)(mA)(fG)(mC)(fC)(mU)(fC)(mA)#(fU)#(mA)#(fA)#(mU)#(fA)#(mA)#(fG),(fU)#(mA)#(fU)(mG)(fA)(mG)(fG)(mC)(fU)(mA)(fU)(mU)(fA)#(mA)#(fA)-TegChol,CTTATTATGAGGCTATTAAA,UUUAAUAGCCUCAUAAUAAG,UAUGAGGCUAUUAAA,CUUAUUAUGAGGCUAUUAAA,False,True,True
Supplemental Table 7,80,hSTAT3_4922_Asymmetric_2'-OMe/-F_Pattern 5,P(mU)#(fA)#(mA)(fA)(mG)(fU)(mA)(fG)(mA)(fU)(mA)(fC)(mA)#(fG)#(mC)#(fA)#(mA)#(fU)#(mA)#(fU),(fG)#(mC)#(fU)(mG)(fU)(mA)(fU)(mC)(fU)(mA)(fC)(mU)(fU)#(mU)#(fA)-TegChol,ATATTGCTGTATCTACTTTA,UAAAGUAGAUACAGCAAUAU,GCUGUAUCUACUUUA,AUAUUGCUGUAUCUACUUUA,False,True,True
Supplemental Table 7,81,hSTAT3_4350_Asymmetric_2'-OMe/-F_Pattern 5,P(mU)#(fU)#(mA)(fA)(mU)(fU)(mU)(fG)(mA)(fU)(mU)(fU)(mA)#(fA)#(mC)#(fA)#(mA)#(fA)#(mC)#(fA),(fG)#(mU)#(fU)(mA)(fA)(mA)(fU)(mC)(fA)(mA)(fA)(mU)(fU)#(mA)#(fA)-TegChol,TGTTTGTTAAATCAAATTAG,UUAAUUUGAUUUAACAAACA,GUUAAAUCAAAUUAA,UGUUUGUUAAAUCAAAUUAG,False,True,True
Supplemental Table 7,82,hSTAT3_4823_Asymmetric_2'-OMe/-F_Pattern 5,P(mU)#(fU)#(mU)(fG)(mA)(fA)(mU)(fG)(mC)(fA)(mG)(fU)(mG)#(fG)#(mC)#(fC)#(mA)#(fG)#(mG)#(fA),(fG)#(mC)#(fC)(mA)(fC)(mU)(fG)(mC)(fA)(mU)(fU)(mC)(fA)#(mA)#(fA)-TegChol,TCCTGGCCACTGCATTCAAA,UUUGAAUGCAGUGGCCAGGA,GCCACUGCAUUCAAA,UCCUGGCCACUGCAUUCAAA,False,True,True
Supplemental Table 7,83,hSTAT3_2755_Asymmetric_2'-OMe/-F_Pattern 5,P(mU)#(fU)#(mU)(fA)(mU)(fU)(mU)(fG)(mC)(fA)(mU)(fU)(mU)#(fA)#(mG)#(fA)#(mU)#(fA)#(mA)#(fA),(fC)#(mU)#(fA)(mA)(fA)(mU)(fG)(mC)(fA)(mA)(fA)(mU)(fA)#(mA)#(fA)-TegChol,TTTATCTAAATGCAAATAAG,UUUAUUUGCAUUUAGAUAAA,CUAAAUGCAAAUAAA,UUUAUCUAAAUGCAAAUAAG,False,True,True
Supplemental Table 7,84,hSTAT3_4622_Asymmetric_2'-OMe/-F_Pattern 5,P(mU)#(fA)#(mU)(fA)(mC)(fA)(mU)(fG)(mC)(fU)(mA)(fC)(mC)#(fU)#(mA)#(fA)#(mG)#(fG)#(mC)#(fC),(fU)#(mA)#(fG)(mG)(fU)(mA)(fG)(mC)(fA)(mU)(fG)(mU)(fA)#(mU)#(fA)-TegChol,GGCCTTAGGTAGCATGTATC,UAUACAUGCUACCUAAGGCC,UAGGUAGCAUGUAUA,GGCCUUAGGUAGCAUGUAUC,False,True,True
Supplemental Table 7,85,hSTAT3_3640_Asymmetric_2'-OMe/-F_Pattern 5,P(mU)#(fA)#(mU)(fA)(mC)(fA)(mU)(fU)(mA)(fC)(mA)(fA)(mA)#(fG)#(mG)#(fA)#(mA)#(fA)#(mA)#(fU),(fC)#(mC)#(fU)(mU)(fU)(mG)(fU)(mA)(fA)(mU)(fG)(mU)(fA)#(mU)#(fA)-TegChol,ATTTTCCTTTGTAATGTATT,UAUACAUUACAAAGGAAAAU,CCUUUGUAAUGUAUA,AUUUUCCUUUGUAAUGUAUU,False,True,True
Supplemental Table 7,86,hSTAT3_475_Asymmetric_2'-OMe/-F_Pattern 5,P(mU)#(fU)#(mU)(fC)(mG)(fU)(mA)(fG)(mA)(fU)(mU)(fG)(mU)#(fG)#(mC)#(fU)#(mG)#(fA)#(mU)#(fA),(fG)#(mC)#(fA)(mC)(fA)(mA)(fU)(mC)(fU)(mA)(fC)(mG)(fA)#(mA)#(fA)-TegChol,TATCAGCACAATCTACGAAG,UUUCGUAGAUUGUGCUGAUA,GCACAAUCUACGAAA,UAUCAGCACAAUCUACGAAG,False,True,True
Supplemental Table 7,87,hSTAT3_4502_Asymmetric_2'-OMe/-F_Pattern 5,P(mU)#(fU)#(mC)(fU)(mG)(fU)(mU)(fU)(mA)(fU)(mC)(fA)(mG)#(fU)#(mU)#(fA)#(mA)#(fG)#(mC)#(fU),(fA)#(mA)#(fC)(mU)(fG)(mA)(fU)(mA)(fA)(mA)(fC)(mA)(fG)#(mA)#(fA)-TegChol,AGCTTAACTGATAAACAGAA,UUCUGUUUAUCAGUUAAGCU,AACUGAUAAACAGAA,AGCUUAACUGAUAAACAGAA,False,True,True
Supplemental Table 7,88,hSTAT3_2895_Asymmetric_2'-OMe/-F_Pattern 5,P(mU)#(fG)#(mU)(fC)(mU)(fA)(mA)(fG)(mA)(fA)(mC)(fA)(mA)#(fC)#(mA)#(fA)#(mC)#(fA)#(mA)#(fC),(fU)#(mG)#(fU)(mU)(fG)(mU)(fU)(mC)(fU)(mU)(fA)(mG)(fA)#(mC)#(fA)-TegChol,GTTGTTGTTGTTCTTAGACA,UGUCUAAGAACAACAACAAC,UGUUGUUCUUAGACA,GUUGUUGUUGUUCUUAGACA,False,True,True
Supplemental Table 7,89,hSTAT3_2898_Asymmetric_2'-OMe/-F_Pattern 5,P(mU)#(fC)#(mU)(fU)(mG)(fU)(mC)(fU)(mA)(fA)(mG)(fA)(mA)#(fC)#(mA)#(fA)#(mC)#(fA)#(mA)#(fC),(fU)#(mG)#(fU)(mU)(fC)(mU)(fU)(mA)(fG)(mA)(fC)(mA)(fA)#(mG)#(fA)-TegChol,GTTGTTGTTCTTAGACAAGT,UCUUGUCUAAGAACAACAAC,UGUUCUUAGACAAGA,GUUGUUGUUCUUAGACAAGU,False,True,True
Supplemental Table 7,90,hSTAT3_32_Asymmetric_2'-OMe/-F_Pattern 5,P(mU)#(fU)#(mA)(fA)(mG)(fU)(mU)(fU)(mC)(fU)(mU)(fA)(mA)#(fA)#(mU)#(fA)#(mC)#(fA)#(mG)#(fA),(fA)#(mU)#(fU)(mU)(fA)(mA)(fG)(mA)(fA)(mA)(fC)(mU)(fU)#(mA)#(fA)-TegChol,TCTGTATTTAAGAAACTTAA,UUAAGUUUCUUAAAUACAGA,AUUUAAGAAACUUAA,UCUGUAUUUAAGAAACUUAA,False,True,True
Supplemental Table 7,91,hSTAT3_3732_Asymmetric_2'-OMe/-F_Pattern 5,P(mU)#(fA)#(mA)(fC)(mC)(fU)(mA)(fG)(mC)(fC)(mU)(fC)(mU)#(fG)#(mA)#(fA)#(mA)#(fC)#(mA)#(fG),(fU)#(mC)#(fA)(mG)(fA)(mG)(fG)(mC)(fU)(mA)(fG)(mG)(fU)#(mU)#(fA)-TegChol,CTGTTTCAGAGGCTAGGTTG,UAACCUAGCCUCUGAAACAG,UCAGAGGCUAGGUUA,CUGUUUCAGAGGCUAGGUUG,False,True,True
Supplemental Table 7,92,hSTAT3_3638_Asymmetric_2'-OMe/-F_Pattern 5,P(mU)#(fA)#(mC)(fA)(mU)(fU)(mA)(fC)(mA)(fA)(mA)(fG)(mG)#(fA)#(mA)#(fA)#(mA)#(fU)#(mA)#(fA),(fU)#(mU)#(fC)(mC)(fU)(mU)(fU)(mG)(fU)(mA)(fA)(mU)(fG)#(mU)#(fA)-TegChol,TTATTTTCCTTTGTAATGTA,UACAUUACAAAGGAAAAUAA,UUCCUUUGUAAUGUA,UUAUUUUCCUUUGUAAUGUA,False,True,True
Supplemental Table 7,93,hSTAT3_4506_Asymmetric_2'-OMe/-F_Pattern 5,P(mU)#(fA)#(mU)(fA)(mU)(fU)(mC)(fU)(mG)(fU)(mU)(fU)(mA)#(fU)#(mC)#(fA)#(mG)#(fU)#(mU)#(fA),(fG)#(mA)#(fU)(mA)(fA)(mA)(fC)(mA)(fG)(mA)(fA)(mU)(fA)#(mU)#(fA)-TegChol,TAACTGATAAACAGAATATT,UAUAUUCUGUUUAUCAGUUA,GAUAAACAGAAUAUA,UAACUGAUAAACAGAAUAUU,False,True,True
Supplemental Table 7,94,hSTAT3_4537_Asymmetric_2'-OMe/-F_Pattern 5,P(mU)#(fC)#(mC)(fA)(mA)(fU)(mG)(fG)(mU)(fA)(mA)(fG)(mC)#(fC)#(mC)#(fA)#(mA)#(fG)#(mU)#(fC),(fG)#(mG)#(fG)(mC)(fU)(mU)(fA)(mC)(fC)(mA)(fU)(mU)(fG)#(mG)#(fA)-TegChol,GACTTGGGCTTACCATTGGG,UCCAAUGGUAAGCCCAAGUC,GGGCUUACCAUUGGA,GACUUGGGCUUACCAUUGGG,False,True,True
Supplemental Table 7,95,hSTAT3_1394_Asymmetric_2'-OMe/-F_Pattern 5,P(mU)#(fG)#(mU)(fG)(mU)(fU)(mU)(fG)(mU)(fG)(mC)(fC)(mC)#(fA)#(mG)#(fA)#(mA)#(fU)#(mG)#(fU),(fC)#(mU)#(fG)(mG)(fG)(mC)(fA)(mC)(fA)(mA)(fA)(mC)(fA)#(mC)#(fA)-TegChol,ACATTCTGGGCACAAACACA,UGUGUUUGUGCCCAGAAUGU,CUGGGCACAAACACA,ACAUUCUGGGCACAAACACA,False,True,True
Supplemental Table 7,96,hSTAT3_1066_Asymmetric_2'-OMe/-F_Pattern 5,P(mU)#(fU)#(mA)(fA)(mU)(fU)(mU)(fG)(mU)(fU)(mG)(fA)(mC)#(fG)#(mG)#(fG)#(mU)#(fC)#(mU)#(fG),(fC)#(mC)#(fG)(mU)(fC)(mA)(fA)(mC)(fA)(mA)(fA)(mU)(fU)#(mA)#(fA)-TegChol,CAGACCCGTCAACAAATTAA,UUAAUUUGUUGACGGGUCUG,CCGUCAACAAAUUAA,CAGACCCGUCAACAAAUUAA,False,True,True
Supplemental Table 7,97,mSTAT3_4435_Asymmetric_2'-OMe/-F_Pattern 5,P(mU)#(fA)#(mA)(fA)(mG)(fU)(mA)(fG)(mU)(fU)(mA)(fC)(mA)#(fG)#(mC)#(fA)#(mA)#(fU)#(mA)#(fU),(fG)#(mC)#(fU)(mG)(fU)(mA)(fA)(mC)(fU)(mA)(fC)(mU)(fU)#(mU)#(fA)-TegChol,ATATTGCTGTAACTACTTTA,UAAAGUAGUUACAGCAAUAU,GCUGUAACUACUUUA,AUAUUGCUGUAACUACUUUA,False,True,True
Supplemental Table 7,98,mSTAT3_1348_Asymmetric_2'-OMe/-F_Pattern 5,P(mU)#(fU)#(mA)(fA)(mG)(fC)(mU)(fG)(mA)(fU)(mA)(fA)(mU)#(fU)#(mC)#(fA)#(mA)#(fC)#(mU)#(fC),(fG)#(mA)#(fA)(mU)(fU)(mA)(fU)(mC)(fA)(mG)(fC)(mU)(fU)#(mA)#(fA)-TegChol,GAGTTGAATTATCAGCTTAA,UUAAGCUGAUAAUUCAACUC,GAAUUAUCAGCUUAA,GAGUUGAAUUAUCAGCUUAA,False,True,True
Supplemental Table 7,99,mSTAT3_3112_Asymmetric_2'-OMe/-F_Pattern 5,P(mU)#(fU)#(mU)(fC)(mC)(fU)(mU)(fG)(mA)(fU)(mA)(fU)(mG)#(fG)#(mA)#(fA)#(mA)#(fG)#(mG)#(fC),(fU)#(mC)#(fC)(mA)(fU)(mA)(fU)(mC)(fA)(mA)(fG)(mG)(fA)#(mA)#(fA)-TegChol,GCCTTTCCATATCAAGGAAT,UUUCCUUGAUAUGGAAAGGC,UCCAUAUCAAGGAAA,GCCUUUCCAUAUCAAGGAAU,False,True,True
Supplemental Table 7,100,mSTAT3_4432_Asymmetric_2'-OMe/-F_Pattern 5,P(mU)#(fG)#(mU)(fA)(mG)(fU)(mU)(fA)(mC)(fA)(mG)(fC)(mA)#(fA)#(mU)#(fA)#(mU)#(fA)#(mC)#(fA),(fA)#(mU)#(fU)(mG)(fC)(mU)(fG)(mU)(fA)(mA)(fC)(mU)(fA)#(mC)#(fA)-TegChol,TGTATATTGCTGTAACTACT,UGUAGUUACAGCAAUAUACA,AUUGCUGUAACUACA,UGUAUAUUGCUGUAACUACU,False,True,True
Supplemental Table 7,101,mSTAT3_4077_Asymmetric_2'-OMe/-F_Pattern 5,P(mU)#(fU)#(mU)(fA)(mU)(fA)(mA)(fG)(mU)(fU)(mC)(fA)(mG)#(fC)#(mU)#(fU)#(mA)#(fU)#(mU)#(fG),(fA)#(mG)#(fC)(mU)(fG)(mA)(fA)(mC)(fU)(mU)(fA)(mU)(fA)#(mA)#(fA)-TegChol,CAATAAGCTGAACTTATAAA,UUUAUAAGUUCAGCUUAUUG,AGCUGAACUUAUAAA,CAAUAAGCUGAACUUAUAAA,False,True,True
Supplemental Table 7,102,mSTAT3_2006_Asymmetric_2'-OMe/-F_Pattern 5,P(mU)#(fU)#(mC)(fA)(mU)(fU)(mC)(fC)(mA)(fA)(mA)(fG)(mG)#(fG)#(mC)#(fC)#(mA)#(fA)#(mG)#(fA),(fG)#(mC)#(fC)(mC)(fU)(mU)(fU)(mG)(fG)(mA)(fA)(mU)(fG)#(mA)#(fA)-TegChol,TCTTGGCCCTTTGGAATGAA,UUCAUUCCAAAGGGCCAAGA,GCCCUUUGGAAUGAA,UCUUGGCCCUUUGGAAUGAA,False,True,True
Supplemental Table 7,103,mSTAT3_3006_Asymmetric_2'-OMe/-F_Pattern 5,P(mU)#(fU)#(mA)(fU)(mG)(fU)(mG)(fG)(mA)(fU)(mA)(fU)(mU)#(fA)#(mG)#(fC)#(mA)#(fA)#(mG)#(fG),(fC)#(mU)#(fA)(mA)(fU)(mA)(fU)(mC)(fC)(mA)(fC)(mA)(fU)#(mA)#(fA)-TegChol,CCTTGCTAATATCCACATAG,UUAUGUGGAUAUUAGCAAGG,CUAAUAUCCACAUAA,CCUUGCUAAUAUCCACAUAG,False,True,True
Supplemental Table 7,104,mSTAT3_3963_Asymmetric_2'-OMe/-F_Pattern 5,P(mU)#(fG)#(mU)(fC)(mC)(fU)(mC)(fA)(mC)(fU)(mG)(fC)(mC)#(fC)#(mU)#(fU)#(mA)#(fA)#(mU)#(fU),(fA)#(mG)#(fG)(mG)(fC)(mA)(fG)(mU)(fG)(mA)(fG)(mG)(fA)#(mC)#(fA)-TegChol,AATTAAGGGCAGTGAGGACA,UGUCCUCACUGCCCUUAAUU,AGGGCAGUGAGGACA,AAUUAAGGGCAGUGAGGACA,False,True,True
Supplemental Table 7,105,mSTAT3_4082_Asymmetric_2'-OMe/-F_Pattern 5,P(mU)#(fU)#(mC)(fA)(mG)(fU)(mU)(fU)(mA)(fU)(mA)(fA)(mG)#(fU)#(mU)#(fC)#(mA)#(fG)#(mC)#(fU),(fA)#(mA)#(fC)(mU)(fU)(mA)(fU)(mA)(fA)(mA)(fC)(mU)(fG)#(mA)#(fA)-TegChol,AGCTGAACTTATAAACTGAA,UUCAGUUUAUAAGUUCAGCU,AACUUAUAAACUGAA,AGCUGAACUUAUAAACUGAA,False,True,True
Supplemental Table 7,106,mSTAT3_462_Asymmetric_2'-OMe/-F_Pattern 5,P(mU)#(fU)#(mU)(fG)(mC)(fU)(mG)(fG)(mU)(fC)(mA)(fA)(mU)#(fU)#(mU)#(fC)#(mA)#(fC)#(mC)#(fC),(fA)#(mA)#(fA)(mU)(fU)(mG)(fA)(mC)(fC)(mA)(fG)(mC)(fA)#(mA)#(fA)-TegChol,GGGTGAAATTGACCAGCAAT,UUUGCUGGUCAAUUUCACCC,AAAUUGACCAGCAAA,GGGUGAAAUUGACCAGCAAU,False,True,True
Supplemental Table 7,107,mSTAT3_407_Asymmetric_2'-OMe/-F_Pattern 5,P(mU)#(fU)#(mU)(fG)(mC)(fU)(mG)(fG)(mC)(fU)(mG)(fC)(mA)#(fU)#(mA)#(fU)#(mG)#(fC)#(mC)#(fC),(fU)#(mA)#(fU)(mG)(fC)(mA)(fG)(mC)(fC)(mA)(fG)(mC)(fA)#(mA)#(fA)-TegChol,GGGCATATGCAGCCAGCAAA,UUUGCUGGCUGCAUAUGCCC,UAUGCAGCCAGCAAA,GGGCAUAUGCAGCCAGCAAA,False,True,True
Supplemental Table 7,108,mSTAT3_1433_Asymmetric_2'-OMe/-F_Pattern 5,P(mU)#(fG)#(mU)(fG)(mU)(fU)(mC)(fG)(mU)(fG)(mC)(fC)(mC)#(fA)#(mG)#(fA)#(mA)#(fU)#(mG)#(fU),(fC)#(mU)#(fG)(mG)(fG)(mC)(fA)(mC)(fG)(mA)(fA)(mC)(fA)#(mC)#(fA)-TegChol,ACATTCTGGGCACGAACACA,UGUGUUCGUGCCCAGAAUGU,CUGGGCACGAACACA,ACAUUCUGGGCACGAACACA,False,True,True
Supplemental Table 7,109,mSTAT3_1355_Asymmetric_2'-OMe/-F_Pattern 5,P(mU)#(fU)#(mU)(fA)(mA)(fU)(mU)(fU)(mU)(fA)(mA)(fG)(mC)#(fU)#(mG)#(fA)#(mU)#(fA)#(mA)#(fU),(fC)#(mA)#(fG)(mC)(fU)(mU)(fA)(mA)(fA)(mA)(fU)(mU)(fA)#(mA)#(fA)-TegChol,ATTATCAGCTTAAAATTAAA,UUUAAUUUUAAGCUGAUAAU,CAGCUUAAAAUUAAA,AUUAUCAGCUUAAAAUUAAA,False,True,True
Supplemental Table 7,110,mSTAT3_2136_Asymmetric_2'-OMe/-F_Pattern 5,P(mU)#(fU)#(mU)(fC)(mC)(fA)(mC)(fC)(mC)(fA)(mA)(fG)(mU)#(fG)#(mA)#(fA)#(mA)#(fG)#(mU)#(fG),(fU)#(mC)#(fA)(mC)(fU)(mU)(fG)(mG)(fG)(mU)(fG)(mG)(fA)#(mA)#(fA)-TegChol,CACTTTCACTTGGGTGGAAA,UUUCCACCCAAGUGAAAGUG,UCACUUGGGUGGAAA,CACUUUCACUUGGGUGGAAA,False,True,True
Supplemental Table 7,111,mSTAT3_1978_Asymmetric_2'-OMe/-F_Pattern 5,P(mU)#(fU)#(mC)(fA)(mC)(fA)(mA)(fG)(mG)(fU)(mC)(fG)(mA)#(fU)#(mG)#(fA)#(mU)#(fA)#(mU)#(fU),(fC)#(mA)#(fU)(mC)(fG)(mA)(fC)(mC)(fU)(mU)(fG)(mU)(fG)#(mA)#(fA)-TegChol,AATATCATCGACCTTGTGAA,UUCACAAGGUCGAUGAUAUU,CAUCGACCUUGUGAA,AAUAUCAUCGACCUUGUGAA,False,True,True
Supplemental Table 7,112,mVIM_1550_Asymmetric_2'-OMe/-F_Pattern 5,P(mU)#(fU)#(mU)(fC)(mC)(fU)(mU)(fC)(mU)(fU)(mG)(fC)(mU)#(fG)#(mG)#(fU)#(mA)#(fC)#(mU)#(fG),(fC)#(mC)#(fA)(mG)(fC)(mA)(fA)(mG)(fA)(mA)(fG)(mG)(fA)#(mA)#(fA)-TegChol,CAGTACCAGCAAGAAGGAAA,UUUCCUUCUUGCUGGUACUG,CCAGCAAGAAGGAAA,CAGUACCAGCAAGAAGGAAA,False,True,True
Supplemental Table 7,113,mVIM_776_Asymmetric_2'-OMe/-F_Pattern 5,P(mU)#(fC)#(mC)(fA)(mC)(fU)(mU)(fU)(mC)(fC)(mG)(fU)(mU)#(fC)#(mA)#(fA)#(mG)#(fG)#(mU)#(fC),(fU)#(mG)#(fA)(mA)(fC)(mG)(fG)(mA)(fA)(mA)(fG)(mU)(fG)#(mG)#(fA)-TegChol,GACCTTGAACGGAAAGTGGA,UCCACUUUCCGUUCAAGGUC,UGAACGGAAAGUGGA,GACCUUGAACGGAAAGUGGA,False,True,True
Supplemental Table 7,114,mVIM_794_Asymmetric_2'-OMe/-F_Pattern 5,P(mU)#(fU)#(mU)(fU)(mC)(fU)(mU)(fC)(mC)(fU)(mG)(fC)(mA)#(fA)#(mG)#(fG)#(mA)#(fU)#(mU)#(fC),(fC)#(mU)#(fU)(mG)(fC)(mA)(fG)(mG)(fA)(mA)(fG)(mA)(fA)#(mA)#(fA)-TegChol,GAATCCTTGCAGGAAGAAAT,UUUUCUUCCUGCAAGGAUUC,CUUGCAGGAAGAAAA,GAAUCCUUGCAGGAAGAAAU,False,True,True
Supplemental Table 7,115,mVIM_463_Asymmetric_2'-OMe/-F_Pattern 5,P(mU)#(fC)#(mU)(fU)(mG)(fU)(mC)(fG)(mA)(fU)(mG)(fU)(mA)#(fG)#(mU)#(fU)#(mG)#(fG)#(mC)#(fA),(fA)#(mC)#(fU)(mA)(fC)(mA)(fU)(mC)(fG)(mA)(fC)(mA)(fA)#(mG)#(fA)-TegChol,TGCCAACTACATCGACAAGG,UCUUGUCGAUGUAGUUGGCA,ACUACAUCGACAAGA,UGCCAACUACAUCGACAAGG,False,True,True
Supplemental Table 7,116,mVIM_703_Asymmetric_2'-OMe/-F_Pattern 5,P(mU)#(fU)#(mU)(fC)(mG)(fG)(mC)(fU)(mU)(fC)(mC)(fU)(mC)#(fU)#(mC)#(fU)#(mC)#(fU)#(mG)#(fG),(fG)#(mA)#(fG)(mA)(fG)(mG)(fA)(mA)(fG)(mC)(fC)(mG)(fA)#(mA)#(fA)-TegChol,CCAGAGAGAGGAAGCCGAAA,UUUCGGCUUCCUCUCUCUGG,GAGAGGAAGCCGAAA,CCAGAGAGAGGAAGCCGAAA,False,True,True
Supplemental Table 7,117,mVIM_1094_Asymmetric_2'-OMe/-F_Pattern 5,P(mU)#(fC)#(mC)(fA)(mC)(fU)(mU)(fC)(mA)(fC)(mA)(fG)(mG)#(fU)#(mG)#(fA)#(mG)#(fU)#(mG)#(fA),(fC)#(mA)#(fC)(mC)(fU)(mG)(fU)(mG)(fA)(mA)(fG)(mU)(fG)#(mG)#(fA)-TegChol,TCACTCACCTGTGAAGTGGA,UCCACUUCACAGGUGAGUGA,CACCUGUGAAGUGGA,UCACUCACCUGUGAAGUGGA,False,True,True
Supplemental Table 7,118,mVIM_1500_Asymmetric_2'-OMe/-F_Pattern 5,P(mU)#(fU)#(mC)(fA)(mA)(fG)(mG)(fU)(mC)(fA)(mU)(fC)(mG)#(fU)#(mG)#(fA)#(mU)#(fG)#(mC)#(fU),(fC)#(mA)#(fC)(mG)(fA)(mU)(fG)(mA)(fC)(mC)(fU)(mU)(fG)#(mA)#(fA)-TegChol,AGCATCACGATGACCTTGAA,UUCAAGGUCAUCGUGAUGCU,CACGAUGACCUUGAA,AGCAUCACGAUGACCUUGAA,False,True,True
Supplemental Table 7,119,mVIM_1505_Asymmetric_2'-OMe/-F_Pattern 5,P(mU)#(fU)#(mU)(fU)(mA)(fU)(mU)(fC)(mA)(fA)(mG)(fG)(mU)#(fC)#(mA)#(fU)#(mC)#(fG)#(mU)#(fG),(fU)#(mG)#(fA)(mC)(fC)(mU)(fU)(mG)(fA)(mA)(fU)(mA)(fA)#(mA)#(fA)-TegChol,CACGATGACCTTGAATAAAA,UUUUAUUCAAGGUCAUCGUG,UGACCUUGAAUAAAA,CACGAUGACCUUGAAUAAAA,False,True,True
Supplemental Table 7,120,mVIM_1622_Asymmetric_2'-OMe/-F_Pattern 5,P(mU)#(fA)#(mA)(fU)(mC)(fU)(mA)(fU)(mC)(fU)(mU)(fG)(mC)#(fG)#(mC)#(fU)#(mC)#(fC)#(mU)#(fG),(fG)#(mC)#(fG)(mC)(fA)(mA)(fG)(mA)(fU)(mA)(fG)(mA)(fU)#(mU)#(fA)-TegChol,CAGGAGCGCAAGATAGATTT,UAAUCUAUCUUGCGCUCCUG,GCGCAAGAUAGAUUA,CAGGAGCGCAAGAUAGAUUU,False,True,True
Supplemental Table 7,121,mVIM_1758_Asymmetric_2'-OMe/-F_Pattern 5,P(mU)#(fG)#(mC)(fA)(mG)(fU)(mU)(fU)(mU)(fA)(mA)(fU)(mG)#(fG)#(mU)#(fA)#(mU)#(fU)#(mC)#(fA),(fA)#(mC)#(fC)(mA)(fU)(mU)(fA)(mA)(fA)(mA)(fC)(mU)(fG)#(mC)#(fA)-TegChol,TGAATACCATTAAAACTGCT,UGCAGUUUUAAUGGUAUUCA,ACCAUUAAAACUGCA,UGAAUACCAUUAAAACUGCU,False,True,True
Supplemental Table 7,122,mVIM_1583_Asymmetric_2'-OMe/-F_Pattern 5,P(mU)#(fU)#(mU)(fG)(mA)(fA)(mA)(fG)(mC)(fU)(mG)(fU)(mU)#(fU)#(mU)#(fC)#(mC)#(fU)#(mA)#(fA),(fA)#(mA)#(fA)(mA)(fC)(mA)(fG)(mC)(fU)(mU)(fU)(mC)(fA)#(mA)#(fA)-TegChol,TTAGGAAAACAGCTTTCAAG,UUUGAAAGCUGUUUUCCUAA,AAAACAGCUUUCAAA,UUAGGAAAACAGCUUUCAAG,False,True,True
Supplemental Table 7,123,mVIM_793_Asymmetric_2'-OMe/-F_Pattern 5,P(mU)#(fU)#(mU)(fC)(mU)(fU)(mC)(fC)(mU)(fG)(mC)(fA)(mA)#(fG)#(mG)#(fA)#(mU)#(fU)#(mC)#(fC),(fC)#(mC)#(fU)(mU)(fG)(mC)(fA)(mG)(fG)(mA)(fA)(mG)(fA)#(mA)#(fA)-TegChol,GGAATCCTTGCAGGAAGAAA,UUUCUUCCUGCAAGGAUUCC,CCUUGCAGGAAGAAA,GGAAUCCUUGCAGGAAGAAA,False,True,True
